run_dir=/home/lab_user/project/lzc/results/ignn/runs/20260913T141518Z_official_squirrel_c_custom_r10
started_utc=2026-09-13T14:15:19+00:00
command=/home/lab_user/tools/miniconda3/envs/ignn/bin/python -u -m main --gpu_id 0 --seed 42 --model ignn --agg_type gcn_incep --IN IN-SN --eval_interval 1 --eval_start 0 --public False --dataset squirrel --source critical --n_epochs 3000 --h_feats 128 --lr 0.005 --l2_coef 0.0 --n_hops 1 --n_layers 3 --early_stop 200 --RN none --norm_type none --act_type relu --preln False --fast False --pre_dropout 0.8 --hid_dropout 0.2 --clf_dropout 0.8 --repeat 10 
[cap] cores=17/20 CPUQuota=1700% MemoryMax=55139365888 cuda_fraction=0.85 mps=85 gpu_gov=1
Running as unit: run-p284633-i225025.scope; invocation ID: d33645cc276f48aaa3b851adaefc5f8b
[I 2026-09-13 22:15:23,397 the_utils.setting:78] GPU available. Use cuda:0.
[I 2026-09-13 22:15:23,447 graph_datasets.utils.common:74] 
+------------+-------------------------------------+
|  Dataset   | Critical squirrel_filtered_directed |
+============+=====================================+
|  NumNodes  |                               2,223 |
+------------+-------------------------------------+
|  NumEdges  |                              65,718 |
+------------+-------------------------------------+
|  NumFeats  |                               2,089 |
+------------+-------------------------------------+
| NumClasses |                                   5 |
+------------+-------------------------------------+
[I 2026-09-13 22:15:23,467 graph_datasets.utils.common:74] 
+------------+---------------------------------------+
|  Dataset   |     CRITICAL undirected squirrel      |
|            | add_self_loop=True rm_self_loop=False |
+============+=======================================+
|  NumNodes  |                                 2,223 |
+------------+---------------------------------------+
|  NumEdges  |                                96,219 |
+------------+---------------------------------------+
|  NumFeats  |                                 2,089 |
+------------+---------------------------------------+
| NumClasses |                                     5 |
+------------+---------------------------------------+
[I 2026-09-13 22:15:23,469 __main__:137] 
+---------------+--------------------------------------------------------------+
| IN            | IN-SN                                                        |
+---------------+--------------------------------------------------------------+
| IN config     | INConf(name='squirrel_critical', n_hops=1,                   |
|               | add_self_loop=True, remove_self_loop=False, symm_norm=True,  |
|               | row_normalized=True, fast=False,                             |
|               | save_dir='tmp/ignn/neighborhoods')                           |
+---------------+--------------------------------------------------------------+
| RN            | none                                                         |
+---------------+--------------------------------------------------------------+
| act type      | relu                                                         |
+---------------+--------------------------------------------------------------+
| agg type      | gcn_incep                                                    |
+---------------+--------------------------------------------------------------+
| att act type  | None                                                         |
+---------------+--------------------------------------------------------------+
| clf dropout   | 0.80000                                                      |
+---------------+--------------------------------------------------------------+
| early stop    | 200                                                          |
+---------------+--------------------------------------------------------------+
| eval interval | 1                                                            |
+---------------+--------------------------------------------------------------+
| eval start    | 0                                                            |
+---------------+--------------------------------------------------------------+
| fast          | False                                                        |
+---------------+--------------------------------------------------------------+
| h feats       | 128                                                          |
+---------------+--------------------------------------------------------------+
| hid dropout   | 0.20000                                                      |
+---------------+--------------------------------------------------------------+
| l2 coef       | 0                                                            |
+---------------+--------------------------------------------------------------+
| loss          | ce                                                           |
+---------------+--------------------------------------------------------------+
| lr            | 0.00500                                                      |
+---------------+--------------------------------------------------------------+
| n epochs      | 3,000.0                                                      |
+---------------+--------------------------------------------------------------+
| n hops        | 1                                                            |
+---------------+--------------------------------------------------------------+
| n layers      | 3                                                            |
+---------------+--------------------------------------------------------------+
| norm type     | none                                                         |
+---------------+--------------------------------------------------------------+
| pre dropout   | 0.80000                                                      |
+---------------+--------------------------------------------------------------+
| pre lin       | False                                                        |
+---------------+--------------------------------------------------------------+
[I 2026-09-13 22:15:23,479 the_utils.common:35] split num: 10
random splits train:val:test =48:32:20

[I 2026-09-13 22:15:23,717 ignn.models.IGNN:215] epoch:0/best:0, loss:1.6167, train:0.3515, valid:0.3150/best:0.3150, test:0.3528/best:0.3528
[I 2026-09-13 22:15:23,743 ignn.models.IGNN:215] epoch:1/best:1, loss:1.5974, train:0.3515, valid:0.3150/best:0.3150, test:0.3528/best:0.3528
[I 2026-09-13 22:15:23,769 ignn.models.IGNN:215] epoch:2/best:2, loss:1.5798, train:0.3515, valid:0.3150/best:0.3150, test:0.3528/best:0.3528
[I 2026-09-13 22:15:23,794 ignn.models.IGNN:215] epoch:3/best:3, loss:1.5642, train:0.3515, valid:0.3150/best:0.3150, test:0.3528/best:0.3528
[I 2026-09-13 22:15:23,819 ignn.models.IGNN:215] epoch:4/best:4, loss:1.5487, train:0.3515, valid:0.3150/best:0.3150, test:0.3528/best:0.3528
[I 2026-09-13 22:15:23,845 ignn.models.IGNN:215] epoch:5/best:5, loss:1.5419, train:0.3515, valid:0.3150/best:0.3150, test:0.3528/best:0.3528
[I 2026-09-13 22:15:23,870 ignn.models.IGNN:215] epoch:6/best:6, loss:1.5332, train:0.3515, valid:0.3150/best:0.3150, test:0.3528/best:0.3528
[I 2026-09-13 22:15:24,049 ignn.models.IGNN:215] epoch:7/best:7, loss:1.5222, train:0.3515, valid:0.3165/best:0.3165, test:0.3551/best:0.3551
[I 2026-09-13 22:15:24,075 ignn.models.IGNN:215] epoch:8/best:8, loss:1.5090, train:0.3515, valid:0.3193/best:0.3193, test:0.3551/best:0.3551
[I 2026-09-13 22:15:24,099 ignn.models.IGNN:215] epoch:9/best:9, loss:1.5062, train:0.3580, valid:0.3249/best:0.3249, test:0.3573/best:0.3573
[I 2026-09-13 22:15:24,123 ignn.models.IGNN:215] epoch:10/best:10, loss:1.4952, train:0.3674, valid:0.3361/best:0.3361, test:0.3596/best:0.3596
[I 2026-09-13 22:15:24,147 ignn.models.IGNN:215] epoch:11/best:11, loss:1.4813, train:0.3758, valid:0.3390/best:0.3390, test:0.3596/best:0.3596
[I 2026-09-13 22:15:24,172 ignn.models.IGNN:215] epoch:12/best:12, loss:1.4680, train:0.3777, valid:0.3404/best:0.3404, test:0.3596/best:0.3596
[I 2026-09-13 22:15:24,196 ignn.models.IGNN:215] epoch:13/best:13, loss:1.4501, train:0.3927, valid:0.3544/best:0.3544, test:0.3798/best:0.3798
[I 2026-09-13 22:15:24,220 ignn.models.IGNN:215] epoch:14/best:14, loss:1.4390, train:0.4105, valid:0.3727/best:0.3727, test:0.3978/best:0.3978
[I 2026-09-13 22:15:24,244 ignn.models.IGNN:215] epoch:15/best:15, loss:1.4216, train:0.4133, valid:0.3769/best:0.3769, test:0.3978/best:0.3978
[I 2026-09-13 22:15:24,267 ignn.models.IGNN:215] epoch:16/best:15, loss:1.4097, train:0.4133, valid:0.3755/best:0.3769, test:0.3955/best:0.3978
[I 2026-09-13 22:15:24,290 ignn.models.IGNN:215] epoch:17/best:15, loss:1.4067, train:0.4124, valid:0.3727/best:0.3769, test:0.4045/best:0.3978
[I 2026-09-13 22:15:24,314 ignn.models.IGNN:215] epoch:18/best:18, loss:1.3982, train:0.4217, valid:0.3783/best:0.3783, test:0.4157/best:0.4157
[I 2026-09-13 22:15:24,336 ignn.models.IGNN:215] epoch:19/best:18, loss:1.3809, train:0.4217, valid:0.3769/best:0.3783, test:0.4180/best:0.4157
[I 2026-09-13 22:15:24,361 ignn.models.IGNN:215] epoch:20/best:20, loss:1.3783, train:0.4208, valid:0.3812/best:0.3812, test:0.4157/best:0.4157
[I 2026-09-13 22:15:24,385 ignn.models.IGNN:215] epoch:21/best:21, loss:1.3443, train:0.4302, valid:0.3882/best:0.3882, test:0.4180/best:0.4180
[I 2026-09-13 22:15:24,409 ignn.models.IGNN:215] epoch:22/best:22, loss:1.3425, train:0.4292, valid:0.3924/best:0.3924, test:0.4112/best:0.4112
[I 2026-09-13 22:15:24,433 ignn.models.IGNN:215] epoch:23/best:23, loss:1.3431, train:0.4386, valid:0.3994/best:0.3994, test:0.4247/best:0.4247
[I 2026-09-13 22:15:24,456 ignn.models.IGNN:215] epoch:24/best:23, loss:1.3576, train:0.4283, valid:0.3952/best:0.3994, test:0.4157/best:0.4247
[I 2026-09-13 22:15:24,479 ignn.models.IGNN:215] epoch:25/best:23, loss:1.3217, train:0.4264, valid:0.3966/best:0.3994, test:0.4157/best:0.4247
[I 2026-09-13 22:15:24,501 ignn.models.IGNN:215] epoch:26/best:23, loss:1.3185, train:0.4311, valid:0.3980/best:0.3994, test:0.4157/best:0.4247
[I 2026-09-13 22:15:24,524 ignn.models.IGNN:215] epoch:27/best:23, loss:1.3261, train:0.4292, valid:0.3868/best:0.3994, test:0.4112/best:0.4247
[I 2026-09-13 22:15:24,548 ignn.models.IGNN:215] epoch:28/best:28, loss:1.3188, train:0.4555, valid:0.4037/best:0.4037, test:0.4382/best:0.4382
[I 2026-09-13 22:15:24,571 ignn.models.IGNN:215] epoch:29/best:28, loss:1.3208, train:0.4283, valid:0.3713/best:0.4037, test:0.3865/best:0.4382
[I 2026-09-13 22:15:24,594 ignn.models.IGNN:215] epoch:30/best:28, loss:1.3155, train:0.4433, valid:0.3868/best:0.4037, test:0.4157/best:0.4382
[I 2026-09-13 22:15:24,617 ignn.models.IGNN:215] epoch:31/best:28, loss:1.2977, train:0.4545, valid:0.3966/best:0.4037, test:0.4360/best:0.4382
[I 2026-09-13 22:15:24,639 ignn.models.IGNN:215] epoch:32/best:28, loss:1.2935, train:0.4442, valid:0.3826/best:0.4037, test:0.4112/best:0.4382
[I 2026-09-13 22:15:24,662 ignn.models.IGNN:215] epoch:33/best:28, loss:1.2888, train:0.4508, valid:0.3868/best:0.4037, test:0.4157/best:0.4382
[I 2026-09-13 22:15:24,686 ignn.models.IGNN:215] epoch:34/best:34, loss:1.2774, train:0.4639, valid:0.4051/best:0.4051, test:0.4157/best:0.4157
[I 2026-09-13 22:15:24,709 ignn.models.IGNN:215] epoch:35/best:34, loss:1.2993, train:0.4649, valid:0.3994/best:0.4051, test:0.4337/best:0.4157
[I 2026-09-13 22:15:24,732 ignn.models.IGNN:215] epoch:36/best:34, loss:1.2827, train:0.4592, valid:0.3924/best:0.4051, test:0.4180/best:0.4157
[I 2026-09-13 22:15:24,755 ignn.models.IGNN:215] epoch:37/best:34, loss:1.2557, train:0.4620, valid:0.3980/best:0.4051, test:0.4157/best:0.4157
[I 2026-09-13 22:15:24,777 ignn.models.IGNN:215] epoch:38/best:34, loss:1.2942, train:0.4630, valid:0.3966/best:0.4051, test:0.4315/best:0.4157
[I 2026-09-13 22:15:24,800 ignn.models.IGNN:215] epoch:39/best:34, loss:1.2869, train:0.4499, valid:0.3952/best:0.4051, test:0.4067/best:0.4157
[I 2026-09-13 22:15:24,823 ignn.models.IGNN:215] epoch:40/best:34, loss:1.2552, train:0.4480, valid:0.3882/best:0.4051, test:0.4090/best:0.4157
[I 2026-09-13 22:15:24,846 ignn.models.IGNN:215] epoch:41/best:34, loss:1.2669, train:0.4555, valid:0.3924/best:0.4051, test:0.4112/best:0.4157
[I 2026-09-13 22:15:25,021 ignn.models.IGNN:215] epoch:42/best:34, loss:1.2737, train:0.4574, valid:0.3980/best:0.4051, test:0.4180/best:0.4157
[I 2026-09-13 22:15:25,052 ignn.models.IGNN:215] epoch:43/best:34, loss:1.2426, train:0.4592, valid:0.3910/best:0.4051, test:0.4112/best:0.4157
[I 2026-09-13 22:15:25,074 ignn.models.IGNN:215] epoch:44/best:34, loss:1.2508, train:0.4424, valid:0.3854/best:0.4051, test:0.4022/best:0.4157
[I 2026-09-13 22:15:25,097 ignn.models.IGNN:215] epoch:45/best:34, loss:1.2618, train:0.4367, valid:0.3840/best:0.4051, test:0.3978/best:0.4157
[I 2026-09-13 22:15:25,120 ignn.models.IGNN:215] epoch:46/best:34, loss:1.2741, train:0.4555, valid:0.3924/best:0.4051, test:0.4045/best:0.4157
[I 2026-09-13 22:15:25,144 ignn.models.IGNN:215] epoch:47/best:47, loss:1.2393, train:0.4724, valid:0.4219/best:0.4219, test:0.4382/best:0.4382
[I 2026-09-13 22:15:25,167 ignn.models.IGNN:215] epoch:48/best:47, loss:1.2692, train:0.4517, valid:0.3938/best:0.4219, test:0.4135/best:0.4382
[I 2026-09-13 22:15:25,189 ignn.models.IGNN:215] epoch:49/best:47, loss:1.2676, train:0.4311, valid:0.3812/best:0.4219, test:0.4000/best:0.4382
[I 2026-09-13 22:15:25,212 ignn.models.IGNN:215] epoch:50/best:47, loss:1.2299, train:0.4442, valid:0.3896/best:0.4219, test:0.4067/best:0.4382
[I 2026-09-13 22:15:25,235 ignn.models.IGNN:215] epoch:51/best:47, loss:1.2515, train:0.4724, valid:0.4149/best:0.4219, test:0.4315/best:0.4382
[I 2026-09-13 22:15:25,259 ignn.models.IGNN:215] epoch:52/best:52, loss:1.2451, train:0.4902, valid:0.4219/best:0.4219, test:0.4427/best:0.4427
[I 2026-09-13 22:15:25,282 ignn.models.IGNN:215] epoch:53/best:52, loss:1.2598, train:0.4705, valid:0.4149/best:0.4219, test:0.4427/best:0.4427
[I 2026-09-13 22:15:25,305 ignn.models.IGNN:215] epoch:54/best:52, loss:1.2297, train:0.4555, valid:0.3980/best:0.4219, test:0.4090/best:0.4427
[I 2026-09-13 22:15:25,327 ignn.models.IGNN:215] epoch:55/best:52, loss:1.2100, train:0.4564, valid:0.3938/best:0.4219, test:0.4022/best:0.4427
[I 2026-09-13 22:15:25,350 ignn.models.IGNN:215] epoch:56/best:52, loss:1.2533, train:0.4808, valid:0.4191/best:0.4219, test:0.4449/best:0.4427
[I 2026-09-13 22:15:25,373 ignn.models.IGNN:215] epoch:57/best:52, loss:1.2328, train:0.4892, valid:0.4205/best:0.4219, test:0.4472/best:0.4427
[I 2026-09-13 22:15:25,397 ignn.models.IGNN:215] epoch:58/best:58, loss:1.2325, train:0.4845, valid:0.4219/best:0.4219, test:0.4472/best:0.4472
[I 2026-09-13 22:15:25,420 ignn.models.IGNN:215] epoch:59/best:58, loss:1.2501, train:0.4742, valid:0.4191/best:0.4219, test:0.4494/best:0.4472
[I 2026-09-13 22:15:25,443 ignn.models.IGNN:215] epoch:60/best:58, loss:1.2288, train:0.4574, valid:0.4008/best:0.4219, test:0.4157/best:0.4472
[I 2026-09-13 22:15:25,465 ignn.models.IGNN:215] epoch:61/best:58, loss:1.2316, train:0.4592, valid:0.4008/best:0.4219, test:0.4270/best:0.4472
[I 2026-09-13 22:15:25,490 ignn.models.IGNN:215] epoch:62/best:62, loss:1.2045, train:0.4667, valid:0.4262/best:0.4262, test:0.4494/best:0.4494
[I 2026-09-13 22:15:25,513 ignn.models.IGNN:215] epoch:63/best:62, loss:1.2114, train:0.4939, valid:0.4177/best:0.4262, test:0.4427/best:0.4494
[I 2026-09-13 22:15:25,535 ignn.models.IGNN:215] epoch:64/best:62, loss:1.2564, train:0.4864, valid:0.4248/best:0.4262, test:0.4539/best:0.4494
[I 2026-09-13 22:15:25,558 ignn.models.IGNN:215] epoch:65/best:62, loss:1.2320, train:0.4620, valid:0.4135/best:0.4262, test:0.4427/best:0.4494
[I 2026-09-13 22:15:25,581 ignn.models.IGNN:215] epoch:66/best:62, loss:1.1980, train:0.4592, valid:0.4149/best:0.4262, test:0.4315/best:0.4494
[I 2026-09-13 22:15:25,604 ignn.models.IGNN:215] epoch:67/best:62, loss:1.2046, train:0.4639, valid:0.4191/best:0.4262, test:0.4404/best:0.4494
[I 2026-09-13 22:15:25,627 ignn.models.IGNN:215] epoch:68/best:62, loss:1.2117, train:0.4714, valid:0.4191/best:0.4262, test:0.4404/best:0.4494
[I 2026-09-13 22:15:25,650 ignn.models.IGNN:215] epoch:69/best:62, loss:1.2351, train:0.4770, valid:0.4248/best:0.4262, test:0.4494/best:0.4494
[I 2026-09-13 22:15:25,674 ignn.models.IGNN:215] epoch:70/best:70, loss:1.2413, train:0.4799, valid:0.4346/best:0.4346, test:0.4449/best:0.4449
[I 2026-09-13 22:15:25,696 ignn.models.IGNN:215] epoch:71/best:70, loss:1.2413, train:0.4649, valid:0.4135/best:0.4346, test:0.4404/best:0.4449
[I 2026-09-13 22:15:25,719 ignn.models.IGNN:215] epoch:72/best:70, loss:1.2134, train:0.4545, valid:0.4079/best:0.4346, test:0.4225/best:0.4449
[I 2026-09-13 22:15:25,742 ignn.models.IGNN:215] epoch:73/best:70, loss:1.2137, train:0.4714, valid:0.4205/best:0.4346, test:0.4472/best:0.4449
[I 2026-09-13 22:15:25,765 ignn.models.IGNN:215] epoch:74/best:70, loss:1.2254, train:0.4920, valid:0.4276/best:0.4346, test:0.4472/best:0.4449
[I 2026-09-13 22:15:25,788 ignn.models.IGNN:215] epoch:75/best:70, loss:1.2185, train:0.4995, valid:0.4177/best:0.4346, test:0.4517/best:0.4449
[I 2026-09-13 22:15:25,811 ignn.models.IGNN:215] epoch:76/best:70, loss:1.2399, train:0.4742, valid:0.4219/best:0.4346, test:0.4382/best:0.4449
[I 2026-09-13 22:15:25,834 ignn.models.IGNN:215] epoch:77/best:70, loss:1.2293, train:0.4480, valid:0.4023/best:0.4346, test:0.4090/best:0.4449
[I 2026-09-13 22:15:26,008 ignn.models.IGNN:215] epoch:78/best:70, loss:1.2057, train:0.4470, valid:0.4008/best:0.4346, test:0.4045/best:0.4449
[I 2026-09-13 22:15:26,030 ignn.models.IGNN:215] epoch:79/best:70, loss:1.2198, train:0.4667, valid:0.4149/best:0.4346, test:0.4247/best:0.4449
[I 2026-09-13 22:15:26,053 ignn.models.IGNN:215] epoch:80/best:70, loss:1.2023, train:0.4892, valid:0.4135/best:0.4346, test:0.4404/best:0.4449
[I 2026-09-13 22:15:26,076 ignn.models.IGNN:215] epoch:81/best:70, loss:1.2197, train:0.5098, valid:0.4093/best:0.4346, test:0.4652/best:0.4449
[I 2026-09-13 22:15:26,099 ignn.models.IGNN:215] epoch:82/best:70, loss:1.2217, train:0.4836, valid:0.4191/best:0.4346, test:0.4494/best:0.4449
[I 2026-09-13 22:15:26,121 ignn.models.IGNN:215] epoch:83/best:70, loss:1.2270, train:0.4583, valid:0.4163/best:0.4346, test:0.4315/best:0.4449
[I 2026-09-13 22:15:26,144 ignn.models.IGNN:215] epoch:84/best:70, loss:1.2237, train:0.4396, valid:0.3882/best:0.4346, test:0.4022/best:0.4449
[I 2026-09-13 22:15:26,167 ignn.models.IGNN:215] epoch:85/best:70, loss:1.2298, train:0.4377, valid:0.3812/best:0.4346, test:0.3978/best:0.4449
[I 2026-09-13 22:15:26,190 ignn.models.IGNN:215] epoch:86/best:70, loss:1.2239, train:0.4499, valid:0.3952/best:0.4346, test:0.4067/best:0.4449
[I 2026-09-13 22:15:26,212 ignn.models.IGNN:215] epoch:87/best:70, loss:1.2191, train:0.4817, valid:0.4248/best:0.4346, test:0.4539/best:0.4449
[I 2026-09-13 22:15:26,235 ignn.models.IGNN:215] epoch:88/best:70, loss:1.2029, train:0.4883, valid:0.4233/best:0.4346, test:0.4517/best:0.4449
[I 2026-09-13 22:15:26,258 ignn.models.IGNN:215] epoch:89/best:70, loss:1.2231, train:0.4695, valid:0.4205/best:0.4346, test:0.4404/best:0.4449
[I 2026-09-13 22:15:26,280 ignn.models.IGNN:215] epoch:90/best:70, loss:1.1861, train:0.4649, valid:0.4205/best:0.4346, test:0.4360/best:0.4449
[I 2026-09-13 22:15:26,303 ignn.models.IGNN:215] epoch:91/best:70, loss:1.1968, train:0.4677, valid:0.4163/best:0.4346, test:0.4337/best:0.4449
[I 2026-09-13 22:15:26,326 ignn.models.IGNN:215] epoch:92/best:70, loss:1.2148, train:0.4733, valid:0.4177/best:0.4346, test:0.4404/best:0.4449
[I 2026-09-13 22:15:26,349 ignn.models.IGNN:215] epoch:93/best:70, loss:1.1890, train:0.4855, valid:0.4163/best:0.4346, test:0.4472/best:0.4449
[I 2026-09-13 22:15:26,371 ignn.models.IGNN:215] epoch:94/best:70, loss:1.1843, train:0.4845, valid:0.4163/best:0.4346, test:0.4449/best:0.4449
[I 2026-09-13 22:15:26,394 ignn.models.IGNN:215] epoch:95/best:70, loss:1.2059, train:0.4911, valid:0.4205/best:0.4346, test:0.4494/best:0.4449
[I 2026-09-13 22:15:26,417 ignn.models.IGNN:215] epoch:96/best:70, loss:1.2104, train:0.4967, valid:0.4149/best:0.4346, test:0.4472/best:0.4449
[I 2026-09-13 22:15:26,439 ignn.models.IGNN:215] epoch:97/best:70, loss:1.1807, train:0.4845, valid:0.4205/best:0.4346, test:0.4427/best:0.4449
[I 2026-09-13 22:15:26,462 ignn.models.IGNN:215] epoch:98/best:70, loss:1.1984, train:0.4939, valid:0.4205/best:0.4346, test:0.4427/best:0.4449
[I 2026-09-13 22:15:26,485 ignn.models.IGNN:215] epoch:99/best:70, loss:1.2042, train:0.4948, valid:0.4262/best:0.4346, test:0.4427/best:0.4449
[I 2026-09-13 22:15:26,508 ignn.models.IGNN:215] epoch:100/best:70, loss:1.1869, train:0.4986, valid:0.4276/best:0.4346, test:0.4404/best:0.4449
[I 2026-09-13 22:15:26,530 ignn.models.IGNN:215] epoch:101/best:70, loss:1.1925, train:0.4883, valid:0.4276/best:0.4346, test:0.4315/best:0.4449
[I 2026-09-13 22:15:26,553 ignn.models.IGNN:215] epoch:102/best:70, loss:1.1940, train:0.4911, valid:0.4233/best:0.4346, test:0.4292/best:0.4449
[I 2026-09-13 22:15:26,576 ignn.models.IGNN:215] epoch:103/best:70, loss:1.2018, train:0.4789, valid:0.4135/best:0.4346, test:0.4202/best:0.4449
[I 2026-09-13 22:15:26,599 ignn.models.IGNN:215] epoch:104/best:70, loss:1.1739, train:0.4827, valid:0.4135/best:0.4346, test:0.4247/best:0.4449
[I 2026-09-13 22:15:26,621 ignn.models.IGNN:215] epoch:105/best:70, loss:1.2124, train:0.5127, valid:0.4219/best:0.4346, test:0.4562/best:0.4449
[I 2026-09-13 22:15:26,644 ignn.models.IGNN:215] epoch:106/best:70, loss:1.2049, train:0.5267, valid:0.4233/best:0.4346, test:0.4787/best:0.4449
[I 2026-09-13 22:15:26,667 ignn.models.IGNN:215] epoch:107/best:70, loss:1.1970, train:0.5333, valid:0.4191/best:0.4346, test:0.4854/best:0.4449
[I 2026-09-13 22:15:26,689 ignn.models.IGNN:215] epoch:108/best:70, loss:1.1978, train:0.5173, valid:0.4248/best:0.4346, test:0.4719/best:0.4449
[I 2026-09-13 22:15:26,712 ignn.models.IGNN:215] epoch:109/best:70, loss:1.1875, train:0.4892, valid:0.4191/best:0.4346, test:0.4360/best:0.4449
[I 2026-09-13 22:15:26,735 ignn.models.IGNN:215] epoch:110/best:70, loss:1.2066, train:0.4761, valid:0.4191/best:0.4346, test:0.4270/best:0.4449
[I 2026-09-13 22:15:26,757 ignn.models.IGNN:215] epoch:111/best:70, loss:1.2108, train:0.5089, valid:0.4262/best:0.4346, test:0.4674/best:0.4449
[I 2026-09-13 22:15:26,780 ignn.models.IGNN:215] epoch:112/best:70, loss:1.1548, train:0.5464, valid:0.4177/best:0.4346, test:0.4854/best:0.4449
[I 2026-09-13 22:15:26,803 ignn.models.IGNN:215] epoch:113/best:70, loss:1.1958, train:0.5417, valid:0.4107/best:0.4346, test:0.4764/best:0.4449
[I 2026-09-13 22:15:26,979 ignn.models.IGNN:215] epoch:114/best:70, loss:1.1665, train:0.5276, valid:0.4149/best:0.4346, test:0.4742/best:0.4449
[I 2026-09-13 22:15:27,002 ignn.models.IGNN:215] epoch:115/best:70, loss:1.1658, train:0.4892, valid:0.4262/best:0.4346, test:0.4472/best:0.4449
[I 2026-09-13 22:15:27,024 ignn.models.IGNN:215] epoch:116/best:70, loss:1.1941, train:0.4855, valid:0.4233/best:0.4346, test:0.4404/best:0.4449
[I 2026-09-13 22:15:27,047 ignn.models.IGNN:215] epoch:117/best:70, loss:1.1928, train:0.5033, valid:0.4290/best:0.4346, test:0.4539/best:0.4449
[I 2026-09-13 22:15:27,070 ignn.models.IGNN:215] epoch:118/best:70, loss:1.1937, train:0.5389, valid:0.4177/best:0.4346, test:0.4719/best:0.4449
[I 2026-09-13 22:15:27,093 ignn.models.IGNN:215] epoch:119/best:70, loss:1.1661, train:0.5642, valid:0.4149/best:0.4346, test:0.4876/best:0.4449
[I 2026-09-13 22:15:27,115 ignn.models.IGNN:215] epoch:120/best:70, loss:1.2237, train:0.5520, valid:0.4135/best:0.4346, test:0.4787/best:0.4449
[I 2026-09-13 22:15:27,138 ignn.models.IGNN:215] epoch:121/best:70, loss:1.1637, train:0.5305, valid:0.4135/best:0.4346, test:0.4809/best:0.4449
[I 2026-09-13 22:15:27,161 ignn.models.IGNN:215] epoch:122/best:70, loss:1.1790, train:0.5155, valid:0.4262/best:0.4346, test:0.4697/best:0.4449
[I 2026-09-13 22:15:27,183 ignn.models.IGNN:215] epoch:123/best:70, loss:1.1564, train:0.5136, valid:0.4219/best:0.4346, test:0.4539/best:0.4449
[I 2026-09-13 22:15:27,206 ignn.models.IGNN:215] epoch:124/best:70, loss:1.1768, train:0.5211, valid:0.4163/best:0.4346, test:0.4562/best:0.4449
[I 2026-09-13 22:15:27,229 ignn.models.IGNN:215] epoch:125/best:70, loss:1.1754, train:0.5380, valid:0.4233/best:0.4346, test:0.4876/best:0.4449
[I 2026-09-13 22:15:27,252 ignn.models.IGNN:215] epoch:126/best:70, loss:1.1529, train:0.5473, valid:0.4121/best:0.4346, test:0.4944/best:0.4449
[I 2026-09-13 22:15:27,274 ignn.models.IGNN:215] epoch:127/best:70, loss:1.1896, train:0.5464, valid:0.4079/best:0.4346, test:0.4899/best:0.4449
[I 2026-09-13 22:15:27,297 ignn.models.IGNN:215] epoch:128/best:70, loss:1.1932, train:0.5276, valid:0.4177/best:0.4346, test:0.4674/best:0.4449
[I 2026-09-13 22:15:27,320 ignn.models.IGNN:215] epoch:129/best:70, loss:1.1903, train:0.5033, valid:0.4177/best:0.4346, test:0.4404/best:0.4449
[I 2026-09-13 22:15:27,343 ignn.models.IGNN:215] epoch:130/best:70, loss:1.1978, train:0.5117, valid:0.4121/best:0.4346, test:0.4539/best:0.4449
[I 2026-09-13 22:15:27,365 ignn.models.IGNN:215] epoch:131/best:70, loss:1.1855, train:0.5333, valid:0.4163/best:0.4346, test:0.4629/best:0.4449
[I 2026-09-13 22:15:27,388 ignn.models.IGNN:215] epoch:132/best:70, loss:1.2093, train:0.5717, valid:0.4219/best:0.4346, test:0.4742/best:0.4449
[I 2026-09-13 22:15:27,411 ignn.models.IGNN:215] epoch:133/best:70, loss:1.2097, train:0.5736, valid:0.4219/best:0.4346, test:0.4764/best:0.4449
[I 2026-09-13 22:15:27,434 ignn.models.IGNN:215] epoch:134/best:70, loss:1.1648, train:0.5455, valid:0.4191/best:0.4346, test:0.4764/best:0.4449
[I 2026-09-13 22:15:27,457 ignn.models.IGNN:215] epoch:135/best:70, loss:1.2046, train:0.5145, valid:0.4149/best:0.4346, test:0.4607/best:0.4449
[I 2026-09-13 22:15:27,479 ignn.models.IGNN:215] epoch:136/best:70, loss:1.1780, train:0.5033, valid:0.4107/best:0.4346, test:0.4494/best:0.4449
[I 2026-09-13 22:15:27,502 ignn.models.IGNN:215] epoch:137/best:70, loss:1.1899, train:0.5183, valid:0.4191/best:0.4346, test:0.4562/best:0.4449
[I 2026-09-13 22:15:27,525 ignn.models.IGNN:215] epoch:138/best:70, loss:1.1854, train:0.5314, valid:0.4177/best:0.4346, test:0.4652/best:0.4449
[I 2026-09-13 22:15:27,548 ignn.models.IGNN:215] epoch:139/best:70, loss:1.1650, train:0.5501, valid:0.4135/best:0.4346, test:0.4742/best:0.4449
[I 2026-09-13 22:15:27,570 ignn.models.IGNN:215] epoch:140/best:70, loss:1.1573, train:0.5567, valid:0.4163/best:0.4346, test:0.4831/best:0.4449
[I 2026-09-13 22:15:27,593 ignn.models.IGNN:215] epoch:141/best:70, loss:1.1769, train:0.5511, valid:0.4121/best:0.4346, test:0.4921/best:0.4449
[I 2026-09-13 22:15:27,616 ignn.models.IGNN:215] epoch:142/best:70, loss:1.2357, train:0.5323, valid:0.4163/best:0.4346, test:0.4764/best:0.4449
[I 2026-09-13 22:15:27,639 ignn.models.IGNN:215] epoch:143/best:70, loss:1.1737, train:0.5173, valid:0.4149/best:0.4346, test:0.4719/best:0.4449
[I 2026-09-13 22:15:27,661 ignn.models.IGNN:215] epoch:144/best:70, loss:1.1917, train:0.5314, valid:0.4191/best:0.4346, test:0.4674/best:0.4449
[I 2026-09-13 22:15:27,684 ignn.models.IGNN:215] epoch:145/best:70, loss:1.1800, train:0.5295, valid:0.4233/best:0.4346, test:0.4629/best:0.4449
[I 2026-09-13 22:15:27,707 ignn.models.IGNN:215] epoch:146/best:70, loss:1.1558, train:0.5220, valid:0.4177/best:0.4346, test:0.4764/best:0.4449
[I 2026-09-13 22:15:27,730 ignn.models.IGNN:215] epoch:147/best:70, loss:1.1453, train:0.5117, valid:0.4163/best:0.4346, test:0.4427/best:0.4449
[I 2026-09-13 22:15:27,752 ignn.models.IGNN:215] epoch:148/best:70, loss:1.1771, train:0.5117, valid:0.4121/best:0.4346, test:0.4494/best:0.4449
[I 2026-09-13 22:15:27,775 ignn.models.IGNN:215] epoch:149/best:70, loss:1.1808, train:0.5248, valid:0.4205/best:0.4346, test:0.4719/best:0.4449
[I 2026-09-13 22:15:27,950 ignn.models.IGNN:215] epoch:150/best:70, loss:1.1827, train:0.5520, valid:0.4205/best:0.4346, test:0.4921/best:0.4449
[I 2026-09-13 22:15:27,973 ignn.models.IGNN:215] epoch:151/best:70, loss:1.1740, train:0.5689, valid:0.4205/best:0.4346, test:0.4966/best:0.4449
[I 2026-09-13 22:15:27,996 ignn.models.IGNN:215] epoch:152/best:70, loss:1.1823, train:0.5436, valid:0.4205/best:0.4346, test:0.4899/best:0.4449
[I 2026-09-13 22:15:28,018 ignn.models.IGNN:215] epoch:153/best:70, loss:1.2072, train:0.5183, valid:0.4037/best:0.4346, test:0.4494/best:0.4449
[I 2026-09-13 22:15:28,041 ignn.models.IGNN:215] epoch:154/best:70, loss:1.1774, train:0.4930, valid:0.4037/best:0.4346, test:0.4337/best:0.4449
[I 2026-09-13 22:15:28,064 ignn.models.IGNN:215] epoch:155/best:70, loss:1.2027, train:0.5230, valid:0.4051/best:0.4346, test:0.4517/best:0.4449
[I 2026-09-13 22:15:28,087 ignn.models.IGNN:215] epoch:156/best:70, loss:1.1650, train:0.5651, valid:0.4191/best:0.4346, test:0.4697/best:0.4449
[I 2026-09-13 22:15:28,109 ignn.models.IGNN:215] epoch:157/best:70, loss:1.1968, train:0.5651, valid:0.4191/best:0.4346, test:0.4831/best:0.4449
[I 2026-09-13 22:15:28,132 ignn.models.IGNN:215] epoch:158/best:70, loss:1.1963, train:0.5661, valid:0.4163/best:0.4346, test:0.4697/best:0.4449
[I 2026-09-13 22:15:28,155 ignn.models.IGNN:215] epoch:159/best:70, loss:1.1936, train:0.5295, valid:0.4107/best:0.4346, test:0.4517/best:0.4449
[I 2026-09-13 22:15:28,178 ignn.models.IGNN:215] epoch:160/best:70, loss:1.1353, train:0.5108, valid:0.4037/best:0.4346, test:0.4449/best:0.4449
[I 2026-09-13 22:15:28,200 ignn.models.IGNN:215] epoch:161/best:70, loss:1.1765, train:0.4977, valid:0.4093/best:0.4346, test:0.4360/best:0.4449
[I 2026-09-13 22:15:28,223 ignn.models.IGNN:215] epoch:162/best:70, loss:1.1845, train:0.5211, valid:0.4093/best:0.4346, test:0.4472/best:0.4449
[I 2026-09-13 22:15:28,246 ignn.models.IGNN:215] epoch:163/best:70, loss:1.1463, train:0.5445, valid:0.4262/best:0.4346, test:0.4629/best:0.4449
[I 2026-09-13 22:15:28,268 ignn.models.IGNN:215] epoch:164/best:70, loss:1.1383, train:0.5670, valid:0.4318/best:0.4346, test:0.4787/best:0.4449
[I 2026-09-13 22:15:28,291 ignn.models.IGNN:215] epoch:165/best:70, loss:1.1514, train:0.5745, valid:0.4177/best:0.4346, test:0.4652/best:0.4449
[I 2026-09-13 22:15:28,314 ignn.models.IGNN:215] epoch:166/best:70, loss:1.1964, train:0.5539, valid:0.4219/best:0.4346, test:0.4742/best:0.4449
[I 2026-09-13 22:15:28,337 ignn.models.IGNN:215] epoch:167/best:70, loss:1.1607, train:0.5370, valid:0.4219/best:0.4346, test:0.4517/best:0.4449
[I 2026-09-13 22:15:28,360 ignn.models.IGNN:215] epoch:168/best:70, loss:1.1936, train:0.5295, valid:0.4065/best:0.4346, test:0.4584/best:0.4449
[I 2026-09-13 22:15:28,382 ignn.models.IGNN:215] epoch:169/best:70, loss:1.1753, train:0.5380, valid:0.4121/best:0.4346, test:0.4494/best:0.4449
[I 2026-09-13 22:15:28,405 ignn.models.IGNN:215] epoch:170/best:70, loss:1.1712, train:0.5539, valid:0.4219/best:0.4346, test:0.4562/best:0.4449
[I 2026-09-13 22:15:28,428 ignn.models.IGNN:215] epoch:171/best:70, loss:1.1883, train:0.5698, valid:0.4276/best:0.4346, test:0.4719/best:0.4449
[I 2026-09-13 22:15:28,451 ignn.models.IGNN:215] epoch:172/best:70, loss:1.1683, train:0.5661, valid:0.4191/best:0.4346, test:0.4652/best:0.4449
[I 2026-09-13 22:15:28,473 ignn.models.IGNN:215] epoch:173/best:70, loss:1.1795, train:0.5586, valid:0.4205/best:0.4346, test:0.4629/best:0.4449
[I 2026-09-13 22:15:28,496 ignn.models.IGNN:215] epoch:174/best:70, loss:1.1670, train:0.5511, valid:0.4177/best:0.4346, test:0.4652/best:0.4449
[I 2026-09-13 22:15:28,519 ignn.models.IGNN:215] epoch:175/best:70, loss:1.1347, train:0.5492, valid:0.4205/best:0.4346, test:0.4539/best:0.4449
[I 2026-09-13 22:15:28,541 ignn.models.IGNN:215] epoch:176/best:70, loss:1.1619, train:0.5455, valid:0.4205/best:0.4346, test:0.4449/best:0.4449
[I 2026-09-13 22:15:28,564 ignn.models.IGNN:215] epoch:177/best:70, loss:1.1558, train:0.5511, valid:0.4248/best:0.4346, test:0.4584/best:0.4449
[I 2026-09-13 22:15:28,587 ignn.models.IGNN:215] epoch:178/best:70, loss:1.1380, train:0.5604, valid:0.4233/best:0.4346, test:0.4697/best:0.4449
[I 2026-09-13 22:15:28,610 ignn.models.IGNN:215] epoch:179/best:70, loss:1.1540, train:0.5576, valid:0.4290/best:0.4346, test:0.4652/best:0.4449
[I 2026-09-13 22:15:28,632 ignn.models.IGNN:215] epoch:180/best:70, loss:1.1555, train:0.5511, valid:0.4304/best:0.4346, test:0.4539/best:0.4449
[I 2026-09-13 22:15:28,655 ignn.models.IGNN:215] epoch:181/best:70, loss:1.1763, train:0.5539, valid:0.4332/best:0.4346, test:0.4607/best:0.4449
[I 2026-09-13 22:15:28,678 ignn.models.IGNN:215] epoch:182/best:70, loss:1.1756, train:0.5604, valid:0.4332/best:0.4346, test:0.4674/best:0.4449
[I 2026-09-13 22:15:28,701 ignn.models.IGNN:215] epoch:183/best:70, loss:1.1623, train:0.5651, valid:0.4248/best:0.4346, test:0.4674/best:0.4449
[I 2026-09-13 22:15:28,723 ignn.models.IGNN:215] epoch:184/best:70, loss:1.1405, train:0.5623, valid:0.4163/best:0.4346, test:0.4629/best:0.4449
[I 2026-09-13 22:15:28,746 ignn.models.IGNN:215] epoch:185/best:70, loss:1.1609, train:0.5473, valid:0.4135/best:0.4346, test:0.4607/best:0.4449
[I 2026-09-13 22:15:28,919 ignn.models.IGNN:215] epoch:186/best:70, loss:1.1531, train:0.5380, valid:0.4191/best:0.4346, test:0.4449/best:0.4449
[I 2026-09-13 22:15:28,942 ignn.models.IGNN:215] epoch:187/best:70, loss:1.1670, train:0.5398, valid:0.4233/best:0.4346, test:0.4427/best:0.4449
[I 2026-09-13 22:15:28,965 ignn.models.IGNN:215] epoch:188/best:70, loss:1.1686, train:0.5464, valid:0.4149/best:0.4346, test:0.4584/best:0.4449
[I 2026-09-13 22:15:28,988 ignn.models.IGNN:215] epoch:189/best:70, loss:1.1492, train:0.5464, valid:0.4121/best:0.4346, test:0.4652/best:0.4449
[I 2026-09-13 22:15:29,010 ignn.models.IGNN:215] epoch:190/best:70, loss:1.1580, train:0.5623, valid:0.4177/best:0.4346, test:0.4697/best:0.4449
[I 2026-09-13 22:15:29,033 ignn.models.IGNN:215] epoch:191/best:70, loss:1.1852, train:0.5661, valid:0.4233/best:0.4346, test:0.4629/best:0.4449
[I 2026-09-13 22:15:29,056 ignn.models.IGNN:215] epoch:192/best:70, loss:1.1535, train:0.5670, valid:0.4219/best:0.4346, test:0.4629/best:0.4449
[I 2026-09-13 22:15:29,079 ignn.models.IGNN:215] epoch:193/best:70, loss:1.1466, train:0.5445, valid:0.4219/best:0.4346, test:0.4472/best:0.4449
[I 2026-09-13 22:15:29,101 ignn.models.IGNN:215] epoch:194/best:70, loss:1.1374, train:0.5248, valid:0.4121/best:0.4346, test:0.4360/best:0.4449
[I 2026-09-13 22:15:29,124 ignn.models.IGNN:215] epoch:195/best:70, loss:1.1763, train:0.5295, valid:0.4149/best:0.4346, test:0.4337/best:0.4449
[I 2026-09-13 22:15:29,147 ignn.models.IGNN:215] epoch:196/best:70, loss:1.1726, train:0.5426, valid:0.4163/best:0.4346, test:0.4584/best:0.4449
[I 2026-09-13 22:15:29,169 ignn.models.IGNN:215] epoch:197/best:70, loss:1.1306, train:0.5464, valid:0.4191/best:0.4346, test:0.4517/best:0.4449
[I 2026-09-13 22:15:29,192 ignn.models.IGNN:215] epoch:198/best:70, loss:1.1445, train:0.5501, valid:0.4191/best:0.4346, test:0.4449/best:0.4449
[I 2026-09-13 22:15:29,215 ignn.models.IGNN:215] epoch:199/best:70, loss:1.1510, train:0.5464, valid:0.4233/best:0.4346, test:0.4517/best:0.4449
[I 2026-09-13 22:15:29,237 ignn.models.IGNN:215] epoch:200/best:70, loss:1.1739, train:0.5370, valid:0.4163/best:0.4346, test:0.4517/best:0.4449
[I 2026-09-13 22:15:29,260 ignn.models.IGNN:215] epoch:201/best:70, loss:1.1555, train:0.5389, valid:0.4219/best:0.4346, test:0.4494/best:0.4449
[I 2026-09-13 22:15:29,283 ignn.models.IGNN:215] epoch:202/best:70, loss:1.1551, train:0.5370, valid:0.4191/best:0.4346, test:0.4607/best:0.4449
[I 2026-09-13 22:15:29,306 ignn.models.IGNN:215] epoch:203/best:70, loss:1.1712, train:0.5483, valid:0.4219/best:0.4346, test:0.4584/best:0.4449
[I 2026-09-13 22:15:29,329 ignn.models.IGNN:215] epoch:204/best:70, loss:1.1666, train:0.5642, valid:0.4121/best:0.4346, test:0.4382/best:0.4449
[I 2026-09-13 22:15:29,352 ignn.models.IGNN:215] epoch:205/best:70, loss:1.1310, train:0.5689, valid:0.4121/best:0.4346, test:0.4292/best:0.4449
[I 2026-09-13 22:15:29,374 ignn.models.IGNN:215] epoch:206/best:70, loss:1.1639, train:0.5689, valid:0.4191/best:0.4346, test:0.4449/best:0.4449
[I 2026-09-13 22:15:29,397 ignn.models.IGNN:215] epoch:207/best:70, loss:1.1598, train:0.5567, valid:0.4177/best:0.4346, test:0.4607/best:0.4449
[I 2026-09-13 22:15:29,420 ignn.models.IGNN:215] epoch:208/best:70, loss:1.1342, train:0.5586, valid:0.4191/best:0.4346, test:0.4562/best:0.4449
[I 2026-09-13 22:15:29,442 ignn.models.IGNN:215] epoch:209/best:70, loss:1.1414, train:0.5651, valid:0.4121/best:0.4346, test:0.4449/best:0.4449
[I 2026-09-13 22:15:29,465 ignn.models.IGNN:215] epoch:210/best:70, loss:1.1280, train:0.5689, valid:0.4107/best:0.4346, test:0.4292/best:0.4449
[I 2026-09-13 22:15:29,488 ignn.models.IGNN:215] epoch:211/best:70, loss:1.1572, train:0.5661, valid:0.4079/best:0.4346, test:0.4315/best:0.4449
[I 2026-09-13 22:15:29,511 ignn.models.IGNN:215] epoch:212/best:70, loss:1.1524, train:0.5623, valid:0.4149/best:0.4346, test:0.4360/best:0.4449
[I 2026-09-13 22:15:29,533 ignn.models.IGNN:215] epoch:213/best:70, loss:1.1620, train:0.5614, valid:0.4205/best:0.4346, test:0.4360/best:0.4449
[I 2026-09-13 22:15:29,556 ignn.models.IGNN:215] epoch:214/best:70, loss:1.1452, train:0.5614, valid:0.4205/best:0.4346, test:0.4360/best:0.4449
[I 2026-09-13 22:15:29,579 ignn.models.IGNN:215] epoch:215/best:70, loss:1.1587, train:0.5623, valid:0.4135/best:0.4346, test:0.4382/best:0.4449
[I 2026-09-13 22:15:29,602 ignn.models.IGNN:215] epoch:216/best:70, loss:1.1517, train:0.5623, valid:0.4163/best:0.4346, test:0.4404/best:0.4449
[I 2026-09-13 22:15:29,624 ignn.models.IGNN:215] epoch:217/best:70, loss:1.1568, train:0.5670, valid:0.4149/best:0.4346, test:0.4494/best:0.4449
[I 2026-09-13 22:15:29,647 ignn.models.IGNN:215] epoch:218/best:70, loss:1.1489, train:0.5698, valid:0.4135/best:0.4346, test:0.4472/best:0.4449
[I 2026-09-13 22:15:29,670 ignn.models.IGNN:215] epoch:219/best:70, loss:1.1247, train:0.5633, valid:0.4135/best:0.4346, test:0.4404/best:0.4449
[I 2026-09-13 22:15:29,692 ignn.models.IGNN:215] epoch:220/best:70, loss:1.1129, train:0.5614, valid:0.4177/best:0.4346, test:0.4449/best:0.4449
[I 2026-09-13 22:15:29,715 ignn.models.IGNN:215] epoch:221/best:70, loss:1.1351, train:0.5576, valid:0.4205/best:0.4346, test:0.4517/best:0.4449
[I 2026-09-13 22:15:29,891 ignn.models.IGNN:215] epoch:222/best:70, loss:1.1392, train:0.5520, valid:0.4107/best:0.4346, test:0.4517/best:0.4449
[I 2026-09-13 22:15:29,915 ignn.models.IGNN:215] epoch:223/best:70, loss:1.1838, train:0.5483, valid:0.4177/best:0.4346, test:0.4382/best:0.4449
[I 2026-09-13 22:15:29,937 ignn.models.IGNN:215] epoch:224/best:70, loss:1.1385, train:0.5483, valid:0.4163/best:0.4346, test:0.4360/best:0.4449
[I 2026-09-13 22:15:29,960 ignn.models.IGNN:215] epoch:225/best:70, loss:1.1360, train:0.5464, valid:0.4177/best:0.4346, test:0.4337/best:0.4449
[I 2026-09-13 22:15:29,983 ignn.models.IGNN:215] epoch:226/best:70, loss:1.1386, train:0.5539, valid:0.4093/best:0.4346, test:0.4449/best:0.4449
[I 2026-09-13 22:15:30,006 ignn.models.IGNN:215] epoch:227/best:70, loss:1.1262, train:0.5530, valid:0.4079/best:0.4346, test:0.4472/best:0.4449
[I 2026-09-13 22:15:30,028 ignn.models.IGNN:215] epoch:228/best:70, loss:1.1387, train:0.5501, valid:0.4065/best:0.4346, test:0.4449/best:0.4449
[I 2026-09-13 22:15:30,051 ignn.models.IGNN:215] epoch:229/best:70, loss:1.1646, train:0.5455, valid:0.4051/best:0.4346, test:0.4517/best:0.4449
[I 2026-09-13 22:15:30,074 ignn.models.IGNN:215] epoch:230/best:70, loss:1.1268, train:0.5483, valid:0.4135/best:0.4346, test:0.4382/best:0.4449
[I 2026-09-13 22:15:30,096 ignn.models.IGNN:215] epoch:231/best:70, loss:1.1307, train:0.5586, valid:0.4149/best:0.4346, test:0.4360/best:0.4449
[I 2026-09-13 22:15:30,119 ignn.models.IGNN:215] epoch:232/best:70, loss:1.1189, train:0.5576, valid:0.4163/best:0.4346, test:0.4360/best:0.4449
[I 2026-09-13 22:15:30,142 ignn.models.IGNN:215] epoch:233/best:70, loss:1.1162, train:0.5417, valid:0.4037/best:0.4346, test:0.4517/best:0.4449
[I 2026-09-13 22:15:30,164 ignn.models.IGNN:215] epoch:234/best:70, loss:1.1608, train:0.5314, valid:0.4079/best:0.4346, test:0.4517/best:0.4449
[I 2026-09-13 22:15:30,187 ignn.models.IGNN:215] epoch:235/best:70, loss:1.1264, train:0.5436, valid:0.4079/best:0.4346, test:0.4517/best:0.4449
[I 2026-09-13 22:15:30,210 ignn.models.IGNN:215] epoch:236/best:70, loss:1.1502, train:0.5473, valid:0.4135/best:0.4346, test:0.4517/best:0.4449
[I 2026-09-13 22:15:30,233 ignn.models.IGNN:215] epoch:237/best:70, loss:1.1387, train:0.5539, valid:0.4065/best:0.4346, test:0.4472/best:0.4449
[I 2026-09-13 22:15:30,255 ignn.models.IGNN:215] epoch:238/best:70, loss:1.1549, train:0.5520, valid:0.4079/best:0.4346, test:0.4494/best:0.4449
[I 2026-09-13 22:15:30,278 ignn.models.IGNN:215] epoch:239/best:70, loss:1.1302, train:0.5511, valid:0.4065/best:0.4346, test:0.4539/best:0.4449
[I 2026-09-13 22:15:30,301 ignn.models.IGNN:215] epoch:240/best:70, loss:1.1613, train:0.5539, valid:0.3938/best:0.4346, test:0.4494/best:0.4449
[I 2026-09-13 22:15:30,323 ignn.models.IGNN:215] epoch:241/best:70, loss:1.1469, train:0.5436, valid:0.3966/best:0.4346, test:0.4449/best:0.4449
[I 2026-09-13 22:15:30,346 ignn.models.IGNN:215] epoch:242/best:70, loss:1.1507, train:0.5398, valid:0.4037/best:0.4346, test:0.4360/best:0.4449
[I 2026-09-13 22:15:30,369 ignn.models.IGNN:215] epoch:243/best:70, loss:1.1596, train:0.5351, valid:0.4051/best:0.4346, test:0.4247/best:0.4449
[I 2026-09-13 22:15:30,392 ignn.models.IGNN:215] epoch:244/best:70, loss:1.1249, train:0.5370, valid:0.3994/best:0.4346, test:0.4067/best:0.4449
[I 2026-09-13 22:15:30,414 ignn.models.IGNN:215] epoch:245/best:70, loss:1.1085, train:0.5380, valid:0.3924/best:0.4346, test:0.4180/best:0.4449
[I 2026-09-13 22:15:30,437 ignn.models.IGNN:215] epoch:246/best:70, loss:1.1236, train:0.5398, valid:0.3966/best:0.4346, test:0.4270/best:0.4449
[I 2026-09-13 22:15:30,460 ignn.models.IGNN:215] epoch:247/best:70, loss:1.1448, train:0.5389, valid:0.3952/best:0.4346, test:0.4494/best:0.4449
[I 2026-09-13 22:15:30,483 ignn.models.IGNN:215] epoch:248/best:70, loss:1.1379, train:0.5483, valid:0.3896/best:0.4346, test:0.4472/best:0.4449
[I 2026-09-13 22:15:30,505 ignn.models.IGNN:215] epoch:249/best:70, loss:1.1300, train:0.5670, valid:0.4051/best:0.4346, test:0.4517/best:0.4449
[I 2026-09-13 22:15:30,528 ignn.models.IGNN:215] epoch:250/best:70, loss:1.1434, train:0.5586, valid:0.3924/best:0.4346, test:0.4472/best:0.4449
[I 2026-09-13 22:15:30,551 ignn.models.IGNN:215] epoch:251/best:70, loss:1.1317, train:0.5501, valid:0.3938/best:0.4346, test:0.4472/best:0.4449
[I 2026-09-13 22:15:30,574 ignn.models.IGNN:215] epoch:252/best:70, loss:1.1208, train:0.5548, valid:0.4023/best:0.4346, test:0.4472/best:0.4449
[I 2026-09-13 22:15:30,596 ignn.models.IGNN:215] epoch:253/best:70, loss:1.1285, train:0.5305, valid:0.3910/best:0.4346, test:0.4449/best:0.4449
[I 2026-09-13 22:15:30,619 ignn.models.IGNN:215] epoch:254/best:70, loss:1.1285, train:0.5295, valid:0.3924/best:0.4346, test:0.4112/best:0.4449
[I 2026-09-13 22:15:30,642 ignn.models.IGNN:215] epoch:255/best:70, loss:1.1205, train:0.5286, valid:0.3741/best:0.4346, test:0.3865/best:0.4449
[I 2026-09-13 22:15:30,665 ignn.models.IGNN:215] epoch:256/best:70, loss:1.1447, train:0.5211, valid:0.3643/best:0.4346, test:0.3798/best:0.4449
[I 2026-09-13 22:15:30,688 ignn.models.IGNN:215] epoch:257/best:70, loss:1.1242, train:0.5192, valid:0.3854/best:0.4346, test:0.4045/best:0.4449
[I 2026-09-13 22:15:30,863 ignn.models.IGNN:215] epoch:258/best:70, loss:1.1315, train:0.5239, valid:0.3924/best:0.4346, test:0.4202/best:0.4449
[I 2026-09-13 22:15:30,889 ignn.models.IGNN:215] epoch:259/best:70, loss:1.1131, train:0.5258, valid:0.3840/best:0.4346, test:0.4180/best:0.4449
[I 2026-09-13 22:15:30,912 ignn.models.IGNN:215] epoch:260/best:70, loss:1.1112, train:0.5286, valid:0.3924/best:0.4346, test:0.4112/best:0.4449
[I 2026-09-13 22:15:30,935 ignn.models.IGNN:215] epoch:261/best:70, loss:1.1600, train:0.5398, valid:0.3826/best:0.4346, test:0.3933/best:0.4449
[I 2026-09-13 22:15:30,958 ignn.models.IGNN:215] epoch:262/best:70, loss:1.1427, train:0.5408, valid:0.3854/best:0.4346, test:0.3933/best:0.4449
[I 2026-09-13 22:15:30,980 ignn.models.IGNN:215] epoch:263/best:70, loss:1.1555, train:0.5445, valid:0.3882/best:0.4346, test:0.4247/best:0.4449
[I 2026-09-13 22:15:31,003 ignn.models.IGNN:215] epoch:264/best:70, loss:1.1578, train:0.5455, valid:0.3910/best:0.4346, test:0.4427/best:0.4449
[I 2026-09-13 22:15:31,026 ignn.models.IGNN:215] epoch:265/best:70, loss:1.1271, train:0.5276, valid:0.3980/best:0.4346, test:0.4449/best:0.4449
[I 2026-09-13 22:15:31,048 ignn.models.IGNN:215] epoch:266/best:70, loss:1.1198, train:0.5230, valid:0.3952/best:0.4346, test:0.4517/best:0.4449
[I 2026-09-13 22:15:31,071 ignn.models.IGNN:215] epoch:267/best:70, loss:1.1118, train:0.5276, valid:0.3938/best:0.4346, test:0.4360/best:0.4449
[I 2026-09-13 22:15:31,094 ignn.models.IGNN:215] epoch:268/best:70, loss:1.1328, train:0.5305, valid:0.3938/best:0.4346, test:0.4472/best:0.4449
[I 2026-09-13 22:15:31,117 ignn.models.IGNN:215] epoch:269/best:70, loss:1.1403, train:0.5436, valid:0.3938/best:0.4346, test:0.4382/best:0.4449
[I 2026-09-13 22:15:31,139 ignn.models.IGNN:215] epoch:270/best:70, loss:1.1192, train:0.5380, valid:0.3854/best:0.4346, test:0.4202/best:0.4449
[I 2026-09-13 22:15:31,139 ignn.models.IGNN:222] Early Stopping! Best Epoch: 70, best val acc: 0.4346, test acc: 0.4449
[I 2026-09-13 22:15:31,140 ignn.models.IGNN:234] 10 epoch cost: 0.2837s.
[I 2026-09-13 22:15:31,152 __main__:210] squirrel_critical 0 res: 0.4449438202247191


[I 2026-09-13 22:15:31,190 ignn.models.IGNN:215] epoch:0/best:0, loss:1.6030, train:0.3290, valid:0.3502/best:0.3502, test:0.3506/best:0.3506
[I 2026-09-13 22:15:31,214 ignn.models.IGNN:215] epoch:1/best:1, loss:1.5882, train:0.3290, valid:0.3502/best:0.3502, test:0.3506/best:0.3506
[I 2026-09-13 22:15:31,238 ignn.models.IGNN:215] epoch:2/best:2, loss:1.5734, train:0.3290, valid:0.3502/best:0.3502, test:0.3506/best:0.3506
[I 2026-09-13 22:15:31,263 ignn.models.IGNN:215] epoch:3/best:3, loss:1.5678, train:0.3290, valid:0.3502/best:0.3502, test:0.3506/best:0.3506
[I 2026-09-13 22:15:31,287 ignn.models.IGNN:215] epoch:4/best:4, loss:1.5533, train:0.3290, valid:0.3502/best:0.3502, test:0.3506/best:0.3506
[I 2026-09-13 22:15:31,311 ignn.models.IGNN:215] epoch:5/best:5, loss:1.5443, train:0.3290, valid:0.3502/best:0.3502, test:0.3506/best:0.3506
[I 2026-09-13 22:15:31,336 ignn.models.IGNN:215] epoch:6/best:6, loss:1.5466, train:0.3290, valid:0.3502/best:0.3502, test:0.3506/best:0.3506
[I 2026-09-13 22:15:31,360 ignn.models.IGNN:215] epoch:7/best:7, loss:1.5307, train:0.3299, valid:0.3516/best:0.3516, test:0.3528/best:0.3528
[I 2026-09-13 22:15:31,384 ignn.models.IGNN:215] epoch:8/best:8, loss:1.5111, train:0.3308, valid:0.3530/best:0.3530, test:0.3528/best:0.3528
[I 2026-09-13 22:15:31,408 ignn.models.IGNN:215] epoch:9/best:9, loss:1.5068, train:0.3374, valid:0.3601/best:0.3601, test:0.3596/best:0.3596
[I 2026-09-13 22:15:31,433 ignn.models.IGNN:215] epoch:10/best:10, loss:1.5099, train:0.3458, valid:0.3657/best:0.3657, test:0.3685/best:0.3685
[I 2026-09-13 22:15:31,457 ignn.models.IGNN:215] epoch:11/best:11, loss:1.4922, train:0.3693, valid:0.3797/best:0.3797, test:0.3910/best:0.3910
[I 2026-09-13 22:15:31,481 ignn.models.IGNN:215] epoch:12/best:12, loss:1.4943, train:0.3646, valid:0.3812/best:0.3812, test:0.3798/best:0.3798
[I 2026-09-13 22:15:31,504 ignn.models.IGNN:215] epoch:13/best:12, loss:1.4641, train:0.3702, valid:0.3783/best:0.3812, test:0.3820/best:0.3798
[I 2026-09-13 22:15:31,528 ignn.models.IGNN:215] epoch:14/best:14, loss:1.4631, train:0.3758, valid:0.3854/best:0.3854, test:0.3933/best:0.3933
[I 2026-09-13 22:15:31,552 ignn.models.IGNN:215] epoch:15/best:15, loss:1.4613, train:0.3927, valid:0.4177/best:0.4177, test:0.4270/best:0.4270
[I 2026-09-13 22:15:31,575 ignn.models.IGNN:215] epoch:16/best:15, loss:1.4433, train:0.3974, valid:0.4149/best:0.4177, test:0.4315/best:0.4270
[I 2026-09-13 22:15:31,598 ignn.models.IGNN:215] epoch:17/best:15, loss:1.4259, train:0.3899, valid:0.4051/best:0.4177, test:0.4157/best:0.4270
[I 2026-09-13 22:15:31,620 ignn.models.IGNN:215] epoch:18/best:15, loss:1.3981, train:0.3964, valid:0.4037/best:0.4177, test:0.4202/best:0.4270
[I 2026-09-13 22:15:31,643 ignn.models.IGNN:215] epoch:19/best:15, loss:1.4148, train:0.4021, valid:0.4093/best:0.4177, test:0.4404/best:0.4270
[I 2026-09-13 22:15:31,666 ignn.models.IGNN:215] epoch:20/best:15, loss:1.3917, train:0.4096, valid:0.4135/best:0.4177, test:0.4337/best:0.4270
[I 2026-09-13 22:15:31,842 ignn.models.IGNN:215] epoch:21/best:15, loss:1.3852, train:0.4049, valid:0.4065/best:0.4177, test:0.4225/best:0.4270
[I 2026-09-13 22:15:31,865 ignn.models.IGNN:215] epoch:22/best:15, loss:1.3675, train:0.4086, valid:0.4121/best:0.4177, test:0.4180/best:0.4270
[I 2026-09-13 22:15:31,889 ignn.models.IGNN:215] epoch:23/best:23, loss:1.3596, train:0.4171, valid:0.4402/best:0.4402, test:0.4360/best:0.4360
[I 2026-09-13 22:15:31,913 ignn.models.IGNN:215] epoch:24/best:24, loss:1.3644, train:0.4180, valid:0.4402/best:0.4402, test:0.4270/best:0.4270
[I 2026-09-13 22:15:31,936 ignn.models.IGNN:215] epoch:25/best:24, loss:1.3428, train:0.4142, valid:0.4276/best:0.4402, test:0.4225/best:0.4270
[I 2026-09-13 22:15:31,959 ignn.models.IGNN:215] epoch:26/best:24, loss:1.3543, train:0.4002, valid:0.4149/best:0.4402, test:0.4247/best:0.4270
[I 2026-09-13 22:15:31,982 ignn.models.IGNN:215] epoch:27/best:24, loss:1.3477, train:0.4199, valid:0.4360/best:0.4402, test:0.4157/best:0.4270
[I 2026-09-13 22:15:32,005 ignn.models.IGNN:215] epoch:28/best:24, loss:1.3179, train:0.4508, valid:0.4374/best:0.4402, test:0.4427/best:0.4270
[I 2026-09-13 22:15:32,028 ignn.models.IGNN:215] epoch:29/best:24, loss:1.3290, train:0.4199, valid:0.4346/best:0.4402, test:0.4292/best:0.4270
[I 2026-09-13 22:15:32,051 ignn.models.IGNN:215] epoch:30/best:24, loss:1.3083, train:0.4142, valid:0.4276/best:0.4402, test:0.4337/best:0.4270
[I 2026-09-13 22:15:32,073 ignn.models.IGNN:215] epoch:31/best:24, loss:1.3185, train:0.4414, valid:0.4332/best:0.4402, test:0.4539/best:0.4270
[I 2026-09-13 22:15:32,096 ignn.models.IGNN:215] epoch:32/best:24, loss:1.2987, train:0.4545, valid:0.4360/best:0.4402, test:0.4494/best:0.4270
[I 2026-09-13 22:15:32,119 ignn.models.IGNN:215] epoch:33/best:24, loss:1.3349, train:0.4480, valid:0.4248/best:0.4402, test:0.4472/best:0.4270
[I 2026-09-13 22:15:32,142 ignn.models.IGNN:215] epoch:34/best:24, loss:1.2871, train:0.4330, valid:0.4304/best:0.4402, test:0.4427/best:0.4270
[I 2026-09-13 22:15:32,165 ignn.models.IGNN:215] epoch:35/best:24, loss:1.2914, train:0.4377, valid:0.4262/best:0.4402, test:0.4427/best:0.4270
[I 2026-09-13 22:15:32,188 ignn.models.IGNN:215] epoch:36/best:24, loss:1.3046, train:0.4442, valid:0.4248/best:0.4402, test:0.4472/best:0.4270
[I 2026-09-13 22:15:32,211 ignn.models.IGNN:215] epoch:37/best:24, loss:1.2710, train:0.4574, valid:0.4346/best:0.4402, test:0.4584/best:0.4270
[I 2026-09-13 22:15:32,233 ignn.models.IGNN:215] epoch:38/best:24, loss:1.3078, train:0.4574, valid:0.4318/best:0.4402, test:0.4584/best:0.4270
[I 2026-09-13 22:15:32,258 ignn.models.IGNN:215] epoch:39/best:39, loss:1.2729, train:0.4536, valid:0.4402/best:0.4402, test:0.4517/best:0.4517
[I 2026-09-13 22:15:32,281 ignn.models.IGNN:215] epoch:40/best:39, loss:1.2677, train:0.4489, valid:0.4262/best:0.4402, test:0.4404/best:0.4517
[I 2026-09-13 22:15:32,303 ignn.models.IGNN:215] epoch:41/best:39, loss:1.2880, train:0.4583, valid:0.4276/best:0.4402, test:0.4404/best:0.4517
[I 2026-09-13 22:15:32,328 ignn.models.IGNN:215] epoch:42/best:42, loss:1.2759, train:0.4808, valid:0.4515/best:0.4515, test:0.4674/best:0.4674
[I 2026-09-13 22:15:32,350 ignn.models.IGNN:215] epoch:43/best:42, loss:1.2777, train:0.4808, valid:0.4459/best:0.4515, test:0.4674/best:0.4674
[I 2026-09-13 22:15:32,373 ignn.models.IGNN:215] epoch:44/best:42, loss:1.2891, train:0.4620, valid:0.4318/best:0.4515, test:0.4404/best:0.4674
[I 2026-09-13 22:15:32,396 ignn.models.IGNN:215] epoch:45/best:42, loss:1.2595, train:0.4330, valid:0.4093/best:0.4515, test:0.4315/best:0.4674
[I 2026-09-13 22:15:32,419 ignn.models.IGNN:215] epoch:46/best:42, loss:1.2359, train:0.4461, valid:0.4079/best:0.4515, test:0.4404/best:0.4674
[I 2026-09-13 22:15:32,442 ignn.models.IGNN:215] epoch:47/best:42, loss:1.2580, train:0.4808, valid:0.4473/best:0.4515, test:0.4584/best:0.4674
[I 2026-09-13 22:15:32,464 ignn.models.IGNN:215] epoch:48/best:42, loss:1.2766, train:0.4583, valid:0.4233/best:0.4515, test:0.4360/best:0.4674
[I 2026-09-13 22:15:32,487 ignn.models.IGNN:215] epoch:49/best:42, loss:1.2332, train:0.4452, valid:0.4079/best:0.4515, test:0.4382/best:0.4674
[I 2026-09-13 22:15:32,510 ignn.models.IGNN:215] epoch:50/best:42, loss:1.2522, train:0.4545, valid:0.4233/best:0.4515, test:0.4472/best:0.4674
[I 2026-09-13 22:15:32,534 ignn.models.IGNN:215] epoch:51/best:51, loss:1.2581, train:0.4958, valid:0.4543/best:0.4543, test:0.4607/best:0.4607
[I 2026-09-13 22:15:32,557 ignn.models.IGNN:215] epoch:52/best:51, loss:1.2518, train:0.4508, valid:0.4191/best:0.4543, test:0.4494/best:0.4607
[I 2026-09-13 22:15:32,580 ignn.models.IGNN:215] epoch:53/best:51, loss:1.2660, train:0.4414, valid:0.4107/best:0.4543, test:0.4360/best:0.4607
[I 2026-09-13 22:15:32,603 ignn.models.IGNN:215] epoch:54/best:51, loss:1.2659, train:0.4649, valid:0.4360/best:0.4543, test:0.4629/best:0.4607
[I 2026-09-13 22:15:32,626 ignn.models.IGNN:215] epoch:55/best:51, loss:1.2525, train:0.4733, valid:0.4304/best:0.4543, test:0.4629/best:0.4607
[I 2026-09-13 22:15:32,648 ignn.models.IGNN:215] epoch:56/best:51, loss:1.2657, train:0.4677, valid:0.4262/best:0.4543, test:0.4674/best:0.4607
[I 2026-09-13 22:15:32,824 ignn.models.IGNN:215] epoch:57/best:51, loss:1.2180, train:0.4545, valid:0.4233/best:0.4543, test:0.4584/best:0.4607
[I 2026-09-13 22:15:32,847 ignn.models.IGNN:215] epoch:58/best:51, loss:1.2084, train:0.4630, valid:0.4276/best:0.4543, test:0.4652/best:0.4607
[I 2026-09-13 22:15:32,870 ignn.models.IGNN:215] epoch:59/best:51, loss:1.2408, train:0.4733, valid:0.4290/best:0.4543, test:0.4674/best:0.4607
[I 2026-09-13 22:15:32,892 ignn.models.IGNN:215] epoch:60/best:51, loss:1.2244, train:0.4724, valid:0.4290/best:0.4543, test:0.4697/best:0.4607
[I 2026-09-13 22:15:32,915 ignn.models.IGNN:215] epoch:61/best:51, loss:1.2596, train:0.4424, valid:0.4205/best:0.4543, test:0.4360/best:0.4607
[I 2026-09-13 22:15:32,938 ignn.models.IGNN:215] epoch:62/best:51, loss:1.2312, train:0.4414, valid:0.4233/best:0.4543, test:0.4337/best:0.4607
[I 2026-09-13 22:15:32,961 ignn.models.IGNN:215] epoch:63/best:51, loss:1.2384, train:0.4452, valid:0.4276/best:0.4543, test:0.4517/best:0.4607
[I 2026-09-13 22:15:32,983 ignn.models.IGNN:215] epoch:64/best:51, loss:1.2264, train:0.4433, valid:0.4276/best:0.4543, test:0.4562/best:0.4607
[I 2026-09-13 22:15:33,006 ignn.models.IGNN:215] epoch:65/best:51, loss:1.2157, train:0.4714, valid:0.4430/best:0.4543, test:0.4539/best:0.4607
[I 2026-09-13 22:15:33,029 ignn.models.IGNN:215] epoch:66/best:51, loss:1.2563, train:0.4939, valid:0.4374/best:0.4543, test:0.4404/best:0.4607
[I 2026-09-13 22:15:33,052 ignn.models.IGNN:215] epoch:67/best:51, loss:1.2401, train:0.4536, valid:0.4205/best:0.4543, test:0.4584/best:0.4607
[I 2026-09-13 22:15:33,075 ignn.models.IGNN:215] epoch:68/best:51, loss:1.2417, train:0.4470, valid:0.4248/best:0.4543, test:0.4539/best:0.4607
[I 2026-09-13 22:15:33,097 ignn.models.IGNN:215] epoch:69/best:51, loss:1.2189, train:0.4536, valid:0.4304/best:0.4543, test:0.4539/best:0.4607
[I 2026-09-13 22:15:33,120 ignn.models.IGNN:215] epoch:70/best:51, loss:1.2043, train:0.4677, valid:0.4332/best:0.4543, test:0.4607/best:0.4607
[I 2026-09-13 22:15:33,143 ignn.models.IGNN:215] epoch:71/best:51, loss:1.2112, train:0.4574, valid:0.4346/best:0.4543, test:0.4539/best:0.4607
[I 2026-09-13 22:15:33,166 ignn.models.IGNN:215] epoch:72/best:51, loss:1.2282, train:0.4499, valid:0.4304/best:0.4543, test:0.4517/best:0.4607
[I 2026-09-13 22:15:33,189 ignn.models.IGNN:215] epoch:73/best:51, loss:1.2118, train:0.4545, valid:0.4304/best:0.4543, test:0.4562/best:0.4607
[I 2026-09-13 22:15:33,212 ignn.models.IGNN:215] epoch:74/best:51, loss:1.2129, train:0.4536, valid:0.4318/best:0.4543, test:0.4539/best:0.4607
[I 2026-09-13 22:15:33,235 ignn.models.IGNN:215] epoch:75/best:51, loss:1.2406, train:0.4873, valid:0.4346/best:0.4543, test:0.4584/best:0.4607
[I 2026-09-13 22:15:33,257 ignn.models.IGNN:215] epoch:76/best:51, loss:1.2308, train:0.4574, valid:0.4318/best:0.4543, test:0.4517/best:0.4607
[I 2026-09-13 22:15:33,280 ignn.models.IGNN:215] epoch:77/best:51, loss:1.2004, train:0.4405, valid:0.4191/best:0.4543, test:0.4315/best:0.4607
[I 2026-09-13 22:15:33,303 ignn.models.IGNN:215] epoch:78/best:51, loss:1.2270, train:0.4255, valid:0.4121/best:0.4543, test:0.4270/best:0.4607
[I 2026-09-13 22:15:33,326 ignn.models.IGNN:215] epoch:79/best:51, loss:1.2369, train:0.4433, valid:0.4149/best:0.4543, test:0.4472/best:0.4607
[I 2026-09-13 22:15:33,349 ignn.models.IGNN:215] epoch:80/best:51, loss:1.2297, train:0.5061, valid:0.4402/best:0.4543, test:0.4517/best:0.4607
[I 2026-09-13 22:15:33,373 ignn.models.IGNN:215] epoch:81/best:81, loss:1.2298, train:0.5211, valid:0.4571/best:0.4571, test:0.4472/best:0.4472
[I 2026-09-13 22:15:33,396 ignn.models.IGNN:215] epoch:82/best:81, loss:1.2134, train:0.4695, valid:0.4276/best:0.4571, test:0.4449/best:0.4472
[I 2026-09-13 22:15:33,419 ignn.models.IGNN:215] epoch:83/best:81, loss:1.2254, train:0.4377, valid:0.4149/best:0.4571, test:0.4157/best:0.4472
[I 2026-09-13 22:15:33,441 ignn.models.IGNN:215] epoch:84/best:81, loss:1.2268, train:0.4396, valid:0.4135/best:0.4571, test:0.4247/best:0.4472
[I 2026-09-13 22:15:33,464 ignn.models.IGNN:215] epoch:85/best:81, loss:1.2130, train:0.4845, valid:0.4276/best:0.4571, test:0.4472/best:0.4472
[I 2026-09-13 22:15:33,489 ignn.models.IGNN:215] epoch:86/best:86, loss:1.2075, train:0.5230, valid:0.4571/best:0.4571, test:0.4472/best:0.4472
[I 2026-09-13 22:15:33,511 ignn.models.IGNN:215] epoch:87/best:86, loss:1.2079, train:0.5267, valid:0.4473/best:0.4571, test:0.4517/best:0.4472
[I 2026-09-13 22:15:33,534 ignn.models.IGNN:215] epoch:88/best:86, loss:1.2444, train:0.4724, valid:0.4248/best:0.4571, test:0.4494/best:0.4472
[I 2026-09-13 22:15:33,557 ignn.models.IGNN:215] epoch:89/best:86, loss:1.2192, train:0.4274, valid:0.4177/best:0.4571, test:0.4157/best:0.4472
[I 2026-09-13 22:15:33,580 ignn.models.IGNN:215] epoch:90/best:86, loss:1.2267, train:0.4105, valid:0.4149/best:0.4571, test:0.4247/best:0.4472
[I 2026-09-13 22:15:33,603 ignn.models.IGNN:215] epoch:91/best:86, loss:1.2400, train:0.4602, valid:0.4135/best:0.4571, test:0.4404/best:0.4472
[I 2026-09-13 22:15:33,626 ignn.models.IGNN:215] epoch:92/best:86, loss:1.1800, train:0.5108, valid:0.4360/best:0.4571, test:0.4584/best:0.4472
[I 2026-09-13 22:15:33,803 ignn.models.IGNN:215] epoch:93/best:86, loss:1.1933, train:0.5351, valid:0.4501/best:0.4571, test:0.4562/best:0.4472
[I 2026-09-13 22:15:33,826 ignn.models.IGNN:215] epoch:94/best:86, loss:1.2165, train:0.5155, valid:0.4360/best:0.4571, test:0.4472/best:0.4472
[I 2026-09-13 22:15:33,849 ignn.models.IGNN:215] epoch:95/best:86, loss:1.2132, train:0.4658, valid:0.4276/best:0.4571, test:0.4449/best:0.4472
[I 2026-09-13 22:15:33,872 ignn.models.IGNN:215] epoch:96/best:86, loss:1.2129, train:0.4433, valid:0.4163/best:0.4571, test:0.4427/best:0.4472
[I 2026-09-13 22:15:33,895 ignn.models.IGNN:215] epoch:97/best:86, loss:1.1804, train:0.4358, valid:0.4079/best:0.4571, test:0.4315/best:0.4472
[I 2026-09-13 22:15:33,918 ignn.models.IGNN:215] epoch:98/best:86, loss:1.2117, train:0.4602, valid:0.4248/best:0.4571, test:0.4472/best:0.4472
[I 2026-09-13 22:15:33,940 ignn.models.IGNN:215] epoch:99/best:86, loss:1.1956, train:0.5117, valid:0.4402/best:0.4571, test:0.4584/best:0.4472
[I 2026-09-13 22:15:33,963 ignn.models.IGNN:215] epoch:100/best:86, loss:1.1759, train:0.5333, valid:0.4346/best:0.4571, test:0.4629/best:0.4472
[I 2026-09-13 22:15:33,986 ignn.models.IGNN:215] epoch:101/best:86, loss:1.2058, train:0.5052, valid:0.4276/best:0.4571, test:0.4607/best:0.4472
[I 2026-09-13 22:15:34,009 ignn.models.IGNN:215] epoch:102/best:86, loss:1.2243, train:0.4667, valid:0.4318/best:0.4571, test:0.4539/best:0.4472
[I 2026-09-13 22:15:34,032 ignn.models.IGNN:215] epoch:103/best:86, loss:1.2043, train:0.4405, valid:0.4149/best:0.4571, test:0.4404/best:0.4472
[I 2026-09-13 22:15:34,054 ignn.models.IGNN:215] epoch:104/best:86, loss:1.2389, train:0.4527, valid:0.4135/best:0.4571, test:0.4472/best:0.4472
[I 2026-09-13 22:15:34,077 ignn.models.IGNN:215] epoch:105/best:86, loss:1.2091, train:0.5070, valid:0.4360/best:0.4571, test:0.4539/best:0.4472
[I 2026-09-13 22:15:34,100 ignn.models.IGNN:215] epoch:106/best:86, loss:1.2161, train:0.5455, valid:0.4459/best:0.4571, test:0.4562/best:0.4472
[I 2026-09-13 22:15:34,123 ignn.models.IGNN:215] epoch:107/best:86, loss:1.2072, train:0.5530, valid:0.4388/best:0.4571, test:0.4517/best:0.4472
[I 2026-09-13 22:15:34,146 ignn.models.IGNN:215] epoch:108/best:86, loss:1.2022, train:0.5145, valid:0.4416/best:0.4571, test:0.4719/best:0.4472
[I 2026-09-13 22:15:34,169 ignn.models.IGNN:215] epoch:109/best:86, loss:1.1982, train:0.4517, valid:0.4219/best:0.4571, test:0.4472/best:0.4472
[I 2026-09-13 22:15:34,191 ignn.models.IGNN:215] epoch:110/best:86, loss:1.2177, train:0.4274, valid:0.4008/best:0.4571, test:0.4337/best:0.4472
[I 2026-09-13 22:15:34,214 ignn.models.IGNN:215] epoch:111/best:86, loss:1.1922, train:0.4396, valid:0.4093/best:0.4571, test:0.4404/best:0.4472
[I 2026-09-13 22:15:34,237 ignn.models.IGNN:215] epoch:112/best:86, loss:1.2110, train:0.4864, valid:0.4262/best:0.4571, test:0.4607/best:0.4472
[I 2026-09-13 22:15:34,260 ignn.models.IGNN:215] epoch:113/best:86, loss:1.1977, train:0.5267, valid:0.4416/best:0.4571, test:0.4562/best:0.4472
[I 2026-09-13 22:15:34,283 ignn.models.IGNN:215] epoch:114/best:86, loss:1.2209, train:0.5314, valid:0.4473/best:0.4571, test:0.4584/best:0.4472
[I 2026-09-13 22:15:34,306 ignn.models.IGNN:215] epoch:115/best:86, loss:1.2098, train:0.5145, valid:0.4444/best:0.4571, test:0.4742/best:0.4472
[I 2026-09-13 22:15:34,329 ignn.models.IGNN:215] epoch:116/best:86, loss:1.1937, train:0.4892, valid:0.4318/best:0.4571, test:0.4652/best:0.4472
[I 2026-09-13 22:15:34,351 ignn.models.IGNN:215] epoch:117/best:86, loss:1.1876, train:0.4527, valid:0.4205/best:0.4571, test:0.4539/best:0.4472
[I 2026-09-13 22:15:34,374 ignn.models.IGNN:215] epoch:118/best:86, loss:1.1929, train:0.4658, valid:0.4233/best:0.4571, test:0.4607/best:0.4472
[I 2026-09-13 22:15:34,397 ignn.models.IGNN:215] epoch:119/best:86, loss:1.2179, train:0.4883, valid:0.4388/best:0.4571, test:0.4652/best:0.4472
[I 2026-09-13 22:15:34,420 ignn.models.IGNN:215] epoch:120/best:86, loss:1.1941, train:0.5239, valid:0.4430/best:0.4571, test:0.4697/best:0.4472
[I 2026-09-13 22:15:34,443 ignn.models.IGNN:215] epoch:121/best:86, loss:1.1920, train:0.5061, valid:0.4402/best:0.4571, test:0.4652/best:0.4472
[I 2026-09-13 22:15:34,465 ignn.models.IGNN:215] epoch:122/best:86, loss:1.1976, train:0.4817, valid:0.4205/best:0.4571, test:0.4629/best:0.4472
[I 2026-09-13 22:15:34,488 ignn.models.IGNN:215] epoch:123/best:86, loss:1.1874, train:0.4480, valid:0.4248/best:0.4571, test:0.4494/best:0.4472
[I 2026-09-13 22:15:34,511 ignn.models.IGNN:215] epoch:124/best:86, loss:1.2030, train:0.4742, valid:0.4205/best:0.4571, test:0.4562/best:0.4472
[I 2026-09-13 22:15:34,534 ignn.models.IGNN:215] epoch:125/best:86, loss:1.1957, train:0.5173, valid:0.4459/best:0.4571, test:0.4652/best:0.4472
[I 2026-09-13 22:15:34,557 ignn.models.IGNN:215] epoch:126/best:86, loss:1.1727, train:0.5426, valid:0.4515/best:0.4571, test:0.4404/best:0.4472
[I 2026-09-13 22:15:34,579 ignn.models.IGNN:215] epoch:127/best:86, loss:1.2034, train:0.5408, valid:0.4529/best:0.4571, test:0.4494/best:0.4472
[I 2026-09-13 22:15:34,602 ignn.models.IGNN:215] epoch:128/best:86, loss:1.1953, train:0.5164, valid:0.4430/best:0.4571, test:0.4584/best:0.4472
[I 2026-09-13 22:15:34,778 ignn.models.IGNN:215] epoch:129/best:86, loss:1.1826, train:0.4986, valid:0.4402/best:0.4571, test:0.4584/best:0.4472
[I 2026-09-13 22:15:34,801 ignn.models.IGNN:215] epoch:130/best:86, loss:1.1855, train:0.4892, valid:0.4290/best:0.4571, test:0.4562/best:0.4472
[I 2026-09-13 22:15:34,824 ignn.models.IGNN:215] epoch:131/best:86, loss:1.1569, train:0.5014, valid:0.4430/best:0.4571, test:0.4629/best:0.4472
[I 2026-09-13 22:15:34,847 ignn.models.IGNN:215] epoch:132/best:86, loss:1.2041, train:0.5305, valid:0.4402/best:0.4571, test:0.4629/best:0.4472
[I 2026-09-13 22:15:34,870 ignn.models.IGNN:215] epoch:133/best:86, loss:1.1837, train:0.5511, valid:0.4444/best:0.4571, test:0.4539/best:0.4472
[I 2026-09-13 22:15:34,892 ignn.models.IGNN:215] epoch:134/best:86, loss:1.1962, train:0.5445, valid:0.4473/best:0.4571, test:0.4562/best:0.4472
[I 2026-09-13 22:15:34,915 ignn.models.IGNN:215] epoch:135/best:86, loss:1.2022, train:0.5305, valid:0.4388/best:0.4571, test:0.4607/best:0.4472
[I 2026-09-13 22:15:34,938 ignn.models.IGNN:215] epoch:136/best:86, loss:1.1429, train:0.5089, valid:0.4402/best:0.4571, test:0.4562/best:0.4472
[I 2026-09-13 22:15:34,961 ignn.models.IGNN:215] epoch:137/best:86, loss:1.1944, train:0.4967, valid:0.4304/best:0.4571, test:0.4494/best:0.4472
[I 2026-09-13 22:15:34,984 ignn.models.IGNN:215] epoch:138/best:86, loss:1.2127, train:0.5117, valid:0.4374/best:0.4571, test:0.4562/best:0.4472
[I 2026-09-13 22:15:35,006 ignn.models.IGNN:215] epoch:139/best:86, loss:1.2093, train:0.5455, valid:0.4402/best:0.4571, test:0.4382/best:0.4472
[I 2026-09-13 22:15:35,029 ignn.models.IGNN:215] epoch:140/best:86, loss:1.1855, train:0.5520, valid:0.4459/best:0.4571, test:0.4270/best:0.4472
[I 2026-09-13 22:15:35,052 ignn.models.IGNN:215] epoch:141/best:86, loss:1.1903, train:0.5323, valid:0.4430/best:0.4571, test:0.4449/best:0.4472
[I 2026-09-13 22:15:35,075 ignn.models.IGNN:215] epoch:142/best:86, loss:1.2075, train:0.5042, valid:0.4332/best:0.4571, test:0.4539/best:0.4472
[I 2026-09-13 22:15:35,098 ignn.models.IGNN:215] epoch:143/best:86, loss:1.1743, train:0.4930, valid:0.4248/best:0.4571, test:0.4472/best:0.4472
[I 2026-09-13 22:15:35,121 ignn.models.IGNN:215] epoch:144/best:86, loss:1.1930, train:0.5080, valid:0.4318/best:0.4571, test:0.4472/best:0.4472
[I 2026-09-13 22:15:35,143 ignn.models.IGNN:215] epoch:145/best:86, loss:1.1859, train:0.5286, valid:0.4444/best:0.4571, test:0.4562/best:0.4472
[I 2026-09-13 22:15:35,166 ignn.models.IGNN:215] epoch:146/best:86, loss:1.1627, train:0.5511, valid:0.4444/best:0.4571, test:0.4494/best:0.4472
[I 2026-09-13 22:15:35,189 ignn.models.IGNN:215] epoch:147/best:86, loss:1.1944, train:0.5464, valid:0.4473/best:0.4571, test:0.4449/best:0.4472
[I 2026-09-13 22:15:35,212 ignn.models.IGNN:215] epoch:148/best:86, loss:1.1852, train:0.5276, valid:0.4543/best:0.4571, test:0.4652/best:0.4472
[I 2026-09-13 22:15:35,235 ignn.models.IGNN:215] epoch:149/best:86, loss:1.1670, train:0.4911, valid:0.4402/best:0.4571, test:0.4607/best:0.4472
[I 2026-09-13 22:15:35,257 ignn.models.IGNN:215] epoch:150/best:86, loss:1.1921, train:0.4789, valid:0.4346/best:0.4571, test:0.4562/best:0.4472
[I 2026-09-13 22:15:35,280 ignn.models.IGNN:215] epoch:151/best:86, loss:1.2095, train:0.5145, valid:0.4402/best:0.4571, test:0.4517/best:0.4472
[I 2026-09-13 22:15:35,303 ignn.models.IGNN:215] epoch:152/best:86, loss:1.1944, train:0.5520, valid:0.4402/best:0.4571, test:0.4539/best:0.4472
[I 2026-09-13 22:15:35,326 ignn.models.IGNN:215] epoch:153/best:86, loss:1.1779, train:0.5520, valid:0.4416/best:0.4571, test:0.4427/best:0.4472
[I 2026-09-13 22:15:35,349 ignn.models.IGNN:215] epoch:154/best:86, loss:1.2013, train:0.5595, valid:0.4416/best:0.4571, test:0.4337/best:0.4472
[I 2026-09-13 22:15:35,371 ignn.models.IGNN:215] epoch:155/best:86, loss:1.1882, train:0.5520, valid:0.4473/best:0.4571, test:0.4382/best:0.4472
[I 2026-09-13 22:15:35,394 ignn.models.IGNN:215] epoch:156/best:86, loss:1.1866, train:0.5070, valid:0.4374/best:0.4571, test:0.4517/best:0.4472
[I 2026-09-13 22:15:35,417 ignn.models.IGNN:215] epoch:157/best:86, loss:1.1735, train:0.4986, valid:0.4360/best:0.4571, test:0.4584/best:0.4472
[I 2026-09-13 22:15:35,440 ignn.models.IGNN:215] epoch:158/best:86, loss:1.1803, train:0.5061, valid:0.4444/best:0.4571, test:0.4562/best:0.4472
[I 2026-09-13 22:15:35,462 ignn.models.IGNN:215] epoch:159/best:86, loss:1.1679, train:0.5201, valid:0.4388/best:0.4571, test:0.4562/best:0.4472
[I 2026-09-13 22:15:35,485 ignn.models.IGNN:215] epoch:160/best:86, loss:1.1801, train:0.5436, valid:0.4543/best:0.4571, test:0.4404/best:0.4472
[I 2026-09-13 22:15:35,508 ignn.models.IGNN:215] epoch:161/best:86, loss:1.1520, train:0.5473, valid:0.4487/best:0.4571, test:0.4404/best:0.4472
[I 2026-09-13 22:15:35,531 ignn.models.IGNN:215] epoch:162/best:86, loss:1.1626, train:0.5295, valid:0.4402/best:0.4571, test:0.4562/best:0.4472
[I 2026-09-13 22:15:35,554 ignn.models.IGNN:215] epoch:163/best:86, loss:1.1897, train:0.5192, valid:0.4346/best:0.4571, test:0.4584/best:0.4472
[I 2026-09-13 22:15:35,576 ignn.models.IGNN:215] epoch:164/best:86, loss:1.1757, train:0.5333, valid:0.4346/best:0.4571, test:0.4539/best:0.4472
[I 2026-09-13 22:15:35,753 ignn.models.IGNN:215] epoch:165/best:86, loss:1.1407, train:0.5464, valid:0.4473/best:0.4571, test:0.4472/best:0.4472
[I 2026-09-13 22:15:35,775 ignn.models.IGNN:215] epoch:166/best:86, loss:1.1614, train:0.5642, valid:0.4515/best:0.4571, test:0.4427/best:0.4472
[I 2026-09-13 22:15:35,798 ignn.models.IGNN:215] epoch:167/best:86, loss:1.1669, train:0.5764, valid:0.4529/best:0.4571, test:0.4427/best:0.4472
[I 2026-09-13 22:15:35,821 ignn.models.IGNN:215] epoch:168/best:86, loss:1.1895, train:0.5614, valid:0.4501/best:0.4571, test:0.4472/best:0.4472
[I 2026-09-13 22:15:35,844 ignn.models.IGNN:215] epoch:169/best:86, loss:1.1704, train:0.5370, valid:0.4318/best:0.4571, test:0.4494/best:0.4472
[I 2026-09-13 22:15:35,867 ignn.models.IGNN:215] epoch:170/best:86, loss:1.1786, train:0.5286, valid:0.4290/best:0.4571, test:0.4494/best:0.4472
[I 2026-09-13 22:15:35,890 ignn.models.IGNN:215] epoch:171/best:86, loss:1.1723, train:0.5361, valid:0.4374/best:0.4571, test:0.4472/best:0.4472
[I 2026-09-13 22:15:35,913 ignn.models.IGNN:215] epoch:172/best:86, loss:1.1637, train:0.5726, valid:0.4501/best:0.4571, test:0.4427/best:0.4472
[I 2026-09-13 22:15:35,936 ignn.models.IGNN:215] epoch:173/best:86, loss:1.1408, train:0.5801, valid:0.4416/best:0.4571, test:0.4427/best:0.4472
[I 2026-09-13 22:15:35,960 ignn.models.IGNN:215] epoch:174/best:86, loss:1.1848, train:0.5679, valid:0.4515/best:0.4571, test:0.4539/best:0.4472
[I 2026-09-13 22:15:35,982 ignn.models.IGNN:215] epoch:175/best:86, loss:1.1707, train:0.5398, valid:0.4416/best:0.4571, test:0.4562/best:0.4472
[I 2026-09-13 22:15:36,005 ignn.models.IGNN:215] epoch:176/best:86, loss:1.1482, train:0.5183, valid:0.4304/best:0.4571, test:0.4562/best:0.4472
[I 2026-09-13 22:15:36,028 ignn.models.IGNN:215] epoch:177/best:86, loss:1.1664, train:0.5248, valid:0.4332/best:0.4571, test:0.4607/best:0.4472
[I 2026-09-13 22:15:36,051 ignn.models.IGNN:215] epoch:178/best:86, loss:1.1727, train:0.5464, valid:0.4416/best:0.4571, test:0.4472/best:0.4472
[I 2026-09-13 22:15:36,074 ignn.models.IGNN:215] epoch:179/best:86, loss:1.1897, train:0.5773, valid:0.4473/best:0.4571, test:0.4539/best:0.4472
[I 2026-09-13 22:15:36,097 ignn.models.IGNN:215] epoch:180/best:86, loss:1.1876, train:0.5708, valid:0.4473/best:0.4571, test:0.4494/best:0.4472
[I 2026-09-13 22:15:36,120 ignn.models.IGNN:215] epoch:181/best:86, loss:1.1641, train:0.5726, valid:0.4487/best:0.4571, test:0.4449/best:0.4472
[I 2026-09-13 22:15:36,143 ignn.models.IGNN:215] epoch:182/best:86, loss:1.1504, train:0.5614, valid:0.4487/best:0.4571, test:0.4404/best:0.4472
[I 2026-09-13 22:15:36,166 ignn.models.IGNN:215] epoch:183/best:86, loss:1.1543, train:0.5623, valid:0.4444/best:0.4571, test:0.4427/best:0.4472
[I 2026-09-13 22:15:36,190 ignn.models.IGNN:215] epoch:184/best:86, loss:1.1839, train:0.5633, valid:0.4430/best:0.4571, test:0.4382/best:0.4472
[I 2026-09-13 22:15:36,213 ignn.models.IGNN:215] epoch:185/best:86, loss:1.1351, train:0.5689, valid:0.4360/best:0.4571, test:0.4292/best:0.4472
[I 2026-09-13 22:15:36,235 ignn.models.IGNN:215] epoch:186/best:86, loss:1.1473, train:0.5679, valid:0.4318/best:0.4571, test:0.4337/best:0.4472
[I 2026-09-13 22:15:36,258 ignn.models.IGNN:215] epoch:187/best:86, loss:1.1348, train:0.5567, valid:0.4332/best:0.4571, test:0.4404/best:0.4472
[I 2026-09-13 22:15:36,281 ignn.models.IGNN:215] epoch:188/best:86, loss:1.1330, train:0.5417, valid:0.4332/best:0.4571, test:0.4517/best:0.4472
[I 2026-09-13 22:15:36,304 ignn.models.IGNN:215] epoch:189/best:86, loss:1.1625, train:0.5473, valid:0.4290/best:0.4571, test:0.4584/best:0.4472
[I 2026-09-13 22:15:36,326 ignn.models.IGNN:215] epoch:190/best:86, loss:1.1802, train:0.5473, valid:0.4332/best:0.4571, test:0.4539/best:0.4472
[I 2026-09-13 22:15:36,349 ignn.models.IGNN:215] epoch:191/best:86, loss:1.1431, train:0.5811, valid:0.4416/best:0.4571, test:0.4315/best:0.4472
[I 2026-09-13 22:15:36,372 ignn.models.IGNN:215] epoch:192/best:86, loss:1.1989, train:0.5501, valid:0.4388/best:0.4571, test:0.4539/best:0.4472
[I 2026-09-13 22:15:36,395 ignn.models.IGNN:215] epoch:193/best:86, loss:1.1585, train:0.5455, valid:0.4332/best:0.4571, test:0.4584/best:0.4472
[I 2026-09-13 22:15:36,417 ignn.models.IGNN:215] epoch:194/best:86, loss:1.1382, train:0.5436, valid:0.4304/best:0.4571, test:0.4584/best:0.4472
[I 2026-09-13 22:15:36,440 ignn.models.IGNN:215] epoch:195/best:86, loss:1.1601, train:0.5483, valid:0.4262/best:0.4571, test:0.4539/best:0.4472
[I 2026-09-13 22:15:36,463 ignn.models.IGNN:215] epoch:196/best:86, loss:1.1772, train:0.5604, valid:0.4332/best:0.4571, test:0.4382/best:0.4472
[I 2026-09-13 22:15:36,486 ignn.models.IGNN:215] epoch:197/best:86, loss:1.1628, train:0.5623, valid:0.4248/best:0.4571, test:0.4225/best:0.4472
[I 2026-09-13 22:15:36,509 ignn.models.IGNN:215] epoch:198/best:86, loss:1.1560, train:0.5726, valid:0.4374/best:0.4571, test:0.4270/best:0.4472
[I 2026-09-13 22:15:36,531 ignn.models.IGNN:215] epoch:199/best:86, loss:1.1401, train:0.5708, valid:0.4360/best:0.4571, test:0.4202/best:0.4472
[I 2026-09-13 22:15:36,554 ignn.models.IGNN:215] epoch:200/best:86, loss:1.1588, train:0.5623, valid:0.4248/best:0.4571, test:0.4360/best:0.4472
[I 2026-09-13 22:15:36,731 ignn.models.IGNN:215] epoch:201/best:86, loss:1.1440, train:0.5595, valid:0.4262/best:0.4571, test:0.4337/best:0.4472
[I 2026-09-13 22:15:36,754 ignn.models.IGNN:215] epoch:202/best:86, loss:1.1441, train:0.5511, valid:0.4318/best:0.4571, test:0.4382/best:0.4472
[I 2026-09-13 22:15:36,777 ignn.models.IGNN:215] epoch:203/best:86, loss:1.1682, train:0.5651, valid:0.4360/best:0.4571, test:0.4337/best:0.4472
[I 2026-09-13 22:15:36,800 ignn.models.IGNN:215] epoch:204/best:86, loss:1.1570, train:0.5886, valid:0.4276/best:0.4571, test:0.4337/best:0.4472
[I 2026-09-13 22:15:36,823 ignn.models.IGNN:215] epoch:205/best:86, loss:1.1469, train:0.5858, valid:0.4304/best:0.4571, test:0.4337/best:0.4472
[I 2026-09-13 22:15:36,845 ignn.models.IGNN:215] epoch:206/best:86, loss:1.1722, train:0.5876, valid:0.4318/best:0.4571, test:0.4315/best:0.4472
[I 2026-09-13 22:15:36,868 ignn.models.IGNN:215] epoch:207/best:86, loss:1.1612, train:0.5689, valid:0.4416/best:0.4571, test:0.4337/best:0.4472
[I 2026-09-13 22:15:36,891 ignn.models.IGNN:215] epoch:208/best:86, loss:1.1392, train:0.5389, valid:0.4233/best:0.4571, test:0.4539/best:0.4472
[I 2026-09-13 22:15:36,914 ignn.models.IGNN:215] epoch:209/best:86, loss:1.1623, train:0.5511, valid:0.4205/best:0.4571, test:0.4517/best:0.4472
[I 2026-09-13 22:15:36,937 ignn.models.IGNN:215] epoch:210/best:86, loss:1.1730, train:0.5708, valid:0.4276/best:0.4571, test:0.4292/best:0.4472
[I 2026-09-13 22:15:36,959 ignn.models.IGNN:215] epoch:211/best:86, loss:1.1800, train:0.5736, valid:0.4233/best:0.4571, test:0.4225/best:0.4472
[I 2026-09-13 22:15:36,982 ignn.models.IGNN:215] epoch:212/best:86, loss:1.1924, train:0.5670, valid:0.4219/best:0.4571, test:0.4180/best:0.4472
[I 2026-09-13 22:15:37,005 ignn.models.IGNN:215] epoch:213/best:86, loss:1.1706, train:0.5792, valid:0.4304/best:0.4571, test:0.4247/best:0.4472
[I 2026-09-13 22:15:37,028 ignn.models.IGNN:215] epoch:214/best:86, loss:1.1407, train:0.5239, valid:0.4262/best:0.4571, test:0.4539/best:0.4472
[I 2026-09-13 22:15:37,051 ignn.models.IGNN:215] epoch:215/best:86, loss:1.1922, train:0.4930, valid:0.4149/best:0.4571, test:0.4382/best:0.4472
[I 2026-09-13 22:15:37,074 ignn.models.IGNN:215] epoch:216/best:86, loss:1.1916, train:0.5295, valid:0.4205/best:0.4571, test:0.4382/best:0.4472
[I 2026-09-13 22:15:37,096 ignn.models.IGNN:215] epoch:217/best:86, loss:1.1424, train:0.5754, valid:0.4248/best:0.4571, test:0.4225/best:0.4472
[I 2026-09-13 22:15:37,119 ignn.models.IGNN:215] epoch:218/best:86, loss:1.1573, train:0.5764, valid:0.4318/best:0.4571, test:0.4382/best:0.4472
[I 2026-09-13 22:15:37,142 ignn.models.IGNN:215] epoch:219/best:86, loss:1.1600, train:0.5633, valid:0.4374/best:0.4571, test:0.4292/best:0.4472
[I 2026-09-13 22:15:37,165 ignn.models.IGNN:215] epoch:220/best:86, loss:1.1775, train:0.5801, valid:0.4346/best:0.4571, test:0.4404/best:0.4472
[I 2026-09-13 22:15:37,188 ignn.models.IGNN:215] epoch:221/best:86, loss:1.1606, train:0.5567, valid:0.4233/best:0.4571, test:0.4382/best:0.4472
[I 2026-09-13 22:15:37,211 ignn.models.IGNN:215] epoch:222/best:86, loss:1.1470, train:0.4939, valid:0.4248/best:0.4571, test:0.4562/best:0.4472
[I 2026-09-13 22:15:37,234 ignn.models.IGNN:215] epoch:223/best:86, loss:1.1627, train:0.4808, valid:0.4205/best:0.4571, test:0.4607/best:0.4472
[I 2026-09-13 22:15:37,257 ignn.models.IGNN:215] epoch:224/best:86, loss:1.1699, train:0.5276, valid:0.4290/best:0.4571, test:0.4517/best:0.4472
[I 2026-09-13 22:15:37,280 ignn.models.IGNN:215] epoch:225/best:86, loss:1.1394, train:0.5783, valid:0.4402/best:0.4571, test:0.4404/best:0.4472
[I 2026-09-13 22:15:37,302 ignn.models.IGNN:215] epoch:226/best:86, loss:1.1727, train:0.6082, valid:0.4402/best:0.4571, test:0.4449/best:0.4472
[I 2026-09-13 22:15:37,325 ignn.models.IGNN:215] epoch:227/best:86, loss:1.1504, train:0.6073, valid:0.4388/best:0.4571, test:0.4449/best:0.4472
[I 2026-09-13 22:15:37,348 ignn.models.IGNN:215] epoch:228/best:86, loss:1.1401, train:0.5961, valid:0.4416/best:0.4571, test:0.4247/best:0.4472
[I 2026-09-13 22:15:37,371 ignn.models.IGNN:215] epoch:229/best:86, loss:1.1619, train:0.5492, valid:0.4290/best:0.4571, test:0.4360/best:0.4472
[I 2026-09-13 22:15:37,394 ignn.models.IGNN:215] epoch:230/best:86, loss:1.1722, train:0.5089, valid:0.4262/best:0.4571, test:0.4562/best:0.4472
[I 2026-09-13 22:15:37,417 ignn.models.IGNN:215] epoch:231/best:86, loss:1.1888, train:0.5136, valid:0.4262/best:0.4571, test:0.4427/best:0.4472
[I 2026-09-13 22:15:37,440 ignn.models.IGNN:215] epoch:232/best:86, loss:1.1770, train:0.5604, valid:0.4290/best:0.4571, test:0.4382/best:0.4472
[I 2026-09-13 22:15:37,463 ignn.models.IGNN:215] epoch:233/best:86, loss:1.1437, train:0.5858, valid:0.4332/best:0.4571, test:0.4135/best:0.4472
[I 2026-09-13 22:15:37,486 ignn.models.IGNN:215] epoch:234/best:86, loss:1.1565, train:0.5811, valid:0.4290/best:0.4571, test:0.4247/best:0.4472
[I 2026-09-13 22:15:37,508 ignn.models.IGNN:215] epoch:235/best:86, loss:1.1735, train:0.5829, valid:0.4304/best:0.4571, test:0.4270/best:0.4472
[I 2026-09-13 22:15:37,531 ignn.models.IGNN:215] epoch:236/best:86, loss:1.1715, train:0.5698, valid:0.4332/best:0.4571, test:0.4270/best:0.4472
[I 2026-09-13 22:15:37,706 ignn.models.IGNN:215] epoch:237/best:86, loss:1.1524, train:0.5698, valid:0.4107/best:0.4571, test:0.4427/best:0.4472
[I 2026-09-13 22:15:37,729 ignn.models.IGNN:215] epoch:238/best:86, loss:1.1159, train:0.5295, valid:0.4233/best:0.4571, test:0.4449/best:0.4472
[I 2026-09-13 22:15:37,752 ignn.models.IGNN:215] epoch:239/best:86, loss:1.1615, train:0.5276, valid:0.4205/best:0.4571, test:0.4494/best:0.4472
[I 2026-09-13 22:15:37,774 ignn.models.IGNN:215] epoch:240/best:86, loss:1.1624, train:0.5539, valid:0.4135/best:0.4571, test:0.4427/best:0.4472
[I 2026-09-13 22:15:37,797 ignn.models.IGNN:215] epoch:241/best:86, loss:1.1331, train:0.5651, valid:0.4332/best:0.4571, test:0.4404/best:0.4472
[I 2026-09-13 22:15:37,820 ignn.models.IGNN:215] epoch:242/best:86, loss:1.1522, train:0.5736, valid:0.4360/best:0.4571, test:0.4225/best:0.4472
[I 2026-09-13 22:15:37,843 ignn.models.IGNN:215] epoch:243/best:86, loss:1.1236, train:0.5642, valid:0.4276/best:0.4571, test:0.4270/best:0.4472
[I 2026-09-13 22:15:37,865 ignn.models.IGNN:215] epoch:244/best:86, loss:1.1512, train:0.5642, valid:0.4332/best:0.4571, test:0.4270/best:0.4472
[I 2026-09-13 22:15:37,888 ignn.models.IGNN:215] epoch:245/best:86, loss:1.1498, train:0.5548, valid:0.4219/best:0.4571, test:0.4270/best:0.4472
[I 2026-09-13 22:15:37,911 ignn.models.IGNN:215] epoch:246/best:86, loss:1.1393, train:0.5436, valid:0.4107/best:0.4571, test:0.4225/best:0.4472
[I 2026-09-13 22:15:37,934 ignn.models.IGNN:215] epoch:247/best:86, loss:1.1511, train:0.5455, valid:0.4177/best:0.4571, test:0.4180/best:0.4472
[I 2026-09-13 22:15:37,957 ignn.models.IGNN:215] epoch:248/best:86, loss:1.1387, train:0.5455, valid:0.4219/best:0.4571, test:0.4112/best:0.4472
[I 2026-09-13 22:15:37,980 ignn.models.IGNN:215] epoch:249/best:86, loss:1.1559, train:0.5567, valid:0.4233/best:0.4571, test:0.4202/best:0.4472
[I 2026-09-13 22:15:38,002 ignn.models.IGNN:215] epoch:250/best:86, loss:1.1381, train:0.5604, valid:0.4191/best:0.4571, test:0.4225/best:0.4472
[I 2026-09-13 22:15:38,025 ignn.models.IGNN:215] epoch:251/best:86, loss:1.1547, train:0.5661, valid:0.4262/best:0.4571, test:0.4292/best:0.4472
[I 2026-09-13 22:15:38,048 ignn.models.IGNN:215] epoch:252/best:86, loss:1.1232, train:0.5623, valid:0.4290/best:0.4571, test:0.4202/best:0.4472
[I 2026-09-13 22:15:38,071 ignn.models.IGNN:215] epoch:253/best:86, loss:1.1665, train:0.5642, valid:0.4276/best:0.4571, test:0.4157/best:0.4472
[I 2026-09-13 22:15:38,094 ignn.models.IGNN:215] epoch:254/best:86, loss:1.1430, train:0.5595, valid:0.4262/best:0.4571, test:0.4292/best:0.4472
[I 2026-09-13 22:15:38,117 ignn.models.IGNN:215] epoch:255/best:86, loss:1.1359, train:0.5586, valid:0.4290/best:0.4571, test:0.4270/best:0.4472
[I 2026-09-13 22:15:38,139 ignn.models.IGNN:215] epoch:256/best:86, loss:1.1235, train:0.5689, valid:0.4332/best:0.4571, test:0.4180/best:0.4472
[I 2026-09-13 22:15:38,162 ignn.models.IGNN:215] epoch:257/best:86, loss:1.1235, train:0.5689, valid:0.4318/best:0.4571, test:0.4270/best:0.4472
[I 2026-09-13 22:15:38,185 ignn.models.IGNN:215] epoch:258/best:86, loss:1.1587, train:0.5708, valid:0.4276/best:0.4571, test:0.4157/best:0.4472
[I 2026-09-13 22:15:38,208 ignn.models.IGNN:215] epoch:259/best:86, loss:1.1850, train:0.5604, valid:0.4219/best:0.4571, test:0.4135/best:0.4472
[I 2026-09-13 22:15:38,231 ignn.models.IGNN:215] epoch:260/best:86, loss:1.1404, train:0.5595, valid:0.4248/best:0.4571, test:0.4135/best:0.4472
[I 2026-09-13 22:15:38,253 ignn.models.IGNN:215] epoch:261/best:86, loss:1.1332, train:0.5604, valid:0.4332/best:0.4571, test:0.4180/best:0.4472
[I 2026-09-13 22:15:38,276 ignn.models.IGNN:215] epoch:262/best:86, loss:1.1398, train:0.5501, valid:0.4318/best:0.4571, test:0.4202/best:0.4472
[I 2026-09-13 22:15:38,299 ignn.models.IGNN:215] epoch:263/best:86, loss:1.1414, train:0.5492, valid:0.4276/best:0.4571, test:0.4180/best:0.4472
[I 2026-09-13 22:15:38,322 ignn.models.IGNN:215] epoch:264/best:86, loss:1.1715, train:0.5492, valid:0.4332/best:0.4571, test:0.4180/best:0.4472
[I 2026-09-13 22:15:38,345 ignn.models.IGNN:215] epoch:265/best:86, loss:1.1428, train:0.5539, valid:0.4346/best:0.4571, test:0.4180/best:0.4472
[I 2026-09-13 22:15:38,367 ignn.models.IGNN:215] epoch:266/best:86, loss:1.1350, train:0.5426, valid:0.4121/best:0.4571, test:0.4247/best:0.4472
[I 2026-09-13 22:15:38,390 ignn.models.IGNN:215] epoch:267/best:86, loss:1.1385, train:0.5511, valid:0.4149/best:0.4571, test:0.4337/best:0.4472
[I 2026-09-13 22:15:38,413 ignn.models.IGNN:215] epoch:268/best:86, loss:1.1563, train:0.5773, valid:0.4318/best:0.4571, test:0.4292/best:0.4472
[I 2026-09-13 22:15:38,436 ignn.models.IGNN:215] epoch:269/best:86, loss:1.1130, train:0.5745, valid:0.4360/best:0.4571, test:0.4315/best:0.4472
[I 2026-09-13 22:15:38,459 ignn.models.IGNN:215] epoch:270/best:86, loss:1.1240, train:0.5708, valid:0.4332/best:0.4571, test:0.4247/best:0.4472
[I 2026-09-13 22:15:38,481 ignn.models.IGNN:215] epoch:271/best:86, loss:1.1508, train:0.5736, valid:0.4360/best:0.4571, test:0.4360/best:0.4472
[I 2026-09-13 22:15:38,504 ignn.models.IGNN:215] epoch:272/best:86, loss:1.1288, train:0.5773, valid:0.4290/best:0.4571, test:0.4337/best:0.4472
[I 2026-09-13 22:15:38,680 ignn.models.IGNN:215] epoch:273/best:86, loss:1.1529, train:0.5726, valid:0.4248/best:0.4571, test:0.4382/best:0.4472
[I 2026-09-13 22:15:38,703 ignn.models.IGNN:215] epoch:274/best:86, loss:1.1586, train:0.5670, valid:0.4276/best:0.4571, test:0.4315/best:0.4472
[I 2026-09-13 22:15:38,726 ignn.models.IGNN:215] epoch:275/best:86, loss:1.1209, train:0.5633, valid:0.4276/best:0.4571, test:0.4292/best:0.4472
[I 2026-09-13 22:15:38,749 ignn.models.IGNN:215] epoch:276/best:86, loss:1.0982, train:0.5530, valid:0.4276/best:0.4571, test:0.4225/best:0.4472
[I 2026-09-13 22:15:38,772 ignn.models.IGNN:215] epoch:277/best:86, loss:1.1678, train:0.5530, valid:0.4304/best:0.4571, test:0.4270/best:0.4472
[I 2026-09-13 22:15:38,794 ignn.models.IGNN:215] epoch:278/best:86, loss:1.1225, train:0.5633, valid:0.4290/best:0.4571, test:0.4135/best:0.4472
[I 2026-09-13 22:15:38,817 ignn.models.IGNN:215] epoch:279/best:86, loss:1.1463, train:0.5651, valid:0.4332/best:0.4571, test:0.4247/best:0.4472
[I 2026-09-13 22:15:38,840 ignn.models.IGNN:215] epoch:280/best:86, loss:1.1428, train:0.5773, valid:0.4360/best:0.4571, test:0.4382/best:0.4472
[I 2026-09-13 22:15:38,863 ignn.models.IGNN:215] epoch:281/best:86, loss:1.1298, train:0.5736, valid:0.4135/best:0.4571, test:0.4270/best:0.4472
[I 2026-09-13 22:15:38,886 ignn.models.IGNN:215] epoch:282/best:86, loss:1.1305, train:0.5726, valid:0.4276/best:0.4571, test:0.4494/best:0.4472
[I 2026-09-13 22:15:38,909 ignn.models.IGNN:215] epoch:283/best:86, loss:1.1440, train:0.5576, valid:0.4360/best:0.4571, test:0.4270/best:0.4472
[I 2026-09-13 22:15:38,931 ignn.models.IGNN:215] epoch:284/best:86, loss:1.1404, train:0.5361, valid:0.4191/best:0.4571, test:0.4202/best:0.4472
[I 2026-09-13 22:15:38,954 ignn.models.IGNN:215] epoch:285/best:86, loss:1.1316, train:0.5520, valid:0.4248/best:0.4571, test:0.4270/best:0.4472
[I 2026-09-13 22:15:38,977 ignn.models.IGNN:215] epoch:286/best:86, loss:1.1285, train:0.5679, valid:0.4233/best:0.4571, test:0.4247/best:0.4472
[I 2026-09-13 22:15:38,977 ignn.models.IGNN:222] Early Stopping! Best Epoch: 86, best val acc: 0.4571, test acc: 0.4472
[I 2026-09-13 22:15:38,978 ignn.models.IGNN:234] 10 epoch cost: 0.2732s.
[I 2026-09-13 22:15:38,990 __main__:210] squirrel_critical 1 res: 0.44719101123595506


[I 2026-09-13 22:15:39,027 ignn.models.IGNN:215] epoch:0/best:0, loss:1.6055, train:0.3346, valid:0.3446/best:0.3446, test:0.3461/best:0.3461
[I 2026-09-13 22:15:39,051 ignn.models.IGNN:215] epoch:1/best:1, loss:1.5906, train:0.3346, valid:0.3446/best:0.3446, test:0.3461/best:0.3461
[I 2026-09-13 22:15:39,075 ignn.models.IGNN:215] epoch:2/best:2, loss:1.5726, train:0.3346, valid:0.3446/best:0.3446, test:0.3461/best:0.3461
[I 2026-09-13 22:15:39,099 ignn.models.IGNN:215] epoch:3/best:3, loss:1.5628, train:0.3346, valid:0.3446/best:0.3446, test:0.3461/best:0.3461
[I 2026-09-13 22:15:39,124 ignn.models.IGNN:215] epoch:4/best:4, loss:1.5562, train:0.3346, valid:0.3446/best:0.3446, test:0.3461/best:0.3461
[I 2026-09-13 22:15:39,148 ignn.models.IGNN:215] epoch:5/best:5, loss:1.5514, train:0.3346, valid:0.3446/best:0.3446, test:0.3461/best:0.3461
[I 2026-09-13 22:15:39,172 ignn.models.IGNN:215] epoch:6/best:6, loss:1.5308, train:0.3355, valid:0.3446/best:0.3446, test:0.3461/best:0.3461
[I 2026-09-13 22:15:39,196 ignn.models.IGNN:215] epoch:7/best:7, loss:1.5284, train:0.3402, valid:0.3474/best:0.3474, test:0.3506/best:0.3506
[I 2026-09-13 22:15:39,220 ignn.models.IGNN:215] epoch:8/best:8, loss:1.5135, train:0.3561, valid:0.3629/best:0.3629, test:0.3618/best:0.3618
[I 2026-09-13 22:15:39,244 ignn.models.IGNN:215] epoch:9/best:9, loss:1.4990, train:0.3608, valid:0.3643/best:0.3643, test:0.3663/best:0.3663
[I 2026-09-13 22:15:39,268 ignn.models.IGNN:215] epoch:10/best:10, loss:1.4801, train:0.3599, valid:0.3671/best:0.3671, test:0.3640/best:0.3640
[I 2026-09-13 22:15:39,293 ignn.models.IGNN:215] epoch:11/best:11, loss:1.4756, train:0.3618, valid:0.3685/best:0.3685, test:0.3640/best:0.3640
[I 2026-09-13 22:15:39,317 ignn.models.IGNN:215] epoch:12/best:12, loss:1.4457, train:0.4067, valid:0.4107/best:0.4107, test:0.4000/best:0.4000
[I 2026-09-13 22:15:39,340 ignn.models.IGNN:215] epoch:13/best:12, loss:1.4421, train:0.4208, valid:0.4008/best:0.4107, test:0.4157/best:0.4000
[I 2026-09-13 22:15:39,362 ignn.models.IGNN:215] epoch:14/best:12, loss:1.4368, train:0.3899, valid:0.3783/best:0.4107, test:0.3888/best:0.4000
[I 2026-09-13 22:15:39,385 ignn.models.IGNN:215] epoch:15/best:12, loss:1.4143, train:0.4077, valid:0.4079/best:0.4107, test:0.4022/best:0.4000
[I 2026-09-13 22:15:39,408 ignn.models.IGNN:215] epoch:16/best:12, loss:1.4027, train:0.4142, valid:0.4079/best:0.4107, test:0.4315/best:0.4000
[I 2026-09-13 22:15:39,431 ignn.models.IGNN:215] epoch:17/best:12, loss:1.3969, train:0.4114, valid:0.4065/best:0.4107, test:0.4090/best:0.4000
[I 2026-09-13 22:15:39,453 ignn.models.IGNN:215] epoch:18/best:12, loss:1.3702, train:0.4217, valid:0.4065/best:0.4107, test:0.4517/best:0.4000
[I 2026-09-13 22:15:39,476 ignn.models.IGNN:215] epoch:19/best:12, loss:1.3867, train:0.4133, valid:0.4023/best:0.4107, test:0.4202/best:0.4000
[I 2026-09-13 22:15:39,652 ignn.models.IGNN:215] epoch:20/best:12, loss:1.3728, train:0.4161, valid:0.4065/best:0.4107, test:0.4157/best:0.4000
[I 2026-09-13 22:15:39,675 ignn.models.IGNN:215] epoch:21/best:12, loss:1.3437, train:0.4255, valid:0.3924/best:0.4107, test:0.4292/best:0.4000
[I 2026-09-13 22:15:39,697 ignn.models.IGNN:215] epoch:22/best:12, loss:1.3612, train:0.4114, valid:0.3994/best:0.4107, test:0.4202/best:0.4000
[I 2026-09-13 22:15:39,722 ignn.models.IGNN:215] epoch:23/best:23, loss:1.3474, train:0.4564, valid:0.4388/best:0.4388, test:0.4112/best:0.4112
[I 2026-09-13 22:15:39,744 ignn.models.IGNN:215] epoch:24/best:23, loss:1.3579, train:0.4217, valid:0.4008/best:0.4388, test:0.4202/best:0.4112
[I 2026-09-13 22:15:39,767 ignn.models.IGNN:215] epoch:25/best:23, loss:1.3232, train:0.4264, valid:0.4008/best:0.4388, test:0.4202/best:0.4112
[I 2026-09-13 22:15:39,790 ignn.models.IGNN:215] epoch:26/best:23, loss:1.3190, train:0.4452, valid:0.4107/best:0.4388, test:0.4247/best:0.4112
[I 2026-09-13 22:15:39,812 ignn.models.IGNN:215] epoch:27/best:23, loss:1.3048, train:0.4527, valid:0.4177/best:0.4388, test:0.4315/best:0.4112
[I 2026-09-13 22:15:39,835 ignn.models.IGNN:215] epoch:28/best:23, loss:1.3274, train:0.4461, valid:0.4107/best:0.4388, test:0.4337/best:0.4112
[I 2026-09-13 22:15:39,858 ignn.models.IGNN:215] epoch:29/best:23, loss:1.3050, train:0.4461, valid:0.4093/best:0.4388, test:0.4292/best:0.4112
[I 2026-09-13 22:15:39,881 ignn.models.IGNN:215] epoch:30/best:23, loss:1.2954, train:0.4517, valid:0.4079/best:0.4388, test:0.4337/best:0.4112
[I 2026-09-13 22:15:39,903 ignn.models.IGNN:215] epoch:31/best:23, loss:1.2986, train:0.4555, valid:0.4149/best:0.4388, test:0.4337/best:0.4112
[I 2026-09-13 22:15:39,926 ignn.models.IGNN:215] epoch:32/best:23, loss:1.2847, train:0.4508, valid:0.4008/best:0.4388, test:0.4315/best:0.4112
[I 2026-09-13 22:15:39,949 ignn.models.IGNN:215] epoch:33/best:23, loss:1.3027, train:0.4367, valid:0.4079/best:0.4388, test:0.4090/best:0.4112
[I 2026-09-13 22:15:39,972 ignn.models.IGNN:215] epoch:34/best:23, loss:1.2723, train:0.4564, valid:0.4037/best:0.4388, test:0.4292/best:0.4112
[I 2026-09-13 22:15:39,994 ignn.models.IGNN:215] epoch:35/best:23, loss:1.2823, train:0.4592, valid:0.4023/best:0.4388, test:0.4337/best:0.4112
[I 2026-09-13 22:15:40,017 ignn.models.IGNN:215] epoch:36/best:23, loss:1.2824, train:0.4611, valid:0.4079/best:0.4388, test:0.4427/best:0.4112
[I 2026-09-13 22:15:40,040 ignn.models.IGNN:215] epoch:37/best:23, loss:1.2740, train:0.4545, valid:0.4023/best:0.4388, test:0.4180/best:0.4112
[I 2026-09-13 22:15:40,062 ignn.models.IGNN:215] epoch:38/best:23, loss:1.2628, train:0.4630, valid:0.4079/best:0.4388, test:0.4225/best:0.4112
[I 2026-09-13 22:15:40,085 ignn.models.IGNN:215] epoch:39/best:23, loss:1.2741, train:0.4677, valid:0.4149/best:0.4388, test:0.4315/best:0.4112
[I 2026-09-13 22:15:40,108 ignn.models.IGNN:215] epoch:40/best:23, loss:1.2646, train:0.4695, valid:0.4233/best:0.4388, test:0.4382/best:0.4112
[I 2026-09-13 22:15:40,131 ignn.models.IGNN:215] epoch:41/best:23, loss:1.2499, train:0.4620, valid:0.4163/best:0.4388, test:0.4247/best:0.4112
[I 2026-09-13 22:15:40,154 ignn.models.IGNN:215] epoch:42/best:23, loss:1.2459, train:0.4602, valid:0.4121/best:0.4388, test:0.4225/best:0.4112
[I 2026-09-13 22:15:40,176 ignn.models.IGNN:215] epoch:43/best:23, loss:1.2669, train:0.4752, valid:0.4248/best:0.4388, test:0.4292/best:0.4112
[I 2026-09-13 22:15:40,199 ignn.models.IGNN:215] epoch:44/best:23, loss:1.2380, train:0.4817, valid:0.4290/best:0.4388, test:0.4292/best:0.4112
[I 2026-09-13 22:15:40,222 ignn.models.IGNN:215] epoch:45/best:23, loss:1.2528, train:0.4639, valid:0.4191/best:0.4388, test:0.4292/best:0.4112
[I 2026-09-13 22:15:40,245 ignn.models.IGNN:215] epoch:46/best:23, loss:1.2347, train:0.4452, valid:0.4037/best:0.4388, test:0.4112/best:0.4112
[I 2026-09-13 22:15:40,267 ignn.models.IGNN:215] epoch:47/best:23, loss:1.2592, train:0.4527, valid:0.4177/best:0.4388, test:0.4292/best:0.4112
[I 2026-09-13 22:15:40,290 ignn.models.IGNN:215] epoch:48/best:23, loss:1.2387, train:0.4836, valid:0.4262/best:0.4388, test:0.4337/best:0.4112
[I 2026-09-13 22:15:40,313 ignn.models.IGNN:215] epoch:49/best:23, loss:1.2442, train:0.4948, valid:0.4205/best:0.4388, test:0.4427/best:0.4112
[I 2026-09-13 22:15:40,335 ignn.models.IGNN:215] epoch:50/best:23, loss:1.2677, train:0.4527, valid:0.4079/best:0.4388, test:0.4247/best:0.4112
[I 2026-09-13 22:15:40,358 ignn.models.IGNN:215] epoch:51/best:23, loss:1.2495, train:0.4489, valid:0.3966/best:0.4388, test:0.4157/best:0.4112
[I 2026-09-13 22:15:40,381 ignn.models.IGNN:215] epoch:52/best:23, loss:1.2603, train:0.4695, valid:0.4177/best:0.4388, test:0.4337/best:0.4112
[I 2026-09-13 22:15:40,404 ignn.models.IGNN:215] epoch:53/best:23, loss:1.2312, train:0.4873, valid:0.4205/best:0.4388, test:0.4427/best:0.4112
[I 2026-09-13 22:15:40,426 ignn.models.IGNN:215] epoch:54/best:23, loss:1.2448, train:0.4911, valid:0.4219/best:0.4388, test:0.4427/best:0.4112
[I 2026-09-13 22:15:40,449 ignn.models.IGNN:215] epoch:55/best:23, loss:1.2349, train:0.4789, valid:0.4163/best:0.4388, test:0.4427/best:0.4112
[I 2026-09-13 22:15:40,624 ignn.models.IGNN:215] epoch:56/best:23, loss:1.2348, train:0.4574, valid:0.4135/best:0.4388, test:0.4292/best:0.4112
[I 2026-09-13 22:15:40,647 ignn.models.IGNN:215] epoch:57/best:23, loss:1.2538, train:0.4789, valid:0.4163/best:0.4388, test:0.4472/best:0.4112
[I 2026-09-13 22:15:40,669 ignn.models.IGNN:215] epoch:58/best:23, loss:1.2502, train:0.5052, valid:0.4262/best:0.4388, test:0.4652/best:0.4112
[I 2026-09-13 22:15:40,692 ignn.models.IGNN:215] epoch:59/best:23, loss:1.1855, train:0.5089, valid:0.4149/best:0.4388, test:0.4539/best:0.4112
[I 2026-09-13 22:15:40,715 ignn.models.IGNN:215] epoch:60/best:23, loss:1.2201, train:0.5005, valid:0.4276/best:0.4388, test:0.4652/best:0.4112
[I 2026-09-13 22:15:40,738 ignn.models.IGNN:215] epoch:61/best:23, loss:1.2499, train:0.4817, valid:0.4191/best:0.4388, test:0.4494/best:0.4112
[I 2026-09-13 22:15:40,761 ignn.models.IGNN:215] epoch:62/best:23, loss:1.2238, train:0.4761, valid:0.4177/best:0.4388, test:0.4337/best:0.4112
[I 2026-09-13 22:15:40,784 ignn.models.IGNN:215] epoch:63/best:23, loss:1.2090, train:0.4873, valid:0.4233/best:0.4388, test:0.4472/best:0.4112
[I 2026-09-13 22:15:40,806 ignn.models.IGNN:215] epoch:64/best:23, loss:1.2333, train:0.5005, valid:0.4177/best:0.4388, test:0.4472/best:0.4112
[I 2026-09-13 22:15:40,829 ignn.models.IGNN:215] epoch:65/best:23, loss:1.2044, train:0.5005, valid:0.4163/best:0.4388, test:0.4494/best:0.4112
[I 2026-09-13 22:15:40,852 ignn.models.IGNN:215] epoch:66/best:23, loss:1.2195, train:0.4827, valid:0.4233/best:0.4388, test:0.4449/best:0.4112
[I 2026-09-13 22:15:40,875 ignn.models.IGNN:215] epoch:67/best:23, loss:1.2183, train:0.4855, valid:0.4318/best:0.4388, test:0.4517/best:0.4112
[I 2026-09-13 22:15:40,898 ignn.models.IGNN:215] epoch:68/best:23, loss:1.2301, train:0.5023, valid:0.4248/best:0.4388, test:0.4562/best:0.4112
[I 2026-09-13 22:15:40,920 ignn.models.IGNN:215] epoch:69/best:23, loss:1.2177, train:0.5042, valid:0.4219/best:0.4388, test:0.4562/best:0.4112
[I 2026-09-13 22:15:40,943 ignn.models.IGNN:215] epoch:70/best:23, loss:1.2161, train:0.4967, valid:0.4177/best:0.4388, test:0.4562/best:0.4112
[I 2026-09-13 22:15:40,966 ignn.models.IGNN:215] epoch:71/best:23, loss:1.2356, train:0.4986, valid:0.4219/best:0.4388, test:0.4517/best:0.4112
[I 2026-09-13 22:15:40,989 ignn.models.IGNN:215] epoch:72/best:23, loss:1.2355, train:0.4930, valid:0.4219/best:0.4388, test:0.4472/best:0.4112
[I 2026-09-13 22:15:41,011 ignn.models.IGNN:215] epoch:73/best:23, loss:1.2278, train:0.4930, valid:0.4248/best:0.4388, test:0.4427/best:0.4112
[I 2026-09-13 22:15:41,034 ignn.models.IGNN:215] epoch:74/best:23, loss:1.2149, train:0.5089, valid:0.4205/best:0.4388, test:0.4427/best:0.4112
[I 2026-09-13 22:15:41,057 ignn.models.IGNN:215] epoch:75/best:23, loss:1.2005, train:0.5136, valid:0.4177/best:0.4388, test:0.4494/best:0.4112
[I 2026-09-13 22:15:41,080 ignn.models.IGNN:215] epoch:76/best:23, loss:1.2179, train:0.5098, valid:0.4233/best:0.4388, test:0.4382/best:0.4112
[I 2026-09-13 22:15:41,102 ignn.models.IGNN:215] epoch:77/best:23, loss:1.2057, train:0.5117, valid:0.4262/best:0.4388, test:0.4404/best:0.4112
[I 2026-09-13 22:15:41,125 ignn.models.IGNN:215] epoch:78/best:23, loss:1.2129, train:0.4911, valid:0.4332/best:0.4388, test:0.4494/best:0.4112
[I 2026-09-13 22:15:41,149 ignn.models.IGNN:215] epoch:79/best:23, loss:1.2368, train:0.5005, valid:0.4290/best:0.4388, test:0.4382/best:0.4112
[I 2026-09-13 22:15:41,174 ignn.models.IGNN:215] epoch:80/best:80, loss:1.2119, train:0.5108, valid:0.4388/best:0.4388, test:0.4427/best:0.4427
[I 2026-09-13 22:15:41,197 ignn.models.IGNN:215] epoch:81/best:80, loss:1.1692, train:0.5127, valid:0.4346/best:0.4388, test:0.4517/best:0.4427
[I 2026-09-13 22:15:41,219 ignn.models.IGNN:215] epoch:82/best:80, loss:1.1960, train:0.5155, valid:0.4318/best:0.4388, test:0.4539/best:0.4427
[I 2026-09-13 22:15:41,242 ignn.models.IGNN:215] epoch:83/best:80, loss:1.1774, train:0.5239, valid:0.4346/best:0.4388, test:0.4584/best:0.4427
[I 2026-09-13 22:15:41,265 ignn.models.IGNN:215] epoch:84/best:80, loss:1.2218, train:0.5295, valid:0.4332/best:0.4388, test:0.4539/best:0.4427
[I 2026-09-13 22:15:41,288 ignn.models.IGNN:215] epoch:85/best:80, loss:1.1921, train:0.5192, valid:0.4318/best:0.4388, test:0.4517/best:0.4427
[I 2026-09-13 22:15:41,311 ignn.models.IGNN:215] epoch:86/best:80, loss:1.1902, train:0.5230, valid:0.4304/best:0.4388, test:0.4449/best:0.4427
[I 2026-09-13 22:15:41,334 ignn.models.IGNN:215] epoch:87/best:80, loss:1.1897, train:0.5098, valid:0.4374/best:0.4388, test:0.4494/best:0.4427
[I 2026-09-13 22:15:41,357 ignn.models.IGNN:215] epoch:88/best:80, loss:1.2117, train:0.5033, valid:0.4318/best:0.4388, test:0.4382/best:0.4427
[I 2026-09-13 22:15:41,380 ignn.models.IGNN:215] epoch:89/best:80, loss:1.2053, train:0.5136, valid:0.4177/best:0.4388, test:0.4517/best:0.4427
[I 2026-09-13 22:15:41,403 ignn.models.IGNN:215] epoch:90/best:80, loss:1.2138, train:0.5408, valid:0.4318/best:0.4388, test:0.4584/best:0.4427
[I 2026-09-13 22:15:41,426 ignn.models.IGNN:215] epoch:91/best:80, loss:1.1882, train:0.5239, valid:0.4248/best:0.4388, test:0.4427/best:0.4427
[I 2026-09-13 22:15:41,605 ignn.models.IGNN:215] epoch:92/best:80, loss:1.1967, train:0.5173, valid:0.4318/best:0.4388, test:0.4404/best:0.4427
[I 2026-09-13 22:15:41,629 ignn.models.IGNN:215] epoch:93/best:93, loss:1.2343, train:0.5080, valid:0.4416/best:0.4416, test:0.4427/best:0.4427
[I 2026-09-13 22:15:41,652 ignn.models.IGNN:215] epoch:94/best:93, loss:1.1818, train:0.5192, valid:0.4304/best:0.4416, test:0.4472/best:0.4427
[I 2026-09-13 22:15:41,675 ignn.models.IGNN:215] epoch:95/best:93, loss:1.2159, train:0.5370, valid:0.4191/best:0.4416, test:0.4517/best:0.4427
[I 2026-09-13 22:15:41,697 ignn.models.IGNN:215] epoch:96/best:93, loss:1.2253, train:0.5361, valid:0.4248/best:0.4416, test:0.4494/best:0.4427
[I 2026-09-13 22:15:41,720 ignn.models.IGNN:215] epoch:97/best:93, loss:1.1837, train:0.5201, valid:0.4332/best:0.4416, test:0.4449/best:0.4427
[I 2026-09-13 22:15:41,743 ignn.models.IGNN:215] epoch:98/best:93, loss:1.1857, train:0.5183, valid:0.4318/best:0.4416, test:0.4427/best:0.4427
[I 2026-09-13 22:15:41,766 ignn.models.IGNN:215] epoch:99/best:93, loss:1.2067, train:0.5127, valid:0.4360/best:0.4416, test:0.4494/best:0.4427
[I 2026-09-13 22:15:41,788 ignn.models.IGNN:215] epoch:100/best:93, loss:1.2051, train:0.5286, valid:0.4346/best:0.4416, test:0.4494/best:0.4427
[I 2026-09-13 22:15:41,811 ignn.models.IGNN:215] epoch:101/best:93, loss:1.2094, train:0.5417, valid:0.4332/best:0.4416, test:0.4472/best:0.4427
[I 2026-09-13 22:15:41,834 ignn.models.IGNN:215] epoch:102/best:93, loss:1.1915, train:0.5389, valid:0.4248/best:0.4416, test:0.4449/best:0.4427
[I 2026-09-13 22:15:41,857 ignn.models.IGNN:215] epoch:103/best:93, loss:1.1825, train:0.5398, valid:0.4332/best:0.4416, test:0.4472/best:0.4427
[I 2026-09-13 22:15:41,881 ignn.models.IGNN:215] epoch:104/best:104, loss:1.1822, train:0.5464, valid:0.4430/best:0.4430, test:0.4517/best:0.4517
[I 2026-09-13 22:15:41,904 ignn.models.IGNN:215] epoch:105/best:104, loss:1.1762, train:0.5483, valid:0.4360/best:0.4430, test:0.4449/best:0.4517
[I 2026-09-13 22:15:41,927 ignn.models.IGNN:215] epoch:106/best:104, loss:1.1771, train:0.5473, valid:0.4360/best:0.4430, test:0.4472/best:0.4517
[I 2026-09-13 22:15:41,950 ignn.models.IGNN:215] epoch:107/best:104, loss:1.1830, train:0.5473, valid:0.4332/best:0.4430, test:0.4539/best:0.4517
[I 2026-09-13 22:15:41,975 ignn.models.IGNN:215] epoch:108/best:108, loss:1.1746, train:0.5642, valid:0.4430/best:0.4430, test:0.4517/best:0.4517
[I 2026-09-13 22:15:41,998 ignn.models.IGNN:215] epoch:109/best:108, loss:1.1970, train:0.5679, valid:0.4388/best:0.4430, test:0.4494/best:0.4517
[I 2026-09-13 22:15:42,021 ignn.models.IGNN:215] epoch:110/best:108, loss:1.1778, train:0.5520, valid:0.4416/best:0.4430, test:0.4449/best:0.4517
[I 2026-09-13 22:15:42,044 ignn.models.IGNN:215] epoch:111/best:108, loss:1.1754, train:0.5342, valid:0.4262/best:0.4430, test:0.4494/best:0.4517
[I 2026-09-13 22:15:42,067 ignn.models.IGNN:215] epoch:112/best:108, loss:1.2005, train:0.5398, valid:0.4318/best:0.4430, test:0.4427/best:0.4517
[I 2026-09-13 22:15:42,090 ignn.models.IGNN:215] epoch:113/best:108, loss:1.1708, train:0.5370, valid:0.4290/best:0.4430, test:0.4427/best:0.4517
[I 2026-09-13 22:15:42,113 ignn.models.IGNN:215] epoch:114/best:108, loss:1.1802, train:0.5389, valid:0.4346/best:0.4430, test:0.4449/best:0.4517
[I 2026-09-13 22:15:42,136 ignn.models.IGNN:215] epoch:115/best:108, loss:1.1658, train:0.5398, valid:0.4332/best:0.4430, test:0.4449/best:0.4517
[I 2026-09-13 22:15:42,160 ignn.models.IGNN:215] epoch:116/best:116, loss:1.2008, train:0.5576, valid:0.4459/best:0.4459, test:0.4539/best:0.4539
[I 2026-09-13 22:15:42,183 ignn.models.IGNN:215] epoch:117/best:116, loss:1.1867, train:0.5445, valid:0.4430/best:0.4459, test:0.4494/best:0.4539
[I 2026-09-13 22:15:42,206 ignn.models.IGNN:215] epoch:118/best:116, loss:1.1727, train:0.5351, valid:0.4430/best:0.4459, test:0.4404/best:0.4539
[I 2026-09-13 22:15:42,228 ignn.models.IGNN:215] epoch:119/best:116, loss:1.1853, train:0.5389, valid:0.4402/best:0.4459, test:0.4562/best:0.4539
[I 2026-09-13 22:15:42,251 ignn.models.IGNN:215] epoch:120/best:116, loss:1.1973, train:0.5633, valid:0.4430/best:0.4459, test:0.4472/best:0.4539
[I 2026-09-13 22:15:42,274 ignn.models.IGNN:215] epoch:121/best:116, loss:1.1890, train:0.5539, valid:0.4444/best:0.4459, test:0.4494/best:0.4539
[I 2026-09-13 22:15:42,297 ignn.models.IGNN:215] epoch:122/best:116, loss:1.1674, train:0.5342, valid:0.4402/best:0.4459, test:0.4292/best:0.4539
[I 2026-09-13 22:15:42,320 ignn.models.IGNN:215] epoch:123/best:116, loss:1.1684, train:0.5098, valid:0.4360/best:0.4459, test:0.4382/best:0.4539
[I 2026-09-13 22:15:42,344 ignn.models.IGNN:215] epoch:124/best:124, loss:1.1861, train:0.5661, valid:0.4459/best:0.4459, test:0.4494/best:0.4494
[I 2026-09-13 22:15:42,367 ignn.models.IGNN:215] epoch:125/best:124, loss:1.1879, train:0.5717, valid:0.4416/best:0.4459, test:0.4629/best:0.4494
[I 2026-09-13 22:15:42,389 ignn.models.IGNN:215] epoch:126/best:124, loss:1.1682, train:0.5501, valid:0.4402/best:0.4459, test:0.4517/best:0.4494
[I 2026-09-13 22:15:42,565 ignn.models.IGNN:215] epoch:127/best:124, loss:1.1805, train:0.5276, valid:0.4346/best:0.4459, test:0.4315/best:0.4494
[I 2026-09-13 22:15:42,590 ignn.models.IGNN:215] epoch:128/best:124, loss:1.1843, train:0.5417, valid:0.4416/best:0.4459, test:0.4472/best:0.4494
[I 2026-09-13 22:15:42,613 ignn.models.IGNN:215] epoch:129/best:124, loss:1.1629, train:0.5698, valid:0.4444/best:0.4459, test:0.4382/best:0.4494
[I 2026-09-13 22:15:42,636 ignn.models.IGNN:215] epoch:130/best:124, loss:1.1698, train:0.5670, valid:0.4444/best:0.4459, test:0.4382/best:0.4494
[I 2026-09-13 22:15:42,659 ignn.models.IGNN:215] epoch:131/best:124, loss:1.1830, train:0.5445, valid:0.4430/best:0.4459, test:0.4472/best:0.4494
[I 2026-09-13 22:15:42,681 ignn.models.IGNN:215] epoch:132/best:124, loss:1.1757, train:0.5679, valid:0.4444/best:0.4459, test:0.4404/best:0.4494
[I 2026-09-13 22:15:42,704 ignn.models.IGNN:215] epoch:133/best:124, loss:1.1584, train:0.5754, valid:0.4346/best:0.4459, test:0.4449/best:0.4494
[I 2026-09-13 22:15:42,727 ignn.models.IGNN:215] epoch:134/best:124, loss:1.1742, train:0.5698, valid:0.4416/best:0.4459, test:0.4539/best:0.4494
[I 2026-09-13 22:15:42,751 ignn.models.IGNN:215] epoch:135/best:135, loss:1.1773, train:0.5426, valid:0.4459/best:0.4459, test:0.4337/best:0.4337
[I 2026-09-13 22:15:42,774 ignn.models.IGNN:215] epoch:136/best:135, loss:1.1660, train:0.5370, valid:0.4388/best:0.4459, test:0.4404/best:0.4337
[I 2026-09-13 22:15:42,797 ignn.models.IGNN:215] epoch:137/best:135, loss:1.1761, train:0.5455, valid:0.4346/best:0.4459, test:0.4472/best:0.4337
[I 2026-09-13 22:15:42,819 ignn.models.IGNN:215] epoch:138/best:135, loss:1.2142, train:0.5661, valid:0.4360/best:0.4459, test:0.4562/best:0.4337
[I 2026-09-13 22:15:42,842 ignn.models.IGNN:215] epoch:139/best:135, loss:1.1495, train:0.5904, valid:0.4402/best:0.4459, test:0.4719/best:0.4337
[I 2026-09-13 22:15:42,865 ignn.models.IGNN:215] epoch:140/best:135, loss:1.1839, train:0.5745, valid:0.4346/best:0.4459, test:0.4494/best:0.4337
[I 2026-09-13 22:15:42,888 ignn.models.IGNN:215] epoch:141/best:135, loss:1.1749, train:0.5333, valid:0.4276/best:0.4459, test:0.4315/best:0.4337
[I 2026-09-13 22:15:42,910 ignn.models.IGNN:215] epoch:142/best:135, loss:1.1980, train:0.5211, valid:0.4262/best:0.4459, test:0.4270/best:0.4337
[I 2026-09-13 22:15:42,933 ignn.models.IGNN:215] epoch:143/best:135, loss:1.1895, train:0.5679, valid:0.4304/best:0.4459, test:0.4427/best:0.4337
[I 2026-09-13 22:15:42,956 ignn.models.IGNN:215] epoch:144/best:135, loss:1.1627, train:0.5951, valid:0.4346/best:0.4459, test:0.4674/best:0.4337
[I 2026-09-13 22:15:42,979 ignn.models.IGNN:215] epoch:145/best:135, loss:1.1711, train:0.5970, valid:0.4346/best:0.4459, test:0.4607/best:0.4337
[I 2026-09-13 22:15:43,001 ignn.models.IGNN:215] epoch:146/best:135, loss:1.1960, train:0.5811, valid:0.4360/best:0.4459, test:0.4607/best:0.4337
[I 2026-09-13 22:15:43,024 ignn.models.IGNN:215] epoch:147/best:135, loss:1.1723, train:0.5267, valid:0.4346/best:0.4459, test:0.4315/best:0.4337
[I 2026-09-13 22:15:43,047 ignn.models.IGNN:215] epoch:148/best:135, loss:1.1646, train:0.5220, valid:0.4276/best:0.4459, test:0.4315/best:0.4337
[I 2026-09-13 22:15:43,070 ignn.models.IGNN:215] epoch:149/best:135, loss:1.1935, train:0.5464, valid:0.4360/best:0.4459, test:0.4337/best:0.4337
[I 2026-09-13 22:15:43,092 ignn.models.IGNN:215] epoch:150/best:135, loss:1.1747, train:0.5867, valid:0.4430/best:0.4459, test:0.4562/best:0.4337
[I 2026-09-13 22:15:43,115 ignn.models.IGNN:215] epoch:151/best:135, loss:1.1489, train:0.5942, valid:0.4402/best:0.4459, test:0.4652/best:0.4337
[I 2026-09-13 22:15:43,138 ignn.models.IGNN:215] epoch:152/best:135, loss:1.1661, train:0.5848, valid:0.4430/best:0.4459, test:0.4562/best:0.4337
[I 2026-09-13 22:15:43,161 ignn.models.IGNN:215] epoch:153/best:135, loss:1.1578, train:0.5445, valid:0.4430/best:0.4459, test:0.4427/best:0.4337
[I 2026-09-13 22:15:43,184 ignn.models.IGNN:215] epoch:154/best:135, loss:1.1764, train:0.5361, valid:0.4402/best:0.4459, test:0.4337/best:0.4337
[I 2026-09-13 22:15:43,208 ignn.models.IGNN:215] epoch:155/best:155, loss:1.1364, train:0.5679, valid:0.4459/best:0.4459, test:0.4472/best:0.4472
[I 2026-09-13 22:15:43,232 ignn.models.IGNN:215] epoch:156/best:156, loss:1.1619, train:0.5839, valid:0.4501/best:0.4501, test:0.4584/best:0.4584
[I 2026-09-13 22:15:43,256 ignn.models.IGNN:215] epoch:157/best:157, loss:1.1831, train:0.5858, valid:0.4501/best:0.4501, test:0.4562/best:0.4562
[I 2026-09-13 22:15:43,279 ignn.models.IGNN:215] epoch:158/best:157, loss:1.1614, train:0.5726, valid:0.4430/best:0.4501, test:0.4517/best:0.4562
[I 2026-09-13 22:15:43,302 ignn.models.IGNN:215] epoch:159/best:157, loss:1.1203, train:0.5614, valid:0.4430/best:0.4501, test:0.4427/best:0.4562
[I 2026-09-13 22:15:43,324 ignn.models.IGNN:215] epoch:160/best:157, loss:1.1580, train:0.5745, valid:0.4402/best:0.4501, test:0.4517/best:0.4562
[I 2026-09-13 22:15:43,347 ignn.models.IGNN:215] epoch:161/best:157, loss:1.1206, train:0.5914, valid:0.4388/best:0.4501, test:0.4719/best:0.4562
[I 2026-09-13 22:15:43,370 ignn.models.IGNN:215] epoch:162/best:157, loss:1.1433, train:0.5867, valid:0.4416/best:0.4501, test:0.4697/best:0.4562
[I 2026-09-13 22:15:43,544 ignn.models.IGNN:215] epoch:163/best:157, loss:1.1453, train:0.5839, valid:0.4473/best:0.4501, test:0.4629/best:0.4562
[I 2026-09-13 22:15:43,570 ignn.models.IGNN:215] epoch:164/best:164, loss:1.1341, train:0.5858, valid:0.4501/best:0.4501, test:0.4539/best:0.4539
[I 2026-09-13 22:15:43,593 ignn.models.IGNN:215] epoch:165/best:164, loss:1.1514, train:0.5876, valid:0.4473/best:0.4501, test:0.4517/best:0.4539
[I 2026-09-13 22:15:43,616 ignn.models.IGNN:215] epoch:166/best:164, loss:1.1277, train:0.5867, valid:0.4444/best:0.4501, test:0.4472/best:0.4539
[I 2026-09-13 22:15:43,640 ignn.models.IGNN:215] epoch:167/best:167, loss:1.1621, train:0.5886, valid:0.4529/best:0.4529, test:0.4472/best:0.4472
[I 2026-09-13 22:15:43,663 ignn.models.IGNN:215] epoch:168/best:167, loss:1.1895, train:0.5904, valid:0.4501/best:0.4529, test:0.4584/best:0.4472
[I 2026-09-13 22:15:43,686 ignn.models.IGNN:215] epoch:169/best:167, loss:1.1569, train:0.5998, valid:0.4459/best:0.4529, test:0.4494/best:0.4472
[I 2026-09-13 22:15:43,709 ignn.models.IGNN:215] epoch:170/best:167, loss:1.1533, train:0.5942, valid:0.4430/best:0.4529, test:0.4517/best:0.4472
[I 2026-09-13 22:15:43,732 ignn.models.IGNN:215] epoch:171/best:167, loss:1.1721, train:0.5801, valid:0.4388/best:0.4529, test:0.4472/best:0.4472
[I 2026-09-13 22:15:43,754 ignn.models.IGNN:215] epoch:172/best:167, loss:1.1576, train:0.5698, valid:0.4304/best:0.4529, test:0.4404/best:0.4472
[I 2026-09-13 22:15:43,777 ignn.models.IGNN:215] epoch:173/best:167, loss:1.1466, train:0.5661, valid:0.4374/best:0.4529, test:0.4404/best:0.4472
[I 2026-09-13 22:15:43,800 ignn.models.IGNN:215] epoch:174/best:167, loss:1.1755, train:0.5792, valid:0.4374/best:0.4529, test:0.4382/best:0.4472
[I 2026-09-13 22:15:43,823 ignn.models.IGNN:215] epoch:175/best:167, loss:1.1441, train:0.5867, valid:0.4416/best:0.4529, test:0.4382/best:0.4472
[I 2026-09-13 22:15:43,845 ignn.models.IGNN:215] epoch:176/best:167, loss:1.1437, train:0.5895, valid:0.4430/best:0.4529, test:0.4404/best:0.4472
[I 2026-09-13 22:15:43,868 ignn.models.IGNN:215] epoch:177/best:167, loss:1.1487, train:0.5858, valid:0.4487/best:0.4529, test:0.4382/best:0.4472
[I 2026-09-13 22:15:43,891 ignn.models.IGNN:215] epoch:178/best:167, loss:1.1417, train:0.5745, valid:0.4501/best:0.4529, test:0.4427/best:0.4472
[I 2026-09-13 22:15:43,913 ignn.models.IGNN:215] epoch:179/best:167, loss:1.1424, train:0.5867, valid:0.4430/best:0.4529, test:0.4360/best:0.4472
[I 2026-09-13 22:15:43,936 ignn.models.IGNN:215] epoch:180/best:167, loss:1.1585, train:0.5970, valid:0.4444/best:0.4529, test:0.4382/best:0.4472
[I 2026-09-13 22:15:43,959 ignn.models.IGNN:215] epoch:181/best:167, loss:1.1724, train:0.5979, valid:0.4459/best:0.4529, test:0.4539/best:0.4472
[I 2026-09-13 22:15:43,982 ignn.models.IGNN:215] epoch:182/best:167, loss:1.1305, train:0.5764, valid:0.4374/best:0.4529, test:0.4360/best:0.4472
[I 2026-09-13 22:15:44,005 ignn.models.IGNN:215] epoch:183/best:167, loss:1.1470, train:0.5586, valid:0.4346/best:0.4529, test:0.4315/best:0.4472
[I 2026-09-13 22:15:44,028 ignn.models.IGNN:215] epoch:184/best:167, loss:1.1670, train:0.5998, valid:0.4360/best:0.4529, test:0.4517/best:0.4472
[I 2026-09-13 22:15:44,050 ignn.models.IGNN:215] epoch:185/best:167, loss:1.1242, train:0.5989, valid:0.4262/best:0.4529, test:0.4202/best:0.4472
[I 2026-09-13 22:15:44,073 ignn.models.IGNN:215] epoch:186/best:167, loss:1.1662, train:0.6064, valid:0.4416/best:0.4529, test:0.4404/best:0.4472
[I 2026-09-13 22:15:44,096 ignn.models.IGNN:215] epoch:187/best:167, loss:1.1296, train:0.5942, valid:0.4318/best:0.4529, test:0.4315/best:0.4472
[I 2026-09-13 22:15:44,119 ignn.models.IGNN:215] epoch:188/best:167, loss:1.1655, train:0.5567, valid:0.4304/best:0.4529, test:0.4247/best:0.4472
[I 2026-09-13 22:15:44,141 ignn.models.IGNN:215] epoch:189/best:167, loss:1.1776, train:0.5764, valid:0.4318/best:0.4529, test:0.4337/best:0.4472
[I 2026-09-13 22:15:44,164 ignn.models.IGNN:215] epoch:190/best:167, loss:1.1348, train:0.6167, valid:0.4459/best:0.4529, test:0.4337/best:0.4472
[I 2026-09-13 22:15:44,187 ignn.models.IGNN:215] epoch:191/best:167, loss:1.1398, train:0.6082, valid:0.4290/best:0.4529, test:0.4112/best:0.4472
[I 2026-09-13 22:15:44,210 ignn.models.IGNN:215] epoch:192/best:167, loss:1.1425, train:0.6186, valid:0.4374/best:0.4529, test:0.4202/best:0.4472
[I 2026-09-13 22:15:44,233 ignn.models.IGNN:215] epoch:193/best:167, loss:1.1973, train:0.5961, valid:0.4374/best:0.4529, test:0.4404/best:0.4472
[I 2026-09-13 22:15:44,256 ignn.models.IGNN:215] epoch:194/best:167, loss:1.1382, train:0.5614, valid:0.4332/best:0.4529, test:0.4225/best:0.4472
[I 2026-09-13 22:15:44,278 ignn.models.IGNN:215] epoch:195/best:167, loss:1.1511, train:0.5614, valid:0.4276/best:0.4529, test:0.4180/best:0.4472
[I 2026-09-13 22:15:44,301 ignn.models.IGNN:215] epoch:196/best:167, loss:1.1422, train:0.5717, valid:0.4346/best:0.4529, test:0.4180/best:0.4472
[I 2026-09-13 22:15:44,324 ignn.models.IGNN:215] epoch:197/best:167, loss:1.1366, train:0.5876, valid:0.4318/best:0.4529, test:0.4202/best:0.4472
[I 2026-09-13 22:15:44,347 ignn.models.IGNN:215] epoch:198/best:167, loss:1.1365, train:0.5961, valid:0.4163/best:0.4529, test:0.3978/best:0.4472
[I 2026-09-13 22:15:44,523 ignn.models.IGNN:215] epoch:199/best:167, loss:1.1488, train:0.6073, valid:0.4233/best:0.4529, test:0.4090/best:0.4472
[I 2026-09-13 22:15:44,546 ignn.models.IGNN:215] epoch:200/best:167, loss:1.1719, train:0.6064, valid:0.4388/best:0.4529, test:0.4270/best:0.4472
[I 2026-09-13 22:15:44,569 ignn.models.IGNN:215] epoch:201/best:167, loss:1.1203, train:0.5754, valid:0.4248/best:0.4529, test:0.4247/best:0.4472
[I 2026-09-13 22:15:44,592 ignn.models.IGNN:215] epoch:202/best:167, loss:1.1303, train:0.5604, valid:0.4276/best:0.4529, test:0.4180/best:0.4472
[I 2026-09-13 22:15:44,615 ignn.models.IGNN:215] epoch:203/best:167, loss:1.1483, train:0.5764, valid:0.4262/best:0.4529, test:0.4225/best:0.4472
[I 2026-09-13 22:15:44,638 ignn.models.IGNN:215] epoch:204/best:167, loss:1.1481, train:0.6148, valid:0.4248/best:0.4529, test:0.4337/best:0.4472
[I 2026-09-13 22:15:44,661 ignn.models.IGNN:215] epoch:205/best:167, loss:1.1135, train:0.6186, valid:0.4248/best:0.4529, test:0.4360/best:0.4472
[I 2026-09-13 22:15:44,684 ignn.models.IGNN:215] epoch:206/best:167, loss:1.1537, train:0.6120, valid:0.4219/best:0.4529, test:0.4225/best:0.4472
[I 2026-09-13 22:15:44,706 ignn.models.IGNN:215] epoch:207/best:167, loss:1.1361, train:0.6007, valid:0.4262/best:0.4529, test:0.4202/best:0.4472
[I 2026-09-13 22:15:44,729 ignn.models.IGNN:215] epoch:208/best:167, loss:1.1262, train:0.5839, valid:0.4332/best:0.4529, test:0.4202/best:0.4472
[I 2026-09-13 22:15:44,752 ignn.models.IGNN:215] epoch:209/best:167, loss:1.1831, train:0.5661, valid:0.4276/best:0.4529, test:0.4180/best:0.4472
[I 2026-09-13 22:15:44,775 ignn.models.IGNN:215] epoch:210/best:167, loss:1.1198, train:0.5642, valid:0.4318/best:0.4529, test:0.4090/best:0.4472
[I 2026-09-13 22:15:44,798 ignn.models.IGNN:215] epoch:211/best:167, loss:1.1107, train:0.5689, valid:0.4332/best:0.4529, test:0.4157/best:0.4472
[I 2026-09-13 22:15:44,821 ignn.models.IGNN:215] epoch:212/best:167, loss:1.1158, train:0.5633, valid:0.4332/best:0.4529, test:0.4112/best:0.4472
[I 2026-09-13 22:15:44,844 ignn.models.IGNN:215] epoch:213/best:167, loss:1.1191, train:0.5548, valid:0.4318/best:0.4529, test:0.4112/best:0.4472
[I 2026-09-13 22:15:44,867 ignn.models.IGNN:215] epoch:214/best:167, loss:1.1479, train:0.5576, valid:0.4346/best:0.4529, test:0.4067/best:0.4472
[I 2026-09-13 22:15:44,890 ignn.models.IGNN:215] epoch:215/best:167, loss:1.1178, train:0.5633, valid:0.4374/best:0.4529, test:0.4067/best:0.4472
[I 2026-09-13 22:15:44,913 ignn.models.IGNN:215] epoch:216/best:167, loss:1.1739, train:0.5783, valid:0.4304/best:0.4529, test:0.4000/best:0.4472
[I 2026-09-13 22:15:44,936 ignn.models.IGNN:215] epoch:217/best:167, loss:1.1220, train:0.5754, valid:0.4332/best:0.4529, test:0.3865/best:0.4472
[I 2026-09-13 22:15:44,959 ignn.models.IGNN:215] epoch:218/best:167, loss:1.1437, train:0.5679, valid:0.4332/best:0.4529, test:0.4090/best:0.4472
[I 2026-09-13 22:15:44,982 ignn.models.IGNN:215] epoch:219/best:167, loss:1.1681, train:0.5717, valid:0.4332/best:0.4529, test:0.4090/best:0.4472
[I 2026-09-13 22:15:45,004 ignn.models.IGNN:215] epoch:220/best:167, loss:1.1420, train:0.6045, valid:0.4276/best:0.4529, test:0.3978/best:0.4472
[I 2026-09-13 22:15:45,027 ignn.models.IGNN:215] epoch:221/best:167, loss:1.1265, train:0.6129, valid:0.4248/best:0.4529, test:0.3978/best:0.4472
[I 2026-09-13 22:15:45,050 ignn.models.IGNN:215] epoch:222/best:167, loss:1.1190, train:0.6214, valid:0.4290/best:0.4529, test:0.4045/best:0.4472
[I 2026-09-13 22:15:45,073 ignn.models.IGNN:215] epoch:223/best:167, loss:1.1166, train:0.6289, valid:0.4318/best:0.4529, test:0.4112/best:0.4472
[I 2026-09-13 22:15:45,095 ignn.models.IGNN:215] epoch:224/best:167, loss:1.1450, train:0.6120, valid:0.4346/best:0.4529, test:0.4225/best:0.4472
[I 2026-09-13 22:15:45,118 ignn.models.IGNN:215] epoch:225/best:167, loss:1.1357, train:0.6007, valid:0.4304/best:0.4529, test:0.4202/best:0.4472
[I 2026-09-13 22:15:45,141 ignn.models.IGNN:215] epoch:226/best:167, loss:1.1462, train:0.6261, valid:0.4444/best:0.4529, test:0.4090/best:0.4472
[I 2026-09-13 22:15:45,164 ignn.models.IGNN:215] epoch:227/best:167, loss:1.1310, train:0.6111, valid:0.4248/best:0.4529, test:0.3955/best:0.4472
[I 2026-09-13 22:15:45,187 ignn.models.IGNN:215] epoch:228/best:167, loss:1.1404, train:0.6157, valid:0.4248/best:0.4529, test:0.3820/best:0.4472
[I 2026-09-13 22:15:45,209 ignn.models.IGNN:215] epoch:229/best:167, loss:1.1385, train:0.6111, valid:0.4191/best:0.4529, test:0.3888/best:0.4472
[I 2026-09-13 22:15:45,232 ignn.models.IGNN:215] epoch:230/best:167, loss:1.1329, train:0.5998, valid:0.4402/best:0.4529, test:0.4225/best:0.4472
[I 2026-09-13 22:15:45,255 ignn.models.IGNN:215] epoch:231/best:167, loss:1.1385, train:0.5623, valid:0.4304/best:0.4529, test:0.4157/best:0.4472
[I 2026-09-13 22:15:45,278 ignn.models.IGNN:215] epoch:232/best:167, loss:1.1385, train:0.5623, valid:0.4318/best:0.4529, test:0.4135/best:0.4472
[I 2026-09-13 22:15:45,301 ignn.models.IGNN:215] epoch:233/best:167, loss:1.1479, train:0.5839, valid:0.4416/best:0.4529, test:0.4157/best:0.4472
[I 2026-09-13 22:15:45,323 ignn.models.IGNN:215] epoch:234/best:167, loss:1.1169, train:0.5858, valid:0.4233/best:0.4529, test:0.3865/best:0.4472
[I 2026-09-13 22:15:45,501 ignn.models.IGNN:215] epoch:235/best:167, loss:1.1340, train:0.5783, valid:0.4135/best:0.4529, test:0.3753/best:0.4472
[I 2026-09-13 22:15:45,525 ignn.models.IGNN:215] epoch:236/best:167, loss:1.1193, train:0.5811, valid:0.4346/best:0.4529, test:0.3910/best:0.4472
[I 2026-09-13 22:15:45,548 ignn.models.IGNN:215] epoch:237/best:167, loss:1.1447, train:0.5633, valid:0.4205/best:0.4529, test:0.4000/best:0.4472
[I 2026-09-13 22:15:45,571 ignn.models.IGNN:215] epoch:238/best:167, loss:1.1100, train:0.5576, valid:0.4191/best:0.4529, test:0.4157/best:0.4472
[I 2026-09-13 22:15:45,593 ignn.models.IGNN:215] epoch:239/best:167, loss:1.1417, train:0.5745, valid:0.4219/best:0.4529, test:0.4067/best:0.4472
[I 2026-09-13 22:15:45,616 ignn.models.IGNN:215] epoch:240/best:167, loss:1.1168, train:0.5989, valid:0.4219/best:0.4529, test:0.3865/best:0.4472
[I 2026-09-13 22:15:45,639 ignn.models.IGNN:215] epoch:241/best:167, loss:1.1096, train:0.5998, valid:0.4023/best:0.4529, test:0.3663/best:0.4472
[I 2026-09-13 22:15:45,662 ignn.models.IGNN:215] epoch:242/best:167, loss:1.1204, train:0.5989, valid:0.4121/best:0.4529, test:0.3798/best:0.4472
[I 2026-09-13 22:15:45,685 ignn.models.IGNN:215] epoch:243/best:167, loss:1.1191, train:0.6026, valid:0.4290/best:0.4529, test:0.4112/best:0.4472
[I 2026-09-13 22:15:45,707 ignn.models.IGNN:215] epoch:244/best:167, loss:1.1426, train:0.5783, valid:0.4248/best:0.4529, test:0.4135/best:0.4472
[I 2026-09-13 22:15:45,730 ignn.models.IGNN:215] epoch:245/best:167, loss:1.1026, train:0.5623, valid:0.4262/best:0.4529, test:0.4067/best:0.4472
[I 2026-09-13 22:15:45,753 ignn.models.IGNN:215] epoch:246/best:167, loss:1.1406, train:0.5670, valid:0.4262/best:0.4529, test:0.4045/best:0.4472
[I 2026-09-13 22:15:45,775 ignn.models.IGNN:215] epoch:247/best:167, loss:1.1306, train:0.5698, valid:0.4219/best:0.4529, test:0.4022/best:0.4472
[I 2026-09-13 22:15:45,798 ignn.models.IGNN:215] epoch:248/best:167, loss:1.1287, train:0.5717, valid:0.4191/best:0.4529, test:0.3978/best:0.4472
[I 2026-09-13 22:15:45,821 ignn.models.IGNN:215] epoch:249/best:167, loss:1.1103, train:0.5548, valid:0.4191/best:0.4529, test:0.3910/best:0.4472
[I 2026-09-13 22:15:45,843 ignn.models.IGNN:215] epoch:250/best:167, loss:1.1447, train:0.5558, valid:0.4276/best:0.4529, test:0.4022/best:0.4472
[I 2026-09-13 22:15:45,866 ignn.models.IGNN:215] epoch:251/best:167, loss:1.1031, train:0.5333, valid:0.4219/best:0.4529, test:0.4022/best:0.4472
[I 2026-09-13 22:15:45,889 ignn.models.IGNN:215] epoch:252/best:167, loss:1.1325, train:0.5286, valid:0.4205/best:0.4529, test:0.4067/best:0.4472
[I 2026-09-13 22:15:45,912 ignn.models.IGNN:215] epoch:253/best:167, loss:1.1230, train:0.5342, valid:0.4233/best:0.4529, test:0.3978/best:0.4472
[I 2026-09-13 22:15:45,934 ignn.models.IGNN:215] epoch:254/best:167, loss:1.1170, train:0.5492, valid:0.4233/best:0.4529, test:0.3955/best:0.4472
[I 2026-09-13 22:15:45,957 ignn.models.IGNN:215] epoch:255/best:167, loss:1.1412, train:0.5576, valid:0.4219/best:0.4529, test:0.3978/best:0.4472
[I 2026-09-13 22:15:45,980 ignn.models.IGNN:215] epoch:256/best:167, loss:1.1323, train:0.5670, valid:0.4177/best:0.4529, test:0.4000/best:0.4472
[I 2026-09-13 22:15:46,003 ignn.models.IGNN:215] epoch:257/best:167, loss:1.1029, train:0.5754, valid:0.4135/best:0.4529, test:0.4000/best:0.4472
[I 2026-09-13 22:15:46,025 ignn.models.IGNN:215] epoch:258/best:167, loss:1.0994, train:0.5820, valid:0.4121/best:0.4529, test:0.4000/best:0.4472
[I 2026-09-13 22:15:46,048 ignn.models.IGNN:215] epoch:259/best:167, loss:1.1372, train:0.5895, valid:0.4149/best:0.4529, test:0.4022/best:0.4472
[I 2026-09-13 22:15:46,071 ignn.models.IGNN:215] epoch:260/best:167, loss:1.1192, train:0.5914, valid:0.4205/best:0.4529, test:0.4022/best:0.4472
[I 2026-09-13 22:15:46,094 ignn.models.IGNN:215] epoch:261/best:167, loss:1.0901, train:0.5961, valid:0.4135/best:0.4529, test:0.4000/best:0.4472
[I 2026-09-13 22:15:46,116 ignn.models.IGNN:215] epoch:262/best:167, loss:1.1230, train:0.5979, valid:0.4177/best:0.4529, test:0.3955/best:0.4472
[I 2026-09-13 22:15:46,139 ignn.models.IGNN:215] epoch:263/best:167, loss:1.1061, train:0.5876, valid:0.4177/best:0.4529, test:0.3798/best:0.4472
[I 2026-09-13 22:15:46,162 ignn.models.IGNN:215] epoch:264/best:167, loss:1.0998, train:0.5820, valid:0.4177/best:0.4529, test:0.3730/best:0.4472
[I 2026-09-13 22:15:46,185 ignn.models.IGNN:215] epoch:265/best:167, loss:1.1216, train:0.5792, valid:0.4093/best:0.4529, test:0.3753/best:0.4472
[I 2026-09-13 22:15:46,207 ignn.models.IGNN:215] epoch:266/best:167, loss:1.0870, train:0.5895, valid:0.4163/best:0.4529, test:0.3888/best:0.4472
[I 2026-09-13 22:15:46,230 ignn.models.IGNN:215] epoch:267/best:167, loss:1.1015, train:0.5951, valid:0.4135/best:0.4529, test:0.4045/best:0.4472
[I 2026-09-13 22:15:46,253 ignn.models.IGNN:215] epoch:268/best:167, loss:1.1059, train:0.5961, valid:0.4163/best:0.4529, test:0.4135/best:0.4472
[I 2026-09-13 22:15:46,276 ignn.models.IGNN:215] epoch:269/best:167, loss:1.1327, train:0.5961, valid:0.4191/best:0.4529, test:0.4135/best:0.4472
[I 2026-09-13 22:15:46,298 ignn.models.IGNN:215] epoch:270/best:167, loss:1.0967, train:0.5867, valid:0.4093/best:0.4529, test:0.3955/best:0.4472
[I 2026-09-13 22:15:46,479 ignn.models.IGNN:215] epoch:271/best:167, loss:1.1375, train:0.5951, valid:0.4093/best:0.4529, test:0.3933/best:0.4472
[I 2026-09-13 22:15:46,502 ignn.models.IGNN:215] epoch:272/best:167, loss:1.1164, train:0.5867, valid:0.4037/best:0.4529, test:0.3865/best:0.4472
[I 2026-09-13 22:15:46,525 ignn.models.IGNN:215] epoch:273/best:167, loss:1.1339, train:0.6073, valid:0.4149/best:0.4529, test:0.4090/best:0.4472
[I 2026-09-13 22:15:46,548 ignn.models.IGNN:215] epoch:274/best:167, loss:1.1005, train:0.5829, valid:0.4290/best:0.4529, test:0.3978/best:0.4472
[I 2026-09-13 22:15:46,570 ignn.models.IGNN:215] epoch:275/best:167, loss:1.1153, train:0.5820, valid:0.4248/best:0.4529, test:0.4022/best:0.4472
[I 2026-09-13 22:15:46,593 ignn.models.IGNN:215] epoch:276/best:167, loss:1.1073, train:0.5820, valid:0.4191/best:0.4529, test:0.3978/best:0.4472
[I 2026-09-13 22:15:46,616 ignn.models.IGNN:215] epoch:277/best:167, loss:1.1025, train:0.5708, valid:0.4149/best:0.4529, test:0.3775/best:0.4472
[I 2026-09-13 22:15:46,639 ignn.models.IGNN:215] epoch:278/best:167, loss:1.1076, train:0.5717, valid:0.4163/best:0.4529, test:0.3753/best:0.4472
[I 2026-09-13 22:15:46,661 ignn.models.IGNN:215] epoch:279/best:167, loss:1.1037, train:0.5764, valid:0.4121/best:0.4529, test:0.3865/best:0.4472
[I 2026-09-13 22:15:46,684 ignn.models.IGNN:215] epoch:280/best:167, loss:1.1095, train:0.5689, valid:0.4107/best:0.4529, test:0.4000/best:0.4472
[I 2026-09-13 22:15:46,707 ignn.models.IGNN:215] epoch:281/best:167, loss:1.1198, train:0.5754, valid:0.4008/best:0.4529, test:0.3955/best:0.4472
[I 2026-09-13 22:15:46,729 ignn.models.IGNN:215] epoch:282/best:167, loss:1.1195, train:0.5764, valid:0.3938/best:0.4529, test:0.3933/best:0.4472
[I 2026-09-13 22:15:46,752 ignn.models.IGNN:215] epoch:283/best:167, loss:1.1142, train:0.5736, valid:0.3910/best:0.4529, test:0.3865/best:0.4472
[I 2026-09-13 22:15:46,775 ignn.models.IGNN:215] epoch:284/best:167, loss:1.1116, train:0.5858, valid:0.3924/best:0.4529, test:0.4090/best:0.4472
[I 2026-09-13 22:15:46,798 ignn.models.IGNN:215] epoch:285/best:167, loss:1.1359, train:0.5858, valid:0.3924/best:0.4529, test:0.4247/best:0.4472
[I 2026-09-13 22:15:46,820 ignn.models.IGNN:215] epoch:286/best:167, loss:1.0896, train:0.5858, valid:0.4037/best:0.4529, test:0.4247/best:0.4472
[I 2026-09-13 22:15:46,843 ignn.models.IGNN:215] epoch:287/best:167, loss:1.1060, train:0.5914, valid:0.3966/best:0.4529, test:0.4315/best:0.4472
[I 2026-09-13 22:15:46,866 ignn.models.IGNN:215] epoch:288/best:167, loss:1.1407, train:0.6111, valid:0.4037/best:0.4529, test:0.4157/best:0.4472
[I 2026-09-13 22:15:46,889 ignn.models.IGNN:215] epoch:289/best:167, loss:1.1055, train:0.5970, valid:0.4008/best:0.4529, test:0.3910/best:0.4472
[I 2026-09-13 22:15:46,911 ignn.models.IGNN:215] epoch:290/best:167, loss:1.1167, train:0.5801, valid:0.4023/best:0.4529, test:0.3685/best:0.4472
[I 2026-09-13 22:15:46,934 ignn.models.IGNN:215] epoch:291/best:167, loss:1.1090, train:0.5661, valid:0.4205/best:0.4529, test:0.3888/best:0.4472
[I 2026-09-13 22:15:46,957 ignn.models.IGNN:215] epoch:292/best:167, loss:1.0943, train:0.5614, valid:0.4135/best:0.4529, test:0.3955/best:0.4472
[I 2026-09-13 22:15:46,980 ignn.models.IGNN:215] epoch:293/best:167, loss:1.1352, train:0.5567, valid:0.4093/best:0.4529, test:0.3910/best:0.4472
[I 2026-09-13 22:15:47,002 ignn.models.IGNN:215] epoch:294/best:167, loss:1.0830, train:0.5661, valid:0.4051/best:0.4529, test:0.3910/best:0.4472
[I 2026-09-13 22:15:47,025 ignn.models.IGNN:215] epoch:295/best:167, loss:1.0877, train:0.5736, valid:0.4051/best:0.4529, test:0.3865/best:0.4472
[I 2026-09-13 22:15:47,048 ignn.models.IGNN:215] epoch:296/best:167, loss:1.0756, train:0.5783, valid:0.3980/best:0.4529, test:0.3820/best:0.4472
[I 2026-09-13 22:15:47,072 ignn.models.IGNN:215] epoch:297/best:167, loss:1.0795, train:0.5867, valid:0.4065/best:0.4529, test:0.3865/best:0.4472
[I 2026-09-13 22:15:47,094 ignn.models.IGNN:215] epoch:298/best:167, loss:1.0806, train:0.5942, valid:0.4121/best:0.4529, test:0.3910/best:0.4472
[I 2026-09-13 22:15:47,117 ignn.models.IGNN:215] epoch:299/best:167, loss:1.0968, train:0.5942, valid:0.4121/best:0.4529, test:0.4090/best:0.4472
[I 2026-09-13 22:15:47,140 ignn.models.IGNN:215] epoch:300/best:167, loss:1.0942, train:0.5858, valid:0.4121/best:0.4529, test:0.4000/best:0.4472
[I 2026-09-13 22:15:47,163 ignn.models.IGNN:215] epoch:301/best:167, loss:1.1126, train:0.5848, valid:0.4107/best:0.4529, test:0.3978/best:0.4472
[I 2026-09-13 22:15:47,186 ignn.models.IGNN:215] epoch:302/best:167, loss:1.1392, train:0.5858, valid:0.4177/best:0.4529, test:0.3888/best:0.4472
[I 2026-09-13 22:15:47,208 ignn.models.IGNN:215] epoch:303/best:167, loss:1.0920, train:0.5858, valid:0.3980/best:0.4529, test:0.3753/best:0.4472
[I 2026-09-13 22:15:47,231 ignn.models.IGNN:215] epoch:304/best:167, loss:1.1261, train:0.5783, valid:0.3882/best:0.4529, test:0.3775/best:0.4472
[I 2026-09-13 22:15:47,254 ignn.models.IGNN:215] epoch:305/best:167, loss:1.1101, train:0.5792, valid:0.3980/best:0.4529, test:0.3708/best:0.4472
[I 2026-09-13 22:15:47,277 ignn.models.IGNN:215] epoch:306/best:167, loss:1.1174, train:0.5895, valid:0.4051/best:0.4529, test:0.3933/best:0.4472
[I 2026-09-13 22:15:47,458 ignn.models.IGNN:215] epoch:307/best:167, loss:1.0609, train:0.5801, valid:0.3994/best:0.4529, test:0.3955/best:0.4472
[I 2026-09-13 22:15:47,482 ignn.models.IGNN:215] epoch:308/best:167, loss:1.0920, train:0.5745, valid:0.3994/best:0.4529, test:0.3933/best:0.4472
[I 2026-09-13 22:15:47,506 ignn.models.IGNN:215] epoch:309/best:167, loss:1.0811, train:0.5764, valid:0.3980/best:0.4529, test:0.3955/best:0.4472
[I 2026-09-13 22:15:47,529 ignn.models.IGNN:215] epoch:310/best:167, loss:1.0838, train:0.5736, valid:0.3966/best:0.4529, test:0.3955/best:0.4472
[I 2026-09-13 22:15:47,553 ignn.models.IGNN:215] epoch:311/best:167, loss:1.1127, train:0.5576, valid:0.4079/best:0.4529, test:0.3843/best:0.4472
[I 2026-09-13 22:15:47,576 ignn.models.IGNN:215] epoch:312/best:167, loss:1.1179, train:0.5455, valid:0.4023/best:0.4529, test:0.3865/best:0.4472
[I 2026-09-13 22:15:47,599 ignn.models.IGNN:215] epoch:313/best:167, loss:1.0391, train:0.5492, valid:0.4037/best:0.4529, test:0.3843/best:0.4472
[I 2026-09-13 22:15:47,623 ignn.models.IGNN:215] epoch:314/best:167, loss:1.1130, train:0.5501, valid:0.4008/best:0.4529, test:0.3910/best:0.4472
[I 2026-09-13 22:15:47,646 ignn.models.IGNN:215] epoch:315/best:167, loss:1.0817, train:0.5586, valid:0.4051/best:0.4529, test:0.3820/best:0.4472
[I 2026-09-13 22:15:47,670 ignn.models.IGNN:215] epoch:316/best:167, loss:1.0774, train:0.5726, valid:0.4037/best:0.4529, test:0.3775/best:0.4472
[I 2026-09-13 22:15:47,693 ignn.models.IGNN:215] epoch:317/best:167, loss:1.1015, train:0.5820, valid:0.4065/best:0.4529, test:0.3843/best:0.4472
[I 2026-09-13 22:15:47,716 ignn.models.IGNN:215] epoch:318/best:167, loss:1.0761, train:0.5989, valid:0.4107/best:0.4529, test:0.3888/best:0.4472
[I 2026-09-13 22:15:47,739 ignn.models.IGNN:215] epoch:319/best:167, loss:1.0719, train:0.5979, valid:0.4093/best:0.4529, test:0.3933/best:0.4472
[I 2026-09-13 22:15:47,763 ignn.models.IGNN:215] epoch:320/best:167, loss:1.0959, train:0.6073, valid:0.4079/best:0.4529, test:0.3955/best:0.4472
[I 2026-09-13 22:15:47,786 ignn.models.IGNN:215] epoch:321/best:167, loss:1.0873, train:0.6139, valid:0.4008/best:0.4529, test:0.3843/best:0.4472
[I 2026-09-13 22:15:47,810 ignn.models.IGNN:215] epoch:322/best:167, loss:1.0856, train:0.6101, valid:0.4065/best:0.4529, test:0.3933/best:0.4472
[I 2026-09-13 22:15:47,833 ignn.models.IGNN:215] epoch:323/best:167, loss:1.0713, train:0.6148, valid:0.4135/best:0.4529, test:0.3910/best:0.4472
[I 2026-09-13 22:15:47,856 ignn.models.IGNN:215] epoch:324/best:167, loss:1.1180, train:0.6129, valid:0.4233/best:0.4529, test:0.4090/best:0.4472
[I 2026-09-13 22:15:47,879 ignn.models.IGNN:215] epoch:325/best:167, loss:1.0895, train:0.6045, valid:0.4248/best:0.4529, test:0.3978/best:0.4472
[I 2026-09-13 22:15:47,902 ignn.models.IGNN:215] epoch:326/best:167, loss:1.1074, train:0.5951, valid:0.4191/best:0.4529, test:0.3910/best:0.4472
[I 2026-09-13 22:15:47,925 ignn.models.IGNN:215] epoch:327/best:167, loss:1.1144, train:0.5820, valid:0.4219/best:0.4529, test:0.3865/best:0.4472
[I 2026-09-13 22:15:47,949 ignn.models.IGNN:215] epoch:328/best:167, loss:1.0868, train:0.5848, valid:0.4191/best:0.4529, test:0.3933/best:0.4472
[I 2026-09-13 22:15:47,973 ignn.models.IGNN:215] epoch:329/best:167, loss:1.0942, train:0.5923, valid:0.4121/best:0.4529, test:0.4000/best:0.4472
[I 2026-09-13 22:15:47,996 ignn.models.IGNN:215] epoch:330/best:167, loss:1.1024, train:0.5942, valid:0.4093/best:0.4529, test:0.4045/best:0.4472
[I 2026-09-13 22:15:48,019 ignn.models.IGNN:215] epoch:331/best:167, loss:1.1135, train:0.6054, valid:0.4135/best:0.4529, test:0.3955/best:0.4472
[I 2026-09-13 22:15:48,042 ignn.models.IGNN:215] epoch:332/best:167, loss:1.1026, train:0.6064, valid:0.4065/best:0.4529, test:0.3798/best:0.4472
[I 2026-09-13 22:15:48,066 ignn.models.IGNN:215] epoch:333/best:167, loss:1.0952, train:0.6017, valid:0.4023/best:0.4529, test:0.3663/best:0.4472
[I 2026-09-13 22:15:48,089 ignn.models.IGNN:215] epoch:334/best:167, loss:1.0982, train:0.5979, valid:0.4051/best:0.4529, test:0.3843/best:0.4472
[I 2026-09-13 22:15:48,112 ignn.models.IGNN:215] epoch:335/best:167, loss:1.0935, train:0.5923, valid:0.4121/best:0.4529, test:0.3933/best:0.4472
[I 2026-09-13 22:15:48,136 ignn.models.IGNN:215] epoch:336/best:167, loss:1.1316, train:0.5745, valid:0.4051/best:0.4529, test:0.4045/best:0.4472
[I 2026-09-13 22:15:48,158 ignn.models.IGNN:215] epoch:337/best:167, loss:1.1147, train:0.5708, valid:0.4079/best:0.4529, test:0.3933/best:0.4472
[I 2026-09-13 22:15:48,181 ignn.models.IGNN:215] epoch:338/best:167, loss:1.1309, train:0.5511, valid:0.4008/best:0.4529, test:0.3618/best:0.4472
[I 2026-09-13 22:15:48,204 ignn.models.IGNN:215] epoch:339/best:167, loss:1.0893, train:0.5464, valid:0.3854/best:0.4529, test:0.3528/best:0.4472
[I 2026-09-13 22:15:48,227 ignn.models.IGNN:215] epoch:340/best:167, loss:1.1010, train:0.5539, valid:0.3952/best:0.4529, test:0.3753/best:0.4472
[I 2026-09-13 22:15:48,250 ignn.models.IGNN:215] epoch:341/best:167, loss:1.0963, train:0.5436, valid:0.3994/best:0.4529, test:0.3955/best:0.4472
[I 2026-09-13 22:15:48,424 ignn.models.IGNN:215] epoch:342/best:167, loss:1.0982, train:0.5370, valid:0.3952/best:0.4529, test:0.3910/best:0.4472
[I 2026-09-13 22:15:48,447 ignn.models.IGNN:215] epoch:343/best:167, loss:1.0707, train:0.5445, valid:0.3924/best:0.4529, test:0.3775/best:0.4472
[I 2026-09-13 22:15:48,470 ignn.models.IGNN:215] epoch:344/best:167, loss:1.1050, train:0.5464, valid:0.3924/best:0.4529, test:0.3775/best:0.4472
[I 2026-09-13 22:15:48,493 ignn.models.IGNN:215] epoch:345/best:167, loss:1.0698, train:0.5501, valid:0.3966/best:0.4529, test:0.3753/best:0.4472
[I 2026-09-13 22:15:48,516 ignn.models.IGNN:215] epoch:346/best:167, loss:1.0937, train:0.5586, valid:0.4065/best:0.4529, test:0.3933/best:0.4472
[I 2026-09-13 22:15:48,540 ignn.models.IGNN:215] epoch:347/best:167, loss:1.0957, train:0.5661, valid:0.4149/best:0.4529, test:0.3955/best:0.4472
[I 2026-09-13 22:15:48,562 ignn.models.IGNN:215] epoch:348/best:167, loss:1.0922, train:0.5679, valid:0.4149/best:0.4529, test:0.3910/best:0.4472
[I 2026-09-13 22:15:48,585 ignn.models.IGNN:215] epoch:349/best:167, loss:1.0964, train:0.5754, valid:0.4177/best:0.4529, test:0.3888/best:0.4472
[I 2026-09-13 22:15:48,608 ignn.models.IGNN:215] epoch:350/best:167, loss:1.0825, train:0.5858, valid:0.4079/best:0.4529, test:0.3955/best:0.4472
[I 2026-09-13 22:15:48,631 ignn.models.IGNN:215] epoch:351/best:167, loss:1.0608, train:0.5829, valid:0.4008/best:0.4529, test:0.3798/best:0.4472
[I 2026-09-13 22:15:48,653 ignn.models.IGNN:215] epoch:352/best:167, loss:1.0961, train:0.5745, valid:0.3924/best:0.4529, test:0.3730/best:0.4472
[I 2026-09-13 22:15:48,676 ignn.models.IGNN:215] epoch:353/best:167, loss:1.0978, train:0.5726, valid:0.3924/best:0.4529, test:0.3775/best:0.4472
[I 2026-09-13 22:15:48,699 ignn.models.IGNN:215] epoch:354/best:167, loss:1.0846, train:0.5689, valid:0.3966/best:0.4529, test:0.3798/best:0.4472
[I 2026-09-13 22:15:48,722 ignn.models.IGNN:215] epoch:355/best:167, loss:1.0604, train:0.5698, valid:0.3980/best:0.4529, test:0.3843/best:0.4472
[I 2026-09-13 22:15:48,744 ignn.models.IGNN:215] epoch:356/best:167, loss:1.0932, train:0.5642, valid:0.3980/best:0.4529, test:0.3820/best:0.4472
[I 2026-09-13 22:15:48,767 ignn.models.IGNN:215] epoch:357/best:167, loss:1.0625, train:0.5558, valid:0.3769/best:0.4529, test:0.3596/best:0.4472
[I 2026-09-13 22:15:48,790 ignn.models.IGNN:215] epoch:358/best:167, loss:1.1026, train:0.5511, valid:0.3755/best:0.4529, test:0.3640/best:0.4472
[I 2026-09-13 22:15:48,813 ignn.models.IGNN:215] epoch:359/best:167, loss:1.0997, train:0.5586, valid:0.3910/best:0.4529, test:0.3775/best:0.4472
[I 2026-09-13 22:15:48,835 ignn.models.IGNN:215] epoch:360/best:167, loss:1.0839, train:0.5642, valid:0.3994/best:0.4529, test:0.3843/best:0.4472
[I 2026-09-13 22:15:48,858 ignn.models.IGNN:215] epoch:361/best:167, loss:1.1174, train:0.5736, valid:0.3952/best:0.4529, test:0.3888/best:0.4472
[I 2026-09-13 22:15:48,881 ignn.models.IGNN:215] epoch:362/best:167, loss:1.0953, train:0.5679, valid:0.3938/best:0.4529, test:0.3820/best:0.4472
[I 2026-09-13 22:15:48,904 ignn.models.IGNN:215] epoch:363/best:167, loss:1.0942, train:0.5717, valid:0.3812/best:0.4529, test:0.3573/best:0.4472
[I 2026-09-13 22:15:48,927 ignn.models.IGNN:215] epoch:364/best:167, loss:1.1205, train:0.5745, valid:0.3840/best:0.4529, test:0.3596/best:0.4472
[I 2026-09-13 22:15:48,950 ignn.models.IGNN:215] epoch:365/best:167, loss:1.0713, train:0.5764, valid:0.4023/best:0.4529, test:0.3730/best:0.4472
[I 2026-09-13 22:15:48,972 ignn.models.IGNN:215] epoch:366/best:167, loss:1.0681, train:0.5745, valid:0.3910/best:0.4529, test:0.3888/best:0.4472
[I 2026-09-13 22:15:48,995 ignn.models.IGNN:215] epoch:367/best:167, loss:1.1069, train:0.5811, valid:0.3910/best:0.4529, test:0.3910/best:0.4472
[I 2026-09-13 22:15:48,995 ignn.models.IGNN:222] Early Stopping! Best Epoch: 167, best val acc: 0.4529, test acc: 0.4472
[I 2026-09-13 22:15:48,996 ignn.models.IGNN:234] 10 epoch cost: 0.2724s.
[I 2026-09-13 22:15:49,008 __main__:210] squirrel_critical 2 res: 0.44719101123595506


[I 2026-09-13 22:15:49,045 ignn.models.IGNN:215] epoch:0/best:0, loss:1.6113, train:0.3224, valid:0.3586/best:0.3586, test:0.3528/best:0.3528
[I 2026-09-13 22:15:49,069 ignn.models.IGNN:215] epoch:1/best:1, loss:1.5906, train:0.3224, valid:0.3586/best:0.3586, test:0.3528/best:0.3528
[I 2026-09-13 22:15:49,094 ignn.models.IGNN:215] epoch:2/best:2, loss:1.5780, train:0.3224, valid:0.3586/best:0.3586, test:0.3528/best:0.3528
[I 2026-09-13 22:15:49,118 ignn.models.IGNN:215] epoch:3/best:3, loss:1.5685, train:0.3224, valid:0.3586/best:0.3586, test:0.3528/best:0.3528
[I 2026-09-13 22:15:49,142 ignn.models.IGNN:215] epoch:4/best:4, loss:1.5604, train:0.3224, valid:0.3586/best:0.3586, test:0.3528/best:0.3528
[I 2026-09-13 22:15:49,166 ignn.models.IGNN:215] epoch:5/best:5, loss:1.5514, train:0.3224, valid:0.3586/best:0.3586, test:0.3528/best:0.3528
[I 2026-09-13 22:15:49,190 ignn.models.IGNN:215] epoch:6/best:6, loss:1.5433, train:0.3233, valid:0.3586/best:0.3586, test:0.3528/best:0.3528
[I 2026-09-13 22:15:49,214 ignn.models.IGNN:215] epoch:7/best:7, loss:1.5345, train:0.3243, valid:0.3586/best:0.3586, test:0.3551/best:0.3551
[I 2026-09-13 22:15:49,239 ignn.models.IGNN:215] epoch:8/best:8, loss:1.5171, train:0.3290, valid:0.3629/best:0.3629, test:0.3551/best:0.3551
[I 2026-09-13 22:15:49,417 ignn.models.IGNN:215] epoch:9/best:9, loss:1.5148, train:0.3346, valid:0.3685/best:0.3685, test:0.3573/best:0.3573
[I 2026-09-13 22:15:49,441 ignn.models.IGNN:215] epoch:10/best:10, loss:1.5064, train:0.3468, valid:0.3755/best:0.3755, test:0.3618/best:0.3618
[I 2026-09-13 22:15:49,465 ignn.models.IGNN:215] epoch:11/best:11, loss:1.4869, train:0.3543, valid:0.3783/best:0.3783, test:0.3685/best:0.3685
[I 2026-09-13 22:15:49,489 ignn.models.IGNN:215] epoch:12/best:12, loss:1.4849, train:0.3571, valid:0.3783/best:0.3783, test:0.3685/best:0.3685
[I 2026-09-13 22:15:49,513 ignn.models.IGNN:215] epoch:13/best:13, loss:1.4523, train:0.3683, valid:0.3910/best:0.3910, test:0.3933/best:0.3933
[I 2026-09-13 22:15:49,537 ignn.models.IGNN:215] epoch:14/best:14, loss:1.4492, train:0.3955, valid:0.4107/best:0.4107, test:0.3933/best:0.3933
[I 2026-09-13 22:15:49,562 ignn.models.IGNN:215] epoch:15/best:15, loss:1.4351, train:0.4086, valid:0.4177/best:0.4177, test:0.4045/best:0.4045
[I 2026-09-13 22:15:49,585 ignn.models.IGNN:215] epoch:16/best:15, loss:1.4295, train:0.3936, valid:0.4121/best:0.4177, test:0.3955/best:0.4045
[I 2026-09-13 22:15:49,608 ignn.models.IGNN:215] epoch:17/best:15, loss:1.3994, train:0.3983, valid:0.4107/best:0.4177, test:0.4112/best:0.4045
[I 2026-09-13 22:15:49,631 ignn.models.IGNN:215] epoch:18/best:15, loss:1.3825, train:0.4067, valid:0.4121/best:0.4177, test:0.4112/best:0.4045
[I 2026-09-13 22:15:49,654 ignn.models.IGNN:215] epoch:19/best:15, loss:1.3590, train:0.4021, valid:0.4121/best:0.4177, test:0.4135/best:0.4045
[I 2026-09-13 22:15:49,677 ignn.models.IGNN:215] epoch:20/best:15, loss:1.3733, train:0.4002, valid:0.4079/best:0.4177, test:0.4247/best:0.4045
[I 2026-09-13 22:15:49,700 ignn.models.IGNN:215] epoch:21/best:15, loss:1.3636, train:0.4255, valid:0.4149/best:0.4177, test:0.4112/best:0.4045
[I 2026-09-13 22:15:49,723 ignn.models.IGNN:215] epoch:22/best:15, loss:1.3562, train:0.4011, valid:0.4051/best:0.4177, test:0.4180/best:0.4045
[I 2026-09-13 22:15:49,746 ignn.models.IGNN:215] epoch:23/best:15, loss:1.3451, train:0.4124, valid:0.4065/best:0.4177, test:0.4247/best:0.4045
[I 2026-09-13 22:15:49,769 ignn.models.IGNN:215] epoch:24/best:15, loss:1.3476, train:0.4255, valid:0.4065/best:0.4177, test:0.4270/best:0.4045
[I 2026-09-13 22:15:49,792 ignn.models.IGNN:215] epoch:25/best:15, loss:1.3176, train:0.4161, valid:0.4079/best:0.4177, test:0.4292/best:0.4045
[I 2026-09-13 22:15:49,814 ignn.models.IGNN:215] epoch:26/best:15, loss:1.3228, train:0.4142, valid:0.4065/best:0.4177, test:0.4382/best:0.4045
[I 2026-09-13 22:15:49,839 ignn.models.IGNN:215] epoch:27/best:27, loss:1.3200, train:0.4396, valid:0.4248/best:0.4248, test:0.4674/best:0.4674
[I 2026-09-13 22:15:49,862 ignn.models.IGNN:215] epoch:28/best:27, loss:1.2995, train:0.4367, valid:0.4107/best:0.4248, test:0.4629/best:0.4674
[I 2026-09-13 22:15:49,885 ignn.models.IGNN:215] epoch:29/best:27, loss:1.3306, train:0.4058, valid:0.3966/best:0.4248, test:0.4157/best:0.4674
[I 2026-09-13 22:15:49,907 ignn.models.IGNN:215] epoch:30/best:27, loss:1.3101, train:0.4292, valid:0.3980/best:0.4248, test:0.4517/best:0.4674
[I 2026-09-13 22:15:49,932 ignn.models.IGNN:215] epoch:31/best:31, loss:1.2965, train:0.4592, valid:0.4290/best:0.4290, test:0.4584/best:0.4584
[I 2026-09-13 22:15:49,955 ignn.models.IGNN:215] epoch:32/best:31, loss:1.2952, train:0.4330, valid:0.3966/best:0.4290, test:0.4674/best:0.4584
[I 2026-09-13 22:15:49,977 ignn.models.IGNN:215] epoch:33/best:31, loss:1.2907, train:0.4142, valid:0.3980/best:0.4290, test:0.4270/best:0.4584
[I 2026-09-13 22:15:50,000 ignn.models.IGNN:215] epoch:34/best:31, loss:1.2695, train:0.4208, valid:0.3980/best:0.4290, test:0.4382/best:0.4584
[I 2026-09-13 22:15:50,023 ignn.models.IGNN:215] epoch:35/best:31, loss:1.2671, train:0.4405, valid:0.4107/best:0.4290, test:0.4607/best:0.4584
[I 2026-09-13 22:15:50,046 ignn.models.IGNN:215] epoch:36/best:31, loss:1.2881, train:0.4461, valid:0.4107/best:0.4290, test:0.4674/best:0.4584
[I 2026-09-13 22:15:50,069 ignn.models.IGNN:215] epoch:37/best:31, loss:1.2537, train:0.4442, valid:0.3994/best:0.4290, test:0.4629/best:0.4584
[I 2026-09-13 22:15:50,092 ignn.models.IGNN:215] epoch:38/best:31, loss:1.2786, train:0.4396, valid:0.3994/best:0.4290, test:0.4539/best:0.4584
[I 2026-09-13 22:15:50,115 ignn.models.IGNN:215] epoch:39/best:31, loss:1.2774, train:0.4489, valid:0.4205/best:0.4290, test:0.4652/best:0.4584
[I 2026-09-13 22:15:50,138 ignn.models.IGNN:215] epoch:40/best:31, loss:1.2473, train:0.4527, valid:0.4233/best:0.4290, test:0.4697/best:0.4584
[I 2026-09-13 22:15:50,160 ignn.models.IGNN:215] epoch:41/best:31, loss:1.2460, train:0.4480, valid:0.4079/best:0.4290, test:0.4562/best:0.4584
[I 2026-09-13 22:15:50,183 ignn.models.IGNN:215] epoch:42/best:31, loss:1.2750, train:0.4414, valid:0.4135/best:0.4290, test:0.4449/best:0.4584
[I 2026-09-13 22:15:50,206 ignn.models.IGNN:215] epoch:43/best:31, loss:1.2619, train:0.4574, valid:0.4149/best:0.4290, test:0.4584/best:0.4584
[I 2026-09-13 22:15:50,383 ignn.models.IGNN:215] epoch:44/best:31, loss:1.2565, train:0.4452, valid:0.4163/best:0.4290, test:0.4539/best:0.4584
[I 2026-09-13 22:15:50,406 ignn.models.IGNN:215] epoch:45/best:31, loss:1.2578, train:0.4396, valid:0.4051/best:0.4290, test:0.4427/best:0.4584
[I 2026-09-13 22:15:50,429 ignn.models.IGNN:215] epoch:46/best:31, loss:1.2696, train:0.4583, valid:0.4163/best:0.4290, test:0.4697/best:0.4584
[I 2026-09-13 22:15:50,452 ignn.models.IGNN:215] epoch:47/best:31, loss:1.2443, train:0.4574, valid:0.4163/best:0.4290, test:0.4742/best:0.4584
[I 2026-09-13 22:15:50,475 ignn.models.IGNN:215] epoch:48/best:31, loss:1.2467, train:0.4442, valid:0.4135/best:0.4290, test:0.4674/best:0.4584
[I 2026-09-13 22:15:50,498 ignn.models.IGNN:215] epoch:49/best:31, loss:1.2393, train:0.4349, valid:0.4065/best:0.4290, test:0.4449/best:0.4584
[I 2026-09-13 22:15:50,520 ignn.models.IGNN:215] epoch:50/best:31, loss:1.2316, train:0.4480, valid:0.4205/best:0.4290, test:0.4584/best:0.4584
[I 2026-09-13 22:15:50,545 ignn.models.IGNN:215] epoch:51/best:51, loss:1.2247, train:0.4611, valid:0.4304/best:0.4304, test:0.4787/best:0.4787
[I 2026-09-13 22:15:50,569 ignn.models.IGNN:215] epoch:52/best:52, loss:1.2412, train:0.4620, valid:0.4388/best:0.4388, test:0.4742/best:0.4742
[I 2026-09-13 22:15:50,592 ignn.models.IGNN:215] epoch:53/best:52, loss:1.2269, train:0.4545, valid:0.4219/best:0.4388, test:0.4742/best:0.4742
[I 2026-09-13 22:15:50,615 ignn.models.IGNN:215] epoch:54/best:52, loss:1.2582, train:0.4489, valid:0.4219/best:0.4388, test:0.4652/best:0.4742
[I 2026-09-13 22:15:50,638 ignn.models.IGNN:215] epoch:55/best:52, loss:1.2354, train:0.4499, valid:0.4191/best:0.4388, test:0.4652/best:0.4742
[I 2026-09-13 22:15:50,661 ignn.models.IGNN:215] epoch:56/best:52, loss:1.2144, train:0.4470, valid:0.4163/best:0.4388, test:0.4652/best:0.4742
[I 2026-09-13 22:15:50,683 ignn.models.IGNN:215] epoch:57/best:52, loss:1.2360, train:0.4461, valid:0.4177/best:0.4388, test:0.4674/best:0.4742
[I 2026-09-13 22:15:50,706 ignn.models.IGNN:215] epoch:58/best:52, loss:1.2277, train:0.4470, valid:0.4177/best:0.4388, test:0.4562/best:0.4742
[I 2026-09-13 22:15:50,729 ignn.models.IGNN:215] epoch:59/best:52, loss:1.2501, train:0.4480, valid:0.4233/best:0.4388, test:0.4584/best:0.4742
[I 2026-09-13 22:15:50,752 ignn.models.IGNN:215] epoch:60/best:52, loss:1.2165, train:0.4536, valid:0.4205/best:0.4388, test:0.4584/best:0.4742
[I 2026-09-13 22:15:50,774 ignn.models.IGNN:215] epoch:61/best:52, loss:1.2325, train:0.4545, valid:0.4248/best:0.4388, test:0.4697/best:0.4742
[I 2026-09-13 22:15:50,797 ignn.models.IGNN:215] epoch:62/best:52, loss:1.2134, train:0.4592, valid:0.4219/best:0.4388, test:0.4629/best:0.4742
[I 2026-09-13 22:15:50,820 ignn.models.IGNN:215] epoch:63/best:52, loss:1.2233, train:0.4564, valid:0.4262/best:0.4388, test:0.4607/best:0.4742
[I 2026-09-13 22:15:50,843 ignn.models.IGNN:215] epoch:64/best:52, loss:1.2513, train:0.4583, valid:0.4248/best:0.4388, test:0.4652/best:0.4742
[I 2026-09-13 22:15:50,866 ignn.models.IGNN:215] epoch:65/best:52, loss:1.1952, train:0.4667, valid:0.4262/best:0.4388, test:0.4809/best:0.4742
[I 2026-09-13 22:15:50,888 ignn.models.IGNN:215] epoch:66/best:52, loss:1.2366, train:0.4602, valid:0.4219/best:0.4388, test:0.4674/best:0.4742
[I 2026-09-13 22:15:50,911 ignn.models.IGNN:215] epoch:67/best:52, loss:1.2151, train:0.4592, valid:0.4177/best:0.4388, test:0.4652/best:0.4742
[I 2026-09-13 22:15:50,934 ignn.models.IGNN:215] epoch:68/best:52, loss:1.2228, train:0.4649, valid:0.4332/best:0.4388, test:0.4719/best:0.4742
[I 2026-09-13 22:15:50,958 ignn.models.IGNN:215] epoch:69/best:52, loss:1.2460, train:0.4695, valid:0.4374/best:0.4388, test:0.4809/best:0.4742
[I 2026-09-13 22:15:50,981 ignn.models.IGNN:215] epoch:70/best:52, loss:1.1993, train:0.4545, valid:0.4262/best:0.4388, test:0.4719/best:0.4742
[I 2026-09-13 22:15:51,004 ignn.models.IGNN:215] epoch:71/best:52, loss:1.2287, train:0.4564, valid:0.4191/best:0.4388, test:0.4562/best:0.4742
[I 2026-09-13 22:15:51,026 ignn.models.IGNN:215] epoch:72/best:52, loss:1.2113, train:0.4536, valid:0.4276/best:0.4388, test:0.4629/best:0.4742
[I 2026-09-13 22:15:51,051 ignn.models.IGNN:215] epoch:73/best:73, loss:1.1774, train:0.4714, valid:0.4388/best:0.4388, test:0.4719/best:0.4719
[I 2026-09-13 22:15:51,073 ignn.models.IGNN:215] epoch:74/best:73, loss:1.1979, train:0.4742, valid:0.4346/best:0.4388, test:0.4629/best:0.4719
[I 2026-09-13 22:15:51,098 ignn.models.IGNN:215] epoch:75/best:75, loss:1.2259, train:0.4761, valid:0.4388/best:0.4388, test:0.4719/best:0.4719
[I 2026-09-13 22:15:51,120 ignn.models.IGNN:215] epoch:76/best:75, loss:1.1907, train:0.4667, valid:0.4290/best:0.4388, test:0.4629/best:0.4719
[I 2026-09-13 22:15:51,143 ignn.models.IGNN:215] epoch:77/best:75, loss:1.2019, train:0.4677, valid:0.4290/best:0.4388, test:0.4674/best:0.4719
[I 2026-09-13 22:15:51,166 ignn.models.IGNN:215] epoch:78/best:75, loss:1.1921, train:0.4770, valid:0.4346/best:0.4388, test:0.4697/best:0.4719
[I 2026-09-13 22:15:51,189 ignn.models.IGNN:215] epoch:79/best:75, loss:1.2071, train:0.4686, valid:0.4346/best:0.4388, test:0.4719/best:0.4719
[I 2026-09-13 22:15:51,367 ignn.models.IGNN:215] epoch:80/best:75, loss:1.2019, train:0.4649, valid:0.4191/best:0.4388, test:0.4629/best:0.4719
[I 2026-09-13 22:15:51,389 ignn.models.IGNN:215] epoch:81/best:75, loss:1.2034, train:0.4649, valid:0.4149/best:0.4388, test:0.4562/best:0.4719
[I 2026-09-13 22:15:51,412 ignn.models.IGNN:215] epoch:82/best:75, loss:1.2073, train:0.4733, valid:0.4262/best:0.4388, test:0.4674/best:0.4719
[I 2026-09-13 22:15:51,437 ignn.models.IGNN:215] epoch:83/best:83, loss:1.1642, train:0.4761, valid:0.4430/best:0.4430, test:0.4787/best:0.4787
[I 2026-09-13 22:15:51,460 ignn.models.IGNN:215] epoch:84/best:83, loss:1.1995, train:0.4733, valid:0.4402/best:0.4430, test:0.4697/best:0.4787
[I 2026-09-13 22:15:51,482 ignn.models.IGNN:215] epoch:85/best:83, loss:1.1970, train:0.4592, valid:0.4177/best:0.4430, test:0.4562/best:0.4787
[I 2026-09-13 22:15:51,505 ignn.models.IGNN:215] epoch:86/best:83, loss:1.2064, train:0.4724, valid:0.4332/best:0.4430, test:0.4607/best:0.4787
[I 2026-09-13 22:15:51,528 ignn.models.IGNN:215] epoch:87/best:83, loss:1.1624, train:0.4920, valid:0.4332/best:0.4430, test:0.4809/best:0.4787
[I 2026-09-13 22:15:51,551 ignn.models.IGNN:215] epoch:88/best:83, loss:1.1806, train:0.4902, valid:0.4374/best:0.4430, test:0.4674/best:0.4787
[I 2026-09-13 22:15:51,574 ignn.models.IGNN:215] epoch:89/best:83, loss:1.1775, train:0.4752, valid:0.4346/best:0.4430, test:0.4697/best:0.4787
[I 2026-09-13 22:15:51,597 ignn.models.IGNN:215] epoch:90/best:83, loss:1.2020, train:0.4620, valid:0.4191/best:0.4430, test:0.4539/best:0.4787
[I 2026-09-13 22:15:51,620 ignn.models.IGNN:215] epoch:91/best:83, loss:1.1752, train:0.4630, valid:0.4205/best:0.4430, test:0.4562/best:0.4787
[I 2026-09-13 22:15:51,642 ignn.models.IGNN:215] epoch:92/best:83, loss:1.2022, train:0.4864, valid:0.4346/best:0.4430, test:0.4764/best:0.4787
[I 2026-09-13 22:15:51,665 ignn.models.IGNN:215] epoch:93/best:83, loss:1.2186, train:0.4958, valid:0.4304/best:0.4430, test:0.4697/best:0.4787
[I 2026-09-13 22:15:51,689 ignn.models.IGNN:215] epoch:94/best:94, loss:1.2142, train:0.4677, valid:0.4473/best:0.4473, test:0.4697/best:0.4697
[I 2026-09-13 22:15:51,712 ignn.models.IGNN:215] epoch:95/best:94, loss:1.1794, train:0.4611, valid:0.4248/best:0.4473, test:0.4517/best:0.4697
[I 2026-09-13 22:15:51,735 ignn.models.IGNN:215] epoch:96/best:94, loss:1.1750, train:0.4620, valid:0.4276/best:0.4473, test:0.4652/best:0.4697
[I 2026-09-13 22:15:51,758 ignn.models.IGNN:215] epoch:97/best:94, loss:1.1706, train:0.4724, valid:0.4360/best:0.4473, test:0.4674/best:0.4697
[I 2026-09-13 22:15:51,780 ignn.models.IGNN:215] epoch:98/best:94, loss:1.1730, train:0.4883, valid:0.4430/best:0.4473, test:0.4809/best:0.4697
[I 2026-09-13 22:15:51,803 ignn.models.IGNN:215] epoch:99/best:94, loss:1.1901, train:0.4864, valid:0.4388/best:0.4473, test:0.4719/best:0.4697
[I 2026-09-13 22:15:51,826 ignn.models.IGNN:215] epoch:100/best:94, loss:1.1834, train:0.4742, valid:0.4346/best:0.4473, test:0.4674/best:0.4697
[I 2026-09-13 22:15:51,849 ignn.models.IGNN:215] epoch:101/best:94, loss:1.1830, train:0.4630, valid:0.4360/best:0.4473, test:0.4607/best:0.4697
[I 2026-09-13 22:15:51,871 ignn.models.IGNN:215] epoch:102/best:94, loss:1.1789, train:0.4761, valid:0.4360/best:0.4473, test:0.4697/best:0.4697
[I 2026-09-13 22:15:51,894 ignn.models.IGNN:215] epoch:103/best:94, loss:1.1978, train:0.4770, valid:0.4318/best:0.4473, test:0.4674/best:0.4697
[I 2026-09-13 22:15:51,918 ignn.models.IGNN:215] epoch:104/best:94, loss:1.1899, train:0.4948, valid:0.4304/best:0.4473, test:0.4787/best:0.4697
[I 2026-09-13 22:15:51,941 ignn.models.IGNN:215] epoch:105/best:94, loss:1.1929, train:0.4967, valid:0.4318/best:0.4473, test:0.4809/best:0.4697
[I 2026-09-13 22:15:51,964 ignn.models.IGNN:215] epoch:106/best:94, loss:1.1929, train:0.5052, valid:0.4290/best:0.4473, test:0.4787/best:0.4697
[I 2026-09-13 22:15:51,987 ignn.models.IGNN:215] epoch:107/best:94, loss:1.1680, train:0.4883, valid:0.4346/best:0.4473, test:0.4764/best:0.4697
[I 2026-09-13 22:15:52,009 ignn.models.IGNN:215] epoch:108/best:94, loss:1.1986, train:0.4770, valid:0.4304/best:0.4473, test:0.4719/best:0.4697
[I 2026-09-13 22:15:52,032 ignn.models.IGNN:215] epoch:109/best:94, loss:1.1891, train:0.4873, valid:0.4332/best:0.4473, test:0.4831/best:0.4697
[I 2026-09-13 22:15:52,055 ignn.models.IGNN:215] epoch:110/best:94, loss:1.1925, train:0.5089, valid:0.4191/best:0.4473, test:0.4831/best:0.4697
[I 2026-09-13 22:15:52,078 ignn.models.IGNN:215] epoch:111/best:94, loss:1.1996, train:0.4967, valid:0.4304/best:0.4473, test:0.4787/best:0.4697
[I 2026-09-13 22:15:52,101 ignn.models.IGNN:215] epoch:112/best:94, loss:1.2018, train:0.4892, valid:0.4360/best:0.4473, test:0.4697/best:0.4697
[I 2026-09-13 22:15:52,124 ignn.models.IGNN:215] epoch:113/best:94, loss:1.1819, train:0.4855, valid:0.4346/best:0.4473, test:0.4742/best:0.4697
[I 2026-09-13 22:15:52,147 ignn.models.IGNN:215] epoch:114/best:94, loss:1.1539, train:0.4920, valid:0.4346/best:0.4473, test:0.4764/best:0.4697
[I 2026-09-13 22:15:52,324 ignn.models.IGNN:215] epoch:115/best:94, loss:1.1827, train:0.5042, valid:0.4360/best:0.4473, test:0.4854/best:0.4697
[I 2026-09-13 22:15:52,350 ignn.models.IGNN:215] epoch:116/best:94, loss:1.1506, train:0.5070, valid:0.4332/best:0.4473, test:0.4831/best:0.4697
[I 2026-09-13 22:15:52,373 ignn.models.IGNN:215] epoch:117/best:94, loss:1.1931, train:0.5061, valid:0.4374/best:0.4473, test:0.4854/best:0.4697
[I 2026-09-13 22:15:52,396 ignn.models.IGNN:215] epoch:118/best:94, loss:1.1644, train:0.5052, valid:0.4374/best:0.4473, test:0.4764/best:0.4697
[I 2026-09-13 22:15:52,418 ignn.models.IGNN:215] epoch:119/best:94, loss:1.1982, train:0.5136, valid:0.4444/best:0.4473, test:0.4831/best:0.4697
[I 2026-09-13 22:15:52,441 ignn.models.IGNN:215] epoch:120/best:94, loss:1.1713, train:0.5201, valid:0.4388/best:0.4473, test:0.4809/best:0.4697
[I 2026-09-13 22:15:52,465 ignn.models.IGNN:215] epoch:121/best:121, loss:1.1622, train:0.5192, valid:0.4473/best:0.4473, test:0.4899/best:0.4899
[I 2026-09-13 22:15:52,488 ignn.models.IGNN:215] epoch:122/best:121, loss:1.1748, train:0.5230, valid:0.4444/best:0.4473, test:0.4854/best:0.4899
[I 2026-09-13 22:15:52,511 ignn.models.IGNN:215] epoch:123/best:121, loss:1.1822, train:0.5192, valid:0.4374/best:0.4473, test:0.4854/best:0.4899
[I 2026-09-13 22:15:52,534 ignn.models.IGNN:215] epoch:124/best:121, loss:1.1778, train:0.5089, valid:0.4318/best:0.4473, test:0.4854/best:0.4899
[I 2026-09-13 22:15:52,557 ignn.models.IGNN:215] epoch:125/best:121, loss:1.2068, train:0.5014, valid:0.4304/best:0.4473, test:0.4764/best:0.4899
[I 2026-09-13 22:15:52,579 ignn.models.IGNN:215] epoch:126/best:121, loss:1.1841, train:0.4808, valid:0.4318/best:0.4473, test:0.4697/best:0.4899
[I 2026-09-13 22:15:52,602 ignn.models.IGNN:215] epoch:127/best:121, loss:1.1848, train:0.4836, valid:0.4304/best:0.4473, test:0.4697/best:0.4899
[I 2026-09-13 22:15:52,625 ignn.models.IGNN:215] epoch:128/best:121, loss:1.1821, train:0.5098, valid:0.4459/best:0.4473, test:0.4899/best:0.4899
[I 2026-09-13 22:15:52,649 ignn.models.IGNN:215] epoch:129/best:129, loss:1.1756, train:0.5183, valid:0.4473/best:0.4473, test:0.4809/best:0.4809
[I 2026-09-13 22:15:52,674 ignn.models.IGNN:215] epoch:130/best:130, loss:1.1934, train:0.5173, valid:0.4515/best:0.4515, test:0.4944/best:0.4944
[I 2026-09-13 22:15:52,697 ignn.models.IGNN:215] epoch:131/best:130, loss:1.1561, train:0.5014, valid:0.4346/best:0.4515, test:0.4787/best:0.4944
[I 2026-09-13 22:15:52,720 ignn.models.IGNN:215] epoch:132/best:130, loss:1.1648, train:0.4986, valid:0.4360/best:0.4515, test:0.4764/best:0.4944
[I 2026-09-13 22:15:52,742 ignn.models.IGNN:215] epoch:133/best:130, loss:1.1788, train:0.5033, valid:0.4444/best:0.4515, test:0.4787/best:0.4944
[I 2026-09-13 22:15:52,765 ignn.models.IGNN:215] epoch:134/best:130, loss:1.1940, train:0.5342, valid:0.4501/best:0.4515, test:0.4809/best:0.4944
[I 2026-09-13 22:15:52,788 ignn.models.IGNN:215] epoch:135/best:130, loss:1.1779, train:0.5464, valid:0.4487/best:0.4515, test:0.5011/best:0.4944
[I 2026-09-13 22:15:52,812 ignn.models.IGNN:215] epoch:136/best:136, loss:1.1757, train:0.5389, valid:0.4529/best:0.4529, test:0.4876/best:0.4876
[I 2026-09-13 22:15:52,835 ignn.models.IGNN:215] epoch:137/best:136, loss:1.1278, train:0.5248, valid:0.4430/best:0.4529, test:0.4764/best:0.4876
[I 2026-09-13 22:15:52,858 ignn.models.IGNN:215] epoch:138/best:136, loss:1.1511, train:0.5061, valid:0.4262/best:0.4529, test:0.4629/best:0.4876
[I 2026-09-13 22:15:52,881 ignn.models.IGNN:215] epoch:139/best:136, loss:1.1540, train:0.5080, valid:0.4304/best:0.4529, test:0.4652/best:0.4876
[I 2026-09-13 22:15:52,904 ignn.models.IGNN:215] epoch:140/best:136, loss:1.1617, train:0.5398, valid:0.4459/best:0.4529, test:0.4944/best:0.4876
[I 2026-09-13 22:15:52,927 ignn.models.IGNN:215] epoch:141/best:136, loss:1.1482, train:0.5455, valid:0.4487/best:0.4529, test:0.5011/best:0.4876
[I 2026-09-13 22:15:52,950 ignn.models.IGNN:215] epoch:142/best:136, loss:1.1611, train:0.5445, valid:0.4444/best:0.4529, test:0.4831/best:0.4876
[I 2026-09-13 22:15:52,973 ignn.models.IGNN:215] epoch:143/best:136, loss:1.1560, train:0.5136, valid:0.4416/best:0.4529, test:0.4719/best:0.4876
[I 2026-09-13 22:15:52,996 ignn.models.IGNN:215] epoch:144/best:136, loss:1.1602, train:0.5089, valid:0.4444/best:0.4529, test:0.4719/best:0.4876
[I 2026-09-13 22:15:53,020 ignn.models.IGNN:215] epoch:145/best:136, loss:1.1641, train:0.5342, valid:0.4444/best:0.4529, test:0.4809/best:0.4876
[I 2026-09-13 22:15:53,043 ignn.models.IGNN:215] epoch:146/best:136, loss:1.1750, train:0.5408, valid:0.4459/best:0.4529, test:0.4809/best:0.4876
[I 2026-09-13 22:15:53,066 ignn.models.IGNN:215] epoch:147/best:136, loss:1.1781, train:0.5426, valid:0.4487/best:0.4529, test:0.4854/best:0.4876
[I 2026-09-13 22:15:53,090 ignn.models.IGNN:215] epoch:148/best:148, loss:1.1648, train:0.5511, valid:0.4543/best:0.4543, test:0.4764/best:0.4764
[I 2026-09-13 22:15:53,113 ignn.models.IGNN:215] epoch:149/best:148, loss:1.1680, train:0.5164, valid:0.4402/best:0.4543, test:0.4854/best:0.4764
[I 2026-09-13 22:15:53,136 ignn.models.IGNN:215] epoch:150/best:148, loss:1.1799, train:0.5089, valid:0.4332/best:0.4543, test:0.4719/best:0.4764
[I 2026-09-13 22:15:53,310 ignn.models.IGNN:215] epoch:151/best:148, loss:1.1465, train:0.5033, valid:0.4360/best:0.4543, test:0.4629/best:0.4764
[I 2026-09-13 22:15:53,333 ignn.models.IGNN:215] epoch:152/best:148, loss:1.1957, train:0.5173, valid:0.4444/best:0.4543, test:0.4787/best:0.4764
[I 2026-09-13 22:15:53,356 ignn.models.IGNN:215] epoch:153/best:148, loss:1.1429, train:0.5539, valid:0.4473/best:0.4543, test:0.4674/best:0.4764
[I 2026-09-13 22:15:53,379 ignn.models.IGNN:215] epoch:154/best:148, loss:1.1645, train:0.5455, valid:0.4501/best:0.4543, test:0.4674/best:0.4764
[I 2026-09-13 22:15:53,402 ignn.models.IGNN:215] epoch:155/best:148, loss:1.1748, train:0.5295, valid:0.4459/best:0.4543, test:0.4697/best:0.4764
[I 2026-09-13 22:15:53,424 ignn.models.IGNN:215] epoch:156/best:148, loss:1.1498, train:0.5164, valid:0.4487/best:0.4543, test:0.4809/best:0.4764
[I 2026-09-13 22:15:53,447 ignn.models.IGNN:215] epoch:157/best:148, loss:1.1640, train:0.5192, valid:0.4473/best:0.4543, test:0.4809/best:0.4764
[I 2026-09-13 22:15:53,470 ignn.models.IGNN:215] epoch:158/best:148, loss:1.1328, train:0.5211, valid:0.4515/best:0.4543, test:0.4697/best:0.4764
[I 2026-09-13 22:15:53,493 ignn.models.IGNN:215] epoch:159/best:148, loss:1.1679, train:0.5276, valid:0.4459/best:0.4543, test:0.4674/best:0.4764
[I 2026-09-13 22:15:53,516 ignn.models.IGNN:215] epoch:160/best:148, loss:1.1402, train:0.5305, valid:0.4444/best:0.4543, test:0.4607/best:0.4764
[I 2026-09-13 22:15:53,538 ignn.models.IGNN:215] epoch:161/best:148, loss:1.1568, train:0.5220, valid:0.4473/best:0.4543, test:0.4697/best:0.4764
[I 2026-09-13 22:15:53,561 ignn.models.IGNN:215] epoch:162/best:148, loss:1.1404, train:0.5117, valid:0.4473/best:0.4543, test:0.4787/best:0.4764
[I 2026-09-13 22:15:53,584 ignn.models.IGNN:215] epoch:163/best:148, loss:1.1602, train:0.5333, valid:0.4487/best:0.4543, test:0.4562/best:0.4764
[I 2026-09-13 22:15:53,607 ignn.models.IGNN:215] epoch:164/best:148, loss:1.1434, train:0.5483, valid:0.4515/best:0.4543, test:0.4584/best:0.4764
[I 2026-09-13 22:15:53,629 ignn.models.IGNN:215] epoch:165/best:148, loss:1.1613, train:0.5426, valid:0.4459/best:0.4543, test:0.4584/best:0.4764
[I 2026-09-13 22:15:53,652 ignn.models.IGNN:215] epoch:166/best:148, loss:1.1662, train:0.5258, valid:0.4430/best:0.4543, test:0.4697/best:0.4764
[I 2026-09-13 22:15:53,675 ignn.models.IGNN:215] epoch:167/best:148, loss:1.1489, train:0.5276, valid:0.4459/best:0.4543, test:0.4764/best:0.4764
[I 2026-09-13 22:15:53,698 ignn.models.IGNN:215] epoch:168/best:148, loss:1.1689, train:0.5530, valid:0.4444/best:0.4543, test:0.4629/best:0.4764
[I 2026-09-13 22:15:53,720 ignn.models.IGNN:215] epoch:169/best:148, loss:1.1666, train:0.5623, valid:0.4388/best:0.4543, test:0.4809/best:0.4764
[I 2026-09-13 22:15:53,743 ignn.models.IGNN:215] epoch:170/best:148, loss:1.1808, train:0.5726, valid:0.4374/best:0.4543, test:0.4629/best:0.4764
[I 2026-09-13 22:15:53,766 ignn.models.IGNN:215] epoch:171/best:148, loss:1.1670, train:0.5370, valid:0.4360/best:0.4543, test:0.4809/best:0.4764
[I 2026-09-13 22:15:53,789 ignn.models.IGNN:215] epoch:172/best:148, loss:1.1611, train:0.5220, valid:0.4360/best:0.4543, test:0.4787/best:0.4764
[I 2026-09-13 22:15:53,812 ignn.models.IGNN:215] epoch:173/best:148, loss:1.1479, train:0.5361, valid:0.4346/best:0.4543, test:0.4787/best:0.4764
[I 2026-09-13 22:15:53,835 ignn.models.IGNN:215] epoch:174/best:148, loss:1.1426, train:0.5576, valid:0.4332/best:0.4543, test:0.4674/best:0.4764
[I 2026-09-13 22:15:53,858 ignn.models.IGNN:215] epoch:175/best:148, loss:1.1506, train:0.5708, valid:0.4459/best:0.4543, test:0.4539/best:0.4764
[I 2026-09-13 22:15:53,880 ignn.models.IGNN:215] epoch:176/best:148, loss:1.1363, train:0.5558, valid:0.4360/best:0.4543, test:0.4764/best:0.4764
[I 2026-09-13 22:15:53,904 ignn.models.IGNN:215] epoch:177/best:148, loss:1.1244, train:0.5145, valid:0.4332/best:0.4543, test:0.4742/best:0.4764
[I 2026-09-13 22:15:53,926 ignn.models.IGNN:215] epoch:178/best:148, loss:1.1375, train:0.5127, valid:0.4290/best:0.4543, test:0.4607/best:0.4764
[I 2026-09-13 22:15:53,949 ignn.models.IGNN:215] epoch:179/best:148, loss:1.1606, train:0.5417, valid:0.4459/best:0.4543, test:0.4854/best:0.4764
[I 2026-09-13 22:15:53,972 ignn.models.IGNN:215] epoch:180/best:148, loss:1.1404, train:0.5483, valid:0.4416/best:0.4543, test:0.4809/best:0.4764
[I 2026-09-13 22:15:53,995 ignn.models.IGNN:215] epoch:181/best:148, loss:1.1392, train:0.5689, valid:0.4430/best:0.4543, test:0.4742/best:0.4764
[I 2026-09-13 22:15:54,018 ignn.models.IGNN:215] epoch:182/best:148, loss:1.1630, train:0.5661, valid:0.4402/best:0.4543, test:0.4697/best:0.4764
[I 2026-09-13 22:15:54,041 ignn.models.IGNN:215] epoch:183/best:148, loss:1.1516, train:0.5576, valid:0.4402/best:0.4543, test:0.4674/best:0.4764
[I 2026-09-13 22:15:54,063 ignn.models.IGNN:215] epoch:184/best:148, loss:1.1794, train:0.5586, valid:0.4332/best:0.4543, test:0.4674/best:0.4764
[I 2026-09-13 22:15:54,086 ignn.models.IGNN:215] epoch:185/best:148, loss:1.1267, train:0.5661, valid:0.4402/best:0.4543, test:0.4652/best:0.4764
[I 2026-09-13 22:15:54,109 ignn.models.IGNN:215] epoch:186/best:148, loss:1.1410, train:0.5754, valid:0.4430/best:0.4543, test:0.4674/best:0.4764
[I 2026-09-13 22:15:54,290 ignn.models.IGNN:215] epoch:187/best:148, loss:1.1530, train:0.5576, valid:0.4444/best:0.4543, test:0.4674/best:0.4764
[I 2026-09-13 22:15:54,313 ignn.models.IGNN:215] epoch:188/best:148, loss:1.1072, train:0.5323, valid:0.4416/best:0.4543, test:0.4831/best:0.4764
[I 2026-09-13 22:15:54,336 ignn.models.IGNN:215] epoch:189/best:148, loss:1.1448, train:0.5276, valid:0.4360/best:0.4543, test:0.4899/best:0.4764
[I 2026-09-13 22:15:54,359 ignn.models.IGNN:215] epoch:190/best:148, loss:1.1333, train:0.5361, valid:0.4416/best:0.4543, test:0.4787/best:0.4764
[I 2026-09-13 22:15:54,381 ignn.models.IGNN:215] epoch:191/best:148, loss:1.1347, train:0.5314, valid:0.4402/best:0.4543, test:0.4742/best:0.4764
[I 2026-09-13 22:15:54,404 ignn.models.IGNN:215] epoch:192/best:148, loss:1.1487, train:0.5295, valid:0.4402/best:0.4543, test:0.4809/best:0.4764
[I 2026-09-13 22:15:54,427 ignn.models.IGNN:215] epoch:193/best:148, loss:1.1660, train:0.5398, valid:0.4416/best:0.4543, test:0.4787/best:0.4764
[I 2026-09-13 22:15:54,449 ignn.models.IGNN:215] epoch:194/best:148, loss:1.1616, train:0.5380, valid:0.4402/best:0.4543, test:0.4876/best:0.4764
[I 2026-09-13 22:15:54,472 ignn.models.IGNN:215] epoch:195/best:148, loss:1.1304, train:0.5492, valid:0.4444/best:0.4543, test:0.4944/best:0.4764
[I 2026-09-13 22:15:54,495 ignn.models.IGNN:215] epoch:196/best:148, loss:1.1452, train:0.5604, valid:0.4487/best:0.4543, test:0.4899/best:0.4764
[I 2026-09-13 22:15:54,518 ignn.models.IGNN:215] epoch:197/best:148, loss:1.1314, train:0.5567, valid:0.4515/best:0.4543, test:0.4876/best:0.4764
[I 2026-09-13 22:15:54,541 ignn.models.IGNN:215] epoch:198/best:148, loss:1.1256, train:0.5511, valid:0.4515/best:0.4543, test:0.4831/best:0.4764
[I 2026-09-13 22:15:54,563 ignn.models.IGNN:215] epoch:199/best:148, loss:1.1430, train:0.5398, valid:0.4473/best:0.4543, test:0.4742/best:0.4764
[I 2026-09-13 22:15:54,586 ignn.models.IGNN:215] epoch:200/best:148, loss:1.1347, train:0.5286, valid:0.4388/best:0.4543, test:0.4742/best:0.4764
[I 2026-09-13 22:15:54,609 ignn.models.IGNN:215] epoch:201/best:148, loss:1.1389, train:0.5201, valid:0.4332/best:0.4543, test:0.4787/best:0.4764
[I 2026-09-13 22:15:54,632 ignn.models.IGNN:215] epoch:202/best:148, loss:1.1645, train:0.5520, valid:0.4501/best:0.4543, test:0.4787/best:0.4764
[I 2026-09-13 22:15:54,656 ignn.models.IGNN:215] epoch:203/best:203, loss:1.1387, train:0.5773, valid:0.4557/best:0.4557, test:0.4787/best:0.4787
[I 2026-09-13 22:15:54,679 ignn.models.IGNN:215] epoch:204/best:203, loss:1.1431, train:0.5539, valid:0.4529/best:0.4557, test:0.4742/best:0.4787
[I 2026-09-13 22:15:54,702 ignn.models.IGNN:215] epoch:205/best:203, loss:1.1029, train:0.5164, valid:0.4304/best:0.4557, test:0.4787/best:0.4787
[I 2026-09-13 22:15:54,725 ignn.models.IGNN:215] epoch:206/best:203, loss:1.1592, train:0.5117, valid:0.4304/best:0.4557, test:0.4764/best:0.4787
[I 2026-09-13 22:15:54,748 ignn.models.IGNN:215] epoch:207/best:203, loss:1.1367, train:0.5530, valid:0.4473/best:0.4557, test:0.4674/best:0.4787
[I 2026-09-13 22:15:54,771 ignn.models.IGNN:215] epoch:208/best:203, loss:1.1129, train:0.5792, valid:0.4416/best:0.4557, test:0.4921/best:0.4787
[I 2026-09-13 22:15:54,794 ignn.models.IGNN:215] epoch:209/best:203, loss:1.1772, train:0.5698, valid:0.4416/best:0.4557, test:0.4944/best:0.4787
[I 2026-09-13 22:15:54,817 ignn.models.IGNN:215] epoch:210/best:203, loss:1.1544, train:0.5614, valid:0.4501/best:0.4557, test:0.4674/best:0.4787
[I 2026-09-13 22:15:54,839 ignn.models.IGNN:215] epoch:211/best:203, loss:1.0984, train:0.5192, valid:0.4332/best:0.4557, test:0.4742/best:0.4787
[I 2026-09-13 22:15:54,862 ignn.models.IGNN:215] epoch:212/best:203, loss:1.1651, train:0.5155, valid:0.4332/best:0.4557, test:0.4719/best:0.4787
[I 2026-09-13 22:15:54,886 ignn.models.IGNN:215] epoch:213/best:203, loss:1.1204, train:0.5586, valid:0.4515/best:0.4557, test:0.4764/best:0.4787
[I 2026-09-13 22:15:54,909 ignn.models.IGNN:215] epoch:214/best:203, loss:1.1529, train:0.5567, valid:0.4487/best:0.4557, test:0.4697/best:0.4787
[I 2026-09-13 22:15:54,931 ignn.models.IGNN:215] epoch:215/best:203, loss:1.1512, train:0.5736, valid:0.4487/best:0.4557, test:0.4742/best:0.4787
[I 2026-09-13 22:15:54,954 ignn.models.IGNN:215] epoch:216/best:203, loss:1.1455, train:0.5848, valid:0.4501/best:0.4557, test:0.4742/best:0.4787
[I 2026-09-13 22:15:54,979 ignn.models.IGNN:215] epoch:217/best:217, loss:1.1157, train:0.5895, valid:0.4599/best:0.4599, test:0.4742/best:0.4742
[I 2026-09-13 22:15:55,002 ignn.models.IGNN:215] epoch:218/best:217, loss:1.1495, train:0.5754, valid:0.4374/best:0.4599, test:0.4787/best:0.4742
[I 2026-09-13 22:15:55,025 ignn.models.IGNN:215] epoch:219/best:217, loss:1.1313, train:0.5305, valid:0.4374/best:0.4599, test:0.4742/best:0.4742
[I 2026-09-13 22:15:55,048 ignn.models.IGNN:215] epoch:220/best:217, loss:1.1523, train:0.5183, valid:0.4290/best:0.4599, test:0.4629/best:0.4742
[I 2026-09-13 22:15:55,071 ignn.models.IGNN:215] epoch:221/best:217, loss:1.1479, train:0.5220, valid:0.4346/best:0.4599, test:0.4652/best:0.4742
[I 2026-09-13 22:15:55,094 ignn.models.IGNN:215] epoch:222/best:217, loss:1.1529, train:0.5801, valid:0.4529/best:0.4599, test:0.4652/best:0.4742
[I 2026-09-13 22:15:55,270 ignn.models.IGNN:215] epoch:223/best:217, loss:1.1369, train:0.5867, valid:0.4473/best:0.4599, test:0.4787/best:0.4742
[I 2026-09-13 22:15:55,293 ignn.models.IGNN:215] epoch:224/best:217, loss:1.1312, train:0.5848, valid:0.4276/best:0.4599, test:0.4742/best:0.4742
[I 2026-09-13 22:15:55,315 ignn.models.IGNN:215] epoch:225/best:217, loss:1.1469, train:0.5764, valid:0.4416/best:0.4599, test:0.4831/best:0.4742
[I 2026-09-13 22:15:55,338 ignn.models.IGNN:215] epoch:226/best:217, loss:1.1082, train:0.5679, valid:0.4501/best:0.4599, test:0.4697/best:0.4742
[I 2026-09-13 22:15:55,361 ignn.models.IGNN:215] epoch:227/best:217, loss:1.1475, train:0.5426, valid:0.4473/best:0.4599, test:0.4787/best:0.4742
[I 2026-09-13 22:15:55,384 ignn.models.IGNN:215] epoch:228/best:217, loss:1.1515, train:0.5501, valid:0.4459/best:0.4599, test:0.4764/best:0.4742
[I 2026-09-13 22:15:55,407 ignn.models.IGNN:215] epoch:229/best:217, loss:1.1451, train:0.5679, valid:0.4459/best:0.4599, test:0.4854/best:0.4742
[I 2026-09-13 22:15:55,429 ignn.models.IGNN:215] epoch:230/best:217, loss:1.1288, train:0.5586, valid:0.4444/best:0.4599, test:0.4831/best:0.4742
[I 2026-09-13 22:15:55,452 ignn.models.IGNN:215] epoch:231/best:217, loss:1.1203, train:0.5689, valid:0.4374/best:0.4599, test:0.4764/best:0.4742
[I 2026-09-13 22:15:55,475 ignn.models.IGNN:215] epoch:232/best:217, loss:1.1391, train:0.5764, valid:0.4501/best:0.4599, test:0.4652/best:0.4742
[I 2026-09-13 22:15:55,498 ignn.models.IGNN:215] epoch:233/best:217, loss:1.1235, train:0.5679, valid:0.4402/best:0.4599, test:0.4742/best:0.4742
[I 2026-09-13 22:15:55,520 ignn.models.IGNN:215] epoch:234/best:217, loss:1.1346, train:0.5708, valid:0.4388/best:0.4599, test:0.4674/best:0.4742
[I 2026-09-13 22:15:55,543 ignn.models.IGNN:215] epoch:235/best:217, loss:1.1276, train:0.5858, valid:0.4473/best:0.4599, test:0.4674/best:0.4742
[I 2026-09-13 22:15:55,566 ignn.models.IGNN:215] epoch:236/best:217, loss:1.1275, train:0.5989, valid:0.4515/best:0.4599, test:0.4809/best:0.4742
[I 2026-09-13 22:15:55,589 ignn.models.IGNN:215] epoch:237/best:217, loss:1.1347, train:0.5961, valid:0.4374/best:0.4599, test:0.4719/best:0.4742
[I 2026-09-13 22:15:55,612 ignn.models.IGNN:215] epoch:238/best:217, loss:1.1216, train:0.5914, valid:0.4402/best:0.4599, test:0.4719/best:0.4742
[I 2026-09-13 22:15:55,635 ignn.models.IGNN:215] epoch:239/best:217, loss:1.1276, train:0.5820, valid:0.4571/best:0.4599, test:0.4674/best:0.4742
[I 2026-09-13 22:15:55,658 ignn.models.IGNN:215] epoch:240/best:217, loss:1.1324, train:0.5708, valid:0.4473/best:0.4599, test:0.4719/best:0.4742
[I 2026-09-13 22:15:55,681 ignn.models.IGNN:215] epoch:241/best:217, loss:1.1264, train:0.5689, valid:0.4515/best:0.4599, test:0.4719/best:0.4742
[I 2026-09-13 22:15:55,704 ignn.models.IGNN:215] epoch:242/best:217, loss:1.1463, train:0.5717, valid:0.4557/best:0.4599, test:0.4719/best:0.4742
[I 2026-09-13 22:15:55,727 ignn.models.IGNN:215] epoch:243/best:217, loss:1.1129, train:0.5708, valid:0.4529/best:0.4599, test:0.4809/best:0.4742
[I 2026-09-13 22:15:55,749 ignn.models.IGNN:215] epoch:244/best:217, loss:1.1502, train:0.5717, valid:0.4543/best:0.4599, test:0.4787/best:0.4742
[I 2026-09-13 22:15:55,772 ignn.models.IGNN:215] epoch:245/best:217, loss:1.1345, train:0.5792, valid:0.4515/best:0.4599, test:0.4787/best:0.4742
[I 2026-09-13 22:15:55,795 ignn.models.IGNN:215] epoch:246/best:217, loss:1.1398, train:0.5698, valid:0.4501/best:0.4599, test:0.4719/best:0.4742
[I 2026-09-13 22:15:55,818 ignn.models.IGNN:215] epoch:247/best:217, loss:1.1282, train:0.5567, valid:0.4346/best:0.4599, test:0.4787/best:0.4742
[I 2026-09-13 22:15:55,841 ignn.models.IGNN:215] epoch:248/best:217, loss:1.1237, train:0.5586, valid:0.4332/best:0.4599, test:0.4742/best:0.4742
[I 2026-09-13 22:15:55,863 ignn.models.IGNN:215] epoch:249/best:217, loss:1.1200, train:0.5651, valid:0.4374/best:0.4599, test:0.4652/best:0.4742
[I 2026-09-13 22:15:55,886 ignn.models.IGNN:215] epoch:250/best:217, loss:1.1001, train:0.5614, valid:0.4374/best:0.4599, test:0.4674/best:0.4742
[I 2026-09-13 22:15:55,909 ignn.models.IGNN:215] epoch:251/best:217, loss:1.0943, train:0.5633, valid:0.4444/best:0.4599, test:0.4607/best:0.4742
[I 2026-09-13 22:15:55,932 ignn.models.IGNN:215] epoch:252/best:217, loss:1.1129, train:0.5698, valid:0.4444/best:0.4599, test:0.4697/best:0.4742
[I 2026-09-13 22:15:55,955 ignn.models.IGNN:215] epoch:253/best:217, loss:1.1267, train:0.5651, valid:0.4444/best:0.4599, test:0.4742/best:0.4742
[I 2026-09-13 22:15:55,978 ignn.models.IGNN:215] epoch:254/best:217, loss:1.1113, train:0.5651, valid:0.4473/best:0.4599, test:0.4697/best:0.4742
[I 2026-09-13 22:15:56,001 ignn.models.IGNN:215] epoch:255/best:217, loss:1.1181, train:0.5651, valid:0.4444/best:0.4599, test:0.4674/best:0.4742
[I 2026-09-13 22:15:56,024 ignn.models.IGNN:215] epoch:256/best:217, loss:1.1439, train:0.5764, valid:0.4473/best:0.4599, test:0.4719/best:0.4742
[I 2026-09-13 22:15:56,047 ignn.models.IGNN:215] epoch:257/best:217, loss:1.1248, train:0.5933, valid:0.4515/best:0.4599, test:0.4697/best:0.4742
[I 2026-09-13 22:15:56,223 ignn.models.IGNN:215] epoch:258/best:217, loss:1.1289, train:0.6092, valid:0.4444/best:0.4599, test:0.4652/best:0.4742
[I 2026-09-13 22:15:56,248 ignn.models.IGNN:215] epoch:259/best:217, loss:1.1498, train:0.6167, valid:0.4416/best:0.4599, test:0.4629/best:0.4742
[I 2026-09-13 22:15:56,271 ignn.models.IGNN:215] epoch:260/best:217, loss:1.1088, train:0.5914, valid:0.4346/best:0.4599, test:0.4674/best:0.4742
[I 2026-09-13 22:15:56,293 ignn.models.IGNN:215] epoch:261/best:217, loss:1.1203, train:0.5642, valid:0.4346/best:0.4599, test:0.4607/best:0.4742
[I 2026-09-13 22:15:56,316 ignn.models.IGNN:215] epoch:262/best:217, loss:1.1271, train:0.5623, valid:0.4318/best:0.4599, test:0.4584/best:0.4742
[I 2026-09-13 22:15:56,339 ignn.models.IGNN:215] epoch:263/best:217, loss:1.1455, train:0.5914, valid:0.4360/best:0.4599, test:0.4674/best:0.4742
[I 2026-09-13 22:15:56,362 ignn.models.IGNN:215] epoch:264/best:217, loss:1.1222, train:0.5961, valid:0.4473/best:0.4599, test:0.4742/best:0.4742
[I 2026-09-13 22:15:56,385 ignn.models.IGNN:215] epoch:265/best:217, loss:1.1213, train:0.5839, valid:0.4388/best:0.4599, test:0.4719/best:0.4742
[I 2026-09-13 22:15:56,407 ignn.models.IGNN:215] epoch:266/best:217, loss:1.1133, train:0.5717, valid:0.4416/best:0.4599, test:0.4697/best:0.4742
[I 2026-09-13 22:15:56,430 ignn.models.IGNN:215] epoch:267/best:217, loss:1.1136, train:0.5398, valid:0.4332/best:0.4599, test:0.4472/best:0.4742
[I 2026-09-13 22:15:56,453 ignn.models.IGNN:215] epoch:268/best:217, loss:1.1266, train:0.5398, valid:0.4332/best:0.4599, test:0.4539/best:0.4742
[I 2026-09-13 22:15:56,476 ignn.models.IGNN:215] epoch:269/best:217, loss:1.1444, train:0.5698, valid:0.4374/best:0.4599, test:0.4584/best:0.4742
[I 2026-09-13 22:15:56,499 ignn.models.IGNN:215] epoch:270/best:217, loss:1.1535, train:0.6082, valid:0.4346/best:0.4599, test:0.4539/best:0.4742
[I 2026-09-13 22:15:56,522 ignn.models.IGNN:215] epoch:271/best:217, loss:1.1485, train:0.6167, valid:0.4332/best:0.4599, test:0.4584/best:0.4742
[I 2026-09-13 22:15:56,545 ignn.models.IGNN:215] epoch:272/best:217, loss:1.1470, train:0.6251, valid:0.4402/best:0.4599, test:0.4562/best:0.4742
[I 2026-09-13 22:15:56,568 ignn.models.IGNN:215] epoch:273/best:217, loss:1.1555, train:0.6092, valid:0.4430/best:0.4599, test:0.4719/best:0.4742
[I 2026-09-13 22:15:56,590 ignn.models.IGNN:215] epoch:274/best:217, loss:1.1070, train:0.5708, valid:0.4318/best:0.4599, test:0.4719/best:0.4742
[I 2026-09-13 22:15:56,614 ignn.models.IGNN:215] epoch:275/best:217, loss:1.1096, train:0.5679, valid:0.4346/best:0.4599, test:0.4674/best:0.4742
[I 2026-09-13 22:15:56,637 ignn.models.IGNN:215] epoch:276/best:217, loss:1.0967, train:0.5839, valid:0.4346/best:0.4599, test:0.4674/best:0.4742
[I 2026-09-13 22:15:56,660 ignn.models.IGNN:215] epoch:277/best:217, loss:1.0757, train:0.5811, valid:0.4332/best:0.4599, test:0.4652/best:0.4742
[I 2026-09-13 22:15:56,682 ignn.models.IGNN:215] epoch:278/best:217, loss:1.1288, train:0.5726, valid:0.4346/best:0.4599, test:0.4652/best:0.4742
[I 2026-09-13 22:15:56,706 ignn.models.IGNN:215] epoch:279/best:217, loss:1.1264, train:0.5576, valid:0.4444/best:0.4599, test:0.4697/best:0.4742
[I 2026-09-13 22:15:56,729 ignn.models.IGNN:215] epoch:280/best:217, loss:1.1143, train:0.5586, valid:0.4402/best:0.4599, test:0.4742/best:0.4742
[I 2026-09-13 22:15:56,751 ignn.models.IGNN:215] epoch:281/best:217, loss:1.1386, train:0.5754, valid:0.4346/best:0.4599, test:0.4674/best:0.4742
[I 2026-09-13 22:15:56,774 ignn.models.IGNN:215] epoch:282/best:217, loss:1.1187, train:0.5820, valid:0.4332/best:0.4599, test:0.4674/best:0.4742
[I 2026-09-13 22:15:56,797 ignn.models.IGNN:215] epoch:283/best:217, loss:1.1315, train:0.6036, valid:0.4318/best:0.4599, test:0.4629/best:0.4742
[I 2026-09-13 22:15:56,820 ignn.models.IGNN:215] epoch:284/best:217, loss:1.0939, train:0.6054, valid:0.4332/best:0.4599, test:0.4652/best:0.4742
[I 2026-09-13 22:15:56,843 ignn.models.IGNN:215] epoch:285/best:217, loss:1.1315, train:0.5923, valid:0.4332/best:0.4599, test:0.4584/best:0.4742
[I 2026-09-13 22:15:56,865 ignn.models.IGNN:215] epoch:286/best:217, loss:1.1326, train:0.5876, valid:0.4318/best:0.4599, test:0.4562/best:0.4742
[I 2026-09-13 22:15:56,888 ignn.models.IGNN:215] epoch:287/best:217, loss:1.1251, train:0.6092, valid:0.4304/best:0.4599, test:0.4517/best:0.4742
[I 2026-09-13 22:15:56,911 ignn.models.IGNN:215] epoch:288/best:217, loss:1.1112, train:0.6026, valid:0.4304/best:0.4599, test:0.4494/best:0.4742
[I 2026-09-13 22:15:56,934 ignn.models.IGNN:215] epoch:289/best:217, loss:1.1182, train:0.5895, valid:0.4388/best:0.4599, test:0.4539/best:0.4742
[I 2026-09-13 22:15:56,957 ignn.models.IGNN:215] epoch:290/best:217, loss:1.1080, train:0.5783, valid:0.4360/best:0.4599, test:0.4629/best:0.4742
[I 2026-09-13 22:15:56,980 ignn.models.IGNN:215] epoch:291/best:217, loss:1.0836, train:0.5661, valid:0.4346/best:0.4599, test:0.4652/best:0.4742
[I 2026-09-13 22:15:57,003 ignn.models.IGNN:215] epoch:292/best:217, loss:1.1408, train:0.5380, valid:0.4332/best:0.4599, test:0.4629/best:0.4742
[I 2026-09-13 22:15:57,026 ignn.models.IGNN:215] epoch:293/best:217, loss:1.1099, train:0.5530, valid:0.4374/best:0.4599, test:0.4629/best:0.4742
[I 2026-09-13 22:15:57,207 ignn.models.IGNN:215] epoch:294/best:217, loss:1.1403, train:0.5698, valid:0.4374/best:0.4599, test:0.4764/best:0.4742
[I 2026-09-13 22:15:57,230 ignn.models.IGNN:215] epoch:295/best:217, loss:1.1305, train:0.5820, valid:0.4318/best:0.4599, test:0.4674/best:0.4742
[I 2026-09-13 22:15:57,253 ignn.models.IGNN:215] epoch:296/best:217, loss:1.1299, train:0.5848, valid:0.4318/best:0.4599, test:0.4719/best:0.4742
[I 2026-09-13 22:15:57,276 ignn.models.IGNN:215] epoch:297/best:217, loss:1.1171, train:0.5745, valid:0.4430/best:0.4599, test:0.4607/best:0.4742
[I 2026-09-13 22:15:57,299 ignn.models.IGNN:215] epoch:298/best:217, loss:1.1127, train:0.5483, valid:0.4276/best:0.4599, test:0.4607/best:0.4742
[I 2026-09-13 22:15:57,322 ignn.models.IGNN:215] epoch:299/best:217, loss:1.1241, train:0.5623, valid:0.4388/best:0.4599, test:0.4562/best:0.4742
[I 2026-09-13 22:15:57,344 ignn.models.IGNN:215] epoch:300/best:217, loss:1.1160, train:0.6036, valid:0.4346/best:0.4599, test:0.4607/best:0.4742
[I 2026-09-13 22:15:57,367 ignn.models.IGNN:215] epoch:301/best:217, loss:1.0960, train:0.6101, valid:0.4318/best:0.4599, test:0.4809/best:0.4742
[I 2026-09-13 22:15:57,390 ignn.models.IGNN:215] epoch:302/best:217, loss:1.1314, train:0.6082, valid:0.4304/best:0.4599, test:0.4697/best:0.4742
[I 2026-09-13 22:15:57,413 ignn.models.IGNN:215] epoch:303/best:217, loss:1.1482, train:0.5961, valid:0.4430/best:0.4599, test:0.4854/best:0.4742
[I 2026-09-13 22:15:57,436 ignn.models.IGNN:215] epoch:304/best:217, loss:1.0992, train:0.5623, valid:0.4332/best:0.4599, test:0.4652/best:0.4742
[I 2026-09-13 22:15:57,459 ignn.models.IGNN:215] epoch:305/best:217, loss:1.1210, train:0.5455, valid:0.4276/best:0.4599, test:0.4674/best:0.4742
[I 2026-09-13 22:15:57,481 ignn.models.IGNN:215] epoch:306/best:217, loss:1.1858, train:0.5642, valid:0.4290/best:0.4599, test:0.4674/best:0.4742
[I 2026-09-13 22:15:57,504 ignn.models.IGNN:215] epoch:307/best:217, loss:1.1276, train:0.5961, valid:0.4430/best:0.4599, test:0.4787/best:0.4742
[I 2026-09-13 22:15:57,527 ignn.models.IGNN:215] epoch:308/best:217, loss:1.0952, train:0.6045, valid:0.4374/best:0.4599, test:0.4809/best:0.4742
[I 2026-09-13 22:15:57,550 ignn.models.IGNN:215] epoch:309/best:217, loss:1.1399, train:0.5998, valid:0.4444/best:0.4599, test:0.4787/best:0.4742
[I 2026-09-13 22:15:57,573 ignn.models.IGNN:215] epoch:310/best:217, loss:1.1321, train:0.5623, valid:0.4374/best:0.4599, test:0.4674/best:0.4742
[I 2026-09-13 22:15:57,595 ignn.models.IGNN:215] epoch:311/best:217, loss:1.1044, train:0.5314, valid:0.4233/best:0.4599, test:0.4607/best:0.4742
[I 2026-09-13 22:15:57,618 ignn.models.IGNN:215] epoch:312/best:217, loss:1.1456, train:0.5417, valid:0.4276/best:0.4599, test:0.4697/best:0.4742
[I 2026-09-13 22:15:57,641 ignn.models.IGNN:215] epoch:313/best:217, loss:1.1154, train:0.5745, valid:0.4444/best:0.4599, test:0.4652/best:0.4742
[I 2026-09-13 22:15:57,664 ignn.models.IGNN:215] epoch:314/best:217, loss:1.1121, train:0.5904, valid:0.4360/best:0.4599, test:0.4764/best:0.4742
[I 2026-09-13 22:15:57,687 ignn.models.IGNN:215] epoch:315/best:217, loss:1.1111, train:0.5989, valid:0.4149/best:0.4599, test:0.4562/best:0.4742
[I 2026-09-13 22:15:57,710 ignn.models.IGNN:215] epoch:316/best:217, loss:1.1511, train:0.5998, valid:0.4332/best:0.4599, test:0.4719/best:0.4742
[I 2026-09-13 22:15:57,732 ignn.models.IGNN:215] epoch:317/best:217, loss:1.1372, train:0.5886, valid:0.4346/best:0.4599, test:0.4787/best:0.4742
[I 2026-09-13 22:15:57,755 ignn.models.IGNN:215] epoch:318/best:217, loss:1.1480, train:0.5651, valid:0.4318/best:0.4599, test:0.4674/best:0.4742
[I 2026-09-13 22:15:57,778 ignn.models.IGNN:215] epoch:319/best:217, loss:1.1211, train:0.5604, valid:0.4332/best:0.4599, test:0.4719/best:0.4742
[I 2026-09-13 22:15:57,801 ignn.models.IGNN:215] epoch:320/best:217, loss:1.1130, train:0.5670, valid:0.4402/best:0.4599, test:0.4629/best:0.4742
[I 2026-09-13 22:15:57,823 ignn.models.IGNN:215] epoch:321/best:217, loss:1.1114, train:0.5820, valid:0.4416/best:0.4599, test:0.4764/best:0.4742
[I 2026-09-13 22:15:57,846 ignn.models.IGNN:215] epoch:322/best:217, loss:1.0963, train:0.5858, valid:0.4444/best:0.4599, test:0.4809/best:0.4742
[I 2026-09-13 22:15:57,869 ignn.models.IGNN:215] epoch:323/best:217, loss:1.1495, train:0.5858, valid:0.4388/best:0.4599, test:0.4809/best:0.4742
[I 2026-09-13 22:15:57,892 ignn.models.IGNN:215] epoch:324/best:217, loss:1.1187, train:0.5961, valid:0.4388/best:0.4599, test:0.4809/best:0.4742
[I 2026-09-13 22:15:57,915 ignn.models.IGNN:215] epoch:325/best:217, loss:1.0974, train:0.5764, valid:0.4374/best:0.4599, test:0.4742/best:0.4742
[I 2026-09-13 22:15:57,938 ignn.models.IGNN:215] epoch:326/best:217, loss:1.0855, train:0.5633, valid:0.4290/best:0.4599, test:0.4697/best:0.4742
[I 2026-09-13 22:15:57,960 ignn.models.IGNN:215] epoch:327/best:217, loss:1.1275, train:0.5651, valid:0.4318/best:0.4599, test:0.4674/best:0.4742
[I 2026-09-13 22:15:57,983 ignn.models.IGNN:215] epoch:328/best:217, loss:1.1221, train:0.5848, valid:0.4430/best:0.4599, test:0.4629/best:0.4742
[I 2026-09-13 22:15:58,006 ignn.models.IGNN:215] epoch:329/best:217, loss:1.1037, train:0.5904, valid:0.4374/best:0.4599, test:0.4629/best:0.4742
[I 2026-09-13 22:15:58,182 ignn.models.IGNN:215] epoch:330/best:217, loss:1.0665, train:0.5876, valid:0.4430/best:0.4599, test:0.4697/best:0.4742
[I 2026-09-13 22:15:58,205 ignn.models.IGNN:215] epoch:331/best:217, loss:1.0930, train:0.5717, valid:0.4473/best:0.4599, test:0.4607/best:0.4742
[I 2026-09-13 22:15:58,228 ignn.models.IGNN:215] epoch:332/best:217, loss:1.1171, train:0.5604, valid:0.4459/best:0.4599, test:0.4517/best:0.4742
[I 2026-09-13 22:15:58,251 ignn.models.IGNN:215] epoch:333/best:217, loss:1.1369, train:0.5670, valid:0.4459/best:0.4599, test:0.4607/best:0.4742
[I 2026-09-13 22:15:58,274 ignn.models.IGNN:215] epoch:334/best:217, loss:1.0984, train:0.5689, valid:0.4444/best:0.4599, test:0.4562/best:0.4742
[I 2026-09-13 22:15:58,296 ignn.models.IGNN:215] epoch:335/best:217, loss:1.0997, train:0.5745, valid:0.4416/best:0.4599, test:0.4629/best:0.4742
[I 2026-09-13 22:15:58,319 ignn.models.IGNN:215] epoch:336/best:217, loss:1.1179, train:0.5876, valid:0.4360/best:0.4599, test:0.4607/best:0.4742
[I 2026-09-13 22:15:58,342 ignn.models.IGNN:215] epoch:337/best:217, loss:1.1135, train:0.5886, valid:0.4430/best:0.4599, test:0.4742/best:0.4742
[I 2026-09-13 22:15:58,365 ignn.models.IGNN:215] epoch:338/best:217, loss:1.0936, train:0.5764, valid:0.4473/best:0.4599, test:0.4607/best:0.4742
[I 2026-09-13 22:15:58,388 ignn.models.IGNN:215] epoch:339/best:217, loss:1.0952, train:0.5736, valid:0.4416/best:0.4599, test:0.4539/best:0.4742
[I 2026-09-13 22:15:58,411 ignn.models.IGNN:215] epoch:340/best:217, loss:1.1132, train:0.5895, valid:0.4459/best:0.4599, test:0.4652/best:0.4742
[I 2026-09-13 22:15:58,433 ignn.models.IGNN:215] epoch:341/best:217, loss:1.0951, train:0.5989, valid:0.4430/best:0.4599, test:0.4719/best:0.4742
[I 2026-09-13 22:15:58,456 ignn.models.IGNN:215] epoch:342/best:217, loss:1.1195, train:0.6082, valid:0.4444/best:0.4599, test:0.4719/best:0.4742
[I 2026-09-13 22:15:58,479 ignn.models.IGNN:215] epoch:343/best:217, loss:1.0758, train:0.5979, valid:0.4360/best:0.4599, test:0.4674/best:0.4742
[I 2026-09-13 22:15:58,502 ignn.models.IGNN:215] epoch:344/best:217, loss:1.1369, train:0.5923, valid:0.4430/best:0.4599, test:0.4831/best:0.4742
[I 2026-09-13 22:15:58,525 ignn.models.IGNN:215] epoch:345/best:217, loss:1.1202, train:0.5670, valid:0.4459/best:0.4599, test:0.4674/best:0.4742
[I 2026-09-13 22:15:58,547 ignn.models.IGNN:215] epoch:346/best:217, loss:1.0987, train:0.5614, valid:0.4473/best:0.4599, test:0.4607/best:0.4742
[I 2026-09-13 22:15:58,570 ignn.models.IGNN:215] epoch:347/best:217, loss:1.1033, train:0.5679, valid:0.4473/best:0.4599, test:0.4674/best:0.4742
[I 2026-09-13 22:15:58,593 ignn.models.IGNN:215] epoch:348/best:217, loss:1.0821, train:0.5867, valid:0.4388/best:0.4599, test:0.4742/best:0.4742
[I 2026-09-13 22:15:58,617 ignn.models.IGNN:215] epoch:349/best:217, loss:1.0848, train:0.5886, valid:0.4346/best:0.4599, test:0.4742/best:0.4742
[I 2026-09-13 22:15:58,640 ignn.models.IGNN:215] epoch:350/best:217, loss:1.1213, train:0.5848, valid:0.4374/best:0.4599, test:0.4719/best:0.4742
[I 2026-09-13 22:15:58,663 ignn.models.IGNN:215] epoch:351/best:217, loss:1.0993, train:0.5867, valid:0.4402/best:0.4599, test:0.4562/best:0.4742
[I 2026-09-13 22:15:58,686 ignn.models.IGNN:215] epoch:352/best:217, loss:1.0593, train:0.5736, valid:0.4459/best:0.4599, test:0.4562/best:0.4742
[I 2026-09-13 22:15:58,709 ignn.models.IGNN:215] epoch:353/best:217, loss:1.1268, train:0.5764, valid:0.4430/best:0.4599, test:0.4517/best:0.4742
[I 2026-09-13 22:15:58,732 ignn.models.IGNN:215] epoch:354/best:217, loss:1.1046, train:0.5773, valid:0.4487/best:0.4599, test:0.4584/best:0.4742
[I 2026-09-13 22:15:58,755 ignn.models.IGNN:215] epoch:355/best:217, loss:1.0925, train:0.5736, valid:0.4430/best:0.4599, test:0.4494/best:0.4742
[I 2026-09-13 22:15:58,777 ignn.models.IGNN:215] epoch:356/best:217, loss:1.0931, train:0.5726, valid:0.4459/best:0.4599, test:0.4629/best:0.4742
[I 2026-09-13 22:15:58,801 ignn.models.IGNN:215] epoch:357/best:217, loss:1.0884, train:0.5754, valid:0.4459/best:0.4599, test:0.4674/best:0.4742
[I 2026-09-13 22:15:58,823 ignn.models.IGNN:215] epoch:358/best:217, loss:1.0891, train:0.5848, valid:0.4487/best:0.4599, test:0.4652/best:0.4742
[I 2026-09-13 22:15:58,846 ignn.models.IGNN:215] epoch:359/best:217, loss:1.0907, train:0.5942, valid:0.4402/best:0.4599, test:0.4652/best:0.4742
[I 2026-09-13 22:15:58,870 ignn.models.IGNN:215] epoch:360/best:217, loss:1.0841, train:0.6064, valid:0.4388/best:0.4599, test:0.4607/best:0.4742
[I 2026-09-13 22:15:58,892 ignn.models.IGNN:215] epoch:361/best:217, loss:1.1371, train:0.6129, valid:0.4402/best:0.4599, test:0.4584/best:0.4742
[I 2026-09-13 22:15:58,915 ignn.models.IGNN:215] epoch:362/best:217, loss:1.0949, train:0.6176, valid:0.4360/best:0.4599, test:0.4652/best:0.4742
[I 2026-09-13 22:15:58,938 ignn.models.IGNN:215] epoch:363/best:217, loss:1.0969, train:0.6148, valid:0.4402/best:0.4599, test:0.4629/best:0.4742
[I 2026-09-13 22:15:58,961 ignn.models.IGNN:215] epoch:364/best:217, loss:1.1081, train:0.6157, valid:0.4388/best:0.4599, test:0.4629/best:0.4742
[I 2026-09-13 22:15:58,984 ignn.models.IGNN:215] epoch:365/best:217, loss:1.1318, train:0.6064, valid:0.4416/best:0.4599, test:0.4629/best:0.4742
[I 2026-09-13 22:15:59,160 ignn.models.IGNN:215] epoch:366/best:217, loss:1.0845, train:0.5858, valid:0.4473/best:0.4599, test:0.4607/best:0.4742
[I 2026-09-13 22:15:59,184 ignn.models.IGNN:215] epoch:367/best:217, loss:1.1095, train:0.5651, valid:0.4430/best:0.4599, test:0.4539/best:0.4742
[I 2026-09-13 22:15:59,207 ignn.models.IGNN:215] epoch:368/best:217, loss:1.0889, train:0.5726, valid:0.4402/best:0.4599, test:0.4584/best:0.4742
[I 2026-09-13 22:15:59,229 ignn.models.IGNN:215] epoch:369/best:217, loss:1.1141, train:0.5783, valid:0.4416/best:0.4599, test:0.4584/best:0.4742
[I 2026-09-13 22:15:59,252 ignn.models.IGNN:215] epoch:370/best:217, loss:1.0899, train:0.5839, valid:0.4276/best:0.4599, test:0.4404/best:0.4742
[I 2026-09-13 22:15:59,275 ignn.models.IGNN:215] epoch:371/best:217, loss:1.1241, train:0.5867, valid:0.4290/best:0.4599, test:0.4337/best:0.4742
[I 2026-09-13 22:15:59,298 ignn.models.IGNN:215] epoch:372/best:217, loss:1.1348, train:0.5867, valid:0.4430/best:0.4599, test:0.4607/best:0.4742
[I 2026-09-13 22:15:59,320 ignn.models.IGNN:215] epoch:373/best:217, loss:1.1113, train:0.5829, valid:0.4416/best:0.4599, test:0.4652/best:0.4742
[I 2026-09-13 22:15:59,343 ignn.models.IGNN:215] epoch:374/best:217, loss:1.0670, train:0.5661, valid:0.4360/best:0.4599, test:0.4562/best:0.4742
[I 2026-09-13 22:15:59,366 ignn.models.IGNN:215] epoch:375/best:217, loss:1.1045, train:0.5595, valid:0.4374/best:0.4599, test:0.4584/best:0.4742
[I 2026-09-13 22:15:59,389 ignn.models.IGNN:215] epoch:376/best:217, loss:1.0720, train:0.5623, valid:0.4430/best:0.4599, test:0.4674/best:0.4742
[I 2026-09-13 22:15:59,412 ignn.models.IGNN:215] epoch:377/best:217, loss:1.0918, train:0.5764, valid:0.4416/best:0.4599, test:0.4809/best:0.4742
[I 2026-09-13 22:15:59,434 ignn.models.IGNN:215] epoch:378/best:217, loss:1.1040, train:0.5754, valid:0.4402/best:0.4599, test:0.4607/best:0.4742
[I 2026-09-13 22:15:59,457 ignn.models.IGNN:215] epoch:379/best:217, loss:1.1184, train:0.5773, valid:0.4402/best:0.4599, test:0.4539/best:0.4742
[I 2026-09-13 22:15:59,480 ignn.models.IGNN:215] epoch:380/best:217, loss:1.1089, train:0.5736, valid:0.4388/best:0.4599, test:0.4584/best:0.4742
[I 2026-09-13 22:15:59,503 ignn.models.IGNN:215] epoch:381/best:217, loss:1.1313, train:0.5539, valid:0.4290/best:0.4599, test:0.4517/best:0.4742
[I 2026-09-13 22:15:59,526 ignn.models.IGNN:215] epoch:382/best:217, loss:1.0900, train:0.5436, valid:0.4248/best:0.4599, test:0.4404/best:0.4742
[I 2026-09-13 22:15:59,549 ignn.models.IGNN:215] epoch:383/best:217, loss:1.1457, train:0.5764, valid:0.4248/best:0.4599, test:0.4607/best:0.4742
[I 2026-09-13 22:15:59,571 ignn.models.IGNN:215] epoch:384/best:217, loss:1.0860, train:0.5811, valid:0.4332/best:0.4599, test:0.4427/best:0.4742
[I 2026-09-13 22:15:59,594 ignn.models.IGNN:215] epoch:385/best:217, loss:1.0995, train:0.5811, valid:0.4304/best:0.4599, test:0.4472/best:0.4742
[I 2026-09-13 22:15:59,617 ignn.models.IGNN:215] epoch:386/best:217, loss:1.1442, train:0.5867, valid:0.4332/best:0.4599, test:0.4539/best:0.4742
[I 2026-09-13 22:15:59,640 ignn.models.IGNN:215] epoch:387/best:217, loss:1.1414, train:0.5773, valid:0.4416/best:0.4599, test:0.4629/best:0.4742
[I 2026-09-13 22:15:59,663 ignn.models.IGNN:215] epoch:388/best:217, loss:1.1119, train:0.5670, valid:0.4473/best:0.4599, test:0.4652/best:0.4742
[I 2026-09-13 22:15:59,686 ignn.models.IGNN:215] epoch:389/best:217, loss:1.1231, train:0.5895, valid:0.4402/best:0.4599, test:0.4674/best:0.4742
[I 2026-09-13 22:15:59,709 ignn.models.IGNN:215] epoch:390/best:217, loss:1.0978, train:0.6073, valid:0.4529/best:0.4599, test:0.4742/best:0.4742
[I 2026-09-13 22:15:59,732 ignn.models.IGNN:215] epoch:391/best:217, loss:1.1053, train:0.6073, valid:0.4388/best:0.4599, test:0.4719/best:0.4742
[I 2026-09-13 22:15:59,755 ignn.models.IGNN:215] epoch:392/best:217, loss:1.1217, train:0.6036, valid:0.4459/best:0.4599, test:0.4584/best:0.4742
[I 2026-09-13 22:15:59,778 ignn.models.IGNN:215] epoch:393/best:217, loss:1.1035, train:0.5811, valid:0.4473/best:0.4599, test:0.4674/best:0.4742
[I 2026-09-13 22:15:59,801 ignn.models.IGNN:215] epoch:394/best:217, loss:1.0951, train:0.5726, valid:0.4444/best:0.4599, test:0.4629/best:0.4742
[I 2026-09-13 22:15:59,824 ignn.models.IGNN:215] epoch:395/best:217, loss:1.0912, train:0.5914, valid:0.4402/best:0.4599, test:0.4494/best:0.4742
[I 2026-09-13 22:15:59,847 ignn.models.IGNN:215] epoch:396/best:217, loss:1.0751, train:0.5942, valid:0.4346/best:0.4599, test:0.4562/best:0.4742
[I 2026-09-13 22:15:59,870 ignn.models.IGNN:215] epoch:397/best:217, loss:1.0912, train:0.5942, valid:0.4262/best:0.4599, test:0.4472/best:0.4742
[I 2026-09-13 22:15:59,893 ignn.models.IGNN:215] epoch:398/best:217, loss:1.0981, train:0.5914, valid:0.4416/best:0.4599, test:0.4584/best:0.4742
[I 2026-09-13 22:15:59,915 ignn.models.IGNN:215] epoch:399/best:217, loss:1.0777, train:0.5558, valid:0.4360/best:0.4599, test:0.4517/best:0.4742
[I 2026-09-13 22:15:59,938 ignn.models.IGNN:215] epoch:400/best:217, loss:1.1297, train:0.5614, valid:0.4374/best:0.4599, test:0.4427/best:0.4742
[I 2026-09-13 22:15:59,961 ignn.models.IGNN:215] epoch:401/best:217, loss:1.0633, train:0.5886, valid:0.4332/best:0.4599, test:0.4584/best:0.4742
[I 2026-09-13 22:16:00,135 ignn.models.IGNN:215] epoch:402/best:217, loss:1.0877, train:0.5886, valid:0.4430/best:0.4599, test:0.4607/best:0.4742
[I 2026-09-13 22:16:00,158 ignn.models.IGNN:215] epoch:403/best:217, loss:1.0924, train:0.5998, valid:0.4233/best:0.4599, test:0.4562/best:0.4742
[I 2026-09-13 22:16:00,181 ignn.models.IGNN:215] epoch:404/best:217, loss:1.0938, train:0.5961, valid:0.4332/best:0.4599, test:0.4539/best:0.4742
[I 2026-09-13 22:16:00,204 ignn.models.IGNN:215] epoch:405/best:217, loss:1.0980, train:0.5951, valid:0.4360/best:0.4599, test:0.4629/best:0.4742
[I 2026-09-13 22:16:00,226 ignn.models.IGNN:215] epoch:406/best:217, loss:1.0730, train:0.5989, valid:0.4346/best:0.4599, test:0.4719/best:0.4742
[I 2026-09-13 22:16:00,249 ignn.models.IGNN:215] epoch:407/best:217, loss:1.0879, train:0.5876, valid:0.4388/best:0.4599, test:0.4539/best:0.4742
[I 2026-09-13 22:16:00,272 ignn.models.IGNN:215] epoch:408/best:217, loss:1.0874, train:0.5914, valid:0.4360/best:0.4599, test:0.4652/best:0.4742
[I 2026-09-13 22:16:00,295 ignn.models.IGNN:215] epoch:409/best:217, loss:1.1206, train:0.6036, valid:0.4219/best:0.4599, test:0.4652/best:0.4742
[I 2026-09-13 22:16:00,317 ignn.models.IGNN:215] epoch:410/best:217, loss:1.0714, train:0.6120, valid:0.4290/best:0.4599, test:0.4607/best:0.4742
[I 2026-09-13 22:16:00,340 ignn.models.IGNN:215] epoch:411/best:217, loss:1.1317, train:0.5979, valid:0.4416/best:0.4599, test:0.4652/best:0.4742
[I 2026-09-13 22:16:00,363 ignn.models.IGNN:215] epoch:412/best:217, loss:1.1110, train:0.5876, valid:0.4459/best:0.4599, test:0.4764/best:0.4742
[I 2026-09-13 22:16:00,386 ignn.models.IGNN:215] epoch:413/best:217, loss:1.0851, train:0.5886, valid:0.4374/best:0.4599, test:0.4697/best:0.4742
[I 2026-09-13 22:16:00,408 ignn.models.IGNN:215] epoch:414/best:217, loss:1.0730, train:0.5895, valid:0.4444/best:0.4599, test:0.4764/best:0.4742
[I 2026-09-13 22:16:00,431 ignn.models.IGNN:215] epoch:415/best:217, loss:1.1254, train:0.6082, valid:0.4529/best:0.4599, test:0.4584/best:0.4742
[I 2026-09-13 22:16:00,454 ignn.models.IGNN:215] epoch:416/best:217, loss:1.0982, train:0.6232, valid:0.4360/best:0.4599, test:0.4607/best:0.4742
[I 2026-09-13 22:16:00,477 ignn.models.IGNN:215] epoch:417/best:217, loss:1.0872, train:0.6176, valid:0.4318/best:0.4599, test:0.4652/best:0.4742
[I 2026-09-13 22:16:00,477 ignn.models.IGNN:222] Early Stopping! Best Epoch: 217, best val acc: 0.4599, test acc: 0.4742
[I 2026-09-13 22:16:00,478 ignn.models.IGNN:234] 10 epoch cost: 0.2748s.
[I 2026-09-13 22:16:00,490 __main__:210] squirrel_critical 3 res: 0.47415730337078654


[I 2026-09-13 22:16:00,526 ignn.models.IGNN:215] epoch:0/best:0, loss:1.6203, train:0.2296, valid:0.2152/best:0.2152, test:0.2225/best:0.2225
[I 2026-09-13 22:16:00,551 ignn.models.IGNN:215] epoch:1/best:1, loss:1.5921, train:0.3468, valid:0.3530/best:0.3530, test:0.3034/best:0.3034
[I 2026-09-13 22:16:00,575 ignn.models.IGNN:215] epoch:2/best:2, loss:1.5728, train:0.3468, valid:0.3530/best:0.3530, test:0.3034/best:0.3034
[I 2026-09-13 22:16:00,599 ignn.models.IGNN:215] epoch:3/best:3, loss:1.5466, train:0.3468, valid:0.3530/best:0.3530, test:0.3034/best:0.3034
[I 2026-09-13 22:16:00,623 ignn.models.IGNN:215] epoch:4/best:4, loss:1.5543, train:0.3468, valid:0.3530/best:0.3530, test:0.3034/best:0.3034
[I 2026-09-13 22:16:00,648 ignn.models.IGNN:215] epoch:5/best:5, loss:1.5365, train:0.3468, valid:0.3530/best:0.3530, test:0.3034/best:0.3034
[I 2026-09-13 22:16:00,672 ignn.models.IGNN:215] epoch:6/best:6, loss:1.5266, train:0.3468, valid:0.3530/best:0.3530, test:0.3034/best:0.3034
[I 2026-09-13 22:16:00,696 ignn.models.IGNN:215] epoch:7/best:7, loss:1.5123, train:0.3468, valid:0.3530/best:0.3530, test:0.3034/best:0.3034
[I 2026-09-13 22:16:00,720 ignn.models.IGNN:215] epoch:8/best:8, loss:1.5191, train:0.3486, valid:0.3530/best:0.3530, test:0.3034/best:0.3034
[I 2026-09-13 22:16:00,744 ignn.models.IGNN:215] epoch:9/best:9, loss:1.5005, train:0.3524, valid:0.3601/best:0.3601, test:0.3034/best:0.3034
[I 2026-09-13 22:16:00,768 ignn.models.IGNN:215] epoch:10/best:10, loss:1.4939, train:0.3571, valid:0.3671/best:0.3671, test:0.3056/best:0.3056
[I 2026-09-13 22:16:00,792 ignn.models.IGNN:215] epoch:11/best:11, loss:1.4787, train:0.3636, valid:0.3727/best:0.3727, test:0.3101/best:0.3101
[I 2026-09-13 22:16:00,816 ignn.models.IGNN:215] epoch:12/best:12, loss:1.4552, train:0.3693, valid:0.3812/best:0.3812, test:0.3236/best:0.3236
[I 2026-09-13 22:16:00,841 ignn.models.IGNN:215] epoch:13/best:13, loss:1.4573, train:0.3777, valid:0.3994/best:0.3994, test:0.3371/best:0.3371
[I 2026-09-13 22:16:00,866 ignn.models.IGNN:215] epoch:14/best:14, loss:1.4370, train:0.3899, valid:0.4093/best:0.4093, test:0.3461/best:0.3461
[I 2026-09-13 22:16:00,890 ignn.models.IGNN:215] epoch:15/best:15, loss:1.4234, train:0.3955, valid:0.4177/best:0.4177, test:0.3573/best:0.3573
[I 2026-09-13 22:16:00,913 ignn.models.IGNN:215] epoch:16/best:15, loss:1.4208, train:0.4021, valid:0.4135/best:0.4177, test:0.3596/best:0.3573
[I 2026-09-13 22:16:00,936 ignn.models.IGNN:215] epoch:17/best:15, loss:1.4048, train:0.4039, valid:0.4135/best:0.4177, test:0.3573/best:0.3573
[I 2026-09-13 22:16:01,110 ignn.models.IGNN:215] epoch:18/best:15, loss:1.3887, train:0.4067, valid:0.4107/best:0.4177, test:0.3618/best:0.3573
[I 2026-09-13 22:16:01,135 ignn.models.IGNN:215] epoch:19/best:19, loss:1.3915, train:0.4030, valid:0.4346/best:0.4346, test:0.3753/best:0.3753
[I 2026-09-13 22:16:01,159 ignn.models.IGNN:215] epoch:20/best:20, loss:1.3779, train:0.4133, valid:0.4346/best:0.4346, test:0.4000/best:0.4000
[I 2026-09-13 22:16:01,182 ignn.models.IGNN:215] epoch:21/best:20, loss:1.3604, train:0.4058, valid:0.4332/best:0.4346, test:0.3910/best:0.4000
[I 2026-09-13 22:16:01,204 ignn.models.IGNN:215] epoch:22/best:20, loss:1.3503, train:0.4039, valid:0.4177/best:0.4346, test:0.3775/best:0.4000
[I 2026-09-13 22:16:01,227 ignn.models.IGNN:215] epoch:23/best:20, loss:1.3455, train:0.4105, valid:0.4304/best:0.4346, test:0.4045/best:0.4000
[I 2026-09-13 22:16:01,252 ignn.models.IGNN:215] epoch:24/best:24, loss:1.3449, train:0.4227, valid:0.4402/best:0.4402, test:0.4045/best:0.4045
[I 2026-09-13 22:16:01,274 ignn.models.IGNN:215] epoch:25/best:24, loss:1.3492, train:0.4114, valid:0.4318/best:0.4402, test:0.3865/best:0.4045
[I 2026-09-13 22:16:01,297 ignn.models.IGNN:215] epoch:26/best:24, loss:1.3202, train:0.4049, valid:0.4360/best:0.4402, test:0.3910/best:0.4045
[I 2026-09-13 22:16:01,320 ignn.models.IGNN:215] epoch:27/best:24, loss:1.3094, train:0.4133, valid:0.4346/best:0.4402, test:0.3933/best:0.4045
[I 2026-09-13 22:16:01,343 ignn.models.IGNN:215] epoch:28/best:24, loss:1.3173, train:0.4349, valid:0.4262/best:0.4402, test:0.4000/best:0.4045
[I 2026-09-13 22:16:01,366 ignn.models.IGNN:215] epoch:29/best:24, loss:1.3087, train:0.4339, valid:0.4290/best:0.4402, test:0.3955/best:0.4045
[I 2026-09-13 22:16:01,389 ignn.models.IGNN:215] epoch:30/best:24, loss:1.3075, train:0.4330, valid:0.4248/best:0.4402, test:0.3910/best:0.4045
[I 2026-09-13 22:16:01,412 ignn.models.IGNN:215] epoch:31/best:24, loss:1.2857, train:0.4227, valid:0.4304/best:0.4402, test:0.3888/best:0.4045
[I 2026-09-13 22:16:01,435 ignn.models.IGNN:215] epoch:32/best:24, loss:1.3055, train:0.4339, valid:0.4233/best:0.4402, test:0.3888/best:0.4045
[I 2026-09-13 22:16:01,458 ignn.models.IGNN:215] epoch:33/best:24, loss:1.2868, train:0.4442, valid:0.4318/best:0.4402, test:0.3910/best:0.4045
[I 2026-09-13 22:16:01,481 ignn.models.IGNN:215] epoch:34/best:24, loss:1.2824, train:0.4339, valid:0.4219/best:0.4402, test:0.3910/best:0.4045
[I 2026-09-13 22:16:01,504 ignn.models.IGNN:215] epoch:35/best:24, loss:1.2791, train:0.4227, valid:0.4205/best:0.4402, test:0.3753/best:0.4045
[I 2026-09-13 22:16:01,526 ignn.models.IGNN:215] epoch:36/best:24, loss:1.2876, train:0.4367, valid:0.4290/best:0.4402, test:0.3820/best:0.4045
[I 2026-09-13 22:16:01,549 ignn.models.IGNN:215] epoch:37/best:24, loss:1.2972, train:0.4545, valid:0.4262/best:0.4402, test:0.3978/best:0.4045
[I 2026-09-13 22:16:01,572 ignn.models.IGNN:215] epoch:38/best:24, loss:1.2821, train:0.4667, valid:0.4360/best:0.4402, test:0.4067/best:0.4045
[I 2026-09-13 22:16:01,595 ignn.models.IGNN:215] epoch:39/best:24, loss:1.2837, train:0.4405, valid:0.4346/best:0.4402, test:0.3910/best:0.4045
[I 2026-09-13 22:16:01,618 ignn.models.IGNN:215] epoch:40/best:24, loss:1.2494, train:0.4264, valid:0.4248/best:0.4402, test:0.3708/best:0.4045
[I 2026-09-13 22:16:01,641 ignn.models.IGNN:215] epoch:41/best:24, loss:1.2514, train:0.4396, valid:0.4318/best:0.4402, test:0.3843/best:0.4045
[I 2026-09-13 22:16:01,665 ignn.models.IGNN:215] epoch:42/best:42, loss:1.2518, train:0.4489, valid:0.4402/best:0.4402, test:0.4045/best:0.4045
[I 2026-09-13 22:16:01,690 ignn.models.IGNN:215] epoch:43/best:43, loss:1.2625, train:0.4677, valid:0.4430/best:0.4430, test:0.4157/best:0.4157
[I 2026-09-13 22:16:01,714 ignn.models.IGNN:215] epoch:44/best:44, loss:1.2576, train:0.4564, valid:0.4487/best:0.4487, test:0.4090/best:0.4090
[I 2026-09-13 22:16:01,737 ignn.models.IGNN:215] epoch:45/best:44, loss:1.2346, train:0.4302, valid:0.4332/best:0.4487, test:0.3865/best:0.4090
[I 2026-09-13 22:16:01,760 ignn.models.IGNN:215] epoch:46/best:44, loss:1.2383, train:0.4255, valid:0.4135/best:0.4487, test:0.3730/best:0.4090
[I 2026-09-13 22:16:01,783 ignn.models.IGNN:215] epoch:47/best:44, loss:1.2452, train:0.4302, valid:0.4205/best:0.4487, test:0.3820/best:0.4090
[I 2026-09-13 22:16:01,806 ignn.models.IGNN:215] epoch:48/best:44, loss:1.2605, train:0.4480, valid:0.4416/best:0.4487, test:0.3753/best:0.4090
[I 2026-09-13 22:16:01,829 ignn.models.IGNN:215] epoch:49/best:44, loss:1.2262, train:0.4649, valid:0.4430/best:0.4487, test:0.4022/best:0.4090
[I 2026-09-13 22:16:01,851 ignn.models.IGNN:215] epoch:50/best:44, loss:1.2297, train:0.4433, valid:0.4304/best:0.4487, test:0.3798/best:0.4090
[I 2026-09-13 22:16:01,874 ignn.models.IGNN:215] epoch:51/best:44, loss:1.2415, train:0.4302, valid:0.4107/best:0.4487, test:0.3775/best:0.4090
[I 2026-09-13 22:16:01,897 ignn.models.IGNN:215] epoch:52/best:44, loss:1.2460, train:0.4330, valid:0.4205/best:0.4487, test:0.3820/best:0.4090
[I 2026-09-13 22:16:01,920 ignn.models.IGNN:215] epoch:53/best:44, loss:1.2242, train:0.4517, valid:0.4332/best:0.4487, test:0.3955/best:0.4090
[I 2026-09-13 22:16:02,096 ignn.models.IGNN:215] epoch:54/best:44, loss:1.2289, train:0.4770, valid:0.4416/best:0.4487, test:0.3933/best:0.4090
[I 2026-09-13 22:16:02,119 ignn.models.IGNN:215] epoch:55/best:44, loss:1.2387, train:0.4555, valid:0.4416/best:0.4487, test:0.4000/best:0.4090
[I 2026-09-13 22:16:02,142 ignn.models.IGNN:215] epoch:56/best:44, loss:1.2249, train:0.4358, valid:0.4163/best:0.4487, test:0.3798/best:0.4090
[I 2026-09-13 22:16:02,165 ignn.models.IGNN:215] epoch:57/best:44, loss:1.2175, train:0.4246, valid:0.4023/best:0.4487, test:0.3730/best:0.4090
[I 2026-09-13 22:16:02,187 ignn.models.IGNN:215] epoch:58/best:44, loss:1.2450, train:0.4405, valid:0.4219/best:0.4487, test:0.3865/best:0.4090
[I 2026-09-13 22:16:02,211 ignn.models.IGNN:215] epoch:59/best:44, loss:1.2186, train:0.4667, valid:0.4388/best:0.4487, test:0.3955/best:0.4090
[I 2026-09-13 22:16:02,234 ignn.models.IGNN:215] epoch:60/best:44, loss:1.2202, train:0.4733, valid:0.4402/best:0.4487, test:0.4090/best:0.4090
[I 2026-09-13 22:16:02,256 ignn.models.IGNN:215] epoch:61/best:44, loss:1.2413, train:0.4583, valid:0.4318/best:0.4487, test:0.3910/best:0.4090
[I 2026-09-13 22:16:02,280 ignn.models.IGNN:215] epoch:62/best:44, loss:1.2121, train:0.4414, valid:0.4079/best:0.4487, test:0.3685/best:0.4090
[I 2026-09-13 22:16:02,303 ignn.models.IGNN:215] epoch:63/best:44, loss:1.2130, train:0.4405, valid:0.4079/best:0.4487, test:0.3798/best:0.4090
[I 2026-09-13 22:16:02,326 ignn.models.IGNN:215] epoch:64/best:44, loss:1.2202, train:0.4667, valid:0.4233/best:0.4487, test:0.4000/best:0.4090
[I 2026-09-13 22:16:02,349 ignn.models.IGNN:215] epoch:65/best:44, loss:1.2423, train:0.4649, valid:0.4219/best:0.4487, test:0.4045/best:0.4090
[I 2026-09-13 22:16:02,372 ignn.models.IGNN:215] epoch:66/best:44, loss:1.2219, train:0.4499, valid:0.4248/best:0.4487, test:0.3843/best:0.4090
[I 2026-09-13 22:16:02,395 ignn.models.IGNN:215] epoch:67/best:44, loss:1.2011, train:0.4414, valid:0.4065/best:0.4487, test:0.3730/best:0.4090
[I 2026-09-13 22:16:02,418 ignn.models.IGNN:215] epoch:68/best:44, loss:1.2365, train:0.4480, valid:0.4233/best:0.4487, test:0.3820/best:0.4090
[I 2026-09-13 22:16:02,441 ignn.models.IGNN:215] epoch:69/best:44, loss:1.2108, train:0.4536, valid:0.4233/best:0.4487, test:0.3933/best:0.4090
[I 2026-09-13 22:16:02,464 ignn.models.IGNN:215] epoch:70/best:44, loss:1.2224, train:0.4611, valid:0.4374/best:0.4487, test:0.4090/best:0.4090
[I 2026-09-13 22:16:02,487 ignn.models.IGNN:215] epoch:71/best:44, loss:1.2176, train:0.4536, valid:0.4262/best:0.4487, test:0.3955/best:0.4090
[I 2026-09-13 22:16:02,510 ignn.models.IGNN:215] epoch:72/best:44, loss:1.1966, train:0.4321, valid:0.4107/best:0.4487, test:0.3753/best:0.4090
[I 2026-09-13 22:16:02,533 ignn.models.IGNN:215] epoch:73/best:44, loss:1.2244, train:0.4246, valid:0.4008/best:0.4487, test:0.3843/best:0.4090
[I 2026-09-13 22:16:02,555 ignn.models.IGNN:215] epoch:74/best:44, loss:1.2186, train:0.4442, valid:0.4135/best:0.4487, test:0.3865/best:0.4090
[I 2026-09-13 22:16:02,578 ignn.models.IGNN:215] epoch:75/best:44, loss:1.2192, train:0.4583, valid:0.4262/best:0.4487, test:0.3910/best:0.4090
[I 2026-09-13 22:16:02,601 ignn.models.IGNN:215] epoch:76/best:44, loss:1.1951, train:0.4517, valid:0.4233/best:0.4487, test:0.3933/best:0.4090
[I 2026-09-13 22:16:02,624 ignn.models.IGNN:215] epoch:77/best:44, loss:1.2078, train:0.4480, valid:0.4219/best:0.4487, test:0.3888/best:0.4090
[I 2026-09-13 22:16:02,647 ignn.models.IGNN:215] epoch:78/best:44, loss:1.2151, train:0.4442, valid:0.4248/best:0.4487, test:0.3955/best:0.4090
[I 2026-09-13 22:16:02,670 ignn.models.IGNN:215] epoch:79/best:44, loss:1.2062, train:0.4339, valid:0.4149/best:0.4487, test:0.3865/best:0.4090
[I 2026-09-13 22:16:02,693 ignn.models.IGNN:215] epoch:80/best:44, loss:1.2311, train:0.4321, valid:0.4079/best:0.4487, test:0.3865/best:0.4090
[I 2026-09-13 22:16:02,716 ignn.models.IGNN:215] epoch:81/best:44, loss:1.2082, train:0.4470, valid:0.4233/best:0.4487, test:0.3888/best:0.4090
[I 2026-09-13 22:16:02,739 ignn.models.IGNN:215] epoch:82/best:44, loss:1.2035, train:0.4667, valid:0.4346/best:0.4487, test:0.4112/best:0.4090
[I 2026-09-13 22:16:02,761 ignn.models.IGNN:215] epoch:83/best:44, loss:1.2035, train:0.4649, valid:0.4360/best:0.4487, test:0.4112/best:0.4090
[I 2026-09-13 22:16:02,784 ignn.models.IGNN:215] epoch:84/best:44, loss:1.1954, train:0.4386, valid:0.4135/best:0.4487, test:0.3775/best:0.4090
[I 2026-09-13 22:16:02,807 ignn.models.IGNN:215] epoch:85/best:44, loss:1.1888, train:0.4274, valid:0.4065/best:0.4487, test:0.3820/best:0.4090
[I 2026-09-13 22:16:02,830 ignn.models.IGNN:215] epoch:86/best:44, loss:1.2164, train:0.4414, valid:0.4177/best:0.4487, test:0.3775/best:0.4090
[I 2026-09-13 22:16:02,853 ignn.models.IGNN:215] epoch:87/best:44, loss:1.2055, train:0.4620, valid:0.4304/best:0.4487, test:0.4112/best:0.4090
[I 2026-09-13 22:16:02,876 ignn.models.IGNN:215] epoch:88/best:44, loss:1.1926, train:0.4742, valid:0.4388/best:0.4487, test:0.4247/best:0.4090
[I 2026-09-13 22:16:02,899 ignn.models.IGNN:215] epoch:89/best:44, loss:1.1972, train:0.4733, valid:0.4374/best:0.4487, test:0.4112/best:0.4090
[I 2026-09-13 22:16:03,075 ignn.models.IGNN:215] epoch:90/best:44, loss:1.1811, train:0.4583, valid:0.4248/best:0.4487, test:0.4045/best:0.4090
[I 2026-09-13 22:16:03,098 ignn.models.IGNN:215] epoch:91/best:44, loss:1.1901, train:0.4367, valid:0.4093/best:0.4487, test:0.3843/best:0.4090
[I 2026-09-13 22:16:03,121 ignn.models.IGNN:215] epoch:92/best:44, loss:1.2100, train:0.4227, valid:0.4008/best:0.4487, test:0.3798/best:0.4090
[I 2026-09-13 22:16:03,144 ignn.models.IGNN:215] epoch:93/best:44, loss:1.1806, train:0.4274, valid:0.4008/best:0.4487, test:0.3820/best:0.4090
[I 2026-09-13 22:16:03,167 ignn.models.IGNN:215] epoch:94/best:44, loss:1.2469, train:0.4592, valid:0.4318/best:0.4487, test:0.4112/best:0.4090
[I 2026-09-13 22:16:03,190 ignn.models.IGNN:215] epoch:95/best:44, loss:1.1927, train:0.4724, valid:0.4360/best:0.4487, test:0.4067/best:0.4090
[I 2026-09-13 22:16:03,213 ignn.models.IGNN:215] epoch:96/best:44, loss:1.1957, train:0.4705, valid:0.4374/best:0.4487, test:0.4045/best:0.4090
[I 2026-09-13 22:16:03,236 ignn.models.IGNN:215] epoch:97/best:44, loss:1.1878, train:0.4564, valid:0.4318/best:0.4487, test:0.4090/best:0.4090
[I 2026-09-13 22:16:03,259 ignn.models.IGNN:215] epoch:98/best:44, loss:1.1909, train:0.4583, valid:0.4290/best:0.4487, test:0.4135/best:0.4090
[I 2026-09-13 22:16:03,282 ignn.models.IGNN:215] epoch:99/best:44, loss:1.1677, train:0.4555, valid:0.4290/best:0.4487, test:0.4022/best:0.4090
[I 2026-09-13 22:16:03,305 ignn.models.IGNN:215] epoch:100/best:44, loss:1.1726, train:0.4480, valid:0.4233/best:0.4487, test:0.3933/best:0.4090
[I 2026-09-13 22:16:03,328 ignn.models.IGNN:215] epoch:101/best:44, loss:1.1867, train:0.4508, valid:0.4248/best:0.4487, test:0.4000/best:0.4090
[I 2026-09-13 22:16:03,351 ignn.models.IGNN:215] epoch:102/best:44, loss:1.1824, train:0.4630, valid:0.4318/best:0.4487, test:0.4157/best:0.4090
[I 2026-09-13 22:16:03,373 ignn.models.IGNN:215] epoch:103/best:44, loss:1.1888, train:0.4808, valid:0.4402/best:0.4487, test:0.4180/best:0.4090
[I 2026-09-13 22:16:03,396 ignn.models.IGNN:215] epoch:104/best:44, loss:1.2099, train:0.4630, valid:0.4219/best:0.4487, test:0.4022/best:0.4090
[I 2026-09-13 22:16:03,419 ignn.models.IGNN:215] epoch:105/best:44, loss:1.1993, train:0.4649, valid:0.4177/best:0.4487, test:0.4045/best:0.4090
[I 2026-09-13 22:16:03,442 ignn.models.IGNN:215] epoch:106/best:44, loss:1.1813, train:0.4658, valid:0.4191/best:0.4487, test:0.4000/best:0.4090
[I 2026-09-13 22:16:03,465 ignn.models.IGNN:215] epoch:107/best:44, loss:1.2031, train:0.4752, valid:0.4233/best:0.4487, test:0.4112/best:0.4090
[I 2026-09-13 22:16:03,488 ignn.models.IGNN:215] epoch:108/best:44, loss:1.1773, train:0.4686, valid:0.4248/best:0.4487, test:0.4000/best:0.4090
[I 2026-09-13 22:16:03,510 ignn.models.IGNN:215] epoch:109/best:44, loss:1.2115, train:0.4639, valid:0.4304/best:0.4487, test:0.4022/best:0.4090
[I 2026-09-13 22:16:03,533 ignn.models.IGNN:215] epoch:110/best:44, loss:1.1522, train:0.4620, valid:0.4290/best:0.4487, test:0.4022/best:0.4090
[I 2026-09-13 22:16:03,556 ignn.models.IGNN:215] epoch:111/best:44, loss:1.1700, train:0.4602, valid:0.4332/best:0.4487, test:0.4022/best:0.4090
[I 2026-09-13 22:16:03,579 ignn.models.IGNN:215] epoch:112/best:44, loss:1.1860, train:0.4602, valid:0.4290/best:0.4487, test:0.3978/best:0.4090
[I 2026-09-13 22:16:03,602 ignn.models.IGNN:215] epoch:113/best:44, loss:1.1875, train:0.4620, valid:0.4332/best:0.4487, test:0.4022/best:0.4090
[I 2026-09-13 22:16:03,625 ignn.models.IGNN:215] epoch:114/best:44, loss:1.1771, train:0.4639, valid:0.4374/best:0.4487, test:0.4000/best:0.4090
[I 2026-09-13 22:16:03,647 ignn.models.IGNN:215] epoch:115/best:44, loss:1.1837, train:0.4714, valid:0.4346/best:0.4487, test:0.4045/best:0.4090
[I 2026-09-13 22:16:03,670 ignn.models.IGNN:215] epoch:116/best:44, loss:1.1827, train:0.4536, valid:0.4205/best:0.4487, test:0.3933/best:0.4090
[I 2026-09-13 22:16:03,693 ignn.models.IGNN:215] epoch:117/best:44, loss:1.1578, train:0.4489, valid:0.4107/best:0.4487, test:0.3910/best:0.4090
[I 2026-09-13 22:16:03,716 ignn.models.IGNN:215] epoch:118/best:44, loss:1.2185, train:0.4499, valid:0.4219/best:0.4487, test:0.3933/best:0.4090
[I 2026-09-13 22:16:03,739 ignn.models.IGNN:215] epoch:119/best:44, loss:1.1891, train:0.4592, valid:0.4248/best:0.4487, test:0.3978/best:0.4090
[I 2026-09-13 22:16:03,763 ignn.models.IGNN:215] epoch:120/best:44, loss:1.1724, train:0.4677, valid:0.4388/best:0.4487, test:0.4000/best:0.4090
[I 2026-09-13 22:16:03,786 ignn.models.IGNN:215] epoch:121/best:44, loss:1.1905, train:0.4583, valid:0.4332/best:0.4487, test:0.4067/best:0.4090
[I 2026-09-13 22:16:03,809 ignn.models.IGNN:215] epoch:122/best:44, loss:1.1674, train:0.4480, valid:0.4177/best:0.4487, test:0.3888/best:0.4090
[I 2026-09-13 22:16:03,832 ignn.models.IGNN:215] epoch:123/best:44, loss:1.1940, train:0.4367, valid:0.4135/best:0.4487, test:0.3888/best:0.4090
[I 2026-09-13 22:16:03,854 ignn.models.IGNN:215] epoch:124/best:44, loss:1.1635, train:0.4508, valid:0.4177/best:0.4487, test:0.3978/best:0.4090
[I 2026-09-13 22:16:04,032 ignn.models.IGNN:215] epoch:125/best:44, loss:1.2083, train:0.4667, valid:0.4388/best:0.4487, test:0.4045/best:0.4090
[I 2026-09-13 22:16:04,055 ignn.models.IGNN:215] epoch:126/best:44, loss:1.1869, train:0.4986, valid:0.4416/best:0.4487, test:0.4157/best:0.4090
[I 2026-09-13 22:16:04,078 ignn.models.IGNN:215] epoch:127/best:44, loss:1.1560, train:0.4977, valid:0.4430/best:0.4487, test:0.4157/best:0.4090
[I 2026-09-13 22:16:04,101 ignn.models.IGNN:215] epoch:128/best:44, loss:1.2211, train:0.4461, valid:0.4149/best:0.4487, test:0.4135/best:0.4090
[I 2026-09-13 22:16:04,124 ignn.models.IGNN:215] epoch:129/best:44, loss:1.1675, train:0.4227, valid:0.4037/best:0.4487, test:0.3843/best:0.4090
[I 2026-09-13 22:16:04,147 ignn.models.IGNN:215] epoch:130/best:44, loss:1.1643, train:0.4208, valid:0.4065/best:0.4487, test:0.3820/best:0.4090
[I 2026-09-13 22:16:04,171 ignn.models.IGNN:215] epoch:131/best:44, loss:1.2159, train:0.4489, valid:0.4318/best:0.4487, test:0.4067/best:0.4090
[I 2026-09-13 22:16:04,194 ignn.models.IGNN:215] epoch:132/best:44, loss:1.1611, train:0.4845, valid:0.4444/best:0.4487, test:0.4180/best:0.4090
[I 2026-09-13 22:16:04,218 ignn.models.IGNN:215] epoch:133/best:133, loss:1.1684, train:0.4967, valid:0.4501/best:0.4501, test:0.4112/best:0.4112
[I 2026-09-13 22:16:04,241 ignn.models.IGNN:215] epoch:134/best:133, loss:1.1560, train:0.4873, valid:0.4473/best:0.4501, test:0.4112/best:0.4112
[I 2026-09-13 22:16:04,264 ignn.models.IGNN:215] epoch:135/best:133, loss:1.1981, train:0.4620, valid:0.4360/best:0.4501, test:0.4090/best:0.4112
[I 2026-09-13 22:16:04,286 ignn.models.IGNN:215] epoch:136/best:133, loss:1.1580, train:0.4292, valid:0.4065/best:0.4501, test:0.3775/best:0.4112
[I 2026-09-13 22:16:04,309 ignn.models.IGNN:215] epoch:137/best:133, loss:1.1715, train:0.4255, valid:0.4037/best:0.4501, test:0.3775/best:0.4112
[I 2026-09-13 22:16:04,332 ignn.models.IGNN:215] epoch:138/best:133, loss:1.1892, train:0.4442, valid:0.4149/best:0.4501, test:0.3888/best:0.4112
[I 2026-09-13 22:16:04,355 ignn.models.IGNN:215] epoch:139/best:133, loss:1.1765, train:0.4714, valid:0.4332/best:0.4501, test:0.4135/best:0.4112
[I 2026-09-13 22:16:04,378 ignn.models.IGNN:215] epoch:140/best:133, loss:1.1623, train:0.5005, valid:0.4388/best:0.4501, test:0.4202/best:0.4112
[I 2026-09-13 22:16:04,401 ignn.models.IGNN:215] epoch:141/best:133, loss:1.1722, train:0.4930, valid:0.4416/best:0.4501, test:0.4180/best:0.4112
[I 2026-09-13 22:16:04,423 ignn.models.IGNN:215] epoch:142/best:133, loss:1.1895, train:0.4789, valid:0.4374/best:0.4501, test:0.4112/best:0.4112
[I 2026-09-13 22:16:04,446 ignn.models.IGNN:215] epoch:143/best:133, loss:1.1459, train:0.4574, valid:0.4332/best:0.4501, test:0.4022/best:0.4112
[I 2026-09-13 22:16:04,469 ignn.models.IGNN:215] epoch:144/best:133, loss:1.1531, train:0.4442, valid:0.4248/best:0.4501, test:0.3955/best:0.4112
[I 2026-09-13 22:16:04,492 ignn.models.IGNN:215] epoch:145/best:133, loss:1.1832, train:0.4461, valid:0.4262/best:0.4501, test:0.4000/best:0.4112
[I 2026-09-13 22:16:04,514 ignn.models.IGNN:215] epoch:146/best:133, loss:1.1719, train:0.4714, valid:0.4360/best:0.4501, test:0.4112/best:0.4112
[I 2026-09-13 22:16:04,539 ignn.models.IGNN:215] epoch:147/best:147, loss:1.1671, train:0.4986, valid:0.4501/best:0.4501, test:0.4157/best:0.4157
[I 2026-09-13 22:16:04,563 ignn.models.IGNN:215] epoch:148/best:148, loss:1.1556, train:0.4986, valid:0.4501/best:0.4501, test:0.4180/best:0.4180
[I 2026-09-13 22:16:04,587 ignn.models.IGNN:215] epoch:149/best:149, loss:1.1635, train:0.4958, valid:0.4501/best:0.4501, test:0.4157/best:0.4157
[I 2026-09-13 22:16:04,610 ignn.models.IGNN:215] epoch:150/best:149, loss:1.1583, train:0.4780, valid:0.4388/best:0.4501, test:0.4067/best:0.4157
[I 2026-09-13 22:16:04,633 ignn.models.IGNN:215] epoch:151/best:149, loss:1.1534, train:0.4592, valid:0.4346/best:0.4501, test:0.4045/best:0.4157
[I 2026-09-13 22:16:04,656 ignn.models.IGNN:215] epoch:152/best:149, loss:1.1563, train:0.4602, valid:0.4332/best:0.4501, test:0.4000/best:0.4157
[I 2026-09-13 22:16:04,678 ignn.models.IGNN:215] epoch:153/best:149, loss:1.1344, train:0.4724, valid:0.4416/best:0.4501, test:0.4000/best:0.4157
[I 2026-09-13 22:16:04,701 ignn.models.IGNN:215] epoch:154/best:149, loss:1.1480, train:0.5042, valid:0.4388/best:0.4501, test:0.4180/best:0.4157
[I 2026-09-13 22:16:04,724 ignn.models.IGNN:215] epoch:155/best:149, loss:1.1650, train:0.5136, valid:0.4430/best:0.4501, test:0.4202/best:0.4157
[I 2026-09-13 22:16:04,746 ignn.models.IGNN:215] epoch:156/best:149, loss:1.1317, train:0.4995, valid:0.4416/best:0.4501, test:0.4202/best:0.4157
[I 2026-09-13 22:16:04,769 ignn.models.IGNN:215] epoch:157/best:149, loss:1.1522, train:0.4799, valid:0.4276/best:0.4501, test:0.4000/best:0.4157
[I 2026-09-13 22:16:04,792 ignn.models.IGNN:215] epoch:158/best:149, loss:1.1448, train:0.4602, valid:0.4121/best:0.4501, test:0.3798/best:0.4157
[I 2026-09-13 22:16:04,815 ignn.models.IGNN:215] epoch:159/best:149, loss:1.1367, train:0.4461, valid:0.4065/best:0.4501, test:0.3730/best:0.4157
[I 2026-09-13 22:16:04,837 ignn.models.IGNN:215] epoch:160/best:149, loss:1.1848, train:0.4545, valid:0.4107/best:0.4501, test:0.3820/best:0.4157
[I 2026-09-13 22:16:05,013 ignn.models.IGNN:215] epoch:161/best:149, loss:1.1546, train:0.4752, valid:0.4276/best:0.4501, test:0.4045/best:0.4157
[I 2026-09-13 22:16:05,037 ignn.models.IGNN:215] epoch:162/best:149, loss:1.1636, train:0.4930, valid:0.4388/best:0.4501, test:0.4180/best:0.4157
[I 2026-09-13 22:16:05,060 ignn.models.IGNN:215] epoch:163/best:149, loss:1.1405, train:0.5098, valid:0.4388/best:0.4501, test:0.4180/best:0.4157
[I 2026-09-13 22:16:05,083 ignn.models.IGNN:215] epoch:164/best:149, loss:1.1442, train:0.4986, valid:0.4416/best:0.4501, test:0.4180/best:0.4157
[I 2026-09-13 22:16:05,106 ignn.models.IGNN:215] epoch:165/best:149, loss:1.1579, train:0.4752, valid:0.4346/best:0.4501, test:0.3955/best:0.4157
[I 2026-09-13 22:16:05,129 ignn.models.IGNN:215] epoch:166/best:149, loss:1.1318, train:0.4620, valid:0.4290/best:0.4501, test:0.3843/best:0.4157
[I 2026-09-13 22:16:05,152 ignn.models.IGNN:215] epoch:167/best:149, loss:1.1433, train:0.4583, valid:0.4177/best:0.4501, test:0.3933/best:0.4157
[I 2026-09-13 22:16:05,175 ignn.models.IGNN:215] epoch:168/best:149, loss:1.1409, train:0.4817, valid:0.4304/best:0.4501, test:0.4000/best:0.4157
[I 2026-09-13 22:16:05,198 ignn.models.IGNN:215] epoch:169/best:149, loss:1.1613, train:0.4827, valid:0.4304/best:0.4501, test:0.4022/best:0.4157
[I 2026-09-13 22:16:05,221 ignn.models.IGNN:215] epoch:170/best:149, loss:1.1359, train:0.4920, valid:0.4276/best:0.4501, test:0.4157/best:0.4157
[I 2026-09-13 22:16:05,244 ignn.models.IGNN:215] epoch:171/best:149, loss:1.1496, train:0.4920, valid:0.4332/best:0.4501, test:0.4180/best:0.4157
[I 2026-09-13 22:16:05,266 ignn.models.IGNN:215] epoch:172/best:149, loss:1.1492, train:0.4733, valid:0.4233/best:0.4501, test:0.4022/best:0.4157
[I 2026-09-13 22:16:05,289 ignn.models.IGNN:215] epoch:173/best:149, loss:1.1451, train:0.4667, valid:0.4346/best:0.4501, test:0.3955/best:0.4157
[I 2026-09-13 22:16:05,312 ignn.models.IGNN:215] epoch:174/best:149, loss:1.1446, train:0.4752, valid:0.4374/best:0.4501, test:0.4045/best:0.4157
[I 2026-09-13 22:16:05,335 ignn.models.IGNN:215] epoch:175/best:149, loss:1.1685, train:0.5098, valid:0.4388/best:0.4501, test:0.4157/best:0.4157
[I 2026-09-13 22:16:05,358 ignn.models.IGNN:215] epoch:176/best:149, loss:1.1343, train:0.5145, valid:0.4416/best:0.4501, test:0.4270/best:0.4157
[I 2026-09-13 22:16:05,380 ignn.models.IGNN:215] epoch:177/best:149, loss:1.1709, train:0.5230, valid:0.4459/best:0.4501, test:0.4225/best:0.4157
[I 2026-09-13 22:16:05,403 ignn.models.IGNN:215] epoch:178/best:149, loss:1.1355, train:0.5192, valid:0.4388/best:0.4501, test:0.4202/best:0.4157
[I 2026-09-13 22:16:05,426 ignn.models.IGNN:215] epoch:179/best:149, loss:1.1534, train:0.5033, valid:0.4388/best:0.4501, test:0.4090/best:0.4157
[I 2026-09-13 22:16:05,449 ignn.models.IGNN:215] epoch:180/best:149, loss:1.1374, train:0.4770, valid:0.4416/best:0.4501, test:0.4090/best:0.4157
[I 2026-09-13 22:16:05,472 ignn.models.IGNN:215] epoch:181/best:149, loss:1.1229, train:0.4780, valid:0.4388/best:0.4501, test:0.4067/best:0.4157
[I 2026-09-13 22:16:05,495 ignn.models.IGNN:215] epoch:182/best:149, loss:1.1430, train:0.5033, valid:0.4332/best:0.4501, test:0.4067/best:0.4157
[I 2026-09-13 22:16:05,518 ignn.models.IGNN:215] epoch:183/best:149, loss:1.1295, train:0.5145, valid:0.4374/best:0.4501, test:0.4247/best:0.4157
[I 2026-09-13 22:16:05,541 ignn.models.IGNN:215] epoch:184/best:149, loss:1.1032, train:0.5248, valid:0.4459/best:0.4501, test:0.4180/best:0.4157
[I 2026-09-13 22:16:05,564 ignn.models.IGNN:215] epoch:185/best:149, loss:1.1811, train:0.5192, valid:0.4346/best:0.4501, test:0.4112/best:0.4157
[I 2026-09-13 22:16:05,586 ignn.models.IGNN:215] epoch:186/best:149, loss:1.1406, train:0.4883, valid:0.4276/best:0.4501, test:0.4045/best:0.4157
[I 2026-09-13 22:16:05,609 ignn.models.IGNN:215] epoch:187/best:149, loss:1.1101, train:0.4799, valid:0.4219/best:0.4501, test:0.4022/best:0.4157
[I 2026-09-13 22:16:05,633 ignn.models.IGNN:215] epoch:188/best:149, loss:1.1349, train:0.4873, valid:0.4304/best:0.4501, test:0.4090/best:0.4157
[I 2026-09-13 22:16:05,655 ignn.models.IGNN:215] epoch:189/best:149, loss:1.1346, train:0.5211, valid:0.4374/best:0.4501, test:0.4135/best:0.4157
[I 2026-09-13 22:16:05,678 ignn.models.IGNN:215] epoch:190/best:149, loss:1.1210, train:0.5408, valid:0.4487/best:0.4501, test:0.4315/best:0.4157
[I 2026-09-13 22:16:05,701 ignn.models.IGNN:215] epoch:191/best:149, loss:1.1674, train:0.5389, valid:0.4473/best:0.4501, test:0.4315/best:0.4157
[I 2026-09-13 22:16:05,724 ignn.models.IGNN:215] epoch:192/best:149, loss:1.1829, train:0.5305, valid:0.4290/best:0.4501, test:0.4135/best:0.4157
[I 2026-09-13 22:16:05,747 ignn.models.IGNN:215] epoch:193/best:149, loss:1.1433, train:0.4967, valid:0.4276/best:0.4501, test:0.4045/best:0.4157
[I 2026-09-13 22:16:05,770 ignn.models.IGNN:215] epoch:194/best:149, loss:1.1368, train:0.4817, valid:0.4205/best:0.4501, test:0.4022/best:0.4157
[I 2026-09-13 22:16:05,793 ignn.models.IGNN:215] epoch:195/best:149, loss:1.1454, train:0.5052, valid:0.4318/best:0.4501, test:0.4112/best:0.4157
[I 2026-09-13 22:16:05,815 ignn.models.IGNN:215] epoch:196/best:149, loss:1.1452, train:0.5314, valid:0.4346/best:0.4501, test:0.4180/best:0.4157
[I 2026-09-13 22:16:05,995 ignn.models.IGNN:215] epoch:197/best:149, loss:1.1577, train:0.5464, valid:0.4416/best:0.4501, test:0.4292/best:0.4157
[I 2026-09-13 22:16:06,018 ignn.models.IGNN:215] epoch:198/best:149, loss:1.1223, train:0.5370, valid:0.4416/best:0.4501, test:0.4315/best:0.4157
[I 2026-09-13 22:16:06,041 ignn.models.IGNN:215] epoch:199/best:149, loss:1.1226, train:0.5267, valid:0.4374/best:0.4501, test:0.4090/best:0.4157
[I 2026-09-13 22:16:06,064 ignn.models.IGNN:215] epoch:200/best:149, loss:1.1336, train:0.4977, valid:0.4318/best:0.4501, test:0.4022/best:0.4157
[I 2026-09-13 22:16:06,086 ignn.models.IGNN:215] epoch:201/best:149, loss:1.1238, train:0.4789, valid:0.4290/best:0.4501, test:0.3955/best:0.4157
[I 2026-09-13 22:16:06,109 ignn.models.IGNN:215] epoch:202/best:149, loss:1.1304, train:0.4845, valid:0.4276/best:0.4501, test:0.4022/best:0.4157
[I 2026-09-13 22:16:06,132 ignn.models.IGNN:215] epoch:203/best:149, loss:1.1439, train:0.5089, valid:0.4318/best:0.4501, test:0.4135/best:0.4157
[I 2026-09-13 22:16:06,154 ignn.models.IGNN:215] epoch:204/best:149, loss:1.1379, train:0.5295, valid:0.4430/best:0.4501, test:0.4067/best:0.4157
[I 2026-09-13 22:16:06,177 ignn.models.IGNN:215] epoch:205/best:149, loss:1.1161, train:0.5361, valid:0.4332/best:0.4501, test:0.4157/best:0.4157
[I 2026-09-13 22:16:06,200 ignn.models.IGNN:215] epoch:206/best:149, loss:1.0833, train:0.5295, valid:0.4388/best:0.4501, test:0.4067/best:0.4157
[I 2026-09-13 22:16:06,223 ignn.models.IGNN:215] epoch:207/best:149, loss:1.1184, train:0.5164, valid:0.4318/best:0.4501, test:0.4045/best:0.4157
[I 2026-09-13 22:16:06,245 ignn.models.IGNN:215] epoch:208/best:149, loss:1.1549, train:0.5108, valid:0.4346/best:0.4501, test:0.4045/best:0.4157
[I 2026-09-13 22:16:06,268 ignn.models.IGNN:215] epoch:209/best:149, loss:1.1341, train:0.5136, valid:0.4332/best:0.4501, test:0.4045/best:0.4157
[I 2026-09-13 22:16:06,291 ignn.models.IGNN:215] epoch:210/best:149, loss:1.1211, train:0.5211, valid:0.4304/best:0.4501, test:0.4135/best:0.4157
[I 2026-09-13 22:16:06,314 ignn.models.IGNN:215] epoch:211/best:149, loss:1.1175, train:0.5201, valid:0.4290/best:0.4501, test:0.4112/best:0.4157
[I 2026-09-13 22:16:06,336 ignn.models.IGNN:215] epoch:212/best:149, loss:1.1097, train:0.5239, valid:0.4346/best:0.4501, test:0.4090/best:0.4157
[I 2026-09-13 22:16:06,359 ignn.models.IGNN:215] epoch:213/best:149, loss:1.1308, train:0.5351, valid:0.4374/best:0.4501, test:0.4180/best:0.4157
[I 2026-09-13 22:16:06,382 ignn.models.IGNN:215] epoch:214/best:149, loss:1.0872, train:0.5483, valid:0.4388/best:0.4501, test:0.4225/best:0.4157
[I 2026-09-13 22:16:06,404 ignn.models.IGNN:215] epoch:215/best:149, loss:1.1345, train:0.5473, valid:0.4416/best:0.4501, test:0.4180/best:0.4157
[I 2026-09-13 22:16:06,427 ignn.models.IGNN:215] epoch:216/best:149, loss:1.1328, train:0.5230, valid:0.4332/best:0.4501, test:0.4112/best:0.4157
[I 2026-09-13 22:16:06,450 ignn.models.IGNN:215] epoch:217/best:149, loss:1.0981, train:0.5173, valid:0.4346/best:0.4501, test:0.4157/best:0.4157
[I 2026-09-13 22:16:06,473 ignn.models.IGNN:215] epoch:218/best:149, loss:1.1081, train:0.5314, valid:0.4402/best:0.4501, test:0.4270/best:0.4157
[I 2026-09-13 22:16:06,496 ignn.models.IGNN:215] epoch:219/best:149, loss:1.1378, train:0.5380, valid:0.4374/best:0.4501, test:0.4270/best:0.4157
[I 2026-09-13 22:16:06,518 ignn.models.IGNN:215] epoch:220/best:149, loss:1.1218, train:0.5351, valid:0.4360/best:0.4501, test:0.4225/best:0.4157
[I 2026-09-13 22:16:06,541 ignn.models.IGNN:215] epoch:221/best:149, loss:1.1073, train:0.5342, valid:0.4430/best:0.4501, test:0.4202/best:0.4157
[I 2026-09-13 22:16:06,564 ignn.models.IGNN:215] epoch:222/best:149, loss:1.1118, train:0.5398, valid:0.4388/best:0.4501, test:0.4180/best:0.4157
[I 2026-09-13 22:16:06,587 ignn.models.IGNN:215] epoch:223/best:149, loss:1.1555, train:0.5417, valid:0.4360/best:0.4501, test:0.4247/best:0.4157
[I 2026-09-13 22:16:06,609 ignn.models.IGNN:215] epoch:224/best:149, loss:1.1331, train:0.5370, valid:0.4388/best:0.4501, test:0.4247/best:0.4157
[I 2026-09-13 22:16:06,632 ignn.models.IGNN:215] epoch:225/best:149, loss:1.1289, train:0.5361, valid:0.4444/best:0.4501, test:0.4157/best:0.4157
[I 2026-09-13 22:16:06,655 ignn.models.IGNN:215] epoch:226/best:149, loss:1.1223, train:0.5342, valid:0.4430/best:0.4501, test:0.4112/best:0.4157
[I 2026-09-13 22:16:06,678 ignn.models.IGNN:215] epoch:227/best:149, loss:1.1432, train:0.5351, valid:0.4459/best:0.4501, test:0.4180/best:0.4157
[I 2026-09-13 22:16:06,700 ignn.models.IGNN:215] epoch:228/best:149, loss:1.0979, train:0.5258, valid:0.4416/best:0.4501, test:0.4067/best:0.4157
[I 2026-09-13 22:16:06,723 ignn.models.IGNN:215] epoch:229/best:149, loss:1.1037, train:0.5276, valid:0.4416/best:0.4501, test:0.4225/best:0.4157
[I 2026-09-13 22:16:06,746 ignn.models.IGNN:215] epoch:230/best:149, loss:1.1310, train:0.5192, valid:0.4374/best:0.4501, test:0.4112/best:0.4157
[I 2026-09-13 22:16:06,768 ignn.models.IGNN:215] epoch:231/best:149, loss:1.0906, train:0.5295, valid:0.4360/best:0.4501, test:0.4135/best:0.4157
[I 2026-09-13 22:16:06,791 ignn.models.IGNN:215] epoch:232/best:149, loss:1.1457, train:0.5501, valid:0.4430/best:0.4501, test:0.4225/best:0.4157
[I 2026-09-13 22:16:06,968 ignn.models.IGNN:215] epoch:233/best:233, loss:1.1417, train:0.5576, valid:0.4557/best:0.4557, test:0.4135/best:0.4135
[I 2026-09-13 22:16:06,992 ignn.models.IGNN:215] epoch:234/best:233, loss:1.1265, train:0.5492, valid:0.4332/best:0.4557, test:0.4112/best:0.4135
[I 2026-09-13 22:16:07,015 ignn.models.IGNN:215] epoch:235/best:233, loss:1.0902, train:0.5164, valid:0.4388/best:0.4557, test:0.4067/best:0.4135
[I 2026-09-13 22:16:07,038 ignn.models.IGNN:215] epoch:236/best:233, loss:1.0953, train:0.4986, valid:0.4360/best:0.4557, test:0.3933/best:0.4135
[I 2026-09-13 22:16:07,060 ignn.models.IGNN:215] epoch:237/best:233, loss:1.1174, train:0.5033, valid:0.4346/best:0.4557, test:0.4022/best:0.4135
[I 2026-09-13 22:16:07,083 ignn.models.IGNN:215] epoch:238/best:233, loss:1.1101, train:0.5305, valid:0.4304/best:0.4557, test:0.4112/best:0.4135
[I 2026-09-13 22:16:07,106 ignn.models.IGNN:215] epoch:239/best:233, loss:1.0914, train:0.5614, valid:0.4430/best:0.4557, test:0.4180/best:0.4135
[I 2026-09-13 22:16:07,129 ignn.models.IGNN:215] epoch:240/best:233, loss:1.1097, train:0.5698, valid:0.4444/best:0.4557, test:0.4202/best:0.4135
[I 2026-09-13 22:16:07,151 ignn.models.IGNN:215] epoch:241/best:233, loss:1.1096, train:0.5520, valid:0.4444/best:0.4557, test:0.4180/best:0.4135
[I 2026-09-13 22:16:07,174 ignn.models.IGNN:215] epoch:242/best:233, loss:1.1196, train:0.5342, valid:0.4374/best:0.4557, test:0.4202/best:0.4135
[I 2026-09-13 22:16:07,197 ignn.models.IGNN:215] epoch:243/best:233, loss:1.1166, train:0.5201, valid:0.4360/best:0.4557, test:0.4112/best:0.4135
[I 2026-09-13 22:16:07,220 ignn.models.IGNN:215] epoch:244/best:233, loss:1.1107, train:0.5239, valid:0.4416/best:0.4557, test:0.4090/best:0.4135
[I 2026-09-13 22:16:07,243 ignn.models.IGNN:215] epoch:245/best:233, loss:1.0941, train:0.5464, valid:0.4402/best:0.4557, test:0.4112/best:0.4135
[I 2026-09-13 22:16:07,266 ignn.models.IGNN:215] epoch:246/best:233, loss:1.1116, train:0.5539, valid:0.4374/best:0.4557, test:0.4180/best:0.4135
[I 2026-09-13 22:16:07,288 ignn.models.IGNN:215] epoch:247/best:233, loss:1.1088, train:0.5539, valid:0.4473/best:0.4557, test:0.4247/best:0.4135
[I 2026-09-13 22:16:07,311 ignn.models.IGNN:215] epoch:248/best:233, loss:1.1249, train:0.5445, valid:0.4473/best:0.4557, test:0.4270/best:0.4135
[I 2026-09-13 22:16:07,334 ignn.models.IGNN:215] epoch:249/best:233, loss:1.1215, train:0.5286, valid:0.4346/best:0.4557, test:0.4225/best:0.4135
[I 2026-09-13 22:16:07,357 ignn.models.IGNN:215] epoch:250/best:233, loss:1.0721, train:0.5239, valid:0.4290/best:0.4557, test:0.4090/best:0.4135
[I 2026-09-13 22:16:07,380 ignn.models.IGNN:215] epoch:251/best:233, loss:1.1163, train:0.5248, valid:0.4360/best:0.4557, test:0.4045/best:0.4135
[I 2026-09-13 22:16:07,402 ignn.models.IGNN:215] epoch:252/best:233, loss:1.1409, train:0.5567, valid:0.4416/best:0.4557, test:0.4315/best:0.4135
[I 2026-09-13 22:16:07,425 ignn.models.IGNN:215] epoch:253/best:233, loss:1.0950, train:0.5670, valid:0.4459/best:0.4557, test:0.4247/best:0.4135
[I 2026-09-13 22:16:07,448 ignn.models.IGNN:215] epoch:254/best:233, loss:1.0961, train:0.5708, valid:0.4487/best:0.4557, test:0.4247/best:0.4135
[I 2026-09-13 22:16:07,471 ignn.models.IGNN:215] epoch:255/best:233, loss:1.1298, train:0.5604, valid:0.4501/best:0.4557, test:0.4270/best:0.4135
[I 2026-09-13 22:16:07,493 ignn.models.IGNN:215] epoch:256/best:233, loss:1.1136, train:0.5464, valid:0.4374/best:0.4557, test:0.4180/best:0.4135
[I 2026-09-13 22:16:07,516 ignn.models.IGNN:215] epoch:257/best:233, loss:1.1193, train:0.5370, valid:0.4374/best:0.4557, test:0.4135/best:0.4135
[I 2026-09-13 22:16:07,539 ignn.models.IGNN:215] epoch:258/best:233, loss:1.0873, train:0.5464, valid:0.4388/best:0.4557, test:0.4180/best:0.4135
[I 2026-09-13 22:16:07,562 ignn.models.IGNN:215] epoch:259/best:233, loss:1.0949, train:0.5558, valid:0.4444/best:0.4557, test:0.4157/best:0.4135
[I 2026-09-13 22:16:07,585 ignn.models.IGNN:215] epoch:260/best:233, loss:1.1031, train:0.5726, valid:0.4515/best:0.4557, test:0.4157/best:0.4135
[I 2026-09-13 22:16:07,609 ignn.models.IGNN:215] epoch:261/best:261, loss:1.1115, train:0.5623, valid:0.4557/best:0.4557, test:0.4315/best:0.4315
[I 2026-09-13 22:16:07,632 ignn.models.IGNN:215] epoch:262/best:261, loss:1.1125, train:0.5586, valid:0.4374/best:0.4557, test:0.4292/best:0.4315
[I 2026-09-13 22:16:07,654 ignn.models.IGNN:215] epoch:263/best:261, loss:1.1151, train:0.5408, valid:0.4360/best:0.4557, test:0.4225/best:0.4315
[I 2026-09-13 22:16:07,677 ignn.models.IGNN:215] epoch:264/best:261, loss:1.1052, train:0.5276, valid:0.4346/best:0.4557, test:0.4090/best:0.4315
[I 2026-09-13 22:16:07,700 ignn.models.IGNN:215] epoch:265/best:261, loss:1.1169, train:0.5445, valid:0.4473/best:0.4557, test:0.4202/best:0.4315
[I 2026-09-13 22:16:07,723 ignn.models.IGNN:215] epoch:266/best:261, loss:1.1182, train:0.5614, valid:0.4501/best:0.4557, test:0.4022/best:0.4315
[I 2026-09-13 22:16:07,747 ignn.models.IGNN:215] epoch:267/best:267, loss:1.1257, train:0.5708, valid:0.4571/best:0.4571, test:0.4202/best:0.4202
[I 2026-09-13 22:16:07,770 ignn.models.IGNN:215] epoch:268/best:267, loss:1.1124, train:0.5689, valid:0.4473/best:0.4571, test:0.4360/best:0.4202
[I 2026-09-13 22:16:07,956 ignn.models.IGNN:215] epoch:269/best:267, loss:1.1285, train:0.5604, valid:0.4430/best:0.4571, test:0.4315/best:0.4202
[I 2026-09-13 22:16:07,979 ignn.models.IGNN:215] epoch:270/best:267, loss:1.0957, train:0.5501, valid:0.4346/best:0.4571, test:0.4112/best:0.4202
[I 2026-09-13 22:16:08,001 ignn.models.IGNN:215] epoch:271/best:267, loss:1.1250, train:0.5586, valid:0.4346/best:0.4571, test:0.4270/best:0.4202
[I 2026-09-13 22:16:08,024 ignn.models.IGNN:215] epoch:272/best:267, loss:1.0887, train:0.5595, valid:0.4487/best:0.4571, test:0.4315/best:0.4202
[I 2026-09-13 22:16:08,047 ignn.models.IGNN:215] epoch:273/best:267, loss:1.0878, train:0.5576, valid:0.4459/best:0.4571, test:0.4202/best:0.4202
[I 2026-09-13 22:16:08,070 ignn.models.IGNN:215] epoch:274/best:267, loss:1.0989, train:0.5576, valid:0.4430/best:0.4571, test:0.4337/best:0.4202
[I 2026-09-13 22:16:08,093 ignn.models.IGNN:215] epoch:275/best:267, loss:1.0978, train:0.5417, valid:0.4374/best:0.4571, test:0.4157/best:0.4202
[I 2026-09-13 22:16:08,115 ignn.models.IGNN:215] epoch:276/best:267, loss:1.1040, train:0.5445, valid:0.4388/best:0.4571, test:0.4180/best:0.4202
[I 2026-09-13 22:16:08,138 ignn.models.IGNN:215] epoch:277/best:267, loss:1.0946, train:0.5539, valid:0.4388/best:0.4571, test:0.4292/best:0.4202
[I 2026-09-13 22:16:08,161 ignn.models.IGNN:215] epoch:278/best:267, loss:1.1365, train:0.5604, valid:0.4459/best:0.4571, test:0.4090/best:0.4202
[I 2026-09-13 22:16:08,184 ignn.models.IGNN:215] epoch:279/best:267, loss:1.1067, train:0.5679, valid:0.4487/best:0.4571, test:0.4135/best:0.4202
[I 2026-09-13 22:16:08,206 ignn.models.IGNN:215] epoch:280/best:267, loss:1.0943, train:0.5698, valid:0.4543/best:0.4571, test:0.4180/best:0.4202
[I 2026-09-13 22:16:08,229 ignn.models.IGNN:215] epoch:281/best:267, loss:1.1018, train:0.5539, valid:0.4459/best:0.4571, test:0.4337/best:0.4202
[I 2026-09-13 22:16:08,252 ignn.models.IGNN:215] epoch:282/best:267, loss:1.0748, train:0.5417, valid:0.4416/best:0.4571, test:0.4225/best:0.4202
[I 2026-09-13 22:16:08,274 ignn.models.IGNN:215] epoch:283/best:267, loss:1.0989, train:0.5426, valid:0.4402/best:0.4571, test:0.4225/best:0.4202
[I 2026-09-13 22:16:08,297 ignn.models.IGNN:215] epoch:284/best:267, loss:1.1239, train:0.5576, valid:0.4543/best:0.4571, test:0.4315/best:0.4202
[I 2026-09-13 22:16:08,320 ignn.models.IGNN:215] epoch:285/best:267, loss:1.1028, train:0.5764, valid:0.4543/best:0.4571, test:0.4247/best:0.4202
[I 2026-09-13 22:16:08,343 ignn.models.IGNN:215] epoch:286/best:267, loss:1.0805, train:0.5726, valid:0.4473/best:0.4571, test:0.4157/best:0.4202
[I 2026-09-13 22:16:08,366 ignn.models.IGNN:215] epoch:287/best:267, loss:1.1017, train:0.5642, valid:0.4529/best:0.4571, test:0.4270/best:0.4202
[I 2026-09-13 22:16:08,388 ignn.models.IGNN:215] epoch:288/best:267, loss:1.1052, train:0.5642, valid:0.4487/best:0.4571, test:0.4225/best:0.4202
[I 2026-09-13 22:16:08,411 ignn.models.IGNN:215] epoch:289/best:267, loss:1.0972, train:0.5483, valid:0.4501/best:0.4571, test:0.4270/best:0.4202
[I 2026-09-13 22:16:08,434 ignn.models.IGNN:215] epoch:290/best:267, loss:1.0810, train:0.5558, valid:0.4388/best:0.4571, test:0.4360/best:0.4202
[I 2026-09-13 22:16:08,458 ignn.models.IGNN:215] epoch:291/best:291, loss:1.1008, train:0.5614, valid:0.4571/best:0.4571, test:0.4180/best:0.4180
[I 2026-09-13 22:16:08,481 ignn.models.IGNN:215] epoch:292/best:291, loss:1.0994, train:0.5708, valid:0.4459/best:0.4571, test:0.4090/best:0.4180
[I 2026-09-13 22:16:08,504 ignn.models.IGNN:215] epoch:293/best:291, loss:1.1334, train:0.5595, valid:0.4501/best:0.4571, test:0.4202/best:0.4180
[I 2026-09-13 22:16:08,527 ignn.models.IGNN:215] epoch:294/best:291, loss:1.1060, train:0.5633, valid:0.4416/best:0.4571, test:0.4180/best:0.4180
[I 2026-09-13 22:16:08,550 ignn.models.IGNN:215] epoch:295/best:291, loss:1.1117, train:0.5642, valid:0.4557/best:0.4571, test:0.4247/best:0.4180
[I 2026-09-13 22:16:08,574 ignn.models.IGNN:215] epoch:296/best:296, loss:1.1059, train:0.5820, valid:0.4599/best:0.4599, test:0.4337/best:0.4337
[I 2026-09-13 22:16:08,597 ignn.models.IGNN:215] epoch:297/best:296, loss:1.0676, train:0.5942, valid:0.4416/best:0.4599, test:0.4225/best:0.4337
[I 2026-09-13 22:16:08,620 ignn.models.IGNN:215] epoch:298/best:296, loss:1.1128, train:0.5942, valid:0.4529/best:0.4599, test:0.4180/best:0.4337
[I 2026-09-13 22:16:08,642 ignn.models.IGNN:215] epoch:299/best:296, loss:1.1067, train:0.5661, valid:0.4501/best:0.4599, test:0.4157/best:0.4337
[I 2026-09-13 22:16:08,665 ignn.models.IGNN:215] epoch:300/best:296, loss:1.0739, train:0.5520, valid:0.4360/best:0.4599, test:0.4270/best:0.4337
[I 2026-09-13 22:16:08,688 ignn.models.IGNN:215] epoch:301/best:296, loss:1.1113, train:0.5426, valid:0.4332/best:0.4599, test:0.4202/best:0.4337
[I 2026-09-13 22:16:08,710 ignn.models.IGNN:215] epoch:302/best:296, loss:1.1442, train:0.5492, valid:0.4332/best:0.4599, test:0.4337/best:0.4337
[I 2026-09-13 22:16:08,733 ignn.models.IGNN:215] epoch:303/best:296, loss:1.0968, train:0.5661, valid:0.4501/best:0.4599, test:0.4270/best:0.4337
[I 2026-09-13 22:16:08,909 ignn.models.IGNN:215] epoch:304/best:296, loss:1.0975, train:0.5839, valid:0.4543/best:0.4599, test:0.4202/best:0.4337
[I 2026-09-13 22:16:08,933 ignn.models.IGNN:215] epoch:305/best:296, loss:1.0702, train:0.5867, valid:0.4543/best:0.4599, test:0.4225/best:0.4337
[I 2026-09-13 22:16:08,956 ignn.models.IGNN:215] epoch:306/best:296, loss:1.0948, train:0.5708, valid:0.4487/best:0.4599, test:0.4247/best:0.4337
[I 2026-09-13 22:16:08,978 ignn.models.IGNN:215] epoch:307/best:296, loss:1.0850, train:0.5473, valid:0.4346/best:0.4599, test:0.4225/best:0.4337
[I 2026-09-13 22:16:09,001 ignn.models.IGNN:215] epoch:308/best:296, loss:1.0846, train:0.5492, valid:0.4374/best:0.4599, test:0.4292/best:0.4337
[I 2026-09-13 22:16:09,024 ignn.models.IGNN:215] epoch:309/best:296, loss:1.0975, train:0.5586, valid:0.4487/best:0.4599, test:0.4247/best:0.4337
[I 2026-09-13 22:16:09,046 ignn.models.IGNN:215] epoch:310/best:296, loss:1.0868, train:0.5736, valid:0.4557/best:0.4599, test:0.4180/best:0.4337
[I 2026-09-13 22:16:09,069 ignn.models.IGNN:215] epoch:311/best:296, loss:1.0941, train:0.5661, valid:0.4515/best:0.4599, test:0.4270/best:0.4337
[I 2026-09-13 22:16:09,092 ignn.models.IGNN:215] epoch:312/best:296, loss:1.0944, train:0.5548, valid:0.4444/best:0.4599, test:0.4225/best:0.4337
[I 2026-09-13 22:16:09,115 ignn.models.IGNN:215] epoch:313/best:296, loss:1.0808, train:0.5464, valid:0.4487/best:0.4599, test:0.4337/best:0.4337
[I 2026-09-13 22:16:09,137 ignn.models.IGNN:215] epoch:314/best:296, loss:1.1021, train:0.5426, valid:0.4444/best:0.4599, test:0.4247/best:0.4337
[I 2026-09-13 22:16:09,160 ignn.models.IGNN:215] epoch:315/best:296, loss:1.1260, train:0.5708, valid:0.4430/best:0.4599, test:0.4292/best:0.4337
[I 2026-09-13 22:16:09,183 ignn.models.IGNN:215] epoch:316/best:296, loss:1.0617, train:0.5979, valid:0.4585/best:0.4599, test:0.4202/best:0.4337
[I 2026-09-13 22:16:09,205 ignn.models.IGNN:215] epoch:317/best:296, loss:1.0772, train:0.6054, valid:0.4543/best:0.4599, test:0.4090/best:0.4337
[I 2026-09-13 22:16:09,228 ignn.models.IGNN:215] epoch:318/best:296, loss:1.0994, train:0.5933, valid:0.4571/best:0.4599, test:0.4202/best:0.4337
[I 2026-09-13 22:16:09,251 ignn.models.IGNN:215] epoch:319/best:296, loss:1.1168, train:0.5586, valid:0.4444/best:0.4599, test:0.4225/best:0.4337
[I 2026-09-13 22:16:09,274 ignn.models.IGNN:215] epoch:320/best:296, loss:1.0744, train:0.5305, valid:0.4374/best:0.4599, test:0.4157/best:0.4337
[I 2026-09-13 22:16:09,296 ignn.models.IGNN:215] epoch:321/best:296, loss:1.0947, train:0.5305, valid:0.4318/best:0.4599, test:0.4112/best:0.4337
[I 2026-09-13 22:16:09,319 ignn.models.IGNN:215] epoch:322/best:296, loss:1.0941, train:0.5539, valid:0.4388/best:0.4599, test:0.4247/best:0.4337
[I 2026-09-13 22:16:09,343 ignn.models.IGNN:215] epoch:323/best:323, loss:1.0934, train:0.5979, valid:0.4641/best:0.4641, test:0.4067/best:0.4067
[I 2026-09-13 22:16:09,366 ignn.models.IGNN:215] epoch:324/best:323, loss:1.1346, train:0.6364, valid:0.4543/best:0.4641, test:0.3955/best:0.4067
[I 2026-09-13 22:16:09,389 ignn.models.IGNN:215] epoch:325/best:323, loss:1.1137, train:0.6251, valid:0.4571/best:0.4641, test:0.3978/best:0.4067
[I 2026-09-13 22:16:09,412 ignn.models.IGNN:215] epoch:326/best:323, loss:1.1064, train:0.5876, valid:0.4571/best:0.4641, test:0.4157/best:0.4067
[I 2026-09-13 22:16:09,435 ignn.models.IGNN:215] epoch:327/best:323, loss:1.0884, train:0.5558, valid:0.4360/best:0.4641, test:0.4382/best:0.4067
[I 2026-09-13 22:16:09,457 ignn.models.IGNN:215] epoch:328/best:323, loss:1.0698, train:0.5323, valid:0.4360/best:0.4641, test:0.4112/best:0.4067
[I 2026-09-13 22:16:09,480 ignn.models.IGNN:215] epoch:329/best:323, loss:1.1174, train:0.5426, valid:0.4374/best:0.4641, test:0.4157/best:0.4067
[I 2026-09-13 22:16:09,503 ignn.models.IGNN:215] epoch:330/best:323, loss:1.1295, train:0.5689, valid:0.4430/best:0.4641, test:0.4337/best:0.4067
[I 2026-09-13 22:16:09,526 ignn.models.IGNN:215] epoch:331/best:323, loss:1.0672, train:0.5876, valid:0.4459/best:0.4641, test:0.4225/best:0.4067
[I 2026-09-13 22:16:09,548 ignn.models.IGNN:215] epoch:332/best:323, loss:1.0766, train:0.5923, valid:0.4487/best:0.4641, test:0.4180/best:0.4067
[I 2026-09-13 22:16:09,571 ignn.models.IGNN:215] epoch:333/best:323, loss:1.1004, train:0.5867, valid:0.4543/best:0.4641, test:0.4247/best:0.4067
[I 2026-09-13 22:16:09,594 ignn.models.IGNN:215] epoch:334/best:323, loss:1.0510, train:0.5483, valid:0.4388/best:0.4641, test:0.4360/best:0.4067
[I 2026-09-13 22:16:09,617 ignn.models.IGNN:215] epoch:335/best:323, loss:1.0677, train:0.5398, valid:0.4388/best:0.4641, test:0.4157/best:0.4067
[I 2026-09-13 22:16:09,640 ignn.models.IGNN:215] epoch:336/best:323, loss:1.1437, train:0.5473, valid:0.4402/best:0.4641, test:0.4180/best:0.4067
[I 2026-09-13 22:16:09,662 ignn.models.IGNN:215] epoch:337/best:323, loss:1.0801, train:0.5586, valid:0.4501/best:0.4641, test:0.4270/best:0.4067
[I 2026-09-13 22:16:09,685 ignn.models.IGNN:215] epoch:338/best:323, loss:1.0857, train:0.5867, valid:0.4515/best:0.4641, test:0.4157/best:0.4067
[I 2026-09-13 22:16:09,708 ignn.models.IGNN:215] epoch:339/best:323, loss:1.0635, train:0.5867, valid:0.4543/best:0.4641, test:0.4112/best:0.4067
[I 2026-09-13 22:16:09,731 ignn.models.IGNN:215] epoch:340/best:323, loss:1.1060, train:0.5661, valid:0.4416/best:0.4641, test:0.4225/best:0.4067
[I 2026-09-13 22:16:09,908 ignn.models.IGNN:215] epoch:341/best:323, loss:1.0610, train:0.5586, valid:0.4402/best:0.4641, test:0.4157/best:0.4067
[I 2026-09-13 22:16:09,931 ignn.models.IGNN:215] epoch:342/best:323, loss:1.0871, train:0.5511, valid:0.4374/best:0.4641, test:0.4135/best:0.4067
[I 2026-09-13 22:16:09,954 ignn.models.IGNN:215] epoch:343/best:323, loss:1.0824, train:0.5717, valid:0.4430/best:0.4641, test:0.4225/best:0.4067
[I 2026-09-13 22:16:09,978 ignn.models.IGNN:215] epoch:344/best:344, loss:1.0815, train:0.5904, valid:0.4684/best:0.4684, test:0.4292/best:0.4292
[I 2026-09-13 22:16:10,001 ignn.models.IGNN:215] epoch:345/best:344, loss:1.0989, train:0.6120, valid:0.4599/best:0.4684, test:0.4225/best:0.4292
[I 2026-09-13 22:16:10,023 ignn.models.IGNN:215] epoch:346/best:344, loss:1.0682, train:0.5998, valid:0.4571/best:0.4684, test:0.4202/best:0.4292
[I 2026-09-13 22:16:10,046 ignn.models.IGNN:215] epoch:347/best:344, loss:1.1151, train:0.5942, valid:0.4529/best:0.4684, test:0.4202/best:0.4292
[I 2026-09-13 22:16:10,069 ignn.models.IGNN:215] epoch:348/best:344, loss:1.0836, train:0.5895, valid:0.4487/best:0.4684, test:0.4225/best:0.4292
[I 2026-09-13 22:16:10,092 ignn.models.IGNN:215] epoch:349/best:344, loss:1.0888, train:0.5933, valid:0.4529/best:0.4684, test:0.4337/best:0.4292
[I 2026-09-13 22:16:10,115 ignn.models.IGNN:215] epoch:350/best:344, loss:1.0716, train:0.5961, valid:0.4641/best:0.4684, test:0.4315/best:0.4292
[I 2026-09-13 22:16:10,137 ignn.models.IGNN:215] epoch:351/best:344, loss:1.1015, train:0.5998, valid:0.4655/best:0.4684, test:0.4247/best:0.4292
[I 2026-09-13 22:16:10,160 ignn.models.IGNN:215] epoch:352/best:344, loss:1.0873, train:0.5970, valid:0.4585/best:0.4684, test:0.4180/best:0.4292
[I 2026-09-13 22:16:10,183 ignn.models.IGNN:215] epoch:353/best:344, loss:1.1137, train:0.6120, valid:0.4543/best:0.4684, test:0.4180/best:0.4292
[I 2026-09-13 22:16:10,206 ignn.models.IGNN:215] epoch:354/best:344, loss:1.1048, train:0.6195, valid:0.4515/best:0.4684, test:0.4112/best:0.4292
[I 2026-09-13 22:16:10,228 ignn.models.IGNN:215] epoch:355/best:344, loss:1.0907, train:0.6129, valid:0.4515/best:0.4684, test:0.4090/best:0.4292
[I 2026-09-13 22:16:10,251 ignn.models.IGNN:215] epoch:356/best:344, loss:1.0810, train:0.5942, valid:0.4487/best:0.4684, test:0.4180/best:0.4292
[I 2026-09-13 22:16:10,274 ignn.models.IGNN:215] epoch:357/best:344, loss:1.0721, train:0.5764, valid:0.4473/best:0.4684, test:0.4202/best:0.4292
[I 2026-09-13 22:16:10,297 ignn.models.IGNN:215] epoch:358/best:344, loss:1.0876, train:0.5754, valid:0.4430/best:0.4684, test:0.4135/best:0.4292
[I 2026-09-13 22:16:10,319 ignn.models.IGNN:215] epoch:359/best:344, loss:1.0718, train:0.5933, valid:0.4543/best:0.4684, test:0.4202/best:0.4292
[I 2026-09-13 22:16:10,342 ignn.models.IGNN:215] epoch:360/best:344, loss:1.0995, train:0.6157, valid:0.4599/best:0.4684, test:0.4202/best:0.4292
[I 2026-09-13 22:16:10,365 ignn.models.IGNN:215] epoch:361/best:344, loss:1.0718, train:0.6242, valid:0.4543/best:0.4684, test:0.4225/best:0.4292
[I 2026-09-13 22:16:10,388 ignn.models.IGNN:215] epoch:362/best:344, loss:1.0950, train:0.6120, valid:0.4613/best:0.4684, test:0.4157/best:0.4292
[I 2026-09-13 22:16:10,411 ignn.models.IGNN:215] epoch:363/best:344, loss:1.0842, train:0.5867, valid:0.4543/best:0.4684, test:0.4292/best:0.4292
[I 2026-09-13 22:16:10,434 ignn.models.IGNN:215] epoch:364/best:344, loss:1.0704, train:0.5801, valid:0.4402/best:0.4684, test:0.4315/best:0.4292
[I 2026-09-13 22:16:10,456 ignn.models.IGNN:215] epoch:365/best:344, loss:1.0823, train:0.5839, valid:0.4402/best:0.4684, test:0.4315/best:0.4292
[I 2026-09-13 22:16:10,479 ignn.models.IGNN:215] epoch:366/best:344, loss:1.0875, train:0.5895, valid:0.4473/best:0.4684, test:0.4225/best:0.4292
[I 2026-09-13 22:16:10,502 ignn.models.IGNN:215] epoch:367/best:344, loss:1.0659, train:0.5979, valid:0.4515/best:0.4684, test:0.4225/best:0.4292
[I 2026-09-13 22:16:10,524 ignn.models.IGNN:215] epoch:368/best:344, loss:1.0850, train:0.6073, valid:0.4571/best:0.4684, test:0.4315/best:0.4292
[I 2026-09-13 22:16:10,547 ignn.models.IGNN:215] epoch:369/best:344, loss:1.0614, train:0.5961, valid:0.4613/best:0.4684, test:0.4292/best:0.4292
[I 2026-09-13 22:16:10,570 ignn.models.IGNN:215] epoch:370/best:344, loss:1.0852, train:0.5961, valid:0.4599/best:0.4684, test:0.4292/best:0.4292
[I 2026-09-13 22:16:10,593 ignn.models.IGNN:215] epoch:371/best:344, loss:1.0716, train:0.6026, valid:0.4613/best:0.4684, test:0.4270/best:0.4292
[I 2026-09-13 22:16:10,616 ignn.models.IGNN:215] epoch:372/best:344, loss:1.0854, train:0.6045, valid:0.4627/best:0.4684, test:0.4225/best:0.4292
[I 2026-09-13 22:16:10,638 ignn.models.IGNN:215] epoch:373/best:344, loss:1.0998, train:0.5989, valid:0.4613/best:0.4684, test:0.4225/best:0.4292
[I 2026-09-13 22:16:10,661 ignn.models.IGNN:215] epoch:374/best:344, loss:1.0859, train:0.5904, valid:0.4655/best:0.4684, test:0.4180/best:0.4292
[I 2026-09-13 22:16:10,684 ignn.models.IGNN:215] epoch:375/best:344, loss:1.0978, train:0.5970, valid:0.4613/best:0.4684, test:0.4112/best:0.4292
[I 2026-09-13 22:16:10,861 ignn.models.IGNN:215] epoch:376/best:344, loss:1.1246, train:0.6017, valid:0.4571/best:0.4684, test:0.4270/best:0.4292
[I 2026-09-13 22:16:10,893 ignn.models.IGNN:215] epoch:377/best:344, loss:1.0750, train:0.5783, valid:0.4360/best:0.4684, test:0.4270/best:0.4292
[I 2026-09-13 22:16:10,915 ignn.models.IGNN:215] epoch:378/best:344, loss:1.0680, train:0.5792, valid:0.4318/best:0.4684, test:0.4247/best:0.4292
[I 2026-09-13 22:16:10,938 ignn.models.IGNN:215] epoch:379/best:344, loss:1.1063, train:0.6129, valid:0.4276/best:0.4684, test:0.4270/best:0.4292
[I 2026-09-13 22:16:10,961 ignn.models.IGNN:215] epoch:380/best:344, loss:1.1010, train:0.6336, valid:0.4459/best:0.4684, test:0.4090/best:0.4292
[I 2026-09-13 22:16:10,984 ignn.models.IGNN:215] epoch:381/best:344, loss:1.0619, train:0.6317, valid:0.4529/best:0.4684, test:0.4112/best:0.4292
[I 2026-09-13 22:16:11,007 ignn.models.IGNN:215] epoch:382/best:344, loss:1.0576, train:0.6073, valid:0.4501/best:0.4684, test:0.4225/best:0.4292
[I 2026-09-13 22:16:11,030 ignn.models.IGNN:215] epoch:383/best:344, loss:1.0591, train:0.5904, valid:0.4459/best:0.4684, test:0.4315/best:0.4292
[I 2026-09-13 22:16:11,053 ignn.models.IGNN:215] epoch:384/best:344, loss:1.0907, train:0.5764, valid:0.4402/best:0.4684, test:0.4360/best:0.4292
[I 2026-09-13 22:16:11,075 ignn.models.IGNN:215] epoch:385/best:344, loss:1.0680, train:0.5811, valid:0.4430/best:0.4684, test:0.4315/best:0.4292
[I 2026-09-13 22:16:11,098 ignn.models.IGNN:215] epoch:386/best:344, loss:1.0987, train:0.5923, valid:0.4515/best:0.4684, test:0.4360/best:0.4292
[I 2026-09-13 22:16:11,121 ignn.models.IGNN:215] epoch:387/best:344, loss:1.0370, train:0.6082, valid:0.4529/best:0.4684, test:0.4337/best:0.4292
[I 2026-09-13 22:16:11,144 ignn.models.IGNN:215] epoch:388/best:344, loss:1.0487, train:0.6111, valid:0.4529/best:0.4684, test:0.4315/best:0.4292
[I 2026-09-13 22:16:11,167 ignn.models.IGNN:215] epoch:389/best:344, loss:1.0936, train:0.6186, valid:0.4557/best:0.4684, test:0.4247/best:0.4292
[I 2026-09-13 22:16:11,191 ignn.models.IGNN:215] epoch:390/best:344, loss:1.0474, train:0.6186, valid:0.4515/best:0.4684, test:0.4180/best:0.4292
[I 2026-09-13 22:16:11,215 ignn.models.IGNN:215] epoch:391/best:344, loss:1.0399, train:0.6157, valid:0.4571/best:0.4684, test:0.4202/best:0.4292
[I 2026-09-13 22:16:11,238 ignn.models.IGNN:215] epoch:392/best:344, loss:1.0687, train:0.5942, valid:0.4487/best:0.4684, test:0.4202/best:0.4292
[I 2026-09-13 22:16:11,260 ignn.models.IGNN:215] epoch:393/best:344, loss:1.0791, train:0.5745, valid:0.4444/best:0.4684, test:0.4180/best:0.4292
[I 2026-09-13 22:16:11,283 ignn.models.IGNN:215] epoch:394/best:344, loss:1.0764, train:0.5698, valid:0.4473/best:0.4684, test:0.4180/best:0.4292
[I 2026-09-13 22:16:11,306 ignn.models.IGNN:215] epoch:395/best:344, loss:1.0684, train:0.5923, valid:0.4501/best:0.4684, test:0.4270/best:0.4292
[I 2026-09-13 22:16:11,329 ignn.models.IGNN:215] epoch:396/best:344, loss:1.0885, train:0.6326, valid:0.4627/best:0.4684, test:0.4202/best:0.4292
[I 2026-09-13 22:16:11,351 ignn.models.IGNN:215] epoch:397/best:344, loss:1.0734, train:0.6495, valid:0.4515/best:0.4684, test:0.4112/best:0.4292
[I 2026-09-13 22:16:11,374 ignn.models.IGNN:215] epoch:398/best:344, loss:1.0604, train:0.6410, valid:0.4571/best:0.4684, test:0.4202/best:0.4292
[I 2026-09-13 22:16:11,397 ignn.models.IGNN:215] epoch:399/best:344, loss:1.0758, train:0.6204, valid:0.4585/best:0.4684, test:0.4202/best:0.4292
[I 2026-09-13 22:16:11,420 ignn.models.IGNN:215] epoch:400/best:344, loss:1.0754, train:0.5904, valid:0.4515/best:0.4684, test:0.4292/best:0.4292
[I 2026-09-13 22:16:11,443 ignn.models.IGNN:215] epoch:401/best:344, loss:1.0921, train:0.5689, valid:0.4459/best:0.4684, test:0.4157/best:0.4292
[I 2026-09-13 22:16:11,466 ignn.models.IGNN:215] epoch:402/best:344, loss:1.0955, train:0.5726, valid:0.4473/best:0.4684, test:0.4247/best:0.4292
[I 2026-09-13 22:16:11,488 ignn.models.IGNN:215] epoch:403/best:344, loss:1.0745, train:0.5858, valid:0.4529/best:0.4684, test:0.4292/best:0.4292
[I 2026-09-13 22:16:11,511 ignn.models.IGNN:215] epoch:404/best:344, loss:1.0364, train:0.6036, valid:0.4543/best:0.4684, test:0.4225/best:0.4292
[I 2026-09-13 22:16:11,534 ignn.models.IGNN:215] epoch:405/best:344, loss:1.0671, train:0.6251, valid:0.4585/best:0.4684, test:0.4135/best:0.4292
[I 2026-09-13 22:16:11,557 ignn.models.IGNN:215] epoch:406/best:344, loss:1.1248, train:0.6204, valid:0.4571/best:0.4684, test:0.4135/best:0.4292
[I 2026-09-13 22:16:11,579 ignn.models.IGNN:215] epoch:407/best:344, loss:1.0689, train:0.6223, valid:0.4557/best:0.4684, test:0.4247/best:0.4292
[I 2026-09-13 22:16:11,602 ignn.models.IGNN:215] epoch:408/best:344, loss:1.1014, train:0.5998, valid:0.4501/best:0.4684, test:0.4292/best:0.4292
[I 2026-09-13 22:16:11,625 ignn.models.IGNN:215] epoch:409/best:344, loss:1.0555, train:0.5829, valid:0.4473/best:0.4684, test:0.4292/best:0.4292
[I 2026-09-13 22:16:11,648 ignn.models.IGNN:215] epoch:410/best:344, loss:1.0619, train:0.5708, valid:0.4459/best:0.4684, test:0.4337/best:0.4292
[I 2026-09-13 22:16:11,670 ignn.models.IGNN:215] epoch:411/best:344, loss:1.0667, train:0.5661, valid:0.4473/best:0.4684, test:0.4360/best:0.4292
[I 2026-09-13 22:16:11,846 ignn.models.IGNN:215] epoch:412/best:344, loss:1.0697, train:0.5726, valid:0.4487/best:0.4684, test:0.4360/best:0.4292
[I 2026-09-13 22:16:11,869 ignn.models.IGNN:215] epoch:413/best:344, loss:1.0728, train:0.5848, valid:0.4473/best:0.4684, test:0.4292/best:0.4292
[I 2026-09-13 22:16:11,892 ignn.models.IGNN:215] epoch:414/best:344, loss:1.0414, train:0.6111, valid:0.4515/best:0.4684, test:0.4337/best:0.4292
[I 2026-09-13 22:16:11,915 ignn.models.IGNN:215] epoch:415/best:344, loss:1.0556, train:0.6157, valid:0.4571/best:0.4684, test:0.4337/best:0.4292
[I 2026-09-13 22:16:11,938 ignn.models.IGNN:215] epoch:416/best:344, loss:1.0643, train:0.5829, valid:0.4543/best:0.4684, test:0.4292/best:0.4292
[I 2026-09-13 22:16:11,960 ignn.models.IGNN:215] epoch:417/best:344, loss:1.0621, train:0.5745, valid:0.4459/best:0.4684, test:0.4360/best:0.4292
[I 2026-09-13 22:16:11,983 ignn.models.IGNN:215] epoch:418/best:344, loss:1.0908, train:0.5783, valid:0.4515/best:0.4684, test:0.4292/best:0.4292
[I 2026-09-13 22:16:12,006 ignn.models.IGNN:215] epoch:419/best:344, loss:1.0775, train:0.5961, valid:0.4585/best:0.4684, test:0.4404/best:0.4292
[I 2026-09-13 22:16:12,028 ignn.models.IGNN:215] epoch:420/best:344, loss:1.0351, train:0.5970, valid:0.4599/best:0.4684, test:0.4202/best:0.4292
[I 2026-09-13 22:16:12,051 ignn.models.IGNN:215] epoch:421/best:344, loss:1.0721, train:0.6073, valid:0.4641/best:0.4684, test:0.4225/best:0.4292
[I 2026-09-13 22:16:12,075 ignn.models.IGNN:215] epoch:422/best:344, loss:1.0700, train:0.6176, valid:0.4669/best:0.4684, test:0.4315/best:0.4292
[I 2026-09-13 22:16:12,098 ignn.models.IGNN:215] epoch:423/best:344, loss:1.0457, train:0.6064, valid:0.4627/best:0.4684, test:0.4180/best:0.4292
[I 2026-09-13 22:16:12,121 ignn.models.IGNN:215] epoch:424/best:344, loss:1.0508, train:0.5848, valid:0.4416/best:0.4684, test:0.4157/best:0.4292
[I 2026-09-13 22:16:12,143 ignn.models.IGNN:215] epoch:425/best:344, loss:1.1341, train:0.5736, valid:0.4416/best:0.4684, test:0.4135/best:0.4292
[I 2026-09-13 22:16:12,166 ignn.models.IGNN:215] epoch:426/best:344, loss:1.0648, train:0.5651, valid:0.4444/best:0.4684, test:0.4180/best:0.4292
[I 2026-09-13 22:16:12,189 ignn.models.IGNN:215] epoch:427/best:344, loss:1.0348, train:0.5754, valid:0.4430/best:0.4684, test:0.4180/best:0.4292
[I 2026-09-13 22:16:12,212 ignn.models.IGNN:215] epoch:428/best:344, loss:1.0228, train:0.5820, valid:0.4487/best:0.4684, test:0.4247/best:0.4292
[I 2026-09-13 22:16:12,234 ignn.models.IGNN:215] epoch:429/best:344, loss:1.0831, train:0.5858, valid:0.4557/best:0.4684, test:0.4427/best:0.4292
[I 2026-09-13 22:16:12,257 ignn.models.IGNN:215] epoch:430/best:344, loss:1.0666, train:0.6026, valid:0.4599/best:0.4684, test:0.4360/best:0.4292
[I 2026-09-13 22:16:12,280 ignn.models.IGNN:215] epoch:431/best:344, loss:1.0758, train:0.6082, valid:0.4613/best:0.4684, test:0.4270/best:0.4292
[I 2026-09-13 22:16:12,303 ignn.models.IGNN:215] epoch:432/best:344, loss:1.0653, train:0.6148, valid:0.4641/best:0.4684, test:0.4225/best:0.4292
[I 2026-09-13 22:16:12,326 ignn.models.IGNN:215] epoch:433/best:344, loss:1.0436, train:0.6176, valid:0.4613/best:0.4684, test:0.4292/best:0.4292
[I 2026-09-13 22:16:12,348 ignn.models.IGNN:215] epoch:434/best:344, loss:1.0623, train:0.6139, valid:0.4529/best:0.4684, test:0.4292/best:0.4292
[I 2026-09-13 22:16:12,371 ignn.models.IGNN:215] epoch:435/best:344, loss:1.0580, train:0.5970, valid:0.4501/best:0.4684, test:0.4202/best:0.4292
[I 2026-09-13 22:16:12,394 ignn.models.IGNN:215] epoch:436/best:344, loss:1.0437, train:0.5970, valid:0.4501/best:0.4684, test:0.4247/best:0.4292
[I 2026-09-13 22:16:12,417 ignn.models.IGNN:215] epoch:437/best:344, loss:1.0606, train:0.6129, valid:0.4613/best:0.4684, test:0.4337/best:0.4292
[I 2026-09-13 22:16:12,440 ignn.models.IGNN:215] epoch:438/best:344, loss:1.0542, train:0.6261, valid:0.4627/best:0.4684, test:0.4157/best:0.4292
[I 2026-09-13 22:16:12,462 ignn.models.IGNN:215] epoch:439/best:344, loss:1.0423, train:0.6270, valid:0.4613/best:0.4684, test:0.4180/best:0.4292
[I 2026-09-13 22:16:12,485 ignn.models.IGNN:215] epoch:440/best:344, loss:1.0792, train:0.6186, valid:0.4655/best:0.4684, test:0.4292/best:0.4292
[I 2026-09-13 22:16:12,508 ignn.models.IGNN:215] epoch:441/best:344, loss:1.0603, train:0.5848, valid:0.4585/best:0.4684, test:0.4202/best:0.4292
[I 2026-09-13 22:16:12,531 ignn.models.IGNN:215] epoch:442/best:344, loss:1.0622, train:0.5623, valid:0.4416/best:0.4684, test:0.4180/best:0.4292
[I 2026-09-13 22:16:12,553 ignn.models.IGNN:215] epoch:443/best:344, loss:1.0991, train:0.5614, valid:0.4430/best:0.4684, test:0.4202/best:0.4292
[I 2026-09-13 22:16:12,576 ignn.models.IGNN:215] epoch:444/best:344, loss:1.0699, train:0.5642, valid:0.4459/best:0.4684, test:0.4247/best:0.4292
[I 2026-09-13 22:16:12,599 ignn.models.IGNN:215] epoch:445/best:344, loss:1.0475, train:0.5754, valid:0.4473/best:0.4684, test:0.4247/best:0.4292
[I 2026-09-13 22:16:12,622 ignn.models.IGNN:215] epoch:446/best:344, loss:1.0491, train:0.5886, valid:0.4585/best:0.4684, test:0.4315/best:0.4292
[I 2026-09-13 22:16:12,645 ignn.models.IGNN:215] epoch:447/best:344, loss:1.0392, train:0.6026, valid:0.4655/best:0.4684, test:0.4337/best:0.4292
[I 2026-09-13 22:16:12,823 ignn.models.IGNN:215] epoch:448/best:344, loss:1.0365, train:0.6054, valid:0.4627/best:0.4684, test:0.4382/best:0.4292
[I 2026-09-13 22:16:12,846 ignn.models.IGNN:215] epoch:449/best:344, loss:1.0532, train:0.5970, valid:0.4543/best:0.4684, test:0.4382/best:0.4292
[I 2026-09-13 22:16:12,869 ignn.models.IGNN:215] epoch:450/best:344, loss:1.0605, train:0.5764, valid:0.4430/best:0.4684, test:0.4270/best:0.4292
[I 2026-09-13 22:16:12,892 ignn.models.IGNN:215] epoch:451/best:344, loss:1.0664, train:0.5464, valid:0.4430/best:0.4684, test:0.4157/best:0.4292
[I 2026-09-13 22:16:12,915 ignn.models.IGNN:215] epoch:452/best:344, loss:1.0783, train:0.5586, valid:0.4430/best:0.4684, test:0.4202/best:0.4292
[I 2026-09-13 22:16:12,937 ignn.models.IGNN:215] epoch:453/best:344, loss:1.0565, train:0.5829, valid:0.4473/best:0.4684, test:0.4247/best:0.4292
[I 2026-09-13 22:16:12,960 ignn.models.IGNN:215] epoch:454/best:344, loss:1.0875, train:0.6157, valid:0.4641/best:0.4684, test:0.4180/best:0.4292
[I 2026-09-13 22:16:12,983 ignn.models.IGNN:215] epoch:455/best:344, loss:1.0813, train:0.6307, valid:0.4557/best:0.4684, test:0.4202/best:0.4292
[I 2026-09-13 22:16:13,006 ignn.models.IGNN:215] epoch:456/best:344, loss:1.1045, train:0.6204, valid:0.4599/best:0.4684, test:0.4247/best:0.4292
[I 2026-09-13 22:16:13,029 ignn.models.IGNN:215] epoch:457/best:344, loss:1.0274, train:0.6045, valid:0.4571/best:0.4684, test:0.4202/best:0.4292
[I 2026-09-13 22:16:13,051 ignn.models.IGNN:215] epoch:458/best:344, loss:1.0635, train:0.5783, valid:0.4444/best:0.4684, test:0.4225/best:0.4292
[I 2026-09-13 22:16:13,074 ignn.models.IGNN:215] epoch:459/best:344, loss:1.0603, train:0.5773, valid:0.4416/best:0.4684, test:0.4337/best:0.4292
[I 2026-09-13 22:16:13,097 ignn.models.IGNN:215] epoch:460/best:344, loss:1.0320, train:0.5754, valid:0.4402/best:0.4684, test:0.4225/best:0.4292
[I 2026-09-13 22:16:13,120 ignn.models.IGNN:215] epoch:461/best:344, loss:1.0690, train:0.5970, valid:0.4571/best:0.4684, test:0.4247/best:0.4292
[I 2026-09-13 22:16:13,142 ignn.models.IGNN:215] epoch:462/best:344, loss:1.0834, train:0.6045, valid:0.4585/best:0.4684, test:0.4202/best:0.4292
[I 2026-09-13 22:16:13,165 ignn.models.IGNN:215] epoch:463/best:344, loss:1.0622, train:0.6092, valid:0.4599/best:0.4684, test:0.4225/best:0.4292
[I 2026-09-13 22:16:13,188 ignn.models.IGNN:215] epoch:464/best:344, loss:1.0626, train:0.6092, valid:0.4571/best:0.4684, test:0.4247/best:0.4292
[I 2026-09-13 22:16:13,211 ignn.models.IGNN:215] epoch:465/best:344, loss:1.0731, train:0.6045, valid:0.4599/best:0.4684, test:0.4202/best:0.4292
[I 2026-09-13 22:16:13,233 ignn.models.IGNN:215] epoch:466/best:344, loss:1.0749, train:0.6017, valid:0.4599/best:0.4684, test:0.4247/best:0.4292
[I 2026-09-13 22:16:13,256 ignn.models.IGNN:215] epoch:467/best:344, loss:1.0484, train:0.5904, valid:0.4599/best:0.4684, test:0.4202/best:0.4292
[I 2026-09-13 22:16:13,279 ignn.models.IGNN:215] epoch:468/best:344, loss:1.0275, train:0.6036, valid:0.4585/best:0.4684, test:0.4202/best:0.4292
[I 2026-09-13 22:16:13,302 ignn.models.IGNN:215] epoch:469/best:344, loss:1.0612, train:0.6064, valid:0.4627/best:0.4684, test:0.4202/best:0.4292
[I 2026-09-13 22:16:13,324 ignn.models.IGNN:215] epoch:470/best:344, loss:1.0680, train:0.6101, valid:0.4655/best:0.4684, test:0.4135/best:0.4292
[I 2026-09-13 22:16:13,349 ignn.models.IGNN:215] epoch:471/best:471, loss:1.0578, train:0.6167, valid:0.4684/best:0.4684, test:0.4022/best:0.4022
[I 2026-09-13 22:16:13,371 ignn.models.IGNN:215] epoch:472/best:471, loss:1.0624, train:0.6167, valid:0.4627/best:0.4684, test:0.4067/best:0.4022
[I 2026-09-13 22:16:13,394 ignn.models.IGNN:215] epoch:473/best:471, loss:1.0771, train:0.6167, valid:0.4613/best:0.4684, test:0.4112/best:0.4022
[I 2026-09-13 22:16:13,417 ignn.models.IGNN:215] epoch:474/best:471, loss:1.0394, train:0.5745, valid:0.4416/best:0.4684, test:0.4157/best:0.4022
[I 2026-09-13 22:16:13,440 ignn.models.IGNN:215] epoch:475/best:471, loss:1.0129, train:0.5679, valid:0.4374/best:0.4684, test:0.4135/best:0.4022
[I 2026-09-13 22:16:13,462 ignn.models.IGNN:215] epoch:476/best:471, loss:1.0894, train:0.5708, valid:0.4304/best:0.4684, test:0.4112/best:0.4022
[I 2026-09-13 22:16:13,485 ignn.models.IGNN:215] epoch:477/best:471, loss:1.0866, train:0.5895, valid:0.4416/best:0.4684, test:0.4045/best:0.4022
[I 2026-09-13 22:16:13,508 ignn.models.IGNN:215] epoch:478/best:471, loss:1.0777, train:0.6167, valid:0.4557/best:0.4684, test:0.4180/best:0.4022
[I 2026-09-13 22:16:13,531 ignn.models.IGNN:215] epoch:479/best:471, loss:1.0970, train:0.6279, valid:0.4613/best:0.4684, test:0.4180/best:0.4022
[I 2026-09-13 22:16:13,553 ignn.models.IGNN:215] epoch:480/best:471, loss:1.0144, train:0.6251, valid:0.4655/best:0.4684, test:0.4180/best:0.4022
[I 2026-09-13 22:16:13,576 ignn.models.IGNN:215] epoch:481/best:471, loss:1.0750, train:0.6223, valid:0.4613/best:0.4684, test:0.4180/best:0.4022
[I 2026-09-13 22:16:13,599 ignn.models.IGNN:215] epoch:482/best:471, loss:1.0578, train:0.6167, valid:0.4613/best:0.4684, test:0.4157/best:0.4022
[I 2026-09-13 22:16:13,622 ignn.models.IGNN:215] epoch:483/best:471, loss:1.0630, train:0.5979, valid:0.4599/best:0.4684, test:0.4247/best:0.4022
[I 2026-09-13 22:16:13,800 ignn.models.IGNN:215] epoch:484/best:471, loss:1.0446, train:0.5820, valid:0.4501/best:0.4684, test:0.4270/best:0.4022
[I 2026-09-13 22:16:13,824 ignn.models.IGNN:215] epoch:485/best:471, loss:1.0576, train:0.5970, valid:0.4529/best:0.4684, test:0.4337/best:0.4022
[I 2026-09-13 22:16:13,847 ignn.models.IGNN:215] epoch:486/best:471, loss:1.0541, train:0.6073, valid:0.4557/best:0.4684, test:0.4292/best:0.4022
[I 2026-09-13 22:16:13,870 ignn.models.IGNN:215] epoch:487/best:471, loss:1.0542, train:0.6223, valid:0.4585/best:0.4684, test:0.4315/best:0.4022
[I 2026-09-13 22:16:13,893 ignn.models.IGNN:215] epoch:488/best:471, loss:1.0690, train:0.6148, valid:0.4613/best:0.4684, test:0.4270/best:0.4022
[I 2026-09-13 22:16:13,916 ignn.models.IGNN:215] epoch:489/best:471, loss:1.0623, train:0.6017, valid:0.4515/best:0.4684, test:0.4157/best:0.4022
[I 2026-09-13 22:16:13,939 ignn.models.IGNN:215] epoch:490/best:471, loss:1.0854, train:0.5923, valid:0.4501/best:0.4684, test:0.4157/best:0.4022
[I 2026-09-13 22:16:13,961 ignn.models.IGNN:215] epoch:491/best:471, loss:1.0694, train:0.5895, valid:0.4473/best:0.4684, test:0.4157/best:0.4022
[I 2026-09-13 22:16:13,984 ignn.models.IGNN:215] epoch:492/best:471, loss:1.0648, train:0.5970, valid:0.4557/best:0.4684, test:0.4180/best:0.4022
[I 2026-09-13 22:16:14,007 ignn.models.IGNN:215] epoch:493/best:471, loss:1.0437, train:0.5876, valid:0.4529/best:0.4684, test:0.4202/best:0.4022
[I 2026-09-13 22:16:14,030 ignn.models.IGNN:215] epoch:494/best:471, loss:1.0728, train:0.5745, valid:0.4459/best:0.4684, test:0.4180/best:0.4022
[I 2026-09-13 22:16:14,052 ignn.models.IGNN:215] epoch:495/best:471, loss:1.0574, train:0.5558, valid:0.4444/best:0.4684, test:0.4090/best:0.4022
[I 2026-09-13 22:16:14,075 ignn.models.IGNN:215] epoch:496/best:471, loss:1.0487, train:0.5408, valid:0.4374/best:0.4684, test:0.3933/best:0.4022
[I 2026-09-13 22:16:14,098 ignn.models.IGNN:215] epoch:497/best:471, loss:1.0337, train:0.5586, valid:0.4430/best:0.4684, test:0.4045/best:0.4022
[I 2026-09-13 22:16:14,121 ignn.models.IGNN:215] epoch:498/best:471, loss:1.0731, train:0.5961, valid:0.4599/best:0.4684, test:0.4090/best:0.4022
[I 2026-09-13 22:16:14,143 ignn.models.IGNN:215] epoch:499/best:471, loss:1.0758, train:0.6326, valid:0.4529/best:0.4684, test:0.4180/best:0.4022
[I 2026-09-13 22:16:14,166 ignn.models.IGNN:215] epoch:500/best:471, loss:1.0865, train:0.6542, valid:0.4613/best:0.4684, test:0.4337/best:0.4022
[I 2026-09-13 22:16:14,189 ignn.models.IGNN:215] epoch:501/best:471, loss:1.0930, train:0.6420, valid:0.4585/best:0.4684, test:0.4382/best:0.4022
[I 2026-09-13 22:16:14,212 ignn.models.IGNN:215] epoch:502/best:471, loss:1.0375, train:0.6139, valid:0.4627/best:0.4684, test:0.4382/best:0.4022
[I 2026-09-13 22:16:14,234 ignn.models.IGNN:215] epoch:503/best:471, loss:1.0525, train:0.5895, valid:0.4487/best:0.4684, test:0.4247/best:0.4022
[I 2026-09-13 22:16:14,257 ignn.models.IGNN:215] epoch:504/best:471, loss:1.0292, train:0.5773, valid:0.4416/best:0.4684, test:0.4090/best:0.4022
[I 2026-09-13 22:16:14,280 ignn.models.IGNN:215] epoch:505/best:471, loss:1.0420, train:0.5858, valid:0.4444/best:0.4684, test:0.4067/best:0.4022
[I 2026-09-13 22:16:14,303 ignn.models.IGNN:215] epoch:506/best:471, loss:1.0817, train:0.6307, valid:0.4585/best:0.4684, test:0.4270/best:0.4022
[I 2026-09-13 22:16:14,325 ignn.models.IGNN:215] epoch:507/best:471, loss:1.0457, train:0.6551, valid:0.4571/best:0.4684, test:0.4157/best:0.4022
[I 2026-09-13 22:16:14,348 ignn.models.IGNN:215] epoch:508/best:471, loss:1.0144, train:0.6570, valid:0.4571/best:0.4684, test:0.4135/best:0.4022
[I 2026-09-13 22:16:14,371 ignn.models.IGNN:215] epoch:509/best:471, loss:1.0692, train:0.6410, valid:0.4627/best:0.4684, test:0.4202/best:0.4022
[I 2026-09-13 22:16:14,394 ignn.models.IGNN:215] epoch:510/best:471, loss:1.0668, train:0.6167, valid:0.4599/best:0.4684, test:0.4157/best:0.4022
[I 2026-09-13 22:16:14,416 ignn.models.IGNN:215] epoch:511/best:471, loss:1.0578, train:0.6054, valid:0.4613/best:0.4684, test:0.4090/best:0.4022
[I 2026-09-13 22:16:14,439 ignn.models.IGNN:215] epoch:512/best:471, loss:1.0074, train:0.5895, valid:0.4459/best:0.4684, test:0.4202/best:0.4022
[I 2026-09-13 22:16:14,462 ignn.models.IGNN:215] epoch:513/best:471, loss:1.0652, train:0.5914, valid:0.4487/best:0.4684, test:0.4135/best:0.4022
[I 2026-09-13 22:16:14,485 ignn.models.IGNN:215] epoch:514/best:471, loss:1.1038, train:0.6139, valid:0.4543/best:0.4684, test:0.4135/best:0.4022
[I 2026-09-13 22:16:14,507 ignn.models.IGNN:215] epoch:515/best:471, loss:1.0757, train:0.6232, valid:0.4599/best:0.4684, test:0.4157/best:0.4022
[I 2026-09-13 22:16:14,530 ignn.models.IGNN:215] epoch:516/best:471, loss:1.0571, train:0.6167, valid:0.4613/best:0.4684, test:0.4225/best:0.4022
[I 2026-09-13 22:16:14,553 ignn.models.IGNN:215] epoch:517/best:471, loss:1.0863, train:0.6242, valid:0.4655/best:0.4684, test:0.4202/best:0.4022
[I 2026-09-13 22:16:14,576 ignn.models.IGNN:215] epoch:518/best:471, loss:1.0690, train:0.6251, valid:0.4599/best:0.4684, test:0.4135/best:0.4022
[I 2026-09-13 22:16:14,598 ignn.models.IGNN:215] epoch:519/best:471, loss:1.0374, train:0.6111, valid:0.4613/best:0.4684, test:0.4247/best:0.4022
[I 2026-09-13 22:16:14,774 ignn.models.IGNN:215] epoch:520/best:471, loss:1.0611, train:0.5970, valid:0.4501/best:0.4684, test:0.4157/best:0.4022
[I 2026-09-13 22:16:14,797 ignn.models.IGNN:215] epoch:521/best:471, loss:1.0852, train:0.6064, valid:0.4571/best:0.4684, test:0.4180/best:0.4022
[I 2026-09-13 22:16:14,819 ignn.models.IGNN:215] epoch:522/best:471, loss:1.0539, train:0.6026, valid:0.4515/best:0.4684, test:0.4180/best:0.4022
[I 2026-09-13 22:16:14,842 ignn.models.IGNN:215] epoch:523/best:471, loss:1.0410, train:0.6120, valid:0.4599/best:0.4684, test:0.4247/best:0.4022
[I 2026-09-13 22:16:14,865 ignn.models.IGNN:215] epoch:524/best:471, loss:1.0485, train:0.6186, valid:0.4627/best:0.4684, test:0.4225/best:0.4022
[I 2026-09-13 22:16:14,888 ignn.models.IGNN:215] epoch:525/best:471, loss:1.0450, train:0.6111, valid:0.4571/best:0.4684, test:0.4270/best:0.4022
[I 2026-09-13 22:16:14,912 ignn.models.IGNN:215] epoch:526/best:526, loss:1.0712, train:0.6214, valid:0.4684/best:0.4684, test:0.4270/best:0.4270
[I 2026-09-13 22:16:14,935 ignn.models.IGNN:215] epoch:527/best:526, loss:1.0482, train:0.6186, valid:0.4641/best:0.4684, test:0.4225/best:0.4270
[I 2026-09-13 22:16:14,958 ignn.models.IGNN:215] epoch:528/best:526, loss:1.0324, train:0.6176, valid:0.4669/best:0.4684, test:0.4270/best:0.4270
[I 2026-09-13 22:16:14,980 ignn.models.IGNN:215] epoch:529/best:526, loss:1.0623, train:0.6054, valid:0.4613/best:0.4684, test:0.4225/best:0.4270
[I 2026-09-13 22:16:15,003 ignn.models.IGNN:215] epoch:530/best:526, loss:1.0544, train:0.6345, valid:0.4543/best:0.4684, test:0.4225/best:0.4270
[I 2026-09-13 22:16:15,026 ignn.models.IGNN:215] epoch:531/best:526, loss:1.0483, train:0.6542, valid:0.4444/best:0.4684, test:0.4135/best:0.4270
[I 2026-09-13 22:16:15,049 ignn.models.IGNN:215] epoch:532/best:526, loss:1.0627, train:0.6720, valid:0.4543/best:0.4684, test:0.4270/best:0.4270
[I 2026-09-13 22:16:15,071 ignn.models.IGNN:215] epoch:533/best:526, loss:1.1083, train:0.6682, valid:0.4543/best:0.4684, test:0.4202/best:0.4270
[I 2026-09-13 22:16:15,094 ignn.models.IGNN:215] epoch:534/best:526, loss:1.0424, train:0.6542, valid:0.4571/best:0.4684, test:0.4090/best:0.4270
[I 2026-09-13 22:16:15,117 ignn.models.IGNN:215] epoch:535/best:526, loss:1.0537, train:0.6336, valid:0.4543/best:0.4684, test:0.4270/best:0.4270
[I 2026-09-13 22:16:15,140 ignn.models.IGNN:215] epoch:536/best:526, loss:1.0386, train:0.6026, valid:0.4627/best:0.4684, test:0.4202/best:0.4270
[I 2026-09-13 22:16:15,162 ignn.models.IGNN:215] epoch:537/best:526, loss:1.0179, train:0.5979, valid:0.4571/best:0.4684, test:0.4180/best:0.4270
[I 2026-09-13 22:16:15,185 ignn.models.IGNN:215] epoch:538/best:526, loss:1.0828, train:0.6007, valid:0.4613/best:0.4684, test:0.4225/best:0.4270
[I 2026-09-13 22:16:15,209 ignn.models.IGNN:215] epoch:539/best:539, loss:1.0679, train:0.6307, valid:0.4698/best:0.4698, test:0.4337/best:0.4337
[I 2026-09-13 22:16:15,232 ignn.models.IGNN:215] epoch:540/best:539, loss:1.0477, train:0.6626, valid:0.4585/best:0.4698, test:0.4157/best:0.4337
[I 2026-09-13 22:16:15,255 ignn.models.IGNN:215] epoch:541/best:539, loss:1.0835, train:0.6739, valid:0.4627/best:0.4698, test:0.4225/best:0.4337
[I 2026-09-13 22:16:15,278 ignn.models.IGNN:215] epoch:542/best:539, loss:1.0506, train:0.6701, valid:0.4557/best:0.4698, test:0.4270/best:0.4337
[I 2026-09-13 22:16:15,300 ignn.models.IGNN:215] epoch:543/best:539, loss:1.0485, train:0.6467, valid:0.4529/best:0.4698, test:0.4202/best:0.4337
[I 2026-09-13 22:16:15,323 ignn.models.IGNN:215] epoch:544/best:539, loss:1.0491, train:0.6157, valid:0.4641/best:0.4698, test:0.4225/best:0.4337
[I 2026-09-13 22:16:15,346 ignn.models.IGNN:215] epoch:545/best:539, loss:1.0244, train:0.6036, valid:0.4613/best:0.4698, test:0.4225/best:0.4337
[I 2026-09-13 22:16:15,369 ignn.models.IGNN:215] epoch:546/best:539, loss:1.0312, train:0.6017, valid:0.4599/best:0.4698, test:0.4202/best:0.4337
[I 2026-09-13 22:16:15,392 ignn.models.IGNN:215] epoch:547/best:539, loss:1.0522, train:0.6270, valid:0.4585/best:0.4698, test:0.4292/best:0.4337
[I 2026-09-13 22:16:15,414 ignn.models.IGNN:215] epoch:548/best:539, loss:1.0330, train:0.6523, valid:0.4599/best:0.4698, test:0.4067/best:0.4337
[I 2026-09-13 22:16:15,437 ignn.models.IGNN:215] epoch:549/best:539, loss:1.0700, train:0.6673, valid:0.4613/best:0.4698, test:0.4225/best:0.4337
[I 2026-09-13 22:16:15,460 ignn.models.IGNN:215] epoch:550/best:539, loss:1.0242, train:0.6729, valid:0.4599/best:0.4698, test:0.4270/best:0.4337
[I 2026-09-13 22:16:15,483 ignn.models.IGNN:215] epoch:551/best:539, loss:1.0488, train:0.6514, valid:0.4557/best:0.4698, test:0.4225/best:0.4337
[I 2026-09-13 22:16:15,506 ignn.models.IGNN:215] epoch:552/best:539, loss:1.0646, train:0.6382, valid:0.4585/best:0.4698, test:0.4315/best:0.4337
[I 2026-09-13 22:16:15,528 ignn.models.IGNN:215] epoch:553/best:539, loss:1.0476, train:0.6176, valid:0.4641/best:0.4698, test:0.4247/best:0.4337
[I 2026-09-13 22:16:15,551 ignn.models.IGNN:215] epoch:554/best:539, loss:1.0463, train:0.6054, valid:0.4543/best:0.4698, test:0.4292/best:0.4337
[I 2026-09-13 22:16:15,574 ignn.models.IGNN:215] epoch:555/best:539, loss:1.0551, train:0.5942, valid:0.4515/best:0.4698, test:0.4202/best:0.4337
[I 2026-09-13 22:16:15,753 ignn.models.IGNN:215] epoch:556/best:539, loss:1.0573, train:0.5979, valid:0.4557/best:0.4698, test:0.4292/best:0.4337
[I 2026-09-13 22:16:15,777 ignn.models.IGNN:215] epoch:557/best:539, loss:1.0462, train:0.6101, valid:0.4627/best:0.4698, test:0.4315/best:0.4337
[I 2026-09-13 22:16:15,799 ignn.models.IGNN:215] epoch:558/best:539, loss:1.0186, train:0.6364, valid:0.4627/best:0.4698, test:0.4292/best:0.4337
[I 2026-09-13 22:16:15,822 ignn.models.IGNN:215] epoch:559/best:539, loss:1.0326, train:0.6598, valid:0.4543/best:0.4698, test:0.4225/best:0.4337
[I 2026-09-13 22:16:15,845 ignn.models.IGNN:215] epoch:560/best:539, loss:1.0412, train:0.6607, valid:0.4571/best:0.4698, test:0.4202/best:0.4337
[I 2026-09-13 22:16:15,868 ignn.models.IGNN:215] epoch:561/best:539, loss:1.0389, train:0.6392, valid:0.4543/best:0.4698, test:0.4225/best:0.4337
[I 2026-09-13 22:16:15,891 ignn.models.IGNN:215] epoch:562/best:539, loss:1.0183, train:0.6120, valid:0.4655/best:0.4698, test:0.4225/best:0.4337
[I 2026-09-13 22:16:15,913 ignn.models.IGNN:215] epoch:563/best:539, loss:1.0412, train:0.6026, valid:0.4529/best:0.4698, test:0.4135/best:0.4337
[I 2026-09-13 22:16:15,936 ignn.models.IGNN:215] epoch:564/best:539, loss:1.0526, train:0.6101, valid:0.4557/best:0.4698, test:0.4292/best:0.4337
[I 2026-09-13 22:16:15,959 ignn.models.IGNN:215] epoch:565/best:539, loss:1.0589, train:0.6289, valid:0.4669/best:0.4698, test:0.4337/best:0.4337
[I 2026-09-13 22:16:15,982 ignn.models.IGNN:215] epoch:566/best:539, loss:1.0522, train:0.6354, valid:0.4641/best:0.4698, test:0.4404/best:0.4337
[I 2026-09-13 22:16:16,005 ignn.models.IGNN:215] epoch:567/best:539, loss:1.0415, train:0.6326, valid:0.4655/best:0.4698, test:0.4180/best:0.4337
[I 2026-09-13 22:16:16,029 ignn.models.IGNN:215] epoch:568/best:568, loss:1.0457, train:0.6242, valid:0.4698/best:0.4698, test:0.4382/best:0.4382
[I 2026-09-13 22:16:16,052 ignn.models.IGNN:215] epoch:569/best:568, loss:1.0344, train:0.6064, valid:0.4529/best:0.4698, test:0.4202/best:0.4382
[I 2026-09-13 22:16:16,074 ignn.models.IGNN:215] epoch:570/best:568, loss:1.1158, train:0.6167, valid:0.4669/best:0.4698, test:0.4315/best:0.4382
[I 2026-09-13 22:16:16,097 ignn.models.IGNN:215] epoch:571/best:568, loss:1.0514, train:0.6232, valid:0.4684/best:0.4698, test:0.4270/best:0.4382
[I 2026-09-13 22:16:16,120 ignn.models.IGNN:215] epoch:572/best:568, loss:1.0512, train:0.6345, valid:0.4627/best:0.4698, test:0.4135/best:0.4382
[I 2026-09-13 22:16:16,143 ignn.models.IGNN:215] epoch:573/best:568, loss:1.0851, train:0.6242, valid:0.4599/best:0.4698, test:0.4135/best:0.4382
[I 2026-09-13 22:16:16,165 ignn.models.IGNN:215] epoch:574/best:568, loss:1.0508, train:0.6120, valid:0.4655/best:0.4698, test:0.4315/best:0.4382
[I 2026-09-13 22:16:16,188 ignn.models.IGNN:215] epoch:575/best:568, loss:1.0404, train:0.5998, valid:0.4585/best:0.4698, test:0.4202/best:0.4382
[I 2026-09-13 22:16:16,211 ignn.models.IGNN:215] epoch:576/best:568, loss:1.0737, train:0.5979, valid:0.4529/best:0.4698, test:0.4112/best:0.4382
[I 2026-09-13 22:16:16,234 ignn.models.IGNN:215] epoch:577/best:568, loss:1.0272, train:0.6045, valid:0.4571/best:0.4698, test:0.4247/best:0.4382
[I 2026-09-13 22:16:16,257 ignn.models.IGNN:215] epoch:578/best:568, loss:1.0528, train:0.6186, valid:0.4627/best:0.4698, test:0.4360/best:0.4382
[I 2026-09-13 22:16:16,280 ignn.models.IGNN:215] epoch:579/best:568, loss:1.0369, train:0.6261, valid:0.4641/best:0.4698, test:0.4292/best:0.4382
[I 2026-09-13 22:16:16,302 ignn.models.IGNN:215] epoch:580/best:568, loss:1.0490, train:0.6429, valid:0.4557/best:0.4698, test:0.4112/best:0.4382
[I 2026-09-13 22:16:16,325 ignn.models.IGNN:215] epoch:581/best:568, loss:1.0525, train:0.6354, valid:0.4641/best:0.4698, test:0.4135/best:0.4382
[I 2026-09-13 22:16:16,348 ignn.models.IGNN:215] epoch:582/best:568, loss:0.9988, train:0.6223, valid:0.4613/best:0.4698, test:0.4292/best:0.4382
[I 2026-09-13 22:16:16,371 ignn.models.IGNN:215] epoch:583/best:568, loss:1.0362, train:0.6073, valid:0.4613/best:0.4698, test:0.4247/best:0.4382
[I 2026-09-13 22:16:16,393 ignn.models.IGNN:215] epoch:584/best:568, loss:1.0524, train:0.5876, valid:0.4543/best:0.4698, test:0.4180/best:0.4382
[I 2026-09-13 22:16:16,416 ignn.models.IGNN:215] epoch:585/best:568, loss:1.0058, train:0.5961, valid:0.4585/best:0.4698, test:0.4202/best:0.4382
[I 2026-09-13 22:16:16,439 ignn.models.IGNN:215] epoch:586/best:568, loss:1.0515, train:0.6026, valid:0.4599/best:0.4698, test:0.4247/best:0.4382
[I 2026-09-13 22:16:16,462 ignn.models.IGNN:215] epoch:587/best:568, loss:1.0467, train:0.6111, valid:0.4529/best:0.4698, test:0.4112/best:0.4382
[I 2026-09-13 22:16:16,485 ignn.models.IGNN:215] epoch:588/best:568, loss:1.0452, train:0.6139, valid:0.4473/best:0.4698, test:0.4112/best:0.4382
[I 2026-09-13 22:16:16,507 ignn.models.IGNN:215] epoch:589/best:568, loss:1.0271, train:0.6111, valid:0.4430/best:0.4698, test:0.4135/best:0.4382
[I 2026-09-13 22:16:16,530 ignn.models.IGNN:215] epoch:590/best:568, loss:1.0319, train:0.6082, valid:0.4444/best:0.4698, test:0.4135/best:0.4382
[I 2026-09-13 22:16:16,553 ignn.models.IGNN:215] epoch:591/best:568, loss:1.0468, train:0.6167, valid:0.4501/best:0.4698, test:0.4157/best:0.4382
[I 2026-09-13 22:16:16,733 ignn.models.IGNN:215] epoch:592/best:568, loss:1.0044, train:0.6157, valid:0.4529/best:0.4698, test:0.4112/best:0.4382
[I 2026-09-13 22:16:16,757 ignn.models.IGNN:215] epoch:593/best:568, loss:1.0887, train:0.6073, valid:0.4515/best:0.4698, test:0.4135/best:0.4382
[I 2026-09-13 22:16:16,780 ignn.models.IGNN:215] epoch:594/best:568, loss:1.0429, train:0.6092, valid:0.4501/best:0.4698, test:0.4135/best:0.4382
[I 2026-09-13 22:16:16,803 ignn.models.IGNN:215] epoch:595/best:568, loss:1.0335, train:0.6157, valid:0.4487/best:0.4698, test:0.4112/best:0.4382
[I 2026-09-13 22:16:16,826 ignn.models.IGNN:215] epoch:596/best:568, loss:1.0308, train:0.6167, valid:0.4515/best:0.4698, test:0.4157/best:0.4382
[I 2026-09-13 22:16:16,848 ignn.models.IGNN:215] epoch:597/best:568, loss:1.0692, train:0.6307, valid:0.4627/best:0.4698, test:0.4135/best:0.4382
[I 2026-09-13 22:16:16,871 ignn.models.IGNN:215] epoch:598/best:568, loss:1.0810, train:0.6551, valid:0.4627/best:0.4698, test:0.4270/best:0.4382
[I 2026-09-13 22:16:16,894 ignn.models.IGNN:215] epoch:599/best:568, loss:1.0584, train:0.6448, valid:0.4501/best:0.4698, test:0.4270/best:0.4382
[I 2026-09-13 22:16:16,916 ignn.models.IGNN:215] epoch:600/best:568, loss:1.0925, train:0.6307, valid:0.4585/best:0.4698, test:0.4090/best:0.4382
[I 2026-09-13 22:16:16,939 ignn.models.IGNN:215] epoch:601/best:568, loss:1.0551, train:0.6054, valid:0.4599/best:0.4698, test:0.4180/best:0.4382
[I 2026-09-13 22:16:16,962 ignn.models.IGNN:215] epoch:602/best:568, loss:1.0559, train:0.5698, valid:0.4416/best:0.4698, test:0.4067/best:0.4382
[I 2026-09-13 22:16:16,985 ignn.models.IGNN:215] epoch:603/best:568, loss:1.0748, train:0.5848, valid:0.4529/best:0.4698, test:0.4135/best:0.4382
[I 2026-09-13 22:16:17,008 ignn.models.IGNN:215] epoch:604/best:568, loss:1.0624, train:0.6167, valid:0.4529/best:0.4698, test:0.4090/best:0.4382
[I 2026-09-13 22:16:17,030 ignn.models.IGNN:215] epoch:605/best:568, loss:1.0632, train:0.6439, valid:0.4501/best:0.4698, test:0.4225/best:0.4382
[I 2026-09-13 22:16:17,053 ignn.models.IGNN:215] epoch:606/best:568, loss:1.0400, train:0.6457, valid:0.4304/best:0.4698, test:0.4045/best:0.4382
[I 2026-09-13 22:16:17,076 ignn.models.IGNN:215] epoch:607/best:568, loss:1.0809, train:0.6542, valid:0.4402/best:0.4698, test:0.4090/best:0.4382
[I 2026-09-13 22:16:17,099 ignn.models.IGNN:215] epoch:608/best:568, loss:1.0437, train:0.6317, valid:0.4501/best:0.4698, test:0.4112/best:0.4382
[I 2026-09-13 22:16:17,122 ignn.models.IGNN:215] epoch:609/best:568, loss:0.9993, train:0.5933, valid:0.4501/best:0.4698, test:0.4292/best:0.4382
[I 2026-09-13 22:16:17,144 ignn.models.IGNN:215] epoch:610/best:568, loss:1.0593, train:0.5829, valid:0.4402/best:0.4698, test:0.4202/best:0.4382
[I 2026-09-13 22:16:17,167 ignn.models.IGNN:215] epoch:611/best:568, loss:1.0488, train:0.5914, valid:0.4430/best:0.4698, test:0.4225/best:0.4382
[I 2026-09-13 22:16:17,190 ignn.models.IGNN:215] epoch:612/best:568, loss:1.0593, train:0.6289, valid:0.4599/best:0.4698, test:0.4292/best:0.4382
[I 2026-09-13 22:16:17,213 ignn.models.IGNN:215] epoch:613/best:568, loss:1.0499, train:0.6523, valid:0.4487/best:0.4698, test:0.4180/best:0.4382
[I 2026-09-13 22:16:17,236 ignn.models.IGNN:215] epoch:614/best:568, loss:1.0553, train:0.6560, valid:0.4487/best:0.4698, test:0.4112/best:0.4382
[I 2026-09-13 22:16:17,258 ignn.models.IGNN:215] epoch:615/best:568, loss:0.9971, train:0.6570, valid:0.4501/best:0.4698, test:0.4135/best:0.4382
[I 2026-09-13 22:16:17,281 ignn.models.IGNN:215] epoch:616/best:568, loss:1.0157, train:0.6392, valid:0.4459/best:0.4698, test:0.4157/best:0.4382
[I 2026-09-13 22:16:17,304 ignn.models.IGNN:215] epoch:617/best:568, loss:1.0567, train:0.6139, valid:0.4416/best:0.4698, test:0.4112/best:0.4382
[I 2026-09-13 22:16:17,327 ignn.models.IGNN:215] epoch:618/best:568, loss:1.0332, train:0.5970, valid:0.4360/best:0.4698, test:0.4202/best:0.4382
[I 2026-09-13 22:16:17,350 ignn.models.IGNN:215] epoch:619/best:568, loss:1.0659, train:0.5886, valid:0.4346/best:0.4698, test:0.4202/best:0.4382
[I 2026-09-13 22:16:17,372 ignn.models.IGNN:215] epoch:620/best:568, loss:1.0247, train:0.5914, valid:0.4290/best:0.4698, test:0.4135/best:0.4382
[I 2026-09-13 22:16:17,395 ignn.models.IGNN:215] epoch:621/best:568, loss:1.0738, train:0.5933, valid:0.4318/best:0.4698, test:0.4135/best:0.4382
[I 2026-09-13 22:16:17,418 ignn.models.IGNN:215] epoch:622/best:568, loss:1.0427, train:0.6101, valid:0.4430/best:0.4698, test:0.4045/best:0.4382
[I 2026-09-13 22:16:17,441 ignn.models.IGNN:215] epoch:623/best:568, loss:1.0286, train:0.6345, valid:0.4501/best:0.4698, test:0.4090/best:0.4382
[I 2026-09-13 22:16:17,463 ignn.models.IGNN:215] epoch:624/best:568, loss:1.0596, train:0.6439, valid:0.4501/best:0.4698, test:0.4157/best:0.4382
[I 2026-09-13 22:16:17,486 ignn.models.IGNN:215] epoch:625/best:568, loss:1.0822, train:0.6251, valid:0.4585/best:0.4698, test:0.4112/best:0.4382
[I 2026-09-13 22:16:17,509 ignn.models.IGNN:215] epoch:626/best:568, loss:1.0462, train:0.6167, valid:0.4501/best:0.4698, test:0.4225/best:0.4382
[I 2026-09-13 22:16:17,532 ignn.models.IGNN:215] epoch:627/best:568, loss:1.0626, train:0.6176, valid:0.4557/best:0.4698, test:0.4270/best:0.4382
[I 2026-09-13 22:16:17,708 ignn.models.IGNN:215] epoch:628/best:568, loss:1.0152, train:0.6261, valid:0.4599/best:0.4698, test:0.4270/best:0.4382
[I 2026-09-13 22:16:17,733 ignn.models.IGNN:215] epoch:629/best:629, loss:1.0430, train:0.6345, valid:0.4698/best:0.4698, test:0.4247/best:0.4247
[I 2026-09-13 22:16:17,756 ignn.models.IGNN:215] epoch:630/best:629, loss:1.0390, train:0.6410, valid:0.4473/best:0.4698, test:0.4315/best:0.4247
[I 2026-09-13 22:16:17,779 ignn.models.IGNN:215] epoch:631/best:629, loss:1.0568, train:0.6439, valid:0.4515/best:0.4698, test:0.4360/best:0.4247
[I 2026-09-13 22:16:17,801 ignn.models.IGNN:215] epoch:632/best:629, loss:1.0713, train:0.6354, valid:0.4543/best:0.4698, test:0.4225/best:0.4247
[I 2026-09-13 22:16:17,824 ignn.models.IGNN:215] epoch:633/best:629, loss:1.0434, train:0.6429, valid:0.4487/best:0.4698, test:0.4157/best:0.4247
[I 2026-09-13 22:16:17,847 ignn.models.IGNN:215] epoch:634/best:629, loss:1.0328, train:0.6354, valid:0.4473/best:0.4698, test:0.4112/best:0.4247
[I 2026-09-13 22:16:17,870 ignn.models.IGNN:215] epoch:635/best:629, loss:1.0201, train:0.6176, valid:0.4487/best:0.4698, test:0.4090/best:0.4247
[I 2026-09-13 22:16:17,893 ignn.models.IGNN:215] epoch:636/best:629, loss:1.0274, train:0.6148, valid:0.4444/best:0.4698, test:0.4157/best:0.4247
[I 2026-09-13 22:16:17,915 ignn.models.IGNN:215] epoch:637/best:629, loss:1.0246, train:0.6204, valid:0.4473/best:0.4698, test:0.4157/best:0.4247
[I 2026-09-13 22:16:17,938 ignn.models.IGNN:215] epoch:638/best:629, loss:1.0303, train:0.6298, valid:0.4585/best:0.4698, test:0.4180/best:0.4247
[I 2026-09-13 22:16:17,961 ignn.models.IGNN:215] epoch:639/best:629, loss:1.0269, train:0.6354, valid:0.4627/best:0.4698, test:0.4202/best:0.4247
[I 2026-09-13 22:16:17,984 ignn.models.IGNN:215] epoch:640/best:629, loss:1.0196, train:0.6410, valid:0.4669/best:0.4698, test:0.4292/best:0.4247
[I 2026-09-13 22:16:18,007 ignn.models.IGNN:215] epoch:641/best:629, loss:1.0207, train:0.6514, valid:0.4585/best:0.4698, test:0.4225/best:0.4247
[I 2026-09-13 22:16:18,029 ignn.models.IGNN:215] epoch:642/best:629, loss:1.0121, train:0.6626, valid:0.4501/best:0.4698, test:0.4202/best:0.4247
[I 2026-09-13 22:16:18,052 ignn.models.IGNN:215] epoch:643/best:629, loss:1.0294, train:0.6617, valid:0.4501/best:0.4698, test:0.4270/best:0.4247
[I 2026-09-13 22:16:18,075 ignn.models.IGNN:215] epoch:644/best:629, loss:1.0323, train:0.6439, valid:0.4515/best:0.4698, test:0.4135/best:0.4247
[I 2026-09-13 22:16:18,098 ignn.models.IGNN:215] epoch:645/best:629, loss:1.0309, train:0.6392, valid:0.4585/best:0.4698, test:0.4247/best:0.4247
[I 2026-09-13 22:16:18,121 ignn.models.IGNN:215] epoch:646/best:629, loss:1.0679, train:0.6345, valid:0.4613/best:0.4698, test:0.4270/best:0.4247
[I 2026-09-13 22:16:18,143 ignn.models.IGNN:215] epoch:647/best:629, loss:1.0555, train:0.6289, valid:0.4655/best:0.4698, test:0.4157/best:0.4247
[I 2026-09-13 22:16:18,166 ignn.models.IGNN:215] epoch:648/best:629, loss:1.0072, train:0.6364, valid:0.4669/best:0.4698, test:0.4202/best:0.4247
[I 2026-09-13 22:16:18,189 ignn.models.IGNN:215] epoch:649/best:629, loss:1.0336, train:0.6420, valid:0.4585/best:0.4698, test:0.4225/best:0.4247
[I 2026-09-13 22:16:18,212 ignn.models.IGNN:215] epoch:650/best:629, loss:1.0582, train:0.6410, valid:0.4543/best:0.4698, test:0.4292/best:0.4247
[I 2026-09-13 22:16:18,235 ignn.models.IGNN:215] epoch:651/best:629, loss:1.0276, train:0.6401, valid:0.4501/best:0.4698, test:0.4247/best:0.4247
[I 2026-09-13 22:16:18,257 ignn.models.IGNN:215] epoch:652/best:629, loss:1.0521, train:0.6392, valid:0.4529/best:0.4698, test:0.4202/best:0.4247
[I 2026-09-13 22:16:18,280 ignn.models.IGNN:215] epoch:653/best:629, loss:1.0500, train:0.6410, valid:0.4501/best:0.4698, test:0.4157/best:0.4247
[I 2026-09-13 22:16:18,303 ignn.models.IGNN:215] epoch:654/best:629, loss:1.0139, train:0.6457, valid:0.4501/best:0.4698, test:0.4157/best:0.4247
[I 2026-09-13 22:16:18,326 ignn.models.IGNN:215] epoch:655/best:629, loss:1.0359, train:0.6410, valid:0.4501/best:0.4698, test:0.4180/best:0.4247
[I 2026-09-13 22:16:18,349 ignn.models.IGNN:215] epoch:656/best:629, loss:1.0358, train:0.6289, valid:0.4529/best:0.4698, test:0.4202/best:0.4247
[I 2026-09-13 22:16:18,371 ignn.models.IGNN:215] epoch:657/best:629, loss:1.0574, train:0.6129, valid:0.4585/best:0.4698, test:0.4337/best:0.4247
[I 2026-09-13 22:16:18,394 ignn.models.IGNN:215] epoch:658/best:629, loss:1.0651, train:0.6017, valid:0.4571/best:0.4698, test:0.4292/best:0.4247
[I 2026-09-13 22:16:18,417 ignn.models.IGNN:215] epoch:659/best:629, loss:1.0515, train:0.6157, valid:0.4515/best:0.4698, test:0.4315/best:0.4247
[I 2026-09-13 22:16:18,440 ignn.models.IGNN:215] epoch:660/best:629, loss:1.0142, train:0.6261, valid:0.4501/best:0.4698, test:0.4247/best:0.4247
[I 2026-09-13 22:16:18,463 ignn.models.IGNN:215] epoch:661/best:629, loss:1.0298, train:0.6354, valid:0.4599/best:0.4698, test:0.4135/best:0.4247
[I 2026-09-13 22:16:18,486 ignn.models.IGNN:215] epoch:662/best:629, loss:1.0532, train:0.6345, valid:0.4599/best:0.4698, test:0.4180/best:0.4247
[I 2026-09-13 22:16:18,508 ignn.models.IGNN:215] epoch:663/best:629, loss:1.0105, train:0.6251, valid:0.4571/best:0.4698, test:0.4135/best:0.4247
[I 2026-09-13 22:16:18,683 ignn.models.IGNN:215] epoch:664/best:629, loss:1.0241, train:0.6176, valid:0.4543/best:0.4698, test:0.4090/best:0.4247
[I 2026-09-13 22:16:18,706 ignn.models.IGNN:215] epoch:665/best:629, loss:1.0533, train:0.6148, valid:0.4557/best:0.4698, test:0.4112/best:0.4247
[I 2026-09-13 22:16:18,729 ignn.models.IGNN:215] epoch:666/best:629, loss:1.0232, train:0.6204, valid:0.4557/best:0.4698, test:0.4135/best:0.4247
[I 2026-09-13 22:16:18,752 ignn.models.IGNN:215] epoch:667/best:629, loss:1.0495, train:0.6242, valid:0.4557/best:0.4698, test:0.4157/best:0.4247
[I 2026-09-13 22:16:18,775 ignn.models.IGNN:215] epoch:668/best:629, loss:1.0387, train:0.6261, valid:0.4529/best:0.4698, test:0.4157/best:0.4247
[I 2026-09-13 22:16:18,798 ignn.models.IGNN:215] epoch:669/best:629, loss:1.0385, train:0.6223, valid:0.4543/best:0.4698, test:0.4157/best:0.4247
[I 2026-09-13 22:16:18,820 ignn.models.IGNN:215] epoch:670/best:629, loss:1.0595, train:0.6176, valid:0.4543/best:0.4698, test:0.4157/best:0.4247
[I 2026-09-13 22:16:18,843 ignn.models.IGNN:215] epoch:671/best:629, loss:1.0363, train:0.6054, valid:0.4557/best:0.4698, test:0.4067/best:0.4247
[I 2026-09-13 22:16:18,866 ignn.models.IGNN:215] epoch:672/best:629, loss:1.0714, train:0.5979, valid:0.4473/best:0.4698, test:0.4135/best:0.4247
[I 2026-09-13 22:16:18,889 ignn.models.IGNN:215] epoch:673/best:629, loss:1.1235, train:0.6560, valid:0.4459/best:0.4698, test:0.4135/best:0.4247
[I 2026-09-13 22:16:18,912 ignn.models.IGNN:215] epoch:674/best:629, loss:1.0237, train:0.6664, valid:0.4107/best:0.4698, test:0.3978/best:0.4247
[I 2026-09-13 22:16:18,935 ignn.models.IGNN:215] epoch:675/best:629, loss:1.0510, train:0.6598, valid:0.4079/best:0.4698, test:0.3730/best:0.4247
[I 2026-09-13 22:16:18,958 ignn.models.IGNN:215] epoch:676/best:629, loss:1.0742, train:0.6523, valid:0.4248/best:0.4698, test:0.4000/best:0.4247
[I 2026-09-13 22:16:18,980 ignn.models.IGNN:215] epoch:677/best:629, loss:1.0354, train:0.6307, valid:0.4487/best:0.4698, test:0.4090/best:0.4247
[I 2026-09-13 22:16:19,003 ignn.models.IGNN:215] epoch:678/best:629, loss:1.0083, train:0.6148, valid:0.4557/best:0.4698, test:0.4202/best:0.4247
[I 2026-09-13 22:16:19,026 ignn.models.IGNN:215] epoch:679/best:629, loss:1.0297, train:0.6026, valid:0.4585/best:0.4698, test:0.4112/best:0.4247
[I 2026-09-13 22:16:19,049 ignn.models.IGNN:215] epoch:680/best:629, loss:1.0542, train:0.6129, valid:0.4627/best:0.4698, test:0.4090/best:0.4247
[I 2026-09-13 22:16:19,071 ignn.models.IGNN:215] epoch:681/best:629, loss:1.0676, train:0.6467, valid:0.4599/best:0.4698, test:0.4090/best:0.4247
[I 2026-09-13 22:16:19,094 ignn.models.IGNN:215] epoch:682/best:629, loss:1.0714, train:0.6888, valid:0.4402/best:0.4698, test:0.4225/best:0.4247
[I 2026-09-13 22:16:19,117 ignn.models.IGNN:215] epoch:683/best:629, loss:1.0282, train:0.6898, valid:0.4388/best:0.4698, test:0.4157/best:0.4247
[I 2026-09-13 22:16:19,141 ignn.models.IGNN:215] epoch:684/best:629, loss:1.0436, train:0.6757, valid:0.4459/best:0.4698, test:0.4180/best:0.4247
[I 2026-09-13 22:16:19,164 ignn.models.IGNN:215] epoch:685/best:629, loss:1.0512, train:0.6579, valid:0.4529/best:0.4698, test:0.4022/best:0.4247
[I 2026-09-13 22:16:19,186 ignn.models.IGNN:215] epoch:686/best:629, loss:1.0301, train:0.6354, valid:0.4599/best:0.4698, test:0.4112/best:0.4247
[I 2026-09-13 22:16:19,209 ignn.models.IGNN:215] epoch:687/best:629, loss:1.0321, train:0.6204, valid:0.4599/best:0.4698, test:0.4090/best:0.4247
[I 2026-09-13 22:16:19,232 ignn.models.IGNN:215] epoch:688/best:629, loss:1.0484, train:0.6139, valid:0.4585/best:0.4698, test:0.4180/best:0.4247
[I 2026-09-13 22:16:19,255 ignn.models.IGNN:215] epoch:689/best:629, loss:1.0115, train:0.6017, valid:0.4473/best:0.4698, test:0.4180/best:0.4247
[I 2026-09-13 22:16:19,278 ignn.models.IGNN:215] epoch:690/best:629, loss:1.0424, train:0.6064, valid:0.4444/best:0.4698, test:0.4157/best:0.4247
[I 2026-09-13 22:16:19,300 ignn.models.IGNN:215] epoch:691/best:629, loss:1.0096, train:0.6204, valid:0.4599/best:0.4698, test:0.4180/best:0.4247
[I 2026-09-13 22:16:19,323 ignn.models.IGNN:215] epoch:692/best:629, loss:1.0676, train:0.6514, valid:0.4585/best:0.4698, test:0.4112/best:0.4247
[I 2026-09-13 22:16:19,346 ignn.models.IGNN:215] epoch:693/best:629, loss:1.0200, train:0.6664, valid:0.4627/best:0.4698, test:0.4112/best:0.4247
[I 2026-09-13 22:16:19,369 ignn.models.IGNN:215] epoch:694/best:629, loss:1.0517, train:0.6579, valid:0.4585/best:0.4698, test:0.4157/best:0.4247
[I 2026-09-13 22:16:19,391 ignn.models.IGNN:215] epoch:695/best:629, loss:1.0274, train:0.6420, valid:0.4613/best:0.4698, test:0.4135/best:0.4247
[I 2026-09-13 22:16:19,414 ignn.models.IGNN:215] epoch:696/best:629, loss:1.0428, train:0.6073, valid:0.4599/best:0.4698, test:0.4270/best:0.4247
[I 2026-09-13 22:16:19,437 ignn.models.IGNN:215] epoch:697/best:629, loss:1.0377, train:0.5970, valid:0.4374/best:0.4698, test:0.4292/best:0.4247
[I 2026-09-13 22:16:19,460 ignn.models.IGNN:215] epoch:698/best:629, loss:1.0430, train:0.6073, valid:0.4501/best:0.4698, test:0.4337/best:0.4247
[I 2026-09-13 22:16:19,482 ignn.models.IGNN:215] epoch:699/best:629, loss:1.0573, train:0.6354, valid:0.4585/best:0.4698, test:0.4270/best:0.4247
[I 2026-09-13 22:16:19,661 ignn.models.IGNN:215] epoch:700/best:629, loss:1.0532, train:0.6635, valid:0.4557/best:0.4698, test:0.4270/best:0.4247
[I 2026-09-13 22:16:19,688 ignn.models.IGNN:215] epoch:701/best:629, loss:1.0449, train:0.6626, valid:0.4529/best:0.4698, test:0.4247/best:0.4247
[I 2026-09-13 22:16:19,711 ignn.models.IGNN:215] epoch:702/best:629, loss:1.0485, train:0.6514, valid:0.4529/best:0.4698, test:0.4135/best:0.4247
[I 2026-09-13 22:16:19,734 ignn.models.IGNN:215] epoch:703/best:629, loss:1.0266, train:0.6336, valid:0.4459/best:0.4698, test:0.4112/best:0.4247
[I 2026-09-13 22:16:19,757 ignn.models.IGNN:215] epoch:704/best:629, loss:1.0499, train:0.6092, valid:0.4655/best:0.4698, test:0.4180/best:0.4247
[I 2026-09-13 22:16:19,780 ignn.models.IGNN:215] epoch:705/best:629, loss:1.0557, train:0.6073, valid:0.4571/best:0.4698, test:0.4202/best:0.4247
[I 2026-09-13 22:16:19,803 ignn.models.IGNN:215] epoch:706/best:629, loss:1.0473, train:0.6232, valid:0.4459/best:0.4698, test:0.4292/best:0.4247
[I 2026-09-13 22:16:19,826 ignn.models.IGNN:215] epoch:707/best:629, loss:1.0188, train:0.6532, valid:0.4444/best:0.4698, test:0.4270/best:0.4247
[I 2026-09-13 22:16:19,848 ignn.models.IGNN:215] epoch:708/best:629, loss:1.0279, train:0.6720, valid:0.4515/best:0.4698, test:0.4112/best:0.4247
[I 2026-09-13 22:16:19,871 ignn.models.IGNN:215] epoch:709/best:629, loss:1.0211, train:0.6785, valid:0.4515/best:0.4698, test:0.4067/best:0.4247
[I 2026-09-13 22:16:19,894 ignn.models.IGNN:215] epoch:710/best:629, loss:1.0570, train:0.6645, valid:0.4487/best:0.4698, test:0.4090/best:0.4247
[I 2026-09-13 22:16:19,917 ignn.models.IGNN:215] epoch:711/best:629, loss:1.0330, train:0.6354, valid:0.4599/best:0.4698, test:0.4067/best:0.4247
[I 2026-09-13 22:16:19,940 ignn.models.IGNN:215] epoch:712/best:629, loss:1.0212, train:0.6120, valid:0.4613/best:0.4698, test:0.4135/best:0.4247
[I 2026-09-13 22:16:19,963 ignn.models.IGNN:215] epoch:713/best:629, loss:1.0355, train:0.6082, valid:0.4585/best:0.4698, test:0.4180/best:0.4247
[I 2026-09-13 22:16:19,986 ignn.models.IGNN:215] epoch:714/best:629, loss:1.0388, train:0.6270, valid:0.4669/best:0.4698, test:0.4112/best:0.4247
[I 2026-09-13 22:16:20,009 ignn.models.IGNN:215] epoch:715/best:629, loss:1.0300, train:0.6617, valid:0.4529/best:0.4698, test:0.4225/best:0.4247
[I 2026-09-13 22:16:20,032 ignn.models.IGNN:215] epoch:716/best:629, loss:1.0639, train:0.6851, valid:0.4473/best:0.4698, test:0.4067/best:0.4247
[I 2026-09-13 22:16:20,055 ignn.models.IGNN:215] epoch:717/best:629, loss:1.0560, train:0.6851, valid:0.4487/best:0.4698, test:0.4135/best:0.4247
[I 2026-09-13 22:16:20,078 ignn.models.IGNN:215] epoch:718/best:629, loss:1.0386, train:0.6645, valid:0.4473/best:0.4698, test:0.4202/best:0.4247
[I 2026-09-13 22:16:20,100 ignn.models.IGNN:215] epoch:719/best:629, loss:1.0183, train:0.6186, valid:0.4543/best:0.4698, test:0.4202/best:0.4247
[I 2026-09-13 22:16:20,123 ignn.models.IGNN:215] epoch:720/best:629, loss:1.0287, train:0.5989, valid:0.4459/best:0.4698, test:0.4157/best:0.4247
[I 2026-09-13 22:16:20,146 ignn.models.IGNN:215] epoch:721/best:629, loss:1.0413, train:0.6007, valid:0.4459/best:0.4698, test:0.4135/best:0.4247
[I 2026-09-13 22:16:20,169 ignn.models.IGNN:215] epoch:722/best:629, loss:1.0454, train:0.6326, valid:0.4585/best:0.4698, test:0.4090/best:0.4247
[I 2026-09-13 22:16:20,193 ignn.models.IGNN:215] epoch:723/best:629, loss:1.0006, train:0.6504, valid:0.4473/best:0.4698, test:0.4067/best:0.4247
[I 2026-09-13 22:16:20,216 ignn.models.IGNN:215] epoch:724/best:629, loss:1.0795, train:0.6635, valid:0.4501/best:0.4698, test:0.4112/best:0.4247
[I 2026-09-13 22:16:20,239 ignn.models.IGNN:215] epoch:725/best:629, loss:1.0317, train:0.6701, valid:0.4501/best:0.4698, test:0.4090/best:0.4247
[I 2026-09-13 22:16:20,262 ignn.models.IGNN:215] epoch:726/best:629, loss:1.0380, train:0.6317, valid:0.4571/best:0.4698, test:0.4202/best:0.4247
[I 2026-09-13 22:16:20,284 ignn.models.IGNN:215] epoch:727/best:629, loss:1.0207, train:0.5914, valid:0.4360/best:0.4698, test:0.4157/best:0.4247
[I 2026-09-13 22:16:20,307 ignn.models.IGNN:215] epoch:728/best:629, loss:1.0269, train:0.5642, valid:0.4262/best:0.4698, test:0.4180/best:0.4247
[I 2026-09-13 22:16:20,330 ignn.models.IGNN:215] epoch:729/best:629, loss:1.0680, train:0.5848, valid:0.4388/best:0.4698, test:0.4180/best:0.4247
[I 2026-09-13 22:16:20,353 ignn.models.IGNN:215] epoch:730/best:629, loss:1.0287, train:0.6195, valid:0.4473/best:0.4698, test:0.4247/best:0.4247
[I 2026-09-13 22:16:20,376 ignn.models.IGNN:215] epoch:731/best:629, loss:1.0240, train:0.6364, valid:0.4543/best:0.4698, test:0.4247/best:0.4247
[I 2026-09-13 22:16:20,400 ignn.models.IGNN:215] epoch:732/best:629, loss:1.0690, train:0.6364, valid:0.4613/best:0.4698, test:0.4112/best:0.4247
[I 2026-09-13 22:16:20,423 ignn.models.IGNN:215] epoch:733/best:629, loss:1.0527, train:0.6186, valid:0.4585/best:0.4698, test:0.4000/best:0.4247
[I 2026-09-13 22:16:20,446 ignn.models.IGNN:215] epoch:734/best:629, loss:1.0632, train:0.6007, valid:0.4501/best:0.4698, test:0.4112/best:0.4247
[I 2026-09-13 22:16:20,469 ignn.models.IGNN:215] epoch:735/best:629, loss:1.0368, train:0.5839, valid:0.4473/best:0.4698, test:0.4067/best:0.4247
[I 2026-09-13 22:16:20,645 ignn.models.IGNN:215] epoch:736/best:629, loss:1.0244, train:0.5801, valid:0.4205/best:0.4698, test:0.4090/best:0.4247
[I 2026-09-13 22:16:20,668 ignn.models.IGNN:215] epoch:737/best:629, loss:1.0379, train:0.5633, valid:0.4149/best:0.4698, test:0.4135/best:0.4247
[I 2026-09-13 22:16:20,691 ignn.models.IGNN:215] epoch:738/best:629, loss:1.0377, train:0.5726, valid:0.4262/best:0.4698, test:0.4135/best:0.4247
[I 2026-09-13 22:16:20,714 ignn.models.IGNN:215] epoch:739/best:629, loss:1.0417, train:0.5904, valid:0.4402/best:0.4698, test:0.4090/best:0.4247
[I 2026-09-13 22:16:20,737 ignn.models.IGNN:215] epoch:740/best:629, loss:1.0737, train:0.6223, valid:0.4487/best:0.4698, test:0.4292/best:0.4247
[I 2026-09-13 22:16:20,760 ignn.models.IGNN:215] epoch:741/best:629, loss:0.9894, train:0.6392, valid:0.4473/best:0.4698, test:0.4270/best:0.4247
[I 2026-09-13 22:16:20,782 ignn.models.IGNN:215] epoch:742/best:629, loss:1.0761, train:0.6364, valid:0.4557/best:0.4698, test:0.4090/best:0.4247
[I 2026-09-13 22:16:20,805 ignn.models.IGNN:215] epoch:743/best:629, loss:1.0322, train:0.6251, valid:0.4571/best:0.4698, test:0.4022/best:0.4247
[I 2026-09-13 22:16:20,828 ignn.models.IGNN:215] epoch:744/best:629, loss:1.0512, train:0.6101, valid:0.4473/best:0.4698, test:0.4045/best:0.4247
[I 2026-09-13 22:16:20,851 ignn.models.IGNN:215] epoch:745/best:629, loss:1.0056, train:0.5914, valid:0.4346/best:0.4698, test:0.4090/best:0.4247
[I 2026-09-13 22:16:20,874 ignn.models.IGNN:215] epoch:746/best:629, loss:1.0500, train:0.5848, valid:0.4276/best:0.4698, test:0.4112/best:0.4247
[I 2026-09-13 22:16:20,897 ignn.models.IGNN:215] epoch:747/best:629, loss:1.0484, train:0.5961, valid:0.4360/best:0.4698, test:0.4135/best:0.4247
[I 2026-09-13 22:16:20,920 ignn.models.IGNN:215] epoch:748/best:629, loss:1.0576, train:0.6232, valid:0.4444/best:0.4698, test:0.4135/best:0.4247
[I 2026-09-13 22:16:20,943 ignn.models.IGNN:215] epoch:749/best:629, loss:1.0156, train:0.6410, valid:0.4346/best:0.4698, test:0.4270/best:0.4247
[I 2026-09-13 22:16:20,966 ignn.models.IGNN:215] epoch:750/best:629, loss:1.0385, train:0.6420, valid:0.4416/best:0.4698, test:0.4225/best:0.4247
[I 2026-09-13 22:16:20,989 ignn.models.IGNN:215] epoch:751/best:629, loss:1.0508, train:0.6298, valid:0.4459/best:0.4698, test:0.4135/best:0.4247
[I 2026-09-13 22:16:21,012 ignn.models.IGNN:215] epoch:752/best:629, loss:1.0112, train:0.6129, valid:0.4444/best:0.4698, test:0.4090/best:0.4247
[I 2026-09-13 22:16:21,035 ignn.models.IGNN:215] epoch:753/best:629, loss:1.0488, train:0.6167, valid:0.4543/best:0.4698, test:0.4000/best:0.4247
[I 2026-09-13 22:16:21,058 ignn.models.IGNN:215] epoch:754/best:629, loss:1.0198, train:0.6101, valid:0.4473/best:0.4698, test:0.4090/best:0.4247
[I 2026-09-13 22:16:21,081 ignn.models.IGNN:215] epoch:755/best:629, loss:1.0236, train:0.6007, valid:0.4374/best:0.4698, test:0.4067/best:0.4247
[I 2026-09-13 22:16:21,103 ignn.models.IGNN:215] epoch:756/best:629, loss:1.0124, train:0.5998, valid:0.4318/best:0.4698, test:0.4022/best:0.4247
[I 2026-09-13 22:16:21,126 ignn.models.IGNN:215] epoch:757/best:629, loss:1.0092, train:0.6139, valid:0.4416/best:0.4698, test:0.4135/best:0.4247
[I 2026-09-13 22:16:21,149 ignn.models.IGNN:215] epoch:758/best:629, loss:1.0120, train:0.6420, valid:0.4430/best:0.4698, test:0.4157/best:0.4247
[I 2026-09-13 22:16:21,172 ignn.models.IGNN:215] epoch:759/best:629, loss:1.0665, train:0.6673, valid:0.4444/best:0.4698, test:0.4202/best:0.4247
[I 2026-09-13 22:16:21,195 ignn.models.IGNN:215] epoch:760/best:629, loss:1.0201, train:0.6776, valid:0.4487/best:0.4698, test:0.4135/best:0.4247
[I 2026-09-13 22:16:21,218 ignn.models.IGNN:215] epoch:761/best:629, loss:1.0088, train:0.6757, valid:0.4529/best:0.4698, test:0.4112/best:0.4247
[I 2026-09-13 22:16:21,240 ignn.models.IGNN:215] epoch:762/best:629, loss:1.0299, train:0.6617, valid:0.4487/best:0.4698, test:0.3955/best:0.4247
[I 2026-09-13 22:16:21,263 ignn.models.IGNN:215] epoch:763/best:629, loss:1.0019, train:0.6157, valid:0.4487/best:0.4698, test:0.4090/best:0.4247
[I 2026-09-13 22:16:21,286 ignn.models.IGNN:215] epoch:764/best:629, loss:1.0591, train:0.6017, valid:0.4388/best:0.4698, test:0.4112/best:0.4247
[I 2026-09-13 22:16:21,309 ignn.models.IGNN:215] epoch:765/best:629, loss:1.0125, train:0.5933, valid:0.4318/best:0.4698, test:0.4090/best:0.4247
[I 2026-09-13 22:16:21,331 ignn.models.IGNN:215] epoch:766/best:629, loss:1.0446, train:0.5998, valid:0.4346/best:0.4698, test:0.4135/best:0.4247
[I 2026-09-13 22:16:21,354 ignn.models.IGNN:215] epoch:767/best:629, loss:1.0251, train:0.6120, valid:0.4501/best:0.4698, test:0.4112/best:0.4247
[I 2026-09-13 22:16:21,377 ignn.models.IGNN:215] epoch:768/best:629, loss:1.0401, train:0.6392, valid:0.4543/best:0.4698, test:0.4135/best:0.4247
[I 2026-09-13 22:16:21,400 ignn.models.IGNN:215] epoch:769/best:629, loss:0.9928, train:0.6382, valid:0.4585/best:0.4698, test:0.4090/best:0.4247
[I 2026-09-13 22:16:21,422 ignn.models.IGNN:215] epoch:770/best:629, loss:1.0403, train:0.6139, valid:0.4599/best:0.4698, test:0.3978/best:0.4247
[I 2026-09-13 22:16:21,445 ignn.models.IGNN:215] epoch:771/best:629, loss:1.0237, train:0.5951, valid:0.4459/best:0.4698, test:0.4000/best:0.4247
[I 2026-09-13 22:16:21,620 ignn.models.IGNN:215] epoch:772/best:629, loss:1.0581, train:0.5773, valid:0.4459/best:0.4698, test:0.3955/best:0.4247
[I 2026-09-13 22:16:21,643 ignn.models.IGNN:215] epoch:773/best:629, loss:0.9944, train:0.5736, valid:0.4416/best:0.4698, test:0.3910/best:0.4247
[I 2026-09-13 22:16:21,665 ignn.models.IGNN:215] epoch:774/best:629, loss:1.0284, train:0.5895, valid:0.4459/best:0.4698, test:0.3955/best:0.4247
[I 2026-09-13 22:16:21,688 ignn.models.IGNN:215] epoch:775/best:629, loss:1.0240, train:0.6073, valid:0.4402/best:0.4698, test:0.4022/best:0.4247
[I 2026-09-13 22:16:21,711 ignn.models.IGNN:215] epoch:776/best:629, loss:1.0462, train:0.6232, valid:0.4444/best:0.4698, test:0.3955/best:0.4247
[I 2026-09-13 22:16:21,734 ignn.models.IGNN:215] epoch:777/best:629, loss:1.0212, train:0.6570, valid:0.4585/best:0.4698, test:0.3955/best:0.4247
[I 2026-09-13 22:16:21,757 ignn.models.IGNN:215] epoch:778/best:629, loss:1.0344, train:0.6279, valid:0.4515/best:0.4698, test:0.4045/best:0.4247
[I 2026-09-13 22:16:21,779 ignn.models.IGNN:215] epoch:779/best:629, loss:1.0445, train:0.5979, valid:0.4402/best:0.4698, test:0.4022/best:0.4247
[I 2026-09-13 22:16:21,802 ignn.models.IGNN:215] epoch:780/best:629, loss:1.0189, train:0.5614, valid:0.4276/best:0.4698, test:0.4112/best:0.4247
[I 2026-09-13 22:16:21,825 ignn.models.IGNN:215] epoch:781/best:629, loss:1.0173, train:0.5511, valid:0.4248/best:0.4698, test:0.4067/best:0.4247
[I 2026-09-13 22:16:21,848 ignn.models.IGNN:215] epoch:782/best:629, loss:1.0499, train:0.5792, valid:0.4276/best:0.4698, test:0.4112/best:0.4247
[I 2026-09-13 22:16:21,871 ignn.models.IGNN:215] epoch:783/best:629, loss:1.0363, train:0.5942, valid:0.4501/best:0.4698, test:0.4090/best:0.4247
[I 2026-09-13 22:16:21,893 ignn.models.IGNN:215] epoch:784/best:629, loss:1.0271, train:0.6092, valid:0.4515/best:0.4698, test:0.4000/best:0.4247
[I 2026-09-13 22:16:21,916 ignn.models.IGNN:215] epoch:785/best:629, loss:1.0550, train:0.6242, valid:0.4529/best:0.4698, test:0.4022/best:0.4247
[I 2026-09-13 22:16:21,939 ignn.models.IGNN:215] epoch:786/best:629, loss:1.0339, train:0.6186, valid:0.4515/best:0.4698, test:0.4112/best:0.4247
[I 2026-09-13 22:16:21,962 ignn.models.IGNN:215] epoch:787/best:629, loss:1.0246, train:0.6195, valid:0.4515/best:0.4698, test:0.4112/best:0.4247
[I 2026-09-13 22:16:21,985 ignn.models.IGNN:215] epoch:788/best:629, loss:1.0175, train:0.6270, valid:0.4529/best:0.4698, test:0.4045/best:0.4247
[I 2026-09-13 22:16:22,007 ignn.models.IGNN:215] epoch:789/best:629, loss:1.0126, train:0.6223, valid:0.4557/best:0.4698, test:0.4135/best:0.4247
[I 2026-09-13 22:16:22,030 ignn.models.IGNN:215] epoch:790/best:629, loss:1.0323, train:0.6298, valid:0.4529/best:0.4698, test:0.4112/best:0.4247
[I 2026-09-13 22:16:22,053 ignn.models.IGNN:215] epoch:791/best:629, loss:0.9984, train:0.6298, valid:0.4515/best:0.4698, test:0.4112/best:0.4247
[I 2026-09-13 22:16:22,076 ignn.models.IGNN:215] epoch:792/best:629, loss:1.0099, train:0.6317, valid:0.4515/best:0.4698, test:0.4202/best:0.4247
[I 2026-09-13 22:16:22,099 ignn.models.IGNN:215] epoch:793/best:629, loss:1.0183, train:0.6307, valid:0.4487/best:0.4698, test:0.4112/best:0.4247
[I 2026-09-13 22:16:22,121 ignn.models.IGNN:215] epoch:794/best:629, loss:1.0797, train:0.6317, valid:0.4416/best:0.4698, test:0.4202/best:0.4247
[I 2026-09-13 22:16:22,144 ignn.models.IGNN:215] epoch:795/best:629, loss:1.0149, train:0.6410, valid:0.4416/best:0.4698, test:0.4112/best:0.4247
[I 2026-09-13 22:16:22,167 ignn.models.IGNN:215] epoch:796/best:629, loss:1.0350, train:0.6401, valid:0.4473/best:0.4698, test:0.4090/best:0.4247
[I 2026-09-13 22:16:22,190 ignn.models.IGNN:215] epoch:797/best:629, loss:1.0328, train:0.6307, valid:0.4444/best:0.4698, test:0.4000/best:0.4247
[I 2026-09-13 22:16:22,213 ignn.models.IGNN:215] epoch:798/best:629, loss:1.0010, train:0.6270, valid:0.4430/best:0.4698, test:0.4000/best:0.4247
[I 2026-09-13 22:16:22,235 ignn.models.IGNN:215] epoch:799/best:629, loss:1.0368, train:0.6092, valid:0.4487/best:0.4698, test:0.4045/best:0.4247
[I 2026-09-13 22:16:22,258 ignn.models.IGNN:215] epoch:800/best:629, loss:1.0034, train:0.5942, valid:0.4402/best:0.4698, test:0.4067/best:0.4247
[I 2026-09-13 22:16:22,281 ignn.models.IGNN:215] epoch:801/best:629, loss:1.0447, train:0.5867, valid:0.4191/best:0.4698, test:0.4112/best:0.4247
[I 2026-09-13 22:16:22,303 ignn.models.IGNN:215] epoch:802/best:629, loss:1.0128, train:0.5876, valid:0.4233/best:0.4698, test:0.4067/best:0.4247
[I 2026-09-13 22:16:22,326 ignn.models.IGNN:215] epoch:803/best:629, loss:1.0551, train:0.6092, valid:0.4374/best:0.4698, test:0.4112/best:0.4247
[I 2026-09-13 22:16:22,349 ignn.models.IGNN:215] epoch:804/best:629, loss:1.0490, train:0.6392, valid:0.4473/best:0.4698, test:0.4090/best:0.4247
[I 2026-09-13 22:16:22,372 ignn.models.IGNN:215] epoch:805/best:629, loss:1.0144, train:0.6410, valid:0.4430/best:0.4698, test:0.4022/best:0.4247
[I 2026-09-13 22:16:22,395 ignn.models.IGNN:215] epoch:806/best:629, loss:1.0248, train:0.6232, valid:0.4444/best:0.4698, test:0.4090/best:0.4247
[I 2026-09-13 22:16:22,417 ignn.models.IGNN:215] epoch:807/best:629, loss:1.0246, train:0.6092, valid:0.4388/best:0.4698, test:0.4045/best:0.4247
[I 2026-09-13 22:16:22,593 ignn.models.IGNN:215] epoch:808/best:629, loss:1.0393, train:0.5914, valid:0.4233/best:0.4698, test:0.4090/best:0.4247
[I 2026-09-13 22:16:22,616 ignn.models.IGNN:215] epoch:809/best:629, loss:1.0262, train:0.5886, valid:0.4248/best:0.4698, test:0.4067/best:0.4247
[I 2026-09-13 22:16:22,639 ignn.models.IGNN:215] epoch:810/best:629, loss:1.0347, train:0.6101, valid:0.4444/best:0.4698, test:0.4157/best:0.4247
[I 2026-09-13 22:16:22,662 ignn.models.IGNN:215] epoch:811/best:629, loss:1.0245, train:0.6336, valid:0.4430/best:0.4698, test:0.4202/best:0.4247
[I 2026-09-13 22:16:22,685 ignn.models.IGNN:215] epoch:812/best:629, loss:1.0073, train:0.6523, valid:0.4473/best:0.4698, test:0.4180/best:0.4247
[I 2026-09-13 22:16:22,708 ignn.models.IGNN:215] epoch:813/best:629, loss:1.0136, train:0.6617, valid:0.4487/best:0.4698, test:0.4180/best:0.4247
[I 2026-09-13 22:16:22,730 ignn.models.IGNN:215] epoch:814/best:629, loss:1.0523, train:0.6485, valid:0.4543/best:0.4698, test:0.4315/best:0.4247
[I 2026-09-13 22:16:22,754 ignn.models.IGNN:215] epoch:815/best:629, loss:1.0248, train:0.6223, valid:0.4585/best:0.4698, test:0.4045/best:0.4247
[I 2026-09-13 22:16:22,777 ignn.models.IGNN:215] epoch:816/best:629, loss:1.0456, train:0.5886, valid:0.4346/best:0.4698, test:0.3955/best:0.4247
[I 2026-09-13 22:16:22,800 ignn.models.IGNN:215] epoch:817/best:629, loss:1.0011, train:0.5623, valid:0.4374/best:0.4698, test:0.3933/best:0.4247
[I 2026-09-13 22:16:22,823 ignn.models.IGNN:215] epoch:818/best:629, loss:1.0593, train:0.5745, valid:0.4374/best:0.4698, test:0.4000/best:0.4247
[I 2026-09-13 22:16:22,846 ignn.models.IGNN:215] epoch:819/best:629, loss:1.0785, train:0.6186, valid:0.4613/best:0.4698, test:0.4135/best:0.4247
[I 2026-09-13 22:16:22,869 ignn.models.IGNN:215] epoch:820/best:629, loss:0.9979, train:0.6589, valid:0.4557/best:0.4698, test:0.4247/best:0.4247
[I 2026-09-13 22:16:22,892 ignn.models.IGNN:215] epoch:821/best:629, loss:1.0200, train:0.6785, valid:0.4473/best:0.4698, test:0.4202/best:0.4247
[I 2026-09-13 22:16:22,914 ignn.models.IGNN:215] epoch:822/best:629, loss:1.0307, train:0.6748, valid:0.4473/best:0.4698, test:0.4135/best:0.4247
[I 2026-09-13 22:16:22,938 ignn.models.IGNN:215] epoch:823/best:629, loss:1.0397, train:0.6523, valid:0.4459/best:0.4698, test:0.4247/best:0.4247
[I 2026-09-13 22:16:22,961 ignn.models.IGNN:215] epoch:824/best:629, loss:1.0295, train:0.6289, valid:0.4416/best:0.4698, test:0.4112/best:0.4247
[I 2026-09-13 22:16:22,984 ignn.models.IGNN:215] epoch:825/best:629, loss:1.0247, train:0.6111, valid:0.4473/best:0.4698, test:0.3978/best:0.4247
[I 2026-09-13 22:16:23,007 ignn.models.IGNN:215] epoch:826/best:629, loss:1.0219, train:0.6073, valid:0.4459/best:0.4698, test:0.3910/best:0.4247
[I 2026-09-13 22:16:23,030 ignn.models.IGNN:215] epoch:827/best:629, loss:1.0679, train:0.6223, valid:0.4473/best:0.4698, test:0.4045/best:0.4247
[I 2026-09-13 22:16:23,052 ignn.models.IGNN:215] epoch:828/best:629, loss:1.0059, train:0.6410, valid:0.4459/best:0.4698, test:0.4090/best:0.4247
[I 2026-09-13 22:16:23,076 ignn.models.IGNN:215] epoch:829/best:629, loss:1.0736, train:0.6457, valid:0.4416/best:0.4698, test:0.4022/best:0.4247
[I 2026-09-13 22:16:23,076 ignn.models.IGNN:222] Early Stopping! Best Epoch: 629, best val acc: 0.4698, test acc: 0.4247
[I 2026-09-13 22:16:23,077 ignn.models.IGNN:234] 10 epoch cost: 0.2723s.
[I 2026-09-13 22:16:23,089 __main__:210] squirrel_critical 4 res: 0.4247191011235955


[I 2026-09-13 22:16:23,126 ignn.models.IGNN:215] epoch:0/best:0, loss:1.6121, train:0.3402, valid:0.3558/best:0.3558, test:0.3146/best:0.3146
[I 2026-09-13 22:16:23,151 ignn.models.IGNN:215] epoch:1/best:1, loss:1.5918, train:0.3402, valid:0.3558/best:0.3558, test:0.3146/best:0.3146
[I 2026-09-13 22:16:23,175 ignn.models.IGNN:215] epoch:2/best:2, loss:1.5764, train:0.3402, valid:0.3558/best:0.3558, test:0.3146/best:0.3146
[I 2026-09-13 22:16:23,199 ignn.models.IGNN:215] epoch:3/best:3, loss:1.5610, train:0.3402, valid:0.3558/best:0.3558, test:0.3146/best:0.3146
[I 2026-09-13 22:16:23,223 ignn.models.IGNN:215] epoch:4/best:4, loss:1.5569, train:0.3402, valid:0.3558/best:0.3558, test:0.3146/best:0.3146
[I 2026-09-13 22:16:23,248 ignn.models.IGNN:215] epoch:5/best:5, loss:1.5458, train:0.3402, valid:0.3558/best:0.3558, test:0.3146/best:0.3146
[I 2026-09-13 22:16:23,272 ignn.models.IGNN:215] epoch:6/best:6, loss:1.5396, train:0.3402, valid:0.3558/best:0.3558, test:0.3146/best:0.3146
[I 2026-09-13 22:16:23,296 ignn.models.IGNN:215] epoch:7/best:7, loss:1.5220, train:0.3402, valid:0.3572/best:0.3572, test:0.3146/best:0.3146
[I 2026-09-13 22:16:23,321 ignn.models.IGNN:215] epoch:8/best:8, loss:1.5093, train:0.3411, valid:0.3572/best:0.3572, test:0.3146/best:0.3146
[I 2026-09-13 22:16:23,345 ignn.models.IGNN:215] epoch:9/best:9, loss:1.4954, train:0.3458, valid:0.3629/best:0.3629, test:0.3146/best:0.3146
[I 2026-09-13 22:16:23,369 ignn.models.IGNN:215] epoch:10/best:10, loss:1.4935, train:0.3552, valid:0.3713/best:0.3713, test:0.3213/best:0.3213
[I 2026-09-13 22:16:23,394 ignn.models.IGNN:215] epoch:11/best:11, loss:1.4774, train:0.3674, valid:0.3797/best:0.3797, test:0.3393/best:0.3393
[I 2026-09-13 22:16:23,571 ignn.models.IGNN:215] epoch:12/best:12, loss:1.4776, train:0.3768, valid:0.3840/best:0.3840, test:0.3528/best:0.3528
[I 2026-09-13 22:16:23,596 ignn.models.IGNN:215] epoch:13/best:13, loss:1.4549, train:0.3899, valid:0.3896/best:0.3896, test:0.3618/best:0.3618
[I 2026-09-13 22:16:23,620 ignn.models.IGNN:215] epoch:14/best:14, loss:1.4329, train:0.4086, valid:0.4065/best:0.4065, test:0.3798/best:0.3798
[I 2026-09-13 22:16:23,645 ignn.models.IGNN:215] epoch:15/best:15, loss:1.4199, train:0.4236, valid:0.4332/best:0.4332, test:0.3888/best:0.3888
[I 2026-09-13 22:16:23,667 ignn.models.IGNN:215] epoch:16/best:15, loss:1.4205, train:0.4021, valid:0.4079/best:0.4332, test:0.3730/best:0.3888
[I 2026-09-13 22:16:23,690 ignn.models.IGNN:215] epoch:17/best:15, loss:1.3935, train:0.4189, valid:0.4219/best:0.4332, test:0.3798/best:0.3888
[I 2026-09-13 22:16:23,715 ignn.models.IGNN:215] epoch:18/best:18, loss:1.3829, train:0.4274, valid:0.4346/best:0.4346, test:0.4000/best:0.4000
[I 2026-09-13 22:16:23,738 ignn.models.IGNN:215] epoch:19/best:18, loss:1.3979, train:0.4086, valid:0.4121/best:0.4346, test:0.3730/best:0.4000
[I 2026-09-13 22:16:23,761 ignn.models.IGNN:215] epoch:20/best:18, loss:1.3711, train:0.4264, valid:0.4248/best:0.4346, test:0.3865/best:0.4000
[I 2026-09-13 22:16:23,785 ignn.models.IGNN:215] epoch:21/best:21, loss:1.3779, train:0.4227, valid:0.4402/best:0.4402, test:0.3978/best:0.3978
[I 2026-09-13 22:16:23,808 ignn.models.IGNN:215] epoch:22/best:21, loss:1.3641, train:0.4199, valid:0.4360/best:0.4402, test:0.3978/best:0.3978
[I 2026-09-13 22:16:23,831 ignn.models.IGNN:215] epoch:23/best:21, loss:1.3348, train:0.4217, valid:0.4262/best:0.4402, test:0.3843/best:0.3978
[I 2026-09-13 22:16:23,854 ignn.models.IGNN:215] epoch:24/best:21, loss:1.3671, train:0.4274, valid:0.4304/best:0.4402, test:0.4022/best:0.3978
[I 2026-09-13 22:16:23,877 ignn.models.IGNN:215] epoch:25/best:21, loss:1.3365, train:0.4302, valid:0.4332/best:0.4402, test:0.4022/best:0.3978
[I 2026-09-13 22:16:23,900 ignn.models.IGNN:215] epoch:26/best:21, loss:1.3319, train:0.4227, valid:0.4262/best:0.4402, test:0.4067/best:0.3978
[I 2026-09-13 22:16:23,922 ignn.models.IGNN:215] epoch:27/best:21, loss:1.3376, train:0.4180, valid:0.4093/best:0.4402, test:0.3865/best:0.3978
[I 2026-09-13 22:16:23,945 ignn.models.IGNN:215] epoch:28/best:21, loss:1.3390, train:0.4217, valid:0.4177/best:0.4402, test:0.3910/best:0.3978
[I 2026-09-13 22:16:23,968 ignn.models.IGNN:215] epoch:29/best:21, loss:1.3269, train:0.4274, valid:0.4205/best:0.4402, test:0.3978/best:0.3978
[I 2026-09-13 22:16:23,991 ignn.models.IGNN:215] epoch:30/best:21, loss:1.3491, train:0.4217, valid:0.4290/best:0.4402, test:0.3955/best:0.3978
[I 2026-09-13 22:16:24,014 ignn.models.IGNN:215] epoch:31/best:21, loss:1.3242, train:0.4227, valid:0.4051/best:0.4402, test:0.3933/best:0.3978
[I 2026-09-13 22:16:24,036 ignn.models.IGNN:215] epoch:32/best:21, loss:1.3173, train:0.4292, valid:0.4262/best:0.4402, test:0.3865/best:0.3978
[I 2026-09-13 22:16:24,059 ignn.models.IGNN:215] epoch:33/best:21, loss:1.3069, train:0.4367, valid:0.4388/best:0.4402, test:0.4157/best:0.3978
[I 2026-09-13 22:16:24,082 ignn.models.IGNN:215] epoch:34/best:21, loss:1.2947, train:0.4414, valid:0.4205/best:0.4402, test:0.3978/best:0.3978
[I 2026-09-13 22:16:24,105 ignn.models.IGNN:215] epoch:35/best:21, loss:1.3064, train:0.4442, valid:0.4191/best:0.4402, test:0.4000/best:0.3978
[I 2026-09-13 22:16:24,128 ignn.models.IGNN:215] epoch:36/best:21, loss:1.2921, train:0.4470, valid:0.4304/best:0.4402, test:0.4045/best:0.3978
[I 2026-09-13 22:16:24,150 ignn.models.IGNN:215] epoch:37/best:21, loss:1.2916, train:0.4461, valid:0.4276/best:0.4402, test:0.3933/best:0.3978
[I 2026-09-13 22:16:24,173 ignn.models.IGNN:215] epoch:38/best:21, loss:1.3043, train:0.4470, valid:0.4219/best:0.4402, test:0.3978/best:0.3978
[I 2026-09-13 22:16:24,196 ignn.models.IGNN:215] epoch:39/best:21, loss:1.2856, train:0.4424, valid:0.4388/best:0.4402, test:0.4022/best:0.3978
[I 2026-09-13 22:16:24,219 ignn.models.IGNN:215] epoch:40/best:21, loss:1.2657, train:0.4274, valid:0.3994/best:0.4402, test:0.3865/best:0.3978
[I 2026-09-13 22:16:24,242 ignn.models.IGNN:215] epoch:41/best:21, loss:1.2826, train:0.4264, valid:0.3910/best:0.4402, test:0.3775/best:0.3978
[I 2026-09-13 22:16:24,264 ignn.models.IGNN:215] epoch:42/best:21, loss:1.2576, train:0.4433, valid:0.4121/best:0.4402, test:0.4000/best:0.3978
[I 2026-09-13 22:16:24,287 ignn.models.IGNN:215] epoch:43/best:21, loss:1.2803, train:0.4611, valid:0.4276/best:0.4402, test:0.4270/best:0.3978
[I 2026-09-13 22:16:24,310 ignn.models.IGNN:215] epoch:44/best:21, loss:1.2767, train:0.4405, valid:0.4051/best:0.4402, test:0.3955/best:0.3978
[I 2026-09-13 22:16:24,333 ignn.models.IGNN:215] epoch:45/best:21, loss:1.2597, train:0.4171, valid:0.3910/best:0.4402, test:0.3820/best:0.3978
[I 2026-09-13 22:16:24,356 ignn.models.IGNN:215] epoch:46/best:21, loss:1.2899, train:0.4508, valid:0.4205/best:0.4402, test:0.4045/best:0.3978
[I 2026-09-13 22:16:24,538 ignn.models.IGNN:215] epoch:47/best:47, loss:1.2712, train:0.4705, valid:0.4430/best:0.4430, test:0.4382/best:0.4382
[I 2026-09-13 22:16:24,563 ignn.models.IGNN:215] epoch:48/best:47, loss:1.2643, train:0.4480, valid:0.4163/best:0.4430, test:0.3978/best:0.4382
[I 2026-09-13 22:16:24,586 ignn.models.IGNN:215] epoch:49/best:47, loss:1.2449, train:0.4133, valid:0.3994/best:0.4430, test:0.3708/best:0.4382
[I 2026-09-13 22:16:24,609 ignn.models.IGNN:215] epoch:50/best:47, loss:1.2443, train:0.4189, valid:0.3994/best:0.4430, test:0.3753/best:0.4382
[I 2026-09-13 22:16:24,632 ignn.models.IGNN:215] epoch:51/best:47, loss:1.2769, train:0.4536, valid:0.4205/best:0.4430, test:0.4067/best:0.4382
[I 2026-09-13 22:16:24,655 ignn.models.IGNN:215] epoch:52/best:47, loss:1.2536, train:0.4733, valid:0.4304/best:0.4430, test:0.4270/best:0.4382
[I 2026-09-13 22:16:24,678 ignn.models.IGNN:215] epoch:53/best:47, loss:1.2647, train:0.4761, valid:0.4163/best:0.4430, test:0.4315/best:0.4382
[I 2026-09-13 22:16:24,701 ignn.models.IGNN:215] epoch:54/best:47, loss:1.2655, train:0.4405, valid:0.4051/best:0.4430, test:0.3865/best:0.4382
[I 2026-09-13 22:16:24,724 ignn.models.IGNN:215] epoch:55/best:47, loss:1.2436, train:0.4152, valid:0.4008/best:0.4430, test:0.3775/best:0.4382
[I 2026-09-13 22:16:24,746 ignn.models.IGNN:215] epoch:56/best:47, loss:1.2498, train:0.4217, valid:0.4051/best:0.4430, test:0.3753/best:0.4382
[I 2026-09-13 22:16:24,769 ignn.models.IGNN:215] epoch:57/best:47, loss:1.2672, train:0.4695, valid:0.4177/best:0.4430, test:0.4112/best:0.4382
[I 2026-09-13 22:16:24,792 ignn.models.IGNN:215] epoch:58/best:47, loss:1.2446, train:0.4855, valid:0.4191/best:0.4430, test:0.4270/best:0.4382
[I 2026-09-13 22:16:24,815 ignn.models.IGNN:215] epoch:59/best:47, loss:1.2427, train:0.4742, valid:0.4149/best:0.4430, test:0.4225/best:0.4382
[I 2026-09-13 22:16:24,838 ignn.models.IGNN:215] epoch:60/best:47, loss:1.2306, train:0.4705, valid:0.4135/best:0.4430, test:0.4067/best:0.4382
[I 2026-09-13 22:16:24,861 ignn.models.IGNN:215] epoch:61/best:47, loss:1.2611, train:0.4574, valid:0.4079/best:0.4430, test:0.3933/best:0.4382
[I 2026-09-13 22:16:24,884 ignn.models.IGNN:215] epoch:62/best:47, loss:1.2638, train:0.4705, valid:0.4219/best:0.4430, test:0.4315/best:0.4382
[I 2026-09-13 22:16:24,907 ignn.models.IGNN:215] epoch:63/best:47, loss:1.2369, train:0.4808, valid:0.4219/best:0.4430, test:0.4404/best:0.4382
[I 2026-09-13 22:16:24,930 ignn.models.IGNN:215] epoch:64/best:47, loss:1.2418, train:0.4845, valid:0.4276/best:0.4430, test:0.4427/best:0.4382
[I 2026-09-13 22:16:24,953 ignn.models.IGNN:215] epoch:65/best:47, loss:1.2495, train:0.4639, valid:0.4205/best:0.4430, test:0.3978/best:0.4382
[I 2026-09-13 22:16:24,976 ignn.models.IGNN:215] epoch:66/best:47, loss:1.2314, train:0.4283, valid:0.4093/best:0.4430, test:0.3798/best:0.4382
[I 2026-09-13 22:16:24,999 ignn.models.IGNN:215] epoch:67/best:47, loss:1.2275, train:0.4255, valid:0.4079/best:0.4430, test:0.3798/best:0.4382
[I 2026-09-13 22:16:25,022 ignn.models.IGNN:215] epoch:68/best:47, loss:1.2365, train:0.4620, valid:0.4135/best:0.4430, test:0.4000/best:0.4382
[I 2026-09-13 22:16:25,045 ignn.models.IGNN:215] epoch:69/best:47, loss:1.2377, train:0.4827, valid:0.4233/best:0.4430, test:0.4472/best:0.4382
[I 2026-09-13 22:16:25,067 ignn.models.IGNN:215] epoch:70/best:47, loss:1.2176, train:0.4958, valid:0.4290/best:0.4430, test:0.4382/best:0.4382
[I 2026-09-13 22:16:25,090 ignn.models.IGNN:215] epoch:71/best:47, loss:1.2402, train:0.4864, valid:0.4262/best:0.4430, test:0.4449/best:0.4382
[I 2026-09-13 22:16:25,113 ignn.models.IGNN:215] epoch:72/best:47, loss:1.2317, train:0.4620, valid:0.4248/best:0.4430, test:0.4135/best:0.4382
[I 2026-09-13 22:16:25,136 ignn.models.IGNN:215] epoch:73/best:47, loss:1.2307, train:0.4545, valid:0.4135/best:0.4430, test:0.4157/best:0.4382
[I 2026-09-13 22:16:25,159 ignn.models.IGNN:215] epoch:74/best:47, loss:1.2163, train:0.4517, valid:0.4149/best:0.4430, test:0.4112/best:0.4382
[I 2026-09-13 22:16:25,181 ignn.models.IGNN:215] epoch:75/best:47, loss:1.2067, train:0.4527, valid:0.4163/best:0.4430, test:0.4112/best:0.4382
[I 2026-09-13 22:16:25,204 ignn.models.IGNN:215] epoch:76/best:47, loss:1.2138, train:0.4620, valid:0.4276/best:0.4430, test:0.4180/best:0.4382
[I 2026-09-13 22:16:25,227 ignn.models.IGNN:215] epoch:77/best:47, loss:1.2228, train:0.4883, valid:0.4290/best:0.4430, test:0.4292/best:0.4382
[I 2026-09-13 22:16:25,250 ignn.models.IGNN:215] epoch:78/best:47, loss:1.2362, train:0.4817, valid:0.4219/best:0.4430, test:0.4292/best:0.4382
[I 2026-09-13 22:16:25,272 ignn.models.IGNN:215] epoch:79/best:47, loss:1.2154, train:0.4667, valid:0.4205/best:0.4430, test:0.4022/best:0.4382
[I 2026-09-13 22:16:25,295 ignn.models.IGNN:215] epoch:80/best:47, loss:1.2069, train:0.4517, valid:0.4051/best:0.4430, test:0.3955/best:0.4382
[I 2026-09-13 22:16:25,318 ignn.models.IGNN:215] epoch:81/best:47, loss:1.2240, train:0.4377, valid:0.4121/best:0.4430, test:0.3865/best:0.4382
[I 2026-09-13 22:16:25,341 ignn.models.IGNN:215] epoch:82/best:47, loss:1.2143, train:0.4620, valid:0.4079/best:0.4430, test:0.3955/best:0.4382
[I 2026-09-13 22:16:25,518 ignn.models.IGNN:215] epoch:83/best:47, loss:1.2164, train:0.4761, valid:0.4219/best:0.4430, test:0.4180/best:0.4382
[I 2026-09-13 22:16:25,541 ignn.models.IGNN:215] epoch:84/best:47, loss:1.2170, train:0.4836, valid:0.4248/best:0.4430, test:0.4202/best:0.4382
[I 2026-09-13 22:16:25,564 ignn.models.IGNN:215] epoch:85/best:47, loss:1.2280, train:0.4742, valid:0.4191/best:0.4430, test:0.4180/best:0.4382
[I 2026-09-13 22:16:25,587 ignn.models.IGNN:215] epoch:86/best:47, loss:1.1962, train:0.4686, valid:0.4177/best:0.4430, test:0.4067/best:0.4382
[I 2026-09-13 22:16:25,610 ignn.models.IGNN:215] epoch:87/best:47, loss:1.2047, train:0.4527, valid:0.4079/best:0.4430, test:0.4067/best:0.4382
[I 2026-09-13 22:16:25,633 ignn.models.IGNN:215] epoch:88/best:47, loss:1.2475, train:0.4564, valid:0.4093/best:0.4430, test:0.4112/best:0.4382
[I 2026-09-13 22:16:25,656 ignn.models.IGNN:215] epoch:89/best:47, loss:1.2079, train:0.4639, valid:0.4233/best:0.4430, test:0.4135/best:0.4382
[I 2026-09-13 22:16:25,679 ignn.models.IGNN:215] epoch:90/best:47, loss:1.2308, train:0.4920, valid:0.4276/best:0.4430, test:0.4247/best:0.4382
[I 2026-09-13 22:16:25,702 ignn.models.IGNN:215] epoch:91/best:47, loss:1.2167, train:0.4892, valid:0.4304/best:0.4430, test:0.4202/best:0.4382
[I 2026-09-13 22:16:25,726 ignn.models.IGNN:215] epoch:92/best:47, loss:1.2266, train:0.4930, valid:0.4332/best:0.4430, test:0.4180/best:0.4382
[I 2026-09-13 22:16:25,749 ignn.models.IGNN:215] epoch:93/best:47, loss:1.2095, train:0.4883, valid:0.4262/best:0.4430, test:0.4225/best:0.4382
[I 2026-09-13 22:16:25,771 ignn.models.IGNN:215] epoch:94/best:47, loss:1.2159, train:0.4799, valid:0.4262/best:0.4430, test:0.4180/best:0.4382
[I 2026-09-13 22:16:25,794 ignn.models.IGNN:215] epoch:95/best:47, loss:1.2038, train:0.4658, valid:0.4191/best:0.4430, test:0.4180/best:0.4382
[I 2026-09-13 22:16:25,817 ignn.models.IGNN:215] epoch:96/best:47, loss:1.2139, train:0.4677, valid:0.4177/best:0.4430, test:0.4180/best:0.4382
[I 2026-09-13 22:16:25,840 ignn.models.IGNN:215] epoch:97/best:47, loss:1.1825, train:0.4733, valid:0.4219/best:0.4430, test:0.4202/best:0.4382
[I 2026-09-13 22:16:25,863 ignn.models.IGNN:215] epoch:98/best:47, loss:1.1852, train:0.4770, valid:0.4290/best:0.4430, test:0.4202/best:0.4382
[I 2026-09-13 22:16:25,885 ignn.models.IGNN:215] epoch:99/best:47, loss:1.2147, train:0.4855, valid:0.4360/best:0.4430, test:0.4225/best:0.4382
[I 2026-09-13 22:16:25,909 ignn.models.IGNN:215] epoch:100/best:47, loss:1.1804, train:0.4836, valid:0.4332/best:0.4430, test:0.4270/best:0.4382
[I 2026-09-13 22:16:25,932 ignn.models.IGNN:215] epoch:101/best:47, loss:1.2045, train:0.4733, valid:0.4374/best:0.4430, test:0.4315/best:0.4382
[I 2026-09-13 22:16:25,956 ignn.models.IGNN:215] epoch:102/best:47, loss:1.2066, train:0.4714, valid:0.4248/best:0.4430, test:0.4247/best:0.4382
[I 2026-09-13 22:16:25,979 ignn.models.IGNN:215] epoch:103/best:47, loss:1.2035, train:0.4780, valid:0.4346/best:0.4430, test:0.4247/best:0.4382
[I 2026-09-13 22:16:26,001 ignn.models.IGNN:215] epoch:104/best:47, loss:1.1984, train:0.4873, valid:0.4290/best:0.4430, test:0.4315/best:0.4382
[I 2026-09-13 22:16:26,024 ignn.models.IGNN:215] epoch:105/best:47, loss:1.2346, train:0.4808, valid:0.4262/best:0.4430, test:0.4202/best:0.4382
[I 2026-09-13 22:16:26,048 ignn.models.IGNN:215] epoch:106/best:47, loss:1.2049, train:0.4714, valid:0.4233/best:0.4430, test:0.4225/best:0.4382
[I 2026-09-13 22:16:26,071 ignn.models.IGNN:215] epoch:107/best:47, loss:1.1983, train:0.4620, valid:0.4135/best:0.4430, test:0.4090/best:0.4382
[I 2026-09-13 22:16:26,094 ignn.models.IGNN:215] epoch:108/best:47, loss:1.1974, train:0.4536, valid:0.4121/best:0.4430, test:0.3933/best:0.4382
[I 2026-09-13 22:16:26,117 ignn.models.IGNN:215] epoch:109/best:47, loss:1.2136, train:0.4630, valid:0.4163/best:0.4430, test:0.4000/best:0.4382
[I 2026-09-13 22:16:26,140 ignn.models.IGNN:215] epoch:110/best:47, loss:1.1989, train:0.4920, valid:0.4248/best:0.4430, test:0.4247/best:0.4382
[I 2026-09-13 22:16:26,163 ignn.models.IGNN:215] epoch:111/best:47, loss:1.1807, train:0.4995, valid:0.4374/best:0.4430, test:0.4292/best:0.4382
[I 2026-09-13 22:16:26,186 ignn.models.IGNN:215] epoch:112/best:47, loss:1.1926, train:0.5023, valid:0.4360/best:0.4430, test:0.4247/best:0.4382
[I 2026-09-13 22:16:26,209 ignn.models.IGNN:215] epoch:113/best:47, loss:1.2215, train:0.4930, valid:0.4276/best:0.4430, test:0.4202/best:0.4382
[I 2026-09-13 22:16:26,232 ignn.models.IGNN:215] epoch:114/best:47, loss:1.1891, train:0.4545, valid:0.4149/best:0.4430, test:0.3955/best:0.4382
[I 2026-09-13 22:16:26,255 ignn.models.IGNN:215] epoch:115/best:47, loss:1.1945, train:0.4470, valid:0.4149/best:0.4430, test:0.3978/best:0.4382
[I 2026-09-13 22:16:26,278 ignn.models.IGNN:215] epoch:116/best:47, loss:1.1830, train:0.4611, valid:0.4177/best:0.4430, test:0.4045/best:0.4382
[I 2026-09-13 22:16:26,301 ignn.models.IGNN:215] epoch:117/best:47, loss:1.1787, train:0.4995, valid:0.4304/best:0.4430, test:0.4292/best:0.4382
[I 2026-09-13 22:16:26,477 ignn.models.IGNN:215] epoch:118/best:47, loss:1.1941, train:0.5023, valid:0.4346/best:0.4430, test:0.4270/best:0.4382
[I 2026-09-13 22:16:26,500 ignn.models.IGNN:215] epoch:119/best:47, loss:1.2149, train:0.5042, valid:0.4332/best:0.4430, test:0.4337/best:0.4382
[I 2026-09-13 22:16:26,523 ignn.models.IGNN:215] epoch:120/best:47, loss:1.1767, train:0.4883, valid:0.4276/best:0.4430, test:0.4180/best:0.4382
[I 2026-09-13 22:16:26,546 ignn.models.IGNN:215] epoch:121/best:47, loss:1.1466, train:0.4564, valid:0.4135/best:0.4430, test:0.3955/best:0.4382
[I 2026-09-13 22:16:26,569 ignn.models.IGNN:215] epoch:122/best:47, loss:1.1804, train:0.4639, valid:0.4163/best:0.4430, test:0.3933/best:0.4382
[I 2026-09-13 22:16:26,591 ignn.models.IGNN:215] epoch:123/best:47, loss:1.2113, train:0.5023, valid:0.4262/best:0.4430, test:0.4270/best:0.4382
[I 2026-09-13 22:16:26,614 ignn.models.IGNN:215] epoch:124/best:47, loss:1.2004, train:0.5267, valid:0.4346/best:0.4430, test:0.4292/best:0.4382
[I 2026-09-13 22:16:26,637 ignn.models.IGNN:215] epoch:125/best:47, loss:1.2142, train:0.5164, valid:0.4290/best:0.4430, test:0.4315/best:0.4382
[I 2026-09-13 22:16:26,660 ignn.models.IGNN:215] epoch:126/best:47, loss:1.2226, train:0.4948, valid:0.4219/best:0.4430, test:0.4202/best:0.4382
[I 2026-09-13 22:16:26,683 ignn.models.IGNN:215] epoch:127/best:47, loss:1.1959, train:0.4630, valid:0.4191/best:0.4430, test:0.3910/best:0.4382
[I 2026-09-13 22:16:26,705 ignn.models.IGNN:215] epoch:128/best:47, loss:1.1807, train:0.4639, valid:0.4191/best:0.4430, test:0.3910/best:0.4382
[I 2026-09-13 22:16:26,728 ignn.models.IGNN:215] epoch:129/best:47, loss:1.1863, train:0.5005, valid:0.4262/best:0.4430, test:0.4180/best:0.4382
[I 2026-09-13 22:16:26,751 ignn.models.IGNN:215] epoch:130/best:47, loss:1.1898, train:0.5108, valid:0.4388/best:0.4430, test:0.4360/best:0.4382
[I 2026-09-13 22:16:26,774 ignn.models.IGNN:215] epoch:131/best:47, loss:1.2048, train:0.5117, valid:0.4388/best:0.4430, test:0.4337/best:0.4382
[I 2026-09-13 22:16:26,796 ignn.models.IGNN:215] epoch:132/best:47, loss:1.1892, train:0.5052, valid:0.4374/best:0.4430, test:0.4292/best:0.4382
[I 2026-09-13 22:16:26,819 ignn.models.IGNN:215] epoch:133/best:47, loss:1.1886, train:0.4911, valid:0.4332/best:0.4430, test:0.4157/best:0.4382
[I 2026-09-13 22:16:26,842 ignn.models.IGNN:215] epoch:134/best:47, loss:1.1779, train:0.4770, valid:0.4262/best:0.4430, test:0.4000/best:0.4382
[I 2026-09-13 22:16:26,865 ignn.models.IGNN:215] epoch:135/best:47, loss:1.2060, train:0.4817, valid:0.4276/best:0.4430, test:0.4135/best:0.4382
[I 2026-09-13 22:16:26,889 ignn.models.IGNN:215] epoch:136/best:136, loss:1.1944, train:0.5070, valid:0.4430/best:0.4430, test:0.4270/best:0.4270
[I 2026-09-13 22:16:26,913 ignn.models.IGNN:215] epoch:137/best:137, loss:1.2076, train:0.5314, valid:0.4430/best:0.4430, test:0.4404/best:0.4404
[I 2026-09-13 22:16:26,937 ignn.models.IGNN:215] epoch:138/best:138, loss:1.1768, train:0.5276, valid:0.4459/best:0.4459, test:0.4382/best:0.4382
[I 2026-09-13 22:16:26,960 ignn.models.IGNN:215] epoch:139/best:138, loss:1.1792, train:0.5052, valid:0.4304/best:0.4459, test:0.4337/best:0.4382
[I 2026-09-13 22:16:26,982 ignn.models.IGNN:215] epoch:140/best:138, loss:1.1707, train:0.4799, valid:0.4219/best:0.4459, test:0.4000/best:0.4382
[I 2026-09-13 22:16:27,005 ignn.models.IGNN:215] epoch:141/best:138, loss:1.1588, train:0.4892, valid:0.4233/best:0.4459, test:0.4045/best:0.4382
[I 2026-09-13 22:16:27,028 ignn.models.IGNN:215] epoch:142/best:138, loss:1.2016, train:0.5108, valid:0.4276/best:0.4459, test:0.4135/best:0.4382
[I 2026-09-13 22:16:27,052 ignn.models.IGNN:215] epoch:143/best:143, loss:1.2052, train:0.5211, valid:0.4459/best:0.4459, test:0.4180/best:0.4180
[I 2026-09-13 22:16:27,075 ignn.models.IGNN:215] epoch:144/best:143, loss:1.1778, train:0.5211, valid:0.4416/best:0.4459, test:0.4180/best:0.4180
[I 2026-09-13 22:16:27,098 ignn.models.IGNN:215] epoch:145/best:143, loss:1.1698, train:0.5117, valid:0.4332/best:0.4459, test:0.4157/best:0.4180
[I 2026-09-13 22:16:27,120 ignn.models.IGNN:215] epoch:146/best:143, loss:1.1823, train:0.5033, valid:0.4219/best:0.4459, test:0.4112/best:0.4180
[I 2026-09-13 22:16:27,143 ignn.models.IGNN:215] epoch:147/best:143, loss:1.1720, train:0.4977, valid:0.4248/best:0.4459, test:0.4022/best:0.4180
[I 2026-09-13 22:16:27,166 ignn.models.IGNN:215] epoch:148/best:143, loss:1.2031, train:0.5052, valid:0.4262/best:0.4459, test:0.4090/best:0.4180
[I 2026-09-13 22:16:27,189 ignn.models.IGNN:215] epoch:149/best:143, loss:1.1908, train:0.5248, valid:0.4332/best:0.4459, test:0.4202/best:0.4180
[I 2026-09-13 22:16:27,211 ignn.models.IGNN:215] epoch:150/best:143, loss:1.1824, train:0.5323, valid:0.4360/best:0.4459, test:0.4157/best:0.4180
[I 2026-09-13 22:16:27,234 ignn.models.IGNN:215] epoch:151/best:143, loss:1.1863, train:0.5295, valid:0.4318/best:0.4459, test:0.4180/best:0.4180
[I 2026-09-13 22:16:27,257 ignn.models.IGNN:215] epoch:152/best:143, loss:1.1973, train:0.5192, valid:0.4276/best:0.4459, test:0.4022/best:0.4180
[I 2026-09-13 22:16:27,280 ignn.models.IGNN:215] epoch:153/best:143, loss:1.1573, train:0.5164, valid:0.4276/best:0.4459, test:0.4067/best:0.4180
[I 2026-09-13 22:16:27,456 ignn.models.IGNN:215] epoch:154/best:143, loss:1.1587, train:0.5276, valid:0.4290/best:0.4459, test:0.4157/best:0.4180
[I 2026-09-13 22:16:27,479 ignn.models.IGNN:215] epoch:155/best:143, loss:1.1830, train:0.5183, valid:0.4248/best:0.4459, test:0.4135/best:0.4180
[I 2026-09-13 22:16:27,502 ignn.models.IGNN:215] epoch:156/best:143, loss:1.1964, train:0.5305, valid:0.4346/best:0.4459, test:0.4157/best:0.4180
[I 2026-09-13 22:16:27,525 ignn.models.IGNN:215] epoch:157/best:143, loss:1.1611, train:0.5258, valid:0.4374/best:0.4459, test:0.4157/best:0.4180
[I 2026-09-13 22:16:27,548 ignn.models.IGNN:215] epoch:158/best:143, loss:1.1968, train:0.5183, valid:0.4290/best:0.4459, test:0.4247/best:0.4180
[I 2026-09-13 22:16:27,570 ignn.models.IGNN:215] epoch:159/best:143, loss:1.1549, train:0.5164, valid:0.4276/best:0.4459, test:0.4270/best:0.4180
[I 2026-09-13 22:16:27,593 ignn.models.IGNN:215] epoch:160/best:143, loss:1.1770, train:0.5239, valid:0.4262/best:0.4459, test:0.4270/best:0.4180
[I 2026-09-13 22:16:27,616 ignn.models.IGNN:215] epoch:161/best:143, loss:1.1601, train:0.5426, valid:0.4388/best:0.4459, test:0.4292/best:0.4180
[I 2026-09-13 22:16:27,639 ignn.models.IGNN:215] epoch:162/best:143, loss:1.1773, train:0.5342, valid:0.4360/best:0.4459, test:0.4292/best:0.4180
[I 2026-09-13 22:16:27,661 ignn.models.IGNN:215] epoch:163/best:143, loss:1.1539, train:0.5276, valid:0.4360/best:0.4459, test:0.4247/best:0.4180
[I 2026-09-13 22:16:27,684 ignn.models.IGNN:215] epoch:164/best:143, loss:1.1609, train:0.5286, valid:0.4332/best:0.4459, test:0.4225/best:0.4180
[I 2026-09-13 22:16:27,707 ignn.models.IGNN:215] epoch:165/best:143, loss:1.1559, train:0.5211, valid:0.4191/best:0.4459, test:0.4292/best:0.4180
[I 2026-09-13 22:16:27,730 ignn.models.IGNN:215] epoch:166/best:143, loss:1.1512, train:0.5164, valid:0.4219/best:0.4459, test:0.4315/best:0.4180
[I 2026-09-13 22:16:27,753 ignn.models.IGNN:215] epoch:167/best:143, loss:1.1692, train:0.5201, valid:0.4177/best:0.4459, test:0.4337/best:0.4180
[I 2026-09-13 22:16:27,775 ignn.models.IGNN:215] epoch:168/best:143, loss:1.1666, train:0.5342, valid:0.4318/best:0.4459, test:0.4225/best:0.4180
[I 2026-09-13 22:16:27,798 ignn.models.IGNN:215] epoch:169/best:143, loss:1.1419, train:0.5258, valid:0.4318/best:0.4459, test:0.4247/best:0.4180
[I 2026-09-13 22:16:27,821 ignn.models.IGNN:215] epoch:170/best:143, loss:1.1716, train:0.5201, valid:0.4248/best:0.4459, test:0.4315/best:0.4180
[I 2026-09-13 22:16:27,844 ignn.models.IGNN:215] epoch:171/best:143, loss:1.1801, train:0.5127, valid:0.4219/best:0.4459, test:0.4247/best:0.4180
[I 2026-09-13 22:16:27,866 ignn.models.IGNN:215] epoch:172/best:143, loss:1.1696, train:0.5164, valid:0.4262/best:0.4459, test:0.4360/best:0.4180
[I 2026-09-13 22:16:27,889 ignn.models.IGNN:215] epoch:173/best:143, loss:1.1863, train:0.5258, valid:0.4346/best:0.4459, test:0.4292/best:0.4180
[I 2026-09-13 22:16:27,912 ignn.models.IGNN:215] epoch:174/best:143, loss:1.1590, train:0.5380, valid:0.4416/best:0.4459, test:0.4247/best:0.4180
[I 2026-09-13 22:16:27,935 ignn.models.IGNN:215] epoch:175/best:143, loss:1.1844, train:0.5295, valid:0.4304/best:0.4459, test:0.4270/best:0.4180
[I 2026-09-13 22:16:27,958 ignn.models.IGNN:215] epoch:176/best:143, loss:1.1513, train:0.5136, valid:0.4262/best:0.4459, test:0.4157/best:0.4180
[I 2026-09-13 22:16:27,981 ignn.models.IGNN:215] epoch:177/best:143, loss:1.1499, train:0.4958, valid:0.4219/best:0.4459, test:0.4157/best:0.4180
[I 2026-09-13 22:16:28,003 ignn.models.IGNN:215] epoch:178/best:143, loss:1.2109, train:0.5295, valid:0.4304/best:0.4459, test:0.4315/best:0.4180
[I 2026-09-13 22:16:28,026 ignn.models.IGNN:215] epoch:179/best:143, loss:1.1743, train:0.5473, valid:0.4430/best:0.4459, test:0.4270/best:0.4180
[I 2026-09-13 22:16:28,050 ignn.models.IGNN:215] epoch:180/best:180, loss:1.1619, train:0.5558, valid:0.4543/best:0.4543, test:0.4360/best:0.4360
[I 2026-09-13 22:16:28,073 ignn.models.IGNN:215] epoch:181/best:180, loss:1.1553, train:0.5380, valid:0.4416/best:0.4543, test:0.4270/best:0.4360
[I 2026-09-13 22:16:28,096 ignn.models.IGNN:215] epoch:182/best:180, loss:1.1628, train:0.5220, valid:0.4219/best:0.4543, test:0.4247/best:0.4360
[I 2026-09-13 22:16:28,119 ignn.models.IGNN:215] epoch:183/best:180, loss:1.1974, train:0.5061, valid:0.4248/best:0.4543, test:0.4112/best:0.4360
[I 2026-09-13 22:16:28,141 ignn.models.IGNN:215] epoch:184/best:180, loss:1.1493, train:0.5061, valid:0.4248/best:0.4543, test:0.4180/best:0.4360
[I 2026-09-13 22:16:28,164 ignn.models.IGNN:215] epoch:185/best:180, loss:1.1712, train:0.5183, valid:0.4219/best:0.4543, test:0.4090/best:0.4360
[I 2026-09-13 22:16:28,187 ignn.models.IGNN:215] epoch:186/best:180, loss:1.1732, train:0.5305, valid:0.4304/best:0.4543, test:0.4292/best:0.4360
[I 2026-09-13 22:16:28,210 ignn.models.IGNN:215] epoch:187/best:180, loss:1.1832, train:0.5380, valid:0.4332/best:0.4543, test:0.4202/best:0.4360
[I 2026-09-13 22:16:28,233 ignn.models.IGNN:215] epoch:188/best:180, loss:1.1696, train:0.5361, valid:0.4374/best:0.4543, test:0.4270/best:0.4360
[I 2026-09-13 22:16:28,255 ignn.models.IGNN:215] epoch:189/best:180, loss:1.1606, train:0.5258, valid:0.4332/best:0.4543, test:0.4180/best:0.4360
[I 2026-09-13 22:16:28,431 ignn.models.IGNN:215] epoch:190/best:180, loss:1.1423, train:0.5052, valid:0.4290/best:0.4543, test:0.4157/best:0.4360
[I 2026-09-13 22:16:28,454 ignn.models.IGNN:215] epoch:191/best:180, loss:1.1680, train:0.5117, valid:0.4304/best:0.4543, test:0.4180/best:0.4360
[I 2026-09-13 22:16:28,477 ignn.models.IGNN:215] epoch:192/best:180, loss:1.1847, train:0.5351, valid:0.4388/best:0.4543, test:0.4157/best:0.4360
[I 2026-09-13 22:16:28,499 ignn.models.IGNN:215] epoch:193/best:180, loss:1.1701, train:0.5436, valid:0.4473/best:0.4543, test:0.4202/best:0.4360
[I 2026-09-13 22:16:28,522 ignn.models.IGNN:215] epoch:194/best:180, loss:1.1752, train:0.5323, valid:0.4416/best:0.4543, test:0.4180/best:0.4360
[I 2026-09-13 22:16:28,545 ignn.models.IGNN:215] epoch:195/best:180, loss:1.1917, train:0.5211, valid:0.4346/best:0.4543, test:0.4225/best:0.4360
[I 2026-09-13 22:16:28,568 ignn.models.IGNN:215] epoch:196/best:180, loss:1.1769, train:0.5201, valid:0.4318/best:0.4543, test:0.4270/best:0.4360
[I 2026-09-13 22:16:28,591 ignn.models.IGNN:215] epoch:197/best:180, loss:1.1282, train:0.5211, valid:0.4332/best:0.4543, test:0.4247/best:0.4360
[I 2026-09-13 22:16:28,613 ignn.models.IGNN:215] epoch:198/best:180, loss:1.1767, train:0.5117, valid:0.4304/best:0.4543, test:0.4202/best:0.4360
[I 2026-09-13 22:16:28,636 ignn.models.IGNN:215] epoch:199/best:180, loss:1.1852, train:0.5351, valid:0.4346/best:0.4543, test:0.4180/best:0.4360
[I 2026-09-13 22:16:28,659 ignn.models.IGNN:215] epoch:200/best:180, loss:1.1478, train:0.5342, valid:0.4501/best:0.4543, test:0.4247/best:0.4360
[I 2026-09-13 22:16:28,683 ignn.models.IGNN:215] epoch:201/best:201, loss:1.1779, train:0.5342, valid:0.4557/best:0.4557, test:0.4382/best:0.4382
[I 2026-09-13 22:16:28,706 ignn.models.IGNN:215] epoch:202/best:201, loss:1.1512, train:0.5323, valid:0.4501/best:0.4557, test:0.4337/best:0.4382
[I 2026-09-13 22:16:28,729 ignn.models.IGNN:215] epoch:203/best:201, loss:1.1583, train:0.5305, valid:0.4416/best:0.4557, test:0.4360/best:0.4382
[I 2026-09-13 22:16:28,751 ignn.models.IGNN:215] epoch:204/best:201, loss:1.1671, train:0.5295, valid:0.4374/best:0.4557, test:0.4360/best:0.4382
[I 2026-09-13 22:16:28,774 ignn.models.IGNN:215] epoch:205/best:201, loss:1.1306, train:0.5201, valid:0.4233/best:0.4557, test:0.4202/best:0.4382
[I 2026-09-13 22:16:28,797 ignn.models.IGNN:215] epoch:206/best:201, loss:1.1528, train:0.5211, valid:0.4233/best:0.4557, test:0.4157/best:0.4382
[I 2026-09-13 22:16:28,820 ignn.models.IGNN:215] epoch:207/best:201, loss:1.1669, train:0.5389, valid:0.4332/best:0.4557, test:0.4270/best:0.4382
[I 2026-09-13 22:16:28,843 ignn.models.IGNN:215] epoch:208/best:201, loss:1.1849, train:0.5483, valid:0.4402/best:0.4557, test:0.4270/best:0.4382
[I 2026-09-13 22:16:28,865 ignn.models.IGNN:215] epoch:209/best:201, loss:1.1753, train:0.5614, valid:0.4346/best:0.4557, test:0.4292/best:0.4382
[I 2026-09-13 22:16:28,888 ignn.models.IGNN:215] epoch:210/best:201, loss:1.1786, train:0.5389, valid:0.4163/best:0.4557, test:0.4270/best:0.4382
[I 2026-09-13 22:16:28,911 ignn.models.IGNN:215] epoch:211/best:201, loss:1.1610, train:0.5323, valid:0.4191/best:0.4557, test:0.4135/best:0.4382
[I 2026-09-13 22:16:28,934 ignn.models.IGNN:215] epoch:212/best:201, loss:1.1812, train:0.5267, valid:0.4121/best:0.4557, test:0.4180/best:0.4382
[I 2026-09-13 22:16:28,957 ignn.models.IGNN:215] epoch:213/best:201, loss:1.1614, train:0.5408, valid:0.4262/best:0.4557, test:0.4247/best:0.4382
[I 2026-09-13 22:16:28,979 ignn.models.IGNN:215] epoch:214/best:201, loss:1.1847, train:0.5483, valid:0.4487/best:0.4557, test:0.4270/best:0.4382
[I 2026-09-13 22:16:29,002 ignn.models.IGNN:215] epoch:215/best:201, loss:1.1647, train:0.5436, valid:0.4543/best:0.4557, test:0.4270/best:0.4382
[I 2026-09-13 22:16:29,025 ignn.models.IGNN:215] epoch:216/best:201, loss:1.1593, train:0.5351, valid:0.4304/best:0.4557, test:0.4180/best:0.4382
[I 2026-09-13 22:16:29,048 ignn.models.IGNN:215] epoch:217/best:201, loss:1.1524, train:0.5220, valid:0.4276/best:0.4557, test:0.4270/best:0.4382
[I 2026-09-13 22:16:29,070 ignn.models.IGNN:215] epoch:218/best:201, loss:1.1621, train:0.5164, valid:0.4290/best:0.4557, test:0.4247/best:0.4382
[I 2026-09-13 22:16:29,093 ignn.models.IGNN:215] epoch:219/best:201, loss:1.1366, train:0.5230, valid:0.4248/best:0.4557, test:0.4225/best:0.4382
[I 2026-09-13 22:16:29,116 ignn.models.IGNN:215] epoch:220/best:201, loss:1.1909, train:0.5286, valid:0.4276/best:0.4557, test:0.4225/best:0.4382
[I 2026-09-13 22:16:29,139 ignn.models.IGNN:215] epoch:221/best:201, loss:1.1674, train:0.5314, valid:0.4262/best:0.4557, test:0.4292/best:0.4382
[I 2026-09-13 22:16:29,162 ignn.models.IGNN:215] epoch:222/best:201, loss:1.1533, train:0.5314, valid:0.4177/best:0.4557, test:0.4337/best:0.4382
[I 2026-09-13 22:16:29,184 ignn.models.IGNN:215] epoch:223/best:201, loss:1.1405, train:0.5323, valid:0.4219/best:0.4557, test:0.4315/best:0.4382
[I 2026-09-13 22:16:29,207 ignn.models.IGNN:215] epoch:224/best:201, loss:1.1431, train:0.5239, valid:0.4248/best:0.4557, test:0.4270/best:0.4382
[I 2026-09-13 22:16:29,230 ignn.models.IGNN:215] epoch:225/best:201, loss:1.1384, train:0.5258, valid:0.4233/best:0.4557, test:0.4247/best:0.4382
[I 2026-09-13 22:16:29,405 ignn.models.IGNN:215] epoch:226/best:201, loss:1.1736, train:0.5426, valid:0.4346/best:0.4557, test:0.4315/best:0.4382
[I 2026-09-13 22:16:29,429 ignn.models.IGNN:215] epoch:227/best:201, loss:1.1269, train:0.5492, valid:0.4374/best:0.4557, test:0.4247/best:0.4382
[I 2026-09-13 22:16:29,451 ignn.models.IGNN:215] epoch:228/best:201, loss:1.1610, train:0.5464, valid:0.4388/best:0.4557, test:0.4225/best:0.4382
[I 2026-09-13 22:16:29,474 ignn.models.IGNN:215] epoch:229/best:201, loss:1.1519, train:0.5389, valid:0.4360/best:0.4557, test:0.4112/best:0.4382
[I 2026-09-13 22:16:29,497 ignn.models.IGNN:215] epoch:230/best:201, loss:1.1418, train:0.5201, valid:0.4219/best:0.4557, test:0.4180/best:0.4382
[I 2026-09-13 22:16:29,520 ignn.models.IGNN:215] epoch:231/best:201, loss:1.1686, train:0.5295, valid:0.4304/best:0.4557, test:0.4090/best:0.4382
[I 2026-09-13 22:16:29,542 ignn.models.IGNN:215] epoch:232/best:201, loss:1.1400, train:0.5530, valid:0.4402/best:0.4557, test:0.4180/best:0.4382
[I 2026-09-13 22:16:29,565 ignn.models.IGNN:215] epoch:233/best:201, loss:1.1373, train:0.5586, valid:0.4459/best:0.4557, test:0.4247/best:0.4382
[I 2026-09-13 22:16:29,588 ignn.models.IGNN:215] epoch:234/best:201, loss:1.1717, train:0.5595, valid:0.4346/best:0.4557, test:0.4247/best:0.4382
[I 2026-09-13 22:16:29,611 ignn.models.IGNN:215] epoch:235/best:201, loss:1.1463, train:0.5417, valid:0.4205/best:0.4557, test:0.4180/best:0.4382
[I 2026-09-13 22:16:29,633 ignn.models.IGNN:215] epoch:236/best:201, loss:1.1194, train:0.5295, valid:0.4205/best:0.4557, test:0.4180/best:0.4382
[I 2026-09-13 22:16:29,656 ignn.models.IGNN:215] epoch:237/best:201, loss:1.1806, train:0.5370, valid:0.4233/best:0.4557, test:0.4067/best:0.4382
[I 2026-09-13 22:16:29,679 ignn.models.IGNN:215] epoch:238/best:201, loss:1.1395, train:0.5455, valid:0.4304/best:0.4557, test:0.4225/best:0.4382
[I 2026-09-13 22:16:29,702 ignn.models.IGNN:215] epoch:239/best:201, loss:1.1446, train:0.5539, valid:0.4473/best:0.4557, test:0.4157/best:0.4382
[I 2026-09-13 22:16:29,724 ignn.models.IGNN:215] epoch:240/best:201, loss:1.1756, train:0.5445, valid:0.4416/best:0.4557, test:0.4247/best:0.4382
[I 2026-09-13 22:16:29,747 ignn.models.IGNN:215] epoch:241/best:201, loss:1.1211, train:0.5314, valid:0.4332/best:0.4557, test:0.4247/best:0.4382
[I 2026-09-13 22:16:29,770 ignn.models.IGNN:215] epoch:242/best:201, loss:1.1422, train:0.5136, valid:0.4248/best:0.4557, test:0.4157/best:0.4382
[I 2026-09-13 22:16:29,793 ignn.models.IGNN:215] epoch:243/best:201, loss:1.1706, train:0.5089, valid:0.4233/best:0.4557, test:0.4135/best:0.4382
[I 2026-09-13 22:16:29,815 ignn.models.IGNN:215] epoch:244/best:201, loss:1.1710, train:0.5370, valid:0.4290/best:0.4557, test:0.4157/best:0.4382
[I 2026-09-13 22:16:29,838 ignn.models.IGNN:215] epoch:245/best:201, loss:1.1419, train:0.5520, valid:0.4374/best:0.4557, test:0.4247/best:0.4382
[I 2026-09-13 22:16:29,861 ignn.models.IGNN:215] epoch:246/best:201, loss:1.1448, train:0.5530, valid:0.4388/best:0.4557, test:0.4270/best:0.4382
[I 2026-09-13 22:16:29,884 ignn.models.IGNN:215] epoch:247/best:201, loss:1.1612, train:0.5436, valid:0.4290/best:0.4557, test:0.4202/best:0.4382
[I 2026-09-13 22:16:29,906 ignn.models.IGNN:215] epoch:248/best:201, loss:1.1400, train:0.5342, valid:0.4318/best:0.4557, test:0.4157/best:0.4382
[I 2026-09-13 22:16:29,929 ignn.models.IGNN:215] epoch:249/best:201, loss:1.1677, train:0.5201, valid:0.4219/best:0.4557, test:0.4135/best:0.4382
[I 2026-09-13 22:16:29,952 ignn.models.IGNN:215] epoch:250/best:201, loss:1.1695, train:0.5267, valid:0.4276/best:0.4557, test:0.4157/best:0.4382
[I 2026-09-13 22:16:29,975 ignn.models.IGNN:215] epoch:251/best:201, loss:1.1287, train:0.5323, valid:0.4346/best:0.4557, test:0.4202/best:0.4382
[I 2026-09-13 22:16:29,998 ignn.models.IGNN:215] epoch:252/best:201, loss:1.1390, train:0.5323, valid:0.4276/best:0.4557, test:0.4270/best:0.4382
[I 2026-09-13 22:16:30,020 ignn.models.IGNN:215] epoch:253/best:201, loss:1.1642, train:0.5361, valid:0.4346/best:0.4557, test:0.4292/best:0.4382
[I 2026-09-13 22:16:30,043 ignn.models.IGNN:215] epoch:254/best:201, loss:1.1607, train:0.5351, valid:0.4332/best:0.4557, test:0.4225/best:0.4382
[I 2026-09-13 22:16:30,066 ignn.models.IGNN:215] epoch:255/best:201, loss:1.1490, train:0.5361, valid:0.4304/best:0.4557, test:0.4270/best:0.4382
[I 2026-09-13 22:16:30,089 ignn.models.IGNN:215] epoch:256/best:201, loss:1.1415, train:0.5295, valid:0.4304/best:0.4557, test:0.4180/best:0.4382
[I 2026-09-13 22:16:30,112 ignn.models.IGNN:215] epoch:257/best:201, loss:1.1437, train:0.5305, valid:0.4318/best:0.4557, test:0.4157/best:0.4382
[I 2026-09-13 22:16:30,134 ignn.models.IGNN:215] epoch:258/best:201, loss:1.1983, train:0.5389, valid:0.4248/best:0.4557, test:0.4180/best:0.4382
[I 2026-09-13 22:16:30,157 ignn.models.IGNN:215] epoch:259/best:201, loss:1.1479, train:0.5426, valid:0.4360/best:0.4557, test:0.4247/best:0.4382
[I 2026-09-13 22:16:30,180 ignn.models.IGNN:215] epoch:260/best:201, loss:1.1239, train:0.5455, valid:0.4360/best:0.4557, test:0.4225/best:0.4382
[I 2026-09-13 22:16:30,203 ignn.models.IGNN:215] epoch:261/best:201, loss:1.1288, train:0.5455, valid:0.4346/best:0.4557, test:0.4180/best:0.4382
[I 2026-09-13 22:16:30,381 ignn.models.IGNN:215] epoch:262/best:201, loss:1.1647, train:0.5417, valid:0.4318/best:0.4557, test:0.4090/best:0.4382
[I 2026-09-13 22:16:30,405 ignn.models.IGNN:215] epoch:263/best:201, loss:1.1469, train:0.5380, valid:0.4290/best:0.4557, test:0.4090/best:0.4382
[I 2026-09-13 22:16:30,428 ignn.models.IGNN:215] epoch:264/best:201, loss:1.1350, train:0.5370, valid:0.4276/best:0.4557, test:0.4045/best:0.4382
[I 2026-09-13 22:16:30,451 ignn.models.IGNN:215] epoch:265/best:201, loss:1.1544, train:0.5464, valid:0.4262/best:0.4557, test:0.4135/best:0.4382
[I 2026-09-13 22:16:30,475 ignn.models.IGNN:215] epoch:266/best:201, loss:1.1145, train:0.5539, valid:0.4346/best:0.4557, test:0.4202/best:0.4382
[I 2026-09-13 22:16:30,498 ignn.models.IGNN:215] epoch:267/best:201, loss:1.1642, train:0.5501, valid:0.4346/best:0.4557, test:0.4225/best:0.4382
[I 2026-09-13 22:16:30,521 ignn.models.IGNN:215] epoch:268/best:201, loss:1.1359, train:0.5501, valid:0.4304/best:0.4557, test:0.4247/best:0.4382
[I 2026-09-13 22:16:30,543 ignn.models.IGNN:215] epoch:269/best:201, loss:1.1142, train:0.5492, valid:0.4304/best:0.4557, test:0.4135/best:0.4382
[I 2026-09-13 22:16:30,566 ignn.models.IGNN:215] epoch:270/best:201, loss:1.1616, train:0.5520, valid:0.4346/best:0.4557, test:0.4225/best:0.4382
[I 2026-09-13 22:16:30,589 ignn.models.IGNN:215] epoch:271/best:201, loss:1.1474, train:0.5511, valid:0.4332/best:0.4557, test:0.4202/best:0.4382
[I 2026-09-13 22:16:30,612 ignn.models.IGNN:215] epoch:272/best:201, loss:1.1538, train:0.5520, valid:0.4276/best:0.4557, test:0.4202/best:0.4382
[I 2026-09-13 22:16:30,635 ignn.models.IGNN:215] epoch:273/best:201, loss:1.1368, train:0.5398, valid:0.4304/best:0.4557, test:0.4202/best:0.4382
[I 2026-09-13 22:16:30,657 ignn.models.IGNN:215] epoch:274/best:201, loss:1.1603, train:0.5342, valid:0.4304/best:0.4557, test:0.4157/best:0.4382
[I 2026-09-13 22:16:30,680 ignn.models.IGNN:215] epoch:275/best:201, loss:1.1320, train:0.5361, valid:0.4262/best:0.4557, test:0.4225/best:0.4382
[I 2026-09-13 22:16:30,703 ignn.models.IGNN:215] epoch:276/best:201, loss:1.1154, train:0.5333, valid:0.4248/best:0.4557, test:0.4180/best:0.4382
[I 2026-09-13 22:16:30,726 ignn.models.IGNN:215] epoch:277/best:201, loss:1.1206, train:0.5342, valid:0.4276/best:0.4557, test:0.4225/best:0.4382
[I 2026-09-13 22:16:30,749 ignn.models.IGNN:215] epoch:278/best:201, loss:1.1390, train:0.5276, valid:0.4290/best:0.4557, test:0.4135/best:0.4382
[I 2026-09-13 22:16:30,772 ignn.models.IGNN:215] epoch:279/best:201, loss:1.1624, train:0.5258, valid:0.4219/best:0.4557, test:0.4090/best:0.4382
[I 2026-09-13 22:16:30,795 ignn.models.IGNN:215] epoch:280/best:201, loss:1.1041, train:0.5192, valid:0.4233/best:0.4557, test:0.4135/best:0.4382
[I 2026-09-13 22:16:30,818 ignn.models.IGNN:215] epoch:281/best:201, loss:1.1182, train:0.5211, valid:0.4219/best:0.4557, test:0.4135/best:0.4382
[I 2026-09-13 22:16:30,841 ignn.models.IGNN:215] epoch:282/best:201, loss:1.1501, train:0.5398, valid:0.4248/best:0.4557, test:0.4270/best:0.4382
[I 2026-09-13 22:16:30,864 ignn.models.IGNN:215] epoch:283/best:201, loss:1.1471, train:0.5473, valid:0.4360/best:0.4557, test:0.4292/best:0.4382
[I 2026-09-13 22:16:30,887 ignn.models.IGNN:215] epoch:284/best:201, loss:1.1222, train:0.5586, valid:0.4360/best:0.4557, test:0.4292/best:0.4382
[I 2026-09-13 22:16:30,909 ignn.models.IGNN:215] epoch:285/best:201, loss:1.1490, train:0.5586, valid:0.4290/best:0.4557, test:0.4292/best:0.4382
[I 2026-09-13 22:16:30,932 ignn.models.IGNN:215] epoch:286/best:201, loss:1.1162, train:0.5567, valid:0.4290/best:0.4557, test:0.4270/best:0.4382
[I 2026-09-13 22:16:30,955 ignn.models.IGNN:215] epoch:287/best:201, loss:1.1307, train:0.5595, valid:0.4276/best:0.4557, test:0.4315/best:0.4382
[I 2026-09-13 22:16:30,978 ignn.models.IGNN:215] epoch:288/best:201, loss:1.1298, train:0.5595, valid:0.4374/best:0.4557, test:0.4315/best:0.4382
[I 2026-09-13 22:16:31,001 ignn.models.IGNN:215] epoch:289/best:201, loss:1.1218, train:0.5567, valid:0.4276/best:0.4557, test:0.4292/best:0.4382
[I 2026-09-13 22:16:31,024 ignn.models.IGNN:215] epoch:290/best:201, loss:1.0919, train:0.5501, valid:0.4276/best:0.4557, test:0.4337/best:0.4382
[I 2026-09-13 22:16:31,047 ignn.models.IGNN:215] epoch:291/best:201, loss:1.1713, train:0.5473, valid:0.4290/best:0.4557, test:0.4292/best:0.4382
[I 2026-09-13 22:16:31,070 ignn.models.IGNN:215] epoch:292/best:201, loss:1.1167, train:0.5455, valid:0.4233/best:0.4557, test:0.4315/best:0.4382
[I 2026-09-13 22:16:31,093 ignn.models.IGNN:215] epoch:293/best:201, loss:1.1266, train:0.5520, valid:0.4262/best:0.4557, test:0.4270/best:0.4382
[I 2026-09-13 22:16:31,116 ignn.models.IGNN:215] epoch:294/best:201, loss:1.1163, train:0.5633, valid:0.4318/best:0.4557, test:0.4292/best:0.4382
[I 2026-09-13 22:16:31,139 ignn.models.IGNN:215] epoch:295/best:201, loss:1.1385, train:0.5670, valid:0.4473/best:0.4557, test:0.4270/best:0.4382
[I 2026-09-13 22:16:31,161 ignn.models.IGNN:215] epoch:296/best:201, loss:1.1324, train:0.5708, valid:0.4304/best:0.4557, test:0.4202/best:0.4382
[I 2026-09-13 22:16:31,185 ignn.models.IGNN:215] epoch:297/best:201, loss:1.1157, train:0.5745, valid:0.4262/best:0.4557, test:0.4225/best:0.4382
[I 2026-09-13 22:16:31,361 ignn.models.IGNN:215] epoch:298/best:201, loss:1.1767, train:0.5736, valid:0.4304/best:0.4557, test:0.4247/best:0.4382
[I 2026-09-13 22:16:31,384 ignn.models.IGNN:215] epoch:299/best:201, loss:1.1374, train:0.5811, valid:0.4459/best:0.4557, test:0.4292/best:0.4382
[I 2026-09-13 22:16:31,407 ignn.models.IGNN:215] epoch:300/best:201, loss:1.1475, train:0.5670, valid:0.4360/best:0.4557, test:0.4270/best:0.4382
[I 2026-09-13 22:16:31,430 ignn.models.IGNN:215] epoch:301/best:201, loss:1.1326, train:0.5586, valid:0.4262/best:0.4557, test:0.4270/best:0.4382
[I 2026-09-13 22:16:31,453 ignn.models.IGNN:215] epoch:302/best:201, loss:1.1222, train:0.5455, valid:0.4276/best:0.4557, test:0.4315/best:0.4382
[I 2026-09-13 22:16:31,476 ignn.models.IGNN:215] epoch:303/best:201, loss:1.1239, train:0.5361, valid:0.4233/best:0.4557, test:0.4270/best:0.4382
[I 2026-09-13 22:16:31,499 ignn.models.IGNN:215] epoch:304/best:201, loss:1.1291, train:0.5455, valid:0.4262/best:0.4557, test:0.4292/best:0.4382
[I 2026-09-13 22:16:31,522 ignn.models.IGNN:215] epoch:305/best:201, loss:1.1334, train:0.5661, valid:0.4416/best:0.4557, test:0.4292/best:0.4382
[I 2026-09-13 22:16:31,545 ignn.models.IGNN:215] epoch:306/best:201, loss:1.1561, train:0.5783, valid:0.4416/best:0.4557, test:0.4315/best:0.4382
[I 2026-09-13 22:16:31,567 ignn.models.IGNN:215] epoch:307/best:201, loss:1.1342, train:0.5745, valid:0.4346/best:0.4557, test:0.4225/best:0.4382
[I 2026-09-13 22:16:31,590 ignn.models.IGNN:215] epoch:308/best:201, loss:1.1176, train:0.5455, valid:0.4205/best:0.4557, test:0.4090/best:0.4382
[I 2026-09-13 22:16:31,613 ignn.models.IGNN:215] epoch:309/best:201, loss:1.1618, train:0.5483, valid:0.4205/best:0.4557, test:0.4135/best:0.4382
[I 2026-09-13 22:16:31,636 ignn.models.IGNN:215] epoch:310/best:201, loss:1.1583, train:0.5633, valid:0.4219/best:0.4557, test:0.4022/best:0.4382
[I 2026-09-13 22:16:31,659 ignn.models.IGNN:215] epoch:311/best:201, loss:1.1242, train:0.5820, valid:0.4332/best:0.4557, test:0.4112/best:0.4382
[I 2026-09-13 22:16:31,682 ignn.models.IGNN:215] epoch:312/best:201, loss:1.1697, train:0.5848, valid:0.4430/best:0.4557, test:0.4180/best:0.4382
[I 2026-09-13 22:16:31,705 ignn.models.IGNN:215] epoch:313/best:201, loss:1.1510, train:0.5773, valid:0.4374/best:0.4557, test:0.4247/best:0.4382
[I 2026-09-13 22:16:31,727 ignn.models.IGNN:215] epoch:314/best:201, loss:1.1042, train:0.5539, valid:0.4290/best:0.4557, test:0.4157/best:0.4382
[I 2026-09-13 22:16:31,750 ignn.models.IGNN:215] epoch:315/best:201, loss:1.1462, train:0.5370, valid:0.4149/best:0.4557, test:0.4090/best:0.4382
[I 2026-09-13 22:16:31,773 ignn.models.IGNN:215] epoch:316/best:201, loss:1.1571, train:0.5370, valid:0.4191/best:0.4557, test:0.4157/best:0.4382
[I 2026-09-13 22:16:31,796 ignn.models.IGNN:215] epoch:317/best:201, loss:1.1110, train:0.5511, valid:0.4191/best:0.4557, test:0.4247/best:0.4382
[I 2026-09-13 22:16:31,819 ignn.models.IGNN:215] epoch:318/best:201, loss:1.0957, train:0.5576, valid:0.4233/best:0.4557, test:0.4270/best:0.4382
[I 2026-09-13 22:16:31,842 ignn.models.IGNN:215] epoch:319/best:201, loss:1.1366, train:0.5548, valid:0.4248/best:0.4557, test:0.4270/best:0.4382
[I 2026-09-13 22:16:31,865 ignn.models.IGNN:215] epoch:320/best:201, loss:1.1623, train:0.5417, valid:0.4219/best:0.4557, test:0.4247/best:0.4382
[I 2026-09-13 22:16:31,888 ignn.models.IGNN:215] epoch:321/best:201, loss:1.1587, train:0.5342, valid:0.4149/best:0.4557, test:0.4135/best:0.4382
[I 2026-09-13 22:16:31,911 ignn.models.IGNN:215] epoch:322/best:201, loss:1.1253, train:0.5286, valid:0.4163/best:0.4557, test:0.4202/best:0.4382
[I 2026-09-13 22:16:31,934 ignn.models.IGNN:215] epoch:323/best:201, loss:1.1436, train:0.5333, valid:0.4149/best:0.4557, test:0.4135/best:0.4382
[I 2026-09-13 22:16:31,957 ignn.models.IGNN:215] epoch:324/best:201, loss:1.1557, train:0.5623, valid:0.4360/best:0.4557, test:0.4292/best:0.4382
[I 2026-09-13 22:16:31,979 ignn.models.IGNN:215] epoch:325/best:201, loss:1.1299, train:0.5708, valid:0.4430/best:0.4557, test:0.4360/best:0.4382
[I 2026-09-13 22:16:32,002 ignn.models.IGNN:215] epoch:326/best:201, loss:1.1194, train:0.5670, valid:0.4402/best:0.4557, test:0.4382/best:0.4382
[I 2026-09-13 22:16:32,025 ignn.models.IGNN:215] epoch:327/best:201, loss:1.1115, train:0.5558, valid:0.4318/best:0.4557, test:0.4337/best:0.4382
[I 2026-09-13 22:16:32,048 ignn.models.IGNN:215] epoch:328/best:201, loss:1.1378, train:0.5501, valid:0.4276/best:0.4557, test:0.4315/best:0.4382
[I 2026-09-13 22:16:32,071 ignn.models.IGNN:215] epoch:329/best:201, loss:1.1340, train:0.5520, valid:0.4304/best:0.4557, test:0.4292/best:0.4382
[I 2026-09-13 22:16:32,094 ignn.models.IGNN:215] epoch:330/best:201, loss:1.1254, train:0.5520, valid:0.4276/best:0.4557, test:0.4225/best:0.4382
[I 2026-09-13 22:16:32,117 ignn.models.IGNN:215] epoch:331/best:201, loss:1.1143, train:0.5501, valid:0.4248/best:0.4557, test:0.4202/best:0.4382
[I 2026-09-13 22:16:32,140 ignn.models.IGNN:215] epoch:332/best:201, loss:1.1192, train:0.5520, valid:0.4219/best:0.4557, test:0.4180/best:0.4382
[I 2026-09-13 22:16:32,163 ignn.models.IGNN:215] epoch:333/best:201, loss:1.0939, train:0.5651, valid:0.4360/best:0.4557, test:0.4337/best:0.4382
[I 2026-09-13 22:16:32,346 ignn.models.IGNN:215] epoch:334/best:201, loss:1.1436, train:0.5670, valid:0.4276/best:0.4557, test:0.4270/best:0.4382
[I 2026-09-13 22:16:32,369 ignn.models.IGNN:215] epoch:335/best:201, loss:1.1225, train:0.5604, valid:0.4276/best:0.4557, test:0.4247/best:0.4382
[I 2026-09-13 22:16:32,392 ignn.models.IGNN:215] epoch:336/best:201, loss:1.1173, train:0.5389, valid:0.4205/best:0.4557, test:0.4135/best:0.4382
[I 2026-09-13 22:16:32,415 ignn.models.IGNN:215] epoch:337/best:201, loss:1.1071, train:0.5267, valid:0.4163/best:0.4557, test:0.4135/best:0.4382
[I 2026-09-13 22:16:32,438 ignn.models.IGNN:215] epoch:338/best:201, loss:1.0833, train:0.5276, valid:0.4121/best:0.4557, test:0.4112/best:0.4382
[I 2026-09-13 22:16:32,461 ignn.models.IGNN:215] epoch:339/best:201, loss:1.1560, train:0.5483, valid:0.4233/best:0.4557, test:0.4180/best:0.4382
[I 2026-09-13 22:16:32,484 ignn.models.IGNN:215] epoch:340/best:201, loss:1.0981, train:0.5595, valid:0.4023/best:0.4557, test:0.4292/best:0.4382
[I 2026-09-13 22:16:32,507 ignn.models.IGNN:215] epoch:341/best:201, loss:1.1429, train:0.5726, valid:0.4051/best:0.4557, test:0.4292/best:0.4382
[I 2026-09-13 22:16:32,529 ignn.models.IGNN:215] epoch:342/best:201, loss:1.1404, train:0.5576, valid:0.4304/best:0.4557, test:0.4225/best:0.4382
[I 2026-09-13 22:16:32,552 ignn.models.IGNN:215] epoch:343/best:201, loss:1.1192, train:0.5483, valid:0.4191/best:0.4557, test:0.4180/best:0.4382
[I 2026-09-13 22:16:32,575 ignn.models.IGNN:215] epoch:344/best:201, loss:1.1204, train:0.5408, valid:0.4163/best:0.4557, test:0.4180/best:0.4382
[I 2026-09-13 22:16:32,598 ignn.models.IGNN:215] epoch:345/best:201, loss:1.1342, train:0.5436, valid:0.4219/best:0.4557, test:0.4225/best:0.4382
[I 2026-09-13 22:16:32,621 ignn.models.IGNN:215] epoch:346/best:201, loss:1.1546, train:0.5670, valid:0.4248/best:0.4557, test:0.4225/best:0.4382
[I 2026-09-13 22:16:32,644 ignn.models.IGNN:215] epoch:347/best:201, loss:1.1262, train:0.5904, valid:0.4276/best:0.4557, test:0.4315/best:0.4382
[I 2026-09-13 22:16:32,667 ignn.models.IGNN:215] epoch:348/best:201, loss:1.0978, train:0.5858, valid:0.4177/best:0.4557, test:0.4360/best:0.4382
[I 2026-09-13 22:16:32,689 ignn.models.IGNN:215] epoch:349/best:201, loss:1.1442, train:0.5783, valid:0.4219/best:0.4557, test:0.4337/best:0.4382
[I 2026-09-13 22:16:32,712 ignn.models.IGNN:215] epoch:350/best:201, loss:1.1218, train:0.5576, valid:0.4163/best:0.4557, test:0.4202/best:0.4382
[I 2026-09-13 22:16:32,735 ignn.models.IGNN:215] epoch:351/best:201, loss:1.1440, train:0.5473, valid:0.4219/best:0.4557, test:0.4225/best:0.4382
[I 2026-09-13 22:16:32,758 ignn.models.IGNN:215] epoch:352/best:201, loss:1.1456, train:0.5633, valid:0.4219/best:0.4557, test:0.4135/best:0.4382
[I 2026-09-13 22:16:32,781 ignn.models.IGNN:215] epoch:353/best:201, loss:1.1117, train:0.5764, valid:0.4248/best:0.4557, test:0.4315/best:0.4382
[I 2026-09-13 22:16:32,804 ignn.models.IGNN:215] epoch:354/best:201, loss:1.1251, train:0.5867, valid:0.4290/best:0.4557, test:0.4315/best:0.4382
[I 2026-09-13 22:16:32,826 ignn.models.IGNN:215] epoch:355/best:201, loss:1.1243, train:0.5895, valid:0.4318/best:0.4557, test:0.4360/best:0.4382
[I 2026-09-13 22:16:32,849 ignn.models.IGNN:215] epoch:356/best:201, loss:1.1149, train:0.5876, valid:0.4332/best:0.4557, test:0.4382/best:0.4382
[I 2026-09-13 22:16:32,872 ignn.models.IGNN:215] epoch:357/best:201, loss:1.1245, train:0.5820, valid:0.4332/best:0.4557, test:0.4382/best:0.4382
[I 2026-09-13 22:16:32,895 ignn.models.IGNN:215] epoch:358/best:201, loss:1.0859, train:0.5754, valid:0.4388/best:0.4557, test:0.4360/best:0.4382
[I 2026-09-13 22:16:32,918 ignn.models.IGNN:215] epoch:359/best:201, loss:1.1147, train:0.5661, valid:0.4219/best:0.4557, test:0.4270/best:0.4382
[I 2026-09-13 22:16:32,940 ignn.models.IGNN:215] epoch:360/best:201, loss:1.1094, train:0.5745, valid:0.4346/best:0.4557, test:0.4315/best:0.4382
[I 2026-09-13 22:16:32,963 ignn.models.IGNN:215] epoch:361/best:201, loss:1.1442, train:0.5970, valid:0.4374/best:0.4557, test:0.4315/best:0.4382
[I 2026-09-13 22:16:32,986 ignn.models.IGNN:215] epoch:362/best:201, loss:1.0747, train:0.6082, valid:0.4346/best:0.4557, test:0.4449/best:0.4382
[I 2026-09-13 22:16:33,009 ignn.models.IGNN:215] epoch:363/best:201, loss:1.1412, train:0.6111, valid:0.4346/best:0.4557, test:0.4337/best:0.4382
[I 2026-09-13 22:16:33,032 ignn.models.IGNN:215] epoch:364/best:201, loss:1.1341, train:0.5754, valid:0.4262/best:0.4557, test:0.4225/best:0.4382
[I 2026-09-13 22:16:33,055 ignn.models.IGNN:215] epoch:365/best:201, loss:1.1248, train:0.5651, valid:0.4248/best:0.4557, test:0.4225/best:0.4382
[I 2026-09-13 22:16:33,078 ignn.models.IGNN:215] epoch:366/best:201, loss:1.0977, train:0.5708, valid:0.4304/best:0.4557, test:0.4247/best:0.4382
[I 2026-09-13 22:16:33,101 ignn.models.IGNN:215] epoch:367/best:201, loss:1.1224, train:0.5876, valid:0.4233/best:0.4557, test:0.4337/best:0.4382
[I 2026-09-13 22:16:33,124 ignn.models.IGNN:215] epoch:368/best:201, loss:1.1385, train:0.5858, valid:0.4219/best:0.4557, test:0.4315/best:0.4382
[I 2026-09-13 22:16:33,147 ignn.models.IGNN:215] epoch:369/best:201, loss:1.1247, train:0.5886, valid:0.4191/best:0.4557, test:0.4337/best:0.4382
[I 2026-09-13 22:16:33,322 ignn.models.IGNN:215] epoch:370/best:201, loss:1.0877, train:0.5679, valid:0.4276/best:0.4557, test:0.4180/best:0.4382
[I 2026-09-13 22:16:33,345 ignn.models.IGNN:215] epoch:371/best:201, loss:1.1526, train:0.5661, valid:0.4304/best:0.4557, test:0.4225/best:0.4382
[I 2026-09-13 22:16:33,368 ignn.models.IGNN:215] epoch:372/best:201, loss:1.1287, train:0.5708, valid:0.4304/best:0.4557, test:0.4270/best:0.4382
[I 2026-09-13 22:16:33,391 ignn.models.IGNN:215] epoch:373/best:201, loss:1.1340, train:0.5801, valid:0.4304/best:0.4557, test:0.4315/best:0.4382
[I 2026-09-13 22:16:33,414 ignn.models.IGNN:215] epoch:374/best:201, loss:1.1251, train:0.5876, valid:0.4332/best:0.4557, test:0.4360/best:0.4382
[I 2026-09-13 22:16:33,437 ignn.models.IGNN:215] epoch:375/best:201, loss:1.1193, train:0.5783, valid:0.4276/best:0.4557, test:0.4315/best:0.4382
[I 2026-09-13 22:16:33,460 ignn.models.IGNN:215] epoch:376/best:201, loss:1.1276, train:0.5745, valid:0.4290/best:0.4557, test:0.4270/best:0.4382
[I 2026-09-13 22:16:33,482 ignn.models.IGNN:215] epoch:377/best:201, loss:1.1134, train:0.5754, valid:0.4276/best:0.4557, test:0.4270/best:0.4382
[I 2026-09-13 22:16:33,505 ignn.models.IGNN:215] epoch:378/best:201, loss:1.1033, train:0.5745, valid:0.4262/best:0.4557, test:0.4270/best:0.4382
[I 2026-09-13 22:16:33,528 ignn.models.IGNN:215] epoch:379/best:201, loss:1.1101, train:0.5661, valid:0.4262/best:0.4557, test:0.4270/best:0.4382
[I 2026-09-13 22:16:33,551 ignn.models.IGNN:215] epoch:380/best:201, loss:1.1596, train:0.5754, valid:0.4262/best:0.4557, test:0.4315/best:0.4382
[I 2026-09-13 22:16:33,574 ignn.models.IGNN:215] epoch:381/best:201, loss:1.1534, train:0.5708, valid:0.4248/best:0.4557, test:0.4270/best:0.4382
[I 2026-09-13 22:16:33,596 ignn.models.IGNN:215] epoch:382/best:201, loss:1.1057, train:0.5623, valid:0.4290/best:0.4557, test:0.4090/best:0.4382
[I 2026-09-13 22:16:33,619 ignn.models.IGNN:215] epoch:383/best:201, loss:1.1409, train:0.5455, valid:0.4177/best:0.4557, test:0.4135/best:0.4382
[I 2026-09-13 22:16:33,642 ignn.models.IGNN:215] epoch:384/best:201, loss:1.1116, train:0.5483, valid:0.4163/best:0.4557, test:0.4135/best:0.4382
[I 2026-09-13 22:16:33,665 ignn.models.IGNN:215] epoch:385/best:201, loss:1.1084, train:0.5708, valid:0.4163/best:0.4557, test:0.4270/best:0.4382
[I 2026-09-13 22:16:33,688 ignn.models.IGNN:215] epoch:386/best:201, loss:1.0961, train:0.5876, valid:0.4262/best:0.4557, test:0.4315/best:0.4382
[I 2026-09-13 22:16:33,710 ignn.models.IGNN:215] epoch:387/best:201, loss:1.1317, train:0.5867, valid:0.4318/best:0.4557, test:0.4292/best:0.4382
[I 2026-09-13 22:16:33,733 ignn.models.IGNN:215] epoch:388/best:201, loss:1.0986, train:0.5764, valid:0.4177/best:0.4557, test:0.4202/best:0.4382
[I 2026-09-13 22:16:33,756 ignn.models.IGNN:215] epoch:389/best:201, loss:1.1163, train:0.5548, valid:0.4219/best:0.4557, test:0.4000/best:0.4382
[I 2026-09-13 22:16:33,779 ignn.models.IGNN:215] epoch:390/best:201, loss:1.1022, train:0.5464, valid:0.4107/best:0.4557, test:0.4022/best:0.4382
[I 2026-09-13 22:16:33,801 ignn.models.IGNN:215] epoch:391/best:201, loss:1.1199, train:0.5520, valid:0.4149/best:0.4557, test:0.3978/best:0.4382
[I 2026-09-13 22:16:33,824 ignn.models.IGNN:215] epoch:392/best:201, loss:1.1066, train:0.5661, valid:0.4121/best:0.4557, test:0.4135/best:0.4382
[I 2026-09-13 22:16:33,847 ignn.models.IGNN:215] epoch:393/best:201, loss:1.0778, train:0.5801, valid:0.4135/best:0.4557, test:0.4135/best:0.4382
[I 2026-09-13 22:16:33,870 ignn.models.IGNN:215] epoch:394/best:201, loss:1.1226, train:0.5820, valid:0.4051/best:0.4557, test:0.4247/best:0.4382
[I 2026-09-13 22:16:33,893 ignn.models.IGNN:215] epoch:395/best:201, loss:1.1460, train:0.5970, valid:0.4163/best:0.4557, test:0.4225/best:0.4382
[I 2026-09-13 22:16:33,916 ignn.models.IGNN:215] epoch:396/best:201, loss:1.1081, train:0.6054, valid:0.4276/best:0.4557, test:0.4247/best:0.4382
[I 2026-09-13 22:16:33,938 ignn.models.IGNN:215] epoch:397/best:201, loss:1.1263, train:0.5923, valid:0.4163/best:0.4557, test:0.4225/best:0.4382
[I 2026-09-13 22:16:33,961 ignn.models.IGNN:215] epoch:398/best:201, loss:1.0849, train:0.5623, valid:0.4149/best:0.4557, test:0.4112/best:0.4382
[I 2026-09-13 22:16:33,984 ignn.models.IGNN:215] epoch:399/best:201, loss:1.1382, train:0.5811, valid:0.4149/best:0.4557, test:0.4180/best:0.4382
[I 2026-09-13 22:16:34,007 ignn.models.IGNN:215] epoch:400/best:201, loss:1.1348, train:0.6036, valid:0.4233/best:0.4557, test:0.4225/best:0.4382
[I 2026-09-13 22:16:34,030 ignn.models.IGNN:215] epoch:401/best:201, loss:1.1422, train:0.5998, valid:0.3882/best:0.4557, test:0.4135/best:0.4382
[I 2026-09-13 22:16:34,030 ignn.models.IGNN:222] Early Stopping! Best Epoch: 201, best val acc: 0.4557, test acc: 0.4382
[I 2026-09-13 22:16:34,031 ignn.models.IGNN:234] 10 epoch cost: 0.2726s.
[I 2026-09-13 22:16:34,043 __main__:210] squirrel_critical 5 res: 0.43820224719101125


[I 2026-09-13 22:16:34,080 ignn.models.IGNN:215] epoch:0/best:0, loss:1.6031, train:0.3290, valid:0.3460/best:0.3460, test:0.3573/best:0.3573
[I 2026-09-13 22:16:34,104 ignn.models.IGNN:215] epoch:1/best:1, loss:1.5851, train:0.3290, valid:0.3460/best:0.3460, test:0.3573/best:0.3573
[I 2026-09-13 22:16:34,281 ignn.models.IGNN:215] epoch:2/best:2, loss:1.5657, train:0.3290, valid:0.3460/best:0.3460, test:0.3573/best:0.3573
[I 2026-09-13 22:16:34,306 ignn.models.IGNN:215] epoch:3/best:3, loss:1.5610, train:0.3290, valid:0.3460/best:0.3460, test:0.3573/best:0.3573
[I 2026-09-13 22:16:34,330 ignn.models.IGNN:215] epoch:4/best:4, loss:1.5578, train:0.3290, valid:0.3460/best:0.3460, test:0.3573/best:0.3573
[I 2026-09-13 22:16:34,354 ignn.models.IGNN:215] epoch:5/best:5, loss:1.5402, train:0.3290, valid:0.3460/best:0.3460, test:0.3573/best:0.3573
[I 2026-09-13 22:16:34,378 ignn.models.IGNN:215] epoch:6/best:6, loss:1.5393, train:0.3299, valid:0.3460/best:0.3460, test:0.3596/best:0.3596
[I 2026-09-13 22:16:34,403 ignn.models.IGNN:215] epoch:7/best:7, loss:1.5106, train:0.3318, valid:0.3474/best:0.3474, test:0.3618/best:0.3618
[I 2026-09-13 22:16:34,427 ignn.models.IGNN:215] epoch:8/best:8, loss:1.5176, train:0.3365, valid:0.3502/best:0.3502, test:0.3663/best:0.3663
[I 2026-09-13 22:16:34,451 ignn.models.IGNN:215] epoch:9/best:9, loss:1.5055, train:0.3477, valid:0.3615/best:0.3615, test:0.3730/best:0.3730
[I 2026-09-13 22:16:34,475 ignn.models.IGNN:215] epoch:10/best:10, loss:1.4963, train:0.3524, valid:0.3671/best:0.3671, test:0.3798/best:0.3798
[I 2026-09-13 22:16:34,499 ignn.models.IGNN:215] epoch:11/best:11, loss:1.4850, train:0.3571, valid:0.3671/best:0.3671, test:0.3820/best:0.3820
[I 2026-09-13 22:16:34,523 ignn.models.IGNN:215] epoch:12/best:12, loss:1.4709, train:0.3590, valid:0.3699/best:0.3699, test:0.3888/best:0.3888
[I 2026-09-13 22:16:34,547 ignn.models.IGNN:215] epoch:13/best:13, loss:1.4607, train:0.3739, valid:0.3797/best:0.3797, test:0.3978/best:0.3978
[I 2026-09-13 22:16:34,572 ignn.models.IGNN:215] epoch:14/best:14, loss:1.4200, train:0.3964, valid:0.3994/best:0.3994, test:0.4067/best:0.4067
[I 2026-09-13 22:16:34,596 ignn.models.IGNN:215] epoch:15/best:15, loss:1.4286, train:0.3946, valid:0.4023/best:0.4023, test:0.4135/best:0.4135
[I 2026-09-13 22:16:34,619 ignn.models.IGNN:215] epoch:16/best:15, loss:1.4308, train:0.3871, valid:0.3882/best:0.4023, test:0.4000/best:0.4135
[I 2026-09-13 22:16:34,641 ignn.models.IGNN:215] epoch:17/best:15, loss:1.4027, train:0.3936, valid:0.3966/best:0.4023, test:0.4090/best:0.4135
[I 2026-09-13 22:16:34,665 ignn.models.IGNN:215] epoch:18/best:18, loss:1.3953, train:0.4086, valid:0.4079/best:0.4079, test:0.4045/best:0.4045
[I 2026-09-13 22:16:34,690 ignn.models.IGNN:215] epoch:19/best:19, loss:1.3896, train:0.4077, valid:0.4093/best:0.4093, test:0.4180/best:0.4180
[I 2026-09-13 22:16:34,712 ignn.models.IGNN:215] epoch:20/best:19, loss:1.3747, train:0.3964, valid:0.4008/best:0.4093, test:0.4112/best:0.4180
[I 2026-09-13 22:16:34,735 ignn.models.IGNN:215] epoch:21/best:19, loss:1.3820, train:0.4142, valid:0.4079/best:0.4093, test:0.4247/best:0.4180
[I 2026-09-13 22:16:34,759 ignn.models.IGNN:215] epoch:22/best:22, loss:1.3636, train:0.4171, valid:0.4149/best:0.4149, test:0.4225/best:0.4225
[I 2026-09-13 22:16:34,782 ignn.models.IGNN:215] epoch:23/best:22, loss:1.3492, train:0.4011, valid:0.4079/best:0.4149, test:0.4157/best:0.4225
[I 2026-09-13 22:16:34,806 ignn.models.IGNN:215] epoch:24/best:24, loss:1.3504, train:0.4302, valid:0.4149/best:0.4149, test:0.4247/best:0.4247
[I 2026-09-13 22:16:34,831 ignn.models.IGNN:215] epoch:25/best:25, loss:1.3559, train:0.4246, valid:0.4248/best:0.4248, test:0.4247/best:0.4247
[I 2026-09-13 22:16:34,853 ignn.models.IGNN:215] epoch:26/best:25, loss:1.3427, train:0.4142, valid:0.4093/best:0.4248, test:0.4135/best:0.4247
[I 2026-09-13 22:16:34,878 ignn.models.IGNN:215] epoch:27/best:27, loss:1.3279, train:0.4264, valid:0.4262/best:0.4262, test:0.4180/best:0.4180
[I 2026-09-13 22:16:34,900 ignn.models.IGNN:215] epoch:28/best:27, loss:1.3551, train:0.4171, valid:0.4037/best:0.4262, test:0.4135/best:0.4180
[I 2026-09-13 22:16:34,923 ignn.models.IGNN:215] epoch:29/best:27, loss:1.3346, train:0.4330, valid:0.4149/best:0.4262, test:0.4292/best:0.4180
[I 2026-09-13 22:16:34,946 ignn.models.IGNN:215] epoch:30/best:27, loss:1.3184, train:0.4283, valid:0.4135/best:0.4262, test:0.4135/best:0.4180
[I 2026-09-13 22:16:34,969 ignn.models.IGNN:215] epoch:31/best:27, loss:1.3106, train:0.4208, valid:0.4121/best:0.4262, test:0.4247/best:0.4180
[I 2026-09-13 22:16:34,991 ignn.models.IGNN:215] epoch:32/best:27, loss:1.3141, train:0.4274, valid:0.4093/best:0.4262, test:0.4180/best:0.4180
[I 2026-09-13 22:16:35,014 ignn.models.IGNN:215] epoch:33/best:27, loss:1.3167, train:0.4283, valid:0.4093/best:0.4262, test:0.4225/best:0.4180
[I 2026-09-13 22:16:35,037 ignn.models.IGNN:215] epoch:34/best:27, loss:1.2907, train:0.4096, valid:0.4107/best:0.4262, test:0.4225/best:0.4180
[I 2026-09-13 22:16:35,061 ignn.models.IGNN:215] epoch:35/best:35, loss:1.3123, train:0.4489, valid:0.4262/best:0.4262, test:0.4315/best:0.4315
[I 2026-09-13 22:16:35,086 ignn.models.IGNN:215] epoch:36/best:36, loss:1.2885, train:0.4489, valid:0.4360/best:0.4360, test:0.4157/best:0.4157
[I 2026-09-13 22:16:35,264 ignn.models.IGNN:215] epoch:37/best:36, loss:1.3155, train:0.4171, valid:0.4135/best:0.4360, test:0.4247/best:0.4157
[I 2026-09-13 22:16:35,292 ignn.models.IGNN:215] epoch:38/best:36, loss:1.3090, train:0.4189, valid:0.4121/best:0.4360, test:0.4270/best:0.4157
[I 2026-09-13 22:16:35,315 ignn.models.IGNN:215] epoch:39/best:36, loss:1.2948, train:0.4414, valid:0.4304/best:0.4360, test:0.4315/best:0.4157
[I 2026-09-13 22:16:35,338 ignn.models.IGNN:215] epoch:40/best:36, loss:1.2803, train:0.4592, valid:0.4304/best:0.4360, test:0.4112/best:0.4157
[I 2026-09-13 22:16:35,362 ignn.models.IGNN:215] epoch:41/best:41, loss:1.2904, train:0.4508, valid:0.4416/best:0.4416, test:0.4292/best:0.4292
[I 2026-09-13 22:16:35,385 ignn.models.IGNN:215] epoch:42/best:41, loss:1.2700, train:0.4311, valid:0.4332/best:0.4416, test:0.4292/best:0.4292
[I 2026-09-13 22:16:35,408 ignn.models.IGNN:215] epoch:43/best:41, loss:1.2650, train:0.4302, valid:0.4262/best:0.4416, test:0.4225/best:0.4292
[I 2026-09-13 22:16:35,432 ignn.models.IGNN:215] epoch:44/best:44, loss:1.2822, train:0.4470, valid:0.4416/best:0.4416, test:0.4270/best:0.4270
[I 2026-09-13 22:16:35,456 ignn.models.IGNN:215] epoch:45/best:45, loss:1.2568, train:0.4639, valid:0.4459/best:0.4459, test:0.4135/best:0.4135
[I 2026-09-13 22:16:35,479 ignn.models.IGNN:215] epoch:46/best:45, loss:1.2478, train:0.4649, valid:0.4430/best:0.4459, test:0.4180/best:0.4135
[I 2026-09-13 22:16:35,501 ignn.models.IGNN:215] epoch:47/best:45, loss:1.2603, train:0.4480, valid:0.4416/best:0.4459, test:0.4225/best:0.4135
[I 2026-09-13 22:16:35,524 ignn.models.IGNN:215] epoch:48/best:45, loss:1.2620, train:0.4208, valid:0.4416/best:0.4459, test:0.4270/best:0.4135
[I 2026-09-13 22:16:35,547 ignn.models.IGNN:215] epoch:49/best:45, loss:1.2389, train:0.4433, valid:0.4388/best:0.4459, test:0.4112/best:0.4135
[I 2026-09-13 22:16:35,569 ignn.models.IGNN:215] epoch:50/best:45, loss:1.2459, train:0.4686, valid:0.4374/best:0.4459, test:0.4112/best:0.4135
[I 2026-09-13 22:16:35,594 ignn.models.IGNN:215] epoch:51/best:51, loss:1.2626, train:0.4649, valid:0.4473/best:0.4473, test:0.4180/best:0.4180
[I 2026-09-13 22:16:35,616 ignn.models.IGNN:215] epoch:52/best:51, loss:1.2450, train:0.4283, valid:0.4360/best:0.4473, test:0.4202/best:0.4180
[I 2026-09-13 22:16:35,639 ignn.models.IGNN:215] epoch:53/best:51, loss:1.2502, train:0.4142, valid:0.4219/best:0.4473, test:0.4202/best:0.4180
[I 2026-09-13 22:16:35,662 ignn.models.IGNN:215] epoch:54/best:51, loss:1.2228, train:0.4339, valid:0.4276/best:0.4473, test:0.4270/best:0.4180
[I 2026-09-13 22:16:35,685 ignn.models.IGNN:215] epoch:55/best:51, loss:1.2215, train:0.4705, valid:0.4430/best:0.4473, test:0.4180/best:0.4180
[I 2026-09-13 22:16:35,707 ignn.models.IGNN:215] epoch:56/best:51, loss:1.2326, train:0.4770, valid:0.4402/best:0.4473, test:0.4247/best:0.4180
[I 2026-09-13 22:16:35,732 ignn.models.IGNN:215] epoch:57/best:57, loss:1.2386, train:0.4630, valid:0.4473/best:0.4473, test:0.4202/best:0.4202
[I 2026-09-13 22:16:35,755 ignn.models.IGNN:215] epoch:58/best:57, loss:1.2205, train:0.4386, valid:0.4346/best:0.4473, test:0.4270/best:0.4202
[I 2026-09-13 22:16:35,777 ignn.models.IGNN:215] epoch:59/best:57, loss:1.2308, train:0.4292, valid:0.4346/best:0.4473, test:0.4247/best:0.4202
[I 2026-09-13 22:16:35,800 ignn.models.IGNN:215] epoch:60/best:57, loss:1.2224, train:0.4386, valid:0.4388/best:0.4473, test:0.4180/best:0.4202
[I 2026-09-13 22:16:35,823 ignn.models.IGNN:215] epoch:61/best:57, loss:1.2381, train:0.4517, valid:0.4444/best:0.4473, test:0.4270/best:0.4202
[I 2026-09-13 22:16:35,847 ignn.models.IGNN:215] epoch:62/best:62, loss:1.2325, train:0.4686, valid:0.4473/best:0.4473, test:0.4360/best:0.4360
[I 2026-09-13 22:16:35,870 ignn.models.IGNN:215] epoch:63/best:62, loss:1.2408, train:0.4499, valid:0.4374/best:0.4473, test:0.4292/best:0.4360
[I 2026-09-13 22:16:35,893 ignn.models.IGNN:215] epoch:64/best:62, loss:1.2104, train:0.4255, valid:0.4374/best:0.4473, test:0.4225/best:0.4360
[I 2026-09-13 22:16:35,915 ignn.models.IGNN:215] epoch:65/best:62, loss:1.2247, train:0.4189, valid:0.4191/best:0.4473, test:0.4135/best:0.4360
[I 2026-09-13 22:16:35,938 ignn.models.IGNN:215] epoch:66/best:62, loss:1.2298, train:0.4386, valid:0.4360/best:0.4473, test:0.4315/best:0.4360
[I 2026-09-13 22:16:35,961 ignn.models.IGNN:215] epoch:67/best:62, loss:1.2290, train:0.4508, valid:0.4444/best:0.4473, test:0.4247/best:0.4360
[I 2026-09-13 22:16:35,985 ignn.models.IGNN:215] epoch:68/best:68, loss:1.2351, train:0.4602, valid:0.4529/best:0.4529, test:0.4202/best:0.4202
[I 2026-09-13 22:16:36,008 ignn.models.IGNN:215] epoch:69/best:68, loss:1.2094, train:0.4545, valid:0.4430/best:0.4529, test:0.4270/best:0.4202
[I 2026-09-13 22:16:36,031 ignn.models.IGNN:215] epoch:70/best:68, loss:1.1953, train:0.4367, valid:0.4346/best:0.4529, test:0.4337/best:0.4202
[I 2026-09-13 22:16:36,053 ignn.models.IGNN:215] epoch:71/best:68, loss:1.2089, train:0.4311, valid:0.4318/best:0.4529, test:0.4270/best:0.4202
[I 2026-09-13 22:16:36,229 ignn.models.IGNN:215] epoch:72/best:68, loss:1.2671, train:0.4480, valid:0.4360/best:0.4529, test:0.4382/best:0.4202
[I 2026-09-13 22:16:36,254 ignn.models.IGNN:215] epoch:73/best:73, loss:1.1962, train:0.4780, valid:0.4557/best:0.4557, test:0.4360/best:0.4360
[I 2026-09-13 22:16:36,278 ignn.models.IGNN:215] epoch:74/best:74, loss:1.2113, train:0.4836, valid:0.4557/best:0.4557, test:0.4382/best:0.4382
[I 2026-09-13 22:16:36,301 ignn.models.IGNN:215] epoch:75/best:74, loss:1.2236, train:0.4611, valid:0.4388/best:0.4557, test:0.4404/best:0.4382
[I 2026-09-13 22:16:36,323 ignn.models.IGNN:215] epoch:76/best:74, loss:1.1887, train:0.4396, valid:0.4304/best:0.4557, test:0.4202/best:0.4382
[I 2026-09-13 22:16:36,346 ignn.models.IGNN:215] epoch:77/best:74, loss:1.1930, train:0.4311, valid:0.4304/best:0.4557, test:0.4180/best:0.4382
[I 2026-09-13 22:16:36,369 ignn.models.IGNN:215] epoch:78/best:74, loss:1.2173, train:0.4480, valid:0.4318/best:0.4557, test:0.4360/best:0.4382
[I 2026-09-13 22:16:36,392 ignn.models.IGNN:215] epoch:79/best:74, loss:1.2226, train:0.4761, valid:0.4444/best:0.4557, test:0.4270/best:0.4382
[I 2026-09-13 22:16:36,414 ignn.models.IGNN:215] epoch:80/best:74, loss:1.1882, train:0.4808, valid:0.4515/best:0.4557, test:0.4270/best:0.4382
[I 2026-09-13 22:16:36,437 ignn.models.IGNN:215] epoch:81/best:74, loss:1.2172, train:0.4780, valid:0.4402/best:0.4557, test:0.4315/best:0.4382
[I 2026-09-13 22:16:36,460 ignn.models.IGNN:215] epoch:82/best:74, loss:1.2097, train:0.4574, valid:0.4416/best:0.4557, test:0.4382/best:0.4382
[I 2026-09-13 22:16:36,483 ignn.models.IGNN:215] epoch:83/best:74, loss:1.1895, train:0.4424, valid:0.4374/best:0.4557, test:0.4315/best:0.4382
[I 2026-09-13 22:16:36,506 ignn.models.IGNN:215] epoch:84/best:74, loss:1.1875, train:0.4339, valid:0.4318/best:0.4557, test:0.4225/best:0.4382
[I 2026-09-13 22:16:36,528 ignn.models.IGNN:215] epoch:85/best:74, loss:1.2167, train:0.4461, valid:0.4402/best:0.4557, test:0.4315/best:0.4382
[I 2026-09-13 22:16:36,551 ignn.models.IGNN:215] epoch:86/best:74, loss:1.1781, train:0.4780, valid:0.4402/best:0.4557, test:0.4337/best:0.4382
[I 2026-09-13 22:16:36,574 ignn.models.IGNN:215] epoch:87/best:74, loss:1.2174, train:0.4855, valid:0.4430/best:0.4557, test:0.4382/best:0.4382
[I 2026-09-13 22:16:36,597 ignn.models.IGNN:215] epoch:88/best:74, loss:1.2157, train:0.4714, valid:0.4444/best:0.4557, test:0.4449/best:0.4382
[I 2026-09-13 22:16:36,619 ignn.models.IGNN:215] epoch:89/best:74, loss:1.2029, train:0.4574, valid:0.4487/best:0.4557, test:0.4382/best:0.4382
[I 2026-09-13 22:16:36,642 ignn.models.IGNN:215] epoch:90/best:74, loss:1.2220, train:0.4724, valid:0.4515/best:0.4557, test:0.4472/best:0.4382
[I 2026-09-13 22:16:36,665 ignn.models.IGNN:215] epoch:91/best:74, loss:1.2072, train:0.4911, valid:0.4487/best:0.4557, test:0.4404/best:0.4382
[I 2026-09-13 22:16:36,688 ignn.models.IGNN:215] epoch:92/best:74, loss:1.2028, train:0.4911, valid:0.4515/best:0.4557, test:0.4404/best:0.4382
[I 2026-09-13 22:16:36,712 ignn.models.IGNN:215] epoch:93/best:93, loss:1.2042, train:0.4733, valid:0.4627/best:0.4627, test:0.4404/best:0.4404
[I 2026-09-13 22:16:36,735 ignn.models.IGNN:215] epoch:94/best:93, loss:1.1884, train:0.4583, valid:0.4459/best:0.4627, test:0.4404/best:0.4404
[I 2026-09-13 22:16:36,757 ignn.models.IGNN:215] epoch:95/best:93, loss:1.1833, train:0.4564, valid:0.4515/best:0.4627, test:0.4404/best:0.4404
[I 2026-09-13 22:16:36,780 ignn.models.IGNN:215] epoch:96/best:93, loss:1.1998, train:0.4667, valid:0.4487/best:0.4627, test:0.4382/best:0.4404
[I 2026-09-13 22:16:36,803 ignn.models.IGNN:215] epoch:97/best:93, loss:1.2007, train:0.4724, valid:0.4599/best:0.4627, test:0.4360/best:0.4404
[I 2026-09-13 22:16:36,826 ignn.models.IGNN:215] epoch:98/best:93, loss:1.1717, train:0.4714, valid:0.4585/best:0.4627, test:0.4404/best:0.4404
[I 2026-09-13 22:16:36,849 ignn.models.IGNN:215] epoch:99/best:93, loss:1.1951, train:0.4667, valid:0.4444/best:0.4627, test:0.4404/best:0.4404
[I 2026-09-13 22:16:36,871 ignn.models.IGNN:215] epoch:100/best:93, loss:1.2002, train:0.4695, valid:0.4430/best:0.4627, test:0.4382/best:0.4404
[I 2026-09-13 22:16:36,894 ignn.models.IGNN:215] epoch:101/best:93, loss:1.1850, train:0.4667, valid:0.4388/best:0.4627, test:0.4360/best:0.4404
[I 2026-09-13 22:16:36,917 ignn.models.IGNN:215] epoch:102/best:93, loss:1.1524, train:0.4639, valid:0.4346/best:0.4627, test:0.4315/best:0.4404
[I 2026-09-13 22:16:36,940 ignn.models.IGNN:215] epoch:103/best:93, loss:1.1940, train:0.4630, valid:0.4388/best:0.4627, test:0.4292/best:0.4404
[I 2026-09-13 22:16:36,963 ignn.models.IGNN:215] epoch:104/best:93, loss:1.1902, train:0.4602, valid:0.4430/best:0.4627, test:0.4292/best:0.4404
[I 2026-09-13 22:16:36,985 ignn.models.IGNN:215] epoch:105/best:93, loss:1.1925, train:0.4639, valid:0.4402/best:0.4627, test:0.4247/best:0.4404
[I 2026-09-13 22:16:37,008 ignn.models.IGNN:215] epoch:106/best:93, loss:1.1965, train:0.4780, valid:0.4430/best:0.4627, test:0.4225/best:0.4404
[I 2026-09-13 22:16:37,031 ignn.models.IGNN:215] epoch:107/best:93, loss:1.1710, train:0.4761, valid:0.4416/best:0.4627, test:0.4315/best:0.4404
[I 2026-09-13 22:16:37,208 ignn.models.IGNN:215] epoch:108/best:93, loss:1.1931, train:0.4545, valid:0.4430/best:0.4627, test:0.4247/best:0.4404
[I 2026-09-13 22:16:37,231 ignn.models.IGNN:215] epoch:109/best:93, loss:1.1771, train:0.4499, valid:0.4459/best:0.4627, test:0.4247/best:0.4404
[I 2026-09-13 22:16:37,254 ignn.models.IGNN:215] epoch:110/best:93, loss:1.2060, train:0.4667, valid:0.4459/best:0.4627, test:0.4315/best:0.4404
[I 2026-09-13 22:16:37,277 ignn.models.IGNN:215] epoch:111/best:93, loss:1.1815, train:0.4658, valid:0.4501/best:0.4627, test:0.4270/best:0.4404
[I 2026-09-13 22:16:37,301 ignn.models.IGNN:215] epoch:112/best:93, loss:1.1507, train:0.4545, valid:0.4430/best:0.4627, test:0.4202/best:0.4404
[I 2026-09-13 22:16:37,324 ignn.models.IGNN:215] epoch:113/best:93, loss:1.1599, train:0.4499, valid:0.4318/best:0.4627, test:0.4247/best:0.4404
[I 2026-09-13 22:16:37,347 ignn.models.IGNN:215] epoch:114/best:93, loss:1.1617, train:0.4724, valid:0.4529/best:0.4627, test:0.4270/best:0.4404
[I 2026-09-13 22:16:37,371 ignn.models.IGNN:215] epoch:115/best:115, loss:1.1755, train:0.4939, valid:0.4627/best:0.4627, test:0.4404/best:0.4404
[I 2026-09-13 22:16:37,394 ignn.models.IGNN:215] epoch:116/best:115, loss:1.1876, train:0.4930, valid:0.4613/best:0.4627, test:0.4472/best:0.4404
[I 2026-09-13 22:16:37,417 ignn.models.IGNN:215] epoch:117/best:115, loss:1.1562, train:0.4845, valid:0.4599/best:0.4627, test:0.4337/best:0.4404
[I 2026-09-13 22:16:37,441 ignn.models.IGNN:215] epoch:118/best:115, loss:1.1701, train:0.4620, valid:0.4318/best:0.4627, test:0.4180/best:0.4404
[I 2026-09-13 22:16:37,464 ignn.models.IGNN:215] epoch:119/best:115, loss:1.1870, train:0.4752, valid:0.4444/best:0.4627, test:0.4270/best:0.4404
[I 2026-09-13 22:16:37,487 ignn.models.IGNN:215] epoch:120/best:115, loss:1.1669, train:0.4799, valid:0.4515/best:0.4627, test:0.4382/best:0.4404
[I 2026-09-13 22:16:37,510 ignn.models.IGNN:215] epoch:121/best:115, loss:1.1833, train:0.4864, valid:0.4585/best:0.4627, test:0.4382/best:0.4404
[I 2026-09-13 22:16:37,532 ignn.models.IGNN:215] epoch:122/best:115, loss:1.1888, train:0.4761, valid:0.4402/best:0.4627, test:0.4292/best:0.4404
[I 2026-09-13 22:16:37,555 ignn.models.IGNN:215] epoch:123/best:115, loss:1.1646, train:0.4564, valid:0.4318/best:0.4627, test:0.4202/best:0.4404
[I 2026-09-13 22:16:37,578 ignn.models.IGNN:215] epoch:124/best:115, loss:1.2100, train:0.4396, valid:0.4304/best:0.4627, test:0.4180/best:0.4404
[I 2026-09-13 22:16:37,601 ignn.models.IGNN:215] epoch:125/best:115, loss:1.1795, train:0.4461, valid:0.4276/best:0.4627, test:0.4157/best:0.4404
[I 2026-09-13 22:16:37,624 ignn.models.IGNN:215] epoch:126/best:115, loss:1.1605, train:0.4752, valid:0.4388/best:0.4627, test:0.4225/best:0.4404
[I 2026-09-13 22:16:37,646 ignn.models.IGNN:215] epoch:127/best:115, loss:1.1504, train:0.4902, valid:0.4613/best:0.4627, test:0.4449/best:0.4404
[I 2026-09-13 22:16:37,669 ignn.models.IGNN:215] epoch:128/best:115, loss:1.1780, train:0.4967, valid:0.4543/best:0.4627, test:0.4449/best:0.4404
[I 2026-09-13 22:16:37,692 ignn.models.IGNN:215] epoch:129/best:115, loss:1.2109, train:0.4667, valid:0.4487/best:0.4627, test:0.4270/best:0.4404
[I 2026-09-13 22:16:37,715 ignn.models.IGNN:215] epoch:130/best:115, loss:1.1855, train:0.4208, valid:0.4191/best:0.4627, test:0.4135/best:0.4404
[I 2026-09-13 22:16:37,738 ignn.models.IGNN:215] epoch:131/best:115, loss:1.1782, train:0.4264, valid:0.4219/best:0.4627, test:0.4202/best:0.4404
[I 2026-09-13 22:16:37,760 ignn.models.IGNN:215] epoch:132/best:115, loss:1.1849, train:0.4677, valid:0.4402/best:0.4627, test:0.4270/best:0.4404
[I 2026-09-13 22:16:37,783 ignn.models.IGNN:215] epoch:133/best:115, loss:1.1771, train:0.4958, valid:0.4543/best:0.4627, test:0.4539/best:0.4404
[I 2026-09-13 22:16:37,806 ignn.models.IGNN:215] epoch:134/best:115, loss:1.1821, train:0.5023, valid:0.4571/best:0.4627, test:0.4562/best:0.4404
[I 2026-09-13 22:16:37,829 ignn.models.IGNN:215] epoch:135/best:115, loss:1.1702, train:0.4827, valid:0.4374/best:0.4627, test:0.4382/best:0.4404
[I 2026-09-13 22:16:37,852 ignn.models.IGNN:215] epoch:136/best:115, loss:1.1587, train:0.4246, valid:0.4248/best:0.4627, test:0.4202/best:0.4404
[I 2026-09-13 22:16:37,875 ignn.models.IGNN:215] epoch:137/best:115, loss:1.1970, train:0.4217, valid:0.4248/best:0.4627, test:0.4180/best:0.4404
[I 2026-09-13 22:16:37,898 ignn.models.IGNN:215] epoch:138/best:115, loss:1.2199, train:0.4714, valid:0.4290/best:0.4627, test:0.4180/best:0.4404
[I 2026-09-13 22:16:37,920 ignn.models.IGNN:215] epoch:139/best:115, loss:1.1932, train:0.5183, valid:0.4473/best:0.4627, test:0.4562/best:0.4404
[I 2026-09-13 22:16:37,943 ignn.models.IGNN:215] epoch:140/best:115, loss:1.1923, train:0.5108, valid:0.4529/best:0.4627, test:0.4449/best:0.4404
[I 2026-09-13 22:16:37,966 ignn.models.IGNN:215] epoch:141/best:115, loss:1.1858, train:0.4799, valid:0.4233/best:0.4627, test:0.4202/best:0.4404
[I 2026-09-13 22:16:37,989 ignn.models.IGNN:215] epoch:142/best:115, loss:1.1611, train:0.4377, valid:0.4304/best:0.4627, test:0.4180/best:0.4404
[I 2026-09-13 22:16:38,012 ignn.models.IGNN:215] epoch:143/best:115, loss:1.1716, train:0.4124, valid:0.4205/best:0.4627, test:0.4112/best:0.4404
[I 2026-09-13 22:16:38,193 ignn.models.IGNN:215] epoch:144/best:115, loss:1.1687, train:0.4142, valid:0.4233/best:0.4627, test:0.4135/best:0.4404
[I 2026-09-13 22:16:38,216 ignn.models.IGNN:215] epoch:145/best:115, loss:1.1822, train:0.4321, valid:0.4276/best:0.4627, test:0.4247/best:0.4404
[I 2026-09-13 22:16:38,239 ignn.models.IGNN:215] epoch:146/best:115, loss:1.1777, train:0.4714, valid:0.4346/best:0.4627, test:0.4270/best:0.4404
[I 2026-09-13 22:16:38,262 ignn.models.IGNN:215] epoch:147/best:115, loss:1.1625, train:0.5061, valid:0.4473/best:0.4627, test:0.4517/best:0.4404
[I 2026-09-13 22:16:38,285 ignn.models.IGNN:215] epoch:148/best:115, loss:1.1659, train:0.5023, valid:0.4515/best:0.4627, test:0.4517/best:0.4404
[I 2026-09-13 22:16:38,308 ignn.models.IGNN:215] epoch:149/best:115, loss:1.1600, train:0.4930, valid:0.4473/best:0.4627, test:0.4427/best:0.4404
[I 2026-09-13 22:16:38,331 ignn.models.IGNN:215] epoch:150/best:115, loss:1.1750, train:0.4452, valid:0.4318/best:0.4627, test:0.4180/best:0.4404
[I 2026-09-13 22:16:38,353 ignn.models.IGNN:215] epoch:151/best:115, loss:1.1480, train:0.4217, valid:0.4219/best:0.4627, test:0.4157/best:0.4404
[I 2026-09-13 22:16:38,376 ignn.models.IGNN:215] epoch:152/best:115, loss:1.1789, train:0.4105, valid:0.4177/best:0.4627, test:0.4135/best:0.4404
[I 2026-09-13 22:16:38,399 ignn.models.IGNN:215] epoch:153/best:115, loss:1.2015, train:0.4545, valid:0.4304/best:0.4627, test:0.4090/best:0.4404
[I 2026-09-13 22:16:38,422 ignn.models.IGNN:215] epoch:154/best:115, loss:1.1585, train:0.4986, valid:0.4444/best:0.4627, test:0.4360/best:0.4404
[I 2026-09-13 22:16:38,445 ignn.models.IGNN:215] epoch:155/best:115, loss:1.1838, train:0.5164, valid:0.4459/best:0.4627, test:0.4382/best:0.4404
[I 2026-09-13 22:16:38,469 ignn.models.IGNN:215] epoch:156/best:115, loss:1.1890, train:0.5005, valid:0.4416/best:0.4627, test:0.4404/best:0.4404
[I 2026-09-13 22:16:38,492 ignn.models.IGNN:215] epoch:157/best:115, loss:1.1492, train:0.4808, valid:0.4248/best:0.4627, test:0.4247/best:0.4404
[I 2026-09-13 22:16:38,515 ignn.models.IGNN:215] epoch:158/best:115, loss:1.1272, train:0.4442, valid:0.4276/best:0.4627, test:0.4135/best:0.4404
[I 2026-09-13 22:16:38,538 ignn.models.IGNN:215] epoch:159/best:115, loss:1.1713, train:0.4461, valid:0.4346/best:0.4627, test:0.4202/best:0.4404
[I 2026-09-13 22:16:38,560 ignn.models.IGNN:215] epoch:160/best:115, loss:1.1792, train:0.4630, valid:0.4374/best:0.4627, test:0.4315/best:0.4404
[I 2026-09-13 22:16:38,583 ignn.models.IGNN:215] epoch:161/best:115, loss:1.1717, train:0.4883, valid:0.4360/best:0.4627, test:0.4315/best:0.4404
[I 2026-09-13 22:16:38,606 ignn.models.IGNN:215] epoch:162/best:115, loss:1.1547, train:0.5014, valid:0.4402/best:0.4627, test:0.4539/best:0.4404
[I 2026-09-13 22:16:38,629 ignn.models.IGNN:215] epoch:163/best:115, loss:1.1649, train:0.5070, valid:0.4416/best:0.4627, test:0.4517/best:0.4404
[I 2026-09-13 22:16:38,652 ignn.models.IGNN:215] epoch:164/best:115, loss:1.1546, train:0.4855, valid:0.4388/best:0.4627, test:0.4292/best:0.4404
[I 2026-09-13 22:16:38,675 ignn.models.IGNN:215] epoch:165/best:115, loss:1.1431, train:0.4705, valid:0.4416/best:0.4627, test:0.4225/best:0.4404
[I 2026-09-13 22:16:38,698 ignn.models.IGNN:215] epoch:166/best:115, loss:1.1628, train:0.4620, valid:0.4346/best:0.4627, test:0.4180/best:0.4404
[I 2026-09-13 22:16:38,720 ignn.models.IGNN:215] epoch:167/best:115, loss:1.1873, train:0.4780, valid:0.4430/best:0.4627, test:0.4292/best:0.4404
[I 2026-09-13 22:16:38,743 ignn.models.IGNN:215] epoch:168/best:115, loss:1.1566, train:0.4873, valid:0.4402/best:0.4627, test:0.4337/best:0.4404
[I 2026-09-13 22:16:38,766 ignn.models.IGNN:215] epoch:169/best:115, loss:1.1664, train:0.4967, valid:0.4487/best:0.4627, test:0.4472/best:0.4404
[I 2026-09-13 22:16:38,789 ignn.models.IGNN:215] epoch:170/best:115, loss:1.1806, train:0.4930, valid:0.4444/best:0.4627, test:0.4494/best:0.4404
[I 2026-09-13 22:16:38,811 ignn.models.IGNN:215] epoch:171/best:115, loss:1.1657, train:0.4836, valid:0.4416/best:0.4627, test:0.4472/best:0.4404
[I 2026-09-13 22:16:38,834 ignn.models.IGNN:215] epoch:172/best:115, loss:1.1546, train:0.4808, valid:0.4487/best:0.4627, test:0.4315/best:0.4404
[I 2026-09-13 22:16:38,857 ignn.models.IGNN:215] epoch:173/best:115, loss:1.1677, train:0.4836, valid:0.4501/best:0.4627, test:0.4315/best:0.4404
[I 2026-09-13 22:16:38,880 ignn.models.IGNN:215] epoch:174/best:115, loss:1.1460, train:0.4939, valid:0.4444/best:0.4627, test:0.4449/best:0.4404
[I 2026-09-13 22:16:38,903 ignn.models.IGNN:215] epoch:175/best:115, loss:1.1422, train:0.5005, valid:0.4543/best:0.4627, test:0.4449/best:0.4404
[I 2026-09-13 22:16:38,925 ignn.models.IGNN:215] epoch:176/best:115, loss:1.1413, train:0.4986, valid:0.4473/best:0.4627, test:0.4494/best:0.4404
[I 2026-09-13 22:16:38,948 ignn.models.IGNN:215] epoch:177/best:115, loss:1.1509, train:0.4958, valid:0.4543/best:0.4627, test:0.4315/best:0.4404
[I 2026-09-13 22:16:38,971 ignn.models.IGNN:215] epoch:178/best:115, loss:1.1432, train:0.4724, valid:0.4430/best:0.4627, test:0.4225/best:0.4404
[I 2026-09-13 22:16:38,994 ignn.models.IGNN:215] epoch:179/best:115, loss:1.1472, train:0.4714, valid:0.4402/best:0.4627, test:0.4270/best:0.4404
[I 2026-09-13 22:16:39,174 ignn.models.IGNN:215] epoch:180/best:115, loss:1.1575, train:0.4911, valid:0.4599/best:0.4627, test:0.4292/best:0.4404
[I 2026-09-13 22:16:39,198 ignn.models.IGNN:215] epoch:181/best:115, loss:1.1431, train:0.5042, valid:0.4515/best:0.4627, test:0.4449/best:0.4404
[I 2026-09-13 22:16:39,221 ignn.models.IGNN:215] epoch:182/best:115, loss:1.1386, train:0.5136, valid:0.4473/best:0.4627, test:0.4607/best:0.4404
[I 2026-09-13 22:16:39,244 ignn.models.IGNN:215] epoch:183/best:115, loss:1.1015, train:0.5023, valid:0.4529/best:0.4627, test:0.4449/best:0.4404
[I 2026-09-13 22:16:39,267 ignn.models.IGNN:215] epoch:184/best:115, loss:1.1651, train:0.5005, valid:0.4557/best:0.4627, test:0.4404/best:0.4404
[I 2026-09-13 22:16:39,290 ignn.models.IGNN:215] epoch:185/best:115, loss:1.1684, train:0.4920, valid:0.4473/best:0.4627, test:0.4337/best:0.4404
[I 2026-09-13 22:16:39,312 ignn.models.IGNN:215] epoch:186/best:115, loss:1.1766, train:0.4986, valid:0.4416/best:0.4627, test:0.4292/best:0.4404
[I 2026-09-13 22:16:39,335 ignn.models.IGNN:215] epoch:187/best:115, loss:1.1401, train:0.5023, valid:0.4459/best:0.4627, test:0.4494/best:0.4404
[I 2026-09-13 22:16:39,358 ignn.models.IGNN:215] epoch:188/best:115, loss:1.1559, train:0.5098, valid:0.4501/best:0.4627, test:0.4494/best:0.4404
[I 2026-09-13 22:16:39,381 ignn.models.IGNN:215] epoch:189/best:115, loss:1.1244, train:0.5089, valid:0.4515/best:0.4627, test:0.4449/best:0.4404
[I 2026-09-13 22:16:39,403 ignn.models.IGNN:215] epoch:190/best:115, loss:1.1434, train:0.4892, valid:0.4360/best:0.4627, test:0.4225/best:0.4404
[I 2026-09-13 22:16:39,426 ignn.models.IGNN:215] epoch:191/best:115, loss:1.1420, train:0.4695, valid:0.4304/best:0.4627, test:0.4180/best:0.4404
[I 2026-09-13 22:16:39,449 ignn.models.IGNN:215] epoch:192/best:115, loss:1.1497, train:0.4902, valid:0.4402/best:0.4627, test:0.4337/best:0.4404
[I 2026-09-13 22:16:39,472 ignn.models.IGNN:215] epoch:193/best:115, loss:1.1502, train:0.5033, valid:0.4487/best:0.4627, test:0.4292/best:0.4404
[I 2026-09-13 22:16:39,495 ignn.models.IGNN:215] epoch:194/best:115, loss:1.1550, train:0.4986, valid:0.4501/best:0.4627, test:0.4427/best:0.4404
[I 2026-09-13 22:16:39,517 ignn.models.IGNN:215] epoch:195/best:115, loss:1.1502, train:0.4995, valid:0.4529/best:0.4627, test:0.4404/best:0.4404
[I 2026-09-13 22:16:39,540 ignn.models.IGNN:215] epoch:196/best:115, loss:1.1504, train:0.4930, valid:0.4529/best:0.4627, test:0.4382/best:0.4404
[I 2026-09-13 22:16:39,563 ignn.models.IGNN:215] epoch:197/best:115, loss:1.1375, train:0.4845, valid:0.4473/best:0.4627, test:0.4247/best:0.4404
[I 2026-09-13 22:16:39,586 ignn.models.IGNN:215] epoch:198/best:115, loss:1.1469, train:0.4845, valid:0.4487/best:0.4627, test:0.4270/best:0.4404
[I 2026-09-13 22:16:39,609 ignn.models.IGNN:215] epoch:199/best:115, loss:1.1378, train:0.4827, valid:0.4487/best:0.4627, test:0.4315/best:0.4404
[I 2026-09-13 22:16:39,632 ignn.models.IGNN:215] epoch:200/best:115, loss:1.1600, train:0.4864, valid:0.4487/best:0.4627, test:0.4292/best:0.4404
[I 2026-09-13 22:16:39,655 ignn.models.IGNN:215] epoch:201/best:115, loss:1.0993, train:0.4817, valid:0.4487/best:0.4627, test:0.4292/best:0.4404
[I 2026-09-13 22:16:39,677 ignn.models.IGNN:215] epoch:202/best:115, loss:1.1342, train:0.4761, valid:0.4430/best:0.4627, test:0.4180/best:0.4404
[I 2026-09-13 22:16:39,700 ignn.models.IGNN:215] epoch:203/best:115, loss:1.1433, train:0.4658, valid:0.4388/best:0.4627, test:0.4247/best:0.4404
[I 2026-09-13 22:16:39,724 ignn.models.IGNN:215] epoch:204/best:115, loss:1.1383, train:0.4799, valid:0.4430/best:0.4627, test:0.4202/best:0.4404
[I 2026-09-13 22:16:39,747 ignn.models.IGNN:215] epoch:205/best:115, loss:1.1116, train:0.4902, valid:0.4515/best:0.4627, test:0.4292/best:0.4404
[I 2026-09-13 22:16:39,769 ignn.models.IGNN:215] epoch:206/best:115, loss:1.1169, train:0.5089, valid:0.4529/best:0.4627, test:0.4360/best:0.4404
[I 2026-09-13 22:16:39,792 ignn.models.IGNN:215] epoch:207/best:115, loss:1.1287, train:0.5108, valid:0.4487/best:0.4627, test:0.4360/best:0.4404
[I 2026-09-13 22:16:39,815 ignn.models.IGNN:215] epoch:208/best:115, loss:1.1459, train:0.4920, valid:0.4487/best:0.4627, test:0.4292/best:0.4404
[I 2026-09-13 22:16:39,838 ignn.models.IGNN:215] epoch:209/best:115, loss:1.1303, train:0.4667, valid:0.4402/best:0.4627, test:0.4202/best:0.4404
[I 2026-09-13 22:16:39,861 ignn.models.IGNN:215] epoch:210/best:115, loss:1.1298, train:0.4517, valid:0.4205/best:0.4627, test:0.4270/best:0.4404
[I 2026-09-13 22:16:39,884 ignn.models.IGNN:215] epoch:211/best:115, loss:1.1217, train:0.4611, valid:0.4332/best:0.4627, test:0.4247/best:0.4404
[I 2026-09-13 22:16:39,906 ignn.models.IGNN:215] epoch:212/best:115, loss:1.1279, train:0.4911, valid:0.4487/best:0.4627, test:0.4225/best:0.4404
[I 2026-09-13 22:16:39,929 ignn.models.IGNN:215] epoch:213/best:115, loss:1.1522, train:0.5117, valid:0.4473/best:0.4627, test:0.4337/best:0.4404
[I 2026-09-13 22:16:39,952 ignn.models.IGNN:215] epoch:214/best:115, loss:1.1321, train:0.5052, valid:0.4599/best:0.4627, test:0.4360/best:0.4404
[I 2026-09-13 22:16:39,976 ignn.models.IGNN:215] epoch:215/best:115, loss:1.1202, train:0.4836, valid:0.4360/best:0.4627, test:0.4225/best:0.4404
[I 2026-09-13 22:16:40,152 ignn.models.IGNN:215] epoch:216/best:115, loss:1.1423, train:0.4761, valid:0.4360/best:0.4627, test:0.4157/best:0.4404
[I 2026-09-13 22:16:40,176 ignn.models.IGNN:215] epoch:217/best:115, loss:1.1420, train:0.4677, valid:0.4332/best:0.4627, test:0.4180/best:0.4404
[I 2026-09-13 22:16:40,199 ignn.models.IGNN:215] epoch:218/best:115, loss:1.1286, train:0.4667, valid:0.4346/best:0.4627, test:0.4112/best:0.4404
[I 2026-09-13 22:16:40,223 ignn.models.IGNN:215] epoch:219/best:115, loss:1.1527, train:0.4827, valid:0.4360/best:0.4627, test:0.4180/best:0.4404
[I 2026-09-13 22:16:40,246 ignn.models.IGNN:215] epoch:220/best:115, loss:1.1335, train:0.4948, valid:0.4473/best:0.4627, test:0.4180/best:0.4404
[I 2026-09-13 22:16:40,269 ignn.models.IGNN:215] epoch:221/best:115, loss:1.1094, train:0.4958, valid:0.4459/best:0.4627, test:0.4292/best:0.4404
[I 2026-09-13 22:16:40,291 ignn.models.IGNN:215] epoch:222/best:115, loss:1.1730, train:0.4939, valid:0.4515/best:0.4627, test:0.4337/best:0.4404
[I 2026-09-13 22:16:40,314 ignn.models.IGNN:215] epoch:223/best:115, loss:1.1730, train:0.4948, valid:0.4459/best:0.4627, test:0.4337/best:0.4404
[I 2026-09-13 22:16:40,337 ignn.models.IGNN:215] epoch:224/best:115, loss:1.1261, train:0.4770, valid:0.4290/best:0.4627, test:0.4090/best:0.4404
[I 2026-09-13 22:16:40,360 ignn.models.IGNN:215] epoch:225/best:115, loss:1.1382, train:0.4489, valid:0.4177/best:0.4627, test:0.4135/best:0.4404
[I 2026-09-13 22:16:40,383 ignn.models.IGNN:215] epoch:226/best:115, loss:1.1346, train:0.4545, valid:0.4163/best:0.4627, test:0.4157/best:0.4404
[I 2026-09-13 22:16:40,406 ignn.models.IGNN:215] epoch:227/best:115, loss:1.1094, train:0.4789, valid:0.4219/best:0.4627, test:0.4090/best:0.4404
[I 2026-09-13 22:16:40,429 ignn.models.IGNN:215] epoch:228/best:115, loss:1.1349, train:0.4995, valid:0.4304/best:0.4627, test:0.4315/best:0.4404
[I 2026-09-13 22:16:40,452 ignn.models.IGNN:215] epoch:229/best:115, loss:1.1731, train:0.4789, valid:0.4233/best:0.4627, test:0.4135/best:0.4404
[I 2026-09-13 22:16:40,475 ignn.models.IGNN:215] epoch:230/best:115, loss:1.1323, train:0.4236, valid:0.4023/best:0.4627, test:0.4022/best:0.4404
[I 2026-09-13 22:16:40,497 ignn.models.IGNN:215] epoch:231/best:115, loss:1.1224, train:0.4414, valid:0.4093/best:0.4627, test:0.4000/best:0.4404
[I 2026-09-13 22:16:40,520 ignn.models.IGNN:215] epoch:232/best:115, loss:1.1281, train:0.4799, valid:0.4290/best:0.4627, test:0.4112/best:0.4404
[I 2026-09-13 22:16:40,543 ignn.models.IGNN:215] epoch:233/best:115, loss:1.1259, train:0.5080, valid:0.4346/best:0.4627, test:0.4270/best:0.4404
[I 2026-09-13 22:16:40,566 ignn.models.IGNN:215] epoch:234/best:115, loss:1.1201, train:0.5080, valid:0.4360/best:0.4627, test:0.4292/best:0.4404
[I 2026-09-13 22:16:40,588 ignn.models.IGNN:215] epoch:235/best:115, loss:1.1177, train:0.4733, valid:0.4290/best:0.4627, test:0.4157/best:0.4404
[I 2026-09-13 22:16:40,611 ignn.models.IGNN:215] epoch:236/best:115, loss:1.1186, train:0.4499, valid:0.4149/best:0.4627, test:0.4135/best:0.4404
[I 2026-09-13 22:16:40,634 ignn.models.IGNN:215] epoch:237/best:115, loss:1.1590, train:0.4264, valid:0.3994/best:0.4627, test:0.4022/best:0.4404
[I 2026-09-13 22:16:40,657 ignn.models.IGNN:215] epoch:238/best:115, loss:1.1328, train:0.4433, valid:0.4093/best:0.4627, test:0.4090/best:0.4404
[I 2026-09-13 22:16:40,680 ignn.models.IGNN:215] epoch:239/best:115, loss:1.1607, train:0.5042, valid:0.4501/best:0.4627, test:0.4292/best:0.4404
[I 2026-09-13 22:16:40,702 ignn.models.IGNN:215] epoch:240/best:115, loss:1.1447, train:0.5380, valid:0.4557/best:0.4627, test:0.4449/best:0.4404
[I 2026-09-13 22:16:40,725 ignn.models.IGNN:215] epoch:241/best:115, loss:1.1732, train:0.5239, valid:0.4444/best:0.4627, test:0.4449/best:0.4404
[I 2026-09-13 22:16:40,748 ignn.models.IGNN:215] epoch:242/best:115, loss:1.1526, train:0.5005, valid:0.4388/best:0.4627, test:0.4135/best:0.4404
[I 2026-09-13 22:16:40,771 ignn.models.IGNN:215] epoch:243/best:115, loss:1.1572, train:0.4742, valid:0.4290/best:0.4627, test:0.4067/best:0.4404
[I 2026-09-13 22:16:40,793 ignn.models.IGNN:215] epoch:244/best:115, loss:1.1307, train:0.4686, valid:0.4248/best:0.4627, test:0.4112/best:0.4404
[I 2026-09-13 22:16:40,816 ignn.models.IGNN:215] epoch:245/best:115, loss:1.1683, train:0.4855, valid:0.4304/best:0.4627, test:0.4090/best:0.4404
[I 2026-09-13 22:16:40,839 ignn.models.IGNN:215] epoch:246/best:115, loss:1.1391, train:0.4789, valid:0.4318/best:0.4627, test:0.4090/best:0.4404
[I 2026-09-13 22:16:40,862 ignn.models.IGNN:215] epoch:247/best:115, loss:1.1310, train:0.4574, valid:0.4163/best:0.4627, test:0.4045/best:0.4404
[I 2026-09-13 22:16:40,885 ignn.models.IGNN:215] epoch:248/best:115, loss:1.1410, train:0.4527, valid:0.4135/best:0.4627, test:0.4135/best:0.4404
[I 2026-09-13 22:16:40,907 ignn.models.IGNN:215] epoch:249/best:115, loss:1.1421, train:0.4986, valid:0.4501/best:0.4627, test:0.4180/best:0.4404
[I 2026-09-13 22:16:40,930 ignn.models.IGNN:215] epoch:250/best:115, loss:1.1492, train:0.4977, valid:0.4529/best:0.4627, test:0.4225/best:0.4404
[I 2026-09-13 22:16:40,953 ignn.models.IGNN:215] epoch:251/best:115, loss:1.1300, train:0.4752, valid:0.4430/best:0.4627, test:0.4090/best:0.4404
[I 2026-09-13 22:16:41,130 ignn.models.IGNN:215] epoch:252/best:115, loss:1.1210, train:0.4658, valid:0.4388/best:0.4627, test:0.4067/best:0.4404
[I 2026-09-13 22:16:41,153 ignn.models.IGNN:215] epoch:253/best:115, loss:1.1295, train:0.4714, valid:0.4444/best:0.4627, test:0.4112/best:0.4404
[I 2026-09-13 22:16:41,176 ignn.models.IGNN:215] epoch:254/best:115, loss:1.1292, train:0.4695, valid:0.4501/best:0.4627, test:0.4067/best:0.4404
[I 2026-09-13 22:16:41,199 ignn.models.IGNN:215] epoch:255/best:115, loss:1.1136, train:0.4686, valid:0.4473/best:0.4627, test:0.4090/best:0.4404
[I 2026-09-13 22:16:41,222 ignn.models.IGNN:215] epoch:256/best:115, loss:1.1339, train:0.4677, valid:0.4346/best:0.4627, test:0.4112/best:0.4404
[I 2026-09-13 22:16:41,245 ignn.models.IGNN:215] epoch:257/best:115, loss:1.1457, train:0.4658, valid:0.4416/best:0.4627, test:0.4135/best:0.4404
[I 2026-09-13 22:16:41,268 ignn.models.IGNN:215] epoch:258/best:115, loss:1.1285, train:0.4808, valid:0.4374/best:0.4627, test:0.4135/best:0.4404
[I 2026-09-13 22:16:41,291 ignn.models.IGNN:215] epoch:259/best:115, loss:1.1021, train:0.4705, valid:0.4318/best:0.4627, test:0.4135/best:0.4404
[I 2026-09-13 22:16:41,314 ignn.models.IGNN:215] epoch:260/best:115, loss:1.1324, train:0.4658, valid:0.4262/best:0.4627, test:0.4067/best:0.4404
[I 2026-09-13 22:16:41,337 ignn.models.IGNN:215] epoch:261/best:115, loss:1.1209, train:0.4564, valid:0.4177/best:0.4627, test:0.4090/best:0.4404
[I 2026-09-13 22:16:41,359 ignn.models.IGNN:215] epoch:262/best:115, loss:1.1223, train:0.4517, valid:0.4107/best:0.4627, test:0.3933/best:0.4404
[I 2026-09-13 22:16:41,382 ignn.models.IGNN:215] epoch:263/best:115, loss:1.1434, train:0.4705, valid:0.4262/best:0.4627, test:0.4112/best:0.4404
[I 2026-09-13 22:16:41,405 ignn.models.IGNN:215] epoch:264/best:115, loss:1.1237, train:0.5127, valid:0.4430/best:0.4627, test:0.4292/best:0.4404
[I 2026-09-13 22:16:41,428 ignn.models.IGNN:215] epoch:265/best:115, loss:1.1493, train:0.5220, valid:0.4444/best:0.4627, test:0.4315/best:0.4404
[I 2026-09-13 22:16:41,450 ignn.models.IGNN:215] epoch:266/best:115, loss:1.1157, train:0.5220, valid:0.4487/best:0.4627, test:0.4315/best:0.4404
[I 2026-09-13 22:16:41,473 ignn.models.IGNN:215] epoch:267/best:115, loss:1.1359, train:0.4948, valid:0.4416/best:0.4627, test:0.4292/best:0.4404
[I 2026-09-13 22:16:41,496 ignn.models.IGNN:215] epoch:268/best:115, loss:1.1093, train:0.4705, valid:0.4262/best:0.4627, test:0.4045/best:0.4404
[I 2026-09-13 22:16:41,519 ignn.models.IGNN:215] epoch:269/best:115, loss:1.1215, train:0.4733, valid:0.4290/best:0.4627, test:0.4112/best:0.4404
[I 2026-09-13 22:16:41,542 ignn.models.IGNN:215] epoch:270/best:115, loss:1.1568, train:0.4780, valid:0.4444/best:0.4627, test:0.4292/best:0.4404
[I 2026-09-13 22:16:41,564 ignn.models.IGNN:215] epoch:271/best:115, loss:1.1075, train:0.4948, valid:0.4557/best:0.4627, test:0.4247/best:0.4404
[I 2026-09-13 22:16:41,587 ignn.models.IGNN:215] epoch:272/best:115, loss:1.1253, train:0.5014, valid:0.4515/best:0.4627, test:0.4292/best:0.4404
[I 2026-09-13 22:16:41,610 ignn.models.IGNN:215] epoch:273/best:115, loss:1.1361, train:0.4836, valid:0.4388/best:0.4627, test:0.4202/best:0.4404
[I 2026-09-13 22:16:41,633 ignn.models.IGNN:215] epoch:274/best:115, loss:1.1230, train:0.4611, valid:0.4262/best:0.4627, test:0.4067/best:0.4404
[I 2026-09-13 22:16:41,656 ignn.models.IGNN:215] epoch:275/best:115, loss:1.1276, train:0.4396, valid:0.4037/best:0.4627, test:0.4045/best:0.4404
[I 2026-09-13 22:16:41,678 ignn.models.IGNN:215] epoch:276/best:115, loss:1.1155, train:0.4246, valid:0.4037/best:0.4627, test:0.4022/best:0.4404
[I 2026-09-13 22:16:41,701 ignn.models.IGNN:215] epoch:277/best:115, loss:1.1315, train:0.4630, valid:0.4191/best:0.4627, test:0.4022/best:0.4404
[I 2026-09-13 22:16:41,724 ignn.models.IGNN:215] epoch:278/best:115, loss:1.1551, train:0.5248, valid:0.4557/best:0.4627, test:0.4225/best:0.4404
[I 2026-09-13 22:16:41,747 ignn.models.IGNN:215] epoch:279/best:115, loss:1.1375, train:0.5548, valid:0.4473/best:0.4627, test:0.4337/best:0.4404
[I 2026-09-13 22:16:41,769 ignn.models.IGNN:215] epoch:280/best:115, loss:1.1772, train:0.5333, valid:0.4585/best:0.4627, test:0.4292/best:0.4404
[I 2026-09-13 22:16:41,792 ignn.models.IGNN:215] epoch:281/best:115, loss:1.1333, train:0.4817, valid:0.4304/best:0.4627, test:0.4112/best:0.4404
[I 2026-09-13 22:16:41,815 ignn.models.IGNN:215] epoch:282/best:115, loss:1.1350, train:0.4396, valid:0.4149/best:0.4627, test:0.4022/best:0.4404
[I 2026-09-13 22:16:41,838 ignn.models.IGNN:215] epoch:283/best:115, loss:1.1501, train:0.4480, valid:0.4121/best:0.4627, test:0.4067/best:0.4404
[I 2026-09-13 22:16:41,860 ignn.models.IGNN:215] epoch:284/best:115, loss:1.1302, train:0.4827, valid:0.4346/best:0.4627, test:0.4202/best:0.4404
[I 2026-09-13 22:16:41,883 ignn.models.IGNN:215] epoch:285/best:115, loss:1.1351, train:0.5117, valid:0.4501/best:0.4627, test:0.4202/best:0.4404
[I 2026-09-13 22:16:41,906 ignn.models.IGNN:215] epoch:286/best:115, loss:1.0985, train:0.5136, valid:0.4515/best:0.4627, test:0.4225/best:0.4404
[I 2026-09-13 22:16:41,929 ignn.models.IGNN:215] epoch:287/best:115, loss:1.1210, train:0.4911, valid:0.4416/best:0.4627, test:0.4090/best:0.4404
[I 2026-09-13 22:16:42,110 ignn.models.IGNN:215] epoch:288/best:115, loss:1.1444, train:0.4461, valid:0.4205/best:0.4627, test:0.4157/best:0.4404
[I 2026-09-13 22:16:42,133 ignn.models.IGNN:215] epoch:289/best:115, loss:1.1181, train:0.4396, valid:0.4008/best:0.4627, test:0.4067/best:0.4404
[I 2026-09-13 22:16:42,155 ignn.models.IGNN:215] epoch:290/best:115, loss:1.0949, train:0.4311, valid:0.4037/best:0.4627, test:0.4022/best:0.4404
[I 2026-09-13 22:16:42,178 ignn.models.IGNN:215] epoch:291/best:115, loss:1.1446, train:0.4292, valid:0.4037/best:0.4627, test:0.4022/best:0.4404
[I 2026-09-13 22:16:42,201 ignn.models.IGNN:215] epoch:292/best:115, loss:1.1327, train:0.4367, valid:0.4051/best:0.4627, test:0.3978/best:0.4404
[I 2026-09-13 22:16:42,224 ignn.models.IGNN:215] epoch:293/best:115, loss:1.1388, train:0.4480, valid:0.4051/best:0.4627, test:0.3910/best:0.4404
[I 2026-09-13 22:16:42,246 ignn.models.IGNN:215] epoch:294/best:115, loss:1.1239, train:0.4536, valid:0.4149/best:0.4627, test:0.4022/best:0.4404
[I 2026-09-13 22:16:42,269 ignn.models.IGNN:215] epoch:295/best:115, loss:1.1280, train:0.4677, valid:0.4290/best:0.4627, test:0.4000/best:0.4404
[I 2026-09-13 22:16:42,292 ignn.models.IGNN:215] epoch:296/best:115, loss:1.1556, train:0.4677, valid:0.4248/best:0.4627, test:0.3978/best:0.4404
[I 2026-09-13 22:16:42,315 ignn.models.IGNN:215] epoch:297/best:115, loss:1.1493, train:0.4555, valid:0.4163/best:0.4627, test:0.3978/best:0.4404
[I 2026-09-13 22:16:42,337 ignn.models.IGNN:215] epoch:298/best:115, loss:1.1226, train:0.4555, valid:0.4163/best:0.4627, test:0.4045/best:0.4404
[I 2026-09-13 22:16:42,360 ignn.models.IGNN:215] epoch:299/best:115, loss:1.1441, train:0.4677, valid:0.4205/best:0.4627, test:0.4112/best:0.4404
[I 2026-09-13 22:16:42,383 ignn.models.IGNN:215] epoch:300/best:115, loss:1.1217, train:0.4630, valid:0.4219/best:0.4627, test:0.4067/best:0.4404
[I 2026-09-13 22:16:42,406 ignn.models.IGNN:215] epoch:301/best:115, loss:1.1105, train:0.4667, valid:0.4276/best:0.4627, test:0.4135/best:0.4404
[I 2026-09-13 22:16:42,429 ignn.models.IGNN:215] epoch:302/best:115, loss:1.1287, train:0.4892, valid:0.4444/best:0.4627, test:0.4090/best:0.4404
[I 2026-09-13 22:16:42,451 ignn.models.IGNN:215] epoch:303/best:115, loss:1.1288, train:0.5127, valid:0.4529/best:0.4627, test:0.4337/best:0.4404
[I 2026-09-13 22:16:42,474 ignn.models.IGNN:215] epoch:304/best:115, loss:1.1367, train:0.4967, valid:0.4388/best:0.4627, test:0.4180/best:0.4404
[I 2026-09-13 22:16:42,497 ignn.models.IGNN:215] epoch:305/best:115, loss:1.1092, train:0.4733, valid:0.4191/best:0.4627, test:0.4135/best:0.4404
[I 2026-09-13 22:16:42,519 ignn.models.IGNN:215] epoch:306/best:115, loss:1.0982, train:0.4780, valid:0.4219/best:0.4627, test:0.4090/best:0.4404
[I 2026-09-13 22:16:42,542 ignn.models.IGNN:215] epoch:307/best:115, loss:1.1019, train:0.4724, valid:0.4093/best:0.4627, test:0.4067/best:0.4404
[I 2026-09-13 22:16:42,565 ignn.models.IGNN:215] epoch:308/best:115, loss:1.1222, train:0.4724, valid:0.4107/best:0.4627, test:0.4022/best:0.4404
[I 2026-09-13 22:16:42,588 ignn.models.IGNN:215] epoch:309/best:115, loss:1.1169, train:0.4855, valid:0.4149/best:0.4627, test:0.4067/best:0.4404
[I 2026-09-13 22:16:42,611 ignn.models.IGNN:215] epoch:310/best:115, loss:1.1339, train:0.5136, valid:0.4318/best:0.4627, test:0.4247/best:0.4404
[I 2026-09-13 22:16:42,634 ignn.models.IGNN:215] epoch:311/best:115, loss:1.1262, train:0.5305, valid:0.4346/best:0.4627, test:0.4382/best:0.4404
[I 2026-09-13 22:16:42,656 ignn.models.IGNN:215] epoch:312/best:115, loss:1.1521, train:0.4948, valid:0.4276/best:0.4627, test:0.4202/best:0.4404
[I 2026-09-13 22:16:42,679 ignn.models.IGNN:215] epoch:313/best:115, loss:1.1233, train:0.4724, valid:0.4149/best:0.4627, test:0.4067/best:0.4404
[I 2026-09-13 22:16:42,702 ignn.models.IGNN:215] epoch:314/best:115, loss:1.1035, train:0.4592, valid:0.4093/best:0.4627, test:0.3978/best:0.4404
[I 2026-09-13 22:16:42,725 ignn.models.IGNN:215] epoch:315/best:115, loss:1.1051, train:0.4508, valid:0.4107/best:0.4627, test:0.3888/best:0.4404
[I 2026-09-13 22:16:42,725 ignn.models.IGNN:222] Early Stopping! Best Epoch: 115, best val acc: 0.4627, test acc: 0.4404
[I 2026-09-13 22:16:42,726 ignn.models.IGNN:234] 10 epoch cost: 0.2753s.
[I 2026-09-13 22:16:42,738 __main__:210] squirrel_critical 6 res: 0.4404494382022472


[I 2026-09-13 22:16:42,774 ignn.models.IGNN:215] epoch:0/best:0, loss:1.6186, train:0.2737, valid:0.2672/best:0.2672, test:0.2517/best:0.2517
[I 2026-09-13 22:16:42,799 ignn.models.IGNN:215] epoch:1/best:1, loss:1.5950, train:0.3571, valid:0.3333/best:0.3333, test:0.3101/best:0.3101
[I 2026-09-13 22:16:42,823 ignn.models.IGNN:215] epoch:2/best:2, loss:1.5691, train:0.3571, valid:0.3333/best:0.3333, test:0.3101/best:0.3101
[I 2026-09-13 22:16:42,847 ignn.models.IGNN:215] epoch:3/best:3, loss:1.5531, train:0.3571, valid:0.3333/best:0.3333, test:0.3101/best:0.3101
[I 2026-09-13 22:16:42,871 ignn.models.IGNN:215] epoch:4/best:4, loss:1.5435, train:0.3571, valid:0.3333/best:0.3333, test:0.3101/best:0.3101
[I 2026-09-13 22:16:42,895 ignn.models.IGNN:215] epoch:5/best:5, loss:1.5356, train:0.3571, valid:0.3333/best:0.3333, test:0.3101/best:0.3101
[I 2026-09-13 22:16:43,075 ignn.models.IGNN:215] epoch:6/best:6, loss:1.5122, train:0.3571, valid:0.3333/best:0.3333, test:0.3101/best:0.3101
[I 2026-09-13 22:16:43,100 ignn.models.IGNN:215] epoch:7/best:7, loss:1.5133, train:0.3571, valid:0.3333/best:0.3333, test:0.3101/best:0.3101
[I 2026-09-13 22:16:43,124 ignn.models.IGNN:215] epoch:8/best:8, loss:1.4997, train:0.3571, valid:0.3333/best:0.3333, test:0.3101/best:0.3101
[I 2026-09-13 22:16:43,148 ignn.models.IGNN:215] epoch:9/best:9, loss:1.4846, train:0.3590, valid:0.3333/best:0.3333, test:0.3101/best:0.3101
[I 2026-09-13 22:16:43,172 ignn.models.IGNN:215] epoch:10/best:10, loss:1.4772, train:0.3590, valid:0.3361/best:0.3361, test:0.3101/best:0.3101
[I 2026-09-13 22:16:43,196 ignn.models.IGNN:215] epoch:11/best:11, loss:1.4835, train:0.3636, valid:0.3361/best:0.3361, test:0.3146/best:0.3146
[I 2026-09-13 22:16:43,221 ignn.models.IGNN:215] epoch:12/best:12, loss:1.4440, train:0.3683, valid:0.3516/best:0.3516, test:0.3213/best:0.3213
[I 2026-09-13 22:16:43,245 ignn.models.IGNN:215] epoch:13/best:13, loss:1.4336, train:0.3777, valid:0.3572/best:0.3572, test:0.3371/best:0.3371
[I 2026-09-13 22:16:43,269 ignn.models.IGNN:215] epoch:14/best:14, loss:1.4408, train:0.3927, valid:0.3671/best:0.3671, test:0.3596/best:0.3596
[I 2026-09-13 22:16:43,293 ignn.models.IGNN:215] epoch:15/best:15, loss:1.4325, train:0.4171, valid:0.3952/best:0.3952, test:0.3708/best:0.3708
[I 2026-09-13 22:16:43,317 ignn.models.IGNN:215] epoch:16/best:16, loss:1.4245, train:0.4236, valid:0.3966/best:0.3966, test:0.3708/best:0.3708
[I 2026-09-13 22:16:43,341 ignn.models.IGNN:215] epoch:17/best:17, loss:1.4083, train:0.4255, valid:0.4023/best:0.4023, test:0.3730/best:0.3730
[I 2026-09-13 22:16:43,364 ignn.models.IGNN:215] epoch:18/best:17, loss:1.4103, train:0.4236, valid:0.3980/best:0.4023, test:0.3708/best:0.3730
[I 2026-09-13 22:16:43,387 ignn.models.IGNN:215] epoch:19/best:17, loss:1.3939, train:0.4180, valid:0.3910/best:0.4023, test:0.3730/best:0.3730
[I 2026-09-13 22:16:43,411 ignn.models.IGNN:215] epoch:20/best:20, loss:1.3846, train:0.4264, valid:0.4037/best:0.4037, test:0.3753/best:0.3753
[I 2026-09-13 22:16:43,435 ignn.models.IGNN:215] epoch:21/best:21, loss:1.3843, train:0.4246, valid:0.4135/best:0.4135, test:0.3865/best:0.3865
[I 2026-09-13 22:16:43,459 ignn.models.IGNN:215] epoch:22/best:22, loss:1.3717, train:0.4264, valid:0.4135/best:0.4135, test:0.3753/best:0.3753
[I 2026-09-13 22:16:43,484 ignn.models.IGNN:215] epoch:23/best:23, loss:1.3503, train:0.4283, valid:0.4135/best:0.4135, test:0.3753/best:0.3753
[I 2026-09-13 22:16:43,508 ignn.models.IGNN:215] epoch:24/best:24, loss:1.3673, train:0.4358, valid:0.4276/best:0.4276, test:0.4045/best:0.4045
[I 2026-09-13 22:16:43,530 ignn.models.IGNN:215] epoch:25/best:24, loss:1.3542, train:0.4424, valid:0.4219/best:0.4276, test:0.4067/best:0.4045
[I 2026-09-13 22:16:43,553 ignn.models.IGNN:215] epoch:26/best:24, loss:1.3427, train:0.4255, valid:0.4149/best:0.4276, test:0.3798/best:0.4045
[I 2026-09-13 22:16:43,576 ignn.models.IGNN:215] epoch:27/best:24, loss:1.3502, train:0.4555, valid:0.4248/best:0.4276, test:0.4022/best:0.4045
[I 2026-09-13 22:16:43,600 ignn.models.IGNN:215] epoch:28/best:28, loss:1.3491, train:0.4602, valid:0.4304/best:0.4304, test:0.3978/best:0.3978
[I 2026-09-13 22:16:43,623 ignn.models.IGNN:215] epoch:29/best:28, loss:1.3121, train:0.4217, valid:0.4149/best:0.4304, test:0.3798/best:0.3978
[I 2026-09-13 22:16:43,646 ignn.models.IGNN:215] epoch:30/best:28, loss:1.3300, train:0.4433, valid:0.4163/best:0.4304, test:0.3843/best:0.3978
[I 2026-09-13 22:16:43,670 ignn.models.IGNN:215] epoch:31/best:31, loss:1.3126, train:0.4592, valid:0.4346/best:0.4346, test:0.4292/best:0.4292
[I 2026-09-13 22:16:43,694 ignn.models.IGNN:215] epoch:32/best:32, loss:1.3199, train:0.4592, valid:0.4416/best:0.4416, test:0.3955/best:0.3955
[I 2026-09-13 22:16:43,717 ignn.models.IGNN:215] epoch:33/best:32, loss:1.2903, train:0.4255, valid:0.4149/best:0.4416, test:0.3685/best:0.3955
[I 2026-09-13 22:16:43,740 ignn.models.IGNN:215] epoch:34/best:32, loss:1.3245, train:0.4433, valid:0.4248/best:0.4416, test:0.3730/best:0.3955
[I 2026-09-13 22:16:43,762 ignn.models.IGNN:215] epoch:35/best:32, loss:1.3100, train:0.4574, valid:0.4388/best:0.4416, test:0.4022/best:0.3955
[I 2026-09-13 22:16:43,785 ignn.models.IGNN:215] epoch:36/best:32, loss:1.2950, train:0.4602, valid:0.4248/best:0.4416, test:0.4292/best:0.3955
[I 2026-09-13 22:16:43,808 ignn.models.IGNN:215] epoch:37/best:32, loss:1.2914, train:0.4611, valid:0.4318/best:0.4416, test:0.4022/best:0.3955
[I 2026-09-13 22:16:43,831 ignn.models.IGNN:215] epoch:38/best:32, loss:1.2721, train:0.4536, valid:0.4388/best:0.4416, test:0.3843/best:0.3955
[I 2026-09-13 22:16:43,853 ignn.models.IGNN:215] epoch:39/best:32, loss:1.2669, train:0.4536, valid:0.4360/best:0.4416, test:0.4067/best:0.3955
[I 2026-09-13 22:16:43,876 ignn.models.IGNN:215] epoch:40/best:32, loss:1.2779, train:0.4677, valid:0.4276/best:0.4416, test:0.4270/best:0.3955
[I 2026-09-13 22:16:44,056 ignn.models.IGNN:215] epoch:41/best:32, loss:1.2648, train:0.4770, valid:0.4191/best:0.4416, test:0.4315/best:0.3955
[I 2026-09-13 22:16:44,084 ignn.models.IGNN:215] epoch:42/best:32, loss:1.2821, train:0.4724, valid:0.4219/best:0.4416, test:0.4270/best:0.3955
[I 2026-09-13 22:16:44,107 ignn.models.IGNN:215] epoch:43/best:32, loss:1.2560, train:0.4592, valid:0.4304/best:0.4416, test:0.4225/best:0.3955
[I 2026-09-13 22:16:44,130 ignn.models.IGNN:215] epoch:44/best:32, loss:1.2486, train:0.4789, valid:0.4205/best:0.4416, test:0.4270/best:0.3955
[I 2026-09-13 22:16:44,153 ignn.models.IGNN:215] epoch:45/best:32, loss:1.2659, train:0.4799, valid:0.4205/best:0.4416, test:0.4315/best:0.3955
[I 2026-09-13 22:16:44,175 ignn.models.IGNN:215] epoch:46/best:32, loss:1.2363, train:0.4733, valid:0.4360/best:0.4416, test:0.4202/best:0.3955
[I 2026-09-13 22:16:44,198 ignn.models.IGNN:215] epoch:47/best:32, loss:1.2361, train:0.4724, valid:0.4388/best:0.4416, test:0.4247/best:0.3955
[I 2026-09-13 22:16:44,221 ignn.models.IGNN:215] epoch:48/best:32, loss:1.2377, train:0.4808, valid:0.4219/best:0.4416, test:0.4225/best:0.3955
[I 2026-09-13 22:16:44,244 ignn.models.IGNN:215] epoch:49/best:32, loss:1.2353, train:0.4845, valid:0.4276/best:0.4416, test:0.4360/best:0.3955
[I 2026-09-13 22:16:44,267 ignn.models.IGNN:215] epoch:50/best:32, loss:1.2313, train:0.4770, valid:0.4290/best:0.4416, test:0.4360/best:0.3955
[I 2026-09-13 22:16:44,290 ignn.models.IGNN:215] epoch:51/best:32, loss:1.2360, train:0.4780, valid:0.4388/best:0.4416, test:0.4067/best:0.3955
[I 2026-09-13 22:16:44,312 ignn.models.IGNN:215] epoch:52/best:32, loss:1.2567, train:0.4827, valid:0.4346/best:0.4416, test:0.4090/best:0.3955
[I 2026-09-13 22:16:44,335 ignn.models.IGNN:215] epoch:53/best:32, loss:1.2329, train:0.4817, valid:0.4332/best:0.4416, test:0.4360/best:0.3955
[I 2026-09-13 22:16:44,358 ignn.models.IGNN:215] epoch:54/best:32, loss:1.2174, train:0.4827, valid:0.4360/best:0.4416, test:0.4382/best:0.3955
[I 2026-09-13 22:16:44,381 ignn.models.IGNN:215] epoch:55/best:32, loss:1.2316, train:0.4836, valid:0.4276/best:0.4416, test:0.4292/best:0.3955
[I 2026-09-13 22:16:44,404 ignn.models.IGNN:215] epoch:56/best:32, loss:1.2376, train:0.4845, valid:0.4318/best:0.4416, test:0.4315/best:0.3955
[I 2026-09-13 22:16:44,426 ignn.models.IGNN:215] epoch:57/best:32, loss:1.2104, train:0.4845, valid:0.4276/best:0.4416, test:0.4247/best:0.3955
[I 2026-09-13 22:16:44,449 ignn.models.IGNN:215] epoch:58/best:32, loss:1.1975, train:0.4986, valid:0.4262/best:0.4416, test:0.4270/best:0.3955
[I 2026-09-13 22:16:44,472 ignn.models.IGNN:215] epoch:59/best:32, loss:1.2023, train:0.5014, valid:0.4360/best:0.4416, test:0.4360/best:0.3955
[I 2026-09-13 22:16:44,495 ignn.models.IGNN:215] epoch:60/best:32, loss:1.2353, train:0.4845, valid:0.4276/best:0.4416, test:0.4247/best:0.3955
[I 2026-09-13 22:16:44,518 ignn.models.IGNN:215] epoch:61/best:32, loss:1.2098, train:0.4845, valid:0.4248/best:0.4416, test:0.4202/best:0.3955
[I 2026-09-13 22:16:44,541 ignn.models.IGNN:215] epoch:62/best:32, loss:1.2098, train:0.5070, valid:0.4304/best:0.4416, test:0.4337/best:0.3955
[I 2026-09-13 22:16:44,565 ignn.models.IGNN:215] epoch:63/best:63, loss:1.2210, train:0.5080, valid:0.4459/best:0.4459, test:0.4337/best:0.4337
[I 2026-09-13 22:16:44,588 ignn.models.IGNN:215] epoch:64/best:63, loss:1.2325, train:0.4930, valid:0.4360/best:0.4459, test:0.4225/best:0.4337
[I 2026-09-13 22:16:44,611 ignn.models.IGNN:215] epoch:65/best:63, loss:1.2346, train:0.4799, valid:0.4163/best:0.4459, test:0.4157/best:0.4337
[I 2026-09-13 22:16:44,634 ignn.models.IGNN:215] epoch:66/best:63, loss:1.2069, train:0.4892, valid:0.4248/best:0.4459, test:0.4135/best:0.4337
[I 2026-09-13 22:16:44,656 ignn.models.IGNN:215] epoch:67/best:63, loss:1.2228, train:0.5014, valid:0.4416/best:0.4459, test:0.4225/best:0.4337
[I 2026-09-13 22:16:44,679 ignn.models.IGNN:215] epoch:68/best:63, loss:1.2160, train:0.5098, valid:0.4402/best:0.4459, test:0.4337/best:0.4337
[I 2026-09-13 22:16:44,702 ignn.models.IGNN:215] epoch:69/best:63, loss:1.2079, train:0.5089, valid:0.4430/best:0.4459, test:0.4292/best:0.4337
[I 2026-09-13 22:16:44,725 ignn.models.IGNN:215] epoch:70/best:63, loss:1.2099, train:0.4967, valid:0.4388/best:0.4459, test:0.4270/best:0.4337
[I 2026-09-13 22:16:44,748 ignn.models.IGNN:215] epoch:71/best:63, loss:1.2016, train:0.4920, valid:0.4304/best:0.4459, test:0.4180/best:0.4337
[I 2026-09-13 22:16:44,771 ignn.models.IGNN:215] epoch:72/best:63, loss:1.2155, train:0.4939, valid:0.4332/best:0.4459, test:0.4157/best:0.4337
[I 2026-09-13 22:16:44,793 ignn.models.IGNN:215] epoch:73/best:63, loss:1.1986, train:0.4902, valid:0.4360/best:0.4459, test:0.4157/best:0.4337
[I 2026-09-13 22:16:44,816 ignn.models.IGNN:215] epoch:74/best:63, loss:1.1989, train:0.5136, valid:0.4276/best:0.4459, test:0.4315/best:0.4337
[I 2026-09-13 22:16:44,839 ignn.models.IGNN:215] epoch:75/best:63, loss:1.1939, train:0.5220, valid:0.4219/best:0.4459, test:0.4270/best:0.4337
[I 2026-09-13 22:16:45,017 ignn.models.IGNN:215] epoch:76/best:63, loss:1.2020, train:0.5248, valid:0.4262/best:0.4459, test:0.4315/best:0.4337
[I 2026-09-13 22:16:45,061 ignn.models.IGNN:215] epoch:77/best:63, loss:1.2382, train:0.5108, valid:0.4262/best:0.4459, test:0.4337/best:0.4337
[I 2026-09-13 22:16:45,084 ignn.models.IGNN:215] epoch:78/best:63, loss:1.1797, train:0.4911, valid:0.4346/best:0.4459, test:0.4135/best:0.4337
[I 2026-09-13 22:16:45,107 ignn.models.IGNN:215] epoch:79/best:63, loss:1.2208, train:0.5127, valid:0.4290/best:0.4459, test:0.4360/best:0.4337
[I 2026-09-13 22:16:45,129 ignn.models.IGNN:215] epoch:80/best:63, loss:1.1982, train:0.5323, valid:0.4233/best:0.4459, test:0.4382/best:0.4337
[I 2026-09-13 22:16:45,152 ignn.models.IGNN:215] epoch:81/best:63, loss:1.2150, train:0.5370, valid:0.4205/best:0.4459, test:0.4292/best:0.4337
[I 2026-09-13 22:16:45,175 ignn.models.IGNN:215] epoch:82/best:63, loss:1.2088, train:0.5201, valid:0.4290/best:0.4459, test:0.4337/best:0.4337
[I 2026-09-13 22:16:45,198 ignn.models.IGNN:215] epoch:83/best:63, loss:1.1575, train:0.4892, valid:0.4233/best:0.4459, test:0.4090/best:0.4337
[I 2026-09-13 22:16:45,221 ignn.models.IGNN:215] epoch:84/best:63, loss:1.2302, train:0.4958, valid:0.4262/best:0.4459, test:0.4112/best:0.4337
[I 2026-09-13 22:16:45,244 ignn.models.IGNN:215] epoch:85/best:63, loss:1.1712, train:0.5295, valid:0.4346/best:0.4459, test:0.4247/best:0.4337
[I 2026-09-13 22:16:45,267 ignn.models.IGNN:215] epoch:86/best:63, loss:1.2025, train:0.5426, valid:0.4332/best:0.4459, test:0.4180/best:0.4337
[I 2026-09-13 22:16:45,290 ignn.models.IGNN:215] epoch:87/best:63, loss:1.2261, train:0.5501, valid:0.4276/best:0.4459, test:0.4157/best:0.4337
[I 2026-09-13 22:16:45,313 ignn.models.IGNN:215] epoch:88/best:63, loss:1.1897, train:0.5305, valid:0.4262/best:0.4459, test:0.4315/best:0.4337
[I 2026-09-13 22:16:45,335 ignn.models.IGNN:215] epoch:89/best:63, loss:1.1780, train:0.5070, valid:0.4290/best:0.4459, test:0.4225/best:0.4337
[I 2026-09-13 22:16:45,358 ignn.models.IGNN:215] epoch:90/best:63, loss:1.1647, train:0.4948, valid:0.4318/best:0.4459, test:0.4157/best:0.4337
[I 2026-09-13 22:16:45,381 ignn.models.IGNN:215] epoch:91/best:63, loss:1.2058, train:0.5239, valid:0.4276/best:0.4459, test:0.4292/best:0.4337
[I 2026-09-13 22:16:45,404 ignn.models.IGNN:215] epoch:92/best:63, loss:1.1731, train:0.5445, valid:0.4318/best:0.4459, test:0.4157/best:0.4337
[I 2026-09-13 22:16:45,427 ignn.models.IGNN:215] epoch:93/best:63, loss:1.1951, train:0.5511, valid:0.4388/best:0.4459, test:0.4157/best:0.4337
[I 2026-09-13 22:16:45,450 ignn.models.IGNN:215] epoch:94/best:63, loss:1.2286, train:0.5370, valid:0.4248/best:0.4459, test:0.4337/best:0.4337
[I 2026-09-13 22:16:45,472 ignn.models.IGNN:215] epoch:95/best:63, loss:1.1564, train:0.4995, valid:0.4304/best:0.4459, test:0.4135/best:0.4337
[I 2026-09-13 22:16:45,495 ignn.models.IGNN:215] epoch:96/best:63, loss:1.1985, train:0.4911, valid:0.4233/best:0.4459, test:0.3888/best:0.4337
[I 2026-09-13 22:16:45,518 ignn.models.IGNN:215] epoch:97/best:63, loss:1.2091, train:0.5108, valid:0.4290/best:0.4459, test:0.4157/best:0.4337
[I 2026-09-13 22:16:45,541 ignn.models.IGNN:215] epoch:98/best:63, loss:1.1726, train:0.5520, valid:0.4360/best:0.4459, test:0.4404/best:0.4337
[I 2026-09-13 22:16:45,564 ignn.models.IGNN:215] epoch:99/best:63, loss:1.1892, train:0.5604, valid:0.4219/best:0.4459, test:0.4247/best:0.4337
[I 2026-09-13 22:16:45,587 ignn.models.IGNN:215] epoch:100/best:63, loss:1.1786, train:0.5473, valid:0.4318/best:0.4459, test:0.4270/best:0.4337
[I 2026-09-13 22:16:45,609 ignn.models.IGNN:215] epoch:101/best:63, loss:1.1810, train:0.5361, valid:0.4276/best:0.4459, test:0.4360/best:0.4337
[I 2026-09-13 22:16:45,632 ignn.models.IGNN:215] epoch:102/best:63, loss:1.1767, train:0.5136, valid:0.4430/best:0.4459, test:0.4292/best:0.4337
[I 2026-09-13 22:16:45,655 ignn.models.IGNN:215] epoch:103/best:63, loss:1.1544, train:0.5033, valid:0.4430/best:0.4459, test:0.4180/best:0.4337
[I 2026-09-13 22:16:45,678 ignn.models.IGNN:215] epoch:104/best:63, loss:1.1894, train:0.5136, valid:0.4430/best:0.4459, test:0.4247/best:0.4337
[I 2026-09-13 22:16:45,701 ignn.models.IGNN:215] epoch:105/best:63, loss:1.1996, train:0.5239, valid:0.4346/best:0.4459, test:0.4360/best:0.4337
[I 2026-09-13 22:16:45,724 ignn.models.IGNN:215] epoch:106/best:63, loss:1.1674, train:0.5370, valid:0.4332/best:0.4459, test:0.4449/best:0.4337
[I 2026-09-13 22:16:45,748 ignn.models.IGNN:215] epoch:107/best:63, loss:1.1850, train:0.5455, valid:0.4374/best:0.4459, test:0.4449/best:0.4337
[I 2026-09-13 22:16:45,771 ignn.models.IGNN:215] epoch:108/best:63, loss:1.1578, train:0.5595, valid:0.4388/best:0.4459, test:0.4360/best:0.4337
[I 2026-09-13 22:16:45,793 ignn.models.IGNN:215] epoch:109/best:63, loss:1.1701, train:0.5483, valid:0.4248/best:0.4459, test:0.4360/best:0.4337
[I 2026-09-13 22:16:45,817 ignn.models.IGNN:215] epoch:110/best:63, loss:1.1667, train:0.5370, valid:0.4304/best:0.4459, test:0.4427/best:0.4337
[I 2026-09-13 22:16:45,993 ignn.models.IGNN:215] epoch:111/best:63, loss:1.1560, train:0.5295, valid:0.4360/best:0.4459, test:0.4360/best:0.4337
[I 2026-09-13 22:16:46,024 ignn.models.IGNN:215] epoch:112/best:63, loss:1.1697, train:0.5351, valid:0.4374/best:0.4459, test:0.4404/best:0.4337
[I 2026-09-13 22:16:46,047 ignn.models.IGNN:215] epoch:113/best:63, loss:1.1659, train:0.5408, valid:0.4276/best:0.4459, test:0.4360/best:0.4337
[I 2026-09-13 22:16:46,070 ignn.models.IGNN:215] epoch:114/best:63, loss:1.1922, train:0.5689, valid:0.4304/best:0.4459, test:0.4360/best:0.4337
[I 2026-09-13 22:16:46,093 ignn.models.IGNN:215] epoch:115/best:63, loss:1.1746, train:0.5661, valid:0.4360/best:0.4459, test:0.4404/best:0.4337
[I 2026-09-13 22:16:46,116 ignn.models.IGNN:215] epoch:116/best:63, loss:1.1691, train:0.5567, valid:0.4233/best:0.4459, test:0.4315/best:0.4337
[I 2026-09-13 22:16:46,139 ignn.models.IGNN:215] epoch:117/best:63, loss:1.1713, train:0.5389, valid:0.4374/best:0.4459, test:0.4247/best:0.4337
[I 2026-09-13 22:16:46,162 ignn.models.IGNN:215] epoch:118/best:63, loss:1.1616, train:0.5370, valid:0.4416/best:0.4459, test:0.4270/best:0.4337
[I 2026-09-13 22:16:46,185 ignn.models.IGNN:215] epoch:119/best:63, loss:1.1753, train:0.5398, valid:0.4444/best:0.4459, test:0.4270/best:0.4337
[I 2026-09-13 22:16:46,208 ignn.models.IGNN:215] epoch:120/best:63, loss:1.1918, train:0.5520, valid:0.4388/best:0.4459, test:0.4225/best:0.4337
[I 2026-09-13 22:16:46,231 ignn.models.IGNN:215] epoch:121/best:63, loss:1.1801, train:0.5614, valid:0.4262/best:0.4459, test:0.4247/best:0.4337
[I 2026-09-13 22:16:46,254 ignn.models.IGNN:215] epoch:122/best:63, loss:1.1575, train:0.5483, valid:0.4416/best:0.4459, test:0.4292/best:0.4337
[I 2026-09-13 22:16:46,278 ignn.models.IGNN:215] epoch:123/best:123, loss:1.1700, train:0.5417, valid:0.4543/best:0.4543, test:0.4270/best:0.4270
[I 2026-09-13 22:16:46,301 ignn.models.IGNN:215] epoch:124/best:123, loss:1.1593, train:0.5455, valid:0.4501/best:0.4543, test:0.4225/best:0.4270
[I 2026-09-13 22:16:46,324 ignn.models.IGNN:215] epoch:125/best:123, loss:1.1612, train:0.5511, valid:0.4346/best:0.4543, test:0.4270/best:0.4270
[I 2026-09-13 22:16:46,347 ignn.models.IGNN:215] epoch:126/best:123, loss:1.1546, train:0.5595, valid:0.4304/best:0.4543, test:0.4292/best:0.4270
[I 2026-09-13 22:16:46,370 ignn.models.IGNN:215] epoch:127/best:123, loss:1.1773, train:0.5595, valid:0.4332/best:0.4543, test:0.4225/best:0.4270
[I 2026-09-13 22:16:46,392 ignn.models.IGNN:215] epoch:128/best:123, loss:1.1902, train:0.5670, valid:0.4304/best:0.4543, test:0.4247/best:0.4270
[I 2026-09-13 22:16:46,416 ignn.models.IGNN:215] epoch:129/best:123, loss:1.1648, train:0.5530, valid:0.4262/best:0.4543, test:0.4157/best:0.4270
[I 2026-09-13 22:16:46,438 ignn.models.IGNN:215] epoch:130/best:123, loss:1.1793, train:0.5483, valid:0.4332/best:0.4543, test:0.4180/best:0.4270
[I 2026-09-13 22:16:46,461 ignn.models.IGNN:215] epoch:131/best:123, loss:1.1713, train:0.5501, valid:0.4262/best:0.4543, test:0.4157/best:0.4270
[I 2026-09-13 22:16:46,484 ignn.models.IGNN:215] epoch:132/best:123, loss:1.1581, train:0.5623, valid:0.4444/best:0.4543, test:0.4360/best:0.4270
[I 2026-09-13 22:16:46,507 ignn.models.IGNN:215] epoch:133/best:123, loss:1.1776, train:0.5661, valid:0.4501/best:0.4543, test:0.4382/best:0.4270
[I 2026-09-13 22:16:46,530 ignn.models.IGNN:215] epoch:134/best:123, loss:1.1662, train:0.5717, valid:0.4430/best:0.4543, test:0.4427/best:0.4270
[I 2026-09-13 22:16:46,553 ignn.models.IGNN:215] epoch:135/best:123, loss:1.1702, train:0.5708, valid:0.4402/best:0.4543, test:0.4382/best:0.4270
[I 2026-09-13 22:16:46,576 ignn.models.IGNN:215] epoch:136/best:123, loss:1.1743, train:0.5614, valid:0.4388/best:0.4543, test:0.4270/best:0.4270
[I 2026-09-13 22:16:46,598 ignn.models.IGNN:215] epoch:137/best:123, loss:1.1606, train:0.5595, valid:0.4374/best:0.4543, test:0.4292/best:0.4270
[I 2026-09-13 22:16:46,621 ignn.models.IGNN:215] epoch:138/best:123, loss:1.1517, train:0.5754, valid:0.4444/best:0.4543, test:0.4360/best:0.4270
[I 2026-09-13 22:16:46,644 ignn.models.IGNN:215] epoch:139/best:123, loss:1.1440, train:0.5942, valid:0.4402/best:0.4543, test:0.4382/best:0.4270
[I 2026-09-13 22:16:46,667 ignn.models.IGNN:215] epoch:140/best:123, loss:1.1589, train:0.5979, valid:0.4459/best:0.4543, test:0.4472/best:0.4270
[I 2026-09-13 22:16:46,690 ignn.models.IGNN:215] epoch:141/best:123, loss:1.1513, train:0.5942, valid:0.4374/best:0.4543, test:0.4404/best:0.4270
[I 2026-09-13 22:16:46,712 ignn.models.IGNN:215] epoch:142/best:123, loss:1.1741, train:0.5989, valid:0.4416/best:0.4543, test:0.4382/best:0.4270
[I 2026-09-13 22:16:46,735 ignn.models.IGNN:215] epoch:143/best:123, loss:1.1653, train:0.6036, valid:0.4473/best:0.4543, test:0.4449/best:0.4270
[I 2026-09-13 22:16:46,758 ignn.models.IGNN:215] epoch:144/best:123, loss:1.1716, train:0.5989, valid:0.4444/best:0.4543, test:0.4449/best:0.4270
[I 2026-09-13 22:16:46,781 ignn.models.IGNN:215] epoch:145/best:123, loss:1.1601, train:0.5904, valid:0.4360/best:0.4543, test:0.4449/best:0.4270
[I 2026-09-13 22:16:46,804 ignn.models.IGNN:215] epoch:146/best:123, loss:1.1340, train:0.5895, valid:0.4360/best:0.4543, test:0.4449/best:0.4270
[I 2026-09-13 22:16:46,995 ignn.models.IGNN:215] epoch:147/best:123, loss:1.1359, train:0.5970, valid:0.4487/best:0.4543, test:0.4404/best:0.4270
[I 2026-09-13 22:16:47,017 ignn.models.IGNN:215] epoch:148/best:123, loss:1.1477, train:0.6054, valid:0.4360/best:0.4543, test:0.4517/best:0.4270
[I 2026-09-13 22:16:47,040 ignn.models.IGNN:215] epoch:149/best:123, loss:1.1637, train:0.5989, valid:0.4430/best:0.4543, test:0.4427/best:0.4270
[I 2026-09-13 22:16:47,063 ignn.models.IGNN:215] epoch:150/best:123, loss:1.1419, train:0.5839, valid:0.4416/best:0.4543, test:0.4562/best:0.4270
[I 2026-09-13 22:16:47,086 ignn.models.IGNN:215] epoch:151/best:123, loss:1.1449, train:0.5698, valid:0.4402/best:0.4543, test:0.4404/best:0.4270
[I 2026-09-13 22:16:47,109 ignn.models.IGNN:215] epoch:152/best:123, loss:1.1366, train:0.5745, valid:0.4444/best:0.4543, test:0.4472/best:0.4270
[I 2026-09-13 22:16:47,132 ignn.models.IGNN:215] epoch:153/best:123, loss:1.1339, train:0.5933, valid:0.4360/best:0.4543, test:0.4404/best:0.4270
[I 2026-09-13 22:16:47,155 ignn.models.IGNN:215] epoch:154/best:123, loss:1.1304, train:0.5951, valid:0.4388/best:0.4543, test:0.4449/best:0.4270
[I 2026-09-13 22:16:47,178 ignn.models.IGNN:215] epoch:155/best:123, loss:1.1614, train:0.5717, valid:0.4388/best:0.4543, test:0.4382/best:0.4270
[I 2026-09-13 22:16:47,201 ignn.models.IGNN:215] epoch:156/best:123, loss:1.1597, train:0.5483, valid:0.4346/best:0.4543, test:0.4157/best:0.4270
[I 2026-09-13 22:16:47,224 ignn.models.IGNN:215] epoch:157/best:123, loss:1.1578, train:0.5642, valid:0.4276/best:0.4543, test:0.4202/best:0.4270
[I 2026-09-13 22:16:47,247 ignn.models.IGNN:215] epoch:158/best:123, loss:1.1236, train:0.5942, valid:0.4388/best:0.4543, test:0.4517/best:0.4270
[I 2026-09-13 22:16:47,270 ignn.models.IGNN:215] epoch:159/best:123, loss:1.1402, train:0.5989, valid:0.4346/best:0.4543, test:0.4472/best:0.4270
[I 2026-09-13 22:16:47,293 ignn.models.IGNN:215] epoch:160/best:123, loss:1.1369, train:0.5942, valid:0.4374/best:0.4543, test:0.4449/best:0.4270
[I 2026-09-13 22:16:47,316 ignn.models.IGNN:215] epoch:161/best:123, loss:1.1348, train:0.5708, valid:0.4360/best:0.4543, test:0.4337/best:0.4270
[I 2026-09-13 22:16:47,339 ignn.models.IGNN:215] epoch:162/best:123, loss:1.1495, train:0.5661, valid:0.4444/best:0.4543, test:0.4135/best:0.4270
[I 2026-09-13 22:16:47,362 ignn.models.IGNN:215] epoch:163/best:123, loss:1.1862, train:0.5867, valid:0.4360/best:0.4543, test:0.4315/best:0.4270
[I 2026-09-13 22:16:47,385 ignn.models.IGNN:215] epoch:164/best:123, loss:1.1372, train:0.5970, valid:0.4416/best:0.4543, test:0.4337/best:0.4270
[I 2026-09-13 22:16:47,408 ignn.models.IGNN:215] epoch:165/best:123, loss:1.1156, train:0.6036, valid:0.4360/best:0.4543, test:0.4337/best:0.4270
[I 2026-09-13 22:16:47,431 ignn.models.IGNN:215] epoch:166/best:123, loss:1.1539, train:0.5792, valid:0.4360/best:0.4543, test:0.4225/best:0.4270
[I 2026-09-13 22:16:47,453 ignn.models.IGNN:215] epoch:167/best:123, loss:1.1225, train:0.5773, valid:0.4318/best:0.4543, test:0.4135/best:0.4270
[I 2026-09-13 22:16:47,476 ignn.models.IGNN:215] epoch:168/best:123, loss:1.1591, train:0.5801, valid:0.4416/best:0.4543, test:0.4427/best:0.4270
[I 2026-09-13 22:16:47,499 ignn.models.IGNN:215] epoch:169/best:123, loss:1.1660, train:0.6017, valid:0.4473/best:0.4543, test:0.4404/best:0.4270
[I 2026-09-13 22:16:47,522 ignn.models.IGNN:215] epoch:170/best:123, loss:1.1116, train:0.5942, valid:0.4529/best:0.4543, test:0.4382/best:0.4270
[I 2026-09-13 22:16:47,546 ignn.models.IGNN:215] epoch:171/best:171, loss:1.1791, train:0.5951, valid:0.4571/best:0.4571, test:0.4337/best:0.4337
[I 2026-09-13 22:16:47,569 ignn.models.IGNN:215] epoch:172/best:171, loss:1.1402, train:0.5942, valid:0.4444/best:0.4571, test:0.4292/best:0.4337
[I 2026-09-13 22:16:47,592 ignn.models.IGNN:215] epoch:173/best:171, loss:1.1129, train:0.5717, valid:0.4430/best:0.4571, test:0.4157/best:0.4337
[I 2026-09-13 22:16:47,615 ignn.models.IGNN:215] epoch:174/best:171, loss:1.1622, train:0.5783, valid:0.4374/best:0.4571, test:0.4225/best:0.4337
[I 2026-09-13 22:16:47,638 ignn.models.IGNN:215] epoch:175/best:171, loss:1.1441, train:0.5933, valid:0.4487/best:0.4571, test:0.4292/best:0.4337
[I 2026-09-13 22:16:47,661 ignn.models.IGNN:215] epoch:176/best:171, loss:1.1526, train:0.5904, valid:0.4501/best:0.4571, test:0.4404/best:0.4337
[I 2026-09-13 22:16:47,684 ignn.models.IGNN:215] epoch:177/best:171, loss:1.1311, train:0.5951, valid:0.4501/best:0.4571, test:0.4404/best:0.4337
[I 2026-09-13 22:16:47,707 ignn.models.IGNN:215] epoch:178/best:171, loss:1.1568, train:0.5951, valid:0.4444/best:0.4571, test:0.4292/best:0.4337
[I 2026-09-13 22:16:47,730 ignn.models.IGNN:215] epoch:179/best:171, loss:1.1727, train:0.5820, valid:0.4388/best:0.4571, test:0.4225/best:0.4337
[I 2026-09-13 22:16:47,753 ignn.models.IGNN:215] epoch:180/best:171, loss:1.1679, train:0.5661, valid:0.4318/best:0.4571, test:0.3978/best:0.4337
[I 2026-09-13 22:16:47,776 ignn.models.IGNN:215] epoch:181/best:171, loss:1.1315, train:0.5811, valid:0.4290/best:0.4571, test:0.4045/best:0.4337
[I 2026-09-13 22:16:47,952 ignn.models.IGNN:215] epoch:182/best:171, loss:1.1615, train:0.5942, valid:0.4304/best:0.4571, test:0.4270/best:0.4337
[I 2026-09-13 22:16:47,975 ignn.models.IGNN:215] epoch:183/best:171, loss:1.1267, train:0.5914, valid:0.4416/best:0.4571, test:0.4292/best:0.4337
[I 2026-09-13 22:16:47,998 ignn.models.IGNN:215] epoch:184/best:171, loss:1.1400, train:0.5961, valid:0.4360/best:0.4571, test:0.4270/best:0.4337
[I 2026-09-13 22:16:48,021 ignn.models.IGNN:215] epoch:185/best:171, loss:1.1219, train:0.5886, valid:0.4360/best:0.4571, test:0.4315/best:0.4337
[I 2026-09-13 22:16:48,044 ignn.models.IGNN:215] epoch:186/best:171, loss:1.1180, train:0.5567, valid:0.4332/best:0.4571, test:0.4112/best:0.4337
[I 2026-09-13 22:16:48,066 ignn.models.IGNN:215] epoch:187/best:171, loss:1.1501, train:0.5351, valid:0.4276/best:0.4571, test:0.4090/best:0.4337
[I 2026-09-13 22:16:48,089 ignn.models.IGNN:215] epoch:188/best:171, loss:1.1476, train:0.5426, valid:0.4276/best:0.4571, test:0.4135/best:0.4337
[I 2026-09-13 22:16:48,112 ignn.models.IGNN:215] epoch:189/best:171, loss:1.1299, train:0.5811, valid:0.4402/best:0.4571, test:0.4135/best:0.4337
[I 2026-09-13 22:16:48,135 ignn.models.IGNN:215] epoch:190/best:171, loss:1.1374, train:0.5970, valid:0.4360/best:0.4571, test:0.4315/best:0.4337
[I 2026-09-13 22:16:48,158 ignn.models.IGNN:215] epoch:191/best:171, loss:1.1415, train:0.5979, valid:0.4346/best:0.4571, test:0.4404/best:0.4337
[I 2026-09-13 22:16:48,181 ignn.models.IGNN:215] epoch:192/best:171, loss:1.1684, train:0.5979, valid:0.4374/best:0.4571, test:0.4382/best:0.4337
[I 2026-09-13 22:16:48,204 ignn.models.IGNN:215] epoch:193/best:171, loss:1.1136, train:0.5586, valid:0.4318/best:0.4571, test:0.4067/best:0.4337
[I 2026-09-13 22:16:48,227 ignn.models.IGNN:215] epoch:194/best:171, loss:1.1291, train:0.5276, valid:0.4191/best:0.4571, test:0.4090/best:0.4337
[I 2026-09-13 22:16:48,250 ignn.models.IGNN:215] epoch:195/best:171, loss:1.1850, train:0.5558, valid:0.4416/best:0.4571, test:0.4067/best:0.4337
[I 2026-09-13 22:16:48,273 ignn.models.IGNN:215] epoch:196/best:171, loss:1.0920, train:0.5961, valid:0.4388/best:0.4571, test:0.4247/best:0.4337
[I 2026-09-13 22:16:48,296 ignn.models.IGNN:215] epoch:197/best:171, loss:1.1380, train:0.6064, valid:0.4388/best:0.4571, test:0.4517/best:0.4337
[I 2026-09-13 22:16:48,319 ignn.models.IGNN:215] epoch:198/best:171, loss:1.1502, train:0.6111, valid:0.4360/best:0.4571, test:0.4539/best:0.4337
[I 2026-09-13 22:16:48,342 ignn.models.IGNN:215] epoch:199/best:171, loss:1.1422, train:0.6082, valid:0.4374/best:0.4571, test:0.4315/best:0.4337
[I 2026-09-13 22:16:48,365 ignn.models.IGNN:215] epoch:200/best:171, loss:1.1355, train:0.5801, valid:0.4304/best:0.4571, test:0.4135/best:0.4337
[I 2026-09-13 22:16:48,388 ignn.models.IGNN:215] epoch:201/best:171, loss:1.1147, train:0.5670, valid:0.4219/best:0.4571, test:0.4045/best:0.4337
[I 2026-09-13 22:16:48,412 ignn.models.IGNN:215] epoch:202/best:171, loss:1.1306, train:0.5736, valid:0.4290/best:0.4571, test:0.4202/best:0.4337
[I 2026-09-13 22:16:48,435 ignn.models.IGNN:215] epoch:203/best:171, loss:1.1234, train:0.6073, valid:0.4402/best:0.4571, test:0.4270/best:0.4337
[I 2026-09-13 22:16:48,458 ignn.models.IGNN:215] epoch:204/best:171, loss:1.1274, train:0.6251, valid:0.4374/best:0.4571, test:0.4337/best:0.4337
[I 2026-09-13 22:16:48,481 ignn.models.IGNN:215] epoch:205/best:171, loss:1.1584, train:0.6120, valid:0.4444/best:0.4571, test:0.4270/best:0.4337
[I 2026-09-13 22:16:48,504 ignn.models.IGNN:215] epoch:206/best:171, loss:1.1131, train:0.5801, valid:0.4346/best:0.4571, test:0.4180/best:0.4337
[I 2026-09-13 22:16:48,527 ignn.models.IGNN:215] epoch:207/best:171, loss:1.1139, train:0.5614, valid:0.4191/best:0.4571, test:0.4067/best:0.4337
[I 2026-09-13 22:16:48,550 ignn.models.IGNN:215] epoch:208/best:171, loss:1.1113, train:0.5754, valid:0.4233/best:0.4571, test:0.4157/best:0.4337
[I 2026-09-13 22:16:48,573 ignn.models.IGNN:215] epoch:209/best:171, loss:1.1539, train:0.6017, valid:0.4473/best:0.4571, test:0.4315/best:0.4337
[I 2026-09-13 22:16:48,596 ignn.models.IGNN:215] epoch:210/best:171, loss:1.0965, train:0.6157, valid:0.4304/best:0.4571, test:0.4315/best:0.4337
[I 2026-09-13 22:16:48,618 ignn.models.IGNN:215] epoch:211/best:171, loss:1.1148, train:0.6214, valid:0.4346/best:0.4571, test:0.4427/best:0.4337
[I 2026-09-13 22:16:48,641 ignn.models.IGNN:215] epoch:212/best:171, loss:1.1381, train:0.6120, valid:0.4416/best:0.4571, test:0.4427/best:0.4337
[I 2026-09-13 22:16:48,664 ignn.models.IGNN:215] epoch:213/best:171, loss:1.1109, train:0.6026, valid:0.4374/best:0.4571, test:0.4270/best:0.4337
[I 2026-09-13 22:16:48,687 ignn.models.IGNN:215] epoch:214/best:171, loss:1.0987, train:0.6054, valid:0.4388/best:0.4571, test:0.4202/best:0.4337
[I 2026-09-13 22:16:48,710 ignn.models.IGNN:215] epoch:215/best:171, loss:1.1555, train:0.6157, valid:0.4501/best:0.4571, test:0.4292/best:0.4337
[I 2026-09-13 22:16:48,733 ignn.models.IGNN:215] epoch:216/best:171, loss:1.1112, train:0.6307, valid:0.4416/best:0.4571, test:0.4404/best:0.4337
[I 2026-09-13 22:16:48,756 ignn.models.IGNN:215] epoch:217/best:171, loss:1.1538, train:0.6317, valid:0.4332/best:0.4571, test:0.4562/best:0.4337
[I 2026-09-13 22:16:48,938 ignn.models.IGNN:215] epoch:218/best:171, loss:1.1213, train:0.6214, valid:0.4501/best:0.4571, test:0.4337/best:0.4337
[I 2026-09-13 22:16:48,961 ignn.models.IGNN:215] epoch:219/best:171, loss:1.1094, train:0.6092, valid:0.4487/best:0.4571, test:0.4157/best:0.4337
[I 2026-09-13 22:16:48,984 ignn.models.IGNN:215] epoch:220/best:171, loss:1.0780, train:0.5858, valid:0.4332/best:0.4571, test:0.4090/best:0.4337
[I 2026-09-13 22:16:49,008 ignn.models.IGNN:215] epoch:221/best:171, loss:1.1550, train:0.5829, valid:0.4402/best:0.4571, test:0.4112/best:0.4337
[I 2026-09-13 22:16:49,031 ignn.models.IGNN:215] epoch:222/best:171, loss:1.1291, train:0.6251, valid:0.4487/best:0.4571, test:0.4270/best:0.4337
[I 2026-09-13 22:16:49,054 ignn.models.IGNN:215] epoch:223/best:171, loss:1.1408, train:0.6373, valid:0.4501/best:0.4571, test:0.4449/best:0.4337
[I 2026-09-13 22:16:49,077 ignn.models.IGNN:215] epoch:224/best:171, loss:1.1326, train:0.6336, valid:0.4515/best:0.4571, test:0.4427/best:0.4337
[I 2026-09-13 22:16:49,100 ignn.models.IGNN:215] epoch:225/best:171, loss:1.1242, train:0.6345, valid:0.4473/best:0.4571, test:0.4404/best:0.4337
[I 2026-09-13 22:16:49,123 ignn.models.IGNN:215] epoch:226/best:171, loss:1.1254, train:0.6176, valid:0.4473/best:0.4571, test:0.4247/best:0.4337
[I 2026-09-13 22:16:49,146 ignn.models.IGNN:215] epoch:227/best:171, loss:1.1273, train:0.6064, valid:0.4332/best:0.4571, test:0.4292/best:0.4337
[I 2026-09-13 22:16:49,169 ignn.models.IGNN:215] epoch:228/best:171, loss:1.1478, train:0.6111, valid:0.4416/best:0.4571, test:0.4337/best:0.4337
[I 2026-09-13 22:16:49,192 ignn.models.IGNN:215] epoch:229/best:171, loss:1.1241, train:0.6195, valid:0.4487/best:0.4571, test:0.4449/best:0.4337
[I 2026-09-13 22:16:49,215 ignn.models.IGNN:215] epoch:230/best:171, loss:1.1091, train:0.5998, valid:0.4501/best:0.4571, test:0.4270/best:0.4337
[I 2026-09-13 22:16:49,238 ignn.models.IGNN:215] epoch:231/best:171, loss:1.1095, train:0.6139, valid:0.4473/best:0.4571, test:0.4337/best:0.4337
[I 2026-09-13 22:16:49,261 ignn.models.IGNN:215] epoch:232/best:171, loss:1.0980, train:0.6139, valid:0.4487/best:0.4571, test:0.4360/best:0.4337
[I 2026-09-13 22:16:49,283 ignn.models.IGNN:215] epoch:233/best:171, loss:1.1050, train:0.6054, valid:0.4402/best:0.4571, test:0.4180/best:0.4337
[I 2026-09-13 22:16:49,306 ignn.models.IGNN:215] epoch:234/best:171, loss:1.1459, train:0.6054, valid:0.4388/best:0.4571, test:0.4247/best:0.4337
[I 2026-09-13 22:16:49,329 ignn.models.IGNN:215] epoch:235/best:171, loss:1.1477, train:0.6364, valid:0.4402/best:0.4571, test:0.4315/best:0.4337
[I 2026-09-13 22:16:49,352 ignn.models.IGNN:215] epoch:236/best:171, loss:1.1132, train:0.6457, valid:0.4501/best:0.4571, test:0.4315/best:0.4337
[I 2026-09-13 22:16:49,375 ignn.models.IGNN:215] epoch:237/best:171, loss:1.1207, train:0.6467, valid:0.4529/best:0.4571, test:0.4382/best:0.4337
[I 2026-09-13 22:16:49,398 ignn.models.IGNN:215] epoch:238/best:171, loss:1.1143, train:0.6289, valid:0.4388/best:0.4571, test:0.4360/best:0.4337
[I 2026-09-13 22:16:49,420 ignn.models.IGNN:215] epoch:239/best:171, loss:1.1146, train:0.5989, valid:0.4276/best:0.4571, test:0.4315/best:0.4337
[I 2026-09-13 22:16:49,443 ignn.models.IGNN:215] epoch:240/best:171, loss:1.1275, train:0.5933, valid:0.4262/best:0.4571, test:0.4135/best:0.4337
[I 2026-09-13 22:16:49,466 ignn.models.IGNN:215] epoch:241/best:171, loss:1.1172, train:0.6101, valid:0.4374/best:0.4571, test:0.4225/best:0.4337
[I 2026-09-13 22:16:49,489 ignn.models.IGNN:215] epoch:242/best:171, loss:1.0924, train:0.6261, valid:0.4416/best:0.4571, test:0.4337/best:0.4337
[I 2026-09-13 22:16:49,512 ignn.models.IGNN:215] epoch:243/best:171, loss:1.1338, train:0.6195, valid:0.4459/best:0.4571, test:0.4337/best:0.4337
[I 2026-09-13 22:16:49,535 ignn.models.IGNN:215] epoch:244/best:171, loss:1.1084, train:0.6279, valid:0.4459/best:0.4571, test:0.4360/best:0.4337
[I 2026-09-13 22:16:49,558 ignn.models.IGNN:215] epoch:245/best:171, loss:1.1150, train:0.6289, valid:0.4430/best:0.4571, test:0.4360/best:0.4337
[I 2026-09-13 22:16:49,580 ignn.models.IGNN:215] epoch:246/best:171, loss:1.1039, train:0.6261, valid:0.4402/best:0.4571, test:0.4360/best:0.4337
[I 2026-09-13 22:16:49,603 ignn.models.IGNN:215] epoch:247/best:171, loss:1.1189, train:0.6232, valid:0.4388/best:0.4571, test:0.4315/best:0.4337
[I 2026-09-13 22:16:49,626 ignn.models.IGNN:215] epoch:248/best:171, loss:1.0911, train:0.6204, valid:0.4430/best:0.4571, test:0.4360/best:0.4337
[I 2026-09-13 22:16:49,649 ignn.models.IGNN:215] epoch:249/best:171, loss:1.1041, train:0.6101, valid:0.4374/best:0.4571, test:0.4202/best:0.4337
[I 2026-09-13 22:16:49,672 ignn.models.IGNN:215] epoch:250/best:171, loss:1.1158, train:0.6232, valid:0.4473/best:0.4571, test:0.4382/best:0.4337
[I 2026-09-13 22:16:49,695 ignn.models.IGNN:215] epoch:251/best:171, loss:1.0925, train:0.6251, valid:0.4416/best:0.4571, test:0.4202/best:0.4337
[I 2026-09-13 22:16:49,718 ignn.models.IGNN:215] epoch:252/best:171, loss:1.0977, train:0.6223, valid:0.4388/best:0.4571, test:0.4225/best:0.4337
[I 2026-09-13 22:16:49,741 ignn.models.IGNN:215] epoch:253/best:171, loss:1.1028, train:0.6336, valid:0.4430/best:0.4571, test:0.4337/best:0.4337
[I 2026-09-13 22:16:49,917 ignn.models.IGNN:215] epoch:254/best:171, loss:1.1075, train:0.6467, valid:0.4430/best:0.4571, test:0.4449/best:0.4337
[I 2026-09-13 22:16:49,940 ignn.models.IGNN:215] epoch:255/best:171, loss:1.1505, train:0.6326, valid:0.4402/best:0.4571, test:0.4157/best:0.4337
[I 2026-09-13 22:16:49,963 ignn.models.IGNN:215] epoch:256/best:171, loss:1.1131, train:0.6354, valid:0.4430/best:0.4571, test:0.4360/best:0.4337
[I 2026-09-13 22:16:49,986 ignn.models.IGNN:215] epoch:257/best:171, loss:1.1041, train:0.6242, valid:0.4360/best:0.4571, test:0.4427/best:0.4337
[I 2026-09-13 22:16:50,010 ignn.models.IGNN:215] epoch:258/best:171, loss:1.0952, train:0.6270, valid:0.4262/best:0.4571, test:0.4157/best:0.4337
[I 2026-09-13 22:16:50,032 ignn.models.IGNN:215] epoch:259/best:171, loss:1.0963, train:0.6092, valid:0.4191/best:0.4571, test:0.4090/best:0.4337
[I 2026-09-13 22:16:50,055 ignn.models.IGNN:215] epoch:260/best:171, loss:1.1080, train:0.6242, valid:0.4276/best:0.4571, test:0.4112/best:0.4337
[I 2026-09-13 22:16:50,078 ignn.models.IGNN:215] epoch:261/best:171, loss:1.1074, train:0.6364, valid:0.4332/best:0.4571, test:0.4315/best:0.4337
[I 2026-09-13 22:16:50,101 ignn.models.IGNN:215] epoch:262/best:171, loss:1.1101, train:0.6307, valid:0.4233/best:0.4571, test:0.4157/best:0.4337
[I 2026-09-13 22:16:50,124 ignn.models.IGNN:215] epoch:263/best:171, loss:1.1339, train:0.6279, valid:0.4177/best:0.4571, test:0.4067/best:0.4337
[I 2026-09-13 22:16:50,147 ignn.models.IGNN:215] epoch:264/best:171, loss:1.1101, train:0.6336, valid:0.4360/best:0.4571, test:0.4247/best:0.4337
[I 2026-09-13 22:16:50,170 ignn.models.IGNN:215] epoch:265/best:171, loss:1.1125, train:0.5979, valid:0.4191/best:0.4571, test:0.4180/best:0.4337
[I 2026-09-13 22:16:50,193 ignn.models.IGNN:215] epoch:266/best:171, loss:1.1136, train:0.5904, valid:0.4191/best:0.4571, test:0.4135/best:0.4337
[I 2026-09-13 22:16:50,216 ignn.models.IGNN:215] epoch:267/best:171, loss:1.1145, train:0.6111, valid:0.4290/best:0.4571, test:0.4180/best:0.4337
[I 2026-09-13 22:16:50,239 ignn.models.IGNN:215] epoch:268/best:171, loss:1.1206, train:0.6410, valid:0.4416/best:0.4571, test:0.4315/best:0.4337
[I 2026-09-13 22:16:50,262 ignn.models.IGNN:215] epoch:269/best:171, loss:1.1054, train:0.6485, valid:0.4388/best:0.4571, test:0.4247/best:0.4337
[I 2026-09-13 22:16:50,285 ignn.models.IGNN:215] epoch:270/best:171, loss:1.0965, train:0.6373, valid:0.4248/best:0.4571, test:0.4247/best:0.4337
[I 2026-09-13 22:16:50,308 ignn.models.IGNN:215] epoch:271/best:171, loss:1.1417, train:0.6410, valid:0.4346/best:0.4571, test:0.4270/best:0.4337
[I 2026-09-13 22:16:50,331 ignn.models.IGNN:215] epoch:272/best:171, loss:1.1083, train:0.6439, valid:0.4416/best:0.4571, test:0.4315/best:0.4337
[I 2026-09-13 22:16:50,354 ignn.models.IGNN:215] epoch:273/best:171, loss:1.1171, train:0.6186, valid:0.4416/best:0.4571, test:0.4247/best:0.4337
[I 2026-09-13 22:16:50,377 ignn.models.IGNN:215] epoch:274/best:171, loss:1.1133, train:0.6007, valid:0.4332/best:0.4571, test:0.4270/best:0.4337
[I 2026-09-13 22:16:50,400 ignn.models.IGNN:215] epoch:275/best:171, loss:1.1166, train:0.6026, valid:0.4430/best:0.4571, test:0.4270/best:0.4337
[I 2026-09-13 22:16:50,423 ignn.models.IGNN:215] epoch:276/best:171, loss:1.0981, train:0.6101, valid:0.4473/best:0.4571, test:0.4202/best:0.4337
[I 2026-09-13 22:16:50,446 ignn.models.IGNN:215] epoch:277/best:171, loss:1.1356, train:0.5942, valid:0.4332/best:0.4571, test:0.4090/best:0.4337
[I 2026-09-13 22:16:50,469 ignn.models.IGNN:215] epoch:278/best:171, loss:1.0870, train:0.5970, valid:0.4290/best:0.4571, test:0.4000/best:0.4337
[I 2026-09-13 22:16:50,492 ignn.models.IGNN:215] epoch:279/best:171, loss:1.1334, train:0.6036, valid:0.4332/best:0.4571, test:0.4135/best:0.4337
[I 2026-09-13 22:16:50,514 ignn.models.IGNN:215] epoch:280/best:171, loss:1.1233, train:0.6092, valid:0.4388/best:0.4571, test:0.4292/best:0.4337
[I 2026-09-13 22:16:50,537 ignn.models.IGNN:215] epoch:281/best:171, loss:1.0678, train:0.6017, valid:0.4332/best:0.4571, test:0.4202/best:0.4337
[I 2026-09-13 22:16:50,560 ignn.models.IGNN:215] epoch:282/best:171, loss:1.0936, train:0.6007, valid:0.4233/best:0.4571, test:0.4180/best:0.4337
[I 2026-09-13 22:16:50,583 ignn.models.IGNN:215] epoch:283/best:171, loss:1.1010, train:0.6232, valid:0.4346/best:0.4571, test:0.4225/best:0.4337
[I 2026-09-13 22:16:50,606 ignn.models.IGNN:215] epoch:284/best:171, loss:1.1194, train:0.6373, valid:0.4388/best:0.4571, test:0.4180/best:0.4337
[I 2026-09-13 22:16:50,628 ignn.models.IGNN:215] epoch:285/best:171, loss:1.1098, train:0.6429, valid:0.4262/best:0.4571, test:0.3978/best:0.4337
[I 2026-09-13 22:16:50,651 ignn.models.IGNN:215] epoch:286/best:171, loss:1.1349, train:0.6410, valid:0.4332/best:0.4571, test:0.4000/best:0.4337
[I 2026-09-13 22:16:50,674 ignn.models.IGNN:215] epoch:287/best:171, loss:1.1433, train:0.6354, valid:0.4276/best:0.4571, test:0.4360/best:0.4337
[I 2026-09-13 22:16:50,697 ignn.models.IGNN:215] epoch:288/best:171, loss:1.1062, train:0.6092, valid:0.4262/best:0.4571, test:0.4067/best:0.4337
[I 2026-09-13 22:16:50,872 ignn.models.IGNN:215] epoch:289/best:171, loss:1.1009, train:0.5811, valid:0.3994/best:0.4571, test:0.3933/best:0.4337
[I 2026-09-13 22:16:50,896 ignn.models.IGNN:215] epoch:290/best:171, loss:1.1008, train:0.5904, valid:0.4107/best:0.4571, test:0.4022/best:0.4337
[I 2026-09-13 22:16:50,920 ignn.models.IGNN:215] epoch:291/best:171, loss:1.1507, train:0.6186, valid:0.4219/best:0.4571, test:0.4202/best:0.4337
[I 2026-09-13 22:16:50,942 ignn.models.IGNN:215] epoch:292/best:171, loss:1.0926, train:0.6054, valid:0.4023/best:0.4571, test:0.4067/best:0.4337
[I 2026-09-13 22:16:50,966 ignn.models.IGNN:215] epoch:293/best:171, loss:1.1323, train:0.6007, valid:0.4065/best:0.4571, test:0.3955/best:0.4337
[I 2026-09-13 22:16:50,988 ignn.models.IGNN:215] epoch:294/best:171, loss:1.1522, train:0.6026, valid:0.4205/best:0.4571, test:0.4090/best:0.4337
[I 2026-09-13 22:16:51,011 ignn.models.IGNN:215] epoch:295/best:171, loss:1.1033, train:0.5979, valid:0.4233/best:0.4571, test:0.4045/best:0.4337
[I 2026-09-13 22:16:51,034 ignn.models.IGNN:215] epoch:296/best:171, loss:1.0903, train:0.5679, valid:0.4051/best:0.4571, test:0.3933/best:0.4337
[I 2026-09-13 22:16:51,057 ignn.models.IGNN:215] epoch:297/best:171, loss:1.0996, train:0.5520, valid:0.4051/best:0.4571, test:0.3888/best:0.4337
[I 2026-09-13 22:16:51,080 ignn.models.IGNN:215] epoch:298/best:171, loss:1.1051, train:0.5764, valid:0.4107/best:0.4571, test:0.4000/best:0.4337
[I 2026-09-13 22:16:51,103 ignn.models.IGNN:215] epoch:299/best:171, loss:1.1394, train:0.6223, valid:0.4276/best:0.4571, test:0.4315/best:0.4337
[I 2026-09-13 22:16:51,125 ignn.models.IGNN:215] epoch:300/best:171, loss:1.1072, train:0.6560, valid:0.4501/best:0.4571, test:0.4404/best:0.4337
[I 2026-09-13 22:16:51,148 ignn.models.IGNN:215] epoch:301/best:171, loss:1.0702, train:0.6532, valid:0.4318/best:0.4571, test:0.4247/best:0.4337
[I 2026-09-13 22:16:51,171 ignn.models.IGNN:215] epoch:302/best:171, loss:1.1428, train:0.6626, valid:0.4473/best:0.4571, test:0.4404/best:0.4337
[I 2026-09-13 22:16:51,194 ignn.models.IGNN:215] epoch:303/best:171, loss:1.1073, train:0.6157, valid:0.4290/best:0.4571, test:0.4292/best:0.4337
[I 2026-09-13 22:16:51,217 ignn.models.IGNN:215] epoch:304/best:171, loss:1.0870, train:0.5633, valid:0.4023/best:0.4571, test:0.3888/best:0.4337
[I 2026-09-13 22:16:51,240 ignn.models.IGNN:215] epoch:305/best:171, loss:1.0985, train:0.5539, valid:0.3966/best:0.4571, test:0.3910/best:0.4337
[I 2026-09-13 22:16:51,262 ignn.models.IGNN:215] epoch:306/best:171, loss:1.1614, train:0.5933, valid:0.4205/best:0.4571, test:0.4225/best:0.4337
[I 2026-09-13 22:16:51,285 ignn.models.IGNN:215] epoch:307/best:171, loss:1.1126, train:0.6204, valid:0.4304/best:0.4571, test:0.4292/best:0.4337
[I 2026-09-13 22:16:51,308 ignn.models.IGNN:215] epoch:308/best:171, loss:1.0981, train:0.6204, valid:0.4332/best:0.4571, test:0.4090/best:0.4337
[I 2026-09-13 22:16:51,331 ignn.models.IGNN:215] epoch:309/best:171, loss:1.0940, train:0.6261, valid:0.4248/best:0.4571, test:0.4090/best:0.4337
[I 2026-09-13 22:16:51,354 ignn.models.IGNN:215] epoch:310/best:171, loss:1.1231, train:0.6345, valid:0.4402/best:0.4571, test:0.4270/best:0.4337
[I 2026-09-13 22:16:51,378 ignn.models.IGNN:215] epoch:311/best:171, loss:1.0730, train:0.6092, valid:0.4248/best:0.4571, test:0.4202/best:0.4337
[I 2026-09-13 22:16:51,402 ignn.models.IGNN:215] epoch:312/best:171, loss:1.1106, train:0.6073, valid:0.4205/best:0.4571, test:0.4157/best:0.4337
[I 2026-09-13 22:16:51,425 ignn.models.IGNN:215] epoch:313/best:171, loss:1.1172, train:0.6214, valid:0.4346/best:0.4571, test:0.4090/best:0.4337
[I 2026-09-13 22:16:51,448 ignn.models.IGNN:215] epoch:314/best:171, loss:1.0856, train:0.6448, valid:0.4388/best:0.4571, test:0.4292/best:0.4337
[I 2026-09-13 22:16:51,471 ignn.models.IGNN:215] epoch:315/best:171, loss:1.0984, train:0.6514, valid:0.4332/best:0.4571, test:0.4202/best:0.4337
[I 2026-09-13 22:16:51,494 ignn.models.IGNN:215] epoch:316/best:171, loss:1.1002, train:0.6439, valid:0.4374/best:0.4571, test:0.4315/best:0.4337
[I 2026-09-13 22:16:51,517 ignn.models.IGNN:215] epoch:317/best:171, loss:1.0963, train:0.6392, valid:0.4430/best:0.4571, test:0.4337/best:0.4337
[I 2026-09-13 22:16:51,539 ignn.models.IGNN:215] epoch:318/best:171, loss:1.1096, train:0.6373, valid:0.4402/best:0.4571, test:0.4292/best:0.4337
[I 2026-09-13 22:16:51,562 ignn.models.IGNN:215] epoch:319/best:171, loss:1.0653, train:0.6270, valid:0.4332/best:0.4571, test:0.4225/best:0.4337
[I 2026-09-13 22:16:51,585 ignn.models.IGNN:215] epoch:320/best:171, loss:1.1064, train:0.6326, valid:0.4374/best:0.4571, test:0.4337/best:0.4337
[I 2026-09-13 22:16:51,608 ignn.models.IGNN:215] epoch:321/best:171, loss:1.0910, train:0.6467, valid:0.4430/best:0.4571, test:0.4360/best:0.4337
[I 2026-09-13 22:16:51,632 ignn.models.IGNN:215] epoch:322/best:171, loss:1.0865, train:0.6429, valid:0.4304/best:0.4571, test:0.4112/best:0.4337
[I 2026-09-13 22:16:51,655 ignn.models.IGNN:215] epoch:323/best:171, loss:1.1172, train:0.6401, valid:0.4276/best:0.4571, test:0.4112/best:0.4337
[I 2026-09-13 22:16:51,678 ignn.models.IGNN:215] epoch:324/best:171, loss:1.0952, train:0.6289, valid:0.4318/best:0.4571, test:0.4292/best:0.4337
[I 2026-09-13 22:16:51,860 ignn.models.IGNN:215] epoch:325/best:171, loss:1.1126, train:0.6064, valid:0.4318/best:0.4571, test:0.4157/best:0.4337
[I 2026-09-13 22:16:51,884 ignn.models.IGNN:215] epoch:326/best:171, loss:1.0992, train:0.5923, valid:0.4219/best:0.4571, test:0.4225/best:0.4337
[I 2026-09-13 22:16:51,907 ignn.models.IGNN:215] epoch:327/best:171, loss:1.0873, train:0.5989, valid:0.4205/best:0.4571, test:0.4247/best:0.4337
[I 2026-09-13 22:16:51,930 ignn.models.IGNN:215] epoch:328/best:171, loss:1.1008, train:0.5895, valid:0.4205/best:0.4571, test:0.4090/best:0.4337
[I 2026-09-13 22:16:51,953 ignn.models.IGNN:215] epoch:329/best:171, loss:1.0850, train:0.6064, valid:0.4177/best:0.4571, test:0.3978/best:0.4337
[I 2026-09-13 22:16:51,976 ignn.models.IGNN:215] epoch:330/best:171, loss:1.1240, train:0.6261, valid:0.4149/best:0.4571, test:0.4067/best:0.4337
[I 2026-09-13 22:16:51,999 ignn.models.IGNN:215] epoch:331/best:171, loss:1.1100, train:0.6420, valid:0.4304/best:0.4571, test:0.4247/best:0.4337
[I 2026-09-13 22:16:52,022 ignn.models.IGNN:215] epoch:332/best:171, loss:1.0763, train:0.6270, valid:0.4444/best:0.4571, test:0.4180/best:0.4337
[I 2026-09-13 22:16:52,045 ignn.models.IGNN:215] epoch:333/best:171, loss:1.0823, train:0.6167, valid:0.4318/best:0.4571, test:0.4157/best:0.4337
[I 2026-09-13 22:16:52,068 ignn.models.IGNN:215] epoch:334/best:171, loss:1.0929, train:0.6176, valid:0.4262/best:0.4571, test:0.4180/best:0.4337
[I 2026-09-13 22:16:52,091 ignn.models.IGNN:215] epoch:335/best:171, loss:1.0857, train:0.6401, valid:0.4360/best:0.4571, test:0.4270/best:0.4337
[I 2026-09-13 22:16:52,113 ignn.models.IGNN:215] epoch:336/best:171, loss:1.0745, train:0.6551, valid:0.4360/best:0.4571, test:0.4225/best:0.4337
[I 2026-09-13 22:16:52,136 ignn.models.IGNN:215] epoch:337/best:171, loss:1.0851, train:0.6570, valid:0.4233/best:0.4571, test:0.4022/best:0.4337
[I 2026-09-13 22:16:52,159 ignn.models.IGNN:215] epoch:338/best:171, loss:1.1007, train:0.6429, valid:0.4248/best:0.4571, test:0.3978/best:0.4337
[I 2026-09-13 22:16:52,182 ignn.models.IGNN:215] epoch:339/best:171, loss:1.1098, train:0.6270, valid:0.4205/best:0.4571, test:0.4067/best:0.4337
[I 2026-09-13 22:16:52,205 ignn.models.IGNN:215] epoch:340/best:171, loss:1.1055, train:0.6270, valid:0.4304/best:0.4571, test:0.4337/best:0.4337
[I 2026-09-13 22:16:52,228 ignn.models.IGNN:215] epoch:341/best:171, loss:1.0713, train:0.6101, valid:0.4205/best:0.4571, test:0.4247/best:0.4337
[I 2026-09-13 22:16:52,251 ignn.models.IGNN:215] epoch:342/best:171, loss:1.1065, train:0.6129, valid:0.4177/best:0.4571, test:0.4225/best:0.4337
[I 2026-09-13 22:16:52,274 ignn.models.IGNN:215] epoch:343/best:171, loss:1.0776, train:0.6017, valid:0.4191/best:0.4571, test:0.3865/best:0.4337
[I 2026-09-13 22:16:52,297 ignn.models.IGNN:215] epoch:344/best:171, loss:1.0962, train:0.5933, valid:0.4079/best:0.4571, test:0.3865/best:0.4337
[I 2026-09-13 22:16:52,320 ignn.models.IGNN:215] epoch:345/best:171, loss:1.0804, train:0.5933, valid:0.4079/best:0.4571, test:0.3865/best:0.4337
[I 2026-09-13 22:16:52,343 ignn.models.IGNN:215] epoch:346/best:171, loss:1.0940, train:0.6026, valid:0.4135/best:0.4571, test:0.3888/best:0.4337
[I 2026-09-13 22:16:52,366 ignn.models.IGNN:215] epoch:347/best:171, loss:1.0739, train:0.6167, valid:0.4304/best:0.4571, test:0.4135/best:0.4337
[I 2026-09-13 22:16:52,389 ignn.models.IGNN:215] epoch:348/best:171, loss:1.1081, train:0.6167, valid:0.4318/best:0.4571, test:0.4315/best:0.4337
[I 2026-09-13 22:16:52,412 ignn.models.IGNN:215] epoch:349/best:171, loss:1.1039, train:0.6251, valid:0.4346/best:0.4571, test:0.4292/best:0.4337
[I 2026-09-13 22:16:52,435 ignn.models.IGNN:215] epoch:350/best:171, loss:1.1117, train:0.6364, valid:0.4487/best:0.4571, test:0.4247/best:0.4337
[I 2026-09-13 22:16:52,458 ignn.models.IGNN:215] epoch:351/best:171, loss:1.0778, train:0.6279, valid:0.4360/best:0.4571, test:0.4180/best:0.4337
[I 2026-09-13 22:16:52,481 ignn.models.IGNN:215] epoch:352/best:171, loss:1.0738, train:0.6289, valid:0.4332/best:0.4571, test:0.4202/best:0.4337
[I 2026-09-13 22:16:52,504 ignn.models.IGNN:215] epoch:353/best:171, loss:1.0707, train:0.6364, valid:0.4346/best:0.4571, test:0.4247/best:0.4337
[I 2026-09-13 22:16:52,527 ignn.models.IGNN:215] epoch:354/best:171, loss:1.0975, train:0.6289, valid:0.4360/best:0.4571, test:0.4202/best:0.4337
[I 2026-09-13 22:16:52,549 ignn.models.IGNN:215] epoch:355/best:171, loss:1.0881, train:0.6214, valid:0.4346/best:0.4571, test:0.4135/best:0.4337
[I 2026-09-13 22:16:52,572 ignn.models.IGNN:215] epoch:356/best:171, loss:1.0920, train:0.6195, valid:0.4318/best:0.4571, test:0.4247/best:0.4337
[I 2026-09-13 22:16:52,595 ignn.models.IGNN:215] epoch:357/best:171, loss:1.0769, train:0.6242, valid:0.4360/best:0.4571, test:0.4135/best:0.4337
[I 2026-09-13 22:16:52,618 ignn.models.IGNN:215] epoch:358/best:171, loss:1.0828, train:0.6073, valid:0.4219/best:0.4571, test:0.4112/best:0.4337
[I 2026-09-13 22:16:52,641 ignn.models.IGNN:215] epoch:359/best:171, loss:1.0965, train:0.6073, valid:0.4191/best:0.4571, test:0.4112/best:0.4337
[I 2026-09-13 22:16:52,664 ignn.models.IGNN:215] epoch:360/best:171, loss:1.0792, train:0.6073, valid:0.4248/best:0.4571, test:0.4270/best:0.4337
[I 2026-09-13 22:16:52,840 ignn.models.IGNN:215] epoch:361/best:171, loss:1.0787, train:0.6073, valid:0.4248/best:0.4571, test:0.4315/best:0.4337
[I 2026-09-13 22:16:52,863 ignn.models.IGNN:215] epoch:362/best:171, loss:1.0699, train:0.6064, valid:0.4290/best:0.4571, test:0.4225/best:0.4337
[I 2026-09-13 22:16:52,886 ignn.models.IGNN:215] epoch:363/best:171, loss:1.0775, train:0.6092, valid:0.4318/best:0.4571, test:0.4157/best:0.4337
[I 2026-09-13 22:16:52,909 ignn.models.IGNN:215] epoch:364/best:171, loss:1.1010, train:0.6232, valid:0.4248/best:0.4571, test:0.4247/best:0.4337
[I 2026-09-13 22:16:52,932 ignn.models.IGNN:215] epoch:365/best:171, loss:1.0760, train:0.6392, valid:0.4276/best:0.4571, test:0.4202/best:0.4337
[I 2026-09-13 22:16:52,955 ignn.models.IGNN:215] epoch:366/best:171, loss:1.0828, train:0.6410, valid:0.4219/best:0.4571, test:0.4090/best:0.4337
[I 2026-09-13 22:16:52,978 ignn.models.IGNN:215] epoch:367/best:171, loss:1.1202, train:0.6439, valid:0.4416/best:0.4571, test:0.4202/best:0.4337
[I 2026-09-13 22:16:53,001 ignn.models.IGNN:215] epoch:368/best:171, loss:1.0778, train:0.6289, valid:0.4360/best:0.4571, test:0.4180/best:0.4337
[I 2026-09-13 22:16:53,024 ignn.models.IGNN:215] epoch:369/best:171, loss:1.0953, train:0.6101, valid:0.4276/best:0.4571, test:0.4112/best:0.4337
[I 2026-09-13 22:16:53,046 ignn.models.IGNN:215] epoch:370/best:171, loss:1.1162, train:0.6045, valid:0.4191/best:0.4571, test:0.4112/best:0.4337
[I 2026-09-13 22:16:53,069 ignn.models.IGNN:215] epoch:371/best:171, loss:1.0737, train:0.6036, valid:0.4163/best:0.4571, test:0.4180/best:0.4337
[I 2026-09-13 22:16:53,069 ignn.models.IGNN:222] Early Stopping! Best Epoch: 171, best val acc: 0.4571, test acc: 0.4337
[I 2026-09-13 22:16:53,070 ignn.models.IGNN:234] 10 epoch cost: 0.2782s.
[I 2026-09-13 22:16:53,083 __main__:210] squirrel_critical 7 res: 0.4337078651685393


[I 2026-09-13 22:16:53,120 ignn.models.IGNN:215] epoch:0/best:0, loss:1.6063, train:0.3655, valid:0.2968/best:0.2968, test:0.3483/best:0.3483
[I 2026-09-13 22:16:53,144 ignn.models.IGNN:215] epoch:1/best:1, loss:1.5806, train:0.3655, valid:0.2968/best:0.2968, test:0.3483/best:0.3483
[I 2026-09-13 22:16:53,169 ignn.models.IGNN:215] epoch:2/best:2, loss:1.5598, train:0.3655, valid:0.2968/best:0.2968, test:0.3483/best:0.3483
[I 2026-09-13 22:16:53,193 ignn.models.IGNN:215] epoch:3/best:3, loss:1.5405, train:0.3655, valid:0.2968/best:0.2968, test:0.3483/best:0.3483
[I 2026-09-13 22:16:53,217 ignn.models.IGNN:215] epoch:4/best:4, loss:1.5458, train:0.3655, valid:0.2968/best:0.2968, test:0.3483/best:0.3483
[I 2026-09-13 22:16:53,242 ignn.models.IGNN:215] epoch:5/best:5, loss:1.5286, train:0.3655, valid:0.2968/best:0.2968, test:0.3483/best:0.3483
[I 2026-09-13 22:16:53,266 ignn.models.IGNN:215] epoch:6/best:6, loss:1.5151, train:0.3655, valid:0.2968/best:0.2968, test:0.3483/best:0.3483
[I 2026-09-13 22:16:53,290 ignn.models.IGNN:215] epoch:7/best:7, loss:1.5034, train:0.3655, valid:0.2968/best:0.2968, test:0.3483/best:0.3483
[I 2026-09-13 22:16:53,314 ignn.models.IGNN:215] epoch:8/best:8, loss:1.4963, train:0.3674, valid:0.2968/best:0.2968, test:0.3483/best:0.3483
[I 2026-09-13 22:16:53,339 ignn.models.IGNN:215] epoch:9/best:9, loss:1.4786, train:0.3674, valid:0.2968/best:0.2968, test:0.3506/best:0.3506
[I 2026-09-13 22:16:53,363 ignn.models.IGNN:215] epoch:10/best:10, loss:1.4762, train:0.3721, valid:0.3038/best:0.3038, test:0.3551/best:0.3551
[I 2026-09-13 22:16:53,388 ignn.models.IGNN:215] epoch:11/best:11, loss:1.4456, train:0.3796, valid:0.3094/best:0.3094, test:0.3573/best:0.3573
[I 2026-09-13 22:16:53,412 ignn.models.IGNN:215] epoch:12/best:12, loss:1.4554, train:0.3871, valid:0.3136/best:0.3136, test:0.3640/best:0.3640
[I 2026-09-13 22:16:53,436 ignn.models.IGNN:215] epoch:13/best:13, loss:1.4380, train:0.3974, valid:0.3263/best:0.3263, test:0.3843/best:0.3843
[I 2026-09-13 22:16:53,461 ignn.models.IGNN:215] epoch:14/best:14, loss:1.4116, train:0.4133, valid:0.3460/best:0.3460, test:0.3955/best:0.3955
[I 2026-09-13 22:16:53,485 ignn.models.IGNN:215] epoch:15/best:15, loss:1.4102, train:0.4386, valid:0.3586/best:0.3586, test:0.4112/best:0.4112
[I 2026-09-13 22:16:53,508 ignn.models.IGNN:215] epoch:16/best:15, loss:1.3943, train:0.4283, valid:0.3530/best:0.3586, test:0.4157/best:0.4112
[I 2026-09-13 22:16:53,531 ignn.models.IGNN:215] epoch:17/best:15, loss:1.3882, train:0.4114, valid:0.3474/best:0.3586, test:0.3955/best:0.4112
[I 2026-09-13 22:16:53,555 ignn.models.IGNN:215] epoch:18/best:18, loss:1.3645, train:0.4442, valid:0.3797/best:0.3797, test:0.4292/best:0.4292
[I 2026-09-13 22:16:53,580 ignn.models.IGNN:215] epoch:19/best:19, loss:1.3586, train:0.4433, valid:0.3840/best:0.3840, test:0.4382/best:0.4382
[I 2026-09-13 22:16:53,602 ignn.models.IGNN:215] epoch:20/best:19, loss:1.3744, train:0.4377, valid:0.3671/best:0.3840, test:0.4157/best:0.4382
[I 2026-09-13 22:16:53,626 ignn.models.IGNN:215] epoch:21/best:19, loss:1.3475, train:0.4274, valid:0.3601/best:0.3840, test:0.3978/best:0.4382
[I 2026-09-13 22:16:53,802 ignn.models.IGNN:215] epoch:22/best:19, loss:1.3374, train:0.4527, valid:0.3783/best:0.3840, test:0.4360/best:0.4382
[I 2026-09-13 22:16:53,830 ignn.models.IGNN:215] epoch:23/best:23, loss:1.3348, train:0.4602, valid:0.4051/best:0.4051, test:0.4360/best:0.4360
[I 2026-09-13 22:16:53,853 ignn.models.IGNN:215] epoch:24/best:23, loss:1.3340, train:0.4349, valid:0.3671/best:0.4051, test:0.4135/best:0.4360
[I 2026-09-13 22:16:53,876 ignn.models.IGNN:215] epoch:25/best:23, loss:1.3300, train:0.4311, valid:0.3657/best:0.4051, test:0.4045/best:0.4360
[I 2026-09-13 22:16:53,899 ignn.models.IGNN:215] epoch:26/best:23, loss:1.3184, train:0.4611, valid:0.3840/best:0.4051, test:0.4292/best:0.4360
[I 2026-09-13 22:16:53,922 ignn.models.IGNN:215] epoch:27/best:23, loss:1.3076, train:0.4695, valid:0.3882/best:0.4051, test:0.4270/best:0.4360
[I 2026-09-13 22:16:53,945 ignn.models.IGNN:215] epoch:28/best:23, loss:1.2892, train:0.4499, valid:0.3896/best:0.4051, test:0.4247/best:0.4360
[I 2026-09-13 22:16:53,968 ignn.models.IGNN:215] epoch:29/best:23, loss:1.2867, train:0.4461, valid:0.3797/best:0.4051, test:0.4135/best:0.4360
[I 2026-09-13 22:16:53,991 ignn.models.IGNN:215] epoch:30/best:23, loss:1.2776, train:0.4527, valid:0.3882/best:0.4051, test:0.4157/best:0.4360
[I 2026-09-13 22:16:54,013 ignn.models.IGNN:215] epoch:31/best:23, loss:1.2744, train:0.4770, valid:0.3868/best:0.4051, test:0.4292/best:0.4360
[I 2026-09-13 22:16:54,036 ignn.models.IGNN:215] epoch:32/best:23, loss:1.2681, train:0.4789, valid:0.3980/best:0.4051, test:0.4202/best:0.4360
[I 2026-09-13 22:16:54,059 ignn.models.IGNN:215] epoch:33/best:23, loss:1.2573, train:0.4658, valid:0.3882/best:0.4051, test:0.4337/best:0.4360
[I 2026-09-13 22:16:54,082 ignn.models.IGNN:215] epoch:34/best:23, loss:1.2662, train:0.4602, valid:0.3938/best:0.4051, test:0.4247/best:0.4360
[I 2026-09-13 22:16:54,105 ignn.models.IGNN:215] epoch:35/best:23, loss:1.2493, train:0.4620, valid:0.3924/best:0.4051, test:0.4225/best:0.4360
[I 2026-09-13 22:16:54,129 ignn.models.IGNN:215] epoch:36/best:23, loss:1.2520, train:0.4836, valid:0.4037/best:0.4051, test:0.4472/best:0.4360
[I 2026-09-13 22:16:54,152 ignn.models.IGNN:215] epoch:37/best:23, loss:1.2304, train:0.4855, valid:0.3994/best:0.4051, test:0.4472/best:0.4360
[I 2026-09-13 22:16:54,175 ignn.models.IGNN:215] epoch:38/best:23, loss:1.2498, train:0.4761, valid:0.3910/best:0.4051, test:0.4292/best:0.4360
[I 2026-09-13 22:16:54,197 ignn.models.IGNN:215] epoch:39/best:23, loss:1.2433, train:0.4799, valid:0.3938/best:0.4051, test:0.4337/best:0.4360
[I 2026-09-13 22:16:54,220 ignn.models.IGNN:215] epoch:40/best:23, loss:1.2345, train:0.4808, valid:0.3938/best:0.4051, test:0.4404/best:0.4360
[I 2026-09-13 22:16:54,243 ignn.models.IGNN:215] epoch:41/best:23, loss:1.2202, train:0.4986, valid:0.3882/best:0.4051, test:0.4337/best:0.4360
[I 2026-09-13 22:16:54,266 ignn.models.IGNN:215] epoch:42/best:23, loss:1.2405, train:0.5023, valid:0.3910/best:0.4051, test:0.4404/best:0.4360
[I 2026-09-13 22:16:54,289 ignn.models.IGNN:215] epoch:43/best:23, loss:1.2208, train:0.4967, valid:0.3938/best:0.4051, test:0.4337/best:0.4360
[I 2026-09-13 22:16:54,312 ignn.models.IGNN:215] epoch:44/best:23, loss:1.2186, train:0.4873, valid:0.3854/best:0.4051, test:0.4315/best:0.4360
[I 2026-09-13 22:16:54,335 ignn.models.IGNN:215] epoch:45/best:23, loss:1.2416, train:0.4902, valid:0.3896/best:0.4051, test:0.4315/best:0.4360
[I 2026-09-13 22:16:54,358 ignn.models.IGNN:215] epoch:46/best:23, loss:1.2364, train:0.4780, valid:0.3797/best:0.4051, test:0.4292/best:0.4360
[I 2026-09-13 22:16:54,381 ignn.models.IGNN:215] epoch:47/best:23, loss:1.2317, train:0.5005, valid:0.3966/best:0.4051, test:0.4315/best:0.4360
[I 2026-09-13 22:16:54,404 ignn.models.IGNN:215] epoch:48/best:23, loss:1.2212, train:0.4639, valid:0.3741/best:0.4051, test:0.4112/best:0.4360
[I 2026-09-13 22:16:54,427 ignn.models.IGNN:215] epoch:49/best:23, loss:1.2150, train:0.4639, valid:0.3727/best:0.4051, test:0.4135/best:0.4360
[I 2026-09-13 22:16:54,450 ignn.models.IGNN:215] epoch:50/best:23, loss:1.2174, train:0.4930, valid:0.3896/best:0.4051, test:0.4270/best:0.4360
[I 2026-09-13 22:16:54,473 ignn.models.IGNN:215] epoch:51/best:23, loss:1.2307, train:0.5005, valid:0.3896/best:0.4051, test:0.4292/best:0.4360
[I 2026-09-13 22:16:54,496 ignn.models.IGNN:215] epoch:52/best:23, loss:1.2063, train:0.4489, valid:0.3671/best:0.4051, test:0.4000/best:0.4360
[I 2026-09-13 22:16:54,519 ignn.models.IGNN:215] epoch:53/best:23, loss:1.2171, train:0.4442, valid:0.3727/best:0.4051, test:0.4000/best:0.4360
[I 2026-09-13 22:16:54,541 ignn.models.IGNN:215] epoch:54/best:23, loss:1.1808, train:0.4667, valid:0.3840/best:0.4051, test:0.4247/best:0.4360
[I 2026-09-13 22:16:54,564 ignn.models.IGNN:215] epoch:55/best:23, loss:1.1986, train:0.5155, valid:0.3924/best:0.4051, test:0.4337/best:0.4360
[I 2026-09-13 22:16:54,588 ignn.models.IGNN:215] epoch:56/best:23, loss:1.2032, train:0.4761, valid:0.3896/best:0.4051, test:0.4225/best:0.4360
[I 2026-09-13 22:16:54,611 ignn.models.IGNN:215] epoch:57/best:23, loss:1.2037, train:0.4517, valid:0.3812/best:0.4051, test:0.4090/best:0.4360
[I 2026-09-13 22:16:54,789 ignn.models.IGNN:215] epoch:58/best:23, loss:1.1767, train:0.4630, valid:0.3783/best:0.4051, test:0.4157/best:0.4360
[I 2026-09-13 22:16:54,812 ignn.models.IGNN:215] epoch:59/best:23, loss:1.1793, train:0.5023, valid:0.3882/best:0.4051, test:0.4315/best:0.4360
[I 2026-09-13 22:16:54,835 ignn.models.IGNN:215] epoch:60/best:23, loss:1.1880, train:0.5286, valid:0.4023/best:0.4051, test:0.4449/best:0.4360
[I 2026-09-13 22:16:54,858 ignn.models.IGNN:215] epoch:61/best:23, loss:1.2006, train:0.5042, valid:0.3924/best:0.4051, test:0.4270/best:0.4360
[I 2026-09-13 22:16:54,881 ignn.models.IGNN:215] epoch:62/best:23, loss:1.1977, train:0.4770, valid:0.3713/best:0.4051, test:0.4157/best:0.4360
[I 2026-09-13 22:16:54,905 ignn.models.IGNN:215] epoch:63/best:23, loss:1.1940, train:0.4883, valid:0.3769/best:0.4051, test:0.4270/best:0.4360
[I 2026-09-13 22:16:54,928 ignn.models.IGNN:215] epoch:64/best:23, loss:1.1987, train:0.4930, valid:0.3812/best:0.4051, test:0.4315/best:0.4360
[I 2026-09-13 22:16:54,951 ignn.models.IGNN:215] epoch:65/best:23, loss:1.1855, train:0.4995, valid:0.3896/best:0.4051, test:0.4292/best:0.4360
[I 2026-09-13 22:16:54,974 ignn.models.IGNN:215] epoch:66/best:23, loss:1.1757, train:0.4967, valid:0.3854/best:0.4051, test:0.4292/best:0.4360
[I 2026-09-13 22:16:54,997 ignn.models.IGNN:215] epoch:67/best:23, loss:1.1855, train:0.5136, valid:0.3910/best:0.4051, test:0.4270/best:0.4360
[I 2026-09-13 22:16:55,020 ignn.models.IGNN:215] epoch:68/best:23, loss:1.1930, train:0.5201, valid:0.3994/best:0.4051, test:0.4404/best:0.4360
[I 2026-09-13 22:16:55,043 ignn.models.IGNN:215] epoch:69/best:23, loss:1.1815, train:0.5173, valid:0.3966/best:0.4051, test:0.4404/best:0.4360
[I 2026-09-13 22:16:55,066 ignn.models.IGNN:215] epoch:70/best:23, loss:1.1785, train:0.5042, valid:0.3882/best:0.4051, test:0.4270/best:0.4360
[I 2026-09-13 22:16:55,089 ignn.models.IGNN:215] epoch:71/best:23, loss:1.1675, train:0.4883, valid:0.3910/best:0.4051, test:0.4180/best:0.4360
[I 2026-09-13 22:16:55,112 ignn.models.IGNN:215] epoch:72/best:23, loss:1.1926, train:0.4827, valid:0.3868/best:0.4051, test:0.4135/best:0.4360
[I 2026-09-13 22:16:55,135 ignn.models.IGNN:215] epoch:73/best:23, loss:1.2073, train:0.5005, valid:0.3938/best:0.4051, test:0.4180/best:0.4360
[I 2026-09-13 22:16:55,157 ignn.models.IGNN:215] epoch:74/best:23, loss:1.1750, train:0.5089, valid:0.3980/best:0.4051, test:0.4292/best:0.4360
[I 2026-09-13 22:16:55,180 ignn.models.IGNN:215] epoch:75/best:23, loss:1.1887, train:0.5145, valid:0.4008/best:0.4051, test:0.4360/best:0.4360
[I 2026-09-13 22:16:55,203 ignn.models.IGNN:215] epoch:76/best:23, loss:1.1775, train:0.4920, valid:0.3854/best:0.4051, test:0.4157/best:0.4360
[I 2026-09-13 22:16:55,226 ignn.models.IGNN:215] epoch:77/best:23, loss:1.1771, train:0.4883, valid:0.3840/best:0.4051, test:0.4157/best:0.4360
[I 2026-09-13 22:16:55,249 ignn.models.IGNN:215] epoch:78/best:23, loss:1.1917, train:0.4911, valid:0.3910/best:0.4051, test:0.4157/best:0.4360
[I 2026-09-13 22:16:55,272 ignn.models.IGNN:215] epoch:79/best:23, loss:1.1601, train:0.4948, valid:0.3980/best:0.4051, test:0.4202/best:0.4360
[I 2026-09-13 22:16:55,294 ignn.models.IGNN:215] epoch:80/best:23, loss:1.1864, train:0.4986, valid:0.3980/best:0.4051, test:0.4225/best:0.4360
[I 2026-09-13 22:16:55,317 ignn.models.IGNN:215] epoch:81/best:23, loss:1.1746, train:0.4958, valid:0.3896/best:0.4051, test:0.4247/best:0.4360
[I 2026-09-13 22:16:55,340 ignn.models.IGNN:215] epoch:82/best:23, loss:1.1824, train:0.4948, valid:0.3924/best:0.4051, test:0.4247/best:0.4360
[I 2026-09-13 22:16:55,363 ignn.models.IGNN:215] epoch:83/best:23, loss:1.1482, train:0.4930, valid:0.3910/best:0.4051, test:0.4157/best:0.4360
[I 2026-09-13 22:16:55,386 ignn.models.IGNN:215] epoch:84/best:23, loss:1.1950, train:0.5070, valid:0.3938/best:0.4051, test:0.4270/best:0.4360
[I 2026-09-13 22:16:55,409 ignn.models.IGNN:215] epoch:85/best:23, loss:1.1679, train:0.5108, valid:0.3924/best:0.4051, test:0.4225/best:0.4360
[I 2026-09-13 22:16:55,432 ignn.models.IGNN:215] epoch:86/best:23, loss:1.1437, train:0.4967, valid:0.3924/best:0.4051, test:0.4270/best:0.4360
[I 2026-09-13 22:16:55,454 ignn.models.IGNN:215] epoch:87/best:23, loss:1.1531, train:0.5052, valid:0.3896/best:0.4051, test:0.4247/best:0.4360
[I 2026-09-13 22:16:55,477 ignn.models.IGNN:215] epoch:88/best:23, loss:1.1813, train:0.5389, valid:0.3980/best:0.4051, test:0.4427/best:0.4360
[I 2026-09-13 22:16:55,500 ignn.models.IGNN:215] epoch:89/best:23, loss:1.1599, train:0.5314, valid:0.3994/best:0.4051, test:0.4404/best:0.4360
[I 2026-09-13 22:16:55,523 ignn.models.IGNN:215] epoch:90/best:23, loss:1.1731, train:0.4892, valid:0.3854/best:0.4051, test:0.4247/best:0.4360
[I 2026-09-13 22:16:55,546 ignn.models.IGNN:215] epoch:91/best:23, loss:1.1407, train:0.4611, valid:0.3783/best:0.4051, test:0.4157/best:0.4360
[I 2026-09-13 22:16:55,568 ignn.models.IGNN:215] epoch:92/best:23, loss:1.1888, train:0.4752, valid:0.3854/best:0.4051, test:0.4112/best:0.4360
[I 2026-09-13 22:16:55,593 ignn.models.IGNN:215] epoch:93/best:93, loss:1.1447, train:0.5567, valid:0.4065/best:0.4065, test:0.4517/best:0.4517
[I 2026-09-13 22:16:55,766 ignn.models.IGNN:215] epoch:94/best:93, loss:1.2043, train:0.5445, valid:0.4051/best:0.4065, test:0.4404/best:0.4517
[I 2026-09-13 22:16:55,789 ignn.models.IGNN:215] epoch:95/best:93, loss:1.1600, train:0.4827, valid:0.3910/best:0.4065, test:0.4247/best:0.4517
[I 2026-09-13 22:16:55,812 ignn.models.IGNN:215] epoch:96/best:93, loss:1.1450, train:0.4733, valid:0.3812/best:0.4065, test:0.4112/best:0.4517
[I 2026-09-13 22:16:55,835 ignn.models.IGNN:215] epoch:97/best:93, loss:1.1769, train:0.4752, valid:0.3812/best:0.4065, test:0.4090/best:0.4517
[I 2026-09-13 22:16:55,858 ignn.models.IGNN:215] epoch:98/best:93, loss:1.1866, train:0.4883, valid:0.3826/best:0.4065, test:0.4247/best:0.4517
[I 2026-09-13 22:16:55,881 ignn.models.IGNN:215] epoch:99/best:93, loss:1.1245, train:0.5061, valid:0.3910/best:0.4065, test:0.4247/best:0.4517
[I 2026-09-13 22:16:55,903 ignn.models.IGNN:215] epoch:100/best:93, loss:1.1895, train:0.5089, valid:0.3994/best:0.4065, test:0.4292/best:0.4517
[I 2026-09-13 22:16:55,926 ignn.models.IGNN:215] epoch:101/best:93, loss:1.1322, train:0.5042, valid:0.3910/best:0.4065, test:0.4225/best:0.4517
[I 2026-09-13 22:16:55,949 ignn.models.IGNN:215] epoch:102/best:93, loss:1.1367, train:0.5042, valid:0.3882/best:0.4065, test:0.4270/best:0.4517
[I 2026-09-13 22:16:55,972 ignn.models.IGNN:215] epoch:103/best:93, loss:1.1323, train:0.4873, valid:0.3840/best:0.4065, test:0.4247/best:0.4517
[I 2026-09-13 22:16:55,995 ignn.models.IGNN:215] epoch:104/best:93, loss:1.1526, train:0.4817, valid:0.3812/best:0.4065, test:0.4225/best:0.4517
[I 2026-09-13 22:16:56,018 ignn.models.IGNN:215] epoch:105/best:93, loss:1.1632, train:0.4883, valid:0.3854/best:0.4065, test:0.4180/best:0.4517
[I 2026-09-13 22:16:56,041 ignn.models.IGNN:215] epoch:106/best:93, loss:1.1311, train:0.5323, valid:0.4037/best:0.4065, test:0.4404/best:0.4517
[I 2026-09-13 22:16:56,065 ignn.models.IGNN:215] epoch:107/best:107, loss:1.1623, train:0.5333, valid:0.4107/best:0.4107, test:0.4472/best:0.4472
[I 2026-09-13 22:16:56,088 ignn.models.IGNN:215] epoch:108/best:107, loss:1.1544, train:0.5323, valid:0.4051/best:0.4107, test:0.4472/best:0.4472
[I 2026-09-13 22:16:56,111 ignn.models.IGNN:215] epoch:109/best:107, loss:1.2022, train:0.4948, valid:0.3840/best:0.4107, test:0.4180/best:0.4472
[I 2026-09-13 22:16:56,134 ignn.models.IGNN:215] epoch:110/best:107, loss:1.1606, train:0.4911, valid:0.3840/best:0.4107, test:0.4157/best:0.4472
[I 2026-09-13 22:16:56,156 ignn.models.IGNN:215] epoch:111/best:107, loss:1.1502, train:0.4920, valid:0.3854/best:0.4107, test:0.4135/best:0.4472
[I 2026-09-13 22:16:56,179 ignn.models.IGNN:215] epoch:112/best:107, loss:1.1656, train:0.5070, valid:0.3896/best:0.4107, test:0.4225/best:0.4472
[I 2026-09-13 22:16:56,202 ignn.models.IGNN:215] epoch:113/best:107, loss:1.1292, train:0.5023, valid:0.3868/best:0.4107, test:0.4135/best:0.4472
[I 2026-09-13 22:16:56,225 ignn.models.IGNN:215] epoch:114/best:107, loss:1.1533, train:0.5005, valid:0.3896/best:0.4107, test:0.4112/best:0.4472
[I 2026-09-13 22:16:56,248 ignn.models.IGNN:215] epoch:115/best:107, loss:1.1378, train:0.4883, valid:0.3826/best:0.4107, test:0.4180/best:0.4472
[I 2026-09-13 22:16:56,271 ignn.models.IGNN:215] epoch:116/best:107, loss:1.1797, train:0.4827, valid:0.3812/best:0.4107, test:0.4135/best:0.4472
[I 2026-09-13 22:16:56,294 ignn.models.IGNN:215] epoch:117/best:107, loss:1.1562, train:0.4958, valid:0.3812/best:0.4107, test:0.4135/best:0.4472
[I 2026-09-13 22:16:56,317 ignn.models.IGNN:215] epoch:118/best:107, loss:1.1155, train:0.5248, valid:0.3924/best:0.4107, test:0.4292/best:0.4472
[I 2026-09-13 22:16:56,340 ignn.models.IGNN:215] epoch:119/best:107, loss:1.1447, train:0.5380, valid:0.3980/best:0.4107, test:0.4427/best:0.4472
[I 2026-09-13 22:16:56,362 ignn.models.IGNN:215] epoch:120/best:107, loss:1.1758, train:0.5211, valid:0.3938/best:0.4107, test:0.4247/best:0.4472
[I 2026-09-13 22:16:56,385 ignn.models.IGNN:215] epoch:121/best:107, loss:1.1616, train:0.4930, valid:0.3938/best:0.4107, test:0.4292/best:0.4472
[I 2026-09-13 22:16:56,408 ignn.models.IGNN:215] epoch:122/best:107, loss:1.1417, train:0.4836, valid:0.3854/best:0.4107, test:0.4270/best:0.4472
[I 2026-09-13 22:16:56,431 ignn.models.IGNN:215] epoch:123/best:107, loss:1.1659, train:0.4958, valid:0.3952/best:0.4107, test:0.4360/best:0.4472
[I 2026-09-13 22:16:56,454 ignn.models.IGNN:215] epoch:124/best:107, loss:1.1502, train:0.5286, valid:0.3994/best:0.4107, test:0.4360/best:0.4472
[I 2026-09-13 22:16:56,477 ignn.models.IGNN:215] epoch:125/best:107, loss:1.1461, train:0.5792, valid:0.4093/best:0.4107, test:0.4562/best:0.4472
[I 2026-09-13 22:16:56,501 ignn.models.IGNN:215] epoch:126/best:107, loss:1.1670, train:0.5558, valid:0.3966/best:0.4107, test:0.4607/best:0.4472
[I 2026-09-13 22:16:56,524 ignn.models.IGNN:215] epoch:127/best:107, loss:1.1310, train:0.5164, valid:0.3966/best:0.4107, test:0.4292/best:0.4472
[I 2026-09-13 22:16:56,547 ignn.models.IGNN:215] epoch:128/best:107, loss:1.1411, train:0.5005, valid:0.3868/best:0.4107, test:0.4337/best:0.4472
[I 2026-09-13 22:16:56,569 ignn.models.IGNN:215] epoch:129/best:107, loss:1.1434, train:0.5201, valid:0.3966/best:0.4107, test:0.4360/best:0.4472
[I 2026-09-13 22:16:56,746 ignn.models.IGNN:215] epoch:130/best:107, loss:1.1342, train:0.5408, valid:0.4008/best:0.4107, test:0.4427/best:0.4472
[I 2026-09-13 22:16:56,769 ignn.models.IGNN:215] epoch:131/best:107, loss:1.1438, train:0.5520, valid:0.3966/best:0.4107, test:0.4472/best:0.4472
[I 2026-09-13 22:16:56,792 ignn.models.IGNN:215] epoch:132/best:107, loss:1.1762, train:0.5520, valid:0.3938/best:0.4107, test:0.4472/best:0.4472
[I 2026-09-13 22:16:56,815 ignn.models.IGNN:215] epoch:133/best:107, loss:1.1368, train:0.5473, valid:0.3952/best:0.4107, test:0.4404/best:0.4472
[I 2026-09-13 22:16:56,838 ignn.models.IGNN:215] epoch:134/best:107, loss:1.1381, train:0.5426, valid:0.3938/best:0.4107, test:0.4404/best:0.4472
[I 2026-09-13 22:16:56,861 ignn.models.IGNN:215] epoch:135/best:107, loss:1.1426, train:0.5380, valid:0.3980/best:0.4107, test:0.4449/best:0.4472
[I 2026-09-13 22:16:56,884 ignn.models.IGNN:215] epoch:136/best:107, loss:1.1208, train:0.5408, valid:0.3924/best:0.4107, test:0.4472/best:0.4472
[I 2026-09-13 22:16:56,907 ignn.models.IGNN:215] epoch:137/best:107, loss:1.1294, train:0.5408, valid:0.3896/best:0.4107, test:0.4382/best:0.4472
[I 2026-09-13 22:16:56,930 ignn.models.IGNN:215] epoch:138/best:107, loss:1.1299, train:0.5661, valid:0.3994/best:0.4107, test:0.4539/best:0.4472
[I 2026-09-13 22:16:56,953 ignn.models.IGNN:215] epoch:139/best:107, loss:1.1363, train:0.5708, valid:0.3966/best:0.4107, test:0.4517/best:0.4472
[I 2026-09-13 22:16:56,976 ignn.models.IGNN:215] epoch:140/best:107, loss:1.1627, train:0.5145, valid:0.4023/best:0.4107, test:0.4247/best:0.4472
[I 2026-09-13 22:16:56,999 ignn.models.IGNN:215] epoch:141/best:107, loss:1.1323, train:0.5127, valid:0.3980/best:0.4107, test:0.4270/best:0.4472
[I 2026-09-13 22:16:57,022 ignn.models.IGNN:215] epoch:142/best:107, loss:1.1641, train:0.5492, valid:0.3952/best:0.4107, test:0.4315/best:0.4472
[I 2026-09-13 22:16:57,045 ignn.models.IGNN:215] epoch:143/best:107, loss:1.1295, train:0.5586, valid:0.4023/best:0.4107, test:0.4360/best:0.4472
[I 2026-09-13 22:16:57,068 ignn.models.IGNN:215] epoch:144/best:107, loss:1.1557, train:0.5408, valid:0.3952/best:0.4107, test:0.4360/best:0.4472
[I 2026-09-13 22:16:57,091 ignn.models.IGNN:215] epoch:145/best:107, loss:1.1250, train:0.5061, valid:0.3882/best:0.4107, test:0.4404/best:0.4472
[I 2026-09-13 22:16:57,114 ignn.models.IGNN:215] epoch:146/best:107, loss:1.1314, train:0.5061, valid:0.3924/best:0.4107, test:0.4337/best:0.4472
[I 2026-09-13 22:16:57,136 ignn.models.IGNN:215] epoch:147/best:107, loss:1.1386, train:0.5595, valid:0.3994/best:0.4107, test:0.4449/best:0.4472
[I 2026-09-13 22:16:57,159 ignn.models.IGNN:215] epoch:148/best:107, loss:1.1168, train:0.5661, valid:0.3924/best:0.4107, test:0.4517/best:0.4472
[I 2026-09-13 22:16:57,182 ignn.models.IGNN:215] epoch:149/best:107, loss:1.1475, train:0.5651, valid:0.3938/best:0.4107, test:0.4517/best:0.4472
[I 2026-09-13 22:16:57,206 ignn.models.IGNN:215] epoch:150/best:107, loss:1.1247, train:0.5661, valid:0.3952/best:0.4107, test:0.4494/best:0.4472
[I 2026-09-13 22:16:57,229 ignn.models.IGNN:215] epoch:151/best:107, loss:1.1346, train:0.5623, valid:0.3924/best:0.4107, test:0.4427/best:0.4472
[I 2026-09-13 22:16:57,252 ignn.models.IGNN:215] epoch:152/best:107, loss:1.1202, train:0.5492, valid:0.3980/best:0.4107, test:0.4382/best:0.4472
[I 2026-09-13 22:16:57,275 ignn.models.IGNN:215] epoch:153/best:107, loss:1.1506, train:0.5239, valid:0.3882/best:0.4107, test:0.4337/best:0.4472
[I 2026-09-13 22:16:57,298 ignn.models.IGNN:215] epoch:154/best:107, loss:1.0942, train:0.5230, valid:0.3896/best:0.4107, test:0.4315/best:0.4472
[I 2026-09-13 22:16:57,320 ignn.models.IGNN:215] epoch:155/best:107, loss:1.1584, train:0.5586, valid:0.3896/best:0.4107, test:0.4360/best:0.4472
[I 2026-09-13 22:16:57,343 ignn.models.IGNN:215] epoch:156/best:107, loss:1.1527, train:0.5436, valid:0.3966/best:0.4107, test:0.4404/best:0.4472
[I 2026-09-13 22:16:57,366 ignn.models.IGNN:215] epoch:157/best:107, loss:1.1545, train:0.5380, valid:0.3966/best:0.4107, test:0.4360/best:0.4472
[I 2026-09-13 22:16:57,389 ignn.models.IGNN:215] epoch:158/best:107, loss:1.1397, train:0.5258, valid:0.3882/best:0.4107, test:0.4360/best:0.4472
[I 2026-09-13 22:16:57,412 ignn.models.IGNN:215] epoch:159/best:107, loss:1.1435, train:0.5305, valid:0.3882/best:0.4107, test:0.4382/best:0.4472
[I 2026-09-13 22:16:57,436 ignn.models.IGNN:215] epoch:160/best:107, loss:1.1183, train:0.5586, valid:0.3980/best:0.4107, test:0.4494/best:0.4472
[I 2026-09-13 22:16:57,459 ignn.models.IGNN:215] epoch:161/best:107, loss:1.1207, train:0.5839, valid:0.3980/best:0.4107, test:0.4562/best:0.4472
[I 2026-09-13 22:16:57,482 ignn.models.IGNN:215] epoch:162/best:107, loss:1.1346, train:0.5783, valid:0.4008/best:0.4107, test:0.4539/best:0.4472
[I 2026-09-13 22:16:57,505 ignn.models.IGNN:215] epoch:163/best:107, loss:1.0925, train:0.5464, valid:0.3980/best:0.4107, test:0.4337/best:0.4472
[I 2026-09-13 22:16:57,528 ignn.models.IGNN:215] epoch:164/best:107, loss:1.1290, train:0.5492, valid:0.4037/best:0.4107, test:0.4382/best:0.4472
[I 2026-09-13 22:16:57,705 ignn.models.IGNN:215] epoch:165/best:107, loss:1.1003, train:0.5473, valid:0.4065/best:0.4107, test:0.4427/best:0.4472
[I 2026-09-13 22:16:57,729 ignn.models.IGNN:215] epoch:166/best:107, loss:1.1401, train:0.5623, valid:0.4065/best:0.4107, test:0.4539/best:0.4472
[I 2026-09-13 22:16:57,752 ignn.models.IGNN:215] epoch:167/best:107, loss:1.1337, train:0.5670, valid:0.4051/best:0.4107, test:0.4539/best:0.4472
[I 2026-09-13 22:16:57,776 ignn.models.IGNN:215] epoch:168/best:107, loss:1.1209, train:0.5567, valid:0.4079/best:0.4107, test:0.4449/best:0.4472
[I 2026-09-13 22:16:57,799 ignn.models.IGNN:215] epoch:169/best:107, loss:1.1220, train:0.5811, valid:0.4051/best:0.4107, test:0.4674/best:0.4472
[I 2026-09-13 22:16:57,822 ignn.models.IGNN:215] epoch:170/best:107, loss:1.1511, train:0.5689, valid:0.4079/best:0.4107, test:0.4517/best:0.4472
[I 2026-09-13 22:16:57,846 ignn.models.IGNN:215] epoch:171/best:107, loss:1.1274, train:0.5445, valid:0.4023/best:0.4107, test:0.4315/best:0.4472
[I 2026-09-13 22:16:57,870 ignn.models.IGNN:215] epoch:172/best:107, loss:1.1082, train:0.5342, valid:0.3938/best:0.4107, test:0.4337/best:0.4472
[I 2026-09-13 22:16:57,893 ignn.models.IGNN:215] epoch:173/best:107, loss:1.1377, train:0.5708, valid:0.4023/best:0.4107, test:0.4449/best:0.4472
[I 2026-09-13 22:16:57,916 ignn.models.IGNN:215] epoch:174/best:107, loss:1.1185, train:0.6007, valid:0.4065/best:0.4107, test:0.4584/best:0.4472
[I 2026-09-13 22:16:57,940 ignn.models.IGNN:215] epoch:175/best:107, loss:1.1269, train:0.6064, valid:0.4051/best:0.4107, test:0.4584/best:0.4472
[I 2026-09-13 22:16:57,963 ignn.models.IGNN:215] epoch:176/best:107, loss:1.1590, train:0.5689, valid:0.3994/best:0.4107, test:0.4472/best:0.4472
[I 2026-09-13 22:16:57,986 ignn.models.IGNN:215] epoch:177/best:107, loss:1.1210, train:0.5389, valid:0.3924/best:0.4107, test:0.4404/best:0.4472
[I 2026-09-13 22:16:58,009 ignn.models.IGNN:215] epoch:178/best:107, loss:1.1539, train:0.5351, valid:0.3994/best:0.4107, test:0.4427/best:0.4472
[I 2026-09-13 22:16:58,032 ignn.models.IGNN:215] epoch:179/best:107, loss:1.1287, train:0.5689, valid:0.3966/best:0.4107, test:0.4449/best:0.4472
[I 2026-09-13 22:16:58,056 ignn.models.IGNN:215] epoch:180/best:180, loss:1.1297, train:0.6036, valid:0.4121/best:0.4121, test:0.4607/best:0.4607
[I 2026-09-13 22:16:58,079 ignn.models.IGNN:215] epoch:181/best:180, loss:1.1272, train:0.5998, valid:0.4093/best:0.4121, test:0.4607/best:0.4607
[I 2026-09-13 22:16:58,102 ignn.models.IGNN:215] epoch:182/best:180, loss:1.1066, train:0.5886, valid:0.4008/best:0.4121, test:0.4539/best:0.4607
[I 2026-09-13 22:16:58,125 ignn.models.IGNN:215] epoch:183/best:180, loss:1.1174, train:0.5361, valid:0.4107/best:0.4121, test:0.4382/best:0.4607
[I 2026-09-13 22:16:58,149 ignn.models.IGNN:215] epoch:184/best:184, loss:1.1732, train:0.5370, valid:0.4121/best:0.4121, test:0.4449/best:0.4449
[I 2026-09-13 22:16:58,172 ignn.models.IGNN:215] epoch:185/best:184, loss:1.1280, train:0.5567, valid:0.4023/best:0.4121, test:0.4494/best:0.4449
[I 2026-09-13 22:16:58,195 ignn.models.IGNN:215] epoch:186/best:184, loss:1.1251, train:0.5933, valid:0.4107/best:0.4121, test:0.4629/best:0.4449
[I 2026-09-13 22:16:58,219 ignn.models.IGNN:215] epoch:187/best:184, loss:1.1120, train:0.6045, valid:0.4107/best:0.4121, test:0.4629/best:0.4449
[I 2026-09-13 22:16:58,241 ignn.models.IGNN:215] epoch:188/best:184, loss:1.1209, train:0.5839, valid:0.4079/best:0.4121, test:0.4539/best:0.4449
[I 2026-09-13 22:16:58,264 ignn.models.IGNN:215] epoch:189/best:184, loss:1.1212, train:0.5492, valid:0.4008/best:0.4121, test:0.4539/best:0.4449
[I 2026-09-13 22:16:58,287 ignn.models.IGNN:215] epoch:190/best:184, loss:1.1296, train:0.5117, valid:0.3924/best:0.4121, test:0.4292/best:0.4449
[I 2026-09-13 22:16:58,310 ignn.models.IGNN:215] epoch:191/best:184, loss:1.1239, train:0.5286, valid:0.4008/best:0.4121, test:0.4449/best:0.4449
[I 2026-09-13 22:16:58,333 ignn.models.IGNN:215] epoch:192/best:184, loss:1.1488, train:0.5895, valid:0.4079/best:0.4121, test:0.4517/best:0.4449
[I 2026-09-13 22:16:58,356 ignn.models.IGNN:215] epoch:193/best:184, loss:1.1237, train:0.5754, valid:0.4037/best:0.4121, test:0.4472/best:0.4449
[I 2026-09-13 22:16:58,379 ignn.models.IGNN:215] epoch:194/best:184, loss:1.1223, train:0.5248, valid:0.3980/best:0.4121, test:0.4382/best:0.4449
[I 2026-09-13 22:16:58,402 ignn.models.IGNN:215] epoch:195/best:184, loss:1.1161, train:0.5295, valid:0.3994/best:0.4121, test:0.4382/best:0.4449
[I 2026-09-13 22:16:58,425 ignn.models.IGNN:215] epoch:196/best:184, loss:1.1700, train:0.5708, valid:0.3952/best:0.4121, test:0.4449/best:0.4449
[I 2026-09-13 22:16:58,450 ignn.models.IGNN:215] epoch:197/best:197, loss:1.1397, train:0.6101, valid:0.4149/best:0.4149, test:0.4539/best:0.4539
[I 2026-09-13 22:16:58,474 ignn.models.IGNN:215] epoch:198/best:198, loss:1.1264, train:0.6092, valid:0.4163/best:0.4163, test:0.4539/best:0.4539
[I 2026-09-13 22:16:58,497 ignn.models.IGNN:215] epoch:199/best:198, loss:1.1242, train:0.5886, valid:0.4093/best:0.4163, test:0.4562/best:0.4539
[I 2026-09-13 22:16:58,520 ignn.models.IGNN:215] epoch:200/best:198, loss:1.1382, train:0.5417, valid:0.4023/best:0.4163, test:0.4449/best:0.4539
[I 2026-09-13 22:16:58,696 ignn.models.IGNN:215] epoch:201/best:198, loss:1.1208, train:0.4967, valid:0.3896/best:0.4163, test:0.4270/best:0.4539
[I 2026-09-13 22:16:58,719 ignn.models.IGNN:215] epoch:202/best:198, loss:1.1278, train:0.5239, valid:0.3980/best:0.4163, test:0.4382/best:0.4539
[I 2026-09-13 22:16:58,741 ignn.models.IGNN:215] epoch:203/best:198, loss:1.1039, train:0.5754, valid:0.4023/best:0.4163, test:0.4494/best:0.4539
[I 2026-09-13 22:16:58,765 ignn.models.IGNN:215] epoch:204/best:204, loss:1.1038, train:0.6101, valid:0.4191/best:0.4191, test:0.4652/best:0.4652
[I 2026-09-13 22:16:58,788 ignn.models.IGNN:215] epoch:205/best:204, loss:1.1107, train:0.6148, valid:0.4037/best:0.4191, test:0.4584/best:0.4652
[I 2026-09-13 22:16:58,811 ignn.models.IGNN:215] epoch:206/best:204, loss:1.1171, train:0.5989, valid:0.4163/best:0.4191, test:0.4562/best:0.4652
[I 2026-09-13 22:16:58,834 ignn.models.IGNN:215] epoch:207/best:204, loss:1.0971, train:0.5614, valid:0.4037/best:0.4191, test:0.4584/best:0.4652
[I 2026-09-13 22:16:58,857 ignn.models.IGNN:215] epoch:208/best:204, loss:1.1326, train:0.5389, valid:0.4051/best:0.4191, test:0.4494/best:0.4652
[I 2026-09-13 22:16:58,879 ignn.models.IGNN:215] epoch:209/best:204, loss:1.1070, train:0.5455, valid:0.4051/best:0.4191, test:0.4517/best:0.4652
[I 2026-09-13 22:16:58,902 ignn.models.IGNN:215] epoch:210/best:204, loss:1.0931, train:0.5726, valid:0.3994/best:0.4191, test:0.4697/best:0.4652
[I 2026-09-13 22:16:58,926 ignn.models.IGNN:215] epoch:211/best:211, loss:1.1091, train:0.6017, valid:0.4191/best:0.4191, test:0.4539/best:0.4539
[I 2026-09-13 22:16:58,949 ignn.models.IGNN:215] epoch:212/best:211, loss:1.0996, train:0.6111, valid:0.4149/best:0.4191, test:0.4472/best:0.4539
[I 2026-09-13 22:16:58,972 ignn.models.IGNN:215] epoch:213/best:211, loss:1.1587, train:0.5858, valid:0.4107/best:0.4191, test:0.4584/best:0.4539
[I 2026-09-13 22:16:58,995 ignn.models.IGNN:215] epoch:214/best:211, loss:1.1050, train:0.5426, valid:0.4079/best:0.4191, test:0.4427/best:0.4539
[I 2026-09-13 22:16:59,018 ignn.models.IGNN:215] epoch:215/best:211, loss:1.0984, train:0.5445, valid:0.4065/best:0.4191, test:0.4427/best:0.4539
[I 2026-09-13 22:16:59,041 ignn.models.IGNN:215] epoch:216/best:211, loss:1.1137, train:0.5679, valid:0.4037/best:0.4191, test:0.4539/best:0.4539
[I 2026-09-13 22:16:59,064 ignn.models.IGNN:215] epoch:217/best:211, loss:1.1061, train:0.5736, valid:0.3980/best:0.4191, test:0.4562/best:0.4539
[I 2026-09-13 22:16:59,086 ignn.models.IGNN:215] epoch:218/best:211, loss:1.0978, train:0.5933, valid:0.4023/best:0.4191, test:0.4584/best:0.4539
[I 2026-09-13 22:16:59,109 ignn.models.IGNN:215] epoch:219/best:211, loss:1.1219, train:0.5933, valid:0.3994/best:0.4191, test:0.4584/best:0.4539
[I 2026-09-13 22:16:59,132 ignn.models.IGNN:215] epoch:220/best:211, loss:1.1184, train:0.5829, valid:0.4008/best:0.4191, test:0.4494/best:0.4539
[I 2026-09-13 22:16:59,155 ignn.models.IGNN:215] epoch:221/best:211, loss:1.1223, train:0.5651, valid:0.4023/best:0.4191, test:0.4472/best:0.4539
[I 2026-09-13 22:16:59,178 ignn.models.IGNN:215] epoch:222/best:211, loss:1.1259, train:0.5858, valid:0.3994/best:0.4191, test:0.4562/best:0.4539
[I 2026-09-13 22:16:59,201 ignn.models.IGNN:215] epoch:223/best:211, loss:1.1144, train:0.5998, valid:0.4107/best:0.4191, test:0.4607/best:0.4539
[I 2026-09-13 22:16:59,226 ignn.models.IGNN:215] epoch:224/best:224, loss:1.0873, train:0.6186, valid:0.4205/best:0.4205, test:0.4584/best:0.4584
[I 2026-09-13 22:16:59,249 ignn.models.IGNN:215] epoch:225/best:224, loss:1.1022, train:0.6176, valid:0.4107/best:0.4205, test:0.4607/best:0.4584
[I 2026-09-13 22:16:59,271 ignn.models.IGNN:215] epoch:226/best:224, loss:1.1166, train:0.6036, valid:0.4093/best:0.4205, test:0.4652/best:0.4584
[I 2026-09-13 22:16:59,294 ignn.models.IGNN:215] epoch:227/best:224, loss:1.0757, train:0.5754, valid:0.4008/best:0.4205, test:0.4517/best:0.4584
[I 2026-09-13 22:16:59,317 ignn.models.IGNN:215] epoch:228/best:224, loss:1.1014, train:0.5492, valid:0.4008/best:0.4205, test:0.4517/best:0.4584
[I 2026-09-13 22:16:59,340 ignn.models.IGNN:215] epoch:229/best:224, loss:1.1149, train:0.5623, valid:0.3952/best:0.4205, test:0.4494/best:0.4584
[I 2026-09-13 22:16:59,363 ignn.models.IGNN:215] epoch:230/best:224, loss:1.0825, train:0.5933, valid:0.3910/best:0.4205, test:0.4449/best:0.4584
[I 2026-09-13 22:16:59,386 ignn.models.IGNN:215] epoch:231/best:224, loss:1.0663, train:0.6167, valid:0.4149/best:0.4205, test:0.4472/best:0.4584
[I 2026-09-13 22:16:59,408 ignn.models.IGNN:215] epoch:232/best:224, loss:1.0956, train:0.6026, valid:0.4163/best:0.4205, test:0.4449/best:0.4584
[I 2026-09-13 22:16:59,431 ignn.models.IGNN:215] epoch:233/best:224, loss:1.1098, train:0.5642, valid:0.3882/best:0.4205, test:0.4494/best:0.4584
[I 2026-09-13 22:16:59,454 ignn.models.IGNN:215] epoch:234/best:224, loss:1.1037, train:0.5473, valid:0.3783/best:0.4205, test:0.4427/best:0.4584
[I 2026-09-13 22:16:59,477 ignn.models.IGNN:215] epoch:235/best:224, loss:1.1180, train:0.5670, valid:0.3868/best:0.4205, test:0.4449/best:0.4584
[I 2026-09-13 22:16:59,654 ignn.models.IGNN:215] epoch:236/best:224, loss:1.1047, train:0.5792, valid:0.3896/best:0.4205, test:0.4517/best:0.4584
[I 2026-09-13 22:16:59,677 ignn.models.IGNN:215] epoch:237/best:224, loss:1.0846, train:0.6007, valid:0.4023/best:0.4205, test:0.4539/best:0.4584
[I 2026-09-13 22:16:59,700 ignn.models.IGNN:215] epoch:238/best:224, loss:1.1044, train:0.5970, valid:0.3980/best:0.4205, test:0.4539/best:0.4584
[I 2026-09-13 22:16:59,723 ignn.models.IGNN:215] epoch:239/best:224, loss:1.0725, train:0.5989, valid:0.3980/best:0.4205, test:0.4494/best:0.4584
[I 2026-09-13 22:16:59,746 ignn.models.IGNN:215] epoch:240/best:224, loss:1.1140, train:0.6101, valid:0.4065/best:0.4205, test:0.4584/best:0.4584
[I 2026-09-13 22:16:59,769 ignn.models.IGNN:215] epoch:241/best:224, loss:1.1293, train:0.5989, valid:0.4051/best:0.4205, test:0.4607/best:0.4584
[I 2026-09-13 22:16:59,792 ignn.models.IGNN:215] epoch:242/best:224, loss:1.1205, train:0.5679, valid:0.3882/best:0.4205, test:0.4517/best:0.4584
[I 2026-09-13 22:16:59,815 ignn.models.IGNN:215] epoch:243/best:224, loss:1.0993, train:0.5267, valid:0.3741/best:0.4205, test:0.4382/best:0.4584
[I 2026-09-13 22:16:59,838 ignn.models.IGNN:215] epoch:244/best:224, loss:1.1349, train:0.5351, valid:0.3629/best:0.4205, test:0.4360/best:0.4584
[I 2026-09-13 22:16:59,860 ignn.models.IGNN:215] epoch:245/best:224, loss:1.1495, train:0.5736, valid:0.3840/best:0.4205, test:0.4472/best:0.4584
[I 2026-09-13 22:16:59,883 ignn.models.IGNN:215] epoch:246/best:224, loss:1.0820, train:0.6223, valid:0.4107/best:0.4205, test:0.4562/best:0.4584
[I 2026-09-13 22:16:59,906 ignn.models.IGNN:215] epoch:247/best:224, loss:1.1348, train:0.6289, valid:0.4093/best:0.4205, test:0.4517/best:0.4584
[I 2026-09-13 22:16:59,929 ignn.models.IGNN:215] epoch:248/best:224, loss:1.1450, train:0.5961, valid:0.3924/best:0.4205, test:0.4517/best:0.4584
[I 2026-09-13 22:16:59,952 ignn.models.IGNN:215] epoch:249/best:224, loss:1.1095, train:0.5108, valid:0.3769/best:0.4205, test:0.4202/best:0.4584
[I 2026-09-13 22:16:59,975 ignn.models.IGNN:215] epoch:250/best:224, loss:1.1547, train:0.4845, valid:0.3755/best:0.4205, test:0.4135/best:0.4584
[I 2026-09-13 22:16:59,997 ignn.models.IGNN:215] epoch:251/best:224, loss:1.1459, train:0.5145, valid:0.3741/best:0.4205, test:0.4225/best:0.4584
[I 2026-09-13 22:17:00,020 ignn.models.IGNN:215] epoch:252/best:224, loss:1.1186, train:0.5745, valid:0.3826/best:0.4205, test:0.4404/best:0.4584
[I 2026-09-13 22:17:00,043 ignn.models.IGNN:215] epoch:253/best:224, loss:1.1074, train:0.6120, valid:0.4065/best:0.4205, test:0.4360/best:0.4584
[I 2026-09-13 22:17:00,066 ignn.models.IGNN:215] epoch:254/best:224, loss:1.1316, train:0.6232, valid:0.4065/best:0.4205, test:0.4472/best:0.4584
[I 2026-09-13 22:17:00,089 ignn.models.IGNN:215] epoch:255/best:224, loss:1.1388, train:0.5904, valid:0.3966/best:0.4205, test:0.4404/best:0.4584
[I 2026-09-13 22:17:00,112 ignn.models.IGNN:215] epoch:256/best:224, loss:1.1212, train:0.5436, valid:0.3854/best:0.4205, test:0.4427/best:0.4584
[I 2026-09-13 22:17:00,135 ignn.models.IGNN:215] epoch:257/best:224, loss:1.0985, train:0.5098, valid:0.3783/best:0.4205, test:0.4247/best:0.4584
[I 2026-09-13 22:17:00,158 ignn.models.IGNN:215] epoch:258/best:224, loss:1.1248, train:0.5136, valid:0.3797/best:0.4205, test:0.4292/best:0.4584
[I 2026-09-13 22:17:00,180 ignn.models.IGNN:215] epoch:259/best:224, loss:1.1270, train:0.5623, valid:0.3882/best:0.4205, test:0.4360/best:0.4584
[I 2026-09-13 22:17:00,203 ignn.models.IGNN:215] epoch:260/best:224, loss:1.1018, train:0.5979, valid:0.3966/best:0.4205, test:0.4427/best:0.4584
[I 2026-09-13 22:17:00,226 ignn.models.IGNN:215] epoch:261/best:224, loss:1.1227, train:0.6157, valid:0.4051/best:0.4205, test:0.4494/best:0.4584
[I 2026-09-13 22:17:00,249 ignn.models.IGNN:215] epoch:262/best:224, loss:1.1105, train:0.6186, valid:0.4093/best:0.4205, test:0.4517/best:0.4584
[I 2026-09-13 22:17:00,272 ignn.models.IGNN:215] epoch:263/best:224, loss:1.1185, train:0.5904, valid:0.3910/best:0.4205, test:0.4404/best:0.4584
[I 2026-09-13 22:17:00,295 ignn.models.IGNN:215] epoch:264/best:224, loss:1.1105, train:0.5726, valid:0.3797/best:0.4205, test:0.4292/best:0.4584
[I 2026-09-13 22:17:00,317 ignn.models.IGNN:215] epoch:265/best:224, loss:1.0921, train:0.5548, valid:0.3783/best:0.4205, test:0.4449/best:0.4584
[I 2026-09-13 22:17:00,340 ignn.models.IGNN:215] epoch:266/best:224, loss:1.1282, train:0.5586, valid:0.3854/best:0.4205, test:0.4539/best:0.4584
[I 2026-09-13 22:17:00,363 ignn.models.IGNN:215] epoch:267/best:224, loss:1.1229, train:0.5942, valid:0.3980/best:0.4205, test:0.4449/best:0.4584
[I 2026-09-13 22:17:00,386 ignn.models.IGNN:215] epoch:268/best:224, loss:1.0821, train:0.6176, valid:0.4135/best:0.4205, test:0.4607/best:0.4584
[I 2026-09-13 22:17:00,409 ignn.models.IGNN:215] epoch:269/best:224, loss:1.0781, train:0.6232, valid:0.4135/best:0.4205, test:0.4652/best:0.4584
[I 2026-09-13 22:17:00,431 ignn.models.IGNN:215] epoch:270/best:224, loss:1.1195, train:0.6148, valid:0.4135/best:0.4205, test:0.4607/best:0.4584
[I 2026-09-13 22:17:00,454 ignn.models.IGNN:215] epoch:271/best:224, loss:1.0733, train:0.5801, valid:0.3938/best:0.4205, test:0.4449/best:0.4584
[I 2026-09-13 22:17:00,630 ignn.models.IGNN:215] epoch:272/best:224, loss:1.0896, train:0.5633, valid:0.3924/best:0.4205, test:0.4539/best:0.4584
[I 2026-09-13 22:17:00,653 ignn.models.IGNN:215] epoch:273/best:224, loss:1.1098, train:0.5764, valid:0.4023/best:0.4205, test:0.4517/best:0.4584
[I 2026-09-13 22:17:00,676 ignn.models.IGNN:215] epoch:274/best:224, loss:1.0831, train:0.6251, valid:0.4149/best:0.4205, test:0.4607/best:0.4584
[I 2026-09-13 22:17:00,699 ignn.models.IGNN:215] epoch:275/best:224, loss:1.0588, train:0.6420, valid:0.3994/best:0.4205, test:0.4539/best:0.4584
[I 2026-09-13 22:17:00,722 ignn.models.IGNN:215] epoch:276/best:224, loss:1.1123, train:0.6514, valid:0.3980/best:0.4205, test:0.4517/best:0.4584
[I 2026-09-13 22:17:00,745 ignn.models.IGNN:215] epoch:277/best:224, loss:1.1082, train:0.6270, valid:0.4093/best:0.4205, test:0.4562/best:0.4584
[I 2026-09-13 22:17:00,767 ignn.models.IGNN:215] epoch:278/best:224, loss:1.1177, train:0.6082, valid:0.3994/best:0.4205, test:0.4539/best:0.4584
[I 2026-09-13 22:17:00,790 ignn.models.IGNN:215] epoch:279/best:224, loss:1.1056, train:0.5895, valid:0.3980/best:0.4205, test:0.4517/best:0.4584
[I 2026-09-13 22:17:00,813 ignn.models.IGNN:215] epoch:280/best:224, loss:1.0889, train:0.5895, valid:0.3994/best:0.4205, test:0.4494/best:0.4584
[I 2026-09-13 22:17:00,836 ignn.models.IGNN:215] epoch:281/best:224, loss:1.0853, train:0.5942, valid:0.3952/best:0.4205, test:0.4472/best:0.4584
[I 2026-09-13 22:17:00,859 ignn.models.IGNN:215] epoch:282/best:224, loss:1.0857, train:0.6279, valid:0.4065/best:0.4205, test:0.4539/best:0.4584
[I 2026-09-13 22:17:00,881 ignn.models.IGNN:215] epoch:283/best:224, loss:1.1186, train:0.6336, valid:0.4065/best:0.4205, test:0.4517/best:0.4584
[I 2026-09-13 22:17:00,904 ignn.models.IGNN:215] epoch:284/best:224, loss:1.1093, train:0.6214, valid:0.4093/best:0.4205, test:0.4494/best:0.4584
[I 2026-09-13 22:17:00,927 ignn.models.IGNN:215] epoch:285/best:224, loss:1.1016, train:0.6073, valid:0.3952/best:0.4205, test:0.4472/best:0.4584
[I 2026-09-13 22:17:00,950 ignn.models.IGNN:215] epoch:286/best:224, loss:1.1193, train:0.5876, valid:0.3938/best:0.4205, test:0.4562/best:0.4584
[I 2026-09-13 22:17:00,973 ignn.models.IGNN:215] epoch:287/best:224, loss:1.0906, train:0.5801, valid:0.3938/best:0.4205, test:0.4494/best:0.4584
[I 2026-09-13 22:17:00,995 ignn.models.IGNN:215] epoch:288/best:224, loss:1.1062, train:0.5998, valid:0.3966/best:0.4205, test:0.4562/best:0.4584
[I 2026-09-13 22:17:01,018 ignn.models.IGNN:215] epoch:289/best:224, loss:1.1033, train:0.6129, valid:0.4051/best:0.4205, test:0.4472/best:0.4584
[I 2026-09-13 22:17:01,041 ignn.models.IGNN:215] epoch:290/best:224, loss:1.0987, train:0.6111, valid:0.4037/best:0.4205, test:0.4427/best:0.4584
[I 2026-09-13 22:17:01,064 ignn.models.IGNN:215] epoch:291/best:224, loss:1.1015, train:0.5933, valid:0.3966/best:0.4205, test:0.4517/best:0.4584
[I 2026-09-13 22:17:01,087 ignn.models.IGNN:215] epoch:292/best:224, loss:1.1217, train:0.5651, valid:0.3924/best:0.4205, test:0.4449/best:0.4584
[I 2026-09-13 22:17:01,110 ignn.models.IGNN:215] epoch:293/best:224, loss:1.1106, train:0.5595, valid:0.3896/best:0.4205, test:0.4449/best:0.4584
[I 2026-09-13 22:17:01,133 ignn.models.IGNN:215] epoch:294/best:224, loss:1.0911, train:0.5633, valid:0.3924/best:0.4205, test:0.4472/best:0.4584
[I 2026-09-13 22:17:01,156 ignn.models.IGNN:215] epoch:295/best:224, loss:1.1016, train:0.5895, valid:0.3938/best:0.4205, test:0.4472/best:0.4584
[I 2026-09-13 22:17:01,178 ignn.models.IGNN:215] epoch:296/best:224, loss:1.1141, train:0.5942, valid:0.3994/best:0.4205, test:0.4539/best:0.4584
[I 2026-09-13 22:17:01,201 ignn.models.IGNN:215] epoch:297/best:224, loss:1.0955, train:0.6129, valid:0.4008/best:0.4205, test:0.4607/best:0.4584
[I 2026-09-13 22:17:01,224 ignn.models.IGNN:215] epoch:298/best:224, loss:1.0553, train:0.6223, valid:0.4135/best:0.4205, test:0.4584/best:0.4584
[I 2026-09-13 22:17:01,247 ignn.models.IGNN:215] epoch:299/best:224, loss:1.1097, train:0.6111, valid:0.4065/best:0.4205, test:0.4584/best:0.4584
[I 2026-09-13 22:17:01,270 ignn.models.IGNN:215] epoch:300/best:224, loss:1.0755, train:0.5783, valid:0.3952/best:0.4205, test:0.4382/best:0.4584
[I 2026-09-13 22:17:01,292 ignn.models.IGNN:215] epoch:301/best:224, loss:1.0980, train:0.5783, valid:0.3938/best:0.4205, test:0.4382/best:0.4584
[I 2026-09-13 22:17:01,315 ignn.models.IGNN:215] epoch:302/best:224, loss:1.0608, train:0.5886, valid:0.3994/best:0.4205, test:0.4427/best:0.4584
[I 2026-09-13 22:17:01,338 ignn.models.IGNN:215] epoch:303/best:224, loss:1.0683, train:0.6073, valid:0.4037/best:0.4205, test:0.4472/best:0.4584
[I 2026-09-13 22:17:01,361 ignn.models.IGNN:215] epoch:304/best:224, loss:1.1232, train:0.6242, valid:0.3980/best:0.4205, test:0.4494/best:0.4584
[I 2026-09-13 22:17:01,384 ignn.models.IGNN:215] epoch:305/best:224, loss:1.0989, train:0.6354, valid:0.3966/best:0.4205, test:0.4494/best:0.4584
[I 2026-09-13 22:17:01,406 ignn.models.IGNN:215] epoch:306/best:224, loss:1.0598, train:0.6401, valid:0.3980/best:0.4205, test:0.4494/best:0.4584
[I 2026-09-13 22:17:01,429 ignn.models.IGNN:215] epoch:307/best:224, loss:1.0837, train:0.6401, valid:0.3980/best:0.4205, test:0.4472/best:0.4584
[I 2026-09-13 22:17:01,605 ignn.models.IGNN:215] epoch:308/best:224, loss:1.0876, train:0.6298, valid:0.3980/best:0.4205, test:0.4472/best:0.4584
[I 2026-09-13 22:17:01,629 ignn.models.IGNN:215] epoch:309/best:224, loss:1.1125, train:0.6167, valid:0.3994/best:0.4205, test:0.4404/best:0.4584
[I 2026-09-13 22:17:01,652 ignn.models.IGNN:215] epoch:310/best:224, loss:1.0818, train:0.5811, valid:0.3924/best:0.4205, test:0.4360/best:0.4584
[I 2026-09-13 22:17:01,675 ignn.models.IGNN:215] epoch:311/best:224, loss:1.0850, train:0.6082, valid:0.4051/best:0.4205, test:0.4427/best:0.4584
[I 2026-09-13 22:17:01,698 ignn.models.IGNN:215] epoch:312/best:224, loss:1.0797, train:0.6382, valid:0.3966/best:0.4205, test:0.4562/best:0.4584
[I 2026-09-13 22:17:01,721 ignn.models.IGNN:215] epoch:313/best:224, loss:1.0744, train:0.6336, valid:0.4037/best:0.4205, test:0.4472/best:0.4584
[I 2026-09-13 22:17:01,743 ignn.models.IGNN:215] epoch:314/best:224, loss:1.1039, train:0.6317, valid:0.3980/best:0.4205, test:0.4562/best:0.4584
[I 2026-09-13 22:17:01,766 ignn.models.IGNN:215] epoch:315/best:224, loss:1.0765, train:0.6289, valid:0.4023/best:0.4205, test:0.4427/best:0.4584
[I 2026-09-13 22:17:01,789 ignn.models.IGNN:215] epoch:316/best:224, loss:1.0691, train:0.5820, valid:0.3882/best:0.4205, test:0.4337/best:0.4584
[I 2026-09-13 22:17:01,812 ignn.models.IGNN:215] epoch:317/best:224, loss:1.0716, train:0.5820, valid:0.3769/best:0.4205, test:0.4315/best:0.4584
[I 2026-09-13 22:17:01,835 ignn.models.IGNN:215] epoch:318/best:224, loss:1.1020, train:0.5989, valid:0.3797/best:0.4205, test:0.4337/best:0.4584
[I 2026-09-13 22:17:01,857 ignn.models.IGNN:215] epoch:319/best:224, loss:1.1070, train:0.6307, valid:0.3994/best:0.4205, test:0.4449/best:0.4584
[I 2026-09-13 22:17:01,880 ignn.models.IGNN:215] epoch:320/best:224, loss:1.0590, train:0.6382, valid:0.4023/best:0.4205, test:0.4427/best:0.4584
[I 2026-09-13 22:17:01,903 ignn.models.IGNN:215] epoch:321/best:224, loss:1.1147, train:0.6298, valid:0.3980/best:0.4205, test:0.4382/best:0.4584
[I 2026-09-13 22:17:01,926 ignn.models.IGNN:215] epoch:322/best:224, loss:1.1387, train:0.5923, valid:0.3952/best:0.4205, test:0.4315/best:0.4584
[I 2026-09-13 22:17:01,949 ignn.models.IGNN:215] epoch:323/best:224, loss:1.0363, train:0.5633, valid:0.3868/best:0.4205, test:0.4270/best:0.4584
[I 2026-09-13 22:17:01,972 ignn.models.IGNN:215] epoch:324/best:224, loss:1.0967, train:0.5604, valid:0.3826/best:0.4205, test:0.4202/best:0.4584
[I 2026-09-13 22:17:01,995 ignn.models.IGNN:215] epoch:325/best:224, loss:1.0753, train:0.5689, valid:0.3882/best:0.4205, test:0.4180/best:0.4584
[I 2026-09-13 22:17:02,018 ignn.models.IGNN:215] epoch:326/best:224, loss:1.0885, train:0.5783, valid:0.3854/best:0.4205, test:0.4270/best:0.4584
[I 2026-09-13 22:17:02,040 ignn.models.IGNN:215] epoch:327/best:224, loss:1.0801, train:0.5848, valid:0.3882/best:0.4205, test:0.4292/best:0.4584
[I 2026-09-13 22:17:02,063 ignn.models.IGNN:215] epoch:328/best:224, loss:1.0782, train:0.5886, valid:0.3882/best:0.4205, test:0.4292/best:0.4584
[I 2026-09-13 22:17:02,087 ignn.models.IGNN:215] epoch:329/best:224, loss:1.0755, train:0.5858, valid:0.3854/best:0.4205, test:0.4315/best:0.4584
[I 2026-09-13 22:17:02,110 ignn.models.IGNN:215] epoch:330/best:224, loss:1.0687, train:0.5717, valid:0.3840/best:0.4205, test:0.4315/best:0.4584
[I 2026-09-13 22:17:02,133 ignn.models.IGNN:215] epoch:331/best:224, loss:1.1067, train:0.5933, valid:0.3854/best:0.4205, test:0.4360/best:0.4584
[I 2026-09-13 22:17:02,156 ignn.models.IGNN:215] epoch:332/best:224, loss:1.1119, train:0.6214, valid:0.3980/best:0.4205, test:0.4382/best:0.4584
[I 2026-09-13 22:17:02,179 ignn.models.IGNN:215] epoch:333/best:224, loss:1.0672, train:0.6298, valid:0.4008/best:0.4205, test:0.4404/best:0.4584
[I 2026-09-13 22:17:02,201 ignn.models.IGNN:215] epoch:334/best:224, loss:1.1052, train:0.6111, valid:0.3994/best:0.4205, test:0.4382/best:0.4584
[I 2026-09-13 22:17:02,224 ignn.models.IGNN:215] epoch:335/best:224, loss:1.0785, train:0.5820, valid:0.3826/best:0.4205, test:0.4337/best:0.4584
[I 2026-09-13 22:17:02,247 ignn.models.IGNN:215] epoch:336/best:224, loss:1.0640, train:0.5576, valid:0.3840/best:0.4205, test:0.4360/best:0.4584
[I 2026-09-13 22:17:02,270 ignn.models.IGNN:215] epoch:337/best:224, loss:1.0884, train:0.5764, valid:0.3896/best:0.4205, test:0.4270/best:0.4584
[I 2026-09-13 22:17:02,293 ignn.models.IGNN:215] epoch:338/best:224, loss:1.0674, train:0.6036, valid:0.3882/best:0.4205, test:0.4337/best:0.4584
[I 2026-09-13 22:17:02,315 ignn.models.IGNN:215] epoch:339/best:224, loss:1.0742, train:0.6251, valid:0.4051/best:0.4205, test:0.4517/best:0.4584
[I 2026-09-13 22:17:02,338 ignn.models.IGNN:215] epoch:340/best:224, loss:1.0969, train:0.6242, valid:0.4051/best:0.4205, test:0.4472/best:0.4584
[I 2026-09-13 22:17:02,361 ignn.models.IGNN:215] epoch:341/best:224, loss:1.0708, train:0.5904, valid:0.3910/best:0.4205, test:0.4404/best:0.4584
[I 2026-09-13 22:17:02,384 ignn.models.IGNN:215] epoch:342/best:224, loss:1.1023, train:0.5876, valid:0.3826/best:0.4205, test:0.4337/best:0.4584
[I 2026-09-13 22:17:02,407 ignn.models.IGNN:215] epoch:343/best:224, loss:1.0634, train:0.6111, valid:0.3882/best:0.4205, test:0.4360/best:0.4584
[I 2026-09-13 22:17:02,581 ignn.models.IGNN:215] epoch:344/best:224, loss:1.0876, train:0.6354, valid:0.4008/best:0.4205, test:0.4472/best:0.4584
[I 2026-09-13 22:17:02,607 ignn.models.IGNN:215] epoch:345/best:224, loss:1.0822, train:0.6439, valid:0.3994/best:0.4205, test:0.4360/best:0.4584
[I 2026-09-13 22:17:02,630 ignn.models.IGNN:215] epoch:346/best:224, loss:1.0750, train:0.6251, valid:0.4023/best:0.4205, test:0.4404/best:0.4584
[I 2026-09-13 22:17:02,653 ignn.models.IGNN:215] epoch:347/best:224, loss:1.0745, train:0.6186, valid:0.3938/best:0.4205, test:0.4360/best:0.4584
[I 2026-09-13 22:17:02,676 ignn.models.IGNN:215] epoch:348/best:224, loss:1.0676, train:0.6214, valid:0.3994/best:0.4205, test:0.4382/best:0.4584
[I 2026-09-13 22:17:02,698 ignn.models.IGNN:215] epoch:349/best:224, loss:1.0732, train:0.6242, valid:0.4051/best:0.4205, test:0.4337/best:0.4584
[I 2026-09-13 22:17:02,721 ignn.models.IGNN:215] epoch:350/best:224, loss:1.0628, train:0.6232, valid:0.4093/best:0.4205, test:0.4292/best:0.4584
[I 2026-09-13 22:17:02,744 ignn.models.IGNN:215] epoch:351/best:224, loss:1.0679, train:0.6270, valid:0.4065/best:0.4205, test:0.4382/best:0.4584
[I 2026-09-13 22:17:02,767 ignn.models.IGNN:215] epoch:352/best:224, loss:1.0740, train:0.6410, valid:0.4008/best:0.4205, test:0.4382/best:0.4584
[I 2026-09-13 22:17:02,790 ignn.models.IGNN:215] epoch:353/best:224, loss:1.0704, train:0.6420, valid:0.4037/best:0.4205, test:0.4360/best:0.4584
[I 2026-09-13 22:17:02,813 ignn.models.IGNN:215] epoch:354/best:224, loss:1.1198, train:0.6410, valid:0.4023/best:0.4205, test:0.4315/best:0.4584
[I 2026-09-13 22:17:02,836 ignn.models.IGNN:215] epoch:355/best:224, loss:1.0889, train:0.6261, valid:0.4037/best:0.4205, test:0.4315/best:0.4584
[I 2026-09-13 22:17:02,859 ignn.models.IGNN:215] epoch:356/best:224, loss:1.0951, train:0.6242, valid:0.4008/best:0.4205, test:0.4270/best:0.4584
[I 2026-09-13 22:17:02,881 ignn.models.IGNN:215] epoch:357/best:224, loss:1.0643, train:0.6420, valid:0.4037/best:0.4205, test:0.4404/best:0.4584
[I 2026-09-13 22:17:02,904 ignn.models.IGNN:215] epoch:358/best:224, loss:1.0830, train:0.6354, valid:0.4065/best:0.4205, test:0.4315/best:0.4584
[I 2026-09-13 22:17:02,927 ignn.models.IGNN:215] epoch:359/best:224, loss:1.0692, train:0.6345, valid:0.4023/best:0.4205, test:0.4337/best:0.4584
[I 2026-09-13 22:17:02,950 ignn.models.IGNN:215] epoch:360/best:224, loss:1.0501, train:0.6317, valid:0.4037/best:0.4205, test:0.4360/best:0.4584
[I 2026-09-13 22:17:02,973 ignn.models.IGNN:215] epoch:361/best:224, loss:1.0904, train:0.6326, valid:0.4051/best:0.4205, test:0.4360/best:0.4584
[I 2026-09-13 22:17:02,996 ignn.models.IGNN:215] epoch:362/best:224, loss:1.0504, train:0.6401, valid:0.4008/best:0.4205, test:0.4337/best:0.4584
[I 2026-09-13 22:17:03,018 ignn.models.IGNN:215] epoch:363/best:224, loss:1.0903, train:0.6298, valid:0.3994/best:0.4205, test:0.4472/best:0.4584
[I 2026-09-13 22:17:03,041 ignn.models.IGNN:215] epoch:364/best:224, loss:1.0705, train:0.6064, valid:0.3966/best:0.4205, test:0.4404/best:0.4584
[I 2026-09-13 22:17:03,064 ignn.models.IGNN:215] epoch:365/best:224, loss:1.0701, train:0.5998, valid:0.3966/best:0.4205, test:0.4404/best:0.4584
[I 2026-09-13 22:17:03,087 ignn.models.IGNN:215] epoch:366/best:224, loss:1.1049, train:0.6251, valid:0.4008/best:0.4205, test:0.4404/best:0.4584
[I 2026-09-13 22:17:03,110 ignn.models.IGNN:215] epoch:367/best:224, loss:1.0942, train:0.6279, valid:0.4065/best:0.4205, test:0.4337/best:0.4584
[I 2026-09-13 22:17:03,133 ignn.models.IGNN:215] epoch:368/best:224, loss:1.0819, train:0.6392, valid:0.4149/best:0.4205, test:0.4427/best:0.4584
[I 2026-09-13 22:17:03,156 ignn.models.IGNN:215] epoch:369/best:224, loss:1.0709, train:0.6326, valid:0.4093/best:0.4205, test:0.4382/best:0.4584
[I 2026-09-13 22:17:03,179 ignn.models.IGNN:215] epoch:370/best:224, loss:1.0736, train:0.6129, valid:0.3938/best:0.4205, test:0.4449/best:0.4584
[I 2026-09-13 22:17:03,201 ignn.models.IGNN:215] epoch:371/best:224, loss:1.0653, train:0.5745, valid:0.3826/best:0.4205, test:0.4270/best:0.4584
[I 2026-09-13 22:17:03,224 ignn.models.IGNN:215] epoch:372/best:224, loss:1.0859, train:0.5858, valid:0.3826/best:0.4205, test:0.4382/best:0.4584
[I 2026-09-13 22:17:03,247 ignn.models.IGNN:215] epoch:373/best:224, loss:1.0614, train:0.6223, valid:0.4023/best:0.4205, test:0.4472/best:0.4584
[I 2026-09-13 22:17:03,270 ignn.models.IGNN:215] epoch:374/best:224, loss:1.0970, train:0.6429, valid:0.3994/best:0.4205, test:0.4539/best:0.4584
[I 2026-09-13 22:17:03,293 ignn.models.IGNN:215] epoch:375/best:224, loss:1.0860, train:0.6485, valid:0.3854/best:0.4205, test:0.4404/best:0.4584
[I 2026-09-13 22:17:03,315 ignn.models.IGNN:215] epoch:376/best:224, loss:1.0695, train:0.6570, valid:0.3910/best:0.4205, test:0.4427/best:0.4584
[I 2026-09-13 22:17:03,338 ignn.models.IGNN:215] epoch:377/best:224, loss:1.1100, train:0.6364, valid:0.3924/best:0.4205, test:0.4360/best:0.4584
[I 2026-09-13 22:17:03,361 ignn.models.IGNN:215] epoch:378/best:224, loss:1.0729, train:0.5904, valid:0.3671/best:0.4205, test:0.4360/best:0.4584
[I 2026-09-13 22:17:03,384 ignn.models.IGNN:215] epoch:379/best:224, loss:1.0903, train:0.5801, valid:0.3657/best:0.4205, test:0.4315/best:0.4584
[I 2026-09-13 22:17:03,562 ignn.models.IGNN:215] epoch:380/best:224, loss:1.0800, train:0.6186, valid:0.3812/best:0.4205, test:0.4382/best:0.4584
[I 2026-09-13 22:17:03,585 ignn.models.IGNN:215] epoch:381/best:224, loss:1.0600, train:0.6439, valid:0.4008/best:0.4205, test:0.4360/best:0.4584
[I 2026-09-13 22:17:03,608 ignn.models.IGNN:215] epoch:382/best:224, loss:1.0642, train:0.6448, valid:0.3952/best:0.4205, test:0.4472/best:0.4584
[I 2026-09-13 22:17:03,631 ignn.models.IGNN:215] epoch:383/best:224, loss:1.0878, train:0.6204, valid:0.4037/best:0.4205, test:0.4427/best:0.4584
[I 2026-09-13 22:17:03,654 ignn.models.IGNN:215] epoch:384/best:224, loss:1.0823, train:0.5933, valid:0.3910/best:0.4205, test:0.4382/best:0.4584
[I 2026-09-13 22:17:03,677 ignn.models.IGNN:215] epoch:385/best:224, loss:1.0744, train:0.6045, valid:0.3924/best:0.4205, test:0.4404/best:0.4584
[I 2026-09-13 22:17:03,700 ignn.models.IGNN:215] epoch:386/best:224, loss:1.0789, train:0.6279, valid:0.4065/best:0.4205, test:0.4449/best:0.4584
[I 2026-09-13 22:17:03,723 ignn.models.IGNN:215] epoch:387/best:224, loss:1.0781, train:0.6476, valid:0.3980/best:0.4205, test:0.4472/best:0.4584
[I 2026-09-13 22:17:03,746 ignn.models.IGNN:215] epoch:388/best:224, loss:1.0738, train:0.6439, valid:0.3952/best:0.4205, test:0.4337/best:0.4584
[I 2026-09-13 22:17:03,768 ignn.models.IGNN:215] epoch:389/best:224, loss:1.0677, train:0.6279, valid:0.3938/best:0.4205, test:0.4404/best:0.4584
[I 2026-09-13 22:17:03,791 ignn.models.IGNN:215] epoch:390/best:224, loss:1.0725, train:0.5829, valid:0.3797/best:0.4205, test:0.4292/best:0.4584
[I 2026-09-13 22:17:03,814 ignn.models.IGNN:215] epoch:391/best:224, loss:1.0942, train:0.6017, valid:0.3783/best:0.4205, test:0.4337/best:0.4584
[I 2026-09-13 22:17:03,837 ignn.models.IGNN:215] epoch:392/best:224, loss:1.0555, train:0.6298, valid:0.3980/best:0.4205, test:0.4404/best:0.4584
[I 2026-09-13 22:17:03,860 ignn.models.IGNN:215] epoch:393/best:224, loss:1.0695, train:0.6289, valid:0.3952/best:0.4205, test:0.4472/best:0.4584
[I 2026-09-13 22:17:03,883 ignn.models.IGNN:215] epoch:394/best:224, loss:1.0600, train:0.6317, valid:0.3966/best:0.4205, test:0.4472/best:0.4584
[I 2026-09-13 22:17:03,905 ignn.models.IGNN:215] epoch:395/best:224, loss:1.0752, train:0.6289, valid:0.3980/best:0.4205, test:0.4427/best:0.4584
[I 2026-09-13 22:17:03,928 ignn.models.IGNN:215] epoch:396/best:224, loss:1.0825, train:0.6279, valid:0.3896/best:0.4205, test:0.4382/best:0.4584
[I 2026-09-13 22:17:03,951 ignn.models.IGNN:215] epoch:397/best:224, loss:1.0672, train:0.6261, valid:0.3854/best:0.4205, test:0.4382/best:0.4584
[I 2026-09-13 22:17:03,974 ignn.models.IGNN:215] epoch:398/best:224, loss:1.0510, train:0.6317, valid:0.3868/best:0.4205, test:0.4382/best:0.4584
[I 2026-09-13 22:17:03,997 ignn.models.IGNN:215] epoch:399/best:224, loss:1.0722, train:0.6326, valid:0.3826/best:0.4205, test:0.4382/best:0.4584
[I 2026-09-13 22:17:04,020 ignn.models.IGNN:215] epoch:400/best:224, loss:1.0547, train:0.6392, valid:0.3924/best:0.4205, test:0.4337/best:0.4584
[I 2026-09-13 22:17:04,043 ignn.models.IGNN:215] epoch:401/best:224, loss:1.0947, train:0.6129, valid:0.3896/best:0.4205, test:0.4382/best:0.4584
[I 2026-09-13 22:17:04,066 ignn.models.IGNN:215] epoch:402/best:224, loss:1.0397, train:0.5970, valid:0.3896/best:0.4205, test:0.4382/best:0.4584
[I 2026-09-13 22:17:04,089 ignn.models.IGNN:215] epoch:403/best:224, loss:1.0960, train:0.6026, valid:0.3924/best:0.4205, test:0.4427/best:0.4584
[I 2026-09-13 22:17:04,111 ignn.models.IGNN:215] epoch:404/best:224, loss:1.0674, train:0.6129, valid:0.3868/best:0.4205, test:0.4472/best:0.4584
[I 2026-09-13 22:17:04,134 ignn.models.IGNN:215] epoch:405/best:224, loss:1.0520, train:0.6167, valid:0.3854/best:0.4205, test:0.4517/best:0.4584
[I 2026-09-13 22:17:04,157 ignn.models.IGNN:215] epoch:406/best:224, loss:1.0944, train:0.6354, valid:0.4008/best:0.4205, test:0.4382/best:0.4584
[I 2026-09-13 22:17:04,180 ignn.models.IGNN:215] epoch:407/best:224, loss:1.0670, train:0.6476, valid:0.3966/best:0.4205, test:0.4494/best:0.4584
[I 2026-09-13 22:17:04,203 ignn.models.IGNN:215] epoch:408/best:224, loss:1.1231, train:0.6504, valid:0.3994/best:0.4205, test:0.4427/best:0.4584
[I 2026-09-13 22:17:04,226 ignn.models.IGNN:215] epoch:409/best:224, loss:1.0953, train:0.6373, valid:0.3938/best:0.4205, test:0.4382/best:0.4584
[I 2026-09-13 22:17:04,248 ignn.models.IGNN:215] epoch:410/best:224, loss:1.0308, train:0.6186, valid:0.3755/best:0.4205, test:0.4404/best:0.4584
[I 2026-09-13 22:17:04,271 ignn.models.IGNN:215] epoch:411/best:224, loss:1.0572, train:0.5811, valid:0.3755/best:0.4205, test:0.4270/best:0.4584
[I 2026-09-13 22:17:04,294 ignn.models.IGNN:215] epoch:412/best:224, loss:1.0629, train:0.5726, valid:0.3812/best:0.4205, test:0.4225/best:0.4584
[I 2026-09-13 22:17:04,317 ignn.models.IGNN:215] epoch:413/best:224, loss:1.0766, train:0.6036, valid:0.3868/best:0.4205, test:0.4494/best:0.4584
[I 2026-09-13 22:17:04,340 ignn.models.IGNN:215] epoch:414/best:224, loss:1.0614, train:0.6373, valid:0.4023/best:0.4205, test:0.4449/best:0.4584
[I 2026-09-13 22:17:04,362 ignn.models.IGNN:215] epoch:415/best:224, loss:1.0411, train:0.6429, valid:0.3938/best:0.4205, test:0.4494/best:0.4584
[I 2026-09-13 22:17:04,538 ignn.models.IGNN:215] epoch:416/best:224, loss:1.0768, train:0.6223, valid:0.3910/best:0.4205, test:0.4404/best:0.4584
[I 2026-09-13 22:17:04,561 ignn.models.IGNN:215] epoch:417/best:224, loss:1.0511, train:0.5839, valid:0.3783/best:0.4205, test:0.4315/best:0.4584
[I 2026-09-13 22:17:04,584 ignn.models.IGNN:215] epoch:418/best:224, loss:1.0367, train:0.5698, valid:0.3769/best:0.4205, test:0.4135/best:0.4584
[I 2026-09-13 22:17:04,607 ignn.models.IGNN:215] epoch:419/best:224, loss:1.1040, train:0.5989, valid:0.3783/best:0.4205, test:0.4202/best:0.4584
[I 2026-09-13 22:17:04,630 ignn.models.IGNN:215] epoch:420/best:224, loss:1.0569, train:0.6242, valid:0.3896/best:0.4205, test:0.4292/best:0.4584
[I 2026-09-13 22:17:04,653 ignn.models.IGNN:215] epoch:421/best:224, loss:1.0563, train:0.6364, valid:0.3924/best:0.4205, test:0.4315/best:0.4584
[I 2026-09-13 22:17:04,676 ignn.models.IGNN:215] epoch:422/best:224, loss:1.0689, train:0.6439, valid:0.3882/best:0.4205, test:0.4292/best:0.4584
[I 2026-09-13 22:17:04,698 ignn.models.IGNN:215] epoch:423/best:224, loss:1.0700, train:0.6307, valid:0.3980/best:0.4205, test:0.4427/best:0.4584
[I 2026-09-13 22:17:04,721 ignn.models.IGNN:215] epoch:424/best:224, loss:1.0506, train:0.6092, valid:0.3840/best:0.4205, test:0.4270/best:0.4584
[I 2026-09-13 22:17:04,721 ignn.models.IGNN:222] Early Stopping! Best Epoch: 224, best val acc: 0.4205, test acc: 0.4584
[I 2026-09-13 22:17:04,722 ignn.models.IGNN:234] 10 epoch cost: 0.2743s.
[I 2026-09-13 22:17:04,734 __main__:210] squirrel_critical 8 res: 0.4584269662921348


[I 2026-09-13 22:17:04,771 ignn.models.IGNN:215] epoch:0/best:0, loss:1.6249, train:0.3374, valid:0.3249/best:0.3249, test:0.3708/best:0.3708
[I 2026-09-13 22:17:04,795 ignn.models.IGNN:215] epoch:1/best:1, loss:1.5994, train:0.3374, valid:0.3249/best:0.3249, test:0.3708/best:0.3708
[I 2026-09-13 22:17:04,819 ignn.models.IGNN:215] epoch:2/best:2, loss:1.5774, train:0.3374, valid:0.3249/best:0.3249, test:0.3708/best:0.3708
[I 2026-09-13 22:17:04,844 ignn.models.IGNN:215] epoch:3/best:3, loss:1.5556, train:0.3374, valid:0.3249/best:0.3249, test:0.3708/best:0.3708
[I 2026-09-13 22:17:04,868 ignn.models.IGNN:215] epoch:4/best:4, loss:1.5679, train:0.3374, valid:0.3249/best:0.3249, test:0.3708/best:0.3708
[I 2026-09-13 22:17:04,892 ignn.models.IGNN:215] epoch:5/best:5, loss:1.5531, train:0.3374, valid:0.3249/best:0.3249, test:0.3708/best:0.3708
[I 2026-09-13 22:17:04,916 ignn.models.IGNN:215] epoch:6/best:6, loss:1.5356, train:0.3374, valid:0.3249/best:0.3249, test:0.3708/best:0.3708
[I 2026-09-13 22:17:04,941 ignn.models.IGNN:215] epoch:7/best:7, loss:1.5180, train:0.3374, valid:0.3249/best:0.3249, test:0.3708/best:0.3708
[I 2026-09-13 22:17:04,965 ignn.models.IGNN:215] epoch:8/best:8, loss:1.5245, train:0.3374, valid:0.3249/best:0.3249, test:0.3708/best:0.3708
[I 2026-09-13 22:17:04,989 ignn.models.IGNN:215] epoch:9/best:9, loss:1.5095, train:0.3383, valid:0.3249/best:0.3249, test:0.3708/best:0.3708
[I 2026-09-13 22:17:05,013 ignn.models.IGNN:215] epoch:10/best:10, loss:1.5057, train:0.3411, valid:0.3249/best:0.3249, test:0.3708/best:0.3708
[I 2026-09-13 22:17:05,038 ignn.models.IGNN:215] epoch:11/best:11, loss:1.4920, train:0.3430, valid:0.3263/best:0.3263, test:0.3730/best:0.3730
[I 2026-09-13 22:17:05,062 ignn.models.IGNN:215] epoch:12/best:12, loss:1.4855, train:0.3552, valid:0.3418/best:0.3418, test:0.3865/best:0.3865
[I 2026-09-13 22:17:05,086 ignn.models.IGNN:215] epoch:13/best:13, loss:1.4774, train:0.3627, valid:0.3586/best:0.3586, test:0.4000/best:0.4000
[I 2026-09-13 22:17:05,111 ignn.models.IGNN:215] epoch:14/best:14, loss:1.4747, train:0.3655, valid:0.3657/best:0.3657, test:0.4067/best:0.4067
[I 2026-09-13 22:17:05,133 ignn.models.IGNN:215] epoch:15/best:14, loss:1.4477, train:0.3608, valid:0.3615/best:0.3657, test:0.4022/best:0.4067
[I 2026-09-13 22:17:05,158 ignn.models.IGNN:215] epoch:16/best:16, loss:1.4410, train:0.3636, valid:0.3685/best:0.3685, test:0.4045/best:0.4045
[I 2026-09-13 22:17:05,182 ignn.models.IGNN:215] epoch:17/best:17, loss:1.4237, train:0.4002, valid:0.4079/best:0.4079, test:0.4157/best:0.4157
[I 2026-09-13 22:17:05,206 ignn.models.IGNN:215] epoch:18/best:18, loss:1.4261, train:0.4002, valid:0.4107/best:0.4107, test:0.4337/best:0.4337
[I 2026-09-13 22:17:05,229 ignn.models.IGNN:215] epoch:19/best:18, loss:1.4239, train:0.4030, valid:0.4065/best:0.4107, test:0.4247/best:0.4337
[I 2026-09-13 22:17:05,252 ignn.models.IGNN:215] epoch:20/best:18, loss:1.4020, train:0.3889, valid:0.4008/best:0.4107, test:0.4022/best:0.4337
[I 2026-09-13 22:17:05,277 ignn.models.IGNN:215] epoch:21/best:21, loss:1.4007, train:0.4030, valid:0.4219/best:0.4219, test:0.4427/best:0.4427
[I 2026-09-13 22:17:05,301 ignn.models.IGNN:215] epoch:22/best:22, loss:1.3900, train:0.4180, valid:0.4262/best:0.4262, test:0.4382/best:0.4382
[I 2026-09-13 22:17:05,324 ignn.models.IGNN:215] epoch:23/best:22, loss:1.3881, train:0.4077, valid:0.4163/best:0.4262, test:0.4292/best:0.4382
[I 2026-09-13 22:17:05,346 ignn.models.IGNN:215] epoch:24/best:22, loss:1.3749, train:0.4011, valid:0.4079/best:0.4262, test:0.4180/best:0.4382
[I 2026-09-13 22:17:05,530 ignn.models.IGNN:215] epoch:25/best:22, loss:1.3602, train:0.4058, valid:0.4121/best:0.4262, test:0.4135/best:0.4382
[I 2026-09-13 22:17:05,555 ignn.models.IGNN:215] epoch:26/best:22, loss:1.3561, train:0.4096, valid:0.4205/best:0.4262, test:0.4270/best:0.4382
[I 2026-09-13 22:17:05,578 ignn.models.IGNN:215] epoch:27/best:22, loss:1.3477, train:0.4114, valid:0.4205/best:0.4262, test:0.4247/best:0.4382
[I 2026-09-13 22:17:05,602 ignn.models.IGNN:215] epoch:28/best:28, loss:1.3466, train:0.4171, valid:0.4276/best:0.4276, test:0.4315/best:0.4315
[I 2026-09-13 22:17:05,626 ignn.models.IGNN:215] epoch:29/best:29, loss:1.3201, train:0.4152, valid:0.4388/best:0.4388, test:0.4360/best:0.4360
[I 2026-09-13 22:17:05,651 ignn.models.IGNN:215] epoch:30/best:30, loss:1.3230, train:0.4321, valid:0.4430/best:0.4430, test:0.4494/best:0.4494
[I 2026-09-13 22:17:05,674 ignn.models.IGNN:215] epoch:31/best:30, loss:1.3406, train:0.4321, valid:0.4416/best:0.4430, test:0.4472/best:0.4494
[I 2026-09-13 22:17:05,697 ignn.models.IGNN:215] epoch:32/best:30, loss:1.3146, train:0.4264, valid:0.4388/best:0.4430, test:0.4427/best:0.4494
[I 2026-09-13 22:17:05,720 ignn.models.IGNN:215] epoch:33/best:30, loss:1.3104, train:0.4311, valid:0.4360/best:0.4430, test:0.4472/best:0.4494
[I 2026-09-13 22:17:05,743 ignn.models.IGNN:215] epoch:34/best:30, loss:1.3156, train:0.4396, valid:0.4360/best:0.4430, test:0.4404/best:0.4494
[I 2026-09-13 22:17:05,766 ignn.models.IGNN:215] epoch:35/best:30, loss:1.3134, train:0.4377, valid:0.4248/best:0.4430, test:0.4382/best:0.4494
[I 2026-09-13 22:17:05,789 ignn.models.IGNN:215] epoch:36/best:30, loss:1.2991, train:0.4442, valid:0.4332/best:0.4430, test:0.4382/best:0.4494
[I 2026-09-13 22:17:05,812 ignn.models.IGNN:215] epoch:37/best:30, loss:1.3108, train:0.4358, valid:0.4360/best:0.4430, test:0.4404/best:0.4494
[I 2026-09-13 22:17:05,835 ignn.models.IGNN:215] epoch:38/best:30, loss:1.2823, train:0.4396, valid:0.4374/best:0.4430, test:0.4427/best:0.4494
[I 2026-09-13 22:17:05,858 ignn.models.IGNN:215] epoch:39/best:30, loss:1.3102, train:0.4508, valid:0.4360/best:0.4430, test:0.4494/best:0.4494
[I 2026-09-13 22:17:05,883 ignn.models.IGNN:215] epoch:40/best:40, loss:1.2847, train:0.4602, valid:0.4515/best:0.4515, test:0.4494/best:0.4494
[I 2026-09-13 22:17:05,906 ignn.models.IGNN:215] epoch:41/best:40, loss:1.2893, train:0.4555, valid:0.4374/best:0.4515, test:0.4427/best:0.4494
[I 2026-09-13 22:17:05,929 ignn.models.IGNN:215] epoch:42/best:40, loss:1.2628, train:0.4545, valid:0.4402/best:0.4515, test:0.4427/best:0.4494
[I 2026-09-13 22:17:05,952 ignn.models.IGNN:215] epoch:43/best:40, loss:1.2617, train:0.4583, valid:0.4473/best:0.4515, test:0.4449/best:0.4494
[I 2026-09-13 22:17:05,976 ignn.models.IGNN:215] epoch:44/best:44, loss:1.2992, train:0.4695, valid:0.4515/best:0.4515, test:0.4562/best:0.4562
[I 2026-09-13 22:17:06,001 ignn.models.IGNN:215] epoch:45/best:45, loss:1.2919, train:0.4724, valid:0.4515/best:0.4515, test:0.4607/best:0.4607
[I 2026-09-13 22:17:06,023 ignn.models.IGNN:215] epoch:46/best:45, loss:1.2671, train:0.4124, valid:0.3868/best:0.4515, test:0.4135/best:0.4607
[I 2026-09-13 22:17:06,047 ignn.models.IGNN:215] epoch:47/best:45, loss:1.2869, train:0.4574, valid:0.4346/best:0.4515, test:0.4225/best:0.4607
[I 2026-09-13 22:17:06,071 ignn.models.IGNN:215] epoch:48/best:48, loss:1.2725, train:0.4930, valid:0.4627/best:0.4627, test:0.4562/best:0.4562
[I 2026-09-13 22:17:06,094 ignn.models.IGNN:215] epoch:49/best:48, loss:1.2975, train:0.4761, valid:0.4515/best:0.4627, test:0.4225/best:0.4562
[I 2026-09-13 22:17:06,117 ignn.models.IGNN:215] epoch:50/best:48, loss:1.2653, train:0.4283, valid:0.4107/best:0.4627, test:0.4337/best:0.4562
[I 2026-09-13 22:17:06,139 ignn.models.IGNN:215] epoch:51/best:48, loss:1.2737, train:0.4433, valid:0.4205/best:0.4627, test:0.4292/best:0.4562
[I 2026-09-13 22:17:06,163 ignn.models.IGNN:215] epoch:52/best:48, loss:1.2778, train:0.4911, valid:0.4557/best:0.4627, test:0.4404/best:0.4562
[I 2026-09-13 22:17:06,186 ignn.models.IGNN:215] epoch:53/best:48, loss:1.2800, train:0.4939, valid:0.4557/best:0.4627, test:0.4337/best:0.4562
[I 2026-09-13 22:17:06,208 ignn.models.IGNN:215] epoch:54/best:48, loss:1.2690, train:0.4836, valid:0.4557/best:0.4627, test:0.4315/best:0.4562
[I 2026-09-13 22:17:06,231 ignn.models.IGNN:215] epoch:55/best:48, loss:1.2277, train:0.4658, valid:0.4459/best:0.4627, test:0.4270/best:0.4562
[I 2026-09-13 22:17:06,254 ignn.models.IGNN:215] epoch:56/best:48, loss:1.2410, train:0.4480, valid:0.4276/best:0.4627, test:0.4382/best:0.4562
[I 2026-09-13 22:17:06,277 ignn.models.IGNN:215] epoch:57/best:48, loss:1.2484, train:0.4555, valid:0.4416/best:0.4627, test:0.4382/best:0.4562
[I 2026-09-13 22:17:06,300 ignn.models.IGNN:215] epoch:58/best:48, loss:1.2637, train:0.4789, valid:0.4487/best:0.4627, test:0.4247/best:0.4562
[I 2026-09-13 22:17:06,323 ignn.models.IGNN:215] epoch:59/best:48, loss:1.2588, train:0.5014, valid:0.4501/best:0.4627, test:0.4337/best:0.4562
[I 2026-09-13 22:17:06,499 ignn.models.IGNN:215] epoch:60/best:48, loss:1.2845, train:0.4873, valid:0.4557/best:0.4627, test:0.4180/best:0.4562
[I 2026-09-13 22:17:06,522 ignn.models.IGNN:215] epoch:61/best:48, loss:1.2339, train:0.4799, valid:0.4501/best:0.4627, test:0.4225/best:0.4562
[I 2026-09-13 22:17:06,545 ignn.models.IGNN:215] epoch:62/best:48, loss:1.2355, train:0.4611, valid:0.4346/best:0.4627, test:0.4202/best:0.4562
[I 2026-09-13 22:17:06,568 ignn.models.IGNN:215] epoch:63/best:48, loss:1.2557, train:0.4649, valid:0.4374/best:0.4627, test:0.4247/best:0.4562
[I 2026-09-13 22:17:06,591 ignn.models.IGNN:215] epoch:64/best:48, loss:1.2544, train:0.4789, valid:0.4501/best:0.4627, test:0.4202/best:0.4562
[I 2026-09-13 22:17:06,614 ignn.models.IGNN:215] epoch:65/best:48, loss:1.2665, train:0.4911, valid:0.4444/best:0.4627, test:0.4292/best:0.4562
[I 2026-09-13 22:17:06,636 ignn.models.IGNN:215] epoch:66/best:48, loss:1.2508, train:0.4930, valid:0.4416/best:0.4627, test:0.4270/best:0.4562
[I 2026-09-13 22:17:06,659 ignn.models.IGNN:215] epoch:67/best:48, loss:1.2521, train:0.4789, valid:0.4444/best:0.4627, test:0.4382/best:0.4562
[I 2026-09-13 22:17:06,682 ignn.models.IGNN:215] epoch:68/best:48, loss:1.2429, train:0.4799, valid:0.4430/best:0.4627, test:0.4404/best:0.4562
[I 2026-09-13 22:17:06,705 ignn.models.IGNN:215] epoch:69/best:48, loss:1.2524, train:0.4799, valid:0.4402/best:0.4627, test:0.4449/best:0.4562
[I 2026-09-13 22:17:06,729 ignn.models.IGNN:215] epoch:70/best:48, loss:1.2373, train:0.4855, valid:0.4473/best:0.4627, test:0.4360/best:0.4562
[I 2026-09-13 22:17:06,752 ignn.models.IGNN:215] epoch:71/best:48, loss:1.2259, train:0.4967, valid:0.4487/best:0.4627, test:0.4360/best:0.4562
[I 2026-09-13 22:17:06,775 ignn.models.IGNN:215] epoch:72/best:48, loss:1.2139, train:0.4977, valid:0.4487/best:0.4627, test:0.4315/best:0.4562
[I 2026-09-13 22:17:06,798 ignn.models.IGNN:215] epoch:73/best:48, loss:1.2291, train:0.4939, valid:0.4487/best:0.4627, test:0.4292/best:0.4562
[I 2026-09-13 22:17:06,821 ignn.models.IGNN:215] epoch:74/best:48, loss:1.2365, train:0.4658, valid:0.4332/best:0.4627, test:0.4315/best:0.4562
[I 2026-09-13 22:17:06,844 ignn.models.IGNN:215] epoch:75/best:48, loss:1.2503, train:0.4714, valid:0.4360/best:0.4627, test:0.4247/best:0.4562
[I 2026-09-13 22:17:06,867 ignn.models.IGNN:215] epoch:76/best:48, loss:1.2496, train:0.4977, valid:0.4501/best:0.4627, test:0.4225/best:0.4562
[I 2026-09-13 22:17:06,890 ignn.models.IGNN:215] epoch:77/best:48, loss:1.2307, train:0.5005, valid:0.4515/best:0.4627, test:0.4202/best:0.4562
[I 2026-09-13 22:17:06,912 ignn.models.IGNN:215] epoch:78/best:48, loss:1.2613, train:0.4864, valid:0.4346/best:0.4627, test:0.4225/best:0.4562
[I 2026-09-13 22:17:06,935 ignn.models.IGNN:215] epoch:79/best:48, loss:1.2454, train:0.4911, valid:0.4318/best:0.4627, test:0.4292/best:0.4562
[I 2026-09-13 22:17:06,958 ignn.models.IGNN:215] epoch:80/best:48, loss:1.1981, train:0.4883, valid:0.4332/best:0.4627, test:0.4292/best:0.4562
[I 2026-09-13 22:17:06,982 ignn.models.IGNN:215] epoch:81/best:48, loss:1.2173, train:0.4939, valid:0.4416/best:0.4627, test:0.4247/best:0.4562
[I 2026-09-13 22:17:07,005 ignn.models.IGNN:215] epoch:82/best:48, loss:1.2216, train:0.5098, valid:0.4543/best:0.4627, test:0.4315/best:0.4562
[I 2026-09-13 22:17:07,028 ignn.models.IGNN:215] epoch:83/best:48, loss:1.2225, train:0.5061, valid:0.4515/best:0.4627, test:0.4180/best:0.4562
[I 2026-09-13 22:17:07,051 ignn.models.IGNN:215] epoch:84/best:48, loss:1.1982, train:0.4817, valid:0.4444/best:0.4627, test:0.4270/best:0.4562
[I 2026-09-13 22:17:07,074 ignn.models.IGNN:215] epoch:85/best:48, loss:1.2212, train:0.4761, valid:0.4388/best:0.4627, test:0.4382/best:0.4562
[I 2026-09-13 22:17:07,097 ignn.models.IGNN:215] epoch:86/best:48, loss:1.2297, train:0.4920, valid:0.4515/best:0.4627, test:0.4247/best:0.4562
[I 2026-09-13 22:17:07,120 ignn.models.IGNN:215] epoch:87/best:48, loss:1.2133, train:0.5117, valid:0.4571/best:0.4627, test:0.4337/best:0.4562
[I 2026-09-13 22:17:07,143 ignn.models.IGNN:215] epoch:88/best:48, loss:1.2284, train:0.5127, valid:0.4543/best:0.4627, test:0.4315/best:0.4562
[I 2026-09-13 22:17:07,166 ignn.models.IGNN:215] epoch:89/best:48, loss:1.2365, train:0.4939, valid:0.4501/best:0.4627, test:0.4292/best:0.4562
[I 2026-09-13 22:17:07,189 ignn.models.IGNN:215] epoch:90/best:48, loss:1.2268, train:0.4789, valid:0.4430/best:0.4627, test:0.4337/best:0.4562
[I 2026-09-13 22:17:07,212 ignn.models.IGNN:215] epoch:91/best:48, loss:1.2150, train:0.4789, valid:0.4388/best:0.4627, test:0.4315/best:0.4562
[I 2026-09-13 22:17:07,235 ignn.models.IGNN:215] epoch:92/best:48, loss:1.2266, train:0.5052, valid:0.4487/best:0.4627, test:0.4270/best:0.4562
[I 2026-09-13 22:17:07,258 ignn.models.IGNN:215] epoch:93/best:48, loss:1.1945, train:0.5305, valid:0.4585/best:0.4627, test:0.4337/best:0.4562
[I 2026-09-13 22:17:07,281 ignn.models.IGNN:215] epoch:94/best:48, loss:1.2494, train:0.5351, valid:0.4543/best:0.4627, test:0.4270/best:0.4562
[I 2026-09-13 22:17:07,457 ignn.models.IGNN:215] epoch:95/best:48, loss:1.2306, train:0.5061, valid:0.4543/best:0.4627, test:0.4270/best:0.4562
[I 2026-09-13 22:17:07,480 ignn.models.IGNN:215] epoch:96/best:48, loss:1.1998, train:0.4855, valid:0.4290/best:0.4627, test:0.4292/best:0.4562
[I 2026-09-13 22:17:07,503 ignn.models.IGNN:215] epoch:97/best:48, loss:1.2273, train:0.4836, valid:0.4346/best:0.4627, test:0.4292/best:0.4562
[I 2026-09-13 22:17:07,526 ignn.models.IGNN:215] epoch:98/best:48, loss:1.1962, train:0.5042, valid:0.4515/best:0.4627, test:0.4202/best:0.4562
[I 2026-09-13 22:17:07,549 ignn.models.IGNN:215] epoch:99/best:48, loss:1.2292, train:0.5333, valid:0.4585/best:0.4627, test:0.4292/best:0.4562
[I 2026-09-13 22:17:07,571 ignn.models.IGNN:215] epoch:100/best:48, loss:1.2272, train:0.5351, valid:0.4543/best:0.4627, test:0.4337/best:0.4562
[I 2026-09-13 22:17:07,594 ignn.models.IGNN:215] epoch:101/best:48, loss:1.2135, train:0.5267, valid:0.4515/best:0.4627, test:0.4202/best:0.4562
[I 2026-09-13 22:17:07,617 ignn.models.IGNN:215] epoch:102/best:48, loss:1.2309, train:0.5014, valid:0.4360/best:0.4627, test:0.4292/best:0.4562
[I 2026-09-13 22:17:07,640 ignn.models.IGNN:215] epoch:103/best:48, loss:1.1856, train:0.4902, valid:0.4276/best:0.4627, test:0.4360/best:0.4562
[I 2026-09-13 22:17:07,663 ignn.models.IGNN:215] epoch:104/best:48, loss:1.2314, train:0.5042, valid:0.4346/best:0.4627, test:0.4270/best:0.4562
[I 2026-09-13 22:17:07,686 ignn.models.IGNN:215] epoch:105/best:48, loss:1.2234, train:0.5323, valid:0.4487/best:0.4627, test:0.4202/best:0.4562
[I 2026-09-13 22:17:07,709 ignn.models.IGNN:215] epoch:106/best:48, loss:1.2116, train:0.5511, valid:0.4613/best:0.4627, test:0.4315/best:0.4562
[I 2026-09-13 22:17:07,731 ignn.models.IGNN:215] epoch:107/best:48, loss:1.1902, train:0.5342, valid:0.4487/best:0.4627, test:0.4247/best:0.4562
[I 2026-09-13 22:17:07,754 ignn.models.IGNN:215] epoch:108/best:48, loss:1.2293, train:0.5164, valid:0.4444/best:0.4627, test:0.4270/best:0.4562
[I 2026-09-13 22:17:07,777 ignn.models.IGNN:215] epoch:109/best:48, loss:1.2109, train:0.5005, valid:0.4276/best:0.4627, test:0.4360/best:0.4562
[I 2026-09-13 22:17:07,801 ignn.models.IGNN:215] epoch:110/best:48, loss:1.2118, train:0.5080, valid:0.4388/best:0.4627, test:0.4382/best:0.4562
[I 2026-09-13 22:17:07,824 ignn.models.IGNN:215] epoch:111/best:48, loss:1.1822, train:0.5230, valid:0.4374/best:0.4627, test:0.4337/best:0.4562
[I 2026-09-13 22:17:07,847 ignn.models.IGNN:215] epoch:112/best:48, loss:1.2065, train:0.5173, valid:0.4374/best:0.4627, test:0.4404/best:0.4562
[I 2026-09-13 22:17:07,870 ignn.models.IGNN:215] epoch:113/best:48, loss:1.1696, train:0.5042, valid:0.4304/best:0.4627, test:0.4382/best:0.4562
[I 2026-09-13 22:17:07,893 ignn.models.IGNN:215] epoch:114/best:48, loss:1.2140, train:0.5108, valid:0.4346/best:0.4627, test:0.4292/best:0.4562
[I 2026-09-13 22:17:07,916 ignn.models.IGNN:215] epoch:115/best:48, loss:1.2168, train:0.5295, valid:0.4459/best:0.4627, test:0.4449/best:0.4562
[I 2026-09-13 22:17:07,939 ignn.models.IGNN:215] epoch:116/best:48, loss:1.2076, train:0.5333, valid:0.4501/best:0.4627, test:0.4315/best:0.4562
[I 2026-09-13 22:17:07,964 ignn.models.IGNN:215] epoch:117/best:48, loss:1.2219, train:0.5258, valid:0.4473/best:0.4627, test:0.4382/best:0.4562
[I 2026-09-13 22:17:07,988 ignn.models.IGNN:215] epoch:118/best:48, loss:1.2117, train:0.5098, valid:0.4402/best:0.4627, test:0.4360/best:0.4562
[I 2026-09-13 22:17:08,011 ignn.models.IGNN:215] epoch:119/best:48, loss:1.2010, train:0.4817, valid:0.4262/best:0.4627, test:0.4427/best:0.4562
[I 2026-09-13 22:17:08,034 ignn.models.IGNN:215] epoch:120/best:48, loss:1.1855, train:0.5098, valid:0.4346/best:0.4627, test:0.4360/best:0.4562
[I 2026-09-13 22:17:08,057 ignn.models.IGNN:215] epoch:121/best:48, loss:1.2233, train:0.5351, valid:0.4444/best:0.4627, test:0.4404/best:0.4562
[I 2026-09-13 22:17:08,080 ignn.models.IGNN:215] epoch:122/best:48, loss:1.1994, train:0.5361, valid:0.4487/best:0.4627, test:0.4202/best:0.4562
[I 2026-09-13 22:17:08,103 ignn.models.IGNN:215] epoch:123/best:48, loss:1.1992, train:0.5398, valid:0.4416/best:0.4627, test:0.4292/best:0.4562
[I 2026-09-13 22:17:08,126 ignn.models.IGNN:215] epoch:124/best:48, loss:1.2187, train:0.5276, valid:0.4374/best:0.4627, test:0.4292/best:0.4562
[I 2026-09-13 22:17:08,149 ignn.models.IGNN:215] epoch:125/best:48, loss:1.2096, train:0.5145, valid:0.4416/best:0.4627, test:0.4292/best:0.4562
[I 2026-09-13 22:17:08,172 ignn.models.IGNN:215] epoch:126/best:48, loss:1.2118, train:0.5136, valid:0.4318/best:0.4627, test:0.4292/best:0.4562
[I 2026-09-13 22:17:08,195 ignn.models.IGNN:215] epoch:127/best:48, loss:1.2093, train:0.5080, valid:0.4346/best:0.4627, test:0.4315/best:0.4562
[I 2026-09-13 22:17:08,218 ignn.models.IGNN:215] epoch:128/best:48, loss:1.1605, train:0.5173, valid:0.4430/best:0.4627, test:0.4315/best:0.4562
[I 2026-09-13 22:17:08,240 ignn.models.IGNN:215] epoch:129/best:48, loss:1.1999, train:0.5305, valid:0.4332/best:0.4627, test:0.4427/best:0.4562
[I 2026-09-13 22:17:08,263 ignn.models.IGNN:215] epoch:130/best:48, loss:1.2027, train:0.5417, valid:0.4430/best:0.4627, test:0.4404/best:0.4562
[I 2026-09-13 22:17:08,441 ignn.models.IGNN:215] epoch:131/best:48, loss:1.1856, train:0.5380, valid:0.4290/best:0.4627, test:0.4427/best:0.4562
[I 2026-09-13 22:17:08,464 ignn.models.IGNN:215] epoch:132/best:48, loss:1.2047, train:0.5314, valid:0.4205/best:0.4627, test:0.4382/best:0.4562
[I 2026-09-13 22:17:08,487 ignn.models.IGNN:215] epoch:133/best:48, loss:1.1819, train:0.5305, valid:0.4304/best:0.4627, test:0.4270/best:0.4562
[I 2026-09-13 22:17:08,510 ignn.models.IGNN:215] epoch:134/best:48, loss:1.1810, train:0.5333, valid:0.4276/best:0.4627, test:0.4337/best:0.4562
[I 2026-09-13 22:17:08,533 ignn.models.IGNN:215] epoch:135/best:48, loss:1.1842, train:0.5380, valid:0.4290/best:0.4627, test:0.4360/best:0.4562
[I 2026-09-13 22:17:08,555 ignn.models.IGNN:215] epoch:136/best:48, loss:1.1852, train:0.5464, valid:0.4346/best:0.4627, test:0.4292/best:0.4562
[I 2026-09-13 22:17:08,578 ignn.models.IGNN:215] epoch:137/best:48, loss:1.2008, train:0.5464, valid:0.4332/best:0.4627, test:0.4337/best:0.4562
[I 2026-09-13 22:17:08,601 ignn.models.IGNN:215] epoch:138/best:48, loss:1.2020, train:0.5398, valid:0.4276/best:0.4627, test:0.4292/best:0.4562
[I 2026-09-13 22:17:08,624 ignn.models.IGNN:215] epoch:139/best:48, loss:1.1806, train:0.5361, valid:0.4262/best:0.4627, test:0.4292/best:0.4562
[I 2026-09-13 22:17:08,647 ignn.models.IGNN:215] epoch:140/best:48, loss:1.1876, train:0.5408, valid:0.4290/best:0.4627, test:0.4270/best:0.4562
[I 2026-09-13 22:17:08,670 ignn.models.IGNN:215] epoch:141/best:48, loss:1.1944, train:0.5539, valid:0.4416/best:0.4627, test:0.4404/best:0.4562
[I 2026-09-13 22:17:08,693 ignn.models.IGNN:215] epoch:142/best:48, loss:1.1916, train:0.5520, valid:0.4473/best:0.4627, test:0.4449/best:0.4562
[I 2026-09-13 22:17:08,716 ignn.models.IGNN:215] epoch:143/best:48, loss:1.1952, train:0.5492, valid:0.4304/best:0.4627, test:0.4382/best:0.4562
[I 2026-09-13 22:17:08,739 ignn.models.IGNN:215] epoch:144/best:48, loss:1.1904, train:0.5398, valid:0.4304/best:0.4627, test:0.4337/best:0.4562
[I 2026-09-13 22:17:08,762 ignn.models.IGNN:215] epoch:145/best:48, loss:1.2118, train:0.5370, valid:0.4346/best:0.4627, test:0.4360/best:0.4562
[I 2026-09-13 22:17:08,784 ignn.models.IGNN:215] epoch:146/best:48, loss:1.2032, train:0.5408, valid:0.4233/best:0.4627, test:0.4427/best:0.4562
[I 2026-09-13 22:17:08,807 ignn.models.IGNN:215] epoch:147/best:48, loss:1.1685, train:0.5370, valid:0.4290/best:0.4627, test:0.4517/best:0.4562
[I 2026-09-13 22:17:08,830 ignn.models.IGNN:215] epoch:148/best:48, loss:1.2031, train:0.5408, valid:0.4374/best:0.4627, test:0.4517/best:0.4562
[I 2026-09-13 22:17:08,853 ignn.models.IGNN:215] epoch:149/best:48, loss:1.1908, train:0.5445, valid:0.4430/best:0.4627, test:0.4562/best:0.4562
[I 2026-09-13 22:17:08,876 ignn.models.IGNN:215] epoch:150/best:48, loss:1.1865, train:0.5398, valid:0.4304/best:0.4627, test:0.4517/best:0.4562
[I 2026-09-13 22:17:08,899 ignn.models.IGNN:215] epoch:151/best:48, loss:1.1891, train:0.5389, valid:0.4402/best:0.4627, test:0.4494/best:0.4562
[I 2026-09-13 22:17:08,922 ignn.models.IGNN:215] epoch:152/best:48, loss:1.1831, train:0.5408, valid:0.4388/best:0.4627, test:0.4584/best:0.4562
[I 2026-09-13 22:17:08,945 ignn.models.IGNN:215] epoch:153/best:48, loss:1.1838, train:0.5426, valid:0.4360/best:0.4627, test:0.4584/best:0.4562
[I 2026-09-13 22:17:08,968 ignn.models.IGNN:215] epoch:154/best:48, loss:1.1965, train:0.5464, valid:0.4374/best:0.4627, test:0.4584/best:0.4562
[I 2026-09-13 22:17:08,991 ignn.models.IGNN:215] epoch:155/best:48, loss:1.1656, train:0.5426, valid:0.4304/best:0.4627, test:0.4539/best:0.4562
[I 2026-09-13 22:17:09,013 ignn.models.IGNN:215] epoch:156/best:48, loss:1.1579, train:0.5426, valid:0.4318/best:0.4627, test:0.4607/best:0.4562
[I 2026-09-13 22:17:09,036 ignn.models.IGNN:215] epoch:157/best:48, loss:1.1683, train:0.5455, valid:0.4332/best:0.4627, test:0.4472/best:0.4562
[I 2026-09-13 22:17:09,059 ignn.models.IGNN:215] epoch:158/best:48, loss:1.1673, train:0.5483, valid:0.4332/best:0.4627, test:0.4629/best:0.4562
[I 2026-09-13 22:17:09,082 ignn.models.IGNN:215] epoch:159/best:48, loss:1.1665, train:0.5305, valid:0.4374/best:0.4627, test:0.4427/best:0.4562
[I 2026-09-13 22:17:09,105 ignn.models.IGNN:215] epoch:160/best:48, loss:1.1890, train:0.5361, valid:0.4290/best:0.4627, test:0.4472/best:0.4562
[I 2026-09-13 22:17:09,128 ignn.models.IGNN:215] epoch:161/best:48, loss:1.1961, train:0.5436, valid:0.4248/best:0.4627, test:0.4562/best:0.4562
[I 2026-09-13 22:17:09,151 ignn.models.IGNN:215] epoch:162/best:48, loss:1.1787, train:0.5501, valid:0.4388/best:0.4627, test:0.4517/best:0.4562
[I 2026-09-13 22:17:09,174 ignn.models.IGNN:215] epoch:163/best:48, loss:1.1600, train:0.5548, valid:0.4416/best:0.4627, test:0.4472/best:0.4562
[I 2026-09-13 22:17:09,197 ignn.models.IGNN:215] epoch:164/best:48, loss:1.1497, train:0.5520, valid:0.4332/best:0.4627, test:0.4584/best:0.4562
[I 2026-09-13 22:17:09,220 ignn.models.IGNN:215] epoch:165/best:48, loss:1.1863, train:0.5586, valid:0.4318/best:0.4627, test:0.4607/best:0.4562
[I 2026-09-13 22:17:09,243 ignn.models.IGNN:215] epoch:166/best:48, loss:1.1566, train:0.5576, valid:0.4402/best:0.4627, test:0.4607/best:0.4562
[I 2026-09-13 22:17:09,423 ignn.models.IGNN:215] epoch:167/best:48, loss:1.2028, train:0.5511, valid:0.4416/best:0.4627, test:0.4629/best:0.4562
[I 2026-09-13 22:17:09,446 ignn.models.IGNN:215] epoch:168/best:48, loss:1.1675, train:0.5389, valid:0.4233/best:0.4627, test:0.4607/best:0.4562
[I 2026-09-13 22:17:09,469 ignn.models.IGNN:215] epoch:169/best:48, loss:1.1757, train:0.5511, valid:0.4444/best:0.4627, test:0.4607/best:0.4562
[I 2026-09-13 22:17:09,492 ignn.models.IGNN:215] epoch:170/best:48, loss:1.1834, train:0.5530, valid:0.4459/best:0.4627, test:0.4629/best:0.4562
[I 2026-09-13 22:17:09,515 ignn.models.IGNN:215] epoch:171/best:48, loss:1.1659, train:0.5530, valid:0.4318/best:0.4627, test:0.4562/best:0.4562
[I 2026-09-13 22:17:09,538 ignn.models.IGNN:215] epoch:172/best:48, loss:1.1327, train:0.5417, valid:0.4233/best:0.4627, test:0.4607/best:0.4562
[I 2026-09-13 22:17:09,562 ignn.models.IGNN:215] epoch:173/best:48, loss:1.1535, train:0.5408, valid:0.4107/best:0.4627, test:0.4562/best:0.4562
[I 2026-09-13 22:17:09,584 ignn.models.IGNN:215] epoch:174/best:48, loss:1.1877, train:0.5595, valid:0.4416/best:0.4627, test:0.4584/best:0.4562
[I 2026-09-13 22:17:09,607 ignn.models.IGNN:215] epoch:175/best:48, loss:1.1867, train:0.5689, valid:0.4529/best:0.4627, test:0.4742/best:0.4562
[I 2026-09-13 22:17:09,630 ignn.models.IGNN:215] epoch:176/best:48, loss:1.1693, train:0.5679, valid:0.4444/best:0.4627, test:0.4674/best:0.4562
[I 2026-09-13 22:17:09,653 ignn.models.IGNN:215] epoch:177/best:48, loss:1.1671, train:0.5455, valid:0.4177/best:0.4627, test:0.4494/best:0.4562
[I 2026-09-13 22:17:09,677 ignn.models.IGNN:215] epoch:178/best:48, loss:1.1589, train:0.5342, valid:0.4177/best:0.4627, test:0.4449/best:0.4562
[I 2026-09-13 22:17:09,700 ignn.models.IGNN:215] epoch:179/best:48, loss:1.2037, train:0.5530, valid:0.4374/best:0.4627, test:0.4629/best:0.4562
[I 2026-09-13 22:17:09,723 ignn.models.IGNN:215] epoch:180/best:48, loss:1.2037, train:0.5698, valid:0.4487/best:0.4627, test:0.4742/best:0.4562
[I 2026-09-13 22:17:09,746 ignn.models.IGNN:215] epoch:181/best:48, loss:1.1614, train:0.5689, valid:0.4388/best:0.4627, test:0.4494/best:0.4562
[I 2026-09-13 22:17:09,769 ignn.models.IGNN:215] epoch:182/best:48, loss:1.1941, train:0.5689, valid:0.4487/best:0.4627, test:0.4831/best:0.4562
[I 2026-09-13 22:17:09,793 ignn.models.IGNN:215] epoch:183/best:48, loss:1.1995, train:0.5539, valid:0.4360/best:0.4627, test:0.4629/best:0.4562
[I 2026-09-13 22:17:09,816 ignn.models.IGNN:215] epoch:184/best:48, loss:1.1878, train:0.5070, valid:0.4093/best:0.4627, test:0.4494/best:0.4562
[I 2026-09-13 22:17:09,839 ignn.models.IGNN:215] epoch:185/best:48, loss:1.1913, train:0.4939, valid:0.4135/best:0.4627, test:0.4449/best:0.4562
[I 2026-09-13 22:17:09,862 ignn.models.IGNN:215] epoch:186/best:48, loss:1.2087, train:0.5501, valid:0.4346/best:0.4627, test:0.4607/best:0.4562
[I 2026-09-13 22:17:09,885 ignn.models.IGNN:215] epoch:187/best:48, loss:1.1599, train:0.5567, valid:0.4332/best:0.4627, test:0.4674/best:0.4562
[I 2026-09-13 22:17:09,908 ignn.models.IGNN:215] epoch:188/best:48, loss:1.1703, train:0.5539, valid:0.4290/best:0.4627, test:0.4629/best:0.4562
[I 2026-09-13 22:17:09,931 ignn.models.IGNN:215] epoch:189/best:48, loss:1.1632, train:0.5380, valid:0.4388/best:0.4627, test:0.4562/best:0.4562
[I 2026-09-13 22:17:09,954 ignn.models.IGNN:215] epoch:190/best:48, loss:1.1600, train:0.5014, valid:0.4262/best:0.4627, test:0.4494/best:0.4562
[I 2026-09-13 22:17:09,977 ignn.models.IGNN:215] epoch:191/best:48, loss:1.1967, train:0.4799, valid:0.4219/best:0.4627, test:0.4404/best:0.4562
[I 2026-09-13 22:17:10,000 ignn.models.IGNN:215] epoch:192/best:48, loss:1.1732, train:0.4836, valid:0.4135/best:0.4627, test:0.4360/best:0.4562
[I 2026-09-13 22:17:10,023 ignn.models.IGNN:215] epoch:193/best:48, loss:1.1960, train:0.5267, valid:0.4177/best:0.4627, test:0.4562/best:0.4562
[I 2026-09-13 22:17:10,045 ignn.models.IGNN:215] epoch:194/best:48, loss:1.1888, train:0.5558, valid:0.4346/best:0.4627, test:0.4562/best:0.4562
[I 2026-09-13 22:17:10,068 ignn.models.IGNN:215] epoch:195/best:48, loss:1.1816, train:0.5642, valid:0.4473/best:0.4627, test:0.4697/best:0.4562
[I 2026-09-13 22:17:10,091 ignn.models.IGNN:215] epoch:196/best:48, loss:1.1939, train:0.5501, valid:0.4318/best:0.4627, test:0.4539/best:0.4562
[I 2026-09-13 22:17:10,114 ignn.models.IGNN:215] epoch:197/best:48, loss:1.1687, train:0.5080, valid:0.4079/best:0.4627, test:0.4404/best:0.4562
[I 2026-09-13 22:17:10,137 ignn.models.IGNN:215] epoch:198/best:48, loss:1.1779, train:0.4808, valid:0.4093/best:0.4627, test:0.4382/best:0.4562
[I 2026-09-13 22:17:10,160 ignn.models.IGNN:215] epoch:199/best:48, loss:1.1951, train:0.4948, valid:0.4107/best:0.4627, test:0.4360/best:0.4562
[I 2026-09-13 22:17:10,183 ignn.models.IGNN:215] epoch:200/best:48, loss:1.1916, train:0.5258, valid:0.4233/best:0.4627, test:0.4494/best:0.4562
[I 2026-09-13 22:17:10,206 ignn.models.IGNN:215] epoch:201/best:48, loss:1.1519, train:0.5708, valid:0.4487/best:0.4627, test:0.4607/best:0.4562
[I 2026-09-13 22:17:10,382 ignn.models.IGNN:215] epoch:202/best:48, loss:1.1824, train:0.5717, valid:0.4459/best:0.4627, test:0.4674/best:0.4562
[I 2026-09-13 22:17:10,405 ignn.models.IGNN:215] epoch:203/best:48, loss:1.1680, train:0.5642, valid:0.4459/best:0.4627, test:0.4652/best:0.4562
[I 2026-09-13 22:17:10,429 ignn.models.IGNN:215] epoch:204/best:48, loss:1.1716, train:0.5417, valid:0.4304/best:0.4627, test:0.4562/best:0.4562
[I 2026-09-13 22:17:10,452 ignn.models.IGNN:215] epoch:205/best:48, loss:1.1813, train:0.5108, valid:0.4276/best:0.4627, test:0.4427/best:0.4562
[I 2026-09-13 22:17:10,475 ignn.models.IGNN:215] epoch:206/best:48, loss:1.1791, train:0.5220, valid:0.4290/best:0.4627, test:0.4539/best:0.4562
[I 2026-09-13 22:17:10,498 ignn.models.IGNN:215] epoch:207/best:48, loss:1.1534, train:0.5351, valid:0.4276/best:0.4627, test:0.4562/best:0.4562
[I 2026-09-13 22:17:10,521 ignn.models.IGNN:215] epoch:208/best:48, loss:1.1472, train:0.5473, valid:0.4304/best:0.4627, test:0.4607/best:0.4562
[I 2026-09-13 22:17:10,544 ignn.models.IGNN:215] epoch:209/best:48, loss:1.1427, train:0.5408, valid:0.4304/best:0.4627, test:0.4494/best:0.4562
[I 2026-09-13 22:17:10,567 ignn.models.IGNN:215] epoch:210/best:48, loss:1.1652, train:0.5370, valid:0.4346/best:0.4627, test:0.4539/best:0.4562
[I 2026-09-13 22:17:10,590 ignn.models.IGNN:215] epoch:211/best:48, loss:1.1916, train:0.5267, valid:0.4219/best:0.4627, test:0.4562/best:0.4562
[I 2026-09-13 22:17:10,613 ignn.models.IGNN:215] epoch:212/best:48, loss:1.1391, train:0.5155, valid:0.4205/best:0.4627, test:0.4494/best:0.4562
[I 2026-09-13 22:17:10,636 ignn.models.IGNN:215] epoch:213/best:48, loss:1.1658, train:0.5183, valid:0.4233/best:0.4627, test:0.4494/best:0.4562
[I 2026-09-13 22:17:10,659 ignn.models.IGNN:215] epoch:214/best:48, loss:1.1654, train:0.5370, valid:0.4233/best:0.4627, test:0.4517/best:0.4562
[I 2026-09-13 22:17:10,682 ignn.models.IGNN:215] epoch:215/best:48, loss:1.1628, train:0.5464, valid:0.4304/best:0.4627, test:0.4607/best:0.4562
[I 2026-09-13 22:17:10,705 ignn.models.IGNN:215] epoch:216/best:48, loss:1.1526, train:0.5501, valid:0.4346/best:0.4627, test:0.4629/best:0.4562
[I 2026-09-13 22:17:10,728 ignn.models.IGNN:215] epoch:217/best:48, loss:1.1312, train:0.5520, valid:0.4290/best:0.4627, test:0.4674/best:0.4562
[I 2026-09-13 22:17:10,751 ignn.models.IGNN:215] epoch:218/best:48, loss:1.1675, train:0.5323, valid:0.4219/best:0.4627, test:0.4517/best:0.4562
[I 2026-09-13 22:17:10,774 ignn.models.IGNN:215] epoch:219/best:48, loss:1.1450, train:0.5117, valid:0.4191/best:0.4627, test:0.4494/best:0.4562
[I 2026-09-13 22:17:10,796 ignn.models.IGNN:215] epoch:220/best:48, loss:1.1330, train:0.5080, valid:0.4163/best:0.4627, test:0.4472/best:0.4562
[I 2026-09-13 22:17:10,820 ignn.models.IGNN:215] epoch:221/best:48, loss:1.1527, train:0.5136, valid:0.4219/best:0.4627, test:0.4539/best:0.4562
[I 2026-09-13 22:17:10,843 ignn.models.IGNN:215] epoch:222/best:48, loss:1.1503, train:0.5323, valid:0.4219/best:0.4627, test:0.4584/best:0.4562
[I 2026-09-13 22:17:10,866 ignn.models.IGNN:215] epoch:223/best:48, loss:1.1690, train:0.5408, valid:0.4177/best:0.4627, test:0.4562/best:0.4562
[I 2026-09-13 22:17:10,889 ignn.models.IGNN:215] epoch:224/best:48, loss:1.1289, train:0.5314, valid:0.4163/best:0.4627, test:0.4539/best:0.4562
[I 2026-09-13 22:17:10,912 ignn.models.IGNN:215] epoch:225/best:48, loss:1.1856, train:0.5145, valid:0.4135/best:0.4627, test:0.4517/best:0.4562
[I 2026-09-13 22:17:10,935 ignn.models.IGNN:215] epoch:226/best:48, loss:1.1873, train:0.5108, valid:0.4079/best:0.4627, test:0.4562/best:0.4562
[I 2026-09-13 22:17:10,957 ignn.models.IGNN:215] epoch:227/best:48, loss:1.1184, train:0.5145, valid:0.4037/best:0.4627, test:0.4494/best:0.4562
[I 2026-09-13 22:17:10,980 ignn.models.IGNN:215] epoch:228/best:48, loss:1.1527, train:0.5258, valid:0.4023/best:0.4627, test:0.4494/best:0.4562
[I 2026-09-13 22:17:11,003 ignn.models.IGNN:215] epoch:229/best:48, loss:1.1862, train:0.5295, valid:0.4093/best:0.4627, test:0.4584/best:0.4562
[I 2026-09-13 22:17:11,026 ignn.models.IGNN:215] epoch:230/best:48, loss:1.1606, train:0.5201, valid:0.4107/best:0.4627, test:0.4562/best:0.4562
[I 2026-09-13 22:17:11,049 ignn.models.IGNN:215] epoch:231/best:48, loss:1.1546, train:0.5145, valid:0.4079/best:0.4627, test:0.4494/best:0.4562
[I 2026-09-13 22:17:11,072 ignn.models.IGNN:215] epoch:232/best:48, loss:1.1891, train:0.5014, valid:0.4149/best:0.4627, test:0.4449/best:0.4562
[I 2026-09-13 22:17:11,095 ignn.models.IGNN:215] epoch:233/best:48, loss:1.1744, train:0.5108, valid:0.4177/best:0.4627, test:0.4494/best:0.4562
[I 2026-09-13 22:17:11,118 ignn.models.IGNN:215] epoch:234/best:48, loss:1.1709, train:0.5136, valid:0.4135/best:0.4627, test:0.4562/best:0.4562
[I 2026-09-13 22:17:11,141 ignn.models.IGNN:215] epoch:235/best:48, loss:1.1408, train:0.5164, valid:0.4205/best:0.4627, test:0.4562/best:0.4562
[I 2026-09-13 22:17:11,164 ignn.models.IGNN:215] epoch:236/best:48, loss:1.1222, train:0.5117, valid:0.4219/best:0.4627, test:0.4539/best:0.4562
[I 2026-09-13 22:17:11,188 ignn.models.IGNN:215] epoch:237/best:48, loss:1.1673, train:0.5155, valid:0.4248/best:0.4627, test:0.4472/best:0.4562
[I 2026-09-13 22:17:11,364 ignn.models.IGNN:215] epoch:238/best:48, loss:1.1337, train:0.5136, valid:0.4276/best:0.4627, test:0.4584/best:0.4562
[I 2026-09-13 22:17:11,387 ignn.models.IGNN:215] epoch:239/best:48, loss:1.1305, train:0.5164, valid:0.4262/best:0.4627, test:0.4607/best:0.4562
[I 2026-09-13 22:17:11,410 ignn.models.IGNN:215] epoch:240/best:48, loss:1.1649, train:0.5136, valid:0.4318/best:0.4627, test:0.4539/best:0.4562
[I 2026-09-13 22:17:11,433 ignn.models.IGNN:215] epoch:241/best:48, loss:1.1409, train:0.5080, valid:0.4304/best:0.4627, test:0.4494/best:0.4562
[I 2026-09-13 22:17:11,456 ignn.models.IGNN:215] epoch:242/best:48, loss:1.1920, train:0.5183, valid:0.4248/best:0.4627, test:0.4539/best:0.4562
[I 2026-09-13 22:17:11,479 ignn.models.IGNN:215] epoch:243/best:48, loss:1.1706, train:0.5258, valid:0.4219/best:0.4627, test:0.4562/best:0.4562
[I 2026-09-13 22:17:11,502 ignn.models.IGNN:215] epoch:244/best:48, loss:1.1350, train:0.5473, valid:0.4262/best:0.4627, test:0.4494/best:0.4562
[I 2026-09-13 22:17:11,525 ignn.models.IGNN:215] epoch:245/best:48, loss:1.1279, train:0.5501, valid:0.4233/best:0.4627, test:0.4674/best:0.4562
[I 2026-09-13 22:17:11,548 ignn.models.IGNN:215] epoch:246/best:48, loss:1.1270, train:0.5361, valid:0.4079/best:0.4627, test:0.4539/best:0.4562
[I 2026-09-13 22:17:11,572 ignn.models.IGNN:215] epoch:247/best:48, loss:1.1367, train:0.5295, valid:0.4093/best:0.4627, test:0.4449/best:0.4562
[I 2026-09-13 22:17:11,594 ignn.models.IGNN:215] epoch:248/best:48, loss:1.1371, train:0.5183, valid:0.4121/best:0.4627, test:0.4539/best:0.4562
[I 2026-09-13 22:17:11,595 ignn.models.IGNN:222] Early Stopping! Best Epoch: 48, best val acc: 0.4627, test acc: 0.4562
[I 2026-09-13 22:17:11,595 ignn.models.IGNN:234] 10 epoch cost: 0.2762s.
[I 2026-09-13 22:17:11,608 __main__:210] squirrel_critical 9 res: 0.45617977528089887


[I 2026-09-13 22:17:11,608 __main__:214] Results: 	Acc:44.65±1.32 	Train cost: 10.81s

finished_utc=2026-09-13T14:17:12+00:00
exit_code=0
