run_dir=/home/lab_user/project/lzc/results/ignn/runs/20260912T064543Z_official_chameleon_c_public_r10
started_utc=2026-09-12T06:45:45+00:00
command=/home/lab_user/tools/miniconda3/envs/ignn/bin/python -u -m main --gpu_id 0 --seed 42 --dataset chameleon --source critical --model ignn --n_epochs 3000 --agg_type gcn_incep --IN IN-SN --h_feats 128 --lr 0.0005 --l2_coef 5e-05 --n_hops 1 --n_layers 3 --early_stop 50 --RN none --norm_type none --act_type none --preln True --fast False --pre_dropout 0.9 --hid_dropout 0.1 --clf_dropout 0.1 --eval_interval 1 --eval_start 0 --public True --repeat 10 
[I 2026-09-12 14:45:47,913 the_utils.setting:78] GPU available. Use cuda:0.
[I 2026-09-12 14:45:47,947 graph_datasets.utils.common:74] 
+------------+--------------------------------------+
|  Dataset   | Critical chameleon_filtered_directed |
+============+======================================+
|  NumNodes  |                                  890 |
+------------+--------------------------------------+
|  NumEdges  |                               13,584 |
+------------+--------------------------------------+
|  NumFeats  |                                2,325 |
+------------+--------------------------------------+
| NumClasses |                                    5 |
+------------+--------------------------------------+
[I 2026-09-12 14:45:47,958 graph_datasets.utils.common:74] 
+------------+---------------------------------------+
|  Dataset   |     CRITICAL undirected chameleon     |
|            | add_self_loop=True rm_self_loop=False |
+============+=======================================+
|  NumNodes  |                                   890 |
+------------+---------------------------------------+
|  NumEdges  |                                18,598 |
+------------+---------------------------------------+
|  NumFeats  |                                 2,325 |
+------------+---------------------------------------+
| NumClasses |                                     5 |
+------------+---------------------------------------+
[I 2026-09-12 14:45:47,960 __main__:137] 
+---------------+--------------------------------------------------------------+
| IN            | IN-SN                                                        |
+---------------+--------------------------------------------------------------+
| IN config     | INConf(name='chameleon_critical', n_hops=1,                  |
|               | add_self_loop=True, remove_self_loop=False, symm_norm=True,  |
|               | row_normalized=False, fast=False,                            |
|               | save_dir='tmp/ignn/neighborhoods')                           |
+---------------+--------------------------------------------------------------+
| RN            | none                                                         |
+---------------+--------------------------------------------------------------+
| act type      | none                                                         |
+---------------+--------------------------------------------------------------+
| agg type      | gcn_incep                                                    |
+---------------+--------------------------------------------------------------+
| att act type  | None                                                         |
+---------------+--------------------------------------------------------------+
| clf dropout   | 0.10000                                                      |
+---------------+--------------------------------------------------------------+
| early stop    | 50                                                           |
+---------------+--------------------------------------------------------------+
| eval interval | 1                                                            |
+---------------+--------------------------------------------------------------+
| eval start    | 0                                                            |
+---------------+--------------------------------------------------------------+
| fast          | False                                                        |
+---------------+--------------------------------------------------------------+
| h feats       | 128                                                          |
+---------------+--------------------------------------------------------------+
| hid dropout   | 0.10000                                                      |
+---------------+--------------------------------------------------------------+
| l2 coef       | 0.00005                                                      |
+---------------+--------------------------------------------------------------+
| loss          | ce                                                           |
+---------------+--------------------------------------------------------------+
| lr            | 0.00050                                                      |
+---------------+--------------------------------------------------------------+
| n epochs      | 3,000.0                                                      |
+---------------+--------------------------------------------------------------+
| n hops        | 1                                                            |
+---------------+--------------------------------------------------------------+
| n layers      | 3                                                            |
+---------------+--------------------------------------------------------------+
| norm type     | none                                                         |
+---------------+--------------------------------------------------------------+
| pre dropout   | 0.90000                                                      |
+---------------+--------------------------------------------------------------+
| pre lin       | True                                                         |
+---------------+--------------------------------------------------------------+
[I 2026-09-12 14:45:47,968 the_utils.common:35] split num: 10
random splits train:val:test =48:32:20

[D 2026-09-12 14:45:48,019 urllib3.connectionpool:456] https://pypi.org:443 "GET /pypi/ogb/json HTTP/1.1" 200 9741
[D 2026-09-12 14:45:48,272 urllib3.connectionpool:456] https://pypi.org:443 "GET /pypi/outdated/json HTTP/1.1" 200 3873
[I 2026-09-12 14:45:48,377 ignn.models.IGNN:215] epoch:0/best:0, loss:1.6173, train:0.3466, valid:0.2877/best:0.2877, test:0.3483/best:0.3483
[I 2026-09-12 14:45:48,394 ignn.models.IGNN:215] epoch:1/best:0, loss:1.6086, train:0.2927, valid:0.2526/best:0.2877, test:0.2528/best:0.3483
[I 2026-09-12 14:45:48,409 ignn.models.IGNN:215] epoch:2/best:0, loss:1.6063, train:0.2927, valid:0.2526/best:0.2877, test:0.2528/best:0.3483
[I 2026-09-12 14:45:48,425 ignn.models.IGNN:215] epoch:3/best:0, loss:1.6045, train:0.2927, valid:0.2526/best:0.2877, test:0.2528/best:0.3483
[I 2026-09-12 14:45:48,440 ignn.models.IGNN:215] epoch:4/best:0, loss:1.5956, train:0.2927, valid:0.2526/best:0.2877, test:0.2528/best:0.3483
[I 2026-09-12 14:45:48,455 ignn.models.IGNN:215] epoch:5/best:0, loss:1.5934, train:0.2927, valid:0.2526/best:0.2877, test:0.2528/best:0.3483
[I 2026-09-12 14:45:48,470 ignn.models.IGNN:215] epoch:6/best:0, loss:1.5908, train:0.2927, valid:0.2526/best:0.2877, test:0.2528/best:0.3483
[I 2026-09-12 14:45:48,486 ignn.models.IGNN:215] epoch:7/best:0, loss:1.5857, train:0.2927, valid:0.2526/best:0.2877, test:0.2528/best:0.3483
[I 2026-09-12 14:45:48,501 ignn.models.IGNN:215] epoch:8/best:0, loss:1.5832, train:0.2927, valid:0.2526/best:0.2877, test:0.2528/best:0.3483
[I 2026-09-12 14:45:48,516 ignn.models.IGNN:215] epoch:9/best:0, loss:1.5833, train:0.2927, valid:0.2526/best:0.2877, test:0.2528/best:0.3483
[I 2026-09-12 14:45:48,531 ignn.models.IGNN:215] epoch:10/best:0, loss:1.5810, train:0.2927, valid:0.2526/best:0.2877, test:0.2528/best:0.3483
[I 2026-09-12 14:45:48,546 ignn.models.IGNN:215] epoch:11/best:0, loss:1.5761, train:0.2927, valid:0.2526/best:0.2877, test:0.2472/best:0.3483
[I 2026-09-12 14:45:48,562 ignn.models.IGNN:215] epoch:12/best:0, loss:1.5755, train:0.2904, valid:0.2526/best:0.2877, test:0.2472/best:0.3483
[I 2026-09-12 14:45:48,577 ignn.models.IGNN:215] epoch:13/best:0, loss:1.5728, train:0.2927, valid:0.2561/best:0.2877, test:0.2472/best:0.3483
[I 2026-09-12 14:45:48,592 ignn.models.IGNN:215] epoch:14/best:0, loss:1.5700, train:0.2927, valid:0.2561/best:0.2877, test:0.2472/best:0.3483
[I 2026-09-12 14:45:48,607 ignn.models.IGNN:215] epoch:15/best:0, loss:1.5734, train:0.2951, valid:0.2526/best:0.2877, test:0.2472/best:0.3483
[I 2026-09-12 14:45:48,623 ignn.models.IGNN:215] epoch:16/best:0, loss:1.5736, train:0.2951, valid:0.2526/best:0.2877, test:0.2472/best:0.3483
[I 2026-09-12 14:45:48,638 ignn.models.IGNN:215] epoch:17/best:0, loss:1.5758, train:0.2951, valid:0.2526/best:0.2877, test:0.2528/best:0.3483
[I 2026-09-12 14:45:48,653 ignn.models.IGNN:215] epoch:18/best:0, loss:1.5697, train:0.2951, valid:0.2526/best:0.2877, test:0.2528/best:0.3483
[I 2026-09-12 14:45:48,668 ignn.models.IGNN:215] epoch:19/best:0, loss:1.5633, train:0.2974, valid:0.2526/best:0.2877, test:0.2528/best:0.3483
[I 2026-09-12 14:45:48,683 ignn.models.IGNN:215] epoch:20/best:0, loss:1.5616, train:0.2974, valid:0.2526/best:0.2877, test:0.2528/best:0.3483
[I 2026-09-12 14:45:48,699 ignn.models.IGNN:215] epoch:21/best:0, loss:1.5594, train:0.2951, valid:0.2526/best:0.2877, test:0.2528/best:0.3483
[I 2026-09-12 14:45:48,714 ignn.models.IGNN:215] epoch:22/best:0, loss:1.5650, train:0.2951, valid:0.2526/best:0.2877, test:0.2528/best:0.3483
[I 2026-09-12 14:45:48,729 ignn.models.IGNN:215] epoch:23/best:0, loss:1.5623, train:0.2998, valid:0.2526/best:0.2877, test:0.2528/best:0.3483
[I 2026-09-12 14:45:48,744 ignn.models.IGNN:215] epoch:24/best:0, loss:1.5509, train:0.2998, valid:0.2526/best:0.2877, test:0.2584/best:0.3483
[I 2026-09-12 14:45:48,759 ignn.models.IGNN:215] epoch:25/best:0, loss:1.5568, train:0.2998, valid:0.2561/best:0.2877, test:0.2584/best:0.3483
[I 2026-09-12 14:45:48,775 ignn.models.IGNN:215] epoch:26/best:0, loss:1.5523, train:0.3021, valid:0.2561/best:0.2877, test:0.2584/best:0.3483
[I 2026-09-12 14:45:48,790 ignn.models.IGNN:215] epoch:27/best:0, loss:1.5440, train:0.3044, valid:0.2632/best:0.2877, test:0.2584/best:0.3483
[I 2026-09-12 14:45:48,805 ignn.models.IGNN:215] epoch:28/best:0, loss:1.5425, train:0.3068, valid:0.2632/best:0.2877, test:0.2584/best:0.3483
[I 2026-09-12 14:45:48,820 ignn.models.IGNN:215] epoch:29/best:0, loss:1.5460, train:0.3091, valid:0.2632/best:0.2877, test:0.2584/best:0.3483
[I 2026-09-12 14:45:48,835 ignn.models.IGNN:215] epoch:30/best:0, loss:1.5415, train:0.3162, valid:0.2632/best:0.2877, test:0.2753/best:0.3483
[I 2026-09-12 14:45:48,851 ignn.models.IGNN:215] epoch:31/best:0, loss:1.5426, train:0.3208, valid:0.2667/best:0.2877, test:0.2753/best:0.3483
[I 2026-09-12 14:45:48,866 ignn.models.IGNN:215] epoch:32/best:0, loss:1.5431, train:0.3255, valid:0.2702/best:0.2877, test:0.2865/best:0.3483
[I 2026-09-12 14:45:48,881 ignn.models.IGNN:215] epoch:33/best:0, loss:1.5280, train:0.3396, valid:0.2772/best:0.2877, test:0.2921/best:0.3483
[I 2026-09-12 14:45:48,897 ignn.models.IGNN:215] epoch:34/best:0, loss:1.5266, train:0.3419, valid:0.2842/best:0.2877, test:0.2978/best:0.3483
[I 2026-09-12 14:45:48,914 ignn.models.IGNN:215] epoch:35/best:35, loss:1.5392, train:0.3443, valid:0.2912/best:0.2912, test:0.2921/best:0.2921
[I 2026-09-12 14:45:48,932 ignn.models.IGNN:215] epoch:36/best:36, loss:1.5264, train:0.3443, valid:0.2947/best:0.2947, test:0.3034/best:0.3034
[I 2026-09-12 14:45:48,949 ignn.models.IGNN:215] epoch:37/best:37, loss:1.5144, train:0.3583, valid:0.3018/best:0.3018, test:0.3146/best:0.3146
[I 2026-09-12 14:45:48,967 ignn.models.IGNN:215] epoch:38/best:38, loss:1.5156, train:0.3466, valid:0.3123/best:0.3123, test:0.3146/best:0.3146
[I 2026-09-12 14:45:48,984 ignn.models.IGNN:215] epoch:39/best:39, loss:1.5033, train:0.3466, valid:0.3123/best:0.3123, test:0.3090/best:0.3090
[I 2026-09-12 14:45:49,001 ignn.models.IGNN:215] epoch:40/best:40, loss:1.4921, train:0.3466, valid:0.3158/best:0.3158, test:0.3258/best:0.3258
[I 2026-09-12 14:45:49,018 ignn.models.IGNN:215] epoch:41/best:41, loss:1.5048, train:0.3560, valid:0.3193/best:0.3193, test:0.3371/best:0.3371
[I 2026-09-12 14:45:49,035 ignn.models.IGNN:215] epoch:42/best:42, loss:1.4891, train:0.3583, valid:0.3228/best:0.3228, test:0.3427/best:0.3427
[I 2026-09-12 14:45:49,052 ignn.models.IGNN:215] epoch:43/best:43, loss:1.4840, train:0.3607, valid:0.3228/best:0.3228, test:0.3427/best:0.3427
[I 2026-09-12 14:45:49,069 ignn.models.IGNN:215] epoch:44/best:44, loss:1.5063, train:0.3607, valid:0.3263/best:0.3263, test:0.3427/best:0.3427
[I 2026-09-12 14:45:49,086 ignn.models.IGNN:215] epoch:45/best:45, loss:1.4637, train:0.3653, valid:0.3298/best:0.3298, test:0.3483/best:0.3483
[I 2026-09-12 14:45:49,102 ignn.models.IGNN:215] epoch:46/best:45, loss:1.4779, train:0.3607, valid:0.3263/best:0.3298, test:0.3483/best:0.3483
[I 2026-09-12 14:45:49,119 ignn.models.IGNN:215] epoch:47/best:47, loss:1.4799, train:0.3724, valid:0.3298/best:0.3298, test:0.3427/best:0.3427
[I 2026-09-12 14:45:49,135 ignn.models.IGNN:215] epoch:48/best:48, loss:1.4498, train:0.3841, valid:0.3404/best:0.3404, test:0.3539/best:0.3539
[I 2026-09-12 14:45:49,152 ignn.models.IGNN:215] epoch:49/best:49, loss:1.4498, train:0.3864, valid:0.3439/best:0.3439, test:0.3483/best:0.3483
[I 2026-09-12 14:45:49,167 ignn.models.IGNN:215] epoch:50/best:49, loss:1.4473, train:0.3864, valid:0.3404/best:0.3439, test:0.3483/best:0.3483
[I 2026-09-12 14:45:49,184 ignn.models.IGNN:215] epoch:51/best:51, loss:1.4356, train:0.3958, valid:0.3509/best:0.3509, test:0.3483/best:0.3483
[I 2026-09-12 14:45:49,200 ignn.models.IGNN:215] epoch:52/best:52, loss:1.4298, train:0.4075, valid:0.3614/best:0.3614, test:0.3483/best:0.3483
[I 2026-09-12 14:45:49,217 ignn.models.IGNN:215] epoch:53/best:53, loss:1.4579, train:0.4122, valid:0.3614/best:0.3614, test:0.3483/best:0.3483
[I 2026-09-12 14:45:49,234 ignn.models.IGNN:215] epoch:54/best:54, loss:1.4600, train:0.4145, valid:0.3649/best:0.3649, test:0.3539/best:0.3539
[I 2026-09-12 14:45:49,249 ignn.models.IGNN:215] epoch:55/best:54, loss:1.4076, train:0.4122, valid:0.3544/best:0.3649, test:0.3539/best:0.3539
[I 2026-09-12 14:45:49,264 ignn.models.IGNN:215] epoch:56/best:54, loss:1.4140, train:0.4169, valid:0.3579/best:0.3649, test:0.3483/best:0.3539
[I 2026-09-12 14:45:49,280 ignn.models.IGNN:215] epoch:57/best:54, loss:1.3988, train:0.4169, valid:0.3544/best:0.3649, test:0.3596/best:0.3539
[I 2026-09-12 14:45:49,296 ignn.models.IGNN:215] epoch:58/best:58, loss:1.4038, train:0.4309, valid:0.3649/best:0.3649, test:0.3596/best:0.3596
[I 2026-09-12 14:45:49,313 ignn.models.IGNN:215] epoch:59/best:59, loss:1.3836, train:0.4309, valid:0.3719/best:0.3719, test:0.3483/best:0.3483
[I 2026-09-12 14:45:49,330 ignn.models.IGNN:215] epoch:60/best:60, loss:1.3798, train:0.4426, valid:0.3754/best:0.3754, test:0.3596/best:0.3596
[I 2026-09-12 14:45:49,346 ignn.models.IGNN:215] epoch:61/best:61, loss:1.3998, train:0.4426, valid:0.3930/best:0.3930, test:0.3876/best:0.3876
[I 2026-09-12 14:45:49,363 ignn.models.IGNN:215] epoch:62/best:62, loss:1.3474, train:0.4473, valid:0.4000/best:0.4000, test:0.4045/best:0.4045
[I 2026-09-12 14:45:49,378 ignn.models.IGNN:215] epoch:63/best:62, loss:1.3671, train:0.4473, valid:0.3895/best:0.4000, test:0.4101/best:0.4045
[I 2026-09-12 14:45:49,393 ignn.models.IGNN:215] epoch:64/best:62, loss:1.3546, train:0.4496, valid:0.3930/best:0.4000, test:0.4157/best:0.4045
[I 2026-09-12 14:45:49,409 ignn.models.IGNN:215] epoch:65/best:62, loss:1.3397, train:0.4543, valid:0.3895/best:0.4000, test:0.3989/best:0.4045
[I 2026-09-12 14:45:49,424 ignn.models.IGNN:215] epoch:66/best:62, loss:1.3363, train:0.4543, valid:0.3754/best:0.4000, test:0.4270/best:0.4045
[I 2026-09-12 14:45:49,440 ignn.models.IGNN:215] epoch:67/best:62, loss:1.3265, train:0.4637, valid:0.3825/best:0.4000, test:0.4382/best:0.4045
[I 2026-09-12 14:45:49,455 ignn.models.IGNN:215] epoch:68/best:62, loss:1.3406, train:0.4614, valid:0.3860/best:0.4000, test:0.4382/best:0.4045
[I 2026-09-12 14:45:49,470 ignn.models.IGNN:215] epoch:69/best:62, loss:1.2740, train:0.4707, valid:0.3719/best:0.4000, test:0.4438/best:0.4045
[I 2026-09-12 14:45:49,485 ignn.models.IGNN:215] epoch:70/best:62, loss:1.2817, train:0.4941, valid:0.3684/best:0.4000, test:0.4494/best:0.4045
[I 2026-09-12 14:45:49,501 ignn.models.IGNN:215] epoch:71/best:62, loss:1.2552, train:0.4941, valid:0.3789/best:0.4000, test:0.4494/best:0.4045
[I 2026-09-12 14:45:49,516 ignn.models.IGNN:215] epoch:72/best:62, loss:1.2345, train:0.4941, valid:0.3754/best:0.4000, test:0.4663/best:0.4045
[I 2026-09-12 14:45:49,531 ignn.models.IGNN:215] epoch:73/best:62, loss:1.2492, train:0.5035, valid:0.3684/best:0.4000, test:0.5056/best:0.4045
[I 2026-09-12 14:45:49,547 ignn.models.IGNN:215] epoch:74/best:62, loss:1.2440, train:0.5035, valid:0.3719/best:0.4000, test:0.5112/best:0.4045
[I 2026-09-12 14:45:49,562 ignn.models.IGNN:215] epoch:75/best:62, loss:1.2444, train:0.5059, valid:0.3614/best:0.4000, test:0.4888/best:0.4045
[I 2026-09-12 14:45:49,577 ignn.models.IGNN:215] epoch:76/best:62, loss:1.2557, train:0.5059, valid:0.3579/best:0.4000, test:0.4719/best:0.4045
[I 2026-09-12 14:45:49,592 ignn.models.IGNN:215] epoch:77/best:62, loss:1.2278, train:0.5082, valid:0.3649/best:0.4000, test:0.4551/best:0.4045
[I 2026-09-12 14:45:49,608 ignn.models.IGNN:215] epoch:78/best:62, loss:1.1823, train:0.5246, valid:0.3684/best:0.4000, test:0.4494/best:0.4045
[I 2026-09-12 14:45:49,623 ignn.models.IGNN:215] epoch:79/best:62, loss:1.2069, train:0.5386, valid:0.3544/best:0.4000, test:0.4494/best:0.4045
[I 2026-09-12 14:45:49,638 ignn.models.IGNN:215] epoch:80/best:62, loss:1.1876, train:0.5386, valid:0.3579/best:0.4000, test:0.4494/best:0.4045
[I 2026-09-12 14:45:49,653 ignn.models.IGNN:215] epoch:81/best:62, loss:1.2140, train:0.5386, valid:0.3649/best:0.4000, test:0.4719/best:0.4045
[I 2026-09-12 14:45:49,669 ignn.models.IGNN:215] epoch:82/best:62, loss:1.1731, train:0.5433, valid:0.3649/best:0.4000, test:0.4831/best:0.4045
[I 2026-09-12 14:45:49,684 ignn.models.IGNN:215] epoch:83/best:62, loss:1.1488, train:0.5504, valid:0.3579/best:0.4000, test:0.4888/best:0.4045
[I 2026-09-12 14:45:49,699 ignn.models.IGNN:215] epoch:84/best:62, loss:1.1782, train:0.5550, valid:0.3579/best:0.4000, test:0.4888/best:0.4045
[I 2026-09-12 14:45:49,714 ignn.models.IGNN:215] epoch:85/best:62, loss:1.1403, train:0.5574, valid:0.3439/best:0.4000, test:0.4944/best:0.4045
[I 2026-09-12 14:45:49,730 ignn.models.IGNN:215] epoch:86/best:62, loss:1.1485, train:0.5644, valid:0.3649/best:0.4000, test:0.5000/best:0.4045
[I 2026-09-12 14:45:49,745 ignn.models.IGNN:215] epoch:87/best:62, loss:1.1596, train:0.5667, valid:0.3614/best:0.4000, test:0.5000/best:0.4045
[I 2026-09-12 14:45:49,760 ignn.models.IGNN:215] epoch:88/best:62, loss:1.1354, train:0.5691, valid:0.3649/best:0.4000, test:0.5112/best:0.4045
[I 2026-09-12 14:45:49,775 ignn.models.IGNN:215] epoch:89/best:62, loss:1.1330, train:0.5831, valid:0.3614/best:0.4000, test:0.5169/best:0.4045
[I 2026-09-12 14:45:49,791 ignn.models.IGNN:215] epoch:90/best:62, loss:1.1327, train:0.5831, valid:0.3860/best:0.4000, test:0.5281/best:0.4045
[I 2026-09-12 14:45:49,806 ignn.models.IGNN:215] epoch:91/best:62, loss:1.1220, train:0.5855, valid:0.3895/best:0.4000, test:0.5337/best:0.4045
[I 2026-09-12 14:45:49,821 ignn.models.IGNN:215] epoch:92/best:62, loss:1.1382, train:0.5925, valid:0.3930/best:0.4000, test:0.5393/best:0.4045
[I 2026-09-12 14:45:49,838 ignn.models.IGNN:215] epoch:93/best:93, loss:1.1230, train:0.5925, valid:0.4105/best:0.4105, test:0.5393/best:0.5393
[I 2026-09-12 14:45:49,855 ignn.models.IGNN:215] epoch:94/best:94, loss:1.0965, train:0.5925, valid:0.4211/best:0.4211, test:0.5225/best:0.5225
[I 2026-09-12 14:45:49,871 ignn.models.IGNN:215] epoch:95/best:95, loss:1.1297, train:0.5948, valid:0.4246/best:0.4246, test:0.5337/best:0.5337
[I 2026-09-12 14:45:49,887 ignn.models.IGNN:215] epoch:96/best:95, loss:1.0859, train:0.5948, valid:0.4175/best:0.4246, test:0.5393/best:0.5337
[I 2026-09-12 14:45:49,902 ignn.models.IGNN:215] epoch:97/best:95, loss:1.0887, train:0.6159, valid:0.4211/best:0.4246, test:0.5449/best:0.5337
[I 2026-09-12 14:45:49,918 ignn.models.IGNN:215] epoch:98/best:98, loss:1.1225, train:0.6183, valid:0.4281/best:0.4281, test:0.5449/best:0.5449
[I 2026-09-12 14:45:49,934 ignn.models.IGNN:215] epoch:99/best:98, loss:1.1072, train:0.6300, valid:0.4211/best:0.4281, test:0.5393/best:0.5449
[I 2026-09-12 14:45:49,951 ignn.models.IGNN:215] epoch:100/best:100, loss:1.0884, train:0.6253, valid:0.4281/best:0.4281, test:0.5449/best:0.5449
[I 2026-09-12 14:45:49,966 ignn.models.IGNN:215] epoch:101/best:100, loss:1.0889, train:0.6112, valid:0.4105/best:0.4281, test:0.5393/best:0.5449
[I 2026-09-12 14:45:49,981 ignn.models.IGNN:215] epoch:102/best:100, loss:1.1087, train:0.5972, valid:0.4211/best:0.4281, test:0.5112/best:0.5449
[I 2026-09-12 14:45:49,997 ignn.models.IGNN:215] epoch:103/best:100, loss:1.0986, train:0.5972, valid:0.4105/best:0.4281, test:0.5112/best:0.5449
[I 2026-09-12 14:45:50,012 ignn.models.IGNN:215] epoch:104/best:100, loss:1.1080, train:0.5831, valid:0.4175/best:0.4281, test:0.5000/best:0.5449
[I 2026-09-12 14:45:50,027 ignn.models.IGNN:215] epoch:105/best:100, loss:1.0903, train:0.5808, valid:0.4105/best:0.4281, test:0.5056/best:0.5449
[I 2026-09-12 14:45:50,042 ignn.models.IGNN:215] epoch:106/best:100, loss:1.1066, train:0.5902, valid:0.4175/best:0.4281, test:0.5337/best:0.5449
[I 2026-09-12 14:45:50,058 ignn.models.IGNN:215] epoch:107/best:100, loss:1.0639, train:0.6136, valid:0.4035/best:0.4281, test:0.5449/best:0.5449
[I 2026-09-12 14:45:50,073 ignn.models.IGNN:215] epoch:108/best:100, loss:1.0511, train:0.6347, valid:0.4070/best:0.4281, test:0.5393/best:0.5449
[I 2026-09-12 14:45:50,088 ignn.models.IGNN:215] epoch:109/best:100, loss:1.0685, train:0.6417, valid:0.4070/best:0.4281, test:0.5449/best:0.5449
[I 2026-09-12 14:45:50,103 ignn.models.IGNN:215] epoch:110/best:100, loss:1.0626, train:0.6300, valid:0.4105/best:0.4281, test:0.5337/best:0.5449
[I 2026-09-12 14:45:50,118 ignn.models.IGNN:215] epoch:111/best:100, loss:1.0702, train:0.6276, valid:0.4140/best:0.4281, test:0.5393/best:0.5449
[I 2026-09-12 14:45:50,134 ignn.models.IGNN:215] epoch:112/best:100, loss:1.0653, train:0.6300, valid:0.4105/best:0.4281, test:0.5225/best:0.5449
[I 2026-09-12 14:45:50,149 ignn.models.IGNN:215] epoch:113/best:100, loss:1.0772, train:0.6300, valid:0.4105/best:0.4281, test:0.5112/best:0.5449
[I 2026-09-12 14:45:50,164 ignn.models.IGNN:215] epoch:114/best:100, loss:1.0918, train:0.6253, valid:0.4105/best:0.4281, test:0.5000/best:0.5449
[I 2026-09-12 14:45:50,180 ignn.models.IGNN:215] epoch:115/best:100, loss:1.0819, train:0.6393, valid:0.4140/best:0.4281, test:0.5000/best:0.5449
[I 2026-09-12 14:45:50,195 ignn.models.IGNN:215] epoch:116/best:100, loss:1.0994, train:0.6417, valid:0.4140/best:0.4281, test:0.5225/best:0.5449
[I 2026-09-12 14:45:50,210 ignn.models.IGNN:215] epoch:117/best:100, loss:1.0843, train:0.6464, valid:0.4070/best:0.4281, test:0.5337/best:0.5449
[I 2026-09-12 14:45:50,226 ignn.models.IGNN:215] epoch:118/best:100, loss:1.0837, train:0.6534, valid:0.4140/best:0.4281, test:0.5225/best:0.5449
[I 2026-09-12 14:45:50,241 ignn.models.IGNN:215] epoch:119/best:100, loss:1.0479, train:0.6347, valid:0.4070/best:0.4281, test:0.5449/best:0.5449
[I 2026-09-12 14:45:50,256 ignn.models.IGNN:215] epoch:120/best:100, loss:1.0463, train:0.6440, valid:0.4175/best:0.4281, test:0.5674/best:0.5449
[I 2026-09-12 14:45:50,271 ignn.models.IGNN:215] epoch:121/best:100, loss:1.0400, train:0.6300, valid:0.4175/best:0.4281, test:0.5562/best:0.5449
[I 2026-09-12 14:45:50,287 ignn.models.IGNN:215] epoch:122/best:100, loss:1.0875, train:0.6253, valid:0.4211/best:0.4281, test:0.5449/best:0.5449
[I 2026-09-12 14:45:50,303 ignn.models.IGNN:215] epoch:123/best:123, loss:1.0591, train:0.6323, valid:0.4351/best:0.4351, test:0.5506/best:0.5506
[I 2026-09-12 14:45:50,321 ignn.models.IGNN:215] epoch:124/best:124, loss:1.0743, train:0.6370, valid:0.4386/best:0.4386, test:0.5449/best:0.5449
[I 2026-09-12 14:45:50,338 ignn.models.IGNN:215] epoch:125/best:125, loss:1.0137, train:0.6487, valid:0.4386/best:0.4386, test:0.5393/best:0.5393
[I 2026-09-12 14:45:50,355 ignn.models.IGNN:215] epoch:126/best:125, loss:1.0535, train:0.6581, valid:0.4246/best:0.4386, test:0.5169/best:0.5393
[I 2026-09-12 14:45:50,371 ignn.models.IGNN:215] epoch:127/best:125, loss:1.0528, train:0.6698, valid:0.4175/best:0.4386, test:0.5169/best:0.5393
[I 2026-09-12 14:45:50,387 ignn.models.IGNN:215] epoch:128/best:125, loss:1.0311, train:0.6792, valid:0.4351/best:0.4386, test:0.5281/best:0.5393
[I 2026-09-12 14:45:50,404 ignn.models.IGNN:215] epoch:129/best:129, loss:1.0313, train:0.6651, valid:0.4386/best:0.4386, test:0.5393/best:0.5393
[I 2026-09-12 14:45:50,421 ignn.models.IGNN:215] epoch:130/best:130, loss:1.0703, train:0.6557, valid:0.4386/best:0.4386, test:0.5449/best:0.5449
[I 2026-09-12 14:45:50,438 ignn.models.IGNN:215] epoch:131/best:131, loss:1.0037, train:0.6534, valid:0.4421/best:0.4421, test:0.5506/best:0.5506
[I 2026-09-12 14:45:50,453 ignn.models.IGNN:215] epoch:132/best:131, loss:1.0252, train:0.6628, valid:0.4386/best:0.4421, test:0.5506/best:0.5506
[I 2026-09-12 14:45:50,469 ignn.models.IGNN:215] epoch:133/best:131, loss:1.0340, train:0.6838, valid:0.4386/best:0.4421, test:0.5393/best:0.5506
[I 2026-09-12 14:45:50,484 ignn.models.IGNN:215] epoch:134/best:131, loss:1.0827, train:0.6932, valid:0.4316/best:0.4421, test:0.5169/best:0.5506
[I 2026-09-12 14:45:50,500 ignn.models.IGNN:215] epoch:135/best:131, loss:1.0104, train:0.7073, valid:0.4316/best:0.4421, test:0.5169/best:0.5506
[I 2026-09-12 14:45:50,516 ignn.models.IGNN:215] epoch:136/best:131, loss:1.0201, train:0.6909, valid:0.4351/best:0.4421, test:0.5056/best:0.5506
[I 2026-09-12 14:45:50,531 ignn.models.IGNN:215] epoch:137/best:131, loss:1.0399, train:0.6932, valid:0.4351/best:0.4421, test:0.5056/best:0.5506
[I 2026-09-12 14:45:50,548 ignn.models.IGNN:215] epoch:138/best:138, loss:1.0453, train:0.7026, valid:0.4421/best:0.4421, test:0.5112/best:0.5112
[I 2026-09-12 14:45:50,564 ignn.models.IGNN:215] epoch:139/best:139, loss:1.0427, train:0.6956, valid:0.4421/best:0.4421, test:0.5056/best:0.5056
[I 2026-09-12 14:45:50,581 ignn.models.IGNN:215] epoch:140/best:140, loss:1.0544, train:0.6862, valid:0.4526/best:0.4526, test:0.5281/best:0.5281
[I 2026-09-12 14:45:50,597 ignn.models.IGNN:215] epoch:141/best:141, loss:1.0036, train:0.6838, valid:0.4561/best:0.4561, test:0.5281/best:0.5281
[I 2026-09-12 14:45:50,614 ignn.models.IGNN:215] epoch:142/best:142, loss:1.0104, train:0.6862, valid:0.4596/best:0.4596, test:0.5281/best:0.5281
[I 2026-09-12 14:45:50,629 ignn.models.IGNN:215] epoch:143/best:142, loss:1.0680, train:0.6909, valid:0.4491/best:0.4596, test:0.5112/best:0.5281
[I 2026-09-12 14:45:50,645 ignn.models.IGNN:215] epoch:144/best:142, loss:1.0622, train:0.7049, valid:0.4421/best:0.4596, test:0.5112/best:0.5281
[I 2026-09-12 14:45:50,660 ignn.models.IGNN:215] epoch:145/best:142, loss:1.0463, train:0.7049, valid:0.4281/best:0.4596, test:0.5169/best:0.5281
[I 2026-09-12 14:45:50,675 ignn.models.IGNN:215] epoch:146/best:142, loss:1.0308, train:0.7049, valid:0.4211/best:0.4596, test:0.5112/best:0.5281
[I 2026-09-12 14:45:50,691 ignn.models.IGNN:215] epoch:147/best:142, loss:1.0300, train:0.7026, valid:0.4246/best:0.4596, test:0.5056/best:0.5281
[I 2026-09-12 14:45:50,706 ignn.models.IGNN:215] epoch:148/best:142, loss:1.0007, train:0.7049, valid:0.4246/best:0.4596, test:0.5000/best:0.5281
[I 2026-09-12 14:45:50,721 ignn.models.IGNN:215] epoch:149/best:142, loss:1.0300, train:0.6932, valid:0.4140/best:0.4596, test:0.5056/best:0.5281
[I 2026-09-12 14:45:50,737 ignn.models.IGNN:215] epoch:150/best:142, loss:0.9911, train:0.6838, valid:0.4246/best:0.4596, test:0.5056/best:0.5281
[I 2026-09-12 14:45:50,752 ignn.models.IGNN:215] epoch:151/best:142, loss:1.0177, train:0.6674, valid:0.4140/best:0.4596, test:0.5169/best:0.5281
[I 2026-09-12 14:45:50,767 ignn.models.IGNN:215] epoch:152/best:142, loss:1.0016, train:0.6651, valid:0.4140/best:0.4596, test:0.5169/best:0.5281
[I 2026-09-12 14:45:50,782 ignn.models.IGNN:215] epoch:153/best:142, loss:1.0371, train:0.6721, valid:0.4281/best:0.4596, test:0.5225/best:0.5281
[I 2026-09-12 14:45:50,798 ignn.models.IGNN:215] epoch:154/best:142, loss:0.9787, train:0.6862, valid:0.4175/best:0.4596, test:0.5000/best:0.5281
[I 2026-09-12 14:45:50,813 ignn.models.IGNN:215] epoch:155/best:142, loss:0.9594, train:0.6909, valid:0.4246/best:0.4596, test:0.5056/best:0.5281
[I 2026-09-12 14:45:50,828 ignn.models.IGNN:215] epoch:156/best:142, loss:1.0229, train:0.6956, valid:0.4281/best:0.4596, test:0.5169/best:0.5281
[I 2026-09-12 14:45:50,843 ignn.models.IGNN:215] epoch:157/best:142, loss:1.0038, train:0.7002, valid:0.4281/best:0.4596, test:0.5112/best:0.5281
[I 2026-09-12 14:45:50,859 ignn.models.IGNN:215] epoch:158/best:142, loss:0.9598, train:0.7002, valid:0.4281/best:0.4596, test:0.5056/best:0.5281
[I 2026-09-12 14:45:50,874 ignn.models.IGNN:215] epoch:159/best:142, loss:1.0032, train:0.7049, valid:0.4246/best:0.4596, test:0.5000/best:0.5281
[I 2026-09-12 14:45:50,889 ignn.models.IGNN:215] epoch:160/best:142, loss:1.0470, train:0.7190, valid:0.4386/best:0.4596, test:0.5000/best:0.5281
[I 2026-09-12 14:45:50,904 ignn.models.IGNN:215] epoch:161/best:142, loss:0.9960, train:0.7213, valid:0.4351/best:0.4596, test:0.5112/best:0.5281
[I 2026-09-12 14:45:50,920 ignn.models.IGNN:215] epoch:162/best:142, loss:1.0471, train:0.7237, valid:0.4316/best:0.4596, test:0.5056/best:0.5281
[I 2026-09-12 14:45:50,935 ignn.models.IGNN:215] epoch:163/best:142, loss:1.0075, train:0.7307, valid:0.4351/best:0.4596, test:0.5000/best:0.5281
[I 2026-09-12 14:45:50,951 ignn.models.IGNN:215] epoch:164/best:142, loss:1.0144, train:0.7260, valid:0.4386/best:0.4596, test:0.4944/best:0.5281
[I 2026-09-12 14:45:50,966 ignn.models.IGNN:215] epoch:165/best:142, loss:1.0174, train:0.7237, valid:0.4316/best:0.4596, test:0.4888/best:0.5281
[I 2026-09-12 14:45:50,982 ignn.models.IGNN:215] epoch:166/best:142, loss:0.9881, train:0.7119, valid:0.4281/best:0.4596, test:0.5000/best:0.5281
[I 2026-09-12 14:45:50,998 ignn.models.IGNN:215] epoch:167/best:142, loss:0.9598, train:0.6979, valid:0.4175/best:0.4596, test:0.5000/best:0.5281
[I 2026-09-12 14:45:51,014 ignn.models.IGNN:215] epoch:168/best:142, loss:1.0396, train:0.6885, valid:0.4070/best:0.4596, test:0.4831/best:0.5281
[I 2026-09-12 14:45:51,030 ignn.models.IGNN:215] epoch:169/best:142, loss:0.9707, train:0.6721, valid:0.4175/best:0.4596, test:0.4775/best:0.5281
[I 2026-09-12 14:45:51,045 ignn.models.IGNN:215] epoch:170/best:142, loss:1.0243, train:0.6792, valid:0.4175/best:0.4596, test:0.4831/best:0.5281
[I 2026-09-12 14:45:51,061 ignn.models.IGNN:215] epoch:171/best:142, loss:1.0081, train:0.6956, valid:0.4035/best:0.4596, test:0.4831/best:0.5281
[I 2026-09-12 14:45:51,076 ignn.models.IGNN:215] epoch:172/best:142, loss:0.9947, train:0.7026, valid:0.4035/best:0.4596, test:0.4944/best:0.5281
[I 2026-09-12 14:45:51,092 ignn.models.IGNN:215] epoch:173/best:142, loss:1.0104, train:0.6979, valid:0.4070/best:0.4596, test:0.4775/best:0.5281
[I 2026-09-12 14:45:51,108 ignn.models.IGNN:215] epoch:174/best:142, loss:1.0156, train:0.6932, valid:0.4070/best:0.4596, test:0.4775/best:0.5281
[I 2026-09-12 14:45:51,123 ignn.models.IGNN:215] epoch:175/best:142, loss:1.0025, train:0.6956, valid:0.4070/best:0.4596, test:0.4944/best:0.5281
[I 2026-09-12 14:45:51,138 ignn.models.IGNN:215] epoch:176/best:142, loss:1.0181, train:0.7119, valid:0.4035/best:0.4596, test:0.4944/best:0.5281
[I 2026-09-12 14:45:51,154 ignn.models.IGNN:215] epoch:177/best:142, loss:1.0488, train:0.7166, valid:0.4105/best:0.4596, test:0.5000/best:0.5281
[I 2026-09-12 14:45:51,170 ignn.models.IGNN:215] epoch:178/best:142, loss:0.9978, train:0.7354, valid:0.4105/best:0.4596, test:0.5112/best:0.5281
[I 2026-09-12 14:45:51,185 ignn.models.IGNN:215] epoch:179/best:142, loss:0.9739, train:0.7307, valid:0.4105/best:0.4596, test:0.5112/best:0.5281
[I 2026-09-12 14:45:51,200 ignn.models.IGNN:215] epoch:180/best:142, loss:1.0072, train:0.7354, valid:0.4211/best:0.4596, test:0.5000/best:0.5281
[I 2026-09-12 14:45:51,215 ignn.models.IGNN:215] epoch:181/best:142, loss:0.9954, train:0.7283, valid:0.4246/best:0.4596, test:0.5112/best:0.5281
[I 2026-09-12 14:45:51,231 ignn.models.IGNN:215] epoch:182/best:142, loss:1.0225, train:0.7190, valid:0.4281/best:0.4596, test:0.5169/best:0.5281
[I 2026-09-12 14:45:51,246 ignn.models.IGNN:215] epoch:183/best:142, loss:0.9767, train:0.7190, valid:0.4386/best:0.4596, test:0.5225/best:0.5281
[I 2026-09-12 14:45:51,261 ignn.models.IGNN:215] epoch:184/best:142, loss:0.9859, train:0.7143, valid:0.4386/best:0.4596, test:0.5169/best:0.5281
[I 2026-09-12 14:45:51,276 ignn.models.IGNN:215] epoch:185/best:142, loss:0.9752, train:0.7096, valid:0.4456/best:0.4596, test:0.5169/best:0.5281
[I 2026-09-12 14:45:51,292 ignn.models.IGNN:215] epoch:186/best:142, loss:1.0425, train:0.7143, valid:0.4351/best:0.4596, test:0.5281/best:0.5281
[I 2026-09-12 14:45:51,307 ignn.models.IGNN:215] epoch:187/best:142, loss:0.9951, train:0.7119, valid:0.4281/best:0.4596, test:0.5225/best:0.5281
[I 2026-09-12 14:45:51,322 ignn.models.IGNN:215] epoch:188/best:142, loss:0.9369, train:0.7166, valid:0.4246/best:0.4596, test:0.5281/best:0.5281
[I 2026-09-12 14:45:51,337 ignn.models.IGNN:215] epoch:189/best:142, loss:0.9606, train:0.7166, valid:0.4421/best:0.4596, test:0.5281/best:0.5281
[I 2026-09-12 14:45:51,353 ignn.models.IGNN:215] epoch:190/best:142, loss:0.9951, train:0.7237, valid:0.4386/best:0.4596, test:0.5225/best:0.5281
[I 2026-09-12 14:45:51,368 ignn.models.IGNN:215] epoch:191/best:142, loss:0.9421, train:0.7354, valid:0.4351/best:0.4596, test:0.5112/best:0.5281
[I 2026-09-12 14:45:51,383 ignn.models.IGNN:215] epoch:192/best:142, loss:0.9630, train:0.7400, valid:0.4316/best:0.4596, test:0.5056/best:0.5281
[I 2026-09-12 14:45:51,383 ignn.models.IGNN:222] Early Stopping! Best Epoch: 142, best val acc: 0.4596, test acc: 0.5281
[I 2026-09-12 14:45:51,384 ignn.models.IGNN:234] 10 epoch cost: 0.1720s.
[I 2026-09-12 14:45:51,391 __main__:210] chameleon_critical 0 res: 0.5280898876404494


[I 2026-09-12 14:45:51,417 ignn.models.IGNN:215] epoch:0/best:0, loss:1.6017, train:0.2319, valid:0.2175/best:0.2175, test:0.2697/best:0.2697
[I 2026-09-12 14:45:51,434 ignn.models.IGNN:215] epoch:1/best:1, loss:1.6000, train:0.2319, valid:0.2246/best:0.2246, test:0.2697/best:0.2697
[I 2026-09-12 14:45:51,449 ignn.models.IGNN:215] epoch:2/best:1, loss:1.5964, train:0.1803, valid:0.1649/best:0.2246, test:0.1742/best:0.2697
[I 2026-09-12 14:45:51,466 ignn.models.IGNN:215] epoch:3/best:3, loss:1.5949, train:0.2763, valid:0.2386/best:0.2386, test:0.3146/best:0.3146
[I 2026-09-12 14:45:51,483 ignn.models.IGNN:215] epoch:4/best:4, loss:1.5903, train:0.2763, valid:0.2386/best:0.2386, test:0.3146/best:0.3146
[I 2026-09-12 14:45:51,499 ignn.models.IGNN:215] epoch:5/best:5, loss:1.5900, train:0.2763, valid:0.2386/best:0.2386, test:0.3146/best:0.3146
[I 2026-09-12 14:45:51,516 ignn.models.IGNN:215] epoch:6/best:6, loss:1.5827, train:0.2763, valid:0.2386/best:0.2386, test:0.3146/best:0.3146
[I 2026-09-12 14:45:51,533 ignn.models.IGNN:215] epoch:7/best:7, loss:1.5890, train:0.2763, valid:0.2386/best:0.2386, test:0.3146/best:0.3146
[I 2026-09-12 14:45:51,549 ignn.models.IGNN:215] epoch:8/best:8, loss:1.5854, train:0.2763, valid:0.2386/best:0.2386, test:0.3146/best:0.3146
[I 2026-09-12 14:45:51,566 ignn.models.IGNN:215] epoch:9/best:9, loss:1.5826, train:0.2763, valid:0.2386/best:0.2386, test:0.3146/best:0.3146
[I 2026-09-12 14:45:51,582 ignn.models.IGNN:215] epoch:10/best:10, loss:1.5837, train:0.2763, valid:0.2386/best:0.2386, test:0.3146/best:0.3146
[I 2026-09-12 14:45:51,599 ignn.models.IGNN:215] epoch:11/best:11, loss:1.5788, train:0.2763, valid:0.2386/best:0.2386, test:0.3202/best:0.3202
[I 2026-09-12 14:45:51,616 ignn.models.IGNN:215] epoch:12/best:12, loss:1.5810, train:0.2787, valid:0.2386/best:0.2386, test:0.3202/best:0.3202
[I 2026-09-12 14:45:51,632 ignn.models.IGNN:215] epoch:13/best:13, loss:1.5761, train:0.2787, valid:0.2386/best:0.2386, test:0.3258/best:0.3258
[I 2026-09-12 14:45:51,649 ignn.models.IGNN:215] epoch:14/best:14, loss:1.5783, train:0.2787, valid:0.2386/best:0.2386, test:0.3258/best:0.3258
[I 2026-09-12 14:45:51,665 ignn.models.IGNN:215] epoch:15/best:15, loss:1.5719, train:0.2787, valid:0.2421/best:0.2421, test:0.3258/best:0.3258
[I 2026-09-12 14:45:51,682 ignn.models.IGNN:215] epoch:16/best:16, loss:1.5745, train:0.2787, valid:0.2421/best:0.2421, test:0.3258/best:0.3258
[I 2026-09-12 14:45:51,699 ignn.models.IGNN:215] epoch:17/best:17, loss:1.5739, train:0.2787, valid:0.2421/best:0.2421, test:0.3258/best:0.3258
[I 2026-09-12 14:45:51,715 ignn.models.IGNN:215] epoch:18/best:18, loss:1.5716, train:0.2810, valid:0.2421/best:0.2421, test:0.3258/best:0.3258
[I 2026-09-12 14:45:51,732 ignn.models.IGNN:215] epoch:19/best:19, loss:1.5707, train:0.2810, valid:0.2421/best:0.2421, test:0.3258/best:0.3258
[I 2026-09-12 14:45:51,749 ignn.models.IGNN:215] epoch:20/best:20, loss:1.5703, train:0.2810, valid:0.2456/best:0.2456, test:0.3258/best:0.3258
[I 2026-09-12 14:45:51,765 ignn.models.IGNN:215] epoch:21/best:21, loss:1.5686, train:0.2857, valid:0.2456/best:0.2456, test:0.3258/best:0.3258
[I 2026-09-12 14:45:51,782 ignn.models.IGNN:215] epoch:22/best:22, loss:1.5638, train:0.2904, valid:0.2456/best:0.2456, test:0.3258/best:0.3258
[I 2026-09-12 14:45:51,799 ignn.models.IGNN:215] epoch:23/best:23, loss:1.5651, train:0.2927, valid:0.2456/best:0.2456, test:0.3258/best:0.3258
[I 2026-09-12 14:45:51,815 ignn.models.IGNN:215] epoch:24/best:24, loss:1.5567, train:0.2951, valid:0.2456/best:0.2456, test:0.3258/best:0.3258
[I 2026-09-12 14:45:51,832 ignn.models.IGNN:215] epoch:25/best:25, loss:1.5581, train:0.2927, valid:0.2456/best:0.2456, test:0.3315/best:0.3315
[I 2026-09-12 14:45:51,848 ignn.models.IGNN:215] epoch:26/best:26, loss:1.5502, train:0.2951, valid:0.2456/best:0.2456, test:0.3315/best:0.3315
[I 2026-09-12 14:45:51,865 ignn.models.IGNN:215] epoch:27/best:27, loss:1.5596, train:0.2951, valid:0.2491/best:0.2491, test:0.3315/best:0.3315
[I 2026-09-12 14:45:51,880 ignn.models.IGNN:215] epoch:28/best:27, loss:1.5539, train:0.3044, valid:0.2456/best:0.2491, test:0.3371/best:0.3315
[I 2026-09-12 14:45:51,896 ignn.models.IGNN:215] epoch:29/best:27, loss:1.5486, train:0.3115, valid:0.2456/best:0.2491, test:0.3371/best:0.3315
[I 2026-09-12 14:45:51,912 ignn.models.IGNN:215] epoch:30/best:30, loss:1.5499, train:0.3138, valid:0.2526/best:0.2526, test:0.3371/best:0.3371
[I 2026-09-12 14:45:51,929 ignn.models.IGNN:215] epoch:31/best:31, loss:1.5407, train:0.3162, valid:0.2561/best:0.2561, test:0.3427/best:0.3427
[I 2026-09-12 14:45:51,945 ignn.models.IGNN:215] epoch:32/best:32, loss:1.5342, train:0.3302, valid:0.2596/best:0.2596, test:0.3483/best:0.3483
[I 2026-09-12 14:45:51,962 ignn.models.IGNN:215] epoch:33/best:33, loss:1.5350, train:0.3349, valid:0.2632/best:0.2632, test:0.3539/best:0.3539
[I 2026-09-12 14:45:51,979 ignn.models.IGNN:215] epoch:34/best:34, loss:1.5329, train:0.3489, valid:0.2737/best:0.2737, test:0.3764/best:0.3764
[I 2026-09-12 14:45:51,996 ignn.models.IGNN:215] epoch:35/best:35, loss:1.5262, train:0.3583, valid:0.2807/best:0.2807, test:0.3820/best:0.3820
[I 2026-09-12 14:45:52,013 ignn.models.IGNN:215] epoch:36/best:36, loss:1.5322, train:0.3724, valid:0.2877/best:0.2877, test:0.3820/best:0.3820
[I 2026-09-12 14:45:52,029 ignn.models.IGNN:215] epoch:37/best:37, loss:1.5266, train:0.3794, valid:0.3018/best:0.3018, test:0.3933/best:0.3933
[I 2026-09-12 14:45:52,046 ignn.models.IGNN:215] epoch:38/best:38, loss:1.5281, train:0.3817, valid:0.3053/best:0.3053, test:0.3876/best:0.3876
[I 2026-09-12 14:45:52,063 ignn.models.IGNN:215] epoch:39/best:39, loss:1.5305, train:0.3841, valid:0.3053/best:0.3053, test:0.3933/best:0.3933
[I 2026-09-12 14:45:52,078 ignn.models.IGNN:215] epoch:40/best:39, loss:1.5220, train:0.3817, valid:0.3018/best:0.3053, test:0.3933/best:0.3933
[I 2026-09-12 14:45:52,095 ignn.models.IGNN:215] epoch:41/best:41, loss:1.5138, train:0.3841, valid:0.3088/best:0.3088, test:0.3876/best:0.3876
[I 2026-09-12 14:45:52,112 ignn.models.IGNN:215] epoch:42/best:42, loss:1.5071, train:0.3864, valid:0.3123/best:0.3123, test:0.3933/best:0.3933
[I 2026-09-12 14:45:52,128 ignn.models.IGNN:215] epoch:43/best:43, loss:1.4966, train:0.3841, valid:0.3158/best:0.3158, test:0.3933/best:0.3933
[I 2026-09-12 14:45:52,145 ignn.models.IGNN:215] epoch:44/best:44, loss:1.4883, train:0.3841, valid:0.3158/best:0.3158, test:0.3989/best:0.3989
[I 2026-09-12 14:45:52,162 ignn.models.IGNN:215] epoch:45/best:45, loss:1.5023, train:0.3888, valid:0.3193/best:0.3193, test:0.4045/best:0.4045
[I 2026-09-12 14:45:52,178 ignn.models.IGNN:215] epoch:46/best:46, loss:1.4974, train:0.3864, valid:0.3193/best:0.3193, test:0.4101/best:0.4101
[I 2026-09-12 14:45:52,195 ignn.models.IGNN:215] epoch:47/best:47, loss:1.4882, train:0.3841, valid:0.3228/best:0.3228, test:0.4213/best:0.4213
[I 2026-09-12 14:45:52,210 ignn.models.IGNN:215] epoch:48/best:47, loss:1.4876, train:0.3911, valid:0.3193/best:0.3228, test:0.4270/best:0.4213
[I 2026-09-12 14:45:52,227 ignn.models.IGNN:215] epoch:49/best:49, loss:1.4883, train:0.3911, valid:0.3263/best:0.3263, test:0.4270/best:0.4270
[I 2026-09-12 14:45:52,244 ignn.models.IGNN:215] epoch:50/best:50, loss:1.4713, train:0.3934, valid:0.3263/best:0.3263, test:0.4326/best:0.4326
[I 2026-09-12 14:45:52,260 ignn.models.IGNN:215] epoch:51/best:51, loss:1.4977, train:0.3958, valid:0.3404/best:0.3404, test:0.4326/best:0.4326
[I 2026-09-12 14:45:52,275 ignn.models.IGNN:215] epoch:52/best:51, loss:1.4809, train:0.3888, valid:0.3368/best:0.3404, test:0.4326/best:0.4326
[I 2026-09-12 14:45:52,291 ignn.models.IGNN:215] epoch:53/best:51, loss:1.4637, train:0.3888, valid:0.3333/best:0.3404, test:0.4438/best:0.4326
[I 2026-09-12 14:45:52,307 ignn.models.IGNN:215] epoch:54/best:54, loss:1.4875, train:0.3958, valid:0.3404/best:0.3404, test:0.4382/best:0.4382
[I 2026-09-12 14:45:52,324 ignn.models.IGNN:215] epoch:55/best:55, loss:1.4788, train:0.3958, valid:0.3404/best:0.3404, test:0.4382/best:0.4382
[I 2026-09-12 14:45:52,341 ignn.models.IGNN:215] epoch:56/best:56, loss:1.4831, train:0.3934, valid:0.3404/best:0.3404, test:0.4326/best:0.4326
[I 2026-09-12 14:45:52,357 ignn.models.IGNN:215] epoch:57/best:57, loss:1.4821, train:0.3934, valid:0.3474/best:0.3474, test:0.4326/best:0.4326
[I 2026-09-12 14:45:52,374 ignn.models.IGNN:215] epoch:58/best:58, loss:1.4497, train:0.3911, valid:0.3544/best:0.3544, test:0.4101/best:0.4101
[I 2026-09-12 14:45:52,391 ignn.models.IGNN:215] epoch:59/best:59, loss:1.4721, train:0.3888, valid:0.3544/best:0.3544, test:0.4326/best:0.4326
[I 2026-09-12 14:45:52,408 ignn.models.IGNN:215] epoch:60/best:59, loss:1.4713, train:0.3911, valid:0.3474/best:0.3544, test:0.4326/best:0.4326
[I 2026-09-12 14:45:52,424 ignn.models.IGNN:215] epoch:61/best:59, loss:1.4781, train:0.3911, valid:0.3474/best:0.3544, test:0.4382/best:0.4326
[I 2026-09-12 14:45:52,440 ignn.models.IGNN:215] epoch:62/best:59, loss:1.4896, train:0.3911, valid:0.3474/best:0.3544, test:0.4382/best:0.4326
[I 2026-09-12 14:45:52,456 ignn.models.IGNN:215] epoch:63/best:63, loss:1.4548, train:0.3934, valid:0.3544/best:0.3544, test:0.4382/best:0.4382
[I 2026-09-12 14:45:52,473 ignn.models.IGNN:215] epoch:64/best:64, loss:1.4541, train:0.3981, valid:0.3544/best:0.3544, test:0.4438/best:0.4438
[I 2026-09-12 14:45:52,489 ignn.models.IGNN:215] epoch:65/best:64, loss:1.4385, train:0.4005, valid:0.3509/best:0.3544, test:0.4551/best:0.4438
[I 2026-09-12 14:45:52,504 ignn.models.IGNN:215] epoch:66/best:64, loss:1.4533, train:0.4005, valid:0.3404/best:0.3544, test:0.4438/best:0.4438
[I 2026-09-12 14:45:52,520 ignn.models.IGNN:215] epoch:67/best:64, loss:1.4423, train:0.4005, valid:0.3368/best:0.3544, test:0.4438/best:0.4438
[I 2026-09-12 14:45:52,535 ignn.models.IGNN:215] epoch:68/best:64, loss:1.4584, train:0.4052, valid:0.3333/best:0.3544, test:0.4382/best:0.4438
[I 2026-09-12 14:45:52,550 ignn.models.IGNN:215] epoch:69/best:64, loss:1.4503, train:0.4075, valid:0.3333/best:0.3544, test:0.4438/best:0.4438
[I 2026-09-12 14:45:52,566 ignn.models.IGNN:215] epoch:70/best:64, loss:1.4343, train:0.4075, valid:0.3333/best:0.3544, test:0.4382/best:0.4438
[I 2026-09-12 14:45:52,581 ignn.models.IGNN:215] epoch:71/best:64, loss:1.4515, train:0.4098, valid:0.3333/best:0.3544, test:0.4270/best:0.4438
[I 2026-09-12 14:45:52,596 ignn.models.IGNN:215] epoch:72/best:64, loss:1.4320, train:0.4098, valid:0.3368/best:0.3544, test:0.4270/best:0.4438
[I 2026-09-12 14:45:52,612 ignn.models.IGNN:215] epoch:73/best:64, loss:1.4362, train:0.4075, valid:0.3439/best:0.3544, test:0.4382/best:0.4438
[I 2026-09-12 14:45:52,627 ignn.models.IGNN:215] epoch:74/best:64, loss:1.4201, train:0.4192, valid:0.3439/best:0.3544, test:0.4494/best:0.4438
[I 2026-09-12 14:45:52,642 ignn.models.IGNN:215] epoch:75/best:64, loss:1.4261, train:0.4192, valid:0.3474/best:0.3544, test:0.4607/best:0.4438
[I 2026-09-12 14:45:52,659 ignn.models.IGNN:215] epoch:76/best:76, loss:1.4487, train:0.4215, valid:0.3544/best:0.3544, test:0.4551/best:0.4551
[I 2026-09-12 14:45:52,675 ignn.models.IGNN:215] epoch:77/best:77, loss:1.4317, train:0.4215, valid:0.3544/best:0.3544, test:0.4551/best:0.4551
[I 2026-09-12 14:45:52,692 ignn.models.IGNN:215] epoch:78/best:78, loss:1.4217, train:0.4239, valid:0.3544/best:0.3544, test:0.4551/best:0.4551
[I 2026-09-12 14:45:52,709 ignn.models.IGNN:215] epoch:79/best:79, loss:1.3779, train:0.4286, valid:0.3579/best:0.3579, test:0.4719/best:0.4719
[I 2026-09-12 14:45:52,725 ignn.models.IGNN:215] epoch:80/best:80, loss:1.4045, train:0.4309, valid:0.3614/best:0.3614, test:0.4719/best:0.4719
[I 2026-09-12 14:45:52,740 ignn.models.IGNN:215] epoch:81/best:80, loss:1.4115, train:0.4309, valid:0.3579/best:0.3614, test:0.4719/best:0.4719
[I 2026-09-12 14:45:52,756 ignn.models.IGNN:215] epoch:82/best:80, loss:1.3868, train:0.4286, valid:0.3509/best:0.3614, test:0.4607/best:0.4719
[I 2026-09-12 14:45:52,771 ignn.models.IGNN:215] epoch:83/best:80, loss:1.3992, train:0.4309, valid:0.3544/best:0.3614, test:0.4551/best:0.4719
[I 2026-09-12 14:45:52,786 ignn.models.IGNN:215] epoch:84/best:80, loss:1.3908, train:0.4356, valid:0.3579/best:0.3614, test:0.4551/best:0.4719
[I 2026-09-12 14:45:52,801 ignn.models.IGNN:215] epoch:85/best:80, loss:1.3914, train:0.4379, valid:0.3544/best:0.3614, test:0.4551/best:0.4719
[I 2026-09-12 14:45:52,817 ignn.models.IGNN:215] epoch:86/best:80, loss:1.3984, train:0.4403, valid:0.3544/best:0.3614, test:0.4494/best:0.4719
[I 2026-09-12 14:45:52,832 ignn.models.IGNN:215] epoch:87/best:80, loss:1.3903, train:0.4426, valid:0.3544/best:0.3614, test:0.4494/best:0.4719
[I 2026-09-12 14:45:52,847 ignn.models.IGNN:215] epoch:88/best:80, loss:1.3650, train:0.4450, valid:0.3579/best:0.3614, test:0.4494/best:0.4719
[I 2026-09-12 14:45:52,864 ignn.models.IGNN:215] epoch:89/best:89, loss:1.3487, train:0.4543, valid:0.3649/best:0.3649, test:0.4551/best:0.4551
[I 2026-09-12 14:45:52,880 ignn.models.IGNN:215] epoch:90/best:90, loss:1.3772, train:0.4614, valid:0.3649/best:0.3649, test:0.4551/best:0.4551
[I 2026-09-12 14:45:52,897 ignn.models.IGNN:215] epoch:91/best:91, loss:1.3524, train:0.4567, valid:0.3649/best:0.3649, test:0.4551/best:0.4551
[I 2026-09-12 14:45:52,912 ignn.models.IGNN:215] epoch:92/best:91, loss:1.3401, train:0.4614, valid:0.3614/best:0.3649, test:0.4494/best:0.4551
[I 2026-09-12 14:45:52,927 ignn.models.IGNN:215] epoch:93/best:91, loss:1.3306, train:0.4660, valid:0.3579/best:0.3649, test:0.4551/best:0.4551
[I 2026-09-12 14:45:52,944 ignn.models.IGNN:215] epoch:94/best:94, loss:1.3319, train:0.4754, valid:0.3789/best:0.3789, test:0.4551/best:0.4551
[I 2026-09-12 14:45:52,960 ignn.models.IGNN:215] epoch:95/best:95, loss:1.3144, train:0.4848, valid:0.3825/best:0.3825, test:0.4663/best:0.4663
[I 2026-09-12 14:45:52,976 ignn.models.IGNN:215] epoch:96/best:95, loss:1.3131, train:0.4941, valid:0.3754/best:0.3825, test:0.4831/best:0.4663
[I 2026-09-12 14:45:52,991 ignn.models.IGNN:215] epoch:97/best:95, loss:1.3055, train:0.4965, valid:0.3719/best:0.3825, test:0.4944/best:0.4663
[I 2026-09-12 14:45:53,008 ignn.models.IGNN:215] epoch:98/best:98, loss:1.2921, train:0.4965, valid:0.3825/best:0.3825, test:0.5056/best:0.5056
[I 2026-09-12 14:45:53,023 ignn.models.IGNN:215] epoch:99/best:98, loss:1.3112, train:0.5035, valid:0.3789/best:0.3825, test:0.4944/best:0.5056
[I 2026-09-12 14:45:53,040 ignn.models.IGNN:215] epoch:100/best:98, loss:1.2601, train:0.5012, valid:0.3754/best:0.3825, test:0.5000/best:0.5056
[I 2026-09-12 14:45:53,056 ignn.models.IGNN:215] epoch:101/best:98, loss:1.2825, train:0.5012, valid:0.3719/best:0.3825, test:0.5112/best:0.5056
[I 2026-09-12 14:45:53,072 ignn.models.IGNN:215] epoch:102/best:98, loss:1.2573, train:0.5059, valid:0.3684/best:0.3825, test:0.5112/best:0.5056
[I 2026-09-12 14:45:53,089 ignn.models.IGNN:215] epoch:103/best:103, loss:1.2559, train:0.5082, valid:0.3825/best:0.3825, test:0.5056/best:0.5056
[I 2026-09-12 14:45:53,106 ignn.models.IGNN:215] epoch:104/best:104, loss:1.2448, train:0.5152, valid:0.3860/best:0.3860, test:0.4944/best:0.4944
[I 2026-09-12 14:45:53,123 ignn.models.IGNN:215] epoch:105/best:105, loss:1.2553, train:0.5222, valid:0.3965/best:0.3965, test:0.4831/best:0.4831
[I 2026-09-12 14:45:53,140 ignn.models.IGNN:215] epoch:106/best:106, loss:1.2324, train:0.5293, valid:0.4070/best:0.4070, test:0.4831/best:0.4831
[I 2026-09-12 14:45:53,157 ignn.models.IGNN:215] epoch:107/best:107, loss:1.2298, train:0.5386, valid:0.4175/best:0.4175, test:0.5000/best:0.5000
[I 2026-09-12 14:45:53,174 ignn.models.IGNN:215] epoch:108/best:108, loss:1.2326, train:0.5433, valid:0.4175/best:0.4175, test:0.4944/best:0.4944
[I 2026-09-12 14:45:53,191 ignn.models.IGNN:215] epoch:109/best:109, loss:1.2324, train:0.5457, valid:0.4316/best:0.4316, test:0.4888/best:0.4888
[I 2026-09-12 14:45:53,208 ignn.models.IGNN:215] epoch:110/best:110, loss:1.2145, train:0.5550, valid:0.4316/best:0.4316, test:0.4944/best:0.4944
[I 2026-09-12 14:45:53,224 ignn.models.IGNN:215] epoch:111/best:110, loss:1.2005, train:0.5574, valid:0.4175/best:0.4316, test:0.5225/best:0.4944
[I 2026-09-12 14:45:53,239 ignn.models.IGNN:215] epoch:112/best:110, loss:1.2028, train:0.5597, valid:0.4175/best:0.4316, test:0.5112/best:0.4944
[I 2026-09-12 14:45:53,255 ignn.models.IGNN:215] epoch:113/best:110, loss:1.2221, train:0.5597, valid:0.4175/best:0.4316, test:0.5225/best:0.4944
[I 2026-09-12 14:45:53,270 ignn.models.IGNN:215] epoch:114/best:110, loss:1.1753, train:0.5574, valid:0.4246/best:0.4316, test:0.5225/best:0.4944
[I 2026-09-12 14:45:53,285 ignn.models.IGNN:215] epoch:115/best:110, loss:1.2020, train:0.5574, valid:0.4211/best:0.4316, test:0.5169/best:0.4944
[I 2026-09-12 14:45:53,300 ignn.models.IGNN:215] epoch:116/best:110, loss:1.1866, train:0.5574, valid:0.4175/best:0.4316, test:0.5169/best:0.4944
[I 2026-09-12 14:45:53,316 ignn.models.IGNN:215] epoch:117/best:110, loss:1.1936, train:0.5574, valid:0.4211/best:0.4316, test:0.5337/best:0.4944
[I 2026-09-12 14:45:53,331 ignn.models.IGNN:215] epoch:118/best:110, loss:1.1727, train:0.5644, valid:0.4281/best:0.4316, test:0.5225/best:0.4944
[I 2026-09-12 14:45:53,346 ignn.models.IGNN:215] epoch:119/best:110, loss:1.1685, train:0.5714, valid:0.4281/best:0.4316, test:0.5393/best:0.4944
[I 2026-09-12 14:45:53,361 ignn.models.IGNN:215] epoch:120/best:110, loss:1.1628, train:0.5738, valid:0.4246/best:0.4316, test:0.5112/best:0.4944
[I 2026-09-12 14:45:53,377 ignn.models.IGNN:215] epoch:121/best:110, loss:1.1896, train:0.5808, valid:0.4246/best:0.4316, test:0.5000/best:0.4944
[I 2026-09-12 14:45:53,393 ignn.models.IGNN:215] epoch:122/best:122, loss:1.1612, train:0.5808, valid:0.4386/best:0.4386, test:0.5112/best:0.5112
[I 2026-09-12 14:45:53,410 ignn.models.IGNN:215] epoch:123/best:123, loss:1.1964, train:0.5995, valid:0.4421/best:0.4421, test:0.5337/best:0.5337
[I 2026-09-12 14:45:53,426 ignn.models.IGNN:215] epoch:124/best:124, loss:1.1767, train:0.6136, valid:0.4526/best:0.4526, test:0.5393/best:0.5393
[I 2026-09-12 14:45:53,443 ignn.models.IGNN:215] epoch:125/best:125, loss:1.1141, train:0.6089, valid:0.4526/best:0.4526, test:0.5393/best:0.5393
[I 2026-09-12 14:45:53,459 ignn.models.IGNN:215] epoch:126/best:126, loss:1.1171, train:0.6089, valid:0.4632/best:0.4632, test:0.5449/best:0.5449
[I 2026-09-12 14:45:53,476 ignn.models.IGNN:215] epoch:127/best:127, loss:1.1531, train:0.6066, valid:0.4632/best:0.4632, test:0.5393/best:0.5393
[I 2026-09-12 14:45:53,493 ignn.models.IGNN:215] epoch:128/best:128, loss:1.1125, train:0.6112, valid:0.4737/best:0.4737, test:0.5337/best:0.5337
[I 2026-09-12 14:45:53,509 ignn.models.IGNN:215] epoch:129/best:128, loss:1.1685, train:0.6019, valid:0.4596/best:0.4737, test:0.5393/best:0.5337
[I 2026-09-12 14:45:53,524 ignn.models.IGNN:215] epoch:130/best:128, loss:1.1781, train:0.5738, valid:0.4421/best:0.4737, test:0.5281/best:0.5337
[I 2026-09-12 14:45:53,539 ignn.models.IGNN:215] epoch:131/best:128, loss:1.1581, train:0.5761, valid:0.4281/best:0.4737, test:0.5169/best:0.5337
[I 2026-09-12 14:45:53,554 ignn.models.IGNN:215] epoch:132/best:128, loss:1.1537, train:0.5761, valid:0.4281/best:0.4737, test:0.5169/best:0.5337
[I 2026-09-12 14:45:53,570 ignn.models.IGNN:215] epoch:133/best:128, loss:1.2019, train:0.5808, valid:0.4175/best:0.4737, test:0.5281/best:0.5337
[I 2026-09-12 14:45:53,585 ignn.models.IGNN:215] epoch:134/best:128, loss:1.1715, train:0.5902, valid:0.4211/best:0.4737, test:0.5281/best:0.5337
[I 2026-09-12 14:45:53,600 ignn.models.IGNN:215] epoch:135/best:128, loss:1.1174, train:0.5972, valid:0.4491/best:0.4737, test:0.5169/best:0.5337
[I 2026-09-12 14:45:53,616 ignn.models.IGNN:215] epoch:136/best:128, loss:1.1332, train:0.6206, valid:0.4667/best:0.4737, test:0.5225/best:0.5337
[I 2026-09-12 14:45:53,631 ignn.models.IGNN:215] epoch:137/best:128, loss:1.1625, train:0.6393, valid:0.4667/best:0.4737, test:0.5169/best:0.5337
[I 2026-09-12 14:45:53,646 ignn.models.IGNN:215] epoch:138/best:128, loss:1.1013, train:0.6393, valid:0.4596/best:0.4737, test:0.5281/best:0.5337
[I 2026-09-12 14:45:53,661 ignn.models.IGNN:215] epoch:139/best:128, loss:1.1422, train:0.6393, valid:0.4632/best:0.4737, test:0.5225/best:0.5337
[I 2026-09-12 14:45:53,677 ignn.models.IGNN:215] epoch:140/best:128, loss:1.1095, train:0.6370, valid:0.4632/best:0.4737, test:0.5281/best:0.5337
[I 2026-09-12 14:45:53,692 ignn.models.IGNN:215] epoch:141/best:128, loss:1.1218, train:0.6370, valid:0.4632/best:0.4737, test:0.5281/best:0.5337
[I 2026-09-12 14:45:53,707 ignn.models.IGNN:215] epoch:142/best:128, loss:1.1321, train:0.6347, valid:0.4596/best:0.4737, test:0.5337/best:0.5337
[I 2026-09-12 14:45:53,722 ignn.models.IGNN:215] epoch:143/best:128, loss:1.1325, train:0.6347, valid:0.4561/best:0.4737, test:0.5169/best:0.5337
[I 2026-09-12 14:45:53,738 ignn.models.IGNN:215] epoch:144/best:128, loss:1.1560, train:0.6300, valid:0.4632/best:0.4737, test:0.5169/best:0.5337
[I 2026-09-12 14:45:53,753 ignn.models.IGNN:215] epoch:145/best:128, loss:1.1426, train:0.6370, valid:0.4632/best:0.4737, test:0.5225/best:0.5337
[I 2026-09-12 14:45:53,768 ignn.models.IGNN:215] epoch:146/best:128, loss:1.1447, train:0.6417, valid:0.4596/best:0.4737, test:0.5169/best:0.5337
[I 2026-09-12 14:45:53,783 ignn.models.IGNN:215] epoch:147/best:128, loss:1.1223, train:0.6370, valid:0.4667/best:0.4737, test:0.5169/best:0.5337
[I 2026-09-12 14:45:53,800 ignn.models.IGNN:215] epoch:148/best:148, loss:1.1224, train:0.6417, valid:0.4772/best:0.4772, test:0.5225/best:0.5225
[I 2026-09-12 14:45:53,817 ignn.models.IGNN:215] epoch:149/best:149, loss:1.1594, train:0.6440, valid:0.4772/best:0.4772, test:0.5449/best:0.5449
[I 2026-09-12 14:45:53,832 ignn.models.IGNN:215] epoch:150/best:149, loss:1.1139, train:0.6370, valid:0.4702/best:0.4772, test:0.5225/best:0.5449
[I 2026-09-12 14:45:53,847 ignn.models.IGNN:215] epoch:151/best:149, loss:1.1115, train:0.6300, valid:0.4702/best:0.4772, test:0.5169/best:0.5449
[I 2026-09-12 14:45:53,862 ignn.models.IGNN:215] epoch:152/best:149, loss:1.0846, train:0.6300, valid:0.4702/best:0.4772, test:0.5169/best:0.5449
[I 2026-09-12 14:45:53,878 ignn.models.IGNN:215] epoch:153/best:149, loss:1.1133, train:0.6300, valid:0.4702/best:0.4772, test:0.5169/best:0.5449
[I 2026-09-12 14:45:53,894 ignn.models.IGNN:215] epoch:154/best:154, loss:1.1203, train:0.6370, valid:0.4807/best:0.4807, test:0.5337/best:0.5337
[I 2026-09-12 14:45:53,909 ignn.models.IGNN:215] epoch:155/best:154, loss:1.1135, train:0.6487, valid:0.4737/best:0.4807, test:0.5562/best:0.5337
[I 2026-09-12 14:45:53,925 ignn.models.IGNN:215] epoch:156/best:154, loss:1.1250, train:0.6347, valid:0.4667/best:0.4807, test:0.5506/best:0.5337
[I 2026-09-12 14:45:53,940 ignn.models.IGNN:215] epoch:157/best:154, loss:1.1098, train:0.6276, valid:0.4596/best:0.4807, test:0.5281/best:0.5337
[I 2026-09-12 14:45:53,955 ignn.models.IGNN:215] epoch:158/best:154, loss:1.1194, train:0.6253, valid:0.4456/best:0.4807, test:0.5225/best:0.5337
[I 2026-09-12 14:45:53,970 ignn.models.IGNN:215] epoch:159/best:154, loss:1.1507, train:0.6276, valid:0.4421/best:0.4807, test:0.5281/best:0.5337
[I 2026-09-12 14:45:53,985 ignn.models.IGNN:215] epoch:160/best:154, loss:1.1060, train:0.6417, valid:0.4596/best:0.4807, test:0.5225/best:0.5337
[I 2026-09-12 14:45:54,001 ignn.models.IGNN:215] epoch:161/best:154, loss:1.1357, train:0.6674, valid:0.4632/best:0.4807, test:0.5393/best:0.5337
[I 2026-09-12 14:45:54,016 ignn.models.IGNN:215] epoch:162/best:154, loss:1.0878, train:0.6721, valid:0.4737/best:0.4807, test:0.5112/best:0.5337
[I 2026-09-12 14:45:54,031 ignn.models.IGNN:215] epoch:163/best:154, loss:1.1398, train:0.6721, valid:0.4596/best:0.4807, test:0.5169/best:0.5337
[I 2026-09-12 14:45:54,047 ignn.models.IGNN:215] epoch:164/best:154, loss:1.1390, train:0.6745, valid:0.4737/best:0.4807, test:0.5112/best:0.5337
[I 2026-09-12 14:45:54,062 ignn.models.IGNN:215] epoch:165/best:154, loss:1.0823, train:0.6745, valid:0.4667/best:0.4807, test:0.5056/best:0.5337
[I 2026-09-12 14:45:54,077 ignn.models.IGNN:215] epoch:166/best:154, loss:1.0887, train:0.6792, valid:0.4632/best:0.4807, test:0.5337/best:0.5337
[I 2026-09-12 14:45:54,092 ignn.models.IGNN:215] epoch:167/best:154, loss:1.1188, train:0.6698, valid:0.4702/best:0.4807, test:0.5337/best:0.5337
[I 2026-09-12 14:45:54,108 ignn.models.IGNN:215] epoch:168/best:154, loss:1.0698, train:0.6417, valid:0.4526/best:0.4807, test:0.5281/best:0.5337
[I 2026-09-12 14:45:54,123 ignn.models.IGNN:215] epoch:169/best:154, loss:1.0710, train:0.6393, valid:0.4351/best:0.4807, test:0.5169/best:0.5337
[I 2026-09-12 14:45:54,138 ignn.models.IGNN:215] epoch:170/best:154, loss:1.1287, train:0.6347, valid:0.4246/best:0.4807, test:0.5112/best:0.5337
[I 2026-09-12 14:45:54,153 ignn.models.IGNN:215] epoch:171/best:154, loss:1.1358, train:0.6230, valid:0.4491/best:0.4807, test:0.5225/best:0.5337
[I 2026-09-12 14:45:54,169 ignn.models.IGNN:215] epoch:172/best:154, loss:1.1291, train:0.6464, valid:0.4491/best:0.4807, test:0.5281/best:0.5337
[I 2026-09-12 14:45:54,184 ignn.models.IGNN:215] epoch:173/best:154, loss:1.1186, train:0.6487, valid:0.4526/best:0.4807, test:0.5337/best:0.5337
[I 2026-09-12 14:45:54,200 ignn.models.IGNN:215] epoch:174/best:154, loss:1.0684, train:0.6674, valid:0.4702/best:0.4807, test:0.5449/best:0.5337
[I 2026-09-12 14:45:54,215 ignn.models.IGNN:215] epoch:175/best:154, loss:1.1334, train:0.6651, valid:0.4632/best:0.4807, test:0.5506/best:0.5337
[I 2026-09-12 14:45:54,230 ignn.models.IGNN:215] epoch:176/best:154, loss:1.0436, train:0.6792, valid:0.4702/best:0.4807, test:0.5618/best:0.5337
[I 2026-09-12 14:45:54,245 ignn.models.IGNN:215] epoch:177/best:154, loss:1.1439, train:0.6815, valid:0.4596/best:0.4807, test:0.5393/best:0.5337
[I 2026-09-12 14:45:54,260 ignn.models.IGNN:215] epoch:178/best:154, loss:1.0999, train:0.6768, valid:0.4632/best:0.4807, test:0.5393/best:0.5337
[I 2026-09-12 14:45:54,275 ignn.models.IGNN:215] epoch:179/best:154, loss:1.0852, train:0.6698, valid:0.4632/best:0.4807, test:0.5337/best:0.5337
[I 2026-09-12 14:45:54,291 ignn.models.IGNN:215] epoch:180/best:154, loss:1.0839, train:0.6604, valid:0.4596/best:0.4807, test:0.5337/best:0.5337
[I 2026-09-12 14:45:54,306 ignn.models.IGNN:215] epoch:181/best:154, loss:1.1138, train:0.6628, valid:0.4596/best:0.4807, test:0.5281/best:0.5337
[I 2026-09-12 14:45:54,321 ignn.models.IGNN:215] epoch:182/best:154, loss:1.1370, train:0.6604, valid:0.4596/best:0.4807, test:0.5337/best:0.5337
[I 2026-09-12 14:45:54,336 ignn.models.IGNN:215] epoch:183/best:154, loss:1.0683, train:0.6581, valid:0.4596/best:0.4807, test:0.5337/best:0.5337
[I 2026-09-12 14:45:54,351 ignn.models.IGNN:215] epoch:184/best:154, loss:1.0844, train:0.6651, valid:0.4561/best:0.4807, test:0.5169/best:0.5337
[I 2026-09-12 14:45:54,367 ignn.models.IGNN:215] epoch:185/best:154, loss:1.0458, train:0.6674, valid:0.4526/best:0.4807, test:0.5169/best:0.5337
[I 2026-09-12 14:45:54,382 ignn.models.IGNN:215] epoch:186/best:154, loss:1.0985, train:0.6745, valid:0.4632/best:0.4807, test:0.5281/best:0.5337
[I 2026-09-12 14:45:54,397 ignn.models.IGNN:215] epoch:187/best:154, loss:1.0565, train:0.6745, valid:0.4596/best:0.4807, test:0.5281/best:0.5337
[I 2026-09-12 14:45:54,412 ignn.models.IGNN:215] epoch:188/best:154, loss:1.0563, train:0.7026, valid:0.4667/best:0.4807, test:0.5056/best:0.5337
[I 2026-09-12 14:45:54,428 ignn.models.IGNN:215] epoch:189/best:154, loss:1.1050, train:0.7143, valid:0.4596/best:0.4807, test:0.5056/best:0.5337
[I 2026-09-12 14:45:54,444 ignn.models.IGNN:215] epoch:190/best:154, loss:1.1049, train:0.7026, valid:0.4667/best:0.4807, test:0.5112/best:0.5337
[I 2026-09-12 14:45:54,459 ignn.models.IGNN:215] epoch:191/best:154, loss:1.1077, train:0.6885, valid:0.4561/best:0.4807, test:0.5337/best:0.5337
[I 2026-09-12 14:45:54,476 ignn.models.IGNN:215] epoch:192/best:154, loss:1.0593, train:0.6792, valid:0.4596/best:0.4807, test:0.5225/best:0.5337
[I 2026-09-12 14:45:54,492 ignn.models.IGNN:215] epoch:193/best:154, loss:1.0484, train:0.6604, valid:0.4491/best:0.4807, test:0.5225/best:0.5337
[I 2026-09-12 14:45:54,508 ignn.models.IGNN:215] epoch:194/best:154, loss:1.0804, train:0.6581, valid:0.4491/best:0.4807, test:0.5225/best:0.5337
[I 2026-09-12 14:45:54,523 ignn.models.IGNN:215] epoch:195/best:154, loss:1.0521, train:0.6581, valid:0.4456/best:0.4807, test:0.5169/best:0.5337
[I 2026-09-12 14:45:54,538 ignn.models.IGNN:215] epoch:196/best:154, loss:1.0731, train:0.6628, valid:0.4526/best:0.4807, test:0.5169/best:0.5337
[I 2026-09-12 14:45:54,554 ignn.models.IGNN:215] epoch:197/best:154, loss:1.0682, train:0.6745, valid:0.4526/best:0.4807, test:0.5337/best:0.5337
[I 2026-09-12 14:45:54,569 ignn.models.IGNN:215] epoch:198/best:154, loss:1.0785, train:0.6815, valid:0.4561/best:0.4807, test:0.5393/best:0.5337
[I 2026-09-12 14:45:54,585 ignn.models.IGNN:215] epoch:199/best:154, loss:1.1180, train:0.7073, valid:0.4526/best:0.4807, test:0.5225/best:0.5337
[I 2026-09-12 14:45:54,600 ignn.models.IGNN:215] epoch:200/best:154, loss:1.0412, train:0.7049, valid:0.4526/best:0.4807, test:0.5337/best:0.5337
[I 2026-09-12 14:45:54,615 ignn.models.IGNN:215] epoch:201/best:154, loss:1.0659, train:0.7166, valid:0.4491/best:0.4807, test:0.5225/best:0.5337
[I 2026-09-12 14:45:54,630 ignn.models.IGNN:215] epoch:202/best:154, loss:1.0688, train:0.7190, valid:0.4526/best:0.4807, test:0.5225/best:0.5337
[I 2026-09-12 14:45:54,646 ignn.models.IGNN:215] epoch:203/best:154, loss:1.0781, train:0.7143, valid:0.4526/best:0.4807, test:0.5337/best:0.5337
[I 2026-09-12 14:45:54,661 ignn.models.IGNN:215] epoch:204/best:154, loss:1.0910, train:0.7143, valid:0.4526/best:0.4807, test:0.5337/best:0.5337
[I 2026-09-12 14:45:54,661 ignn.models.IGNN:222] Early Stopping! Best Epoch: 154, best val acc: 0.4807, test acc: 0.5337
[I 2026-09-12 14:45:54,662 ignn.models.IGNN:234] 10 epoch cost: 0.1600s.
[I 2026-09-12 14:45:54,669 __main__:210] chameleon_critical 1 res: 0.5337078651685393


[I 2026-09-12 14:45:54,693 ignn.models.IGNN:215] epoch:0/best:0, loss:1.6141, train:0.1756, valid:0.1474/best:0.1474, test:0.1348/best:0.1348
[I 2026-09-12 14:45:54,710 ignn.models.IGNN:215] epoch:1/best:1, loss:1.6112, train:0.1944, valid:0.1544/best:0.1544, test:0.1573/best:0.1573
[I 2026-09-12 14:45:54,726 ignn.models.IGNN:215] epoch:2/best:2, loss:1.6094, train:0.2810, valid:0.2947/best:0.2947, test:0.2360/best:0.2360
[I 2026-09-12 14:45:54,742 ignn.models.IGNN:215] epoch:3/best:2, loss:1.6063, train:0.2389, valid:0.2702/best:0.2947, test:0.2303/best:0.2360
[I 2026-09-12 14:45:54,757 ignn.models.IGNN:215] epoch:4/best:2, loss:1.6024, train:0.2342, valid:0.2596/best:0.2947, test:0.2247/best:0.2360
[I 2026-09-12 14:45:54,772 ignn.models.IGNN:215] epoch:5/best:2, loss:1.6029, train:0.2342, valid:0.2596/best:0.2947, test:0.2247/best:0.2360
[I 2026-09-12 14:45:54,788 ignn.models.IGNN:215] epoch:6/best:2, loss:1.6007, train:0.2319, valid:0.2596/best:0.2947, test:0.2247/best:0.2360
[I 2026-09-12 14:45:54,803 ignn.models.IGNN:215] epoch:7/best:2, loss:1.6030, train:0.2319, valid:0.2596/best:0.2947, test:0.2247/best:0.2360
[I 2026-09-12 14:45:54,818 ignn.models.IGNN:215] epoch:8/best:2, loss:1.5970, train:0.2319, valid:0.2596/best:0.2947, test:0.2247/best:0.2360
[I 2026-09-12 14:45:54,835 ignn.models.IGNN:215] epoch:9/best:9, loss:1.5966, train:0.2881, valid:0.3193/best:0.3193, test:0.2697/best:0.2697
[I 2026-09-12 14:45:54,852 ignn.models.IGNN:215] epoch:10/best:10, loss:1.6001, train:0.3302, valid:0.4035/best:0.4035, test:0.3090/best:0.3090
[I 2026-09-12 14:45:54,867 ignn.models.IGNN:215] epoch:11/best:10, loss:1.5932, train:0.3091, valid:0.3649/best:0.4035, test:0.3034/best:0.3090
[I 2026-09-12 14:45:54,883 ignn.models.IGNN:215] epoch:12/best:10, loss:1.5950, train:0.2834, valid:0.3579/best:0.4035, test:0.2978/best:0.3090
[I 2026-09-12 14:45:54,898 ignn.models.IGNN:215] epoch:13/best:10, loss:1.5915, train:0.2623, valid:0.3404/best:0.4035, test:0.2921/best:0.3090
[I 2026-09-12 14:45:54,913 ignn.models.IGNN:215] epoch:14/best:10, loss:1.5925, train:0.2576, valid:0.3368/best:0.4035, test:0.2865/best:0.3090
[I 2026-09-12 14:45:54,929 ignn.models.IGNN:215] epoch:15/best:10, loss:1.5868, train:0.2576, valid:0.3368/best:0.4035, test:0.2865/best:0.3090
[I 2026-09-12 14:45:54,944 ignn.models.IGNN:215] epoch:16/best:10, loss:1.5877, train:0.2576, valid:0.3474/best:0.4035, test:0.2978/best:0.3090
[I 2026-09-12 14:45:54,959 ignn.models.IGNN:215] epoch:17/best:10, loss:1.5932, train:0.2670, valid:0.3509/best:0.4035, test:0.2978/best:0.3090
[I 2026-09-12 14:45:54,974 ignn.models.IGNN:215] epoch:18/best:10, loss:1.5877, train:0.2787, valid:0.3719/best:0.4035, test:0.2978/best:0.3090
[I 2026-09-12 14:45:54,990 ignn.models.IGNN:215] epoch:19/best:10, loss:1.5842, train:0.2904, valid:0.3825/best:0.4035, test:0.3090/best:0.3090
[I 2026-09-12 14:45:55,005 ignn.models.IGNN:215] epoch:20/best:10, loss:1.5837, train:0.2998, valid:0.3965/best:0.4035, test:0.3034/best:0.3090
[I 2026-09-12 14:45:55,020 ignn.models.IGNN:215] epoch:21/best:10, loss:1.5870, train:0.2998, valid:0.3930/best:0.4035, test:0.3090/best:0.3090
[I 2026-09-12 14:45:55,036 ignn.models.IGNN:215] epoch:22/best:10, loss:1.5779, train:0.3138, valid:0.3930/best:0.4035, test:0.2978/best:0.3090
[I 2026-09-12 14:45:55,051 ignn.models.IGNN:215] epoch:23/best:10, loss:1.5836, train:0.3185, valid:0.3860/best:0.4035, test:0.2978/best:0.3090
[I 2026-09-12 14:45:55,066 ignn.models.IGNN:215] epoch:24/best:10, loss:1.5792, train:0.3326, valid:0.3965/best:0.4035, test:0.2921/best:0.3090
[I 2026-09-12 14:45:55,084 ignn.models.IGNN:215] epoch:25/best:25, loss:1.5785, train:0.3349, valid:0.4175/best:0.4175, test:0.2978/best:0.2978
[I 2026-09-12 14:45:55,102 ignn.models.IGNN:215] epoch:26/best:26, loss:1.5699, train:0.3326, valid:0.4211/best:0.4211, test:0.3090/best:0.3090
[I 2026-09-12 14:45:55,120 ignn.models.IGNN:215] epoch:27/best:27, loss:1.5743, train:0.3443, valid:0.4281/best:0.4281, test:0.3202/best:0.3202
[I 2026-09-12 14:45:55,138 ignn.models.IGNN:215] epoch:28/best:28, loss:1.5648, train:0.3560, valid:0.4386/best:0.4386, test:0.3202/best:0.3202
[I 2026-09-12 14:45:55,155 ignn.models.IGNN:215] epoch:29/best:29, loss:1.5676, train:0.3724, valid:0.4386/best:0.4386, test:0.3315/best:0.3315
[I 2026-09-12 14:45:55,170 ignn.models.IGNN:215] epoch:30/best:29, loss:1.5638, train:0.3934, valid:0.4351/best:0.4386, test:0.3146/best:0.3315
[I 2026-09-12 14:45:55,186 ignn.models.IGNN:215] epoch:31/best:29, loss:1.5626, train:0.3911, valid:0.4211/best:0.4386, test:0.3090/best:0.3315
[I 2026-09-12 14:45:55,202 ignn.models.IGNN:215] epoch:32/best:29, loss:1.5607, train:0.3888, valid:0.4211/best:0.4386, test:0.3090/best:0.3315
[I 2026-09-12 14:45:55,217 ignn.models.IGNN:215] epoch:33/best:29, loss:1.5540, train:0.3911, valid:0.4175/best:0.4386, test:0.3090/best:0.3315
[I 2026-09-12 14:45:55,233 ignn.models.IGNN:215] epoch:34/best:29, loss:1.5523, train:0.3817, valid:0.4105/best:0.4386, test:0.3090/best:0.3315
[I 2026-09-12 14:45:55,248 ignn.models.IGNN:215] epoch:35/best:29, loss:1.5471, train:0.3794, valid:0.4000/best:0.4386, test:0.3034/best:0.3315
[I 2026-09-12 14:45:55,264 ignn.models.IGNN:215] epoch:36/best:29, loss:1.5396, train:0.3817, valid:0.3860/best:0.4386, test:0.3090/best:0.3315
[I 2026-09-12 14:45:55,279 ignn.models.IGNN:215] epoch:37/best:29, loss:1.5422, train:0.3817, valid:0.3825/best:0.4386, test:0.3090/best:0.3315
[I 2026-09-12 14:45:55,295 ignn.models.IGNN:215] epoch:38/best:29, loss:1.5495, train:0.3794, valid:0.3825/best:0.4386, test:0.3090/best:0.3315
[I 2026-09-12 14:45:55,310 ignn.models.IGNN:215] epoch:39/best:29, loss:1.5232, train:0.3864, valid:0.3860/best:0.4386, test:0.3090/best:0.3315
[I 2026-09-12 14:45:55,325 ignn.models.IGNN:215] epoch:40/best:29, loss:1.5295, train:0.3888, valid:0.3860/best:0.4386, test:0.3090/best:0.3315
[I 2026-09-12 14:45:55,341 ignn.models.IGNN:215] epoch:41/best:29, loss:1.5235, train:0.3911, valid:0.3825/best:0.4386, test:0.3146/best:0.3315
[I 2026-09-12 14:45:55,356 ignn.models.IGNN:215] epoch:42/best:29, loss:1.5113, train:0.3958, valid:0.3860/best:0.4386, test:0.3202/best:0.3315
[I 2026-09-12 14:45:55,371 ignn.models.IGNN:215] epoch:43/best:29, loss:1.5054, train:0.3981, valid:0.3895/best:0.4386, test:0.3258/best:0.3315
[I 2026-09-12 14:45:55,386 ignn.models.IGNN:215] epoch:44/best:29, loss:1.4969, train:0.4052, valid:0.3895/best:0.4386, test:0.3315/best:0.3315
[I 2026-09-12 14:45:55,402 ignn.models.IGNN:215] epoch:45/best:29, loss:1.5001, train:0.4098, valid:0.3930/best:0.4386, test:0.3315/best:0.3315
[I 2026-09-12 14:45:55,417 ignn.models.IGNN:215] epoch:46/best:29, loss:1.5056, train:0.4098, valid:0.3930/best:0.4386, test:0.3371/best:0.3315
[I 2026-09-12 14:45:55,432 ignn.models.IGNN:215] epoch:47/best:29, loss:1.5117, train:0.4075, valid:0.4035/best:0.4386, test:0.3315/best:0.3315
[I 2026-09-12 14:45:55,447 ignn.models.IGNN:215] epoch:48/best:29, loss:1.4808, train:0.4028, valid:0.4035/best:0.4386, test:0.3315/best:0.3315
[I 2026-09-12 14:45:55,463 ignn.models.IGNN:215] epoch:49/best:29, loss:1.4774, train:0.4098, valid:0.4070/best:0.4386, test:0.3315/best:0.3315
[I 2026-09-12 14:45:55,478 ignn.models.IGNN:215] epoch:50/best:29, loss:1.4845, train:0.4145, valid:0.4070/best:0.4386, test:0.3315/best:0.3315
[I 2026-09-12 14:45:55,493 ignn.models.IGNN:215] epoch:51/best:29, loss:1.4547, train:0.4122, valid:0.4211/best:0.4386, test:0.3315/best:0.3315
[I 2026-09-12 14:45:55,508 ignn.models.IGNN:215] epoch:52/best:29, loss:1.4418, train:0.4169, valid:0.4246/best:0.4386, test:0.3371/best:0.3315
[I 2026-09-12 14:45:55,524 ignn.models.IGNN:215] epoch:53/best:29, loss:1.4583, train:0.4145, valid:0.4316/best:0.4386, test:0.3371/best:0.3315
[I 2026-09-12 14:45:55,541 ignn.models.IGNN:215] epoch:54/best:54, loss:1.4479, train:0.4262, valid:0.4421/best:0.4421, test:0.3371/best:0.3371
[I 2026-09-12 14:45:55,558 ignn.models.IGNN:215] epoch:55/best:55, loss:1.4606, train:0.4309, valid:0.4596/best:0.4596, test:0.3539/best:0.3539
[I 2026-09-12 14:45:55,574 ignn.models.IGNN:215] epoch:56/best:56, loss:1.4205, train:0.4309, valid:0.4596/best:0.4596, test:0.3427/best:0.3427
[I 2026-09-12 14:45:55,590 ignn.models.IGNN:215] epoch:57/best:56, loss:1.4160, train:0.4356, valid:0.4456/best:0.4596, test:0.3258/best:0.3427
[I 2026-09-12 14:45:55,605 ignn.models.IGNN:215] epoch:58/best:56, loss:1.3980, train:0.4379, valid:0.4491/best:0.4596, test:0.3427/best:0.3427
[I 2026-09-12 14:45:55,620 ignn.models.IGNN:215] epoch:59/best:56, loss:1.3920, train:0.4450, valid:0.4456/best:0.4596, test:0.3427/best:0.3427
[I 2026-09-12 14:45:55,635 ignn.models.IGNN:215] epoch:60/best:56, loss:1.3908, train:0.4473, valid:0.4386/best:0.4596, test:0.3483/best:0.3427
[I 2026-09-12 14:45:55,651 ignn.models.IGNN:215] epoch:61/best:56, loss:1.3791, train:0.4543, valid:0.4386/best:0.4596, test:0.3483/best:0.3427
[I 2026-09-12 14:45:55,666 ignn.models.IGNN:215] epoch:62/best:56, loss:1.3916, train:0.4520, valid:0.4351/best:0.4596, test:0.3483/best:0.3427
[I 2026-09-12 14:45:55,681 ignn.models.IGNN:215] epoch:63/best:56, loss:1.3490, train:0.4496, valid:0.4491/best:0.4596, test:0.3708/best:0.3427
[I 2026-09-12 14:45:55,696 ignn.models.IGNN:215] epoch:64/best:56, loss:1.3428, train:0.4426, valid:0.4561/best:0.4596, test:0.3820/best:0.3427
[I 2026-09-12 14:45:55,713 ignn.models.IGNN:215] epoch:65/best:65, loss:1.3164, train:0.4379, valid:0.4596/best:0.4596, test:0.3764/best:0.3764
[I 2026-09-12 14:45:55,731 ignn.models.IGNN:215] epoch:66/best:66, loss:1.3212, train:0.4543, valid:0.4632/best:0.4632, test:0.3820/best:0.3820
[I 2026-09-12 14:45:55,749 ignn.models.IGNN:215] epoch:67/best:67, loss:1.3216, train:0.4637, valid:0.4702/best:0.4702, test:0.3876/best:0.3876
[I 2026-09-12 14:45:55,765 ignn.models.IGNN:215] epoch:68/best:68, loss:1.3260, train:0.4707, valid:0.4737/best:0.4737, test:0.4045/best:0.4045
[I 2026-09-12 14:45:55,782 ignn.models.IGNN:215] epoch:69/best:69, loss:1.2802, train:0.4824, valid:0.4772/best:0.4772, test:0.4101/best:0.4101
[I 2026-09-12 14:45:55,799 ignn.models.IGNN:215] epoch:70/best:70, loss:1.2756, train:0.4871, valid:0.4912/best:0.4912, test:0.4213/best:0.4213
[I 2026-09-12 14:45:55,814 ignn.models.IGNN:215] epoch:71/best:70, loss:1.2884, train:0.4941, valid:0.4877/best:0.4912, test:0.4101/best:0.4213
[I 2026-09-12 14:45:55,831 ignn.models.IGNN:215] epoch:72/best:72, loss:1.2702, train:0.4824, valid:0.5018/best:0.5018, test:0.3989/best:0.3989
[I 2026-09-12 14:45:55,848 ignn.models.IGNN:215] epoch:73/best:73, loss:1.2583, train:0.4965, valid:0.5088/best:0.5088, test:0.3933/best:0.3933
[I 2026-09-12 14:45:55,863 ignn.models.IGNN:215] epoch:74/best:73, loss:1.2874, train:0.4941, valid:0.5053/best:0.5088, test:0.3989/best:0.3933
[I 2026-09-12 14:45:55,880 ignn.models.IGNN:215] epoch:75/best:75, loss:1.2671, train:0.4988, valid:0.5123/best:0.5123, test:0.4045/best:0.4045
[I 2026-09-12 14:45:55,895 ignn.models.IGNN:215] epoch:76/best:75, loss:1.2563, train:0.4965, valid:0.4947/best:0.5123, test:0.3989/best:0.4045
[I 2026-09-12 14:45:55,911 ignn.models.IGNN:215] epoch:77/best:75, loss:1.2635, train:0.4988, valid:0.4947/best:0.5123, test:0.3933/best:0.4045
[I 2026-09-12 14:45:55,926 ignn.models.IGNN:215] epoch:78/best:75, loss:1.2601, train:0.5152, valid:0.4807/best:0.5123, test:0.3820/best:0.4045
[I 2026-09-12 14:45:55,941 ignn.models.IGNN:215] epoch:79/best:75, loss:1.2272, train:0.5199, valid:0.4877/best:0.5123, test:0.4270/best:0.4045
[I 2026-09-12 14:45:55,957 ignn.models.IGNN:215] epoch:80/best:75, loss:1.2460, train:0.5316, valid:0.5053/best:0.5123, test:0.4382/best:0.4045
[I 2026-09-12 14:45:55,973 ignn.models.IGNN:215] epoch:81/best:81, loss:1.2293, train:0.5363, valid:0.5123/best:0.5123, test:0.4382/best:0.4382
[I 2026-09-12 14:45:55,990 ignn.models.IGNN:215] epoch:82/best:82, loss:1.2012, train:0.5410, valid:0.5193/best:0.5193, test:0.4494/best:0.4494
[I 2026-09-12 14:45:56,005 ignn.models.IGNN:215] epoch:83/best:82, loss:1.1953, train:0.5480, valid:0.4947/best:0.5193, test:0.4663/best:0.4494
[I 2026-09-12 14:45:56,021 ignn.models.IGNN:215] epoch:84/best:82, loss:1.1995, train:0.5550, valid:0.5123/best:0.5193, test:0.4663/best:0.4494
[I 2026-09-12 14:45:56,038 ignn.models.IGNN:215] epoch:85/best:85, loss:1.1878, train:0.5597, valid:0.5193/best:0.5193, test:0.4382/best:0.4382
[I 2026-09-12 14:45:56,055 ignn.models.IGNN:215] epoch:86/best:86, loss:1.1879, train:0.5527, valid:0.5228/best:0.5228, test:0.4607/best:0.4607
[I 2026-09-12 14:45:56,070 ignn.models.IGNN:215] epoch:87/best:86, loss:1.1891, train:0.5621, valid:0.5088/best:0.5228, test:0.4494/best:0.4607
[I 2026-09-12 14:45:56,087 ignn.models.IGNN:215] epoch:88/best:88, loss:1.1498, train:0.5574, valid:0.5228/best:0.5228, test:0.4607/best:0.4607
[I 2026-09-12 14:45:56,103 ignn.models.IGNN:215] epoch:89/best:89, loss:1.1907, train:0.5667, valid:0.5333/best:0.5333, test:0.4663/best:0.4663
[I 2026-09-12 14:45:56,120 ignn.models.IGNN:215] epoch:90/best:90, loss:1.2251, train:0.5691, valid:0.5439/best:0.5439, test:0.4663/best:0.4663
[I 2026-09-12 14:45:56,135 ignn.models.IGNN:215] epoch:91/best:90, loss:1.1721, train:0.5621, valid:0.5263/best:0.5439, test:0.4663/best:0.4663
[I 2026-09-12 14:45:56,150 ignn.models.IGNN:215] epoch:92/best:90, loss:1.1302, train:0.5667, valid:0.5018/best:0.5439, test:0.4551/best:0.4663
[I 2026-09-12 14:45:56,166 ignn.models.IGNN:215] epoch:93/best:90, loss:1.1817, train:0.5691, valid:0.4912/best:0.5439, test:0.4382/best:0.4663
[I 2026-09-12 14:45:56,181 ignn.models.IGNN:215] epoch:94/best:90, loss:1.1790, train:0.5597, valid:0.4667/best:0.5439, test:0.4213/best:0.4663
[I 2026-09-12 14:45:56,196 ignn.models.IGNN:215] epoch:95/best:90, loss:1.1677, train:0.5785, valid:0.4772/best:0.5439, test:0.4270/best:0.4663
[I 2026-09-12 14:45:56,212 ignn.models.IGNN:215] epoch:96/best:90, loss:1.1723, train:0.5808, valid:0.5263/best:0.5439, test:0.4775/best:0.4663
[I 2026-09-12 14:45:56,229 ignn.models.IGNN:215] epoch:97/best:97, loss:1.1946, train:0.6019, valid:0.5474/best:0.5474, test:0.4944/best:0.4944
[I 2026-09-12 14:45:56,244 ignn.models.IGNN:215] epoch:98/best:97, loss:1.1258, train:0.5855, valid:0.5404/best:0.5474, test:0.4719/best:0.4944
[I 2026-09-12 14:45:56,259 ignn.models.IGNN:215] epoch:99/best:97, loss:1.1424, train:0.6066, valid:0.5439/best:0.5474, test:0.4831/best:0.4944
[I 2026-09-12 14:45:56,274 ignn.models.IGNN:215] epoch:100/best:97, loss:1.1597, train:0.6089, valid:0.5298/best:0.5474, test:0.5000/best:0.4944
[I 2026-09-12 14:45:56,290 ignn.models.IGNN:215] epoch:101/best:97, loss:1.1672, train:0.6089, valid:0.5053/best:0.5474, test:0.4719/best:0.4944
[I 2026-09-12 14:45:56,305 ignn.models.IGNN:215] epoch:102/best:97, loss:1.1541, train:0.6206, valid:0.5158/best:0.5474, test:0.4944/best:0.4944
[I 2026-09-12 14:45:56,320 ignn.models.IGNN:215] epoch:103/best:97, loss:1.1040, train:0.6183, valid:0.5123/best:0.5474, test:0.4663/best:0.4944
[I 2026-09-12 14:45:56,335 ignn.models.IGNN:215] epoch:104/best:97, loss:1.1121, train:0.6159, valid:0.5018/best:0.5474, test:0.4607/best:0.4944
[I 2026-09-12 14:45:56,351 ignn.models.IGNN:215] epoch:105/best:97, loss:1.1657, train:0.6276, valid:0.4982/best:0.5474, test:0.4494/best:0.4944
[I 2026-09-12 14:45:56,366 ignn.models.IGNN:215] epoch:106/best:97, loss:1.1363, train:0.6253, valid:0.4947/best:0.5474, test:0.4607/best:0.4944
[I 2026-09-12 14:45:56,381 ignn.models.IGNN:215] epoch:107/best:97, loss:1.1136, train:0.6253, valid:0.4842/best:0.5474, test:0.4607/best:0.4944
[I 2026-09-12 14:45:56,396 ignn.models.IGNN:215] epoch:108/best:97, loss:1.1243, train:0.6347, valid:0.4877/best:0.5474, test:0.4607/best:0.4944
[I 2026-09-12 14:45:56,412 ignn.models.IGNN:215] epoch:109/best:97, loss:1.1733, train:0.6393, valid:0.4947/best:0.5474, test:0.4607/best:0.4944
[I 2026-09-12 14:45:56,427 ignn.models.IGNN:215] epoch:110/best:97, loss:1.1115, train:0.6393, valid:0.4877/best:0.5474, test:0.4663/best:0.4944
[I 2026-09-12 14:45:56,442 ignn.models.IGNN:215] epoch:111/best:97, loss:1.0944, train:0.6300, valid:0.5053/best:0.5474, test:0.4551/best:0.4944
[I 2026-09-12 14:45:56,457 ignn.models.IGNN:215] epoch:112/best:97, loss:1.1447, train:0.6370, valid:0.4982/best:0.5474, test:0.4607/best:0.4944
[I 2026-09-12 14:45:56,473 ignn.models.IGNN:215] epoch:113/best:97, loss:1.0949, train:0.6417, valid:0.4912/best:0.5474, test:0.4719/best:0.4944
[I 2026-09-12 14:45:56,489 ignn.models.IGNN:215] epoch:114/best:97, loss:1.1428, train:0.6581, valid:0.4737/best:0.5474, test:0.4719/best:0.4944
[I 2026-09-12 14:45:56,505 ignn.models.IGNN:215] epoch:115/best:97, loss:1.0760, train:0.6393, valid:0.4737/best:0.5474, test:0.4719/best:0.4944
[I 2026-09-12 14:45:56,522 ignn.models.IGNN:215] epoch:116/best:97, loss:1.0965, train:0.6511, valid:0.4667/best:0.5474, test:0.4663/best:0.4944
[I 2026-09-12 14:45:56,539 ignn.models.IGNN:215] epoch:117/best:97, loss:1.0775, train:0.6464, valid:0.4702/best:0.5474, test:0.4775/best:0.4944
[I 2026-09-12 14:45:56,555 ignn.models.IGNN:215] epoch:118/best:97, loss:1.1395, train:0.6511, valid:0.4667/best:0.5474, test:0.4663/best:0.4944
[I 2026-09-12 14:45:56,570 ignn.models.IGNN:215] epoch:119/best:97, loss:1.1183, train:0.6417, valid:0.4667/best:0.5474, test:0.4719/best:0.4944
[I 2026-09-12 14:45:56,586 ignn.models.IGNN:215] epoch:120/best:97, loss:1.0608, train:0.6604, valid:0.4947/best:0.5474, test:0.4944/best:0.4944
[I 2026-09-12 14:45:56,601 ignn.models.IGNN:215] epoch:121/best:97, loss:1.1238, train:0.6464, valid:0.5018/best:0.5474, test:0.4831/best:0.4944
[I 2026-09-12 14:45:56,617 ignn.models.IGNN:215] epoch:122/best:97, loss:1.1344, train:0.6487, valid:0.4982/best:0.5474, test:0.4775/best:0.4944
[I 2026-09-12 14:45:56,632 ignn.models.IGNN:215] epoch:123/best:97, loss:1.0915, train:0.6534, valid:0.4947/best:0.5474, test:0.4775/best:0.4944
[I 2026-09-12 14:45:56,648 ignn.models.IGNN:215] epoch:124/best:97, loss:1.1948, train:0.6417, valid:0.4842/best:0.5474, test:0.4663/best:0.4944
[I 2026-09-12 14:45:56,664 ignn.models.IGNN:215] epoch:125/best:97, loss:1.1186, train:0.6393, valid:0.4877/best:0.5474, test:0.4663/best:0.4944
[I 2026-09-12 14:45:56,679 ignn.models.IGNN:215] epoch:126/best:97, loss:1.0841, train:0.6487, valid:0.4877/best:0.5474, test:0.4719/best:0.4944
[I 2026-09-12 14:45:56,695 ignn.models.IGNN:215] epoch:127/best:97, loss:1.1057, train:0.6628, valid:0.4877/best:0.5474, test:0.4831/best:0.4944
[I 2026-09-12 14:45:56,711 ignn.models.IGNN:215] epoch:128/best:97, loss:1.1041, train:0.6534, valid:0.4947/best:0.5474, test:0.4888/best:0.4944
[I 2026-09-12 14:45:56,726 ignn.models.IGNN:215] epoch:129/best:97, loss:1.0979, train:0.6300, valid:0.5158/best:0.5474, test:0.4719/best:0.4944
[I 2026-09-12 14:45:56,742 ignn.models.IGNN:215] epoch:130/best:97, loss:1.0875, train:0.6066, valid:0.4947/best:0.5474, test:0.4438/best:0.4944
[I 2026-09-12 14:45:56,757 ignn.models.IGNN:215] epoch:131/best:97, loss:1.1231, train:0.6042, valid:0.4877/best:0.5474, test:0.4438/best:0.4944
[I 2026-09-12 14:45:56,773 ignn.models.IGNN:215] epoch:132/best:97, loss:1.1451, train:0.6276, valid:0.4982/best:0.5474, test:0.4775/best:0.4944
[I 2026-09-12 14:45:56,788 ignn.models.IGNN:215] epoch:133/best:97, loss:1.1050, train:0.6440, valid:0.4912/best:0.5474, test:0.4831/best:0.4944
[I 2026-09-12 14:45:56,803 ignn.models.IGNN:215] epoch:134/best:97, loss:1.0861, train:0.6557, valid:0.4807/best:0.5474, test:0.4888/best:0.4944
[I 2026-09-12 14:45:56,819 ignn.models.IGNN:215] epoch:135/best:97, loss:1.0750, train:0.6674, valid:0.4737/best:0.5474, test:0.4719/best:0.4944
[I 2026-09-12 14:45:56,834 ignn.models.IGNN:215] epoch:136/best:97, loss:1.0917, train:0.6674, valid:0.4807/best:0.5474, test:0.4663/best:0.4944
[I 2026-09-12 14:45:56,849 ignn.models.IGNN:215] epoch:137/best:97, loss:1.0535, train:0.6604, valid:0.4772/best:0.5474, test:0.4607/best:0.4944
[I 2026-09-12 14:45:56,864 ignn.models.IGNN:215] epoch:138/best:97, loss:1.1526, train:0.6745, valid:0.4807/best:0.5474, test:0.4831/best:0.4944
[I 2026-09-12 14:45:56,880 ignn.models.IGNN:215] epoch:139/best:97, loss:1.1386, train:0.6698, valid:0.4842/best:0.5474, test:0.5000/best:0.4944
[I 2026-09-12 14:45:56,895 ignn.models.IGNN:215] epoch:140/best:97, loss:1.1094, train:0.6721, valid:0.4877/best:0.5474, test:0.5056/best:0.4944
[I 2026-09-12 14:45:56,910 ignn.models.IGNN:215] epoch:141/best:97, loss:1.0939, train:0.6698, valid:0.4912/best:0.5474, test:0.4944/best:0.4944
[I 2026-09-12 14:45:56,926 ignn.models.IGNN:215] epoch:142/best:97, loss:1.0784, train:0.6745, valid:0.4807/best:0.5474, test:0.5000/best:0.4944
[I 2026-09-12 14:45:56,941 ignn.models.IGNN:215] epoch:143/best:97, loss:1.0981, train:0.6721, valid:0.4982/best:0.5474, test:0.5056/best:0.4944
[I 2026-09-12 14:45:56,957 ignn.models.IGNN:215] epoch:144/best:97, loss:1.0765, train:0.6721, valid:0.4947/best:0.5474, test:0.5056/best:0.4944
[I 2026-09-12 14:45:56,972 ignn.models.IGNN:215] epoch:145/best:97, loss:1.0754, train:0.6792, valid:0.5088/best:0.5474, test:0.5000/best:0.4944
[I 2026-09-12 14:45:56,987 ignn.models.IGNN:215] epoch:146/best:97, loss:1.0993, train:0.6721, valid:0.4982/best:0.5474, test:0.5056/best:0.4944
[I 2026-09-12 14:45:57,003 ignn.models.IGNN:215] epoch:147/best:97, loss:1.0610, train:0.6792, valid:0.4877/best:0.5474, test:0.5056/best:0.4944
[I 2026-09-12 14:45:57,003 ignn.models.IGNN:222] Early Stopping! Best Epoch: 97, best val acc: 0.5474, test acc: 0.4944
[I 2026-09-12 14:45:57,003 ignn.models.IGNN:234] 10 epoch cost: 0.1584s.
[I 2026-09-12 14:45:57,011 __main__:210] chameleon_critical 2 res: 0.4943820224719101


[I 2026-09-12 14:45:57,036 ignn.models.IGNN:215] epoch:0/best:0, loss:1.5996, train:0.2365, valid:0.2351/best:0.2351, test:0.2303/best:0.2303
[I 2026-09-12 14:45:57,052 ignn.models.IGNN:215] epoch:1/best:1, loss:1.5983, train:0.2553, valid:0.2421/best:0.2421, test:0.2528/best:0.2528
[I 2026-09-12 14:45:57,069 ignn.models.IGNN:215] epoch:2/best:2, loss:1.5980, train:0.3489, valid:0.3404/best:0.3404, test:0.3708/best:0.3708
[I 2026-09-12 14:45:57,084 ignn.models.IGNN:215] epoch:3/best:2, loss:1.5934, train:0.3255, valid:0.3088/best:0.3404, test:0.3427/best:0.3708
[I 2026-09-12 14:45:57,099 ignn.models.IGNN:215] epoch:4/best:2, loss:1.5943, train:0.2927, valid:0.2772/best:0.3404, test:0.3146/best:0.3708
[I 2026-09-12 14:45:57,115 ignn.models.IGNN:215] epoch:5/best:2, loss:1.5895, train:0.2763, valid:0.2456/best:0.3404, test:0.2978/best:0.3708
[I 2026-09-12 14:45:57,130 ignn.models.IGNN:215] epoch:6/best:2, loss:1.5861, train:0.2763, valid:0.2456/best:0.3404, test:0.3034/best:0.3708
[I 2026-09-12 14:45:57,146 ignn.models.IGNN:215] epoch:7/best:2, loss:1.5861, train:0.2763, valid:0.2491/best:0.3404, test:0.2978/best:0.3708
[I 2026-09-12 14:45:57,162 ignn.models.IGNN:215] epoch:8/best:2, loss:1.5860, train:0.2787, valid:0.2491/best:0.3404, test:0.2978/best:0.3708
[I 2026-09-12 14:45:57,178 ignn.models.IGNN:215] epoch:9/best:2, loss:1.5851, train:0.2787, valid:0.2491/best:0.3404, test:0.2921/best:0.3708
[I 2026-09-12 14:45:57,194 ignn.models.IGNN:215] epoch:10/best:2, loss:1.5816, train:0.2787, valid:0.2491/best:0.3404, test:0.2921/best:0.3708
[I 2026-09-12 14:45:57,210 ignn.models.IGNN:215] epoch:11/best:2, loss:1.5832, train:0.2787, valid:0.2491/best:0.3404, test:0.2921/best:0.3708
[I 2026-09-12 14:45:57,226 ignn.models.IGNN:215] epoch:12/best:2, loss:1.5789, train:0.2787, valid:0.2491/best:0.3404, test:0.2921/best:0.3708
[I 2026-09-12 14:45:57,241 ignn.models.IGNN:215] epoch:13/best:2, loss:1.5804, train:0.2787, valid:0.2491/best:0.3404, test:0.2921/best:0.3708
[I 2026-09-12 14:45:57,257 ignn.models.IGNN:215] epoch:14/best:2, loss:1.5766, train:0.2787, valid:0.2491/best:0.3404, test:0.2921/best:0.3708
[I 2026-09-12 14:45:57,272 ignn.models.IGNN:215] epoch:15/best:2, loss:1.5779, train:0.2787, valid:0.2491/best:0.3404, test:0.2921/best:0.3708
[I 2026-09-12 14:45:57,288 ignn.models.IGNN:215] epoch:16/best:2, loss:1.5731, train:0.2787, valid:0.2491/best:0.3404, test:0.2921/best:0.3708
[I 2026-09-12 14:45:57,304 ignn.models.IGNN:215] epoch:17/best:2, loss:1.5739, train:0.2787, valid:0.2491/best:0.3404, test:0.2921/best:0.3708
[I 2026-09-12 14:45:57,319 ignn.models.IGNN:215] epoch:18/best:2, loss:1.5726, train:0.2787, valid:0.2491/best:0.3404, test:0.2921/best:0.3708
[I 2026-09-12 14:45:57,334 ignn.models.IGNN:215] epoch:19/best:2, loss:1.5705, train:0.2787, valid:0.2491/best:0.3404, test:0.2921/best:0.3708
[I 2026-09-12 14:45:57,350 ignn.models.IGNN:215] epoch:20/best:2, loss:1.5710, train:0.2787, valid:0.2526/best:0.3404, test:0.2921/best:0.3708
[I 2026-09-12 14:45:57,365 ignn.models.IGNN:215] epoch:21/best:2, loss:1.5693, train:0.2810, valid:0.2561/best:0.3404, test:0.2921/best:0.3708
[I 2026-09-12 14:45:57,380 ignn.models.IGNN:215] epoch:22/best:2, loss:1.5653, train:0.2810, valid:0.2561/best:0.3404, test:0.2978/best:0.3708
[I 2026-09-12 14:45:57,395 ignn.models.IGNN:215] epoch:23/best:2, loss:1.5669, train:0.2787, valid:0.2561/best:0.3404, test:0.2978/best:0.3708
[I 2026-09-12 14:45:57,410 ignn.models.IGNN:215] epoch:24/best:2, loss:1.5644, train:0.2787, valid:0.2596/best:0.3404, test:0.2978/best:0.3708
[I 2026-09-12 14:45:57,426 ignn.models.IGNN:215] epoch:25/best:2, loss:1.5596, train:0.2787, valid:0.2596/best:0.3404, test:0.2978/best:0.3708
[I 2026-09-12 14:45:57,441 ignn.models.IGNN:215] epoch:26/best:2, loss:1.5626, train:0.2787, valid:0.2561/best:0.3404, test:0.2978/best:0.3708
[I 2026-09-12 14:45:57,456 ignn.models.IGNN:215] epoch:27/best:2, loss:1.5565, train:0.2787, valid:0.2561/best:0.3404, test:0.3034/best:0.3708
[I 2026-09-12 14:45:57,471 ignn.models.IGNN:215] epoch:28/best:2, loss:1.5515, train:0.2787, valid:0.2561/best:0.3404, test:0.3034/best:0.3708
[I 2026-09-12 14:45:57,486 ignn.models.IGNN:215] epoch:29/best:2, loss:1.5495, train:0.2787, valid:0.2561/best:0.3404, test:0.3090/best:0.3708
[I 2026-09-12 14:45:57,502 ignn.models.IGNN:215] epoch:30/best:2, loss:1.5503, train:0.2834, valid:0.2596/best:0.3404, test:0.3090/best:0.3708
[I 2026-09-12 14:45:57,517 ignn.models.IGNN:215] epoch:31/best:2, loss:1.5513, train:0.2857, valid:0.2737/best:0.3404, test:0.3146/best:0.3708
[I 2026-09-12 14:45:57,532 ignn.models.IGNN:215] epoch:32/best:2, loss:1.5395, train:0.2951, valid:0.2807/best:0.3404, test:0.3146/best:0.3708
[I 2026-09-12 14:45:57,547 ignn.models.IGNN:215] epoch:33/best:2, loss:1.5447, train:0.2998, valid:0.2842/best:0.3404, test:0.3146/best:0.3708
[I 2026-09-12 14:45:57,563 ignn.models.IGNN:215] epoch:34/best:2, loss:1.5415, train:0.3068, valid:0.3018/best:0.3404, test:0.3202/best:0.3708
[I 2026-09-12 14:45:57,578 ignn.models.IGNN:215] epoch:35/best:2, loss:1.5367, train:0.3255, valid:0.3123/best:0.3404, test:0.3258/best:0.3708
[I 2026-09-12 14:45:57,594 ignn.models.IGNN:215] epoch:36/best:2, loss:1.5265, train:0.3279, valid:0.3298/best:0.3404, test:0.3202/best:0.3708
[I 2026-09-12 14:45:57,609 ignn.models.IGNN:215] epoch:37/best:2, loss:1.5327, train:0.3326, valid:0.3298/best:0.3404, test:0.3146/best:0.3708
[I 2026-09-12 14:45:57,626 ignn.models.IGNN:215] epoch:38/best:38, loss:1.5340, train:0.3583, valid:0.3404/best:0.3404, test:0.3483/best:0.3483
[I 2026-09-12 14:45:57,641 ignn.models.IGNN:215] epoch:39/best:38, loss:1.5205, train:0.3513, valid:0.3368/best:0.3404, test:0.3427/best:0.3483
[I 2026-09-12 14:45:57,656 ignn.models.IGNN:215] epoch:40/best:38, loss:1.5164, train:0.3513, valid:0.3368/best:0.3404, test:0.3371/best:0.3483
[I 2026-09-12 14:45:57,673 ignn.models.IGNN:215] epoch:41/best:41, loss:1.5079, train:0.3607, valid:0.3439/best:0.3439, test:0.3427/best:0.3427
[I 2026-09-12 14:45:57,689 ignn.models.IGNN:215] epoch:42/best:42, loss:1.5088, train:0.3583, valid:0.3509/best:0.3509, test:0.3539/best:0.3539
[I 2026-09-12 14:45:57,706 ignn.models.IGNN:215] epoch:43/best:43, loss:1.5047, train:0.3630, valid:0.3579/best:0.3579, test:0.3708/best:0.3708
[I 2026-09-12 14:45:57,722 ignn.models.IGNN:215] epoch:44/best:44, loss:1.4950, train:0.3724, valid:0.3579/best:0.3579, test:0.3708/best:0.3708
[I 2026-09-12 14:45:57,739 ignn.models.IGNN:215] epoch:45/best:45, loss:1.5091, train:0.3770, valid:0.3614/best:0.3614, test:0.3652/best:0.3652
[I 2026-09-12 14:45:57,756 ignn.models.IGNN:215] epoch:46/best:46, loss:1.4953, train:0.3770, valid:0.3614/best:0.3614, test:0.3764/best:0.3764
[I 2026-09-12 14:45:57,772 ignn.models.IGNN:215] epoch:47/best:47, loss:1.4755, train:0.3841, valid:0.3649/best:0.3649, test:0.3820/best:0.3820
[I 2026-09-12 14:45:57,789 ignn.models.IGNN:215] epoch:48/best:48, loss:1.4900, train:0.3864, valid:0.3684/best:0.3684, test:0.3933/best:0.3933
[I 2026-09-12 14:45:57,805 ignn.models.IGNN:215] epoch:49/best:49, loss:1.4851, train:0.3864, valid:0.3684/best:0.3684, test:0.3989/best:0.3989
[I 2026-09-12 14:45:57,822 ignn.models.IGNN:215] epoch:50/best:50, loss:1.4749, train:0.3864, valid:0.3754/best:0.3754, test:0.3989/best:0.3989
[I 2026-09-12 14:45:57,839 ignn.models.IGNN:215] epoch:51/best:51, loss:1.4594, train:0.3911, valid:0.3825/best:0.3825, test:0.3989/best:0.3989
[I 2026-09-12 14:45:57,855 ignn.models.IGNN:215] epoch:52/best:52, loss:1.4431, train:0.3911, valid:0.3860/best:0.3860, test:0.3989/best:0.3989
[I 2026-09-12 14:45:57,872 ignn.models.IGNN:215] epoch:53/best:53, loss:1.4418, train:0.3934, valid:0.3930/best:0.3930, test:0.3876/best:0.3876
[I 2026-09-12 14:45:57,888 ignn.models.IGNN:215] epoch:54/best:54, loss:1.4627, train:0.3934, valid:0.3930/best:0.3930, test:0.3933/best:0.3933
[I 2026-09-12 14:45:57,905 ignn.models.IGNN:215] epoch:55/best:55, loss:1.4392, train:0.3934, valid:0.3930/best:0.3930, test:0.3989/best:0.3989
[I 2026-09-12 14:45:57,922 ignn.models.IGNN:215] epoch:56/best:56, loss:1.4346, train:0.3981, valid:0.3930/best:0.3930, test:0.3989/best:0.3989
[I 2026-09-12 14:45:57,938 ignn.models.IGNN:215] epoch:57/best:57, loss:1.4247, train:0.4075, valid:0.3965/best:0.3965, test:0.3933/best:0.3933
[I 2026-09-12 14:45:57,953 ignn.models.IGNN:215] epoch:58/best:57, loss:1.4094, train:0.4145, valid:0.3860/best:0.3965, test:0.4045/best:0.3933
[I 2026-09-12 14:45:57,969 ignn.models.IGNN:215] epoch:59/best:57, loss:1.4306, train:0.4215, valid:0.3895/best:0.3965, test:0.3989/best:0.3933
[I 2026-09-12 14:45:57,984 ignn.models.IGNN:215] epoch:60/best:57, loss:1.4146, train:0.4239, valid:0.3860/best:0.3965, test:0.4045/best:0.3933
[I 2026-09-12 14:45:57,999 ignn.models.IGNN:215] epoch:61/best:57, loss:1.4223, train:0.4309, valid:0.3860/best:0.3965, test:0.4101/best:0.3933
[I 2026-09-12 14:45:58,014 ignn.models.IGNN:215] epoch:62/best:57, loss:1.3729, train:0.4356, valid:0.3895/best:0.3965, test:0.4157/best:0.3933
[I 2026-09-12 14:45:58,031 ignn.models.IGNN:215] epoch:63/best:63, loss:1.3678, train:0.4496, valid:0.4070/best:0.4070, test:0.4326/best:0.4326
[I 2026-09-12 14:45:58,046 ignn.models.IGNN:215] epoch:64/best:63, loss:1.3603, train:0.4543, valid:0.4035/best:0.4070, test:0.4270/best:0.4326
[I 2026-09-12 14:45:58,063 ignn.models.IGNN:215] epoch:65/best:65, loss:1.3379, train:0.4567, valid:0.4175/best:0.4175, test:0.4213/best:0.4213
[I 2026-09-12 14:45:58,079 ignn.models.IGNN:215] epoch:66/best:65, loss:1.3567, train:0.4567, valid:0.4070/best:0.4175, test:0.4213/best:0.4213
[I 2026-09-12 14:45:58,095 ignn.models.IGNN:215] epoch:67/best:67, loss:1.3431, train:0.4637, valid:0.4211/best:0.4211, test:0.4270/best:0.4270
[I 2026-09-12 14:45:58,110 ignn.models.IGNN:215] epoch:68/best:67, loss:1.2853, train:0.4637, valid:0.4175/best:0.4211, test:0.4157/best:0.4270
[I 2026-09-12 14:45:58,127 ignn.models.IGNN:215] epoch:69/best:69, loss:1.2889, train:0.4614, valid:0.4281/best:0.4281, test:0.4045/best:0.4045
[I 2026-09-12 14:45:58,143 ignn.models.IGNN:215] epoch:70/best:69, loss:1.3076, train:0.4778, valid:0.4246/best:0.4281, test:0.4045/best:0.4045
[I 2026-09-12 14:45:58,158 ignn.models.IGNN:215] epoch:71/best:69, loss:1.3122, train:0.4754, valid:0.4246/best:0.4281, test:0.4101/best:0.4045
[I 2026-09-12 14:45:58,175 ignn.models.IGNN:215] epoch:72/best:72, loss:1.2444, train:0.4801, valid:0.4316/best:0.4316, test:0.4213/best:0.4213
[I 2026-09-12 14:45:58,190 ignn.models.IGNN:215] epoch:73/best:72, loss:1.2617, train:0.4754, valid:0.4281/best:0.4316, test:0.4101/best:0.4213
[I 2026-09-12 14:45:58,207 ignn.models.IGNN:215] epoch:74/best:74, loss:1.2018, train:0.4778, valid:0.4316/best:0.4316, test:0.4101/best:0.4101
[I 2026-09-12 14:45:58,222 ignn.models.IGNN:215] epoch:75/best:74, loss:1.2418, train:0.4871, valid:0.4281/best:0.4316, test:0.4101/best:0.4101
[I 2026-09-12 14:45:58,237 ignn.models.IGNN:215] epoch:76/best:74, loss:1.2364, train:0.4965, valid:0.4281/best:0.4316, test:0.4157/best:0.4101
[I 2026-09-12 14:45:58,254 ignn.models.IGNN:215] epoch:77/best:77, loss:1.2308, train:0.5129, valid:0.4316/best:0.4316, test:0.4157/best:0.4157
[I 2026-09-12 14:45:58,269 ignn.models.IGNN:215] epoch:78/best:77, loss:1.1722, train:0.5152, valid:0.4246/best:0.4316, test:0.4101/best:0.4157
[I 2026-09-12 14:45:58,285 ignn.models.IGNN:215] epoch:79/best:77, loss:1.2049, train:0.5199, valid:0.4281/best:0.4316, test:0.4213/best:0.4157
[I 2026-09-12 14:45:58,301 ignn.models.IGNN:215] epoch:80/best:80, loss:1.1851, train:0.5293, valid:0.4351/best:0.4351, test:0.4213/best:0.4213
[I 2026-09-12 14:45:58,318 ignn.models.IGNN:215] epoch:81/best:81, loss:1.2019, train:0.5316, valid:0.4456/best:0.4456, test:0.4157/best:0.4157
[I 2026-09-12 14:45:58,335 ignn.models.IGNN:215] epoch:82/best:82, loss:1.2023, train:0.5386, valid:0.4491/best:0.4491, test:0.3989/best:0.3989
[I 2026-09-12 14:45:58,350 ignn.models.IGNN:215] epoch:83/best:82, loss:1.1775, train:0.5457, valid:0.4316/best:0.4491, test:0.4157/best:0.3989
[I 2026-09-12 14:45:58,366 ignn.models.IGNN:215] epoch:84/best:82, loss:1.1677, train:0.5504, valid:0.4456/best:0.4491, test:0.4157/best:0.3989
[I 2026-09-12 14:45:58,381 ignn.models.IGNN:215] epoch:85/best:82, loss:1.1697, train:0.5457, valid:0.4456/best:0.4491, test:0.4045/best:0.3989
[I 2026-09-12 14:45:58,397 ignn.models.IGNN:215] epoch:86/best:86, loss:1.1684, train:0.5527, valid:0.4491/best:0.4491, test:0.4045/best:0.4045
[I 2026-09-12 14:45:58,414 ignn.models.IGNN:215] epoch:87/best:87, loss:1.1717, train:0.5621, valid:0.4842/best:0.4842, test:0.3989/best:0.3989
[I 2026-09-12 14:45:58,431 ignn.models.IGNN:215] epoch:88/best:88, loss:1.1582, train:0.5667, valid:0.5123/best:0.5123, test:0.4270/best:0.4270
[I 2026-09-12 14:45:58,447 ignn.models.IGNN:215] epoch:89/best:89, loss:1.1384, train:0.5738, valid:0.5123/best:0.5123, test:0.4382/best:0.4382
[I 2026-09-12 14:45:58,462 ignn.models.IGNN:215] epoch:90/best:89, loss:1.1299, train:0.5761, valid:0.4912/best:0.5123, test:0.4270/best:0.4382
[I 2026-09-12 14:45:58,478 ignn.models.IGNN:215] epoch:91/best:89, loss:1.1175, train:0.5714, valid:0.4842/best:0.5123, test:0.4213/best:0.4382
[I 2026-09-12 14:45:58,493 ignn.models.IGNN:215] epoch:92/best:89, loss:1.1470, train:0.5714, valid:0.4667/best:0.5123, test:0.4213/best:0.4382
[I 2026-09-12 14:45:58,508 ignn.models.IGNN:215] epoch:93/best:89, loss:1.1470, train:0.5808, valid:0.4667/best:0.5123, test:0.4270/best:0.4382
[I 2026-09-12 14:45:58,523 ignn.models.IGNN:215] epoch:94/best:89, loss:1.0817, train:0.6089, valid:0.4737/best:0.5123, test:0.4326/best:0.4382
[I 2026-09-12 14:45:58,539 ignn.models.IGNN:215] epoch:95/best:89, loss:1.1564, train:0.6042, valid:0.4596/best:0.5123, test:0.4270/best:0.4382
[I 2026-09-12 14:45:58,554 ignn.models.IGNN:215] epoch:96/best:89, loss:1.1733, train:0.5831, valid:0.4456/best:0.5123, test:0.4045/best:0.4382
[I 2026-09-12 14:45:58,570 ignn.models.IGNN:215] epoch:97/best:89, loss:1.1132, train:0.5831, valid:0.4386/best:0.5123, test:0.4101/best:0.4382
[I 2026-09-12 14:45:58,587 ignn.models.IGNN:215] epoch:98/best:89, loss:1.1569, train:0.5972, valid:0.4386/best:0.5123, test:0.4045/best:0.4382
[I 2026-09-12 14:45:58,604 ignn.models.IGNN:215] epoch:99/best:89, loss:1.1153, train:0.5948, valid:0.4491/best:0.5123, test:0.4157/best:0.4382
[I 2026-09-12 14:45:58,620 ignn.models.IGNN:215] epoch:100/best:89, loss:1.0934, train:0.6019, valid:0.4561/best:0.5123, test:0.4326/best:0.4382
[I 2026-09-12 14:45:58,635 ignn.models.IGNN:215] epoch:101/best:89, loss:1.1103, train:0.5972, valid:0.4702/best:0.5123, test:0.4157/best:0.4382
[I 2026-09-12 14:45:58,651 ignn.models.IGNN:215] epoch:102/best:89, loss:1.1093, train:0.5972, valid:0.4737/best:0.5123, test:0.4101/best:0.4382
[I 2026-09-12 14:45:58,666 ignn.models.IGNN:215] epoch:103/best:89, loss:1.1195, train:0.5878, valid:0.4667/best:0.5123, test:0.4101/best:0.4382
[I 2026-09-12 14:45:58,682 ignn.models.IGNN:215] epoch:104/best:89, loss:1.1003, train:0.5785, valid:0.4632/best:0.5123, test:0.4157/best:0.4382
[I 2026-09-12 14:45:58,697 ignn.models.IGNN:215] epoch:105/best:89, loss:1.0902, train:0.5925, valid:0.4842/best:0.5123, test:0.4157/best:0.4382
[I 2026-09-12 14:45:58,713 ignn.models.IGNN:215] epoch:106/best:89, loss:1.1075, train:0.5855, valid:0.4982/best:0.5123, test:0.4157/best:0.4382
[I 2026-09-12 14:45:58,729 ignn.models.IGNN:215] epoch:107/best:89, loss:1.0797, train:0.5948, valid:0.4982/best:0.5123, test:0.4157/best:0.4382
[I 2026-09-12 14:45:58,744 ignn.models.IGNN:215] epoch:108/best:89, loss:1.1052, train:0.6042, valid:0.4947/best:0.5123, test:0.4213/best:0.4382
[I 2026-09-12 14:45:58,759 ignn.models.IGNN:215] epoch:109/best:89, loss:1.1198, train:0.5995, valid:0.4737/best:0.5123, test:0.4101/best:0.4382
[I 2026-09-12 14:45:58,774 ignn.models.IGNN:215] epoch:110/best:89, loss:1.0897, train:0.6089, valid:0.4702/best:0.5123, test:0.4157/best:0.4382
[I 2026-09-12 14:45:58,789 ignn.models.IGNN:215] epoch:111/best:89, loss:1.0337, train:0.6230, valid:0.4737/best:0.5123, test:0.4213/best:0.4382
[I 2026-09-12 14:45:58,805 ignn.models.IGNN:215] epoch:112/best:89, loss:1.0844, train:0.6276, valid:0.4842/best:0.5123, test:0.4270/best:0.4382
[I 2026-09-12 14:45:58,820 ignn.models.IGNN:215] epoch:113/best:89, loss:1.0949, train:0.6230, valid:0.4667/best:0.5123, test:0.4157/best:0.4382
[I 2026-09-12 14:45:58,835 ignn.models.IGNN:215] epoch:114/best:89, loss:1.1075, train:0.6019, valid:0.4386/best:0.5123, test:0.3933/best:0.4382
[I 2026-09-12 14:45:58,851 ignn.models.IGNN:215] epoch:115/best:89, loss:1.0664, train:0.5995, valid:0.4456/best:0.5123, test:0.3933/best:0.4382
[I 2026-09-12 14:45:58,866 ignn.models.IGNN:215] epoch:116/best:89, loss:1.0598, train:0.5948, valid:0.4561/best:0.5123, test:0.3876/best:0.4382
[I 2026-09-12 14:45:58,881 ignn.models.IGNN:215] epoch:117/best:89, loss:1.0695, train:0.5972, valid:0.4632/best:0.5123, test:0.3989/best:0.4382
[I 2026-09-12 14:45:58,896 ignn.models.IGNN:215] epoch:118/best:89, loss:1.0199, train:0.6019, valid:0.4596/best:0.5123, test:0.3933/best:0.4382
[I 2026-09-12 14:45:58,912 ignn.models.IGNN:215] epoch:119/best:89, loss:1.0559, train:0.6066, valid:0.4526/best:0.5123, test:0.3989/best:0.4382
[I 2026-09-12 14:45:58,927 ignn.models.IGNN:215] epoch:120/best:89, loss:1.0927, train:0.6183, valid:0.4667/best:0.5123, test:0.3989/best:0.4382
[I 2026-09-12 14:45:58,943 ignn.models.IGNN:215] epoch:121/best:89, loss:1.0572, train:0.6136, valid:0.4596/best:0.5123, test:0.3933/best:0.4382
[I 2026-09-12 14:45:58,958 ignn.models.IGNN:215] epoch:122/best:89, loss:1.1002, train:0.6136, valid:0.4561/best:0.5123, test:0.3989/best:0.4382
[I 2026-09-12 14:45:58,973 ignn.models.IGNN:215] epoch:123/best:89, loss:1.1497, train:0.6440, valid:0.4632/best:0.5123, test:0.4213/best:0.4382
[I 2026-09-12 14:45:58,989 ignn.models.IGNN:215] epoch:124/best:89, loss:1.0569, train:0.6604, valid:0.4737/best:0.5123, test:0.4270/best:0.4382
[I 2026-09-12 14:45:59,004 ignn.models.IGNN:215] epoch:125/best:89, loss:1.0693, train:0.6604, valid:0.4702/best:0.5123, test:0.4326/best:0.4382
[I 2026-09-12 14:45:59,019 ignn.models.IGNN:215] epoch:126/best:89, loss:1.1172, train:0.6604, valid:0.4737/best:0.5123, test:0.4270/best:0.4382
[I 2026-09-12 14:45:59,035 ignn.models.IGNN:215] epoch:127/best:89, loss:1.0326, train:0.6604, valid:0.4667/best:0.5123, test:0.4270/best:0.4382
[I 2026-09-12 14:45:59,050 ignn.models.IGNN:215] epoch:128/best:89, loss:1.0499, train:0.6581, valid:0.4702/best:0.5123, test:0.4326/best:0.4382
[I 2026-09-12 14:45:59,065 ignn.models.IGNN:215] epoch:129/best:89, loss:1.0554, train:0.6581, valid:0.4667/best:0.5123, test:0.4270/best:0.4382
[I 2026-09-12 14:45:59,080 ignn.models.IGNN:215] epoch:130/best:89, loss:1.0281, train:0.6393, valid:0.4807/best:0.5123, test:0.4101/best:0.4382
[I 2026-09-12 14:45:59,096 ignn.models.IGNN:215] epoch:131/best:89, loss:1.0607, train:0.6230, valid:0.4737/best:0.5123, test:0.4326/best:0.4382
[I 2026-09-12 14:45:59,111 ignn.models.IGNN:215] epoch:132/best:89, loss:1.1077, train:0.6464, valid:0.4807/best:0.5123, test:0.4270/best:0.4382
[I 2026-09-12 14:45:59,126 ignn.models.IGNN:215] epoch:133/best:89, loss:1.0819, train:0.6464, valid:0.4877/best:0.5123, test:0.4270/best:0.4382
[I 2026-09-12 14:45:59,142 ignn.models.IGNN:215] epoch:134/best:89, loss:1.0397, train:0.6557, valid:0.4772/best:0.5123, test:0.4438/best:0.4382
[I 2026-09-12 14:45:59,157 ignn.models.IGNN:215] epoch:135/best:89, loss:1.0448, train:0.6721, valid:0.4772/best:0.5123, test:0.4270/best:0.4382
[I 2026-09-12 14:45:59,172 ignn.models.IGNN:215] epoch:136/best:89, loss:1.0583, train:0.6768, valid:0.4702/best:0.5123, test:0.4213/best:0.4382
[I 2026-09-12 14:45:59,187 ignn.models.IGNN:215] epoch:137/best:89, loss:1.0668, train:0.6721, valid:0.4702/best:0.5123, test:0.4270/best:0.4382
[I 2026-09-12 14:45:59,205 ignn.models.IGNN:215] epoch:138/best:89, loss:1.0764, train:0.6651, valid:0.4702/best:0.5123, test:0.4438/best:0.4382
[I 2026-09-12 14:45:59,223 ignn.models.IGNN:215] epoch:139/best:89, loss:1.0651, train:0.6440, valid:0.4632/best:0.5123, test:0.4101/best:0.4382
[I 2026-09-12 14:45:59,223 ignn.models.IGNN:222] Early Stopping! Best Epoch: 89, best val acc: 0.5123, test acc: 0.4382
[I 2026-09-12 14:45:59,223 ignn.models.IGNN:234] 10 epoch cost: 0.1587s.
[I 2026-09-12 14:45:59,231 __main__:210] chameleon_critical 3 res: 0.43820224719101125


[I 2026-09-12 14:45:59,258 ignn.models.IGNN:215] epoch:0/best:0, loss:1.6130, train:0.1663, valid:0.1404/best:0.1404, test:0.1236/best:0.1236
[I 2026-09-12 14:45:59,275 ignn.models.IGNN:215] epoch:1/best:1, loss:1.6106, train:0.3115, valid:0.3088/best:0.3088, test:0.3483/best:0.3483
[I 2026-09-12 14:45:59,290 ignn.models.IGNN:215] epoch:2/best:1, loss:1.6062, train:0.2717, valid:0.2667/best:0.3088, test:0.3034/best:0.3483
[I 2026-09-12 14:45:59,306 ignn.models.IGNN:215] epoch:3/best:1, loss:1.6056, train:0.2670, valid:0.2667/best:0.3088, test:0.3034/best:0.3483
[I 2026-09-12 14:45:59,321 ignn.models.IGNN:215] epoch:4/best:1, loss:1.5982, train:0.2670, valid:0.2667/best:0.3088, test:0.3034/best:0.3483
[I 2026-09-12 14:45:59,337 ignn.models.IGNN:215] epoch:5/best:1, loss:1.5970, train:0.2646, valid:0.2667/best:0.3088, test:0.2921/best:0.3483
[I 2026-09-12 14:45:59,352 ignn.models.IGNN:215] epoch:6/best:1, loss:1.5937, train:0.2646, valid:0.2667/best:0.3088, test:0.2921/best:0.3483
[I 2026-09-12 14:45:59,367 ignn.models.IGNN:215] epoch:7/best:1, loss:1.5934, train:0.2646, valid:0.2667/best:0.3088, test:0.2921/best:0.3483
[I 2026-09-12 14:45:59,383 ignn.models.IGNN:215] epoch:8/best:1, loss:1.5953, train:0.2646, valid:0.2667/best:0.3088, test:0.2921/best:0.3483
[I 2026-09-12 14:45:59,398 ignn.models.IGNN:215] epoch:9/best:1, loss:1.5891, train:0.2670, valid:0.2667/best:0.3088, test:0.2978/best:0.3483
[I 2026-09-12 14:45:59,414 ignn.models.IGNN:215] epoch:10/best:1, loss:1.5877, train:0.2670, valid:0.2667/best:0.3088, test:0.3034/best:0.3483
[I 2026-09-12 14:45:59,429 ignn.models.IGNN:215] epoch:11/best:1, loss:1.5872, train:0.2670, valid:0.2667/best:0.3088, test:0.3034/best:0.3483
[I 2026-09-12 14:45:59,444 ignn.models.IGNN:215] epoch:12/best:1, loss:1.5899, train:0.2693, valid:0.2702/best:0.3088, test:0.3034/best:0.3483
[I 2026-09-12 14:45:59,459 ignn.models.IGNN:215] epoch:13/best:1, loss:1.5828, train:0.2717, valid:0.2772/best:0.3088, test:0.3146/best:0.3483
[I 2026-09-12 14:45:59,475 ignn.models.IGNN:215] epoch:14/best:1, loss:1.5822, train:0.2740, valid:0.2842/best:0.3088, test:0.3202/best:0.3483
[I 2026-09-12 14:45:59,490 ignn.models.IGNN:215] epoch:15/best:1, loss:1.5823, train:0.2810, valid:0.2947/best:0.3088, test:0.3202/best:0.3483
[I 2026-09-12 14:45:59,505 ignn.models.IGNN:215] epoch:16/best:1, loss:1.5823, train:0.2881, valid:0.3018/best:0.3088, test:0.3258/best:0.3483
[I 2026-09-12 14:45:59,520 ignn.models.IGNN:215] epoch:17/best:1, loss:1.5778, train:0.2998, valid:0.3053/best:0.3088, test:0.3315/best:0.3483
[I 2026-09-12 14:45:59,536 ignn.models.IGNN:215] epoch:18/best:1, loss:1.5734, train:0.3068, valid:0.3053/best:0.3088, test:0.3371/best:0.3483
[I 2026-09-12 14:45:59,552 ignn.models.IGNN:215] epoch:19/best:19, loss:1.5720, train:0.3091, valid:0.3123/best:0.3123, test:0.3483/best:0.3483
[I 2026-09-12 14:45:59,569 ignn.models.IGNN:215] epoch:20/best:20, loss:1.5818, train:0.3068, valid:0.3193/best:0.3193, test:0.3596/best:0.3596
[I 2026-09-12 14:45:59,586 ignn.models.IGNN:215] epoch:21/best:21, loss:1.5706, train:0.3091, valid:0.3228/best:0.3228, test:0.3539/best:0.3539
[I 2026-09-12 14:45:59,603 ignn.models.IGNN:215] epoch:22/best:22, loss:1.5737, train:0.3208, valid:0.3263/best:0.3263, test:0.3596/best:0.3596
[I 2026-09-12 14:45:59,620 ignn.models.IGNN:215] epoch:23/best:23, loss:1.5696, train:0.3185, valid:0.3263/best:0.3263, test:0.3708/best:0.3708
[I 2026-09-12 14:45:59,636 ignn.models.IGNN:215] epoch:24/best:24, loss:1.5660, train:0.3279, valid:0.3333/best:0.3333, test:0.3764/best:0.3764
[I 2026-09-12 14:45:59,652 ignn.models.IGNN:215] epoch:25/best:24, loss:1.5703, train:0.3232, valid:0.3298/best:0.3333, test:0.3708/best:0.3764
[I 2026-09-12 14:45:59,668 ignn.models.IGNN:215] epoch:26/best:26, loss:1.5561, train:0.3326, valid:0.3368/best:0.3368, test:0.3764/best:0.3764
[I 2026-09-12 14:45:59,685 ignn.models.IGNN:215] epoch:27/best:27, loss:1.5602, train:0.3372, valid:0.3404/best:0.3404, test:0.3876/best:0.3876
[I 2026-09-12 14:45:59,701 ignn.models.IGNN:215] epoch:28/best:28, loss:1.5572, train:0.3489, valid:0.3474/best:0.3474, test:0.3876/best:0.3876
[I 2026-09-12 14:45:59,718 ignn.models.IGNN:215] epoch:29/best:29, loss:1.5542, train:0.3489, valid:0.3509/best:0.3509, test:0.3820/best:0.3820
[I 2026-09-12 14:45:59,735 ignn.models.IGNN:215] epoch:30/best:30, loss:1.5563, train:0.3583, valid:0.3614/best:0.3614, test:0.3820/best:0.3820
[I 2026-09-12 14:45:59,752 ignn.models.IGNN:215] epoch:31/best:31, loss:1.5458, train:0.3677, valid:0.3754/best:0.3754, test:0.3764/best:0.3764
[I 2026-09-12 14:45:59,767 ignn.models.IGNN:215] epoch:32/best:31, loss:1.5435, train:0.3794, valid:0.3649/best:0.3754, test:0.3820/best:0.3764
[I 2026-09-12 14:45:59,783 ignn.models.IGNN:215] epoch:33/best:31, loss:1.5396, train:0.3817, valid:0.3649/best:0.3754, test:0.3764/best:0.3764
[I 2026-09-12 14:45:59,798 ignn.models.IGNN:215] epoch:34/best:31, loss:1.5442, train:0.3864, valid:0.3649/best:0.3754, test:0.3876/best:0.3764
[I 2026-09-12 14:45:59,814 ignn.models.IGNN:215] epoch:35/best:31, loss:1.5329, train:0.3911, valid:0.3544/best:0.3754, test:0.3820/best:0.3764
[I 2026-09-12 14:45:59,829 ignn.models.IGNN:215] epoch:36/best:31, loss:1.5326, train:0.3958, valid:0.3474/best:0.3754, test:0.3820/best:0.3764
[I 2026-09-12 14:45:59,844 ignn.models.IGNN:215] epoch:37/best:31, loss:1.5212, train:0.3864, valid:0.3544/best:0.3754, test:0.3820/best:0.3764
[I 2026-09-12 14:45:59,859 ignn.models.IGNN:215] epoch:38/best:31, loss:1.5216, train:0.3911, valid:0.3544/best:0.3754, test:0.3876/best:0.3764
[I 2026-09-12 14:45:59,875 ignn.models.IGNN:215] epoch:39/best:31, loss:1.5147, train:0.3911, valid:0.3544/best:0.3754, test:0.3820/best:0.3764
[I 2026-09-12 14:45:59,890 ignn.models.IGNN:215] epoch:40/best:31, loss:1.5152, train:0.3958, valid:0.3544/best:0.3754, test:0.3820/best:0.3764
[I 2026-09-12 14:45:59,905 ignn.models.IGNN:215] epoch:41/best:31, loss:1.4996, train:0.3958, valid:0.3544/best:0.3754, test:0.3820/best:0.3764
[I 2026-09-12 14:45:59,921 ignn.models.IGNN:215] epoch:42/best:31, loss:1.4904, train:0.3981, valid:0.3614/best:0.3754, test:0.3876/best:0.3764
[I 2026-09-12 14:45:59,936 ignn.models.IGNN:215] epoch:43/best:31, loss:1.4988, train:0.3958, valid:0.3579/best:0.3754, test:0.3933/best:0.3764
[I 2026-09-12 14:45:59,951 ignn.models.IGNN:215] epoch:44/best:31, loss:1.5052, train:0.3981, valid:0.3544/best:0.3754, test:0.3876/best:0.3764
[I 2026-09-12 14:45:59,966 ignn.models.IGNN:215] epoch:45/best:31, loss:1.4851, train:0.3981, valid:0.3474/best:0.3754, test:0.3933/best:0.3764
[I 2026-09-12 14:45:59,982 ignn.models.IGNN:215] epoch:46/best:31, loss:1.4761, train:0.3958, valid:0.3474/best:0.3754, test:0.3820/best:0.3764
[I 2026-09-12 14:45:59,997 ignn.models.IGNN:215] epoch:47/best:31, loss:1.4703, train:0.4075, valid:0.3474/best:0.3754, test:0.3820/best:0.3764
[I 2026-09-12 14:46:00,012 ignn.models.IGNN:215] epoch:48/best:31, loss:1.4667, train:0.4122, valid:0.3509/best:0.3754, test:0.3820/best:0.3764
[I 2026-09-12 14:46:00,028 ignn.models.IGNN:215] epoch:49/best:31, loss:1.4599, train:0.4122, valid:0.3509/best:0.3754, test:0.3764/best:0.3764
[I 2026-09-12 14:46:00,043 ignn.models.IGNN:215] epoch:50/best:31, loss:1.4578, train:0.4122, valid:0.3579/best:0.3754, test:0.3820/best:0.3764
[I 2026-09-12 14:46:00,058 ignn.models.IGNN:215] epoch:51/best:31, loss:1.4552, train:0.4098, valid:0.3579/best:0.3754, test:0.3820/best:0.3764
[I 2026-09-12 14:46:00,073 ignn.models.IGNN:215] epoch:52/best:31, loss:1.4405, train:0.4122, valid:0.3509/best:0.3754, test:0.3820/best:0.3764
[I 2026-09-12 14:46:00,089 ignn.models.IGNN:215] epoch:53/best:31, loss:1.4638, train:0.4169, valid:0.3544/best:0.3754, test:0.3876/best:0.3764
[I 2026-09-12 14:46:00,104 ignn.models.IGNN:215] epoch:54/best:31, loss:1.4444, train:0.4215, valid:0.3544/best:0.3754, test:0.3989/best:0.3764
[I 2026-09-12 14:46:00,120 ignn.models.IGNN:215] epoch:55/best:31, loss:1.4315, train:0.4239, valid:0.3719/best:0.3754, test:0.3933/best:0.3764
[I 2026-09-12 14:46:00,136 ignn.models.IGNN:215] epoch:56/best:56, loss:1.4534, train:0.4309, valid:0.3825/best:0.3825, test:0.3933/best:0.3933
[I 2026-09-12 14:46:00,153 ignn.models.IGNN:215] epoch:57/best:57, loss:1.4119, train:0.4262, valid:0.3930/best:0.3930, test:0.4101/best:0.4101
[I 2026-09-12 14:46:00,170 ignn.models.IGNN:215] epoch:58/best:58, loss:1.4016, train:0.4286, valid:0.4000/best:0.4000, test:0.4101/best:0.4101
[I 2026-09-12 14:46:00,187 ignn.models.IGNN:215] epoch:59/best:59, loss:1.4058, train:0.4356, valid:0.4175/best:0.4175, test:0.4157/best:0.4157
[I 2026-09-12 14:46:00,203 ignn.models.IGNN:215] epoch:60/best:60, loss:1.3907, train:0.4379, valid:0.4175/best:0.4175, test:0.4157/best:0.4157
[I 2026-09-12 14:46:00,220 ignn.models.IGNN:215] epoch:61/best:61, loss:1.3859, train:0.4379, valid:0.4175/best:0.4175, test:0.4157/best:0.4157
[I 2026-09-12 14:46:00,235 ignn.models.IGNN:215] epoch:62/best:61, loss:1.3803, train:0.4379, valid:0.4070/best:0.4175, test:0.4270/best:0.4157
[I 2026-09-12 14:46:00,250 ignn.models.IGNN:215] epoch:63/best:61, loss:1.3767, train:0.4473, valid:0.3965/best:0.4175, test:0.4270/best:0.4157
[I 2026-09-12 14:46:00,266 ignn.models.IGNN:215] epoch:64/best:61, loss:1.3297, train:0.4426, valid:0.3895/best:0.4175, test:0.4438/best:0.4157
[I 2026-09-12 14:46:00,281 ignn.models.IGNN:215] epoch:65/best:61, loss:1.3419, train:0.4450, valid:0.3930/best:0.4175, test:0.4607/best:0.4157
[I 2026-09-12 14:46:00,296 ignn.models.IGNN:215] epoch:66/best:61, loss:1.3119, train:0.4473, valid:0.3930/best:0.4175, test:0.4663/best:0.4157
[I 2026-09-12 14:46:00,311 ignn.models.IGNN:215] epoch:67/best:61, loss:1.3253, train:0.4496, valid:0.3965/best:0.4175, test:0.4663/best:0.4157
[I 2026-09-12 14:46:00,327 ignn.models.IGNN:215] epoch:68/best:61, loss:1.3236, train:0.4614, valid:0.3965/best:0.4175, test:0.4494/best:0.4157
[I 2026-09-12 14:46:00,342 ignn.models.IGNN:215] epoch:69/best:61, loss:1.3233, train:0.4543, valid:0.4035/best:0.4175, test:0.4438/best:0.4157
[I 2026-09-12 14:46:00,359 ignn.models.IGNN:215] epoch:70/best:70, loss:1.2987, train:0.4660, valid:0.4175/best:0.4175, test:0.4382/best:0.4382
[I 2026-09-12 14:46:00,375 ignn.models.IGNN:215] epoch:71/best:71, loss:1.2702, train:0.4871, valid:0.4246/best:0.4246, test:0.4663/best:0.4663
[I 2026-09-12 14:46:00,392 ignn.models.IGNN:215] epoch:72/best:72, loss:1.3060, train:0.4848, valid:0.4281/best:0.4281, test:0.4607/best:0.4607
[I 2026-09-12 14:46:00,409 ignn.models.IGNN:215] epoch:73/best:73, loss:1.2698, train:0.4895, valid:0.4316/best:0.4316, test:0.4551/best:0.4551
[I 2026-09-12 14:46:00,425 ignn.models.IGNN:215] epoch:74/best:74, loss:1.2357, train:0.4918, valid:0.4386/best:0.4386, test:0.4775/best:0.4775
[I 2026-09-12 14:46:00,442 ignn.models.IGNN:215] epoch:75/best:75, loss:1.2161, train:0.5059, valid:0.4456/best:0.4456, test:0.4719/best:0.4719
[I 2026-09-12 14:46:00,459 ignn.models.IGNN:215] epoch:76/best:76, loss:1.2686, train:0.5059, valid:0.4491/best:0.4491, test:0.4719/best:0.4719
[I 2026-09-12 14:46:00,475 ignn.models.IGNN:215] epoch:77/best:77, loss:1.2194, train:0.5129, valid:0.4491/best:0.4491, test:0.4663/best:0.4663
[I 2026-09-12 14:46:00,490 ignn.models.IGNN:215] epoch:78/best:77, loss:1.2533, train:0.5105, valid:0.4351/best:0.4491, test:0.4719/best:0.4663
[I 2026-09-12 14:46:00,506 ignn.models.IGNN:215] epoch:79/best:77, loss:1.2368, train:0.5176, valid:0.4456/best:0.4491, test:0.4831/best:0.4663
[I 2026-09-12 14:46:00,521 ignn.models.IGNN:215] epoch:80/best:77, loss:1.2103, train:0.5246, valid:0.4386/best:0.4491, test:0.4831/best:0.4663
[I 2026-09-12 14:46:00,538 ignn.models.IGNN:215] epoch:81/best:81, loss:1.2070, train:0.5433, valid:0.4491/best:0.4491, test:0.4831/best:0.4831
[I 2026-09-12 14:46:00,554 ignn.models.IGNN:215] epoch:82/best:82, loss:1.1986, train:0.5504, valid:0.4526/best:0.4526, test:0.5000/best:0.5000
[I 2026-09-12 14:46:00,571 ignn.models.IGNN:215] epoch:83/best:83, loss:1.2201, train:0.5504, valid:0.4561/best:0.4561, test:0.5169/best:0.5169
[I 2026-09-12 14:46:00,586 ignn.models.IGNN:215] epoch:84/best:83, loss:1.1905, train:0.5457, valid:0.4526/best:0.4561, test:0.5112/best:0.5169
[I 2026-09-12 14:46:00,603 ignn.models.IGNN:215] epoch:85/best:83, loss:1.1929, train:0.5527, valid:0.4491/best:0.4561, test:0.4944/best:0.5169
[I 2026-09-12 14:46:00,619 ignn.models.IGNN:215] epoch:86/best:83, loss:1.1884, train:0.5457, valid:0.4421/best:0.4561, test:0.4888/best:0.5169
[I 2026-09-12 14:46:00,635 ignn.models.IGNN:215] epoch:87/best:83, loss:1.1912, train:0.5480, valid:0.4491/best:0.4561, test:0.5056/best:0.5169
[I 2026-09-12 14:46:00,654 ignn.models.IGNN:215] epoch:88/best:88, loss:1.2074, train:0.5480, valid:0.4632/best:0.4632, test:0.4888/best:0.4888
[I 2026-09-12 14:46:00,671 ignn.models.IGNN:215] epoch:89/best:89, loss:1.1770, train:0.5597, valid:0.4667/best:0.4667, test:0.5281/best:0.5281
[I 2026-09-12 14:46:00,687 ignn.models.IGNN:215] epoch:90/best:89, loss:1.1805, train:0.5808, valid:0.4491/best:0.4667, test:0.5393/best:0.5281
[I 2026-09-12 14:46:00,702 ignn.models.IGNN:215] epoch:91/best:89, loss:1.1814, train:0.5714, valid:0.4281/best:0.4667, test:0.5225/best:0.5281
[I 2026-09-12 14:46:00,717 ignn.models.IGNN:215] epoch:92/best:89, loss:1.1597, train:0.5644, valid:0.4386/best:0.4667, test:0.4944/best:0.5281
[I 2026-09-12 14:46:00,733 ignn.models.IGNN:215] epoch:93/best:89, loss:1.2026, train:0.5667, valid:0.4421/best:0.4667, test:0.4888/best:0.5281
[I 2026-09-12 14:46:00,750 ignn.models.IGNN:215] epoch:94/best:94, loss:1.1772, train:0.5738, valid:0.4667/best:0.4667, test:0.5169/best:0.5169
[I 2026-09-12 14:46:00,766 ignn.models.IGNN:215] epoch:95/best:94, loss:1.1694, train:0.5972, valid:0.4596/best:0.4667, test:0.5169/best:0.5169
[I 2026-09-12 14:46:00,783 ignn.models.IGNN:215] epoch:96/best:96, loss:1.2018, train:0.5902, valid:0.4702/best:0.4702, test:0.5056/best:0.5056
[I 2026-09-12 14:46:00,798 ignn.models.IGNN:215] epoch:97/best:96, loss:1.1381, train:0.5691, valid:0.4596/best:0.4702, test:0.4831/best:0.5056
[I 2026-09-12 14:46:00,814 ignn.models.IGNN:215] epoch:98/best:96, loss:1.1457, train:0.5785, valid:0.4561/best:0.4702, test:0.4775/best:0.5056
[I 2026-09-12 14:46:00,830 ignn.models.IGNN:215] epoch:99/best:96, loss:1.1832, train:0.5738, valid:0.4491/best:0.4702, test:0.4663/best:0.5056
[I 2026-09-12 14:46:00,845 ignn.models.IGNN:215] epoch:100/best:96, loss:1.1568, train:0.5808, valid:0.4632/best:0.4702, test:0.4888/best:0.5056
[I 2026-09-12 14:46:00,860 ignn.models.IGNN:215] epoch:101/best:96, loss:1.1302, train:0.5972, valid:0.4561/best:0.4702, test:0.5112/best:0.5056
[I 2026-09-12 14:46:00,875 ignn.models.IGNN:215] epoch:102/best:96, loss:1.1573, train:0.5925, valid:0.4526/best:0.4702, test:0.5225/best:0.5056
[I 2026-09-12 14:46:00,891 ignn.models.IGNN:215] epoch:103/best:96, loss:1.1752, train:0.5948, valid:0.4526/best:0.4702, test:0.5337/best:0.5056
[I 2026-09-12 14:46:00,906 ignn.models.IGNN:215] epoch:104/best:96, loss:1.1284, train:0.5925, valid:0.4667/best:0.4702, test:0.5449/best:0.5056
[I 2026-09-12 14:46:00,921 ignn.models.IGNN:215] epoch:105/best:96, loss:1.1443, train:0.6042, valid:0.4526/best:0.4702, test:0.5056/best:0.5056
[I 2026-09-12 14:46:00,937 ignn.models.IGNN:215] epoch:106/best:96, loss:1.1286, train:0.6159, valid:0.4456/best:0.4702, test:0.5225/best:0.5056
[I 2026-09-12 14:46:00,952 ignn.models.IGNN:215] epoch:107/best:96, loss:1.1154, train:0.6112, valid:0.4386/best:0.4702, test:0.5281/best:0.5056
[I 2026-09-12 14:46:00,967 ignn.models.IGNN:215] epoch:108/best:96, loss:1.1290, train:0.6089, valid:0.4351/best:0.4702, test:0.5281/best:0.5056
[I 2026-09-12 14:46:00,983 ignn.models.IGNN:215] epoch:109/best:96, loss:1.1188, train:0.6112, valid:0.4561/best:0.4702, test:0.5337/best:0.5056
[I 2026-09-12 14:46:00,998 ignn.models.IGNN:215] epoch:110/best:96, loss:1.1322, train:0.6183, valid:0.4667/best:0.4702, test:0.5506/best:0.5056
[I 2026-09-12 14:46:01,013 ignn.models.IGNN:215] epoch:111/best:96, loss:1.1137, train:0.6206, valid:0.4632/best:0.4702, test:0.5337/best:0.5056
[I 2026-09-12 14:46:01,028 ignn.models.IGNN:215] epoch:112/best:96, loss:1.1400, train:0.6253, valid:0.4526/best:0.4702, test:0.5449/best:0.5056
[I 2026-09-12 14:46:01,045 ignn.models.IGNN:215] epoch:113/best:113, loss:1.1234, train:0.6183, valid:0.4702/best:0.4702, test:0.5337/best:0.5337
[I 2026-09-12 14:46:01,062 ignn.models.IGNN:215] epoch:114/best:114, loss:1.0983, train:0.6230, valid:0.4772/best:0.4772, test:0.5281/best:0.5281
[I 2026-09-12 14:46:01,077 ignn.models.IGNN:215] epoch:115/best:114, loss:1.1280, train:0.6230, valid:0.4702/best:0.4772, test:0.5169/best:0.5281
[I 2026-09-12 14:46:01,092 ignn.models.IGNN:215] epoch:116/best:114, loss:1.1040, train:0.6206, valid:0.4702/best:0.4772, test:0.5112/best:0.5281
[I 2026-09-12 14:46:01,108 ignn.models.IGNN:215] epoch:117/best:114, loss:1.1697, train:0.6253, valid:0.4386/best:0.4772, test:0.4831/best:0.5281
[I 2026-09-12 14:46:01,124 ignn.models.IGNN:215] epoch:118/best:114, loss:1.1396, train:0.6042, valid:0.4596/best:0.4772, test:0.4944/best:0.5281
[I 2026-09-12 14:46:01,139 ignn.models.IGNN:215] epoch:119/best:114, loss:1.1503, train:0.6112, valid:0.4632/best:0.4772, test:0.4888/best:0.5281
[I 2026-09-12 14:46:01,155 ignn.models.IGNN:215] epoch:120/best:114, loss:1.0796, train:0.6253, valid:0.4632/best:0.4772, test:0.5169/best:0.5281
[I 2026-09-12 14:46:01,170 ignn.models.IGNN:215] epoch:121/best:114, loss:1.1478, train:0.6487, valid:0.4456/best:0.4772, test:0.5393/best:0.5281
[I 2026-09-12 14:46:01,186 ignn.models.IGNN:215] epoch:122/best:114, loss:1.1020, train:0.6347, valid:0.4456/best:0.4772, test:0.5337/best:0.5281
[I 2026-09-12 14:46:01,201 ignn.models.IGNN:215] epoch:123/best:114, loss:1.1265, train:0.5948, valid:0.4596/best:0.4772, test:0.5169/best:0.5281
[I 2026-09-12 14:46:01,217 ignn.models.IGNN:215] epoch:124/best:114, loss:1.0817, train:0.5948, valid:0.4456/best:0.4772, test:0.5056/best:0.5281
[I 2026-09-12 14:46:01,232 ignn.models.IGNN:215] epoch:125/best:114, loss:1.1136, train:0.5972, valid:0.4386/best:0.4772, test:0.5056/best:0.5281
[I 2026-09-12 14:46:01,247 ignn.models.IGNN:215] epoch:126/best:114, loss:1.0704, train:0.5995, valid:0.4456/best:0.4772, test:0.4831/best:0.5281
[I 2026-09-12 14:46:01,265 ignn.models.IGNN:215] epoch:127/best:114, loss:1.0606, train:0.6323, valid:0.4632/best:0.4772, test:0.4944/best:0.5281
[I 2026-09-12 14:46:01,284 ignn.models.IGNN:215] epoch:128/best:128, loss:1.0763, train:0.6347, valid:0.4807/best:0.4807, test:0.5000/best:0.5000
[I 2026-09-12 14:46:01,301 ignn.models.IGNN:215] epoch:129/best:128, loss:1.1060, train:0.6347, valid:0.4667/best:0.4807, test:0.5112/best:0.5000
[I 2026-09-12 14:46:01,318 ignn.models.IGNN:215] epoch:130/best:128, loss:1.1282, train:0.6230, valid:0.4561/best:0.4807, test:0.5056/best:0.5000
[I 2026-09-12 14:46:01,333 ignn.models.IGNN:215] epoch:131/best:128, loss:1.0473, train:0.6347, valid:0.4386/best:0.4807, test:0.5169/best:0.5000
[I 2026-09-12 14:46:01,349 ignn.models.IGNN:215] epoch:132/best:128, loss:1.1343, train:0.6370, valid:0.4421/best:0.4807, test:0.5169/best:0.5000
[I 2026-09-12 14:46:01,365 ignn.models.IGNN:215] epoch:133/best:128, loss:1.0867, train:0.6511, valid:0.4456/best:0.4807, test:0.5169/best:0.5000
[I 2026-09-12 14:46:01,380 ignn.models.IGNN:215] epoch:134/best:128, loss:1.0813, train:0.6464, valid:0.4596/best:0.4807, test:0.5225/best:0.5000
[I 2026-09-12 14:46:01,396 ignn.models.IGNN:215] epoch:135/best:128, loss:1.1196, train:0.6440, valid:0.4561/best:0.4807, test:0.5056/best:0.5000
[I 2026-09-12 14:46:01,412 ignn.models.IGNN:215] epoch:136/best:128, loss:1.1177, train:0.6487, valid:0.4702/best:0.4807, test:0.4944/best:0.5000
[I 2026-09-12 14:46:01,427 ignn.models.IGNN:215] epoch:137/best:128, loss:1.0860, train:0.6511, valid:0.4737/best:0.4807, test:0.5112/best:0.5000
[I 2026-09-12 14:46:01,442 ignn.models.IGNN:215] epoch:138/best:128, loss:1.0948, train:0.6604, valid:0.4561/best:0.4807, test:0.5225/best:0.5000
[I 2026-09-12 14:46:01,458 ignn.models.IGNN:215] epoch:139/best:128, loss:1.0727, train:0.6721, valid:0.4246/best:0.4807, test:0.5449/best:0.5000
[I 2026-09-12 14:46:01,473 ignn.models.IGNN:215] epoch:140/best:128, loss:1.0769, train:0.6674, valid:0.4246/best:0.4807, test:0.5449/best:0.5000
[I 2026-09-12 14:46:01,488 ignn.models.IGNN:215] epoch:141/best:128, loss:1.0812, train:0.6698, valid:0.4211/best:0.4807, test:0.5281/best:0.5000
[I 2026-09-12 14:46:01,504 ignn.models.IGNN:215] epoch:142/best:128, loss:1.0544, train:0.6698, valid:0.4386/best:0.4807, test:0.5225/best:0.5000
[I 2026-09-12 14:46:01,519 ignn.models.IGNN:215] epoch:143/best:128, loss:1.0121, train:0.6721, valid:0.4175/best:0.4807, test:0.5337/best:0.5000
[I 2026-09-12 14:46:01,534 ignn.models.IGNN:215] epoch:144/best:128, loss:1.0711, train:0.6885, valid:0.4421/best:0.4807, test:0.5337/best:0.5000
[I 2026-09-12 14:46:01,550 ignn.models.IGNN:215] epoch:145/best:128, loss:1.0627, train:0.6885, valid:0.4421/best:0.4807, test:0.5393/best:0.5000
[I 2026-09-12 14:46:01,565 ignn.models.IGNN:215] epoch:146/best:128, loss:1.0400, train:0.6885, valid:0.4561/best:0.4807, test:0.5225/best:0.5000
[I 2026-09-12 14:46:01,580 ignn.models.IGNN:215] epoch:147/best:128, loss:1.0304, train:0.6745, valid:0.4702/best:0.4807, test:0.5000/best:0.5000
[I 2026-09-12 14:46:01,597 ignn.models.IGNN:215] epoch:148/best:148, loss:1.0235, train:0.6768, valid:0.4807/best:0.4807, test:0.5000/best:0.5000
[I 2026-09-12 14:46:01,612 ignn.models.IGNN:215] epoch:149/best:148, loss:1.0057, train:0.6721, valid:0.4632/best:0.4807, test:0.4944/best:0.5000
[I 2026-09-12 14:46:01,628 ignn.models.IGNN:215] epoch:150/best:148, loss:1.0562, train:0.6745, valid:0.4702/best:0.4807, test:0.4888/best:0.5000
[I 2026-09-12 14:46:01,643 ignn.models.IGNN:215] epoch:151/best:148, loss:1.0144, train:0.6721, valid:0.4596/best:0.4807, test:0.5056/best:0.5000
[I 2026-09-12 14:46:01,659 ignn.models.IGNN:215] epoch:152/best:148, loss:1.0569, train:0.6862, valid:0.4596/best:0.4807, test:0.5112/best:0.5000
[I 2026-09-12 14:46:01,674 ignn.models.IGNN:215] epoch:153/best:148, loss:1.1347, train:0.6909, valid:0.4456/best:0.4807, test:0.5056/best:0.5000
[I 2026-09-12 14:46:01,689 ignn.models.IGNN:215] epoch:154/best:148, loss:1.0888, train:0.6979, valid:0.4351/best:0.4807, test:0.5337/best:0.5000
[I 2026-09-12 14:46:01,705 ignn.models.IGNN:215] epoch:155/best:148, loss:1.0862, train:0.7049, valid:0.4281/best:0.4807, test:0.5393/best:0.5000
[I 2026-09-12 14:46:01,720 ignn.models.IGNN:215] epoch:156/best:148, loss:1.0892, train:0.7026, valid:0.4211/best:0.4807, test:0.5337/best:0.5000
[I 2026-09-12 14:46:01,735 ignn.models.IGNN:215] epoch:157/best:148, loss:1.0237, train:0.6979, valid:0.4246/best:0.4807, test:0.5393/best:0.5000
[I 2026-09-12 14:46:01,750 ignn.models.IGNN:215] epoch:158/best:148, loss:0.9851, train:0.6932, valid:0.4316/best:0.4807, test:0.5169/best:0.5000
[I 2026-09-12 14:46:01,766 ignn.models.IGNN:215] epoch:159/best:148, loss:1.0326, train:0.6932, valid:0.4351/best:0.4807, test:0.5056/best:0.5000
[I 2026-09-12 14:46:01,781 ignn.models.IGNN:215] epoch:160/best:148, loss:1.0155, train:0.7026, valid:0.4316/best:0.4807, test:0.5056/best:0.5000
[I 2026-09-12 14:46:01,796 ignn.models.IGNN:215] epoch:161/best:148, loss:1.0323, train:0.7073, valid:0.4421/best:0.4807, test:0.5056/best:0.5000
[I 2026-09-12 14:46:01,812 ignn.models.IGNN:215] epoch:162/best:148, loss:1.0875, train:0.7073, valid:0.4456/best:0.4807, test:0.5169/best:0.5000
[I 2026-09-12 14:46:01,827 ignn.models.IGNN:215] epoch:163/best:148, loss:1.0242, train:0.7073, valid:0.4561/best:0.4807, test:0.5169/best:0.5000
[I 2026-09-12 14:46:01,842 ignn.models.IGNN:215] epoch:164/best:148, loss:1.0521, train:0.7096, valid:0.4491/best:0.4807, test:0.5225/best:0.5000
[I 2026-09-12 14:46:01,858 ignn.models.IGNN:215] epoch:165/best:148, loss:1.0005, train:0.7002, valid:0.4561/best:0.4807, test:0.5225/best:0.5000
[I 2026-09-12 14:46:01,873 ignn.models.IGNN:215] epoch:166/best:148, loss:1.0537, train:0.7002, valid:0.4491/best:0.4807, test:0.5225/best:0.5000
[I 2026-09-12 14:46:01,888 ignn.models.IGNN:215] epoch:167/best:148, loss:1.0179, train:0.7026, valid:0.4526/best:0.4807, test:0.5225/best:0.5000
[I 2026-09-12 14:46:01,903 ignn.models.IGNN:215] epoch:168/best:148, loss:1.0508, train:0.7049, valid:0.4561/best:0.4807, test:0.5225/best:0.5000
[I 2026-09-12 14:46:01,919 ignn.models.IGNN:215] epoch:169/best:148, loss:1.0348, train:0.7096, valid:0.4456/best:0.4807, test:0.5169/best:0.5000
[I 2026-09-12 14:46:01,934 ignn.models.IGNN:215] epoch:170/best:148, loss:1.0192, train:0.7119, valid:0.4421/best:0.4807, test:0.5225/best:0.5000
[I 2026-09-12 14:46:01,949 ignn.models.IGNN:215] epoch:171/best:148, loss:1.0629, train:0.7049, valid:0.4386/best:0.4807, test:0.5169/best:0.5000
[I 2026-09-12 14:46:01,965 ignn.models.IGNN:215] epoch:172/best:148, loss:1.0092, train:0.7049, valid:0.4281/best:0.4807, test:0.5169/best:0.5000
[I 2026-09-12 14:46:01,980 ignn.models.IGNN:215] epoch:173/best:148, loss:0.9991, train:0.7096, valid:0.4175/best:0.4807, test:0.5225/best:0.5000
[I 2026-09-12 14:46:01,995 ignn.models.IGNN:215] epoch:174/best:148, loss:1.0460, train:0.7096, valid:0.4351/best:0.4807, test:0.5169/best:0.5000
[I 2026-09-12 14:46:02,010 ignn.models.IGNN:215] epoch:175/best:148, loss:1.0644, train:0.6979, valid:0.4526/best:0.4807, test:0.5056/best:0.5000
[I 2026-09-12 14:46:02,026 ignn.models.IGNN:215] epoch:176/best:148, loss:1.0401, train:0.6956, valid:0.4456/best:0.4807, test:0.5000/best:0.5000
[I 2026-09-12 14:46:02,041 ignn.models.IGNN:215] epoch:177/best:148, loss:1.0350, train:0.6979, valid:0.4456/best:0.4807, test:0.5000/best:0.5000
[I 2026-09-12 14:46:02,056 ignn.models.IGNN:215] epoch:178/best:148, loss:1.0069, train:0.7026, valid:0.4456/best:0.4807, test:0.4944/best:0.5000
[I 2026-09-12 14:46:02,072 ignn.models.IGNN:215] epoch:179/best:148, loss:1.0089, train:0.7143, valid:0.4596/best:0.4807, test:0.5112/best:0.5000
[I 2026-09-12 14:46:02,087 ignn.models.IGNN:215] epoch:180/best:148, loss:1.0325, train:0.7330, valid:0.4526/best:0.4807, test:0.5225/best:0.5000
[I 2026-09-12 14:46:02,102 ignn.models.IGNN:215] epoch:181/best:148, loss:1.0279, train:0.7307, valid:0.4561/best:0.4807, test:0.5506/best:0.5000
[I 2026-09-12 14:46:02,117 ignn.models.IGNN:215] epoch:182/best:148, loss:1.0283, train:0.7166, valid:0.4386/best:0.4807, test:0.5506/best:0.5000
[I 2026-09-12 14:46:02,133 ignn.models.IGNN:215] epoch:183/best:148, loss:1.0207, train:0.7119, valid:0.4351/best:0.4807, test:0.5506/best:0.5000
[I 2026-09-12 14:46:02,148 ignn.models.IGNN:215] epoch:184/best:148, loss:1.0130, train:0.7213, valid:0.4421/best:0.4807, test:0.5506/best:0.5000
[I 2026-09-12 14:46:02,164 ignn.models.IGNN:215] epoch:185/best:148, loss:1.0602, train:0.7330, valid:0.4421/best:0.4807, test:0.5449/best:0.5000
[I 2026-09-12 14:46:02,179 ignn.models.IGNN:215] epoch:186/best:148, loss:1.0400, train:0.7237, valid:0.4491/best:0.4807, test:0.5562/best:0.5000
[I 2026-09-12 14:46:02,194 ignn.models.IGNN:215] epoch:187/best:148, loss:1.0187, train:0.7307, valid:0.4526/best:0.4807, test:0.5281/best:0.5000
[I 2026-09-12 14:46:02,210 ignn.models.IGNN:215] epoch:188/best:148, loss:0.9782, train:0.7307, valid:0.4491/best:0.4807, test:0.5281/best:0.5000
[I 2026-09-12 14:46:02,225 ignn.models.IGNN:215] epoch:189/best:148, loss:1.0140, train:0.7330, valid:0.4491/best:0.4807, test:0.5112/best:0.5000
[I 2026-09-12 14:46:02,240 ignn.models.IGNN:215] epoch:190/best:148, loss:1.0529, train:0.7307, valid:0.4526/best:0.4807, test:0.5112/best:0.5000
[I 2026-09-12 14:46:02,255 ignn.models.IGNN:215] epoch:191/best:148, loss:1.0425, train:0.7330, valid:0.4386/best:0.4807, test:0.5000/best:0.5000
[I 2026-09-12 14:46:02,271 ignn.models.IGNN:215] epoch:192/best:148, loss:1.0183, train:0.7237, valid:0.4456/best:0.4807, test:0.5056/best:0.5000
[I 2026-09-12 14:46:02,286 ignn.models.IGNN:215] epoch:193/best:148, loss:1.0092, train:0.7213, valid:0.4456/best:0.4807, test:0.5056/best:0.5000
[I 2026-09-12 14:46:02,301 ignn.models.IGNN:215] epoch:194/best:148, loss:0.9753, train:0.7166, valid:0.4386/best:0.4807, test:0.5056/best:0.5000
[I 2026-09-12 14:46:02,316 ignn.models.IGNN:215] epoch:195/best:148, loss:1.0262, train:0.7377, valid:0.4386/best:0.4807, test:0.5056/best:0.5000
[I 2026-09-12 14:46:02,332 ignn.models.IGNN:215] epoch:196/best:148, loss:0.9365, train:0.7377, valid:0.4526/best:0.4807, test:0.5056/best:0.5000
[I 2026-09-12 14:46:02,347 ignn.models.IGNN:215] epoch:197/best:148, loss:1.0424, train:0.7283, valid:0.4491/best:0.4807, test:0.5000/best:0.5000
[I 2026-09-12 14:46:02,362 ignn.models.IGNN:215] epoch:198/best:148, loss:1.0015, train:0.7260, valid:0.4456/best:0.4807, test:0.4944/best:0.5000
[I 2026-09-12 14:46:02,362 ignn.models.IGNN:222] Early Stopping! Best Epoch: 148, best val acc: 0.4807, test acc: 0.5000
[I 2026-09-12 14:46:02,363 ignn.models.IGNN:234] 10 epoch cost: 0.1578s.
[I 2026-09-12 14:46:02,370 __main__:210] chameleon_critical 4 res: 0.5


[I 2026-09-12 14:46:02,395 ignn.models.IGNN:215] epoch:0/best:0, loss:1.6152, train:0.2365, valid:0.2912/best:0.2912, test:0.1742/best:0.1742
[I 2026-09-12 14:46:02,410 ignn.models.IGNN:215] epoch:1/best:0, loss:1.6114, train:0.2342, valid:0.2807/best:0.2912, test:0.1685/best:0.1742
[I 2026-09-12 14:46:02,425 ignn.models.IGNN:215] epoch:2/best:0, loss:1.6068, train:0.2319, valid:0.2807/best:0.2912, test:0.1685/best:0.1742
[I 2026-09-12 14:46:02,440 ignn.models.IGNN:215] epoch:3/best:0, loss:1.6075, train:0.2319, valid:0.2807/best:0.2912, test:0.1685/best:0.1742
[I 2026-09-12 14:46:02,456 ignn.models.IGNN:215] epoch:4/best:0, loss:1.5986, train:0.2319, valid:0.2807/best:0.2912, test:0.1685/best:0.1742
[I 2026-09-12 14:46:02,471 ignn.models.IGNN:215] epoch:5/best:0, loss:1.6020, train:0.2319, valid:0.2807/best:0.2912, test:0.1685/best:0.1742
[I 2026-09-12 14:46:02,486 ignn.models.IGNN:215] epoch:6/best:0, loss:1.5977, train:0.2319, valid:0.2807/best:0.2912, test:0.1685/best:0.1742
[I 2026-09-12 14:46:02,502 ignn.models.IGNN:215] epoch:7/best:0, loss:1.5952, train:0.2319, valid:0.2807/best:0.2912, test:0.1685/best:0.1742
[I 2026-09-12 14:46:02,517 ignn.models.IGNN:215] epoch:8/best:0, loss:1.5998, train:0.2319, valid:0.2807/best:0.2912, test:0.1685/best:0.1742
[I 2026-09-12 14:46:02,533 ignn.models.IGNN:215] epoch:9/best:9, loss:1.5953, train:0.2412, valid:0.2947/best:0.2947, test:0.1966/best:0.1966
[I 2026-09-12 14:46:02,550 ignn.models.IGNN:215] epoch:10/best:10, loss:1.5939, train:0.2998, valid:0.3614/best:0.3614, test:0.2865/best:0.2865
[I 2026-09-12 14:46:02,567 ignn.models.IGNN:215] epoch:11/best:11, loss:1.5876, train:0.3349, valid:0.3965/best:0.3965, test:0.2978/best:0.2978
[I 2026-09-12 14:46:02,583 ignn.models.IGNN:215] epoch:12/best:12, loss:1.5896, train:0.3255, valid:0.3965/best:0.3965, test:0.3090/best:0.3090
[I 2026-09-12 14:46:02,598 ignn.models.IGNN:215] epoch:13/best:12, loss:1.5911, train:0.3185, valid:0.3825/best:0.3965, test:0.3146/best:0.3090
[I 2026-09-12 14:46:02,614 ignn.models.IGNN:215] epoch:14/best:12, loss:1.5845, train:0.3115, valid:0.3649/best:0.3965, test:0.3371/best:0.3090
[I 2026-09-12 14:46:02,629 ignn.models.IGNN:215] epoch:15/best:12, loss:1.5892, train:0.3021, valid:0.3439/best:0.3965, test:0.3708/best:0.3090
[I 2026-09-12 14:46:02,645 ignn.models.IGNN:215] epoch:16/best:12, loss:1.5862, train:0.3021, valid:0.3263/best:0.3965, test:0.3652/best:0.3090
[I 2026-09-12 14:46:02,660 ignn.models.IGNN:215] epoch:17/best:12, loss:1.5793, train:0.2927, valid:0.3018/best:0.3965, test:0.3483/best:0.3090
[I 2026-09-12 14:46:02,676 ignn.models.IGNN:215] epoch:18/best:12, loss:1.5789, train:0.2857, valid:0.2947/best:0.3965, test:0.3427/best:0.3090
[I 2026-09-12 14:46:02,692 ignn.models.IGNN:215] epoch:19/best:12, loss:1.5773, train:0.2787, valid:0.2877/best:0.3965, test:0.3427/best:0.3090
[I 2026-09-12 14:46:02,708 ignn.models.IGNN:215] epoch:20/best:12, loss:1.5811, train:0.2717, valid:0.2842/best:0.3965, test:0.3427/best:0.3090
[I 2026-09-12 14:46:02,725 ignn.models.IGNN:215] epoch:21/best:12, loss:1.5790, train:0.2717, valid:0.2877/best:0.3965, test:0.3427/best:0.3090
[I 2026-09-12 14:46:02,740 ignn.models.IGNN:215] epoch:22/best:12, loss:1.5721, train:0.2763, valid:0.2877/best:0.3965, test:0.3427/best:0.3090
[I 2026-09-12 14:46:02,756 ignn.models.IGNN:215] epoch:23/best:12, loss:1.5674, train:0.2763, valid:0.2912/best:0.3965, test:0.3427/best:0.3090
[I 2026-09-12 14:46:02,772 ignn.models.IGNN:215] epoch:24/best:12, loss:1.5641, train:0.2810, valid:0.2947/best:0.3965, test:0.3483/best:0.3090
[I 2026-09-12 14:46:02,787 ignn.models.IGNN:215] epoch:25/best:12, loss:1.5637, train:0.2951, valid:0.3018/best:0.3965, test:0.3483/best:0.3090
[I 2026-09-12 14:46:02,803 ignn.models.IGNN:215] epoch:26/best:12, loss:1.5659, train:0.2998, valid:0.3123/best:0.3965, test:0.3596/best:0.3090
[I 2026-09-12 14:46:02,818 ignn.models.IGNN:215] epoch:27/best:12, loss:1.5625, train:0.3044, valid:0.3123/best:0.3965, test:0.3596/best:0.3090
[I 2026-09-12 14:46:02,834 ignn.models.IGNN:215] epoch:28/best:12, loss:1.5570, train:0.3138, valid:0.3228/best:0.3965, test:0.3652/best:0.3090
[I 2026-09-12 14:46:02,849 ignn.models.IGNN:215] epoch:29/best:12, loss:1.5569, train:0.3115, valid:0.3298/best:0.3965, test:0.3764/best:0.3090
[I 2026-09-12 14:46:02,864 ignn.models.IGNN:215] epoch:30/best:12, loss:1.5489, train:0.3162, valid:0.3439/best:0.3965, test:0.3820/best:0.3090
[I 2026-09-12 14:46:02,879 ignn.models.IGNN:215] epoch:31/best:12, loss:1.5481, train:0.3208, valid:0.3509/best:0.3965, test:0.3989/best:0.3090
[I 2026-09-12 14:46:02,895 ignn.models.IGNN:215] epoch:32/best:12, loss:1.5470, train:0.3255, valid:0.3579/best:0.3965, test:0.3820/best:0.3090
[I 2026-09-12 14:46:02,910 ignn.models.IGNN:215] epoch:33/best:12, loss:1.5369, train:0.3302, valid:0.3719/best:0.3965, test:0.3820/best:0.3090
[I 2026-09-12 14:46:02,925 ignn.models.IGNN:215] epoch:34/best:12, loss:1.5364, train:0.3396, valid:0.3789/best:0.3965, test:0.3652/best:0.3090
[I 2026-09-12 14:46:02,942 ignn.models.IGNN:215] epoch:35/best:35, loss:1.5378, train:0.3349, valid:0.4000/best:0.4000, test:0.3652/best:0.3652
[I 2026-09-12 14:46:02,958 ignn.models.IGNN:215] epoch:36/best:36, loss:1.5306, train:0.3513, valid:0.4070/best:0.4070, test:0.3708/best:0.3708
[I 2026-09-12 14:46:02,975 ignn.models.IGNN:215] epoch:37/best:37, loss:1.5382, train:0.3630, valid:0.4140/best:0.4140, test:0.3652/best:0.3652
[I 2026-09-12 14:46:02,991 ignn.models.IGNN:215] epoch:38/best:38, loss:1.5169, train:0.3653, valid:0.4140/best:0.4140, test:0.3596/best:0.3596
[I 2026-09-12 14:46:03,008 ignn.models.IGNN:215] epoch:39/best:39, loss:1.5165, train:0.3653, valid:0.4140/best:0.4140, test:0.3708/best:0.3708
[I 2026-09-12 14:46:03,023 ignn.models.IGNN:215] epoch:40/best:39, loss:1.5067, train:0.3770, valid:0.4105/best:0.4140, test:0.3708/best:0.3708
[I 2026-09-12 14:46:03,038 ignn.models.IGNN:215] epoch:41/best:39, loss:1.5049, train:0.3817, valid:0.4070/best:0.4140, test:0.3764/best:0.3708
[I 2026-09-12 14:46:03,054 ignn.models.IGNN:215] epoch:42/best:39, loss:1.4996, train:0.3770, valid:0.4070/best:0.4140, test:0.3764/best:0.3708
[I 2026-09-12 14:46:03,070 ignn.models.IGNN:215] epoch:43/best:43, loss:1.5032, train:0.3817, valid:0.4175/best:0.4175, test:0.3764/best:0.3764
[I 2026-09-12 14:46:03,087 ignn.models.IGNN:215] epoch:44/best:44, loss:1.4899, train:0.3817, valid:0.4211/best:0.4211, test:0.3596/best:0.3596
[I 2026-09-12 14:46:03,103 ignn.models.IGNN:215] epoch:45/best:45, loss:1.4813, train:0.3841, valid:0.4211/best:0.4211, test:0.3596/best:0.3596
[I 2026-09-12 14:46:03,119 ignn.models.IGNN:215] epoch:46/best:45, loss:1.4706, train:0.3841, valid:0.4105/best:0.4211, test:0.3596/best:0.3596
[I 2026-09-12 14:46:03,134 ignn.models.IGNN:215] epoch:47/best:45, loss:1.4779, train:0.3817, valid:0.4070/best:0.4211, test:0.3596/best:0.3596
[I 2026-09-12 14:46:03,150 ignn.models.IGNN:215] epoch:48/best:45, loss:1.4544, train:0.3888, valid:0.4105/best:0.4211, test:0.3596/best:0.3596
[I 2026-09-12 14:46:03,165 ignn.models.IGNN:215] epoch:49/best:45, loss:1.4582, train:0.3888, valid:0.4070/best:0.4211, test:0.3539/best:0.3596
[I 2026-09-12 14:46:03,180 ignn.models.IGNN:215] epoch:50/best:45, loss:1.4690, train:0.3911, valid:0.4000/best:0.4211, test:0.3596/best:0.3596
[I 2026-09-12 14:46:03,196 ignn.models.IGNN:215] epoch:51/best:45, loss:1.4555, train:0.3864, valid:0.4000/best:0.4211, test:0.3596/best:0.3596
[I 2026-09-12 14:46:03,211 ignn.models.IGNN:215] epoch:52/best:45, loss:1.4541, train:0.3794, valid:0.4000/best:0.4211, test:0.3539/best:0.3596
[I 2026-09-12 14:46:03,226 ignn.models.IGNN:215] epoch:53/best:45, loss:1.4382, train:0.3794, valid:0.4070/best:0.4211, test:0.3652/best:0.3596
[I 2026-09-12 14:46:03,241 ignn.models.IGNN:215] epoch:54/best:45, loss:1.4427, train:0.3817, valid:0.4140/best:0.4211, test:0.3596/best:0.3596
[I 2026-09-12 14:46:03,257 ignn.models.IGNN:215] epoch:55/best:45, loss:1.4217, train:0.3794, valid:0.4105/best:0.4211, test:0.3652/best:0.3596
[I 2026-09-12 14:46:03,272 ignn.models.IGNN:215] epoch:56/best:45, loss:1.4349, train:0.3888, valid:0.4140/best:0.4211, test:0.3764/best:0.3596
[I 2026-09-12 14:46:03,287 ignn.models.IGNN:215] epoch:57/best:45, loss:1.3987, train:0.3958, valid:0.4175/best:0.4211, test:0.3820/best:0.3596
[I 2026-09-12 14:46:03,303 ignn.models.IGNN:215] epoch:58/best:45, loss:1.4280, train:0.3934, valid:0.4105/best:0.4211, test:0.4101/best:0.3596
[I 2026-09-12 14:46:03,319 ignn.models.IGNN:215] epoch:59/best:45, loss:1.4005, train:0.3981, valid:0.4175/best:0.4211, test:0.4101/best:0.3596
[I 2026-09-12 14:46:03,338 ignn.models.IGNN:215] epoch:60/best:60, loss:1.4038, train:0.4075, valid:0.4211/best:0.4211, test:0.4101/best:0.4101
[I 2026-09-12 14:46:03,358 ignn.models.IGNN:215] epoch:61/best:61, loss:1.3807, train:0.4192, valid:0.4386/best:0.4386, test:0.4157/best:0.4157
[I 2026-09-12 14:46:03,374 ignn.models.IGNN:215] epoch:62/best:61, loss:1.3732, train:0.4309, valid:0.4351/best:0.4386, test:0.4213/best:0.4157
[I 2026-09-12 14:46:03,390 ignn.models.IGNN:215] epoch:63/best:61, loss:1.3653, train:0.4379, valid:0.4351/best:0.4386, test:0.4270/best:0.4157
[I 2026-09-12 14:46:03,406 ignn.models.IGNN:215] epoch:64/best:61, loss:1.3495, train:0.4286, valid:0.4175/best:0.4386, test:0.4494/best:0.4157
[I 2026-09-12 14:46:03,421 ignn.models.IGNN:215] epoch:65/best:61, loss:1.3556, train:0.4215, valid:0.4211/best:0.4386, test:0.4438/best:0.4157
[I 2026-09-12 14:46:03,437 ignn.models.IGNN:215] epoch:66/best:61, loss:1.3309, train:0.4262, valid:0.4246/best:0.4386, test:0.4326/best:0.4157
[I 2026-09-12 14:46:03,454 ignn.models.IGNN:215] epoch:67/best:67, loss:1.3004, train:0.4333, valid:0.4386/best:0.4386, test:0.4438/best:0.4438
[I 2026-09-12 14:46:03,471 ignn.models.IGNN:215] epoch:68/best:68, loss:1.2946, train:0.4520, valid:0.4456/best:0.4456, test:0.4494/best:0.4494
[I 2026-09-12 14:46:03,486 ignn.models.IGNN:215] epoch:69/best:68, loss:1.3211, train:0.4590, valid:0.4281/best:0.4456, test:0.4719/best:0.4494
[I 2026-09-12 14:46:03,502 ignn.models.IGNN:215] epoch:70/best:68, loss:1.3033, train:0.4614, valid:0.4140/best:0.4456, test:0.4775/best:0.4494
[I 2026-09-12 14:46:03,517 ignn.models.IGNN:215] epoch:71/best:68, loss:1.2958, train:0.4731, valid:0.4281/best:0.4456, test:0.4494/best:0.4494
[I 2026-09-12 14:46:03,533 ignn.models.IGNN:215] epoch:72/best:68, loss:1.2458, train:0.4731, valid:0.4211/best:0.4456, test:0.4607/best:0.4494
[I 2026-09-12 14:46:03,548 ignn.models.IGNN:215] epoch:73/best:68, loss:1.2588, train:0.4918, valid:0.4211/best:0.4456, test:0.4663/best:0.4494
[I 2026-09-12 14:46:03,563 ignn.models.IGNN:215] epoch:74/best:68, loss:1.2749, train:0.4895, valid:0.4175/best:0.4456, test:0.4719/best:0.4494
[I 2026-09-12 14:46:03,578 ignn.models.IGNN:215] epoch:75/best:68, loss:1.2445, train:0.4895, valid:0.4211/best:0.4456, test:0.4775/best:0.4494
[I 2026-09-12 14:46:03,594 ignn.models.IGNN:215] epoch:76/best:68, loss:1.2366, train:0.5012, valid:0.4246/best:0.4456, test:0.4438/best:0.4494
[I 2026-09-12 14:46:03,609 ignn.models.IGNN:215] epoch:77/best:68, loss:1.2005, train:0.4941, valid:0.4246/best:0.4456, test:0.4326/best:0.4494
[I 2026-09-12 14:46:03,624 ignn.models.IGNN:215] epoch:78/best:68, loss:1.2036, train:0.5152, valid:0.4316/best:0.4456, test:0.4326/best:0.4494
[I 2026-09-12 14:46:03,641 ignn.models.IGNN:215] epoch:79/best:79, loss:1.2072, train:0.5246, valid:0.4526/best:0.4526, test:0.4326/best:0.4326
[I 2026-09-12 14:46:03,657 ignn.models.IGNN:215] epoch:80/best:79, loss:1.2010, train:0.5199, valid:0.4421/best:0.4526, test:0.4494/best:0.4326
[I 2026-09-12 14:46:03,672 ignn.models.IGNN:215] epoch:81/best:79, loss:1.2115, train:0.5340, valid:0.4421/best:0.4526, test:0.4663/best:0.4326
[I 2026-09-12 14:46:03,687 ignn.models.IGNN:215] epoch:82/best:79, loss:1.1919, train:0.5199, valid:0.4351/best:0.4526, test:0.4775/best:0.4326
[I 2026-09-12 14:46:03,703 ignn.models.IGNN:215] epoch:83/best:79, loss:1.1713, train:0.5293, valid:0.4316/best:0.4526, test:0.4775/best:0.4326
[I 2026-09-12 14:46:03,718 ignn.models.IGNN:215] epoch:84/best:79, loss:1.2179, train:0.5316, valid:0.4351/best:0.4526, test:0.4775/best:0.4326
[I 2026-09-12 14:46:03,733 ignn.models.IGNN:215] epoch:85/best:79, loss:1.1520, train:0.5386, valid:0.4421/best:0.4526, test:0.4831/best:0.4326
[I 2026-09-12 14:46:03,748 ignn.models.IGNN:215] epoch:86/best:79, loss:1.1935, train:0.5504, valid:0.4421/best:0.4526, test:0.4775/best:0.4326
[I 2026-09-12 14:46:03,764 ignn.models.IGNN:215] epoch:87/best:79, loss:1.1500, train:0.5667, valid:0.4456/best:0.4526, test:0.4831/best:0.4326
[I 2026-09-12 14:46:03,779 ignn.models.IGNN:215] epoch:88/best:79, loss:1.1687, train:0.5621, valid:0.4421/best:0.4526, test:0.5112/best:0.4326
[I 2026-09-12 14:46:03,796 ignn.models.IGNN:215] epoch:89/best:89, loss:1.1958, train:0.5902, valid:0.4526/best:0.4526, test:0.5169/best:0.5169
[I 2026-09-12 14:46:03,812 ignn.models.IGNN:215] epoch:90/best:90, loss:1.1426, train:0.5902, valid:0.4596/best:0.4596, test:0.5225/best:0.5225
[I 2026-09-12 14:46:03,829 ignn.models.IGNN:215] epoch:91/best:91, loss:1.1594, train:0.5855, valid:0.4667/best:0.4667, test:0.5169/best:0.5169
[I 2026-09-12 14:46:03,844 ignn.models.IGNN:215] epoch:92/best:91, loss:1.1577, train:0.6042, valid:0.4526/best:0.4667, test:0.5000/best:0.5169
[I 2026-09-12 14:46:03,859 ignn.models.IGNN:215] epoch:93/best:91, loss:1.1217, train:0.5925, valid:0.4386/best:0.4667, test:0.5112/best:0.5169
[I 2026-09-12 14:46:03,875 ignn.models.IGNN:215] epoch:94/best:91, loss:1.1459, train:0.5714, valid:0.4316/best:0.4667, test:0.4944/best:0.5169
[I 2026-09-12 14:46:03,890 ignn.models.IGNN:215] epoch:95/best:91, loss:1.1558, train:0.5691, valid:0.4281/best:0.4667, test:0.4831/best:0.5169
[I 2026-09-12 14:46:03,905 ignn.models.IGNN:215] epoch:96/best:91, loss:1.1571, train:0.5714, valid:0.4316/best:0.4667, test:0.4888/best:0.5169
[I 2026-09-12 14:46:03,920 ignn.models.IGNN:215] epoch:97/best:91, loss:1.1435, train:0.5855, valid:0.4491/best:0.4667, test:0.4831/best:0.5169
[I 2026-09-12 14:46:03,936 ignn.models.IGNN:215] epoch:98/best:91, loss:1.1511, train:0.6136, valid:0.4316/best:0.4667, test:0.4831/best:0.5169
[I 2026-09-12 14:46:03,951 ignn.models.IGNN:215] epoch:99/best:91, loss:1.1455, train:0.6183, valid:0.4526/best:0.4667, test:0.4888/best:0.5169
[I 2026-09-12 14:46:03,966 ignn.models.IGNN:215] epoch:100/best:91, loss:1.1112, train:0.6089, valid:0.4526/best:0.4667, test:0.4831/best:0.5169
[I 2026-09-12 14:46:03,981 ignn.models.IGNN:215] epoch:101/best:91, loss:1.1139, train:0.6230, valid:0.4386/best:0.4667, test:0.4888/best:0.5169
[I 2026-09-12 14:46:03,997 ignn.models.IGNN:215] epoch:102/best:91, loss:1.1267, train:0.6253, valid:0.4316/best:0.4667, test:0.4775/best:0.5169
[I 2026-09-12 14:46:04,012 ignn.models.IGNN:215] epoch:103/best:91, loss:1.0821, train:0.6253, valid:0.4316/best:0.4667, test:0.4719/best:0.5169
[I 2026-09-12 14:46:04,027 ignn.models.IGNN:215] epoch:104/best:91, loss:1.0828, train:0.6112, valid:0.4526/best:0.4667, test:0.4775/best:0.5169
[I 2026-09-12 14:46:04,042 ignn.models.IGNN:215] epoch:105/best:91, loss:1.1391, train:0.6112, valid:0.4421/best:0.4667, test:0.4775/best:0.5169
[I 2026-09-12 14:46:04,057 ignn.models.IGNN:215] epoch:106/best:91, loss:1.0889, train:0.6206, valid:0.4456/best:0.4667, test:0.4719/best:0.5169
[I 2026-09-12 14:46:04,073 ignn.models.IGNN:215] epoch:107/best:91, loss:1.1080, train:0.6440, valid:0.4456/best:0.4667, test:0.4831/best:0.5169
[I 2026-09-12 14:46:04,088 ignn.models.IGNN:215] epoch:108/best:91, loss:1.0761, train:0.6440, valid:0.4421/best:0.4667, test:0.4663/best:0.5169
[I 2026-09-12 14:46:04,103 ignn.models.IGNN:215] epoch:109/best:91, loss:1.1123, train:0.6393, valid:0.4421/best:0.4667, test:0.4719/best:0.5169
[I 2026-09-12 14:46:04,118 ignn.models.IGNN:215] epoch:110/best:91, loss:1.0960, train:0.6464, valid:0.4421/best:0.4667, test:0.4831/best:0.5169
[I 2026-09-12 14:46:04,134 ignn.models.IGNN:215] epoch:111/best:91, loss:1.0793, train:0.6370, valid:0.4421/best:0.4667, test:0.4888/best:0.5169
[I 2026-09-12 14:46:04,149 ignn.models.IGNN:215] epoch:112/best:91, loss:1.0770, train:0.6347, valid:0.4386/best:0.4667, test:0.4775/best:0.5169
[I 2026-09-12 14:46:04,165 ignn.models.IGNN:215] epoch:113/best:91, loss:1.0891, train:0.6230, valid:0.4351/best:0.4667, test:0.4719/best:0.5169
[I 2026-09-12 14:46:04,180 ignn.models.IGNN:215] epoch:114/best:91, loss:1.1534, train:0.6276, valid:0.4351/best:0.4667, test:0.4775/best:0.5169
[I 2026-09-12 14:46:04,195 ignn.models.IGNN:215] epoch:115/best:91, loss:1.0855, train:0.6370, valid:0.4421/best:0.4667, test:0.4775/best:0.5169
[I 2026-09-12 14:46:04,211 ignn.models.IGNN:215] epoch:116/best:91, loss:1.1023, train:0.6534, valid:0.4386/best:0.4667, test:0.4775/best:0.5169
[I 2026-09-12 14:46:04,226 ignn.models.IGNN:215] epoch:117/best:91, loss:1.0761, train:0.6511, valid:0.4456/best:0.4667, test:0.4663/best:0.5169
[I 2026-09-12 14:46:04,242 ignn.models.IGNN:215] epoch:118/best:91, loss:1.1010, train:0.6487, valid:0.4421/best:0.4667, test:0.4663/best:0.5169
[I 2026-09-12 14:46:04,257 ignn.models.IGNN:215] epoch:119/best:91, loss:1.0940, train:0.6511, valid:0.4561/best:0.4667, test:0.4775/best:0.5169
[I 2026-09-12 14:46:04,272 ignn.models.IGNN:215] epoch:120/best:91, loss:1.0685, train:0.6464, valid:0.4632/best:0.4667, test:0.4775/best:0.5169
[I 2026-09-12 14:46:04,289 ignn.models.IGNN:215] epoch:121/best:121, loss:1.0940, train:0.6393, valid:0.4702/best:0.4702, test:0.4831/best:0.4831
[I 2026-09-12 14:46:04,304 ignn.models.IGNN:215] epoch:122/best:121, loss:1.0536, train:0.6464, valid:0.4632/best:0.4702, test:0.4831/best:0.4831
[I 2026-09-12 14:46:04,319 ignn.models.IGNN:215] epoch:123/best:121, loss:1.0781, train:0.6557, valid:0.4596/best:0.4702, test:0.4831/best:0.4831
[I 2026-09-12 14:46:04,335 ignn.models.IGNN:215] epoch:124/best:121, loss:1.0874, train:0.6604, valid:0.4667/best:0.4702, test:0.4944/best:0.4831
[I 2026-09-12 14:46:04,350 ignn.models.IGNN:215] epoch:125/best:121, loss:1.1093, train:0.6604, valid:0.4561/best:0.4702, test:0.4888/best:0.4831
[I 2026-09-12 14:46:04,365 ignn.models.IGNN:215] epoch:126/best:121, loss:1.0941, train:0.6581, valid:0.4561/best:0.4702, test:0.4831/best:0.4831
[I 2026-09-12 14:46:04,380 ignn.models.IGNN:215] epoch:127/best:121, loss:1.0856, train:0.6604, valid:0.4421/best:0.4702, test:0.4719/best:0.4831
[I 2026-09-12 14:46:04,395 ignn.models.IGNN:215] epoch:128/best:121, loss:1.0762, train:0.6511, valid:0.4456/best:0.4702, test:0.4607/best:0.4831
[I 2026-09-12 14:46:04,411 ignn.models.IGNN:215] epoch:129/best:121, loss:1.0748, train:0.6511, valid:0.4526/best:0.4702, test:0.4663/best:0.4831
[I 2026-09-12 14:46:04,426 ignn.models.IGNN:215] epoch:130/best:121, loss:1.0811, train:0.6557, valid:0.4526/best:0.4702, test:0.4663/best:0.4831
[I 2026-09-12 14:46:04,441 ignn.models.IGNN:215] epoch:131/best:121, loss:1.0784, train:0.6604, valid:0.4491/best:0.4702, test:0.4663/best:0.4831
[I 2026-09-12 14:46:04,456 ignn.models.IGNN:215] epoch:132/best:121, loss:1.1466, train:0.6628, valid:0.4491/best:0.4702, test:0.4607/best:0.4831
[I 2026-09-12 14:46:04,472 ignn.models.IGNN:215] epoch:133/best:121, loss:1.0770, train:0.6581, valid:0.4456/best:0.4702, test:0.4719/best:0.4831
[I 2026-09-12 14:46:04,487 ignn.models.IGNN:215] epoch:134/best:121, loss:1.0978, train:0.6792, valid:0.4491/best:0.4702, test:0.4663/best:0.4831
[I 2026-09-12 14:46:04,502 ignn.models.IGNN:215] epoch:135/best:121, loss:1.1035, train:0.6604, valid:0.4491/best:0.4702, test:0.4719/best:0.4831
[I 2026-09-12 14:46:04,517 ignn.models.IGNN:215] epoch:136/best:121, loss:1.0348, train:0.6651, valid:0.4526/best:0.4702, test:0.4831/best:0.4831
[I 2026-09-12 14:46:04,532 ignn.models.IGNN:215] epoch:137/best:121, loss:1.0825, train:0.6721, valid:0.4386/best:0.4702, test:0.4607/best:0.4831
[I 2026-09-12 14:46:04,548 ignn.models.IGNN:215] epoch:138/best:121, loss:1.0703, train:0.6768, valid:0.4456/best:0.4702, test:0.4719/best:0.4831
[I 2026-09-12 14:46:04,563 ignn.models.IGNN:215] epoch:139/best:121, loss:1.0919, train:0.6674, valid:0.4491/best:0.4702, test:0.4607/best:0.4831
[I 2026-09-12 14:46:04,578 ignn.models.IGNN:215] epoch:140/best:121, loss:1.1074, train:0.6745, valid:0.4526/best:0.4702, test:0.4663/best:0.4831
[I 2026-09-12 14:46:04,593 ignn.models.IGNN:215] epoch:141/best:121, loss:1.0612, train:0.6674, valid:0.4561/best:0.4702, test:0.4719/best:0.4831
[I 2026-09-12 14:46:04,608 ignn.models.IGNN:215] epoch:142/best:121, loss:1.0966, train:0.6698, valid:0.4526/best:0.4702, test:0.4719/best:0.4831
[I 2026-09-12 14:46:04,624 ignn.models.IGNN:215] epoch:143/best:121, loss:1.0321, train:0.6698, valid:0.4456/best:0.4702, test:0.4663/best:0.4831
[I 2026-09-12 14:46:04,639 ignn.models.IGNN:215] epoch:144/best:121, loss:1.0274, train:0.6651, valid:0.4386/best:0.4702, test:0.4775/best:0.4831
[I 2026-09-12 14:46:04,654 ignn.models.IGNN:215] epoch:145/best:121, loss:1.0622, train:0.6792, valid:0.4491/best:0.4702, test:0.4719/best:0.4831
[I 2026-09-12 14:46:04,670 ignn.models.IGNN:215] epoch:146/best:121, loss:1.0655, train:0.6885, valid:0.4386/best:0.4702, test:0.4663/best:0.4831
[I 2026-09-12 14:46:04,685 ignn.models.IGNN:215] epoch:147/best:121, loss:1.0237, train:0.6815, valid:0.4456/best:0.4702, test:0.4494/best:0.4831
[I 2026-09-12 14:46:04,701 ignn.models.IGNN:215] epoch:148/best:121, loss:1.0754, train:0.6815, valid:0.4526/best:0.4702, test:0.4607/best:0.4831
[I 2026-09-12 14:46:04,716 ignn.models.IGNN:215] epoch:149/best:121, loss:1.0747, train:0.6885, valid:0.4491/best:0.4702, test:0.4719/best:0.4831
[I 2026-09-12 14:46:04,732 ignn.models.IGNN:215] epoch:150/best:121, loss:1.0771, train:0.6885, valid:0.4561/best:0.4702, test:0.4719/best:0.4831
[I 2026-09-12 14:46:04,748 ignn.models.IGNN:215] epoch:151/best:121, loss:1.0915, train:0.6909, valid:0.4561/best:0.4702, test:0.4719/best:0.4831
[I 2026-09-12 14:46:04,764 ignn.models.IGNN:215] epoch:152/best:121, loss:1.0651, train:0.6792, valid:0.4632/best:0.4702, test:0.4551/best:0.4831
[I 2026-09-12 14:46:04,781 ignn.models.IGNN:215] epoch:153/best:121, loss:1.1055, train:0.6815, valid:0.4632/best:0.4702, test:0.4663/best:0.4831
[I 2026-09-12 14:46:04,796 ignn.models.IGNN:215] epoch:154/best:121, loss:1.1029, train:0.6956, valid:0.4596/best:0.4702, test:0.4719/best:0.4831
[I 2026-09-12 14:46:04,812 ignn.models.IGNN:215] epoch:155/best:121, loss:1.0420, train:0.6979, valid:0.4596/best:0.4702, test:0.4551/best:0.4831
[I 2026-09-12 14:46:04,827 ignn.models.IGNN:215] epoch:156/best:121, loss:1.0512, train:0.6885, valid:0.4561/best:0.4702, test:0.4663/best:0.4831
[I 2026-09-12 14:46:04,843 ignn.models.IGNN:215] epoch:157/best:121, loss:1.0547, train:0.6909, valid:0.4632/best:0.4702, test:0.4663/best:0.4831
[I 2026-09-12 14:46:04,858 ignn.models.IGNN:215] epoch:158/best:121, loss:1.0256, train:0.6909, valid:0.4456/best:0.4702, test:0.4719/best:0.4831
[I 2026-09-12 14:46:04,874 ignn.models.IGNN:215] epoch:159/best:121, loss:1.0317, train:0.6862, valid:0.4316/best:0.4702, test:0.4831/best:0.4831
[I 2026-09-12 14:46:04,889 ignn.models.IGNN:215] epoch:160/best:121, loss:1.0404, train:0.6674, valid:0.4561/best:0.4702, test:0.4775/best:0.4831
[I 2026-09-12 14:46:04,905 ignn.models.IGNN:215] epoch:161/best:121, loss:1.0811, train:0.6628, valid:0.4667/best:0.4702, test:0.4494/best:0.4831
[I 2026-09-12 14:46:04,921 ignn.models.IGNN:215] epoch:162/best:121, loss:1.0756, train:0.6534, valid:0.4667/best:0.4702, test:0.4494/best:0.4831
[I 2026-09-12 14:46:04,936 ignn.models.IGNN:215] epoch:163/best:121, loss:1.0239, train:0.6674, valid:0.4561/best:0.4702, test:0.4719/best:0.4831
[I 2026-09-12 14:46:04,951 ignn.models.IGNN:215] epoch:164/best:121, loss:1.0226, train:0.6815, valid:0.4632/best:0.4702, test:0.4831/best:0.4831
[I 2026-09-12 14:46:04,966 ignn.models.IGNN:215] epoch:165/best:121, loss:1.0602, train:0.6862, valid:0.4561/best:0.4702, test:0.4831/best:0.4831
[I 2026-09-12 14:46:04,982 ignn.models.IGNN:215] epoch:166/best:121, loss:1.0612, train:0.6956, valid:0.4386/best:0.4702, test:0.5000/best:0.4831
[I 2026-09-12 14:46:04,997 ignn.models.IGNN:215] epoch:167/best:121, loss:1.0501, train:0.7049, valid:0.4456/best:0.4702, test:0.5112/best:0.4831
[I 2026-09-12 14:46:05,012 ignn.models.IGNN:215] epoch:168/best:121, loss:1.0009, train:0.6885, valid:0.4421/best:0.4702, test:0.4888/best:0.4831
[I 2026-09-12 14:46:05,027 ignn.models.IGNN:215] epoch:169/best:121, loss:1.0112, train:0.6885, valid:0.4526/best:0.4702, test:0.4775/best:0.4831
[I 2026-09-12 14:46:05,043 ignn.models.IGNN:215] epoch:170/best:121, loss:1.0460, train:0.6792, valid:0.4456/best:0.4702, test:0.4663/best:0.4831
[I 2026-09-12 14:46:05,058 ignn.models.IGNN:215] epoch:171/best:121, loss:1.1453, train:0.6768, valid:0.4421/best:0.4702, test:0.4607/best:0.4831
[I 2026-09-12 14:46:05,058 ignn.models.IGNN:222] Early Stopping! Best Epoch: 121, best val acc: 0.4702, test acc: 0.4831
[I 2026-09-12 14:46:05,059 ignn.models.IGNN:234] 10 epoch cost: 0.1568s.
[I 2026-09-12 14:46:05,066 __main__:210] chameleon_critical 5 res: 0.48314606741573035


[I 2026-09-12 14:46:05,090 ignn.models.IGNN:215] epoch:0/best:0, loss:1.6055, train:0.2436, valid:0.2281/best:0.2281, test:0.2247/best:0.2247
[I 2026-09-12 14:46:05,107 ignn.models.IGNN:215] epoch:1/best:1, loss:1.6014, train:0.2436, valid:0.2281/best:0.2281, test:0.2247/best:0.2247
[I 2026-09-12 14:46:05,124 ignn.models.IGNN:215] epoch:2/best:2, loss:1.6013, train:0.2436, valid:0.2281/best:0.2281, test:0.2247/best:0.2247
[I 2026-09-12 14:46:05,140 ignn.models.IGNN:215] epoch:3/best:3, loss:1.5971, train:0.3466, valid:0.3228/best:0.3228, test:0.3483/best:0.3483
[I 2026-09-12 14:46:05,155 ignn.models.IGNN:215] epoch:4/best:3, loss:1.5950, train:0.3349, valid:0.2807/best:0.3228, test:0.3820/best:0.3483
[I 2026-09-12 14:46:05,171 ignn.models.IGNN:215] epoch:5/best:3, loss:1.5929, train:0.2998, valid:0.2667/best:0.3228, test:0.3371/best:0.3483
[I 2026-09-12 14:46:05,187 ignn.models.IGNN:215] epoch:6/best:3, loss:1.5871, train:0.2904, valid:0.2526/best:0.3228, test:0.3090/best:0.3483
[I 2026-09-12 14:46:05,202 ignn.models.IGNN:215] epoch:7/best:3, loss:1.5879, train:0.2834, valid:0.2421/best:0.3228, test:0.2978/best:0.3483
[I 2026-09-12 14:46:05,218 ignn.models.IGNN:215] epoch:8/best:3, loss:1.5875, train:0.2834, valid:0.2421/best:0.3228, test:0.2978/best:0.3483
[I 2026-09-12 14:46:05,233 ignn.models.IGNN:215] epoch:9/best:3, loss:1.5842, train:0.2834, valid:0.2421/best:0.3228, test:0.2978/best:0.3483
[I 2026-09-12 14:46:05,248 ignn.models.IGNN:215] epoch:10/best:3, loss:1.5813, train:0.2834, valid:0.2456/best:0.3228, test:0.2978/best:0.3483
[I 2026-09-12 14:46:05,263 ignn.models.IGNN:215] epoch:11/best:3, loss:1.5811, train:0.2904, valid:0.2491/best:0.3228, test:0.3034/best:0.3483
[I 2026-09-12 14:46:05,279 ignn.models.IGNN:215] epoch:12/best:3, loss:1.5815, train:0.2881, valid:0.2526/best:0.3228, test:0.3034/best:0.3483
[I 2026-09-12 14:46:05,294 ignn.models.IGNN:215] epoch:13/best:3, loss:1.5814, train:0.2881, valid:0.2561/best:0.3228, test:0.3146/best:0.3483
[I 2026-09-12 14:46:05,309 ignn.models.IGNN:215] epoch:14/best:3, loss:1.5751, train:0.2881, valid:0.2561/best:0.3228, test:0.3146/best:0.3483
[I 2026-09-12 14:46:05,325 ignn.models.IGNN:215] epoch:15/best:3, loss:1.5720, train:0.2904, valid:0.2561/best:0.3228, test:0.3146/best:0.3483
[I 2026-09-12 14:46:05,340 ignn.models.IGNN:215] epoch:16/best:3, loss:1.5703, train:0.2927, valid:0.2596/best:0.3228, test:0.3146/best:0.3483
[I 2026-09-12 14:46:05,355 ignn.models.IGNN:215] epoch:17/best:3, loss:1.5736, train:0.2951, valid:0.2632/best:0.3228, test:0.3202/best:0.3483
[I 2026-09-12 14:46:05,370 ignn.models.IGNN:215] epoch:18/best:3, loss:1.5709, train:0.2998, valid:0.2667/best:0.3228, test:0.3258/best:0.3483
[I 2026-09-12 14:46:05,389 ignn.models.IGNN:215] epoch:19/best:3, loss:1.5673, train:0.3068, valid:0.2667/best:0.3228, test:0.3315/best:0.3483
[I 2026-09-12 14:46:05,407 ignn.models.IGNN:215] epoch:20/best:3, loss:1.5638, train:0.3115, valid:0.2702/best:0.3228, test:0.3371/best:0.3483
[I 2026-09-12 14:46:05,423 ignn.models.IGNN:215] epoch:21/best:3, loss:1.5574, train:0.3138, valid:0.2702/best:0.3228, test:0.3371/best:0.3483
[I 2026-09-12 14:46:05,439 ignn.models.IGNN:215] epoch:22/best:3, loss:1.5627, train:0.3232, valid:0.2702/best:0.3228, test:0.3371/best:0.3483
[I 2026-09-12 14:46:05,455 ignn.models.IGNN:215] epoch:23/best:3, loss:1.5597, train:0.3255, valid:0.2702/best:0.3228, test:0.3539/best:0.3483
[I 2026-09-12 14:46:05,471 ignn.models.IGNN:215] epoch:24/best:3, loss:1.5534, train:0.3255, valid:0.2772/best:0.3228, test:0.3539/best:0.3483
[I 2026-09-12 14:46:05,486 ignn.models.IGNN:215] epoch:25/best:3, loss:1.5483, train:0.3255, valid:0.2772/best:0.3228, test:0.3539/best:0.3483
[I 2026-09-12 14:46:05,502 ignn.models.IGNN:215] epoch:26/best:3, loss:1.5536, train:0.3349, valid:0.2842/best:0.3228, test:0.3652/best:0.3483
[I 2026-09-12 14:46:05,517 ignn.models.IGNN:215] epoch:27/best:3, loss:1.5473, train:0.3419, valid:0.2807/best:0.3228, test:0.3652/best:0.3483
[I 2026-09-12 14:46:05,533 ignn.models.IGNN:215] epoch:28/best:3, loss:1.5458, train:0.3419, valid:0.2807/best:0.3228, test:0.3764/best:0.3483
[I 2026-09-12 14:46:05,548 ignn.models.IGNN:215] epoch:29/best:3, loss:1.5430, train:0.3489, valid:0.2772/best:0.3228, test:0.3933/best:0.3483
[I 2026-09-12 14:46:05,564 ignn.models.IGNN:215] epoch:30/best:3, loss:1.5370, train:0.3396, valid:0.2912/best:0.3228, test:0.3933/best:0.3483
[I 2026-09-12 14:46:05,579 ignn.models.IGNN:215] epoch:31/best:3, loss:1.5269, train:0.3419, valid:0.3018/best:0.3228, test:0.3876/best:0.3483
[I 2026-09-12 14:46:05,595 ignn.models.IGNN:215] epoch:32/best:3, loss:1.5276, train:0.3419, valid:0.3053/best:0.3228, test:0.3933/best:0.3483
[I 2026-09-12 14:46:05,610 ignn.models.IGNN:215] epoch:33/best:3, loss:1.5278, train:0.3443, valid:0.3123/best:0.3228, test:0.4045/best:0.3483
[I 2026-09-12 14:46:05,627 ignn.models.IGNN:215] epoch:34/best:34, loss:1.5259, train:0.3513, valid:0.3228/best:0.3228, test:0.4045/best:0.4045
[I 2026-09-12 14:46:05,643 ignn.models.IGNN:215] epoch:35/best:35, loss:1.5082, train:0.3536, valid:0.3228/best:0.3228, test:0.4213/best:0.4213
[I 2026-09-12 14:46:05,660 ignn.models.IGNN:215] epoch:36/best:36, loss:1.5150, train:0.3653, valid:0.3228/best:0.3228, test:0.4213/best:0.4213
[I 2026-09-12 14:46:05,677 ignn.models.IGNN:215] epoch:37/best:37, loss:1.5154, train:0.3724, valid:0.3298/best:0.3298, test:0.4270/best:0.4270
[I 2026-09-12 14:46:05,694 ignn.models.IGNN:215] epoch:38/best:38, loss:1.5024, train:0.3724, valid:0.3298/best:0.3298, test:0.4213/best:0.4213
[I 2026-09-12 14:46:05,711 ignn.models.IGNN:215] epoch:39/best:39, loss:1.5064, train:0.3700, valid:0.3368/best:0.3368, test:0.4213/best:0.4213
[I 2026-09-12 14:46:05,727 ignn.models.IGNN:215] epoch:40/best:40, loss:1.5000, train:0.3700, valid:0.3368/best:0.3368, test:0.4157/best:0.4157
[I 2026-09-12 14:46:05,744 ignn.models.IGNN:215] epoch:41/best:41, loss:1.4915, train:0.3724, valid:0.3404/best:0.3404, test:0.4157/best:0.4157
[I 2026-09-12 14:46:05,761 ignn.models.IGNN:215] epoch:42/best:42, loss:1.4797, train:0.3747, valid:0.3439/best:0.3439, test:0.4157/best:0.4157
[I 2026-09-12 14:46:05,777 ignn.models.IGNN:215] epoch:43/best:43, loss:1.4824, train:0.3700, valid:0.3509/best:0.3509, test:0.4213/best:0.4213
[I 2026-09-12 14:46:05,793 ignn.models.IGNN:215] epoch:44/best:43, loss:1.4791, train:0.3677, valid:0.3439/best:0.3509, test:0.4213/best:0.4213
[I 2026-09-12 14:46:05,808 ignn.models.IGNN:215] epoch:45/best:43, loss:1.4653, train:0.3724, valid:0.3439/best:0.3509, test:0.4326/best:0.4213
[I 2026-09-12 14:46:05,825 ignn.models.IGNN:215] epoch:46/best:46, loss:1.4792, train:0.3817, valid:0.3509/best:0.3509, test:0.4382/best:0.4382
[I 2026-09-12 14:46:05,840 ignn.models.IGNN:215] epoch:47/best:46, loss:1.4680, train:0.3864, valid:0.3474/best:0.3509, test:0.4382/best:0.4382
[I 2026-09-12 14:46:05,855 ignn.models.IGNN:215] epoch:48/best:46, loss:1.4601, train:0.3888, valid:0.3474/best:0.3509, test:0.4438/best:0.4382
[I 2026-09-12 14:46:05,871 ignn.models.IGNN:215] epoch:49/best:46, loss:1.4758, train:0.3981, valid:0.3474/best:0.3509, test:0.4438/best:0.4382
[I 2026-09-12 14:46:05,887 ignn.models.IGNN:215] epoch:50/best:50, loss:1.4369, train:0.4052, valid:0.3579/best:0.3579, test:0.4438/best:0.4438
[I 2026-09-12 14:46:05,904 ignn.models.IGNN:215] epoch:51/best:51, loss:1.4316, train:0.4075, valid:0.3649/best:0.3649, test:0.4438/best:0.4438
[I 2026-09-12 14:46:05,921 ignn.models.IGNN:215] epoch:52/best:52, loss:1.4555, train:0.4075, valid:0.3684/best:0.3684, test:0.4382/best:0.4382
[I 2026-09-12 14:46:05,937 ignn.models.IGNN:215] epoch:53/best:53, loss:1.4373, train:0.4075, valid:0.3754/best:0.3754, test:0.4382/best:0.4382
[I 2026-09-12 14:46:05,954 ignn.models.IGNN:215] epoch:54/best:54, loss:1.4126, train:0.4075, valid:0.3754/best:0.3754, test:0.4382/best:0.4382
[I 2026-09-12 14:46:05,970 ignn.models.IGNN:215] epoch:55/best:55, loss:1.4162, train:0.4098, valid:0.3754/best:0.3754, test:0.4382/best:0.4382
[I 2026-09-12 14:46:05,987 ignn.models.IGNN:215] epoch:56/best:56, loss:1.4353, train:0.4122, valid:0.3789/best:0.3789, test:0.4494/best:0.4494
[I 2026-09-12 14:46:06,004 ignn.models.IGNN:215] epoch:57/best:57, loss:1.4145, train:0.4192, valid:0.3825/best:0.3825, test:0.4551/best:0.4551
[I 2026-09-12 14:46:06,020 ignn.models.IGNN:215] epoch:58/best:58, loss:1.3833, train:0.4215, valid:0.3860/best:0.3860, test:0.4607/best:0.4607
[I 2026-09-12 14:46:06,037 ignn.models.IGNN:215] epoch:59/best:59, loss:1.3922, train:0.4286, valid:0.3860/best:0.3860, test:0.4663/best:0.4663
[I 2026-09-12 14:46:06,052 ignn.models.IGNN:215] epoch:60/best:59, loss:1.3747, train:0.4286, valid:0.3825/best:0.3860, test:0.4551/best:0.4663
[I 2026-09-12 14:46:06,067 ignn.models.IGNN:215] epoch:61/best:59, loss:1.3836, train:0.4239, valid:0.3825/best:0.3860, test:0.4663/best:0.4663
[I 2026-09-12 14:46:06,084 ignn.models.IGNN:215] epoch:62/best:62, loss:1.3690, train:0.4215, valid:0.3895/best:0.3895, test:0.4663/best:0.4663
[I 2026-09-12 14:46:06,101 ignn.models.IGNN:215] epoch:63/best:63, loss:1.3664, train:0.4333, valid:0.3895/best:0.3895, test:0.4607/best:0.4607
[I 2026-09-12 14:46:06,116 ignn.models.IGNN:215] epoch:64/best:63, loss:1.3346, train:0.4473, valid:0.3789/best:0.3895, test:0.4494/best:0.4607
[I 2026-09-12 14:46:06,133 ignn.models.IGNN:215] epoch:65/best:65, loss:1.3389, train:0.4520, valid:0.3895/best:0.3895, test:0.4438/best:0.4438
[I 2026-09-12 14:46:06,149 ignn.models.IGNN:215] epoch:66/best:66, loss:1.3246, train:0.4450, valid:0.3965/best:0.3965, test:0.4494/best:0.4494
[I 2026-09-12 14:46:06,166 ignn.models.IGNN:215] epoch:67/best:67, loss:1.3137, train:0.4496, valid:0.4035/best:0.4035, test:0.4607/best:0.4607
[I 2026-09-12 14:46:06,183 ignn.models.IGNN:215] epoch:68/best:68, loss:1.3011, train:0.4496, valid:0.4316/best:0.4316, test:0.4663/best:0.4663
[I 2026-09-12 14:46:06,200 ignn.models.IGNN:215] epoch:69/best:69, loss:1.2964, train:0.4590, valid:0.4316/best:0.4316, test:0.4775/best:0.4775
[I 2026-09-12 14:46:06,217 ignn.models.IGNN:215] epoch:70/best:70, loss:1.2553, train:0.4660, valid:0.4421/best:0.4421, test:0.4831/best:0.4831
[I 2026-09-12 14:46:06,233 ignn.models.IGNN:215] epoch:71/best:70, loss:1.2537, train:0.4637, valid:0.4351/best:0.4421, test:0.4888/best:0.4831
[I 2026-09-12 14:46:06,248 ignn.models.IGNN:215] epoch:72/best:70, loss:1.2836, train:0.4614, valid:0.4351/best:0.4421, test:0.5000/best:0.4831
[I 2026-09-12 14:46:06,263 ignn.models.IGNN:215] epoch:73/best:70, loss:1.2322, train:0.4660, valid:0.4281/best:0.4421, test:0.4888/best:0.4831
[I 2026-09-12 14:46:06,279 ignn.models.IGNN:215] epoch:74/best:70, loss:1.2851, train:0.4731, valid:0.4246/best:0.4421, test:0.4831/best:0.4831
[I 2026-09-12 14:46:06,294 ignn.models.IGNN:215] epoch:75/best:70, loss:1.2522, train:0.4778, valid:0.4351/best:0.4421, test:0.4888/best:0.4831
[I 2026-09-12 14:46:06,310 ignn.models.IGNN:215] epoch:76/best:76, loss:1.2346, train:0.4754, valid:0.4421/best:0.4421, test:0.4719/best:0.4719
[I 2026-09-12 14:46:06,327 ignn.models.IGNN:215] epoch:77/best:77, loss:1.2548, train:0.4848, valid:0.4526/best:0.4526, test:0.4719/best:0.4719
[I 2026-09-12 14:46:06,344 ignn.models.IGNN:215] epoch:78/best:78, loss:1.2388, train:0.5129, valid:0.4526/best:0.4526, test:0.4719/best:0.4719
[I 2026-09-12 14:46:06,359 ignn.models.IGNN:215] epoch:79/best:78, loss:1.1885, train:0.5199, valid:0.4421/best:0.4526, test:0.4831/best:0.4719
[I 2026-09-12 14:46:06,374 ignn.models.IGNN:215] epoch:80/best:78, loss:1.2333, train:0.5269, valid:0.4456/best:0.4526, test:0.4775/best:0.4719
[I 2026-09-12 14:46:06,389 ignn.models.IGNN:215] epoch:81/best:78, loss:1.2030, train:0.5386, valid:0.4316/best:0.4526, test:0.4831/best:0.4719
[I 2026-09-12 14:46:06,405 ignn.models.IGNN:215] epoch:82/best:78, loss:1.2128, train:0.5316, valid:0.4211/best:0.4526, test:0.4719/best:0.4719
[I 2026-09-12 14:46:06,420 ignn.models.IGNN:215] epoch:83/best:78, loss:1.2007, train:0.5316, valid:0.4456/best:0.4526, test:0.4775/best:0.4719
[I 2026-09-12 14:46:06,437 ignn.models.IGNN:215] epoch:84/best:84, loss:1.1991, train:0.5222, valid:0.4526/best:0.4526, test:0.4888/best:0.4888
[I 2026-09-12 14:46:06,453 ignn.models.IGNN:215] epoch:85/best:85, loss:1.1919, train:0.5176, valid:0.4667/best:0.4667, test:0.4944/best:0.4944
[I 2026-09-12 14:46:06,470 ignn.models.IGNN:215] epoch:86/best:86, loss:1.1889, train:0.5386, valid:0.4737/best:0.4737, test:0.4888/best:0.4888
[I 2026-09-12 14:46:06,486 ignn.models.IGNN:215] epoch:87/best:87, loss:1.1508, train:0.5527, valid:0.4807/best:0.4807, test:0.4831/best:0.4831
[I 2026-09-12 14:46:06,503 ignn.models.IGNN:215] epoch:88/best:88, loss:1.1974, train:0.5550, valid:0.4877/best:0.4877, test:0.5056/best:0.5056
[I 2026-09-12 14:46:06,520 ignn.models.IGNN:215] epoch:89/best:89, loss:1.1579, train:0.5621, valid:0.4877/best:0.4877, test:0.4944/best:0.4944
[I 2026-09-12 14:46:06,535 ignn.models.IGNN:215] epoch:90/best:89, loss:1.1549, train:0.5597, valid:0.4772/best:0.4877, test:0.4719/best:0.4944
[I 2026-09-12 14:46:06,550 ignn.models.IGNN:215] epoch:91/best:89, loss:1.1634, train:0.5574, valid:0.4772/best:0.4877, test:0.4663/best:0.4944
[I 2026-09-12 14:46:06,565 ignn.models.IGNN:215] epoch:92/best:89, loss:1.1524, train:0.5667, valid:0.4772/best:0.4877, test:0.4831/best:0.4944
[I 2026-09-12 14:46:06,581 ignn.models.IGNN:215] epoch:93/best:89, loss:1.1718, train:0.5738, valid:0.4807/best:0.4877, test:0.5112/best:0.4944
[I 2026-09-12 14:46:06,596 ignn.models.IGNN:215] epoch:94/best:89, loss:1.1610, train:0.5761, valid:0.4737/best:0.4877, test:0.5112/best:0.4944
[I 2026-09-12 14:46:06,611 ignn.models.IGNN:215] epoch:95/best:89, loss:1.1843, train:0.5761, valid:0.4772/best:0.4877, test:0.5112/best:0.4944
[I 2026-09-12 14:46:06,627 ignn.models.IGNN:215] epoch:96/best:89, loss:1.1881, train:0.5761, valid:0.4702/best:0.4877, test:0.4831/best:0.4944
[I 2026-09-12 14:46:06,642 ignn.models.IGNN:215] epoch:97/best:89, loss:1.1278, train:0.5480, valid:0.4561/best:0.4877, test:0.4775/best:0.4944
[I 2026-09-12 14:46:06,657 ignn.models.IGNN:215] epoch:98/best:89, loss:1.1603, train:0.5574, valid:0.4421/best:0.4877, test:0.4663/best:0.4944
[I 2026-09-12 14:46:06,673 ignn.models.IGNN:215] epoch:99/best:89, loss:1.1184, train:0.5667, valid:0.4386/best:0.4877, test:0.4607/best:0.4944
[I 2026-09-12 14:46:06,688 ignn.models.IGNN:215] epoch:100/best:89, loss:1.1167, train:0.5761, valid:0.4386/best:0.4877, test:0.4607/best:0.4944
[I 2026-09-12 14:46:06,704 ignn.models.IGNN:215] epoch:101/best:89, loss:1.1356, train:0.5785, valid:0.4491/best:0.4877, test:0.4775/best:0.4944
[I 2026-09-12 14:46:06,719 ignn.models.IGNN:215] epoch:102/best:89, loss:1.0961, train:0.5738, valid:0.4456/best:0.4877, test:0.4831/best:0.4944
[I 2026-09-12 14:46:06,734 ignn.models.IGNN:215] epoch:103/best:89, loss:1.1012, train:0.5855, valid:0.4632/best:0.4877, test:0.4831/best:0.4944
[I 2026-09-12 14:46:06,750 ignn.models.IGNN:215] epoch:104/best:89, loss:1.1619, train:0.5948, valid:0.4596/best:0.4877, test:0.4831/best:0.4944
[I 2026-09-12 14:46:06,765 ignn.models.IGNN:215] epoch:105/best:89, loss:1.1388, train:0.5995, valid:0.4596/best:0.4877, test:0.4831/best:0.4944
[I 2026-09-12 14:46:06,782 ignn.models.IGNN:215] epoch:106/best:89, loss:1.1204, train:0.5995, valid:0.4596/best:0.4877, test:0.4831/best:0.4944
[I 2026-09-12 14:46:06,799 ignn.models.IGNN:215] epoch:107/best:89, loss:1.1283, train:0.6112, valid:0.4596/best:0.4877, test:0.4831/best:0.4944
[I 2026-09-12 14:46:06,815 ignn.models.IGNN:215] epoch:108/best:89, loss:1.0974, train:0.6089, valid:0.4737/best:0.4877, test:0.4831/best:0.4944
[I 2026-09-12 14:46:06,833 ignn.models.IGNN:215] epoch:109/best:109, loss:1.1109, train:0.6136, valid:0.4947/best:0.4947, test:0.4944/best:0.4944
[I 2026-09-12 14:46:06,849 ignn.models.IGNN:215] epoch:110/best:109, loss:1.1480, train:0.6159, valid:0.4877/best:0.4947, test:0.4944/best:0.4944
[I 2026-09-12 14:46:06,864 ignn.models.IGNN:215] epoch:111/best:109, loss:1.1231, train:0.6112, valid:0.4667/best:0.4947, test:0.4775/best:0.4944
[I 2026-09-12 14:46:06,880 ignn.models.IGNN:215] epoch:112/best:109, loss:1.1430, train:0.6066, valid:0.4632/best:0.4947, test:0.4831/best:0.4944
[I 2026-09-12 14:46:06,896 ignn.models.IGNN:215] epoch:113/best:109, loss:1.1010, train:0.6136, valid:0.4807/best:0.4947, test:0.4888/best:0.4944
[I 2026-09-12 14:46:06,911 ignn.models.IGNN:215] epoch:114/best:109, loss:1.1433, train:0.6183, valid:0.4842/best:0.4947, test:0.4888/best:0.4944
[I 2026-09-12 14:46:06,927 ignn.models.IGNN:215] epoch:115/best:109, loss:1.0970, train:0.6089, valid:0.4632/best:0.4947, test:0.4775/best:0.4944
[I 2026-09-12 14:46:06,942 ignn.models.IGNN:215] epoch:116/best:109, loss:1.0966, train:0.6112, valid:0.4596/best:0.4947, test:0.4551/best:0.4944
[I 2026-09-12 14:46:06,958 ignn.models.IGNN:215] epoch:117/best:109, loss:1.0503, train:0.6159, valid:0.4561/best:0.4947, test:0.4607/best:0.4944
[I 2026-09-12 14:46:06,973 ignn.models.IGNN:215] epoch:118/best:109, loss:1.1209, train:0.6136, valid:0.4561/best:0.4947, test:0.4551/best:0.4944
[I 2026-09-12 14:46:06,989 ignn.models.IGNN:215] epoch:119/best:109, loss:1.1016, train:0.6159, valid:0.4526/best:0.4947, test:0.4551/best:0.4944
[I 2026-09-12 14:46:07,004 ignn.models.IGNN:215] epoch:120/best:109, loss:1.0734, train:0.6183, valid:0.4561/best:0.4947, test:0.4494/best:0.4944
[I 2026-09-12 14:46:07,019 ignn.models.IGNN:215] epoch:121/best:109, loss:1.0822, train:0.6300, valid:0.4772/best:0.4947, test:0.4438/best:0.4944
[I 2026-09-12 14:46:07,035 ignn.models.IGNN:215] epoch:122/best:109, loss:1.1150, train:0.6370, valid:0.4842/best:0.4947, test:0.4607/best:0.4944
[I 2026-09-12 14:46:07,050 ignn.models.IGNN:215] epoch:123/best:109, loss:1.1054, train:0.6393, valid:0.4912/best:0.4947, test:0.4551/best:0.4944
[I 2026-09-12 14:46:07,067 ignn.models.IGNN:215] epoch:124/best:124, loss:1.1065, train:0.6417, valid:0.4982/best:0.4982, test:0.4494/best:0.4494
[I 2026-09-12 14:46:07,083 ignn.models.IGNN:215] epoch:125/best:125, loss:1.0951, train:0.6370, valid:0.5018/best:0.5018, test:0.4551/best:0.4551
[I 2026-09-12 14:46:07,100 ignn.models.IGNN:215] epoch:126/best:126, loss:1.0890, train:0.6276, valid:0.5053/best:0.5053, test:0.4607/best:0.4607
[I 2026-09-12 14:46:07,115 ignn.models.IGNN:215] epoch:127/best:126, loss:1.1037, train:0.6230, valid:0.5018/best:0.5053, test:0.4663/best:0.4607
[I 2026-09-12 14:46:07,132 ignn.models.IGNN:215] epoch:128/best:128, loss:1.1391, train:0.6393, valid:0.5053/best:0.5053, test:0.4551/best:0.4551
[I 2026-09-12 14:46:07,147 ignn.models.IGNN:215] epoch:129/best:128, loss:1.1081, train:0.6370, valid:0.4947/best:0.5053, test:0.4382/best:0.4551
[I 2026-09-12 14:46:07,163 ignn.models.IGNN:215] epoch:130/best:128, loss:1.0629, train:0.6323, valid:0.4877/best:0.5053, test:0.4326/best:0.4551
[I 2026-09-12 14:46:07,178 ignn.models.IGNN:215] epoch:131/best:128, loss:1.1112, train:0.6276, valid:0.4667/best:0.5053, test:0.4270/best:0.4551
[I 2026-09-12 14:46:07,194 ignn.models.IGNN:215] epoch:132/best:128, loss:1.0967, train:0.6276, valid:0.4632/best:0.5053, test:0.4382/best:0.4551
[I 2026-09-12 14:46:07,210 ignn.models.IGNN:215] epoch:133/best:128, loss:1.1537, train:0.6300, valid:0.4667/best:0.5053, test:0.4270/best:0.4551
[I 2026-09-12 14:46:07,225 ignn.models.IGNN:215] epoch:134/best:128, loss:1.0868, train:0.6276, valid:0.4807/best:0.5053, test:0.4270/best:0.4551
[I 2026-09-12 14:46:07,240 ignn.models.IGNN:215] epoch:135/best:128, loss:1.0600, train:0.6300, valid:0.4807/best:0.5053, test:0.4326/best:0.4551
[I 2026-09-12 14:46:07,256 ignn.models.IGNN:215] epoch:136/best:128, loss:1.0618, train:0.6557, valid:0.4877/best:0.5053, test:0.4607/best:0.4551
[I 2026-09-12 14:46:07,273 ignn.models.IGNN:215] epoch:137/best:137, loss:1.0705, train:0.6511, valid:0.5193/best:0.5193, test:0.5000/best:0.5000
[I 2026-09-12 14:46:07,289 ignn.models.IGNN:215] epoch:138/best:138, loss:1.0660, train:0.6511, valid:0.5193/best:0.5193, test:0.4944/best:0.4944
[I 2026-09-12 14:46:07,306 ignn.models.IGNN:215] epoch:139/best:139, loss:1.0523, train:0.6674, valid:0.5193/best:0.5193, test:0.5000/best:0.5000
[I 2026-09-12 14:46:07,321 ignn.models.IGNN:215] epoch:140/best:139, loss:1.1090, train:0.6862, valid:0.5158/best:0.5193, test:0.4775/best:0.5000
[I 2026-09-12 14:46:07,337 ignn.models.IGNN:215] epoch:141/best:139, loss:1.0455, train:0.6464, valid:0.5123/best:0.5193, test:0.4438/best:0.5000
[I 2026-09-12 14:46:07,352 ignn.models.IGNN:215] epoch:142/best:139, loss:1.0511, train:0.6323, valid:0.4877/best:0.5193, test:0.4382/best:0.5000
[I 2026-09-12 14:46:07,367 ignn.models.IGNN:215] epoch:143/best:139, loss:1.0678, train:0.6323, valid:0.4877/best:0.5193, test:0.4382/best:0.5000
[I 2026-09-12 14:46:07,382 ignn.models.IGNN:215] epoch:144/best:139, loss:1.0571, train:0.6393, valid:0.5018/best:0.5193, test:0.4607/best:0.5000
[I 2026-09-12 14:46:07,398 ignn.models.IGNN:215] epoch:145/best:139, loss:1.1040, train:0.6581, valid:0.5088/best:0.5193, test:0.4551/best:0.5000
[I 2026-09-12 14:46:07,413 ignn.models.IGNN:215] epoch:146/best:139, loss:1.0652, train:0.6792, valid:0.5088/best:0.5193, test:0.4607/best:0.5000
[I 2026-09-12 14:46:07,430 ignn.models.IGNN:215] epoch:147/best:147, loss:1.0361, train:0.6862, valid:0.5228/best:0.5228, test:0.4607/best:0.4607
[I 2026-09-12 14:46:07,450 ignn.models.IGNN:215] epoch:148/best:148, loss:1.0819, train:0.6651, valid:0.5298/best:0.5298, test:0.4775/best:0.4775
[I 2026-09-12 14:46:07,467 ignn.models.IGNN:215] epoch:149/best:148, loss:1.0874, train:0.6511, valid:0.5228/best:0.5298, test:0.4663/best:0.4775
[I 2026-09-12 14:46:07,484 ignn.models.IGNN:215] epoch:150/best:148, loss:1.0946, train:0.6534, valid:0.5158/best:0.5298, test:0.4607/best:0.4775
[I 2026-09-12 14:46:07,500 ignn.models.IGNN:215] epoch:151/best:148, loss:1.0908, train:0.6534, valid:0.5053/best:0.5298, test:0.4551/best:0.4775
[I 2026-09-12 14:46:07,516 ignn.models.IGNN:215] epoch:152/best:148, loss:1.1112, train:0.6604, valid:0.4982/best:0.5298, test:0.4438/best:0.4775
[I 2026-09-12 14:46:07,531 ignn.models.IGNN:215] epoch:153/best:148, loss:1.0531, train:0.6347, valid:0.4667/best:0.5298, test:0.4213/best:0.4775
[I 2026-09-12 14:46:07,547 ignn.models.IGNN:215] epoch:154/best:148, loss:1.0435, train:0.6206, valid:0.4421/best:0.5298, test:0.4157/best:0.4775
[I 2026-09-12 14:46:07,563 ignn.models.IGNN:215] epoch:155/best:148, loss:1.0433, train:0.6206, valid:0.4351/best:0.5298, test:0.4213/best:0.4775
[I 2026-09-12 14:46:07,578 ignn.models.IGNN:215] epoch:156/best:148, loss:1.0113, train:0.6276, valid:0.4596/best:0.5298, test:0.4270/best:0.4775
[I 2026-09-12 14:46:07,594 ignn.models.IGNN:215] epoch:157/best:148, loss:1.0714, train:0.6511, valid:0.4807/best:0.5298, test:0.4213/best:0.4775
[I 2026-09-12 14:46:07,610 ignn.models.IGNN:215] epoch:158/best:148, loss:1.0460, train:0.6698, valid:0.4947/best:0.5298, test:0.4382/best:0.4775
[I 2026-09-12 14:46:07,626 ignn.models.IGNN:215] epoch:159/best:148, loss:1.0671, train:0.6815, valid:0.4912/best:0.5298, test:0.4551/best:0.4775
[I 2026-09-12 14:46:07,641 ignn.models.IGNN:215] epoch:160/best:148, loss:1.0328, train:0.6862, valid:0.5123/best:0.5298, test:0.4719/best:0.4775
[I 2026-09-12 14:46:07,658 ignn.models.IGNN:215] epoch:161/best:161, loss:1.0688, train:0.6885, valid:0.5298/best:0.5298, test:0.4831/best:0.4831
[I 2026-09-12 14:46:07,673 ignn.models.IGNN:215] epoch:162/best:161, loss:1.0688, train:0.6815, valid:0.5263/best:0.5298, test:0.5000/best:0.4831
[I 2026-09-12 14:46:07,688 ignn.models.IGNN:215] epoch:163/best:161, loss:1.0747, train:0.6815, valid:0.5263/best:0.5298, test:0.5112/best:0.4831
[I 2026-09-12 14:46:07,704 ignn.models.IGNN:215] epoch:164/best:161, loss:1.0689, train:0.6792, valid:0.5228/best:0.5298, test:0.5112/best:0.4831
[I 2026-09-12 14:46:07,720 ignn.models.IGNN:215] epoch:165/best:161, loss:1.0336, train:0.6862, valid:0.5088/best:0.5298, test:0.5281/best:0.4831
[I 2026-09-12 14:46:07,735 ignn.models.IGNN:215] epoch:166/best:161, loss:1.0541, train:0.6932, valid:0.5123/best:0.5298, test:0.5056/best:0.4831
[I 2026-09-12 14:46:07,750 ignn.models.IGNN:215] epoch:167/best:161, loss:1.0815, train:0.6956, valid:0.5088/best:0.5298, test:0.4944/best:0.4831
[I 2026-09-12 14:46:07,766 ignn.models.IGNN:215] epoch:168/best:161, loss:1.0347, train:0.6979, valid:0.5053/best:0.5298, test:0.4663/best:0.4831
[I 2026-09-12 14:46:07,781 ignn.models.IGNN:215] epoch:169/best:161, loss:1.0491, train:0.7002, valid:0.4947/best:0.5298, test:0.4607/best:0.4831
[I 2026-09-12 14:46:07,797 ignn.models.IGNN:215] epoch:170/best:161, loss:1.0443, train:0.6979, valid:0.4947/best:0.5298, test:0.4607/best:0.4831
[I 2026-09-12 14:46:07,812 ignn.models.IGNN:215] epoch:171/best:161, loss:1.0712, train:0.6932, valid:0.4947/best:0.5298, test:0.4494/best:0.4831
[I 2026-09-12 14:46:07,827 ignn.models.IGNN:215] epoch:172/best:161, loss:1.0383, train:0.6885, valid:0.5018/best:0.5298, test:0.4494/best:0.4831
[I 2026-09-12 14:46:07,843 ignn.models.IGNN:215] epoch:173/best:161, loss:1.0518, train:0.6838, valid:0.5053/best:0.5298, test:0.4663/best:0.4831
[I 2026-09-12 14:46:07,858 ignn.models.IGNN:215] epoch:174/best:161, loss:1.0049, train:0.6745, valid:0.5053/best:0.5298, test:0.4663/best:0.4831
[I 2026-09-12 14:46:07,873 ignn.models.IGNN:215] epoch:175/best:161, loss:1.0974, train:0.6792, valid:0.5053/best:0.5298, test:0.4551/best:0.4831
[I 2026-09-12 14:46:07,889 ignn.models.IGNN:215] epoch:176/best:161, loss:1.0620, train:0.6815, valid:0.5018/best:0.5298, test:0.4551/best:0.4831
[I 2026-09-12 14:46:07,904 ignn.models.IGNN:215] epoch:177/best:161, loss:1.0766, train:0.6838, valid:0.4982/best:0.5298, test:0.4438/best:0.4831
[I 2026-09-12 14:46:07,919 ignn.models.IGNN:215] epoch:178/best:161, loss:1.0382, train:0.6885, valid:0.4982/best:0.5298, test:0.4382/best:0.4831
[I 2026-09-12 14:46:07,935 ignn.models.IGNN:215] epoch:179/best:161, loss:1.0033, train:0.7026, valid:0.5088/best:0.5298, test:0.4438/best:0.4831
[I 2026-09-12 14:46:07,950 ignn.models.IGNN:215] epoch:180/best:161, loss:1.0331, train:0.7096, valid:0.5018/best:0.5298, test:0.4438/best:0.4831
[I 2026-09-12 14:46:07,965 ignn.models.IGNN:215] epoch:181/best:161, loss:1.0317, train:0.7073, valid:0.5018/best:0.5298, test:0.4607/best:0.4831
[I 2026-09-12 14:46:07,980 ignn.models.IGNN:215] epoch:182/best:161, loss:1.0142, train:0.7143, valid:0.4982/best:0.5298, test:0.4719/best:0.4831
[I 2026-09-12 14:46:07,996 ignn.models.IGNN:215] epoch:183/best:161, loss:1.0150, train:0.7213, valid:0.4912/best:0.5298, test:0.4607/best:0.4831
[I 2026-09-12 14:46:08,011 ignn.models.IGNN:215] epoch:184/best:161, loss:1.0316, train:0.7143, valid:0.5053/best:0.5298, test:0.4663/best:0.4831
[I 2026-09-12 14:46:08,026 ignn.models.IGNN:215] epoch:185/best:161, loss:1.0033, train:0.7073, valid:0.5123/best:0.5298, test:0.4438/best:0.4831
[I 2026-09-12 14:46:08,042 ignn.models.IGNN:215] epoch:186/best:161, loss:1.0361, train:0.7073, valid:0.5158/best:0.5298, test:0.4438/best:0.4831
[I 2026-09-12 14:46:08,057 ignn.models.IGNN:215] epoch:187/best:161, loss:1.0722, train:0.7026, valid:0.4982/best:0.5298, test:0.4438/best:0.4831
[I 2026-09-12 14:46:08,072 ignn.models.IGNN:215] epoch:188/best:161, loss:1.0430, train:0.7049, valid:0.4982/best:0.5298, test:0.4438/best:0.4831
[I 2026-09-12 14:46:08,088 ignn.models.IGNN:215] epoch:189/best:161, loss:1.0402, train:0.6979, valid:0.5018/best:0.5298, test:0.4438/best:0.4831
[I 2026-09-12 14:46:08,104 ignn.models.IGNN:215] epoch:190/best:161, loss:1.0250, train:0.7026, valid:0.5053/best:0.5298, test:0.4382/best:0.4831
[I 2026-09-12 14:46:08,120 ignn.models.IGNN:215] epoch:191/best:161, loss:0.9914, train:0.6932, valid:0.5053/best:0.5298, test:0.4551/best:0.4831
[I 2026-09-12 14:46:08,138 ignn.models.IGNN:215] epoch:192/best:161, loss:1.0469, train:0.6885, valid:0.4982/best:0.5298, test:0.4438/best:0.4831
[I 2026-09-12 14:46:08,157 ignn.models.IGNN:215] epoch:193/best:161, loss:1.0290, train:0.6932, valid:0.4947/best:0.5298, test:0.4438/best:0.4831
[I 2026-09-12 14:46:08,172 ignn.models.IGNN:215] epoch:194/best:161, loss:0.9739, train:0.7002, valid:0.4982/best:0.5298, test:0.4438/best:0.4831
[I 2026-09-12 14:46:08,188 ignn.models.IGNN:215] epoch:195/best:161, loss:1.0259, train:0.7073, valid:0.5018/best:0.5298, test:0.4382/best:0.4831
[I 2026-09-12 14:46:08,203 ignn.models.IGNN:215] epoch:196/best:161, loss:0.9993, train:0.7073, valid:0.4877/best:0.5298, test:0.4382/best:0.4831
[I 2026-09-12 14:46:08,219 ignn.models.IGNN:215] epoch:197/best:161, loss:0.9976, train:0.7096, valid:0.4947/best:0.5298, test:0.4438/best:0.4831
[I 2026-09-12 14:46:08,235 ignn.models.IGNN:215] epoch:198/best:161, loss:1.0357, train:0.7213, valid:0.4912/best:0.5298, test:0.4551/best:0.4831
[I 2026-09-12 14:46:08,251 ignn.models.IGNN:215] epoch:199/best:161, loss:0.9848, train:0.7096, valid:0.4877/best:0.5298, test:0.4663/best:0.4831
[I 2026-09-12 14:46:08,266 ignn.models.IGNN:215] epoch:200/best:161, loss:1.0120, train:0.7143, valid:0.4807/best:0.5298, test:0.4663/best:0.4831
[I 2026-09-12 14:46:08,282 ignn.models.IGNN:215] epoch:201/best:161, loss:0.9883, train:0.7307, valid:0.5053/best:0.5298, test:0.4775/best:0.4831
[I 2026-09-12 14:46:08,297 ignn.models.IGNN:215] epoch:202/best:161, loss:1.0393, train:0.7237, valid:0.5158/best:0.5298, test:0.4888/best:0.4831
[I 2026-09-12 14:46:08,313 ignn.models.IGNN:215] epoch:203/best:161, loss:1.0272, train:0.7190, valid:0.5263/best:0.5298, test:0.4831/best:0.4831
[I 2026-09-12 14:46:08,328 ignn.models.IGNN:215] epoch:204/best:161, loss:1.0056, train:0.7237, valid:0.5158/best:0.5298, test:0.4663/best:0.4831
[I 2026-09-12 14:46:08,343 ignn.models.IGNN:215] epoch:205/best:161, loss:0.9938, train:0.7190, valid:0.5018/best:0.5298, test:0.4607/best:0.4831
[I 2026-09-12 14:46:08,359 ignn.models.IGNN:215] epoch:206/best:161, loss:0.9903, train:0.7119, valid:0.5018/best:0.5298, test:0.4494/best:0.4831
[I 2026-09-12 14:46:08,374 ignn.models.IGNN:215] epoch:207/best:161, loss:1.0027, train:0.7119, valid:0.4982/best:0.5298, test:0.4326/best:0.4831
[I 2026-09-12 14:46:08,389 ignn.models.IGNN:215] epoch:208/best:161, loss:1.0048, train:0.7143, valid:0.4842/best:0.5298, test:0.4326/best:0.4831
[I 2026-09-12 14:46:08,404 ignn.models.IGNN:215] epoch:209/best:161, loss:0.9609, train:0.7096, valid:0.4807/best:0.5298, test:0.4551/best:0.4831
[I 2026-09-12 14:46:08,420 ignn.models.IGNN:215] epoch:210/best:161, loss:1.0358, train:0.7026, valid:0.4842/best:0.5298, test:0.4494/best:0.4831
[I 2026-09-12 14:46:08,435 ignn.models.IGNN:215] epoch:211/best:161, loss:0.9995, train:0.7143, valid:0.4772/best:0.5298, test:0.4494/best:0.4831
[I 2026-09-12 14:46:08,435 ignn.models.IGNN:222] Early Stopping! Best Epoch: 161, best val acc: 0.5298, test acc: 0.4831
[I 2026-09-12 14:46:08,436 ignn.models.IGNN:234] 10 epoch cost: 0.1594s.
[I 2026-09-12 14:46:08,443 __main__:210] chameleon_critical 6 res: 0.48314606741573035


[I 2026-09-12 14:46:08,468 ignn.models.IGNN:215] epoch:0/best:0, loss:1.6117, train:0.2342, valid:0.2526/best:0.2526, test:0.2079/best:0.2079
[I 2026-09-12 14:46:08,484 ignn.models.IGNN:215] epoch:1/best:1, loss:1.6078, train:0.2342, valid:0.2526/best:0.2526, test:0.2079/best:0.2079
[I 2026-09-12 14:46:08,501 ignn.models.IGNN:215] epoch:2/best:2, loss:1.6050, train:0.2342, valid:0.2526/best:0.2526, test:0.2079/best:0.2079
[I 2026-09-12 14:46:08,517 ignn.models.IGNN:215] epoch:3/best:3, loss:1.5998, train:0.2342, valid:0.2526/best:0.2526, test:0.2079/best:0.2079
[I 2026-09-12 14:46:08,534 ignn.models.IGNN:215] epoch:4/best:4, loss:1.5989, train:0.3232, valid:0.2842/best:0.2842, test:0.2416/best:0.2416
[I 2026-09-12 14:46:08,549 ignn.models.IGNN:215] epoch:5/best:4, loss:1.5992, train:0.2810, valid:0.2737/best:0.2842, test:0.2472/best:0.2416
[I 2026-09-12 14:46:08,564 ignn.models.IGNN:215] epoch:6/best:4, loss:1.5947, train:0.2810, valid:0.2737/best:0.2842, test:0.2472/best:0.2416
[I 2026-09-12 14:46:08,580 ignn.models.IGNN:215] epoch:7/best:4, loss:1.5934, train:0.2810, valid:0.2737/best:0.2842, test:0.2472/best:0.2416
[I 2026-09-12 14:46:08,595 ignn.models.IGNN:215] epoch:8/best:4, loss:1.5885, train:0.2810, valid:0.2737/best:0.2842, test:0.2472/best:0.2416
[I 2026-09-12 14:46:08,610 ignn.models.IGNN:215] epoch:9/best:4, loss:1.5886, train:0.2810, valid:0.2737/best:0.2842, test:0.2472/best:0.2416
[I 2026-09-12 14:46:08,625 ignn.models.IGNN:215] epoch:10/best:4, loss:1.5904, train:0.2810, valid:0.2737/best:0.2842, test:0.2472/best:0.2416
[I 2026-09-12 14:46:08,641 ignn.models.IGNN:215] epoch:11/best:4, loss:1.5880, train:0.2810, valid:0.2737/best:0.2842, test:0.2472/best:0.2416
[I 2026-09-12 14:46:08,656 ignn.models.IGNN:215] epoch:12/best:4, loss:1.5868, train:0.2810, valid:0.2737/best:0.2842, test:0.2472/best:0.2416
[I 2026-09-12 14:46:08,671 ignn.models.IGNN:215] epoch:13/best:4, loss:1.5806, train:0.2810, valid:0.2737/best:0.2842, test:0.2472/best:0.2416
[I 2026-09-12 14:46:08,687 ignn.models.IGNN:215] epoch:14/best:4, loss:1.5864, train:0.2810, valid:0.2737/best:0.2842, test:0.2472/best:0.2416
[I 2026-09-12 14:46:08,702 ignn.models.IGNN:215] epoch:15/best:4, loss:1.5840, train:0.2810, valid:0.2737/best:0.2842, test:0.2472/best:0.2416
[I 2026-09-12 14:46:08,717 ignn.models.IGNN:215] epoch:16/best:4, loss:1.5798, train:0.2810, valid:0.2737/best:0.2842, test:0.2472/best:0.2416
[I 2026-09-12 14:46:08,733 ignn.models.IGNN:215] epoch:17/best:4, loss:1.5845, train:0.2810, valid:0.2737/best:0.2842, test:0.2472/best:0.2416
[I 2026-09-12 14:46:08,749 ignn.models.IGNN:215] epoch:18/best:4, loss:1.5755, train:0.2810, valid:0.2737/best:0.2842, test:0.2472/best:0.2416
[I 2026-09-12 14:46:08,764 ignn.models.IGNN:215] epoch:19/best:4, loss:1.5790, train:0.2810, valid:0.2737/best:0.2842, test:0.2472/best:0.2416
[I 2026-09-12 14:46:08,779 ignn.models.IGNN:215] epoch:20/best:4, loss:1.5748, train:0.2810, valid:0.2737/best:0.2842, test:0.2472/best:0.2416
[I 2026-09-12 14:46:08,795 ignn.models.IGNN:215] epoch:21/best:4, loss:1.5750, train:0.2810, valid:0.2737/best:0.2842, test:0.2472/best:0.2416
[I 2026-09-12 14:46:08,810 ignn.models.IGNN:215] epoch:22/best:4, loss:1.5699, train:0.2810, valid:0.2737/best:0.2842, test:0.2472/best:0.2416
[I 2026-09-12 14:46:08,825 ignn.models.IGNN:215] epoch:23/best:4, loss:1.5699, train:0.2834, valid:0.2702/best:0.2842, test:0.2472/best:0.2416
[I 2026-09-12 14:46:08,841 ignn.models.IGNN:215] epoch:24/best:4, loss:1.5716, train:0.2857, valid:0.2702/best:0.2842, test:0.2472/best:0.2416
[I 2026-09-12 14:46:08,857 ignn.models.IGNN:215] epoch:25/best:4, loss:1.5662, train:0.2857, valid:0.2772/best:0.2842, test:0.2472/best:0.2416
[I 2026-09-12 14:46:08,873 ignn.models.IGNN:215] epoch:26/best:4, loss:1.5656, train:0.2834, valid:0.2772/best:0.2842, test:0.2472/best:0.2416
[I 2026-09-12 14:46:08,889 ignn.models.IGNN:215] epoch:27/best:4, loss:1.5612, train:0.2810, valid:0.2772/best:0.2842, test:0.2528/best:0.2416
[I 2026-09-12 14:46:08,906 ignn.models.IGNN:215] epoch:28/best:4, loss:1.5617, train:0.2810, valid:0.2772/best:0.2842, test:0.2528/best:0.2416
[I 2026-09-12 14:46:08,922 ignn.models.IGNN:215] epoch:29/best:4, loss:1.5652, train:0.2857, valid:0.2772/best:0.2842, test:0.2472/best:0.2416
[I 2026-09-12 14:46:08,939 ignn.models.IGNN:215] epoch:30/best:30, loss:1.5584, train:0.2881, valid:0.2842/best:0.2842, test:0.2472/best:0.2472
[I 2026-09-12 14:46:08,956 ignn.models.IGNN:215] epoch:31/best:31, loss:1.5517, train:0.2927, valid:0.2912/best:0.2912, test:0.2472/best:0.2472
[I 2026-09-12 14:46:08,973 ignn.models.IGNN:215] epoch:32/best:32, loss:1.5470, train:0.2927, valid:0.2982/best:0.2982, test:0.2584/best:0.2584
[I 2026-09-12 14:46:08,990 ignn.models.IGNN:215] epoch:33/best:33, loss:1.5462, train:0.2951, valid:0.3018/best:0.3018, test:0.2640/best:0.2640
[I 2026-09-12 14:46:09,007 ignn.models.IGNN:215] epoch:34/best:34, loss:1.5411, train:0.3044, valid:0.3123/best:0.3123, test:0.2640/best:0.2640
[I 2026-09-12 14:46:09,024 ignn.models.IGNN:215] epoch:35/best:35, loss:1.5412, train:0.3115, valid:0.3193/best:0.3193, test:0.2809/best:0.2809
[I 2026-09-12 14:46:09,041 ignn.models.IGNN:215] epoch:36/best:36, loss:1.5358, train:0.3162, valid:0.3368/best:0.3368, test:0.2809/best:0.2809
[I 2026-09-12 14:46:09,057 ignn.models.IGNN:215] epoch:37/best:37, loss:1.5412, train:0.3279, valid:0.3509/best:0.3509, test:0.2753/best:0.2753
[I 2026-09-12 14:46:09,072 ignn.models.IGNN:215] epoch:38/best:37, loss:1.5316, train:0.3349, valid:0.3439/best:0.3509, test:0.2809/best:0.2753
[I 2026-09-12 14:46:09,089 ignn.models.IGNN:215] epoch:39/best:39, loss:1.5245, train:0.3372, valid:0.3544/best:0.3544, test:0.2865/best:0.2865
[I 2026-09-12 14:46:09,106 ignn.models.IGNN:215] epoch:40/best:40, loss:1.5153, train:0.3466, valid:0.3684/best:0.3684, test:0.3090/best:0.3090
[I 2026-09-12 14:46:09,121 ignn.models.IGNN:215] epoch:41/best:40, loss:1.5172, train:0.3349, valid:0.3649/best:0.3684, test:0.2978/best:0.3090
[I 2026-09-12 14:46:09,136 ignn.models.IGNN:215] epoch:42/best:40, loss:1.5155, train:0.3326, valid:0.3614/best:0.3684, test:0.2921/best:0.3090
[I 2026-09-12 14:46:09,152 ignn.models.IGNN:215] epoch:43/best:43, loss:1.5116, train:0.3349, valid:0.3684/best:0.3684, test:0.2865/best:0.2865
[I 2026-09-12 14:46:09,169 ignn.models.IGNN:215] epoch:44/best:44, loss:1.5106, train:0.3396, valid:0.3789/best:0.3789, test:0.2865/best:0.2865
[I 2026-09-12 14:46:09,186 ignn.models.IGNN:215] epoch:45/best:45, loss:1.4881, train:0.3489, valid:0.3930/best:0.3930, test:0.2921/best:0.2921
[I 2026-09-12 14:46:09,202 ignn.models.IGNN:215] epoch:46/best:46, loss:1.4960, train:0.3536, valid:0.4000/best:0.4000, test:0.2865/best:0.2865
[I 2026-09-12 14:46:09,219 ignn.models.IGNN:215] epoch:47/best:47, loss:1.5007, train:0.3513, valid:0.4035/best:0.4035, test:0.2865/best:0.2865
[I 2026-09-12 14:46:09,236 ignn.models.IGNN:215] epoch:48/best:48, loss:1.4787, train:0.3653, valid:0.4105/best:0.4105, test:0.2809/best:0.2809
[I 2026-09-12 14:46:09,253 ignn.models.IGNN:215] epoch:49/best:49, loss:1.4879, train:0.3630, valid:0.4140/best:0.4140, test:0.2809/best:0.2809
[I 2026-09-12 14:46:09,270 ignn.models.IGNN:215] epoch:50/best:50, loss:1.4680, train:0.3724, valid:0.4211/best:0.4211, test:0.2921/best:0.2921
[I 2026-09-12 14:46:09,285 ignn.models.IGNN:215] epoch:51/best:50, loss:1.4663, train:0.3700, valid:0.4175/best:0.4211, test:0.2978/best:0.2921
[I 2026-09-12 14:46:09,300 ignn.models.IGNN:215] epoch:52/best:50, loss:1.4721, train:0.3747, valid:0.4175/best:0.4211, test:0.2921/best:0.2921
[I 2026-09-12 14:46:09,316 ignn.models.IGNN:215] epoch:53/best:50, loss:1.4683, train:0.3700, valid:0.4175/best:0.4211, test:0.2921/best:0.2921
[I 2026-09-12 14:46:09,332 ignn.models.IGNN:215] epoch:54/best:54, loss:1.4663, train:0.3700, valid:0.4211/best:0.4211, test:0.3090/best:0.3090
[I 2026-09-12 14:46:09,349 ignn.models.IGNN:215] epoch:55/best:55, loss:1.4535, train:0.3770, valid:0.4351/best:0.4351, test:0.3146/best:0.3146
[I 2026-09-12 14:46:09,364 ignn.models.IGNN:215] epoch:56/best:55, loss:1.4621, train:0.3841, valid:0.4316/best:0.4351, test:0.3202/best:0.3146
[I 2026-09-12 14:46:09,381 ignn.models.IGNN:215] epoch:57/best:57, loss:1.4357, train:0.3841, valid:0.4351/best:0.4351, test:0.3258/best:0.3258
[I 2026-09-12 14:46:09,397 ignn.models.IGNN:215] epoch:58/best:58, loss:1.4408, train:0.3958, valid:0.4351/best:0.4351, test:0.3315/best:0.3315
[I 2026-09-12 14:46:09,414 ignn.models.IGNN:215] epoch:59/best:59, loss:1.4307, train:0.4005, valid:0.4386/best:0.4386, test:0.3315/best:0.3315
[I 2026-09-12 14:46:09,431 ignn.models.IGNN:215] epoch:60/best:60, loss:1.4310, train:0.4052, valid:0.4386/best:0.4386, test:0.3315/best:0.3315
[I 2026-09-12 14:46:09,448 ignn.models.IGNN:215] epoch:61/best:61, loss:1.4128, train:0.4098, valid:0.4491/best:0.4491, test:0.3315/best:0.3315
[I 2026-09-12 14:46:09,464 ignn.models.IGNN:215] epoch:62/best:62, loss:1.4434, train:0.4169, valid:0.4491/best:0.4491, test:0.3371/best:0.3371
[I 2026-09-12 14:46:09,481 ignn.models.IGNN:215] epoch:63/best:63, loss:1.4169, train:0.4239, valid:0.4526/best:0.4526, test:0.3427/best:0.3427
[I 2026-09-12 14:46:09,499 ignn.models.IGNN:215] epoch:64/best:64, loss:1.4240, train:0.4192, valid:0.4561/best:0.4561, test:0.3371/best:0.3371
[I 2026-09-12 14:46:09,518 ignn.models.IGNN:215] epoch:65/best:65, loss:1.4051, train:0.4239, valid:0.4561/best:0.4561, test:0.3427/best:0.3427
[I 2026-09-12 14:46:09,537 ignn.models.IGNN:215] epoch:66/best:66, loss:1.3943, train:0.4309, valid:0.4561/best:0.4561, test:0.3483/best:0.3483
[I 2026-09-12 14:46:09,555 ignn.models.IGNN:215] epoch:67/best:67, loss:1.3841, train:0.4309, valid:0.4596/best:0.4596, test:0.3483/best:0.3483
[I 2026-09-12 14:46:09,570 ignn.models.IGNN:215] epoch:68/best:67, loss:1.3435, train:0.4379, valid:0.4561/best:0.4596, test:0.3315/best:0.3483
[I 2026-09-12 14:46:09,586 ignn.models.IGNN:215] epoch:69/best:67, loss:1.3643, train:0.4403, valid:0.4526/best:0.4596, test:0.3371/best:0.3483
[I 2026-09-12 14:46:09,601 ignn.models.IGNN:215] epoch:70/best:67, loss:1.3392, train:0.4333, valid:0.4561/best:0.4596, test:0.3371/best:0.3483
[I 2026-09-12 14:46:09,618 ignn.models.IGNN:215] epoch:71/best:71, loss:1.3137, train:0.4473, valid:0.4667/best:0.4667, test:0.3483/best:0.3483
[I 2026-09-12 14:46:09,635 ignn.models.IGNN:215] epoch:72/best:72, loss:1.2935, train:0.4450, valid:0.4702/best:0.4702, test:0.3483/best:0.3483
[I 2026-09-12 14:46:09,652 ignn.models.IGNN:215] epoch:73/best:73, loss:1.3143, train:0.4426, valid:0.4772/best:0.4772, test:0.3483/best:0.3483
[I 2026-09-12 14:46:09,669 ignn.models.IGNN:215] epoch:74/best:74, loss:1.3063, train:0.4590, valid:0.4772/best:0.4772, test:0.3371/best:0.3371
[I 2026-09-12 14:46:09,686 ignn.models.IGNN:215] epoch:75/best:75, loss:1.2991, train:0.4637, valid:0.4772/best:0.4772, test:0.3427/best:0.3427
[I 2026-09-12 14:46:09,703 ignn.models.IGNN:215] epoch:76/best:76, loss:1.2963, train:0.4567, valid:0.4842/best:0.4842, test:0.3427/best:0.3427
[I 2026-09-12 14:46:09,720 ignn.models.IGNN:215] epoch:77/best:77, loss:1.2775, train:0.4614, valid:0.4982/best:0.4982, test:0.3371/best:0.3371
[I 2026-09-12 14:46:09,736 ignn.models.IGNN:215] epoch:78/best:78, loss:1.2708, train:0.4590, valid:0.4982/best:0.4982, test:0.3371/best:0.3371
[I 2026-09-12 14:46:09,752 ignn.models.IGNN:215] epoch:79/best:78, loss:1.3030, train:0.4614, valid:0.4877/best:0.4982, test:0.3539/best:0.3371
[I 2026-09-12 14:46:09,768 ignn.models.IGNN:215] epoch:80/best:78, loss:1.2558, train:0.4754, valid:0.4807/best:0.4982, test:0.3652/best:0.3371
[I 2026-09-12 14:46:09,783 ignn.models.IGNN:215] epoch:81/best:78, loss:1.2367, train:0.4848, valid:0.4877/best:0.4982, test:0.3708/best:0.3371
[I 2026-09-12 14:46:09,798 ignn.models.IGNN:215] epoch:82/best:78, loss:1.2277, train:0.4871, valid:0.4842/best:0.4982, test:0.3989/best:0.3371
[I 2026-09-12 14:46:09,813 ignn.models.IGNN:215] epoch:83/best:78, loss:1.2371, train:0.4918, valid:0.4842/best:0.4982, test:0.3989/best:0.3371
[I 2026-09-12 14:46:09,829 ignn.models.IGNN:215] epoch:84/best:78, loss:1.2294, train:0.4824, valid:0.4702/best:0.4982, test:0.3933/best:0.3371
[I 2026-09-12 14:46:09,844 ignn.models.IGNN:215] epoch:85/best:78, loss:1.2308, train:0.4895, valid:0.4632/best:0.4982, test:0.3820/best:0.3371
[I 2026-09-12 14:46:09,859 ignn.models.IGNN:215] epoch:86/best:78, loss:1.2084, train:0.4895, valid:0.4596/best:0.4982, test:0.4045/best:0.3371
[I 2026-09-12 14:46:09,874 ignn.models.IGNN:215] epoch:87/best:78, loss:1.2020, train:0.4988, valid:0.4772/best:0.4982, test:0.4045/best:0.3371
[I 2026-09-12 14:46:09,890 ignn.models.IGNN:215] epoch:88/best:78, loss:1.2249, train:0.5059, valid:0.4912/best:0.4982, test:0.4045/best:0.3371
[I 2026-09-12 14:46:09,905 ignn.models.IGNN:215] epoch:89/best:78, loss:1.1830, train:0.5012, valid:0.4877/best:0.4982, test:0.4157/best:0.3371
[I 2026-09-12 14:46:09,920 ignn.models.IGNN:215] epoch:90/best:78, loss:1.1934, train:0.5035, valid:0.4842/best:0.4982, test:0.4045/best:0.3371
[I 2026-09-12 14:46:09,936 ignn.models.IGNN:215] epoch:91/best:78, loss:1.2023, train:0.5012, valid:0.4947/best:0.4982, test:0.4101/best:0.3371
[I 2026-09-12 14:46:09,952 ignn.models.IGNN:215] epoch:92/best:92, loss:1.1643, train:0.5293, valid:0.4982/best:0.4982, test:0.4045/best:0.4045
[I 2026-09-12 14:46:09,969 ignn.models.IGNN:215] epoch:93/best:93, loss:1.1831, train:0.5316, valid:0.5158/best:0.5158, test:0.4101/best:0.4101
[I 2026-09-12 14:46:09,985 ignn.models.IGNN:215] epoch:94/best:94, loss:1.1895, train:0.5433, valid:0.5193/best:0.5193, test:0.4101/best:0.4101
[I 2026-09-12 14:46:10,002 ignn.models.IGNN:215] epoch:95/best:95, loss:1.1631, train:0.5457, valid:0.5228/best:0.5228, test:0.4045/best:0.4045
[I 2026-09-12 14:46:10,019 ignn.models.IGNN:215] epoch:96/best:96, loss:1.1937, train:0.5527, valid:0.5333/best:0.5333, test:0.4157/best:0.4157
[I 2026-09-12 14:46:10,034 ignn.models.IGNN:215] epoch:97/best:96, loss:1.1544, train:0.5667, valid:0.5228/best:0.5333, test:0.4213/best:0.4157
[I 2026-09-12 14:46:10,049 ignn.models.IGNN:215] epoch:98/best:96, loss:1.1604, train:0.5808, valid:0.5228/best:0.5333, test:0.4438/best:0.4157
[I 2026-09-12 14:46:10,066 ignn.models.IGNN:215] epoch:99/best:99, loss:1.1846, train:0.5855, valid:0.5439/best:0.5439, test:0.4438/best:0.4438
[I 2026-09-12 14:46:10,081 ignn.models.IGNN:215] epoch:100/best:99, loss:1.1419, train:0.5925, valid:0.5333/best:0.5439, test:0.4382/best:0.4438
[I 2026-09-12 14:46:10,096 ignn.models.IGNN:215] epoch:101/best:99, loss:1.1485, train:0.5878, valid:0.5404/best:0.5439, test:0.4382/best:0.4438
[I 2026-09-12 14:46:10,111 ignn.models.IGNN:215] epoch:102/best:99, loss:1.1411, train:0.5785, valid:0.5368/best:0.5439, test:0.4382/best:0.4438
[I 2026-09-12 14:46:10,127 ignn.models.IGNN:215] epoch:103/best:99, loss:1.1739, train:0.5808, valid:0.5263/best:0.5439, test:0.4382/best:0.4438
[I 2026-09-12 14:46:10,142 ignn.models.IGNN:215] epoch:104/best:99, loss:1.1715, train:0.5738, valid:0.5298/best:0.5439, test:0.4438/best:0.4438
[I 2026-09-12 14:46:10,157 ignn.models.IGNN:215] epoch:105/best:99, loss:1.1916, train:0.5785, valid:0.5228/best:0.5439, test:0.4494/best:0.4438
[I 2026-09-12 14:46:10,173 ignn.models.IGNN:215] epoch:106/best:99, loss:1.1344, train:0.5738, valid:0.5228/best:0.5439, test:0.4551/best:0.4438
[I 2026-09-12 14:46:10,188 ignn.models.IGNN:215] epoch:107/best:99, loss:1.1638, train:0.5831, valid:0.5228/best:0.5439, test:0.4494/best:0.4438
[I 2026-09-12 14:46:10,204 ignn.models.IGNN:215] epoch:108/best:99, loss:1.0746, train:0.5948, valid:0.5404/best:0.5439, test:0.4382/best:0.4438
[I 2026-09-12 14:46:10,219 ignn.models.IGNN:215] epoch:109/best:99, loss:1.1503, train:0.5948, valid:0.5228/best:0.5439, test:0.4326/best:0.4438
[I 2026-09-12 14:46:10,234 ignn.models.IGNN:215] epoch:110/best:99, loss:1.1763, train:0.5855, valid:0.5298/best:0.5439, test:0.4326/best:0.4438
[I 2026-09-12 14:46:10,250 ignn.models.IGNN:215] epoch:111/best:99, loss:1.1252, train:0.5855, valid:0.5298/best:0.5439, test:0.4270/best:0.4438
[I 2026-09-12 14:46:10,265 ignn.models.IGNN:215] epoch:112/best:99, loss:1.1875, train:0.5878, valid:0.5368/best:0.5439, test:0.4270/best:0.4438
[I 2026-09-12 14:46:10,282 ignn.models.IGNN:215] epoch:113/best:113, loss:1.1188, train:0.5902, valid:0.5544/best:0.5544, test:0.4382/best:0.4382
[I 2026-09-12 14:46:10,299 ignn.models.IGNN:215] epoch:114/best:114, loss:1.1073, train:0.5902, valid:0.5579/best:0.5579, test:0.4438/best:0.4438
[I 2026-09-12 14:46:10,314 ignn.models.IGNN:215] epoch:115/best:114, loss:1.1179, train:0.6019, valid:0.5368/best:0.5579, test:0.4551/best:0.4438
[I 2026-09-12 14:46:10,329 ignn.models.IGNN:215] epoch:116/best:114, loss:1.1182, train:0.6183, valid:0.5368/best:0.5579, test:0.4551/best:0.4438
[I 2026-09-12 14:46:10,345 ignn.models.IGNN:215] epoch:117/best:114, loss:1.0797, train:0.6089, valid:0.5333/best:0.5579, test:0.4213/best:0.4438
[I 2026-09-12 14:46:10,360 ignn.models.IGNN:215] epoch:118/best:114, loss:1.1388, train:0.5878, valid:0.5193/best:0.5579, test:0.4326/best:0.4438
[I 2026-09-12 14:46:10,375 ignn.models.IGNN:215] epoch:119/best:114, loss:1.1464, train:0.5995, valid:0.5263/best:0.5579, test:0.4494/best:0.4438
[I 2026-09-12 14:46:10,390 ignn.models.IGNN:215] epoch:120/best:114, loss:1.1020, train:0.6136, valid:0.5474/best:0.5579, test:0.4270/best:0.4438
[I 2026-09-12 14:46:10,406 ignn.models.IGNN:215] epoch:121/best:114, loss:1.1313, train:0.6230, valid:0.5404/best:0.5579, test:0.4270/best:0.4438
[I 2026-09-12 14:46:10,421 ignn.models.IGNN:215] epoch:122/best:114, loss:1.0941, train:0.6230, valid:0.5474/best:0.5579, test:0.4382/best:0.4438
[I 2026-09-12 14:46:10,436 ignn.models.IGNN:215] epoch:123/best:114, loss:1.1299, train:0.6230, valid:0.5158/best:0.5579, test:0.4157/best:0.4438
[I 2026-09-12 14:46:10,451 ignn.models.IGNN:215] epoch:124/best:114, loss:1.1166, train:0.6300, valid:0.5123/best:0.5579, test:0.4157/best:0.4438
[I 2026-09-12 14:46:10,467 ignn.models.IGNN:215] epoch:125/best:114, loss:1.0764, train:0.6253, valid:0.5228/best:0.5579, test:0.4101/best:0.4438
[I 2026-09-12 14:46:10,482 ignn.models.IGNN:215] epoch:126/best:114, loss:1.1268, train:0.6300, valid:0.5333/best:0.5579, test:0.4157/best:0.4438
[I 2026-09-12 14:46:10,497 ignn.models.IGNN:215] epoch:127/best:114, loss:1.1022, train:0.6206, valid:0.5193/best:0.5579, test:0.4270/best:0.4438
[I 2026-09-12 14:46:10,512 ignn.models.IGNN:215] epoch:128/best:114, loss:1.0418, train:0.6136, valid:0.5088/best:0.5579, test:0.4270/best:0.4438
[I 2026-09-12 14:46:10,527 ignn.models.IGNN:215] epoch:129/best:114, loss:1.1339, train:0.6136, valid:0.5193/best:0.5579, test:0.4326/best:0.4438
[I 2026-09-12 14:46:10,543 ignn.models.IGNN:215] epoch:130/best:114, loss:1.0689, train:0.6276, valid:0.5263/best:0.5579, test:0.4213/best:0.4438
[I 2026-09-12 14:46:10,558 ignn.models.IGNN:215] epoch:131/best:114, loss:1.0900, train:0.6323, valid:0.5368/best:0.5579, test:0.4326/best:0.4438
[I 2026-09-12 14:46:10,573 ignn.models.IGNN:215] epoch:132/best:114, loss:1.0890, train:0.6417, valid:0.5333/best:0.5579, test:0.4382/best:0.4438
[I 2026-09-12 14:46:10,588 ignn.models.IGNN:215] epoch:133/best:114, loss:1.1126, train:0.6511, valid:0.5544/best:0.5579, test:0.4270/best:0.4438
[I 2026-09-12 14:46:10,604 ignn.models.IGNN:215] epoch:134/best:114, loss:1.1008, train:0.6581, valid:0.5404/best:0.5579, test:0.4607/best:0.4438
[I 2026-09-12 14:46:10,619 ignn.models.IGNN:215] epoch:135/best:114, loss:1.0679, train:0.6464, valid:0.5544/best:0.5579, test:0.4438/best:0.4438
[I 2026-09-12 14:46:10,634 ignn.models.IGNN:215] epoch:136/best:114, loss:1.0992, train:0.6628, valid:0.5368/best:0.5579, test:0.4438/best:0.4438
[I 2026-09-12 14:46:10,649 ignn.models.IGNN:215] epoch:137/best:114, loss:1.0623, train:0.6557, valid:0.5404/best:0.5579, test:0.4551/best:0.4438
[I 2026-09-12 14:46:10,665 ignn.models.IGNN:215] epoch:138/best:114, loss:1.1121, train:0.6604, valid:0.5509/best:0.5579, test:0.4438/best:0.4438
[I 2026-09-12 14:46:10,680 ignn.models.IGNN:215] epoch:139/best:114, loss:1.0200, train:0.6581, valid:0.5263/best:0.5579, test:0.4438/best:0.4438
[I 2026-09-12 14:46:10,695 ignn.models.IGNN:215] epoch:140/best:114, loss:1.0487, train:0.6721, valid:0.5228/best:0.5579, test:0.4494/best:0.4438
[I 2026-09-12 14:46:10,710 ignn.models.IGNN:215] epoch:141/best:114, loss:1.1121, train:0.6768, valid:0.5404/best:0.5579, test:0.4438/best:0.4438
[I 2026-09-12 14:46:10,726 ignn.models.IGNN:215] epoch:142/best:114, loss:1.0647, train:0.6768, valid:0.5263/best:0.5579, test:0.4438/best:0.4438
[I 2026-09-12 14:46:10,741 ignn.models.IGNN:215] epoch:143/best:114, loss:1.0757, train:0.6862, valid:0.5368/best:0.5579, test:0.4494/best:0.4438
[I 2026-09-12 14:46:10,756 ignn.models.IGNN:215] epoch:144/best:114, loss:1.0166, train:0.6745, valid:0.5368/best:0.5579, test:0.4494/best:0.4438
[I 2026-09-12 14:46:10,772 ignn.models.IGNN:215] epoch:145/best:114, loss:1.0542, train:0.6721, valid:0.5368/best:0.5579, test:0.4494/best:0.4438
[I 2026-09-12 14:46:10,787 ignn.models.IGNN:215] epoch:146/best:114, loss:1.0456, train:0.6721, valid:0.5439/best:0.5579, test:0.4438/best:0.4438
[I 2026-09-12 14:46:10,802 ignn.models.IGNN:215] epoch:147/best:114, loss:1.1020, train:0.6768, valid:0.5439/best:0.5579, test:0.4382/best:0.4438
[I 2026-09-12 14:46:10,818 ignn.models.IGNN:215] epoch:148/best:114, loss:1.0435, train:0.6745, valid:0.5474/best:0.5579, test:0.4438/best:0.4438
[I 2026-09-12 14:46:10,833 ignn.models.IGNN:215] epoch:149/best:114, loss:1.0569, train:0.6745, valid:0.5474/best:0.5579, test:0.4438/best:0.4438
[I 2026-09-12 14:46:10,848 ignn.models.IGNN:215] epoch:150/best:114, loss:1.0599, train:0.6768, valid:0.5474/best:0.5579, test:0.4494/best:0.4438
[I 2026-09-12 14:46:10,864 ignn.models.IGNN:215] epoch:151/best:114, loss:1.0474, train:0.6862, valid:0.5509/best:0.5579, test:0.4438/best:0.4438
[I 2026-09-12 14:46:10,879 ignn.models.IGNN:215] epoch:152/best:114, loss:1.0522, train:0.6745, valid:0.5368/best:0.5579, test:0.4213/best:0.4438
[I 2026-09-12 14:46:10,894 ignn.models.IGNN:215] epoch:153/best:114, loss:1.0681, train:0.6698, valid:0.5228/best:0.5579, test:0.4270/best:0.4438
[I 2026-09-12 14:46:10,910 ignn.models.IGNN:215] epoch:154/best:114, loss:1.0551, train:0.6792, valid:0.5158/best:0.5579, test:0.4494/best:0.4438
[I 2026-09-12 14:46:10,927 ignn.models.IGNN:215] epoch:155/best:114, loss:1.0844, train:0.6768, valid:0.5228/best:0.5579, test:0.4438/best:0.4438
[I 2026-09-12 14:46:10,943 ignn.models.IGNN:215] epoch:156/best:114, loss:1.0636, train:0.6792, valid:0.5193/best:0.5579, test:0.4494/best:0.4438
[I 2026-09-12 14:46:10,959 ignn.models.IGNN:215] epoch:157/best:114, loss:1.0345, train:0.6909, valid:0.5193/best:0.5579, test:0.4382/best:0.4438
[I 2026-09-12 14:46:10,975 ignn.models.IGNN:215] epoch:158/best:114, loss:1.0207, train:0.6909, valid:0.5368/best:0.5579, test:0.4270/best:0.4438
[I 2026-09-12 14:46:10,990 ignn.models.IGNN:215] epoch:159/best:114, loss:1.0493, train:0.6909, valid:0.5193/best:0.5579, test:0.4157/best:0.4438
[I 2026-09-12 14:46:11,006 ignn.models.IGNN:215] epoch:160/best:114, loss:1.0328, train:0.6885, valid:0.5298/best:0.5579, test:0.4213/best:0.4438
[I 2026-09-12 14:46:11,021 ignn.models.IGNN:215] epoch:161/best:114, loss:1.0278, train:0.6792, valid:0.5158/best:0.5579, test:0.4326/best:0.4438
[I 2026-09-12 14:46:11,037 ignn.models.IGNN:215] epoch:162/best:114, loss:1.0429, train:0.6745, valid:0.5088/best:0.5579, test:0.4326/best:0.4438
[I 2026-09-12 14:46:11,052 ignn.models.IGNN:215] epoch:163/best:114, loss:1.0113, train:0.6838, valid:0.5053/best:0.5579, test:0.4157/best:0.4438
[I 2026-09-12 14:46:11,068 ignn.models.IGNN:215] epoch:164/best:114, loss:1.0037, train:0.6838, valid:0.5123/best:0.5579, test:0.4157/best:0.4438
[I 2026-09-12 14:46:11,068 ignn.models.IGNN:222] Early Stopping! Best Epoch: 114, best val acc: 0.5579, test acc: 0.4438
[I 2026-09-12 14:46:11,069 ignn.models.IGNN:234] 10 epoch cost: 0.1597s.
[I 2026-09-12 14:46:11,076 __main__:210] chameleon_critical 7 res: 0.4438202247191011


[I 2026-09-12 14:46:11,101 ignn.models.IGNN:215] epoch:0/best:0, loss:1.6125, train:0.2834, valid:0.2561/best:0.2561, test:0.2697/best:0.2697
[I 2026-09-12 14:46:11,118 ignn.models.IGNN:215] epoch:1/best:1, loss:1.6074, train:0.2834, valid:0.2561/best:0.2561, test:0.2697/best:0.2697
[I 2026-09-12 14:46:11,135 ignn.models.IGNN:215] epoch:2/best:2, loss:1.6021, train:0.2834, valid:0.2561/best:0.2561, test:0.2697/best:0.2697
[I 2026-09-12 14:46:11,151 ignn.models.IGNN:215] epoch:3/best:3, loss:1.6016, train:0.2834, valid:0.2561/best:0.2561, test:0.2697/best:0.2697
[I 2026-09-12 14:46:11,169 ignn.models.IGNN:215] epoch:4/best:4, loss:1.5970, train:0.2834, valid:0.2561/best:0.2561, test:0.2697/best:0.2697
[I 2026-09-12 14:46:11,186 ignn.models.IGNN:215] epoch:5/best:5, loss:1.5928, train:0.2834, valid:0.2561/best:0.2561, test:0.2697/best:0.2697
[I 2026-09-12 14:46:11,202 ignn.models.IGNN:215] epoch:6/best:6, loss:1.5899, train:0.2834, valid:0.2561/best:0.2561, test:0.2697/best:0.2697
[I 2026-09-12 14:46:11,219 ignn.models.IGNN:215] epoch:7/best:7, loss:1.5862, train:0.2857, valid:0.2561/best:0.2561, test:0.2697/best:0.2697
[I 2026-09-12 14:46:11,236 ignn.models.IGNN:215] epoch:8/best:8, loss:1.5852, train:0.2834, valid:0.2561/best:0.2561, test:0.2697/best:0.2697
[I 2026-09-12 14:46:11,252 ignn.models.IGNN:215] epoch:9/best:9, loss:1.5844, train:0.2834, valid:0.2561/best:0.2561, test:0.2697/best:0.2697
[I 2026-09-12 14:46:11,268 ignn.models.IGNN:215] epoch:10/best:9, loss:1.5787, train:0.2857, valid:0.2526/best:0.2561, test:0.2697/best:0.2697
[I 2026-09-12 14:46:11,283 ignn.models.IGNN:215] epoch:11/best:9, loss:1.5828, train:0.2834, valid:0.2526/best:0.2561, test:0.2697/best:0.2697
[I 2026-09-12 14:46:11,299 ignn.models.IGNN:215] epoch:12/best:9, loss:1.5771, train:0.2834, valid:0.2526/best:0.2561, test:0.2697/best:0.2697
[I 2026-09-12 14:46:11,314 ignn.models.IGNN:215] epoch:13/best:9, loss:1.5859, train:0.2834, valid:0.2526/best:0.2561, test:0.2697/best:0.2697
[I 2026-09-12 14:46:11,329 ignn.models.IGNN:215] epoch:14/best:9, loss:1.5792, train:0.2834, valid:0.2526/best:0.2561, test:0.2697/best:0.2697
[I 2026-09-12 14:46:11,344 ignn.models.IGNN:215] epoch:15/best:9, loss:1.5744, train:0.2834, valid:0.2526/best:0.2561, test:0.2697/best:0.2697
[I 2026-09-12 14:46:11,359 ignn.models.IGNN:215] epoch:16/best:9, loss:1.5772, train:0.2834, valid:0.2526/best:0.2561, test:0.2697/best:0.2697
[I 2026-09-12 14:46:11,375 ignn.models.IGNN:215] epoch:17/best:9, loss:1.5718, train:0.2834, valid:0.2526/best:0.2561, test:0.2697/best:0.2697
[I 2026-09-12 14:46:11,390 ignn.models.IGNN:215] epoch:18/best:9, loss:1.5741, train:0.2834, valid:0.2526/best:0.2561, test:0.2697/best:0.2697
[I 2026-09-12 14:46:11,405 ignn.models.IGNN:215] epoch:19/best:9, loss:1.5692, train:0.2834, valid:0.2526/best:0.2561, test:0.2697/best:0.2697
[I 2026-09-12 14:46:11,420 ignn.models.IGNN:215] epoch:20/best:9, loss:1.5698, train:0.2834, valid:0.2526/best:0.2561, test:0.2697/best:0.2697
[I 2026-09-12 14:46:11,436 ignn.models.IGNN:215] epoch:21/best:9, loss:1.5664, train:0.2834, valid:0.2526/best:0.2561, test:0.2697/best:0.2697
[I 2026-09-12 14:46:11,451 ignn.models.IGNN:215] epoch:22/best:9, loss:1.5637, train:0.2834, valid:0.2526/best:0.2561, test:0.2697/best:0.2697
[I 2026-09-12 14:46:11,466 ignn.models.IGNN:215] epoch:23/best:9, loss:1.5586, train:0.2857, valid:0.2526/best:0.2561, test:0.2697/best:0.2697
[I 2026-09-12 14:46:11,481 ignn.models.IGNN:215] epoch:24/best:9, loss:1.5630, train:0.2881, valid:0.2526/best:0.2561, test:0.2697/best:0.2697
[I 2026-09-12 14:46:11,498 ignn.models.IGNN:215] epoch:25/best:25, loss:1.5562, train:0.2881, valid:0.2561/best:0.2561, test:0.2697/best:0.2697
[I 2026-09-12 14:46:11,515 ignn.models.IGNN:215] epoch:26/best:26, loss:1.5562, train:0.2881, valid:0.2561/best:0.2561, test:0.2697/best:0.2697
[I 2026-09-12 14:46:11,531 ignn.models.IGNN:215] epoch:27/best:27, loss:1.5590, train:0.2881, valid:0.2561/best:0.2561, test:0.2753/best:0.2753
[I 2026-09-12 14:46:11,549 ignn.models.IGNN:215] epoch:28/best:28, loss:1.5532, train:0.2904, valid:0.2596/best:0.2596, test:0.2697/best:0.2697
[I 2026-09-12 14:46:11,568 ignn.models.IGNN:215] epoch:29/best:29, loss:1.5485, train:0.2927, valid:0.2632/best:0.2632, test:0.2697/best:0.2697
[I 2026-09-12 14:46:11,587 ignn.models.IGNN:215] epoch:30/best:30, loss:1.5450, train:0.3044, valid:0.2667/best:0.2667, test:0.2697/best:0.2697
[I 2026-09-12 14:46:11,605 ignn.models.IGNN:215] epoch:31/best:31, loss:1.5467, train:0.3068, valid:0.2772/best:0.2772, test:0.2809/best:0.2809
[I 2026-09-12 14:46:11,622 ignn.models.IGNN:215] epoch:32/best:32, loss:1.5432, train:0.3138, valid:0.2807/best:0.2807, test:0.2809/best:0.2809
[I 2026-09-12 14:46:11,639 ignn.models.IGNN:215] epoch:33/best:33, loss:1.5482, train:0.3208, valid:0.2877/best:0.2877, test:0.2809/best:0.2809
[I 2026-09-12 14:46:11,656 ignn.models.IGNN:215] epoch:34/best:34, loss:1.5343, train:0.3279, valid:0.3018/best:0.3018, test:0.2865/best:0.2865
[I 2026-09-12 14:46:11,673 ignn.models.IGNN:215] epoch:35/best:35, loss:1.5422, train:0.3302, valid:0.3088/best:0.3088, test:0.2921/best:0.2921
[I 2026-09-12 14:46:11,690 ignn.models.IGNN:215] epoch:36/best:36, loss:1.5357, train:0.3349, valid:0.3193/best:0.3193, test:0.3146/best:0.3146
[I 2026-09-12 14:46:11,707 ignn.models.IGNN:215] epoch:37/best:37, loss:1.5279, train:0.3232, valid:0.3474/best:0.3474, test:0.3258/best:0.3258
[I 2026-09-12 14:46:11,723 ignn.models.IGNN:215] epoch:38/best:37, loss:1.5264, train:0.3279, valid:0.3439/best:0.3474, test:0.3371/best:0.3258
[I 2026-09-12 14:46:11,740 ignn.models.IGNN:215] epoch:39/best:39, loss:1.5173, train:0.3372, valid:0.3614/best:0.3614, test:0.3539/best:0.3539
[I 2026-09-12 14:46:11,755 ignn.models.IGNN:215] epoch:40/best:39, loss:1.5083, train:0.3443, valid:0.3509/best:0.3614, test:0.3483/best:0.3539
[I 2026-09-12 14:46:11,771 ignn.models.IGNN:215] epoch:41/best:39, loss:1.5135, train:0.3466, valid:0.3474/best:0.3614, test:0.3596/best:0.3539
[I 2026-09-12 14:46:11,787 ignn.models.IGNN:215] epoch:42/best:39, loss:1.5089, train:0.3443, valid:0.3474/best:0.3614, test:0.3764/best:0.3539
[I 2026-09-12 14:46:11,802 ignn.models.IGNN:215] epoch:43/best:39, loss:1.5061, train:0.3443, valid:0.3509/best:0.3614, test:0.3708/best:0.3539
[I 2026-09-12 14:46:11,819 ignn.models.IGNN:215] epoch:44/best:44, loss:1.4908, train:0.3396, valid:0.3719/best:0.3719, test:0.3764/best:0.3764
[I 2026-09-12 14:46:11,835 ignn.models.IGNN:215] epoch:45/best:45, loss:1.5095, train:0.3419, valid:0.3754/best:0.3754, test:0.3764/best:0.3764
[I 2026-09-12 14:46:11,852 ignn.models.IGNN:215] epoch:46/best:46, loss:1.5003, train:0.3489, valid:0.3789/best:0.3789, test:0.3764/best:0.3764
[I 2026-09-12 14:46:11,868 ignn.models.IGNN:215] epoch:47/best:47, loss:1.4977, train:0.3513, valid:0.3895/best:0.3895, test:0.3764/best:0.3764
[I 2026-09-12 14:46:11,885 ignn.models.IGNN:215] epoch:48/best:48, loss:1.4889, train:0.3583, valid:0.3895/best:0.3895, test:0.3764/best:0.3764
[I 2026-09-12 14:46:11,900 ignn.models.IGNN:215] epoch:49/best:48, loss:1.4892, train:0.3583, valid:0.3860/best:0.3895, test:0.3820/best:0.3764
[I 2026-09-12 14:46:11,917 ignn.models.IGNN:215] epoch:50/best:50, loss:1.4875, train:0.3607, valid:0.3930/best:0.3930, test:0.3820/best:0.3820
[I 2026-09-12 14:46:11,933 ignn.models.IGNN:215] epoch:51/best:51, loss:1.4826, train:0.3700, valid:0.3965/best:0.3965, test:0.3820/best:0.3820
[I 2026-09-12 14:46:11,949 ignn.models.IGNN:215] epoch:52/best:51, loss:1.4708, train:0.3700, valid:0.3930/best:0.3965, test:0.3876/best:0.3820
[I 2026-09-12 14:46:11,964 ignn.models.IGNN:215] epoch:53/best:51, loss:1.4720, train:0.3747, valid:0.3789/best:0.3965, test:0.3820/best:0.3820
[I 2026-09-12 14:46:11,979 ignn.models.IGNN:215] epoch:54/best:51, loss:1.4679, train:0.3841, valid:0.3789/best:0.3965, test:0.3876/best:0.3820
[I 2026-09-12 14:46:11,994 ignn.models.IGNN:215] epoch:55/best:51, loss:1.4767, train:0.3911, valid:0.3754/best:0.3965, test:0.3933/best:0.3820
[I 2026-09-12 14:46:12,010 ignn.models.IGNN:215] epoch:56/best:51, loss:1.4514, train:0.3888, valid:0.3860/best:0.3965, test:0.3989/best:0.3820
[I 2026-09-12 14:46:12,025 ignn.models.IGNN:215] epoch:57/best:51, loss:1.4617, train:0.3934, valid:0.3895/best:0.3965, test:0.4101/best:0.3820
[I 2026-09-12 14:46:12,040 ignn.models.IGNN:215] epoch:58/best:51, loss:1.4738, train:0.3934, valid:0.3930/best:0.3965, test:0.4157/best:0.3820
[I 2026-09-12 14:46:12,056 ignn.models.IGNN:215] epoch:59/best:51, loss:1.4386, train:0.3981, valid:0.3895/best:0.3965, test:0.4270/best:0.3820
[I 2026-09-12 14:46:12,072 ignn.models.IGNN:215] epoch:60/best:60, loss:1.4411, train:0.3981, valid:0.3965/best:0.3965, test:0.4270/best:0.4270
[I 2026-09-12 14:46:12,089 ignn.models.IGNN:215] epoch:61/best:61, loss:1.4334, train:0.4005, valid:0.4070/best:0.4070, test:0.4270/best:0.4270
[I 2026-09-12 14:46:12,106 ignn.models.IGNN:215] epoch:62/best:62, loss:1.4121, train:0.4052, valid:0.4105/best:0.4105, test:0.4326/best:0.4326
[I 2026-09-12 14:46:12,122 ignn.models.IGNN:215] epoch:63/best:63, loss:1.4113, train:0.4075, valid:0.4105/best:0.4105, test:0.4326/best:0.4326
[I 2026-09-12 14:46:12,137 ignn.models.IGNN:215] epoch:64/best:63, loss:1.4329, train:0.3958, valid:0.4000/best:0.4105, test:0.4382/best:0.4326
[I 2026-09-12 14:46:12,153 ignn.models.IGNN:215] epoch:65/best:63, loss:1.3869, train:0.3981, valid:0.3965/best:0.4105, test:0.4438/best:0.4326
[I 2026-09-12 14:46:12,170 ignn.models.IGNN:215] epoch:66/best:66, loss:1.3745, train:0.3981, valid:0.4105/best:0.4105, test:0.4438/best:0.4438
[I 2026-09-12 14:46:12,186 ignn.models.IGNN:215] epoch:67/best:67, loss:1.3972, train:0.4005, valid:0.4140/best:0.4140, test:0.4551/best:0.4551
[I 2026-09-12 14:46:12,203 ignn.models.IGNN:215] epoch:68/best:68, loss:1.3655, train:0.4145, valid:0.4281/best:0.4281, test:0.4382/best:0.4382
[I 2026-09-12 14:46:12,218 ignn.models.IGNN:215] epoch:69/best:68, loss:1.3370, train:0.4169, valid:0.4211/best:0.4281, test:0.4494/best:0.4382
[I 2026-09-12 14:46:12,234 ignn.models.IGNN:215] epoch:70/best:68, loss:1.3429, train:0.4356, valid:0.4140/best:0.4281, test:0.4270/best:0.4382
[I 2026-09-12 14:46:12,250 ignn.models.IGNN:215] epoch:71/best:71, loss:1.3109, train:0.4379, valid:0.4421/best:0.4421, test:0.4382/best:0.4382
[I 2026-09-12 14:46:12,267 ignn.models.IGNN:215] epoch:72/best:72, loss:1.3105, train:0.4660, valid:0.4456/best:0.4456, test:0.4494/best:0.4494
[I 2026-09-12 14:46:12,282 ignn.models.IGNN:215] epoch:73/best:72, loss:1.2850, train:0.4731, valid:0.4316/best:0.4456, test:0.4438/best:0.4494
[I 2026-09-12 14:46:12,298 ignn.models.IGNN:215] epoch:74/best:72, loss:1.2969, train:0.4801, valid:0.4281/best:0.4456, test:0.4438/best:0.4494
[I 2026-09-12 14:46:12,313 ignn.models.IGNN:215] epoch:75/best:72, loss:1.2778, train:0.4660, valid:0.4281/best:0.4456, test:0.4438/best:0.4494
[I 2026-09-12 14:46:12,328 ignn.models.IGNN:215] epoch:76/best:72, loss:1.2849, train:0.4707, valid:0.4281/best:0.4456, test:0.4494/best:0.4494
[I 2026-09-12 14:46:12,344 ignn.models.IGNN:215] epoch:77/best:72, loss:1.2674, train:0.4801, valid:0.4211/best:0.4456, test:0.4494/best:0.4494
[I 2026-09-12 14:46:12,359 ignn.models.IGNN:215] epoch:78/best:72, loss:1.2485, train:0.4918, valid:0.4175/best:0.4456, test:0.4607/best:0.4494
[I 2026-09-12 14:46:12,374 ignn.models.IGNN:215] epoch:79/best:72, loss:1.2261, train:0.4988, valid:0.4351/best:0.4456, test:0.4719/best:0.4494
[I 2026-09-12 14:46:12,390 ignn.models.IGNN:215] epoch:80/best:72, loss:1.2452, train:0.4988, valid:0.4386/best:0.4456, test:0.4607/best:0.4494
[I 2026-09-12 14:46:12,405 ignn.models.IGNN:215] epoch:81/best:72, loss:1.2261, train:0.4988, valid:0.4316/best:0.4456, test:0.4607/best:0.4494
[I 2026-09-12 14:46:12,420 ignn.models.IGNN:215] epoch:82/best:72, loss:1.2249, train:0.4941, valid:0.4246/best:0.4456, test:0.4607/best:0.4494
[I 2026-09-12 14:46:12,437 ignn.models.IGNN:215] epoch:83/best:83, loss:1.2380, train:0.5199, valid:0.4491/best:0.4491, test:0.4944/best:0.4944
[I 2026-09-12 14:46:12,452 ignn.models.IGNN:215] epoch:84/best:83, loss:1.2107, train:0.5105, valid:0.4421/best:0.4491, test:0.4888/best:0.4944
[I 2026-09-12 14:46:12,467 ignn.models.IGNN:215] epoch:85/best:83, loss:1.2059, train:0.5105, valid:0.4421/best:0.4491, test:0.4551/best:0.4944
[I 2026-09-12 14:46:12,484 ignn.models.IGNN:215] epoch:86/best:86, loss:1.2011, train:0.5082, valid:0.4526/best:0.4526, test:0.4438/best:0.4438
[I 2026-09-12 14:46:12,500 ignn.models.IGNN:215] epoch:87/best:87, loss:1.1877, train:0.5129, valid:0.4561/best:0.4561, test:0.4494/best:0.4494
[I 2026-09-12 14:46:12,515 ignn.models.IGNN:215] epoch:88/best:87, loss:1.2148, train:0.5293, valid:0.4386/best:0.4561, test:0.4775/best:0.4494
[I 2026-09-12 14:46:12,531 ignn.models.IGNN:215] epoch:89/best:87, loss:1.1861, train:0.5176, valid:0.4175/best:0.4561, test:0.5000/best:0.4494
[I 2026-09-12 14:46:12,546 ignn.models.IGNN:215] epoch:90/best:87, loss:1.1707, train:0.5316, valid:0.4246/best:0.4561, test:0.4888/best:0.4494
[I 2026-09-12 14:46:12,561 ignn.models.IGNN:215] epoch:91/best:87, loss:1.1672, train:0.5293, valid:0.4386/best:0.4561, test:0.5169/best:0.4494
[I 2026-09-12 14:46:12,577 ignn.models.IGNN:215] epoch:92/best:87, loss:1.1839, train:0.5480, valid:0.4526/best:0.4561, test:0.5169/best:0.4494
[I 2026-09-12 14:46:12,593 ignn.models.IGNN:215] epoch:93/best:93, loss:1.1763, train:0.5574, valid:0.4702/best:0.4702, test:0.4888/best:0.4888
[I 2026-09-12 14:46:12,609 ignn.models.IGNN:215] epoch:94/best:93, loss:1.2133, train:0.5550, valid:0.4632/best:0.4702, test:0.4831/best:0.4888
[I 2026-09-12 14:46:12,624 ignn.models.IGNN:215] epoch:95/best:93, loss:1.1089, train:0.5480, valid:0.4526/best:0.4702, test:0.4551/best:0.4888
[I 2026-09-12 14:46:12,639 ignn.models.IGNN:215] epoch:96/best:93, loss:1.1341, train:0.5433, valid:0.4596/best:0.4702, test:0.4607/best:0.4888
[I 2026-09-12 14:46:12,654 ignn.models.IGNN:215] epoch:97/best:93, loss:1.1871, train:0.5363, valid:0.4561/best:0.4702, test:0.4494/best:0.4888
[I 2026-09-12 14:46:12,670 ignn.models.IGNN:215] epoch:98/best:93, loss:1.1651, train:0.5363, valid:0.4561/best:0.4702, test:0.4607/best:0.4888
[I 2026-09-12 14:46:12,685 ignn.models.IGNN:215] epoch:99/best:93, loss:1.1498, train:0.5410, valid:0.4526/best:0.4702, test:0.4551/best:0.4888
[I 2026-09-12 14:46:12,700 ignn.models.IGNN:215] epoch:100/best:93, loss:1.1195, train:0.5644, valid:0.4632/best:0.4702, test:0.4663/best:0.4888
[I 2026-09-12 14:46:12,717 ignn.models.IGNN:215] epoch:101/best:101, loss:1.1411, train:0.5785, valid:0.4807/best:0.4807, test:0.5112/best:0.5112
[I 2026-09-12 14:46:12,733 ignn.models.IGNN:215] epoch:102/best:102, loss:1.0909, train:0.6159, valid:0.4877/best:0.4877, test:0.5281/best:0.5281
[I 2026-09-12 14:46:12,750 ignn.models.IGNN:215] epoch:103/best:103, loss:1.1879, train:0.6089, valid:0.4877/best:0.4877, test:0.5337/best:0.5337
[I 2026-09-12 14:46:12,765 ignn.models.IGNN:215] epoch:104/best:103, loss:1.1509, train:0.6089, valid:0.4772/best:0.4877, test:0.5225/best:0.5337
[I 2026-09-12 14:46:12,780 ignn.models.IGNN:215] epoch:105/best:103, loss:1.1322, train:0.5902, valid:0.4737/best:0.4877, test:0.5169/best:0.5337
[I 2026-09-12 14:46:12,796 ignn.models.IGNN:215] epoch:106/best:103, loss:1.1285, train:0.6042, valid:0.4807/best:0.4877, test:0.5000/best:0.5337
[I 2026-09-12 14:46:12,813 ignn.models.IGNN:215] epoch:107/best:107, loss:1.1233, train:0.5925, valid:0.4877/best:0.4877, test:0.4888/best:0.4888
[I 2026-09-12 14:46:12,830 ignn.models.IGNN:215] epoch:108/best:108, loss:1.1039, train:0.5972, valid:0.4947/best:0.4947, test:0.4775/best:0.4775
[I 2026-09-12 14:46:12,846 ignn.models.IGNN:215] epoch:109/best:108, loss:1.1294, train:0.5925, valid:0.4912/best:0.4947, test:0.4831/best:0.4775
[I 2026-09-12 14:46:12,861 ignn.models.IGNN:215] epoch:110/best:108, loss:1.1245, train:0.5995, valid:0.4772/best:0.4947, test:0.4831/best:0.4775
[I 2026-09-12 14:46:12,876 ignn.models.IGNN:215] epoch:111/best:108, loss:1.0947, train:0.5995, valid:0.4632/best:0.4947, test:0.5000/best:0.4775
[I 2026-09-12 14:46:12,892 ignn.models.IGNN:215] epoch:112/best:108, loss:1.1207, train:0.6042, valid:0.4702/best:0.4947, test:0.5056/best:0.4775
[I 2026-09-12 14:46:12,907 ignn.models.IGNN:215] epoch:113/best:108, loss:1.1313, train:0.6042, valid:0.4737/best:0.4947, test:0.4888/best:0.4775
[I 2026-09-12 14:46:12,922 ignn.models.IGNN:215] epoch:114/best:108, loss:1.1274, train:0.6112, valid:0.4772/best:0.4947, test:0.5112/best:0.4775
[I 2026-09-12 14:46:12,937 ignn.models.IGNN:215] epoch:115/best:108, loss:1.1174, train:0.6159, valid:0.4737/best:0.4947, test:0.5225/best:0.4775
[I 2026-09-12 14:46:12,953 ignn.models.IGNN:215] epoch:116/best:108, loss:1.1327, train:0.6042, valid:0.4702/best:0.4947, test:0.5056/best:0.4775
[I 2026-09-12 14:46:12,969 ignn.models.IGNN:215] epoch:117/best:108, loss:1.1077, train:0.5925, valid:0.4667/best:0.4947, test:0.4775/best:0.4775
[I 2026-09-12 14:46:12,985 ignn.models.IGNN:215] epoch:118/best:108, loss:1.1009, train:0.5925, valid:0.4561/best:0.4947, test:0.4719/best:0.4775
[I 2026-09-12 14:46:13,001 ignn.models.IGNN:215] epoch:119/best:108, loss:1.1367, train:0.6019, valid:0.4632/best:0.4947, test:0.4607/best:0.4775
[I 2026-09-12 14:46:13,017 ignn.models.IGNN:215] epoch:120/best:108, loss:1.0904, train:0.5995, valid:0.4596/best:0.4947, test:0.4775/best:0.4775
[I 2026-09-12 14:46:13,033 ignn.models.IGNN:215] epoch:121/best:108, loss:1.1161, train:0.5972, valid:0.4632/best:0.4947, test:0.4775/best:0.4775
[I 2026-09-12 14:46:13,049 ignn.models.IGNN:215] epoch:122/best:108, loss:1.1182, train:0.6042, valid:0.4632/best:0.4947, test:0.4888/best:0.4775
[I 2026-09-12 14:46:13,064 ignn.models.IGNN:215] epoch:123/best:108, loss:1.0973, train:0.5948, valid:0.4737/best:0.4947, test:0.4831/best:0.4775
[I 2026-09-12 14:46:13,080 ignn.models.IGNN:215] epoch:124/best:108, loss:1.1156, train:0.5995, valid:0.4807/best:0.4947, test:0.4719/best:0.4775
[I 2026-09-12 14:46:13,096 ignn.models.IGNN:215] epoch:125/best:108, loss:1.1195, train:0.5995, valid:0.4807/best:0.4947, test:0.4775/best:0.4775
[I 2026-09-12 14:46:13,111 ignn.models.IGNN:215] epoch:126/best:108, loss:1.0950, train:0.6089, valid:0.4596/best:0.4947, test:0.5056/best:0.4775
[I 2026-09-12 14:46:13,127 ignn.models.IGNN:215] epoch:127/best:108, loss:1.1172, train:0.6112, valid:0.4702/best:0.4947, test:0.5112/best:0.4775
[I 2026-09-12 14:46:13,142 ignn.models.IGNN:215] epoch:128/best:108, loss:1.1250, train:0.6276, valid:0.4702/best:0.4947, test:0.5112/best:0.4775
[I 2026-09-12 14:46:13,157 ignn.models.IGNN:215] epoch:129/best:108, loss:1.1121, train:0.6393, valid:0.4737/best:0.4947, test:0.5393/best:0.4775
[I 2026-09-12 14:46:13,174 ignn.models.IGNN:215] epoch:130/best:130, loss:1.0774, train:0.6393, valid:0.4947/best:0.4947, test:0.5562/best:0.5562
[I 2026-09-12 14:46:13,189 ignn.models.IGNN:215] epoch:131/best:130, loss:1.0943, train:0.6440, valid:0.4737/best:0.4947, test:0.5393/best:0.5562
[I 2026-09-12 14:46:13,205 ignn.models.IGNN:215] epoch:132/best:130, loss:1.0847, train:0.6464, valid:0.4772/best:0.4947, test:0.5393/best:0.5562
[I 2026-09-12 14:46:13,220 ignn.models.IGNN:215] epoch:133/best:130, loss:1.0896, train:0.6417, valid:0.4772/best:0.4947, test:0.5337/best:0.5562
[I 2026-09-12 14:46:13,235 ignn.models.IGNN:215] epoch:134/best:130, loss:1.0495, train:0.6464, valid:0.4737/best:0.4947, test:0.5281/best:0.5562
[I 2026-09-12 14:46:13,251 ignn.models.IGNN:215] epoch:135/best:130, loss:1.0552, train:0.6417, valid:0.4632/best:0.4947, test:0.5112/best:0.5562
[I 2026-09-12 14:46:13,266 ignn.models.IGNN:215] epoch:136/best:130, loss:1.0676, train:0.6464, valid:0.4561/best:0.4947, test:0.5112/best:0.5562
[I 2026-09-12 14:46:13,281 ignn.models.IGNN:215] epoch:137/best:130, loss:1.0628, train:0.6183, valid:0.4632/best:0.4947, test:0.4944/best:0.5562
[I 2026-09-12 14:46:13,297 ignn.models.IGNN:215] epoch:138/best:130, loss:1.0474, train:0.6066, valid:0.4596/best:0.4947, test:0.4775/best:0.5562
[I 2026-09-12 14:46:13,312 ignn.models.IGNN:215] epoch:139/best:130, loss:1.0937, train:0.6112, valid:0.4526/best:0.4947, test:0.4607/best:0.5562
[I 2026-09-12 14:46:13,328 ignn.models.IGNN:215] epoch:140/best:130, loss:1.0546, train:0.6112, valid:0.4667/best:0.4947, test:0.4719/best:0.5562
[I 2026-09-12 14:46:13,343 ignn.models.IGNN:215] epoch:141/best:130, loss:1.0907, train:0.6089, valid:0.4842/best:0.4947, test:0.5056/best:0.5562
[I 2026-09-12 14:46:13,358 ignn.models.IGNN:215] epoch:142/best:130, loss:1.0978, train:0.6393, valid:0.4842/best:0.4947, test:0.5225/best:0.5562
[I 2026-09-12 14:46:13,374 ignn.models.IGNN:215] epoch:143/best:130, loss:1.0422, train:0.6557, valid:0.4877/best:0.4947, test:0.5337/best:0.5562
[I 2026-09-12 14:46:13,389 ignn.models.IGNN:215] epoch:144/best:130, loss:1.0698, train:0.6534, valid:0.4912/best:0.4947, test:0.5169/best:0.5562
[I 2026-09-12 14:46:13,404 ignn.models.IGNN:215] epoch:145/best:130, loss:1.0858, train:0.6487, valid:0.4737/best:0.4947, test:0.5056/best:0.5562
[I 2026-09-12 14:46:13,419 ignn.models.IGNN:215] epoch:146/best:130, loss:1.1094, train:0.6604, valid:0.4737/best:0.4947, test:0.5281/best:0.5562
[I 2026-09-12 14:46:13,435 ignn.models.IGNN:215] epoch:147/best:130, loss:1.0691, train:0.6698, valid:0.4561/best:0.4947, test:0.5112/best:0.5562
[I 2026-09-12 14:46:13,450 ignn.models.IGNN:215] epoch:148/best:130, loss:1.0830, train:0.6464, valid:0.4421/best:0.4947, test:0.5056/best:0.5562
[I 2026-09-12 14:46:13,466 ignn.models.IGNN:215] epoch:149/best:130, loss:1.0225, train:0.6183, valid:0.4386/best:0.4947, test:0.4719/best:0.5562
[I 2026-09-12 14:46:13,481 ignn.models.IGNN:215] epoch:150/best:130, loss:1.1289, train:0.6089, valid:0.4421/best:0.4947, test:0.4326/best:0.5562
[I 2026-09-12 14:46:13,496 ignn.models.IGNN:215] epoch:151/best:130, loss:1.0841, train:0.6042, valid:0.4491/best:0.4947, test:0.4326/best:0.5562
[I 2026-09-12 14:46:13,511 ignn.models.IGNN:215] epoch:152/best:130, loss:1.1016, train:0.6323, valid:0.4456/best:0.4947, test:0.4494/best:0.5562
[I 2026-09-12 14:46:13,527 ignn.models.IGNN:215] epoch:153/best:130, loss:1.0803, train:0.6557, valid:0.4421/best:0.4947, test:0.4831/best:0.5562
[I 2026-09-12 14:46:13,542 ignn.models.IGNN:215] epoch:154/best:130, loss:1.0728, train:0.6698, valid:0.4351/best:0.4947, test:0.4888/best:0.5562
[I 2026-09-12 14:46:13,557 ignn.models.IGNN:215] epoch:155/best:130, loss:1.0464, train:0.6651, valid:0.4596/best:0.4947, test:0.5169/best:0.5562
[I 2026-09-12 14:46:13,572 ignn.models.IGNN:215] epoch:156/best:130, loss:1.0611, train:0.6651, valid:0.4702/best:0.4947, test:0.5112/best:0.5562
[I 2026-09-12 14:46:13,587 ignn.models.IGNN:215] epoch:157/best:130, loss:1.0534, train:0.6628, valid:0.4667/best:0.4947, test:0.5056/best:0.5562
[I 2026-09-12 14:46:13,603 ignn.models.IGNN:215] epoch:158/best:130, loss:1.1034, train:0.6604, valid:0.4737/best:0.4947, test:0.4944/best:0.5562
[I 2026-09-12 14:46:13,622 ignn.models.IGNN:215] epoch:159/best:130, loss:1.0324, train:0.6721, valid:0.4596/best:0.4947, test:0.5056/best:0.5562
[I 2026-09-12 14:46:13,639 ignn.models.IGNN:215] epoch:160/best:130, loss:0.9980, train:0.6698, valid:0.4526/best:0.4947, test:0.4888/best:0.5562
[I 2026-09-12 14:46:13,655 ignn.models.IGNN:215] epoch:161/best:130, loss:1.0866, train:0.6581, valid:0.4491/best:0.4947, test:0.4775/best:0.5562
[I 2026-09-12 14:46:13,671 ignn.models.IGNN:215] epoch:162/best:130, loss:1.0350, train:0.6534, valid:0.4561/best:0.4947, test:0.4663/best:0.5562
[I 2026-09-12 14:46:13,687 ignn.models.IGNN:215] epoch:163/best:130, loss:1.0355, train:0.6511, valid:0.4561/best:0.4947, test:0.4719/best:0.5562
[I 2026-09-12 14:46:13,702 ignn.models.IGNN:215] epoch:164/best:130, loss:1.0840, train:0.6581, valid:0.4526/best:0.4947, test:0.4719/best:0.5562
[I 2026-09-12 14:46:13,717 ignn.models.IGNN:215] epoch:165/best:130, loss:1.0212, train:0.6698, valid:0.4561/best:0.4947, test:0.5112/best:0.5562
[I 2026-09-12 14:46:13,733 ignn.models.IGNN:215] epoch:166/best:130, loss:1.0304, train:0.6815, valid:0.4702/best:0.4947, test:0.5056/best:0.5562
[I 2026-09-12 14:46:13,750 ignn.models.IGNN:215] epoch:167/best:167, loss:1.0393, train:0.6815, valid:0.4947/best:0.4947, test:0.5056/best:0.5056
[I 2026-09-12 14:46:13,767 ignn.models.IGNN:215] epoch:168/best:168, loss:1.0765, train:0.6885, valid:0.4947/best:0.4947, test:0.5225/best:0.5225
[I 2026-09-12 14:46:13,783 ignn.models.IGNN:215] epoch:169/best:168, loss:1.0099, train:0.6909, valid:0.4772/best:0.4947, test:0.5112/best:0.5225
[I 2026-09-12 14:46:13,798 ignn.models.IGNN:215] epoch:170/best:168, loss:1.0312, train:0.6932, valid:0.4702/best:0.4947, test:0.5000/best:0.5225
[I 2026-09-12 14:46:13,814 ignn.models.IGNN:215] epoch:171/best:168, loss:1.0852, train:0.6838, valid:0.4491/best:0.4947, test:0.4888/best:0.5225
[I 2026-09-12 14:46:13,830 ignn.models.IGNN:215] epoch:172/best:168, loss:1.0207, train:0.6604, valid:0.4526/best:0.4947, test:0.4775/best:0.5225
[I 2026-09-12 14:46:13,845 ignn.models.IGNN:215] epoch:173/best:168, loss:1.0472, train:0.6440, valid:0.4561/best:0.4947, test:0.4551/best:0.5225
[I 2026-09-12 14:46:13,860 ignn.models.IGNN:215] epoch:174/best:168, loss:1.0867, train:0.6464, valid:0.4596/best:0.4947, test:0.4551/best:0.5225
[I 2026-09-12 14:46:13,875 ignn.models.IGNN:215] epoch:175/best:168, loss:1.0307, train:0.6581, valid:0.4561/best:0.4947, test:0.4719/best:0.5225
[I 2026-09-12 14:46:13,891 ignn.models.IGNN:215] epoch:176/best:168, loss:1.0393, train:0.6815, valid:0.4456/best:0.4947, test:0.4831/best:0.5225
[I 2026-09-12 14:46:13,906 ignn.models.IGNN:215] epoch:177/best:168, loss:1.0340, train:0.6979, valid:0.4667/best:0.4947, test:0.5000/best:0.5225
[I 2026-09-12 14:46:13,921 ignn.models.IGNN:215] epoch:178/best:168, loss:0.9898, train:0.6956, valid:0.4807/best:0.4947, test:0.5281/best:0.5225
[I 2026-09-12 14:46:13,936 ignn.models.IGNN:215] epoch:179/best:168, loss:1.0842, train:0.7002, valid:0.4912/best:0.4947, test:0.5169/best:0.5225
[I 2026-09-12 14:46:13,951 ignn.models.IGNN:215] epoch:180/best:168, loss:1.1306, train:0.6885, valid:0.4842/best:0.4947, test:0.5056/best:0.5225
[I 2026-09-12 14:46:13,967 ignn.models.IGNN:215] epoch:181/best:168, loss:1.0416, train:0.7002, valid:0.4632/best:0.4947, test:0.4944/best:0.5225
[I 2026-09-12 14:46:13,982 ignn.models.IGNN:215] epoch:182/best:168, loss:0.9852, train:0.6745, valid:0.4526/best:0.4947, test:0.4944/best:0.5225
[I 2026-09-12 14:46:13,997 ignn.models.IGNN:215] epoch:183/best:168, loss:1.0245, train:0.6581, valid:0.4632/best:0.4947, test:0.4888/best:0.5225
[I 2026-09-12 14:46:14,012 ignn.models.IGNN:215] epoch:184/best:168, loss:1.0298, train:0.6534, valid:0.4561/best:0.4947, test:0.4831/best:0.5225
[I 2026-09-12 14:46:14,028 ignn.models.IGNN:215] epoch:185/best:168, loss:1.0194, train:0.6674, valid:0.4491/best:0.4947, test:0.4888/best:0.5225
[I 2026-09-12 14:46:14,043 ignn.models.IGNN:215] epoch:186/best:168, loss:1.0987, train:0.6862, valid:0.4526/best:0.4947, test:0.4944/best:0.5225
[I 2026-09-12 14:46:14,058 ignn.models.IGNN:215] epoch:187/best:168, loss:1.0416, train:0.6979, valid:0.4421/best:0.4947, test:0.5112/best:0.5225
[I 2026-09-12 14:46:14,073 ignn.models.IGNN:215] epoch:188/best:168, loss:1.0499, train:0.7002, valid:0.4491/best:0.4947, test:0.4663/best:0.5225
[I 2026-09-12 14:46:14,088 ignn.models.IGNN:215] epoch:189/best:168, loss:0.9952, train:0.7073, valid:0.4667/best:0.4947, test:0.4551/best:0.5225
[I 2026-09-12 14:46:14,104 ignn.models.IGNN:215] epoch:190/best:168, loss:1.0652, train:0.7096, valid:0.4632/best:0.4947, test:0.4663/best:0.5225
[I 2026-09-12 14:46:14,119 ignn.models.IGNN:215] epoch:191/best:168, loss:1.1077, train:0.7237, valid:0.4526/best:0.4947, test:0.5000/best:0.5225
[I 2026-09-12 14:46:14,134 ignn.models.IGNN:215] epoch:192/best:168, loss:1.0769, train:0.7166, valid:0.4702/best:0.4947, test:0.4888/best:0.5225
[I 2026-09-12 14:46:14,149 ignn.models.IGNN:215] epoch:193/best:168, loss:1.0834, train:0.6885, valid:0.4702/best:0.4947, test:0.4831/best:0.5225
[I 2026-09-12 14:46:14,165 ignn.models.IGNN:215] epoch:194/best:168, loss:0.9749, train:0.6768, valid:0.4526/best:0.4947, test:0.4494/best:0.5225
[I 2026-09-12 14:46:14,180 ignn.models.IGNN:215] epoch:195/best:168, loss:1.0727, train:0.6674, valid:0.4526/best:0.4947, test:0.4270/best:0.5225
[I 2026-09-12 14:46:14,196 ignn.models.IGNN:215] epoch:196/best:168, loss:1.0273, train:0.6698, valid:0.4526/best:0.4947, test:0.4382/best:0.5225
[I 2026-09-12 14:46:14,211 ignn.models.IGNN:215] epoch:197/best:168, loss:1.0197, train:0.6768, valid:0.4526/best:0.4947, test:0.4494/best:0.5225
[I 2026-09-12 14:46:14,226 ignn.models.IGNN:215] epoch:198/best:168, loss:1.0652, train:0.6792, valid:0.4632/best:0.4947, test:0.4607/best:0.5225
[I 2026-09-12 14:46:14,242 ignn.models.IGNN:215] epoch:199/best:168, loss:0.9927, train:0.7073, valid:0.4667/best:0.4947, test:0.4831/best:0.5225
[I 2026-09-12 14:46:14,257 ignn.models.IGNN:215] epoch:200/best:168, loss:0.9737, train:0.7096, valid:0.4632/best:0.4947, test:0.4831/best:0.5225
[I 2026-09-12 14:46:14,272 ignn.models.IGNN:215] epoch:201/best:168, loss:1.0080, train:0.7096, valid:0.4667/best:0.4947, test:0.4775/best:0.5225
[I 2026-09-12 14:46:14,288 ignn.models.IGNN:215] epoch:202/best:168, loss:1.0526, train:0.7073, valid:0.4561/best:0.4947, test:0.4831/best:0.5225
[I 2026-09-12 14:46:14,303 ignn.models.IGNN:215] epoch:203/best:168, loss:0.9751, train:0.7049, valid:0.4526/best:0.4947, test:0.4775/best:0.5225
[I 2026-09-12 14:46:14,318 ignn.models.IGNN:215] epoch:204/best:168, loss:1.0215, train:0.7119, valid:0.4526/best:0.4947, test:0.4944/best:0.5225
[I 2026-09-12 14:46:14,334 ignn.models.IGNN:215] epoch:205/best:168, loss:1.0001, train:0.7096, valid:0.4561/best:0.4947, test:0.4888/best:0.5225
[I 2026-09-12 14:46:14,349 ignn.models.IGNN:215] epoch:206/best:168, loss:1.0611, train:0.7096, valid:0.4491/best:0.4947, test:0.4775/best:0.5225
[I 2026-09-12 14:46:14,364 ignn.models.IGNN:215] epoch:207/best:168, loss:0.9703, train:0.7096, valid:0.4596/best:0.4947, test:0.4831/best:0.5225
[I 2026-09-12 14:46:14,379 ignn.models.IGNN:215] epoch:208/best:168, loss:0.9918, train:0.7073, valid:0.4596/best:0.4947, test:0.4775/best:0.5225
[I 2026-09-12 14:46:14,395 ignn.models.IGNN:215] epoch:209/best:168, loss:1.0047, train:0.7073, valid:0.4561/best:0.4947, test:0.4775/best:0.5225
[I 2026-09-12 14:46:14,410 ignn.models.IGNN:215] epoch:210/best:168, loss:1.0366, train:0.7002, valid:0.4561/best:0.4947, test:0.4775/best:0.5225
[I 2026-09-12 14:46:14,425 ignn.models.IGNN:215] epoch:211/best:168, loss:1.0149, train:0.7049, valid:0.4702/best:0.4947, test:0.4775/best:0.5225
[I 2026-09-12 14:46:14,441 ignn.models.IGNN:215] epoch:212/best:168, loss:1.0557, train:0.7026, valid:0.4702/best:0.4947, test:0.4775/best:0.5225
[I 2026-09-12 14:46:14,456 ignn.models.IGNN:215] epoch:213/best:168, loss:0.9970, train:0.7073, valid:0.4561/best:0.4947, test:0.4775/best:0.5225
[I 2026-09-12 14:46:14,471 ignn.models.IGNN:215] epoch:214/best:168, loss:1.0164, train:0.7190, valid:0.4561/best:0.4947, test:0.5056/best:0.5225
[I 2026-09-12 14:46:14,486 ignn.models.IGNN:215] epoch:215/best:168, loss:1.0493, train:0.7190, valid:0.4491/best:0.4947, test:0.4944/best:0.5225
[I 2026-09-12 14:46:14,501 ignn.models.IGNN:215] epoch:216/best:168, loss:0.9881, train:0.7213, valid:0.4526/best:0.4947, test:0.4944/best:0.5225
[I 2026-09-12 14:46:14,517 ignn.models.IGNN:215] epoch:217/best:168, loss:1.0181, train:0.7190, valid:0.4491/best:0.4947, test:0.4944/best:0.5225
[I 2026-09-12 14:46:14,532 ignn.models.IGNN:215] epoch:218/best:168, loss:0.9775, train:0.7143, valid:0.4561/best:0.4947, test:0.5000/best:0.5225
[I 2026-09-12 14:46:14,532 ignn.models.IGNN:222] Early Stopping! Best Epoch: 168, best val acc: 0.4947, test acc: 0.5225
[I 2026-09-12 14:46:14,533 ignn.models.IGNN:234] 10 epoch cost: 0.1583s.
[I 2026-09-12 14:46:14,540 __main__:210] chameleon_critical 8 res: 0.5224719101123596


[I 2026-09-12 14:46:14,564 ignn.models.IGNN:215] epoch:0/best:0, loss:1.6166, train:0.2600, valid:0.2211/best:0.2211, test:0.2135/best:0.2135
[I 2026-09-12 14:46:14,581 ignn.models.IGNN:215] epoch:1/best:1, loss:1.6122, train:0.2904, valid:0.2561/best:0.2561, test:0.2528/best:0.2528
[I 2026-09-12 14:46:14,598 ignn.models.IGNN:215] epoch:2/best:2, loss:1.6066, train:0.2904, valid:0.2561/best:0.2561, test:0.2528/best:0.2528
[I 2026-09-12 14:46:14,614 ignn.models.IGNN:215] epoch:3/best:3, loss:1.6020, train:0.2904, valid:0.2561/best:0.2561, test:0.2528/best:0.2528
[I 2026-09-12 14:46:14,631 ignn.models.IGNN:215] epoch:4/best:4, loss:1.5973, train:0.2904, valid:0.2561/best:0.2561, test:0.2528/best:0.2528
[I 2026-09-12 14:46:14,648 ignn.models.IGNN:215] epoch:5/best:5, loss:1.5947, train:0.2904, valid:0.2561/best:0.2561, test:0.2528/best:0.2528
[I 2026-09-12 14:46:14,664 ignn.models.IGNN:215] epoch:6/best:6, loss:1.5893, train:0.2904, valid:0.2561/best:0.2561, test:0.2528/best:0.2528
[I 2026-09-12 14:46:14,681 ignn.models.IGNN:215] epoch:7/best:7, loss:1.5890, train:0.2904, valid:0.2561/best:0.2561, test:0.2528/best:0.2528
[I 2026-09-12 14:46:14,698 ignn.models.IGNN:215] epoch:8/best:8, loss:1.5874, train:0.2904, valid:0.2561/best:0.2561, test:0.2528/best:0.2528
[I 2026-09-12 14:46:14,714 ignn.models.IGNN:215] epoch:9/best:9, loss:1.5822, train:0.2904, valid:0.2561/best:0.2561, test:0.2528/best:0.2528
[I 2026-09-12 14:46:14,731 ignn.models.IGNN:215] epoch:10/best:10, loss:1.5842, train:0.2904, valid:0.2561/best:0.2561, test:0.2528/best:0.2528
[I 2026-09-12 14:46:14,748 ignn.models.IGNN:215] epoch:11/best:11, loss:1.5829, train:0.2904, valid:0.2561/best:0.2561, test:0.2528/best:0.2528
[I 2026-09-12 14:46:14,764 ignn.models.IGNN:215] epoch:12/best:12, loss:1.5836, train:0.2904, valid:0.2561/best:0.2561, test:0.2528/best:0.2528
[I 2026-09-12 14:46:14,781 ignn.models.IGNN:215] epoch:13/best:13, loss:1.5815, train:0.2904, valid:0.2561/best:0.2561, test:0.2528/best:0.2528
[I 2026-09-12 14:46:14,798 ignn.models.IGNN:215] epoch:14/best:14, loss:1.5802, train:0.2904, valid:0.2561/best:0.2561, test:0.2528/best:0.2528
[I 2026-09-12 14:46:14,814 ignn.models.IGNN:215] epoch:15/best:15, loss:1.5801, train:0.2904, valid:0.2561/best:0.2561, test:0.2528/best:0.2528
[I 2026-09-12 14:46:14,831 ignn.models.IGNN:215] epoch:16/best:16, loss:1.5771, train:0.2904, valid:0.2561/best:0.2561, test:0.2528/best:0.2528
[I 2026-09-12 14:46:14,848 ignn.models.IGNN:215] epoch:17/best:17, loss:1.5742, train:0.2904, valid:0.2561/best:0.2561, test:0.2528/best:0.2528
[I 2026-09-12 14:46:14,865 ignn.models.IGNN:215] epoch:18/best:18, loss:1.5763, train:0.2904, valid:0.2561/best:0.2561, test:0.2528/best:0.2528
[I 2026-09-12 14:46:14,881 ignn.models.IGNN:215] epoch:19/best:19, loss:1.5723, train:0.2927, valid:0.2561/best:0.2561, test:0.2528/best:0.2528
[I 2026-09-12 14:46:14,898 ignn.models.IGNN:215] epoch:20/best:20, loss:1.5689, train:0.2904, valid:0.2561/best:0.2561, test:0.2528/best:0.2528
[I 2026-09-12 14:46:14,915 ignn.models.IGNN:215] epoch:21/best:21, loss:1.5675, train:0.2904, valid:0.2561/best:0.2561, test:0.2528/best:0.2528
[I 2026-09-12 14:46:14,931 ignn.models.IGNN:215] epoch:22/best:22, loss:1.5668, train:0.2904, valid:0.2561/best:0.2561, test:0.2528/best:0.2528
[I 2026-09-12 14:46:14,948 ignn.models.IGNN:215] epoch:23/best:23, loss:1.5609, train:0.2904, valid:0.2561/best:0.2561, test:0.2528/best:0.2528
[I 2026-09-12 14:46:14,963 ignn.models.IGNN:215] epoch:24/best:23, loss:1.5687, train:0.2927, valid:0.2526/best:0.2561, test:0.2528/best:0.2528
[I 2026-09-12 14:46:14,978 ignn.models.IGNN:215] epoch:25/best:23, loss:1.5670, train:0.2927, valid:0.2491/best:0.2561, test:0.2528/best:0.2528
[I 2026-09-12 14:46:14,993 ignn.models.IGNN:215] epoch:26/best:23, loss:1.5599, train:0.2927, valid:0.2491/best:0.2561, test:0.2528/best:0.2528
[I 2026-09-12 14:46:15,009 ignn.models.IGNN:215] epoch:27/best:23, loss:1.5571, train:0.2904, valid:0.2491/best:0.2561, test:0.2528/best:0.2528
[I 2026-09-12 14:46:15,025 ignn.models.IGNN:215] epoch:28/best:23, loss:1.5518, train:0.2904, valid:0.2526/best:0.2561, test:0.2528/best:0.2528
[I 2026-09-12 14:46:15,041 ignn.models.IGNN:215] epoch:29/best:23, loss:1.5481, train:0.2927, valid:0.2491/best:0.2561, test:0.2584/best:0.2528
[I 2026-09-12 14:46:15,057 ignn.models.IGNN:215] epoch:30/best:23, loss:1.5473, train:0.2951, valid:0.2491/best:0.2561, test:0.2584/best:0.2528
[I 2026-09-12 14:46:15,074 ignn.models.IGNN:215] epoch:31/best:23, loss:1.5479, train:0.2998, valid:0.2526/best:0.2561, test:0.2584/best:0.2528
[I 2026-09-12 14:46:15,090 ignn.models.IGNN:215] epoch:32/best:23, loss:1.5482, train:0.3021, valid:0.2526/best:0.2561, test:0.2640/best:0.2528
[I 2026-09-12 14:46:15,107 ignn.models.IGNN:215] epoch:33/best:33, loss:1.5414, train:0.3091, valid:0.2561/best:0.2561, test:0.2697/best:0.2697
[I 2026-09-12 14:46:15,124 ignn.models.IGNN:215] epoch:34/best:34, loss:1.5391, train:0.3091, valid:0.2596/best:0.2596, test:0.2697/best:0.2697
[I 2026-09-12 14:46:15,141 ignn.models.IGNN:215] epoch:35/best:35, loss:1.5395, train:0.3162, valid:0.2737/best:0.2737, test:0.2753/best:0.2753
[I 2026-09-12 14:46:15,156 ignn.models.IGNN:215] epoch:36/best:35, loss:1.5323, train:0.3255, valid:0.2702/best:0.2737, test:0.2809/best:0.2753
[I 2026-09-12 14:46:15,174 ignn.models.IGNN:215] epoch:37/best:37, loss:1.5348, train:0.3326, valid:0.2877/best:0.2877, test:0.2753/best:0.2753
[I 2026-09-12 14:46:15,189 ignn.models.IGNN:215] epoch:38/best:37, loss:1.5316, train:0.3419, valid:0.2842/best:0.2877, test:0.2921/best:0.2753
[I 2026-09-12 14:46:15,205 ignn.models.IGNN:215] epoch:39/best:37, loss:1.5128, train:0.3396, valid:0.2842/best:0.2877, test:0.3034/best:0.2753
[I 2026-09-12 14:46:15,221 ignn.models.IGNN:215] epoch:40/best:37, loss:1.5276, train:0.3443, valid:0.2842/best:0.2877, test:0.2978/best:0.2753
[I 2026-09-12 14:46:15,237 ignn.models.IGNN:215] epoch:41/best:41, loss:1.5166, train:0.3536, valid:0.3053/best:0.3053, test:0.3146/best:0.3146
[I 2026-09-12 14:46:15,254 ignn.models.IGNN:215] epoch:42/best:42, loss:1.5046, train:0.3560, valid:0.3053/best:0.3053, test:0.3146/best:0.3146
[I 2026-09-12 14:46:15,271 ignn.models.IGNN:215] epoch:43/best:43, loss:1.5007, train:0.3536, valid:0.3088/best:0.3088, test:0.3090/best:0.3090
[I 2026-09-12 14:46:15,286 ignn.models.IGNN:215] epoch:44/best:43, loss:1.5086, train:0.3536, valid:0.3018/best:0.3088, test:0.3202/best:0.3090
[I 2026-09-12 14:46:15,301 ignn.models.IGNN:215] epoch:45/best:43, loss:1.5010, train:0.3583, valid:0.3053/best:0.3088, test:0.3202/best:0.3090
[I 2026-09-12 14:46:15,317 ignn.models.IGNN:215] epoch:46/best:43, loss:1.4756, train:0.3630, valid:0.3053/best:0.3088, test:0.3202/best:0.3090
[I 2026-09-12 14:46:15,332 ignn.models.IGNN:215] epoch:47/best:43, loss:1.4736, train:0.3677, valid:0.3053/best:0.3088, test:0.3371/best:0.3090
[I 2026-09-12 14:46:15,350 ignn.models.IGNN:215] epoch:48/best:48, loss:1.4686, train:0.3747, valid:0.3088/best:0.3088, test:0.3315/best:0.3315
[I 2026-09-12 14:46:15,366 ignn.models.IGNN:215] epoch:49/best:49, loss:1.4972, train:0.3794, valid:0.3088/best:0.3088, test:0.3371/best:0.3371
[I 2026-09-12 14:46:15,383 ignn.models.IGNN:215] epoch:50/best:50, loss:1.4538, train:0.3794, valid:0.3193/best:0.3193, test:0.3483/best:0.3483
[I 2026-09-12 14:46:15,400 ignn.models.IGNN:215] epoch:51/best:51, loss:1.4496, train:0.3934, valid:0.3193/best:0.3193, test:0.3652/best:0.3652
[I 2026-09-12 14:46:15,416 ignn.models.IGNN:215] epoch:52/best:52, loss:1.4626, train:0.3934, valid:0.3298/best:0.3298, test:0.3652/best:0.3652
[I 2026-09-12 14:46:15,432 ignn.models.IGNN:215] epoch:53/best:52, loss:1.4615, train:0.4005, valid:0.3193/best:0.3298, test:0.3652/best:0.3652
[I 2026-09-12 14:46:15,447 ignn.models.IGNN:215] epoch:54/best:52, loss:1.4572, train:0.4005, valid:0.3193/best:0.3298, test:0.3652/best:0.3652
[I 2026-09-12 14:46:15,464 ignn.models.IGNN:215] epoch:55/best:55, loss:1.4443, train:0.4075, valid:0.3368/best:0.3368, test:0.3652/best:0.3652
[I 2026-09-12 14:46:15,480 ignn.models.IGNN:215] epoch:56/best:56, loss:1.4469, train:0.4122, valid:0.3439/best:0.3439, test:0.3652/best:0.3652
[I 2026-09-12 14:46:15,497 ignn.models.IGNN:215] epoch:57/best:57, loss:1.4234, train:0.4215, valid:0.3579/best:0.3579, test:0.3708/best:0.3708
[I 2026-09-12 14:46:15,514 ignn.models.IGNN:215] epoch:58/best:58, loss:1.4114, train:0.4239, valid:0.3614/best:0.3614, test:0.3764/best:0.3764
[I 2026-09-12 14:46:15,530 ignn.models.IGNN:215] epoch:59/best:59, loss:1.4151, train:0.4333, valid:0.3614/best:0.3614, test:0.3820/best:0.3820
[I 2026-09-12 14:46:15,547 ignn.models.IGNN:215] epoch:60/best:60, loss:1.3942, train:0.4309, valid:0.3614/best:0.3614, test:0.3876/best:0.3876
[I 2026-09-12 14:46:15,564 ignn.models.IGNN:215] epoch:61/best:61, loss:1.4203, train:0.4333, valid:0.3684/best:0.3684, test:0.3933/best:0.3933
[I 2026-09-12 14:46:15,580 ignn.models.IGNN:215] epoch:62/best:62, loss:1.4099, train:0.4333, valid:0.3719/best:0.3719, test:0.3933/best:0.3933
[I 2026-09-12 14:46:15,597 ignn.models.IGNN:215] epoch:63/best:63, loss:1.4203, train:0.4379, valid:0.3789/best:0.3789, test:0.3933/best:0.3933
[I 2026-09-12 14:46:15,614 ignn.models.IGNN:215] epoch:64/best:64, loss:1.3813, train:0.4473, valid:0.3789/best:0.3789, test:0.3933/best:0.3933
[I 2026-09-12 14:46:15,630 ignn.models.IGNN:215] epoch:65/best:65, loss:1.3977, train:0.4473, valid:0.3825/best:0.3825, test:0.3989/best:0.3989
[I 2026-09-12 14:46:15,646 ignn.models.IGNN:215] epoch:66/best:65, loss:1.4127, train:0.4426, valid:0.3719/best:0.3825, test:0.3989/best:0.3989
[I 2026-09-12 14:46:15,661 ignn.models.IGNN:215] epoch:67/best:65, loss:1.3501, train:0.4426, valid:0.3754/best:0.3825, test:0.3989/best:0.3989
[I 2026-09-12 14:46:15,680 ignn.models.IGNN:215] epoch:68/best:65, loss:1.3505, train:0.4450, valid:0.3789/best:0.3825, test:0.3876/best:0.3989
[I 2026-09-12 14:46:15,697 ignn.models.IGNN:215] epoch:69/best:65, loss:1.3473, train:0.4496, valid:0.3789/best:0.3825, test:0.4101/best:0.3989
[I 2026-09-12 14:46:15,715 ignn.models.IGNN:215] epoch:70/best:70, loss:1.3569, train:0.4520, valid:0.3965/best:0.3965, test:0.4270/best:0.4270
[I 2026-09-12 14:46:15,733 ignn.models.IGNN:215] epoch:71/best:71, loss:1.3110, train:0.4754, valid:0.3965/best:0.3965, test:0.4157/best:0.4157
[I 2026-09-12 14:46:15,750 ignn.models.IGNN:215] epoch:72/best:72, loss:1.3235, train:0.4684, valid:0.3965/best:0.3965, test:0.4101/best:0.4101
[I 2026-09-12 14:46:15,767 ignn.models.IGNN:215] epoch:73/best:73, loss:1.2969, train:0.4707, valid:0.3965/best:0.3965, test:0.4157/best:0.4157
[I 2026-09-12 14:46:15,784 ignn.models.IGNN:215] epoch:74/best:74, loss:1.2966, train:0.4848, valid:0.4000/best:0.4000, test:0.4326/best:0.4326
[I 2026-09-12 14:46:15,799 ignn.models.IGNN:215] epoch:75/best:74, loss:1.2690, train:0.4871, valid:0.3965/best:0.4000, test:0.4382/best:0.4326
[I 2026-09-12 14:46:15,815 ignn.models.IGNN:215] epoch:76/best:74, loss:1.2818, train:0.4988, valid:0.3895/best:0.4000, test:0.4438/best:0.4326
[I 2026-09-12 14:46:15,832 ignn.models.IGNN:215] epoch:77/best:77, loss:1.2636, train:0.5082, valid:0.4000/best:0.4000, test:0.4326/best:0.4326
[I 2026-09-12 14:46:15,849 ignn.models.IGNN:215] epoch:78/best:78, loss:1.2339, train:0.5105, valid:0.4175/best:0.4175, test:0.4270/best:0.4270
[I 2026-09-12 14:46:15,866 ignn.models.IGNN:215] epoch:79/best:79, loss:1.2363, train:0.5035, valid:0.4175/best:0.4175, test:0.4270/best:0.4270
[I 2026-09-12 14:46:15,883 ignn.models.IGNN:215] epoch:80/best:80, loss:1.2490, train:0.5082, valid:0.4351/best:0.4351, test:0.4382/best:0.4382
[I 2026-09-12 14:46:15,899 ignn.models.IGNN:215] epoch:81/best:81, loss:1.2421, train:0.5082, valid:0.4351/best:0.4351, test:0.4157/best:0.4157
[I 2026-09-12 14:46:15,915 ignn.models.IGNN:215] epoch:82/best:81, loss:1.2490, train:0.5176, valid:0.4281/best:0.4351, test:0.4382/best:0.4157
[I 2026-09-12 14:46:15,932 ignn.models.IGNN:215] epoch:83/best:83, loss:1.1916, train:0.5082, valid:0.4386/best:0.4386, test:0.4213/best:0.4213
[I 2026-09-12 14:46:15,948 ignn.models.IGNN:215] epoch:84/best:84, loss:1.2056, train:0.5082, valid:0.4421/best:0.4421, test:0.4213/best:0.4213
[I 2026-09-12 14:46:15,965 ignn.models.IGNN:215] epoch:85/best:85, loss:1.2034, train:0.5082, valid:0.4421/best:0.4421, test:0.4270/best:0.4270
[I 2026-09-12 14:46:15,980 ignn.models.IGNN:215] epoch:86/best:85, loss:1.1732, train:0.5152, valid:0.4351/best:0.4421, test:0.4157/best:0.4270
[I 2026-09-12 14:46:15,995 ignn.models.IGNN:215] epoch:87/best:85, loss:1.2043, train:0.5363, valid:0.4351/best:0.4421, test:0.4101/best:0.4270
[I 2026-09-12 14:46:16,012 ignn.models.IGNN:215] epoch:88/best:88, loss:1.1767, train:0.5480, valid:0.4526/best:0.4526, test:0.4607/best:0.4607
[I 2026-09-12 14:46:16,028 ignn.models.IGNN:215] epoch:89/best:88, loss:1.2083, train:0.5457, valid:0.4491/best:0.4526, test:0.4663/best:0.4607
[I 2026-09-12 14:46:16,043 ignn.models.IGNN:215] epoch:90/best:88, loss:1.1798, train:0.5574, valid:0.4456/best:0.4526, test:0.4719/best:0.4607
[I 2026-09-12 14:46:16,060 ignn.models.IGNN:215] epoch:91/best:91, loss:1.1820, train:0.5504, valid:0.4561/best:0.4561, test:0.4831/best:0.4831
[I 2026-09-12 14:46:16,075 ignn.models.IGNN:215] epoch:92/best:91, loss:1.1614, train:0.5527, valid:0.4351/best:0.4561, test:0.4888/best:0.4831
[I 2026-09-12 14:46:16,090 ignn.models.IGNN:215] epoch:93/best:91, loss:1.1540, train:0.5457, valid:0.4316/best:0.4561, test:0.5056/best:0.4831
[I 2026-09-12 14:46:16,105 ignn.models.IGNN:215] epoch:94/best:91, loss:1.1905, train:0.5410, valid:0.4246/best:0.4561, test:0.5112/best:0.4831
[I 2026-09-12 14:46:16,121 ignn.models.IGNN:215] epoch:95/best:91, loss:1.1482, train:0.5597, valid:0.4351/best:0.4561, test:0.4888/best:0.4831
[I 2026-09-12 14:46:16,136 ignn.models.IGNN:215] epoch:96/best:91, loss:1.1368, train:0.5574, valid:0.4491/best:0.4561, test:0.5000/best:0.4831
[I 2026-09-12 14:46:16,151 ignn.models.IGNN:215] epoch:97/best:91, loss:1.1596, train:0.5621, valid:0.4491/best:0.4561, test:0.4888/best:0.4831
[I 2026-09-12 14:46:16,167 ignn.models.IGNN:215] epoch:98/best:91, loss:1.1237, train:0.5410, valid:0.4456/best:0.4561, test:0.4775/best:0.4831
[I 2026-09-12 14:46:16,184 ignn.models.IGNN:215] epoch:99/best:99, loss:1.1618, train:0.5550, valid:0.4561/best:0.4561, test:0.4888/best:0.4888
[I 2026-09-12 14:46:16,200 ignn.models.IGNN:215] epoch:100/best:100, loss:1.1432, train:0.5738, valid:0.4737/best:0.4737, test:0.5000/best:0.5000
[I 2026-09-12 14:46:16,216 ignn.models.IGNN:215] epoch:101/best:100, loss:1.1380, train:0.5948, valid:0.4596/best:0.4737, test:0.5225/best:0.5000
[I 2026-09-12 14:46:16,231 ignn.models.IGNN:215] epoch:102/best:100, loss:1.1486, train:0.6112, valid:0.4667/best:0.4737, test:0.5337/best:0.5000
[I 2026-09-12 14:46:16,247 ignn.models.IGNN:215] epoch:103/best:100, loss:1.1543, train:0.6112, valid:0.4596/best:0.4737, test:0.5281/best:0.5000
[I 2026-09-12 14:46:16,263 ignn.models.IGNN:215] epoch:104/best:104, loss:1.1508, train:0.6183, valid:0.4807/best:0.4807, test:0.5281/best:0.5281
[I 2026-09-12 14:46:16,279 ignn.models.IGNN:215] epoch:105/best:104, loss:1.2105, train:0.6042, valid:0.4737/best:0.4807, test:0.5225/best:0.5281
[I 2026-09-12 14:46:16,294 ignn.models.IGNN:215] epoch:106/best:104, loss:1.1138, train:0.5855, valid:0.4316/best:0.4807, test:0.5000/best:0.5281
[I 2026-09-12 14:46:16,309 ignn.models.IGNN:215] epoch:107/best:104, loss:1.1219, train:0.5714, valid:0.4386/best:0.4807, test:0.4663/best:0.5281
[I 2026-09-12 14:46:16,324 ignn.models.IGNN:215] epoch:108/best:104, loss:1.1244, train:0.5738, valid:0.4316/best:0.4807, test:0.4831/best:0.5281
[I 2026-09-12 14:46:16,340 ignn.models.IGNN:215] epoch:109/best:104, loss:1.1221, train:0.5878, valid:0.4386/best:0.4807, test:0.4944/best:0.5281
[I 2026-09-12 14:46:16,355 ignn.models.IGNN:215] epoch:110/best:104, loss:1.1085, train:0.5995, valid:0.4456/best:0.4807, test:0.4944/best:0.5281
[I 2026-09-12 14:46:16,371 ignn.models.IGNN:215] epoch:111/best:104, loss:1.1075, train:0.6019, valid:0.4351/best:0.4807, test:0.5112/best:0.5281
[I 2026-09-12 14:46:16,386 ignn.models.IGNN:215] epoch:112/best:104, loss:1.1001, train:0.5948, valid:0.4351/best:0.4807, test:0.5112/best:0.5281
[I 2026-09-12 14:46:16,401 ignn.models.IGNN:215] epoch:113/best:104, loss:1.0826, train:0.5972, valid:0.4316/best:0.4807, test:0.5169/best:0.5281
[I 2026-09-12 14:46:16,417 ignn.models.IGNN:215] epoch:114/best:104, loss:1.1207, train:0.5878, valid:0.4421/best:0.4807, test:0.5000/best:0.5281
[I 2026-09-12 14:46:16,433 ignn.models.IGNN:215] epoch:115/best:104, loss:1.1369, train:0.5902, valid:0.4211/best:0.4807, test:0.5000/best:0.5281
[I 2026-09-12 14:46:16,448 ignn.models.IGNN:215] epoch:116/best:104, loss:1.0804, train:0.5948, valid:0.4456/best:0.4807, test:0.5000/best:0.5281
[I 2026-09-12 14:46:16,464 ignn.models.IGNN:215] epoch:117/best:104, loss:1.0799, train:0.5925, valid:0.4667/best:0.4807, test:0.5000/best:0.5281
[I 2026-09-12 14:46:16,479 ignn.models.IGNN:215] epoch:118/best:104, loss:1.1112, train:0.5948, valid:0.4561/best:0.4807, test:0.4775/best:0.5281
[I 2026-09-12 14:46:16,495 ignn.models.IGNN:215] epoch:119/best:104, loss:1.0807, train:0.6042, valid:0.4491/best:0.4807, test:0.5112/best:0.5281
[I 2026-09-12 14:46:16,510 ignn.models.IGNN:215] epoch:120/best:104, loss:1.0826, train:0.6370, valid:0.4491/best:0.4807, test:0.5169/best:0.5281
[I 2026-09-12 14:46:16,525 ignn.models.IGNN:215] epoch:121/best:104, loss:1.1148, train:0.6206, valid:0.4351/best:0.4807, test:0.5225/best:0.5281
[I 2026-09-12 14:46:16,541 ignn.models.IGNN:215] epoch:122/best:104, loss:1.1180, train:0.6112, valid:0.4561/best:0.4807, test:0.5281/best:0.5281
[I 2026-09-12 14:46:16,556 ignn.models.IGNN:215] epoch:123/best:104, loss:1.0603, train:0.6136, valid:0.4561/best:0.4807, test:0.5281/best:0.5281
[I 2026-09-12 14:46:16,571 ignn.models.IGNN:215] epoch:124/best:104, loss:1.0931, train:0.6066, valid:0.4386/best:0.4807, test:0.5281/best:0.5281
[I 2026-09-12 14:46:16,587 ignn.models.IGNN:215] epoch:125/best:104, loss:1.0652, train:0.6112, valid:0.4316/best:0.4807, test:0.5112/best:0.5281
[I 2026-09-12 14:46:16,602 ignn.models.IGNN:215] epoch:126/best:104, loss:1.0736, train:0.6066, valid:0.4421/best:0.4807, test:0.5169/best:0.5281
[I 2026-09-12 14:46:16,617 ignn.models.IGNN:215] epoch:127/best:104, loss:1.0494, train:0.6089, valid:0.4526/best:0.4807, test:0.4888/best:0.5281
[I 2026-09-12 14:46:16,633 ignn.models.IGNN:215] epoch:128/best:104, loss:1.0800, train:0.6136, valid:0.4561/best:0.4807, test:0.5000/best:0.5281
[I 2026-09-12 14:46:16,648 ignn.models.IGNN:215] epoch:129/best:104, loss:1.0537, train:0.6230, valid:0.4561/best:0.4807, test:0.4944/best:0.5281
[I 2026-09-12 14:46:16,663 ignn.models.IGNN:215] epoch:130/best:104, loss:1.0635, train:0.6300, valid:0.4421/best:0.4807, test:0.5169/best:0.5281
[I 2026-09-12 14:46:16,679 ignn.models.IGNN:215] epoch:131/best:104, loss:1.0196, train:0.6347, valid:0.4526/best:0.4807, test:0.5337/best:0.5281
[I 2026-09-12 14:46:16,694 ignn.models.IGNN:215] epoch:132/best:104, loss:1.0847, train:0.6487, valid:0.4526/best:0.4807, test:0.5393/best:0.5281
[I 2026-09-12 14:46:16,709 ignn.models.IGNN:215] epoch:133/best:104, loss:1.0785, train:0.6511, valid:0.4491/best:0.4807, test:0.5281/best:0.5281
[I 2026-09-12 14:46:16,725 ignn.models.IGNN:215] epoch:134/best:104, loss:1.0637, train:0.6581, valid:0.4737/best:0.4807, test:0.5281/best:0.5281
[I 2026-09-12 14:46:16,740 ignn.models.IGNN:215] epoch:135/best:104, loss:1.0699, train:0.6487, valid:0.4561/best:0.4807, test:0.5112/best:0.5281
[I 2026-09-12 14:46:16,756 ignn.models.IGNN:215] epoch:136/best:104, loss:1.0424, train:0.6347, valid:0.4632/best:0.4807, test:0.5000/best:0.5281
[I 2026-09-12 14:46:16,771 ignn.models.IGNN:215] epoch:137/best:104, loss:1.0577, train:0.6347, valid:0.4772/best:0.4807, test:0.4775/best:0.5281
[I 2026-09-12 14:46:16,787 ignn.models.IGNN:215] epoch:138/best:104, loss:1.0696, train:0.6393, valid:0.4632/best:0.4807, test:0.4719/best:0.5281
[I 2026-09-12 14:46:16,802 ignn.models.IGNN:215] epoch:139/best:104, loss:1.0724, train:0.6464, valid:0.4456/best:0.4807, test:0.5056/best:0.5281
[I 2026-09-12 14:46:16,817 ignn.models.IGNN:215] epoch:140/best:104, loss:1.0404, train:0.6464, valid:0.4386/best:0.4807, test:0.5000/best:0.5281
[I 2026-09-12 14:46:16,833 ignn.models.IGNN:215] epoch:141/best:104, loss:1.0756, train:0.6440, valid:0.4421/best:0.4807, test:0.5112/best:0.5281
[I 2026-09-12 14:46:16,848 ignn.models.IGNN:215] epoch:142/best:104, loss:1.0940, train:0.6393, valid:0.4421/best:0.4807, test:0.5000/best:0.5281
[I 2026-09-12 14:46:16,863 ignn.models.IGNN:215] epoch:143/best:104, loss:1.0726, train:0.6464, valid:0.4456/best:0.4807, test:0.4944/best:0.5281
[I 2026-09-12 14:46:16,879 ignn.models.IGNN:215] epoch:144/best:104, loss:1.0626, train:0.6604, valid:0.4561/best:0.4807, test:0.4944/best:0.5281
[I 2026-09-12 14:46:16,894 ignn.models.IGNN:215] epoch:145/best:104, loss:1.0662, train:0.6698, valid:0.4526/best:0.4807, test:0.4944/best:0.5281
[I 2026-09-12 14:46:16,910 ignn.models.IGNN:215] epoch:146/best:104, loss:1.0614, train:0.6745, valid:0.4526/best:0.4807, test:0.5000/best:0.5281
[I 2026-09-12 14:46:16,925 ignn.models.IGNN:215] epoch:147/best:104, loss:1.0529, train:0.6792, valid:0.4456/best:0.4807, test:0.4944/best:0.5281
[I 2026-09-12 14:46:16,941 ignn.models.IGNN:215] epoch:148/best:104, loss:1.0799, train:0.6956, valid:0.4561/best:0.4807, test:0.5000/best:0.5281
[I 2026-09-12 14:46:16,956 ignn.models.IGNN:215] epoch:149/best:104, loss:1.0455, train:0.6838, valid:0.4561/best:0.4807, test:0.5225/best:0.5281
[I 2026-09-12 14:46:16,971 ignn.models.IGNN:215] epoch:150/best:104, loss:1.0024, train:0.6768, valid:0.4456/best:0.4807, test:0.5169/best:0.5281
[I 2026-09-12 14:46:16,987 ignn.models.IGNN:215] epoch:151/best:104, loss:1.0404, train:0.6838, valid:0.4246/best:0.4807, test:0.5056/best:0.5281
[I 2026-09-12 14:46:17,002 ignn.models.IGNN:215] epoch:152/best:104, loss:1.0343, train:0.6815, valid:0.4351/best:0.4807, test:0.5281/best:0.5281
[I 2026-09-12 14:46:17,017 ignn.models.IGNN:215] epoch:153/best:104, loss:1.0542, train:0.6838, valid:0.4281/best:0.4807, test:0.5056/best:0.5281
[I 2026-09-12 14:46:17,033 ignn.models.IGNN:215] epoch:154/best:104, loss:1.0446, train:0.6815, valid:0.4316/best:0.4807, test:0.4831/best:0.5281
[I 2026-09-12 14:46:17,033 ignn.models.IGNN:222] Early Stopping! Best Epoch: 104, best val acc: 0.4807, test acc: 0.5281
[I 2026-09-12 14:46:17,034 ignn.models.IGNN:234] 10 epoch cost: 0.1615s.
[I 2026-09-12 14:46:17,041 __main__:210] chameleon_critical 9 res: 0.5280898876404494


[I 2026-09-12 14:46:17,041 __main__:214] Results: 	Acc:49.55±3.25 	Train cost: 2.91s

finished_utc=2026-09-12T06:46:17+00:00
exit_code=0
