[repro] paper=gbn
[repro] started_at=2026-09-14T02:32:14+08:00
[repro] run_id=20260914_023214_ablate_beta_all0_Texas_r10_pid343853
[repro] repo_commit=72ad3692916ecc60f2c78d5bd01a55d7c6297a4f
[repro] env=dtgb cwd=/home/lab_user/project/lzc/repro/gbn
[repro] command=python main.py --task NC --dataset Texas
[repro] resource_cap_ratio=85 threads=17
[repro] python=3.10.20 torch=2.2.1+cu121 cuda=True gpu=NVIDIA GeForce RTX 3090
[cap] cores=17/20 CPUQuota=1700% MemoryMax=55139365888 cuda_fraction=0.85 mps=85 gpu_gov=1
Running as unit: run-p343924-i337361.scope; invocation ID: e2f61b75471c45afbf2a166baf76a493
Loading config file: ./configs/NC/Texas.json
Log path: ./logs//NC_Texas_NL5_HD512_DP0.3_ACTgelu_NORMln_BTrue_LRNC0.0001_LRT0.001.log
INFO - 09/14/26 02:32:19 - 0:00:00 - {'task': 'NC', 'dataset': 'Texas', 'root_path': './datasets', 'val_every': 5, 'exp_iters': 10, 'log_dir': './logs/', 'result_dir': './results/', 'task_model_path': 'NC_Texas_model.pt', 'checkpoints': './checkpoints/', 'add_self_loop': False, 'n_layers': 5, 'hid_dim': 512, 'embed_dim': 512, 'dropout': 0.3, 'act': 'gelu', 'input_act': 'gelu', 'norm': 'ln', 'bias': True, 'tau': 1.0, 'lr_nc': 0.0001, 'weight_decay_nc': 0, 'epochs_nc': 2000, 'patience_nc': 15, 'additional_layers': 0, 'distance_list': [50, 10, 5, 3], 'lr_trans': 0.001, 'weight_decay_trans': 0, 'epochs_trans': 2000, 'patience_trans': 10, 'use_gpu': True, 'gpu': 0, 'devices': '0', 'layer_wise': True, 'ablate': 'beta_all0', 'log_path': './logs//NC_Texas_NL5_HD512_DP0.3_ACTgelu_NORMln_BTrue_LRNC0.0001_LRT0.001.log', 'result_path': './results//NC_Texas.txt'}
INFO - 09/14/26 02:32:19 - 0:00:00 - --------------------------Training Start-------------------------
INFO - 09/14/26 02:32:19 - 0:00:00 - Epoch 0: train_loss=1.9450392723083496, train_acc= 22.99%
INFO - 09/14/26 02:32:19 - 0:00:00 - Epoch 0: val_loss=1.7379518747329712, val_acc= 10.17%,val_weighted_f1= 4.63,val_macro_f1= 4.42%
INFO - 09/14/26 02:32:19 - 0:00:00 - Epoch 1: train_loss=1.522192358970642, train_acc= 27.59%
INFO - 09/14/26 02:32:19 - 0:00:00 - Epoch 2: train_loss=1.2663578987121582, train_acc= 48.28%
INFO - 09/14/26 02:32:19 - 0:00:00 - Epoch 3: train_loss=1.093369722366333, train_acc= 59.77%
INFO - 09/14/26 02:32:19 - 0:00:01 - Epoch 4: train_loss=1.0240304470062256, train_acc= 55.17%
INFO - 09/14/26 02:32:19 - 0:00:01 - Epoch 5: train_loss=0.9527841210365295, train_acc= 58.62%
INFO - 09/14/26 02:32:19 - 0:00:01 - Epoch 5: val_loss=1.1497951745986938, val_acc= 54.24%,val_weighted_f1= 39.78,val_macro_f1= 16.43%
INFO - 09/14/26 02:32:19 - 0:00:01 - Epoch 6: train_loss=0.8885840177536011, train_acc= 59.77%
INFO - 09/14/26 02:32:19 - 0:00:01 - Epoch 7: train_loss=0.7697742581367493, train_acc= 67.82%
INFO - 09/14/26 02:32:19 - 0:00:01 - Epoch 8: train_loss=0.7267197966575623, train_acc= 72.41%
INFO - 09/14/26 02:32:19 - 0:00:01 - Epoch 9: train_loss=0.6263742446899414, train_acc= 75.86%
INFO - 09/14/26 02:32:19 - 0:00:01 - Epoch 10: train_loss=0.5838648676872253, train_acc= 88.51%
INFO - 09/14/26 02:32:19 - 0:00:01 - Epoch 10: val_loss=0.9147523641586304, val_acc= 67.80%,val_weighted_f1= 60.83,val_macro_f1= 30.90%
INFO - 09/14/26 02:32:19 - 0:00:01 - Epoch 11: train_loss=0.5296854972839355, train_acc= 91.95%
INFO - 09/14/26 02:32:19 - 0:00:01 - Epoch 12: train_loss=0.48909100890159607, train_acc= 91.95%
INFO - 09/14/26 02:32:19 - 0:00:01 - Epoch 13: train_loss=0.4418773949146271, train_acc= 94.25%
INFO - 09/14/26 02:32:19 - 0:00:01 - Epoch 14: train_loss=0.4102596938610077, train_acc= 94.25%
INFO - 09/14/26 02:32:19 - 0:00:01 - Epoch 15: train_loss=0.3612464964389801, train_acc= 94.25%
INFO - 09/14/26 02:32:19 - 0:00:01 - Epoch 15: val_loss=0.7667527198791504, val_acc= 74.58%,val_weighted_f1= 70.00,val_macro_f1= 40.54%
INFO - 09/14/26 02:32:19 - 0:00:01 - Epoch 16: train_loss=0.32465434074401855, train_acc= 94.25%
INFO - 09/14/26 02:32:19 - 0:00:01 - Epoch 17: train_loss=0.29070624709129333, train_acc= 95.40%
INFO - 09/14/26 02:32:20 - 0:00:01 - Epoch 18: train_loss=0.2549891769886017, train_acc= 94.25%
INFO - 09/14/26 02:32:20 - 0:00:01 - Epoch 19: train_loss=0.24801625311374664, train_acc= 95.40%
INFO - 09/14/26 02:32:20 - 0:00:01 - Epoch 20: train_loss=0.19513055682182312, train_acc= 96.55%
INFO - 09/14/26 02:32:20 - 0:00:01 - Epoch 20: val_loss=0.6708558201789856, val_acc= 77.97%,val_weighted_f1= 75.76,val_macro_f1= 50.59%
INFO - 09/14/26 02:32:20 - 0:00:01 - Epoch 21: train_loss=0.19092397391796112, train_acc= 96.55%
INFO - 09/14/26 02:32:20 - 0:00:01 - Epoch 22: train_loss=0.17522099614143372, train_acc= 96.55%
INFO - 09/14/26 02:32:20 - 0:00:01 - Epoch 23: train_loss=0.16162484884262085, train_acc= 96.55%
INFO - 09/14/26 02:32:20 - 0:00:01 - Epoch 24: train_loss=0.14047373831272125, train_acc= 96.55%
INFO - 09/14/26 02:32:20 - 0:00:01 - Epoch 25: train_loss=0.11659982800483704, train_acc= 96.55%
INFO - 09/14/26 02:32:20 - 0:00:01 - Epoch 25: val_loss=0.6102984547615051, val_acc= 79.66%,val_weighted_f1= 77.90,val_macro_f1= 54.39%
INFO - 09/14/26 02:32:20 - 0:00:01 - Epoch 26: train_loss=0.10533520579338074, train_acc= 97.70%
INFO - 09/14/26 02:32:20 - 0:00:01 - Epoch 27: train_loss=0.09416414797306061, train_acc= 96.55%
INFO - 09/14/26 02:32:20 - 0:00:01 - Epoch 28: train_loss=0.0824289321899414, train_acc= 97.70%
INFO - 09/14/26 02:32:20 - 0:00:01 - Epoch 29: train_loss=0.07193958014249802, train_acc= 100.00%
INFO - 09/14/26 02:32:20 - 0:00:01 - Epoch 30: train_loss=0.06162336468696594, train_acc= 98.85%
INFO - 09/14/26 02:32:20 - 0:00:01 - Epoch 30: val_loss=0.5587658286094666, val_acc= 83.05%,val_weighted_f1= 81.55,val_macro_f1= 58.66%
INFO - 09/14/26 02:32:20 - 0:00:01 - Epoch 31: train_loss=0.062219806015491486, train_acc= 100.00%
INFO - 09/14/26 02:32:20 - 0:00:01 - Epoch 32: train_loss=0.05277566984295845, train_acc= 100.00%
INFO - 09/14/26 02:32:20 - 0:00:01 - Epoch 33: train_loss=0.053822729736566544, train_acc= 100.00%
INFO - 09/14/26 02:32:20 - 0:00:01 - Epoch 34: train_loss=0.042325880378484726, train_acc= 100.00%
INFO - 09/14/26 02:32:20 - 0:00:01 - Epoch 35: train_loss=0.0377965122461319, train_acc= 100.00%
INFO - 09/14/26 02:32:20 - 0:00:01 - Epoch 35: val_loss=0.5316438674926758, val_acc= 86.44%,val_weighted_f1= 85.29,val_macro_f1= 64.16%
INFO - 09/14/26 02:32:20 - 0:00:01 - Epoch 36: train_loss=0.032659195363521576, train_acc= 100.00%
INFO - 09/14/26 02:32:20 - 0:00:01 - Epoch 37: train_loss=0.025577325373888016, train_acc= 100.00%
INFO - 09/14/26 02:32:20 - 0:00:01 - Epoch 38: train_loss=0.034441448748111725, train_acc= 100.00%
INFO - 09/14/26 02:32:20 - 0:00:01 - Epoch 39: train_loss=0.027206536382436752, train_acc= 100.00%
INFO - 09/14/26 02:32:20 - 0:00:01 - Epoch 40: train_loss=0.021976131945848465, train_acc= 100.00%
INFO - 09/14/26 02:32:20 - 0:00:01 - Epoch 40: val_loss=0.523222029209137, val_acc= 84.75%,val_weighted_f1= 83.50,val_macro_f1= 61.35%
EarlyStopping counter: 1 out of 15
INFO - 09/14/26 02:32:20 - 0:00:01 - Epoch 41: train_loss=0.019295988604426384, train_acc= 100.00%
INFO - 09/14/26 02:32:20 - 0:00:01 - Epoch 42: train_loss=0.019142990931868553, train_acc= 100.00%
INFO - 09/14/26 02:32:20 - 0:00:01 - Epoch 43: train_loss=0.01739714853465557, train_acc= 100.00%
INFO - 09/14/26 02:32:20 - 0:00:02 - Epoch 44: train_loss=0.017055226489901543, train_acc= 100.00%
INFO - 09/14/26 02:32:20 - 0:00:02 - Epoch 45: train_loss=0.01512798760086298, train_acc= 100.00%
INFO - 09/14/26 02:32:20 - 0:00:02 - Epoch 45: val_loss=0.5312631130218506, val_acc= 84.75%,val_weighted_f1= 83.26,val_macro_f1= 62.04%
EarlyStopping counter: 2 out of 15
INFO - 09/14/26 02:32:20 - 0:00:02 - Epoch 46: train_loss=0.01210333313792944, train_acc= 100.00%
INFO - 09/14/26 02:32:20 - 0:00:02 - Epoch 47: train_loss=0.011966181918978691, train_acc= 100.00%
INFO - 09/14/26 02:32:20 - 0:00:02 - Epoch 48: train_loss=0.012060464359819889, train_acc= 100.00%
INFO - 09/14/26 02:32:20 - 0:00:02 - Epoch 49: train_loss=0.009813956916332245, train_acc= 100.00%
INFO - 09/14/26 02:32:20 - 0:00:02 - Epoch 50: train_loss=0.010218449868261814, train_acc= 100.00%
INFO - 09/14/26 02:32:20 - 0:00:02 - Epoch 50: val_loss=0.5509868264198303, val_acc= 84.75%,val_weighted_f1= 83.26,val_macro_f1= 62.04%
EarlyStopping counter: 3 out of 15
INFO - 09/14/26 02:32:20 - 0:00:02 - Epoch 51: train_loss=0.007590737659484148, train_acc= 100.00%
INFO - 09/14/26 02:32:20 - 0:00:02 - Epoch 52: train_loss=0.008504953235387802, train_acc= 100.00%
INFO - 09/14/26 02:32:20 - 0:00:02 - Epoch 53: train_loss=0.00834747590124607, train_acc= 100.00%
INFO - 09/14/26 02:32:20 - 0:00:02 - Epoch 54: train_loss=0.008067428134381771, train_acc= 100.00%
INFO - 09/14/26 02:32:20 - 0:00:02 - Epoch 55: train_loss=0.0070130182430148125, train_acc= 100.00%
INFO - 09/14/26 02:32:20 - 0:00:02 - Epoch 55: val_loss=0.5712305307388306, val_acc= 84.75%,val_weighted_f1= 83.26,val_macro_f1= 62.04%
EarlyStopping counter: 4 out of 15
INFO - 09/14/26 02:32:20 - 0:00:02 - Epoch 56: train_loss=0.0068526193499565125, train_acc= 100.00%
INFO - 09/14/26 02:32:20 - 0:00:02 - Epoch 57: train_loss=0.007032287307083607, train_acc= 100.00%
INFO - 09/14/26 02:32:20 - 0:00:02 - Epoch 58: train_loss=0.0063520874828100204, train_acc= 100.00%
INFO - 09/14/26 02:32:20 - 0:00:02 - Epoch 59: train_loss=0.007896444760262966, train_acc= 100.00%
INFO - 09/14/26 02:32:20 - 0:00:02 - Epoch 60: train_loss=0.00576225109398365, train_acc= 100.00%
INFO - 09/14/26 02:32:20 - 0:00:02 - Epoch 60: val_loss=0.5883376002311707, val_acc= 84.75%,val_weighted_f1= 83.26,val_macro_f1= 62.04%
EarlyStopping counter: 5 out of 15
INFO - 09/14/26 02:32:21 - 0:00:02 - Epoch 61: train_loss=0.005195995792746544, train_acc= 100.00%
INFO - 09/14/26 02:32:21 - 0:00:02 - Epoch 62: train_loss=0.004504842218011618, train_acc= 100.00%
INFO - 09/14/26 02:32:21 - 0:00:02 - Epoch 63: train_loss=0.00535167008638382, train_acc= 100.00%
INFO - 09/14/26 02:32:21 - 0:00:02 - Epoch 64: train_loss=0.0049562822096049786, train_acc= 100.00%
INFO - 09/14/26 02:32:21 - 0:00:02 - Epoch 65: train_loss=0.005601563490927219, train_acc= 100.00%
INFO - 09/14/26 02:32:21 - 0:00:02 - Epoch 65: val_loss=0.5999665856361389, val_acc= 83.05%,val_weighted_f1= 81.07,val_macro_f1= 59.03%
EarlyStopping counter: 6 out of 15
INFO - 09/14/26 02:32:21 - 0:00:02 - Epoch 66: train_loss=0.004563501570373774, train_acc= 100.00%
INFO - 09/14/26 02:32:21 - 0:00:02 - Epoch 67: train_loss=0.005101273767650127, train_acc= 100.00%
INFO - 09/14/26 02:32:21 - 0:00:02 - Epoch 68: train_loss=0.005225502420216799, train_acc= 100.00%
INFO - 09/14/26 02:32:21 - 0:00:02 - Epoch 69: train_loss=0.00465494766831398, train_acc= 100.00%
INFO - 09/14/26 02:32:21 - 0:00:02 - Epoch 70: train_loss=0.004542081616818905, train_acc= 100.00%
INFO - 09/14/26 02:32:21 - 0:00:02 - Epoch 70: val_loss=0.6082526445388794, val_acc= 83.05%,val_weighted_f1= 81.07,val_macro_f1= 59.03%
EarlyStopping counter: 7 out of 15
INFO - 09/14/26 02:32:21 - 0:00:02 - Epoch 71: train_loss=0.00452285073697567, train_acc= 100.00%
INFO - 09/14/26 02:32:21 - 0:00:02 - Epoch 72: train_loss=0.004056660458445549, train_acc= 100.00%
INFO - 09/14/26 02:32:21 - 0:00:02 - Epoch 73: train_loss=0.003955244552344084, train_acc= 100.00%
INFO - 09/14/26 02:32:21 - 0:00:02 - Epoch 74: train_loss=0.0035244605969637632, train_acc= 100.00%
INFO - 09/14/26 02:32:21 - 0:00:02 - Epoch 75: train_loss=0.005366915836930275, train_acc= 100.00%
INFO - 09/14/26 02:32:21 - 0:00:02 - Epoch 75: val_loss=0.6155537366867065, val_acc= 83.05%,val_weighted_f1= 81.07,val_macro_f1= 59.03%
EarlyStopping counter: 8 out of 15
INFO - 09/14/26 02:32:21 - 0:00:02 - Epoch 76: train_loss=0.004382543731480837, train_acc= 100.00%
INFO - 09/14/26 02:32:21 - 0:00:02 - Epoch 77: train_loss=0.0033958195708692074, train_acc= 100.00%
INFO - 09/14/26 02:32:21 - 0:00:02 - Epoch 78: train_loss=0.0034696415532380342, train_acc= 100.00%
INFO - 09/14/26 02:32:21 - 0:00:02 - Epoch 79: train_loss=0.0037816865369677544, train_acc= 100.00%
INFO - 09/14/26 02:32:21 - 0:00:02 - Epoch 80: train_loss=0.0033068584743887186, train_acc= 100.00%
INFO - 09/14/26 02:32:21 - 0:00:02 - Epoch 80: val_loss=0.6216632127761841, val_acc= 83.05%,val_weighted_f1= 81.07,val_macro_f1= 59.03%
EarlyStopping counter: 9 out of 15
INFO - 09/14/26 02:32:21 - 0:00:02 - Epoch 81: train_loss=0.0033975394908338785, train_acc= 100.00%
INFO - 09/14/26 02:32:21 - 0:00:02 - Epoch 82: train_loss=0.003771089017391205, train_acc= 100.00%
INFO - 09/14/26 02:32:21 - 0:00:02 - Epoch 83: train_loss=0.0032862299121916294, train_acc= 100.00%
INFO - 09/14/26 02:32:21 - 0:00:02 - Epoch 84: train_loss=0.0032373592257499695, train_acc= 100.00%
INFO - 09/14/26 02:32:21 - 0:00:02 - Epoch 85: train_loss=0.0033370109740644693, train_acc= 100.00%
INFO - 09/14/26 02:32:21 - 0:00:02 - Epoch 85: val_loss=0.6272919178009033, val_acc= 83.05%,val_weighted_f1= 81.07,val_macro_f1= 59.03%
EarlyStopping counter: 10 out of 15
INFO - 09/14/26 02:32:21 - 0:00:02 - Epoch 86: train_loss=0.002882632426917553, train_acc= 100.00%
INFO - 09/14/26 02:32:21 - 0:00:02 - Epoch 87: train_loss=0.0026541375555098057, train_acc= 100.00%
INFO - 09/14/26 02:32:21 - 0:00:02 - Epoch 88: train_loss=0.0030855441000312567, train_acc= 100.00%
INFO - 09/14/26 02:32:21 - 0:00:02 - Epoch 89: train_loss=0.0027994930278509855, train_acc= 100.00%
INFO - 09/14/26 02:32:21 - 0:00:02 - Epoch 90: train_loss=0.0029324416536837816, train_acc= 100.00%
INFO - 09/14/26 02:32:21 - 0:00:02 - Epoch 90: val_loss=0.6325180530548096, val_acc= 83.05%,val_weighted_f1= 81.07,val_macro_f1= 59.03%
EarlyStopping counter: 11 out of 15
INFO - 09/14/26 02:32:21 - 0:00:03 - Epoch 91: train_loss=0.0029251612722873688, train_acc= 100.00%
INFO - 09/14/26 02:32:21 - 0:00:03 - Epoch 92: train_loss=0.0026374126318842173, train_acc= 100.00%
INFO - 09/14/26 02:32:21 - 0:00:03 - Epoch 93: train_loss=0.002551624085754156, train_acc= 100.00%
INFO - 09/14/26 02:32:21 - 0:00:03 - Epoch 94: train_loss=0.002518570050597191, train_acc= 100.00%
INFO - 09/14/26 02:32:21 - 0:00:03 - Epoch 95: train_loss=0.0030170155223459005, train_acc= 100.00%
INFO - 09/14/26 02:32:21 - 0:00:03 - Epoch 95: val_loss=0.6377401947975159, val_acc= 83.05%,val_weighted_f1= 81.07,val_macro_f1= 59.03%
EarlyStopping counter: 12 out of 15
INFO - 09/14/26 02:32:21 - 0:00:03 - Epoch 96: train_loss=0.0027611025143414736, train_acc= 100.00%
INFO - 09/14/26 02:32:21 - 0:00:03 - Epoch 97: train_loss=0.002560680266469717, train_acc= 100.00%
INFO - 09/14/26 02:32:21 - 0:00:03 - Epoch 98: train_loss=0.0027482968289405107, train_acc= 100.00%
INFO - 09/14/26 02:32:21 - 0:00:03 - Epoch 99: train_loss=0.002757686423137784, train_acc= 100.00%
INFO - 09/14/26 02:32:21 - 0:00:03 - Epoch 100: train_loss=0.0027017202228307724, train_acc= 100.00%
INFO - 09/14/26 02:32:21 - 0:00:03 - Epoch 100: val_loss=0.645814836025238, val_acc= 83.05%,val_weighted_f1= 81.07,val_macro_f1= 59.03%
EarlyStopping counter: 13 out of 15
INFO - 09/14/26 02:32:21 - 0:00:03 - Epoch 101: train_loss=0.0024211492855101824, train_acc= 100.00%
INFO - 09/14/26 02:32:21 - 0:00:03 - Epoch 102: train_loss=0.002869694260880351, train_acc= 100.00%
INFO - 09/14/26 02:32:21 - 0:00:03 - Epoch 103: train_loss=0.002353939926251769, train_acc= 100.00%
INFO - 09/14/26 02:32:21 - 0:00:03 - Epoch 104: train_loss=0.0025294257793575525, train_acc= 100.00%
INFO - 09/14/26 02:32:21 - 0:00:03 - Epoch 105: train_loss=0.002467499813064933, train_acc= 100.00%
INFO - 09/14/26 02:32:21 - 0:00:03 - Epoch 105: val_loss=0.6496365070343018, val_acc= 81.36%,val_weighted_f1= 78.65,val_macro_f1= 55.86%
EarlyStopping counter: 14 out of 15
INFO - 09/14/26 02:32:21 - 0:00:03 - Epoch 106: train_loss=0.0028122810181230307, train_acc= 100.00%
INFO - 09/14/26 02:32:21 - 0:00:03 - Epoch 107: train_loss=0.002259645378217101, train_acc= 100.00%
INFO - 09/14/26 02:32:21 - 0:00:03 - Epoch 108: train_loss=0.002186330035328865, train_acc= 100.00%
INFO - 09/14/26 02:32:22 - 0:00:03 - Epoch 109: train_loss=0.002548427786678076, train_acc= 100.00%
INFO - 09/14/26 02:32:22 - 0:00:03 - Epoch 110: train_loss=0.0021965904161334038, train_acc= 100.00%
INFO - 09/14/26 02:32:22 - 0:00:03 - Epoch 110: val_loss=0.6493707895278931, val_acc= 83.05%,val_weighted_f1= 81.07,val_macro_f1= 59.03%
EarlyStopping counter: 15 out of 15
---------Early stopping--------
INFO - 09/14/26 02:32:22 - 0:00:03 - --------------Testing--------------------
INFO - 09/14/26 02:32:22 - 0:00:03 - --------------Loading from ./checkpoints/NC_Texas_model.pt--------------------
INFO - 09/14/26 02:32:22 - 0:00:03 - test_acc= 86.49%, weighted_f1= 86.06,macro_f1= 79.85%
INFO - 09/14/26 02:32:22 - 0:00:03 - test_acc= 86.49%, weighted_f1= 86.06,macro_f1= 79.85%
INFO - 09/14/26 02:32:22 - 0:00:03 - Epoch 0: train_loss=1.8447730541229248, train_acc= 20.69%
INFO - 09/14/26 02:32:22 - 0:00:03 - Epoch 0: val_loss=1.5480859279632568, val_acc= 22.03%,val_weighted_f1= 20.75,val_macro_f1= 10.22%
INFO - 09/14/26 02:32:22 - 0:00:03 - Epoch 1: train_loss=1.4897785186767578, train_acc= 34.48%
INFO - 09/14/26 02:32:22 - 0:00:03 - Epoch 2: train_loss=1.230475902557373, train_acc= 60.92%
INFO - 09/14/26 02:32:22 - 0:00:03 - Epoch 3: train_loss=1.0818917751312256, train_acc= 55.17%
INFO - 09/14/26 02:32:22 - 0:00:03 - Epoch 4: train_loss=1.0098028182983398, train_acc= 52.87%
INFO - 09/14/26 02:32:22 - 0:00:03 - Epoch 5: train_loss=0.9479748010635376, train_acc= 56.32%
INFO - 09/14/26 02:32:22 - 0:00:03 - Epoch 5: val_loss=1.2057697772979736, val_acc= 55.93%,val_weighted_f1= 40.57,val_macro_f1= 14.51%
INFO - 09/14/26 02:32:22 - 0:00:03 - Epoch 6: train_loss=0.8918182253837585, train_acc= 59.77%
INFO - 09/14/26 02:32:22 - 0:00:03 - Epoch 7: train_loss=0.7949475646018982, train_acc= 66.67%
INFO - 09/14/26 02:32:22 - 0:00:03 - Epoch 8: train_loss=0.7375879287719727, train_acc= 74.71%
INFO - 09/14/26 02:32:22 - 0:00:03 - Epoch 9: train_loss=0.6718165874481201, train_acc= 80.46%
INFO - 09/14/26 02:32:22 - 0:00:03 - Epoch 10: train_loss=0.6335576772689819, train_acc= 83.91%
INFO - 09/14/26 02:32:22 - 0:00:03 - Epoch 10: val_loss=1.0265936851501465, val_acc= 71.19%,val_weighted_f1= 66.59,val_macro_f1= 44.18%
INFO - 09/14/26 02:32:22 - 0:00:03 - Epoch 11: train_loss=0.557680606842041, train_acc= 88.51%
INFO - 09/14/26 02:32:22 - 0:00:03 - Epoch 12: train_loss=0.5086603760719299, train_acc= 89.66%
INFO - 09/14/26 02:32:22 - 0:00:03 - Epoch 13: train_loss=0.47182315587997437, train_acc= 90.80%
INFO - 09/14/26 02:32:22 - 0:00:03 - Epoch 14: train_loss=0.4185102581977844, train_acc= 89.66%
INFO - 09/14/26 02:32:22 - 0:00:03 - Epoch 15: train_loss=0.3826931118965149, train_acc= 90.80%
INFO - 09/14/26 02:32:22 - 0:00:03 - Epoch 15: val_loss=0.7750759720802307, val_acc= 72.88%,val_weighted_f1= 66.66,val_macro_f1= 41.44%
INFO - 09/14/26 02:32:22 - 0:00:03 - Epoch 16: train_loss=0.37303581833839417, train_acc= 91.95%
INFO - 09/14/26 02:32:22 - 0:00:03 - Epoch 17: train_loss=0.3116763234138489, train_acc= 90.80%
INFO - 09/14/26 02:32:22 - 0:00:03 - Epoch 18: train_loss=0.28498271107673645, train_acc= 93.10%
INFO - 09/14/26 02:32:22 - 0:00:03 - Epoch 19: train_loss=0.24701908230781555, train_acc= 96.55%
INFO - 09/14/26 02:32:22 - 0:00:04 - Epoch 20: train_loss=0.2502898573875427, train_acc= 94.25%
INFO - 09/14/26 02:32:22 - 0:00:04 - Epoch 20: val_loss=0.6026351451873779, val_acc= 83.05%,val_weighted_f1= 81.85,val_macro_f1= 61.66%
INFO - 09/14/26 02:32:22 - 0:00:04 - Epoch 21: train_loss=0.21588270366191864, train_acc= 93.10%
INFO - 09/14/26 02:32:22 - 0:00:04 - Epoch 22: train_loss=0.19047221541404724, train_acc= 97.70%
INFO - 09/14/26 02:32:22 - 0:00:04 - Epoch 23: train_loss=0.17681732773780823, train_acc= 97.70%
INFO - 09/14/26 02:32:22 - 0:00:04 - Epoch 24: train_loss=0.164456307888031, train_acc= 98.85%
INFO - 09/14/26 02:32:22 - 0:00:04 - Epoch 25: train_loss=0.14514783024787903, train_acc= 98.85%
INFO - 09/14/26 02:32:22 - 0:00:04 - Epoch 25: val_loss=0.5378607511520386, val_acc= 84.75%,val_weighted_f1= 83.93,val_macro_f1= 63.95%
INFO - 09/14/26 02:32:22 - 0:00:04 - Epoch 26: train_loss=0.14104902744293213, train_acc= 97.70%
INFO - 09/14/26 02:32:22 - 0:00:04 - Epoch 27: train_loss=0.1253063976764679, train_acc= 100.00%
INFO - 09/14/26 02:32:22 - 0:00:04 - Epoch 28: train_loss=0.11415637284517288, train_acc= 98.85%
INFO - 09/14/26 02:32:22 - 0:00:04 - Epoch 29: train_loss=0.10082759708166122, train_acc= 100.00%
INFO - 09/14/26 02:32:22 - 0:00:04 - Epoch 30: train_loss=0.0896783247590065, train_acc= 100.00%
INFO - 09/14/26 02:32:22 - 0:00:04 - Epoch 30: val_loss=0.5054377913475037, val_acc= 83.05%,val_weighted_f1= 81.91,val_macro_f1= 61.00%
EarlyStopping counter: 1 out of 15
INFO - 09/14/26 02:32:22 - 0:00:04 - Epoch 31: train_loss=0.08635450899600983, train_acc= 100.00%
INFO - 09/14/26 02:32:22 - 0:00:04 - Epoch 32: train_loss=0.07538995891809464, train_acc= 100.00%
INFO - 09/14/26 02:32:22 - 0:00:04 - Epoch 33: train_loss=0.07474136352539062, train_acc= 98.85%
INFO - 09/14/26 02:32:22 - 0:00:04 - Epoch 34: train_loss=0.06073661893606186, train_acc= 100.00%
INFO - 09/14/26 02:32:22 - 0:00:04 - Epoch 35: train_loss=0.06257731467485428, train_acc= 100.00%
INFO - 09/14/26 02:32:23 - 0:00:04 - Epoch 35: val_loss=0.4746686518192291, val_acc= 84.75%,val_weighted_f1= 83.71,val_macro_f1= 63.11%
INFO - 09/14/26 02:32:23 - 0:00:04 - Epoch 36: train_loss=0.053839586675167084, train_acc= 100.00%
INFO - 09/14/26 02:32:23 - 0:00:04 - Epoch 37: train_loss=0.047742098569869995, train_acc= 100.00%
INFO - 09/14/26 02:32:23 - 0:00:04 - Epoch 38: train_loss=0.052777234464883804, train_acc= 100.00%
INFO - 09/14/26 02:32:23 - 0:00:04 - Epoch 39: train_loss=0.05263035371899605, train_acc= 98.85%
INFO - 09/14/26 02:32:23 - 0:00:04 - Epoch 40: train_loss=0.04384765774011612, train_acc= 100.00%
INFO - 09/14/26 02:32:23 - 0:00:04 - Epoch 40: val_loss=0.4565529227256775, val_acc= 88.14%,val_weighted_f1= 87.09,val_macro_f1= 67.88%
INFO - 09/14/26 02:32:23 - 0:00:04 - Epoch 41: train_loss=0.04327069967985153, train_acc= 98.85%
INFO - 09/14/26 02:32:23 - 0:00:04 - Epoch 42: train_loss=0.033014532178640366, train_acc= 100.00%
INFO - 09/14/26 02:32:23 - 0:00:04 - Epoch 43: train_loss=0.032815877348184586, train_acc= 100.00%
INFO - 09/14/26 02:32:23 - 0:00:04 - Epoch 44: train_loss=0.03295203298330307, train_acc= 100.00%
INFO - 09/14/26 02:32:23 - 0:00:04 - Epoch 45: train_loss=0.027874840423464775, train_acc= 100.00%
INFO - 09/14/26 02:32:23 - 0:00:04 - Epoch 45: val_loss=0.4456625282764435, val_acc= 88.14%,val_weighted_f1= 87.09,val_macro_f1= 67.88%
INFO - 09/14/26 02:32:23 - 0:00:04 - Epoch 46: train_loss=0.032576508820056915, train_acc= 100.00%
INFO - 09/14/26 02:32:23 - 0:00:04 - Epoch 47: train_loss=0.02639317326247692, train_acc= 100.00%
INFO - 09/14/26 02:32:23 - 0:00:04 - Epoch 48: train_loss=0.022408831864595413, train_acc= 100.00%
INFO - 09/14/26 02:32:23 - 0:00:04 - Epoch 49: train_loss=0.02402034029364586, train_acc= 100.00%
INFO - 09/14/26 02:32:23 - 0:00:04 - Epoch 50: train_loss=0.02103484235703945, train_acc= 100.00%
INFO - 09/14/26 02:32:23 - 0:00:04 - Epoch 50: val_loss=0.4443947672843933, val_acc= 89.83%,val_weighted_f1= 88.64,val_macro_f1= 69.35%
INFO - 09/14/26 02:32:23 - 0:00:04 - Epoch 51: train_loss=0.022090665996074677, train_acc= 100.00%
INFO - 09/14/26 02:32:23 - 0:00:04 - Epoch 52: train_loss=0.01948472484946251, train_acc= 100.00%
INFO - 09/14/26 02:32:23 - 0:00:04 - Epoch 53: train_loss=0.018867269158363342, train_acc= 100.00%
INFO - 09/14/26 02:32:23 - 0:00:04 - Epoch 54: train_loss=0.018408408388495445, train_acc= 100.00%
INFO - 09/14/26 02:32:23 - 0:00:04 - Epoch 55: train_loss=0.015423708595335484, train_acc= 100.00%
INFO - 09/14/26 02:32:23 - 0:00:04 - Epoch 55: val_loss=0.453580379486084, val_acc= 89.83%,val_weighted_f1= 88.64,val_macro_f1= 69.35%
INFO - 09/14/26 02:32:23 - 0:00:04 - Epoch 56: train_loss=0.016985351219773293, train_acc= 100.00%
INFO - 09/14/26 02:32:23 - 0:00:04 - Epoch 57: train_loss=0.014032939448952675, train_acc= 100.00%
INFO - 09/14/26 02:32:23 - 0:00:04 - Epoch 58: train_loss=0.015603097155690193, train_acc= 100.00%
INFO - 09/14/26 02:32:23 - 0:00:04 - Epoch 59: train_loss=0.013830678537487984, train_acc= 100.00%
INFO - 09/14/26 02:32:23 - 0:00:05 - Epoch 60: train_loss=0.01078149676322937, train_acc= 100.00%
INFO - 09/14/26 02:32:23 - 0:00:05 - Epoch 60: val_loss=0.4656631052494049, val_acc= 89.83%,val_weighted_f1= 88.64,val_macro_f1= 69.35%
INFO - 09/14/26 02:32:23 - 0:00:05 - Epoch 61: train_loss=0.011196337640285492, train_acc= 100.00%
INFO - 09/14/26 02:32:23 - 0:00:05 - Epoch 62: train_loss=0.012239930219948292, train_acc= 100.00%
INFO - 09/14/26 02:32:23 - 0:00:05 - Epoch 63: train_loss=0.011509554460644722, train_acc= 100.00%
INFO - 09/14/26 02:32:23 - 0:00:05 - Epoch 64: train_loss=0.010946583934128284, train_acc= 100.00%
INFO - 09/14/26 02:32:23 - 0:00:05 - Epoch 65: train_loss=0.00938575528562069, train_acc= 100.00%
INFO - 09/14/26 02:32:23 - 0:00:05 - Epoch 65: val_loss=0.4792172908782959, val_acc= 89.83%,val_weighted_f1= 88.64,val_macro_f1= 69.35%
INFO - 09/14/26 02:32:23 - 0:00:05 - Epoch 66: train_loss=0.010171324014663696, train_acc= 100.00%
INFO - 09/14/26 02:32:23 - 0:00:05 - Epoch 67: train_loss=0.012962164357304573, train_acc= 100.00%
INFO - 09/14/26 02:32:23 - 0:00:05 - Epoch 68: train_loss=0.009056496433913708, train_acc= 100.00%
INFO - 09/14/26 02:32:23 - 0:00:05 - Epoch 69: train_loss=0.00875687226653099, train_acc= 100.00%
INFO - 09/14/26 02:32:23 - 0:00:05 - Epoch 70: train_loss=0.008545557036995888, train_acc= 100.00%
INFO - 09/14/26 02:32:23 - 0:00:05 - Epoch 70: val_loss=0.49558761715888977, val_acc= 89.83%,val_weighted_f1= 88.64,val_macro_f1= 69.35%
INFO - 09/14/26 02:32:23 - 0:00:05 - Epoch 71: train_loss=0.008782152086496353, train_acc= 100.00%
INFO - 09/14/26 02:32:23 - 0:00:05 - Epoch 72: train_loss=0.008866578340530396, train_acc= 100.00%
INFO - 09/14/26 02:32:23 - 0:00:05 - Epoch 73: train_loss=0.007906211540102959, train_acc= 100.00%
INFO - 09/14/26 02:32:24 - 0:00:05 - Epoch 74: train_loss=0.010429210029542446, train_acc= 100.00%
INFO - 09/14/26 02:32:24 - 0:00:05 - Epoch 75: train_loss=0.00840980838984251, train_acc= 100.00%
INFO - 09/14/26 02:32:24 - 0:00:05 - Epoch 75: val_loss=0.5061778426170349, val_acc= 89.83%,val_weighted_f1= 88.65,val_macro_f1= 69.10%
INFO - 09/14/26 02:32:24 - 0:00:05 - Epoch 76: train_loss=0.006897830404341221, train_acc= 100.00%
INFO - 09/14/26 02:32:24 - 0:00:05 - Epoch 77: train_loss=0.008468829095363617, train_acc= 100.00%
INFO - 09/14/26 02:32:24 - 0:00:05 - Epoch 78: train_loss=0.006824422627687454, train_acc= 100.00%
INFO - 09/14/26 02:32:24 - 0:00:05 - Epoch 79: train_loss=0.007758544757962227, train_acc= 100.00%
INFO - 09/14/26 02:32:24 - 0:00:05 - Epoch 80: train_loss=0.009426589123904705, train_acc= 100.00%
INFO - 09/14/26 02:32:24 - 0:00:05 - Epoch 80: val_loss=0.5104982852935791, val_acc= 89.83%,val_weighted_f1= 88.65,val_macro_f1= 69.10%
INFO - 09/14/26 02:32:24 - 0:00:05 - Epoch 81: train_loss=0.006478230934590101, train_acc= 100.00%
INFO - 09/14/26 02:32:24 - 0:00:05 - Epoch 82: train_loss=0.0051331305876374245, train_acc= 100.00%
INFO - 09/14/26 02:32:24 - 0:00:05 - Epoch 83: train_loss=0.006069680210202932, train_acc= 100.00%
INFO - 09/14/26 02:32:24 - 0:00:05 - Epoch 84: train_loss=0.0060599446296691895, train_acc= 100.00%
INFO - 09/14/26 02:32:24 - 0:00:05 - Epoch 85: train_loss=0.005592165514826775, train_acc= 100.00%
INFO - 09/14/26 02:32:24 - 0:00:05 - Epoch 85: val_loss=0.5082452893257141, val_acc= 89.83%,val_weighted_f1= 88.65,val_macro_f1= 69.10%
INFO - 09/14/26 02:32:24 - 0:00:05 - Epoch 86: train_loss=0.0048621101304888725, train_acc= 100.00%
INFO - 09/14/26 02:32:24 - 0:00:05 - Epoch 87: train_loss=0.006232351530343294, train_acc= 100.00%
INFO - 09/14/26 02:32:24 - 0:00:05 - Epoch 88: train_loss=0.0060495780780911446, train_acc= 100.00%
INFO - 09/14/26 02:32:24 - 0:00:05 - Epoch 89: train_loss=0.00521481828764081, train_acc= 100.00%
INFO - 09/14/26 02:32:24 - 0:00:05 - Epoch 90: train_loss=0.005682007409632206, train_acc= 100.00%
INFO - 09/14/26 02:32:24 - 0:00:05 - Epoch 90: val_loss=0.5100483894348145, val_acc= 89.83%,val_weighted_f1= 88.65,val_macro_f1= 69.10%
INFO - 09/14/26 02:32:24 - 0:00:05 - Epoch 91: train_loss=0.0036815651692450047, train_acc= 100.00%
INFO - 09/14/26 02:32:24 - 0:00:05 - Epoch 92: train_loss=0.005230235401540995, train_acc= 100.00%
INFO - 09/14/26 02:32:24 - 0:00:05 - Epoch 93: train_loss=0.004989907145500183, train_acc= 100.00%
INFO - 09/14/26 02:32:24 - 0:00:05 - Epoch 94: train_loss=0.003585327649489045, train_acc= 100.00%
INFO - 09/14/26 02:32:24 - 0:00:05 - Epoch 95: train_loss=0.004731828812509775, train_acc= 100.00%
INFO - 09/14/26 02:32:24 - 0:00:05 - Epoch 95: val_loss=0.5142946839332581, val_acc= 88.14%,val_weighted_f1= 86.73,val_macro_f1= 66.36%
EarlyStopping counter: 1 out of 15
INFO - 09/14/26 02:32:24 - 0:00:05 - Epoch 96: train_loss=0.004041456151753664, train_acc= 100.00%
INFO - 09/14/26 02:32:24 - 0:00:05 - Epoch 97: train_loss=0.004808902274817228, train_acc= 100.00%
INFO - 09/14/26 02:32:24 - 0:00:05 - Epoch 98: train_loss=0.003365520853549242, train_acc= 100.00%
INFO - 09/14/26 02:32:24 - 0:00:05 - Epoch 99: train_loss=0.0036271773278713226, train_acc= 100.00%
INFO - 09/14/26 02:32:24 - 0:00:06 - Epoch 100: train_loss=0.004119036253541708, train_acc= 100.00%
INFO - 09/14/26 02:32:24 - 0:00:06 - Epoch 100: val_loss=0.5242435932159424, val_acc= 88.14%,val_weighted_f1= 86.73,val_macro_f1= 66.36%
EarlyStopping counter: 2 out of 15
INFO - 09/14/26 02:32:24 - 0:00:06 - Epoch 101: train_loss=0.0038517911452800035, train_acc= 100.00%
INFO - 09/14/26 02:32:24 - 0:00:06 - Epoch 102: train_loss=0.0036516995169222355, train_acc= 100.00%
INFO - 09/14/26 02:32:24 - 0:00:06 - Epoch 103: train_loss=0.003827122040092945, train_acc= 100.00%
INFO - 09/14/26 02:32:24 - 0:00:06 - Epoch 104: train_loss=0.003657473949715495, train_acc= 100.00%
INFO - 09/14/26 02:32:24 - 0:00:06 - Epoch 105: train_loss=0.0043565453961491585, train_acc= 100.00%
INFO - 09/14/26 02:32:24 - 0:00:06 - Epoch 105: val_loss=0.5395841598510742, val_acc= 84.75%,val_weighted_f1= 83.15,val_macro_f1= 62.28%
EarlyStopping counter: 3 out of 15
INFO - 09/14/26 02:32:24 - 0:00:06 - Epoch 106: train_loss=0.0036089455243200064, train_acc= 100.00%
INFO - 09/14/26 02:32:24 - 0:00:06 - Epoch 107: train_loss=0.003875879105180502, train_acc= 100.00%
INFO - 09/14/26 02:32:24 - 0:00:06 - Epoch 108: train_loss=0.003142110537737608, train_acc= 100.00%
INFO - 09/14/26 02:32:24 - 0:00:06 - Epoch 109: train_loss=0.0024970739614218473, train_acc= 100.00%
INFO - 09/14/26 02:32:24 - 0:00:06 - Epoch 110: train_loss=0.003096220549196005, train_acc= 100.00%
INFO - 09/14/26 02:32:24 - 0:00:06 - Epoch 110: val_loss=0.5544551014900208, val_acc= 84.75%,val_weighted_f1= 83.15,val_macro_f1= 62.28%
EarlyStopping counter: 4 out of 15
INFO - 09/14/26 02:32:24 - 0:00:06 - Epoch 111: train_loss=0.0029624903108924627, train_acc= 100.00%
INFO - 09/14/26 02:32:24 - 0:00:06 - Epoch 112: train_loss=0.0025928050745278597, train_acc= 100.00%
INFO - 09/14/26 02:32:24 - 0:00:06 - Epoch 113: train_loss=0.002771894447505474, train_acc= 100.00%
INFO - 09/14/26 02:32:24 - 0:00:06 - Epoch 114: train_loss=0.00254098535515368, train_acc= 100.00%
INFO - 09/14/26 02:32:24 - 0:00:06 - Epoch 115: train_loss=0.002934406977146864, train_acc= 100.00%
INFO - 09/14/26 02:32:24 - 0:00:06 - Epoch 115: val_loss=0.567706286907196, val_acc= 84.75%,val_weighted_f1= 83.15,val_macro_f1= 62.28%
EarlyStopping counter: 5 out of 15
INFO - 09/14/26 02:32:24 - 0:00:06 - Epoch 116: train_loss=0.0030169030651450157, train_acc= 100.00%
INFO - 09/14/26 02:32:25 - 0:00:06 - Epoch 117: train_loss=0.002960675163194537, train_acc= 100.00%
INFO - 09/14/26 02:32:25 - 0:00:06 - Epoch 118: train_loss=0.003623830620199442, train_acc= 100.00%
INFO - 09/14/26 02:32:25 - 0:00:06 - Epoch 119: train_loss=0.002814822131767869, train_acc= 100.00%
INFO - 09/14/26 02:32:25 - 0:00:06 - Epoch 120: train_loss=0.0033945522736757994, train_acc= 100.00%
INFO - 09/14/26 02:32:25 - 0:00:06 - Epoch 120: val_loss=0.5757386088371277, val_acc= 84.75%,val_weighted_f1= 83.15,val_macro_f1= 62.28%
EarlyStopping counter: 6 out of 15
INFO - 09/14/26 02:32:25 - 0:00:06 - Epoch 121: train_loss=0.0026902558747678995, train_acc= 100.00%
INFO - 09/14/26 02:32:25 - 0:00:06 - Epoch 122: train_loss=0.0024491187650710344, train_acc= 100.00%
INFO - 09/14/26 02:32:25 - 0:00:06 - Epoch 123: train_loss=0.002119137207046151, train_acc= 100.00%
INFO - 09/14/26 02:32:25 - 0:00:06 - Epoch 124: train_loss=0.002279893960803747, train_acc= 100.00%
INFO - 09/14/26 02:32:25 - 0:00:06 - Epoch 125: train_loss=0.0021191968116909266, train_acc= 100.00%
INFO - 09/14/26 02:32:25 - 0:00:06 - Epoch 125: val_loss=0.5852636694908142, val_acc= 84.75%,val_weighted_f1= 83.15,val_macro_f1= 62.28%
EarlyStopping counter: 7 out of 15
INFO - 09/14/26 02:32:25 - 0:00:06 - Epoch 126: train_loss=0.002583947731181979, train_acc= 100.00%
INFO - 09/14/26 02:32:25 - 0:00:06 - Epoch 127: train_loss=0.0025584492832422256, train_acc= 100.00%
INFO - 09/14/26 02:32:25 - 0:00:06 - Epoch 128: train_loss=0.0019448555540293455, train_acc= 100.00%
INFO - 09/14/26 02:32:25 - 0:00:06 - Epoch 129: train_loss=0.002607576781883836, train_acc= 100.00%
INFO - 09/14/26 02:32:25 - 0:00:06 - Epoch 130: train_loss=0.002244001254439354, train_acc= 100.00%
INFO - 09/14/26 02:32:25 - 0:00:06 - Epoch 130: val_loss=0.5895970463752747, val_acc= 84.75%,val_weighted_f1= 83.15,val_macro_f1= 62.28%
EarlyStopping counter: 8 out of 15
INFO - 09/14/26 02:32:25 - 0:00:06 - Epoch 131: train_loss=0.0021723138634115458, train_acc= 100.00%
INFO - 09/14/26 02:32:25 - 0:00:06 - Epoch 132: train_loss=0.002223759889602661, train_acc= 100.00%
INFO - 09/14/26 02:32:25 - 0:00:06 - Epoch 133: train_loss=0.0020558065734803677, train_acc= 100.00%
INFO - 09/14/26 02:32:25 - 0:00:06 - Epoch 134: train_loss=0.002120924647897482, train_acc= 100.00%
INFO - 09/14/26 02:32:25 - 0:00:06 - Epoch 135: train_loss=0.002157354261726141, train_acc= 100.00%
INFO - 09/14/26 02:32:25 - 0:00:06 - Epoch 135: val_loss=0.5951048731803894, val_acc= 84.75%,val_weighted_f1= 83.15,val_macro_f1= 62.28%
EarlyStopping counter: 9 out of 15
INFO - 09/14/26 02:32:25 - 0:00:06 - Epoch 136: train_loss=0.002173282438889146, train_acc= 100.00%
INFO - 09/14/26 02:32:25 - 0:00:06 - Epoch 137: train_loss=0.002459126291796565, train_acc= 100.00%
INFO - 09/14/26 02:32:25 - 0:00:06 - Epoch 138: train_loss=0.0023967011366039515, train_acc= 100.00%
INFO - 09/14/26 02:32:25 - 0:00:06 - Epoch 139: train_loss=0.0021280040964484215, train_acc= 100.00%
INFO - 09/14/26 02:32:25 - 0:00:06 - Epoch 140: train_loss=0.0014949757605791092, train_acc= 100.00%
INFO - 09/14/26 02:32:25 - 0:00:06 - Epoch 140: val_loss=0.5994646549224854, val_acc= 83.05%,val_weighted_f1= 81.45,val_macro_f1= 60.05%
EarlyStopping counter: 10 out of 15
INFO - 09/14/26 02:32:25 - 0:00:06 - Epoch 141: train_loss=0.002212982624769211, train_acc= 100.00%
INFO - 09/14/26 02:32:25 - 0:00:06 - Epoch 142: train_loss=0.0021827146410942078, train_acc= 100.00%
INFO - 09/14/26 02:32:25 - 0:00:06 - Epoch 143: train_loss=0.0016391832614317536, train_acc= 100.00%
INFO - 09/14/26 02:32:25 - 0:00:06 - Epoch 144: train_loss=0.0018383583519607782, train_acc= 100.00%
INFO - 09/14/26 02:32:25 - 0:00:06 - Epoch 145: train_loss=0.0017775838496163487, train_acc= 100.00%
INFO - 09/14/26 02:32:25 - 0:00:06 - Epoch 145: val_loss=0.6069095134735107, val_acc= 83.05%,val_weighted_f1= 81.45,val_macro_f1= 60.05%
EarlyStopping counter: 11 out of 15
INFO - 09/14/26 02:32:25 - 0:00:06 - Epoch 146: train_loss=0.001753285643644631, train_acc= 100.00%
INFO - 09/14/26 02:32:25 - 0:00:07 - Epoch 147: train_loss=0.0016488988185301423, train_acc= 100.00%
INFO - 09/14/26 02:32:25 - 0:00:07 - Epoch 148: train_loss=0.0021166277583688498, train_acc= 100.00%
INFO - 09/14/26 02:32:25 - 0:00:07 - Epoch 149: train_loss=0.0019015182042494416, train_acc= 100.00%
INFO - 09/14/26 02:32:25 - 0:00:07 - Epoch 150: train_loss=0.0019912426359951496, train_acc= 100.00%
INFO - 09/14/26 02:32:25 - 0:00:07 - Epoch 150: val_loss=0.6145591139793396, val_acc= 83.05%,val_weighted_f1= 81.45,val_macro_f1= 60.05%
EarlyStopping counter: 12 out of 15
INFO - 09/14/26 02:32:25 - 0:00:07 - Epoch 151: train_loss=0.002189182210713625, train_acc= 100.00%
INFO - 09/14/26 02:32:25 - 0:00:07 - Epoch 152: train_loss=0.001528649008832872, train_acc= 100.00%
INFO - 09/14/26 02:32:25 - 0:00:07 - Epoch 153: train_loss=0.0019396208226680756, train_acc= 100.00%
INFO - 09/14/26 02:32:25 - 0:00:07 - Epoch 154: train_loss=0.0020955868531018496, train_acc= 100.00%
INFO - 09/14/26 02:32:25 - 0:00:07 - Epoch 155: train_loss=0.0018936458509415388, train_acc= 100.00%
INFO - 09/14/26 02:32:25 - 0:00:07 - Epoch 155: val_loss=0.6224285960197449, val_acc= 83.05%,val_weighted_f1= 81.45,val_macro_f1= 60.05%
EarlyStopping counter: 13 out of 15
INFO - 09/14/26 02:32:25 - 0:00:07 - Epoch 156: train_loss=0.0017742274794727564, train_acc= 100.00%
INFO - 09/14/26 02:32:25 - 0:00:07 - Epoch 157: train_loss=0.0015618688194081187, train_acc= 100.00%
INFO - 09/14/26 02:32:25 - 0:00:07 - Epoch 158: train_loss=0.00146930490154773, train_acc= 100.00%
INFO - 09/14/26 02:32:25 - 0:00:07 - Epoch 159: train_loss=0.0016678394749760628, train_acc= 100.00%
INFO - 09/14/26 02:32:25 - 0:00:07 - Epoch 160: train_loss=0.0019257647218182683, train_acc= 100.00%
INFO - 09/14/26 02:32:25 - 0:00:07 - Epoch 160: val_loss=0.6277108788490295, val_acc= 83.05%,val_weighted_f1= 81.45,val_macro_f1= 60.05%
EarlyStopping counter: 14 out of 15
INFO - 09/14/26 02:32:25 - 0:00:07 - Epoch 161: train_loss=0.0016722206491976976, train_acc= 100.00%
INFO - 09/14/26 02:32:25 - 0:00:07 - Epoch 162: train_loss=0.001991818193346262, train_acc= 100.00%
INFO - 09/14/26 02:32:25 - 0:00:07 - Epoch 163: train_loss=0.0012495890259742737, train_acc= 100.00%
INFO - 09/14/26 02:32:25 - 0:00:07 - Epoch 164: train_loss=0.0014255910646170378, train_acc= 100.00%
INFO - 09/14/26 02:32:26 - 0:00:07 - Epoch 165: train_loss=0.001401640591211617, train_acc= 100.00%
INFO - 09/14/26 02:32:26 - 0:00:07 - Epoch 165: val_loss=0.6323948502540588, val_acc= 83.05%,val_weighted_f1= 81.45,val_macro_f1= 60.05%
EarlyStopping counter: 15 out of 15
---------Early stopping--------
INFO - 09/14/26 02:32:26 - 0:00:07 - --------------Testing--------------------
INFO - 09/14/26 02:32:26 - 0:00:07 - --------------Loading from ./checkpoints/NC_Texas_model.pt--------------------
INFO - 09/14/26 02:32:26 - 0:00:07 - test_acc= 83.78%, weighted_f1= 83.03,macro_f1= 72.92%
INFO - 09/14/26 02:32:26 - 0:00:07 - test_acc= 83.78%, weighted_f1= 83.03,macro_f1= 72.92%
INFO - 09/14/26 02:32:26 - 0:00:07 - Epoch 0: train_loss=1.4144504070281982, train_acc= 31.03%
INFO - 09/14/26 02:32:26 - 0:00:07 - Epoch 0: val_loss=1.2332316637039185, val_acc= 54.24%,val_weighted_f1= 38.14,val_macro_f1= 17.58%
INFO - 09/14/26 02:32:26 - 0:00:07 - Epoch 1: train_loss=1.161810278892517, train_acc= 59.77%
INFO - 09/14/26 02:32:26 - 0:00:07 - Epoch 2: train_loss=1.0672602653503418, train_acc= 59.77%
INFO - 09/14/26 02:32:26 - 0:00:07 - Epoch 3: train_loss=0.9472894668579102, train_acc= 58.62%
INFO - 09/14/26 02:32:26 - 0:00:07 - Epoch 4: train_loss=0.8474881649017334, train_acc= 64.37%
INFO - 09/14/26 02:32:26 - 0:00:07 - Epoch 5: train_loss=0.7767495512962341, train_acc= 67.82%
INFO - 09/14/26 02:32:26 - 0:00:07 - Epoch 5: val_loss=0.9603931903839111, val_acc= 55.93%,val_weighted_f1= 41.70,val_macro_f1= 21.62%
INFO - 09/14/26 02:32:26 - 0:00:07 - Epoch 6: train_loss=0.6914240717887878, train_acc= 72.41%
INFO - 09/14/26 02:32:26 - 0:00:07 - Epoch 7: train_loss=0.613401472568512, train_acc= 77.01%
INFO - 09/14/26 02:32:26 - 0:00:07 - Epoch 8: train_loss=0.6065014004707336, train_acc= 80.46%
INFO - 09/14/26 02:32:26 - 0:00:07 - Epoch 9: train_loss=0.5202553868293762, train_acc= 86.21%
INFO - 09/14/26 02:32:26 - 0:00:07 - Epoch 10: train_loss=0.4606248140335083, train_acc= 88.51%
INFO - 09/14/26 02:32:26 - 0:00:07 - Epoch 10: val_loss=0.7116546630859375, val_acc= 74.58%,val_weighted_f1= 72.02,val_macro_f1= 63.61%
INFO - 09/14/26 02:32:26 - 0:00:07 - Epoch 11: train_loss=0.43555748462677, train_acc= 90.80%
INFO - 09/14/26 02:32:26 - 0:00:07 - Epoch 12: train_loss=0.3905346393585205, train_acc= 96.55%
INFO - 09/14/26 02:32:26 - 0:00:07 - Epoch 13: train_loss=0.34215590357780457, train_acc= 95.40%
INFO - 09/14/26 02:32:26 - 0:00:07 - Epoch 14: train_loss=0.31135138869285583, train_acc= 95.40%
INFO - 09/14/26 02:32:26 - 0:00:07 - Epoch 15: train_loss=0.2758552134037018, train_acc= 95.40%
INFO - 09/14/26 02:32:26 - 0:00:07 - Epoch 15: val_loss=0.5869652032852173, val_acc= 77.97%,val_weighted_f1= 75.53,val_macro_f1= 71.07%
INFO - 09/14/26 02:32:26 - 0:00:07 - Epoch 16: train_loss=0.24379093945026398, train_acc= 94.25%
INFO - 09/14/26 02:32:26 - 0:00:07 - Epoch 17: train_loss=0.20648668706417084, train_acc= 96.55%
INFO - 09/14/26 02:32:26 - 0:00:07 - Epoch 18: train_loss=0.1922362744808197, train_acc= 96.55%
INFO - 09/14/26 02:32:26 - 0:00:07 - Epoch 19: train_loss=0.16928580403327942, train_acc= 95.40%
INFO - 09/14/26 02:32:26 - 0:00:07 - Epoch 20: train_loss=0.15759067237377167, train_acc= 96.55%
INFO - 09/14/26 02:32:26 - 0:00:07 - Epoch 20: val_loss=0.5136328935623169, val_acc= 81.36%,val_weighted_f1= 78.95,val_macro_f1= 74.35%
INFO - 09/14/26 02:32:26 - 0:00:08 - Epoch 21: train_loss=0.12740099430084229, train_acc= 97.70%
INFO - 09/14/26 02:32:26 - 0:00:08 - Epoch 22: train_loss=0.11773425340652466, train_acc= 98.85%
INFO - 09/14/26 02:32:26 - 0:00:08 - Epoch 23: train_loss=0.09526517987251282, train_acc= 97.70%
INFO - 09/14/26 02:32:26 - 0:00:08 - Epoch 24: train_loss=0.08789069950580597, train_acc= 98.85%
INFO - 09/14/26 02:32:26 - 0:00:08 - Epoch 25: train_loss=0.07710259407758713, train_acc= 98.85%
INFO - 09/14/26 02:32:26 - 0:00:08 - Epoch 25: val_loss=0.43172121047973633, val_acc= 89.83%,val_weighted_f1= 89.00,val_macro_f1= 85.36%
INFO - 09/14/26 02:32:26 - 0:00:08 - Epoch 26: train_loss=0.0739879161119461, train_acc= 98.85%
INFO - 09/14/26 02:32:26 - 0:00:08 - Epoch 27: train_loss=0.06362015008926392, train_acc= 100.00%
INFO - 09/14/26 02:32:26 - 0:00:08 - Epoch 28: train_loss=0.050308555364608765, train_acc= 100.00%
INFO - 09/14/26 02:32:26 - 0:00:08 - Epoch 29: train_loss=0.05603620409965515, train_acc= 100.00%
INFO - 09/14/26 02:32:26 - 0:00:08 - Epoch 30: train_loss=0.04908287152647972, train_acc= 100.00%
INFO - 09/14/26 02:32:26 - 0:00:08 - Epoch 30: val_loss=0.3980320394039154, val_acc= 88.14%,val_weighted_f1= 87.33,val_macro_f1= 83.96%
EarlyStopping counter: 1 out of 15
INFO - 09/14/26 02:32:26 - 0:00:08 - Epoch 31: train_loss=0.052160996943712234, train_acc= 98.85%
INFO - 09/14/26 02:32:26 - 0:00:08 - Epoch 32: train_loss=0.04781700670719147, train_acc= 98.85%
INFO - 09/14/26 02:32:26 - 0:00:08 - Epoch 33: train_loss=0.03973444178700447, train_acc= 100.00%
INFO - 09/14/26 02:32:26 - 0:00:08 - Epoch 34: train_loss=0.03343029320240021, train_acc= 100.00%
INFO - 09/14/26 02:32:26 - 0:00:08 - Epoch 35: train_loss=0.03145044296979904, train_acc= 100.00%
INFO - 09/14/26 02:32:26 - 0:00:08 - Epoch 35: val_loss=0.3987332582473755, val_acc= 88.14%,val_weighted_f1= 87.33,val_macro_f1= 83.96%
EarlyStopping counter: 2 out of 15
INFO - 09/14/26 02:32:27 - 0:00:08 - Epoch 36: train_loss=0.029004042968153954, train_acc= 100.00%
INFO - 09/14/26 02:32:27 - 0:00:08 - Epoch 37: train_loss=0.029101429507136345, train_acc= 98.85%
INFO - 09/14/26 02:32:27 - 0:00:08 - Epoch 38: train_loss=0.03026668168604374, train_acc= 100.00%
INFO - 09/14/26 02:32:27 - 0:00:08 - Epoch 39: train_loss=0.02696561999619007, train_acc= 98.85%
INFO - 09/14/26 02:32:27 - 0:00:08 - Epoch 40: train_loss=0.016603467985987663, train_acc= 100.00%
INFO - 09/14/26 02:32:27 - 0:00:08 - Epoch 40: val_loss=0.41960209608078003, val_acc= 88.14%,val_weighted_f1= 87.33,val_macro_f1= 83.96%
EarlyStopping counter: 3 out of 15
INFO - 09/14/26 02:32:27 - 0:00:08 - Epoch 41: train_loss=0.02662617340683937, train_acc= 98.85%
INFO - 09/14/26 02:32:27 - 0:00:08 - Epoch 42: train_loss=0.020357610657811165, train_acc= 100.00%
INFO - 09/14/26 02:32:27 - 0:00:08 - Epoch 43: train_loss=0.019421566277742386, train_acc= 100.00%
INFO - 09/14/26 02:32:27 - 0:00:08 - Epoch 44: train_loss=0.018841933459043503, train_acc= 100.00%
INFO - 09/14/26 02:32:27 - 0:00:08 - Epoch 45: train_loss=0.015295827761292458, train_acc= 100.00%
INFO - 09/14/26 02:32:27 - 0:00:08 - Epoch 45: val_loss=0.4509821832180023, val_acc= 89.83%,val_weighted_f1= 89.00,val_macro_f1= 85.36%
INFO - 09/14/26 02:32:27 - 0:00:08 - Epoch 46: train_loss=0.016003543511033058, train_acc= 100.00%
INFO - 09/14/26 02:32:27 - 0:00:08 - Epoch 47: train_loss=0.015487081371247768, train_acc= 100.00%
INFO - 09/14/26 02:32:27 - 0:00:08 - Epoch 48: train_loss=0.016446640715003014, train_acc= 100.00%
INFO - 09/14/26 02:32:27 - 0:00:08 - Epoch 49: train_loss=0.016349907964468002, train_acc= 100.00%
INFO - 09/14/26 02:32:27 - 0:00:08 - Epoch 50: train_loss=0.010452574118971825, train_acc= 100.00%
INFO - 09/14/26 02:32:27 - 0:00:08 - Epoch 50: val_loss=0.47436797618865967, val_acc= 89.83%,val_weighted_f1= 89.00,val_macro_f1= 85.36%
INFO - 09/14/26 02:32:27 - 0:00:08 - Epoch 51: train_loss=0.013343514874577522, train_acc= 100.00%
INFO - 09/14/26 02:32:27 - 0:00:08 - Epoch 52: train_loss=0.009472432546317577, train_acc= 100.00%
INFO - 09/14/26 02:32:27 - 0:00:08 - Epoch 53: train_loss=0.009520748630166054, train_acc= 100.00%
INFO - 09/14/26 02:32:27 - 0:00:08 - Epoch 54: train_loss=0.01267306599766016, train_acc= 100.00%
INFO - 09/14/26 02:32:27 - 0:00:08 - Epoch 55: train_loss=0.013102958910167217, train_acc= 100.00%
INFO - 09/14/26 02:32:27 - 0:00:08 - Epoch 55: val_loss=0.48598402738571167, val_acc= 89.83%,val_weighted_f1= 89.00,val_macro_f1= 85.36%
INFO - 09/14/26 02:32:27 - 0:00:08 - Epoch 56: train_loss=0.010037679225206375, train_acc= 100.00%
INFO - 09/14/26 02:32:27 - 0:00:08 - Epoch 57: train_loss=0.008192449808120728, train_acc= 100.00%
INFO - 09/14/26 02:32:27 - 0:00:08 - Epoch 58: train_loss=0.00814020074903965, train_acc= 100.00%
INFO - 09/14/26 02:32:27 - 0:00:08 - Epoch 59: train_loss=0.010782726109027863, train_acc= 100.00%
INFO - 09/14/26 02:32:27 - 0:00:08 - Epoch 60: train_loss=0.009195475839078426, train_acc= 100.00%
INFO - 09/14/26 02:32:27 - 0:00:08 - Epoch 60: val_loss=0.48277047276496887, val_acc= 89.83%,val_weighted_f1= 89.00,val_macro_f1= 85.36%
INFO - 09/14/26 02:32:27 - 0:00:08 - Epoch 61: train_loss=0.007327482104301453, train_acc= 100.00%
INFO - 09/14/26 02:32:27 - 0:00:09 - Epoch 62: train_loss=0.00570650864392519, train_acc= 100.00%
INFO - 09/14/26 02:32:27 - 0:00:09 - Epoch 63: train_loss=0.007783449254930019, train_acc= 100.00%
INFO - 09/14/26 02:32:27 - 0:00:09 - Epoch 64: train_loss=0.0059958649799227715, train_acc= 100.00%
INFO - 09/14/26 02:32:27 - 0:00:09 - Epoch 65: train_loss=0.00634381826967001, train_acc= 100.00%
INFO - 09/14/26 02:32:27 - 0:00:09 - Epoch 65: val_loss=0.4728524088859558, val_acc= 89.83%,val_weighted_f1= 89.00,val_macro_f1= 85.36%
INFO - 09/14/26 02:32:27 - 0:00:09 - Epoch 66: train_loss=0.005715690553188324, train_acc= 100.00%
INFO - 09/14/26 02:32:27 - 0:00:09 - Epoch 67: train_loss=0.006506770383566618, train_acc= 100.00%
INFO - 09/14/26 02:32:27 - 0:00:09 - Epoch 68: train_loss=0.005816672928631306, train_acc= 100.00%
INFO - 09/14/26 02:32:27 - 0:00:09 - Epoch 69: train_loss=0.008109800517559052, train_acc= 100.00%
INFO - 09/14/26 02:32:27 - 0:00:09 - Epoch 70: train_loss=0.004969459492713213, train_acc= 100.00%
INFO - 09/14/26 02:32:27 - 0:00:09 - Epoch 70: val_loss=0.4641381800174713, val_acc= 89.83%,val_weighted_f1= 89.00,val_macro_f1= 85.36%
INFO - 09/14/26 02:32:27 - 0:00:09 - Epoch 71: train_loss=0.005508560687303543, train_acc= 100.00%
INFO - 09/14/26 02:32:27 - 0:00:09 - Epoch 72: train_loss=0.006351322401314974, train_acc= 100.00%
INFO - 09/14/26 02:32:27 - 0:00:09 - Epoch 73: train_loss=0.003435169579461217, train_acc= 100.00%
INFO - 09/14/26 02:32:27 - 0:00:09 - Epoch 74: train_loss=0.004719255026429892, train_acc= 100.00%
INFO - 09/14/26 02:32:27 - 0:00:09 - Epoch 75: train_loss=0.005123476032167673, train_acc= 100.00%
INFO - 09/14/26 02:32:27 - 0:00:09 - Epoch 75: val_loss=0.45450055599212646, val_acc= 89.83%,val_weighted_f1= 89.00,val_macro_f1= 85.36%
INFO - 09/14/26 02:32:28 - 0:00:09 - Epoch 76: train_loss=0.004757005255669355, train_acc= 100.00%
INFO - 09/14/26 02:32:28 - 0:00:09 - Epoch 77: train_loss=0.0036065352614969015, train_acc= 100.00%
INFO - 09/14/26 02:32:28 - 0:00:09 - Epoch 78: train_loss=0.0037272151093930006, train_acc= 100.00%
INFO - 09/14/26 02:32:28 - 0:00:09 - Epoch 79: train_loss=0.0030409155879169703, train_acc= 100.00%
INFO - 09/14/26 02:32:28 - 0:00:09 - Epoch 80: train_loss=0.004279335029423237, train_acc= 100.00%
INFO - 09/14/26 02:32:28 - 0:00:09 - Epoch 80: val_loss=0.4456631541252136, val_acc= 89.83%,val_weighted_f1= 89.00,val_macro_f1= 85.36%
INFO - 09/14/26 02:32:28 - 0:00:09 - Epoch 81: train_loss=0.004341118037700653, train_acc= 100.00%
INFO - 09/14/26 02:32:28 - 0:00:09 - Epoch 82: train_loss=0.0029781199991703033, train_acc= 100.00%
INFO - 09/14/26 02:32:28 - 0:00:09 - Epoch 83: train_loss=0.006362339481711388, train_acc= 100.00%
INFO - 09/14/26 02:32:28 - 0:00:09 - Epoch 84: train_loss=0.00396121758967638, train_acc= 100.00%
INFO - 09/14/26 02:32:28 - 0:00:09 - Epoch 85: train_loss=0.0033800506498664618, train_acc= 100.00%
INFO - 09/14/26 02:32:28 - 0:00:09 - Epoch 85: val_loss=0.447994202375412, val_acc= 89.83%,val_weighted_f1= 89.00,val_macro_f1= 85.36%
INFO - 09/14/26 02:32:28 - 0:00:09 - Epoch 86: train_loss=0.0033705991227179766, train_acc= 100.00%
INFO - 09/14/26 02:32:28 - 0:00:09 - Epoch 87: train_loss=0.0030228595715016127, train_acc= 100.00%
INFO - 09/14/26 02:32:28 - 0:00:09 - Epoch 88: train_loss=0.004420531913638115, train_acc= 100.00%
INFO - 09/14/26 02:32:28 - 0:00:09 - Epoch 89: train_loss=0.003076659981161356, train_acc= 100.00%
INFO - 09/14/26 02:32:28 - 0:00:09 - Epoch 90: train_loss=0.003254053182899952, train_acc= 100.00%
INFO - 09/14/26 02:32:28 - 0:00:09 - Epoch 90: val_loss=0.45221179723739624, val_acc= 89.83%,val_weighted_f1= 89.00,val_macro_f1= 85.36%
INFO - 09/14/26 02:32:28 - 0:00:09 - Epoch 91: train_loss=0.0031697102822363377, train_acc= 100.00%
INFO - 09/14/26 02:32:28 - 0:00:09 - Epoch 92: train_loss=0.003353252075612545, train_acc= 100.00%
INFO - 09/14/26 02:32:28 - 0:00:09 - Epoch 93: train_loss=0.0032792803831398487, train_acc= 100.00%
INFO - 09/14/26 02:32:28 - 0:00:09 - Epoch 94: train_loss=0.0025745555758476257, train_acc= 100.00%
INFO - 09/14/26 02:32:28 - 0:00:09 - Epoch 95: train_loss=0.002840760862454772, train_acc= 100.00%
INFO - 09/14/26 02:32:28 - 0:00:09 - Epoch 95: val_loss=0.4528649151325226, val_acc= 89.83%,val_weighted_f1= 89.00,val_macro_f1= 85.36%
INFO - 09/14/26 02:32:28 - 0:00:09 - Epoch 96: train_loss=0.0033789558801800013, train_acc= 100.00%
INFO - 09/14/26 02:32:28 - 0:00:09 - Epoch 97: train_loss=0.0025836925487965345, train_acc= 100.00%
INFO - 09/14/26 02:32:28 - 0:00:09 - Epoch 98: train_loss=0.0031348641496151686, train_acc= 100.00%
INFO - 09/14/26 02:32:28 - 0:00:09 - Epoch 99: train_loss=0.002696150215342641, train_acc= 100.00%
INFO - 09/14/26 02:32:28 - 0:00:09 - Epoch 100: train_loss=0.0026233161333948374, train_acc= 100.00%
INFO - 09/14/26 02:32:28 - 0:00:09 - Epoch 100: val_loss=0.46053096652030945, val_acc= 89.83%,val_weighted_f1= 89.00,val_macro_f1= 85.36%
INFO - 09/14/26 02:32:28 - 0:00:10 - Epoch 101: train_loss=0.0018968386575579643, train_acc= 100.00%
INFO - 09/14/26 02:32:28 - 0:00:10 - Epoch 102: train_loss=0.0032801590859889984, train_acc= 100.00%
INFO - 09/14/26 02:32:28 - 0:00:10 - Epoch 103: train_loss=0.002009456278756261, train_acc= 100.00%
INFO - 09/14/26 02:32:28 - 0:00:10 - Epoch 104: train_loss=0.002784120384603739, train_acc= 100.00%
INFO - 09/14/26 02:32:28 - 0:00:10 - Epoch 105: train_loss=0.0038284980691969395, train_acc= 100.00%
INFO - 09/14/26 02:32:28 - 0:00:10 - Epoch 105: val_loss=0.4628404974937439, val_acc= 89.83%,val_weighted_f1= 89.00,val_macro_f1= 85.36%
INFO - 09/14/26 02:32:28 - 0:00:10 - Epoch 106: train_loss=0.0022560134530067444, train_acc= 100.00%
INFO - 09/14/26 02:32:28 - 0:00:10 - Epoch 107: train_loss=0.0029113723430782557, train_acc= 100.00%
INFO - 09/14/26 02:32:28 - 0:00:10 - Epoch 108: train_loss=0.0027794509660452604, train_acc= 100.00%
INFO - 09/14/26 02:32:28 - 0:00:10 - Epoch 109: train_loss=0.002016909420490265, train_acc= 100.00%
INFO - 09/14/26 02:32:28 - 0:00:10 - Epoch 110: train_loss=0.0018752620089799166, train_acc= 100.00%
INFO - 09/14/26 02:32:28 - 0:00:10 - Epoch 110: val_loss=0.4644450545310974, val_acc= 89.83%,val_weighted_f1= 89.00,val_macro_f1= 85.36%
INFO - 09/14/26 02:32:28 - 0:00:10 - Epoch 111: train_loss=0.0023554267827421427, train_acc= 100.00%
INFO - 09/14/26 02:32:28 - 0:00:10 - Epoch 112: train_loss=0.0019851834513247013, train_acc= 100.00%
INFO - 09/14/26 02:32:28 - 0:00:10 - Epoch 113: train_loss=0.0022430468816310167, train_acc= 100.00%
INFO - 09/14/26 02:32:28 - 0:00:10 - Epoch 114: train_loss=0.0019890645053237677, train_acc= 100.00%
INFO - 09/14/26 02:32:28 - 0:00:10 - Epoch 115: train_loss=0.0017231613164767623, train_acc= 100.00%
INFO - 09/14/26 02:32:28 - 0:00:10 - Epoch 115: val_loss=0.46542614698410034, val_acc= 89.83%,val_weighted_f1= 89.00,val_macro_f1= 85.36%
INFO - 09/14/26 02:32:29 - 0:00:10 - Epoch 116: train_loss=0.0018289044965058565, train_acc= 100.00%
INFO - 09/14/26 02:32:29 - 0:00:10 - Epoch 117: train_loss=0.001766406581737101, train_acc= 100.00%
INFO - 09/14/26 02:32:29 - 0:00:10 - Epoch 118: train_loss=0.0016572318272665143, train_acc= 100.00%
INFO - 09/14/26 02:32:29 - 0:00:10 - Epoch 119: train_loss=0.0016391136450693011, train_acc= 100.00%
INFO - 09/14/26 02:32:29 - 0:00:10 - Epoch 120: train_loss=0.002550760516896844, train_acc= 100.00%
INFO - 09/14/26 02:32:29 - 0:00:10 - Epoch 120: val_loss=0.4646838307380676, val_acc= 89.83%,val_weighted_f1= 89.00,val_macro_f1= 85.36%
INFO - 09/14/26 02:32:29 - 0:00:10 - Epoch 121: train_loss=0.0017539627151563764, train_acc= 100.00%
INFO - 09/14/26 02:32:29 - 0:00:10 - Epoch 122: train_loss=0.001857198541983962, train_acc= 100.00%
INFO - 09/14/26 02:32:29 - 0:00:10 - Epoch 123: train_loss=0.001995057100430131, train_acc= 100.00%
INFO - 09/14/26 02:32:29 - 0:00:10 - Epoch 124: train_loss=0.0020693806000053883, train_acc= 100.00%
INFO - 09/14/26 02:32:29 - 0:00:10 - Epoch 125: train_loss=0.0018506488995626569, train_acc= 100.00%
INFO - 09/14/26 02:32:29 - 0:00:10 - Epoch 125: val_loss=0.46386003494262695, val_acc= 89.83%,val_weighted_f1= 89.00,val_macro_f1= 85.36%
INFO - 09/14/26 02:32:29 - 0:00:10 - Epoch 126: train_loss=0.001982205081731081, train_acc= 100.00%
INFO - 09/14/26 02:32:29 - 0:00:10 - Epoch 127: train_loss=0.001995829865336418, train_acc= 100.00%
INFO - 09/14/26 02:32:29 - 0:00:10 - Epoch 128: train_loss=0.001558598829433322, train_acc= 100.00%
INFO - 09/14/26 02:32:29 - 0:00:10 - Epoch 129: train_loss=0.0016473314026370645, train_acc= 100.00%
INFO - 09/14/26 02:32:29 - 0:00:10 - Epoch 130: train_loss=0.0015802801353856921, train_acc= 100.00%
INFO - 09/14/26 02:32:29 - 0:00:10 - Epoch 130: val_loss=0.4643952548503876, val_acc= 89.83%,val_weighted_f1= 89.00,val_macro_f1= 85.36%
INFO - 09/14/26 02:32:29 - 0:00:10 - Epoch 131: train_loss=0.0016090499702841043, train_acc= 100.00%
INFO - 09/14/26 02:32:29 - 0:00:10 - Epoch 132: train_loss=0.0017544027650728822, train_acc= 100.00%
INFO - 09/14/26 02:32:29 - 0:00:10 - Epoch 133: train_loss=0.001780694117769599, train_acc= 100.00%
INFO - 09/14/26 02:32:29 - 0:00:10 - Epoch 134: train_loss=0.0013202413683757186, train_acc= 100.00%
INFO - 09/14/26 02:32:29 - 0:00:10 - Epoch 135: train_loss=0.001796978642232716, train_acc= 100.00%
INFO - 09/14/26 02:32:29 - 0:00:10 - Epoch 135: val_loss=0.4665694236755371, val_acc= 89.83%,val_weighted_f1= 89.00,val_macro_f1= 85.36%
INFO - 09/14/26 02:32:29 - 0:00:10 - Epoch 136: train_loss=0.001959408400580287, train_acc= 100.00%
INFO - 09/14/26 02:32:29 - 0:00:10 - Epoch 137: train_loss=0.0013621915131807327, train_acc= 100.00%
INFO - 09/14/26 02:32:29 - 0:00:10 - Epoch 138: train_loss=0.0016954218735918403, train_acc= 100.00%
INFO - 09/14/26 02:32:29 - 0:00:10 - Epoch 139: train_loss=0.001229171408340335, train_acc= 100.00%
INFO - 09/14/26 02:32:29 - 0:00:10 - Epoch 140: train_loss=0.0020174486562609673, train_acc= 100.00%
INFO - 09/14/26 02:32:29 - 0:00:11 - Epoch 140: val_loss=0.47017624974250793, val_acc= 89.83%,val_weighted_f1= 89.00,val_macro_f1= 85.36%
INFO - 09/14/26 02:32:29 - 0:00:11 - Epoch 141: train_loss=0.001390107674524188, train_acc= 100.00%
INFO - 09/14/26 02:32:29 - 0:00:11 - Epoch 142: train_loss=0.002286929404363036, train_acc= 100.00%
INFO - 09/14/26 02:32:29 - 0:00:11 - Epoch 143: train_loss=0.001619601040147245, train_acc= 100.00%
INFO - 09/14/26 02:32:29 - 0:00:11 - Epoch 144: train_loss=0.0017919247038662434, train_acc= 100.00%
INFO - 09/14/26 02:32:29 - 0:00:11 - Epoch 145: train_loss=0.0015870978822931647, train_acc= 100.00%
INFO - 09/14/26 02:32:29 - 0:00:11 - Epoch 145: val_loss=0.4752914309501648, val_acc= 89.83%,val_weighted_f1= 89.00,val_macro_f1= 85.36%
INFO - 09/14/26 02:32:29 - 0:00:11 - Epoch 146: train_loss=0.002345082815736532, train_acc= 100.00%
INFO - 09/14/26 02:32:29 - 0:00:11 - Epoch 147: train_loss=0.0016583796823397279, train_acc= 100.00%
INFO - 09/14/26 02:32:29 - 0:00:11 - Epoch 148: train_loss=0.0012133122654631734, train_acc= 100.00%
INFO - 09/14/26 02:32:29 - 0:00:11 - Epoch 149: train_loss=0.0016421298496425152, train_acc= 100.00%
INFO - 09/14/26 02:32:29 - 0:00:11 - Epoch 150: train_loss=0.0012872921070083976, train_acc= 100.00%
INFO - 09/14/26 02:32:29 - 0:00:11 - Epoch 150: val_loss=0.4769652485847473, val_acc= 89.83%,val_weighted_f1= 89.00,val_macro_f1= 85.36%
INFO - 09/14/26 02:32:29 - 0:00:11 - Epoch 151: train_loss=0.0016562181990593672, train_acc= 100.00%
INFO - 09/14/26 02:32:29 - 0:00:11 - Epoch 152: train_loss=0.0013437655288726091, train_acc= 100.00%
INFO - 09/14/26 02:32:29 - 0:00:11 - Epoch 153: train_loss=0.001735208323225379, train_acc= 100.00%
INFO - 09/14/26 02:32:29 - 0:00:11 - Epoch 154: train_loss=0.0011477144435048103, train_acc= 100.00%
INFO - 09/14/26 02:32:30 - 0:00:11 - Epoch 155: train_loss=0.0014633801765739918, train_acc= 100.00%
INFO - 09/14/26 02:32:30 - 0:00:11 - Epoch 155: val_loss=0.47868993878364563, val_acc= 89.83%,val_weighted_f1= 89.00,val_macro_f1= 85.36%
INFO - 09/14/26 02:32:30 - 0:00:11 - Epoch 156: train_loss=0.0011797770857810974, train_acc= 100.00%
INFO - 09/14/26 02:32:30 - 0:00:11 - Epoch 157: train_loss=0.0014399418141692877, train_acc= 100.00%
INFO - 09/14/26 02:32:30 - 0:00:11 - Epoch 158: train_loss=0.001479349797591567, train_acc= 100.00%
INFO - 09/14/26 02:32:30 - 0:00:11 - Epoch 159: train_loss=0.0012946269707754254, train_acc= 100.00%
INFO - 09/14/26 02:32:30 - 0:00:11 - Epoch 160: train_loss=0.0012567553203552961, train_acc= 100.00%
INFO - 09/14/26 02:32:30 - 0:00:11 - Epoch 160: val_loss=0.478885293006897, val_acc= 89.83%,val_weighted_f1= 89.00,val_macro_f1= 85.36%
INFO - 09/14/26 02:32:30 - 0:00:11 - Epoch 161: train_loss=0.0012251604348421097, train_acc= 100.00%
INFO - 09/14/26 02:32:30 - 0:00:11 - Epoch 162: train_loss=0.0012102657929062843, train_acc= 100.00%
INFO - 09/14/26 02:32:30 - 0:00:11 - Epoch 163: train_loss=0.0018144786590710282, train_acc= 100.00%
INFO - 09/14/26 02:32:30 - 0:00:11 - Epoch 164: train_loss=0.0012948107905685902, train_acc= 100.00%
INFO - 09/14/26 02:32:30 - 0:00:11 - Epoch 165: train_loss=0.0012569071259349585, train_acc= 100.00%
INFO - 09/14/26 02:32:30 - 0:00:11 - Epoch 165: val_loss=0.47408080101013184, val_acc= 89.83%,val_weighted_f1= 89.00,val_macro_f1= 85.36%
INFO - 09/14/26 02:32:30 - 0:00:11 - Epoch 166: train_loss=0.0012164966901764274, train_acc= 100.00%
INFO - 09/14/26 02:32:30 - 0:00:11 - Epoch 167: train_loss=0.0010474597802385688, train_acc= 100.00%
INFO - 09/14/26 02:32:30 - 0:00:11 - Epoch 168: train_loss=0.0016791067318990827, train_acc= 100.00%
INFO - 09/14/26 02:32:30 - 0:00:11 - Epoch 169: train_loss=0.001309044542722404, train_acc= 100.00%
INFO - 09/14/26 02:32:30 - 0:00:11 - Epoch 170: train_loss=0.0009336007642559707, train_acc= 100.00%
INFO - 09/14/26 02:32:30 - 0:00:11 - Epoch 170: val_loss=0.46895262598991394, val_acc= 89.83%,val_weighted_f1= 89.00,val_macro_f1= 85.36%
INFO - 09/14/26 02:32:30 - 0:00:11 - Epoch 171: train_loss=0.0011430715676397085, train_acc= 100.00%
INFO - 09/14/26 02:32:30 - 0:00:11 - Epoch 172: train_loss=0.0011142739094793797, train_acc= 100.00%
INFO - 09/14/26 02:32:30 - 0:00:11 - Epoch 173: train_loss=0.001141131273470819, train_acc= 100.00%
INFO - 09/14/26 02:32:30 - 0:00:11 - Epoch 174: train_loss=0.0011040975805372, train_acc= 100.00%
INFO - 09/14/26 02:32:30 - 0:00:11 - Epoch 175: train_loss=0.0010721670696511865, train_acc= 100.00%
INFO - 09/14/26 02:32:30 - 0:00:11 - Epoch 175: val_loss=0.4665340185165405, val_acc= 89.83%,val_weighted_f1= 89.00,val_macro_f1= 85.36%
INFO - 09/14/26 02:32:30 - 0:00:11 - Epoch 176: train_loss=0.0008752604480832815, train_acc= 100.00%
INFO - 09/14/26 02:32:30 - 0:00:11 - Epoch 177: train_loss=0.0011029774323105812, train_acc= 100.00%
INFO - 09/14/26 02:32:30 - 0:00:11 - Epoch 178: train_loss=0.0010516728507354856, train_acc= 100.00%
INFO - 09/14/26 02:32:30 - 0:00:11 - Epoch 179: train_loss=0.0009633455192670226, train_acc= 100.00%
INFO - 09/14/26 02:32:30 - 0:00:12 - Epoch 180: train_loss=0.0009860165882855654, train_acc= 100.00%
INFO - 09/14/26 02:32:30 - 0:00:12 - Epoch 180: val_loss=0.46983447670936584, val_acc= 89.83%,val_weighted_f1= 89.00,val_macro_f1= 85.36%
INFO - 09/14/26 02:32:30 - 0:00:12 - Epoch 181: train_loss=0.0012414343655109406, train_acc= 100.00%
INFO - 09/14/26 02:32:30 - 0:00:12 - Epoch 182: train_loss=0.0008927343878895044, train_acc= 100.00%
INFO - 09/14/26 02:32:30 - 0:00:12 - Epoch 183: train_loss=0.001154760248027742, train_acc= 100.00%
INFO - 09/14/26 02:32:30 - 0:00:12 - Epoch 184: train_loss=0.0009129943209700286, train_acc= 100.00%
INFO - 09/14/26 02:32:30 - 0:00:12 - Epoch 185: train_loss=0.0013451920822262764, train_acc= 100.00%
INFO - 09/14/26 02:32:30 - 0:00:12 - Epoch 185: val_loss=0.47583848237991333, val_acc= 89.83%,val_weighted_f1= 89.00,val_macro_f1= 85.36%
INFO - 09/14/26 02:32:30 - 0:00:12 - Epoch 186: train_loss=0.0009492537355981767, train_acc= 100.00%
INFO - 09/14/26 02:32:30 - 0:00:12 - Epoch 187: train_loss=0.0009609002736397088, train_acc= 100.00%
INFO - 09/14/26 02:32:30 - 0:00:12 - Epoch 188: train_loss=0.0009618650074116886, train_acc= 100.00%
INFO - 09/14/26 02:32:30 - 0:00:12 - Epoch 189: train_loss=0.0008626981871202588, train_acc= 100.00%
INFO - 09/14/26 02:32:30 - 0:00:12 - Epoch 190: train_loss=0.0007803493062965572, train_acc= 100.00%
INFO - 09/14/26 02:32:30 - 0:00:12 - Epoch 190: val_loss=0.4816203713417053, val_acc= 89.83%,val_weighted_f1= 89.00,val_macro_f1= 85.36%
INFO - 09/14/26 02:32:30 - 0:00:12 - Epoch 191: train_loss=0.0007765462505631149, train_acc= 100.00%
INFO - 09/14/26 02:32:30 - 0:00:12 - Epoch 192: train_loss=0.0009385138400830328, train_acc= 100.00%
INFO - 09/14/26 02:32:30 - 0:00:12 - Epoch 193: train_loss=0.000972492853179574, train_acc= 100.00%
INFO - 09/14/26 02:32:31 - 0:00:12 - Epoch 194: train_loss=0.0010270739439874887, train_acc= 100.00%
INFO - 09/14/26 02:32:31 - 0:00:12 - Epoch 195: train_loss=0.000911482609808445, train_acc= 100.00%
INFO - 09/14/26 02:32:31 - 0:00:12 - Epoch 195: val_loss=0.4849109351634979, val_acc= 89.83%,val_weighted_f1= 89.00,val_macro_f1= 85.36%
INFO - 09/14/26 02:32:31 - 0:00:12 - Epoch 196: train_loss=0.0008530778577551246, train_acc= 100.00%
INFO - 09/14/26 02:32:31 - 0:00:12 - Epoch 197: train_loss=0.0010709569323807955, train_acc= 100.00%
INFO - 09/14/26 02:32:31 - 0:00:12 - Epoch 198: train_loss=0.0009406760218553245, train_acc= 100.00%
INFO - 09/14/26 02:32:31 - 0:00:12 - Epoch 199: train_loss=0.0007223530556075275, train_acc= 100.00%
INFO - 09/14/26 02:32:31 - 0:00:12 - Epoch 200: train_loss=0.0012343948474153876, train_acc= 100.00%
INFO - 09/14/26 02:32:31 - 0:00:12 - Epoch 200: val_loss=0.48773419857025146, val_acc= 89.83%,val_weighted_f1= 89.00,val_macro_f1= 85.36%
INFO - 09/14/26 02:32:31 - 0:00:12 - Epoch 201: train_loss=0.000843018526211381, train_acc= 100.00%
INFO - 09/14/26 02:32:31 - 0:00:12 - Epoch 202: train_loss=0.0006386972381733358, train_acc= 100.00%
INFO - 09/14/26 02:32:31 - 0:00:12 - Epoch 203: train_loss=0.0010142649989575148, train_acc= 100.00%
INFO - 09/14/26 02:32:31 - 0:00:12 - Epoch 204: train_loss=0.0008415125776082277, train_acc= 100.00%
INFO - 09/14/26 02:32:31 - 0:00:12 - Epoch 205: train_loss=0.0010043116053566337, train_acc= 100.00%
INFO - 09/14/26 02:32:31 - 0:00:12 - Epoch 205: val_loss=0.48806020617485046, val_acc= 89.83%,val_weighted_f1= 89.00,val_macro_f1= 85.36%
INFO - 09/14/26 02:32:31 - 0:00:12 - Epoch 206: train_loss=0.0006807184545323253, train_acc= 100.00%
INFO - 09/14/26 02:32:31 - 0:00:12 - Epoch 207: train_loss=0.0011140003334730864, train_acc= 100.00%
INFO - 09/14/26 02:32:31 - 0:00:12 - Epoch 208: train_loss=0.0018542977049946785, train_acc= 100.00%
INFO - 09/14/26 02:32:31 - 0:00:12 - Epoch 209: train_loss=0.0008717913879081607, train_acc= 100.00%
INFO - 09/14/26 02:32:31 - 0:00:12 - Epoch 210: train_loss=0.0007510138093493879, train_acc= 100.00%
INFO - 09/14/26 02:32:31 - 0:00:12 - Epoch 210: val_loss=0.4884830713272095, val_acc= 89.83%,val_weighted_f1= 89.00,val_macro_f1= 85.36%
INFO - 09/14/26 02:32:31 - 0:00:12 - Epoch 211: train_loss=0.0006054147961549461, train_acc= 100.00%
INFO - 09/14/26 02:32:31 - 0:00:12 - Epoch 212: train_loss=0.0007797461003065109, train_acc= 100.00%
INFO - 09/14/26 02:32:31 - 0:00:12 - Epoch 213: train_loss=0.0009660915238782763, train_acc= 100.00%
INFO - 09/14/26 02:32:31 - 0:00:12 - Epoch 214: train_loss=0.0007305477629415691, train_acc= 100.00%
INFO - 09/14/26 02:32:31 - 0:00:12 - Epoch 215: train_loss=0.0006978067685849965, train_acc= 100.00%
INFO - 09/14/26 02:32:31 - 0:00:12 - Epoch 215: val_loss=0.4896945655345917, val_acc= 89.83%,val_weighted_f1= 89.00,val_macro_f1= 85.36%
INFO - 09/14/26 02:32:31 - 0:00:12 - Epoch 216: train_loss=0.0009251327719539404, train_acc= 100.00%
INFO - 09/14/26 02:32:31 - 0:00:12 - Epoch 217: train_loss=0.0007571098394691944, train_acc= 100.00%
INFO - 09/14/26 02:32:31 - 0:00:13 - Epoch 218: train_loss=0.0006376839592121542, train_acc= 100.00%
INFO - 09/14/26 02:32:31 - 0:00:13 - Epoch 219: train_loss=0.0006809814949519932, train_acc= 100.00%
INFO - 09/14/26 02:32:31 - 0:00:13 - Epoch 220: train_loss=0.000750176957808435, train_acc= 100.00%
INFO - 09/14/26 02:32:31 - 0:00:13 - Epoch 220: val_loss=0.48791277408599854, val_acc= 89.83%,val_weighted_f1= 89.00,val_macro_f1= 85.36%
INFO - 09/14/26 02:32:31 - 0:00:13 - Epoch 221: train_loss=0.0007142958929762244, train_acc= 100.00%
INFO - 09/14/26 02:32:31 - 0:00:13 - Epoch 222: train_loss=0.0006095083081163466, train_acc= 100.00%
INFO - 09/14/26 02:32:31 - 0:00:13 - Epoch 223: train_loss=0.0007342201424762607, train_acc= 100.00%
INFO - 09/14/26 02:32:31 - 0:00:13 - Epoch 224: train_loss=0.0006991326226852834, train_acc= 100.00%
INFO - 09/14/26 02:32:31 - 0:00:13 - Epoch 225: train_loss=0.0011922428384423256, train_acc= 100.00%
INFO - 09/14/26 02:32:31 - 0:00:13 - Epoch 225: val_loss=0.48781201243400574, val_acc= 89.83%,val_weighted_f1= 89.00,val_macro_f1= 85.36%
INFO - 09/14/26 02:32:31 - 0:00:13 - Epoch 226: train_loss=0.0007586472202092409, train_acc= 100.00%
INFO - 09/14/26 02:32:31 - 0:00:13 - Epoch 227: train_loss=0.0006739748641848564, train_acc= 100.00%
INFO - 09/14/26 02:32:31 - 0:00:13 - Epoch 228: train_loss=0.0005145362811163068, train_acc= 100.00%
INFO - 09/14/26 02:32:31 - 0:00:13 - Epoch 229: train_loss=0.0006586811505258083, train_acc= 100.00%
INFO - 09/14/26 02:32:31 - 0:00:13 - Epoch 230: train_loss=0.0006621417705900967, train_acc= 100.00%
INFO - 09/14/26 02:32:31 - 0:00:13 - Epoch 230: val_loss=0.48763784766197205, val_acc= 89.83%,val_weighted_f1= 89.00,val_macro_f1= 85.36%
INFO - 09/14/26 02:32:31 - 0:00:13 - Epoch 231: train_loss=0.000642527302261442, train_acc= 100.00%
INFO - 09/14/26 02:32:31 - 0:00:13 - Epoch 232: train_loss=0.00101957144215703, train_acc= 100.00%
INFO - 09/14/26 02:32:32 - 0:00:13 - Epoch 233: train_loss=0.0005888229352422059, train_acc= 100.00%
INFO - 09/14/26 02:32:32 - 0:00:13 - Epoch 234: train_loss=0.0006597002502530813, train_acc= 100.00%
INFO - 09/14/26 02:32:32 - 0:00:13 - Epoch 235: train_loss=0.0006819772534072399, train_acc= 100.00%
INFO - 09/14/26 02:32:32 - 0:00:13 - Epoch 235: val_loss=0.4891458749771118, val_acc= 89.83%,val_weighted_f1= 89.00,val_macro_f1= 85.36%
INFO - 09/14/26 02:32:32 - 0:00:13 - Epoch 236: train_loss=0.0007057462353259325, train_acc= 100.00%
INFO - 09/14/26 02:32:32 - 0:00:13 - Epoch 237: train_loss=0.0006007634801790118, train_acc= 100.00%
INFO - 09/14/26 02:32:32 - 0:00:13 - Epoch 238: train_loss=0.0007523843087255955, train_acc= 100.00%
INFO - 09/14/26 02:32:32 - 0:00:13 - Epoch 239: train_loss=0.0008788406266830862, train_acc= 100.00%
INFO - 09/14/26 02:32:32 - 0:00:13 - Epoch 240: train_loss=0.0006858890410512686, train_acc= 100.00%
INFO - 09/14/26 02:32:32 - 0:00:13 - Epoch 240: val_loss=0.49320757389068604, val_acc= 89.83%,val_weighted_f1= 89.00,val_macro_f1= 85.36%
INFO - 09/14/26 02:32:32 - 0:00:13 - Epoch 241: train_loss=0.000849090691190213, train_acc= 100.00%
INFO - 09/14/26 02:32:32 - 0:00:13 - Epoch 242: train_loss=0.0008052163757383823, train_acc= 100.00%
INFO - 09/14/26 02:32:32 - 0:00:13 - Epoch 243: train_loss=0.0007329143118113279, train_acc= 100.00%
INFO - 09/14/26 02:32:32 - 0:00:13 - Epoch 244: train_loss=0.0005809821886941791, train_acc= 100.00%
INFO - 09/14/26 02:32:32 - 0:00:13 - Epoch 245: train_loss=0.000840697146486491, train_acc= 100.00%
INFO - 09/14/26 02:32:32 - 0:00:13 - Epoch 245: val_loss=0.49588170647621155, val_acc= 89.83%,val_weighted_f1= 89.00,val_macro_f1= 85.36%
INFO - 09/14/26 02:32:32 - 0:00:13 - Epoch 246: train_loss=0.000585423142183572, train_acc= 100.00%
INFO - 09/14/26 02:32:32 - 0:00:13 - Epoch 247: train_loss=0.0006718857330270112, train_acc= 100.00%
INFO - 09/14/26 02:32:32 - 0:00:13 - Epoch 248: train_loss=0.0006362772546708584, train_acc= 100.00%
INFO - 09/14/26 02:32:32 - 0:00:13 - Epoch 249: train_loss=0.000557924504391849, train_acc= 100.00%
INFO - 09/14/26 02:32:32 - 0:00:13 - Epoch 250: train_loss=0.000557484629098326, train_acc= 100.00%
INFO - 09/14/26 02:32:32 - 0:00:13 - Epoch 250: val_loss=0.4981559216976166, val_acc= 89.83%,val_weighted_f1= 89.00,val_macro_f1= 85.36%
INFO - 09/14/26 02:32:32 - 0:00:13 - Epoch 251: train_loss=0.0005652400432154536, train_acc= 100.00%
INFO - 09/14/26 02:32:32 - 0:00:13 - Epoch 252: train_loss=0.0006017796113155782, train_acc= 100.00%
INFO - 09/14/26 02:32:32 - 0:00:13 - Epoch 253: train_loss=0.0005244578351266682, train_acc= 100.00%
INFO - 09/14/26 02:32:32 - 0:00:13 - Epoch 254: train_loss=0.0013165256241336465, train_acc= 100.00%
INFO - 09/14/26 02:32:32 - 0:00:13 - Epoch 255: train_loss=0.0007952830055728555, train_acc= 100.00%
INFO - 09/14/26 02:32:32 - 0:00:13 - Epoch 255: val_loss=0.5014508366584778, val_acc= 89.83%,val_weighted_f1= 89.00,val_macro_f1= 85.36%
INFO - 09/14/26 02:32:32 - 0:00:13 - Epoch 256: train_loss=0.000565803493373096, train_acc= 100.00%
INFO - 09/14/26 02:32:32 - 0:00:14 - Epoch 257: train_loss=0.0005024276906624436, train_acc= 100.00%
INFO - 09/14/26 02:32:32 - 0:00:14 - Epoch 258: train_loss=0.0005739076295867562, train_acc= 100.00%
INFO - 09/14/26 02:32:32 - 0:00:14 - Epoch 259: train_loss=0.0007996109779924154, train_acc= 100.00%
INFO - 09/14/26 02:32:32 - 0:00:14 - Epoch 260: train_loss=0.000630491238553077, train_acc= 100.00%
INFO - 09/14/26 02:32:32 - 0:00:14 - Epoch 260: val_loss=0.5020595192909241, val_acc= 89.83%,val_weighted_f1= 89.00,val_macro_f1= 85.36%
INFO - 09/14/26 02:32:32 - 0:00:14 - Epoch 261: train_loss=0.0005202824249863625, train_acc= 100.00%
INFO - 09/14/26 02:32:32 - 0:00:14 - Epoch 262: train_loss=0.0006115984870120883, train_acc= 100.00%
INFO - 09/14/26 02:32:32 - 0:00:14 - Epoch 263: train_loss=0.0005042916745878756, train_acc= 100.00%
INFO - 09/14/26 02:32:32 - 0:00:14 - Epoch 264: train_loss=0.0005958093097433448, train_acc= 100.00%
INFO - 09/14/26 02:32:32 - 0:00:14 - Epoch 265: train_loss=0.0005499114049598575, train_acc= 100.00%
INFO - 09/14/26 02:32:32 - 0:00:14 - Epoch 265: val_loss=0.5021857023239136, val_acc= 89.83%,val_weighted_f1= 89.00,val_macro_f1= 85.36%
INFO - 09/14/26 02:32:32 - 0:00:14 - Epoch 266: train_loss=0.0006029412033967674, train_acc= 100.00%
INFO - 09/14/26 02:32:32 - 0:00:14 - Epoch 267: train_loss=0.0006763519486412406, train_acc= 100.00%
INFO - 09/14/26 02:32:32 - 0:00:14 - Epoch 268: train_loss=0.0005472280317917466, train_acc= 100.00%
INFO - 09/14/26 02:32:32 - 0:00:14 - Epoch 269: train_loss=0.0005209459341131151, train_acc= 100.00%
INFO - 09/14/26 02:32:32 - 0:00:14 - Epoch 270: train_loss=0.0006033903919160366, train_acc= 100.00%
INFO - 09/14/26 02:32:32 - 0:00:14 - Epoch 270: val_loss=0.500464916229248, val_acc= 89.83%,val_weighted_f1= 89.00,val_macro_f1= 85.36%
INFO - 09/14/26 02:32:32 - 0:00:14 - Epoch 271: train_loss=0.0005873013869859278, train_acc= 100.00%
INFO - 09/14/26 02:32:33 - 0:00:14 - Epoch 272: train_loss=0.0006004170863889158, train_acc= 100.00%
INFO - 09/14/26 02:32:33 - 0:00:14 - Epoch 273: train_loss=0.000593930424656719, train_acc= 100.00%
INFO - 09/14/26 02:32:33 - 0:00:14 - Epoch 274: train_loss=0.0005606296472251415, train_acc= 100.00%
INFO - 09/14/26 02:32:33 - 0:00:14 - Epoch 275: train_loss=0.0005128835909999907, train_acc= 100.00%
INFO - 09/14/26 02:32:33 - 0:00:14 - Epoch 275: val_loss=0.49922266602516174, val_acc= 89.83%,val_weighted_f1= 89.00,val_macro_f1= 85.36%
INFO - 09/14/26 02:32:33 - 0:00:14 - Epoch 276: train_loss=0.0005179933505132794, train_acc= 100.00%
INFO - 09/14/26 02:32:33 - 0:00:14 - Epoch 277: train_loss=0.0005975826643407345, train_acc= 100.00%
INFO - 09/14/26 02:32:33 - 0:00:14 - Epoch 278: train_loss=0.0005141509464010596, train_acc= 100.00%
INFO - 09/14/26 02:32:33 - 0:00:14 - Epoch 279: train_loss=0.000589110073633492, train_acc= 100.00%
INFO - 09/14/26 02:32:33 - 0:00:14 - Epoch 280: train_loss=0.00048652206896804273, train_acc= 100.00%
INFO - 09/14/26 02:32:33 - 0:00:14 - Epoch 280: val_loss=0.499928742647171, val_acc= 89.83%,val_weighted_f1= 89.00,val_macro_f1= 85.36%
INFO - 09/14/26 02:32:33 - 0:00:14 - Epoch 281: train_loss=0.0006102076731622219, train_acc= 100.00%
INFO - 09/14/26 02:32:33 - 0:00:14 - Epoch 282: train_loss=0.0006410557543858886, train_acc= 100.00%
INFO - 09/14/26 02:32:33 - 0:00:14 - Epoch 283: train_loss=0.0004895181045867503, train_acc= 100.00%
INFO - 09/14/26 02:32:33 - 0:00:14 - Epoch 284: train_loss=0.0006947653600946069, train_acc= 100.00%
INFO - 09/14/26 02:32:33 - 0:00:14 - Epoch 285: train_loss=0.0006460508448071778, train_acc= 100.00%
INFO - 09/14/26 02:32:33 - 0:00:14 - Epoch 285: val_loss=0.5023374557495117, val_acc= 88.14%,val_weighted_f1= 86.67,val_macro_f1= 79.89%
EarlyStopping counter: 1 out of 15
INFO - 09/14/26 02:32:33 - 0:00:14 - Epoch 286: train_loss=0.00044363763299770653, train_acc= 100.00%
INFO - 09/14/26 02:32:33 - 0:00:14 - Epoch 287: train_loss=0.0004450826963875443, train_acc= 100.00%
INFO - 09/14/26 02:32:33 - 0:00:14 - Epoch 288: train_loss=0.0004801731265615672, train_acc= 100.00%
INFO - 09/14/26 02:32:33 - 0:00:14 - Epoch 289: train_loss=0.0005394014297053218, train_acc= 100.00%
INFO - 09/14/26 02:32:33 - 0:00:14 - Epoch 290: train_loss=0.0006747774896211922, train_acc= 100.00%
INFO - 09/14/26 02:32:33 - 0:00:14 - Epoch 290: val_loss=0.5047872066497803, val_acc= 88.14%,val_weighted_f1= 86.73,val_macro_f1= 79.79%
EarlyStopping counter: 2 out of 15
INFO - 09/14/26 02:32:33 - 0:00:14 - Epoch 291: train_loss=0.0005006064311601222, train_acc= 100.00%
INFO - 09/14/26 02:32:33 - 0:00:14 - Epoch 292: train_loss=0.00041328309453092515, train_acc= 100.00%
INFO - 09/14/26 02:32:33 - 0:00:14 - Epoch 293: train_loss=0.0005313604488037527, train_acc= 100.00%
INFO - 09/14/26 02:32:33 - 0:00:14 - Epoch 294: train_loss=0.00041756060090847313, train_acc= 100.00%
INFO - 09/14/26 02:32:33 - 0:00:14 - Epoch 295: train_loss=0.0004481062642298639, train_acc= 100.00%
INFO - 09/14/26 02:32:33 - 0:00:14 - Epoch 295: val_loss=0.5076186060905457, val_acc= 88.14%,val_weighted_f1= 86.73,val_macro_f1= 79.79%
EarlyStopping counter: 3 out of 15
INFO - 09/14/26 02:32:33 - 0:00:14 - Epoch 296: train_loss=0.00048280699411407113, train_acc= 100.00%
INFO - 09/14/26 02:32:33 - 0:00:14 - Epoch 297: train_loss=0.0005342582007870078, train_acc= 100.00%
INFO - 09/14/26 02:32:33 - 0:00:14 - Epoch 298: train_loss=0.00041538747609592974, train_acc= 100.00%
INFO - 09/14/26 02:32:33 - 0:00:15 - Epoch 299: train_loss=0.0004023795772809535, train_acc= 100.00%
INFO - 09/14/26 02:32:33 - 0:00:15 - Epoch 300: train_loss=0.0004595758218783885, train_acc= 100.00%
INFO - 09/14/26 02:32:33 - 0:00:15 - Epoch 300: val_loss=0.5106523036956787, val_acc= 88.14%,val_weighted_f1= 86.73,val_macro_f1= 79.79%
EarlyStopping counter: 4 out of 15
INFO - 09/14/26 02:32:33 - 0:00:15 - Epoch 301: train_loss=0.0006138802855275571, train_acc= 100.00%
INFO - 09/14/26 02:32:33 - 0:00:15 - Epoch 302: train_loss=0.0005167307099327445, train_acc= 100.00%
INFO - 09/14/26 02:32:33 - 0:00:15 - Epoch 303: train_loss=0.00046488185762427747, train_acc= 100.00%
INFO - 09/14/26 02:32:33 - 0:00:15 - Epoch 304: train_loss=0.00040317769162356853, train_acc= 100.00%
INFO - 09/14/26 02:32:33 - 0:00:15 - Epoch 305: train_loss=0.0005201756721362472, train_acc= 100.00%
INFO - 09/14/26 02:32:33 - 0:00:15 - Epoch 305: val_loss=0.5119966268539429, val_acc= 88.14%,val_weighted_f1= 86.73,val_macro_f1= 79.79%
EarlyStopping counter: 5 out of 15
INFO - 09/14/26 02:32:33 - 0:00:15 - Epoch 306: train_loss=0.00046353242942132056, train_acc= 100.00%
INFO - 09/14/26 02:32:33 - 0:00:15 - Epoch 307: train_loss=0.00044243925367482007, train_acc= 100.00%
INFO - 09/14/26 02:32:33 - 0:00:15 - Epoch 308: train_loss=0.0003740355896297842, train_acc= 100.00%
INFO - 09/14/26 02:32:33 - 0:00:15 - Epoch 309: train_loss=0.000434342393418774, train_acc= 100.00%
INFO - 09/14/26 02:32:33 - 0:00:15 - Epoch 310: train_loss=0.000530610210262239, train_acc= 100.00%
INFO - 09/14/26 02:32:33 - 0:00:15 - Epoch 310: val_loss=0.5106439590454102, val_acc= 88.14%,val_weighted_f1= 86.73,val_macro_f1= 79.79%
EarlyStopping counter: 6 out of 15
INFO - 09/14/26 02:32:33 - 0:00:15 - Epoch 311: train_loss=0.0003771403862629086, train_acc= 100.00%
INFO - 09/14/26 02:32:33 - 0:00:15 - Epoch 312: train_loss=0.0004018058825749904, train_acc= 100.00%
INFO - 09/14/26 02:32:33 - 0:00:15 - Epoch 313: train_loss=0.0005416555213741958, train_acc= 100.00%
INFO - 09/14/26 02:32:33 - 0:00:15 - Epoch 314: train_loss=0.00048697905731387436, train_acc= 100.00%
INFO - 09/14/26 02:32:33 - 0:00:15 - Epoch 315: train_loss=0.00041483549284748733, train_acc= 100.00%
INFO - 09/14/26 02:32:33 - 0:00:15 - Epoch 315: val_loss=0.510773241519928, val_acc= 88.14%,val_weighted_f1= 86.73,val_macro_f1= 79.79%
EarlyStopping counter: 7 out of 15
INFO - 09/14/26 02:32:33 - 0:00:15 - Epoch 316: train_loss=0.0003544565406627953, train_acc= 100.00%
INFO - 09/14/26 02:32:34 - 0:00:15 - Epoch 317: train_loss=0.000443389784777537, train_acc= 100.00%
INFO - 09/14/26 02:32:34 - 0:00:15 - Epoch 318: train_loss=0.0003191159339621663, train_acc= 100.00%
INFO - 09/14/26 02:32:34 - 0:00:15 - Epoch 319: train_loss=0.0004552831524051726, train_acc= 100.00%
INFO - 09/14/26 02:32:34 - 0:00:15 - Epoch 320: train_loss=0.0005286019295454025, train_acc= 100.00%
INFO - 09/14/26 02:32:34 - 0:00:15 - Epoch 320: val_loss=0.5129707455635071, val_acc= 88.14%,val_weighted_f1= 86.73,val_macro_f1= 79.79%
EarlyStopping counter: 8 out of 15
INFO - 09/14/26 02:32:34 - 0:00:15 - Epoch 321: train_loss=0.0004124231927562505, train_acc= 100.00%
INFO - 09/14/26 02:32:34 - 0:00:15 - Epoch 322: train_loss=0.00036658719182014465, train_acc= 100.00%
INFO - 09/14/26 02:32:34 - 0:00:15 - Epoch 323: train_loss=0.000703192432411015, train_acc= 100.00%
INFO - 09/14/26 02:32:34 - 0:00:15 - Epoch 324: train_loss=0.00035495709744282067, train_acc= 100.00%
INFO - 09/14/26 02:32:34 - 0:00:15 - Epoch 325: train_loss=0.0004629461036529392, train_acc= 100.00%
INFO - 09/14/26 02:32:34 - 0:00:15 - Epoch 325: val_loss=0.5148293972015381, val_acc= 88.14%,val_weighted_f1= 86.73,val_macro_f1= 79.79%
EarlyStopping counter: 9 out of 15
INFO - 09/14/26 02:32:34 - 0:00:15 - Epoch 326: train_loss=0.00041677255649119616, train_acc= 100.00%
INFO - 09/14/26 02:32:34 - 0:00:15 - Epoch 327: train_loss=0.00044480859651230276, train_acc= 100.00%
INFO - 09/14/26 02:32:34 - 0:00:15 - Epoch 328: train_loss=0.0004880021442659199, train_acc= 100.00%
INFO - 09/14/26 02:32:34 - 0:00:15 - Epoch 329: train_loss=0.0004435331793501973, train_acc= 100.00%
INFO - 09/14/26 02:32:34 - 0:00:15 - Epoch 330: train_loss=0.00048577430425211787, train_acc= 100.00%
INFO - 09/14/26 02:32:34 - 0:00:15 - Epoch 330: val_loss=0.514775812625885, val_acc= 88.14%,val_weighted_f1= 86.73,val_macro_f1= 79.79%
EarlyStopping counter: 10 out of 15
INFO - 09/14/26 02:32:34 - 0:00:15 - Epoch 331: train_loss=0.00048395671183243394, train_acc= 100.00%
INFO - 09/14/26 02:32:34 - 0:00:15 - Epoch 332: train_loss=0.000444794655777514, train_acc= 100.00%
INFO - 09/14/26 02:32:34 - 0:00:15 - Epoch 333: train_loss=0.0003993104910477996, train_acc= 100.00%
INFO - 09/14/26 02:32:34 - 0:00:15 - Epoch 334: train_loss=0.0004257338005118072, train_acc= 100.00%
INFO - 09/14/26 02:32:34 - 0:00:15 - Epoch 335: train_loss=0.0004231539787724614, train_acc= 100.00%
INFO - 09/14/26 02:32:34 - 0:00:15 - Epoch 335: val_loss=0.5146068334579468, val_acc= 88.14%,val_weighted_f1= 86.73,val_macro_f1= 79.79%
EarlyStopping counter: 11 out of 15
INFO - 09/14/26 02:32:34 - 0:00:15 - Epoch 336: train_loss=0.0003675947664305568, train_acc= 100.00%
INFO - 09/14/26 02:32:34 - 0:00:15 - Epoch 337: train_loss=0.000427213468356058, train_acc= 100.00%
INFO - 09/14/26 02:32:34 - 0:00:15 - Epoch 338: train_loss=0.0004330477968323976, train_acc= 100.00%
INFO - 09/14/26 02:32:34 - 0:00:15 - Epoch 339: train_loss=0.0003858846321236342, train_acc= 100.00%
INFO - 09/14/26 02:32:34 - 0:00:15 - Epoch 340: train_loss=0.000390882370993495, train_acc= 100.00%
INFO - 09/14/26 02:32:34 - 0:00:15 - Epoch 340: val_loss=0.516074001789093, val_acc= 89.83%,val_weighted_f1= 89.00,val_macro_f1= 85.36%
INFO - 09/14/26 02:32:34 - 0:00:15 - Epoch 341: train_loss=0.0003775983932428062, train_acc= 100.00%
INFO - 09/14/26 02:32:34 - 0:00:15 - Epoch 342: train_loss=0.00036387270665727556, train_acc= 100.00%
INFO - 09/14/26 02:32:34 - 0:00:15 - Epoch 343: train_loss=0.0004335398261900991, train_acc= 100.00%
INFO - 09/14/26 02:32:34 - 0:00:15 - Epoch 344: train_loss=0.00043306619045324624, train_acc= 100.00%
INFO - 09/14/26 02:32:34 - 0:00:15 - Epoch 345: train_loss=0.0003611299325712025, train_acc= 100.00%
INFO - 09/14/26 02:32:34 - 0:00:15 - Epoch 345: val_loss=0.5169188976287842, val_acc= 89.83%,val_weighted_f1= 89.00,val_macro_f1= 85.36%
INFO - 09/14/26 02:32:34 - 0:00:16 - Epoch 346: train_loss=0.0003423946036491543, train_acc= 100.00%
INFO - 09/14/26 02:32:34 - 0:00:16 - Epoch 347: train_loss=0.0003813027869910002, train_acc= 100.00%
INFO - 09/14/26 02:32:34 - 0:00:16 - Epoch 348: train_loss=0.00035236013354733586, train_acc= 100.00%
INFO - 09/14/26 02:32:34 - 0:00:16 - Epoch 349: train_loss=0.00037162326043471694, train_acc= 100.00%
INFO - 09/14/26 02:32:34 - 0:00:16 - Epoch 350: train_loss=0.0003134237485937774, train_acc= 100.00%
INFO - 09/14/26 02:32:34 - 0:00:16 - Epoch 350: val_loss=0.5181326866149902, val_acc= 88.14%,val_weighted_f1= 86.67,val_macro_f1= 79.89%
EarlyStopping counter: 1 out of 15
INFO - 09/14/26 02:32:34 - 0:00:16 - Epoch 351: train_loss=0.0003849232743959874, train_acc= 100.00%
INFO - 09/14/26 02:32:34 - 0:00:16 - Epoch 352: train_loss=0.0003042575845029205, train_acc= 100.00%
INFO - 09/14/26 02:32:34 - 0:00:16 - Epoch 353: train_loss=0.00032515081693418324, train_acc= 100.00%
INFO - 09/14/26 02:32:34 - 0:00:16 - Epoch 354: train_loss=0.000359390745870769, train_acc= 100.00%
INFO - 09/14/26 02:32:34 - 0:00:16 - Epoch 355: train_loss=0.00036366417771205306, train_acc= 100.00%
INFO - 09/14/26 02:32:34 - 0:00:16 - Epoch 355: val_loss=0.5205822587013245, val_acc= 88.14%,val_weighted_f1= 86.67,val_macro_f1= 79.89%
EarlyStopping counter: 2 out of 15
INFO - 09/14/26 02:32:34 - 0:00:16 - Epoch 356: train_loss=0.00039355127955786884, train_acc= 100.00%
INFO - 09/14/26 02:32:34 - 0:00:16 - Epoch 357: train_loss=0.00040814810199663043, train_acc= 100.00%
INFO - 09/14/26 02:32:34 - 0:00:16 - Epoch 358: train_loss=0.0003640542854554951, train_acc= 100.00%
INFO - 09/14/26 02:32:34 - 0:00:16 - Epoch 359: train_loss=0.0004482105723582208, train_acc= 100.00%
INFO - 09/14/26 02:32:34 - 0:00:16 - Epoch 360: train_loss=0.00031681646942161024, train_acc= 100.00%
INFO - 09/14/26 02:32:34 - 0:00:16 - Epoch 360: val_loss=0.5234112739562988, val_acc= 88.14%,val_weighted_f1= 86.67,val_macro_f1= 79.89%
EarlyStopping counter: 3 out of 15
INFO - 09/14/26 02:32:34 - 0:00:16 - Epoch 361: train_loss=0.0004940213402733207, train_acc= 100.00%
INFO - 09/14/26 02:32:35 - 0:00:16 - Epoch 362: train_loss=0.00034404630423523486, train_acc= 100.00%
INFO - 09/14/26 02:32:35 - 0:00:16 - Epoch 363: train_loss=0.0005026489379815757, train_acc= 100.00%
INFO - 09/14/26 02:32:35 - 0:00:16 - Epoch 364: train_loss=0.00030595395946875215, train_acc= 100.00%
INFO - 09/14/26 02:32:35 - 0:00:16 - Epoch 365: train_loss=0.00032479228684678674, train_acc= 100.00%
INFO - 09/14/26 02:32:35 - 0:00:16 - Epoch 365: val_loss=0.524707555770874, val_acc= 88.14%,val_weighted_f1= 86.67,val_macro_f1= 79.89%
EarlyStopping counter: 4 out of 15
INFO - 09/14/26 02:32:35 - 0:00:16 - Epoch 366: train_loss=0.0004053453740198165, train_acc= 100.00%
INFO - 09/14/26 02:32:35 - 0:00:16 - Epoch 367: train_loss=0.00032000450300984085, train_acc= 100.00%
INFO - 09/14/26 02:32:35 - 0:00:16 - Epoch 368: train_loss=0.00032498937798663974, train_acc= 100.00%
INFO - 09/14/26 02:32:35 - 0:00:16 - Epoch 369: train_loss=0.0003763896238524467, train_acc= 100.00%
INFO - 09/14/26 02:32:35 - 0:00:16 - Epoch 370: train_loss=0.0002930463233496994, train_acc= 100.00%
INFO - 09/14/26 02:32:35 - 0:00:16 - Epoch 370: val_loss=0.5269715189933777, val_acc= 88.14%,val_weighted_f1= 86.67,val_macro_f1= 79.89%
EarlyStopping counter: 5 out of 15
INFO - 09/14/26 02:32:35 - 0:00:16 - Epoch 371: train_loss=0.00036464433651417494, train_acc= 100.00%
INFO - 09/14/26 02:32:35 - 0:00:16 - Epoch 372: train_loss=0.0003360454284120351, train_acc= 100.00%
INFO - 09/14/26 02:32:35 - 0:00:16 - Epoch 373: train_loss=0.00033338688081130385, train_acc= 100.00%
INFO - 09/14/26 02:32:35 - 0:00:16 - Epoch 374: train_loss=0.0003484553308226168, train_acc= 100.00%
INFO - 09/14/26 02:32:35 - 0:00:16 - Epoch 375: train_loss=0.000288606621325016, train_acc= 100.00%
INFO - 09/14/26 02:32:35 - 0:00:16 - Epoch 375: val_loss=0.530078649520874, val_acc= 88.14%,val_weighted_f1= 86.67,val_macro_f1= 79.89%
EarlyStopping counter: 6 out of 15
INFO - 09/14/26 02:32:35 - 0:00:16 - Epoch 376: train_loss=0.00033191958209499717, train_acc= 100.00%
INFO - 09/14/26 02:32:35 - 0:00:16 - Epoch 377: train_loss=0.00036678562173619866, train_acc= 100.00%
INFO - 09/14/26 02:32:35 - 0:00:16 - Epoch 378: train_loss=0.0003877694543916732, train_acc= 100.00%
INFO - 09/14/26 02:32:35 - 0:00:16 - Epoch 379: train_loss=0.00035539260716177523, train_acc= 100.00%
INFO - 09/14/26 02:32:35 - 0:00:16 - Epoch 380: train_loss=0.0002878831000998616, train_acc= 100.00%
INFO - 09/14/26 02:32:35 - 0:00:16 - Epoch 380: val_loss=0.5327809453010559, val_acc= 88.14%,val_weighted_f1= 86.67,val_macro_f1= 79.89%
EarlyStopping counter: 7 out of 15
INFO - 09/14/26 02:32:35 - 0:00:16 - Epoch 381: train_loss=0.0003384882293175906, train_acc= 100.00%
INFO - 09/14/26 02:32:35 - 0:00:16 - Epoch 382: train_loss=0.0003321551776025444, train_acc= 100.00%
INFO - 09/14/26 02:32:35 - 0:00:16 - Epoch 383: train_loss=0.00031495190341956913, train_acc= 100.00%
INFO - 09/14/26 02:32:35 - 0:00:16 - Epoch 384: train_loss=0.00036087195621803403, train_acc= 100.00%
INFO - 09/14/26 02:32:35 - 0:00:16 - Epoch 385: train_loss=0.0002829459554050118, train_acc= 100.00%
INFO - 09/14/26 02:32:35 - 0:00:16 - Epoch 385: val_loss=0.5330002307891846, val_acc= 88.14%,val_weighted_f1= 86.67,val_macro_f1= 79.89%
EarlyStopping counter: 8 out of 15
INFO - 09/14/26 02:32:35 - 0:00:16 - Epoch 386: train_loss=0.0003208687121514231, train_acc= 100.00%
INFO - 09/14/26 02:32:35 - 0:00:16 - Epoch 387: train_loss=0.0003079578746110201, train_acc= 100.00%
INFO - 09/14/26 02:32:35 - 0:00:16 - Epoch 388: train_loss=0.00030028721084818244, train_acc= 100.00%
INFO - 09/14/26 02:32:35 - 0:00:16 - Epoch 389: train_loss=0.0003033657558262348, train_acc= 100.00%
INFO - 09/14/26 02:32:35 - 0:00:16 - Epoch 390: train_loss=0.00038255067192949355, train_acc= 100.00%
INFO - 09/14/26 02:32:35 - 0:00:16 - Epoch 390: val_loss=0.5319579243659973, val_acc= 88.14%,val_weighted_f1= 86.67,val_macro_f1= 79.89%
EarlyStopping counter: 9 out of 15
INFO - 09/14/26 02:32:35 - 0:00:16 - Epoch 391: train_loss=0.00026604306185618043, train_acc= 100.00%
INFO - 09/14/26 02:32:35 - 0:00:17 - Epoch 392: train_loss=0.00031269891769625247, train_acc= 100.00%
INFO - 09/14/26 02:32:35 - 0:00:17 - Epoch 393: train_loss=0.0003033424145542085, train_acc= 100.00%
INFO - 09/14/26 02:32:35 - 0:00:17 - Epoch 394: train_loss=0.00028139902860857546, train_acc= 100.00%
INFO - 09/14/26 02:32:35 - 0:00:17 - Epoch 395: train_loss=0.00035410819691605866, train_acc= 100.00%
INFO - 09/14/26 02:32:35 - 0:00:17 - Epoch 395: val_loss=0.5322120189666748, val_acc= 88.14%,val_weighted_f1= 86.67,val_macro_f1= 79.89%
EarlyStopping counter: 10 out of 15
INFO - 09/14/26 02:32:35 - 0:00:17 - Epoch 396: train_loss=0.00040763363358564675, train_acc= 100.00%
INFO - 09/14/26 02:32:35 - 0:00:17 - Epoch 397: train_loss=0.0003541756886988878, train_acc= 100.00%
INFO - 09/14/26 02:32:35 - 0:00:17 - Epoch 398: train_loss=0.00028490417753346264, train_acc= 100.00%
INFO - 09/14/26 02:32:35 - 0:00:17 - Epoch 399: train_loss=0.0003272172762081027, train_acc= 100.00%
INFO - 09/14/26 02:32:35 - 0:00:17 - Epoch 400: train_loss=0.0002795033506117761, train_acc= 100.00%
INFO - 09/14/26 02:32:35 - 0:00:17 - Epoch 400: val_loss=0.5325921177864075, val_acc= 88.14%,val_weighted_f1= 86.67,val_macro_f1= 79.89%
EarlyStopping counter: 11 out of 15
INFO - 09/14/26 02:32:35 - 0:00:17 - Epoch 401: train_loss=0.00030142333707772195, train_acc= 100.00%
INFO - 09/14/26 02:32:35 - 0:00:17 - Epoch 402: train_loss=0.00024999212473630905, train_acc= 100.00%
INFO - 09/14/26 02:32:35 - 0:00:17 - Epoch 403: train_loss=0.0003156241145916283, train_acc= 100.00%
INFO - 09/14/26 02:32:35 - 0:00:17 - Epoch 404: train_loss=0.00033606859506107867, train_acc= 100.00%
INFO - 09/14/26 02:32:35 - 0:00:17 - Epoch 405: train_loss=0.00026012936723418534, train_acc= 100.00%
INFO - 09/14/26 02:32:35 - 0:00:17 - Epoch 405: val_loss=0.5337790846824646, val_acc= 88.14%,val_weighted_f1= 86.67,val_macro_f1= 79.89%
EarlyStopping counter: 12 out of 15
INFO - 09/14/26 02:32:35 - 0:00:17 - Epoch 406: train_loss=0.0002933163777925074, train_acc= 100.00%
INFO - 09/14/26 02:32:35 - 0:00:17 - Epoch 407: train_loss=0.00030391468317247927, train_acc= 100.00%
INFO - 09/14/26 02:32:35 - 0:00:17 - Epoch 408: train_loss=0.00035226147156208754, train_acc= 100.00%
INFO - 09/14/26 02:32:35 - 0:00:17 - Epoch 409: train_loss=0.00029228278435766697, train_acc= 100.00%
INFO - 09/14/26 02:32:36 - 0:00:17 - Epoch 410: train_loss=0.00028326542815193534, train_acc= 100.00%
INFO - 09/14/26 02:32:36 - 0:00:17 - Epoch 410: val_loss=0.5358679890632629, val_acc= 88.14%,val_weighted_f1= 86.67,val_macro_f1= 79.89%
EarlyStopping counter: 13 out of 15
INFO - 09/14/26 02:32:36 - 0:00:17 - Epoch 411: train_loss=0.00028582377126440406, train_acc= 100.00%
INFO - 09/14/26 02:32:36 - 0:00:17 - Epoch 412: train_loss=0.0003518303856253624, train_acc= 100.00%
INFO - 09/14/26 02:32:36 - 0:00:17 - Epoch 413: train_loss=0.00029707400244660676, train_acc= 100.00%
INFO - 09/14/26 02:32:36 - 0:00:17 - Epoch 414: train_loss=0.0002996265538968146, train_acc= 100.00%
INFO - 09/14/26 02:32:36 - 0:00:17 - Epoch 415: train_loss=0.0002876838552765548, train_acc= 100.00%
INFO - 09/14/26 02:32:36 - 0:00:17 - Epoch 415: val_loss=0.5377558469772339, val_acc= 88.14%,val_weighted_f1= 86.67,val_macro_f1= 79.89%
EarlyStopping counter: 14 out of 15
INFO - 09/14/26 02:32:36 - 0:00:17 - Epoch 416: train_loss=0.0003758914244826883, train_acc= 100.00%
INFO - 09/14/26 02:32:36 - 0:00:17 - Epoch 417: train_loss=0.0002699581382330507, train_acc= 100.00%
INFO - 09/14/26 02:32:36 - 0:00:17 - Epoch 418: train_loss=0.00028383141034282744, train_acc= 100.00%
INFO - 09/14/26 02:32:36 - 0:00:17 - Epoch 419: train_loss=0.000402855162974447, train_acc= 100.00%
INFO - 09/14/26 02:32:36 - 0:00:17 - Epoch 420: train_loss=0.00026489372248761356, train_acc= 100.00%
INFO - 09/14/26 02:32:36 - 0:00:17 - Epoch 420: val_loss=0.5392443537712097, val_acc= 88.14%,val_weighted_f1= 86.67,val_macro_f1= 79.89%
EarlyStopping counter: 15 out of 15
---------Early stopping--------
INFO - 09/14/26 02:32:36 - 0:00:17 - --------------Testing--------------------
INFO - 09/14/26 02:32:36 - 0:00:17 - --------------Loading from ./checkpoints/NC_Texas_model.pt--------------------
INFO - 09/14/26 02:32:36 - 0:00:17 - test_acc= 78.38%, weighted_f1= 77.39,macro_f1= 60.05%
INFO - 09/14/26 02:32:36 - 0:00:17 - test_acc= 78.38%, weighted_f1= 77.39,macro_f1= 60.05%
INFO - 09/14/26 02:32:36 - 0:00:17 - Epoch 0: train_loss=1.5086859464645386, train_acc= 36.78%
INFO - 09/14/26 02:32:36 - 0:00:17 - Epoch 0: val_loss=1.4106999635696411, val_acc= 52.54%,val_weighted_f1= 36.20,val_macro_f1= 17.22%
INFO - 09/14/26 02:32:36 - 0:00:17 - Epoch 1: train_loss=1.2685747146606445, train_acc= 54.02%
INFO - 09/14/26 02:32:36 - 0:00:17 - Epoch 2: train_loss=1.0975875854492188, train_acc= 58.62%
INFO - 09/14/26 02:32:36 - 0:00:17 - Epoch 3: train_loss=1.0362492799758911, train_acc= 56.32%
INFO - 09/14/26 02:32:36 - 0:00:17 - Epoch 4: train_loss=0.9534708857536316, train_acc= 62.07%
INFO - 09/14/26 02:32:36 - 0:00:17 - Epoch 5: train_loss=0.8506947755813599, train_acc= 66.67%
INFO - 09/14/26 02:32:36 - 0:00:17 - Epoch 5: val_loss=1.0354371070861816, val_acc= 54.24%,val_weighted_f1= 40.05,val_macro_f1= 20.25%
INFO - 09/14/26 02:32:36 - 0:00:17 - Epoch 6: train_loss=0.7724704742431641, train_acc= 71.26%
INFO - 09/14/26 02:32:36 - 0:00:17 - Epoch 7: train_loss=0.7139752507209778, train_acc= 80.46%
INFO - 09/14/26 02:32:36 - 0:00:17 - Epoch 8: train_loss=0.6614850163459778, train_acc= 82.76%
INFO - 09/14/26 02:32:36 - 0:00:17 - Epoch 9: train_loss=0.6287173628807068, train_acc= 83.91%
INFO - 09/14/26 02:32:36 - 0:00:17 - Epoch 10: train_loss=0.5823256969451904, train_acc= 86.21%
INFO - 09/14/26 02:32:36 - 0:00:17 - Epoch 10: val_loss=0.791273832321167, val_acc= 67.80%,val_weighted_f1= 61.84,val_macro_f1= 45.58%
INFO - 09/14/26 02:32:36 - 0:00:17 - Epoch 11: train_loss=0.5252687931060791, train_acc= 88.51%
INFO - 09/14/26 02:32:36 - 0:00:18 - Epoch 12: train_loss=0.4901407063007355, train_acc= 89.66%
INFO - 09/14/26 02:32:36 - 0:00:18 - Epoch 13: train_loss=0.4166504740715027, train_acc= 94.25%
INFO - 09/14/26 02:32:36 - 0:00:18 - Epoch 14: train_loss=0.40208137035369873, train_acc= 90.80%
INFO - 09/14/26 02:32:36 - 0:00:18 - Epoch 15: train_loss=0.3561409115791321, train_acc= 94.25%
INFO - 09/14/26 02:32:36 - 0:00:18 - Epoch 15: val_loss=0.6519204378128052, val_acc= 72.88%,val_weighted_f1= 67.82,val_macro_f1= 50.14%
INFO - 09/14/26 02:32:36 - 0:00:18 - Epoch 16: train_loss=0.32693684101104736, train_acc= 93.10%
INFO - 09/14/26 02:32:36 - 0:00:18 - Epoch 17: train_loss=0.2890317142009735, train_acc= 94.25%
INFO - 09/14/26 02:32:36 - 0:00:18 - Epoch 18: train_loss=0.2623370587825775, train_acc= 94.25%
INFO - 09/14/26 02:32:36 - 0:00:18 - Epoch 19: train_loss=0.23589669167995453, train_acc= 96.55%
INFO - 09/14/26 02:32:36 - 0:00:18 - Epoch 20: train_loss=0.2201385647058487, train_acc= 95.40%
INFO - 09/14/26 02:32:36 - 0:00:18 - Epoch 20: val_loss=0.5254308581352234, val_acc= 81.36%,val_weighted_f1= 77.11,val_macro_f1= 59.71%
INFO - 09/14/26 02:32:36 - 0:00:18 - Epoch 21: train_loss=0.1805860847234726, train_acc= 97.70%
INFO - 09/14/26 02:32:36 - 0:00:18 - Epoch 22: train_loss=0.1784658581018448, train_acc= 96.55%
INFO - 09/14/26 02:32:36 - 0:00:18 - Epoch 23: train_loss=0.172738179564476, train_acc= 96.55%
INFO - 09/14/26 02:32:36 - 0:00:18 - Epoch 24: train_loss=0.14297199249267578, train_acc= 98.85%
INFO - 09/14/26 02:32:36 - 0:00:18 - Epoch 25: train_loss=0.11952600628137589, train_acc= 98.85%
INFO - 09/14/26 02:32:36 - 0:00:18 - Epoch 25: val_loss=0.4457760155200958, val_acc= 86.44%,val_weighted_f1= 82.39,val_macro_f1= 65.65%
INFO - 09/14/26 02:32:37 - 0:00:18 - Epoch 26: train_loss=0.10536321252584457, train_acc= 98.85%
INFO - 09/14/26 02:32:37 - 0:00:18 - Epoch 27: train_loss=0.11184919625520706, train_acc= 97.70%
INFO - 09/14/26 02:32:37 - 0:00:18 - Epoch 28: train_loss=0.08001890778541565, train_acc= 98.85%
INFO - 09/14/26 02:32:37 - 0:00:18 - Epoch 29: train_loss=0.08149640262126923, train_acc= 98.85%
INFO - 09/14/26 02:32:37 - 0:00:18 - Epoch 30: train_loss=0.07506605237722397, train_acc= 98.85%
INFO - 09/14/26 02:32:37 - 0:00:18 - Epoch 30: val_loss=0.41525065898895264, val_acc= 86.44%,val_weighted_f1= 82.38,val_macro_f1= 65.70%
INFO - 09/14/26 02:32:37 - 0:00:18 - Epoch 31: train_loss=0.06228797137737274, train_acc= 98.85%
INFO - 09/14/26 02:32:37 - 0:00:18 - Epoch 32: train_loss=0.06513076275587082, train_acc= 98.85%
INFO - 09/14/26 02:32:37 - 0:00:18 - Epoch 33: train_loss=0.057164207100868225, train_acc= 98.85%
INFO - 09/14/26 02:32:37 - 0:00:18 - Epoch 34: train_loss=0.04674364998936653, train_acc= 100.00%
INFO - 09/14/26 02:32:37 - 0:00:18 - Epoch 35: train_loss=0.051051247864961624, train_acc= 98.85%
INFO - 09/14/26 02:32:37 - 0:00:18 - Epoch 35: val_loss=0.41191181540489197, val_acc= 84.75%,val_weighted_f1= 80.80,val_macro_f1= 64.68%
EarlyStopping counter: 1 out of 15
INFO - 09/14/26 02:32:37 - 0:00:18 - Epoch 36: train_loss=0.04597947373986244, train_acc= 98.85%
INFO - 09/14/26 02:32:37 - 0:00:18 - Epoch 37: train_loss=0.036679189652204514, train_acc= 100.00%
INFO - 09/14/26 02:32:37 - 0:00:18 - Epoch 38: train_loss=0.03483458608388901, train_acc= 100.00%
INFO - 09/14/26 02:32:37 - 0:00:18 - Epoch 39: train_loss=0.033413130789995193, train_acc= 100.00%
INFO - 09/14/26 02:32:37 - 0:00:18 - Epoch 40: train_loss=0.03311268985271454, train_acc= 98.85%
INFO - 09/14/26 02:32:37 - 0:00:18 - Epoch 40: val_loss=0.42775216698646545, val_acc= 84.75%,val_weighted_f1= 80.80,val_macro_f1= 64.68%
EarlyStopping counter: 2 out of 15
INFO - 09/14/26 02:32:37 - 0:00:18 - Epoch 41: train_loss=0.02772332914173603, train_acc= 100.00%
INFO - 09/14/26 02:32:37 - 0:00:18 - Epoch 42: train_loss=0.027179431170225143, train_acc= 100.00%
INFO - 09/14/26 02:32:37 - 0:00:18 - Epoch 43: train_loss=0.01968677155673504, train_acc= 100.00%
INFO - 09/14/26 02:32:37 - 0:00:18 - Epoch 44: train_loss=0.02058969996869564, train_acc= 100.00%
INFO - 09/14/26 02:32:37 - 0:00:18 - Epoch 45: train_loss=0.01705406978726387, train_acc= 100.00%
INFO - 09/14/26 02:32:37 - 0:00:18 - Epoch 45: val_loss=0.4489968717098236, val_acc= 84.75%,val_weighted_f1= 80.80,val_macro_f1= 64.68%
EarlyStopping counter: 3 out of 15
INFO - 09/14/26 02:32:37 - 0:00:18 - Epoch 46: train_loss=0.02058965526521206, train_acc= 100.00%
INFO - 09/14/26 02:32:37 - 0:00:18 - Epoch 47: train_loss=0.015429886057972908, train_acc= 100.00%
INFO - 09/14/26 02:32:37 - 0:00:18 - Epoch 48: train_loss=0.016911208629608154, train_acc= 100.00%
INFO - 09/14/26 02:32:37 - 0:00:18 - Epoch 49: train_loss=0.01712064817547798, train_acc= 100.00%
INFO - 09/14/26 02:32:37 - 0:00:18 - Epoch 50: train_loss=0.014168448746204376, train_acc= 100.00%
INFO - 09/14/26 02:32:37 - 0:00:18 - Epoch 50: val_loss=0.4712616205215454, val_acc= 83.05%,val_weighted_f1= 79.23,val_macro_f1= 63.59%
EarlyStopping counter: 4 out of 15
INFO - 09/14/26 02:32:37 - 0:00:18 - Epoch 51: train_loss=0.011327505111694336, train_acc= 100.00%
INFO - 09/14/26 02:32:37 - 0:00:18 - Epoch 52: train_loss=0.014857184141874313, train_acc= 100.00%
INFO - 09/14/26 02:32:37 - 0:00:18 - Epoch 53: train_loss=0.010370253585278988, train_acc= 100.00%
INFO - 09/14/26 02:32:37 - 0:00:18 - Epoch 54: train_loss=0.009245852939784527, train_acc= 100.00%
INFO - 09/14/26 02:32:37 - 0:00:19 - Epoch 55: train_loss=0.010181306861341, train_acc= 100.00%
INFO - 09/14/26 02:32:37 - 0:00:19 - Epoch 55: val_loss=0.4993361532688141, val_acc= 83.05%,val_weighted_f1= 79.23,val_macro_f1= 63.59%
EarlyStopping counter: 5 out of 15
INFO - 09/14/26 02:32:37 - 0:00:19 - Epoch 56: train_loss=0.009318599477410316, train_acc= 100.00%
INFO - 09/14/26 02:32:37 - 0:00:19 - Epoch 57: train_loss=0.011098665185272694, train_acc= 100.00%
INFO - 09/14/26 02:32:37 - 0:00:19 - Epoch 58: train_loss=0.00872467365115881, train_acc= 100.00%
INFO - 09/14/26 02:32:37 - 0:00:19 - Epoch 59: train_loss=0.009988534264266491, train_acc= 100.00%
INFO - 09/14/26 02:32:37 - 0:00:19 - Epoch 60: train_loss=0.0075555345974862576, train_acc= 100.00%
INFO - 09/14/26 02:32:37 - 0:00:19 - Epoch 60: val_loss=0.5249256491661072, val_acc= 83.05%,val_weighted_f1= 79.23,val_macro_f1= 63.59%
EarlyStopping counter: 6 out of 15
INFO - 09/14/26 02:32:37 - 0:00:19 - Epoch 61: train_loss=0.006823648698627949, train_acc= 100.00%
INFO - 09/14/26 02:32:37 - 0:00:19 - Epoch 62: train_loss=0.006366983987390995, train_acc= 100.00%
INFO - 09/14/26 02:32:37 - 0:00:19 - Epoch 63: train_loss=0.007610470987856388, train_acc= 100.00%
INFO - 09/14/26 02:32:37 - 0:00:19 - Epoch 64: train_loss=0.005839250050485134, train_acc= 100.00%
INFO - 09/14/26 02:32:37 - 0:00:19 - Epoch 65: train_loss=0.006266489624977112, train_acc= 100.00%
INFO - 09/14/26 02:32:37 - 0:00:19 - Epoch 65: val_loss=0.5383543968200684, val_acc= 83.05%,val_weighted_f1= 79.23,val_macro_f1= 63.59%
EarlyStopping counter: 7 out of 15
INFO - 09/14/26 02:32:37 - 0:00:19 - Epoch 66: train_loss=0.006248490419238806, train_acc= 100.00%
INFO - 09/14/26 02:32:37 - 0:00:19 - Epoch 67: train_loss=0.005165546666830778, train_acc= 100.00%
INFO - 09/14/26 02:32:37 - 0:00:19 - Epoch 68: train_loss=0.006211649626493454, train_acc= 100.00%
INFO - 09/14/26 02:32:37 - 0:00:19 - Epoch 69: train_loss=0.0059092165902256966, train_acc= 100.00%
INFO - 09/14/26 02:32:37 - 0:00:19 - Epoch 70: train_loss=0.004927097819745541, train_acc= 100.00%
INFO - 09/14/26 02:32:37 - 0:00:19 - Epoch 70: val_loss=0.5485663414001465, val_acc= 83.05%,val_weighted_f1= 79.23,val_macro_f1= 63.59%
EarlyStopping counter: 8 out of 15
INFO - 09/14/26 02:32:37 - 0:00:19 - Epoch 71: train_loss=0.005608607083559036, train_acc= 100.00%
INFO - 09/14/26 02:32:37 - 0:00:19 - Epoch 72: train_loss=0.005967121105641127, train_acc= 100.00%
INFO - 09/14/26 02:32:38 - 0:00:19 - Epoch 73: train_loss=0.004448190797120333, train_acc= 100.00%
INFO - 09/14/26 02:32:38 - 0:00:19 - Epoch 74: train_loss=0.004642759449779987, train_acc= 100.00%
INFO - 09/14/26 02:32:38 - 0:00:19 - Epoch 75: train_loss=0.003665725700557232, train_acc= 100.00%
INFO - 09/14/26 02:32:38 - 0:00:19 - Epoch 75: val_loss=0.56055748462677, val_acc= 83.05%,val_weighted_f1= 79.23,val_macro_f1= 63.59%
EarlyStopping counter: 9 out of 15
INFO - 09/14/26 02:32:38 - 0:00:19 - Epoch 76: train_loss=0.004675073083490133, train_acc= 100.00%
INFO - 09/14/26 02:32:38 - 0:00:19 - Epoch 77: train_loss=0.004339492879807949, train_acc= 100.00%
INFO - 09/14/26 02:32:38 - 0:00:19 - Epoch 78: train_loss=0.004123000893741846, train_acc= 100.00%
INFO - 09/14/26 02:32:38 - 0:00:19 - Epoch 79: train_loss=0.004368457943201065, train_acc= 100.00%
INFO - 09/14/26 02:32:38 - 0:00:19 - Epoch 80: train_loss=0.004293395206332207, train_acc= 100.00%
INFO - 09/14/26 02:32:38 - 0:00:19 - Epoch 80: val_loss=0.5727524757385254, val_acc= 83.05%,val_weighted_f1= 79.23,val_macro_f1= 63.59%
EarlyStopping counter: 10 out of 15
INFO - 09/14/26 02:32:38 - 0:00:19 - Epoch 81: train_loss=0.0033701069187372923, train_acc= 100.00%
INFO - 09/14/26 02:32:38 - 0:00:19 - Epoch 82: train_loss=0.004445214755833149, train_acc= 100.00%
INFO - 09/14/26 02:32:38 - 0:00:19 - Epoch 83: train_loss=0.0033910651691257954, train_acc= 100.00%
INFO - 09/14/26 02:32:38 - 0:00:19 - Epoch 84: train_loss=0.003045158227905631, train_acc= 100.00%
INFO - 09/14/26 02:32:38 - 0:00:19 - Epoch 85: train_loss=0.0033519593998789787, train_acc= 100.00%
INFO - 09/14/26 02:32:38 - 0:00:19 - Epoch 85: val_loss=0.5836542248725891, val_acc= 84.75%,val_weighted_f1= 80.80,val_macro_f1= 64.68%
EarlyStopping counter: 11 out of 15
INFO - 09/14/26 02:32:38 - 0:00:19 - Epoch 86: train_loss=0.0037377718836069107, train_acc= 100.00%
INFO - 09/14/26 02:32:38 - 0:00:19 - Epoch 87: train_loss=0.003313593100756407, train_acc= 100.00%
INFO - 09/14/26 02:32:38 - 0:00:19 - Epoch 88: train_loss=0.0034004412591457367, train_acc= 100.00%
INFO - 09/14/26 02:32:38 - 0:00:19 - Epoch 89: train_loss=0.0031830742955207825, train_acc= 100.00%
INFO - 09/14/26 02:32:38 - 0:00:19 - Epoch 90: train_loss=0.00281775020994246, train_acc= 100.00%
INFO - 09/14/26 02:32:38 - 0:00:19 - Epoch 90: val_loss=0.586392343044281, val_acc= 84.75%,val_weighted_f1= 80.80,val_macro_f1= 64.68%
EarlyStopping counter: 12 out of 15
INFO - 09/14/26 02:32:38 - 0:00:19 - Epoch 91: train_loss=0.002909344155341387, train_acc= 100.00%
INFO - 09/14/26 02:32:38 - 0:00:19 - Epoch 92: train_loss=0.0026218704879283905, train_acc= 100.00%
INFO - 09/14/26 02:32:38 - 0:00:19 - Epoch 93: train_loss=0.003066409146413207, train_acc= 100.00%
INFO - 09/14/26 02:32:38 - 0:00:19 - Epoch 94: train_loss=0.002651346381753683, train_acc= 100.00%
INFO - 09/14/26 02:32:38 - 0:00:19 - Epoch 95: train_loss=0.0030727845150977373, train_acc= 100.00%
INFO - 09/14/26 02:32:38 - 0:00:19 - Epoch 95: val_loss=0.5883399248123169, val_acc= 84.75%,val_weighted_f1= 80.80,val_macro_f1= 64.68%
EarlyStopping counter: 13 out of 15
INFO - 09/14/26 02:32:38 - 0:00:19 - Epoch 96: train_loss=0.002367282286286354, train_acc= 100.00%
INFO - 09/14/26 02:32:38 - 0:00:19 - Epoch 97: train_loss=0.0032479623332619667, train_acc= 100.00%
INFO - 09/14/26 02:32:38 - 0:00:19 - Epoch 98: train_loss=0.0027726618573069572, train_acc= 100.00%
INFO - 09/14/26 02:32:38 - 0:00:19 - Epoch 99: train_loss=0.0028752293437719345, train_acc= 100.00%
INFO - 09/14/26 02:32:38 - 0:00:19 - Epoch 100: train_loss=0.003841136349365115, train_acc= 100.00%
INFO - 09/14/26 02:32:38 - 0:00:19 - Epoch 100: val_loss=0.591159999370575, val_acc= 84.75%,val_weighted_f1= 80.80,val_macro_f1= 64.68%
EarlyStopping counter: 14 out of 15
INFO - 09/14/26 02:32:38 - 0:00:19 - Epoch 101: train_loss=0.0027322154492139816, train_acc= 100.00%
INFO - 09/14/26 02:32:38 - 0:00:19 - Epoch 102: train_loss=0.002184871584177017, train_acc= 100.00%
INFO - 09/14/26 02:32:38 - 0:00:20 - Epoch 103: train_loss=0.002637685276567936, train_acc= 100.00%
INFO - 09/14/26 02:32:38 - 0:00:20 - Epoch 104: train_loss=0.0018949595978483558, train_acc= 100.00%
INFO - 09/14/26 02:32:38 - 0:00:20 - Epoch 105: train_loss=0.0022188774310052395, train_acc= 100.00%
INFO - 09/14/26 02:32:38 - 0:00:20 - Epoch 105: val_loss=0.5956667065620422, val_acc= 84.75%,val_weighted_f1= 80.80,val_macro_f1= 64.68%
EarlyStopping counter: 15 out of 15
---------Early stopping--------
INFO - 09/14/26 02:32:38 - 0:00:20 - --------------Testing--------------------
INFO - 09/14/26 02:32:38 - 0:00:20 - --------------Loading from ./checkpoints/NC_Texas_model.pt--------------------
INFO - 09/14/26 02:32:38 - 0:00:20 - test_acc= 86.49%, weighted_f1= 86.55,macro_f1= 80.97%
INFO - 09/14/26 02:32:38 - 0:00:20 - test_acc= 86.49%, weighted_f1= 86.55,macro_f1= 80.97%
INFO - 09/14/26 02:32:38 - 0:00:20 - Epoch 0: train_loss=1.8050754070281982, train_acc= 10.34%
INFO - 09/14/26 02:32:38 - 0:00:20 - Epoch 0: val_loss=1.32770574092865, val_acc= 61.02%,val_weighted_f1= 48.03,val_macro_f1= 19.15%
INFO - 09/14/26 02:32:38 - 0:00:20 - Epoch 1: train_loss=1.4230397939682007, train_acc= 50.57%
INFO - 09/14/26 02:32:38 - 0:00:20 - Epoch 2: train_loss=1.230116844177246, train_acc= 51.72%
INFO - 09/14/26 02:32:38 - 0:00:20 - Epoch 3: train_loss=1.1638046503067017, train_acc= 54.02%
INFO - 09/14/26 02:32:38 - 0:00:20 - Epoch 4: train_loss=1.0406402349472046, train_acc= 56.32%
INFO - 09/14/26 02:32:38 - 0:00:20 - Epoch 5: train_loss=0.9833554029464722, train_acc= 64.37%
INFO - 09/14/26 02:32:38 - 0:00:20 - Epoch 5: val_loss=1.0343843698501587, val_acc= 62.71%,val_weighted_f1= 51.56,val_macro_f1= 20.56%
INFO - 09/14/26 02:32:38 - 0:00:20 - Epoch 6: train_loss=0.9364765882492065, train_acc= 66.67%
INFO - 09/14/26 02:32:38 - 0:00:20 - Epoch 7: train_loss=0.8164147734642029, train_acc= 75.86%
INFO - 09/14/26 02:32:39 - 0:00:20 - Epoch 8: train_loss=0.7766691446304321, train_acc= 80.46%
INFO - 09/14/26 02:32:39 - 0:00:20 - Epoch 9: train_loss=0.7175149917602539, train_acc= 82.76%
INFO - 09/14/26 02:32:39 - 0:00:20 - Epoch 10: train_loss=0.6541074514389038, train_acc= 86.21%
INFO - 09/14/26 02:32:39 - 0:00:20 - Epoch 10: val_loss=0.793900191783905, val_acc= 74.58%,val_weighted_f1= 69.20,val_macro_f1= 42.61%
INFO - 09/14/26 02:32:39 - 0:00:20 - Epoch 11: train_loss=0.6198728084564209, train_acc= 80.46%
INFO - 09/14/26 02:32:39 - 0:00:20 - Epoch 12: train_loss=0.5401825308799744, train_acc= 86.21%
INFO - 09/14/26 02:32:39 - 0:00:20 - Epoch 13: train_loss=0.5251694321632385, train_acc= 86.21%
INFO - 09/14/26 02:32:39 - 0:00:20 - Epoch 14: train_loss=0.45813804864883423, train_acc= 86.21%
INFO - 09/14/26 02:32:39 - 0:00:20 - Epoch 15: train_loss=0.41310107707977295, train_acc= 91.95%
INFO - 09/14/26 02:32:39 - 0:00:20 - Epoch 15: val_loss=0.5436624884605408, val_acc= 81.36%,val_weighted_f1= 77.92,val_macro_f1= 57.36%
INFO - 09/14/26 02:32:39 - 0:00:20 - Epoch 16: train_loss=0.37090447545051575, train_acc= 94.25%
INFO - 09/14/26 02:32:39 - 0:00:20 - Epoch 17: train_loss=0.3386947810649872, train_acc= 94.25%
INFO - 09/14/26 02:32:39 - 0:00:20 - Epoch 18: train_loss=0.3323764204978943, train_acc= 95.40%
INFO - 09/14/26 02:32:39 - 0:00:20 - Epoch 19: train_loss=0.2862822115421295, train_acc= 94.25%
INFO - 09/14/26 02:32:39 - 0:00:20 - Epoch 20: train_loss=0.26440730690956116, train_acc= 97.70%
INFO - 09/14/26 02:32:39 - 0:00:20 - Epoch 20: val_loss=0.43520304560661316, val_acc= 91.53%,val_weighted_f1= 91.52,val_macro_f1= 86.38%
INFO - 09/14/26 02:32:39 - 0:00:20 - Epoch 21: train_loss=0.24885162711143494, train_acc= 96.55%
INFO - 09/14/26 02:32:39 - 0:00:20 - Epoch 22: train_loss=0.23102626204490662, train_acc= 98.85%
INFO - 09/14/26 02:32:39 - 0:00:20 - Epoch 23: train_loss=0.21603044867515564, train_acc= 95.40%
INFO - 09/14/26 02:32:39 - 0:00:20 - Epoch 24: train_loss=0.19444778561592102, train_acc= 98.85%
INFO - 09/14/26 02:32:39 - 0:00:20 - Epoch 25: train_loss=0.18413539230823517, train_acc= 97.70%
INFO - 09/14/26 02:32:39 - 0:00:20 - Epoch 25: val_loss=0.3447546362876892, val_acc= 91.53%,val_weighted_f1= 91.52,val_macro_f1= 86.38%
INFO - 09/14/26 02:32:39 - 0:00:20 - Epoch 26: train_loss=0.14682568609714508, train_acc= 97.70%
INFO - 09/14/26 02:32:39 - 0:00:20 - Epoch 27: train_loss=0.15900978446006775, train_acc= 97.70%
INFO - 09/14/26 02:32:39 - 0:00:20 - Epoch 28: train_loss=0.13387669622898102, train_acc= 98.85%
INFO - 09/14/26 02:32:39 - 0:00:20 - Epoch 29: train_loss=0.11905376613140106, train_acc= 97.70%
INFO - 09/14/26 02:32:39 - 0:00:20 - Epoch 30: train_loss=0.12097921967506409, train_acc= 97.70%
INFO - 09/14/26 02:32:39 - 0:00:20 - Epoch 30: val_loss=0.2933090031147003, val_acc= 91.53%,val_weighted_f1= 91.34,val_macro_f1= 87.98%
INFO - 09/14/26 02:32:39 - 0:00:20 - Epoch 31: train_loss=0.10649778693914413, train_acc= 97.70%
INFO - 09/14/26 02:32:39 - 0:00:20 - Epoch 32: train_loss=0.09705520421266556, train_acc= 98.85%
INFO - 09/14/26 02:32:39 - 0:00:21 - Epoch 33: train_loss=0.09043647348880768, train_acc= 98.85%
INFO - 09/14/26 02:32:39 - 0:00:21 - Epoch 34: train_loss=0.08558355271816254, train_acc= 98.85%
INFO - 09/14/26 02:32:39 - 0:00:21 - Epoch 35: train_loss=0.08160310238599777, train_acc= 97.70%
INFO - 09/14/26 02:32:39 - 0:00:21 - Epoch 35: val_loss=0.2697972357273102, val_acc= 91.53%,val_weighted_f1= 91.34,val_macro_f1= 87.98%
INFO - 09/14/26 02:32:39 - 0:00:21 - Epoch 36: train_loss=0.06897561997175217, train_acc= 97.70%
INFO - 09/14/26 02:32:39 - 0:00:21 - Epoch 37: train_loss=0.05724875628948212, train_acc= 98.85%
INFO - 09/14/26 02:32:39 - 0:00:21 - Epoch 38: train_loss=0.06833317875862122, train_acc= 97.70%
INFO - 09/14/26 02:32:39 - 0:00:21 - Epoch 39: train_loss=0.05709727108478546, train_acc= 97.70%
INFO - 09/14/26 02:32:39 - 0:00:21 - Epoch 40: train_loss=0.051632627844810486, train_acc= 97.70%
INFO - 09/14/26 02:32:39 - 0:00:21 - Epoch 40: val_loss=0.25478026270866394, val_acc= 91.53%,val_weighted_f1= 91.34,val_macro_f1= 87.98%
INFO - 09/14/26 02:32:39 - 0:00:21 - Epoch 41: train_loss=0.051374971866607666, train_acc= 100.00%
INFO - 09/14/26 02:32:39 - 0:00:21 - Epoch 42: train_loss=0.04290241748094559, train_acc= 100.00%
INFO - 09/14/26 02:32:39 - 0:00:21 - Epoch 43: train_loss=0.04162627458572388, train_acc= 98.85%
INFO - 09/14/26 02:32:39 - 0:00:21 - Epoch 44: train_loss=0.03430799022316933, train_acc= 100.00%
INFO - 09/14/26 02:32:39 - 0:00:21 - Epoch 45: train_loss=0.032655954360961914, train_acc= 100.00%
INFO - 09/14/26 02:32:39 - 0:00:21 - Epoch 45: val_loss=0.2473471313714981, val_acc= 91.53%,val_weighted_f1= 91.34,val_macro_f1= 87.98%
INFO - 09/14/26 02:32:39 - 0:00:21 - Epoch 46: train_loss=0.03034001588821411, train_acc= 100.00%
INFO - 09/14/26 02:32:40 - 0:00:21 - Epoch 47: train_loss=0.03428936377167702, train_acc= 100.00%
INFO - 09/14/26 02:32:40 - 0:00:21 - Epoch 48: train_loss=0.03090217523276806, train_acc= 100.00%
INFO - 09/14/26 02:32:40 - 0:00:21 - Epoch 49: train_loss=0.025841446593403816, train_acc= 100.00%
INFO - 09/14/26 02:32:40 - 0:00:21 - Epoch 50: train_loss=0.027791867032647133, train_acc= 100.00%
INFO - 09/14/26 02:32:40 - 0:00:21 - Epoch 50: val_loss=0.24959425628185272, val_acc= 93.22%,val_weighted_f1= 93.03,val_macro_f1= 89.52%
INFO - 09/14/26 02:32:40 - 0:00:21 - Epoch 51: train_loss=0.024750251322984695, train_acc= 100.00%
INFO - 09/14/26 02:32:40 - 0:00:21 - Epoch 52: train_loss=0.020950397476553917, train_acc= 100.00%
INFO - 09/14/26 02:32:40 - 0:00:21 - Epoch 53: train_loss=0.021307839080691338, train_acc= 100.00%
INFO - 09/14/26 02:32:40 - 0:00:21 - Epoch 54: train_loss=0.020016364753246307, train_acc= 100.00%
INFO - 09/14/26 02:32:40 - 0:00:21 - Epoch 55: train_loss=0.016051864251494408, train_acc= 100.00%
INFO - 09/14/26 02:32:40 - 0:00:21 - Epoch 55: val_loss=0.2524462938308716, val_acc= 91.53%,val_weighted_f1= 91.90,val_macro_f1= 68.95%
EarlyStopping counter: 1 out of 15
INFO - 09/14/26 02:32:40 - 0:00:21 - Epoch 56: train_loss=0.01417943648993969, train_acc= 100.00%
INFO - 09/14/26 02:32:40 - 0:00:21 - Epoch 57: train_loss=0.015572483651340008, train_acc= 100.00%
INFO - 09/14/26 02:32:40 - 0:00:21 - Epoch 58: train_loss=0.016141392290592194, train_acc= 100.00%
INFO - 09/14/26 02:32:40 - 0:00:21 - Epoch 59: train_loss=0.013690099120140076, train_acc= 100.00%
INFO - 09/14/26 02:32:40 - 0:00:21 - Epoch 60: train_loss=0.01456310786306858, train_acc= 100.00%
INFO - 09/14/26 02:32:40 - 0:00:21 - Epoch 60: val_loss=0.251859575510025, val_acc= 91.53%,val_weighted_f1= 91.90,val_macro_f1= 68.95%
EarlyStopping counter: 2 out of 15
INFO - 09/14/26 02:32:40 - 0:00:21 - Epoch 61: train_loss=0.011755522340536118, train_acc= 100.00%
INFO - 09/14/26 02:32:40 - 0:00:21 - Epoch 62: train_loss=0.011352913454174995, train_acc= 100.00%
INFO - 09/14/26 02:32:40 - 0:00:21 - Epoch 63: train_loss=0.011424797587096691, train_acc= 100.00%
INFO - 09/14/26 02:32:40 - 0:00:21 - Epoch 64: train_loss=0.01065051183104515, train_acc= 100.00%
INFO - 09/14/26 02:32:40 - 0:00:21 - Epoch 65: train_loss=0.011539982631802559, train_acc= 100.00%
INFO - 09/14/26 02:32:40 - 0:00:21 - Epoch 65: val_loss=0.24477483332157135, val_acc= 93.22%,val_weighted_f1= 93.03,val_macro_f1= 89.52%
INFO - 09/14/26 02:32:40 - 0:00:21 - Epoch 66: train_loss=0.0110452426597476, train_acc= 100.00%
INFO - 09/14/26 02:32:40 - 0:00:21 - Epoch 67: train_loss=0.008537874557077885, train_acc= 100.00%
INFO - 09/14/26 02:32:40 - 0:00:21 - Epoch 68: train_loss=0.011509168893098831, train_acc= 100.00%
INFO - 09/14/26 02:32:40 - 0:00:21 - Epoch 69: train_loss=0.009079460054636002, train_acc= 100.00%
INFO - 09/14/26 02:32:40 - 0:00:21 - Epoch 70: train_loss=0.008094972930848598, train_acc= 100.00%
INFO - 09/14/26 02:32:40 - 0:00:21 - Epoch 70: val_loss=0.23742856085300446, val_acc= 93.22%,val_weighted_f1= 93.03,val_macro_f1= 89.52%
INFO - 09/14/26 02:32:40 - 0:00:21 - Epoch 71: train_loss=0.00811613816767931, train_acc= 100.00%
INFO - 09/14/26 02:32:40 - 0:00:21 - Epoch 72: train_loss=0.008332391269505024, train_acc= 100.00%
INFO - 09/14/26 02:32:40 - 0:00:21 - Epoch 73: train_loss=0.00868278555572033, train_acc= 100.00%
INFO - 09/14/26 02:32:40 - 0:00:22 - Epoch 74: train_loss=0.006840075366199017, train_acc= 100.00%
INFO - 09/14/26 02:32:40 - 0:00:22 - Epoch 75: train_loss=0.006239309906959534, train_acc= 100.00%
INFO - 09/14/26 02:32:40 - 0:00:22 - Epoch 75: val_loss=0.23472461104393005, val_acc= 93.22%,val_weighted_f1= 93.03,val_macro_f1= 89.52%
INFO - 09/14/26 02:32:40 - 0:00:22 - Epoch 76: train_loss=0.008235392160713673, train_acc= 100.00%
INFO - 09/14/26 02:32:40 - 0:00:22 - Epoch 77: train_loss=0.0071510071866214275, train_acc= 100.00%
INFO - 09/14/26 02:32:40 - 0:00:22 - Epoch 78: train_loss=0.0060790604911744595, train_acc= 100.00%
INFO - 09/14/26 02:32:40 - 0:00:22 - Epoch 79: train_loss=0.005652907304465771, train_acc= 100.00%
INFO - 09/14/26 02:32:40 - 0:00:22 - Epoch 80: train_loss=0.005287733860313892, train_acc= 100.00%
INFO - 09/14/26 02:32:40 - 0:00:22 - Epoch 80: val_loss=0.2333511859178543, val_acc= 93.22%,val_weighted_f1= 93.03,val_macro_f1= 89.52%
INFO - 09/14/26 02:32:40 - 0:00:22 - Epoch 81: train_loss=0.006082439329475164, train_acc= 100.00%
INFO - 09/14/26 02:32:40 - 0:00:22 - Epoch 82: train_loss=0.0050216857343912125, train_acc= 100.00%
INFO - 09/14/26 02:32:40 - 0:00:22 - Epoch 83: train_loss=0.004870210308581591, train_acc= 100.00%
INFO - 09/14/26 02:32:40 - 0:00:22 - Epoch 84: train_loss=0.004535413347184658, train_acc= 100.00%
INFO - 09/14/26 02:32:40 - 0:00:22 - Epoch 85: train_loss=0.004231341648846865, train_acc= 100.00%
INFO - 09/14/26 02:32:40 - 0:00:22 - Epoch 85: val_loss=0.23018521070480347, val_acc= 93.22%,val_weighted_f1= 93.03,val_macro_f1= 89.52%
INFO - 09/14/26 02:32:40 - 0:00:22 - Epoch 86: train_loss=0.005311212502419949, train_acc= 100.00%
INFO - 09/14/26 02:32:40 - 0:00:22 - Epoch 87: train_loss=0.005764706991612911, train_acc= 100.00%
INFO - 09/14/26 02:32:41 - 0:00:22 - Epoch 88: train_loss=0.0040608602575957775, train_acc= 100.00%
INFO - 09/14/26 02:32:41 - 0:00:22 - Epoch 89: train_loss=0.004969214554876089, train_acc= 100.00%
INFO - 09/14/26 02:32:41 - 0:00:22 - Epoch 90: train_loss=0.004334481433033943, train_acc= 100.00%
INFO - 09/14/26 02:32:41 - 0:00:22 - Epoch 90: val_loss=0.22839102149009705, val_acc= 93.22%,val_weighted_f1= 93.03,val_macro_f1= 89.52%
INFO - 09/14/26 02:32:41 - 0:00:22 - Epoch 91: train_loss=0.0037808564957231283, train_acc= 100.00%
INFO - 09/14/26 02:32:41 - 0:00:22 - Epoch 92: train_loss=0.0035950199235230684, train_acc= 100.00%
INFO - 09/14/26 02:32:41 - 0:00:22 - Epoch 93: train_loss=0.0049254377372562885, train_acc= 100.00%
INFO - 09/14/26 02:32:41 - 0:00:22 - Epoch 94: train_loss=0.004324969835579395, train_acc= 100.00%
INFO - 09/14/26 02:32:41 - 0:00:22 - Epoch 95: train_loss=0.004302893299609423, train_acc= 100.00%
INFO - 09/14/26 02:32:41 - 0:00:22 - Epoch 95: val_loss=0.22981084883213043, val_acc= 93.22%,val_weighted_f1= 93.03,val_macro_f1= 89.52%
INFO - 09/14/26 02:32:41 - 0:00:22 - Epoch 96: train_loss=0.003807137720286846, train_acc= 100.00%
INFO - 09/14/26 02:32:41 - 0:00:22 - Epoch 97: train_loss=0.004010310396552086, train_acc= 100.00%
INFO - 09/14/26 02:32:41 - 0:00:22 - Epoch 98: train_loss=0.0038419996853917837, train_acc= 100.00%
INFO - 09/14/26 02:32:41 - 0:00:22 - Epoch 99: train_loss=0.00401395233348012, train_acc= 100.00%
INFO - 09/14/26 02:32:41 - 0:00:22 - Epoch 100: train_loss=0.002919495804235339, train_acc= 100.00%
INFO - 09/14/26 02:32:41 - 0:00:22 - Epoch 100: val_loss=0.23289398849010468, val_acc= 93.22%,val_weighted_f1= 93.03,val_macro_f1= 89.52%
INFO - 09/14/26 02:32:41 - 0:00:22 - Epoch 101: train_loss=0.0045100911520421505, train_acc= 100.00%
INFO - 09/14/26 02:32:41 - 0:00:22 - Epoch 102: train_loss=0.0027970492374151945, train_acc= 100.00%
INFO - 09/14/26 02:32:41 - 0:00:22 - Epoch 103: train_loss=0.004510918166488409, train_acc= 100.00%
INFO - 09/14/26 02:32:41 - 0:00:22 - Epoch 104: train_loss=0.003561691613867879, train_acc= 100.00%
INFO - 09/14/26 02:32:41 - 0:00:22 - Epoch 105: train_loss=0.00352557934820652, train_acc= 100.00%
INFO - 09/14/26 02:32:41 - 0:00:22 - Epoch 105: val_loss=0.2329733520746231, val_acc= 91.53%,val_weighted_f1= 91.90,val_macro_f1= 68.95%
EarlyStopping counter: 1 out of 15
INFO - 09/14/26 02:32:41 - 0:00:22 - Epoch 106: train_loss=0.0027819278184324503, train_acc= 100.00%
INFO - 09/14/26 02:32:41 - 0:00:22 - Epoch 107: train_loss=0.003455523867160082, train_acc= 100.00%
INFO - 09/14/26 02:32:41 - 0:00:22 - Epoch 108: train_loss=0.003691065590828657, train_acc= 100.00%
INFO - 09/14/26 02:32:41 - 0:00:22 - Epoch 109: train_loss=0.0037391979712992907, train_acc= 100.00%
INFO - 09/14/26 02:32:41 - 0:00:22 - Epoch 110: train_loss=0.0032783697824925184, train_acc= 100.00%
INFO - 09/14/26 02:32:41 - 0:00:22 - Epoch 110: val_loss=0.232005774974823, val_acc= 91.53%,val_weighted_f1= 91.90,val_macro_f1= 68.95%
EarlyStopping counter: 2 out of 15
INFO - 09/14/26 02:32:41 - 0:00:22 - Epoch 111: train_loss=0.0030582842882722616, train_acc= 100.00%
INFO - 09/14/26 02:32:41 - 0:00:22 - Epoch 112: train_loss=0.003902004100382328, train_acc= 100.00%
INFO - 09/14/26 02:32:41 - 0:00:22 - Epoch 113: train_loss=0.003216500859707594, train_acc= 100.00%
INFO - 09/14/26 02:32:41 - 0:00:22 - Epoch 114: train_loss=0.002914649900048971, train_acc= 100.00%
INFO - 09/14/26 02:32:41 - 0:00:23 - Epoch 115: train_loss=0.002452312968671322, train_acc= 100.00%
INFO - 09/14/26 02:32:41 - 0:00:23 - Epoch 115: val_loss=0.23239676654338837, val_acc= 91.53%,val_weighted_f1= 91.90,val_macro_f1= 68.95%
EarlyStopping counter: 3 out of 15
INFO - 09/14/26 02:32:41 - 0:00:23 - Epoch 116: train_loss=0.0030547669157385826, train_acc= 100.00%
INFO - 09/14/26 02:32:41 - 0:00:23 - Epoch 117: train_loss=0.0032826820388436317, train_acc= 100.00%
INFO - 09/14/26 02:32:41 - 0:00:23 - Epoch 118: train_loss=0.0028423366602510214, train_acc= 100.00%
INFO - 09/14/26 02:32:41 - 0:00:23 - Epoch 119: train_loss=0.002319405088201165, train_acc= 100.00%
INFO - 09/14/26 02:32:41 - 0:00:23 - Epoch 120: train_loss=0.002468641148880124, train_acc= 100.00%
INFO - 09/14/26 02:32:41 - 0:00:23 - Epoch 120: val_loss=0.2368003875017166, val_acc= 91.53%,val_weighted_f1= 91.90,val_macro_f1= 68.95%
EarlyStopping counter: 4 out of 15
INFO - 09/14/26 02:32:41 - 0:00:23 - Epoch 121: train_loss=0.002778877504169941, train_acc= 100.00%
INFO - 09/14/26 02:32:41 - 0:00:23 - Epoch 122: train_loss=0.0027787145227193832, train_acc= 100.00%
INFO - 09/14/26 02:32:41 - 0:00:23 - Epoch 123: train_loss=0.002206448931246996, train_acc= 100.00%
INFO - 09/14/26 02:32:41 - 0:00:23 - Epoch 124: train_loss=0.002198413945734501, train_acc= 100.00%
INFO - 09/14/26 02:32:41 - 0:00:23 - Epoch 125: train_loss=0.0019817908760160208, train_acc= 100.00%
INFO - 09/14/26 02:32:41 - 0:00:23 - Epoch 125: val_loss=0.24349640309810638, val_acc= 91.53%,val_weighted_f1= 91.90,val_macro_f1= 68.95%
EarlyStopping counter: 5 out of 15
INFO - 09/14/26 02:32:41 - 0:00:23 - Epoch 126: train_loss=0.003169676288962364, train_acc= 100.00%
INFO - 09/14/26 02:32:41 - 0:00:23 - Epoch 127: train_loss=0.0020984532311558723, train_acc= 100.00%
INFO - 09/14/26 02:32:41 - 0:00:23 - Epoch 128: train_loss=0.003296809270977974, train_acc= 100.00%
INFO - 09/14/26 02:32:41 - 0:00:23 - Epoch 129: train_loss=0.003922778647392988, train_acc= 100.00%
INFO - 09/14/26 02:32:41 - 0:00:23 - Epoch 130: train_loss=0.00231959018856287, train_acc= 100.00%
INFO - 09/14/26 02:32:41 - 0:00:23 - Epoch 130: val_loss=0.24624966084957123, val_acc= 91.53%,val_weighted_f1= 91.90,val_macro_f1= 68.95%
EarlyStopping counter: 6 out of 15
INFO - 09/14/26 02:32:41 - 0:00:23 - Epoch 131: train_loss=0.002294256817549467, train_acc= 100.00%
INFO - 09/14/26 02:32:41 - 0:00:23 - Epoch 132: train_loss=0.0022308435291051865, train_acc= 100.00%
INFO - 09/14/26 02:32:42 - 0:00:23 - Epoch 133: train_loss=0.0018598171882331371, train_acc= 100.00%
INFO - 09/14/26 02:32:42 - 0:00:23 - Epoch 134: train_loss=0.0018194071017205715, train_acc= 100.00%
INFO - 09/14/26 02:32:42 - 0:00:23 - Epoch 135: train_loss=0.002047412097454071, train_acc= 100.00%
INFO - 09/14/26 02:32:42 - 0:00:23 - Epoch 135: val_loss=0.24920296669006348, val_acc= 91.53%,val_weighted_f1= 91.90,val_macro_f1= 68.95%
EarlyStopping counter: 7 out of 15
INFO - 09/14/26 02:32:42 - 0:00:23 - Epoch 136: train_loss=0.0019309748895466328, train_acc= 100.00%
INFO - 09/14/26 02:32:42 - 0:00:23 - Epoch 137: train_loss=0.0019301982829347253, train_acc= 100.00%
INFO - 09/14/26 02:32:42 - 0:00:23 - Epoch 138: train_loss=0.001811187481507659, train_acc= 100.00%
INFO - 09/14/26 02:32:42 - 0:00:23 - Epoch 139: train_loss=0.00205608899705112, train_acc= 100.00%
INFO - 09/14/26 02:32:42 - 0:00:23 - Epoch 140: train_loss=0.002122263191267848, train_acc= 100.00%
INFO - 09/14/26 02:32:42 - 0:00:23 - Epoch 140: val_loss=0.2516151964664459, val_acc= 91.53%,val_weighted_f1= 91.90,val_macro_f1= 68.95%
EarlyStopping counter: 8 out of 15
INFO - 09/14/26 02:32:42 - 0:00:23 - Epoch 141: train_loss=0.002100388053804636, train_acc= 100.00%
INFO - 09/14/26 02:32:42 - 0:00:23 - Epoch 142: train_loss=0.0023367246612906456, train_acc= 100.00%
INFO - 09/14/26 02:32:42 - 0:00:23 - Epoch 143: train_loss=0.002120785880833864, train_acc= 100.00%
INFO - 09/14/26 02:32:42 - 0:00:23 - Epoch 144: train_loss=0.001517315860837698, train_acc= 100.00%
INFO - 09/14/26 02:32:42 - 0:00:23 - Epoch 145: train_loss=0.0018160564359277487, train_acc= 100.00%
INFO - 09/14/26 02:32:42 - 0:00:23 - Epoch 145: val_loss=0.25150877237319946, val_acc= 91.53%,val_weighted_f1= 91.90,val_macro_f1= 68.95%
EarlyStopping counter: 9 out of 15
INFO - 09/14/26 02:32:42 - 0:00:23 - Epoch 146: train_loss=0.0018124730559065938, train_acc= 100.00%
INFO - 09/14/26 02:32:42 - 0:00:23 - Epoch 147: train_loss=0.0019926594104617834, train_acc= 100.00%
INFO - 09/14/26 02:32:42 - 0:00:23 - Epoch 148: train_loss=0.0014919597888365388, train_acc= 100.00%
INFO - 09/14/26 02:32:42 - 0:00:23 - Epoch 149: train_loss=0.001832357025705278, train_acc= 100.00%
INFO - 09/14/26 02:32:42 - 0:00:23 - Epoch 150: train_loss=0.0017399892676621675, train_acc= 100.00%
INFO - 09/14/26 02:32:42 - 0:00:23 - Epoch 150: val_loss=0.2513590157032013, val_acc= 91.53%,val_weighted_f1= 91.90,val_macro_f1= 68.95%
EarlyStopping counter: 10 out of 15
INFO - 09/14/26 02:32:42 - 0:00:23 - Epoch 151: train_loss=0.0017617226112633944, train_acc= 100.00%
INFO - 09/14/26 02:32:42 - 0:00:23 - Epoch 152: train_loss=0.0017905507702380419, train_acc= 100.00%
INFO - 09/14/26 02:32:42 - 0:00:23 - Epoch 153: train_loss=0.001595419249497354, train_acc= 100.00%
INFO - 09/14/26 02:32:42 - 0:00:23 - Epoch 154: train_loss=0.0014502450358122587, train_acc= 100.00%
INFO - 09/14/26 02:32:42 - 0:00:23 - Epoch 155: train_loss=0.0016179961385205388, train_acc= 100.00%
INFO - 09/14/26 02:32:42 - 0:00:23 - Epoch 155: val_loss=0.2534385919570923, val_acc= 91.53%,val_weighted_f1= 91.90,val_macro_f1= 68.95%
EarlyStopping counter: 11 out of 15
INFO - 09/14/26 02:32:42 - 0:00:23 - Epoch 156: train_loss=0.001501512131653726, train_acc= 100.00%
INFO - 09/14/26 02:32:42 - 0:00:23 - Epoch 157: train_loss=0.002006154041737318, train_acc= 100.00%
INFO - 09/14/26 02:32:42 - 0:00:23 - Epoch 158: train_loss=0.0016107946867123246, train_acc= 100.00%
INFO - 09/14/26 02:32:42 - 0:00:23 - Epoch 159: train_loss=0.0018262790981680155, train_acc= 100.00%
INFO - 09/14/26 02:32:42 - 0:00:23 - Epoch 160: train_loss=0.0017739360919222236, train_acc= 100.00%
INFO - 09/14/26 02:32:42 - 0:00:23 - Epoch 160: val_loss=0.2589662969112396, val_acc= 91.53%,val_weighted_f1= 91.90,val_macro_f1= 68.95%
EarlyStopping counter: 12 out of 15
INFO - 09/14/26 02:32:42 - 0:00:23 - Epoch 161: train_loss=0.0018093709368258715, train_acc= 100.00%
INFO - 09/14/26 02:32:42 - 0:00:24 - Epoch 162: train_loss=0.0014121722197160125, train_acc= 100.00%
INFO - 09/14/26 02:32:42 - 0:00:24 - Epoch 163: train_loss=0.002011776203289628, train_acc= 100.00%
INFO - 09/14/26 02:32:42 - 0:00:24 - Epoch 164: train_loss=0.0014650295488536358, train_acc= 100.00%
INFO - 09/14/26 02:32:42 - 0:00:24 - Epoch 165: train_loss=0.0013316356344148517, train_acc= 100.00%
INFO - 09/14/26 02:32:42 - 0:00:24 - Epoch 165: val_loss=0.2573494613170624, val_acc= 91.53%,val_weighted_f1= 91.90,val_macro_f1= 68.95%
EarlyStopping counter: 13 out of 15
INFO - 09/14/26 02:32:42 - 0:00:24 - Epoch 166: train_loss=0.001906297984533012, train_acc= 100.00%
INFO - 09/14/26 02:32:42 - 0:00:24 - Epoch 167: train_loss=0.0013542879605665803, train_acc= 100.00%
INFO - 09/14/26 02:32:42 - 0:00:24 - Epoch 168: train_loss=0.0013073317240923643, train_acc= 100.00%
INFO - 09/14/26 02:32:42 - 0:00:24 - Epoch 169: train_loss=0.0014313127612695098, train_acc= 100.00%
INFO - 09/14/26 02:32:42 - 0:00:24 - Epoch 170: train_loss=0.0014521860284730792, train_acc= 100.00%
INFO - 09/14/26 02:32:42 - 0:00:24 - Epoch 170: val_loss=0.2510451078414917, val_acc= 89.83%,val_weighted_f1= 90.21,val_macro_f1= 67.71%
EarlyStopping counter: 14 out of 15
INFO - 09/14/26 02:32:42 - 0:00:24 - Epoch 171: train_loss=0.001944561256095767, train_acc= 100.00%
INFO - 09/14/26 02:32:42 - 0:00:24 - Epoch 172: train_loss=0.0012906439369544387, train_acc= 100.00%
INFO - 09/14/26 02:32:42 - 0:00:24 - Epoch 173: train_loss=0.00175689987372607, train_acc= 100.00%
INFO - 09/14/26 02:32:42 - 0:00:24 - Epoch 174: train_loss=0.0012673070887103677, train_acc= 100.00%
INFO - 09/14/26 02:32:42 - 0:00:24 - Epoch 175: train_loss=0.0013955245958641171, train_acc= 100.00%
INFO - 09/14/26 02:32:42 - 0:00:24 - Epoch 175: val_loss=0.25155022740364075, val_acc= 89.83%,val_weighted_f1= 90.21,val_macro_f1= 67.71%
EarlyStopping counter: 15 out of 15
---------Early stopping--------
INFO - 09/14/26 02:32:42 - 0:00:24 - --------------Testing--------------------
INFO - 09/14/26 02:32:42 - 0:00:24 - --------------Loading from ./checkpoints/NC_Texas_model.pt--------------------
INFO - 09/14/26 02:32:42 - 0:00:24 - test_acc= 89.19%, weighted_f1= 89.37,macro_f1= 80.66%
INFO - 09/14/26 02:32:42 - 0:00:24 - test_acc= 89.19%, weighted_f1= 89.37,macro_f1= 80.66%
INFO - 09/14/26 02:32:42 - 0:00:24 - Epoch 0: train_loss=1.891858696937561, train_acc= 5.75%
INFO - 09/14/26 02:32:43 - 0:00:24 - Epoch 0: val_loss=1.5291422605514526, val_acc= 37.29%,val_weighted_f1= 38.88,val_macro_f1= 16.47%
INFO - 09/14/26 02:32:43 - 0:00:24 - Epoch 1: train_loss=1.5510413646697998, train_acc= 32.18%
INFO - 09/14/26 02:32:43 - 0:00:24 - Epoch 2: train_loss=1.3036079406738281, train_acc= 54.02%
INFO - 09/14/26 02:32:43 - 0:00:24 - Epoch 3: train_loss=1.1356569528579712, train_acc= 54.02%
INFO - 09/14/26 02:32:43 - 0:00:24 - Epoch 4: train_loss=1.0894521474838257, train_acc= 54.02%
INFO - 09/14/26 02:32:43 - 0:00:24 - Epoch 5: train_loss=0.9821447730064392, train_acc= 54.02%
INFO - 09/14/26 02:32:43 - 0:00:24 - Epoch 5: val_loss=0.9674550890922546, val_acc= 62.71%,val_weighted_f1= 50.79,val_macro_f1= 27.36%
INFO - 09/14/26 02:32:43 - 0:00:24 - Epoch 6: train_loss=0.874291718006134, train_acc= 59.77%
INFO - 09/14/26 02:32:43 - 0:00:24 - Epoch 7: train_loss=0.8214057087898254, train_acc= 62.07%
INFO - 09/14/26 02:32:43 - 0:00:24 - Epoch 8: train_loss=0.7560223937034607, train_acc= 71.26%
INFO - 09/14/26 02:32:43 - 0:00:24 - Epoch 9: train_loss=0.6631448864936829, train_acc= 85.06%
INFO - 09/14/26 02:32:43 - 0:00:24 - Epoch 10: train_loss=0.6190184950828552, train_acc= 88.51%
INFO - 09/14/26 02:32:43 - 0:00:24 - Epoch 10: val_loss=0.7538653016090393, val_acc= 74.58%,val_weighted_f1= 71.35,val_macro_f1= 56.75%
INFO - 09/14/26 02:32:43 - 0:00:24 - Epoch 11: train_loss=0.6285474896430969, train_acc= 89.66%
INFO - 09/14/26 02:32:43 - 0:00:24 - Epoch 12: train_loss=0.5200062394142151, train_acc= 93.10%
INFO - 09/14/26 02:32:43 - 0:00:24 - Epoch 13: train_loss=0.49500760436058044, train_acc= 90.80%
INFO - 09/14/26 02:32:43 - 0:00:24 - Epoch 14: train_loss=0.4323346018791199, train_acc= 91.95%
INFO - 09/14/26 02:32:43 - 0:00:24 - Epoch 15: train_loss=0.3765249252319336, train_acc= 93.10%
INFO - 09/14/26 02:32:43 - 0:00:24 - Epoch 15: val_loss=0.5927003622055054, val_acc= 77.97%,val_weighted_f1= 75.66,val_macro_f1= 68.06%
INFO - 09/14/26 02:32:43 - 0:00:24 - Epoch 16: train_loss=0.36388111114501953, train_acc= 91.95%
INFO - 09/14/26 02:32:43 - 0:00:24 - Epoch 17: train_loss=0.33263763785362244, train_acc= 91.95%
INFO - 09/14/26 02:32:43 - 0:00:24 - Epoch 18: train_loss=0.29712972044944763, train_acc= 90.80%
INFO - 09/14/26 02:32:43 - 0:00:24 - Epoch 19: train_loss=0.2800487279891968, train_acc= 94.25%
INFO - 09/14/26 02:32:43 - 0:00:24 - Epoch 20: train_loss=0.26574093103408813, train_acc= 93.10%
INFO - 09/14/26 02:32:43 - 0:00:24 - Epoch 20: val_loss=0.5219261646270752, val_acc= 77.97%,val_weighted_f1= 74.51,val_macro_f1= 66.83%
INFO - 09/14/26 02:32:43 - 0:00:24 - Epoch 21: train_loss=0.23499150574207306, train_acc= 94.25%
INFO - 09/14/26 02:32:43 - 0:00:24 - Epoch 22: train_loss=0.21678119897842407, train_acc= 93.10%
INFO - 09/14/26 02:32:43 - 0:00:24 - Epoch 23: train_loss=0.22208824753761292, train_acc= 95.40%
INFO - 09/14/26 02:32:43 - 0:00:24 - Epoch 24: train_loss=0.19101941585540771, train_acc= 94.25%
INFO - 09/14/26 02:32:43 - 0:00:25 - Epoch 25: train_loss=0.16343238949775696, train_acc= 95.40%
INFO - 09/14/26 02:32:43 - 0:00:25 - Epoch 25: val_loss=0.44750937819480896, val_acc= 81.36%,val_weighted_f1= 79.61,val_macro_f1= 73.66%
INFO - 09/14/26 02:32:43 - 0:00:25 - Epoch 26: train_loss=0.14379602670669556, train_acc= 97.70%
INFO - 09/14/26 02:32:43 - 0:00:25 - Epoch 27: train_loss=0.14012786746025085, train_acc= 96.55%
INFO - 09/14/26 02:32:43 - 0:00:25 - Epoch 28: train_loss=0.12196433544158936, train_acc= 97.70%
INFO - 09/14/26 02:32:43 - 0:00:25 - Epoch 29: train_loss=0.1232806146144867, train_acc= 97.70%
INFO - 09/14/26 02:32:43 - 0:00:25 - Epoch 30: train_loss=0.10667344927787781, train_acc= 96.55%
INFO - 09/14/26 02:32:43 - 0:00:25 - Epoch 30: val_loss=0.4084146022796631, val_acc= 88.14%,val_weighted_f1= 87.47,val_macro_f1= 84.36%
INFO - 09/14/26 02:32:43 - 0:00:25 - Epoch 31: train_loss=0.11202143877744675, train_acc= 97.70%
INFO - 09/14/26 02:32:43 - 0:00:25 - Epoch 32: train_loss=0.10510830581188202, train_acc= 97.70%
INFO - 09/14/26 02:32:43 - 0:00:25 - Epoch 33: train_loss=0.08871681988239288, train_acc= 98.85%
INFO - 09/14/26 02:32:43 - 0:00:25 - Epoch 34: train_loss=0.08243580907583237, train_acc= 98.85%
INFO - 09/14/26 02:32:43 - 0:00:25 - Epoch 35: train_loss=0.06355183571577072, train_acc= 98.85%
INFO - 09/14/26 02:32:43 - 0:00:25 - Epoch 35: val_loss=0.40785548090934753, val_acc= 88.14%,val_weighted_f1= 87.47,val_macro_f1= 84.36%
INFO - 09/14/26 02:32:43 - 0:00:25 - Epoch 36: train_loss=0.06650769710540771, train_acc= 98.85%
INFO - 09/14/26 02:32:43 - 0:00:25 - Epoch 37: train_loss=0.05868598073720932, train_acc= 98.85%
INFO - 09/14/26 02:32:43 - 0:00:25 - Epoch 38: train_loss=0.053492020815610886, train_acc= 98.85%
INFO - 09/14/26 02:32:43 - 0:00:25 - Epoch 39: train_loss=0.05469450354576111, train_acc= 98.85%
INFO - 09/14/26 02:32:44 - 0:00:25 - Epoch 40: train_loss=0.04772279039025307, train_acc= 98.85%
INFO - 09/14/26 02:32:44 - 0:00:25 - Epoch 40: val_loss=0.4341059625148773, val_acc= 86.44%,val_weighted_f1= 85.56,val_macro_f1= 80.58%
EarlyStopping counter: 1 out of 15
INFO - 09/14/26 02:32:44 - 0:00:25 - Epoch 41: train_loss=0.04126938804984093, train_acc= 98.85%
INFO - 09/14/26 02:32:44 - 0:00:25 - Epoch 42: train_loss=0.03627251833677292, train_acc= 100.00%
INFO - 09/14/26 02:32:44 - 0:00:25 - Epoch 43: train_loss=0.032378531992435455, train_acc= 100.00%
INFO - 09/14/26 02:32:44 - 0:00:25 - Epoch 44: train_loss=0.033945415169000626, train_acc= 100.00%
INFO - 09/14/26 02:32:44 - 0:00:25 - Epoch 45: train_loss=0.031126709654927254, train_acc= 100.00%
INFO - 09/14/26 02:32:44 - 0:00:25 - Epoch 45: val_loss=0.4662207067012787, val_acc= 88.14%,val_weighted_f1= 87.14,val_macro_f1= 82.13%
INFO - 09/14/26 02:32:44 - 0:00:25 - Epoch 46: train_loss=0.02304958552122116, train_acc= 100.00%
INFO - 09/14/26 02:32:44 - 0:00:25 - Epoch 47: train_loss=0.02580447494983673, train_acc= 100.00%
INFO - 09/14/26 02:32:44 - 0:00:25 - Epoch 48: train_loss=0.020313085988163948, train_acc= 100.00%
INFO - 09/14/26 02:32:44 - 0:00:25 - Epoch 49: train_loss=0.024287298321723938, train_acc= 100.00%
INFO - 09/14/26 02:32:44 - 0:00:25 - Epoch 50: train_loss=0.018283240497112274, train_acc= 100.00%
INFO - 09/14/26 02:32:44 - 0:00:25 - Epoch 50: val_loss=0.4957241117954254, val_acc= 88.14%,val_weighted_f1= 87.14,val_macro_f1= 82.13%
INFO - 09/14/26 02:32:44 - 0:00:25 - Epoch 51: train_loss=0.020435035228729248, train_acc= 100.00%
INFO - 09/14/26 02:32:44 - 0:00:25 - Epoch 52: train_loss=0.01429784670472145, train_acc= 100.00%
INFO - 09/14/26 02:32:44 - 0:00:25 - Epoch 53: train_loss=0.017471082508563995, train_acc= 100.00%
INFO - 09/14/26 02:32:44 - 0:00:25 - Epoch 54: train_loss=0.018226103857159615, train_acc= 100.00%
INFO - 09/14/26 02:32:44 - 0:00:25 - Epoch 55: train_loss=0.016680920496582985, train_acc= 100.00%
INFO - 09/14/26 02:32:44 - 0:00:25 - Epoch 55: val_loss=0.5225079655647278, val_acc= 84.75%,val_weighted_f1= 83.25,val_macro_f1= 77.62%
EarlyStopping counter: 1 out of 15
INFO - 09/14/26 02:32:44 - 0:00:25 - Epoch 56: train_loss=0.016396673396229744, train_acc= 100.00%
INFO - 09/14/26 02:32:44 - 0:00:25 - Epoch 57: train_loss=0.01360596064478159, train_acc= 100.00%
INFO - 09/14/26 02:32:44 - 0:00:25 - Epoch 58: train_loss=0.011673313565552235, train_acc= 100.00%
INFO - 09/14/26 02:32:44 - 0:00:25 - Epoch 59: train_loss=0.015591658651828766, train_acc= 100.00%
INFO - 09/14/26 02:32:44 - 0:00:25 - Epoch 60: train_loss=0.013883930630981922, train_acc= 100.00%
INFO - 09/14/26 02:32:44 - 0:00:25 - Epoch 60: val_loss=0.537554919719696, val_acc= 81.36%,val_weighted_f1= 79.07,val_macro_f1= 72.57%
EarlyStopping counter: 2 out of 15
INFO - 09/14/26 02:32:44 - 0:00:25 - Epoch 61: train_loss=0.01049585361033678, train_acc= 100.00%
INFO - 09/14/26 02:32:44 - 0:00:25 - Epoch 62: train_loss=0.011292049661278725, train_acc= 100.00%
INFO - 09/14/26 02:32:44 - 0:00:25 - Epoch 63: train_loss=0.00977660994976759, train_acc= 100.00%
INFO - 09/14/26 02:32:44 - 0:00:25 - Epoch 64: train_loss=0.009470113553106785, train_acc= 100.00%
INFO - 09/14/26 02:32:44 - 0:00:25 - Epoch 65: train_loss=0.010908203199505806, train_acc= 100.00%
INFO - 09/14/26 02:32:44 - 0:00:25 - Epoch 65: val_loss=0.5382410287857056, val_acc= 83.05%,val_weighted_f1= 81.49,val_macro_f1= 75.73%
EarlyStopping counter: 3 out of 15
INFO - 09/14/26 02:32:44 - 0:00:25 - Epoch 66: train_loss=0.009891539812088013, train_acc= 100.00%
INFO - 09/14/26 02:32:44 - 0:00:26 - Epoch 67: train_loss=0.009079771116375923, train_acc= 100.00%
INFO - 09/14/26 02:32:44 - 0:00:26 - Epoch 68: train_loss=0.008838503621518612, train_acc= 100.00%
INFO - 09/14/26 02:32:44 - 0:00:26 - Epoch 69: train_loss=0.009122585877776146, train_acc= 100.00%
INFO - 09/14/26 02:32:44 - 0:00:26 - Epoch 70: train_loss=0.009110625833272934, train_acc= 100.00%
INFO - 09/14/26 02:32:44 - 0:00:26 - Epoch 70: val_loss=0.5346398949623108, val_acc= 84.75%,val_weighted_f1= 83.67,val_macro_f1= 78.49%
EarlyStopping counter: 4 out of 15
INFO - 09/14/26 02:32:44 - 0:00:26 - Epoch 71: train_loss=0.008343112654983997, train_acc= 100.00%
INFO - 09/14/26 02:32:44 - 0:00:26 - Epoch 72: train_loss=0.006897473242133856, train_acc= 100.00%
INFO - 09/14/26 02:32:44 - 0:00:26 - Epoch 73: train_loss=0.007180968765169382, train_acc= 100.00%
INFO - 09/14/26 02:32:44 - 0:00:26 - Epoch 74: train_loss=0.006767751649022102, train_acc= 100.00%
INFO - 09/14/26 02:32:44 - 0:00:26 - Epoch 75: train_loss=0.007077667862176895, train_acc= 100.00%
INFO - 09/14/26 02:32:44 - 0:00:26 - Epoch 75: val_loss=0.5378733277320862, val_acc= 86.44%,val_weighted_f1= 85.45,val_macro_f1= 80.39%
EarlyStopping counter: 5 out of 15
INFO - 09/14/26 02:32:44 - 0:00:26 - Epoch 76: train_loss=0.008281763643026352, train_acc= 100.00%
INFO - 09/14/26 02:32:44 - 0:00:26 - Epoch 77: train_loss=0.0067423200234770775, train_acc= 100.00%
INFO - 09/14/26 02:32:44 - 0:00:26 - Epoch 78: train_loss=0.00584285706281662, train_acc= 100.00%
INFO - 09/14/26 02:32:44 - 0:00:26 - Epoch 79: train_loss=0.006542941089719534, train_acc= 100.00%
INFO - 09/14/26 02:32:44 - 0:00:26 - Epoch 80: train_loss=0.0062040844932198524, train_acc= 100.00%
INFO - 09/14/26 02:32:44 - 0:00:26 - Epoch 80: val_loss=0.5445672869682312, val_acc= 86.44%,val_weighted_f1= 85.45,val_macro_f1= 80.39%
EarlyStopping counter: 6 out of 15
INFO - 09/14/26 02:32:44 - 0:00:26 - Epoch 81: train_loss=0.005352904554456472, train_acc= 100.00%
INFO - 09/14/26 02:32:44 - 0:00:26 - Epoch 82: train_loss=0.0058172764256596565, train_acc= 100.00%
INFO - 09/14/26 02:32:44 - 0:00:26 - Epoch 83: train_loss=0.005502853076905012, train_acc= 100.00%
INFO - 09/14/26 02:32:44 - 0:00:26 - Epoch 84: train_loss=0.004491595551371574, train_acc= 100.00%
INFO - 09/14/26 02:32:45 - 0:00:26 - Epoch 85: train_loss=0.004484332632273436, train_acc= 100.00%
INFO - 09/14/26 02:32:45 - 0:00:26 - Epoch 85: val_loss=0.5525417923927307, val_acc= 86.44%,val_weighted_f1= 85.45,val_macro_f1= 80.39%
EarlyStopping counter: 7 out of 15
INFO - 09/14/26 02:32:45 - 0:00:26 - Epoch 86: train_loss=0.00481760036200285, train_acc= 100.00%
INFO - 09/14/26 02:32:45 - 0:00:26 - Epoch 87: train_loss=0.0046564205549657345, train_acc= 100.00%
INFO - 09/14/26 02:32:45 - 0:00:26 - Epoch 88: train_loss=0.004477703478187323, train_acc= 100.00%
INFO - 09/14/26 02:32:45 - 0:00:26 - Epoch 89: train_loss=0.004945566412061453, train_acc= 100.00%
INFO - 09/14/26 02:32:45 - 0:00:26 - Epoch 90: train_loss=0.005333927925676107, train_acc= 100.00%
INFO - 09/14/26 02:32:45 - 0:00:26 - Epoch 90: val_loss=0.5579785108566284, val_acc= 84.75%,val_weighted_f1= 83.25,val_macro_f1= 77.62%
EarlyStopping counter: 8 out of 15
INFO - 09/14/26 02:32:45 - 0:00:26 - Epoch 91: train_loss=0.00503372959792614, train_acc= 100.00%
INFO - 09/14/26 02:32:45 - 0:00:26 - Epoch 92: train_loss=0.003714639227837324, train_acc= 100.00%
INFO - 09/14/26 02:32:45 - 0:00:26 - Epoch 93: train_loss=0.004613260272890329, train_acc= 100.00%
INFO - 09/14/26 02:32:45 - 0:00:26 - Epoch 94: train_loss=0.0043980758637189865, train_acc= 100.00%
INFO - 09/14/26 02:32:45 - 0:00:26 - Epoch 95: train_loss=0.00483431713655591, train_acc= 100.00%
INFO - 09/14/26 02:32:45 - 0:00:26 - Epoch 95: val_loss=0.5623072981834412, val_acc= 84.75%,val_weighted_f1= 83.25,val_macro_f1= 77.62%
EarlyStopping counter: 9 out of 15
INFO - 09/14/26 02:32:45 - 0:00:26 - Epoch 96: train_loss=0.0041188402101397514, train_acc= 100.00%
INFO - 09/14/26 02:32:45 - 0:00:26 - Epoch 97: train_loss=0.004417015705257654, train_acc= 100.00%
INFO - 09/14/26 02:32:45 - 0:00:26 - Epoch 98: train_loss=0.003959360998123884, train_acc= 100.00%
INFO - 09/14/26 02:32:45 - 0:00:26 - Epoch 99: train_loss=0.0035282785538583994, train_acc= 100.00%
INFO - 09/14/26 02:32:45 - 0:00:26 - Epoch 100: train_loss=0.004344278480857611, train_acc= 100.00%
INFO - 09/14/26 02:32:45 - 0:00:26 - Epoch 100: val_loss=0.5667470693588257, val_acc= 84.75%,val_weighted_f1= 83.25,val_macro_f1= 77.62%
EarlyStopping counter: 10 out of 15
INFO - 09/14/26 02:32:45 - 0:00:26 - Epoch 101: train_loss=0.003662550589069724, train_acc= 100.00%
INFO - 09/14/26 02:32:45 - 0:00:26 - Epoch 102: train_loss=0.004321590531617403, train_acc= 100.00%
INFO - 09/14/26 02:32:45 - 0:00:26 - Epoch 103: train_loss=0.0033440692350268364, train_acc= 100.00%
INFO - 09/14/26 02:32:45 - 0:00:26 - Epoch 104: train_loss=0.003750323550775647, train_acc= 100.00%
INFO - 09/14/26 02:32:45 - 0:00:26 - Epoch 105: train_loss=0.00356962694786489, train_acc= 100.00%
INFO - 09/14/26 02:32:45 - 0:00:26 - Epoch 105: val_loss=0.571189820766449, val_acc= 84.75%,val_weighted_f1= 83.25,val_macro_f1= 77.62%
EarlyStopping counter: 11 out of 15
INFO - 09/14/26 02:32:45 - 0:00:26 - Epoch 106: train_loss=0.00369024439714849, train_acc= 100.00%
INFO - 09/14/26 02:32:45 - 0:00:26 - Epoch 107: train_loss=0.003082931274548173, train_acc= 100.00%
INFO - 09/14/26 02:32:45 - 0:00:26 - Epoch 108: train_loss=0.0031586240511387587, train_acc= 100.00%
INFO - 09/14/26 02:32:45 - 0:00:26 - Epoch 109: train_loss=0.0035216116812080145, train_acc= 100.00%
INFO - 09/14/26 02:32:45 - 0:00:26 - Epoch 110: train_loss=0.00376334716565907, train_acc= 100.00%
INFO - 09/14/26 02:32:45 - 0:00:26 - Epoch 110: val_loss=0.5761251449584961, val_acc= 84.75%,val_weighted_f1= 83.25,val_macro_f1= 77.62%
EarlyStopping counter: 12 out of 15
INFO - 09/14/26 02:32:45 - 0:00:26 - Epoch 111: train_loss=0.00367936072871089, train_acc= 100.00%
INFO - 09/14/26 02:32:45 - 0:00:26 - Epoch 112: train_loss=0.00390456011518836, train_acc= 100.00%
INFO - 09/14/26 02:32:45 - 0:00:26 - Epoch 113: train_loss=0.0026819908525794744, train_acc= 100.00%
INFO - 09/14/26 02:32:45 - 0:00:26 - Epoch 114: train_loss=0.003343188902363181, train_acc= 100.00%
INFO - 09/14/26 02:32:45 - 0:00:27 - Epoch 115: train_loss=0.0028963927179574966, train_acc= 100.00%
INFO - 09/14/26 02:32:45 - 0:00:27 - Epoch 115: val_loss=0.5814679861068726, val_acc= 84.75%,val_weighted_f1= 83.25,val_macro_f1= 77.62%
EarlyStopping counter: 13 out of 15
INFO - 09/14/26 02:32:45 - 0:00:27 - Epoch 116: train_loss=0.0032096635550260544, train_acc= 100.00%
INFO - 09/14/26 02:32:45 - 0:00:27 - Epoch 117: train_loss=0.0033039310947060585, train_acc= 100.00%
INFO - 09/14/26 02:32:45 - 0:00:27 - Epoch 118: train_loss=0.0028780722059309483, train_acc= 100.00%
INFO - 09/14/26 02:32:45 - 0:00:27 - Epoch 119: train_loss=0.0028938939794898033, train_acc= 100.00%
INFO - 09/14/26 02:32:45 - 0:00:27 - Epoch 120: train_loss=0.0024900976568460464, train_acc= 100.00%
INFO - 09/14/26 02:32:45 - 0:00:27 - Epoch 120: val_loss=0.5871335864067078, val_acc= 84.75%,val_weighted_f1= 83.25,val_macro_f1= 77.62%
EarlyStopping counter: 14 out of 15
INFO - 09/14/26 02:32:45 - 0:00:27 - Epoch 121: train_loss=0.002142856130376458, train_acc= 100.00%
INFO - 09/14/26 02:32:45 - 0:00:27 - Epoch 122: train_loss=0.00320980092510581, train_acc= 100.00%
INFO - 09/14/26 02:32:45 - 0:00:27 - Epoch 123: train_loss=0.0021760619711130857, train_acc= 100.00%
INFO - 09/14/26 02:32:45 - 0:00:27 - Epoch 124: train_loss=0.002309377770870924, train_acc= 100.00%
INFO - 09/14/26 02:32:45 - 0:00:27 - Epoch 125: train_loss=0.0028538047336041927, train_acc= 100.00%
INFO - 09/14/26 02:32:45 - 0:00:27 - Epoch 125: val_loss=0.5931074023246765, val_acc= 83.05%,val_weighted_f1= 80.82,val_macro_f1= 74.45%
EarlyStopping counter: 15 out of 15
---------Early stopping--------
INFO - 09/14/26 02:32:45 - 0:00:27 - --------------Testing--------------------
INFO - 09/14/26 02:32:45 - 0:00:27 - --------------Loading from ./checkpoints/NC_Texas_model.pt--------------------
INFO - 09/14/26 02:32:45 - 0:00:27 - test_acc= 81.08%, weighted_f1= 80.23,macro_f1= 75.34%
INFO - 09/14/26 02:32:45 - 0:00:27 - test_acc= 81.08%, weighted_f1= 80.23,macro_f1= 75.34%
INFO - 09/14/26 02:32:45 - 0:00:27 - Epoch 0: train_loss=1.64591383934021, train_acc= 11.49%
INFO - 09/14/26 02:32:45 - 0:00:27 - Epoch 0: val_loss=1.327393889427185, val_acc= 55.93%,val_weighted_f1= 45.00,val_macro_f1= 18.97%
INFO - 09/14/26 02:32:46 - 0:00:27 - Epoch 1: train_loss=1.3579825162887573, train_acc= 43.68%
INFO - 09/14/26 02:32:46 - 0:00:27 - Epoch 2: train_loss=1.1887511014938354, train_acc= 52.87%
INFO - 09/14/26 02:32:46 - 0:00:27 - Epoch 3: train_loss=1.0594817399978638, train_acc= 55.17%
INFO - 09/14/26 02:32:46 - 0:00:27 - Epoch 4: train_loss=0.9790689945220947, train_acc= 58.62%
INFO - 09/14/26 02:32:46 - 0:00:27 - Epoch 5: train_loss=0.8779267072677612, train_acc= 59.77%
INFO - 09/14/26 02:32:46 - 0:00:27 - Epoch 5: val_loss=0.8735895752906799, val_acc= 64.41%,val_weighted_f1= 55.45,val_macro_f1= 29.26%
INFO - 09/14/26 02:32:46 - 0:00:27 - Epoch 6: train_loss=0.7870684266090393, train_acc= 71.26%
INFO - 09/14/26 02:32:46 - 0:00:27 - Epoch 7: train_loss=0.7453244924545288, train_acc= 67.82%
INFO - 09/14/26 02:32:46 - 0:00:27 - Epoch 8: train_loss=0.6418805122375488, train_acc= 83.91%
INFO - 09/14/26 02:32:46 - 0:00:27 - Epoch 9: train_loss=0.5779277086257935, train_acc= 88.51%
INFO - 09/14/26 02:32:46 - 0:00:27 - Epoch 10: train_loss=0.5626616477966309, train_acc= 89.66%
INFO - 09/14/26 02:32:46 - 0:00:27 - Epoch 10: val_loss=0.728116512298584, val_acc= 76.27%,val_weighted_f1= 72.57,val_macro_f1= 49.78%
INFO - 09/14/26 02:32:46 - 0:00:27 - Epoch 11: train_loss=0.46418890357017517, train_acc= 91.95%
INFO - 09/14/26 02:32:46 - 0:00:27 - Epoch 12: train_loss=0.4069124758243561, train_acc= 91.95%
INFO - 09/14/26 02:32:46 - 0:00:27 - Epoch 13: train_loss=0.3910827338695526, train_acc= 94.25%
INFO - 09/14/26 02:32:46 - 0:00:27 - Epoch 14: train_loss=0.3565254211425781, train_acc= 93.10%
INFO - 09/14/26 02:32:46 - 0:00:27 - Epoch 15: train_loss=0.3227991461753845, train_acc= 93.10%
INFO - 09/14/26 02:32:46 - 0:00:27 - Epoch 15: val_loss=0.6894044876098633, val_acc= 77.97%,val_weighted_f1= 73.71,val_macro_f1= 56.80%
INFO - 09/14/26 02:32:46 - 0:00:27 - Epoch 16: train_loss=0.28189346194267273, train_acc= 95.40%
INFO - 09/14/26 02:32:46 - 0:00:27 - Epoch 17: train_loss=0.2536329925060272, train_acc= 95.40%
INFO - 09/14/26 02:32:46 - 0:00:27 - Epoch 18: train_loss=0.2236049622297287, train_acc= 95.40%
INFO - 09/14/26 02:32:46 - 0:00:27 - Epoch 19: train_loss=0.21574535965919495, train_acc= 95.40%
INFO - 09/14/26 02:32:46 - 0:00:27 - Epoch 20: train_loss=0.20330466330051422, train_acc= 95.40%
INFO - 09/14/26 02:32:46 - 0:00:27 - Epoch 20: val_loss=0.6583411693572998, val_acc= 81.36%,val_weighted_f1= 76.65,val_macro_f1= 59.99%
INFO - 09/14/26 02:32:46 - 0:00:27 - Epoch 21: train_loss=0.1882476806640625, train_acc= 96.55%
INFO - 09/14/26 02:32:46 - 0:00:27 - Epoch 22: train_loss=0.1614469587802887, train_acc= 95.40%
INFO - 09/14/26 02:32:46 - 0:00:27 - Epoch 23: train_loss=0.14411607384681702, train_acc= 96.55%
INFO - 09/14/26 02:32:46 - 0:00:27 - Epoch 24: train_loss=0.12914413213729858, train_acc= 97.70%
INFO - 09/14/26 02:32:46 - 0:00:27 - Epoch 25: train_loss=0.11793306469917297, train_acc= 96.55%
INFO - 09/14/26 02:32:46 - 0:00:27 - Epoch 25: val_loss=0.6213183999061584, val_acc= 83.05%,val_weighted_f1= 80.31,val_macro_f1= 66.54%
INFO - 09/14/26 02:32:46 - 0:00:28 - Epoch 26: train_loss=0.10731306672096252, train_acc= 97.70%
INFO - 09/14/26 02:32:46 - 0:00:28 - Epoch 27: train_loss=0.09000243246555328, train_acc= 98.85%
INFO - 09/14/26 02:32:46 - 0:00:28 - Epoch 28: train_loss=0.09514789283275604, train_acc= 98.85%
INFO - 09/14/26 02:32:46 - 0:00:28 - Epoch 29: train_loss=0.07553258538246155, train_acc= 97.70%
INFO - 09/14/26 02:32:46 - 0:00:28 - Epoch 30: train_loss=0.08034355938434601, train_acc= 98.85%
INFO - 09/14/26 02:32:46 - 0:00:28 - Epoch 30: val_loss=0.6186434626579285, val_acc= 83.05%,val_weighted_f1= 80.31,val_macro_f1= 66.54%
INFO - 09/14/26 02:32:46 - 0:00:28 - Epoch 31: train_loss=0.0753101035952568, train_acc= 97.70%
INFO - 09/14/26 02:32:46 - 0:00:28 - Epoch 32: train_loss=0.06981402635574341, train_acc= 98.85%
INFO - 09/14/26 02:32:46 - 0:00:28 - Epoch 33: train_loss=0.05621255561709404, train_acc= 100.00%
INFO - 09/14/26 02:32:46 - 0:00:28 - Epoch 34: train_loss=0.04855867475271225, train_acc= 100.00%
INFO - 09/14/26 02:32:46 - 0:00:28 - Epoch 35: train_loss=0.04193107783794403, train_acc= 98.85%
INFO - 09/14/26 02:32:46 - 0:00:28 - Epoch 35: val_loss=0.6468650698661804, val_acc= 83.05%,val_weighted_f1= 80.31,val_macro_f1= 66.54%
INFO - 09/14/26 02:32:46 - 0:00:28 - Epoch 36: train_loss=0.04067739471793175, train_acc= 100.00%
INFO - 09/14/26 02:32:46 - 0:00:28 - Epoch 37: train_loss=0.038835544139146805, train_acc= 100.00%
INFO - 09/14/26 02:32:46 - 0:00:28 - Epoch 38: train_loss=0.036497995257377625, train_acc= 100.00%
INFO - 09/14/26 02:32:46 - 0:00:28 - Epoch 39: train_loss=0.03808524087071419, train_acc= 100.00%
INFO - 09/14/26 02:32:46 - 0:00:28 - Epoch 40: train_loss=0.03178742155432701, train_acc= 100.00%
INFO - 09/14/26 02:32:47 - 0:00:28 - Epoch 40: val_loss=0.6935029625892639, val_acc= 83.05%,val_weighted_f1= 80.31,val_macro_f1= 66.54%
INFO - 09/14/26 02:32:47 - 0:00:28 - Epoch 41: train_loss=0.031149033457040787, train_acc= 100.00%
INFO - 09/14/26 02:32:47 - 0:00:28 - Epoch 42: train_loss=0.024472394958138466, train_acc= 100.00%
INFO - 09/14/26 02:32:47 - 0:00:28 - Epoch 43: train_loss=0.022388488054275513, train_acc= 100.00%
INFO - 09/14/26 02:32:47 - 0:00:28 - Epoch 44: train_loss=0.027395380660891533, train_acc= 100.00%
INFO - 09/14/26 02:32:47 - 0:00:28 - Epoch 45: train_loss=0.023948853835463524, train_acc= 100.00%
INFO - 09/14/26 02:32:47 - 0:00:28 - Epoch 45: val_loss=0.7405551075935364, val_acc= 83.05%,val_weighted_f1= 77.96,val_macro_f1= 62.02%
INFO - 09/14/26 02:32:47 - 0:00:28 - Epoch 46: train_loss=0.026379812508821487, train_acc= 100.00%
INFO - 09/14/26 02:32:47 - 0:00:28 - Epoch 47: train_loss=0.02181881293654442, train_acc= 100.00%
INFO - 09/14/26 02:32:47 - 0:00:28 - Epoch 48: train_loss=0.01965128630399704, train_acc= 100.00%
INFO - 09/14/26 02:32:47 - 0:00:28 - Epoch 49: train_loss=0.016313446685671806, train_acc= 100.00%
INFO - 09/14/26 02:32:47 - 0:00:28 - Epoch 50: train_loss=0.01966119557619095, train_acc= 100.00%
INFO - 09/14/26 02:32:47 - 0:00:28 - Epoch 50: val_loss=0.7695470452308655, val_acc= 83.05%,val_weighted_f1= 77.96,val_macro_f1= 62.02%
INFO - 09/14/26 02:32:47 - 0:00:28 - Epoch 51: train_loss=0.014789151027798653, train_acc= 100.00%
INFO - 09/14/26 02:32:47 - 0:00:28 - Epoch 52: train_loss=0.016687186434864998, train_acc= 100.00%
INFO - 09/14/26 02:32:47 - 0:00:28 - Epoch 53: train_loss=0.019765762612223625, train_acc= 100.00%
INFO - 09/14/26 02:32:47 - 0:00:28 - Epoch 54: train_loss=0.011142993345856667, train_acc= 100.00%
INFO - 09/14/26 02:32:47 - 0:00:28 - Epoch 55: train_loss=0.011358816176652908, train_acc= 100.00%
INFO - 09/14/26 02:32:47 - 0:00:28 - Epoch 55: val_loss=0.7700213193893433, val_acc= 84.75%,val_weighted_f1= 81.61,val_macro_f1= 68.56%
INFO - 09/14/26 02:32:47 - 0:00:28 - Epoch 56: train_loss=0.012612293474376202, train_acc= 100.00%
INFO - 09/14/26 02:32:47 - 0:00:28 - Epoch 57: train_loss=0.010995202697813511, train_acc= 100.00%
INFO - 09/14/26 02:32:47 - 0:00:28 - Epoch 58: train_loss=0.012406358495354652, train_acc= 100.00%
INFO - 09/14/26 02:32:47 - 0:00:28 - Epoch 59: train_loss=0.011811081320047379, train_acc= 100.00%
INFO - 09/14/26 02:32:47 - 0:00:28 - Epoch 60: train_loss=0.012638560496270657, train_acc= 100.00%
INFO - 09/14/26 02:32:47 - 0:00:28 - Epoch 60: val_loss=0.7473939657211304, val_acc= 84.75%,val_weighted_f1= 81.61,val_macro_f1= 68.56%
INFO - 09/14/26 02:32:47 - 0:00:28 - Epoch 61: train_loss=0.009982194751501083, train_acc= 100.00%
INFO - 09/14/26 02:32:47 - 0:00:28 - Epoch 62: train_loss=0.008480452001094818, train_acc= 100.00%
INFO - 09/14/26 02:32:47 - 0:00:28 - Epoch 63: train_loss=0.008955339901149273, train_acc= 100.00%
INFO - 09/14/26 02:32:47 - 0:00:28 - Epoch 64: train_loss=0.009875457733869553, train_acc= 100.00%
INFO - 09/14/26 02:32:47 - 0:00:28 - Epoch 65: train_loss=0.00963076576590538, train_acc= 100.00%
INFO - 09/14/26 02:32:47 - 0:00:28 - Epoch 65: val_loss=0.7213793992996216, val_acc= 83.05%,val_weighted_f1= 77.84,val_macro_f1= 61.39%
EarlyStopping counter: 1 out of 15
INFO - 09/14/26 02:32:47 - 0:00:29 - Epoch 66: train_loss=0.008172422647476196, train_acc= 100.00%
INFO - 09/14/26 02:32:47 - 0:00:29 - Epoch 67: train_loss=0.006395671050995588, train_acc= 100.00%
INFO - 09/14/26 02:32:47 - 0:00:29 - Epoch 68: train_loss=0.008272013626992702, train_acc= 100.00%
INFO - 09/14/26 02:32:47 - 0:00:29 - Epoch 69: train_loss=0.008149986155331135, train_acc= 100.00%
INFO - 09/14/26 02:32:47 - 0:00:29 - Epoch 70: train_loss=0.007123001851141453, train_acc= 100.00%
INFO - 09/14/26 02:32:47 - 0:00:29 - Epoch 70: val_loss=0.714644730091095, val_acc= 83.05%,val_weighted_f1= 77.84,val_macro_f1= 61.39%
EarlyStopping counter: 2 out of 15
INFO - 09/14/26 02:32:47 - 0:00:29 - Epoch 71: train_loss=0.006217514630407095, train_acc= 100.00%
INFO - 09/14/26 02:32:47 - 0:00:29 - Epoch 72: train_loss=0.006375201046466827, train_acc= 100.00%
INFO - 09/14/26 02:32:47 - 0:00:29 - Epoch 73: train_loss=0.0056257229298353195, train_acc= 100.00%
INFO - 09/14/26 02:32:47 - 0:00:29 - Epoch 74: train_loss=0.007270056754350662, train_acc= 100.00%
INFO - 09/14/26 02:32:47 - 0:00:29 - Epoch 75: train_loss=0.005231492221355438, train_acc= 100.00%
INFO - 09/14/26 02:32:47 - 0:00:29 - Epoch 75: val_loss=0.7240762114524841, val_acc= 81.36%,val_weighted_f1= 76.54,val_macro_f1= 59.37%
EarlyStopping counter: 3 out of 15
INFO - 09/14/26 02:32:47 - 0:00:29 - Epoch 76: train_loss=0.006625606212764978, train_acc= 100.00%
INFO - 09/14/26 02:32:47 - 0:00:29 - Epoch 77: train_loss=0.006549688056111336, train_acc= 100.00%
INFO - 09/14/26 02:32:47 - 0:00:29 - Epoch 78: train_loss=0.005848668981343508, train_acc= 100.00%
INFO - 09/14/26 02:32:47 - 0:00:29 - Epoch 79: train_loss=0.0082481624558568, train_acc= 100.00%
INFO - 09/14/26 02:32:47 - 0:00:29 - Epoch 80: train_loss=0.006128048989921808, train_acc= 100.00%
INFO - 09/14/26 02:32:47 - 0:00:29 - Epoch 80: val_loss=0.74462890625, val_acc= 81.36%,val_weighted_f1= 76.54,val_macro_f1= 59.37%
EarlyStopping counter: 4 out of 15
INFO - 09/14/26 02:32:48 - 0:00:29 - Epoch 81: train_loss=0.005415753927081823, train_acc= 100.00%
INFO - 09/14/26 02:32:48 - 0:00:29 - Epoch 82: train_loss=0.005098287016153336, train_acc= 100.00%
INFO - 09/14/26 02:32:48 - 0:00:29 - Epoch 83: train_loss=0.005201119929552078, train_acc= 100.00%
INFO - 09/14/26 02:32:48 - 0:00:29 - Epoch 84: train_loss=0.005212737713009119, train_acc= 100.00%
INFO - 09/14/26 02:32:48 - 0:00:29 - Epoch 85: train_loss=0.004830015357583761, train_acc= 100.00%
INFO - 09/14/26 02:32:48 - 0:00:29 - Epoch 85: val_loss=0.7679250240325928, val_acc= 83.05%,val_weighted_f1= 77.84,val_macro_f1= 61.39%
EarlyStopping counter: 5 out of 15
INFO - 09/14/26 02:32:48 - 0:00:29 - Epoch 86: train_loss=0.004029051400721073, train_acc= 100.00%
INFO - 09/14/26 02:32:48 - 0:00:29 - Epoch 87: train_loss=0.003963366150856018, train_acc= 100.00%
INFO - 09/14/26 02:32:48 - 0:00:29 - Epoch 88: train_loss=0.004970894195139408, train_acc= 100.00%
INFO - 09/14/26 02:32:48 - 0:00:29 - Epoch 89: train_loss=0.00514253880828619, train_acc= 100.00%
INFO - 09/14/26 02:32:48 - 0:00:29 - Epoch 90: train_loss=0.004176606424152851, train_acc= 100.00%
INFO - 09/14/26 02:32:48 - 0:00:29 - Epoch 90: val_loss=0.7872974872589111, val_acc= 81.36%,val_weighted_f1= 76.54,val_macro_f1= 59.37%
EarlyStopping counter: 6 out of 15
INFO - 09/14/26 02:32:48 - 0:00:29 - Epoch 91: train_loss=0.006789687555283308, train_acc= 100.00%
INFO - 09/14/26 02:32:48 - 0:00:29 - Epoch 92: train_loss=0.003486164379864931, train_acc= 100.00%
INFO - 09/14/26 02:32:48 - 0:00:29 - Epoch 93: train_loss=0.0034107761457562447, train_acc= 100.00%
INFO - 09/14/26 02:32:48 - 0:00:29 - Epoch 94: train_loss=0.00463507417589426, train_acc= 100.00%
INFO - 09/14/26 02:32:48 - 0:00:29 - Epoch 95: train_loss=0.004149351269006729, train_acc= 100.00%
INFO - 09/14/26 02:32:48 - 0:00:29 - Epoch 95: val_loss=0.7749610543251038, val_acc= 81.36%,val_weighted_f1= 76.54,val_macro_f1= 59.37%
EarlyStopping counter: 7 out of 15
INFO - 09/14/26 02:32:48 - 0:00:29 - Epoch 96: train_loss=0.0031890063546597958, train_acc= 100.00%
INFO - 09/14/26 02:32:48 - 0:00:29 - Epoch 97: train_loss=0.0029720959719270468, train_acc= 100.00%
INFO - 09/14/26 02:32:48 - 0:00:29 - Epoch 98: train_loss=0.0038809836842119694, train_acc= 100.00%
INFO - 09/14/26 02:32:48 - 0:00:29 - Epoch 99: train_loss=0.003224277403205633, train_acc= 100.00%
INFO - 09/14/26 02:32:48 - 0:00:29 - Epoch 100: train_loss=0.004449782893061638, train_acc= 100.00%
INFO - 09/14/26 02:32:48 - 0:00:29 - Epoch 100: val_loss=0.765762984752655, val_acc= 79.66%,val_weighted_f1= 75.29,val_macro_f1= 57.64%
EarlyStopping counter: 8 out of 15
INFO - 09/14/26 02:32:48 - 0:00:29 - Epoch 101: train_loss=0.004021177534013987, train_acc= 100.00%
INFO - 09/14/26 02:32:48 - 0:00:29 - Epoch 102: train_loss=0.0027246265672147274, train_acc= 100.00%
INFO - 09/14/26 02:32:48 - 0:00:29 - Epoch 103: train_loss=0.004105915781110525, train_acc= 100.00%
INFO - 09/14/26 02:32:48 - 0:00:29 - Epoch 104: train_loss=0.0028457045555114746, train_acc= 100.00%
INFO - 09/14/26 02:32:48 - 0:00:29 - Epoch 105: train_loss=0.0038151920307427645, train_acc= 100.00%
INFO - 09/14/26 02:32:48 - 0:00:29 - Epoch 105: val_loss=0.7711225152015686, val_acc= 79.66%,val_weighted_f1= 75.29,val_macro_f1= 57.64%
EarlyStopping counter: 9 out of 15
INFO - 09/14/26 02:32:48 - 0:00:29 - Epoch 106: train_loss=0.0024115906562656164, train_acc= 100.00%
INFO - 09/14/26 02:32:48 - 0:00:29 - Epoch 107: train_loss=0.0034684045240283012, train_acc= 100.00%
INFO - 09/14/26 02:32:48 - 0:00:29 - Epoch 108: train_loss=0.003758431877940893, train_acc= 100.00%
INFO - 09/14/26 02:32:48 - 0:00:29 - Epoch 109: train_loss=0.0029978961683809757, train_acc= 100.00%
INFO - 09/14/26 02:32:48 - 0:00:29 - Epoch 110: train_loss=0.0033961518201977015, train_acc= 100.00%
INFO - 09/14/26 02:32:48 - 0:00:29 - Epoch 110: val_loss=0.7815292477607727, val_acc= 79.66%,val_weighted_f1= 75.29,val_macro_f1= 57.64%
EarlyStopping counter: 10 out of 15
INFO - 09/14/26 02:32:48 - 0:00:29 - Epoch 111: train_loss=0.0024448647163808346, train_acc= 100.00%
INFO - 09/14/26 02:32:48 - 0:00:29 - Epoch 112: train_loss=0.0027314128819853067, train_acc= 100.00%
INFO - 09/14/26 02:32:48 - 0:00:29 - Epoch 113: train_loss=0.0033483461011201143, train_acc= 100.00%
INFO - 09/14/26 02:32:48 - 0:00:30 - Epoch 114: train_loss=0.0024554214905947447, train_acc= 100.00%
INFO - 09/14/26 02:32:48 - 0:00:30 - Epoch 115: train_loss=0.003041864838451147, train_acc= 100.00%
INFO - 09/14/26 02:32:48 - 0:00:30 - Epoch 115: val_loss=0.7930218577384949, val_acc= 81.36%,val_weighted_f1= 76.54,val_macro_f1= 59.37%
EarlyStopping counter: 11 out of 15
INFO - 09/14/26 02:32:48 - 0:00:30 - Epoch 116: train_loss=0.00257995817810297, train_acc= 100.00%
INFO - 09/14/26 02:32:48 - 0:00:30 - Epoch 117: train_loss=0.002698940224945545, train_acc= 100.00%
INFO - 09/14/26 02:32:48 - 0:00:30 - Epoch 118: train_loss=0.002203609561547637, train_acc= 100.00%
INFO - 09/14/26 02:32:48 - 0:00:30 - Epoch 119: train_loss=0.002668186090886593, train_acc= 100.00%
INFO - 09/14/26 02:32:48 - 0:00:30 - Epoch 120: train_loss=0.0028204082045704126, train_acc= 100.00%
INFO - 09/14/26 02:32:48 - 0:00:30 - Epoch 120: val_loss=0.7913661003112793, val_acc= 81.36%,val_weighted_f1= 76.54,val_macro_f1= 59.37%
EarlyStopping counter: 12 out of 15
INFO - 09/14/26 02:32:48 - 0:00:30 - Epoch 121: train_loss=0.0026257610879838467, train_acc= 100.00%
INFO - 09/14/26 02:32:48 - 0:00:30 - Epoch 122: train_loss=0.002236237982288003, train_acc= 100.00%
INFO - 09/14/26 02:32:48 - 0:00:30 - Epoch 123: train_loss=0.0022442019544541836, train_acc= 100.00%
INFO - 09/14/26 02:32:48 - 0:00:30 - Epoch 124: train_loss=0.0025395406410098076, train_acc= 100.00%
INFO - 09/14/26 02:32:48 - 0:00:30 - Epoch 125: train_loss=0.0020174593664705753, train_acc= 100.00%
INFO - 09/14/26 02:32:48 - 0:00:30 - Epoch 125: val_loss=0.7883744835853577, val_acc= 79.66%,val_weighted_f1= 75.29,val_macro_f1= 57.64%
EarlyStopping counter: 13 out of 15
INFO - 09/14/26 02:32:48 - 0:00:30 - Epoch 126: train_loss=0.0021268371492624283, train_acc= 100.00%
INFO - 09/14/26 02:32:48 - 0:00:30 - Epoch 127: train_loss=0.0022466066293418407, train_acc= 100.00%
INFO - 09/14/26 02:32:49 - 0:00:30 - Epoch 128: train_loss=0.0021554422564804554, train_acc= 100.00%
INFO - 09/14/26 02:32:49 - 0:00:30 - Epoch 129: train_loss=0.001975749619305134, train_acc= 100.00%
INFO - 09/14/26 02:32:49 - 0:00:30 - Epoch 130: train_loss=0.0020757410675287247, train_acc= 100.00%
INFO - 09/14/26 02:32:49 - 0:00:30 - Epoch 130: val_loss=0.7950581312179565, val_acc= 81.36%,val_weighted_f1= 76.54,val_macro_f1= 59.37%
EarlyStopping counter: 14 out of 15
INFO - 09/14/26 02:32:49 - 0:00:30 - Epoch 131: train_loss=0.0019290170166641474, train_acc= 100.00%
INFO - 09/14/26 02:32:49 - 0:00:30 - Epoch 132: train_loss=0.0022889229003340006, train_acc= 100.00%
INFO - 09/14/26 02:32:49 - 0:00:30 - Epoch 133: train_loss=0.002251177793368697, train_acc= 100.00%
INFO - 09/14/26 02:32:49 - 0:00:30 - Epoch 134: train_loss=0.0018598241731524467, train_acc= 100.00%
INFO - 09/14/26 02:32:49 - 0:00:30 - Epoch 135: train_loss=0.002115137642249465, train_acc= 100.00%
INFO - 09/14/26 02:32:49 - 0:00:30 - Epoch 135: val_loss=0.8071196675300598, val_acc= 81.36%,val_weighted_f1= 76.54,val_macro_f1= 59.37%
EarlyStopping counter: 15 out of 15
---------Early stopping--------
INFO - 09/14/26 02:32:49 - 0:00:30 - --------------Testing--------------------
INFO - 09/14/26 02:32:49 - 0:00:30 - --------------Loading from ./checkpoints/NC_Texas_model.pt--------------------
INFO - 09/14/26 02:32:49 - 0:00:30 - test_acc= 78.38%, weighted_f1= 74.64,macro_f1= 74.63%
INFO - 09/14/26 02:32:49 - 0:00:30 - test_acc= 78.38%, weighted_f1= 74.64,macro_f1= 74.63%
INFO - 09/14/26 02:32:49 - 0:00:30 - Epoch 0: train_loss=1.6890393495559692, train_acc= 20.69%
INFO - 09/14/26 02:32:49 - 0:00:30 - Epoch 0: val_loss=1.3230783939361572, val_acc= 61.02%,val_weighted_f1= 52.23,val_macro_f1= 27.91%
INFO - 09/14/26 02:32:49 - 0:00:30 - Epoch 1: train_loss=1.3663848638534546, train_acc= 49.43%
INFO - 09/14/26 02:32:49 - 0:00:30 - Epoch 2: train_loss=1.1994268894195557, train_acc= 51.72%
INFO - 09/14/26 02:32:49 - 0:00:30 - Epoch 3: train_loss=1.102583646774292, train_acc= 52.87%
INFO - 09/14/26 02:32:49 - 0:00:30 - Epoch 4: train_loss=1.0184063911437988, train_acc= 55.17%
INFO - 09/14/26 02:32:49 - 0:00:30 - Epoch 5: train_loss=0.8981048464775085, train_acc= 57.47%
INFO - 09/14/26 02:32:49 - 0:00:30 - Epoch 5: val_loss=0.8679099678993225, val_acc= 67.80%,val_weighted_f1= 58.07,val_macro_f1= 32.61%
INFO - 09/14/26 02:32:49 - 0:00:30 - Epoch 6: train_loss=0.8210883140563965, train_acc= 68.97%
INFO - 09/14/26 02:32:49 - 0:00:30 - Epoch 7: train_loss=0.7367376685142517, train_acc= 79.31%
INFO - 09/14/26 02:32:49 - 0:00:30 - Epoch 8: train_loss=0.6618819236755371, train_acc= 85.06%
INFO - 09/14/26 02:32:49 - 0:00:30 - Epoch 9: train_loss=0.6076495051383972, train_acc= 88.51%
INFO - 09/14/26 02:32:49 - 0:00:30 - Epoch 10: train_loss=0.5775105953216553, train_acc= 87.36%
INFO - 09/14/26 02:32:49 - 0:00:30 - Epoch 10: val_loss=0.7163560390472412, val_acc= 74.58%,val_weighted_f1= 68.93,val_macro_f1= 56.94%
INFO - 09/14/26 02:32:49 - 0:00:30 - Epoch 11: train_loss=0.48897019028663635, train_acc= 91.95%
INFO - 09/14/26 02:32:49 - 0:00:30 - Epoch 12: train_loss=0.44847673177719116, train_acc= 91.95%
INFO - 09/14/26 02:32:49 - 0:00:30 - Epoch 13: train_loss=0.39639949798583984, train_acc= 90.80%
INFO - 09/14/26 02:32:49 - 0:00:30 - Epoch 14: train_loss=0.37406063079833984, train_acc= 91.95%
INFO - 09/14/26 02:32:49 - 0:00:30 - Epoch 15: train_loss=0.3144136965274811, train_acc= 94.25%
INFO - 09/14/26 02:32:49 - 0:00:30 - Epoch 15: val_loss=0.5598543882369995, val_acc= 74.58%,val_weighted_f1= 68.93,val_macro_f1= 56.94%
INFO - 09/14/26 02:32:49 - 0:00:30 - Epoch 16: train_loss=0.2974024713039398, train_acc= 91.95%
INFO - 09/14/26 02:32:49 - 0:00:31 - Epoch 17: train_loss=0.2566241919994354, train_acc= 96.55%
INFO - 09/14/26 02:32:49 - 0:00:31 - Epoch 18: train_loss=0.21083307266235352, train_acc= 97.70%
INFO - 09/14/26 02:32:49 - 0:00:31 - Epoch 19: train_loss=0.20474912226200104, train_acc= 95.40%
INFO - 09/14/26 02:32:49 - 0:00:31 - Epoch 20: train_loss=0.171766996383667, train_acc= 95.40%
INFO - 09/14/26 02:32:49 - 0:00:31 - Epoch 20: val_loss=0.46523573994636536, val_acc= 86.44%,val_weighted_f1= 85.05,val_macro_f1= 85.56%
INFO - 09/14/26 02:32:49 - 0:00:31 - Epoch 21: train_loss=0.13849106431007385, train_acc= 98.85%
INFO - 09/14/26 02:32:49 - 0:00:31 - Epoch 22: train_loss=0.12564712762832642, train_acc= 98.85%
INFO - 09/14/26 02:32:49 - 0:00:31 - Epoch 23: train_loss=0.13096627593040466, train_acc= 96.55%
INFO - 09/14/26 02:32:49 - 0:00:31 - Epoch 24: train_loss=0.09879638254642487, train_acc= 100.00%
INFO - 09/14/26 02:32:49 - 0:00:31 - Epoch 25: train_loss=0.09751250594854355, train_acc= 100.00%
INFO - 09/14/26 02:32:49 - 0:00:31 - Epoch 25: val_loss=0.43743735551834106, val_acc= 86.44%,val_weighted_f1= 86.13,val_macro_f1= 76.04%
INFO - 09/14/26 02:32:49 - 0:00:31 - Epoch 26: train_loss=0.07951787114143372, train_acc= 100.00%
INFO - 09/14/26 02:32:49 - 0:00:31 - Epoch 27: train_loss=0.0629732757806778, train_acc= 100.00%
INFO - 09/14/26 02:32:50 - 0:00:31 - Epoch 28: train_loss=0.05974210053682327, train_acc= 100.00%
INFO - 09/14/26 02:32:50 - 0:00:31 - Epoch 29: train_loss=0.04872968792915344, train_acc= 100.00%
INFO - 09/14/26 02:32:50 - 0:00:31 - Epoch 30: train_loss=0.05185773968696594, train_acc= 100.00%
INFO - 09/14/26 02:32:50 - 0:00:31 - Epoch 30: val_loss=0.45056119561195374, val_acc= 86.44%,val_weighted_f1= 86.56,val_macro_f1= 73.85%
INFO - 09/14/26 02:32:50 - 0:00:31 - Epoch 31: train_loss=0.04238027706742287, train_acc= 100.00%
INFO - 09/14/26 02:32:50 - 0:00:31 - Epoch 32: train_loss=0.03327187895774841, train_acc= 100.00%
INFO - 09/14/26 02:32:50 - 0:00:31 - Epoch 33: train_loss=0.038462989032268524, train_acc= 100.00%
INFO - 09/14/26 02:32:50 - 0:00:31 - Epoch 34: train_loss=0.030137447640299797, train_acc= 100.00%
INFO - 09/14/26 02:32:50 - 0:00:31 - Epoch 35: train_loss=0.02490355260670185, train_acc= 100.00%
INFO - 09/14/26 02:32:50 - 0:00:31 - Epoch 35: val_loss=0.4647292494773865, val_acc= 86.44%,val_weighted_f1= 86.56,val_macro_f1= 73.85%
INFO - 09/14/26 02:32:50 - 0:00:31 - Epoch 36: train_loss=0.025583039969205856, train_acc= 100.00%
INFO - 09/14/26 02:32:50 - 0:00:31 - Epoch 37: train_loss=0.022678479552268982, train_acc= 100.00%
INFO - 09/14/26 02:32:50 - 0:00:31 - Epoch 38: train_loss=0.022211503237485886, train_acc= 100.00%
INFO - 09/14/26 02:32:50 - 0:00:31 - Epoch 39: train_loss=0.0168876051902771, train_acc= 100.00%
INFO - 09/14/26 02:32:50 - 0:00:31 - Epoch 40: train_loss=0.0213797427713871, train_acc= 100.00%
INFO - 09/14/26 02:32:50 - 0:00:31 - Epoch 40: val_loss=0.47421005368232727, val_acc= 84.75%,val_weighted_f1= 84.04,val_macro_f1= 73.94%
EarlyStopping counter: 1 out of 15
INFO - 09/14/26 02:32:50 - 0:00:31 - Epoch 41: train_loss=0.016732091084122658, train_acc= 100.00%
INFO - 09/14/26 02:32:50 - 0:00:31 - Epoch 42: train_loss=0.01371234841644764, train_acc= 100.00%
INFO - 09/14/26 02:32:50 - 0:00:31 - Epoch 43: train_loss=0.015057059936225414, train_acc= 100.00%
INFO - 09/14/26 02:32:50 - 0:00:31 - Epoch 44: train_loss=0.012518002651631832, train_acc= 100.00%
INFO - 09/14/26 02:32:50 - 0:00:31 - Epoch 45: train_loss=0.012269209139049053, train_acc= 100.00%
INFO - 09/14/26 02:32:50 - 0:00:31 - Epoch 45: val_loss=0.4839093089103699, val_acc= 84.75%,val_weighted_f1= 84.04,val_macro_f1= 73.94%
EarlyStopping counter: 2 out of 15
INFO - 09/14/26 02:32:50 - 0:00:31 - Epoch 46: train_loss=0.011614974588155746, train_acc= 100.00%
INFO - 09/14/26 02:32:50 - 0:00:31 - Epoch 47: train_loss=0.01052573136985302, train_acc= 100.00%
INFO - 09/14/26 02:32:50 - 0:00:31 - Epoch 48: train_loss=0.011026117019355297, train_acc= 100.00%
INFO - 09/14/26 02:32:50 - 0:00:31 - Epoch 49: train_loss=0.009062211960554123, train_acc= 100.00%
INFO - 09/14/26 02:32:50 - 0:00:31 - Epoch 50: train_loss=0.008350194431841373, train_acc= 100.00%
INFO - 09/14/26 02:32:50 - 0:00:31 - Epoch 50: val_loss=0.49116408824920654, val_acc= 84.75%,val_weighted_f1= 84.04,val_macro_f1= 73.94%
EarlyStopping counter: 3 out of 15
INFO - 09/14/26 02:32:50 - 0:00:31 - Epoch 51: train_loss=0.007449961733072996, train_acc= 100.00%
INFO - 09/14/26 02:32:50 - 0:00:31 - Epoch 52: train_loss=0.007900305092334747, train_acc= 100.00%
INFO - 09/14/26 02:32:50 - 0:00:31 - Epoch 53: train_loss=0.006904879584908485, train_acc= 100.00%
INFO - 09/14/26 02:32:50 - 0:00:31 - Epoch 54: train_loss=0.0065072369761765, train_acc= 100.00%
INFO - 09/14/26 02:32:50 - 0:00:31 - Epoch 55: train_loss=0.0053678578697144985, train_acc= 100.00%
INFO - 09/14/26 02:32:50 - 0:00:31 - Epoch 55: val_loss=0.49888500571250916, val_acc= 84.75%,val_weighted_f1= 84.04,val_macro_f1= 73.94%
EarlyStopping counter: 4 out of 15
INFO - 09/14/26 02:32:50 - 0:00:31 - Epoch 56: train_loss=0.005958891473710537, train_acc= 100.00%
INFO - 09/14/26 02:32:50 - 0:00:31 - Epoch 57: train_loss=0.005786132998764515, train_acc= 100.00%
INFO - 09/14/26 02:32:50 - 0:00:31 - Epoch 58: train_loss=0.004713329952210188, train_acc= 100.00%
INFO - 09/14/26 02:32:50 - 0:00:31 - Epoch 59: train_loss=0.005072636995464563, train_acc= 100.00%
INFO - 09/14/26 02:32:50 - 0:00:32 - Epoch 60: train_loss=0.0050238752737641335, train_acc= 100.00%
INFO - 09/14/26 02:32:50 - 0:00:32 - Epoch 60: val_loss=0.506611704826355, val_acc= 84.75%,val_weighted_f1= 84.04,val_macro_f1= 73.94%
EarlyStopping counter: 5 out of 15
INFO - 09/14/26 02:32:50 - 0:00:32 - Epoch 61: train_loss=0.005766368471086025, train_acc= 100.00%
INFO - 09/14/26 02:32:50 - 0:00:32 - Epoch 62: train_loss=0.005159230902791023, train_acc= 100.00%
INFO - 09/14/26 02:32:50 - 0:00:32 - Epoch 63: train_loss=0.004334585275501013, train_acc= 100.00%
INFO - 09/14/26 02:32:50 - 0:00:32 - Epoch 64: train_loss=0.004513206891715527, train_acc= 100.00%
INFO - 09/14/26 02:32:50 - 0:00:32 - Epoch 65: train_loss=0.0035605861339718103, train_acc= 100.00%
INFO - 09/14/26 02:32:50 - 0:00:32 - Epoch 65: val_loss=0.5147402882575989, val_acc= 84.75%,val_weighted_f1= 84.04,val_macro_f1= 73.94%
EarlyStopping counter: 6 out of 15
INFO - 09/14/26 02:32:50 - 0:00:32 - Epoch 66: train_loss=0.004028179682791233, train_acc= 100.00%
INFO - 09/14/26 02:32:50 - 0:00:32 - Epoch 67: train_loss=0.004249702673405409, train_acc= 100.00%
INFO - 09/14/26 02:32:50 - 0:00:32 - Epoch 68: train_loss=0.004878174979239702, train_acc= 100.00%
INFO - 09/14/26 02:32:50 - 0:00:32 - Epoch 69: train_loss=0.003991456236690283, train_acc= 100.00%
INFO - 09/14/26 02:32:50 - 0:00:32 - Epoch 70: train_loss=0.003596243914216757, train_acc= 100.00%
INFO - 09/14/26 02:32:50 - 0:00:32 - Epoch 70: val_loss=0.5215133428573608, val_acc= 86.44%,val_weighted_f1= 86.13,val_macro_f1= 76.04%
INFO - 09/14/26 02:32:51 - 0:00:32 - Epoch 71: train_loss=0.003178410930559039, train_acc= 100.00%
INFO - 09/14/26 02:32:51 - 0:00:32 - Epoch 72: train_loss=0.004425704013556242, train_acc= 100.00%
INFO - 09/14/26 02:32:51 - 0:00:32 - Epoch 73: train_loss=0.004619563464075327, train_acc= 100.00%
INFO - 09/14/26 02:32:51 - 0:00:32 - Epoch 74: train_loss=0.003724604146555066, train_acc= 100.00%
INFO - 09/14/26 02:32:51 - 0:00:32 - Epoch 75: train_loss=0.0035039533395320177, train_acc= 100.00%
INFO - 09/14/26 02:32:51 - 0:00:32 - Epoch 75: val_loss=0.5276402831077576, val_acc= 86.44%,val_weighted_f1= 86.13,val_macro_f1= 76.04%
INFO - 09/14/26 02:32:51 - 0:00:32 - Epoch 76: train_loss=0.0032875179313123226, train_acc= 100.00%
INFO - 09/14/26 02:32:51 - 0:00:32 - Epoch 77: train_loss=0.003864637343212962, train_acc= 100.00%
INFO - 09/14/26 02:32:51 - 0:00:32 - Epoch 78: train_loss=0.002871244912967086, train_acc= 100.00%
INFO - 09/14/26 02:32:51 - 0:00:32 - Epoch 79: train_loss=0.0034669653978198767, train_acc= 100.00%
INFO - 09/14/26 02:32:51 - 0:00:32 - Epoch 80: train_loss=0.003137820865958929, train_acc= 100.00%
INFO - 09/14/26 02:32:51 - 0:00:32 - Epoch 80: val_loss=0.5323203802108765, val_acc= 86.44%,val_weighted_f1= 86.13,val_macro_f1= 76.04%
INFO - 09/14/26 02:32:51 - 0:00:32 - Epoch 81: train_loss=0.0027979258447885513, train_acc= 100.00%
INFO - 09/14/26 02:32:51 - 0:00:32 - Epoch 82: train_loss=0.002334395656362176, train_acc= 100.00%
INFO - 09/14/26 02:32:51 - 0:00:32 - Epoch 83: train_loss=0.0026173503138124943, train_acc= 100.00%
INFO - 09/14/26 02:32:51 - 0:00:32 - Epoch 84: train_loss=0.0027408564928919077, train_acc= 100.00%
INFO - 09/14/26 02:32:51 - 0:00:32 - Epoch 85: train_loss=0.002294940873980522, train_acc= 100.00%
INFO - 09/14/26 02:32:51 - 0:00:32 - Epoch 85: val_loss=0.537499725818634, val_acc= 86.44%,val_weighted_f1= 86.13,val_macro_f1= 76.04%
INFO - 09/14/26 02:32:51 - 0:00:32 - Epoch 86: train_loss=0.002569109434261918, train_acc= 100.00%
INFO - 09/14/26 02:32:51 - 0:00:32 - Epoch 87: train_loss=0.002469410886988044, train_acc= 100.00%
INFO - 09/14/26 02:32:51 - 0:00:32 - Epoch 88: train_loss=0.002433469519019127, train_acc= 100.00%
INFO - 09/14/26 02:32:51 - 0:00:32 - Epoch 89: train_loss=0.002644389634951949, train_acc= 100.00%
INFO - 09/14/26 02:32:51 - 0:00:32 - Epoch 90: train_loss=0.00235393806360662, train_acc= 100.00%
INFO - 09/14/26 02:32:51 - 0:00:32 - Epoch 90: val_loss=0.5434971451759338, val_acc= 86.44%,val_weighted_f1= 86.13,val_macro_f1= 76.04%
INFO - 09/14/26 02:32:51 - 0:00:32 - Epoch 91: train_loss=0.002808285877108574, train_acc= 100.00%
INFO - 09/14/26 02:32:51 - 0:00:32 - Epoch 92: train_loss=0.0024616210721433163, train_acc= 100.00%
INFO - 09/14/26 02:32:51 - 0:00:32 - Epoch 93: train_loss=0.0025327219627797604, train_acc= 100.00%
INFO - 09/14/26 02:32:51 - 0:00:32 - Epoch 94: train_loss=0.002469283528625965, train_acc= 100.00%
INFO - 09/14/26 02:32:51 - 0:00:32 - Epoch 95: train_loss=0.0024766039568930864, train_acc= 100.00%
INFO - 09/14/26 02:32:51 - 0:00:32 - Epoch 95: val_loss=0.5482513308525085, val_acc= 86.44%,val_weighted_f1= 86.13,val_macro_f1= 76.04%
INFO - 09/14/26 02:32:51 - 0:00:32 - Epoch 96: train_loss=0.002753316890448332, train_acc= 100.00%
INFO - 09/14/26 02:32:51 - 0:00:32 - Epoch 97: train_loss=0.00233887298963964, train_acc= 100.00%
INFO - 09/14/26 02:32:51 - 0:00:32 - Epoch 98: train_loss=0.0024148316588252783, train_acc= 100.00%
INFO - 09/14/26 02:32:51 - 0:00:32 - Epoch 99: train_loss=0.002471292158588767, train_acc= 100.00%
INFO - 09/14/26 02:32:51 - 0:00:32 - Epoch 100: train_loss=0.002884742571040988, train_acc= 100.00%
INFO - 09/14/26 02:32:51 - 0:00:32 - Epoch 100: val_loss=0.5526224374771118, val_acc= 84.75%,val_weighted_f1= 84.04,val_macro_f1= 73.94%
EarlyStopping counter: 1 out of 15
INFO - 09/14/26 02:32:51 - 0:00:33 - Epoch 101: train_loss=0.002063949126750231, train_acc= 100.00%
INFO - 09/14/26 02:32:51 - 0:00:33 - Epoch 102: train_loss=0.002137439791113138, train_acc= 100.00%
INFO - 09/14/26 02:32:51 - 0:00:33 - Epoch 103: train_loss=0.002279256470501423, train_acc= 100.00%
INFO - 09/14/26 02:32:51 - 0:00:33 - Epoch 104: train_loss=0.0019431088585406542, train_acc= 100.00%
INFO - 09/14/26 02:32:51 - 0:00:33 - Epoch 105: train_loss=0.002196816960349679, train_acc= 100.00%
INFO - 09/14/26 02:32:51 - 0:00:33 - Epoch 105: val_loss=0.5567420721054077, val_acc= 84.75%,val_weighted_f1= 84.04,val_macro_f1= 73.94%
EarlyStopping counter: 2 out of 15
INFO - 09/14/26 02:32:51 - 0:00:33 - Epoch 106: train_loss=0.0020270878449082375, train_acc= 100.00%
INFO - 09/14/26 02:32:51 - 0:00:33 - Epoch 107: train_loss=0.001998091349378228, train_acc= 100.00%
INFO - 09/14/26 02:32:51 - 0:00:33 - Epoch 108: train_loss=0.002004459034651518, train_acc= 100.00%
INFO - 09/14/26 02:32:51 - 0:00:33 - Epoch 109: train_loss=0.0028700430411845446, train_acc= 100.00%
INFO - 09/14/26 02:32:51 - 0:00:33 - Epoch 110: train_loss=0.001796998200006783, train_acc= 100.00%
INFO - 09/14/26 02:32:51 - 0:00:33 - Epoch 110: val_loss=0.5607787370681763, val_acc= 84.75%,val_weighted_f1= 84.04,val_macro_f1= 73.94%
EarlyStopping counter: 3 out of 15
INFO - 09/14/26 02:32:51 - 0:00:33 - Epoch 111: train_loss=0.0017476693028584123, train_acc= 100.00%
INFO - 09/14/26 02:32:52 - 0:00:33 - Epoch 112: train_loss=0.0019384338520467281, train_acc= 100.00%
INFO - 09/14/26 02:32:52 - 0:00:33 - Epoch 113: train_loss=0.002148143481463194, train_acc= 100.00%
INFO - 09/14/26 02:32:52 - 0:00:33 - Epoch 114: train_loss=0.0013763780007138848, train_acc= 100.00%
INFO - 09/14/26 02:32:52 - 0:00:33 - Epoch 115: train_loss=0.002273950260132551, train_acc= 100.00%
INFO - 09/14/26 02:32:52 - 0:00:33 - Epoch 115: val_loss=0.5652911067008972, val_acc= 84.75%,val_weighted_f1= 84.04,val_macro_f1= 73.94%
EarlyStopping counter: 4 out of 15
INFO - 09/14/26 02:32:52 - 0:00:33 - Epoch 116: train_loss=0.0018208420369774103, train_acc= 100.00%
INFO - 09/14/26 02:32:52 - 0:00:33 - Epoch 117: train_loss=0.002344228560104966, train_acc= 100.00%
INFO - 09/14/26 02:32:52 - 0:00:33 - Epoch 118: train_loss=0.0015484322793781757, train_acc= 100.00%
INFO - 09/14/26 02:32:52 - 0:00:33 - Epoch 119: train_loss=0.0021538587752729654, train_acc= 100.00%
INFO - 09/14/26 02:32:52 - 0:00:33 - Epoch 120: train_loss=0.0016712946817278862, train_acc= 100.00%
INFO - 09/14/26 02:32:52 - 0:00:33 - Epoch 120: val_loss=0.5696131587028503, val_acc= 84.75%,val_weighted_f1= 84.04,val_macro_f1= 73.94%
EarlyStopping counter: 5 out of 15
INFO - 09/14/26 02:32:52 - 0:00:33 - Epoch 121: train_loss=0.0015608050161972642, train_acc= 100.00%
INFO - 09/14/26 02:32:52 - 0:00:33 - Epoch 122: train_loss=0.0016807172214612365, train_acc= 100.00%
INFO - 09/14/26 02:32:52 - 0:00:33 - Epoch 123: train_loss=0.0016027867095544934, train_acc= 100.00%
INFO - 09/14/26 02:32:52 - 0:00:33 - Epoch 124: train_loss=0.0016406620852649212, train_acc= 100.00%
INFO - 09/14/26 02:32:52 - 0:00:33 - Epoch 125: train_loss=0.0013795989798381925, train_acc= 100.00%
INFO - 09/14/26 02:32:52 - 0:00:33 - Epoch 125: val_loss=0.5739243626594543, val_acc= 84.75%,val_weighted_f1= 84.04,val_macro_f1= 73.94%
EarlyStopping counter: 6 out of 15
INFO - 09/14/26 02:32:52 - 0:00:33 - Epoch 126: train_loss=0.0017456153873354197, train_acc= 100.00%
INFO - 09/14/26 02:32:52 - 0:00:33 - Epoch 127: train_loss=0.0018019865965470672, train_acc= 100.00%
INFO - 09/14/26 02:32:52 - 0:00:33 - Epoch 128: train_loss=0.0022144359536468983, train_acc= 100.00%
INFO - 09/14/26 02:32:52 - 0:00:33 - Epoch 129: train_loss=0.001329217106103897, train_acc= 100.00%
INFO - 09/14/26 02:32:52 - 0:00:33 - Epoch 130: train_loss=0.001847472507506609, train_acc= 100.00%
INFO - 09/14/26 02:32:52 - 0:00:33 - Epoch 130: val_loss=0.5767384767532349, val_acc= 84.75%,val_weighted_f1= 84.04,val_macro_f1= 73.94%
EarlyStopping counter: 7 out of 15
INFO - 09/14/26 02:32:52 - 0:00:33 - Epoch 131: train_loss=0.0015391882043331861, train_acc= 100.00%
INFO - 09/14/26 02:32:52 - 0:00:33 - Epoch 132: train_loss=0.0013707408215850592, train_acc= 100.00%
INFO - 09/14/26 02:32:52 - 0:00:33 - Epoch 133: train_loss=0.001761785359121859, train_acc= 100.00%
INFO - 09/14/26 02:32:52 - 0:00:33 - Epoch 134: train_loss=0.001496971002779901, train_acc= 100.00%
INFO - 09/14/26 02:32:52 - 0:00:33 - Epoch 135: train_loss=0.002056916942819953, train_acc= 100.00%
INFO - 09/14/26 02:32:52 - 0:00:33 - Epoch 135: val_loss=0.5801278352737427, val_acc= 84.75%,val_weighted_f1= 84.04,val_macro_f1= 73.94%
EarlyStopping counter: 8 out of 15
INFO - 09/14/26 02:32:52 - 0:00:33 - Epoch 136: train_loss=0.0013115295441821218, train_acc= 100.00%
INFO - 09/14/26 02:32:52 - 0:00:33 - Epoch 137: train_loss=0.0015930029330775142, train_acc= 100.00%
INFO - 09/14/26 02:32:52 - 0:00:33 - Epoch 138: train_loss=0.001985603477805853, train_acc= 100.00%
INFO - 09/14/26 02:32:52 - 0:00:33 - Epoch 139: train_loss=0.0012578832684084773, train_acc= 100.00%
INFO - 09/14/26 02:32:52 - 0:00:33 - Epoch 140: train_loss=0.0013056405587121844, train_acc= 100.00%
INFO - 09/14/26 02:32:52 - 0:00:33 - Epoch 140: val_loss=0.583716869354248, val_acc= 84.75%,val_weighted_f1= 84.04,val_macro_f1= 73.94%
EarlyStopping counter: 9 out of 15
INFO - 09/14/26 02:32:52 - 0:00:33 - Epoch 141: train_loss=0.0012611584970727563, train_acc= 100.00%
INFO - 09/14/26 02:32:52 - 0:00:33 - Epoch 142: train_loss=0.0015970835229381919, train_acc= 100.00%
INFO - 09/14/26 02:32:52 - 0:00:33 - Epoch 143: train_loss=0.001314518041908741, train_acc= 100.00%
INFO - 09/14/26 02:32:52 - 0:00:33 - Epoch 144: train_loss=0.0014290279941633344, train_acc= 100.00%
INFO - 09/14/26 02:32:52 - 0:00:33 - Epoch 145: train_loss=0.001452831318601966, train_acc= 100.00%
INFO - 09/14/26 02:32:52 - 0:00:33 - Epoch 145: val_loss=0.5869573950767517, val_acc= 84.75%,val_weighted_f1= 84.04,val_macro_f1= 73.94%
EarlyStopping counter: 10 out of 15
INFO - 09/14/26 02:32:52 - 0:00:33 - Epoch 146: train_loss=0.0013172442559152842, train_acc= 100.00%
INFO - 09/14/26 02:32:52 - 0:00:33 - Epoch 147: train_loss=0.00148913380689919, train_acc= 100.00%
INFO - 09/14/26 02:32:52 - 0:00:33 - Epoch 148: train_loss=0.0013096729526296258, train_acc= 100.00%
INFO - 09/14/26 02:32:52 - 0:00:34 - Epoch 149: train_loss=0.0013698787661269307, train_acc= 100.00%
INFO - 09/14/26 02:32:52 - 0:00:34 - Epoch 150: train_loss=0.0012630326673388481, train_acc= 100.00%
INFO - 09/14/26 02:32:52 - 0:00:34 - Epoch 150: val_loss=0.5897544026374817, val_acc= 84.75%,val_weighted_f1= 84.04,val_macro_f1= 73.94%
EarlyStopping counter: 11 out of 15
INFO - 09/14/26 02:32:52 - 0:00:34 - Epoch 151: train_loss=0.001051379949785769, train_acc= 100.00%
INFO - 09/14/26 02:32:52 - 0:00:34 - Epoch 152: train_loss=0.0013058491749688983, train_acc= 100.00%
INFO - 09/14/26 02:32:52 - 0:00:34 - Epoch 153: train_loss=0.0011548096081241965, train_acc= 100.00%
INFO - 09/14/26 02:32:52 - 0:00:34 - Epoch 154: train_loss=0.0014105222653597593, train_acc= 100.00%
INFO - 09/14/26 02:32:52 - 0:00:34 - Epoch 155: train_loss=0.0013418457238003612, train_acc= 100.00%
INFO - 09/14/26 02:32:52 - 0:00:34 - Epoch 155: val_loss=0.593519926071167, val_acc= 84.75%,val_weighted_f1= 84.04,val_macro_f1= 73.94%
EarlyStopping counter: 12 out of 15
INFO - 09/14/26 02:32:52 - 0:00:34 - Epoch 156: train_loss=0.001096754102036357, train_acc= 100.00%
INFO - 09/14/26 02:32:52 - 0:00:34 - Epoch 157: train_loss=0.0012207801919430494, train_acc= 100.00%
INFO - 09/14/26 02:32:53 - 0:00:34 - Epoch 158: train_loss=0.0011735325679183006, train_acc= 100.00%
INFO - 09/14/26 02:32:53 - 0:00:34 - Epoch 159: train_loss=0.0013789295917376876, train_acc= 100.00%
INFO - 09/14/26 02:32:53 - 0:00:34 - Epoch 160: train_loss=0.0010602226248010993, train_acc= 100.00%
INFO - 09/14/26 02:32:53 - 0:00:34 - Epoch 160: val_loss=0.5980715155601501, val_acc= 84.75%,val_weighted_f1= 84.04,val_macro_f1= 73.94%
EarlyStopping counter: 13 out of 15
INFO - 09/14/26 02:32:53 - 0:00:34 - Epoch 161: train_loss=0.0014412369346246123, train_acc= 100.00%
INFO - 09/14/26 02:32:53 - 0:00:34 - Epoch 162: train_loss=0.0013694813242182136, train_acc= 100.00%
INFO - 09/14/26 02:32:53 - 0:00:34 - Epoch 163: train_loss=0.0010182263795286417, train_acc= 100.00%
INFO - 09/14/26 02:32:53 - 0:00:34 - Epoch 164: train_loss=0.0009650071733631194, train_acc= 100.00%
INFO - 09/14/26 02:32:53 - 0:00:34 - Epoch 165: train_loss=0.0015641545178368688, train_acc= 100.00%
INFO - 09/14/26 02:32:53 - 0:00:34 - Epoch 165: val_loss=0.6011948585510254, val_acc= 84.75%,val_weighted_f1= 84.04,val_macro_f1= 73.94%
EarlyStopping counter: 14 out of 15
INFO - 09/14/26 02:32:53 - 0:00:34 - Epoch 166: train_loss=0.0011525095906108618, train_acc= 100.00%
INFO - 09/14/26 02:32:53 - 0:00:34 - Epoch 167: train_loss=0.0014923865674063563, train_acc= 100.00%
INFO - 09/14/26 02:32:53 - 0:00:34 - Epoch 168: train_loss=0.0010181859834119678, train_acc= 100.00%
INFO - 09/14/26 02:32:53 - 0:00:34 - Epoch 169: train_loss=0.0011187820928171277, train_acc= 100.00%
INFO - 09/14/26 02:32:53 - 0:00:34 - Epoch 170: train_loss=0.0010077519109472632, train_acc= 100.00%
INFO - 09/14/26 02:32:53 - 0:00:34 - Epoch 170: val_loss=0.6040048599243164, val_acc= 84.75%,val_weighted_f1= 84.04,val_macro_f1= 73.94%
EarlyStopping counter: 15 out of 15
---------Early stopping--------
INFO - 09/14/26 02:32:53 - 0:00:34 - --------------Testing--------------------
INFO - 09/14/26 02:32:53 - 0:00:34 - --------------Loading from ./checkpoints/NC_Texas_model.pt--------------------
INFO - 09/14/26 02:32:53 - 0:00:34 - test_acc= 83.78%, weighted_f1= 80.34,macro_f1= 56.11%
INFO - 09/14/26 02:32:53 - 0:00:34 - test_acc= 83.78%, weighted_f1= 80.34,macro_f1= 56.11%
INFO - 09/14/26 02:32:53 - 0:00:34 - Epoch 0: train_loss=1.604067087173462, train_acc= 29.89%
INFO - 09/14/26 02:32:53 - 0:00:34 - Epoch 0: val_loss=1.4108058214187622, val_acc= 49.15%,val_weighted_f1= 32.40,val_macro_f1= 16.48%
INFO - 09/14/26 02:32:53 - 0:00:34 - Epoch 1: train_loss=1.3033363819122314, train_acc= 57.47%
INFO - 09/14/26 02:32:53 - 0:00:34 - Epoch 2: train_loss=1.1348711252212524, train_acc= 57.47%
INFO - 09/14/26 02:32:53 - 0:00:34 - Epoch 3: train_loss=1.009403944015503, train_acc= 58.62%
INFO - 09/14/26 02:32:53 - 0:00:34 - Epoch 4: train_loss=0.9510294795036316, train_acc= 59.77%
INFO - 09/14/26 02:32:53 - 0:00:34 - Epoch 5: train_loss=0.858468234539032, train_acc= 64.37%
INFO - 09/14/26 02:32:53 - 0:00:34 - Epoch 5: val_loss=1.1217073202133179, val_acc= 50.85%,val_weighted_f1= 35.85,val_macro_f1= 21.21%
INFO - 09/14/26 02:32:53 - 0:00:34 - Epoch 6: train_loss=0.7416306138038635, train_acc= 73.56%
INFO - 09/14/26 02:32:53 - 0:00:34 - Epoch 7: train_loss=0.6705566048622131, train_acc= 77.01%
INFO - 09/14/26 02:32:53 - 0:00:34 - Epoch 8: train_loss=0.6339119076728821, train_acc= 81.61%
INFO - 09/14/26 02:32:53 - 0:00:34 - Epoch 9: train_loss=0.5610976219177246, train_acc= 86.21%
INFO - 09/14/26 02:32:53 - 0:00:34 - Epoch 10: train_loss=0.5376436710357666, train_acc= 86.21%
INFO - 09/14/26 02:32:53 - 0:00:34 - Epoch 10: val_loss=0.8036872744560242, val_acc= 67.80%,val_weighted_f1= 58.43,val_macro_f1= 59.32%
INFO - 09/14/26 02:32:53 - 0:00:34 - Epoch 11: train_loss=0.5070146918296814, train_acc= 86.21%
INFO - 09/14/26 02:32:53 - 0:00:34 - Epoch 12: train_loss=0.4425148069858551, train_acc= 89.66%
INFO - 09/14/26 02:32:53 - 0:00:34 - Epoch 13: train_loss=0.41316741704940796, train_acc= 90.80%
INFO - 09/14/26 02:32:53 - 0:00:34 - Epoch 14: train_loss=0.3859737813472748, train_acc= 91.95%
INFO - 09/14/26 02:32:53 - 0:00:34 - Epoch 15: train_loss=0.336536169052124, train_acc= 91.95%
INFO - 09/14/26 02:32:53 - 0:00:34 - Epoch 15: val_loss=0.6579523682594299, val_acc= 71.19%,val_weighted_f1= 65.44,val_macro_f1= 65.73%
INFO - 09/14/26 02:32:53 - 0:00:34 - Epoch 16: train_loss=0.30589279532432556, train_acc= 91.95%
INFO - 09/14/26 02:32:53 - 0:00:35 - Epoch 17: train_loss=0.2924661338329315, train_acc= 94.25%
INFO - 09/14/26 02:32:53 - 0:00:35 - Epoch 18: train_loss=0.2819889783859253, train_acc= 91.95%
INFO - 09/14/26 02:32:53 - 0:00:35 - Epoch 19: train_loss=0.22384193539619446, train_acc= 95.40%
INFO - 09/14/26 02:32:53 - 0:00:35 - Epoch 20: train_loss=0.21107780933380127, train_acc= 95.40%
INFO - 09/14/26 02:32:53 - 0:00:35 - Epoch 20: val_loss=0.5899152755737305, val_acc= 74.58%,val_weighted_f1= 71.26,val_macro_f1= 70.93%
INFO - 09/14/26 02:32:53 - 0:00:35 - Epoch 21: train_loss=0.20294947922229767, train_acc= 96.55%
INFO - 09/14/26 02:32:53 - 0:00:35 - Epoch 22: train_loss=0.17283879220485687, train_acc= 96.55%
INFO - 09/14/26 02:32:53 - 0:00:35 - Epoch 23: train_loss=0.16022582352161407, train_acc= 96.55%
INFO - 09/14/26 02:32:53 - 0:00:35 - Epoch 24: train_loss=0.137843057513237, train_acc= 97.70%
INFO - 09/14/26 02:32:54 - 0:00:35 - Epoch 25: train_loss=0.1331823319196701, train_acc= 97.70%
INFO - 09/14/26 02:32:54 - 0:00:35 - Epoch 25: val_loss=0.5191251635551453, val_acc= 79.66%,val_weighted_f1= 75.80,val_macro_f1= 77.26%
INFO - 09/14/26 02:32:54 - 0:00:35 - Epoch 26: train_loss=0.11339162290096283, train_acc= 97.70%
INFO - 09/14/26 02:32:54 - 0:00:35 - Epoch 27: train_loss=0.11202707141637802, train_acc= 97.70%
INFO - 09/14/26 02:32:54 - 0:00:35 - Epoch 28: train_loss=0.10446913540363312, train_acc= 97.70%
INFO - 09/14/26 02:32:54 - 0:00:35 - Epoch 29: train_loss=0.08624230325222015, train_acc= 98.85%
INFO - 09/14/26 02:32:54 - 0:00:35 - Epoch 30: train_loss=0.08106041699647903, train_acc= 98.85%
INFO - 09/14/26 02:32:54 - 0:00:35 - Epoch 30: val_loss=0.4973195195198059, val_acc= 81.36%,val_weighted_f1= 77.28,val_macro_f1= 79.58%
INFO - 09/14/26 02:32:54 - 0:00:35 - Epoch 31: train_loss=0.07591506093740463, train_acc= 98.85%
INFO - 09/14/26 02:32:54 - 0:00:35 - Epoch 32: train_loss=0.0686626136302948, train_acc= 98.85%
INFO - 09/14/26 02:32:54 - 0:00:35 - Epoch 33: train_loss=0.06220236048102379, train_acc= 98.85%
INFO - 09/14/26 02:32:54 - 0:00:35 - Epoch 34: train_loss=0.060164809226989746, train_acc= 98.85%
INFO - 09/14/26 02:32:54 - 0:00:35 - Epoch 35: train_loss=0.05499685928225517, train_acc= 98.85%
INFO - 09/14/26 02:32:54 - 0:00:35 - Epoch 35: val_loss=0.5232634544372559, val_acc= 81.36%,val_weighted_f1= 77.28,val_macro_f1= 79.58%
INFO - 09/14/26 02:32:54 - 0:00:35 - Epoch 36: train_loss=0.04915435239672661, train_acc= 100.00%
INFO - 09/14/26 02:32:54 - 0:00:35 - Epoch 37: train_loss=0.045358806848526, train_acc= 100.00%
INFO - 09/14/26 02:32:54 - 0:00:35 - Epoch 38: train_loss=0.03952119126915932, train_acc= 100.00%
INFO - 09/14/26 02:32:54 - 0:00:35 - Epoch 39: train_loss=0.04010641947388649, train_acc= 100.00%
INFO - 09/14/26 02:32:54 - 0:00:35 - Epoch 40: train_loss=0.04000340774655342, train_acc= 100.00%
INFO - 09/14/26 02:32:54 - 0:00:35 - Epoch 40: val_loss=0.586578905582428, val_acc= 81.36%,val_weighted_f1= 77.28,val_macro_f1= 79.58%
INFO - 09/14/26 02:32:54 - 0:00:35 - Epoch 41: train_loss=0.02981707639992237, train_acc= 100.00%
INFO - 09/14/26 02:32:54 - 0:00:35 - Epoch 42: train_loss=0.043440837413072586, train_acc= 98.85%
INFO - 09/14/26 02:32:54 - 0:00:35 - Epoch 43: train_loss=0.02712993696331978, train_acc= 100.00%
INFO - 09/14/26 02:32:54 - 0:00:35 - Epoch 44: train_loss=0.026730630546808243, train_acc= 100.00%
INFO - 09/14/26 02:32:54 - 0:00:35 - Epoch 45: train_loss=0.027400273829698563, train_acc= 100.00%
INFO - 09/14/26 02:32:54 - 0:00:35 - Epoch 45: val_loss=0.6371304392814636, val_acc= 81.36%,val_weighted_f1= 77.28,val_macro_f1= 79.58%
INFO - 09/14/26 02:32:54 - 0:00:35 - Epoch 46: train_loss=0.02679538168013096, train_acc= 100.00%
INFO - 09/14/26 02:32:54 - 0:00:35 - Epoch 47: train_loss=0.02124161645770073, train_acc= 100.00%
INFO - 09/14/26 02:32:54 - 0:00:35 - Epoch 48: train_loss=0.02208896540105343, train_acc= 100.00%
INFO - 09/14/26 02:32:54 - 0:00:35 - Epoch 49: train_loss=0.02233993262052536, train_acc= 100.00%
INFO - 09/14/26 02:32:54 - 0:00:35 - Epoch 50: train_loss=0.020121535286307335, train_acc= 100.00%
INFO - 09/14/26 02:32:54 - 0:00:35 - Epoch 50: val_loss=0.6604521870613098, val_acc= 81.36%,val_weighted_f1= 77.28,val_macro_f1= 79.58%
INFO - 09/14/26 02:32:54 - 0:00:35 - Epoch 51: train_loss=0.016736965626478195, train_acc= 100.00%
INFO - 09/14/26 02:32:54 - 0:00:35 - Epoch 52: train_loss=0.017638258635997772, train_acc= 100.00%
INFO - 09/14/26 02:32:54 - 0:00:35 - Epoch 53: train_loss=0.015611102804541588, train_acc= 100.00%
INFO - 09/14/26 02:32:54 - 0:00:35 - Epoch 54: train_loss=0.013394895941019058, train_acc= 100.00%
INFO - 09/14/26 02:32:54 - 0:00:35 - Epoch 55: train_loss=0.015082168392837048, train_acc= 100.00%
INFO - 09/14/26 02:32:54 - 0:00:35 - Epoch 55: val_loss=0.6810164451599121, val_acc= 81.36%,val_weighted_f1= 77.28,val_macro_f1= 79.58%
INFO - 09/14/26 02:32:54 - 0:00:36 - Epoch 56: train_loss=0.011198149062693119, train_acc= 100.00%
INFO - 09/14/26 02:32:54 - 0:00:36 - Epoch 57: train_loss=0.013344475999474525, train_acc= 100.00%
INFO - 09/14/26 02:32:54 - 0:00:36 - Epoch 58: train_loss=0.013847600668668747, train_acc= 100.00%
INFO - 09/14/26 02:32:54 - 0:00:36 - Epoch 59: train_loss=0.011937800794839859, train_acc= 100.00%
INFO - 09/14/26 02:32:54 - 0:00:36 - Epoch 60: train_loss=0.012349073775112629, train_acc= 100.00%
INFO - 09/14/26 02:32:54 - 0:00:36 - Epoch 60: val_loss=0.682605504989624, val_acc= 81.36%,val_weighted_f1= 77.28,val_macro_f1= 79.58%
INFO - 09/14/26 02:32:54 - 0:00:36 - Epoch 61: train_loss=0.009259367361664772, train_acc= 100.00%
INFO - 09/14/26 02:32:54 - 0:00:36 - Epoch 62: train_loss=0.009669268503785133, train_acc= 100.00%
INFO - 09/14/26 02:32:54 - 0:00:36 - Epoch 63: train_loss=0.009342383593320847, train_acc= 100.00%
INFO - 09/14/26 02:32:55 - 0:00:36 - Epoch 64: train_loss=0.007730279117822647, train_acc= 100.00%
INFO - 09/14/26 02:32:55 - 0:00:36 - Epoch 65: train_loss=0.008852233178913593, train_acc= 100.00%
INFO - 09/14/26 02:32:55 - 0:00:36 - Epoch 65: val_loss=0.6750503778457642, val_acc= 81.36%,val_weighted_f1= 77.28,val_macro_f1= 79.58%
INFO - 09/14/26 02:32:55 - 0:00:36 - Epoch 66: train_loss=0.009388246573507786, train_acc= 100.00%
INFO - 09/14/26 02:32:55 - 0:00:36 - Epoch 67: train_loss=0.009409124031662941, train_acc= 100.00%
INFO - 09/14/26 02:32:55 - 0:00:36 - Epoch 68: train_loss=0.00927300937473774, train_acc= 100.00%
INFO - 09/14/26 02:32:55 - 0:00:36 - Epoch 69: train_loss=0.00745103694498539, train_acc= 100.00%
INFO - 09/14/26 02:32:55 - 0:00:36 - Epoch 70: train_loss=0.007370954845100641, train_acc= 100.00%
INFO - 09/14/26 02:32:55 - 0:00:36 - Epoch 70: val_loss=0.6822172403335571, val_acc= 81.36%,val_weighted_f1= 77.28,val_macro_f1= 79.58%
INFO - 09/14/26 02:32:55 - 0:00:36 - Epoch 71: train_loss=0.00800908263772726, train_acc= 100.00%
INFO - 09/14/26 02:32:55 - 0:00:36 - Epoch 72: train_loss=0.00661614490672946, train_acc= 100.00%
INFO - 09/14/26 02:32:55 - 0:00:36 - Epoch 73: train_loss=0.0057907914742827415, train_acc= 100.00%
INFO - 09/14/26 02:32:55 - 0:00:36 - Epoch 74: train_loss=0.007005966734141111, train_acc= 100.00%
INFO - 09/14/26 02:32:55 - 0:00:36 - Epoch 75: train_loss=0.0054562631994485855, train_acc= 100.00%
INFO - 09/14/26 02:32:55 - 0:00:36 - Epoch 75: val_loss=0.6902413368225098, val_acc= 81.36%,val_weighted_f1= 77.28,val_macro_f1= 79.58%
INFO - 09/14/26 02:32:55 - 0:00:36 - Epoch 76: train_loss=0.005833156406879425, train_acc= 100.00%
INFO - 09/14/26 02:32:55 - 0:00:36 - Epoch 77: train_loss=0.005180287174880505, train_acc= 100.00%
INFO - 09/14/26 02:32:55 - 0:00:36 - Epoch 78: train_loss=0.004923914093524218, train_acc= 100.00%
INFO - 09/14/26 02:32:55 - 0:00:36 - Epoch 79: train_loss=0.0063244192861020565, train_acc= 100.00%
INFO - 09/14/26 02:32:55 - 0:00:36 - Epoch 80: train_loss=0.0052175819873809814, train_acc= 100.00%
INFO - 09/14/26 02:32:55 - 0:00:36 - Epoch 80: val_loss=0.6933115124702454, val_acc= 81.36%,val_weighted_f1= 77.28,val_macro_f1= 79.58%
INFO - 09/14/26 02:32:55 - 0:00:36 - Epoch 81: train_loss=0.005925188306719065, train_acc= 100.00%
INFO - 09/14/26 02:32:55 - 0:00:36 - Epoch 82: train_loss=0.00435594329610467, train_acc= 100.00%
INFO - 09/14/26 02:32:55 - 0:00:36 - Epoch 83: train_loss=0.004611719865351915, train_acc= 100.00%
INFO - 09/14/26 02:32:55 - 0:00:36 - Epoch 84: train_loss=0.004683367442339659, train_acc= 100.00%
INFO - 09/14/26 02:32:55 - 0:00:36 - Epoch 85: train_loss=0.003654759144410491, train_acc= 100.00%
INFO - 09/14/26 02:32:55 - 0:00:36 - Epoch 85: val_loss=0.6881243586540222, val_acc= 81.36%,val_weighted_f1= 77.28,val_macro_f1= 79.58%
INFO - 09/14/26 02:32:55 - 0:00:36 - Epoch 86: train_loss=0.004486066289246082, train_acc= 100.00%
INFO - 09/14/26 02:32:55 - 0:00:36 - Epoch 87: train_loss=0.004849303979426622, train_acc= 100.00%
INFO - 09/14/26 02:32:55 - 0:00:36 - Epoch 88: train_loss=0.0050698756240308285, train_acc= 100.00%
INFO - 09/14/26 02:32:55 - 0:00:36 - Epoch 89: train_loss=0.0046575297601521015, train_acc= 100.00%
INFO - 09/14/26 02:32:55 - 0:00:36 - Epoch 90: train_loss=0.004102600738406181, train_acc= 100.00%
INFO - 09/14/26 02:32:55 - 0:00:36 - Epoch 90: val_loss=0.6858158707618713, val_acc= 81.36%,val_weighted_f1= 77.28,val_macro_f1= 79.58%
INFO - 09/14/26 02:32:55 - 0:00:36 - Epoch 91: train_loss=0.004192048218101263, train_acc= 100.00%
INFO - 09/14/26 02:32:55 - 0:00:36 - Epoch 92: train_loss=0.003402214264497161, train_acc= 100.00%
INFO - 09/14/26 02:32:55 - 0:00:36 - Epoch 93: train_loss=0.003910788334906101, train_acc= 100.00%
INFO - 09/14/26 02:32:55 - 0:00:36 - Epoch 94: train_loss=0.004187304992228746, train_acc= 100.00%
INFO - 09/14/26 02:32:55 - 0:00:36 - Epoch 95: train_loss=0.0036881747655570507, train_acc= 100.00%
INFO - 09/14/26 02:32:55 - 0:00:36 - Epoch 95: val_loss=0.6793455481529236, val_acc= 81.36%,val_weighted_f1= 77.28,val_macro_f1= 79.58%
INFO - 09/14/26 02:32:55 - 0:00:37 - Epoch 96: train_loss=0.00352301774546504, train_acc= 100.00%
INFO - 09/14/26 02:32:55 - 0:00:37 - Epoch 97: train_loss=0.003191158641129732, train_acc= 100.00%
INFO - 09/14/26 02:32:55 - 0:00:37 - Epoch 98: train_loss=0.0036577994469553232, train_acc= 100.00%
INFO - 09/14/26 02:32:55 - 0:00:37 - Epoch 99: train_loss=0.0038685062900185585, train_acc= 100.00%
INFO - 09/14/26 02:32:55 - 0:00:37 - Epoch 100: train_loss=0.0028301854617893696, train_acc= 100.00%
INFO - 09/14/26 02:32:55 - 0:00:37 - Epoch 100: val_loss=0.6757822632789612, val_acc= 81.36%,val_weighted_f1= 77.28,val_macro_f1= 79.58%
INFO - 09/14/26 02:32:55 - 0:00:37 - Epoch 101: train_loss=0.0036975867114961147, train_acc= 100.00%
INFO - 09/14/26 02:32:56 - 0:00:37 - Epoch 102: train_loss=0.0032710374798625708, train_acc= 100.00%
INFO - 09/14/26 02:32:56 - 0:00:37 - Epoch 103: train_loss=0.00447543989866972, train_acc= 100.00%
INFO - 09/14/26 02:32:56 - 0:00:37 - Epoch 104: train_loss=0.0028858245350420475, train_acc= 100.00%
INFO - 09/14/26 02:32:56 - 0:00:37 - Epoch 105: train_loss=0.0029697869904339314, train_acc= 100.00%
INFO - 09/14/26 02:32:56 - 0:00:37 - Epoch 105: val_loss=0.6863206028938293, val_acc= 81.36%,val_weighted_f1= 77.28,val_macro_f1= 79.58%
INFO - 09/14/26 02:32:56 - 0:00:37 - Epoch 106: train_loss=0.00280924909748137, train_acc= 100.00%
INFO - 09/14/26 02:32:56 - 0:00:37 - Epoch 107: train_loss=0.0030907951295375824, train_acc= 100.00%
INFO - 09/14/26 02:32:56 - 0:00:37 - Epoch 108: train_loss=0.0025811605155467987, train_acc= 100.00%
INFO - 09/14/26 02:32:56 - 0:00:37 - Epoch 109: train_loss=0.0029397387988865376, train_acc= 100.00%
INFO - 09/14/26 02:32:56 - 0:00:37 - Epoch 110: train_loss=0.0030114674009382725, train_acc= 100.00%
INFO - 09/14/26 02:32:56 - 0:00:37 - Epoch 110: val_loss=0.6997002959251404, val_acc= 81.36%,val_weighted_f1= 77.28,val_macro_f1= 79.58%
INFO - 09/14/26 02:32:56 - 0:00:37 - Epoch 111: train_loss=0.002690269146114588, train_acc= 100.00%
INFO - 09/14/26 02:32:56 - 0:00:37 - Epoch 112: train_loss=0.00343867065384984, train_acc= 100.00%
INFO - 09/14/26 02:32:56 - 0:00:37 - Epoch 113: train_loss=0.0028346222825348377, train_acc= 100.00%
INFO - 09/14/26 02:32:56 - 0:00:37 - Epoch 114: train_loss=0.0025193598121404648, train_acc= 100.00%
INFO - 09/14/26 02:32:56 - 0:00:37 - Epoch 115: train_loss=0.002465109573677182, train_acc= 100.00%
INFO - 09/14/26 02:32:56 - 0:00:37 - Epoch 115: val_loss=0.7148551940917969, val_acc= 81.36%,val_weighted_f1= 77.28,val_macro_f1= 79.58%
INFO - 09/14/26 02:32:56 - 0:00:37 - Epoch 116: train_loss=0.0026929774321615696, train_acc= 100.00%
INFO - 09/14/26 02:32:56 - 0:00:37 - Epoch 117: train_loss=0.0027139123994857073, train_acc= 100.00%
INFO - 09/14/26 02:32:56 - 0:00:37 - Epoch 118: train_loss=0.0020704702474176884, train_acc= 100.00%
INFO - 09/14/26 02:32:56 - 0:00:37 - Epoch 119: train_loss=0.0021587316878139973, train_acc= 100.00%
INFO - 09/14/26 02:32:56 - 0:00:37 - Epoch 120: train_loss=0.0023391321301460266, train_acc= 100.00%
INFO - 09/14/26 02:32:56 - 0:00:37 - Epoch 120: val_loss=0.7275672554969788, val_acc= 81.36%,val_weighted_f1= 77.28,val_macro_f1= 79.58%
INFO - 09/14/26 02:32:56 - 0:00:37 - Epoch 121: train_loss=0.003089356701821089, train_acc= 100.00%
INFO - 09/14/26 02:32:56 - 0:00:37 - Epoch 122: train_loss=0.0025075729936361313, train_acc= 100.00%
INFO - 09/14/26 02:32:56 - 0:00:37 - Epoch 123: train_loss=0.002684848615899682, train_acc= 100.00%
INFO - 09/14/26 02:32:56 - 0:00:37 - Epoch 124: train_loss=0.00237472471781075, train_acc= 100.00%
INFO - 09/14/26 02:32:56 - 0:00:37 - Epoch 125: train_loss=0.0024045624304562807, train_acc= 100.00%
INFO - 09/14/26 02:32:56 - 0:00:37 - Epoch 125: val_loss=0.7114132642745972, val_acc= 81.36%,val_weighted_f1= 77.28,val_macro_f1= 79.58%
INFO - 09/14/26 02:32:56 - 0:00:37 - Epoch 126: train_loss=0.0020406164694577456, train_acc= 100.00%
INFO - 09/14/26 02:32:56 - 0:00:37 - Epoch 127: train_loss=0.0026682978495955467, train_acc= 100.00%
INFO - 09/14/26 02:32:56 - 0:00:37 - Epoch 128: train_loss=0.0022560611832886934, train_acc= 100.00%
INFO - 09/14/26 02:32:56 - 0:00:37 - Epoch 129: train_loss=0.0017211284721270204, train_acc= 100.00%
INFO - 09/14/26 02:32:56 - 0:00:37 - Epoch 130: train_loss=0.0021966758649796247, train_acc= 100.00%
INFO - 09/14/26 02:32:56 - 0:00:37 - Epoch 130: val_loss=0.6860855221748352, val_acc= 81.36%,val_weighted_f1= 77.28,val_macro_f1= 79.58%
INFO - 09/14/26 02:32:56 - 0:00:37 - Epoch 131: train_loss=0.0018748336005955935, train_acc= 100.00%
INFO - 09/14/26 02:32:56 - 0:00:37 - Epoch 132: train_loss=0.0020575623493641615, train_acc= 100.00%
INFO - 09/14/26 02:32:56 - 0:00:37 - Epoch 133: train_loss=0.0019764818716794252, train_acc= 100.00%
INFO - 09/14/26 02:32:56 - 0:00:37 - Epoch 134: train_loss=0.0028882776387035847, train_acc= 100.00%
INFO - 09/14/26 02:32:56 - 0:00:38 - Epoch 135: train_loss=0.0029895806219428778, train_acc= 100.00%
INFO - 09/14/26 02:32:56 - 0:00:38 - Epoch 135: val_loss=0.6698462963104248, val_acc= 81.36%,val_weighted_f1= 77.28,val_macro_f1= 79.58%
INFO - 09/14/26 02:32:56 - 0:00:38 - Epoch 136: train_loss=0.0021551602985709906, train_acc= 100.00%
INFO - 09/14/26 02:32:56 - 0:00:38 - Epoch 137: train_loss=0.0018113474361598492, train_acc= 100.00%
INFO - 09/14/26 02:32:56 - 0:00:38 - Epoch 138: train_loss=0.00192213524132967, train_acc= 100.00%
INFO - 09/14/26 02:32:56 - 0:00:38 - Epoch 139: train_loss=0.0018021623836830258, train_acc= 100.00%
INFO - 09/14/26 02:32:56 - 0:00:38 - Epoch 140: train_loss=0.0020890277810394764, train_acc= 100.00%
INFO - 09/14/26 02:32:56 - 0:00:38 - Epoch 140: val_loss=0.6626739501953125, val_acc= 81.36%,val_weighted_f1= 77.28,val_macro_f1= 79.58%
INFO - 09/14/26 02:32:57 - 0:00:38 - Epoch 141: train_loss=0.0022633627522736788, train_acc= 100.00%
INFO - 09/14/26 02:32:57 - 0:00:38 - Epoch 142: train_loss=0.0015611451817676425, train_acc= 100.00%
INFO - 09/14/26 02:32:57 - 0:00:38 - Epoch 143: train_loss=0.0021843775175511837, train_acc= 100.00%
INFO - 09/14/26 02:32:57 - 0:00:38 - Epoch 144: train_loss=0.0017371585126966238, train_acc= 100.00%
INFO - 09/14/26 02:32:57 - 0:00:38 - Epoch 145: train_loss=0.0019352356903254986, train_acc= 100.00%
INFO - 09/14/26 02:32:57 - 0:00:38 - Epoch 145: val_loss=0.6713177561759949, val_acc= 81.36%,val_weighted_f1= 77.28,val_macro_f1= 79.58%
INFO - 09/14/26 02:32:57 - 0:00:38 - Epoch 146: train_loss=0.0018298723734915257, train_acc= 100.00%
INFO - 09/14/26 02:32:57 - 0:00:38 - Epoch 147: train_loss=0.0017709226813167334, train_acc= 100.00%
INFO - 09/14/26 02:32:57 - 0:00:38 - Epoch 148: train_loss=0.0015098315197974443, train_acc= 100.00%
INFO - 09/14/26 02:32:57 - 0:00:38 - Epoch 149: train_loss=0.002072522882372141, train_acc= 100.00%
INFO - 09/14/26 02:32:57 - 0:00:38 - Epoch 150: train_loss=0.0016358913853764534, train_acc= 100.00%
INFO - 09/14/26 02:32:57 - 0:00:38 - Epoch 150: val_loss=0.6860746145248413, val_acc= 81.36%,val_weighted_f1= 77.28,val_macro_f1= 79.58%
INFO - 09/14/26 02:32:57 - 0:00:38 - Epoch 151: train_loss=0.001510868314653635, train_acc= 100.00%
INFO - 09/14/26 02:32:57 - 0:00:38 - Epoch 152: train_loss=0.0013893458526581526, train_acc= 100.00%
INFO - 09/14/26 02:32:57 - 0:00:38 - Epoch 153: train_loss=0.001563478261232376, train_acc= 100.00%
INFO - 09/14/26 02:32:57 - 0:00:38 - Epoch 154: train_loss=0.0015804012073203921, train_acc= 100.00%
INFO - 09/14/26 02:32:57 - 0:00:38 - Epoch 155: train_loss=0.001522112637758255, train_acc= 100.00%
INFO - 09/14/26 02:32:57 - 0:00:38 - Epoch 155: val_loss=0.6989774107933044, val_acc= 81.36%,val_weighted_f1= 77.28,val_macro_f1= 79.58%
INFO - 09/14/26 02:32:57 - 0:00:38 - Epoch 156: train_loss=0.001567782019264996, train_acc= 100.00%
INFO - 09/14/26 02:32:57 - 0:00:38 - Epoch 157: train_loss=0.0014054689090698957, train_acc= 100.00%
INFO - 09/14/26 02:32:57 - 0:00:38 - Epoch 158: train_loss=0.001758592901751399, train_acc= 100.00%
INFO - 09/14/26 02:32:57 - 0:00:38 - Epoch 159: train_loss=0.0018230745336040854, train_acc= 100.00%
INFO - 09/14/26 02:32:57 - 0:00:38 - Epoch 160: train_loss=0.0013556794729083776, train_acc= 100.00%
INFO - 09/14/26 02:32:57 - 0:00:38 - Epoch 160: val_loss=0.706499457359314, val_acc= 81.36%,val_weighted_f1= 77.45,val_macro_f1= 81.54%
INFO - 09/14/26 02:32:57 - 0:00:38 - Epoch 161: train_loss=0.0016664066351950169, train_acc= 100.00%
INFO - 09/14/26 02:32:57 - 0:00:38 - Epoch 162: train_loss=0.0016079904744401574, train_acc= 100.00%
INFO - 09/14/26 02:32:57 - 0:00:38 - Epoch 163: train_loss=0.0014388785930350423, train_acc= 100.00%
INFO - 09/14/26 02:32:57 - 0:00:38 - Epoch 164: train_loss=0.0014579111011698842, train_acc= 100.00%
INFO - 09/14/26 02:32:57 - 0:00:38 - Epoch 165: train_loss=0.0014531160704791546, train_acc= 100.00%
INFO - 09/14/26 02:32:57 - 0:00:38 - Epoch 165: val_loss=0.6978318095207214, val_acc= 81.36%,val_weighted_f1= 77.28,val_macro_f1= 79.58%
INFO - 09/14/26 02:32:57 - 0:00:38 - Epoch 166: train_loss=0.0017253448022529483, train_acc= 100.00%
INFO - 09/14/26 02:32:57 - 0:00:38 - Epoch 167: train_loss=0.001215882133692503, train_acc= 100.00%
INFO - 09/14/26 02:32:57 - 0:00:38 - Epoch 168: train_loss=0.0012634290615096688, train_acc= 100.00%
INFO - 09/14/26 02:32:57 - 0:00:38 - Epoch 169: train_loss=0.001711594988591969, train_acc= 100.00%
INFO - 09/14/26 02:32:57 - 0:00:38 - Epoch 170: train_loss=0.0012649674899876118, train_acc= 100.00%
INFO - 09/14/26 02:32:57 - 0:00:38 - Epoch 170: val_loss=0.673317551612854, val_acc= 81.36%,val_weighted_f1= 77.28,val_macro_f1= 79.58%
INFO - 09/14/26 02:32:57 - 0:00:38 - Epoch 171: train_loss=0.0015297019854187965, train_acc= 100.00%
INFO - 09/14/26 02:32:57 - 0:00:38 - Epoch 172: train_loss=0.0015540590975433588, train_acc= 100.00%
INFO - 09/14/26 02:32:57 - 0:00:39 - Epoch 173: train_loss=0.0015782332047820091, train_acc= 100.00%
INFO - 09/14/26 02:32:57 - 0:00:39 - Epoch 174: train_loss=0.0018637910252436996, train_acc= 100.00%
INFO - 09/14/26 02:32:57 - 0:00:39 - Epoch 175: train_loss=0.0013350811786949635, train_acc= 100.00%
INFO - 09/14/26 02:32:57 - 0:00:39 - Epoch 175: val_loss=0.6580340266227722, val_acc= 81.36%,val_weighted_f1= 77.28,val_macro_f1= 79.58%
INFO - 09/14/26 02:32:57 - 0:00:39 - Epoch 176: train_loss=0.0012957698199898005, train_acc= 100.00%
INFO - 09/14/26 02:32:57 - 0:00:39 - Epoch 177: train_loss=0.0012858938425779343, train_acc= 100.00%
INFO - 09/14/26 02:32:57 - 0:00:39 - Epoch 178: train_loss=0.0013402303447946906, train_acc= 100.00%
INFO - 09/14/26 02:32:57 - 0:00:39 - Epoch 179: train_loss=0.001449016621336341, train_acc= 100.00%
INFO - 09/14/26 02:32:57 - 0:00:39 - Epoch 180: train_loss=0.0011533427750691772, train_acc= 100.00%
INFO - 09/14/26 02:32:57 - 0:00:39 - Epoch 180: val_loss=0.6601942777633667, val_acc= 83.05%,val_weighted_f1= 79.92,val_macro_f1= 81.87%
INFO - 09/14/26 02:32:58 - 0:00:39 - Epoch 181: train_loss=0.0010746543994173408, train_acc= 100.00%
INFO - 09/14/26 02:32:58 - 0:00:39 - Epoch 182: train_loss=0.001062800525687635, train_acc= 100.00%
INFO - 09/14/26 02:32:58 - 0:00:39 - Epoch 183: train_loss=0.0010997391073033214, train_acc= 100.00%
INFO - 09/14/26 02:32:58 - 0:00:39 - Epoch 184: train_loss=0.0014315374428406358, train_acc= 100.00%
INFO - 09/14/26 02:32:58 - 0:00:39 - Epoch 185: train_loss=0.0014220273587852716, train_acc= 100.00%
INFO - 09/14/26 02:32:58 - 0:00:39 - Epoch 185: val_loss=0.6683539748191833, val_acc= 81.36%,val_weighted_f1= 77.28,val_macro_f1= 79.58%
EarlyStopping counter: 1 out of 15
INFO - 09/14/26 02:32:58 - 0:00:39 - Epoch 186: train_loss=0.0011058143572881818, train_acc= 100.00%
INFO - 09/14/26 02:32:58 - 0:00:39 - Epoch 187: train_loss=0.001278212876059115, train_acc= 100.00%
INFO - 09/14/26 02:32:58 - 0:00:39 - Epoch 188: train_loss=0.0013970377622172236, train_acc= 100.00%
INFO - 09/14/26 02:32:58 - 0:00:39 - Epoch 189: train_loss=0.000942582031711936, train_acc= 100.00%
INFO - 09/14/26 02:32:58 - 0:00:39 - Epoch 190: train_loss=0.0010929986601695418, train_acc= 100.00%
INFO - 09/14/26 02:32:58 - 0:00:39 - Epoch 190: val_loss=0.680583655834198, val_acc= 81.36%,val_weighted_f1= 77.45,val_macro_f1= 81.54%
EarlyStopping counter: 2 out of 15
INFO - 09/14/26 02:32:58 - 0:00:39 - Epoch 191: train_loss=0.0009844477754086256, train_acc= 100.00%
INFO - 09/14/26 02:32:58 - 0:00:39 - Epoch 192: train_loss=0.00134116446133703, train_acc= 100.00%
INFO - 09/14/26 02:32:58 - 0:00:39 - Epoch 193: train_loss=0.0009330139146186411, train_acc= 100.00%
INFO - 09/14/26 02:32:58 - 0:00:39 - Epoch 194: train_loss=0.0008932001073844731, train_acc= 100.00%
INFO - 09/14/26 02:32:58 - 0:00:39 - Epoch 195: train_loss=0.0010979347862303257, train_acc= 100.00%
INFO - 09/14/26 02:32:58 - 0:00:39 - Epoch 195: val_loss=0.6836228370666504, val_acc= 81.36%,val_weighted_f1= 77.45,val_macro_f1= 81.54%
EarlyStopping counter: 3 out of 15
INFO - 09/14/26 02:32:58 - 0:00:39 - Epoch 196: train_loss=0.001454793382436037, train_acc= 100.00%
INFO - 09/14/26 02:32:58 - 0:00:39 - Epoch 197: train_loss=0.0011674909619614482, train_acc= 100.00%
INFO - 09/14/26 02:32:58 - 0:00:39 - Epoch 198: train_loss=0.001011313172057271, train_acc= 100.00%
INFO - 09/14/26 02:32:58 - 0:00:39 - Epoch 199: train_loss=0.0010246284073218703, train_acc= 100.00%
INFO - 09/14/26 02:32:58 - 0:00:39 - Epoch 200: train_loss=0.0012075782287865877, train_acc= 100.00%
INFO - 09/14/26 02:32:58 - 0:00:39 - Epoch 200: val_loss=0.670474112033844, val_acc= 83.05%,val_weighted_f1= 79.92,val_macro_f1= 81.87%
INFO - 09/14/26 02:32:58 - 0:00:39 - Epoch 201: train_loss=0.0009827465983107686, train_acc= 100.00%
INFO - 09/14/26 02:32:58 - 0:00:39 - Epoch 202: train_loss=0.0011607647174969316, train_acc= 100.00%
INFO - 09/14/26 02:32:58 - 0:00:39 - Epoch 203: train_loss=0.001105483272112906, train_acc= 100.00%
INFO - 09/14/26 02:32:58 - 0:00:39 - Epoch 204: train_loss=0.0010794985573738813, train_acc= 100.00%
INFO - 09/14/26 02:32:58 - 0:00:39 - Epoch 205: train_loss=0.0011477188672870398, train_acc= 100.00%
INFO - 09/14/26 02:32:58 - 0:00:39 - Epoch 205: val_loss=0.6743696331977844, val_acc= 83.05%,val_weighted_f1= 80.06,val_macro_f1= 83.82%
INFO - 09/14/26 02:32:58 - 0:00:39 - Epoch 206: train_loss=0.0010632984340190887, train_acc= 100.00%
INFO - 09/14/26 02:32:58 - 0:00:39 - Epoch 207: train_loss=0.0011709508253261447, train_acc= 100.00%
INFO - 09/14/26 02:32:58 - 0:00:39 - Epoch 208: train_loss=0.0010399308521300554, train_acc= 100.00%
INFO - 09/14/26 02:32:58 - 0:00:39 - Epoch 209: train_loss=0.0009436933905817568, train_acc= 100.00%
INFO - 09/14/26 02:32:58 - 0:00:39 - Epoch 210: train_loss=0.0010994133772328496, train_acc= 100.00%
INFO - 09/14/26 02:32:58 - 0:00:39 - Epoch 210: val_loss=0.6871119737625122, val_acc= 83.05%,val_weighted_f1= 80.06,val_macro_f1= 83.82%
INFO - 09/14/26 02:32:58 - 0:00:39 - Epoch 211: train_loss=0.0009663788368925452, train_acc= 100.00%
INFO - 09/14/26 02:32:58 - 0:00:39 - Epoch 212: train_loss=0.0011099299881607294, train_acc= 100.00%
INFO - 09/14/26 02:32:58 - 0:00:39 - Epoch 213: train_loss=0.000922432926017791, train_acc= 100.00%
INFO - 09/14/26 02:32:58 - 0:00:39 - Epoch 214: train_loss=0.0010646370938047767, train_acc= 100.00%
INFO - 09/14/26 02:32:58 - 0:00:39 - Epoch 215: train_loss=0.0014146968023851514, train_acc= 100.00%
INFO - 09/14/26 02:32:58 - 0:00:40 - Epoch 215: val_loss=0.6983253359794617, val_acc= 81.36%,val_weighted_f1= 77.45,val_macro_f1= 81.54%
EarlyStopping counter: 1 out of 15
INFO - 09/14/26 02:32:58 - 0:00:40 - Epoch 216: train_loss=0.0008858736837282777, train_acc= 100.00%
INFO - 09/14/26 02:32:58 - 0:00:40 - Epoch 217: train_loss=0.001019182032905519, train_acc= 100.00%
INFO - 09/14/26 02:32:58 - 0:00:40 - Epoch 218: train_loss=0.0010476273018866777, train_acc= 100.00%
INFO - 09/14/26 02:32:58 - 0:00:40 - Epoch 219: train_loss=0.0008737409953027964, train_acc= 100.00%
INFO - 09/14/26 02:32:58 - 0:00:40 - Epoch 220: train_loss=0.0008516189409419894, train_acc= 100.00%
INFO - 09/14/26 02:32:58 - 0:00:40 - Epoch 220: val_loss=0.7057937979698181, val_acc= 81.36%,val_weighted_f1= 77.45,val_macro_f1= 81.54%
EarlyStopping counter: 2 out of 15
INFO - 09/14/26 02:32:58 - 0:00:40 - Epoch 221: train_loss=0.0012718230718746781, train_acc= 100.00%
INFO - 09/14/26 02:32:58 - 0:00:40 - Epoch 222: train_loss=0.0009445243049412966, train_acc= 100.00%
INFO - 09/14/26 02:32:58 - 0:00:40 - Epoch 223: train_loss=0.0011548573384061456, train_acc= 100.00%
INFO - 09/14/26 02:32:59 - 0:00:40 - Epoch 224: train_loss=0.0009051779052242637, train_acc= 100.00%
INFO - 09/14/26 02:32:59 - 0:00:40 - Epoch 225: train_loss=0.0009581014164723456, train_acc= 100.00%
INFO - 09/14/26 02:32:59 - 0:00:40 - Epoch 225: val_loss=0.707085132598877, val_acc= 83.05%,val_weighted_f1= 80.06,val_macro_f1= 83.82%
INFO - 09/14/26 02:32:59 - 0:00:40 - Epoch 226: train_loss=0.0008335545426234603, train_acc= 100.00%
INFO - 09/14/26 02:32:59 - 0:00:40 - Epoch 227: train_loss=0.0009172179270535707, train_acc= 100.00%
INFO - 09/14/26 02:32:59 - 0:00:40 - Epoch 228: train_loss=0.0011199412401765585, train_acc= 100.00%
INFO - 09/14/26 02:32:59 - 0:00:40 - Epoch 229: train_loss=0.0009227737900801003, train_acc= 100.00%
INFO - 09/14/26 02:32:59 - 0:00:40 - Epoch 230: train_loss=0.0007816393626853824, train_acc= 100.00%
INFO - 09/14/26 02:32:59 - 0:00:40 - Epoch 230: val_loss=0.6950317025184631, val_acc= 83.05%,val_weighted_f1= 80.06,val_macro_f1= 83.82%
INFO - 09/14/26 02:32:59 - 0:00:40 - Epoch 231: train_loss=0.000968598760664463, train_acc= 100.00%
INFO - 09/14/26 02:32:59 - 0:00:40 - Epoch 232: train_loss=0.000670133566018194, train_acc= 100.00%
INFO - 09/14/26 02:32:59 - 0:00:40 - Epoch 233: train_loss=0.0008353591547347605, train_acc= 100.00%
INFO - 09/14/26 02:32:59 - 0:00:40 - Epoch 234: train_loss=0.000966001593042165, train_acc= 100.00%
INFO - 09/14/26 02:32:59 - 0:00:40 - Epoch 235: train_loss=0.0007375932764261961, train_acc= 100.00%
INFO - 09/14/26 02:32:59 - 0:00:40 - Epoch 235: val_loss=0.6919217705726624, val_acc= 83.05%,val_weighted_f1= 80.06,val_macro_f1= 83.82%
INFO - 09/14/26 02:32:59 - 0:00:40 - Epoch 236: train_loss=0.000993906520307064, train_acc= 100.00%
INFO - 09/14/26 02:32:59 - 0:00:40 - Epoch 237: train_loss=0.0006919582956470549, train_acc= 100.00%
INFO - 09/14/26 02:32:59 - 0:00:40 - Epoch 238: train_loss=0.000885522982571274, train_acc= 100.00%
INFO - 09/14/26 02:32:59 - 0:00:40 - Epoch 239: train_loss=0.0008998018456622958, train_acc= 100.00%
INFO - 09/14/26 02:32:59 - 0:00:40 - Epoch 240: train_loss=0.0009729925659485161, train_acc= 100.00%
INFO - 09/14/26 02:32:59 - 0:00:40 - Epoch 240: val_loss=0.6928072571754456, val_acc= 83.05%,val_weighted_f1= 80.06,val_macro_f1= 83.82%
INFO - 09/14/26 02:32:59 - 0:00:40 - Epoch 241: train_loss=0.0009839575504884124, train_acc= 100.00%
INFO - 09/14/26 02:32:59 - 0:00:40 - Epoch 242: train_loss=0.000724795158021152, train_acc= 100.00%
INFO - 09/14/26 02:32:59 - 0:00:40 - Epoch 243: train_loss=0.0008069454343058169, train_acc= 100.00%
INFO - 09/14/26 02:32:59 - 0:00:40 - Epoch 244: train_loss=0.0008316223975270987, train_acc= 100.00%
INFO - 09/14/26 02:32:59 - 0:00:40 - Epoch 245: train_loss=0.0008918012026697397, train_acc= 100.00%
INFO - 09/14/26 02:32:59 - 0:00:40 - Epoch 245: val_loss=0.6865829229354858, val_acc= 83.05%,val_weighted_f1= 80.06,val_macro_f1= 83.82%
INFO - 09/14/26 02:32:59 - 0:00:40 - Epoch 246: train_loss=0.0009595181327313185, train_acc= 100.00%
INFO - 09/14/26 02:32:59 - 0:00:40 - Epoch 247: train_loss=0.0006818802794441581, train_acc= 100.00%
INFO - 09/14/26 02:32:59 - 0:00:40 - Epoch 248: train_loss=0.000707167258951813, train_acc= 100.00%
INFO - 09/14/26 02:32:59 - 0:00:40 - Epoch 249: train_loss=0.0008358548511750996, train_acc= 100.00%
INFO - 09/14/26 02:32:59 - 0:00:40 - Epoch 250: train_loss=0.0008427751599811018, train_acc= 100.00%
INFO - 09/14/26 02:32:59 - 0:00:40 - Epoch 250: val_loss=0.6870236992835999, val_acc= 83.05%,val_weighted_f1= 80.06,val_macro_f1= 83.82%
INFO - 09/14/26 02:32:59 - 0:00:40 - Epoch 251: train_loss=0.0007589722517877817, train_acc= 100.00%
INFO - 09/14/26 02:32:59 - 0:00:40 - Epoch 252: train_loss=0.0010193160269409418, train_acc= 100.00%
INFO - 09/14/26 02:32:59 - 0:00:40 - Epoch 253: train_loss=0.0009410534403286874, train_acc= 100.00%
INFO - 09/14/26 02:32:59 - 0:00:40 - Epoch 254: train_loss=0.0007045871461741626, train_acc= 100.00%
INFO - 09/14/26 02:32:59 - 0:00:40 - Epoch 255: train_loss=0.0008246293873526156, train_acc= 100.00%
INFO - 09/14/26 02:32:59 - 0:00:40 - Epoch 255: val_loss=0.7047851085662842, val_acc= 83.05%,val_weighted_f1= 80.06,val_macro_f1= 83.82%
INFO - 09/14/26 02:32:59 - 0:00:41 - Epoch 256: train_loss=0.0006468258216045797, train_acc= 100.00%
INFO - 09/14/26 02:32:59 - 0:00:41 - Epoch 257: train_loss=0.0006152077694423497, train_acc= 100.00%
INFO - 09/14/26 02:32:59 - 0:00:41 - Epoch 258: train_loss=0.0006774385110475123, train_acc= 100.00%
INFO - 09/14/26 02:32:59 - 0:00:41 - Epoch 259: train_loss=0.0006093469564802945, train_acc= 100.00%
INFO - 09/14/26 02:32:59 - 0:00:41 - Epoch 260: train_loss=0.0007640810217708349, train_acc= 100.00%
INFO - 09/14/26 02:32:59 - 0:00:41 - Epoch 260: val_loss=0.717254102230072, val_acc= 83.05%,val_weighted_f1= 80.06,val_macro_f1= 83.82%
INFO - 09/14/26 02:32:59 - 0:00:41 - Epoch 261: train_loss=0.0006494391127489507, train_acc= 100.00%
INFO - 09/14/26 02:32:59 - 0:00:41 - Epoch 262: train_loss=0.0005632250104099512, train_acc= 100.00%
INFO - 09/14/26 02:33:00 - 0:00:41 - Epoch 263: train_loss=0.0006431991350837052, train_acc= 100.00%
INFO - 09/14/26 02:33:00 - 0:00:41 - Epoch 264: train_loss=0.0005690081743523479, train_acc= 100.00%
INFO - 09/14/26 02:33:00 - 0:00:41 - Epoch 265: train_loss=0.0007076538749970496, train_acc= 100.00%
INFO - 09/14/26 02:33:00 - 0:00:41 - Epoch 265: val_loss=0.7197560667991638, val_acc= 83.05%,val_weighted_f1= 80.06,val_macro_f1= 83.82%
INFO - 09/14/26 02:33:00 - 0:00:41 - Epoch 266: train_loss=0.0006070656236261129, train_acc= 100.00%
INFO - 09/14/26 02:33:00 - 0:00:41 - Epoch 267: train_loss=0.0006446535116992891, train_acc= 100.00%
INFO - 09/14/26 02:33:00 - 0:00:41 - Epoch 268: train_loss=0.0006328956224024296, train_acc= 100.00%
INFO - 09/14/26 02:33:00 - 0:00:41 - Epoch 269: train_loss=0.0006254679174162447, train_acc= 100.00%
INFO - 09/14/26 02:33:00 - 0:00:41 - Epoch 270: train_loss=0.0006562518537975848, train_acc= 100.00%
INFO - 09/14/26 02:33:00 - 0:00:41 - Epoch 270: val_loss=0.705486536026001, val_acc= 83.05%,val_weighted_f1= 80.06,val_macro_f1= 83.82%
INFO - 09/14/26 02:33:00 - 0:00:41 - Epoch 271: train_loss=0.0007561828242614865, train_acc= 100.00%
INFO - 09/14/26 02:33:00 - 0:00:41 - Epoch 272: train_loss=0.0006427786429412663, train_acc= 100.00%
INFO - 09/14/26 02:33:00 - 0:00:41 - Epoch 273: train_loss=0.0008040506509132683, train_acc= 100.00%
INFO - 09/14/26 02:33:00 - 0:00:41 - Epoch 274: train_loss=0.0007803369662724435, train_acc= 100.00%
INFO - 09/14/26 02:33:00 - 0:00:41 - Epoch 275: train_loss=0.0008572475053369999, train_acc= 100.00%
INFO - 09/14/26 02:33:00 - 0:00:41 - Epoch 275: val_loss=0.6881222724914551, val_acc= 83.05%,val_weighted_f1= 80.06,val_macro_f1= 83.82%
INFO - 09/14/26 02:33:00 - 0:00:41 - Epoch 276: train_loss=0.0006145152146928012, train_acc= 100.00%
INFO - 09/14/26 02:33:00 - 0:00:41 - Epoch 277: train_loss=0.0006607476971112192, train_acc= 100.00%
INFO - 09/14/26 02:33:00 - 0:00:41 - Epoch 278: train_loss=0.0006855855463072658, train_acc= 100.00%
INFO - 09/14/26 02:33:00 - 0:00:41 - Epoch 279: train_loss=0.0006068434449844062, train_acc= 100.00%
INFO - 09/14/26 02:33:00 - 0:00:41 - Epoch 280: train_loss=0.0007821586914360523, train_acc= 100.00%
INFO - 09/14/26 02:33:00 - 0:00:41 - Epoch 280: val_loss=0.669151782989502, val_acc= 83.05%,val_weighted_f1= 80.06,val_macro_f1= 83.82%
INFO - 09/14/26 02:33:00 - 0:00:41 - Epoch 281: train_loss=0.0005663091433234513, train_acc= 100.00%
INFO - 09/14/26 02:33:00 - 0:00:41 - Epoch 282: train_loss=0.0007734973332844675, train_acc= 100.00%
INFO - 09/14/26 02:33:00 - 0:00:41 - Epoch 283: train_loss=0.000607716734521091, train_acc= 100.00%
INFO - 09/14/26 02:33:00 - 0:00:41 - Epoch 284: train_loss=0.0006149034597910941, train_acc= 100.00%
INFO - 09/14/26 02:33:00 - 0:00:41 - Epoch 285: train_loss=0.0005130282952450216, train_acc= 100.00%
INFO - 09/14/26 02:33:00 - 0:00:41 - Epoch 285: val_loss=0.6615490317344666, val_acc= 83.05%,val_weighted_f1= 79.75,val_macro_f1= 81.01%
INFO - 09/14/26 02:33:00 - 0:00:41 - Epoch 286: train_loss=0.0006002518930472434, train_acc= 100.00%
INFO - 09/14/26 02:33:00 - 0:00:41 - Epoch 287: train_loss=0.0006777143571525812, train_acc= 100.00%
INFO - 09/14/26 02:33:00 - 0:00:41 - Epoch 288: train_loss=0.0005703137721866369, train_acc= 100.00%
INFO - 09/14/26 02:33:00 - 0:00:41 - Epoch 289: train_loss=0.0006065818015486002, train_acc= 100.00%
INFO - 09/14/26 02:33:00 - 0:00:41 - Epoch 290: train_loss=0.0005320749478414655, train_acc= 100.00%
INFO - 09/14/26 02:33:00 - 0:00:41 - Epoch 290: val_loss=0.6677787899971008, val_acc= 83.05%,val_weighted_f1= 80.06,val_macro_f1= 83.82%
INFO - 09/14/26 02:33:00 - 0:00:41 - Epoch 291: train_loss=0.0005206639762036502, train_acc= 100.00%
INFO - 09/14/26 02:33:00 - 0:00:41 - Epoch 292: train_loss=0.000547759176697582, train_acc= 100.00%
INFO - 09/14/26 02:33:00 - 0:00:41 - Epoch 293: train_loss=0.0006575839943252504, train_acc= 100.00%
INFO - 09/14/26 02:33:00 - 0:00:41 - Epoch 294: train_loss=0.0005580211873166263, train_acc= 100.00%
INFO - 09/14/26 02:33:00 - 0:00:41 - Epoch 295: train_loss=0.0005285380175337195, train_acc= 100.00%
INFO - 09/14/26 02:33:00 - 0:00:42 - Epoch 295: val_loss=0.6763331294059753, val_acc= 83.05%,val_weighted_f1= 80.06,val_macro_f1= 83.82%
INFO - 09/14/26 02:33:00 - 0:00:42 - Epoch 296: train_loss=0.0006806968012824655, train_acc= 100.00%
INFO - 09/14/26 02:33:00 - 0:00:42 - Epoch 297: train_loss=0.0004695098614320159, train_acc= 100.00%
INFO - 09/14/26 02:33:00 - 0:00:42 - Epoch 298: train_loss=0.0005535978707484901, train_acc= 100.00%
INFO - 09/14/26 02:33:00 - 0:00:42 - Epoch 299: train_loss=0.0006289311568252742, train_acc= 100.00%
INFO - 09/14/26 02:33:00 - 0:00:42 - Epoch 300: train_loss=0.0007201164262369275, train_acc= 100.00%
INFO - 09/14/26 02:33:00 - 0:00:42 - Epoch 300: val_loss=0.6771718859672546, val_acc= 83.05%,val_weighted_f1= 80.06,val_macro_f1= 83.82%
INFO - 09/14/26 02:33:00 - 0:00:42 - Epoch 301: train_loss=0.0006016855477355421, train_acc= 100.00%
INFO - 09/14/26 02:33:01 - 0:00:42 - Epoch 302: train_loss=0.0005229645757935941, train_acc= 100.00%
INFO - 09/14/26 02:33:01 - 0:00:42 - Epoch 303: train_loss=0.0005498871905729175, train_acc= 100.00%
INFO - 09/14/26 02:33:01 - 0:00:42 - Epoch 304: train_loss=0.0006073356489650905, train_acc= 100.00%
INFO - 09/14/26 02:33:01 - 0:00:42 - Epoch 305: train_loss=0.0004906863905489445, train_acc= 100.00%
INFO - 09/14/26 02:33:01 - 0:00:42 - Epoch 305: val_loss=0.6726118922233582, val_acc= 83.05%,val_weighted_f1= 79.88,val_macro_f1= 82.95%
INFO - 09/14/26 02:33:01 - 0:00:42 - Epoch 306: train_loss=0.0004920859937556088, train_acc= 100.00%
INFO - 09/14/26 02:33:01 - 0:00:42 - Epoch 307: train_loss=0.0005894908681511879, train_acc= 100.00%
INFO - 09/14/26 02:33:01 - 0:00:42 - Epoch 308: train_loss=0.0006550766411237419, train_acc= 100.00%
INFO - 09/14/26 02:33:01 - 0:00:42 - Epoch 309: train_loss=0.0005005280836485326, train_acc= 100.00%
INFO - 09/14/26 02:33:01 - 0:00:42 - Epoch 310: train_loss=0.0005994334933348, train_acc= 100.00%
INFO - 09/14/26 02:33:01 - 0:00:42 - Epoch 310: val_loss=0.6712634563446045, val_acc= 83.05%,val_weighted_f1= 79.88,val_macro_f1= 82.95%
INFO - 09/14/26 02:33:01 - 0:00:42 - Epoch 311: train_loss=0.0005514090298675001, train_acc= 100.00%
INFO - 09/14/26 02:33:01 - 0:00:42 - Epoch 312: train_loss=0.0005110139609314501, train_acc= 100.00%
INFO - 09/14/26 02:33:01 - 0:00:42 - Epoch 313: train_loss=0.0004712811787612736, train_acc= 100.00%
INFO - 09/14/26 02:33:01 - 0:00:42 - Epoch 314: train_loss=0.0005242330953478813, train_acc= 100.00%
INFO - 09/14/26 02:33:01 - 0:00:42 - Epoch 315: train_loss=0.0003943987831007689, train_acc= 100.00%
INFO - 09/14/26 02:33:01 - 0:00:42 - Epoch 315: val_loss=0.6771764755249023, val_acc= 83.05%,val_weighted_f1= 79.88,val_macro_f1= 82.95%
INFO - 09/14/26 02:33:01 - 0:00:42 - Epoch 316: train_loss=0.0005142443114891648, train_acc= 100.00%
INFO - 09/14/26 02:33:01 - 0:00:42 - Epoch 317: train_loss=0.0005206377827562392, train_acc= 100.00%
INFO - 09/14/26 02:33:01 - 0:00:42 - Epoch 318: train_loss=0.0004359321901574731, train_acc= 100.00%
INFO - 09/14/26 02:33:01 - 0:00:42 - Epoch 319: train_loss=0.0004487722471822053, train_acc= 100.00%
INFO - 09/14/26 02:33:01 - 0:00:42 - Epoch 320: train_loss=0.00043492167606018484, train_acc= 100.00%
INFO - 09/14/26 02:33:01 - 0:00:42 - Epoch 320: val_loss=0.6886163949966431, val_acc= 83.05%,val_weighted_f1= 80.06,val_macro_f1= 83.82%
INFO - 09/14/26 02:33:01 - 0:00:42 - Epoch 321: train_loss=0.000557307677809149, train_acc= 100.00%
INFO - 09/14/26 02:33:01 - 0:00:42 - Epoch 322: train_loss=0.0005255602882243693, train_acc= 100.00%
INFO - 09/14/26 02:33:01 - 0:00:42 - Epoch 323: train_loss=0.0004912419826723635, train_acc= 100.00%
INFO - 09/14/26 02:33:01 - 0:00:42 - Epoch 324: train_loss=0.00047027389518916607, train_acc= 100.00%
INFO - 09/14/26 02:33:01 - 0:00:42 - Epoch 325: train_loss=0.0005137361586093903, train_acc= 100.00%
INFO - 09/14/26 02:33:01 - 0:00:42 - Epoch 325: val_loss=0.6969076991081238, val_acc= 83.05%,val_weighted_f1= 80.06,val_macro_f1= 83.82%
INFO - 09/14/26 02:33:01 - 0:00:42 - Epoch 326: train_loss=0.0005709194811061025, train_acc= 100.00%
INFO - 09/14/26 02:33:01 - 0:00:42 - Epoch 327: train_loss=0.00048320647329092026, train_acc= 100.00%
INFO - 09/14/26 02:33:01 - 0:00:42 - Epoch 328: train_loss=0.0005247436347417533, train_acc= 100.00%
INFO - 09/14/26 02:33:01 - 0:00:42 - Epoch 329: train_loss=0.0004839434695895761, train_acc= 100.00%
INFO - 09/14/26 02:33:01 - 0:00:42 - Epoch 330: train_loss=0.0004961863742209971, train_acc= 100.00%
INFO - 09/14/26 02:33:01 - 0:00:42 - Epoch 330: val_loss=0.6922297477722168, val_acc= 83.05%,val_weighted_f1= 80.06,val_macro_f1= 83.82%
INFO - 09/14/26 02:33:01 - 0:00:42 - Epoch 331: train_loss=0.0004514115280471742, train_acc= 100.00%
INFO - 09/14/26 02:33:01 - 0:00:42 - Epoch 332: train_loss=0.0005682207411155105, train_acc= 100.00%
INFO - 09/14/26 02:33:01 - 0:00:42 - Epoch 333: train_loss=0.0004475906025618315, train_acc= 100.00%
INFO - 09/14/26 02:33:01 - 0:00:43 - Epoch 334: train_loss=0.0004734920512419194, train_acc= 100.00%
INFO - 09/14/26 02:33:01 - 0:00:43 - Epoch 335: train_loss=0.00048041605623438954, train_acc= 100.00%
INFO - 09/14/26 02:33:01 - 0:00:43 - Epoch 335: val_loss=0.6873490214347839, val_acc= 83.05%,val_weighted_f1= 79.88,val_macro_f1= 82.95%
INFO - 09/14/26 02:33:01 - 0:00:43 - Epoch 336: train_loss=0.000384191662305966, train_acc= 100.00%
INFO - 09/14/26 02:33:01 - 0:00:43 - Epoch 337: train_loss=0.0004910200950689614, train_acc= 100.00%
INFO - 09/14/26 02:33:01 - 0:00:43 - Epoch 338: train_loss=0.0004453052824828774, train_acc= 100.00%
INFO - 09/14/26 02:33:01 - 0:00:43 - Epoch 339: train_loss=0.00042635059799067676, train_acc= 100.00%
INFO - 09/14/26 02:33:01 - 0:00:43 - Epoch 340: train_loss=0.00043738752719946206, train_acc= 100.00%
INFO - 09/14/26 02:33:01 - 0:00:43 - Epoch 340: val_loss=0.6889567375183105, val_acc= 83.05%,val_weighted_f1= 79.88,val_macro_f1= 82.95%
INFO - 09/14/26 02:33:02 - 0:00:43 - Epoch 341: train_loss=0.0004277602711226791, train_acc= 100.00%
INFO - 09/14/26 02:33:02 - 0:00:43 - Epoch 342: train_loss=0.0004502306110225618, train_acc= 100.00%
INFO - 09/14/26 02:33:02 - 0:00:43 - Epoch 343: train_loss=0.00039402415859512985, train_acc= 100.00%
INFO - 09/14/26 02:33:02 - 0:00:43 - Epoch 344: train_loss=0.00035963545087724924, train_acc= 100.00%
INFO - 09/14/26 02:33:02 - 0:00:43 - Epoch 345: train_loss=0.000500967784319073, train_acc= 100.00%
INFO - 09/14/26 02:33:02 - 0:00:43 - Epoch 345: val_loss=0.6914960741996765, val_acc= 83.05%,val_weighted_f1= 79.88,val_macro_f1= 82.95%
INFO - 09/14/26 02:33:02 - 0:00:43 - Epoch 346: train_loss=0.00040499039459973574, train_acc= 100.00%
INFO - 09/14/26 02:33:02 - 0:00:43 - Epoch 347: train_loss=0.0004362113249953836, train_acc= 100.00%
INFO - 09/14/26 02:33:02 - 0:00:43 - Epoch 348: train_loss=0.000395318929804489, train_acc= 100.00%
INFO - 09/14/26 02:33:02 - 0:00:43 - Epoch 349: train_loss=0.00044848406105302274, train_acc= 100.00%
INFO - 09/14/26 02:33:02 - 0:00:43 - Epoch 350: train_loss=0.00046287421719171107, train_acc= 100.00%
INFO - 09/14/26 02:33:02 - 0:00:43 - Epoch 350: val_loss=0.6972638964653015, val_acc= 83.05%,val_weighted_f1= 79.88,val_macro_f1= 82.95%
INFO - 09/14/26 02:33:02 - 0:00:43 - Epoch 351: train_loss=0.0004193776403553784, train_acc= 100.00%
INFO - 09/14/26 02:33:02 - 0:00:43 - Epoch 352: train_loss=0.00040252579492516816, train_acc= 100.00%
INFO - 09/14/26 02:33:02 - 0:00:43 - Epoch 353: train_loss=0.0006441735313273966, train_acc= 100.00%
INFO - 09/14/26 02:33:02 - 0:00:43 - Epoch 354: train_loss=0.0003843464655801654, train_acc= 100.00%
INFO - 09/14/26 02:33:02 - 0:00:43 - Epoch 355: train_loss=0.0004968619323335588, train_acc= 100.00%
INFO - 09/14/26 02:33:02 - 0:00:43 - Epoch 355: val_loss=0.7052524089813232, val_acc= 83.05%,val_weighted_f1= 79.88,val_macro_f1= 82.95%
INFO - 09/14/26 02:33:02 - 0:00:43 - Epoch 356: train_loss=0.00042141511221416295, train_acc= 100.00%
INFO - 09/14/26 02:33:02 - 0:00:43 - Epoch 357: train_loss=0.00041066971607506275, train_acc= 100.00%
INFO - 09/14/26 02:33:02 - 0:00:43 - Epoch 358: train_loss=0.0004523747484199703, train_acc= 100.00%
INFO - 09/14/26 02:33:02 - 0:00:43 - Epoch 359: train_loss=0.0004549398727249354, train_acc= 100.00%
INFO - 09/14/26 02:33:02 - 0:00:43 - Epoch 360: train_loss=0.00042319559725001454, train_acc= 100.00%
INFO - 09/14/26 02:33:02 - 0:00:43 - Epoch 360: val_loss=0.7286785840988159, val_acc= 83.05%,val_weighted_f1= 80.06,val_macro_f1= 83.82%
INFO - 09/14/26 02:33:02 - 0:00:43 - Epoch 361: train_loss=0.00041876532486639917, train_acc= 100.00%
INFO - 09/14/26 02:33:02 - 0:00:43 - Epoch 362: train_loss=0.00045370589941740036, train_acc= 100.00%
INFO - 09/14/26 02:33:02 - 0:00:43 - Epoch 363: train_loss=0.00033229298423975706, train_acc= 100.00%
INFO - 09/14/26 02:33:02 - 0:00:43 - Epoch 364: train_loss=0.00040396559052169323, train_acc= 100.00%
INFO - 09/14/26 02:33:02 - 0:00:43 - Epoch 365: train_loss=0.0003932534309569746, train_acc= 100.00%
INFO - 09/14/26 02:33:02 - 0:00:43 - Epoch 365: val_loss=0.7446981072425842, val_acc= 83.05%,val_weighted_f1= 80.06,val_macro_f1= 83.82%
INFO - 09/14/26 02:33:02 - 0:00:43 - Epoch 366: train_loss=0.00037232579779811203, train_acc= 100.00%
INFO - 09/14/26 02:33:02 - 0:00:43 - Epoch 367: train_loss=0.0004636886005755514, train_acc= 100.00%
INFO - 09/14/26 02:33:02 - 0:00:43 - Epoch 368: train_loss=0.0004252629878465086, train_acc= 100.00%
INFO - 09/14/26 02:33:02 - 0:00:43 - Epoch 369: train_loss=0.00035943553666584194, train_acc= 100.00%
INFO - 09/14/26 02:33:02 - 0:00:43 - Epoch 370: train_loss=0.0005367142730392516, train_acc= 100.00%
INFO - 09/14/26 02:33:02 - 0:00:43 - Epoch 370: val_loss=0.7325741648674011, val_acc= 83.05%,val_weighted_f1= 80.06,val_macro_f1= 83.82%
INFO - 09/14/26 02:33:02 - 0:00:44 - Epoch 371: train_loss=0.0004191321204416454, train_acc= 100.00%
INFO - 09/14/26 02:33:02 - 0:00:44 - Epoch 372: train_loss=0.0003873417153954506, train_acc= 100.00%
INFO - 09/14/26 02:33:02 - 0:00:44 - Epoch 373: train_loss=0.0004160234529990703, train_acc= 100.00%
INFO - 09/14/26 02:33:02 - 0:00:44 - Epoch 374: train_loss=0.0004112357273697853, train_acc= 100.00%
INFO - 09/14/26 02:33:02 - 0:00:44 - Epoch 375: train_loss=0.00046410123468376696, train_acc= 100.00%
INFO - 09/14/26 02:33:02 - 0:00:44 - Epoch 375: val_loss=0.7025862336158752, val_acc= 83.05%,val_weighted_f1= 79.88,val_macro_f1= 82.95%
INFO - 09/14/26 02:33:02 - 0:00:44 - Epoch 376: train_loss=0.000382481433916837, train_acc= 100.00%
INFO - 09/14/26 02:33:02 - 0:00:44 - Epoch 377: train_loss=0.00030770315788686275, train_acc= 100.00%
INFO - 09/14/26 02:33:02 - 0:00:44 - Epoch 378: train_loss=0.00043332725181244314, train_acc= 100.00%
INFO - 09/14/26 02:33:02 - 0:00:44 - Epoch 379: train_loss=0.00034730826155282557, train_acc= 100.00%
INFO - 09/14/26 02:33:02 - 0:00:44 - Epoch 380: train_loss=0.00041847542161121964, train_acc= 100.00%
INFO - 09/14/26 02:33:03 - 0:00:44 - Epoch 380: val_loss=0.6884394884109497, val_acc= 83.05%,val_weighted_f1= 79.88,val_macro_f1= 82.95%
INFO - 09/14/26 02:33:03 - 0:00:44 - Epoch 381: train_loss=0.0003803135477937758, train_acc= 100.00%
INFO - 09/14/26 02:33:03 - 0:00:44 - Epoch 382: train_loss=0.0004788347287103534, train_acc= 100.00%
INFO - 09/14/26 02:33:03 - 0:00:44 - Epoch 383: train_loss=0.00033350675948895514, train_acc= 100.00%
INFO - 09/14/26 02:33:03 - 0:00:44 - Epoch 384: train_loss=0.00038797862362116575, train_acc= 100.00%
INFO - 09/14/26 02:33:03 - 0:00:44 - Epoch 385: train_loss=0.0004125639097765088, train_acc= 100.00%
INFO - 09/14/26 02:33:03 - 0:00:44 - Epoch 385: val_loss=0.684064507484436, val_acc= 83.05%,val_weighted_f1= 79.88,val_macro_f1= 82.95%
INFO - 09/14/26 02:33:03 - 0:00:44 - Epoch 386: train_loss=0.0005405632546171546, train_acc= 100.00%
INFO - 09/14/26 02:33:03 - 0:00:44 - Epoch 387: train_loss=0.000382339145289734, train_acc= 100.00%
INFO - 09/14/26 02:33:03 - 0:00:44 - Epoch 388: train_loss=0.00037504525971598923, train_acc= 100.00%
INFO - 09/14/26 02:33:03 - 0:00:44 - Epoch 389: train_loss=0.0003754646750167012, train_acc= 100.00%
INFO - 09/14/26 02:33:03 - 0:00:44 - Epoch 390: train_loss=0.00038944839616306126, train_acc= 100.00%
INFO - 09/14/26 02:33:03 - 0:00:44 - Epoch 390: val_loss=0.6819838881492615, val_acc= 83.05%,val_weighted_f1= 79.88,val_macro_f1= 82.95%
INFO - 09/14/26 02:33:03 - 0:00:44 - Epoch 391: train_loss=0.0004297909908927977, train_acc= 100.00%
INFO - 09/14/26 02:33:03 - 0:00:44 - Epoch 392: train_loss=0.0004583820409607142, train_acc= 100.00%
INFO - 09/14/26 02:33:03 - 0:00:44 - Epoch 393: train_loss=0.0003643694508355111, train_acc= 100.00%
INFO - 09/14/26 02:33:03 - 0:00:44 - Epoch 394: train_loss=0.0003278434742242098, train_acc= 100.00%
INFO - 09/14/26 02:33:03 - 0:00:44 - Epoch 395: train_loss=0.0003389490011613816, train_acc= 100.00%
INFO - 09/14/26 02:33:03 - 0:00:44 - Epoch 395: val_loss=0.6885306239128113, val_acc= 83.05%,val_weighted_f1= 79.88,val_macro_f1= 82.95%
INFO - 09/14/26 02:33:03 - 0:00:44 - Epoch 396: train_loss=0.00029729510424658656, train_acc= 100.00%
INFO - 09/14/26 02:33:03 - 0:00:44 - Epoch 397: train_loss=0.000359993806341663, train_acc= 100.00%
INFO - 09/14/26 02:33:03 - 0:00:44 - Epoch 398: train_loss=0.0004107053391635418, train_acc= 100.00%
INFO - 09/14/26 02:33:03 - 0:00:44 - Epoch 399: train_loss=0.0003808584879152477, train_acc= 100.00%
INFO - 09/14/26 02:33:03 - 0:00:44 - Epoch 400: train_loss=0.0003498792357277125, train_acc= 100.00%
INFO - 09/14/26 02:33:03 - 0:00:44 - Epoch 400: val_loss=0.6964032649993896, val_acc= 83.05%,val_weighted_f1= 79.88,val_macro_f1= 82.95%
INFO - 09/14/26 02:33:03 - 0:00:44 - Epoch 401: train_loss=0.0003044583718292415, train_acc= 100.00%
INFO - 09/14/26 02:33:03 - 0:00:44 - Epoch 402: train_loss=0.0002841894165612757, train_acc= 100.00%
INFO - 09/14/26 02:33:03 - 0:00:44 - Epoch 403: train_loss=0.0004897936596535146, train_acc= 100.00%
INFO - 09/14/26 02:33:03 - 0:00:44 - Epoch 404: train_loss=0.0003483282926026732, train_acc= 100.00%
INFO - 09/14/26 02:33:03 - 0:00:44 - Epoch 405: train_loss=0.00030860441620461643, train_acc= 100.00%
INFO - 09/14/26 02:33:03 - 0:00:44 - Epoch 405: val_loss=0.6956117749214172, val_acc= 83.05%,val_weighted_f1= 79.88,val_macro_f1= 82.95%
INFO - 09/14/26 02:33:03 - 0:00:44 - Epoch 406: train_loss=0.00033731223084032536, train_acc= 100.00%
INFO - 09/14/26 02:33:03 - 0:00:44 - Epoch 407: train_loss=0.0003886561025865376, train_acc= 100.00%
INFO - 09/14/26 02:33:03 - 0:00:44 - Epoch 408: train_loss=0.0003486695932224393, train_acc= 100.00%
INFO - 09/14/26 02:33:03 - 0:00:44 - Epoch 409: train_loss=0.0002929882612079382, train_acc= 100.00%
INFO - 09/14/26 02:33:03 - 0:00:45 - Epoch 410: train_loss=0.0003990679688286036, train_acc= 100.00%
INFO - 09/14/26 02:33:03 - 0:00:45 - Epoch 410: val_loss=0.6961579322814941, val_acc= 83.05%,val_weighted_f1= 79.88,val_macro_f1= 82.95%
INFO - 09/14/26 02:33:03 - 0:00:45 - Epoch 411: train_loss=0.0003394179220777005, train_acc= 100.00%
INFO - 09/14/26 02:33:03 - 0:00:45 - Epoch 412: train_loss=0.0003361932758707553, train_acc= 100.00%
INFO - 09/14/26 02:33:03 - 0:00:45 - Epoch 413: train_loss=0.00032512328471057117, train_acc= 100.00%
INFO - 09/14/26 02:33:03 - 0:00:45 - Epoch 414: train_loss=0.0003446824266575277, train_acc= 100.00%
INFO - 09/14/26 02:33:03 - 0:00:45 - Epoch 415: train_loss=0.00045672873966395855, train_acc= 100.00%
INFO - 09/14/26 02:33:03 - 0:00:45 - Epoch 415: val_loss=0.6948456764221191, val_acc= 83.05%,val_weighted_f1= 79.88,val_macro_f1= 82.95%
INFO - 09/14/26 02:33:03 - 0:00:45 - Epoch 416: train_loss=0.0004102436942048371, train_acc= 100.00%
INFO - 09/14/26 02:33:03 - 0:00:45 - Epoch 417: train_loss=0.0003305923892185092, train_acc= 100.00%
INFO - 09/14/26 02:33:03 - 0:00:45 - Epoch 418: train_loss=0.00034151141881011426, train_acc= 100.00%
INFO - 09/14/26 02:33:04 - 0:00:45 - Epoch 419: train_loss=0.0002935405063908547, train_acc= 100.00%
INFO - 09/14/26 02:33:04 - 0:00:45 - Epoch 420: train_loss=0.00030147499637678266, train_acc= 100.00%
INFO - 09/14/26 02:33:04 - 0:00:45 - Epoch 420: val_loss=0.6883537769317627, val_acc= 83.05%,val_weighted_f1= 79.88,val_macro_f1= 82.95%
INFO - 09/14/26 02:33:04 - 0:00:45 - Epoch 421: train_loss=0.00037557314499281347, train_acc= 100.00%
INFO - 09/14/26 02:33:04 - 0:00:45 - Epoch 422: train_loss=0.00030702335061505437, train_acc= 100.00%
INFO - 09/14/26 02:33:04 - 0:00:45 - Epoch 423: train_loss=0.0003787821333389729, train_acc= 100.00%
INFO - 09/14/26 02:33:04 - 0:00:45 - Epoch 424: train_loss=0.0003695599443744868, train_acc= 100.00%
INFO - 09/14/26 02:33:04 - 0:00:45 - Epoch 425: train_loss=0.00031359100830741227, train_acc= 100.00%
INFO - 09/14/26 02:33:04 - 0:00:45 - Epoch 425: val_loss=0.691932737827301, val_acc= 83.05%,val_weighted_f1= 79.88,val_macro_f1= 82.95%
INFO - 09/14/26 02:33:04 - 0:00:45 - Epoch 426: train_loss=0.00033244420774281025, train_acc= 100.00%
INFO - 09/14/26 02:33:04 - 0:00:45 - Epoch 427: train_loss=0.00028847207431681454, train_acc= 100.00%
INFO - 09/14/26 02:33:04 - 0:00:45 - Epoch 428: train_loss=0.00028874145937152207, train_acc= 100.00%
INFO - 09/14/26 02:33:04 - 0:00:45 - Epoch 429: train_loss=0.00031953383586369455, train_acc= 100.00%
INFO - 09/14/26 02:33:04 - 0:00:45 - Epoch 430: train_loss=0.00027530951774679124, train_acc= 100.00%
INFO - 09/14/26 02:33:04 - 0:00:45 - Epoch 430: val_loss=0.705087423324585, val_acc= 83.05%,val_weighted_f1= 79.88,val_macro_f1= 82.95%
INFO - 09/14/26 02:33:04 - 0:00:45 - Epoch 431: train_loss=0.0003782930434681475, train_acc= 100.00%
INFO - 09/14/26 02:33:04 - 0:00:45 - Epoch 432: train_loss=0.0003736221115104854, train_acc= 100.00%
INFO - 09/14/26 02:33:04 - 0:00:45 - Epoch 433: train_loss=0.00030787690775468946, train_acc= 100.00%
INFO - 09/14/26 02:33:04 - 0:00:45 - Epoch 434: train_loss=0.00030692294239997864, train_acc= 100.00%
INFO - 09/14/26 02:33:04 - 0:00:45 - Epoch 435: train_loss=0.0003561454941518605, train_acc= 100.00%
INFO - 09/14/26 02:33:04 - 0:00:45 - Epoch 435: val_loss=0.7042463421821594, val_acc= 83.05%,val_weighted_f1= 79.88,val_macro_f1= 82.95%
INFO - 09/14/26 02:33:04 - 0:00:45 - Epoch 436: train_loss=0.00030000502010807395, train_acc= 100.00%
INFO - 09/14/26 02:33:04 - 0:00:45 - Epoch 437: train_loss=0.0002729433181229979, train_acc= 100.00%
INFO - 09/14/26 02:33:04 - 0:00:45 - Epoch 438: train_loss=0.00042781096999533474, train_acc= 100.00%
INFO - 09/14/26 02:33:04 - 0:00:45 - Epoch 439: train_loss=0.00037550798151642084, train_acc= 100.00%
INFO - 09/14/26 02:33:04 - 0:00:45 - Epoch 440: train_loss=0.00036735451431013644, train_acc= 100.00%
INFO - 09/14/26 02:33:04 - 0:00:45 - Epoch 440: val_loss=0.7011380791664124, val_acc= 83.05%,val_weighted_f1= 79.88,val_macro_f1= 82.95%
INFO - 09/14/26 02:33:04 - 0:00:45 - Epoch 441: train_loss=0.00028472518897615373, train_acc= 100.00%
INFO - 09/14/26 02:33:04 - 0:00:45 - Epoch 442: train_loss=0.00034709935425780714, train_acc= 100.00%
INFO - 09/14/26 02:33:04 - 0:00:45 - Epoch 443: train_loss=0.0003183401422575116, train_acc= 100.00%
INFO - 09/14/26 02:33:04 - 0:00:45 - Epoch 444: train_loss=0.00031895647407509387, train_acc= 100.00%
INFO - 09/14/26 02:33:04 - 0:00:45 - Epoch 445: train_loss=0.0003113005659542978, train_acc= 100.00%
INFO - 09/14/26 02:33:04 - 0:00:45 - Epoch 445: val_loss=0.6997186541557312, val_acc= 83.05%,val_weighted_f1= 79.88,val_macro_f1= 82.95%
INFO - 09/14/26 02:33:04 - 0:00:45 - Epoch 446: train_loss=0.0002718274190556258, train_acc= 100.00%
INFO - 09/14/26 02:33:04 - 0:00:45 - Epoch 447: train_loss=0.000258800049778074, train_acc= 100.00%
INFO - 09/14/26 02:33:04 - 0:00:46 - Epoch 448: train_loss=0.000308508169837296, train_acc= 100.00%
INFO - 09/14/26 02:33:04 - 0:00:46 - Epoch 449: train_loss=0.00026080626412294805, train_acc= 100.00%
INFO - 09/14/26 02:33:04 - 0:00:46 - Epoch 450: train_loss=0.0003137533785775304, train_acc= 100.00%
INFO - 09/14/26 02:33:04 - 0:00:46 - Epoch 450: val_loss=0.7039157152175903, val_acc= 83.05%,val_weighted_f1= 79.88,val_macro_f1= 82.95%
INFO - 09/14/26 02:33:04 - 0:00:46 - Epoch 451: train_loss=0.000279684696579352, train_acc= 100.00%
INFO - 09/14/26 02:33:04 - 0:00:46 - Epoch 452: train_loss=0.00028561262297444046, train_acc= 100.00%
INFO - 09/14/26 02:33:04 - 0:00:46 - Epoch 453: train_loss=0.00022499235637951642, train_acc= 100.00%
INFO - 09/14/26 02:33:04 - 0:00:46 - Epoch 454: train_loss=0.00031924634822644293, train_acc= 100.00%
INFO - 09/14/26 02:33:04 - 0:00:46 - Epoch 455: train_loss=0.00030049527413211763, train_acc= 100.00%
INFO - 09/14/26 02:33:04 - 0:00:46 - Epoch 455: val_loss=0.7112173438072205, val_acc= 83.05%,val_weighted_f1= 79.88,val_macro_f1= 82.95%
INFO - 09/14/26 02:33:04 - 0:00:46 - Epoch 456: train_loss=0.00023537030210718513, train_acc= 100.00%
INFO - 09/14/26 02:33:04 - 0:00:46 - Epoch 457: train_loss=0.00030602054903283715, train_acc= 100.00%
INFO - 09/14/26 02:33:05 - 0:00:46 - Epoch 458: train_loss=0.00028298955294303596, train_acc= 100.00%
INFO - 09/14/26 02:33:05 - 0:00:46 - Epoch 459: train_loss=0.0003206277033314109, train_acc= 100.00%
INFO - 09/14/26 02:33:05 - 0:00:46 - Epoch 460: train_loss=0.0003118325548712164, train_acc= 100.00%
INFO - 09/14/26 02:33:05 - 0:00:46 - Epoch 460: val_loss=0.7190463542938232, val_acc= 83.05%,val_weighted_f1= 79.88,val_macro_f1= 82.95%
INFO - 09/14/26 02:33:05 - 0:00:46 - Epoch 461: train_loss=0.0003200877399649471, train_acc= 100.00%
INFO - 09/14/26 02:33:05 - 0:00:46 - Epoch 462: train_loss=0.0002813153841998428, train_acc= 100.00%
INFO - 09/14/26 02:33:05 - 0:00:46 - Epoch 463: train_loss=0.00026380372582934797, train_acc= 100.00%
INFO - 09/14/26 02:33:05 - 0:00:46 - Epoch 464: train_loss=0.00025480351177975535, train_acc= 100.00%
INFO - 09/14/26 02:33:05 - 0:00:46 - Epoch 465: train_loss=0.0002610514929983765, train_acc= 100.00%
INFO - 09/14/26 02:33:05 - 0:00:46 - Epoch 465: val_loss=0.7129542231559753, val_acc= 83.05%,val_weighted_f1= 79.88,val_macro_f1= 82.95%
INFO - 09/14/26 02:33:05 - 0:00:46 - Epoch 466: train_loss=0.00028513246797956526, train_acc= 100.00%
INFO - 09/14/26 02:33:05 - 0:00:46 - Epoch 467: train_loss=0.00028265282162465155, train_acc= 100.00%
INFO - 09/14/26 02:33:05 - 0:00:46 - Epoch 468: train_loss=0.00028619830845855176, train_acc= 100.00%
INFO - 09/14/26 02:33:05 - 0:00:46 - Epoch 469: train_loss=0.0002548973134253174, train_acc= 100.00%
INFO - 09/14/26 02:33:05 - 0:00:46 - Epoch 470: train_loss=0.0003161649510730058, train_acc= 100.00%
INFO - 09/14/26 02:33:05 - 0:00:46 - Epoch 470: val_loss=0.7111130952835083, val_acc= 83.05%,val_weighted_f1= 79.88,val_macro_f1= 82.95%
INFO - 09/14/26 02:33:05 - 0:00:46 - Epoch 471: train_loss=0.00028931203996762633, train_acc= 100.00%
INFO - 09/14/26 02:33:05 - 0:00:46 - Epoch 472: train_loss=0.00022038110182620585, train_acc= 100.00%
INFO - 09/14/26 02:33:05 - 0:00:46 - Epoch 473: train_loss=0.00025628891307860613, train_acc= 100.00%
INFO - 09/14/26 02:33:05 - 0:00:46 - Epoch 474: train_loss=0.00034172277082689106, train_acc= 100.00%
INFO - 09/14/26 02:33:05 - 0:00:46 - Epoch 475: train_loss=0.0003033295797649771, train_acc= 100.00%
INFO - 09/14/26 02:33:05 - 0:00:46 - Epoch 475: val_loss=0.7026352286338806, val_acc= 83.05%,val_weighted_f1= 79.88,val_macro_f1= 82.95%
INFO - 09/14/26 02:33:05 - 0:00:46 - Epoch 476: train_loss=0.00026594093651510775, train_acc= 100.00%
INFO - 09/14/26 02:33:05 - 0:00:46 - Epoch 477: train_loss=0.00030672820867039263, train_acc= 100.00%
INFO - 09/14/26 02:33:05 - 0:00:46 - Epoch 478: train_loss=0.00027723502716980875, train_acc= 100.00%
INFO - 09/14/26 02:33:05 - 0:00:46 - Epoch 479: train_loss=0.0002739097981248051, train_acc= 100.00%
INFO - 09/14/26 02:33:05 - 0:00:46 - Epoch 480: train_loss=0.0003125283110421151, train_acc= 100.00%
INFO - 09/14/26 02:33:05 - 0:00:46 - Epoch 480: val_loss=0.6913776993751526, val_acc= 83.05%,val_weighted_f1= 79.88,val_macro_f1= 82.95%
INFO - 09/14/26 02:33:05 - 0:00:46 - Epoch 481: train_loss=0.0002989817294292152, train_acc= 100.00%
INFO - 09/14/26 02:33:05 - 0:00:46 - Epoch 482: train_loss=0.000248773954808712, train_acc= 100.00%
INFO - 09/14/26 02:33:05 - 0:00:46 - Epoch 483: train_loss=0.0002909943286795169, train_acc= 100.00%
INFO - 09/14/26 02:33:05 - 0:00:46 - Epoch 484: train_loss=0.00035669156932272017, train_acc= 100.00%
INFO - 09/14/26 02:33:05 - 0:00:46 - Epoch 485: train_loss=0.00026367336977273226, train_acc= 100.00%
INFO - 09/14/26 02:33:05 - 0:00:46 - Epoch 485: val_loss=0.6944176554679871, val_acc= 83.05%,val_weighted_f1= 79.88,val_macro_f1= 82.95%
INFO - 09/14/26 02:33:05 - 0:00:47 - Epoch 486: train_loss=0.0002513671643100679, train_acc= 100.00%
INFO - 09/14/26 02:33:05 - 0:00:47 - Epoch 487: train_loss=0.0003186492540407926, train_acc= 100.00%
INFO - 09/14/26 02:33:05 - 0:00:47 - Epoch 488: train_loss=0.00024898911942727864, train_acc= 100.00%
INFO - 09/14/26 02:33:05 - 0:00:47 - Epoch 489: train_loss=0.00022731540957465768, train_acc= 100.00%
INFO - 09/14/26 02:33:05 - 0:00:47 - Epoch 490: train_loss=0.00025817303685471416, train_acc= 100.00%
INFO - 09/14/26 02:33:05 - 0:00:47 - Epoch 490: val_loss=0.7000197172164917, val_acc= 83.05%,val_weighted_f1= 79.88,val_macro_f1= 82.95%
INFO - 09/14/26 02:33:05 - 0:00:47 - Epoch 491: train_loss=0.00028620415832847357, train_acc= 100.00%
INFO - 09/14/26 02:33:05 - 0:00:47 - Epoch 492: train_loss=0.0002880830434150994, train_acc= 100.00%
INFO - 09/14/26 02:33:05 - 0:00:47 - Epoch 493: train_loss=0.00028936020680703223, train_acc= 100.00%
INFO - 09/14/26 02:33:05 - 0:00:47 - Epoch 494: train_loss=0.00028283504070714116, train_acc= 100.00%
INFO - 09/14/26 02:33:05 - 0:00:47 - Epoch 495: train_loss=0.0002800798392854631, train_acc= 100.00%
INFO - 09/14/26 02:33:05 - 0:00:47 - Epoch 495: val_loss=0.7117758989334106, val_acc= 83.05%,val_weighted_f1= 79.88,val_macro_f1= 82.95%
INFO - 09/14/26 02:33:05 - 0:00:47 - Epoch 496: train_loss=0.00026330375112593174, train_acc= 100.00%
INFO - 09/14/26 02:33:06 - 0:00:47 - Epoch 497: train_loss=0.00023489481827709824, train_acc= 100.00%
INFO - 09/14/26 02:33:06 - 0:00:47 - Epoch 498: train_loss=0.00023786231759004295, train_acc= 100.00%
INFO - 09/14/26 02:33:06 - 0:00:47 - Epoch 499: train_loss=0.0002524590236134827, train_acc= 100.00%
INFO - 09/14/26 02:33:06 - 0:00:47 - Epoch 500: train_loss=0.0002170564839616418, train_acc= 100.00%
INFO - 09/14/26 02:33:06 - 0:00:47 - Epoch 500: val_loss=0.7136388421058655, val_acc= 83.05%,val_weighted_f1= 79.88,val_macro_f1= 82.95%
INFO - 09/14/26 02:33:06 - 0:00:47 - Epoch 501: train_loss=0.00025757431285455823, train_acc= 100.00%
INFO - 09/14/26 02:33:06 - 0:00:47 - Epoch 502: train_loss=0.00027389609022065997, train_acc= 100.00%
INFO - 09/14/26 02:33:06 - 0:00:47 - Epoch 503: train_loss=0.00025045356596820056, train_acc= 100.00%
INFO - 09/14/26 02:33:06 - 0:00:47 - Epoch 504: train_loss=0.000219379406189546, train_acc= 100.00%
INFO - 09/14/26 02:33:06 - 0:00:47 - Epoch 505: train_loss=0.00025132816517725587, train_acc= 100.00%
INFO - 09/14/26 02:33:06 - 0:00:47 - Epoch 505: val_loss=0.7122732400894165, val_acc= 83.05%,val_weighted_f1= 79.88,val_macro_f1= 82.95%
INFO - 09/14/26 02:33:06 - 0:00:47 - Epoch 506: train_loss=0.0002337801270186901, train_acc= 100.00%
INFO - 09/14/26 02:33:06 - 0:00:47 - Epoch 507: train_loss=0.00022899624309502542, train_acc= 100.00%
INFO - 09/14/26 02:33:06 - 0:00:47 - Epoch 508: train_loss=0.0002710527624003589, train_acc= 100.00%
INFO - 09/14/26 02:33:06 - 0:00:47 - Epoch 509: train_loss=0.0002625164343044162, train_acc= 100.00%
INFO - 09/14/26 02:33:06 - 0:00:47 - Epoch 510: train_loss=0.0002631153620313853, train_acc= 100.00%
INFO - 09/14/26 02:33:06 - 0:00:47 - Epoch 510: val_loss=0.7107378840446472, val_acc= 83.05%,val_weighted_f1= 79.88,val_macro_f1= 82.95%
INFO - 09/14/26 02:33:06 - 0:00:47 - Epoch 511: train_loss=0.00025762265431694686, train_acc= 100.00%
INFO - 09/14/26 02:33:06 - 0:00:47 - Epoch 512: train_loss=0.0002366387052461505, train_acc= 100.00%
INFO - 09/14/26 02:33:06 - 0:00:47 - Epoch 513: train_loss=0.00025409285444766283, train_acc= 100.00%
INFO - 09/14/26 02:33:06 - 0:00:47 - Epoch 514: train_loss=0.00023985872394405305, train_acc= 100.00%
INFO - 09/14/26 02:33:06 - 0:00:47 - Epoch 515: train_loss=0.00022306265600491315, train_acc= 100.00%
INFO - 09/14/26 02:33:06 - 0:00:47 - Epoch 515: val_loss=0.7221068739891052, val_acc= 83.05%,val_weighted_f1= 79.88,val_macro_f1= 82.95%
INFO - 09/14/26 02:33:06 - 0:00:47 - Epoch 516: train_loss=0.0001889796112664044, train_acc= 100.00%
INFO - 09/14/26 02:33:06 - 0:00:47 - Epoch 517: train_loss=0.00022925900702830404, train_acc= 100.00%
INFO - 09/14/26 02:33:06 - 0:00:47 - Epoch 518: train_loss=0.0002371819136897102, train_acc= 100.00%
INFO - 09/14/26 02:33:06 - 0:00:47 - Epoch 519: train_loss=0.00027719486388377845, train_acc= 100.00%
INFO - 09/14/26 02:33:06 - 0:00:47 - Epoch 520: train_loss=0.00024299831420648843, train_acc= 100.00%
INFO - 09/14/26 02:33:06 - 0:00:47 - Epoch 520: val_loss=0.7311809062957764, val_acc= 83.05%,val_weighted_f1= 79.88,val_macro_f1= 82.95%
INFO - 09/14/26 02:33:06 - 0:00:47 - Epoch 521: train_loss=0.00026190586504526436, train_acc= 100.00%
INFO - 09/14/26 02:33:06 - 0:00:47 - Epoch 522: train_loss=0.00022765262110624462, train_acc= 100.00%
INFO - 09/14/26 02:33:06 - 0:00:47 - Epoch 523: train_loss=0.00023545310250483453, train_acc= 100.00%
INFO - 09/14/26 02:33:06 - 0:00:48 - Epoch 524: train_loss=0.00021635612938553095, train_acc= 100.00%
INFO - 09/14/26 02:33:06 - 0:00:48 - Epoch 525: train_loss=0.0002187625941587612, train_acc= 100.00%
INFO - 09/14/26 02:33:06 - 0:00:48 - Epoch 525: val_loss=0.7344599366188049, val_acc= 83.05%,val_weighted_f1= 79.88,val_macro_f1= 82.95%
INFO - 09/14/26 02:33:06 - 0:00:48 - Epoch 526: train_loss=0.0002931281051132828, train_acc= 100.00%
INFO - 09/14/26 02:33:06 - 0:00:48 - Epoch 527: train_loss=0.00021624573855660856, train_acc= 100.00%
INFO - 09/14/26 02:33:06 - 0:00:48 - Epoch 528: train_loss=0.00021493653184734285, train_acc= 100.00%
INFO - 09/14/26 02:33:06 - 0:00:48 - Epoch 529: train_loss=0.00021799281239509583, train_acc= 100.00%
INFO - 09/14/26 02:33:06 - 0:00:48 - Epoch 530: train_loss=0.00020734334248118103, train_acc= 100.00%
INFO - 09/14/26 02:33:06 - 0:00:48 - Epoch 530: val_loss=0.7369551658630371, val_acc= 83.05%,val_weighted_f1= 79.88,val_macro_f1= 82.95%
INFO - 09/14/26 02:33:06 - 0:00:48 - Epoch 531: train_loss=0.00024386846052948385, train_acc= 100.00%
INFO - 09/14/26 02:33:06 - 0:00:48 - Epoch 532: train_loss=0.00034687138395383954, train_acc= 100.00%
INFO - 09/14/26 02:33:06 - 0:00:48 - Epoch 533: train_loss=0.00021202885545790195, train_acc= 100.00%
INFO - 09/14/26 02:33:06 - 0:00:48 - Epoch 534: train_loss=0.00024675746681168675, train_acc= 100.00%
INFO - 09/14/26 02:33:06 - 0:00:48 - Epoch 535: train_loss=0.0002717341994866729, train_acc= 100.00%
INFO - 09/14/26 02:33:06 - 0:00:48 - Epoch 535: val_loss=0.720640242099762, val_acc= 83.05%,val_weighted_f1= 79.88,val_macro_f1= 82.95%
INFO - 09/14/26 02:33:07 - 0:00:48 - Epoch 536: train_loss=0.0002706855593714863, train_acc= 100.00%
INFO - 09/14/26 02:33:07 - 0:00:48 - Epoch 537: train_loss=0.00026805480592884123, train_acc= 100.00%
INFO - 09/14/26 02:33:07 - 0:00:48 - Epoch 538: train_loss=0.00022672049817629158, train_acc= 100.00%
INFO - 09/14/26 02:33:07 - 0:00:48 - Epoch 539: train_loss=0.00024159066379070282, train_acc= 100.00%
INFO - 09/14/26 02:33:07 - 0:00:48 - Epoch 540: train_loss=0.0002275355946039781, train_acc= 100.00%
INFO - 09/14/26 02:33:07 - 0:00:48 - Epoch 540: val_loss=0.7106755971908569, val_acc= 83.05%,val_weighted_f1= 79.88,val_macro_f1= 82.95%
INFO - 09/14/26 02:33:07 - 0:00:48 - Epoch 541: train_loss=0.00021751632448285818, train_acc= 100.00%
INFO - 09/14/26 02:33:07 - 0:00:48 - Epoch 542: train_loss=0.0002295597514603287, train_acc= 100.00%
INFO - 09/14/26 02:33:07 - 0:00:48 - Epoch 543: train_loss=0.00021072928211651742, train_acc= 100.00%
INFO - 09/14/26 02:33:07 - 0:00:48 - Epoch 544: train_loss=0.00025868802913464606, train_acc= 100.00%
INFO - 09/14/26 02:33:07 - 0:00:48 - Epoch 545: train_loss=0.00021633729920722544, train_acc= 100.00%
INFO - 09/14/26 02:33:07 - 0:00:48 - Epoch 545: val_loss=0.7101938128471375, val_acc= 83.05%,val_weighted_f1= 79.88,val_macro_f1= 82.95%
INFO - 09/14/26 02:33:07 - 0:00:48 - Epoch 546: train_loss=0.00024000369012355804, train_acc= 100.00%
INFO - 09/14/26 02:33:07 - 0:00:48 - Epoch 547: train_loss=0.0002720775082707405, train_acc= 100.00%
INFO - 09/14/26 02:33:07 - 0:00:48 - Epoch 548: train_loss=0.00024181405024137348, train_acc= 100.00%
INFO - 09/14/26 02:33:07 - 0:00:48 - Epoch 549: train_loss=0.00021017015387769789, train_acc= 100.00%
INFO - 09/14/26 02:33:07 - 0:00:48 - Epoch 550: train_loss=0.00022959124180488288, train_acc= 100.00%
INFO - 09/14/26 02:33:07 - 0:00:48 - Epoch 550: val_loss=0.7127804756164551, val_acc= 83.05%,val_weighted_f1= 79.88,val_macro_f1= 82.95%
INFO - 09/14/26 02:33:07 - 0:00:48 - Epoch 551: train_loss=0.00022214969794731587, train_acc= 100.00%
INFO - 09/14/26 02:33:07 - 0:00:48 - Epoch 552: train_loss=0.00022871802502777427, train_acc= 100.00%
INFO - 09/14/26 02:33:07 - 0:00:48 - Epoch 553: train_loss=0.0002257144806208089, train_acc= 100.00%
INFO - 09/14/26 02:33:07 - 0:00:48 - Epoch 554: train_loss=0.00019748795602936298, train_acc= 100.00%
INFO - 09/14/26 02:33:07 - 0:00:48 - Epoch 555: train_loss=0.00021373365598265082, train_acc= 100.00%
INFO - 09/14/26 02:33:07 - 0:00:48 - Epoch 555: val_loss=0.723421037197113, val_acc= 83.05%,val_weighted_f1= 79.88,val_macro_f1= 82.95%
INFO - 09/14/26 02:33:07 - 0:00:48 - Epoch 556: train_loss=0.00023624369350727648, train_acc= 100.00%
INFO - 09/14/26 02:33:07 - 0:00:48 - Epoch 557: train_loss=0.00025332975201308727, train_acc= 100.00%
INFO - 09/14/26 02:33:07 - 0:00:48 - Epoch 558: train_loss=0.00022160077060107142, train_acc= 100.00%
INFO - 09/14/26 02:33:07 - 0:00:48 - Epoch 559: train_loss=0.00020312040578573942, train_acc= 100.00%
INFO - 09/14/26 02:33:07 - 0:00:48 - Epoch 560: train_loss=0.00021156294678803533, train_acc= 100.00%
INFO - 09/14/26 02:33:07 - 0:00:48 - Epoch 560: val_loss=0.7325979471206665, val_acc= 83.05%,val_weighted_f1= 79.88,val_macro_f1= 82.95%
INFO - 09/14/26 02:33:07 - 0:00:49 - Epoch 561: train_loss=0.00020235618285369128, train_acc= 100.00%
INFO - 09/14/26 02:33:07 - 0:00:49 - Epoch 562: train_loss=0.00019824740593321621, train_acc= 100.00%
INFO - 09/14/26 02:33:07 - 0:00:49 - Epoch 563: train_loss=0.00024013944494072348, train_acc= 100.00%
INFO - 09/14/26 02:33:07 - 0:00:49 - Epoch 564: train_loss=0.00021213057334534824, train_acc= 100.00%
INFO - 09/14/26 02:33:07 - 0:00:49 - Epoch 565: train_loss=0.00019249915203545243, train_acc= 100.00%
INFO - 09/14/26 02:33:07 - 0:00:49 - Epoch 565: val_loss=0.7378034591674805, val_acc= 83.05%,val_weighted_f1= 79.88,val_macro_f1= 82.95%
INFO - 09/14/26 02:33:07 - 0:00:49 - Epoch 566: train_loss=0.00024797982769086957, train_acc= 100.00%
INFO - 09/14/26 02:33:07 - 0:00:49 - Epoch 567: train_loss=0.0002058757090708241, train_acc= 100.00%
INFO - 09/14/26 02:33:07 - 0:00:49 - Epoch 568: train_loss=0.00019210073514841497, train_acc= 100.00%
INFO - 09/14/26 02:33:07 - 0:00:49 - Epoch 569: train_loss=0.00021125534840393811, train_acc= 100.00%
INFO - 09/14/26 02:33:07 - 0:00:49 - Epoch 570: train_loss=0.00020764690998475999, train_acc= 100.00%
INFO - 09/14/26 02:33:07 - 0:00:49 - Epoch 570: val_loss=0.737641453742981, val_acc= 83.05%,val_weighted_f1= 79.88,val_macro_f1= 82.95%
INFO - 09/14/26 02:33:07 - 0:00:49 - Epoch 571: train_loss=0.00020501000108197331, train_acc= 100.00%
INFO - 09/14/26 02:33:07 - 0:00:49 - Epoch 572: train_loss=0.000241766101680696, train_acc= 100.00%
INFO - 09/14/26 02:33:07 - 0:00:49 - Epoch 573: train_loss=0.00019937858451157808, train_acc= 100.00%
INFO - 09/14/26 02:33:07 - 0:00:49 - Epoch 574: train_loss=0.00031335101812146604, train_acc= 100.00%
INFO - 09/14/26 02:33:07 - 0:00:49 - Epoch 575: train_loss=0.00020910230523440987, train_acc= 100.00%
INFO - 09/14/26 02:33:08 - 0:00:49 - Epoch 575: val_loss=0.7328218221664429, val_acc= 83.05%,val_weighted_f1= 79.88,val_macro_f1= 82.95%
INFO - 09/14/26 02:33:08 - 0:00:49 - Epoch 576: train_loss=0.0001937056367751211, train_acc= 100.00%
INFO - 09/14/26 02:33:08 - 0:00:49 - Epoch 577: train_loss=0.00022272065689321607, train_acc= 100.00%
INFO - 09/14/26 02:33:08 - 0:00:49 - Epoch 578: train_loss=0.00022796813573222607, train_acc= 100.00%
INFO - 09/14/26 02:33:08 - 0:00:49 - Epoch 579: train_loss=0.00017932869377546012, train_acc= 100.00%
INFO - 09/14/26 02:33:08 - 0:00:49 - Epoch 580: train_loss=0.00017288590606767684, train_acc= 100.00%
INFO - 09/14/26 02:33:08 - 0:00:49 - Epoch 580: val_loss=0.7294641137123108, val_acc= 83.05%,val_weighted_f1= 79.88,val_macro_f1= 82.95%
INFO - 09/14/26 02:33:08 - 0:00:49 - Epoch 581: train_loss=0.00020422005036380142, train_acc= 100.00%
INFO - 09/14/26 02:33:08 - 0:00:49 - Epoch 582: train_loss=0.00019533805607352406, train_acc= 100.00%
INFO - 09/14/26 02:33:08 - 0:00:49 - Epoch 583: train_loss=0.00020200655853841454, train_acc= 100.00%
INFO - 09/14/26 02:33:08 - 0:00:49 - Epoch 584: train_loss=0.00021809490863233805, train_acc= 100.00%
INFO - 09/14/26 02:33:08 - 0:00:49 - Epoch 585: train_loss=0.00018162048945669085, train_acc= 100.00%
INFO - 09/14/26 02:33:08 - 0:00:49 - Epoch 585: val_loss=0.7324830293655396, val_acc= 83.05%,val_weighted_f1= 79.88,val_macro_f1= 82.95%
INFO - 09/14/26 02:33:08 - 0:00:49 - Epoch 586: train_loss=0.0002248165983473882, train_acc= 100.00%
INFO - 09/14/26 02:33:08 - 0:00:49 - Epoch 587: train_loss=0.0002683103084564209, train_acc= 100.00%
INFO - 09/14/26 02:33:08 - 0:00:49 - Epoch 588: train_loss=0.00020270531240385026, train_acc= 100.00%
INFO - 09/14/26 02:33:08 - 0:00:49 - Epoch 589: train_loss=0.000206822543987073, train_acc= 100.00%
INFO - 09/14/26 02:33:08 - 0:00:49 - Epoch 590: train_loss=0.00021486851619556546, train_acc= 100.00%
INFO - 09/14/26 02:33:08 - 0:00:49 - Epoch 590: val_loss=0.7267661094665527, val_acc= 83.05%,val_weighted_f1= 79.88,val_macro_f1= 82.95%
INFO - 09/14/26 02:33:08 - 0:00:49 - Epoch 591: train_loss=0.00016256808885373175, train_acc= 100.00%
INFO - 09/14/26 02:33:08 - 0:00:49 - Epoch 592: train_loss=0.00016380455053877085, train_acc= 100.00%
INFO - 09/14/26 02:33:08 - 0:00:49 - Epoch 593: train_loss=0.00019512197468429804, train_acc= 100.00%
INFO - 09/14/26 02:33:08 - 0:00:49 - Epoch 594: train_loss=0.00020819333440158516, train_acc= 100.00%
INFO - 09/14/26 02:33:08 - 0:00:49 - Epoch 595: train_loss=0.00020635301189031452, train_acc= 100.00%
INFO - 09/14/26 02:33:08 - 0:00:49 - Epoch 595: val_loss=0.7256540060043335, val_acc= 83.05%,val_weighted_f1= 79.88,val_macro_f1= 82.95%
INFO - 09/14/26 02:33:08 - 0:00:49 - Epoch 596: train_loss=0.00017852464225143194, train_acc= 100.00%
INFO - 09/14/26 02:33:08 - 0:00:49 - Epoch 597: train_loss=0.00016317683912348002, train_acc= 100.00%
INFO - 09/14/26 02:33:08 - 0:00:49 - Epoch 598: train_loss=0.00020867321291007102, train_acc= 100.00%
INFO - 09/14/26 02:33:08 - 0:00:49 - Epoch 599: train_loss=0.0001898810878628865, train_acc= 100.00%
INFO - 09/14/26 02:33:08 - 0:00:50 - Epoch 600: train_loss=0.00018753603217191994, train_acc= 100.00%
INFO - 09/14/26 02:33:08 - 0:00:50 - Epoch 600: val_loss=0.7279623746871948, val_acc= 83.05%,val_weighted_f1= 79.88,val_macro_f1= 82.95%
INFO - 09/14/26 02:33:08 - 0:00:50 - Epoch 601: train_loss=0.00021814528736285865, train_acc= 100.00%
INFO - 09/14/26 02:33:08 - 0:00:50 - Epoch 602: train_loss=0.0001719090505503118, train_acc= 100.00%
INFO - 09/14/26 02:33:08 - 0:00:50 - Epoch 603: train_loss=0.00017461749666836113, train_acc= 100.00%
INFO - 09/14/26 02:33:08 - 0:00:50 - Epoch 604: train_loss=0.0001718015264486894, train_acc= 100.00%
INFO - 09/14/26 02:33:08 - 0:00:50 - Epoch 605: train_loss=0.00019263452850282192, train_acc= 100.00%
INFO - 09/14/26 02:33:08 - 0:00:50 - Epoch 605: val_loss=0.7308274507522583, val_acc= 83.05%,val_weighted_f1= 79.88,val_macro_f1= 82.95%
INFO - 09/14/26 02:33:08 - 0:00:50 - Epoch 606: train_loss=0.0002730131964199245, train_acc= 100.00%
INFO - 09/14/26 02:33:08 - 0:00:50 - Epoch 607: train_loss=0.00019946122483815998, train_acc= 100.00%
INFO - 09/14/26 02:33:08 - 0:00:50 - Epoch 608: train_loss=0.00016214937204495072, train_acc= 100.00%
INFO - 09/14/26 02:33:08 - 0:00:50 - Epoch 609: train_loss=0.0001986346615012735, train_acc= 100.00%
INFO - 09/14/26 02:33:08 - 0:00:50 - Epoch 610: train_loss=0.00017530871264170855, train_acc= 100.00%
INFO - 09/14/26 02:33:08 - 0:00:50 - Epoch 610: val_loss=0.7348781228065491, val_acc= 83.05%,val_weighted_f1= 79.88,val_macro_f1= 82.95%
INFO - 09/14/26 02:33:08 - 0:00:50 - Epoch 611: train_loss=0.00017805572133511305, train_acc= 100.00%
INFO - 09/14/26 02:33:08 - 0:00:50 - Epoch 612: train_loss=0.0001875655143521726, train_acc= 100.00%
INFO - 09/14/26 02:33:08 - 0:00:50 - Epoch 613: train_loss=0.00017916651268023998, train_acc= 100.00%
INFO - 09/14/26 02:33:09 - 0:00:50 - Epoch 614: train_loss=0.0001866008824435994, train_acc= 100.00%
INFO - 09/14/26 02:33:09 - 0:00:50 - Epoch 615: train_loss=0.00018366059521213174, train_acc= 100.00%
INFO - 09/14/26 02:33:09 - 0:00:50 - Epoch 615: val_loss=0.7450140118598938, val_acc= 83.05%,val_weighted_f1= 79.88,val_macro_f1= 82.95%
INFO - 09/14/26 02:33:09 - 0:00:50 - Epoch 616: train_loss=0.00020890920131932944, train_acc= 100.00%
INFO - 09/14/26 02:33:09 - 0:00:50 - Epoch 617: train_loss=0.00022702940623275936, train_acc= 100.00%
INFO - 09/14/26 02:33:09 - 0:00:50 - Epoch 618: train_loss=0.00019145917030982673, train_acc= 100.00%
INFO - 09/14/26 02:33:09 - 0:00:50 - Epoch 619: train_loss=0.00019125880498904735, train_acc= 100.00%
INFO - 09/14/26 02:33:09 - 0:00:50 - Epoch 620: train_loss=0.00020560923439916223, train_acc= 100.00%
INFO - 09/14/26 02:33:09 - 0:00:50 - Epoch 620: val_loss=0.7471815943717957, val_acc= 83.05%,val_weighted_f1= 79.88,val_macro_f1= 82.95%
INFO - 09/14/26 02:33:09 - 0:00:50 - Epoch 621: train_loss=0.00022227762383408844, train_acc= 100.00%
INFO - 09/14/26 02:33:09 - 0:00:50 - Epoch 622: train_loss=0.00020915082131978124, train_acc= 100.00%
INFO - 09/14/26 02:33:09 - 0:00:50 - Epoch 623: train_loss=0.00020805906387977302, train_acc= 100.00%
INFO - 09/14/26 02:33:09 - 0:00:50 - Epoch 624: train_loss=0.00019521151261869818, train_acc= 100.00%
INFO - 09/14/26 02:33:09 - 0:00:50 - Epoch 625: train_loss=0.000184925869689323, train_acc= 100.00%
INFO - 09/14/26 02:33:09 - 0:00:50 - Epoch 625: val_loss=0.7395192980766296, val_acc= 83.05%,val_weighted_f1= 79.88,val_macro_f1= 82.95%
INFO - 09/14/26 02:33:09 - 0:00:50 - Epoch 626: train_loss=0.00022100316709838808, train_acc= 100.00%
INFO - 09/14/26 02:33:09 - 0:00:50 - Epoch 627: train_loss=0.00016193465853575617, train_acc= 100.00%
INFO - 09/14/26 02:33:09 - 0:00:50 - Epoch 628: train_loss=0.00017292403208557516, train_acc= 100.00%
INFO - 09/14/26 02:33:09 - 0:00:50 - Epoch 629: train_loss=0.00019111737492494285, train_acc= 100.00%
INFO - 09/14/26 02:33:09 - 0:00:50 - Epoch 630: train_loss=0.00015123253979254514, train_acc= 100.00%
INFO - 09/14/26 02:33:09 - 0:00:50 - Epoch 630: val_loss=0.7234854698181152, val_acc= 83.05%,val_weighted_f1= 79.88,val_macro_f1= 82.95%
INFO - 09/14/26 02:33:09 - 0:00:50 - Epoch 631: train_loss=0.0001900820789160207, train_acc= 100.00%
INFO - 09/14/26 02:33:09 - 0:00:50 - Epoch 632: train_loss=0.000183567259227857, train_acc= 100.00%
INFO - 09/14/26 02:33:09 - 0:00:50 - Epoch 633: train_loss=0.00018782418919727206, train_acc= 100.00%
INFO - 09/14/26 02:33:09 - 0:00:50 - Epoch 634: train_loss=0.0002115289680659771, train_acc= 100.00%
INFO - 09/14/26 02:33:09 - 0:00:50 - Epoch 635: train_loss=0.00017266788927372545, train_acc= 100.00%
INFO - 09/14/26 02:33:09 - 0:00:50 - Epoch 635: val_loss=0.7232275009155273, val_acc= 83.05%,val_weighted_f1= 79.88,val_macro_f1= 82.95%
INFO - 09/14/26 02:33:09 - 0:00:50 - Epoch 636: train_loss=0.00019204258569516242, train_acc= 100.00%
INFO - 09/14/26 02:33:09 - 0:00:50 - Epoch 637: train_loss=0.00019426876679062843, train_acc= 100.00%
INFO - 09/14/26 02:33:09 - 0:00:51 - Epoch 638: train_loss=0.00018142350018024445, train_acc= 100.00%
INFO - 09/14/26 02:33:09 - 0:00:51 - Epoch 639: train_loss=0.00016910172416828573, train_acc= 100.00%
INFO - 09/14/26 02:33:09 - 0:00:51 - Epoch 640: train_loss=0.00018828474276233464, train_acc= 100.00%
INFO - 09/14/26 02:33:09 - 0:00:51 - Epoch 640: val_loss=0.7300906181335449, val_acc= 83.05%,val_weighted_f1= 79.88,val_macro_f1= 82.95%
INFO - 09/14/26 02:33:09 - 0:00:51 - Epoch 641: train_loss=0.000199257061467506, train_acc= 100.00%
INFO - 09/14/26 02:33:09 - 0:00:51 - Epoch 642: train_loss=0.00018097551946993917, train_acc= 100.00%
INFO - 09/14/26 02:33:09 - 0:00:51 - Epoch 643: train_loss=0.00015388608153443784, train_acc= 100.00%
INFO - 09/14/26 02:33:09 - 0:00:51 - Epoch 644: train_loss=0.00020521512487903237, train_acc= 100.00%
INFO - 09/14/26 02:33:09 - 0:00:51 - Epoch 645: train_loss=0.00017440579540561885, train_acc= 100.00%
INFO - 09/14/26 02:33:09 - 0:00:51 - Epoch 645: val_loss=0.7383817434310913, val_acc= 83.05%,val_weighted_f1= 79.88,val_macro_f1= 82.95%
INFO - 09/14/26 02:33:09 - 0:00:51 - Epoch 646: train_loss=0.000176683854078874, train_acc= 100.00%
INFO - 09/14/26 02:33:09 - 0:00:51 - Epoch 647: train_loss=0.00014930071483831853, train_acc= 100.00%
INFO - 09/14/26 02:33:09 - 0:00:51 - Epoch 648: train_loss=0.0001535842166049406, train_acc= 100.00%
INFO - 09/14/26 02:33:09 - 0:00:51 - Epoch 649: train_loss=0.00017327271052636206, train_acc= 100.00%
INFO - 09/14/26 02:33:09 - 0:00:51 - Epoch 650: train_loss=0.00017261560424230993, train_acc= 100.00%
INFO - 09/14/26 02:33:09 - 0:00:51 - Epoch 650: val_loss=0.7441877126693726, val_acc= 83.05%,val_weighted_f1= 79.88,val_macro_f1= 82.95%
INFO - 09/14/26 02:33:09 - 0:00:51 - Epoch 651: train_loss=0.0001625428267288953, train_acc= 100.00%
INFO - 09/14/26 02:33:09 - 0:00:51 - Epoch 652: train_loss=0.0001575396308908239, train_acc= 100.00%
INFO - 09/14/26 02:33:10 - 0:00:51 - Epoch 653: train_loss=0.0001907762052724138, train_acc= 100.00%
INFO - 09/14/26 02:33:10 - 0:00:51 - Epoch 654: train_loss=0.00017848088464234024, train_acc= 100.00%
INFO - 09/14/26 02:33:10 - 0:00:51 - Epoch 655: train_loss=0.00017844574176706374, train_acc= 100.00%
INFO - 09/14/26 02:33:10 - 0:00:51 - Epoch 655: val_loss=0.7529214024543762, val_acc= 83.05%,val_weighted_f1= 79.88,val_macro_f1= 82.95%
INFO - 09/14/26 02:33:10 - 0:00:51 - Epoch 656: train_loss=0.0001851458800956607, train_acc= 100.00%
INFO - 09/14/26 02:33:10 - 0:00:51 - Epoch 657: train_loss=0.00020383810624480247, train_acc= 100.00%
INFO - 09/14/26 02:33:10 - 0:00:51 - Epoch 658: train_loss=0.00017908570589497685, train_acc= 100.00%
INFO - 09/14/26 02:33:10 - 0:00:51 - Epoch 659: train_loss=0.000181164316018112, train_acc= 100.00%
INFO - 09/14/26 02:33:10 - 0:00:51 - Epoch 660: train_loss=0.00015772973711136729, train_acc= 100.00%
INFO - 09/14/26 02:33:10 - 0:00:51 - Epoch 660: val_loss=0.7593360543251038, val_acc= 83.05%,val_weighted_f1= 79.88,val_macro_f1= 82.95%
INFO - 09/14/26 02:33:10 - 0:00:51 - Epoch 661: train_loss=0.0001453597069485113, train_acc= 100.00%
INFO - 09/14/26 02:33:10 - 0:00:51 - Epoch 662: train_loss=0.00017793056031223387, train_acc= 100.00%
INFO - 09/14/26 02:33:10 - 0:00:51 - Epoch 663: train_loss=0.00016154293552972376, train_acc= 100.00%
INFO - 09/14/26 02:33:10 - 0:00:51 - Epoch 664: train_loss=0.00016780561418272555, train_acc= 100.00%
INFO - 09/14/26 02:33:10 - 0:00:51 - Epoch 665: train_loss=0.00018581238691695035, train_acc= 100.00%
INFO - 09/14/26 02:33:10 - 0:00:51 - Epoch 665: val_loss=0.7575308680534363, val_acc= 83.05%,val_weighted_f1= 79.88,val_macro_f1= 82.95%
INFO - 09/14/26 02:33:10 - 0:00:51 - Epoch 666: train_loss=0.00018684714450500906, train_acc= 100.00%
INFO - 09/14/26 02:33:10 - 0:00:51 - Epoch 667: train_loss=0.000173510707099922, train_acc= 100.00%
INFO - 09/14/26 02:33:10 - 0:00:51 - Epoch 668: train_loss=0.00016623357078060508, train_acc= 100.00%
INFO - 09/14/26 02:33:10 - 0:00:51 - Epoch 669: train_loss=0.00017173947708215564, train_acc= 100.00%
INFO - 09/14/26 02:33:10 - 0:00:51 - Epoch 670: train_loss=0.00013922313519287854, train_acc= 100.00%
INFO - 09/14/26 02:33:10 - 0:00:51 - Epoch 670: val_loss=0.7431181073188782, val_acc= 83.05%,val_weighted_f1= 79.88,val_macro_f1= 82.95%
INFO - 09/14/26 02:33:10 - 0:00:51 - Epoch 671: train_loss=0.00013878992467653006, train_acc= 100.00%
INFO - 09/14/26 02:33:10 - 0:00:51 - Epoch 672: train_loss=0.00015584805805701762, train_acc= 100.00%
INFO - 09/14/26 02:33:10 - 0:00:51 - Epoch 673: train_loss=0.0001719774299999699, train_acc= 100.00%
INFO - 09/14/26 02:33:10 - 0:00:51 - Epoch 674: train_loss=0.0002007829607464373, train_acc= 100.00%
INFO - 09/14/26 02:33:10 - 0:00:51 - Epoch 675: train_loss=0.00015508320939261466, train_acc= 100.00%
INFO - 09/14/26 02:33:10 - 0:00:51 - Epoch 675: val_loss=0.7333767414093018, val_acc= 83.05%,val_weighted_f1= 79.88,val_macro_f1= 82.95%
INFO - 09/14/26 02:33:10 - 0:00:51 - Epoch 676: train_loss=0.00014892772014718503, train_acc= 100.00%
INFO - 09/14/26 02:33:10 - 0:00:52 - Epoch 677: train_loss=0.0002049985487246886, train_acc= 100.00%
INFO - 09/14/26 02:33:10 - 0:00:52 - Epoch 678: train_loss=0.00016196968499571085, train_acc= 100.00%
INFO - 09/14/26 02:33:10 - 0:00:52 - Epoch 679: train_loss=0.00015877561236266047, train_acc= 100.00%
INFO - 09/14/26 02:33:10 - 0:00:52 - Epoch 680: train_loss=0.00014470581663772464, train_acc= 100.00%
INFO - 09/14/26 02:33:10 - 0:00:52 - Epoch 680: val_loss=0.7332121729850769, val_acc= 83.05%,val_weighted_f1= 79.88,val_macro_f1= 82.95%
INFO - 09/14/26 02:33:10 - 0:00:52 - Epoch 681: train_loss=0.00016062027134466916, train_acc= 100.00%
INFO - 09/14/26 02:33:10 - 0:00:52 - Epoch 682: train_loss=0.00015652527508791536, train_acc= 100.00%
INFO - 09/14/26 02:33:10 - 0:00:52 - Epoch 683: train_loss=0.0001296243426622823, train_acc= 100.00%
INFO - 09/14/26 02:33:10 - 0:00:52 - Epoch 684: train_loss=0.00018657775945030153, train_acc= 100.00%
INFO - 09/14/26 02:33:10 - 0:00:52 - Epoch 685: train_loss=0.00015108348452486098, train_acc= 100.00%
INFO - 09/14/26 02:33:10 - 0:00:52 - Epoch 685: val_loss=0.7410710453987122, val_acc= 83.05%,val_weighted_f1= 79.88,val_macro_f1= 82.95%
INFO - 09/14/26 02:33:10 - 0:00:52 - Epoch 686: train_loss=0.00013638203381560743, train_acc= 100.00%
INFO - 09/14/26 02:33:10 - 0:00:52 - Epoch 687: train_loss=0.00014824161189608276, train_acc= 100.00%
INFO - 09/14/26 02:33:10 - 0:00:52 - Epoch 688: train_loss=0.00015624830848537385, train_acc= 100.00%
INFO - 09/14/26 02:33:10 - 0:00:52 - Epoch 689: train_loss=0.00014628350618295372, train_acc= 100.00%
INFO - 09/14/26 02:33:10 - 0:00:52 - Epoch 690: train_loss=0.00012977799633517861, train_acc= 100.00%
INFO - 09/14/26 02:33:10 - 0:00:52 - Epoch 690: val_loss=0.7482409477233887, val_acc= 83.05%,val_weighted_f1= 79.88,val_macro_f1= 82.95%
INFO - 09/14/26 02:33:11 - 0:00:52 - Epoch 691: train_loss=0.0001467082038288936, train_acc= 100.00%
INFO - 09/14/26 02:33:11 - 0:00:52 - Epoch 692: train_loss=0.0001556997885927558, train_acc= 100.00%
INFO - 09/14/26 02:33:11 - 0:00:52 - Epoch 693: train_loss=0.00016219861572608352, train_acc= 100.00%
INFO - 09/14/26 02:33:11 - 0:00:52 - Epoch 694: train_loss=0.0001456917088944465, train_acc= 100.00%
INFO - 09/14/26 02:33:11 - 0:00:52 - Epoch 695: train_loss=0.00014298941823653877, train_acc= 100.00%
INFO - 09/14/26 02:33:11 - 0:00:52 - Epoch 695: val_loss=0.7572184205055237, val_acc= 83.05%,val_weighted_f1= 79.88,val_macro_f1= 82.95%
INFO - 09/14/26 02:33:11 - 0:00:52 - Epoch 696: train_loss=0.0001657853281358257, train_acc= 100.00%
INFO - 09/14/26 02:33:11 - 0:00:52 - Epoch 697: train_loss=0.00014196928532328457, train_acc= 100.00%
INFO - 09/14/26 02:33:11 - 0:00:52 - Epoch 698: train_loss=0.00015940750017762184, train_acc= 100.00%
INFO - 09/14/26 02:33:11 - 0:00:52 - Epoch 699: train_loss=0.000164072000188753, train_acc= 100.00%
INFO - 09/14/26 02:33:11 - 0:00:52 - Epoch 700: train_loss=0.00019255639926996082, train_acc= 100.00%
INFO - 09/14/26 02:33:11 - 0:00:52 - Epoch 700: val_loss=0.7686078548431396, val_acc= 83.05%,val_weighted_f1= 79.88,val_macro_f1= 82.95%
INFO - 09/14/26 02:33:11 - 0:00:52 - Epoch 701: train_loss=0.00014433216711040586, train_acc= 100.00%
INFO - 09/14/26 02:33:11 - 0:00:52 - Epoch 702: train_loss=0.00017179653514176607, train_acc= 100.00%
INFO - 09/14/26 02:33:11 - 0:00:52 - Epoch 703: train_loss=0.0001518756616860628, train_acc= 100.00%
INFO - 09/14/26 02:33:11 - 0:00:52 - Epoch 704: train_loss=0.00014733144780620933, train_acc= 100.00%
INFO - 09/14/26 02:33:11 - 0:00:52 - Epoch 705: train_loss=0.0001676448155194521, train_acc= 100.00%
INFO - 09/14/26 02:33:11 - 0:00:52 - Epoch 705: val_loss=0.7698997259140015, val_acc= 83.05%,val_weighted_f1= 79.88,val_macro_f1= 82.95%
INFO - 09/14/26 02:33:11 - 0:00:52 - Epoch 706: train_loss=0.00016643726848997176, train_acc= 100.00%
INFO - 09/14/26 02:33:11 - 0:00:52 - Epoch 707: train_loss=0.00015550565149169415, train_acc= 100.00%
INFO - 09/14/26 02:33:11 - 0:00:52 - Epoch 708: train_loss=0.00014095725782681257, train_acc= 100.00%
INFO - 09/14/26 02:33:11 - 0:00:52 - Epoch 709: train_loss=0.00015658081974834204, train_acc= 100.00%
INFO - 09/14/26 02:33:11 - 0:00:52 - Epoch 710: train_loss=0.00015488082135561854, train_acc= 100.00%
INFO - 09/14/26 02:33:11 - 0:00:52 - Epoch 710: val_loss=0.7559193968772888, val_acc= 83.05%,val_weighted_f1= 79.88,val_macro_f1= 82.95%
INFO - 09/14/26 02:33:11 - 0:00:52 - Epoch 711: train_loss=0.0001669218618189916, train_acc= 100.00%
INFO - 09/14/26 02:33:11 - 0:00:52 - Epoch 712: train_loss=0.000146874925121665, train_acc= 100.00%
INFO - 09/14/26 02:33:11 - 0:00:52 - Epoch 713: train_loss=0.00012607336975634098, train_acc= 100.00%
INFO - 09/14/26 02:33:11 - 0:00:52 - Epoch 714: train_loss=0.00013549000141210854, train_acc= 100.00%
INFO - 09/14/26 02:33:11 - 0:00:52 - Epoch 715: train_loss=0.0001358387671643868, train_acc= 100.00%
INFO - 09/14/26 02:33:11 - 0:00:52 - Epoch 715: val_loss=0.7463761568069458, val_acc= 83.05%,val_weighted_f1= 79.88,val_macro_f1= 82.95%
INFO - 09/14/26 02:33:11 - 0:00:53 - Epoch 716: train_loss=0.0001411423581885174, train_acc= 100.00%
INFO - 09/14/26 02:33:11 - 0:00:53 - Epoch 717: train_loss=0.0001417129678884521, train_acc= 100.00%
INFO - 09/14/26 02:33:11 - 0:00:53 - Epoch 718: train_loss=0.00016098335618153214, train_acc= 100.00%
INFO - 09/14/26 02:33:11 - 0:00:53 - Epoch 719: train_loss=0.00014062858826946467, train_acc= 100.00%
INFO - 09/14/26 02:33:11 - 0:00:53 - Epoch 720: train_loss=0.00014762699720449746, train_acc= 100.00%
INFO - 09/14/26 02:33:11 - 0:00:53 - Epoch 720: val_loss=0.7479084730148315, val_acc= 83.05%,val_weighted_f1= 79.88,val_macro_f1= 82.95%
INFO - 09/14/26 02:33:11 - 0:00:53 - Epoch 721: train_loss=0.00012074432015651837, train_acc= 100.00%
INFO - 09/14/26 02:33:11 - 0:00:53 - Epoch 722: train_loss=0.0001303964963881299, train_acc= 100.00%
INFO - 09/14/26 02:33:11 - 0:00:53 - Epoch 723: train_loss=0.00012134212738601491, train_acc= 100.00%
INFO - 09/14/26 02:33:11 - 0:00:53 - Epoch 724: train_loss=0.0001350306993117556, train_acc= 100.00%
INFO - 09/14/26 02:33:11 - 0:00:53 - Epoch 725: train_loss=0.00013570084411185235, train_acc= 100.00%
INFO - 09/14/26 02:33:11 - 0:00:53 - Epoch 725: val_loss=0.7550327777862549, val_acc= 83.05%,val_weighted_f1= 79.88,val_macro_f1= 82.95%
INFO - 09/14/26 02:33:11 - 0:00:53 - Epoch 726: train_loss=0.0001638932153582573, train_acc= 100.00%
INFO - 09/14/26 02:33:11 - 0:00:53 - Epoch 727: train_loss=0.0001445914967916906, train_acc= 100.00%
INFO - 09/14/26 02:33:11 - 0:00:53 - Epoch 728: train_loss=0.00017592162475921214, train_acc= 100.00%
INFO - 09/14/26 02:33:11 - 0:00:53 - Epoch 729: train_loss=0.00014767776883672923, train_acc= 100.00%
INFO - 09/14/26 02:33:11 - 0:00:53 - Epoch 730: train_loss=0.0001265424070879817, train_acc= 100.00%
INFO - 09/14/26 02:33:11 - 0:00:53 - Epoch 730: val_loss=0.7516791820526123, val_acc= 83.05%,val_weighted_f1= 79.88,val_macro_f1= 82.95%
INFO - 09/14/26 02:33:12 - 0:00:53 - Epoch 731: train_loss=0.00013274546654429287, train_acc= 100.00%
INFO - 09/14/26 02:33:12 - 0:00:53 - Epoch 732: train_loss=0.00016826622595544904, train_acc= 100.00%
INFO - 09/14/26 02:33:12 - 0:00:53 - Epoch 733: train_loss=0.00013199698878452182, train_acc= 100.00%
INFO - 09/14/26 02:33:12 - 0:00:53 - Epoch 734: train_loss=0.00016146289999596775, train_acc= 100.00%
INFO - 09/14/26 02:33:12 - 0:00:53 - Epoch 735: train_loss=0.000127948762383312, train_acc= 100.00%
INFO - 09/14/26 02:33:12 - 0:00:53 - Epoch 735: val_loss=0.7479337453842163, val_acc= 83.05%,val_weighted_f1= 79.88,val_macro_f1= 82.95%
INFO - 09/14/26 02:33:12 - 0:00:53 - Epoch 736: train_loss=0.00015027100744191557, train_acc= 100.00%
INFO - 09/14/26 02:33:12 - 0:00:53 - Epoch 737: train_loss=0.00017601458239369094, train_acc= 100.00%
INFO - 09/14/26 02:33:12 - 0:00:53 - Epoch 738: train_loss=0.0001451795978937298, train_acc= 100.00%
INFO - 09/14/26 02:33:12 - 0:00:53 - Epoch 739: train_loss=0.00014831512817181647, train_acc= 100.00%
INFO - 09/14/26 02:33:12 - 0:00:53 - Epoch 740: train_loss=0.00013046388630755246, train_acc= 100.00%
INFO - 09/14/26 02:33:12 - 0:00:53 - Epoch 740: val_loss=0.7496298551559448, val_acc= 83.05%,val_weighted_f1= 79.88,val_macro_f1= 82.95%
INFO - 09/14/26 02:33:12 - 0:00:53 - Epoch 741: train_loss=0.0001473565207561478, train_acc= 100.00%
INFO - 09/14/26 02:33:12 - 0:00:53 - Epoch 742: train_loss=0.0001620638940948993, train_acc= 100.00%
INFO - 09/14/26 02:33:12 - 0:00:53 - Epoch 743: train_loss=0.00013370855594985187, train_acc= 100.00%
INFO - 09/14/26 02:33:12 - 0:00:53 - Epoch 744: train_loss=0.00011981291754636914, train_acc= 100.00%
INFO - 09/14/26 02:33:12 - 0:00:53 - Epoch 745: train_loss=0.00013120489893481135, train_acc= 100.00%
INFO - 09/14/26 02:33:12 - 0:00:53 - Epoch 745: val_loss=0.7546089887619019, val_acc= 83.05%,val_weighted_f1= 79.88,val_macro_f1= 82.95%
INFO - 09/14/26 02:33:12 - 0:00:53 - Epoch 746: train_loss=0.00013307049812283367, train_acc= 100.00%
INFO - 09/14/26 02:33:12 - 0:00:53 - Epoch 747: train_loss=0.0001364535273751244, train_acc= 100.00%
INFO - 09/14/26 02:33:12 - 0:00:53 - Epoch 748: train_loss=0.0001369702658848837, train_acc= 100.00%
INFO - 09/14/26 02:33:12 - 0:00:53 - Epoch 749: train_loss=0.00016179188969545066, train_acc= 100.00%
INFO - 09/14/26 02:33:12 - 0:00:53 - Epoch 750: train_loss=0.00018615271255839616, train_acc= 100.00%
INFO - 09/14/26 02:33:12 - 0:00:53 - Epoch 750: val_loss=0.7607110142707825, val_acc= 83.05%,val_weighted_f1= 79.88,val_macro_f1= 82.95%
INFO - 09/14/26 02:33:12 - 0:00:53 - Epoch 751: train_loss=0.00012952864926774055, train_acc= 100.00%
INFO - 09/14/26 02:33:12 - 0:00:53 - Epoch 752: train_loss=0.00012897081614937633, train_acc= 100.00%
INFO - 09/14/26 02:33:12 - 0:00:53 - Epoch 753: train_loss=0.00012794104986824095, train_acc= 100.00%
INFO - 09/14/26 02:33:12 - 0:00:53 - Epoch 754: train_loss=0.00013416793080978096, train_acc= 100.00%
INFO - 09/14/26 02:33:12 - 0:00:53 - Epoch 755: train_loss=0.00013971008593216538, train_acc= 100.00%
INFO - 09/14/26 02:33:12 - 0:00:54 - Epoch 755: val_loss=0.7498427629470825, val_acc= 83.05%,val_weighted_f1= 79.88,val_macro_f1= 82.95%
INFO - 09/14/26 02:33:12 - 0:00:54 - Epoch 756: train_loss=0.00013398911687545478, train_acc= 100.00%
INFO - 09/14/26 02:33:12 - 0:00:54 - Epoch 757: train_loss=0.00013848647358827293, train_acc= 100.00%
INFO - 09/14/26 02:33:12 - 0:00:54 - Epoch 758: train_loss=0.0001511391601525247, train_acc= 100.00%
INFO - 09/14/26 02:33:12 - 0:00:54 - Epoch 759: train_loss=0.0001494214520789683, train_acc= 100.00%
INFO - 09/14/26 02:33:12 - 0:00:54 - Epoch 760: train_loss=0.00012456008698791265, train_acc= 100.00%
INFO - 09/14/26 02:33:12 - 0:00:54 - Epoch 760: val_loss=0.74500572681427, val_acc= 83.05%,val_weighted_f1= 79.88,val_macro_f1= 82.95%
INFO - 09/14/26 02:33:12 - 0:00:54 - Epoch 761: train_loss=0.00014290334365796298, train_acc= 100.00%
INFO - 09/14/26 02:33:12 - 0:00:54 - Epoch 762: train_loss=0.00015706023259554058, train_acc= 100.00%
INFO - 09/14/26 02:33:12 - 0:00:54 - Epoch 763: train_loss=0.00013051870337221771, train_acc= 100.00%
INFO - 09/14/26 02:33:12 - 0:00:54 - Epoch 764: train_loss=0.0001358355366392061, train_acc= 100.00%
INFO - 09/14/26 02:33:12 - 0:00:54 - Epoch 765: train_loss=0.0001596822839928791, train_acc= 100.00%
INFO - 09/14/26 02:33:12 - 0:00:54 - Epoch 765: val_loss=0.748641848564148, val_acc= 83.05%,val_weighted_f1= 79.88,val_macro_f1= 82.95%
INFO - 09/14/26 02:33:12 - 0:00:54 - Epoch 766: train_loss=0.00012445282482076436, train_acc= 100.00%
INFO - 09/14/26 02:33:12 - 0:00:54 - Epoch 767: train_loss=0.0001415942097082734, train_acc= 100.00%
INFO - 09/14/26 02:33:12 - 0:00:54 - Epoch 768: train_loss=0.00012655607133638114, train_acc= 100.00%
INFO - 09/14/26 02:33:12 - 0:00:54 - Epoch 769: train_loss=0.00013081170618534088, train_acc= 100.00%
INFO - 09/14/26 02:33:13 - 0:00:54 - Epoch 770: train_loss=0.00015581672778353095, train_acc= 100.00%
INFO - 09/14/26 02:33:13 - 0:00:54 - Epoch 770: val_loss=0.7571524381637573, val_acc= 83.05%,val_weighted_f1= 79.88,val_macro_f1= 82.95%
INFO - 09/14/26 02:33:13 - 0:00:54 - Epoch 771: train_loss=0.0001190047332784161, train_acc= 100.00%
INFO - 09/14/26 02:33:13 - 0:00:54 - Epoch 772: train_loss=0.00016126110858749598, train_acc= 100.00%
INFO - 09/14/26 02:33:13 - 0:00:54 - Epoch 773: train_loss=0.00012199837510706857, train_acc= 100.00%
INFO - 09/14/26 02:33:13 - 0:00:54 - Epoch 774: train_loss=0.00017466454301029444, train_acc= 100.00%
INFO - 09/14/26 02:33:13 - 0:00:54 - Epoch 775: train_loss=0.00014022743562236428, train_acc= 100.00%
INFO - 09/14/26 02:33:13 - 0:00:54 - Epoch 775: val_loss=0.7658023238182068, val_acc= 83.05%,val_weighted_f1= 79.88,val_macro_f1= 82.95%
INFO - 09/14/26 02:33:13 - 0:00:54 - Epoch 776: train_loss=0.00012213244917802513, train_acc= 100.00%
INFO - 09/14/26 02:33:13 - 0:00:54 - Epoch 777: train_loss=0.00014262781769502908, train_acc= 100.00%
INFO - 09/14/26 02:33:13 - 0:00:54 - Epoch 778: train_loss=0.0001219323166878894, train_acc= 100.00%
INFO - 09/14/26 02:33:13 - 0:00:54 - Epoch 779: train_loss=0.00011869420268340036, train_acc= 100.00%
INFO - 09/14/26 02:33:13 - 0:00:54 - Epoch 780: train_loss=0.00012047513155266643, train_acc= 100.00%
INFO - 09/14/26 02:33:13 - 0:00:54 - Epoch 780: val_loss=0.7762728333473206, val_acc= 83.05%,val_weighted_f1= 79.88,val_macro_f1= 82.95%
INFO - 09/14/26 02:33:13 - 0:00:54 - Epoch 781: train_loss=0.00012984874774701893, train_acc= 100.00%
INFO - 09/14/26 02:33:13 - 0:00:54 - Epoch 782: train_loss=0.00011491855548229069, train_acc= 100.00%
INFO - 09/14/26 02:33:13 - 0:00:54 - Epoch 783: train_loss=0.00013377847790252417, train_acc= 100.00%
INFO - 09/14/26 02:33:13 - 0:00:54 - Epoch 784: train_loss=0.0001107292773667723, train_acc= 100.00%
INFO - 09/14/26 02:33:13 - 0:00:54 - Epoch 785: train_loss=0.00013208889868110418, train_acc= 100.00%
INFO - 09/14/26 02:33:13 - 0:00:54 - Epoch 785: val_loss=0.7846560478210449, val_acc= 83.05%,val_weighted_f1= 79.88,val_macro_f1= 82.95%
INFO - 09/14/26 02:33:13 - 0:00:54 - Epoch 786: train_loss=0.0001385390351060778, train_acc= 100.00%
INFO - 09/14/26 02:33:13 - 0:00:54 - Epoch 787: train_loss=0.00016563865938223898, train_acc= 100.00%
INFO - 09/14/26 02:33:13 - 0:00:54 - Epoch 788: train_loss=0.00012936192797496915, train_acc= 100.00%
INFO - 09/14/26 02:33:13 - 0:00:54 - Epoch 789: train_loss=0.0001239974080817774, train_acc= 100.00%
INFO - 09/14/26 02:33:13 - 0:00:54 - Epoch 790: train_loss=0.0001758028520271182, train_acc= 100.00%
INFO - 09/14/26 02:33:13 - 0:00:54 - Epoch 790: val_loss=0.7807756066322327, val_acc= 83.05%,val_weighted_f1= 79.88,val_macro_f1= 82.95%
INFO - 09/14/26 02:33:13 - 0:00:54 - Epoch 791: train_loss=0.00013777255662716925, train_acc= 100.00%
INFO - 09/14/26 02:33:13 - 0:00:54 - Epoch 792: train_loss=0.000135802139993757, train_acc= 100.00%
INFO - 09/14/26 02:33:13 - 0:00:54 - Epoch 793: train_loss=0.00010327141353627667, train_acc= 100.00%
INFO - 09/14/26 02:33:13 - 0:00:54 - Epoch 794: train_loss=0.00012416414392646402, train_acc= 100.00%
INFO - 09/14/26 02:33:13 - 0:00:55 - Epoch 795: train_loss=0.00013086559192743152, train_acc= 100.00%
INFO - 09/14/26 02:33:13 - 0:00:55 - Epoch 795: val_loss=0.7684594988822937, val_acc= 83.05%,val_weighted_f1= 79.88,val_macro_f1= 82.95%
INFO - 09/14/26 02:33:13 - 0:00:55 - Epoch 796: train_loss=0.00012170741683803499, train_acc= 100.00%
INFO - 09/14/26 02:33:13 - 0:00:55 - Epoch 797: train_loss=0.0001671586505835876, train_acc= 100.00%
INFO - 09/14/26 02:33:13 - 0:00:55 - Epoch 798: train_loss=0.0001258580305147916, train_acc= 100.00%
INFO - 09/14/26 02:33:13 - 0:00:55 - Epoch 799: train_loss=0.00012146653898525983, train_acc= 100.00%
INFO - 09/14/26 02:33:13 - 0:00:55 - Epoch 800: train_loss=0.00018652093422133476, train_acc= 100.00%
INFO - 09/14/26 02:33:13 - 0:00:55 - Epoch 800: val_loss=0.765985906124115, val_acc= 83.05%,val_weighted_f1= 79.88,val_macro_f1= 82.95%
INFO - 09/14/26 02:33:13 - 0:00:55 - Epoch 801: train_loss=0.00014540816482622176, train_acc= 100.00%
INFO - 09/14/26 02:33:13 - 0:00:55 - Epoch 802: train_loss=0.00012929156946484, train_acc= 100.00%
INFO - 09/14/26 02:33:13 - 0:00:55 - Epoch 803: train_loss=0.00013590938760899007, train_acc= 100.00%
INFO - 09/14/26 02:33:13 - 0:00:55 - Epoch 804: train_loss=0.00010709743219194934, train_acc= 100.00%
INFO - 09/14/26 02:33:13 - 0:00:55 - Epoch 805: train_loss=0.0001345525961369276, train_acc= 100.00%
INFO - 09/14/26 02:33:13 - 0:00:55 - Epoch 805: val_loss=0.7674435377120972, val_acc= 83.05%,val_weighted_f1= 79.88,val_macro_f1= 82.95%
INFO - 09/14/26 02:33:13 - 0:00:55 - Epoch 806: train_loss=0.00011469614400994033, train_acc= 100.00%
INFO - 09/14/26 02:33:13 - 0:00:55 - Epoch 807: train_loss=0.00012518280709628016, train_acc= 100.00%
INFO - 09/14/26 02:33:13 - 0:00:55 - Epoch 808: train_loss=0.0001184658904094249, train_acc= 100.00%
INFO - 09/14/26 02:33:14 - 0:00:55 - Epoch 809: train_loss=0.00014158916019368917, train_acc= 100.00%
INFO - 09/14/26 02:33:14 - 0:00:55 - Epoch 810: train_loss=0.00011095385707449168, train_acc= 100.00%
INFO - 09/14/26 02:33:14 - 0:00:55 - Epoch 810: val_loss=0.7716522216796875, val_acc= 83.05%,val_weighted_f1= 79.88,val_macro_f1= 82.95%
INFO - 09/14/26 02:33:14 - 0:00:55 - Epoch 811: train_loss=0.00011422934767324477, train_acc= 100.00%
INFO - 09/14/26 02:33:14 - 0:00:55 - Epoch 812: train_loss=0.00012061114102834836, train_acc= 100.00%
INFO - 09/14/26 02:33:14 - 0:00:55 - Epoch 813: train_loss=0.0001266343315364793, train_acc= 100.00%
INFO - 09/14/26 02:33:14 - 0:00:55 - Epoch 814: train_loss=0.00011189365613972768, train_acc= 100.00%
INFO - 09/14/26 02:33:14 - 0:00:55 - Epoch 815: train_loss=0.00013005391519982368, train_acc= 100.00%
INFO - 09/14/26 02:33:14 - 0:00:55 - Epoch 815: val_loss=0.7778928279876709, val_acc= 83.05%,val_weighted_f1= 79.88,val_macro_f1= 82.95%
INFO - 09/14/26 02:33:14 - 0:00:55 - Epoch 816: train_loss=0.00011704640201060101, train_acc= 100.00%
INFO - 09/14/26 02:33:14 - 0:00:55 - Epoch 817: train_loss=0.00012695795157924294, train_acc= 100.00%
INFO - 09/14/26 02:33:14 - 0:00:55 - Epoch 818: train_loss=0.00014086600276641548, train_acc= 100.00%
INFO - 09/14/26 02:33:14 - 0:00:55 - Epoch 819: train_loss=0.0001296676491620019, train_acc= 100.00%
INFO - 09/14/26 02:33:14 - 0:00:55 - Epoch 820: train_loss=0.00011166241893079132, train_acc= 100.00%
INFO - 09/14/26 02:33:14 - 0:00:55 - Epoch 820: val_loss=0.7816412448883057, val_acc= 83.05%,val_weighted_f1= 79.88,val_macro_f1= 82.95%
INFO - 09/14/26 02:33:14 - 0:00:55 - Epoch 821: train_loss=0.00012330591562204063, train_acc= 100.00%
INFO - 09/14/26 02:33:14 - 0:00:55 - Epoch 822: train_loss=0.00012273363245185465, train_acc= 100.00%
INFO - 09/14/26 02:33:14 - 0:00:55 - Epoch 823: train_loss=0.00011410959268687293, train_acc= 100.00%
INFO - 09/14/26 02:33:14 - 0:00:55 - Epoch 824: train_loss=0.00013632848276756704, train_acc= 100.00%
INFO - 09/14/26 02:33:14 - 0:00:55 - Epoch 825: train_loss=0.00010791246313601732, train_acc= 100.00%
INFO - 09/14/26 02:33:14 - 0:00:55 - Epoch 825: val_loss=0.7795079350471497, val_acc= 83.05%,val_weighted_f1= 79.88,val_macro_f1= 82.95%
INFO - 09/14/26 02:33:14 - 0:00:55 - Epoch 826: train_loss=0.00010132215538760647, train_acc= 100.00%
INFO - 09/14/26 02:33:14 - 0:00:55 - Epoch 827: train_loss=0.00010109793220181018, train_acc= 100.00%
INFO - 09/14/26 02:33:14 - 0:00:55 - Epoch 828: train_loss=0.0001473908341722563, train_acc= 100.00%
INFO - 09/14/26 02:33:14 - 0:00:55 - Epoch 829: train_loss=0.00015110844105947763, train_acc= 100.00%
INFO - 09/14/26 02:33:14 - 0:00:55 - Epoch 830: train_loss=0.00011788190749939531, train_acc= 100.00%
INFO - 09/14/26 02:33:14 - 0:00:55 - Epoch 830: val_loss=0.7766420841217041, val_acc= 83.05%,val_weighted_f1= 79.88,val_macro_f1= 82.95%
INFO - 09/14/26 02:33:14 - 0:00:55 - Epoch 831: train_loss=0.00010332059173379093, train_acc= 100.00%
INFO - 09/14/26 02:33:14 - 0:00:55 - Epoch 832: train_loss=0.00011915911454707384, train_acc= 100.00%
INFO - 09/14/26 02:33:14 - 0:00:56 - Epoch 833: train_loss=0.0001402433990733698, train_acc= 100.00%
INFO - 09/14/26 02:33:14 - 0:00:56 - Epoch 834: train_loss=0.0001140627937274985, train_acc= 100.00%
INFO - 09/14/26 02:33:14 - 0:00:56 - Epoch 835: train_loss=0.00012149336544098333, train_acc= 100.00%
INFO - 09/14/26 02:33:14 - 0:00:56 - Epoch 835: val_loss=0.7810463309288025, val_acc= 83.05%,val_weighted_f1= 79.88,val_macro_f1= 82.95%
INFO - 09/14/26 02:33:14 - 0:00:56 - Epoch 836: train_loss=0.00012744466948788613, train_acc= 100.00%
INFO - 09/14/26 02:33:14 - 0:00:56 - Epoch 837: train_loss=0.00011420542432460934, train_acc= 100.00%
INFO - 09/14/26 02:33:14 - 0:00:56 - Epoch 838: train_loss=0.00012558279559016228, train_acc= 100.00%
INFO - 09/14/26 02:33:14 - 0:00:56 - Epoch 839: train_loss=0.00011553969670785591, train_acc= 100.00%
INFO - 09/14/26 02:33:14 - 0:00:56 - Epoch 840: train_loss=0.0001248346670763567, train_acc= 100.00%
INFO - 09/14/26 02:33:14 - 0:00:56 - Epoch 840: val_loss=0.7865062355995178, val_acc= 83.05%,val_weighted_f1= 79.88,val_macro_f1= 82.95%
INFO - 09/14/26 02:33:14 - 0:00:56 - Epoch 841: train_loss=0.00011717314191628247, train_acc= 100.00%
INFO - 09/14/26 02:33:14 - 0:00:56 - Epoch 842: train_loss=0.00010514400491956621, train_acc= 100.00%
INFO - 09/14/26 02:33:14 - 0:00:56 - Epoch 843: train_loss=0.00013437507732305676, train_acc= 100.00%
INFO - 09/14/26 02:33:14 - 0:00:56 - Epoch 844: train_loss=0.0001338444126304239, train_acc= 100.00%
INFO - 09/14/26 02:33:14 - 0:00:56 - Epoch 845: train_loss=0.00011750135308830068, train_acc= 100.00%
INFO - 09/14/26 02:33:14 - 0:00:56 - Epoch 845: val_loss=0.7940443754196167, val_acc= 83.05%,val_weighted_f1= 79.88,val_macro_f1= 82.95%
INFO - 09/14/26 02:33:14 - 0:00:56 - Epoch 846: train_loss=0.00014293487765826285, train_acc= 100.00%
INFO - 09/14/26 02:33:14 - 0:00:56 - Epoch 847: train_loss=0.00015607874956913292, train_acc= 100.00%
INFO - 09/14/26 02:33:15 - 0:00:56 - Epoch 848: train_loss=0.0001433630386600271, train_acc= 100.00%
INFO - 09/14/26 02:33:15 - 0:00:56 - Epoch 849: train_loss=0.00012184107617940754, train_acc= 100.00%
INFO - 09/14/26 02:33:15 - 0:00:56 - Epoch 850: train_loss=0.00011524796718731523, train_acc= 100.00%
INFO - 09/14/26 02:33:15 - 0:00:56 - Epoch 850: val_loss=0.7844808101654053, val_acc= 83.05%,val_weighted_f1= 79.88,val_macro_f1= 82.95%
INFO - 09/14/26 02:33:15 - 0:00:56 - Epoch 851: train_loss=0.00011821531370515004, train_acc= 100.00%
INFO - 09/14/26 02:33:15 - 0:00:56 - Epoch 852: train_loss=0.00012102020991733298, train_acc= 100.00%
INFO - 09/14/26 02:33:15 - 0:00:56 - Epoch 853: train_loss=0.00012507922656368464, train_acc= 100.00%
INFO - 09/14/26 02:33:15 - 0:00:56 - Epoch 854: train_loss=0.00010879305773414671, train_acc= 100.00%
INFO - 09/14/26 02:33:15 - 0:00:56 - Epoch 855: train_loss=0.000141073003760539, train_acc= 100.00%
INFO - 09/14/26 02:33:15 - 0:00:56 - Epoch 855: val_loss=0.7799211144447327, val_acc= 83.05%,val_weighted_f1= 79.88,val_macro_f1= 82.95%
INFO - 09/14/26 02:33:15 - 0:00:56 - Epoch 856: train_loss=0.00011405349505366758, train_acc= 100.00%
INFO - 09/14/26 02:33:15 - 0:00:56 - Epoch 857: train_loss=0.00010921424109255895, train_acc= 100.00%
INFO - 09/14/26 02:33:15 - 0:00:56 - Epoch 858: train_loss=0.00010791621025418863, train_acc= 100.00%
INFO - 09/14/26 02:33:15 - 0:00:56 - Epoch 859: train_loss=0.00011797524348367006, train_acc= 100.00%
INFO - 09/14/26 02:33:15 - 0:00:56 - Epoch 860: train_loss=0.00011124189768452197, train_acc= 100.00%
INFO - 09/14/26 02:33:15 - 0:00:56 - Epoch 860: val_loss=0.777951717376709, val_acc= 83.05%,val_weighted_f1= 79.88,val_macro_f1= 82.95%
INFO - 09/14/26 02:33:15 - 0:00:56 - Epoch 861: train_loss=0.00015778788656461984, train_acc= 100.00%
INFO - 09/14/26 02:33:15 - 0:00:56 - Epoch 862: train_loss=0.0001129466836573556, train_acc= 100.00%
INFO - 09/14/26 02:33:15 - 0:00:56 - Epoch 863: train_loss=0.00013219891116023064, train_acc= 100.00%
INFO - 09/14/26 02:33:15 - 0:00:56 - Epoch 864: train_loss=9.380943811265752e-05, train_acc= 100.00%
INFO - 09/14/26 02:33:15 - 0:00:56 - Epoch 865: train_loss=9.613254951545969e-05, train_acc= 100.00%
INFO - 09/14/26 02:33:15 - 0:00:56 - Epoch 865: val_loss=0.7792055606842041, val_acc= 83.05%,val_weighted_f1= 79.88,val_macro_f1= 82.95%
INFO - 09/14/26 02:33:15 - 0:00:56 - Epoch 866: train_loss=0.00010486215614946559, train_acc= 100.00%
INFO - 09/14/26 02:33:15 - 0:00:56 - Epoch 867: train_loss=0.00015346069994848222, train_acc= 100.00%
INFO - 09/14/26 02:33:15 - 0:00:56 - Epoch 868: train_loss=0.00011192859528819099, train_acc= 100.00%
INFO - 09/14/26 02:33:15 - 0:00:56 - Epoch 869: train_loss=0.00010980644583469257, train_acc= 100.00%
INFO - 09/14/26 02:33:15 - 0:00:56 - Epoch 870: train_loss=8.900824468582869e-05, train_acc= 100.00%
INFO - 09/14/26 02:33:15 - 0:00:56 - Epoch 870: val_loss=0.788231611251831, val_acc= 81.36%,val_weighted_f1= 77.87,val_macro_f1= 64.78%
EarlyStopping counter: 1 out of 15
INFO - 09/14/26 02:33:15 - 0:00:56 - Epoch 871: train_loss=0.0001468840055167675, train_acc= 100.00%
INFO - 09/14/26 02:33:15 - 0:00:56 - Epoch 872: train_loss=0.00010569445294095203, train_acc= 100.00%
INFO - 09/14/26 02:33:15 - 0:00:57 - Epoch 873: train_loss=0.00011700605682563037, train_acc= 100.00%
INFO - 09/14/26 02:33:15 - 0:00:57 - Epoch 874: train_loss=0.00011338831973262131, train_acc= 100.00%
INFO - 09/14/26 02:33:15 - 0:00:57 - Epoch 875: train_loss=9.930116357281804e-05, train_acc= 100.00%
INFO - 09/14/26 02:33:15 - 0:00:57 - Epoch 875: val_loss=0.7960650324821472, val_acc= 81.36%,val_weighted_f1= 77.87,val_macro_f1= 64.78%
EarlyStopping counter: 2 out of 15
INFO - 09/14/26 02:33:15 - 0:00:57 - Epoch 876: train_loss=0.00010730426583904773, train_acc= 100.00%
INFO - 09/14/26 02:33:15 - 0:00:57 - Epoch 877: train_loss=0.00011354195885360241, train_acc= 100.00%
INFO - 09/14/26 02:33:15 - 0:00:57 - Epoch 878: train_loss=0.0001003481011139229, train_acc= 100.00%
INFO - 09/14/26 02:33:15 - 0:00:57 - Epoch 879: train_loss=9.673709428170696e-05, train_acc= 100.00%
INFO - 09/14/26 02:33:15 - 0:00:57 - Epoch 880: train_loss=0.00010446263331687078, train_acc= 100.00%
INFO - 09/14/26 02:33:15 - 0:00:57 - Epoch 880: val_loss=0.799798846244812, val_acc= 81.36%,val_weighted_f1= 77.87,val_macro_f1= 64.78%
EarlyStopping counter: 3 out of 15
INFO - 09/14/26 02:33:15 - 0:00:57 - Epoch 881: train_loss=0.00011792405712185428, train_acc= 100.00%
INFO - 09/14/26 02:33:15 - 0:00:57 - Epoch 882: train_loss=9.418639820069075e-05, train_acc= 100.00%
INFO - 09/14/26 02:33:15 - 0:00:57 - Epoch 883: train_loss=8.763517689658329e-05, train_acc= 100.00%
INFO - 09/14/26 02:33:15 - 0:00:57 - Epoch 884: train_loss=0.00010459408804308623, train_acc= 100.00%
INFO - 09/14/26 02:33:15 - 0:00:57 - Epoch 885: train_loss=0.00011153246305184439, train_acc= 100.00%
INFO - 09/14/26 02:33:15 - 0:00:57 - Epoch 885: val_loss=0.8017428517341614, val_acc= 81.36%,val_weighted_f1= 77.87,val_macro_f1= 64.78%
EarlyStopping counter: 4 out of 15
INFO - 09/14/26 02:33:15 - 0:00:57 - Epoch 886: train_loss=9.834441152634099e-05, train_acc= 100.00%
INFO - 09/14/26 02:33:15 - 0:00:57 - Epoch 887: train_loss=9.737331856740639e-05, train_acc= 100.00%
INFO - 09/14/26 02:33:15 - 0:00:57 - Epoch 888: train_loss=9.131090337177739e-05, train_acc= 100.00%
INFO - 09/14/26 02:33:15 - 0:00:57 - Epoch 889: train_loss=0.00011981438001384959, train_acc= 100.00%
INFO - 09/14/26 02:33:15 - 0:00:57 - Epoch 890: train_loss=0.00010627649317029864, train_acc= 100.00%
INFO - 09/14/26 02:33:15 - 0:00:57 - Epoch 890: val_loss=0.8004655241966248, val_acc= 81.36%,val_weighted_f1= 77.87,val_macro_f1= 64.78%
EarlyStopping counter: 5 out of 15
INFO - 09/14/26 02:33:16 - 0:00:57 - Epoch 891: train_loss=9.583713108440861e-05, train_acc= 100.00%
INFO - 09/14/26 02:33:16 - 0:00:57 - Epoch 892: train_loss=8.369554416276515e-05, train_acc= 100.00%
INFO - 09/14/26 02:33:16 - 0:00:57 - Epoch 893: train_loss=9.622508514439687e-05, train_acc= 100.00%
INFO - 09/14/26 02:33:16 - 0:00:57 - Epoch 894: train_loss=9.46029758779332e-05, train_acc= 100.00%
INFO - 09/14/26 02:33:16 - 0:00:57 - Epoch 895: train_loss=0.0001160982355941087, train_acc= 100.00%
INFO - 09/14/26 02:33:16 - 0:00:57 - Epoch 895: val_loss=0.800250768661499, val_acc= 81.36%,val_weighted_f1= 77.87,val_macro_f1= 64.78%
EarlyStopping counter: 6 out of 15
INFO - 09/14/26 02:33:16 - 0:00:57 - Epoch 896: train_loss=0.00011685737990774214, train_acc= 100.00%
INFO - 09/14/26 02:33:16 - 0:00:57 - Epoch 897: train_loss=0.00010144024417968467, train_acc= 100.00%
INFO - 09/14/26 02:33:16 - 0:00:57 - Epoch 898: train_loss=0.00012430606875568628, train_acc= 100.00%
INFO - 09/14/26 02:33:16 - 0:00:57 - Epoch 899: train_loss=0.00011307389650028199, train_acc= 100.00%
INFO - 09/14/26 02:33:16 - 0:00:57 - Epoch 900: train_loss=0.00010963386739604175, train_acc= 100.00%
INFO - 09/14/26 02:33:16 - 0:00:57 - Epoch 900: val_loss=0.8024709224700928, val_acc= 81.36%,val_weighted_f1= 77.87,val_macro_f1= 64.78%
EarlyStopping counter: 7 out of 15
INFO - 09/14/26 02:33:16 - 0:00:57 - Epoch 901: train_loss=0.00010425075015518814, train_acc= 100.00%
INFO - 09/14/26 02:33:16 - 0:00:57 - Epoch 902: train_loss=0.00011642404570011422, train_acc= 100.00%
INFO - 09/14/26 02:33:16 - 0:00:57 - Epoch 903: train_loss=9.873774979496375e-05, train_acc= 100.00%
INFO - 09/14/26 02:33:16 - 0:00:57 - Epoch 904: train_loss=0.00011092076601926237, train_acc= 100.00%
INFO - 09/14/26 02:33:16 - 0:00:57 - Epoch 905: train_loss=0.00011846400593640283, train_acc= 100.00%
INFO - 09/14/26 02:33:16 - 0:00:57 - Epoch 905: val_loss=0.7967000603675842, val_acc= 81.36%,val_weighted_f1= 77.87,val_macro_f1= 64.78%
EarlyStopping counter: 8 out of 15
INFO - 09/14/26 02:33:16 - 0:00:57 - Epoch 906: train_loss=9.620004129828885e-05, train_acc= 100.00%
INFO - 09/14/26 02:33:16 - 0:00:57 - Epoch 907: train_loss=0.00011274209100520238, train_acc= 100.00%
INFO - 09/14/26 02:33:16 - 0:00:57 - Epoch 908: train_loss=0.00011183229071320966, train_acc= 100.00%
INFO - 09/14/26 02:33:16 - 0:00:57 - Epoch 909: train_loss=8.693580457475036e-05, train_acc= 100.00%
INFO - 09/14/26 02:33:16 - 0:00:57 - Epoch 910: train_loss=9.416718239663169e-05, train_acc= 100.00%
INFO - 09/14/26 02:33:16 - 0:00:57 - Epoch 910: val_loss=0.7876091599464417, val_acc= 81.36%,val_weighted_f1= 77.87,val_macro_f1= 64.78%
EarlyStopping counter: 9 out of 15
INFO - 09/14/26 02:33:16 - 0:00:57 - Epoch 911: train_loss=0.00010195690265391022, train_acc= 100.00%
INFO - 09/14/26 02:33:16 - 0:00:57 - Epoch 912: train_loss=0.00011429801816120744, train_acc= 100.00%
INFO - 09/14/26 02:33:16 - 0:00:57 - Epoch 913: train_loss=0.00012685982801485807, train_acc= 100.00%
INFO - 09/14/26 02:33:16 - 0:00:57 - Epoch 914: train_loss=9.379494440509006e-05, train_acc= 100.00%
INFO - 09/14/26 02:33:16 - 0:00:57 - Epoch 915: train_loss=0.00010897345782723278, train_acc= 100.00%
INFO - 09/14/26 02:33:16 - 0:00:57 - Epoch 915: val_loss=0.7818676829338074, val_acc= 81.36%,val_weighted_f1= 77.87,val_macro_f1= 64.78%
EarlyStopping counter: 10 out of 15
INFO - 09/14/26 02:33:16 - 0:00:57 - Epoch 916: train_loss=8.961981802713126e-05, train_acc= 100.00%
INFO - 09/14/26 02:33:16 - 0:00:57 - Epoch 917: train_loss=0.0001082776507246308, train_acc= 100.00%
INFO - 09/14/26 02:33:16 - 0:00:57 - Epoch 918: train_loss=0.00012802610581275076, train_acc= 100.00%
INFO - 09/14/26 02:33:16 - 0:00:57 - Epoch 919: train_loss=8.634754340164363e-05, train_acc= 100.00%
INFO - 09/14/26 02:33:16 - 0:00:57 - Epoch 920: train_loss=0.0001365764474030584, train_acc= 100.00%
INFO - 09/14/26 02:33:16 - 0:00:58 - Epoch 920: val_loss=0.784309983253479, val_acc= 81.36%,val_weighted_f1= 77.87,val_macro_f1= 64.78%
EarlyStopping counter: 11 out of 15
INFO - 09/14/26 02:33:16 - 0:00:58 - Epoch 921: train_loss=9.168634278466925e-05, train_acc= 100.00%
INFO - 09/14/26 02:33:16 - 0:00:58 - Epoch 922: train_loss=0.00011704887583618984, train_acc= 100.00%
INFO - 09/14/26 02:33:16 - 0:00:58 - Epoch 923: train_loss=9.117395529756323e-05, train_acc= 100.00%
INFO - 09/14/26 02:33:16 - 0:00:58 - Epoch 924: train_loss=0.00011474352504592389, train_acc= 100.00%
INFO - 09/14/26 02:33:16 - 0:00:58 - Epoch 925: train_loss=0.0001245630846824497, train_acc= 100.00%
INFO - 09/14/26 02:33:16 - 0:00:58 - Epoch 925: val_loss=0.7844449877738953, val_acc= 81.36%,val_weighted_f1= 77.87,val_macro_f1= 64.78%
EarlyStopping counter: 12 out of 15
INFO - 09/14/26 02:33:16 - 0:00:58 - Epoch 926: train_loss=0.00010810839739860967, train_acc= 100.00%
INFO - 09/14/26 02:33:16 - 0:00:58 - Epoch 927: train_loss=9.522400796413422e-05, train_acc= 100.00%
INFO - 09/14/26 02:33:16 - 0:00:58 - Epoch 928: train_loss=0.00010392386320745572, train_acc= 100.00%
INFO - 09/14/26 02:33:16 - 0:00:58 - Epoch 929: train_loss=9.996503649745136e-05, train_acc= 100.00%
INFO - 09/14/26 02:33:16 - 0:00:58 - Epoch 930: train_loss=9.228292037732899e-05, train_acc= 100.00%
INFO - 09/14/26 02:33:16 - 0:00:58 - Epoch 930: val_loss=0.796327531337738, val_acc= 81.36%,val_weighted_f1= 77.87,val_macro_f1= 64.78%
EarlyStopping counter: 13 out of 15
INFO - 09/14/26 02:33:16 - 0:00:58 - Epoch 931: train_loss=0.00012585826334543526, train_acc= 100.00%
INFO - 09/14/26 02:33:16 - 0:00:58 - Epoch 932: train_loss=9.384607983520254e-05, train_acc= 100.00%
INFO - 09/14/26 02:33:16 - 0:00:58 - Epoch 933: train_loss=9.488473006058484e-05, train_acc= 100.00%
INFO - 09/14/26 02:33:16 - 0:00:58 - Epoch 934: train_loss=0.00010241968266200274, train_acc= 100.00%
INFO - 09/14/26 02:33:16 - 0:00:58 - Epoch 935: train_loss=0.00010492345609236509, train_acc= 100.00%
INFO - 09/14/26 02:33:16 - 0:00:58 - Epoch 935: val_loss=0.8129306435585022, val_acc= 81.36%,val_weighted_f1= 77.87,val_macro_f1= 64.78%
EarlyStopping counter: 14 out of 15
INFO - 09/14/26 02:33:16 - 0:00:58 - Epoch 936: train_loss=9.849502384895459e-05, train_acc= 100.00%
INFO - 09/14/26 02:33:16 - 0:00:58 - Epoch 937: train_loss=8.586687908973545e-05, train_acc= 100.00%
INFO - 09/14/26 02:33:17 - 0:00:58 - Epoch 938: train_loss=0.00012030429934384301, train_acc= 100.00%
INFO - 09/14/26 02:33:17 - 0:00:58 - Epoch 939: train_loss=9.654116729507223e-05, train_acc= 100.00%
INFO - 09/14/26 02:33:17 - 0:00:58 - Epoch 940: train_loss=9.079649316845462e-05, train_acc= 100.00%
INFO - 09/14/26 02:33:17 - 0:00:58 - Epoch 940: val_loss=0.8250405788421631, val_acc= 81.36%,val_weighted_f1= 77.87,val_macro_f1= 64.78%
EarlyStopping counter: 15 out of 15
---------Early stopping--------
INFO - 09/14/26 02:33:17 - 0:00:58 - --------------Testing--------------------
INFO - 09/14/26 02:33:17 - 0:00:58 - --------------Loading from ./checkpoints/NC_Texas_model.pt--------------------
INFO - 09/14/26 02:33:17 - 0:00:58 - test_acc= 78.38%, weighted_f1= 74.34,macro_f1= 51.33%
INFO - 09/14/26 02:33:17 - 0:00:58 - test_acc= 78.38%, weighted_f1= 74.34,macro_f1= 51.33%
INFO - 09/14/26 02:33:17 - 0:00:58 - Epoch 0: train_loss=2.1044487953186035, train_acc= 6.90%
INFO - 09/14/26 02:33:17 - 0:00:58 - Epoch 0: val_loss=1.6789852380752563, val_acc= 16.95%,val_weighted_f1= 10.76,val_macro_f1= 13.19%
INFO - 09/14/26 02:33:17 - 0:00:58 - Epoch 1: train_loss=1.5862880945205688, train_acc= 20.69%
INFO - 09/14/26 02:33:17 - 0:00:58 - Epoch 2: train_loss=1.2834371328353882, train_acc= 59.77%
INFO - 09/14/26 02:33:17 - 0:00:58 - Epoch 3: train_loss=1.1058878898620605, train_acc= 60.92%
INFO - 09/14/26 02:33:17 - 0:00:58 - Epoch 4: train_loss=1.0599204301834106, train_acc= 58.62%
INFO - 09/14/26 02:33:17 - 0:00:58 - Epoch 5: train_loss=1.0118519067764282, train_acc= 59.77%
INFO - 09/14/26 02:33:17 - 0:00:58 - Epoch 5: val_loss=1.425512433052063, val_acc= 45.76%,val_weighted_f1= 28.73,val_macro_f1= 15.70%
INFO - 09/14/26 02:33:17 - 0:00:58 - Epoch 6: train_loss=0.9663675427436829, train_acc= 59.77%
INFO - 09/14/26 02:33:17 - 0:00:58 - Epoch 7: train_loss=0.8605405688285828, train_acc= 64.37%
INFO - 09/14/26 02:33:17 - 0:00:58 - Epoch 8: train_loss=0.8214202523231506, train_acc= 63.22%
INFO - 09/14/26 02:33:17 - 0:00:58 - Epoch 9: train_loss=0.7261227965354919, train_acc= 71.26%
INFO - 09/14/26 02:33:17 - 0:00:58 - Epoch 10: train_loss=0.651329755783081, train_acc= 73.56%
INFO - 09/14/26 02:33:17 - 0:00:58 - Epoch 10: val_loss=1.0343672037124634, val_acc= 61.02%,val_weighted_f1= 48.93,val_macro_f1= 39.43%
INFO - 09/14/26 02:33:17 - 0:00:58 - Epoch 11: train_loss=0.5762214660644531, train_acc= 82.76%
INFO - 09/14/26 02:33:17 - 0:00:58 - Epoch 12: train_loss=0.5078083276748657, train_acc= 87.36%
INFO - 09/14/26 02:33:17 - 0:00:58 - Epoch 13: train_loss=0.5149273872375488, train_acc= 89.66%
INFO - 09/14/26 02:33:17 - 0:00:58 - Epoch 14: train_loss=0.4464404284954071, train_acc= 91.95%
INFO - 09/14/26 02:33:17 - 0:00:58 - Epoch 15: train_loss=0.41128188371658325, train_acc= 95.40%
INFO - 09/14/26 02:33:17 - 0:00:58 - Epoch 15: val_loss=0.8145020604133606, val_acc= 64.41%,val_weighted_f1= 56.64,val_macro_f1= 47.55%
INFO - 09/14/26 02:33:17 - 0:00:58 - Epoch 16: train_loss=0.37651434540748596, train_acc= 96.55%
INFO - 09/14/26 02:33:17 - 0:00:58 - Epoch 17: train_loss=0.32427123188972473, train_acc= 96.55%
INFO - 09/14/26 02:33:17 - 0:00:58 - Epoch 18: train_loss=0.3152238130569458, train_acc= 95.40%
INFO - 09/14/26 02:33:17 - 0:00:59 - Epoch 19: train_loss=0.2721656858921051, train_acc= 97.70%
INFO - 09/14/26 02:33:17 - 0:00:59 - Epoch 20: train_loss=0.26865676045417786, train_acc= 93.10%
INFO - 09/14/26 02:33:17 - 0:00:59 - Epoch 20: val_loss=0.764474630355835, val_acc= 72.88%,val_weighted_f1= 68.10,val_macro_f1= 64.80%
INFO - 09/14/26 02:33:17 - 0:00:59 - Epoch 21: train_loss=0.23142683506011963, train_acc= 97.70%
INFO - 09/14/26 02:33:17 - 0:00:59 - Epoch 22: train_loss=0.22159139811992645, train_acc= 96.55%
INFO - 09/14/26 02:33:17 - 0:00:59 - Epoch 23: train_loss=0.19947777688503265, train_acc= 97.70%
INFO - 09/14/26 02:33:17 - 0:00:59 - Epoch 24: train_loss=0.1902121901512146, train_acc= 96.55%
INFO - 09/14/26 02:33:17 - 0:00:59 - Epoch 25: train_loss=0.16243866086006165, train_acc= 97.70%
INFO - 09/14/26 02:33:17 - 0:00:59 - Epoch 25: val_loss=0.7349275350570679, val_acc= 72.88%,val_weighted_f1= 70.30,val_macro_f1= 67.76%
INFO - 09/14/26 02:33:17 - 0:00:59 - Epoch 26: train_loss=0.15340781211853027, train_acc= 96.55%
INFO - 09/14/26 02:33:17 - 0:00:59 - Epoch 27: train_loss=0.1357101947069168, train_acc= 97.70%
INFO - 09/14/26 02:33:17 - 0:00:59 - Epoch 28: train_loss=0.12844833731651306, train_acc= 96.55%
INFO - 09/14/26 02:33:17 - 0:00:59 - Epoch 29: train_loss=0.11420489847660065, train_acc= 97.70%
INFO - 09/14/26 02:33:17 - 0:00:59 - Epoch 30: train_loss=0.10260393470525742, train_acc= 97.70%
INFO - 09/14/26 02:33:17 - 0:00:59 - Epoch 30: val_loss=0.6863266229629517, val_acc= 71.19%,val_weighted_f1= 67.88,val_macro_f1= 63.57%
EarlyStopping counter: 1 out of 15
INFO - 09/14/26 02:33:17 - 0:00:59 - Epoch 31: train_loss=0.10378855466842651, train_acc= 97.70%
INFO - 09/14/26 02:33:17 - 0:00:59 - Epoch 32: train_loss=0.0857977494597435, train_acc= 98.85%
INFO - 09/14/26 02:33:17 - 0:00:59 - Epoch 33: train_loss=0.084767647087574, train_acc= 98.85%
INFO - 09/14/26 02:33:17 - 0:00:59 - Epoch 34: train_loss=0.06969127058982849, train_acc= 98.85%
INFO - 09/14/26 02:33:18 - 0:00:59 - Epoch 35: train_loss=0.06436878442764282, train_acc= 98.85%
INFO - 09/14/26 02:33:18 - 0:00:59 - Epoch 35: val_loss=0.6854508519172668, val_acc= 72.88%,val_weighted_f1= 69.40,val_macro_f1= 61.39%
INFO - 09/14/26 02:33:18 - 0:00:59 - Epoch 36: train_loss=0.06428485363721848, train_acc= 98.85%
INFO - 09/14/26 02:33:18 - 0:00:59 - Epoch 37: train_loss=0.059758346527814865, train_acc= 98.85%
INFO - 09/14/26 02:33:18 - 0:00:59 - Epoch 38: train_loss=0.05352482944726944, train_acc= 98.85%
INFO - 09/14/26 02:33:18 - 0:00:59 - Epoch 39: train_loss=0.044797055423259735, train_acc= 98.85%
INFO - 09/14/26 02:33:18 - 0:00:59 - Epoch 40: train_loss=0.04667937755584717, train_acc= 98.85%
INFO - 09/14/26 02:33:18 - 0:00:59 - Epoch 40: val_loss=0.7340347766876221, val_acc= 71.19%,val_weighted_f1= 67.33,val_macro_f1= 59.29%
EarlyStopping counter: 1 out of 15
INFO - 09/14/26 02:33:18 - 0:00:59 - Epoch 41: train_loss=0.04541819170117378, train_acc= 98.85%
INFO - 09/14/26 02:33:18 - 0:00:59 - Epoch 42: train_loss=0.041800469160079956, train_acc= 98.85%
INFO - 09/14/26 02:33:18 - 0:00:59 - Epoch 43: train_loss=0.03270956128835678, train_acc= 98.85%
INFO - 09/14/26 02:33:18 - 0:00:59 - Epoch 44: train_loss=0.032147519290447235, train_acc= 100.00%
INFO - 09/14/26 02:33:18 - 0:00:59 - Epoch 45: train_loss=0.025832368060946465, train_acc= 100.00%
INFO - 09/14/26 02:33:18 - 0:00:59 - Epoch 45: val_loss=0.7829649448394775, val_acc= 67.80%,val_weighted_f1= 62.71,val_macro_f1= 54.45%
EarlyStopping counter: 2 out of 15
INFO - 09/14/26 02:33:18 - 0:00:59 - Epoch 46: train_loss=0.02511914074420929, train_acc= 100.00%
INFO - 09/14/26 02:33:18 - 0:00:59 - Epoch 47: train_loss=0.021393224596977234, train_acc= 100.00%
INFO - 09/14/26 02:33:18 - 0:00:59 - Epoch 48: train_loss=0.023978838697075844, train_acc= 100.00%
INFO - 09/14/26 02:33:18 - 0:00:59 - Epoch 49: train_loss=0.022331785410642624, train_acc= 100.00%
INFO - 09/14/26 02:33:18 - 0:00:59 - Epoch 50: train_loss=0.019603976979851723, train_acc= 100.00%
INFO - 09/14/26 02:33:18 - 0:00:59 - Epoch 50: val_loss=0.8210962414741516, val_acc= 67.80%,val_weighted_f1= 62.71,val_macro_f1= 54.45%
EarlyStopping counter: 3 out of 15
INFO - 09/14/26 02:33:18 - 0:00:59 - Epoch 51: train_loss=0.01738927699625492, train_acc= 100.00%
INFO - 09/14/26 02:33:18 - 0:00:59 - Epoch 52: train_loss=0.017057856544852257, train_acc= 100.00%
INFO - 09/14/26 02:33:18 - 0:00:59 - Epoch 53: train_loss=0.01676776446402073, train_acc= 100.00%
INFO - 09/14/26 02:33:18 - 0:00:59 - Epoch 54: train_loss=0.014256689697504044, train_acc= 100.00%
INFO - 09/14/26 02:33:18 - 0:00:59 - Epoch 55: train_loss=0.014560460112988949, train_acc= 100.00%
INFO - 09/14/26 02:33:18 - 0:00:59 - Epoch 55: val_loss=0.8426056504249573, val_acc= 67.80%,val_weighted_f1= 62.71,val_macro_f1= 54.45%
EarlyStopping counter: 4 out of 15
INFO - 09/14/26 02:33:18 - 0:00:59 - Epoch 56: train_loss=0.016719898208975792, train_acc= 100.00%
INFO - 09/14/26 02:33:18 - 0:00:59 - Epoch 57: train_loss=0.013894017785787582, train_acc= 100.00%
INFO - 09/14/26 02:33:18 - 0:00:59 - Epoch 58: train_loss=0.011021184735000134, train_acc= 100.00%
INFO - 09/14/26 02:33:18 - 0:00:59 - Epoch 59: train_loss=0.012135432101786137, train_acc= 100.00%
INFO - 09/14/26 02:33:18 - 0:00:59 - Epoch 60: train_loss=0.011112227104604244, train_acc= 100.00%
INFO - 09/14/26 02:33:18 - 0:00:59 - Epoch 60: val_loss=0.843747615814209, val_acc= 69.49%,val_weighted_f1= 65.48,val_macro_f1= 58.85%
EarlyStopping counter: 5 out of 15
INFO - 09/14/26 02:33:18 - 0:00:59 - Epoch 61: train_loss=0.011249314993619919, train_acc= 100.00%
INFO - 09/14/26 02:33:18 - 0:00:59 - Epoch 62: train_loss=0.009670479223132133, train_acc= 100.00%
INFO - 09/14/26 02:33:18 - 0:01:00 - Epoch 63: train_loss=0.010570229962468147, train_acc= 100.00%
INFO - 09/14/26 02:33:18 - 0:01:00 - Epoch 64: train_loss=0.010829063132405281, train_acc= 100.00%
INFO - 09/14/26 02:33:18 - 0:01:00 - Epoch 65: train_loss=0.007536096964031458, train_acc= 100.00%
INFO - 09/14/26 02:33:18 - 0:01:00 - Epoch 65: val_loss=0.8434463143348694, val_acc= 69.49%,val_weighted_f1= 65.48,val_macro_f1= 58.85%
EarlyStopping counter: 6 out of 15
INFO - 09/14/26 02:33:18 - 0:01:00 - Epoch 66: train_loss=0.008463184349238873, train_acc= 100.00%
INFO - 09/14/26 02:33:18 - 0:01:00 - Epoch 67: train_loss=0.009903418831527233, train_acc= 100.00%
INFO - 09/14/26 02:33:18 - 0:01:00 - Epoch 68: train_loss=0.009232107549905777, train_acc= 100.00%
INFO - 09/14/26 02:33:18 - 0:01:00 - Epoch 69: train_loss=0.008093363605439663, train_acc= 100.00%
INFO - 09/14/26 02:33:18 - 0:01:00 - Epoch 70: train_loss=0.007970022037625313, train_acc= 100.00%
INFO - 09/14/26 02:33:18 - 0:01:00 - Epoch 70: val_loss=0.8380315899848938, val_acc= 69.49%,val_weighted_f1= 65.48,val_macro_f1= 58.85%
EarlyStopping counter: 7 out of 15
INFO - 09/14/26 02:33:18 - 0:01:00 - Epoch 71: train_loss=0.007857647724449635, train_acc= 100.00%
INFO - 09/14/26 02:33:18 - 0:01:00 - Epoch 72: train_loss=0.007160349749028683, train_acc= 100.00%
INFO - 09/14/26 02:33:18 - 0:01:00 - Epoch 73: train_loss=0.006319749169051647, train_acc= 100.00%
INFO - 09/14/26 02:33:18 - 0:01:00 - Epoch 74: train_loss=0.006442725192755461, train_acc= 100.00%
INFO - 09/14/26 02:33:18 - 0:01:00 - Epoch 75: train_loss=0.0062424056231975555, train_acc= 100.00%
INFO - 09/14/26 02:33:18 - 0:01:00 - Epoch 75: val_loss=0.8354560732841492, val_acc= 71.19%,val_weighted_f1= 67.88,val_macro_f1= 61.39%
EarlyStopping counter: 8 out of 15
INFO - 09/14/26 02:33:18 - 0:01:00 - Epoch 76: train_loss=0.006005335599184036, train_acc= 100.00%
INFO - 09/14/26 02:33:18 - 0:01:00 - Epoch 77: train_loss=0.006864812225103378, train_acc= 100.00%
INFO - 09/14/26 02:33:18 - 0:01:00 - Epoch 78: train_loss=0.005303629674017429, train_acc= 100.00%
INFO - 09/14/26 02:33:18 - 0:01:00 - Epoch 79: train_loss=0.006679176818579435, train_acc= 100.00%
INFO - 09/14/26 02:33:18 - 0:01:00 - Epoch 80: train_loss=0.0052246651612222195, train_acc= 100.00%
INFO - 09/14/26 02:33:18 - 0:01:00 - Epoch 80: val_loss=0.8379560112953186, val_acc= 71.19%,val_weighted_f1= 67.88,val_macro_f1= 61.39%
EarlyStopping counter: 9 out of 15
INFO - 09/14/26 02:33:19 - 0:01:00 - Epoch 81: train_loss=0.004978370852768421, train_acc= 100.00%
INFO - 09/14/26 02:33:19 - 0:01:00 - Epoch 82: train_loss=0.005507532507181168, train_acc= 100.00%
INFO - 09/14/26 02:33:19 - 0:01:00 - Epoch 83: train_loss=0.0053611923940479755, train_acc= 100.00%
INFO - 09/14/26 02:33:19 - 0:01:00 - Epoch 84: train_loss=0.00468064472079277, train_acc= 100.00%
INFO - 09/14/26 02:33:19 - 0:01:00 - Epoch 85: train_loss=0.005349543411284685, train_acc= 100.00%
INFO - 09/14/26 02:33:19 - 0:01:00 - Epoch 85: val_loss=0.8463284373283386, val_acc= 71.19%,val_weighted_f1= 67.88,val_macro_f1= 61.39%
EarlyStopping counter: 10 out of 15
INFO - 09/14/26 02:33:19 - 0:01:00 - Epoch 86: train_loss=0.005278556142002344, train_acc= 100.00%
INFO - 09/14/26 02:33:19 - 0:01:00 - Epoch 87: train_loss=0.00435029249638319, train_acc= 100.00%
INFO - 09/14/26 02:33:19 - 0:01:00 - Epoch 88: train_loss=0.005025858990848064, train_acc= 100.00%
INFO - 09/14/26 02:33:19 - 0:01:00 - Epoch 89: train_loss=0.00417262502014637, train_acc= 100.00%
INFO - 09/14/26 02:33:19 - 0:01:00 - Epoch 90: train_loss=0.0041030109860002995, train_acc= 100.00%
INFO - 09/14/26 02:33:19 - 0:01:00 - Epoch 90: val_loss=0.8548647165298462, val_acc= 69.49%,val_weighted_f1= 65.48,val_macro_f1= 58.85%
EarlyStopping counter: 11 out of 15
INFO - 09/14/26 02:33:19 - 0:01:00 - Epoch 91: train_loss=0.004270102363079786, train_acc= 100.00%
INFO - 09/14/26 02:33:19 - 0:01:00 - Epoch 92: train_loss=0.004357756581157446, train_acc= 100.00%
INFO - 09/14/26 02:33:19 - 0:01:00 - Epoch 93: train_loss=0.00338963745161891, train_acc= 100.00%
INFO - 09/14/26 02:33:19 - 0:01:00 - Epoch 94: train_loss=0.0051013994961977005, train_acc= 100.00%
INFO - 09/14/26 02:33:19 - 0:01:00 - Epoch 95: train_loss=0.004351632669568062, train_acc= 100.00%
INFO - 09/14/26 02:33:19 - 0:01:00 - Epoch 95: val_loss=0.8611931204795837, val_acc= 69.49%,val_weighted_f1= 65.48,val_macro_f1= 58.85%
EarlyStopping counter: 12 out of 15
INFO - 09/14/26 02:33:19 - 0:01:00 - Epoch 96: train_loss=0.0031769433990120888, train_acc= 100.00%
INFO - 09/14/26 02:33:19 - 0:01:00 - Epoch 97: train_loss=0.003722486551851034, train_acc= 100.00%
INFO - 09/14/26 02:33:19 - 0:01:00 - Epoch 98: train_loss=0.0036816182546317577, train_acc= 100.00%
INFO - 09/14/26 02:33:19 - 0:01:00 - Epoch 99: train_loss=0.003533606883138418, train_acc= 100.00%
INFO - 09/14/26 02:33:19 - 0:01:00 - Epoch 100: train_loss=0.0033514688257128, train_acc= 100.00%
INFO - 09/14/26 02:33:19 - 0:01:00 - Epoch 100: val_loss=0.8705064654350281, val_acc= 69.49%,val_weighted_f1= 65.48,val_macro_f1= 58.85%
EarlyStopping counter: 13 out of 15
INFO - 09/14/26 02:33:19 - 0:01:00 - Epoch 101: train_loss=0.0034156739711761475, train_acc= 100.00%
INFO - 09/14/26 02:33:19 - 0:01:00 - Epoch 102: train_loss=0.0033056915272027254, train_acc= 100.00%
INFO - 09/14/26 02:33:19 - 0:01:00 - Epoch 103: train_loss=0.003753094235435128, train_acc= 100.00%
INFO - 09/14/26 02:33:19 - 0:01:00 - Epoch 104: train_loss=0.0037459074519574642, train_acc= 100.00%
INFO - 09/14/26 02:33:19 - 0:01:00 - Epoch 105: train_loss=0.0034225352574139833, train_acc= 100.00%
INFO - 09/14/26 02:33:19 - 0:01:00 - Epoch 105: val_loss=0.8782023787498474, val_acc= 69.49%,val_weighted_f1= 65.48,val_macro_f1= 58.85%
EarlyStopping counter: 14 out of 15
INFO - 09/14/26 02:33:19 - 0:01:00 - Epoch 106: train_loss=0.0031294061336666346, train_acc= 100.00%
INFO - 09/14/26 02:33:19 - 0:01:00 - Epoch 107: train_loss=0.0038890724536031485, train_acc= 100.00%
INFO - 09/14/26 02:33:19 - 0:01:00 - Epoch 108: train_loss=0.0031531378626823425, train_acc= 100.00%
INFO - 09/14/26 02:33:19 - 0:01:00 - Epoch 109: train_loss=0.0033786820713430643, train_acc= 100.00%
INFO - 09/14/26 02:33:19 - 0:01:00 - Epoch 110: train_loss=0.00279807997867465, train_acc= 100.00%
INFO - 09/14/26 02:33:19 - 0:01:01 - Epoch 110: val_loss=0.8817251920700073, val_acc= 69.49%,val_weighted_f1= 65.48,val_macro_f1= 58.85%
EarlyStopping counter: 15 out of 15
---------Early stopping--------
INFO - 09/14/26 02:33:19 - 0:01:01 - --------------Testing--------------------
INFO - 09/14/26 02:33:19 - 0:01:01 - --------------Loading from ./checkpoints/NC_Texas_model.pt--------------------
INFO - 09/14/26 02:33:19 - 0:01:01 - test_acc= 89.19%, weighted_f1= 86.30,macro_f1= 66.55%
INFO - 09/14/26 02:33:19 - 0:01:01 - test_acc= 89.19%, weighted_f1= 86.30,macro_f1= 66.55%
INFO - 09/14/26 02:33:19 - 0:01:01 - Best ACCs: [86.49, 83.78, 78.38, 86.49, 89.19, 81.08, 78.38, 83.78, 78.38, 89.19]
                                     Evaluation Acc is  83.51% ±  4.09%
                                     
[repro] exit_code=0
[repro] runtime_seconds=65
[repro] finished_at=2026-09-14T02:33:20+08:00
