[repro] paper=gbn
[repro] started_at=2026-09-13T22:31:50+08:00
[repro] run_id=20260913_223150_official_Roman-empire_r10_pid292135
[repro] repo_commit=72ad3692916ecc60f2c78d5bd01a55d7c6297a4f
[repro] env=dtgb cwd=/home/lab_user/project/lzc/repro/gbn
[repro] command=python main.py --task NC --dataset Roman-empire
[repro] resource_cap_ratio=85 threads=17
[repro] python=3.10.20 torch=2.2.1+cu121 cuda=True gpu=NVIDIA GeForce RTX 3090
[cap] cores=17/20 CPUQuota=1700% MemoryMax=55139365888 cuda_fraction=0.85 mps=85 gpu_gov=1
Running as unit: run-p292206-i300912.scope; invocation ID: 7c053bcd05f14fa990e818b1e8f0cef7
Loading config file: ./configs/NC/Roman-empire.json
Log path: ./logs//NC_Roman-empire_NL5_HD512_DP0.15_ACTgelu_NORMln_BTrue_LRNC0.0003_LRT0.001.log
INFO - 09/13/26 22:31:55 - 0:00:00 - {'task': 'NC', 'dataset': 'Roman-empire', 'root_path': './datasets', 'val_every': 5, 'exp_iters': 10, 'log_dir': './logs/', 'result_dir': './results/', 'task_model_path': 'NC_Roman-empire_model.pt', 'checkpoints': './checkpoints/', 'add_self_loop': False, 'n_layers': 5, 'hid_dim': 512, 'embed_dim': 512, 'dropout': 0.15, 'act': 'gelu', 'input_act': 'gelu', 'norm': 'ln', 'bias': True, 'tau': 1.0, 'lr_nc': 0.0003, 'weight_decay_nc': 0, 'epochs_nc': 2000, 'patience_nc': 15, 'additional_layers': 0, 'distance_list': [50, 10, 5, 3], 'lr_trans': 0.001, 'weight_decay_trans': 0, 'epochs_trans': 2000, 'patience_trans': 10, 'use_gpu': True, 'gpu': 0, 'devices': '0', 'layer_wise': True, 'log_path': './logs//NC_Roman-empire_NL5_HD512_DP0.15_ACTgelu_NORMln_BTrue_LRNC0.0003_LRT0.001.log', 'result_path': './results//NC_Roman-empire.txt'}
INFO - 09/13/26 22:31:55 - 0:00:00 - --------------------------Training Start-------------------------
INFO - 09/13/26 22:31:55 - 0:00:01 - Epoch 0: train_loss=2.914520025253296, train_acc= 15.03%
INFO - 09/13/26 22:31:55 - 0:00:01 - Epoch 0: val_loss=2.562535285949707, val_acc= 23.64%,val_weighted_f1= 12.68,val_macro_f1= 5.08%
INFO - 09/13/26 22:31:55 - 0:00:01 - Epoch 1: train_loss=2.5731418132781982, train_acc= 24.19%
INFO - 09/13/26 22:31:56 - 0:00:01 - Epoch 2: train_loss=2.4641311168670654, train_acc= 28.89%
INFO - 09/13/26 22:31:56 - 0:00:01 - Epoch 3: train_loss=2.3820276260375977, train_acc= 33.80%
INFO - 09/13/26 22:31:56 - 0:00:02 - Epoch 4: train_loss=2.289194107055664, train_acc= 37.33%
INFO - 09/13/26 22:31:56 - 0:00:02 - Epoch 5: train_loss=2.2150819301605225, train_acc= 36.60%
INFO - 09/13/26 22:31:56 - 0:00:02 - Epoch 5: val_loss=2.138268232345581, val_acc= 40.97%,val_weighted_f1= 32.87,val_macro_f1= 17.66%
INFO - 09/13/26 22:31:57 - 0:00:02 - Epoch 6: train_loss=2.14097261428833, train_acc= 41.43%
INFO - 09/13/26 22:31:57 - 0:00:02 - Epoch 7: train_loss=2.060211420059204, train_acc= 46.88%
INFO - 09/13/26 22:31:57 - 0:00:03 - Epoch 8: train_loss=1.9806662797927856, train_acc= 49.07%
INFO - 09/13/26 22:31:57 - 0:00:03 - Epoch 9: train_loss=1.903214693069458, train_acc= 49.77%
INFO - 09/13/26 22:31:58 - 0:00:03 - Epoch 10: train_loss=1.828811526298523, train_acc= 50.25%
INFO - 09/13/26 22:31:58 - 0:00:03 - Epoch 10: val_loss=1.7572319507598877, val_acc= 50.38%,val_weighted_f1= 41.18,val_macro_f1= 22.05%
INFO - 09/13/26 22:31:58 - 0:00:03 - Epoch 11: train_loss=1.754802942276001, train_acc= 50.42%
INFO - 09/13/26 22:31:58 - 0:00:04 - Epoch 12: train_loss=1.680206537246704, train_acc= 51.68%
INFO - 09/13/26 22:31:58 - 0:00:04 - Epoch 13: train_loss=1.6122394800186157, train_acc= 53.55%
INFO - 09/13/26 22:31:59 - 0:00:04 - Epoch 14: train_loss=1.5509370565414429, train_acc= 54.60%
INFO - 09/13/26 22:31:59 - 0:00:04 - Epoch 15: train_loss=1.4982080459594727, train_acc= 55.09%
INFO - 09/13/26 22:31:59 - 0:00:04 - Epoch 15: val_loss=1.4528069496154785, val_acc= 54.90%,val_weighted_f1= 48.78,val_macro_f1= 30.19%
INFO - 09/13/26 22:31:59 - 0:00:05 - Epoch 16: train_loss=1.45089852809906, train_acc= 55.43%
INFO - 09/13/26 22:32:00 - 0:00:05 - Epoch 17: train_loss=1.406001329421997, train_acc= 56.45%
INFO - 09/13/26 22:32:00 - 0:00:05 - Epoch 18: train_loss=1.3674054145812988, train_acc= 57.62%
INFO - 09/13/26 22:32:00 - 0:00:05 - Epoch 19: train_loss=1.3255174160003662, train_acc= 59.15%
INFO - 09/13/26 22:32:00 - 0:00:06 - Epoch 20: train_loss=1.2867709398269653, train_acc= 60.32%
INFO - 09/13/26 22:32:00 - 0:00:06 - Epoch 20: val_loss=1.2552720308303833, val_acc= 61.38%,val_weighted_f1= 56.87,val_macro_f1= 42.07%
INFO - 09/13/26 22:32:01 - 0:00:06 - Epoch 21: train_loss=1.2552517652511597, train_acc= 61.57%
INFO - 09/13/26 22:32:01 - 0:00:06 - Epoch 22: train_loss=1.22316575050354, train_acc= 61.91%
INFO - 09/13/26 22:32:01 - 0:00:06 - Epoch 23: train_loss=1.1943074464797974, train_acc= 62.70%
INFO - 09/13/26 22:32:01 - 0:00:07 - Epoch 24: train_loss=1.158502459526062, train_acc= 63.38%
INFO - 09/13/26 22:32:01 - 0:00:07 - Epoch 25: train_loss=1.1331853866577148, train_acc= 64.04%
INFO - 09/13/26 22:32:01 - 0:00:07 - Epoch 25: val_loss=1.0992523431777954, val_acc= 65.35%,val_weighted_f1= 61.01,val_macro_f1= 47.86%
INFO - 09/13/26 22:32:02 - 0:00:07 - Epoch 26: train_loss=1.1066347360610962, train_acc= 64.58%
INFO - 09/13/26 22:32:02 - 0:00:07 - Epoch 27: train_loss=1.078175663948059, train_acc= 66.08%
INFO - 09/13/26 22:32:02 - 0:00:08 - Epoch 28: train_loss=1.0495336055755615, train_acc= 66.30%
INFO - 09/13/26 22:32:02 - 0:00:08 - Epoch 29: train_loss=1.0232487916946411, train_acc= 67.17%
INFO - 09/13/26 22:32:03 - 0:00:08 - Epoch 30: train_loss=1.0036038160324097, train_acc= 67.61%
INFO - 09/13/26 22:32:03 - 0:00:08 - Epoch 30: val_loss=0.9828819036483765, val_acc= 69.18%,val_weighted_f1= 66.51,val_macro_f1= 55.34%
INFO - 09/13/26 22:32:03 - 0:00:08 - Epoch 31: train_loss=0.9791450500488281, train_acc= 68.38%
INFO - 09/13/26 22:32:03 - 0:00:09 - Epoch 32: train_loss=0.9670520424842834, train_acc= 68.64%
INFO - 09/13/26 22:32:03 - 0:00:09 - Epoch 33: train_loss=0.950376570224762, train_acc= 69.02%
INFO - 09/13/26 22:32:04 - 0:00:09 - Epoch 34: train_loss=0.9189741015434265, train_acc= 69.96%
INFO - 09/13/26 22:32:04 - 0:00:09 - Epoch 35: train_loss=0.9043356776237488, train_acc= 70.52%
INFO - 09/13/26 22:32:04 - 0:00:09 - Epoch 35: val_loss=0.9016134142875671, val_acc= 71.42%,val_weighted_f1= 69.29,val_macro_f1= 58.27%
INFO - 09/13/26 22:32:04 - 0:00:10 - Epoch 36: train_loss=0.8917175531387329, train_acc= 71.43%
INFO - 09/13/26 22:32:04 - 0:00:10 - Epoch 37: train_loss=0.8677465915679932, train_acc= 71.85%
INFO - 09/13/26 22:32:05 - 0:00:10 - Epoch 38: train_loss=0.8586990237236023, train_acc= 72.01%
INFO - 09/13/26 22:32:05 - 0:00:10 - Epoch 39: train_loss=0.8374318480491638, train_acc= 72.71%
INFO - 09/13/26 22:32:05 - 0:00:10 - Epoch 40: train_loss=0.8288611769676208, train_acc= 73.04%
INFO - 09/13/26 22:32:05 - 0:00:11 - Epoch 40: val_loss=0.8533059358596802, val_acc= 72.36%,val_weighted_f1= 69.70,val_macro_f1= 58.89%
INFO - 09/13/26 22:32:05 - 0:00:11 - Epoch 41: train_loss=0.8114254474639893, train_acc= 73.45%
INFO - 09/13/26 22:32:06 - 0:00:11 - Epoch 42: train_loss=0.7937421798706055, train_acc= 74.22%
INFO - 09/13/26 22:32:06 - 0:00:11 - Epoch 43: train_loss=0.7835026383399963, train_acc= 74.55%
INFO - 09/13/26 22:32:06 - 0:00:11 - Epoch 44: train_loss=0.7740061283111572, train_acc= 74.55%
INFO - 09/13/26 22:32:06 - 0:00:12 - Epoch 45: train_loss=0.757826566696167, train_acc= 75.00%
INFO - 09/13/26 22:32:06 - 0:00:12 - Epoch 45: val_loss=0.7713816165924072, val_acc= 74.77%,val_weighted_f1= 73.20,val_macro_f1= 63.28%
INFO - 09/13/26 22:32:07 - 0:00:12 - Epoch 46: train_loss=0.7471789717674255, train_acc= 75.52%
INFO - 09/13/26 22:32:07 - 0:00:12 - Epoch 47: train_loss=0.7365356683731079, train_acc= 75.64%
INFO - 09/13/26 22:32:07 - 0:00:12 - Epoch 48: train_loss=0.7300516366958618, train_acc= 76.07%
INFO - 09/13/26 22:32:07 - 0:00:13 - Epoch 49: train_loss=0.717127799987793, train_acc= 76.02%
INFO - 09/13/26 22:32:08 - 0:00:13 - Epoch 50: train_loss=0.7112782597541809, train_acc= 76.33%
INFO - 09/13/26 22:32:08 - 0:00:13 - Epoch 50: val_loss=0.7405027151107788, val_acc= 76.13%,val_weighted_f1= 74.35,val_macro_f1= 66.07%
INFO - 09/13/26 22:32:08 - 0:00:13 - Epoch 51: train_loss=0.7014132142066956, train_acc= 77.01%
INFO - 09/13/26 22:32:08 - 0:00:13 - Epoch 52: train_loss=0.6865347027778625, train_acc= 76.82%
INFO - 09/13/26 22:32:08 - 0:00:14 - Epoch 53: train_loss=0.6790697574615479, train_acc= 77.48%
INFO - 09/13/26 22:32:08 - 0:00:14 - Epoch 54: train_loss=0.6686149835586548, train_acc= 78.05%
INFO - 09/13/26 22:32:09 - 0:00:14 - Epoch 55: train_loss=0.6607637405395508, train_acc= 78.13%
INFO - 09/13/26 22:32:09 - 0:00:14 - Epoch 55: val_loss=0.6893042325973511, val_acc= 77.26%,val_weighted_f1= 76.06,val_macro_f1= 68.32%
INFO - 09/13/26 22:32:09 - 0:00:14 - Epoch 56: train_loss=0.6488532423973083, train_acc= 78.65%
INFO - 09/13/26 22:32:09 - 0:00:15 - Epoch 57: train_loss=0.6434898376464844, train_acc= 78.55%
INFO - 09/13/26 22:32:10 - 0:00:15 - Epoch 58: train_loss=0.6338287591934204, train_acc= 78.69%
INFO - 09/13/26 22:32:10 - 0:00:15 - Epoch 59: train_loss=0.6315314173698425, train_acc= 79.17%
INFO - 09/13/26 22:32:10 - 0:00:15 - Epoch 60: train_loss=0.6187054514884949, train_acc= 79.60%
INFO - 09/13/26 22:32:10 - 0:00:15 - Epoch 60: val_loss=0.6575886607170105, val_acc= 78.39%,val_weighted_f1= 77.69,val_macro_f1= 71.28%
INFO - 09/13/26 22:32:10 - 0:00:16 - Epoch 61: train_loss=0.6158398985862732, train_acc= 79.57%
INFO - 09/13/26 22:32:11 - 0:00:16 - Epoch 62: train_loss=0.5992613434791565, train_acc= 79.97%
INFO - 09/13/26 22:32:11 - 0:00:16 - Epoch 63: train_loss=0.5955069661140442, train_acc= 79.88%
INFO - 09/13/26 22:32:11 - 0:00:16 - Epoch 64: train_loss=0.595366358757019, train_acc= 79.92%
INFO - 09/13/26 22:32:11 - 0:00:17 - Epoch 65: train_loss=0.5857678055763245, train_acc= 80.79%
INFO - 09/13/26 22:32:11 - 0:00:17 - Epoch 65: val_loss=0.6359261870384216, val_acc= 79.21%,val_weighted_f1= 78.36,val_macro_f1= 72.74%
INFO - 09/13/26 22:32:12 - 0:00:17 - Epoch 66: train_loss=0.5729221105575562, train_acc= 80.55%
INFO - 09/13/26 22:32:12 - 0:00:17 - Epoch 67: train_loss=0.5664399266242981, train_acc= 80.96%
INFO - 09/13/26 22:32:12 - 0:00:17 - Epoch 68: train_loss=0.5610480308532715, train_acc= 81.39%
INFO - 09/13/26 22:32:12 - 0:00:18 - Epoch 69: train_loss=0.5516842007637024, train_acc= 81.79%
INFO - 09/13/26 22:32:12 - 0:00:18 - Epoch 70: train_loss=0.5503455996513367, train_acc= 81.91%
INFO - 09/13/26 22:32:12 - 0:00:18 - Epoch 70: val_loss=0.6192334294319153, val_acc= 80.12%,val_weighted_f1= 79.43,val_macro_f1= 74.31%
INFO - 09/13/26 22:32:13 - 0:00:18 - Epoch 71: train_loss=0.5493555665016174, train_acc= 82.22%
INFO - 09/13/26 22:32:13 - 0:00:18 - Epoch 72: train_loss=0.5488300919532776, train_acc= 81.56%
INFO - 09/13/26 22:32:13 - 0:00:19 - Epoch 73: train_loss=0.548767626285553, train_acc= 81.88%
INFO - 09/13/26 22:32:13 - 0:00:19 - Epoch 74: train_loss=0.529434859752655, train_acc= 82.27%
INFO - 09/13/26 22:32:14 - 0:00:19 - Epoch 75: train_loss=0.5156484246253967, train_acc= 82.93%
INFO - 09/13/26 22:32:14 - 0:00:19 - Epoch 75: val_loss=0.5940636396408081, val_acc= 80.71%,val_weighted_f1= 80.49,val_macro_f1= 75.76%
INFO - 09/13/26 22:32:14 - 0:00:19 - Epoch 76: train_loss=0.5282859206199646, train_acc= 82.61%
INFO - 09/13/26 22:32:14 - 0:00:20 - Epoch 77: train_loss=0.5064902305603027, train_acc= 83.17%
INFO - 09/13/26 22:32:14 - 0:00:20 - Epoch 78: train_loss=0.5075545907020569, train_acc= 83.10%
INFO - 09/13/26 22:32:15 - 0:00:20 - Epoch 79: train_loss=0.5040904879570007, train_acc= 83.15%
INFO - 09/13/26 22:32:15 - 0:00:20 - Epoch 80: train_loss=0.4907548129558563, train_acc= 83.84%
INFO - 09/13/26 22:32:15 - 0:00:20 - Epoch 80: val_loss=0.608988881111145, val_acc= 80.39%,val_weighted_f1= 79.53,val_macro_f1= 75.31%
EarlyStopping counter: 1 out of 15
INFO - 09/13/26 22:32:15 - 0:00:21 - Epoch 81: train_loss=0.4973149597644806, train_acc= 83.05%
INFO - 09/13/26 22:32:15 - 0:00:21 - Epoch 82: train_loss=0.482734739780426, train_acc= 84.38%
INFO - 09/13/26 22:32:16 - 0:00:21 - Epoch 83: train_loss=0.4819106161594391, train_acc= 83.86%
INFO - 09/13/26 22:32:16 - 0:00:21 - Epoch 84: train_loss=0.47221773862838745, train_acc= 84.46%
INFO - 09/13/26 22:32:16 - 0:00:21 - Epoch 85: train_loss=0.46702075004577637, train_acc= 84.16%
INFO - 09/13/26 22:32:16 - 0:00:22 - Epoch 85: val_loss=0.5604953169822693, val_acc= 82.07%,val_weighted_f1= 81.75,val_macro_f1= 77.83%
INFO - 09/13/26 22:32:16 - 0:00:22 - Epoch 86: train_loss=0.46600887179374695, train_acc= 84.53%
INFO - 09/13/26 22:32:17 - 0:00:22 - Epoch 87: train_loss=0.4564959406852722, train_acc= 85.16%
INFO - 09/13/26 22:32:17 - 0:00:22 - Epoch 88: train_loss=0.4532821476459503, train_acc= 84.87%
INFO - 09/13/26 22:32:17 - 0:00:22 - Epoch 89: train_loss=0.44428184628486633, train_acc= 85.32%
INFO - 09/13/26 22:32:17 - 0:00:23 - Epoch 90: train_loss=0.4469248354434967, train_acc= 85.33%
INFO - 09/13/26 22:32:17 - 0:00:23 - Epoch 90: val_loss=0.5578553080558777, val_acc= 82.19%,val_weighted_f1= 81.66,val_macro_f1= 78.08%
INFO - 09/13/26 22:32:18 - 0:00:23 - Epoch 91: train_loss=0.4385739862918854, train_acc= 85.38%
INFO - 09/13/26 22:32:18 - 0:00:23 - Epoch 92: train_loss=0.4341855049133301, train_acc= 85.25%
INFO - 09/13/26 22:32:18 - 0:00:23 - Epoch 93: train_loss=0.4255223870277405, train_acc= 86.03%
INFO - 09/13/26 22:32:18 - 0:00:24 - Epoch 94: train_loss=0.4260721206665039, train_acc= 85.79%
INFO - 09/13/26 22:32:19 - 0:00:24 - Epoch 95: train_loss=0.416542649269104, train_acc= 85.96%
INFO - 09/13/26 22:32:19 - 0:00:24 - Epoch 95: val_loss=0.5461375117301941, val_acc= 82.58%,val_weighted_f1= 82.01,val_macro_f1= 78.59%
INFO - 09/13/26 22:32:19 - 0:00:24 - Epoch 96: train_loss=0.4121381640434265, train_acc= 86.41%
INFO - 09/13/26 22:32:19 - 0:00:25 - Epoch 97: train_loss=0.40942463278770447, train_acc= 86.47%
INFO - 09/13/26 22:32:19 - 0:00:25 - Epoch 98: train_loss=0.4038153886795044, train_acc= 86.94%
INFO - 09/13/26 22:32:20 - 0:00:25 - Epoch 99: train_loss=0.3982611298561096, train_acc= 86.75%
INFO - 09/13/26 22:32:20 - 0:00:25 - Epoch 100: train_loss=0.3946898281574249, train_acc= 86.90%
INFO - 09/13/26 22:32:20 - 0:00:25 - Epoch 100: val_loss=0.5231123566627502, val_acc= 83.05%,val_weighted_f1= 82.79,val_macro_f1= 79.30%
INFO - 09/13/26 22:32:20 - 0:00:25 - Epoch 101: train_loss=0.3852308392524719, train_acc= 87.27%
INFO - 09/13/26 22:32:20 - 0:00:26 - Epoch 102: train_loss=0.3933704197406769, train_acc= 87.09%
INFO - 09/13/26 22:32:21 - 0:00:26 - Epoch 103: train_loss=0.39508745074272156, train_acc= 86.61%
INFO - 09/13/26 22:32:21 - 0:00:26 - Epoch 104: train_loss=0.41033193469047546, train_acc= 86.40%
INFO - 09/13/26 22:32:21 - 0:00:26 - Epoch 105: train_loss=0.42159080505371094, train_acc= 85.58%
INFO - 09/13/26 22:32:21 - 0:00:26 - Epoch 105: val_loss=0.5730175375938416, val_acc= 82.24%,val_weighted_f1= 81.43,val_macro_f1= 78.31%
EarlyStopping counter: 1 out of 15
INFO - 09/13/26 22:32:21 - 0:00:27 - Epoch 106: train_loss=0.39611002802848816, train_acc= 86.72%
INFO - 09/13/26 22:32:22 - 0:00:27 - Epoch 107: train_loss=0.37865233421325684, train_acc= 87.71%
INFO - 09/13/26 22:32:22 - 0:00:27 - Epoch 108: train_loss=0.3877277076244354, train_acc= 86.79%
INFO - 09/13/26 22:32:22 - 0:00:27 - Epoch 109: train_loss=0.36649587750434875, train_acc= 87.86%
INFO - 09/13/26 22:32:22 - 0:00:28 - Epoch 110: train_loss=0.3702971935272217, train_acc= 87.79%
INFO - 09/13/26 22:32:22 - 0:00:28 - Epoch 110: val_loss=0.5288001298904419, val_acc= 83.37%,val_weighted_f1= 82.94,val_macro_f1= 79.78%
INFO - 09/13/26 22:32:23 - 0:00:28 - Epoch 111: train_loss=0.36278554797172546, train_acc= 88.16%
INFO - 09/13/26 22:32:23 - 0:00:28 - Epoch 112: train_loss=0.35018613934516907, train_acc= 88.49%
INFO - 09/13/26 22:32:23 - 0:00:28 - Epoch 113: train_loss=0.35928043723106384, train_acc= 87.76%
INFO - 09/13/26 22:32:23 - 0:00:29 - Epoch 114: train_loss=0.3435631990432739, train_acc= 88.67%
INFO - 09/13/26 22:32:24 - 0:00:29 - Epoch 115: train_loss=0.35439881682395935, train_acc= 88.17%
INFO - 09/13/26 22:32:24 - 0:00:29 - Epoch 115: val_loss=0.5139743089675903, val_acc= 83.81%,val_weighted_f1= 83.47,val_macro_f1= 80.43%
INFO - 09/13/26 22:32:24 - 0:00:29 - Epoch 116: train_loss=0.3400491178035736, train_acc= 88.67%
INFO - 09/13/26 22:32:24 - 0:00:29 - Epoch 117: train_loss=0.3346118628978729, train_acc= 88.58%
INFO - 09/13/26 22:32:24 - 0:00:30 - Epoch 118: train_loss=0.3360132575035095, train_acc= 88.73%
INFO - 09/13/26 22:32:25 - 0:00:30 - Epoch 119: train_loss=0.3252100348472595, train_acc= 89.41%
INFO - 09/13/26 22:32:25 - 0:00:30 - Epoch 120: train_loss=0.32667168974876404, train_acc= 89.22%
INFO - 09/13/26 22:32:25 - 0:00:30 - Epoch 120: val_loss=0.5057631731033325, val_acc= 84.20%,val_weighted_f1= 83.86,val_macro_f1= 80.82%
INFO - 09/13/26 22:32:25 - 0:00:30 - Epoch 121: train_loss=0.32205966114997864, train_acc= 89.34%
INFO - 09/13/26 22:32:25 - 0:00:31 - Epoch 122: train_loss=0.31848400831222534, train_acc= 89.36%
INFO - 09/13/26 22:32:25 - 0:00:31 - Epoch 123: train_loss=0.3088463246822357, train_acc= 90.03%
INFO - 09/13/26 22:32:26 - 0:00:31 - Epoch 124: train_loss=0.3094686269760132, train_acc= 90.23%
INFO - 09/13/26 22:32:26 - 0:00:31 - Epoch 125: train_loss=0.30717024207115173, train_acc= 89.88%
INFO - 09/13/26 22:32:26 - 0:00:31 - Epoch 125: val_loss=0.49878188967704773, val_acc= 84.41%,val_weighted_f1= 84.17,val_macro_f1= 81.31%
INFO - 09/13/26 22:32:26 - 0:00:32 - Epoch 126: train_loss=0.30344560742378235, train_acc= 90.05%
INFO - 09/13/26 22:32:26 - 0:00:32 - Epoch 127: train_loss=0.3030794560909271, train_acc= 90.07%
INFO - 09/13/26 22:32:27 - 0:00:32 - Epoch 128: train_loss=0.293270081281662, train_acc= 90.35%
INFO - 09/13/26 22:32:27 - 0:00:32 - Epoch 129: train_loss=0.29330974817276, train_acc= 90.50%
INFO - 09/13/26 22:32:27 - 0:00:32 - Epoch 130: train_loss=0.2862434387207031, train_acc= 90.72%
INFO - 09/13/26 22:32:27 - 0:00:33 - Epoch 130: val_loss=0.5015705227851868, val_acc= 84.80%,val_weighted_f1= 84.52,val_macro_f1= 81.49%
INFO - 09/13/26 22:32:27 - 0:00:33 - Epoch 131: train_loss=0.287207692861557, train_acc= 90.65%
INFO - 09/13/26 22:32:28 - 0:00:33 - Epoch 132: train_loss=0.2851923704147339, train_acc= 90.62%
INFO - 09/13/26 22:32:28 - 0:00:33 - Epoch 133: train_loss=0.27807193994522095, train_acc= 90.96%
INFO - 09/13/26 22:32:28 - 0:00:33 - Epoch 134: train_loss=0.27508610486984253, train_acc= 90.87%
INFO - 09/13/26 22:32:28 - 0:00:34 - Epoch 135: train_loss=0.27114489674568176, train_acc= 91.18%
INFO - 09/13/26 22:32:29 - 0:00:34 - Epoch 135: val_loss=0.5005045533180237, val_acc= 84.82%,val_weighted_f1= 84.54,val_macro_f1= 81.70%
INFO - 09/13/26 22:32:29 - 0:00:34 - Epoch 136: train_loss=0.2683202624320984, train_acc= 91.23%
INFO - 09/13/26 22:32:29 - 0:00:34 - Epoch 137: train_loss=0.26803338527679443, train_acc= 91.31%
INFO - 09/13/26 22:32:29 - 0:00:35 - Epoch 138: train_loss=0.2643900215625763, train_acc= 91.30%
INFO - 09/13/26 22:32:29 - 0:00:35 - Epoch 139: train_loss=0.25774911046028137, train_acc= 91.66%
INFO - 09/13/26 22:32:30 - 0:00:35 - Epoch 140: train_loss=0.26436418294906616, train_acc= 91.39%
INFO - 09/13/26 22:32:30 - 0:00:35 - Epoch 140: val_loss=0.49740228056907654, val_acc= 85.21%,val_weighted_f1= 84.95,val_macro_f1= 82.06%
INFO - 09/13/26 22:32:30 - 0:00:35 - Epoch 141: train_loss=0.2513468861579895, train_acc= 92.00%
INFO - 09/13/26 22:32:30 - 0:00:35 - Epoch 142: train_loss=0.25330594182014465, train_acc= 91.65%
INFO - 09/13/26 22:32:30 - 0:00:36 - Epoch 143: train_loss=0.24584689736366272, train_acc= 91.96%
INFO - 09/13/26 22:32:31 - 0:00:36 - Epoch 144: train_loss=0.24742606282234192, train_acc= 92.10%
INFO - 09/13/26 22:32:31 - 0:00:36 - Epoch 145: train_loss=0.24144665896892548, train_acc= 92.45%
INFO - 09/13/26 22:32:31 - 0:00:36 - Epoch 145: val_loss=0.5018752217292786, val_acc= 85.26%,val_weighted_f1= 84.95,val_macro_f1= 81.96%
INFO - 09/13/26 22:32:31 - 0:00:36 - Epoch 146: train_loss=0.23936212062835693, train_acc= 92.21%
INFO - 09/13/26 22:32:31 - 0:00:37 - Epoch 147: train_loss=0.23964250087738037, train_acc= 92.17%
INFO - 09/13/26 22:32:32 - 0:00:37 - Epoch 148: train_loss=0.24500751495361328, train_acc= 91.76%
INFO - 09/13/26 22:32:32 - 0:00:37 - Epoch 149: train_loss=0.23011913895606995, train_acc= 92.72%
INFO - 09/13/26 22:32:32 - 0:00:37 - Epoch 150: train_loss=0.2280302345752716, train_acc= 92.60%
INFO - 09/13/26 22:32:32 - 0:00:37 - Epoch 150: val_loss=0.5143237709999084, val_acc= 85.30%,val_weighted_f1= 84.98,val_macro_f1= 82.18%
INFO - 09/13/26 22:32:32 - 0:00:38 - Epoch 151: train_loss=0.2283182144165039, train_acc= 92.70%
INFO - 09/13/26 22:32:33 - 0:00:38 - Epoch 152: train_loss=0.22446878254413605, train_acc= 92.72%
INFO - 09/13/26 22:32:33 - 0:00:38 - Epoch 153: train_loss=0.21848690509796143, train_acc= 93.03%
INFO - 09/13/26 22:32:33 - 0:00:38 - Epoch 154: train_loss=0.21979883313179016, train_acc= 92.91%
INFO - 09/13/26 22:32:33 - 0:00:39 - Epoch 155: train_loss=0.21248148381710052, train_acc= 93.22%
INFO - 09/13/26 22:32:33 - 0:00:39 - Epoch 155: val_loss=0.5005077123641968, val_acc= 85.53%,val_weighted_f1= 85.32,val_macro_f1= 82.61%
INFO - 09/13/26 22:32:34 - 0:00:39 - Epoch 156: train_loss=0.2069551646709442, train_acc= 93.26%
INFO - 09/13/26 22:32:34 - 0:00:39 - Epoch 157: train_loss=0.20899751782417297, train_acc= 93.29%
INFO - 09/13/26 22:32:34 - 0:00:39 - Epoch 158: train_loss=0.20592264831066132, train_acc= 93.43%
INFO - 09/13/26 22:32:34 - 0:00:40 - Epoch 159: train_loss=0.20666050910949707, train_acc= 93.23%
INFO - 09/13/26 22:32:35 - 0:00:40 - Epoch 160: train_loss=0.20504680275917053, train_acc= 93.45%
INFO - 09/13/26 22:32:35 - 0:00:40 - Epoch 160: val_loss=0.5197818279266357, val_acc= 85.51%,val_weighted_f1= 85.15,val_macro_f1= 82.47%
EarlyStopping counter: 1 out of 15
INFO - 09/13/26 22:32:35 - 0:00:40 - Epoch 161: train_loss=0.19826745986938477, train_acc= 93.54%
INFO - 09/13/26 22:32:35 - 0:00:40 - Epoch 162: train_loss=0.19275203347206116, train_acc= 93.90%
INFO - 09/13/26 22:32:35 - 0:00:41 - Epoch 163: train_loss=0.19322355091571808, train_acc= 94.03%
INFO - 09/13/26 22:32:36 - 0:00:41 - Epoch 164: train_loss=0.19194701313972473, train_acc= 93.90%
INFO - 09/13/26 22:32:36 - 0:00:41 - Epoch 165: train_loss=0.1896977424621582, train_acc= 93.93%
INFO - 09/13/26 22:32:36 - 0:00:41 - Epoch 165: val_loss=0.5379437804222107, val_acc= 85.17%,val_weighted_f1= 84.79,val_macro_f1= 82.11%
EarlyStopping counter: 2 out of 15
INFO - 09/13/26 22:32:36 - 0:00:41 - Epoch 166: train_loss=0.19099237024784088, train_acc= 93.95%
INFO - 09/13/26 22:32:36 - 0:00:42 - Epoch 167: train_loss=0.18391379714012146, train_acc= 94.11%
INFO - 09/13/26 22:32:36 - 0:00:42 - Epoch 168: train_loss=0.1810154765844345, train_acc= 94.06%
INFO - 09/13/26 22:32:37 - 0:00:42 - Epoch 169: train_loss=0.17972202599048615, train_acc= 94.33%
INFO - 09/13/26 22:32:37 - 0:00:42 - Epoch 170: train_loss=0.17860381305217743, train_acc= 94.18%
INFO - 09/13/26 22:32:37 - 0:00:42 - Epoch 170: val_loss=0.524573028087616, val_acc= 85.61%,val_weighted_f1= 85.29,val_macro_f1= 82.46%
INFO - 09/13/26 22:32:37 - 0:00:43 - Epoch 171: train_loss=0.17114825546741486, train_acc= 94.60%
INFO - 09/13/26 22:32:37 - 0:00:43 - Epoch 172: train_loss=0.17286737263202667, train_acc= 94.61%
INFO - 09/13/26 22:32:38 - 0:00:43 - Epoch 173: train_loss=0.16563089191913605, train_acc= 94.74%
INFO - 09/13/26 22:32:38 - 0:00:43 - Epoch 174: train_loss=0.16363228857517242, train_acc= 94.82%
INFO - 09/13/26 22:32:38 - 0:00:44 - Epoch 175: train_loss=0.1703241616487503, train_acc= 94.63%
INFO - 09/13/26 22:32:38 - 0:00:44 - Epoch 175: val_loss=0.5408910512924194, val_acc= 85.74%,val_weighted_f1= 85.38,val_macro_f1= 82.85%
INFO - 09/13/26 22:32:39 - 0:00:44 - Epoch 176: train_loss=0.16626989841461182, train_acc= 94.67%
INFO - 09/13/26 22:32:39 - 0:00:44 - Epoch 177: train_loss=0.16213692724704742, train_acc= 94.85%
INFO - 09/13/26 22:32:39 - 0:00:44 - Epoch 178: train_loss=0.16356991231441498, train_acc= 94.75%
INFO - 09/13/26 22:32:39 - 0:00:45 - Epoch 179: train_loss=0.15650492906570435, train_acc= 95.08%
INFO - 09/13/26 22:32:39 - 0:00:45 - Epoch 180: train_loss=0.15414923429489136, train_acc= 95.13%
INFO - 09/13/26 22:32:40 - 0:00:45 - Epoch 180: val_loss=0.5395063757896423, val_acc= 85.68%,val_weighted_f1= 85.49,val_macro_f1= 82.69%
EarlyStopping counter: 1 out of 15
INFO - 09/13/26 22:32:40 - 0:00:45 - Epoch 181: train_loss=0.15375946462154388, train_acc= 95.14%
INFO - 09/13/26 22:32:40 - 0:00:45 - Epoch 182: train_loss=0.1502055823802948, train_acc= 95.42%
INFO - 09/13/26 22:32:40 - 0:00:46 - Epoch 183: train_loss=0.149653822183609, train_acc= 95.48%
INFO - 09/13/26 22:32:40 - 0:00:46 - Epoch 184: train_loss=0.14524269104003906, train_acc= 95.50%
INFO - 09/13/26 22:32:41 - 0:00:46 - Epoch 185: train_loss=0.14125536382198334, train_acc= 95.60%
INFO - 09/13/26 22:32:41 - 0:00:46 - Epoch 185: val_loss=0.5372123718261719, val_acc= 86.35%,val_weighted_f1= 86.10,val_macro_f1= 83.47%
INFO - 09/13/26 22:32:41 - 0:00:46 - Epoch 186: train_loss=0.13784503936767578, train_acc= 95.73%
INFO - 09/13/26 22:32:41 - 0:00:47 - Epoch 187: train_loss=0.1366337239742279, train_acc= 95.83%
INFO - 09/13/26 22:32:41 - 0:00:47 - Epoch 188: train_loss=0.13157406449317932, train_acc= 95.96%
INFO - 09/13/26 22:32:42 - 0:00:47 - Epoch 189: train_loss=0.13083718717098236, train_acc= 96.00%
INFO - 09/13/26 22:32:42 - 0:00:47 - Epoch 190: train_loss=0.13758888840675354, train_acc= 95.72%
INFO - 09/13/26 22:32:42 - 0:00:47 - Epoch 190: val_loss=0.5468068718910217, val_acc= 85.79%,val_weighted_f1= 85.74,val_macro_f1= 83.19%
EarlyStopping counter: 1 out of 15
INFO - 09/13/26 22:32:42 - 0:00:48 - Epoch 191: train_loss=0.14614030718803406, train_acc= 95.15%
INFO - 09/13/26 22:32:42 - 0:00:48 - Epoch 192: train_loss=0.1635628491640091, train_acc= 94.59%
INFO - 09/13/26 22:32:43 - 0:00:48 - Epoch 193: train_loss=0.14725415408611298, train_acc= 95.28%
INFO - 09/13/26 22:32:43 - 0:00:48 - Epoch 194: train_loss=0.13448086380958557, train_acc= 95.83%
INFO - 09/13/26 22:32:43 - 0:00:48 - Epoch 195: train_loss=0.13174395263195038, train_acc= 96.01%
INFO - 09/13/26 22:32:43 - 0:00:49 - Epoch 195: val_loss=0.5460953712463379, val_acc= 85.91%,val_weighted_f1= 85.86,val_macro_f1= 83.16%
EarlyStopping counter: 2 out of 15
INFO - 09/13/26 22:32:43 - 0:00:49 - Epoch 196: train_loss=0.1320151835680008, train_acc= 95.94%
INFO - 09/13/26 22:32:44 - 0:00:49 - Epoch 197: train_loss=0.12841638922691345, train_acc= 95.96%
INFO - 09/13/26 22:32:44 - 0:00:49 - Epoch 198: train_loss=0.1304602026939392, train_acc= 95.83%
INFO - 09/13/26 22:32:44 - 0:00:49 - Epoch 199: train_loss=0.11741265654563904, train_acc= 96.68%
INFO - 09/13/26 22:32:44 - 0:00:50 - Epoch 200: train_loss=0.12022421509027481, train_acc= 96.30%
INFO - 09/13/26 22:32:44 - 0:00:50 - Epoch 200: val_loss=0.5576406717300415, val_acc= 86.04%,val_weighted_f1= 85.73,val_macro_f1= 83.28%
EarlyStopping counter: 3 out of 15
INFO - 09/13/26 22:32:45 - 0:00:50 - Epoch 201: train_loss=0.11531741172075272, train_acc= 96.53%
INFO - 09/13/26 22:32:45 - 0:00:50 - Epoch 202: train_loss=0.11377830058336258, train_acc= 96.56%
INFO - 09/13/26 22:32:45 - 0:00:50 - Epoch 203: train_loss=0.11552219837903976, train_acc= 96.66%
INFO - 09/13/26 22:32:45 - 0:00:51 - Epoch 204: train_loss=0.10908924043178558, train_acc= 96.79%
INFO - 09/13/26 22:32:46 - 0:00:51 - Epoch 205: train_loss=0.10872406512498856, train_acc= 96.58%
INFO - 09/13/26 22:32:46 - 0:00:51 - Epoch 205: val_loss=0.5699552893638611, val_acc= 86.30%,val_weighted_f1= 86.01,val_macro_f1= 83.71%
EarlyStopping counter: 4 out of 15
INFO - 09/13/26 22:32:46 - 0:00:51 - Epoch 206: train_loss=0.11079054325819016, train_acc= 96.64%
INFO - 09/13/26 22:32:46 - 0:00:51 - Epoch 207: train_loss=0.10944198817014694, train_acc= 96.66%
INFO - 09/13/26 22:32:46 - 0:00:52 - Epoch 208: train_loss=0.10162442177534103, train_acc= 97.27%
INFO - 09/13/26 22:32:46 - 0:00:52 - Epoch 209: train_loss=0.10021956264972687, train_acc= 97.02%
INFO - 09/13/26 22:32:47 - 0:00:52 - Epoch 210: train_loss=0.10035612434148788, train_acc= 97.06%
INFO - 09/13/26 22:32:47 - 0:00:52 - Epoch 210: val_loss=0.569807767868042, val_acc= 86.39%,val_weighted_f1= 86.23,val_macro_f1= 83.61%
INFO - 09/13/26 22:32:47 - 0:00:52 - Epoch 211: train_loss=0.09809280186891556, train_acc= 97.16%
INFO - 09/13/26 22:32:47 - 0:00:53 - Epoch 212: train_loss=0.09669691324234009, train_acc= 97.26%
INFO - 09/13/26 22:32:47 - 0:00:53 - Epoch 213: train_loss=0.09489649534225464, train_acc= 97.15%
INFO - 09/13/26 22:32:48 - 0:00:53 - Epoch 214: train_loss=0.09394720196723938, train_acc= 97.38%
INFO - 09/13/26 22:32:48 - 0:00:53 - Epoch 215: train_loss=0.09225288778543472, train_acc= 97.26%
INFO - 09/13/26 22:32:48 - 0:00:53 - Epoch 215: val_loss=0.579321026802063, val_acc= 86.28%,val_weighted_f1= 86.13,val_macro_f1= 83.56%
EarlyStopping counter: 1 out of 15
INFO - 09/13/26 22:32:48 - 0:00:54 - Epoch 216: train_loss=0.09186579287052155, train_acc= 97.30%
INFO - 09/13/26 22:32:49 - 0:00:54 - Epoch 217: train_loss=0.08916006237268448, train_acc= 97.56%
INFO - 09/13/26 22:32:49 - 0:00:54 - Epoch 218: train_loss=0.09012237191200256, train_acc= 97.35%
INFO - 09/13/26 22:32:49 - 0:00:54 - Epoch 219: train_loss=0.0880654975771904, train_acc= 97.52%
INFO - 09/13/26 22:32:49 - 0:00:55 - Epoch 220: train_loss=0.08997320383787155, train_acc= 97.28%
INFO - 09/13/26 22:32:49 - 0:00:55 - Epoch 220: val_loss=0.5904451012611389, val_acc= 86.43%,val_weighted_f1= 86.21,val_macro_f1= 83.62%
INFO - 09/13/26 22:32:50 - 0:00:55 - Epoch 221: train_loss=0.0826478973031044, train_acc= 97.61%
INFO - 09/13/26 22:32:50 - 0:00:55 - Epoch 222: train_loss=0.08547984808683395, train_acc= 97.67%
INFO - 09/13/26 22:32:50 - 0:00:55 - Epoch 223: train_loss=0.08496428281068802, train_acc= 97.56%
INFO - 09/13/26 22:32:50 - 0:00:56 - Epoch 224: train_loss=0.08120584487915039, train_acc= 97.74%
INFO - 09/13/26 22:32:50 - 0:00:56 - Epoch 225: train_loss=0.08273468911647797, train_acc= 97.59%
INFO - 09/13/26 22:32:50 - 0:00:56 - Epoch 225: val_loss=0.6128912568092346, val_acc= 86.21%,val_weighted_f1= 85.89,val_macro_f1= 83.51%
EarlyStopping counter: 1 out of 15
INFO - 09/13/26 22:32:51 - 0:00:56 - Epoch 226: train_loss=0.08351646363735199, train_acc= 97.45%
INFO - 09/13/26 22:32:51 - 0:00:56 - Epoch 227: train_loss=0.08076702058315277, train_acc= 97.77%
INFO - 09/13/26 22:32:51 - 0:00:57 - Epoch 228: train_loss=0.07472853362560272, train_acc= 98.04%
INFO - 09/13/26 22:32:51 - 0:00:57 - Epoch 229: train_loss=0.07492930442094803, train_acc= 97.89%
INFO - 09/13/26 22:32:52 - 0:00:57 - Epoch 230: train_loss=0.07398107647895813, train_acc= 98.08%
INFO - 09/13/26 22:32:52 - 0:00:57 - Epoch 230: val_loss=0.6034914255142212, val_acc= 86.65%,val_weighted_f1= 86.35,val_macro_f1= 83.93%
INFO - 09/13/26 22:32:52 - 0:00:57 - Epoch 231: train_loss=0.07239802181720734, train_acc= 98.18%
INFO - 09/13/26 22:32:52 - 0:00:58 - Epoch 232: train_loss=0.07729264348745346, train_acc= 97.82%
INFO - 09/13/26 22:32:52 - 0:00:58 - Epoch 233: train_loss=0.0739208236336708, train_acc= 98.01%
INFO - 09/13/26 22:32:53 - 0:00:58 - Epoch 234: train_loss=0.07435998320579529, train_acc= 98.05%
INFO - 09/13/26 22:32:53 - 0:00:58 - Epoch 235: train_loss=0.06997889280319214, train_acc= 98.06%
INFO - 09/13/26 22:32:53 - 0:00:58 - Epoch 235: val_loss=0.6058788299560547, val_acc= 86.39%,val_weighted_f1= 86.14,val_macro_f1= 83.55%
EarlyStopping counter: 1 out of 15
INFO - 09/13/26 22:32:53 - 0:00:59 - Epoch 236: train_loss=0.06718391925096512, train_acc= 98.13%
INFO - 09/13/26 22:32:53 - 0:00:59 - Epoch 237: train_loss=0.0709584653377533, train_acc= 98.02%
INFO - 09/13/26 22:32:54 - 0:00:59 - Epoch 238: train_loss=0.06184065714478493, train_acc= 98.44%
INFO - 09/13/26 22:32:54 - 0:00:59 - Epoch 239: train_loss=0.06332582235336304, train_acc= 98.35%
INFO - 09/13/26 22:32:54 - 0:00:59 - Epoch 240: train_loss=0.06045687571167946, train_acc= 98.46%
INFO - 09/13/26 22:32:54 - 0:01:00 - Epoch 240: val_loss=0.6157793998718262, val_acc= 86.46%,val_weighted_f1= 86.27,val_macro_f1= 83.67%
EarlyStopping counter: 2 out of 15
INFO - 09/13/26 22:32:54 - 0:01:00 - Epoch 241: train_loss=0.06442616879940033, train_acc= 98.22%
INFO - 09/13/26 22:32:55 - 0:01:00 - Epoch 242: train_loss=0.0615997388958931, train_acc= 98.44%
INFO - 09/13/26 22:32:55 - 0:01:00 - Epoch 243: train_loss=0.05973321944475174, train_acc= 98.37%
INFO - 09/13/26 22:32:55 - 0:01:00 - Epoch 244: train_loss=0.05998336523771286, train_acc= 98.48%
INFO - 09/13/26 22:32:55 - 0:01:01 - Epoch 245: train_loss=0.05990724638104439, train_acc= 98.48%
INFO - 09/13/26 22:32:55 - 0:01:01 - Epoch 245: val_loss=0.6244550943374634, val_acc= 86.67%,val_weighted_f1= 86.41,val_macro_f1= 83.91%
INFO - 09/13/26 22:32:56 - 0:01:01 - Epoch 246: train_loss=0.055345319211483, train_acc= 98.56%
INFO - 09/13/26 22:32:56 - 0:01:01 - Epoch 247: train_loss=0.05712086334824562, train_acc= 98.44%
INFO - 09/13/26 22:32:56 - 0:01:01 - Epoch 248: train_loss=0.056029465049505234, train_acc= 98.52%
INFO - 09/13/26 22:32:56 - 0:01:02 - Epoch 249: train_loss=0.05434376746416092, train_acc= 98.59%
INFO - 09/13/26 22:32:57 - 0:01:02 - Epoch 250: train_loss=0.05427369475364685, train_acc= 98.65%
INFO - 09/13/26 22:32:57 - 0:01:02 - Epoch 250: val_loss=0.6343908309936523, val_acc= 86.57%,val_weighted_f1= 86.33,val_macro_f1= 83.94%
EarlyStopping counter: 1 out of 15
INFO - 09/13/26 22:32:57 - 0:01:02 - Epoch 251: train_loss=0.05425844341516495, train_acc= 98.60%
INFO - 09/13/26 22:32:57 - 0:01:02 - Epoch 252: train_loss=0.051297836005687714, train_acc= 98.81%
INFO - 09/13/26 22:32:57 - 0:01:03 - Epoch 253: train_loss=0.05321475863456726, train_acc= 98.65%
INFO - 09/13/26 22:32:57 - 0:01:03 - Epoch 254: train_loss=0.050972990691661835, train_acc= 98.82%
INFO - 09/13/26 22:32:58 - 0:01:03 - Epoch 255: train_loss=0.05104690045118332, train_acc= 98.65%
INFO - 09/13/26 22:32:58 - 0:01:03 - Epoch 255: val_loss=0.6320920586585999, val_acc= 86.67%,val_weighted_f1= 86.45,val_macro_f1= 83.93%
INFO - 09/13/26 22:32:58 - 0:01:03 - Epoch 256: train_loss=0.047515593469142914, train_acc= 98.94%
INFO - 09/13/26 22:32:58 - 0:01:04 - Epoch 257: train_loss=0.04848290607333183, train_acc= 98.82%
INFO - 09/13/26 22:32:59 - 0:01:04 - Epoch 258: train_loss=0.04577288776636124, train_acc= 99.06%
INFO - 09/13/26 22:32:59 - 0:01:04 - Epoch 259: train_loss=0.04612290486693382, train_acc= 98.86%
INFO - 09/13/26 22:32:59 - 0:01:04 - Epoch 260: train_loss=0.0484713576734066, train_acc= 98.85%
INFO - 09/13/26 22:32:59 - 0:01:04 - Epoch 260: val_loss=0.6517652869224548, val_acc= 86.81%,val_weighted_f1= 86.54,val_macro_f1= 84.05%
INFO - 09/13/26 22:32:59 - 0:01:05 - Epoch 261: train_loss=0.04663025587797165, train_acc= 98.87%
INFO - 09/13/26 22:33:00 - 0:01:05 - Epoch 262: train_loss=0.044880807399749756, train_acc= 99.03%
INFO - 09/13/26 22:33:00 - 0:01:05 - Epoch 263: train_loss=0.046880438923835754, train_acc= 98.85%
INFO - 09/13/26 22:33:00 - 0:01:05 - Epoch 264: train_loss=0.04526915401220322, train_acc= 98.94%
INFO - 09/13/26 22:33:00 - 0:01:06 - Epoch 265: train_loss=0.045842189341783524, train_acc= 98.99%
INFO - 09/13/26 22:33:00 - 0:01:06 - Epoch 265: val_loss=0.6712425947189331, val_acc= 86.58%,val_weighted_f1= 86.27,val_macro_f1= 83.97%
EarlyStopping counter: 1 out of 15
INFO - 09/13/26 22:33:01 - 0:01:06 - Epoch 266: train_loss=0.04324828460812569, train_acc= 98.96%
INFO - 09/13/26 22:33:01 - 0:01:06 - Epoch 267: train_loss=0.04364798590540886, train_acc= 98.99%
INFO - 09/13/26 22:33:01 - 0:01:06 - Epoch 268: train_loss=0.043557409197092056, train_acc= 98.96%
INFO - 09/13/26 22:33:01 - 0:01:07 - Epoch 269: train_loss=0.04189206287264824, train_acc= 99.03%
INFO - 09/13/26 22:33:01 - 0:01:07 - Epoch 270: train_loss=0.040005072951316833, train_acc= 99.13%
INFO - 09/13/26 22:33:01 - 0:01:07 - Epoch 270: val_loss=0.6629663705825806, val_acc= 86.64%,val_weighted_f1= 86.39,val_macro_f1= 83.85%
EarlyStopping counter: 2 out of 15
INFO - 09/13/26 22:33:02 - 0:01:07 - Epoch 271: train_loss=0.03771200403571129, train_acc= 99.31%
INFO - 09/13/26 22:33:02 - 0:01:07 - Epoch 272: train_loss=0.04193192347884178, train_acc= 99.00%
INFO - 09/13/26 22:33:02 - 0:01:08 - Epoch 273: train_loss=0.04007045552134514, train_acc= 99.06%
INFO - 09/13/26 22:33:02 - 0:01:08 - Epoch 274: train_loss=0.03909152373671532, train_acc= 99.08%
INFO - 09/13/26 22:33:03 - 0:01:08 - Epoch 275: train_loss=0.04048668220639229, train_acc= 98.94%
INFO - 09/13/26 22:33:03 - 0:01:08 - Epoch 275: val_loss=0.6674057245254517, val_acc= 86.57%,val_weighted_f1= 86.36,val_macro_f1= 83.80%
EarlyStopping counter: 3 out of 15
INFO - 09/13/26 22:33:03 - 0:01:08 - Epoch 276: train_loss=0.03613387048244476, train_acc= 99.24%
INFO - 09/13/26 22:33:03 - 0:01:09 - Epoch 277: train_loss=0.0411035381257534, train_acc= 98.86%
INFO - 09/13/26 22:33:03 - 0:01:09 - Epoch 278: train_loss=0.03845297917723656, train_acc= 99.12%
INFO - 09/13/26 22:33:04 - 0:01:09 - Epoch 279: train_loss=0.03777766600251198, train_acc= 99.14%
INFO - 09/13/26 22:33:04 - 0:01:09 - Epoch 280: train_loss=0.03737342357635498, train_acc= 99.13%
INFO - 09/13/26 22:33:04 - 0:01:09 - Epoch 280: val_loss=0.693231463432312, val_acc= 86.50%,val_weighted_f1= 86.21,val_macro_f1= 84.01%
EarlyStopping counter: 4 out of 15
INFO - 09/13/26 22:33:04 - 0:01:10 - Epoch 281: train_loss=0.03911540284752846, train_acc= 99.14%
INFO - 09/13/26 22:33:04 - 0:01:10 - Epoch 282: train_loss=0.03505132347345352, train_acc= 99.27%
INFO - 09/13/26 22:33:05 - 0:01:10 - Epoch 283: train_loss=0.03927615284919739, train_acc= 99.02%
INFO - 09/13/26 22:33:05 - 0:01:10 - Epoch 284: train_loss=0.039527371525764465, train_acc= 98.95%
INFO - 09/13/26 22:33:05 - 0:01:10 - Epoch 285: train_loss=0.03681204095482826, train_acc= 99.15%
INFO - 09/13/26 22:33:05 - 0:01:11 - Epoch 285: val_loss=0.6887964010238647, val_acc= 86.74%,val_weighted_f1= 86.47,val_macro_f1= 84.05%
EarlyStopping counter: 5 out of 15
INFO - 09/13/26 22:33:05 - 0:01:11 - Epoch 286: train_loss=0.0320112407207489, train_acc= 99.34%
INFO - 09/13/26 22:33:06 - 0:01:11 - Epoch 287: train_loss=0.0338871069252491, train_acc= 99.23%
INFO - 09/13/26 22:33:06 - 0:01:11 - Epoch 288: train_loss=0.03578941896557808, train_acc= 99.18%
INFO - 09/13/26 22:33:06 - 0:01:11 - Epoch 289: train_loss=0.03498128801584244, train_acc= 99.19%
INFO - 09/13/26 22:33:06 - 0:01:12 - Epoch 290: train_loss=0.03269721195101738, train_acc= 99.29%
INFO - 09/13/26 22:33:06 - 0:01:12 - Epoch 290: val_loss=0.69644695520401, val_acc= 86.43%,val_weighted_f1= 86.14,val_macro_f1= 83.34%
EarlyStopping counter: 6 out of 15
INFO - 09/13/26 22:33:07 - 0:01:12 - Epoch 291: train_loss=0.03434743359684944, train_acc= 99.23%
INFO - 09/13/26 22:33:07 - 0:01:12 - Epoch 292: train_loss=0.03028961643576622, train_acc= 99.36%
INFO - 09/13/26 22:33:07 - 0:01:12 - Epoch 293: train_loss=0.03266672044992447, train_acc= 99.34%
INFO - 09/13/26 22:33:07 - 0:01:13 - Epoch 294: train_loss=0.03145194426178932, train_acc= 99.31%
INFO - 09/13/26 22:33:08 - 0:01:13 - Epoch 295: train_loss=0.031593918800354004, train_acc= 99.29%
INFO - 09/13/26 22:33:08 - 0:01:13 - Epoch 295: val_loss=0.7051270008087158, val_acc= 86.80%,val_weighted_f1= 86.48,val_macro_f1= 83.94%
EarlyStopping counter: 7 out of 15
INFO - 09/13/26 22:33:08 - 0:01:13 - Epoch 296: train_loss=0.03133782371878624, train_acc= 99.29%
INFO - 09/13/26 22:33:08 - 0:01:13 - Epoch 297: train_loss=0.028913114219903946, train_acc= 99.41%
INFO - 09/13/26 22:33:08 - 0:01:14 - Epoch 298: train_loss=0.02901725098490715, train_acc= 99.39%
INFO - 09/13/26 22:33:09 - 0:01:14 - Epoch 299: train_loss=0.03198087960481644, train_acc= 99.20%
INFO - 09/13/26 22:33:09 - 0:01:14 - Epoch 300: train_loss=0.02959023229777813, train_acc= 99.36%
INFO - 09/13/26 22:33:09 - 0:01:14 - Epoch 300: val_loss=0.6873617172241211, val_acc= 86.88%,val_weighted_f1= 86.73,val_macro_f1= 84.38%
INFO - 09/13/26 22:33:09 - 0:01:14 - Epoch 301: train_loss=0.026693809777498245, train_acc= 99.51%
INFO - 09/13/26 22:33:09 - 0:01:15 - Epoch 302: train_loss=0.029265396296977997, train_acc= 99.35%
INFO - 09/13/26 22:33:10 - 0:01:15 - Epoch 303: train_loss=0.02720770426094532, train_acc= 99.37%
INFO - 09/13/26 22:33:10 - 0:01:15 - Epoch 304: train_loss=0.02812003530561924, train_acc= 99.39%
INFO - 09/13/26 22:33:10 - 0:01:15 - Epoch 305: train_loss=0.026214685291051865, train_acc= 99.47%
INFO - 09/13/26 22:33:10 - 0:01:15 - Epoch 305: val_loss=0.7071647047996521, val_acc= 86.69%,val_weighted_f1= 86.38,val_macro_f1= 83.75%
EarlyStopping counter: 1 out of 15
INFO - 09/13/26 22:33:10 - 0:01:16 - Epoch 306: train_loss=0.026581216603517532, train_acc= 99.45%
INFO - 09/13/26 22:33:11 - 0:01:16 - Epoch 307: train_loss=0.027859585359692574, train_acc= 99.38%
INFO - 09/13/26 22:33:11 - 0:01:16 - Epoch 308: train_loss=0.027284327894449234, train_acc= 99.47%
INFO - 09/13/26 22:33:11 - 0:01:16 - Epoch 309: train_loss=0.02573947049677372, train_acc= 99.54%
INFO - 09/13/26 22:33:11 - 0:01:17 - Epoch 310: train_loss=0.02646343968808651, train_acc= 99.38%
INFO - 09/13/26 22:33:11 - 0:01:17 - Epoch 310: val_loss=0.7087502479553223, val_acc= 86.64%,val_weighted_f1= 86.40,val_macro_f1= 83.71%
EarlyStopping counter: 2 out of 15
INFO - 09/13/26 22:33:12 - 0:01:17 - Epoch 311: train_loss=0.026836510747671127, train_acc= 99.44%
INFO - 09/13/26 22:33:12 - 0:01:17 - Epoch 312: train_loss=0.026630381122231483, train_acc= 99.42%
INFO - 09/13/26 22:33:12 - 0:01:17 - Epoch 313: train_loss=0.025575632229447365, train_acc= 99.50%
INFO - 09/13/26 22:33:12 - 0:01:18 - Epoch 314: train_loss=0.023299172520637512, train_acc= 99.58%
INFO - 09/13/26 22:33:13 - 0:01:18 - Epoch 315: train_loss=0.02515183389186859, train_acc= 99.53%
INFO - 09/13/26 22:33:13 - 0:01:18 - Epoch 315: val_loss=0.7139701247215271, val_acc= 86.64%,val_weighted_f1= 86.42,val_macro_f1= 83.82%
EarlyStopping counter: 3 out of 15
INFO - 09/13/26 22:33:13 - 0:01:18 - Epoch 316: train_loss=0.024232782423496246, train_acc= 99.55%
INFO - 09/13/26 22:33:13 - 0:01:18 - Epoch 317: train_loss=0.024979637935757637, train_acc= 99.43%
INFO - 09/13/26 22:33:13 - 0:01:19 - Epoch 318: train_loss=0.022049792110919952, train_acc= 99.66%
INFO - 09/13/26 22:33:14 - 0:01:19 - Epoch 319: train_loss=0.022616280242800713, train_acc= 99.57%
INFO - 09/13/26 22:33:14 - 0:01:19 - Epoch 320: train_loss=0.022849544882774353, train_acc= 99.59%
INFO - 09/13/26 22:33:14 - 0:01:19 - Epoch 320: val_loss=0.7210635542869568, val_acc= 86.80%,val_weighted_f1= 86.55,val_macro_f1= 83.76%
EarlyStopping counter: 4 out of 15
INFO - 09/13/26 22:33:14 - 0:01:19 - Epoch 321: train_loss=0.022314436733722687, train_acc= 99.59%
INFO - 09/13/26 22:33:14 - 0:01:20 - Epoch 322: train_loss=0.02238553948700428, train_acc= 99.59%
INFO - 09/13/26 22:33:14 - 0:01:20 - Epoch 323: train_loss=0.02361132949590683, train_acc= 99.53%
INFO - 09/13/26 22:33:15 - 0:01:20 - Epoch 324: train_loss=0.021351408213377, train_acc= 99.60%
INFO - 09/13/26 22:33:15 - 0:01:20 - Epoch 325: train_loss=0.020293278619647026, train_acc= 99.66%
INFO - 09/13/26 22:33:15 - 0:01:20 - Epoch 325: val_loss=0.7224346399307251, val_acc= 86.80%,val_weighted_f1= 86.60,val_macro_f1= 83.92%
EarlyStopping counter: 5 out of 15
INFO - 09/13/26 22:33:15 - 0:01:21 - Epoch 326: train_loss=0.022314254194498062, train_acc= 99.51%
INFO - 09/13/26 22:33:15 - 0:01:21 - Epoch 327: train_loss=0.020106054842472076, train_acc= 99.63%
INFO - 09/13/26 22:33:16 - 0:01:21 - Epoch 328: train_loss=0.019803043454885483, train_acc= 99.75%
INFO - 09/13/26 22:33:16 - 0:01:21 - Epoch 329: train_loss=0.02216421626508236, train_acc= 99.57%
INFO - 09/13/26 22:33:16 - 0:01:21 - Epoch 330: train_loss=0.022360997274518013, train_acc= 99.56%
INFO - 09/13/26 22:33:16 - 0:01:22 - Epoch 330: val_loss=0.719497799873352, val_acc= 86.74%,val_weighted_f1= 86.54,val_macro_f1= 83.95%
EarlyStopping counter: 6 out of 15
INFO - 09/13/26 22:33:16 - 0:01:22 - Epoch 331: train_loss=0.01955939084291458, train_acc= 99.61%
INFO - 09/13/26 22:33:17 - 0:01:22 - Epoch 332: train_loss=0.019498692825436592, train_acc= 99.62%
INFO - 09/13/26 22:33:17 - 0:01:22 - Epoch 333: train_loss=0.01937197707593441, train_acc= 99.73%
INFO - 09/13/26 22:33:17 - 0:01:22 - Epoch 334: train_loss=0.019783364608883858, train_acc= 99.63%
INFO - 09/13/26 22:33:17 - 0:01:23 - Epoch 335: train_loss=0.019957302138209343, train_acc= 99.66%
INFO - 09/13/26 22:33:18 - 0:01:23 - Epoch 335: val_loss=0.7288029193878174, val_acc= 86.76%,val_weighted_f1= 86.55,val_macro_f1= 83.84%
EarlyStopping counter: 7 out of 15
INFO - 09/13/26 22:33:18 - 0:01:23 - Epoch 336: train_loss=0.018806299194693565, train_acc= 99.69%
INFO - 09/13/26 22:33:18 - 0:01:23 - Epoch 337: train_loss=0.021479440852999687, train_acc= 99.57%
INFO - 09/13/26 22:33:18 - 0:01:24 - Epoch 338: train_loss=0.01831735111773014, train_acc= 99.68%
INFO - 09/13/26 22:33:18 - 0:01:24 - Epoch 339: train_loss=0.02010653167963028, train_acc= 99.59%
INFO - 09/13/26 22:33:19 - 0:01:24 - Epoch 340: train_loss=0.019419144839048386, train_acc= 99.59%
INFO - 09/13/26 22:33:19 - 0:01:24 - Epoch 340: val_loss=0.7419108152389526, val_acc= 86.71%,val_weighted_f1= 86.51,val_macro_f1= 84.06%
EarlyStopping counter: 8 out of 15
INFO - 09/13/26 22:33:19 - 0:01:24 - Epoch 341: train_loss=0.01886758580803871, train_acc= 99.67%
INFO - 09/13/26 22:33:19 - 0:01:24 - Epoch 342: train_loss=0.018344080075621605, train_acc= 99.68%
INFO - 09/13/26 22:33:19 - 0:01:25 - Epoch 343: train_loss=0.018974119797348976, train_acc= 99.61%
INFO - 09/13/26 22:33:20 - 0:01:25 - Epoch 344: train_loss=0.016911324113607407, train_acc= 99.72%
INFO - 09/13/26 22:33:20 - 0:01:25 - Epoch 345: train_loss=0.01904561184346676, train_acc= 99.61%
INFO - 09/13/26 22:33:20 - 0:01:25 - Epoch 345: val_loss=0.7447719573974609, val_acc= 86.71%,val_weighted_f1= 86.47,val_macro_f1= 83.79%
EarlyStopping counter: 9 out of 15
INFO - 09/13/26 22:33:20 - 0:01:25 - Epoch 346: train_loss=0.018116699531674385, train_acc= 99.68%
INFO - 09/13/26 22:33:20 - 0:01:26 - Epoch 347: train_loss=0.0183591116219759, train_acc= 99.66%
INFO - 09/13/26 22:33:21 - 0:01:26 - Epoch 348: train_loss=0.018754787743091583, train_acc= 99.63%
INFO - 09/13/26 22:33:21 - 0:01:26 - Epoch 349: train_loss=0.01670309156179428, train_acc= 99.66%
INFO - 09/13/26 22:33:21 - 0:01:26 - Epoch 350: train_loss=0.01892567053437233, train_acc= 99.71%
INFO - 09/13/26 22:33:21 - 0:01:26 - Epoch 350: val_loss=0.7480077147483826, val_acc= 86.97%,val_weighted_f1= 86.73,val_macro_f1= 84.27%
INFO - 09/13/26 22:33:21 - 0:01:27 - Epoch 351: train_loss=0.01803983934223652, train_acc= 99.66%
INFO - 09/13/26 22:33:22 - 0:01:27 - Epoch 352: train_loss=0.015266524627804756, train_acc= 99.75%
INFO - 09/13/26 22:33:22 - 0:01:27 - Epoch 353: train_loss=0.017019126564264297, train_acc= 99.74%
INFO - 09/13/26 22:33:22 - 0:01:27 - Epoch 354: train_loss=0.015274690464138985, train_acc= 99.76%
INFO - 09/13/26 22:33:22 - 0:01:28 - Epoch 355: train_loss=0.016440371051430702, train_acc= 99.68%
INFO - 09/13/26 22:33:22 - 0:01:28 - Epoch 355: val_loss=0.7452375888824463, val_acc= 86.90%,val_weighted_f1= 86.69,val_macro_f1= 84.17%
EarlyStopping counter: 1 out of 15
INFO - 09/13/26 22:33:23 - 0:01:28 - Epoch 356: train_loss=0.01626487262547016, train_acc= 99.72%
INFO - 09/13/26 22:33:23 - 0:01:28 - Epoch 357: train_loss=0.01668872870504856, train_acc= 99.66%
INFO - 09/13/26 22:33:23 - 0:01:28 - Epoch 358: train_loss=0.017232580110430717, train_acc= 99.66%
INFO - 09/13/26 22:33:23 - 0:01:29 - Epoch 359: train_loss=0.015528044663369656, train_acc= 99.73%
INFO - 09/13/26 22:33:24 - 0:01:29 - Epoch 360: train_loss=0.01673043891787529, train_acc= 99.67%
INFO - 09/13/26 22:33:24 - 0:01:29 - Epoch 360: val_loss=0.7501315474510193, val_acc= 86.78%,val_weighted_f1= 86.59,val_macro_f1= 83.96%
EarlyStopping counter: 2 out of 15
INFO - 09/13/26 22:33:24 - 0:01:29 - Epoch 361: train_loss=0.014268060214817524, train_acc= 99.81%
INFO - 09/13/26 22:33:24 - 0:01:29 - Epoch 362: train_loss=0.014562622644007206, train_acc= 99.75%
INFO - 09/13/26 22:33:24 - 0:01:30 - Epoch 363: train_loss=0.014713975600898266, train_acc= 99.78%
INFO - 09/13/26 22:33:25 - 0:01:30 - Epoch 364: train_loss=0.014637472108006477, train_acc= 99.81%
INFO - 09/13/26 22:33:25 - 0:01:30 - Epoch 365: train_loss=0.015120753087103367, train_acc= 99.74%
INFO - 09/13/26 22:33:25 - 0:01:30 - Epoch 365: val_loss=0.7629764080047607, val_acc= 86.57%,val_weighted_f1= 86.33,val_macro_f1= 83.87%
EarlyStopping counter: 3 out of 15
INFO - 09/13/26 22:33:25 - 0:01:30 - Epoch 366: train_loss=0.015540027059614658, train_acc= 99.69%
INFO - 09/13/26 22:33:25 - 0:01:31 - Epoch 367: train_loss=0.014960450120270252, train_acc= 99.76%
INFO - 09/13/26 22:33:25 - 0:01:31 - Epoch 368: train_loss=0.013299884274601936, train_acc= 99.81%
INFO - 09/13/26 22:33:26 - 0:01:31 - Epoch 369: train_loss=0.013863991014659405, train_acc= 99.70%
INFO - 09/13/26 22:33:26 - 0:01:31 - Epoch 370: train_loss=0.014646191149950027, train_acc= 99.73%
INFO - 09/13/26 22:33:26 - 0:01:31 - Epoch 370: val_loss=0.7494916319847107, val_acc= 86.90%,val_weighted_f1= 86.69,val_macro_f1= 84.18%
EarlyStopping counter: 4 out of 15
INFO - 09/13/26 22:33:26 - 0:01:32 - Epoch 371: train_loss=0.014695709571242332, train_acc= 99.76%
INFO - 09/13/26 22:33:26 - 0:01:32 - Epoch 372: train_loss=0.013373635709285736, train_acc= 99.82%
INFO - 09/13/26 22:33:27 - 0:01:32 - Epoch 373: train_loss=0.014133424498140812, train_acc= 99.71%
INFO - 09/13/26 22:33:27 - 0:01:32 - Epoch 374: train_loss=0.015735281631350517, train_acc= 99.69%
INFO - 09/13/26 22:33:27 - 0:01:33 - Epoch 375: train_loss=0.015663744881749153, train_acc= 99.69%
INFO - 09/13/26 22:33:27 - 0:01:33 - Epoch 375: val_loss=0.7578862905502319, val_acc= 86.78%,val_weighted_f1= 86.53,val_macro_f1= 83.79%
EarlyStopping counter: 5 out of 15
INFO - 09/13/26 22:33:28 - 0:01:33 - Epoch 376: train_loss=0.015517864376306534, train_acc= 99.66%
INFO - 09/13/26 22:33:28 - 0:01:33 - Epoch 377: train_loss=0.014671018347144127, train_acc= 99.72%
INFO - 09/13/26 22:33:28 - 0:01:33 - Epoch 378: train_loss=0.015426088124513626, train_acc= 99.70%
INFO - 09/13/26 22:33:28 - 0:01:34 - Epoch 379: train_loss=0.01595931686460972, train_acc= 99.70%
INFO - 09/13/26 22:33:28 - 0:01:34 - Epoch 380: train_loss=0.014792407862842083, train_acc= 99.75%
INFO - 09/13/26 22:33:29 - 0:01:34 - Epoch 380: val_loss=0.7672260403633118, val_acc= 86.78%,val_weighted_f1= 86.54,val_macro_f1= 83.89%
EarlyStopping counter: 6 out of 15
INFO - 09/13/26 22:33:29 - 0:01:34 - Epoch 381: train_loss=0.012046510353684425, train_acc= 99.82%
INFO - 09/13/26 22:33:29 - 0:01:34 - Epoch 382: train_loss=0.014996393583714962, train_acc= 99.66%
INFO - 09/13/26 22:33:29 - 0:01:35 - Epoch 383: train_loss=0.012866529636085033, train_acc= 99.72%
INFO - 09/13/26 22:33:29 - 0:01:35 - Epoch 384: train_loss=0.01180213037878275, train_acc= 99.81%
INFO - 09/13/26 22:33:30 - 0:01:35 - Epoch 385: train_loss=0.011957811191678047, train_acc= 99.82%
INFO - 09/13/26 22:33:30 - 0:01:35 - Epoch 385: val_loss=0.7747628688812256, val_acc= 86.67%,val_weighted_f1= 86.45,val_macro_f1= 83.80%
EarlyStopping counter: 7 out of 15
INFO - 09/13/26 22:33:30 - 0:01:35 - Epoch 386: train_loss=0.012930850498378277, train_acc= 99.82%
INFO - 09/13/26 22:33:30 - 0:01:36 - Epoch 387: train_loss=0.012497839517891407, train_acc= 99.80%
INFO - 09/13/26 22:33:30 - 0:01:36 - Epoch 388: train_loss=0.011499364860355854, train_acc= 99.88%
INFO - 09/13/26 22:33:31 - 0:01:36 - Epoch 389: train_loss=0.012574180960655212, train_acc= 99.80%
INFO - 09/13/26 22:33:31 - 0:01:36 - Epoch 390: train_loss=0.012375013902783394, train_acc= 99.84%
INFO - 09/13/26 22:33:31 - 0:01:36 - Epoch 390: val_loss=0.7683455944061279, val_acc= 86.88%,val_weighted_f1= 86.67,val_macro_f1= 84.07%
EarlyStopping counter: 8 out of 15
INFO - 09/13/26 22:33:31 - 0:01:37 - Epoch 391: train_loss=0.011175209656357765, train_acc= 99.81%
INFO - 09/13/26 22:33:31 - 0:01:37 - Epoch 392: train_loss=0.011518148705363274, train_acc= 99.85%
INFO - 09/13/26 22:33:32 - 0:01:37 - Epoch 393: train_loss=0.010671662166714668, train_acc= 99.89%
INFO - 09/13/26 22:33:32 - 0:01:37 - Epoch 394: train_loss=0.012293021194636822, train_acc= 99.77%
INFO - 09/13/26 22:33:32 - 0:01:37 - Epoch 395: train_loss=0.011880007572472095, train_acc= 99.78%
INFO - 09/13/26 22:33:32 - 0:01:38 - Epoch 395: val_loss=0.7633026242256165, val_acc= 87.13%,val_weighted_f1= 86.95,val_macro_f1= 84.50%
INFO - 09/13/26 22:33:32 - 0:01:38 - Epoch 396: train_loss=0.013825963251292706, train_acc= 99.74%
INFO - 09/13/26 22:33:33 - 0:01:38 - Epoch 397: train_loss=0.011456952430307865, train_acc= 99.81%
INFO - 09/13/26 22:33:33 - 0:01:38 - Epoch 398: train_loss=0.012099829502403736, train_acc= 99.79%
INFO - 09/13/26 22:33:33 - 0:01:38 - Epoch 399: train_loss=0.011189169250428677, train_acc= 99.86%
INFO - 09/13/26 22:33:33 - 0:01:39 - Epoch 400: train_loss=0.01188700832426548, train_acc= 99.84%
INFO - 09/13/26 22:33:33 - 0:01:39 - Epoch 400: val_loss=0.7691380381584167, val_acc= 87.03%,val_weighted_f1= 86.86,val_macro_f1= 84.21%
EarlyStopping counter: 1 out of 15
INFO - 09/13/26 22:33:34 - 0:01:39 - Epoch 401: train_loss=0.011576223187148571, train_acc= 99.77%
INFO - 09/13/26 22:33:34 - 0:01:39 - Epoch 402: train_loss=0.011987803503870964, train_acc= 99.77%
INFO - 09/13/26 22:33:34 - 0:01:39 - Epoch 403: train_loss=0.011929591186344624, train_acc= 99.75%
INFO - 09/13/26 22:33:34 - 0:01:40 - Epoch 404: train_loss=0.01262778788805008, train_acc= 99.76%
INFO - 09/13/26 22:33:35 - 0:01:40 - Epoch 405: train_loss=0.009975742548704147, train_acc= 99.89%
INFO - 09/13/26 22:33:35 - 0:01:40 - Epoch 405: val_loss=0.7726280689239502, val_acc= 87.10%,val_weighted_f1= 86.90,val_macro_f1= 84.40%
EarlyStopping counter: 2 out of 15
INFO - 09/13/26 22:33:35 - 0:01:40 - Epoch 406: train_loss=0.009777085855603218, train_acc= 99.89%
INFO - 09/13/26 22:33:35 - 0:01:40 - Epoch 407: train_loss=0.01068072859197855, train_acc= 99.85%
INFO - 09/13/26 22:33:35 - 0:01:41 - Epoch 408: train_loss=0.010081714950501919, train_acc= 99.91%
INFO - 09/13/26 22:33:35 - 0:01:41 - Epoch 409: train_loss=0.01090285088866949, train_acc= 99.81%
INFO - 09/13/26 22:33:36 - 0:01:41 - Epoch 410: train_loss=0.010057554580271244, train_acc= 99.83%
INFO - 09/13/26 22:33:36 - 0:01:41 - Epoch 410: val_loss=0.7723573446273804, val_acc= 86.85%,val_weighted_f1= 86.60,val_macro_f1= 84.18%
EarlyStopping counter: 3 out of 15
INFO - 09/13/26 22:33:36 - 0:01:41 - Epoch 411: train_loss=0.012339622713625431, train_acc= 99.74%
INFO - 09/13/26 22:33:36 - 0:01:42 - Epoch 412: train_loss=0.010029233060777187, train_acc= 99.86%
INFO - 09/13/26 22:33:36 - 0:01:42 - Epoch 413: train_loss=0.009675569832324982, train_acc= 99.89%
INFO - 09/13/26 22:33:37 - 0:01:42 - Epoch 414: train_loss=0.008938146755099297, train_acc= 99.91%
INFO - 09/13/26 22:33:37 - 0:01:42 - Epoch 415: train_loss=0.010226474143564701, train_acc= 99.86%
INFO - 09/13/26 22:33:37 - 0:01:42 - Epoch 415: val_loss=0.7890609502792358, val_acc= 86.92%,val_weighted_f1= 86.66,val_macro_f1= 84.05%
EarlyStopping counter: 4 out of 15
INFO - 09/13/26 22:33:37 - 0:01:43 - Epoch 416: train_loss=0.010558764450252056, train_acc= 99.80%
INFO - 09/13/26 22:33:38 - 0:01:43 - Epoch 417: train_loss=0.011837232857942581, train_acc= 99.80%
INFO - 09/13/26 22:33:38 - 0:01:43 - Epoch 418: train_loss=0.009409244172275066, train_acc= 99.89%
INFO - 09/13/26 22:33:38 - 0:01:43 - Epoch 419: train_loss=0.010313435457646847, train_acc= 99.82%
INFO - 09/13/26 22:33:38 - 0:01:44 - Epoch 420: train_loss=0.008419090881943703, train_acc= 99.89%
INFO - 09/13/26 22:33:38 - 0:01:44 - Epoch 420: val_loss=0.7812934517860413, val_acc= 86.90%,val_weighted_f1= 86.64,val_macro_f1= 84.04%
EarlyStopping counter: 5 out of 15
INFO - 09/13/26 22:33:39 - 0:01:44 - Epoch 421: train_loss=0.00953358318656683, train_acc= 99.90%
INFO - 09/13/26 22:33:39 - 0:01:44 - Epoch 422: train_loss=0.00937108788639307, train_acc= 99.87%
INFO - 09/13/26 22:33:39 - 0:01:44 - Epoch 423: train_loss=0.008811644278466702, train_acc= 99.91%
INFO - 09/13/26 22:33:39 - 0:01:45 - Epoch 424: train_loss=0.009832996875047684, train_acc= 99.88%
INFO - 09/13/26 22:33:39 - 0:01:45 - Epoch 425: train_loss=0.010286597535014153, train_acc= 99.82%
INFO - 09/13/26 22:33:39 - 0:01:45 - Epoch 425: val_loss=0.7916200160980225, val_acc= 87.04%,val_weighted_f1= 86.79,val_macro_f1= 84.12%
EarlyStopping counter: 6 out of 15
INFO - 09/13/26 22:33:40 - 0:01:45 - Epoch 426: train_loss=0.008577217347919941, train_acc= 99.87%
INFO - 09/13/26 22:33:40 - 0:01:45 - Epoch 427: train_loss=0.009734610095620155, train_acc= 99.81%
INFO - 09/13/26 22:33:40 - 0:01:46 - Epoch 428: train_loss=0.009050235152244568, train_acc= 99.86%
INFO - 09/13/26 22:33:40 - 0:01:46 - Epoch 429: train_loss=0.008991958573460579, train_acc= 99.86%
INFO - 09/13/26 22:33:41 - 0:01:46 - Epoch 430: train_loss=0.009207873605191708, train_acc= 99.88%
INFO - 09/13/26 22:33:41 - 0:01:46 - Epoch 430: val_loss=0.8003211617469788, val_acc= 86.83%,val_weighted_f1= 86.63,val_macro_f1= 84.11%
EarlyStopping counter: 7 out of 15
INFO - 09/13/26 22:33:41 - 0:01:46 - Epoch 431: train_loss=0.009172983467578888, train_acc= 99.85%
INFO - 09/13/26 22:33:41 - 0:01:47 - Epoch 432: train_loss=0.009589936584234238, train_acc= 99.82%
INFO - 09/13/26 22:33:41 - 0:01:47 - Epoch 433: train_loss=0.007903371937572956, train_acc= 99.94%
INFO - 09/13/26 22:33:42 - 0:01:47 - Epoch 434: train_loss=0.009160779416561127, train_acc= 99.89%
INFO - 09/13/26 22:33:42 - 0:01:47 - Epoch 435: train_loss=0.008805690333247185, train_acc= 99.87%
INFO - 09/13/26 22:33:42 - 0:01:47 - Epoch 435: val_loss=0.8075324892997742, val_acc= 86.88%,val_weighted_f1= 86.65,val_macro_f1= 84.16%
EarlyStopping counter: 8 out of 15
INFO - 09/13/26 22:33:42 - 0:01:48 - Epoch 436: train_loss=0.00840460229665041, train_acc= 99.89%
INFO - 09/13/26 22:33:42 - 0:01:48 - Epoch 437: train_loss=0.009361781179904938, train_acc= 99.82%
INFO - 09/13/26 22:33:43 - 0:01:48 - Epoch 438: train_loss=0.009346446953713894, train_acc= 99.84%
INFO - 09/13/26 22:33:43 - 0:01:48 - Epoch 439: train_loss=0.009498554281890392, train_acc= 99.82%
INFO - 09/13/26 22:33:43 - 0:01:48 - Epoch 440: train_loss=0.008670525625348091, train_acc= 99.85%
INFO - 09/13/26 22:33:43 - 0:01:49 - Epoch 440: val_loss=0.8173563480377197, val_acc= 86.83%,val_weighted_f1= 86.58,val_macro_f1= 84.15%
EarlyStopping counter: 9 out of 15
INFO - 09/13/26 22:33:43 - 0:01:49 - Epoch 441: train_loss=0.008562920615077019, train_acc= 99.89%
INFO - 09/13/26 22:33:44 - 0:01:49 - Epoch 442: train_loss=0.00808111671358347, train_acc= 99.91%
INFO - 09/13/26 22:33:44 - 0:01:49 - Epoch 443: train_loss=0.009155238047242165, train_acc= 99.83%
INFO - 09/13/26 22:33:44 - 0:01:49 - Epoch 444: train_loss=0.008651827462017536, train_acc= 99.87%
INFO - 09/13/26 22:33:44 - 0:01:50 - Epoch 445: train_loss=0.008957729674875736, train_acc= 99.85%
INFO - 09/13/26 22:33:44 - 0:01:50 - Epoch 445: val_loss=0.8258851766586304, val_acc= 86.46%,val_weighted_f1= 86.20,val_macro_f1= 83.55%
EarlyStopping counter: 10 out of 15
INFO - 09/13/26 22:33:45 - 0:01:50 - Epoch 446: train_loss=0.009747912175953388, train_acc= 99.82%
INFO - 09/13/26 22:33:45 - 0:01:50 - Epoch 447: train_loss=0.009773528203368187, train_acc= 99.83%
INFO - 09/13/26 22:33:45 - 0:01:50 - Epoch 448: train_loss=0.009967487305402756, train_acc= 99.86%
INFO - 09/13/26 22:33:45 - 0:01:51 - Epoch 449: train_loss=0.00851705763489008, train_acc= 99.83%
INFO - 09/13/26 22:33:46 - 0:01:51 - Epoch 450: train_loss=0.008436460047960281, train_acc= 99.82%
INFO - 09/13/26 22:33:46 - 0:01:51 - Epoch 450: val_loss=0.8059571385383606, val_acc= 87.01%,val_weighted_f1= 86.75,val_macro_f1= 84.30%
EarlyStopping counter: 11 out of 15
INFO - 09/13/26 22:33:46 - 0:01:51 - Epoch 451: train_loss=0.00785517692565918, train_acc= 99.89%
INFO - 09/13/26 22:33:46 - 0:01:51 - Epoch 452: train_loss=0.007998562417924404, train_acc= 99.89%
INFO - 09/13/26 22:33:46 - 0:01:52 - Epoch 453: train_loss=0.00873775314539671, train_acc= 99.84%
INFO - 09/13/26 22:33:46 - 0:01:52 - Epoch 454: train_loss=0.00833237823098898, train_acc= 99.90%
INFO - 09/13/26 22:33:47 - 0:01:52 - Epoch 455: train_loss=0.008630487136542797, train_acc= 99.83%
INFO - 09/13/26 22:33:47 - 0:01:52 - Epoch 455: val_loss=0.8040291666984558, val_acc= 86.92%,val_weighted_f1= 86.71,val_macro_f1= 84.15%
EarlyStopping counter: 12 out of 15
INFO - 09/13/26 22:33:47 - 0:01:52 - Epoch 456: train_loss=0.00812048651278019, train_acc= 99.89%
INFO - 09/13/26 22:33:47 - 0:01:53 - Epoch 457: train_loss=0.0077325524762272835, train_acc= 99.89%
INFO - 09/13/26 22:33:48 - 0:01:53 - Epoch 458: train_loss=0.00811087153851986, train_acc= 99.88%
INFO - 09/13/26 22:33:48 - 0:01:53 - Epoch 459: train_loss=0.0076247998513281345, train_acc= 99.90%
INFO - 09/13/26 22:33:48 - 0:01:53 - Epoch 460: train_loss=0.007377971895039082, train_acc= 99.91%
INFO - 09/13/26 22:33:48 - 0:01:53 - Epoch 460: val_loss=0.7966663241386414, val_acc= 87.08%,val_weighted_f1= 86.88,val_macro_f1= 84.24%
EarlyStopping counter: 13 out of 15
INFO - 09/13/26 22:33:48 - 0:01:54 - Epoch 461: train_loss=0.008050499483942986, train_acc= 99.85%
INFO - 09/13/26 22:33:49 - 0:01:54 - Epoch 462: train_loss=0.008637798950076103, train_acc= 99.86%
INFO - 09/13/26 22:33:49 - 0:01:54 - Epoch 463: train_loss=0.00820854026824236, train_acc= 99.87%
INFO - 09/13/26 22:33:49 - 0:01:54 - Epoch 464: train_loss=0.00818184670060873, train_acc= 99.86%
INFO - 09/13/26 22:33:49 - 0:01:55 - Epoch 465: train_loss=0.006851991638541222, train_acc= 99.91%
INFO - 09/13/26 22:33:49 - 0:01:55 - Epoch 465: val_loss=0.7958282828330994, val_acc= 87.13%,val_weighted_f1= 86.91,val_macro_f1= 84.30%
INFO - 09/13/26 22:33:50 - 0:01:55 - Epoch 466: train_loss=0.006578060332685709, train_acc= 99.93%
INFO - 09/13/26 22:33:50 - 0:01:55 - Epoch 467: train_loss=0.00773374829441309, train_acc= 99.87%
INFO - 09/13/26 22:33:50 - 0:01:55 - Epoch 468: train_loss=0.007106764707714319, train_acc= 99.87%
INFO - 09/13/26 22:33:50 - 0:01:56 - Epoch 469: train_loss=0.007664876524358988, train_acc= 99.87%
INFO - 09/13/26 22:33:50 - 0:01:56 - Epoch 470: train_loss=0.006802575662732124, train_acc= 99.89%
INFO - 09/13/26 22:33:50 - 0:01:56 - Epoch 470: val_loss=0.8000641465187073, val_acc= 86.87%,val_weighted_f1= 86.66,val_macro_f1= 84.00%
EarlyStopping counter: 1 out of 15
INFO - 09/13/26 22:33:51 - 0:01:56 - Epoch 471: train_loss=0.008823946118354797, train_acc= 99.82%
INFO - 09/13/26 22:33:51 - 0:01:56 - Epoch 472: train_loss=0.00857796985656023, train_acc= 99.84%
INFO - 09/13/26 22:33:51 - 0:01:57 - Epoch 473: train_loss=0.007790817879140377, train_acc= 99.84%
INFO - 09/13/26 22:33:51 - 0:01:57 - Epoch 474: train_loss=0.00691628223285079, train_acc= 99.91%
INFO - 09/13/26 22:33:52 - 0:01:57 - Epoch 475: train_loss=0.006879544351249933, train_acc= 99.90%
INFO - 09/13/26 22:33:52 - 0:01:57 - Epoch 475: val_loss=0.8207849264144897, val_acc= 86.90%,val_weighted_f1= 86.67,val_macro_f1= 83.99%
EarlyStopping counter: 2 out of 15
INFO - 09/13/26 22:33:52 - 0:01:57 - Epoch 476: train_loss=0.007321400102227926, train_acc= 99.88%
INFO - 09/13/26 22:33:52 - 0:01:58 - Epoch 477: train_loss=0.0066700465977191925, train_acc= 99.90%
INFO - 09/13/26 22:33:52 - 0:01:58 - Epoch 478: train_loss=0.006913474295288324, train_acc= 99.92%
INFO - 09/13/26 22:33:53 - 0:01:58 - Epoch 479: train_loss=0.006999730132520199, train_acc= 99.88%
INFO - 09/13/26 22:33:53 - 0:01:58 - Epoch 480: train_loss=0.006878292188048363, train_acc= 99.85%
INFO - 09/13/26 22:33:53 - 0:01:58 - Epoch 480: val_loss=0.8105462789535522, val_acc= 87.01%,val_weighted_f1= 86.80,val_macro_f1= 84.16%
EarlyStopping counter: 3 out of 15
INFO - 09/13/26 22:33:53 - 0:01:59 - Epoch 481: train_loss=0.006403820589184761, train_acc= 99.93%
INFO - 09/13/26 22:33:53 - 0:01:59 - Epoch 482: train_loss=0.007824933156371117, train_acc= 99.87%
INFO - 09/13/26 22:33:54 - 0:01:59 - Epoch 483: train_loss=0.006072910036891699, train_acc= 99.94%
INFO - 09/13/26 22:33:54 - 0:01:59 - Epoch 484: train_loss=0.006405970547348261, train_acc= 99.91%
INFO - 09/13/26 22:33:54 - 0:01:59 - Epoch 485: train_loss=0.006184270139783621, train_acc= 99.89%
INFO - 09/13/26 22:33:54 - 0:02:00 - Epoch 485: val_loss=0.817738950252533, val_acc= 86.92%,val_weighted_f1= 86.69,val_macro_f1= 83.95%
EarlyStopping counter: 4 out of 15
INFO - 09/13/26 22:33:54 - 0:02:00 - Epoch 486: train_loss=0.005653512664139271, train_acc= 99.97%
INFO - 09/13/26 22:33:55 - 0:02:00 - Epoch 487: train_loss=0.006554321385920048, train_acc= 99.89%
INFO - 09/13/26 22:33:55 - 0:02:00 - Epoch 488: train_loss=0.0063711428083479404, train_acc= 99.91%
INFO - 09/13/26 22:33:55 - 0:02:00 - Epoch 489: train_loss=0.0058061592280864716, train_acc= 99.91%
INFO - 09/13/26 22:33:55 - 0:02:01 - Epoch 490: train_loss=0.006478654220700264, train_acc= 99.94%
INFO - 09/13/26 22:33:55 - 0:02:01 - Epoch 490: val_loss=0.8220434188842773, val_acc= 87.06%,val_weighted_f1= 86.85,val_macro_f1= 84.26%
EarlyStopping counter: 5 out of 15
INFO - 09/13/26 22:33:56 - 0:02:01 - Epoch 491: train_loss=0.006677575875073671, train_acc= 99.90%
INFO - 09/13/26 22:33:56 - 0:02:01 - Epoch 492: train_loss=0.006303058005869389, train_acc= 99.93%
INFO - 09/13/26 22:33:56 - 0:02:01 - Epoch 493: train_loss=0.006532341241836548, train_acc= 99.91%
INFO - 09/13/26 22:33:56 - 0:02:02 - Epoch 494: train_loss=0.005942526739090681, train_acc= 99.92%
INFO - 09/13/26 22:33:57 - 0:02:02 - Epoch 495: train_loss=0.006942442152649164, train_acc= 99.91%
INFO - 09/13/26 22:33:57 - 0:02:02 - Epoch 495: val_loss=0.8301643133163452, val_acc= 86.94%,val_weighted_f1= 86.71,val_macro_f1= 84.09%
EarlyStopping counter: 6 out of 15
INFO - 09/13/26 22:33:57 - 0:02:02 - Epoch 496: train_loss=0.0056461007334291935, train_acc= 99.95%
INFO - 09/13/26 22:33:57 - 0:02:02 - Epoch 497: train_loss=0.0066436040215194225, train_acc= 99.89%
INFO - 09/13/26 22:33:57 - 0:02:03 - Epoch 498: train_loss=0.0063856858760118484, train_acc= 99.89%
INFO - 09/13/26 22:33:58 - 0:02:03 - Epoch 499: train_loss=0.005279437638819218, train_acc= 99.94%
INFO - 09/13/26 22:33:58 - 0:02:03 - Epoch 500: train_loss=0.006109318230301142, train_acc= 99.90%
INFO - 09/13/26 22:33:58 - 0:02:03 - Epoch 500: val_loss=0.8178399205207825, val_acc= 86.92%,val_weighted_f1= 86.71,val_macro_f1= 84.04%
EarlyStopping counter: 7 out of 15
INFO - 09/13/26 22:33:58 - 0:02:03 - Epoch 501: train_loss=0.005527008790522814, train_acc= 99.94%
INFO - 09/13/26 22:33:58 - 0:02:04 - Epoch 502: train_loss=0.006136879324913025, train_acc= 99.93%
INFO - 09/13/26 22:33:59 - 0:02:04 - Epoch 503: train_loss=0.005282876081764698, train_acc= 99.96%
INFO - 09/13/26 22:33:59 - 0:02:04 - Epoch 504: train_loss=0.006587904877960682, train_acc= 99.88%
INFO - 09/13/26 22:33:59 - 0:02:04 - Epoch 505: train_loss=0.006515490356832743, train_acc= 99.89%
INFO - 09/13/26 22:33:59 - 0:02:04 - Epoch 505: val_loss=0.8244359493255615, val_acc= 86.92%,val_weighted_f1= 86.71,val_macro_f1= 84.13%
EarlyStopping counter: 8 out of 15
INFO - 09/13/26 22:33:59 - 0:02:05 - Epoch 506: train_loss=0.006065353285521269, train_acc= 99.93%
INFO - 09/13/26 22:34:00 - 0:02:05 - Epoch 507: train_loss=0.005225472152233124, train_acc= 99.93%
INFO - 09/13/26 22:34:00 - 0:02:05 - Epoch 508: train_loss=0.006206710822880268, train_acc= 99.92%
INFO - 09/13/26 22:34:00 - 0:02:05 - Epoch 509: train_loss=0.006222601979970932, train_acc= 99.90%
INFO - 09/13/26 22:34:00 - 0:02:06 - Epoch 510: train_loss=0.006679704412817955, train_acc= 99.87%
INFO - 09/13/26 22:34:00 - 0:02:06 - Epoch 510: val_loss=0.8263559937477112, val_acc= 87.10%,val_weighted_f1= 86.89,val_macro_f1= 84.23%
EarlyStopping counter: 9 out of 15
INFO - 09/13/26 22:34:01 - 0:02:06 - Epoch 511: train_loss=0.005505257286131382, train_acc= 99.95%
INFO - 09/13/26 22:34:01 - 0:02:06 - Epoch 512: train_loss=0.006391293369233608, train_acc= 99.89%
INFO - 09/13/26 22:34:01 - 0:02:06 - Epoch 513: train_loss=0.005453257821500301, train_acc= 99.94%
INFO - 09/13/26 22:34:01 - 0:02:07 - Epoch 514: train_loss=0.006575188133865595, train_acc= 99.89%
INFO - 09/13/26 22:34:02 - 0:02:07 - Epoch 515: train_loss=0.0053249564953148365, train_acc= 99.94%
INFO - 09/13/26 22:34:02 - 0:02:07 - Epoch 515: val_loss=0.8233422636985779, val_acc= 87.17%,val_weighted_f1= 86.97,val_macro_f1= 84.21%
INFO - 09/13/26 22:34:02 - 0:02:07 - Epoch 516: train_loss=0.006019086576998234, train_acc= 99.94%
INFO - 09/13/26 22:34:02 - 0:02:07 - Epoch 517: train_loss=0.005904622841626406, train_acc= 99.90%
INFO - 09/13/26 22:34:02 - 0:02:08 - Epoch 518: train_loss=0.005669634789228439, train_acc= 99.93%
INFO - 09/13/26 22:34:03 - 0:02:08 - Epoch 519: train_loss=0.006315693724900484, train_acc= 99.89%
INFO - 09/13/26 22:34:03 - 0:02:08 - Epoch 520: train_loss=0.005559336859732866, train_acc= 99.93%
INFO - 09/13/26 22:34:03 - 0:02:08 - Epoch 520: val_loss=0.836688756942749, val_acc= 86.94%,val_weighted_f1= 86.70,val_macro_f1= 83.94%
EarlyStopping counter: 1 out of 15
INFO - 09/13/26 22:34:03 - 0:02:08 - Epoch 521: train_loss=0.005752853117883205, train_acc= 99.95%
INFO - 09/13/26 22:34:03 - 0:02:09 - Epoch 522: train_loss=0.005601523444056511, train_acc= 99.93%
INFO - 09/13/26 22:34:03 - 0:02:09 - Epoch 523: train_loss=0.006410500034689903, train_acc= 99.89%
INFO - 09/13/26 22:34:04 - 0:02:09 - Epoch 524: train_loss=0.005629067309200764, train_acc= 99.92%
INFO - 09/13/26 22:34:04 - 0:02:09 - Epoch 525: train_loss=0.005905181635171175, train_acc= 99.94%
INFO - 09/13/26 22:34:04 - 0:02:09 - Epoch 525: val_loss=0.8410417437553406, val_acc= 87.17%,val_weighted_f1= 86.95,val_macro_f1= 84.47%
INFO - 09/13/26 22:34:04 - 0:02:10 - Epoch 526: train_loss=0.0056733060628175735, train_acc= 99.93%
INFO - 09/13/26 22:34:04 - 0:02:10 - Epoch 527: train_loss=0.0058883666060864925, train_acc= 99.89%
INFO - 09/13/26 22:34:05 - 0:02:10 - Epoch 528: train_loss=0.006069479044526815, train_acc= 99.91%
INFO - 09/13/26 22:34:05 - 0:02:10 - Epoch 529: train_loss=0.005515346769243479, train_acc= 99.93%
INFO - 09/13/26 22:34:05 - 0:02:10 - Epoch 530: train_loss=0.005930697079747915, train_acc= 99.87%
INFO - 09/13/26 22:34:05 - 0:02:11 - Epoch 530: val_loss=0.8453027606010437, val_acc= 87.17%,val_weighted_f1= 86.95,val_macro_f1= 84.50%
INFO - 09/13/26 22:34:05 - 0:02:11 - Epoch 531: train_loss=0.005571790970861912, train_acc= 99.90%
INFO - 09/13/26 22:34:06 - 0:02:11 - Epoch 532: train_loss=0.00614886125549674, train_acc= 99.87%
INFO - 09/13/26 22:34:06 - 0:02:11 - Epoch 533: train_loss=0.005430832505226135, train_acc= 99.92%
INFO - 09/13/26 22:34:06 - 0:02:11 - Epoch 534: train_loss=0.004324986133724451, train_acc= 99.94%
INFO - 09/13/26 22:34:06 - 0:02:12 - Epoch 535: train_loss=0.004561022389680147, train_acc= 99.96%
INFO - 09/13/26 22:34:07 - 0:02:12 - Epoch 535: val_loss=0.8384405374526978, val_acc= 87.03%,val_weighted_f1= 86.79,val_macro_f1= 84.19%
EarlyStopping counter: 1 out of 15
INFO - 09/13/26 22:34:07 - 0:02:12 - Epoch 536: train_loss=0.004988324828445911, train_acc= 99.96%
INFO - 09/13/26 22:34:07 - 0:02:12 - Epoch 537: train_loss=0.005386573728173971, train_acc= 99.89%
INFO - 09/13/26 22:34:07 - 0:02:13 - Epoch 538: train_loss=0.005363361444324255, train_acc= 99.89%
INFO - 09/13/26 22:34:07 - 0:02:13 - Epoch 539: train_loss=0.005448801908642054, train_acc= 99.91%
INFO - 09/13/26 22:34:08 - 0:02:13 - Epoch 540: train_loss=0.006762229837477207, train_acc= 99.87%
INFO - 09/13/26 22:34:08 - 0:02:13 - Epoch 540: val_loss=0.8378740549087524, val_acc= 87.01%,val_weighted_f1= 86.80,val_macro_f1= 84.22%
EarlyStopping counter: 2 out of 15
INFO - 09/13/26 22:34:08 - 0:02:13 - Epoch 541: train_loss=0.00540830846875906, train_acc= 99.91%
INFO - 09/13/26 22:34:08 - 0:02:13 - Epoch 542: train_loss=0.0053381840698421, train_acc= 99.90%
INFO - 09/13/26 22:34:08 - 0:02:14 - Epoch 543: train_loss=0.005356045439839363, train_acc= 99.89%
INFO - 09/13/26 22:34:09 - 0:02:14 - Epoch 544: train_loss=0.0055613527074456215, train_acc= 99.89%
INFO - 09/13/26 22:34:09 - 0:02:14 - Epoch 545: train_loss=0.005903027020394802, train_acc= 99.88%
INFO - 09/13/26 22:34:09 - 0:02:14 - Epoch 545: val_loss=0.8462058901786804, val_acc= 86.88%,val_weighted_f1= 86.70,val_macro_f1= 84.05%
EarlyStopping counter: 3 out of 15
INFO - 09/13/26 22:34:09 - 0:02:14 - Epoch 546: train_loss=0.00540142972022295, train_acc= 99.94%
INFO - 09/13/26 22:34:09 - 0:02:15 - Epoch 547: train_loss=0.005435047205537558, train_acc= 99.89%
INFO - 09/13/26 22:34:10 - 0:02:15 - Epoch 548: train_loss=0.005740611348301172, train_acc= 99.90%
INFO - 09/13/26 22:34:10 - 0:02:15 - Epoch 549: train_loss=0.005165389273315668, train_acc= 99.96%
INFO - 09/13/26 22:34:10 - 0:02:15 - Epoch 550: train_loss=0.005630148574709892, train_acc= 99.89%
INFO - 09/13/26 22:34:10 - 0:02:15 - Epoch 550: val_loss=0.8545514941215515, val_acc= 86.83%,val_weighted_f1= 86.57,val_macro_f1= 83.90%
EarlyStopping counter: 4 out of 15
INFO - 09/13/26 22:34:10 - 0:02:16 - Epoch 551: train_loss=0.005295420531183481, train_acc= 99.93%
INFO - 09/13/26 22:34:11 - 0:02:16 - Epoch 552: train_loss=0.00504763238132, train_acc= 99.92%
INFO - 09/13/26 22:34:11 - 0:02:16 - Epoch 553: train_loss=0.004816002212464809, train_acc= 99.95%
INFO - 09/13/26 22:34:11 - 0:02:16 - Epoch 554: train_loss=0.006063398439437151, train_acc= 99.87%
INFO - 09/13/26 22:34:11 - 0:02:17 - Epoch 555: train_loss=0.004812571220099926, train_acc= 99.95%
INFO - 09/13/26 22:34:11 - 0:02:17 - Epoch 555: val_loss=0.8416637778282166, val_acc= 87.04%,val_weighted_f1= 86.84,val_macro_f1= 84.34%
EarlyStopping counter: 5 out of 15
INFO - 09/13/26 22:34:12 - 0:02:17 - Epoch 556: train_loss=0.005001780577003956, train_acc= 99.94%
INFO - 09/13/26 22:34:12 - 0:02:17 - Epoch 557: train_loss=0.00495753763243556, train_acc= 99.96%
INFO - 09/13/26 22:34:12 - 0:02:17 - Epoch 558: train_loss=0.004714122507721186, train_acc= 99.92%
INFO - 09/13/26 22:34:12 - 0:02:18 - Epoch 559: train_loss=0.004649896640330553, train_acc= 99.96%
INFO - 09/13/26 22:34:13 - 0:02:18 - Epoch 560: train_loss=0.004174535628408194, train_acc= 99.96%
INFO - 09/13/26 22:34:13 - 0:02:18 - Epoch 560: val_loss=0.8451029062271118, val_acc= 86.81%,val_weighted_f1= 86.61,val_macro_f1= 84.04%
EarlyStopping counter: 6 out of 15
INFO - 09/13/26 22:34:13 - 0:02:18 - Epoch 561: train_loss=0.004769328515976667, train_acc= 99.95%
INFO - 09/13/26 22:34:13 - 0:02:18 - Epoch 562: train_loss=0.005381281953305006, train_acc= 99.92%
INFO - 09/13/26 22:34:13 - 0:02:19 - Epoch 563: train_loss=0.005100717302411795, train_acc= 99.91%
INFO - 09/13/26 22:34:14 - 0:02:19 - Epoch 564: train_loss=0.005146870389580727, train_acc= 99.89%
INFO - 09/13/26 22:34:14 - 0:02:19 - Epoch 565: train_loss=0.00629402557387948, train_acc= 99.86%
INFO - 09/13/26 22:34:14 - 0:02:19 - Epoch 565: val_loss=0.8571140766143799, val_acc= 86.87%,val_weighted_f1= 86.64,val_macro_f1= 83.95%
EarlyStopping counter: 7 out of 15
INFO - 09/13/26 22:34:14 - 0:02:19 - Epoch 566: train_loss=0.00450844457373023, train_acc= 99.93%
INFO - 09/13/26 22:34:14 - 0:02:20 - Epoch 567: train_loss=0.0037453072145581245, train_acc= 99.98%
INFO - 09/13/26 22:34:14 - 0:02:20 - Epoch 568: train_loss=0.0055121760815382, train_acc= 99.90%
INFO - 09/13/26 22:34:15 - 0:02:20 - Epoch 569: train_loss=0.004419534467160702, train_acc= 99.94%
INFO - 09/13/26 22:34:15 - 0:02:20 - Epoch 570: train_loss=0.005012442823499441, train_acc= 99.94%
INFO - 09/13/26 22:34:15 - 0:02:20 - Epoch 570: val_loss=0.8575721979141235, val_acc= 86.81%,val_weighted_f1= 86.60,val_macro_f1= 84.05%
EarlyStopping counter: 8 out of 15
INFO - 09/13/26 22:34:15 - 0:02:21 - Epoch 571: train_loss=0.0045041427947580814, train_acc= 99.94%
INFO - 09/13/26 22:34:15 - 0:02:21 - Epoch 572: train_loss=0.004349797032773495, train_acc= 99.93%
INFO - 09/13/26 22:34:16 - 0:02:21 - Epoch 573: train_loss=0.004614663310348988, train_acc= 99.92%
INFO - 09/13/26 22:34:16 - 0:02:21 - Epoch 574: train_loss=0.003996426239609718, train_acc= 99.97%
INFO - 09/13/26 22:34:16 - 0:02:22 - Epoch 575: train_loss=0.0052387709729373455, train_acc= 99.91%
INFO - 09/13/26 22:34:16 - 0:02:22 - Epoch 575: val_loss=0.84942227602005, val_acc= 86.88%,val_weighted_f1= 86.68,val_macro_f1= 84.10%
EarlyStopping counter: 9 out of 15
INFO - 09/13/26 22:34:17 - 0:02:22 - Epoch 576: train_loss=0.003940196242183447, train_acc= 99.98%
INFO - 09/13/26 22:34:17 - 0:02:22 - Epoch 577: train_loss=0.0037478485610336065, train_acc= 99.95%
INFO - 09/13/26 22:34:17 - 0:02:22 - Epoch 578: train_loss=0.0048602065071463585, train_acc= 99.88%
INFO - 09/13/26 22:34:17 - 0:02:23 - Epoch 579: train_loss=0.004547195974737406, train_acc= 99.95%
INFO - 09/13/26 22:34:17 - 0:02:23 - Epoch 580: train_loss=0.0037864921614527702, train_acc= 99.96%
INFO - 09/13/26 22:34:18 - 0:02:23 - Epoch 580: val_loss=0.8512722253799438, val_acc= 86.92%,val_weighted_f1= 86.73,val_macro_f1= 84.19%
EarlyStopping counter: 10 out of 15
INFO - 09/13/26 22:34:18 - 0:02:23 - Epoch 581: train_loss=0.004022124223411083, train_acc= 99.95%
INFO - 09/13/26 22:34:18 - 0:02:23 - Epoch 582: train_loss=0.004505905322730541, train_acc= 99.96%
INFO - 09/13/26 22:34:18 - 0:02:24 - Epoch 583: train_loss=0.004241961520165205, train_acc= 99.94%
INFO - 09/13/26 22:34:18 - 0:02:24 - Epoch 584: train_loss=0.004440920427441597, train_acc= 99.93%
INFO - 09/13/26 22:34:19 - 0:02:24 - Epoch 585: train_loss=0.0036700612399727106, train_acc= 99.95%
INFO - 09/13/26 22:34:19 - 0:02:24 - Epoch 585: val_loss=0.8458796739578247, val_acc= 87.24%,val_weighted_f1= 87.04,val_macro_f1= 84.67%
INFO - 09/13/26 22:34:19 - 0:02:24 - Epoch 586: train_loss=0.0038715030532330275, train_acc= 99.97%
INFO - 09/13/26 22:34:19 - 0:02:25 - Epoch 587: train_loss=0.004548593889921904, train_acc= 99.90%
INFO - 09/13/26 22:34:19 - 0:02:25 - Epoch 588: train_loss=0.0034953560680150986, train_acc= 99.97%
INFO - 09/13/26 22:34:20 - 0:02:25 - Epoch 589: train_loss=0.004741749260574579, train_acc= 99.91%
INFO - 09/13/26 22:34:20 - 0:02:25 - Epoch 590: train_loss=0.004428110551089048, train_acc= 99.92%
INFO - 09/13/26 22:34:20 - 0:02:25 - Epoch 590: val_loss=0.8456582427024841, val_acc= 86.92%,val_weighted_f1= 86.73,val_macro_f1= 84.09%
EarlyStopping counter: 1 out of 15
INFO - 09/13/26 22:34:20 - 0:02:26 - Epoch 591: train_loss=0.003630776656791568, train_acc= 99.99%
INFO - 09/13/26 22:34:20 - 0:02:26 - Epoch 592: train_loss=0.0036828420124948025, train_acc= 99.96%
INFO - 09/13/26 22:34:21 - 0:02:26 - Epoch 593: train_loss=0.0035569414030760527, train_acc= 99.96%
INFO - 09/13/26 22:34:21 - 0:02:26 - Epoch 594: train_loss=0.004299565218389034, train_acc= 99.94%
INFO - 09/13/26 22:34:21 - 0:02:26 - Epoch 595: train_loss=0.004331069998443127, train_acc= 99.91%
INFO - 09/13/26 22:34:21 - 0:02:27 - Epoch 595: val_loss=0.8620386123657227, val_acc= 87.13%,val_weighted_f1= 86.91,val_macro_f1= 84.22%
EarlyStopping counter: 2 out of 15
INFO - 09/13/26 22:34:21 - 0:02:27 - Epoch 596: train_loss=0.003764851950109005, train_acc= 99.95%
INFO - 09/13/26 22:34:22 - 0:02:27 - Epoch 597: train_loss=0.003958623856306076, train_acc= 99.96%
INFO - 09/13/26 22:34:22 - 0:02:27 - Epoch 598: train_loss=0.003826386760920286, train_acc= 99.94%
INFO - 09/13/26 22:34:22 - 0:02:27 - Epoch 599: train_loss=0.003869374981150031, train_acc= 99.93%
INFO - 09/13/26 22:34:22 - 0:02:28 - Epoch 600: train_loss=0.00422690249979496, train_acc= 99.91%
INFO - 09/13/26 22:34:22 - 0:02:28 - Epoch 600: val_loss=0.8623302578926086, val_acc= 87.22%,val_weighted_f1= 87.01,val_macro_f1= 84.39%
EarlyStopping counter: 3 out of 15
INFO - 09/13/26 22:34:23 - 0:02:28 - Epoch 601: train_loss=0.0034829226788133383, train_acc= 99.95%
INFO - 09/13/26 22:34:23 - 0:02:28 - Epoch 602: train_loss=0.0038383016362786293, train_acc= 99.96%
INFO - 09/13/26 22:34:23 - 0:02:28 - Epoch 603: train_loss=0.004175970330834389, train_acc= 99.92%
INFO - 09/13/26 22:34:23 - 0:02:29 - Epoch 604: train_loss=0.004232117440551519, train_acc= 99.92%
INFO - 09/13/26 22:34:24 - 0:02:29 - Epoch 605: train_loss=0.00322608626447618, train_acc= 99.98%
INFO - 09/13/26 22:34:24 - 0:02:29 - Epoch 605: val_loss=0.8810726404190063, val_acc= 87.10%,val_weighted_f1= 86.86,val_macro_f1= 84.29%
EarlyStopping counter: 4 out of 15
INFO - 09/13/26 22:34:24 - 0:02:29 - Epoch 606: train_loss=0.004084954969584942, train_acc= 99.96%
INFO - 09/13/26 22:34:24 - 0:02:29 - Epoch 607: train_loss=0.004122111015021801, train_acc= 99.91%
INFO - 09/13/26 22:34:24 - 0:02:30 - Epoch 608: train_loss=0.004410121589899063, train_acc= 99.92%
INFO - 09/13/26 22:34:24 - 0:02:30 - Epoch 609: train_loss=0.0040838588029146194, train_acc= 99.94%
INFO - 09/13/26 22:34:25 - 0:02:30 - Epoch 610: train_loss=0.003862300654873252, train_acc= 99.94%
INFO - 09/13/26 22:34:25 - 0:02:30 - Epoch 610: val_loss=0.8691746592521667, val_acc= 86.95%,val_weighted_f1= 86.75,val_macro_f1= 84.29%
EarlyStopping counter: 5 out of 15
INFO - 09/13/26 22:34:25 - 0:02:30 - Epoch 611: train_loss=0.0036297189071774483, train_acc= 99.96%
INFO - 09/13/26 22:34:25 - 0:02:31 - Epoch 612: train_loss=0.003720416920259595, train_acc= 99.96%
INFO - 09/13/26 22:34:25 - 0:02:31 - Epoch 613: train_loss=0.0035659121349453926, train_acc= 99.96%
INFO - 09/13/26 22:34:26 - 0:02:31 - Epoch 614: train_loss=0.004296265542507172, train_acc= 99.93%
INFO - 09/13/26 22:34:26 - 0:02:31 - Epoch 615: train_loss=0.005055948160588741, train_acc= 99.89%
INFO - 09/13/26 22:34:26 - 0:02:31 - Epoch 615: val_loss=0.883499264717102, val_acc= 86.90%,val_weighted_f1= 86.68,val_macro_f1= 84.04%
EarlyStopping counter: 6 out of 15
INFO - 09/13/26 22:34:26 - 0:02:32 - Epoch 616: train_loss=0.0029440594371408224, train_acc= 99.98%
INFO - 09/13/26 22:34:27 - 0:02:32 - Epoch 617: train_loss=0.003155966056510806, train_acc= 99.97%
INFO - 09/13/26 22:34:27 - 0:02:32 - Epoch 618: train_loss=0.004205235745757818, train_acc= 99.94%
INFO - 09/13/26 22:34:27 - 0:02:32 - Epoch 619: train_loss=0.0031853041145950556, train_acc= 99.97%
INFO - 09/13/26 22:34:27 - 0:02:33 - Epoch 620: train_loss=0.003997401334345341, train_acc= 99.96%
INFO - 09/13/26 22:34:27 - 0:02:33 - Epoch 620: val_loss=0.8726985454559326, val_acc= 86.88%,val_weighted_f1= 86.72,val_macro_f1= 84.21%
EarlyStopping counter: 7 out of 15
INFO - 09/13/26 22:34:28 - 0:02:33 - Epoch 621: train_loss=0.003262751502916217, train_acc= 99.97%
INFO - 09/13/26 22:34:28 - 0:02:33 - Epoch 622: train_loss=0.003269640263170004, train_acc= 99.96%
INFO - 09/13/26 22:34:28 - 0:02:33 - Epoch 623: train_loss=0.003642812604084611, train_acc= 99.95%
INFO - 09/13/26 22:34:28 - 0:02:34 - Epoch 624: train_loss=0.003330300794914365, train_acc= 99.97%
INFO - 09/13/26 22:34:28 - 0:02:34 - Epoch 625: train_loss=0.0034093994181603193, train_acc= 99.96%
INFO - 09/13/26 22:34:28 - 0:02:34 - Epoch 625: val_loss=0.8798743486404419, val_acc= 87.06%,val_weighted_f1= 86.80,val_macro_f1= 84.19%
EarlyStopping counter: 8 out of 15
INFO - 09/13/26 22:34:29 - 0:02:34 - Epoch 626: train_loss=0.0030117002315819263, train_acc= 99.97%
INFO - 09/13/26 22:34:29 - 0:02:34 - Epoch 627: train_loss=0.0037686889991164207, train_acc= 99.95%
INFO - 09/13/26 22:34:29 - 0:02:35 - Epoch 628: train_loss=0.004060687962919474, train_acc= 99.93%
INFO - 09/13/26 22:34:29 - 0:02:35 - Epoch 629: train_loss=0.004056817851960659, train_acc= 99.94%
INFO - 09/13/26 22:34:30 - 0:02:35 - Epoch 630: train_loss=0.0033893189392983913, train_acc= 99.96%
INFO - 09/13/26 22:34:30 - 0:02:35 - Epoch 630: val_loss=0.8761672973632812, val_acc= 87.10%,val_weighted_f1= 86.84,val_macro_f1= 84.30%
EarlyStopping counter: 9 out of 15
INFO - 09/13/26 22:34:30 - 0:02:35 - Epoch 631: train_loss=0.003858214244246483, train_acc= 99.95%
INFO - 09/13/26 22:34:30 - 0:02:36 - Epoch 632: train_loss=0.0033765293192118406, train_acc= 99.95%
INFO - 09/13/26 22:34:30 - 0:02:36 - Epoch 633: train_loss=0.0033447807654738426, train_acc= 99.97%
INFO - 09/13/26 22:34:31 - 0:02:36 - Epoch 634: train_loss=0.0029745555948466063, train_acc= 99.97%
INFO - 09/13/26 22:34:31 - 0:02:36 - Epoch 635: train_loss=0.0034271813929080963, train_acc= 99.96%
INFO - 09/13/26 22:34:31 - 0:02:36 - Epoch 635: val_loss=0.8799487352371216, val_acc= 87.04%,val_weighted_f1= 86.83,val_macro_f1= 84.35%
EarlyStopping counter: 10 out of 15
INFO - 09/13/26 22:34:31 - 0:02:37 - Epoch 636: train_loss=0.003454506164416671, train_acc= 99.96%
INFO - 09/13/26 22:34:31 - 0:02:37 - Epoch 637: train_loss=0.0028900965116918087, train_acc= 100.00%
INFO - 09/13/26 22:34:32 - 0:02:37 - Epoch 638: train_loss=0.0038288936484605074, train_acc= 99.93%
INFO - 09/13/26 22:34:32 - 0:02:37 - Epoch 639: train_loss=0.00313674658536911, train_acc= 99.96%
INFO - 09/13/26 22:34:32 - 0:02:37 - Epoch 640: train_loss=0.003009691834449768, train_acc= 99.98%
INFO - 09/13/26 22:34:32 - 0:02:38 - Epoch 640: val_loss=0.8839726448059082, val_acc= 87.01%,val_weighted_f1= 86.78,val_macro_f1= 84.16%
EarlyStopping counter: 11 out of 15
INFO - 09/13/26 22:34:32 - 0:02:38 - Epoch 641: train_loss=0.0030340433586388826, train_acc= 99.97%
INFO - 09/13/26 22:34:33 - 0:02:38 - Epoch 642: train_loss=0.0031972744036465883, train_acc= 99.95%
INFO - 09/13/26 22:34:33 - 0:02:38 - Epoch 643: train_loss=0.0035990322940051556, train_acc= 99.93%
INFO - 09/13/26 22:34:33 - 0:02:38 - Epoch 644: train_loss=0.003817258169874549, train_acc= 99.93%
INFO - 09/13/26 22:34:33 - 0:02:39 - Epoch 645: train_loss=0.0028522503562271595, train_acc= 99.97%
INFO - 09/13/26 22:34:33 - 0:02:39 - Epoch 645: val_loss=0.8921884298324585, val_acc= 86.94%,val_weighted_f1= 86.71,val_macro_f1= 84.15%
EarlyStopping counter: 12 out of 15
INFO - 09/13/26 22:34:34 - 0:02:39 - Epoch 646: train_loss=0.0032040628138929605, train_acc= 99.94%
INFO - 09/13/26 22:34:34 - 0:02:39 - Epoch 647: train_loss=0.0025500678457319736, train_acc= 99.98%
INFO - 09/13/26 22:34:34 - 0:02:39 - Epoch 648: train_loss=0.0032117017544806004, train_acc= 99.95%
INFO - 09/13/26 22:34:34 - 0:02:40 - Epoch 649: train_loss=0.0027939225547015667, train_acc= 99.98%
INFO - 09/13/26 22:34:35 - 0:02:40 - Epoch 650: train_loss=0.0031514510046690702, train_acc= 99.96%
INFO - 09/13/26 22:34:35 - 0:02:40 - Epoch 650: val_loss=0.901398241519928, val_acc= 87.08%,val_weighted_f1= 86.82,val_macro_f1= 84.22%
EarlyStopping counter: 13 out of 15
INFO - 09/13/26 22:34:35 - 0:02:40 - Epoch 651: train_loss=0.0027597788721323013, train_acc= 99.98%
INFO - 09/13/26 22:34:35 - 0:02:40 - Epoch 652: train_loss=0.0034156020265072584, train_acc= 99.94%
INFO - 09/13/26 22:34:35 - 0:02:41 - Epoch 653: train_loss=0.0031810651998966932, train_acc= 99.97%
INFO - 09/13/26 22:34:35 - 0:02:41 - Epoch 654: train_loss=0.0037485857028514147, train_acc= 99.95%
INFO - 09/13/26 22:34:36 - 0:02:41 - Epoch 655: train_loss=0.0036179069429636, train_acc= 99.92%
INFO - 09/13/26 22:34:36 - 0:02:41 - Epoch 655: val_loss=0.8973818421363831, val_acc= 86.95%,val_weighted_f1= 86.72,val_macro_f1= 84.18%
EarlyStopping counter: 14 out of 15
INFO - 09/13/26 22:34:36 - 0:02:41 - Epoch 656: train_loss=0.0026284579653292894, train_acc= 99.99%
INFO - 09/13/26 22:34:36 - 0:02:42 - Epoch 657: train_loss=0.0029174259398132563, train_acc= 99.96%
INFO - 09/13/26 22:34:37 - 0:02:42 - Epoch 658: train_loss=0.0030357774812728167, train_acc= 99.95%
INFO - 09/13/26 22:34:37 - 0:02:42 - Epoch 659: train_loss=0.0031356646213680506, train_acc= 99.96%
INFO - 09/13/26 22:34:37 - 0:02:42 - Epoch 660: train_loss=0.002970295026898384, train_acc= 99.96%
INFO - 09/13/26 22:34:37 - 0:02:42 - Epoch 660: val_loss=0.8750097155570984, val_acc= 87.04%,val_weighted_f1= 86.86,val_macro_f1= 84.37%
EarlyStopping counter: 15 out of 15
---------Early stopping--------
INFO - 09/13/26 22:34:37 - 0:02:42 - --------------Testing--------------------
INFO - 09/13/26 22:34:37 - 0:02:42 - --------------Loading from ./checkpoints/NC_Roman-empire_model.pt--------------------
INFO - 09/13/26 22:34:37 - 0:02:43 - test_acc= 86.89%, weighted_f1= 86.70,macro_f1= 83.64%
INFO - 09/13/26 22:34:37 - 0:02:43 - test_acc= 86.89%, weighted_f1= 86.70,macro_f1= 83.64%
INFO - 09/13/26 22:34:37 - 0:02:43 - Epoch 0: train_loss=3.2089478969573975, train_acc= 10.97%
INFO - 09/13/26 22:34:38 - 0:02:43 - Epoch 0: val_loss=2.6791369915008545, val_acc= 21.29%,val_weighted_f1= 10.22,val_macro_f1= 4.39%
INFO - 09/13/26 22:34:38 - 0:02:43 - Epoch 1: train_loss=2.6865625381469727, train_acc= 19.09%
INFO - 09/13/26 22:34:38 - 0:02:43 - Epoch 2: train_loss=2.5031001567840576, train_acc= 14.87%
INFO - 09/13/26 22:34:38 - 0:02:44 - Epoch 3: train_loss=2.454082489013672, train_acc= 24.30%
INFO - 09/13/26 22:34:38 - 0:02:44 - Epoch 4: train_loss=2.386892318725586, train_acc= 25.07%
INFO - 09/13/26 22:34:39 - 0:02:44 - Epoch 5: train_loss=2.290489912033081, train_acc= 30.88%
INFO - 09/13/26 22:34:39 - 0:02:44 - Epoch 5: val_loss=2.219017744064331, val_acc= 44.17%,val_weighted_f1= 35.34,val_macro_f1= 18.07%
INFO - 09/13/26 22:34:39 - 0:02:44 - Epoch 6: train_loss=2.226912260055542, train_acc= 43.11%
INFO - 09/13/26 22:34:39 - 0:02:45 - Epoch 7: train_loss=2.1761655807495117, train_acc= 36.80%
INFO - 09/13/26 22:34:40 - 0:02:45 - Epoch 8: train_loss=2.1200125217437744, train_acc= 36.12%
INFO - 09/13/26 22:34:40 - 0:02:45 - Epoch 9: train_loss=2.055647373199463, train_acc= 40.56%
INFO - 09/13/26 22:34:40 - 0:02:45 - Epoch 10: train_loss=1.986603021621704, train_acc= 47.18%
INFO - 09/13/26 22:34:40 - 0:02:45 - Epoch 10: val_loss=1.9125028848648071, val_acc= 47.61%,val_weighted_f1= 38.29,val_macro_f1= 21.37%
INFO - 09/13/26 22:34:40 - 0:02:46 - Epoch 11: train_loss=1.9194163084030151, train_acc= 47.04%
INFO - 09/13/26 22:34:40 - 0:02:46 - Epoch 12: train_loss=1.8585501909255981, train_acc= 44.14%
INFO - 09/13/26 22:34:41 - 0:02:46 - Epoch 13: train_loss=1.8011523485183716, train_acc= 44.79%
INFO - 09/13/26 22:34:41 - 0:02:46 - Epoch 14: train_loss=1.739457130432129, train_acc= 47.45%
INFO - 09/13/26 22:34:41 - 0:02:47 - Epoch 15: train_loss=1.680983066558838, train_acc= 51.26%
INFO - 09/13/26 22:34:41 - 0:02:47 - Epoch 15: val_loss=1.6125577688217163, val_acc= 54.14%,val_weighted_f1= 46.34,val_macro_f1= 25.97%
INFO - 09/13/26 22:34:41 - 0:02:47 - Epoch 16: train_loss=1.6264978647232056, train_acc= 53.72%
INFO - 09/13/26 22:34:42 - 0:02:47 - Epoch 17: train_loss=1.5797063112258911, train_acc= 54.36%
INFO - 09/13/26 22:34:42 - 0:02:47 - Epoch 18: train_loss=1.5312010049819946, train_acc= 56.09%
INFO - 09/13/26 22:34:42 - 0:02:47 - Epoch 19: train_loss=1.4909164905548096, train_acc= 56.57%
INFO - 09/13/26 22:34:42 - 0:02:48 - Epoch 20: train_loss=1.4464111328125, train_acc= 57.66%
INFO - 09/13/26 22:34:42 - 0:02:48 - Epoch 20: val_loss=1.3871091604232788, val_acc= 58.50%,val_weighted_f1= 53.21,val_macro_f1= 36.43%
INFO - 09/13/26 22:34:43 - 0:02:48 - Epoch 21: train_loss=1.4083373546600342, train_acc= 58.52%
INFO - 09/13/26 22:34:43 - 0:02:48 - Epoch 22: train_loss=1.3777436017990112, train_acc= 58.49%
INFO - 09/13/26 22:34:43 - 0:02:48 - Epoch 23: train_loss=1.3448327779769897, train_acc= 58.87%
INFO - 09/13/26 22:34:43 - 0:02:49 - Epoch 24: train_loss=1.3136870861053467, train_acc= 59.63%
INFO - 09/13/26 22:34:44 - 0:02:49 - Epoch 25: train_loss=1.2828537225723267, train_acc= 60.17%
INFO - 09/13/26 22:34:44 - 0:02:49 - Epoch 25: val_loss=1.2304896116256714, val_acc= 61.71%,val_weighted_f1= 57.16,val_macro_f1= 41.01%
INFO - 09/13/26 22:34:44 - 0:02:49 - Epoch 26: train_loss=1.252787709236145, train_acc= 61.00%
INFO - 09/13/26 22:34:44 - 0:02:50 - Epoch 27: train_loss=1.2218961715698242, train_acc= 61.68%
INFO - 09/13/26 22:34:44 - 0:02:50 - Epoch 28: train_loss=1.1914705038070679, train_acc= 62.48%
INFO - 09/13/26 22:34:45 - 0:02:50 - Epoch 29: train_loss=1.1746461391448975, train_acc= 62.80%
INFO - 09/13/26 22:34:45 - 0:02:50 - Epoch 30: train_loss=1.1482493877410889, train_acc= 63.52%
INFO - 09/13/26 22:34:45 - 0:02:50 - Epoch 30: val_loss=1.091843605041504, val_acc= 65.03%,val_weighted_f1= 60.75,val_macro_f1= 47.48%
INFO - 09/13/26 22:34:45 - 0:02:51 - Epoch 31: train_loss=1.1213219165802002, train_acc= 64.50%
INFO - 09/13/26 22:34:45 - 0:02:51 - Epoch 32: train_loss=1.0969363451004028, train_acc= 65.12%
INFO - 09/13/26 22:34:46 - 0:02:51 - Epoch 33: train_loss=1.0699903964996338, train_acc= 66.42%
INFO - 09/13/26 22:34:46 - 0:02:51 - Epoch 34: train_loss=1.0549620389938354, train_acc= 66.21%
INFO - 09/13/26 22:34:46 - 0:02:51 - Epoch 35: train_loss=1.0295807123184204, train_acc= 66.93%
INFO - 09/13/26 22:34:46 - 0:02:51 - Epoch 35: val_loss=0.9785365462303162, val_acc= 68.60%,val_weighted_f1= 65.42,val_macro_f1= 52.78%
INFO - 09/13/26 22:34:46 - 0:02:52 - Epoch 36: train_loss=1.010576844215393, train_acc= 67.73%
INFO - 09/13/26 22:34:47 - 0:02:52 - Epoch 37: train_loss=0.9929524660110474, train_acc= 67.97%
INFO - 09/13/26 22:34:47 - 0:02:52 - Epoch 38: train_loss=0.9807994365692139, train_acc= 68.57%
INFO - 09/13/26 22:34:47 - 0:02:52 - Epoch 39: train_loss=0.9604384899139404, train_acc= 68.71%
INFO - 09/13/26 22:34:47 - 0:02:53 - Epoch 40: train_loss=0.9428456425666809, train_acc= 69.38%
INFO - 09/13/26 22:34:47 - 0:02:53 - Epoch 40: val_loss=0.8971365690231323, val_acc= 70.98%,val_weighted_f1= 68.74,val_macro_f1= 56.76%
INFO - 09/13/26 22:34:48 - 0:02:53 - Epoch 41: train_loss=0.9239593744277954, train_acc= 70.37%
INFO - 09/13/26 22:34:48 - 0:02:53 - Epoch 42: train_loss=0.9127943515777588, train_acc= 69.84%
INFO - 09/13/26 22:34:48 - 0:02:53 - Epoch 43: train_loss=0.8922076225280762, train_acc= 70.81%
INFO - 09/13/26 22:34:48 - 0:02:54 - Epoch 44: train_loss=0.8840447068214417, train_acc= 71.10%
INFO - 09/13/26 22:34:49 - 0:02:54 - Epoch 45: train_loss=0.863493800163269, train_acc= 71.84%
INFO - 09/13/26 22:34:49 - 0:02:54 - Epoch 45: val_loss=0.845497727394104, val_acc= 72.02%,val_weighted_f1= 69.17,val_macro_f1= 58.39%
INFO - 09/13/26 22:34:49 - 0:02:54 - Epoch 46: train_loss=0.8481824994087219, train_acc= 72.02%
INFO - 09/13/26 22:34:49 - 0:02:54 - Epoch 47: train_loss=0.8327560424804688, train_acc= 72.89%
INFO - 09/13/26 22:34:49 - 0:02:55 - Epoch 48: train_loss=0.8241637349128723, train_acc= 72.84%
INFO - 09/13/26 22:34:50 - 0:02:55 - Epoch 49: train_loss=0.8114377856254578, train_acc= 73.03%
INFO - 09/13/26 22:34:50 - 0:02:55 - Epoch 50: train_loss=0.7970257997512817, train_acc= 73.90%
INFO - 09/13/26 22:34:50 - 0:02:55 - Epoch 50: val_loss=0.7787473797798157, val_acc= 74.60%,val_weighted_f1= 72.77,val_macro_f1= 62.65%
INFO - 09/13/26 22:34:50 - 0:02:55 - Epoch 51: train_loss=0.7859063148498535, train_acc= 73.89%
INFO - 09/13/26 22:34:50 - 0:02:56 - Epoch 52: train_loss=0.7700687050819397, train_acc= 74.39%
INFO - 09/13/26 22:34:51 - 0:02:56 - Epoch 53: train_loss=0.7641924619674683, train_acc= 74.53%
INFO - 09/13/26 22:34:51 - 0:02:56 - Epoch 54: train_loss=0.7505289316177368, train_acc= 75.09%
INFO - 09/13/26 22:34:51 - 0:02:56 - Epoch 55: train_loss=0.7417828440666199, train_acc= 75.31%
INFO - 09/13/26 22:34:51 - 0:02:56 - Epoch 55: val_loss=0.7364455461502075, val_acc= 75.73%,val_weighted_f1= 74.02,val_macro_f1= 64.70%
INFO - 09/13/26 22:34:51 - 0:02:57 - Epoch 56: train_loss=0.7282427549362183, train_acc= 75.55%
INFO - 09/13/26 22:34:52 - 0:02:57 - Epoch 57: train_loss=0.7230798602104187, train_acc= 75.93%
INFO - 09/13/26 22:34:52 - 0:02:57 - Epoch 58: train_loss=0.7103340029716492, train_acc= 76.17%
INFO - 09/13/26 22:34:52 - 0:02:57 - Epoch 59: train_loss=0.7002632021903992, train_acc= 76.65%
INFO - 09/13/26 22:34:52 - 0:02:58 - Epoch 60: train_loss=0.6877768039703369, train_acc= 76.67%
INFO - 09/13/26 22:34:52 - 0:02:58 - Epoch 60: val_loss=0.7001701593399048, val_acc= 76.58%,val_weighted_f1= 75.08,val_macro_f1= 66.91%
INFO - 09/13/26 22:34:52 - 0:02:58 - Epoch 61: train_loss=0.6790903806686401, train_acc= 77.00%
INFO - 09/13/26 22:34:53 - 0:02:58 - Epoch 62: train_loss=0.6712701320648193, train_acc= 77.28%
INFO - 09/13/26 22:34:53 - 0:02:58 - Epoch 63: train_loss=0.6641142964363098, train_acc= 77.58%
INFO - 09/13/26 22:34:53 - 0:02:58 - Epoch 64: train_loss=0.655341625213623, train_acc= 78.08%
INFO - 09/13/26 22:34:53 - 0:02:59 - Epoch 65: train_loss=0.6521684527397156, train_acc= 77.77%
INFO - 09/13/26 22:34:54 - 0:02:59 - Epoch 65: val_loss=0.669173538684845, val_acc= 78.02%,val_weighted_f1= 77.13,val_macro_f1= 69.87%
INFO - 09/13/26 22:34:54 - 0:02:59 - Epoch 66: train_loss=0.6406368017196655, train_acc= 78.60%
INFO - 09/13/26 22:34:54 - 0:02:59 - Epoch 67: train_loss=0.6295589208602905, train_acc= 78.77%
INFO - 09/13/26 22:34:54 - 0:03:00 - Epoch 68: train_loss=0.6190618872642517, train_acc= 79.20%
INFO - 09/13/26 22:34:54 - 0:03:00 - Epoch 69: train_loss=0.61252361536026, train_acc= 79.79%
INFO - 09/13/26 22:34:55 - 0:03:00 - Epoch 70: train_loss=0.6066100001335144, train_acc= 79.56%
INFO - 09/13/26 22:34:55 - 0:03:00 - Epoch 70: val_loss=0.6466988325119019, val_acc= 78.57%,val_weighted_f1= 77.56,val_macro_f1= 70.97%
INFO - 09/13/26 22:34:55 - 0:03:00 - Epoch 71: train_loss=0.5947762727737427, train_acc= 79.98%
INFO - 09/13/26 22:34:55 - 0:03:01 - Epoch 72: train_loss=0.5951069593429565, train_acc= 80.09%
INFO - 09/13/26 22:34:55 - 0:03:01 - Epoch 73: train_loss=0.5874033570289612, train_acc= 80.10%
INFO - 09/13/26 22:34:56 - 0:03:01 - Epoch 74: train_loss=0.578510046005249, train_acc= 80.58%
INFO - 09/13/26 22:34:56 - 0:03:01 - Epoch 75: train_loss=0.568002462387085, train_acc= 80.45%
INFO - 09/13/26 22:34:56 - 0:03:01 - Epoch 75: val_loss=0.6235085129737854, val_acc= 79.42%,val_weighted_f1= 78.47,val_macro_f1= 72.45%
INFO - 09/13/26 22:34:56 - 0:03:02 - Epoch 76: train_loss=0.5646015405654907, train_acc= 80.83%
INFO - 09/13/26 22:34:56 - 0:03:02 - Epoch 77: train_loss=0.5583968162536621, train_acc= 81.27%
INFO - 09/13/26 22:34:57 - 0:03:02 - Epoch 78: train_loss=0.5597589612007141, train_acc= 81.21%
INFO - 09/13/26 22:34:57 - 0:03:02 - Epoch 79: train_loss=0.5638787746429443, train_acc= 80.89%
INFO - 09/13/26 22:34:57 - 0:03:02 - Epoch 80: train_loss=0.5662214756011963, train_acc= 80.95%
INFO - 09/13/26 22:34:57 - 0:03:02 - Epoch 80: val_loss=0.6053021550178528, val_acc= 80.04%,val_weighted_f1= 79.39,val_macro_f1= 73.80%
INFO - 09/13/26 22:34:57 - 0:03:03 - Epoch 81: train_loss=0.5468724370002747, train_acc= 81.61%
INFO - 09/13/26 22:34:58 - 0:03:03 - Epoch 82: train_loss=0.545495331287384, train_acc= 81.40%
INFO - 09/13/26 22:34:58 - 0:03:03 - Epoch 83: train_loss=0.5361531376838684, train_acc= 81.78%
INFO - 09/13/26 22:34:58 - 0:03:03 - Epoch 84: train_loss=0.5322347283363342, train_acc= 82.05%
INFO - 09/13/26 22:34:58 - 0:03:04 - Epoch 85: train_loss=0.522556722164154, train_acc= 82.36%
INFO - 09/13/26 22:34:58 - 0:03:04 - Epoch 85: val_loss=0.5915294289588928, val_acc= 80.42%,val_weighted_f1= 79.49,val_macro_f1= 73.90%
INFO - 09/13/26 22:34:59 - 0:03:04 - Epoch 86: train_loss=0.5105293989181519, train_acc= 82.61%
INFO - 09/13/26 22:34:59 - 0:03:04 - Epoch 87: train_loss=0.5156422853469849, train_acc= 82.84%
INFO - 09/13/26 22:34:59 - 0:03:04 - Epoch 88: train_loss=0.5000492930412292, train_acc= 83.34%
INFO - 09/13/26 22:34:59 - 0:03:05 - Epoch 89: train_loss=0.5012019872665405, train_acc= 83.29%
INFO - 09/13/26 22:35:00 - 0:03:05 - Epoch 90: train_loss=0.49310147762298584, train_acc= 83.41%
INFO - 09/13/26 22:35:00 - 0:03:05 - Epoch 90: val_loss=0.5637145638465881, val_acc= 81.32%,val_weighted_f1= 80.89,val_macro_f1= 75.86%
INFO - 09/13/26 22:35:00 - 0:03:05 - Epoch 91: train_loss=0.48745012283325195, train_acc= 83.77%
INFO - 09/13/26 22:35:00 - 0:03:05 - Epoch 92: train_loss=0.48130470514297485, train_acc= 83.56%
INFO - 09/13/26 22:35:00 - 0:03:06 - Epoch 93: train_loss=0.47822633385658264, train_acc= 83.66%
INFO - 09/13/26 22:35:01 - 0:03:06 - Epoch 94: train_loss=0.4718310832977295, train_acc= 83.90%
INFO - 09/13/26 22:35:01 - 0:03:06 - Epoch 95: train_loss=0.4644172489643097, train_acc= 84.34%
INFO - 09/13/26 22:35:01 - 0:03:06 - Epoch 95: val_loss=0.5631367564201355, val_acc= 81.87%,val_weighted_f1= 81.06,val_macro_f1= 76.35%
INFO - 09/13/26 22:35:01 - 0:03:06 - Epoch 96: train_loss=0.4643316864967346, train_acc= 84.68%
INFO - 09/13/26 22:35:01 - 0:03:07 - Epoch 97: train_loss=0.45905977487564087, train_acc= 84.68%
INFO - 09/13/26 22:35:02 - 0:03:07 - Epoch 98: train_loss=0.45276951789855957, train_acc= 84.81%
INFO - 09/13/26 22:35:02 - 0:03:07 - Epoch 99: train_loss=0.44978398084640503, train_acc= 84.71%
INFO - 09/13/26 22:35:02 - 0:03:07 - Epoch 100: train_loss=0.442496657371521, train_acc= 85.13%
INFO - 09/13/26 22:35:02 - 0:03:07 - Epoch 100: val_loss=0.5368481874465942, val_acc= 82.81%,val_weighted_f1= 82.36,val_macro_f1= 78.21%
INFO - 09/13/26 22:35:02 - 0:03:08 - Epoch 101: train_loss=0.44086334109306335, train_acc= 84.93%
INFO - 09/13/26 22:35:03 - 0:03:08 - Epoch 102: train_loss=0.43555179238319397, train_acc= 85.30%
INFO - 09/13/26 22:35:03 - 0:03:08 - Epoch 103: train_loss=0.4285580813884735, train_acc= 85.49%
INFO - 09/13/26 22:35:03 - 0:03:08 - Epoch 104: train_loss=0.42761462926864624, train_acc= 85.69%
INFO - 09/13/26 22:35:03 - 0:03:09 - Epoch 105: train_loss=0.4231966435909271, train_acc= 85.54%
INFO - 09/13/26 22:35:03 - 0:03:09 - Epoch 105: val_loss=0.5297800302505493, val_acc= 82.95%,val_weighted_f1= 82.38,val_macro_f1= 78.09%
INFO - 09/13/26 22:35:04 - 0:03:09 - Epoch 106: train_loss=0.4144587814807892, train_acc= 85.85%
INFO - 09/13/26 22:35:04 - 0:03:09 - Epoch 107: train_loss=0.41797423362731934, train_acc= 85.78%
INFO - 09/13/26 22:35:04 - 0:03:09 - Epoch 108: train_loss=0.4115237593650818, train_acc= 86.29%
INFO - 09/13/26 22:35:04 - 0:03:10 - Epoch 109: train_loss=0.4089673161506653, train_acc= 85.98%
INFO - 09/13/26 22:35:04 - 0:03:10 - Epoch 110: train_loss=0.40283486247062683, train_acc= 86.26%
INFO - 09/13/26 22:35:05 - 0:03:10 - Epoch 110: val_loss=0.5316733121871948, val_acc= 83.42%,val_weighted_f1= 82.67,val_macro_f1= 78.76%
INFO - 09/13/26 22:35:05 - 0:03:10 - Epoch 111: train_loss=0.39804500341415405, train_acc= 86.36%
INFO - 09/13/26 22:35:05 - 0:03:10 - Epoch 112: train_loss=0.39656853675842285, train_acc= 86.51%
INFO - 09/13/26 22:35:05 - 0:03:11 - Epoch 113: train_loss=0.3887508511543274, train_acc= 86.81%
INFO - 09/13/26 22:35:05 - 0:03:11 - Epoch 114: train_loss=0.3984077572822571, train_acc= 86.64%
INFO - 09/13/26 22:35:06 - 0:03:11 - Epoch 115: train_loss=0.40164420008659363, train_acc= 86.13%
INFO - 09/13/26 22:35:06 - 0:03:11 - Epoch 115: val_loss=0.5220401287078857, val_acc= 83.57%,val_weighted_f1= 82.98,val_macro_f1= 79.30%
INFO - 09/13/26 22:35:06 - 0:03:11 - Epoch 116: train_loss=0.3826858401298523, train_acc= 87.19%
INFO - 09/13/26 22:35:06 - 0:03:12 - Epoch 117: train_loss=0.3701632618904114, train_acc= 87.71%
INFO - 09/13/26 22:35:06 - 0:03:12 - Epoch 118: train_loss=0.3806138038635254, train_acc= 87.06%
INFO - 09/13/26 22:35:07 - 0:03:12 - Epoch 119: train_loss=0.3686695694923401, train_acc= 87.46%
INFO - 09/13/26 22:35:07 - 0:03:12 - Epoch 120: train_loss=0.36391717195510864, train_acc= 87.60%
INFO - 09/13/26 22:35:07 - 0:03:12 - Epoch 120: val_loss=0.5088783502578735, val_acc= 84.24%,val_weighted_f1= 83.79,val_macro_f1= 80.17%
INFO - 09/13/26 22:35:07 - 0:03:13 - Epoch 121: train_loss=0.3629436194896698, train_acc= 87.37%
INFO - 09/13/26 22:35:07 - 0:03:13 - Epoch 122: train_loss=0.352416068315506, train_acc= 88.20%
INFO - 09/13/26 22:35:08 - 0:03:13 - Epoch 123: train_loss=0.3563287556171417, train_acc= 88.00%
INFO - 09/13/26 22:35:08 - 0:03:13 - Epoch 124: train_loss=0.3477265238761902, train_acc= 88.47%
INFO - 09/13/26 22:35:08 - 0:03:14 - Epoch 125: train_loss=0.3465481698513031, train_acc= 87.97%
INFO - 09/13/26 22:35:08 - 0:03:14 - Epoch 125: val_loss=0.5057818293571472, val_acc= 84.40%,val_weighted_f1= 83.79,val_macro_f1= 80.23%
INFO - 09/13/26 22:35:08 - 0:03:14 - Epoch 126: train_loss=0.34121817350387573, train_acc= 88.50%
INFO - 09/13/26 22:35:09 - 0:03:14 - Epoch 127: train_loss=0.33540472388267517, train_acc= 88.99%
INFO - 09/13/26 22:35:09 - 0:03:14 - Epoch 128: train_loss=0.33428946137428284, train_acc= 88.87%
INFO - 09/13/26 22:35:09 - 0:03:15 - Epoch 129: train_loss=0.3246038556098938, train_acc= 89.21%
INFO - 09/13/26 22:35:09 - 0:03:15 - Epoch 130: train_loss=0.3253939151763916, train_acc= 89.18%
INFO - 09/13/26 22:35:09 - 0:03:15 - Epoch 130: val_loss=0.49461042881011963, val_acc= 84.84%,val_weighted_f1= 84.38,val_macro_f1= 80.87%
INFO - 09/13/26 22:35:10 - 0:03:15 - Epoch 131: train_loss=0.32323795557022095, train_acc= 89.18%
INFO - 09/13/26 22:35:10 - 0:03:15 - Epoch 132: train_loss=0.31787189841270447, train_acc= 89.51%
INFO - 09/13/26 22:35:10 - 0:03:15 - Epoch 133: train_loss=0.31501132249832153, train_acc= 89.44%
INFO - 09/13/26 22:35:10 - 0:03:16 - Epoch 134: train_loss=0.3093496263027191, train_acc= 89.59%
INFO - 09/13/26 22:35:11 - 0:03:16 - Epoch 135: train_loss=0.3058239221572876, train_acc= 89.96%
INFO - 09/13/26 22:35:11 - 0:03:16 - Epoch 135: val_loss=0.4878596067428589, val_acc= 85.10%,val_weighted_f1= 84.72,val_macro_f1= 81.13%
INFO - 09/13/26 22:35:11 - 0:03:16 - Epoch 136: train_loss=0.30061423778533936, train_acc= 90.12%
INFO - 09/13/26 22:35:11 - 0:03:16 - Epoch 137: train_loss=0.29871973395347595, train_acc= 90.07%
INFO - 09/13/26 22:35:11 - 0:03:17 - Epoch 138: train_loss=0.2972395122051239, train_acc= 89.98%
INFO - 09/13/26 22:35:12 - 0:03:17 - Epoch 139: train_loss=0.29431992769241333, train_acc= 90.14%
INFO - 09/13/26 22:35:12 - 0:03:17 - Epoch 140: train_loss=0.28756973147392273, train_acc= 90.56%
INFO - 09/13/26 22:35:12 - 0:03:17 - Epoch 140: val_loss=0.49145060777664185, val_acc= 85.24%,val_weighted_f1= 84.77,val_macro_f1= 81.37%
INFO - 09/13/26 22:35:12 - 0:03:17 - Epoch 141: train_loss=0.2858709394931793, train_acc= 90.49%
INFO - 09/13/26 22:35:12 - 0:03:18 - Epoch 142: train_loss=0.2818337380886078, train_acc= 90.66%
INFO - 09/13/26 22:35:13 - 0:03:18 - Epoch 143: train_loss=0.2788476347923279, train_acc= 90.80%
INFO - 09/13/26 22:35:13 - 0:03:18 - Epoch 144: train_loss=0.28589046001434326, train_acc= 90.50%
INFO - 09/13/26 22:35:13 - 0:03:18 - Epoch 145: train_loss=0.29019349813461304, train_acc= 90.20%
INFO - 09/13/26 22:35:13 - 0:03:19 - Epoch 145: val_loss=0.4838854670524597, val_acc= 85.83%,val_weighted_f1= 85.70,val_macro_f1= 82.28%
INFO - 09/13/26 22:35:13 - 0:03:19 - Epoch 146: train_loss=0.29043707251548767, train_acc= 90.26%
INFO - 09/13/26 22:35:14 - 0:03:19 - Epoch 147: train_loss=0.28216686844825745, train_acc= 90.42%
INFO - 09/13/26 22:35:14 - 0:03:19 - Epoch 148: train_loss=0.2580704391002655, train_acc= 91.62%
INFO - 09/13/26 22:35:14 - 0:03:19 - Epoch 149: train_loss=0.27547332644462585, train_acc= 90.89%
INFO - 09/13/26 22:35:14 - 0:03:20 - Epoch 150: train_loss=0.2726927399635315, train_acc= 90.91%
INFO - 09/13/26 22:35:14 - 0:03:20 - Epoch 150: val_loss=0.49427005648612976, val_acc= 85.56%,val_weighted_f1= 85.07,val_macro_f1= 81.68%
EarlyStopping counter: 1 out of 15
INFO - 09/13/26 22:35:15 - 0:03:20 - Epoch 151: train_loss=0.2580219805240631, train_acc= 91.45%
INFO - 09/13/26 22:35:15 - 0:03:20 - Epoch 152: train_loss=0.26654860377311707, train_acc= 91.25%
INFO - 09/13/26 22:35:15 - 0:03:20 - Epoch 153: train_loss=0.2529755234718323, train_acc= 91.76%
INFO - 09/13/26 22:35:15 - 0:03:21 - Epoch 154: train_loss=0.2595912218093872, train_acc= 91.40%
INFO - 09/13/26 22:35:15 - 0:03:21 - Epoch 155: train_loss=0.24729709327220917, train_acc= 92.06%
INFO - 09/13/26 22:35:16 - 0:03:21 - Epoch 155: val_loss=0.48520633578300476, val_acc= 85.74%,val_weighted_f1= 85.53,val_macro_f1= 82.34%
EarlyStopping counter: 2 out of 15
INFO - 09/13/26 22:35:16 - 0:03:21 - Epoch 156: train_loss=0.2526575028896332, train_acc= 91.68%
INFO - 09/13/26 22:35:16 - 0:03:21 - Epoch 157: train_loss=0.2428666651248932, train_acc= 92.06%
INFO - 09/13/26 22:35:16 - 0:03:22 - Epoch 158: train_loss=0.24068200588226318, train_acc= 92.06%
INFO - 09/13/26 22:35:16 - 0:03:22 - Epoch 159: train_loss=0.23865705728530884, train_acc= 92.10%
INFO - 09/13/26 22:35:17 - 0:03:22 - Epoch 160: train_loss=0.2294411063194275, train_acc= 92.69%
INFO - 09/13/26 22:35:17 - 0:03:22 - Epoch 160: val_loss=0.4954708218574524, val_acc= 85.56%,val_weighted_f1= 85.06,val_macro_f1= 81.55%
EarlyStopping counter: 3 out of 15
INFO - 09/13/26 22:35:17 - 0:03:22 - Epoch 161: train_loss=0.2302921712398529, train_acc= 92.64%
INFO - 09/13/26 22:35:17 - 0:03:23 - Epoch 162: train_loss=0.22189542651176453, train_acc= 92.66%
INFO - 09/13/26 22:35:17 - 0:03:23 - Epoch 163: train_loss=0.22642041742801666, train_acc= 92.53%
INFO - 09/13/26 22:35:18 - 0:03:23 - Epoch 164: train_loss=0.2164841741323471, train_acc= 93.13%
INFO - 09/13/26 22:35:18 - 0:03:23 - Epoch 165: train_loss=0.21833598613739014, train_acc= 93.01%
INFO - 09/13/26 22:35:18 - 0:03:23 - Epoch 165: val_loss=0.48213833570480347, val_acc= 86.04%,val_weighted_f1= 85.72,val_macro_f1= 82.36%
INFO - 09/13/26 22:35:18 - 0:03:24 - Epoch 166: train_loss=0.21690110862255096, train_acc= 92.91%
INFO - 09/13/26 22:35:18 - 0:03:24 - Epoch 167: train_loss=0.20856206119060516, train_acc= 93.35%
INFO - 09/13/26 22:35:19 - 0:03:24 - Epoch 168: train_loss=0.21053412556648254, train_acc= 93.21%
INFO - 09/13/26 22:35:19 - 0:03:24 - Epoch 169: train_loss=0.20335116982460022, train_acc= 93.50%
INFO - 09/13/26 22:35:19 - 0:03:25 - Epoch 170: train_loss=0.2024201601743698, train_acc= 93.65%
INFO - 09/13/26 22:35:19 - 0:03:25 - Epoch 170: val_loss=0.4884270131587982, val_acc= 86.27%,val_weighted_f1= 85.98,val_macro_f1= 82.73%
INFO - 09/13/26 22:35:19 - 0:03:25 - Epoch 171: train_loss=0.19981010258197784, train_acc= 93.88%
INFO - 09/13/26 22:35:20 - 0:03:25 - Epoch 172: train_loss=0.1985136866569519, train_acc= 93.83%
INFO - 09/13/26 22:35:20 - 0:03:25 - Epoch 173: train_loss=0.1978205442428589, train_acc= 93.44%
INFO - 09/13/26 22:35:20 - 0:03:26 - Epoch 174: train_loss=0.1909073442220688, train_acc= 94.09%
INFO - 09/13/26 22:35:20 - 0:03:26 - Epoch 175: train_loss=0.198575958609581, train_acc= 93.33%
INFO - 09/13/26 22:35:20 - 0:03:26 - Epoch 175: val_loss=0.5003191828727722, val_acc= 86.21%,val_weighted_f1= 85.82,val_macro_f1= 82.37%
EarlyStopping counter: 1 out of 15
INFO - 09/13/26 22:35:21 - 0:03:26 - Epoch 176: train_loss=0.18660204112529755, train_acc= 94.08%
INFO - 09/13/26 22:35:21 - 0:03:26 - Epoch 177: train_loss=0.18930943310260773, train_acc= 94.11%
INFO - 09/13/26 22:35:21 - 0:03:26 - Epoch 178: train_loss=0.1878330558538437, train_acc= 93.89%
INFO - 09/13/26 22:35:21 - 0:03:27 - Epoch 179: train_loss=0.18435148894786835, train_acc= 94.10%
INFO - 09/13/26 22:35:22 - 0:03:27 - Epoch 180: train_loss=0.18423591554164886, train_acc= 93.98%
INFO - 09/13/26 22:35:22 - 0:03:27 - Epoch 180: val_loss=0.4898988604545593, val_acc= 87.01%,val_weighted_f1= 86.82,val_macro_f1= 83.45%
INFO - 09/13/26 22:35:22 - 0:03:27 - Epoch 181: train_loss=0.1852060705423355, train_acc= 94.01%
INFO - 09/13/26 22:35:22 - 0:03:27 - Epoch 182: train_loss=0.18250268697738647, train_acc= 93.92%
INFO - 09/13/26 22:35:22 - 0:03:28 - Epoch 183: train_loss=0.171202152967453, train_acc= 94.57%
INFO - 09/13/26 22:35:23 - 0:03:28 - Epoch 184: train_loss=0.16838102042675018, train_acc= 94.79%
INFO - 09/13/26 22:35:23 - 0:03:28 - Epoch 185: train_loss=0.16507789492607117, train_acc= 94.75%
INFO - 09/13/26 22:35:23 - 0:03:28 - Epoch 185: val_loss=0.4950004816055298, val_acc= 86.69%,val_weighted_f1= 86.41,val_macro_f1= 83.07%
EarlyStopping counter: 1 out of 15
INFO - 09/13/26 22:35:23 - 0:03:29 - Epoch 186: train_loss=0.16813410818576813, train_acc= 94.40%
INFO - 09/13/26 22:35:23 - 0:03:29 - Epoch 187: train_loss=0.16612228751182556, train_acc= 94.48%
INFO - 09/13/26 22:35:24 - 0:03:29 - Epoch 188: train_loss=0.15961501002311707, train_acc= 95.03%
INFO - 09/13/26 22:35:24 - 0:03:29 - Epoch 189: train_loss=0.16114836931228638, train_acc= 94.74%
INFO - 09/13/26 22:35:24 - 0:03:29 - Epoch 190: train_loss=0.16073139011859894, train_acc= 95.08%
INFO - 09/13/26 22:35:24 - 0:03:30 - Epoch 190: val_loss=0.5000306367874146, val_acc= 86.60%,val_weighted_f1= 86.34,val_macro_f1= 83.22%
EarlyStopping counter: 2 out of 15
INFO - 09/13/26 22:35:24 - 0:03:30 - Epoch 191: train_loss=0.15494678914546967, train_acc= 95.08%
INFO - 09/13/26 22:35:25 - 0:03:30 - Epoch 192: train_loss=0.1547718048095703, train_acc= 95.11%
INFO - 09/13/26 22:35:25 - 0:03:30 - Epoch 193: train_loss=0.1536703258752823, train_acc= 95.37%
INFO - 09/13/26 22:35:25 - 0:03:30 - Epoch 194: train_loss=0.15265856683254242, train_acc= 95.16%
INFO - 09/13/26 22:35:25 - 0:03:31 - Epoch 195: train_loss=0.15399225056171417, train_acc= 94.96%
INFO - 09/13/26 22:35:25 - 0:03:31 - Epoch 195: val_loss=0.49995964765548706, val_acc= 86.95%,val_weighted_f1= 86.72,val_macro_f1= 83.30%
EarlyStopping counter: 3 out of 15
INFO - 09/13/26 22:35:26 - 0:03:31 - Epoch 196: train_loss=0.1565217673778534, train_acc= 94.94%
INFO - 09/13/26 22:35:26 - 0:03:31 - Epoch 197: train_loss=0.1517869532108307, train_acc= 94.93%
INFO - 09/13/26 22:35:26 - 0:03:31 - Epoch 198: train_loss=0.13836561143398285, train_acc= 95.94%
INFO - 09/13/26 22:35:26 - 0:03:32 - Epoch 199: train_loss=0.14539821445941925, train_acc= 95.46%
INFO - 09/13/26 22:35:26 - 0:03:32 - Epoch 200: train_loss=0.1417405903339386, train_acc= 95.59%
INFO - 09/13/26 22:35:27 - 0:03:32 - Epoch 200: val_loss=0.5148034691810608, val_acc= 86.69%,val_weighted_f1= 86.38,val_macro_f1= 83.04%
EarlyStopping counter: 4 out of 15
INFO - 09/13/26 22:35:27 - 0:03:32 - Epoch 201: train_loss=0.1323748379945755, train_acc= 95.86%
INFO - 09/13/26 22:35:27 - 0:03:32 - Epoch 202: train_loss=0.13037243485450745, train_acc= 96.08%
INFO - 09/13/26 22:35:27 - 0:03:33 - Epoch 203: train_loss=0.13216958940029144, train_acc= 96.01%
INFO - 09/13/26 22:35:27 - 0:03:33 - Epoch 204: train_loss=0.1313314586877823, train_acc= 95.98%
INFO - 09/13/26 22:35:28 - 0:03:33 - Epoch 205: train_loss=0.1266290545463562, train_acc= 96.05%
INFO - 09/13/26 22:35:28 - 0:03:33 - Epoch 205: val_loss=0.5279990434646606, val_acc= 86.65%,val_weighted_f1= 86.37,val_macro_f1= 82.98%
EarlyStopping counter: 5 out of 15
INFO - 09/13/26 22:35:28 - 0:03:33 - Epoch 206: train_loss=0.12737497687339783, train_acc= 96.13%
INFO - 09/13/26 22:35:28 - 0:03:34 - Epoch 207: train_loss=0.12295852601528168, train_acc= 96.27%
INFO - 09/13/26 22:35:28 - 0:03:34 - Epoch 208: train_loss=0.12331050634384155, train_acc= 96.50%
INFO - 09/13/26 22:35:29 - 0:03:34 - Epoch 209: train_loss=0.12314315140247345, train_acc= 96.36%
INFO - 09/13/26 22:35:29 - 0:03:34 - Epoch 210: train_loss=0.11648619174957275, train_acc= 96.57%
INFO - 09/13/26 22:35:29 - 0:03:34 - Epoch 210: val_loss=0.5170803666114807, val_acc= 86.87%,val_weighted_f1= 86.61,val_macro_f1= 83.22%
EarlyStopping counter: 6 out of 15
INFO - 09/13/26 22:35:29 - 0:03:35 - Epoch 211: train_loss=0.11375786364078522, train_acc= 96.73%
INFO - 09/13/26 22:35:29 - 0:03:35 - Epoch 212: train_loss=0.11697261780500412, train_acc= 96.35%
INFO - 09/13/26 22:35:30 - 0:03:35 - Epoch 213: train_loss=0.11389211565256119, train_acc= 96.40%
INFO - 09/13/26 22:35:30 - 0:03:35 - Epoch 214: train_loss=0.11331667006015778, train_acc= 96.53%
INFO - 09/13/26 22:35:30 - 0:03:36 - Epoch 215: train_loss=0.11256786435842514, train_acc= 96.58%
INFO - 09/13/26 22:35:30 - 0:03:36 - Epoch 215: val_loss=0.5276674628257751, val_acc= 87.04%,val_weighted_f1= 86.90,val_macro_f1= 83.73%
INFO - 09/13/26 22:35:30 - 0:03:36 - Epoch 216: train_loss=0.11015744507312775, train_acc= 96.61%
INFO - 09/13/26 22:35:31 - 0:03:36 - Epoch 217: train_loss=0.10603725165128708, train_acc= 96.79%
INFO - 09/13/26 22:35:31 - 0:03:36 - Epoch 218: train_loss=0.10395979881286621, train_acc= 97.07%
INFO - 09/13/26 22:35:31 - 0:03:36 - Epoch 219: train_loss=0.1054762601852417, train_acc= 96.78%
INFO - 09/13/26 22:35:31 - 0:03:37 - Epoch 220: train_loss=0.10349489003419876, train_acc= 96.80%
INFO - 09/13/26 22:35:31 - 0:03:37 - Epoch 220: val_loss=0.5219011902809143, val_acc= 87.48%,val_weighted_f1= 87.27,val_macro_f1= 84.06%
INFO - 09/13/26 22:35:32 - 0:03:37 - Epoch 221: train_loss=0.0997781902551651, train_acc= 97.17%
INFO - 09/13/26 22:35:32 - 0:03:37 - Epoch 222: train_loss=0.10000205785036087, train_acc= 96.97%
INFO - 09/13/26 22:35:32 - 0:03:37 - Epoch 223: train_loss=0.09764842689037323, train_acc= 97.18%
INFO - 09/13/26 22:35:32 - 0:03:38 - Epoch 224: train_loss=0.09484401345252991, train_acc= 97.18%
INFO - 09/13/26 22:35:33 - 0:03:38 - Epoch 225: train_loss=0.09459178894758224, train_acc= 97.09%
INFO - 09/13/26 22:35:33 - 0:03:38 - Epoch 225: val_loss=0.5393026471138, val_acc= 87.11%,val_weighted_f1= 86.88,val_macro_f1= 83.80%
EarlyStopping counter: 1 out of 15
INFO - 09/13/26 22:35:33 - 0:03:38 - Epoch 226: train_loss=0.09790194034576416, train_acc= 97.16%
INFO - 09/13/26 22:35:33 - 0:03:39 - Epoch 227: train_loss=0.09203273057937622, train_acc= 97.36%
INFO - 09/13/26 22:35:33 - 0:03:39 - Epoch 228: train_loss=0.09322936832904816, train_acc= 97.52%
INFO - 09/13/26 22:35:34 - 0:03:39 - Epoch 229: train_loss=0.08665937930345535, train_acc= 97.42%
INFO - 09/13/26 22:35:34 - 0:03:39 - Epoch 230: train_loss=0.09057365357875824, train_acc= 97.28%
INFO - 09/13/26 22:35:34 - 0:03:39 - Epoch 230: val_loss=0.5515817999839783, val_acc= 86.92%,val_weighted_f1= 86.65,val_macro_f1= 83.44%
EarlyStopping counter: 2 out of 15
INFO - 09/13/26 22:35:34 - 0:03:40 - Epoch 231: train_loss=0.08825980871915817, train_acc= 97.54%
INFO - 09/13/26 22:35:34 - 0:03:40 - Epoch 232: train_loss=0.0892481580376625, train_acc= 97.44%
INFO - 09/13/26 22:35:35 - 0:03:40 - Epoch 233: train_loss=0.08421798795461655, train_acc= 97.56%
INFO - 09/13/26 22:35:35 - 0:03:40 - Epoch 234: train_loss=0.08673791587352753, train_acc= 97.48%
INFO - 09/13/26 22:35:35 - 0:03:40 - Epoch 235: train_loss=0.081441730260849, train_acc= 97.57%
INFO - 09/13/26 22:35:35 - 0:03:40 - Epoch 235: val_loss=0.5508229732513428, val_acc= 87.10%,val_weighted_f1= 86.83,val_macro_f1= 83.56%
EarlyStopping counter: 3 out of 15
INFO - 09/13/26 22:35:35 - 0:03:41 - Epoch 236: train_loss=0.07982192188501358, train_acc= 97.66%
INFO - 09/13/26 22:35:36 - 0:03:41 - Epoch 237: train_loss=0.08006630092859268, train_acc= 97.60%
INFO - 09/13/26 22:35:36 - 0:03:41 - Epoch 238: train_loss=0.08090643584728241, train_acc= 97.52%
INFO - 09/13/26 22:35:36 - 0:03:41 - Epoch 239: train_loss=0.07449457794427872, train_acc= 98.08%
INFO - 09/13/26 22:35:36 - 0:03:42 - Epoch 240: train_loss=0.07794931530952454, train_acc= 97.73%
INFO - 09/13/26 22:35:36 - 0:03:42 - Epoch 240: val_loss=0.5524272322654724, val_acc= 87.18%,val_weighted_f1= 87.04,val_macro_f1= 83.77%
EarlyStopping counter: 4 out of 15
INFO - 09/13/26 22:35:37 - 0:03:42 - Epoch 241: train_loss=0.07551045715808868, train_acc= 97.90%
INFO - 09/13/26 22:35:37 - 0:03:42 - Epoch 242: train_loss=0.07705263793468475, train_acc= 97.78%
INFO - 09/13/26 22:35:37 - 0:03:42 - Epoch 243: train_loss=0.07091691344976425, train_acc= 98.08%
INFO - 09/13/26 22:35:37 - 0:03:43 - Epoch 244: train_loss=0.07472607493400574, train_acc= 97.86%
INFO - 09/13/26 22:35:38 - 0:03:43 - Epoch 245: train_loss=0.07358130067586899, train_acc= 97.93%
INFO - 09/13/26 22:35:38 - 0:03:43 - Epoch 245: val_loss=0.5543217658996582, val_acc= 87.03%,val_weighted_f1= 86.85,val_macro_f1= 83.75%
EarlyStopping counter: 5 out of 15
INFO - 09/13/26 22:35:38 - 0:03:43 - Epoch 246: train_loss=0.08055498450994492, train_acc= 97.78%
INFO - 09/13/26 22:35:38 - 0:03:43 - Epoch 247: train_loss=0.08923304826021194, train_acc= 97.26%
INFO - 09/13/26 22:35:38 - 0:03:44 - Epoch 248: train_loss=0.07702822238206863, train_acc= 97.76%
INFO - 09/13/26 22:35:39 - 0:03:44 - Epoch 249: train_loss=0.06944168359041214, train_acc= 98.21%
INFO - 09/13/26 22:35:39 - 0:03:44 - Epoch 250: train_loss=0.07027177512645721, train_acc= 97.87%
INFO - 09/13/26 22:35:39 - 0:03:44 - Epoch 250: val_loss=0.5636685490608215, val_acc= 87.11%,val_weighted_f1= 86.93,val_macro_f1= 83.71%
EarlyStopping counter: 6 out of 15
INFO - 09/13/26 22:35:39 - 0:03:44 - Epoch 251: train_loss=0.0724332183599472, train_acc= 97.95%
INFO - 09/13/26 22:35:39 - 0:03:45 - Epoch 252: train_loss=0.06071219965815544, train_acc= 98.58%
INFO - 09/13/26 22:35:40 - 0:03:45 - Epoch 253: train_loss=0.06880448013544083, train_acc= 98.05%
INFO - 09/13/26 22:35:40 - 0:03:45 - Epoch 254: train_loss=0.06895622611045837, train_acc= 98.03%
INFO - 09/13/26 22:35:40 - 0:03:45 - Epoch 255: train_loss=0.06217656284570694, train_acc= 98.31%
INFO - 09/13/26 22:35:40 - 0:03:45 - Epoch 255: val_loss=0.5892743468284607, val_acc= 86.88%,val_weighted_f1= 86.62,val_macro_f1= 83.38%
EarlyStopping counter: 7 out of 15
INFO - 09/13/26 22:35:40 - 0:03:46 - Epoch 256: train_loss=0.06283581256866455, train_acc= 98.27%
INFO - 09/13/26 22:35:41 - 0:03:46 - Epoch 257: train_loss=0.05820643529295921, train_acc= 98.47%
INFO - 09/13/26 22:35:41 - 0:03:46 - Epoch 258: train_loss=0.06084231659770012, train_acc= 98.44%
INFO - 09/13/26 22:35:41 - 0:03:46 - Epoch 259: train_loss=0.060440629720687866, train_acc= 98.40%
INFO - 09/13/26 22:35:41 - 0:03:46 - Epoch 260: train_loss=0.05936860665678978, train_acc= 98.47%
INFO - 09/13/26 22:35:41 - 0:03:47 - Epoch 260: val_loss=0.5791632533073425, val_acc= 87.18%,val_weighted_f1= 86.92,val_macro_f1= 83.65%
EarlyStopping counter: 8 out of 15
INFO - 09/13/26 22:35:41 - 0:03:47 - Epoch 261: train_loss=0.05815533921122551, train_acc= 98.50%
INFO - 09/13/26 22:35:42 - 0:03:47 - Epoch 262: train_loss=0.05347488820552826, train_acc= 98.69%
INFO - 09/13/26 22:35:42 - 0:03:47 - Epoch 263: train_loss=0.05589984729886055, train_acc= 98.59%
INFO - 09/13/26 22:35:42 - 0:03:47 - Epoch 264: train_loss=0.05132828280329704, train_acc= 98.84%
INFO - 09/13/26 22:35:42 - 0:03:48 - Epoch 265: train_loss=0.05317253991961479, train_acc= 98.72%
INFO - 09/13/26 22:35:43 - 0:03:48 - Epoch 265: val_loss=0.591522753238678, val_acc= 87.24%,val_weighted_f1= 86.99,val_macro_f1= 83.90%
EarlyStopping counter: 9 out of 15
INFO - 09/13/26 22:35:43 - 0:03:48 - Epoch 266: train_loss=0.051963090896606445, train_acc= 98.67%
INFO - 09/13/26 22:35:43 - 0:03:48 - Epoch 267: train_loss=0.05036202073097229, train_acc= 98.83%
INFO - 09/13/26 22:35:43 - 0:03:49 - Epoch 268: train_loss=0.04700956866145134, train_acc= 98.88%
INFO - 09/13/26 22:35:43 - 0:03:49 - Epoch 269: train_loss=0.04800324887037277, train_acc= 98.78%
INFO - 09/13/26 22:35:44 - 0:03:49 - Epoch 270: train_loss=0.04981818050146103, train_acc= 98.82%
INFO - 09/13/26 22:35:44 - 0:03:49 - Epoch 270: val_loss=0.5861937999725342, val_acc= 87.20%,val_weighted_f1= 87.00,val_macro_f1= 83.74%
EarlyStopping counter: 10 out of 15
INFO - 09/13/26 22:35:44 - 0:03:49 - Epoch 271: train_loss=0.04810170829296112, train_acc= 98.94%
INFO - 09/13/26 22:35:44 - 0:03:50 - Epoch 272: train_loss=0.04536878690123558, train_acc= 98.96%
INFO - 09/13/26 22:35:44 - 0:03:50 - Epoch 273: train_loss=0.0447518415749073, train_acc= 98.95%
INFO - 09/13/26 22:35:45 - 0:03:50 - Epoch 274: train_loss=0.04514336958527565, train_acc= 98.85%
INFO - 09/13/26 22:35:45 - 0:03:50 - Epoch 275: train_loss=0.04693938046693802, train_acc= 98.80%
INFO - 09/13/26 22:35:45 - 0:03:50 - Epoch 275: val_loss=0.5865413546562195, val_acc= 87.22%,val_weighted_f1= 87.03,val_macro_f1= 83.92%
EarlyStopping counter: 11 out of 15
INFO - 09/13/26 22:35:45 - 0:03:50 - Epoch 276: train_loss=0.046738963574171066, train_acc= 98.89%
INFO - 09/13/26 22:35:45 - 0:03:51 - Epoch 277: train_loss=0.04376178979873657, train_acc= 98.94%
INFO - 09/13/26 22:35:46 - 0:03:51 - Epoch 278: train_loss=0.04086080193519592, train_acc= 99.12%
INFO - 09/13/26 22:35:46 - 0:03:51 - Epoch 279: train_loss=0.04252009838819504, train_acc= 98.92%
INFO - 09/13/26 22:35:46 - 0:03:51 - Epoch 280: train_loss=0.04291346296668053, train_acc= 98.98%
INFO - 09/13/26 22:35:46 - 0:03:51 - Epoch 280: val_loss=0.6009747385978699, val_acc= 87.17%,val_weighted_f1= 86.91,val_macro_f1= 83.59%
EarlyStopping counter: 12 out of 15
INFO - 09/13/26 22:35:46 - 0:03:52 - Epoch 281: train_loss=0.038552865386009216, train_acc= 99.16%
INFO - 09/13/26 22:35:47 - 0:03:52 - Epoch 282: train_loss=0.04148515686392784, train_acc= 99.03%
INFO - 09/13/26 22:35:47 - 0:03:52 - Epoch 283: train_loss=0.0390484556555748, train_acc= 99.18%
INFO - 09/13/26 22:35:47 - 0:03:52 - Epoch 284: train_loss=0.03849507495760918, train_acc= 99.20%
INFO - 09/13/26 22:35:47 - 0:03:53 - Epoch 285: train_loss=0.04010915011167526, train_acc= 99.04%
INFO - 09/13/26 22:35:47 - 0:03:53 - Epoch 285: val_loss=0.6120313405990601, val_acc= 87.01%,val_weighted_f1= 86.78,val_macro_f1= 83.45%
EarlyStopping counter: 13 out of 15
INFO - 09/13/26 22:35:48 - 0:03:53 - Epoch 286: train_loss=0.038090843707323074, train_acc= 99.14%
INFO - 09/13/26 22:35:48 - 0:03:53 - Epoch 287: train_loss=0.035804543644189835, train_acc= 99.14%
INFO - 09/13/26 22:35:48 - 0:03:53 - Epoch 288: train_loss=0.04037932679057121, train_acc= 99.03%
INFO - 09/13/26 22:35:48 - 0:03:54 - Epoch 289: train_loss=0.03855688124895096, train_acc= 99.08%
INFO - 09/13/26 22:35:49 - 0:03:54 - Epoch 290: train_loss=0.03850749135017395, train_acc= 99.13%
INFO - 09/13/26 22:35:49 - 0:03:54 - Epoch 290: val_loss=0.6143020391464233, val_acc= 87.31%,val_weighted_f1= 87.08,val_macro_f1= 83.92%
EarlyStopping counter: 14 out of 15
INFO - 09/13/26 22:35:49 - 0:03:54 - Epoch 291: train_loss=0.03765612095594406, train_acc= 99.13%
INFO - 09/13/26 22:35:49 - 0:03:54 - Epoch 292: train_loss=0.0348782017827034, train_acc= 99.20%
INFO - 09/13/26 22:35:49 - 0:03:55 - Epoch 293: train_loss=0.03590668365359306, train_acc= 99.24%
INFO - 09/13/26 22:35:50 - 0:03:55 - Epoch 294: train_loss=0.0366557277739048, train_acc= 99.16%
INFO - 09/13/26 22:35:50 - 0:03:55 - Epoch 295: train_loss=0.033789508044719696, train_acc= 99.28%
INFO - 09/13/26 22:35:50 - 0:03:55 - Epoch 295: val_loss=0.6139166355133057, val_acc= 87.24%,val_weighted_f1= 87.05,val_macro_f1= 83.94%
EarlyStopping counter: 15 out of 15
---------Early stopping--------
INFO - 09/13/26 22:35:50 - 0:03:55 - --------------Testing--------------------
INFO - 09/13/26 22:35:50 - 0:03:55 - --------------Loading from ./checkpoints/NC_Roman-empire_model.pt--------------------
INFO - 09/13/26 22:35:50 - 0:03:55 - test_acc= 86.76%, weighted_f1= 86.54,macro_f1= 83.31%
INFO - 09/13/26 22:35:50 - 0:03:55 - test_acc= 86.76%, weighted_f1= 86.54,macro_f1= 83.31%
INFO - 09/13/26 22:35:50 - 0:03:56 - Epoch 0: train_loss=2.9486796855926514, train_acc= 13.72%
INFO - 09/13/26 22:35:50 - 0:03:56 - Epoch 0: val_loss=2.5763466358184814, val_acc= 23.37%,val_weighted_f1= 12.88,val_macro_f1= 5.16%
INFO - 09/13/26 22:35:51 - 0:03:56 - Epoch 1: train_loss=2.588927984237671, train_acc= 22.53%
INFO - 09/13/26 22:35:51 - 0:03:56 - Epoch 2: train_loss=2.4570744037628174, train_acc= 32.01%
INFO - 09/13/26 22:35:51 - 0:03:56 - Epoch 3: train_loss=2.387302875518799, train_acc= 33.83%
INFO - 09/13/26 22:35:51 - 0:03:57 - Epoch 4: train_loss=2.290661573410034, train_acc= 40.01%
INFO - 09/13/26 22:35:51 - 0:03:57 - Epoch 5: train_loss=2.2015161514282227, train_acc= 37.24%
INFO - 09/13/26 22:35:52 - 0:03:57 - Epoch 5: val_loss=2.102226972579956, val_acc= 40.90%,val_weighted_f1= 32.64,val_macro_f1= 16.73%
INFO - 09/13/26 22:35:52 - 0:03:57 - Epoch 6: train_loss=2.1187689304351807, train_acc= 39.76%
INFO - 09/13/26 22:35:52 - 0:03:57 - Epoch 7: train_loss=2.0344274044036865, train_acc= 45.39%
INFO - 09/13/26 22:35:52 - 0:03:58 - Epoch 8: train_loss=1.959840178489685, train_acc= 47.85%
INFO - 09/13/26 22:35:52 - 0:03:58 - Epoch 9: train_loss=1.8821533918380737, train_acc= 48.54%
INFO - 09/13/26 22:35:53 - 0:03:58 - Epoch 10: train_loss=1.8100528717041016, train_acc= 49.26%
INFO - 09/13/26 22:35:53 - 0:03:58 - Epoch 10: val_loss=1.7282497882843018, val_acc= 49.94%,val_weighted_f1= 40.44,val_macro_f1= 21.44%
INFO - 09/13/26 22:35:53 - 0:03:58 - Epoch 11: train_loss=1.7359230518341064, train_acc= 49.97%
INFO - 09/13/26 22:35:53 - 0:03:59 - Epoch 12: train_loss=1.6661261320114136, train_acc= 51.63%
INFO - 09/13/26 22:35:53 - 0:03:59 - Epoch 13: train_loss=1.600359320640564, train_acc= 53.60%
INFO - 09/13/26 22:35:54 - 0:03:59 - Epoch 14: train_loss=1.5398756265640259, train_acc= 54.66%
INFO - 09/13/26 22:35:54 - 0:03:59 - Epoch 15: train_loss=1.489094853401184, train_acc= 55.97%
INFO - 09/13/26 22:35:54 - 0:03:59 - Epoch 15: val_loss=1.4397064447402954, val_acc= 57.18%,val_weighted_f1= 50.65,val_macro_f1= 33.12%
INFO - 09/13/26 22:35:54 - 0:04:00 - Epoch 16: train_loss=1.4426913261413574, train_acc= 56.61%
INFO - 09/13/26 22:35:54 - 0:04:00 - Epoch 17: train_loss=1.396281361579895, train_acc= 57.36%
INFO - 09/13/26 22:35:55 - 0:04:00 - Epoch 18: train_loss=1.3541747331619263, train_acc= 58.51%
INFO - 09/13/26 22:35:55 - 0:04:00 - Epoch 19: train_loss=1.3133869171142578, train_acc= 59.32%
INFO - 09/13/26 22:35:55 - 0:04:01 - Epoch 20: train_loss=1.2767847776412964, train_acc= 60.07%
INFO - 09/13/26 22:35:55 - 0:04:01 - Epoch 20: val_loss=1.2411298751831055, val_acc= 61.92%,val_weighted_f1= 57.38,val_macro_f1= 42.20%
INFO - 09/13/26 22:35:56 - 0:04:01 - Epoch 21: train_loss=1.2405154705047607, train_acc= 61.30%
INFO - 09/13/26 22:35:56 - 0:04:01 - Epoch 22: train_loss=1.2112445831298828, train_acc= 61.89%
INFO - 09/13/26 22:35:56 - 0:04:01 - Epoch 23: train_loss=1.1783300638198853, train_acc= 62.86%
INFO - 09/13/26 22:35:56 - 0:04:02 - Epoch 24: train_loss=1.1529929637908936, train_acc= 63.15%
INFO - 09/13/26 22:35:56 - 0:04:02 - Epoch 25: train_loss=1.1190433502197266, train_acc= 64.39%
INFO - 09/13/26 22:35:56 - 0:04:02 - Epoch 25: val_loss=1.088436245918274, val_acc= 65.51%,val_weighted_f1= 61.51,val_macro_f1= 48.94%
INFO - 09/13/26 22:35:57 - 0:04:02 - Epoch 26: train_loss=1.0966130495071411, train_acc= 65.48%
INFO - 09/13/26 22:35:57 - 0:04:02 - Epoch 27: train_loss=1.0673249959945679, train_acc= 65.95%
INFO - 09/13/26 22:35:57 - 0:04:03 - Epoch 28: train_loss=1.0429763793945312, train_acc= 67.03%
INFO - 09/13/26 22:35:57 - 0:04:03 - Epoch 29: train_loss=1.018696665763855, train_acc= 67.49%
INFO - 09/13/26 22:35:58 - 0:04:03 - Epoch 30: train_loss=0.9914070963859558, train_acc= 68.57%
INFO - 09/13/26 22:35:58 - 0:04:03 - Epoch 30: val_loss=0.9874541163444519, val_acc= 69.00%,val_weighted_f1= 65.62,val_macro_f1= 53.39%
INFO - 09/13/26 22:35:58 - 0:04:03 - Epoch 31: train_loss=0.9663794636726379, train_acc= 69.14%
INFO - 09/13/26 22:35:58 - 0:04:04 - Epoch 32: train_loss=0.9493376016616821, train_acc= 69.55%
INFO - 09/13/26 22:35:58 - 0:04:04 - Epoch 33: train_loss=0.9349276423454285, train_acc= 69.97%
INFO - 09/13/26 22:35:59 - 0:04:04 - Epoch 34: train_loss=0.9177947640419006, train_acc= 69.93%
INFO - 09/13/26 22:35:59 - 0:04:04 - Epoch 35: train_loss=0.8959556221961975, train_acc= 71.30%
INFO - 09/13/26 22:35:59 - 0:04:04 - Epoch 35: val_loss=0.8988678455352783, val_acc= 71.62%,val_weighted_f1= 69.10,val_macro_f1= 58.21%
INFO - 09/13/26 22:35:59 - 0:04:04 - Epoch 36: train_loss=0.8765208125114441, train_acc= 71.76%
INFO - 09/13/26 22:35:59 - 0:04:05 - Epoch 37: train_loss=0.8598209023475647, train_acc= 72.26%
INFO - 09/13/26 22:36:00 - 0:04:05 - Epoch 38: train_loss=0.8461735844612122, train_acc= 72.92%
INFO - 09/13/26 22:36:00 - 0:04:05 - Epoch 39: train_loss=0.8258193731307983, train_acc= 73.14%
INFO - 09/13/26 22:36:00 - 0:04:05 - Epoch 40: train_loss=0.8122500777244568, train_acc= 73.44%
INFO - 09/13/26 22:36:00 - 0:04:06 - Epoch 40: val_loss=0.8258980512619019, val_acc= 73.70%,val_weighted_f1= 71.78,val_macro_f1= 61.09%
INFO - 09/13/26 22:36:00 - 0:04:06 - Epoch 41: train_loss=0.797801673412323, train_acc= 73.92%
INFO - 09/13/26 22:36:01 - 0:04:06 - Epoch 42: train_loss=0.7799060344696045, train_acc= 74.42%
INFO - 09/13/26 22:36:01 - 0:04:06 - Epoch 43: train_loss=0.7698341608047485, train_acc= 74.93%
INFO - 09/13/26 22:36:01 - 0:04:06 - Epoch 44: train_loss=0.7584058046340942, train_acc= 75.28%
INFO - 09/13/26 22:36:01 - 0:04:07 - Epoch 45: train_loss=0.7463405132293701, train_acc= 75.65%
INFO - 09/13/26 22:36:01 - 0:04:07 - Epoch 45: val_loss=0.7773736715316772, val_acc= 74.62%,val_weighted_f1= 72.70,val_macro_f1= 62.10%
INFO - 09/13/26 22:36:02 - 0:04:07 - Epoch 46: train_loss=0.7280285358428955, train_acc= 76.10%
INFO - 09/13/26 22:36:02 - 0:04:07 - Epoch 47: train_loss=0.7183882594108582, train_acc= 76.28%
INFO - 09/13/26 22:36:02 - 0:04:07 - Epoch 48: train_loss=0.7072950005531311, train_acc= 76.64%
INFO - 09/13/26 22:36:02 - 0:04:08 - Epoch 49: train_loss=0.7007693648338318, train_acc= 77.10%
INFO - 09/13/26 22:36:02 - 0:04:08 - Epoch 50: train_loss=0.6919208765029907, train_acc= 76.87%
INFO - 09/13/26 22:36:03 - 0:04:08 - Epoch 50: val_loss=0.7350155711174011, val_acc= 75.90%,val_weighted_f1= 74.76,val_macro_f1= 66.02%
INFO - 09/13/26 22:36:03 - 0:04:08 - Epoch 51: train_loss=0.6844330430030823, train_acc= 77.47%
INFO - 09/13/26 22:36:03 - 0:04:08 - Epoch 52: train_loss=0.6943845152854919, train_acc= 76.80%
INFO - 09/13/26 22:36:03 - 0:04:09 - Epoch 53: train_loss=0.6661404371261597, train_acc= 78.30%
INFO - 09/13/26 22:36:03 - 0:04:09 - Epoch 54: train_loss=0.6555359363555908, train_acc= 78.45%
INFO - 09/13/26 22:36:04 - 0:04:09 - Epoch 55: train_loss=0.6590097546577454, train_acc= 77.88%
INFO - 09/13/26 22:36:04 - 0:04:09 - Epoch 55: val_loss=0.711451530456543, val_acc= 76.65%,val_weighted_f1= 75.14,val_macro_f1= 66.38%
INFO - 09/13/26 22:36:04 - 0:04:09 - Epoch 56: train_loss=0.6369476914405823, train_acc= 79.12%
INFO - 09/13/26 22:36:04 - 0:04:10 - Epoch 57: train_loss=0.6394453048706055, train_acc= 79.09%
INFO - 09/13/26 22:36:04 - 0:04:10 - Epoch 58: train_loss=0.6177195906639099, train_acc= 79.60%
INFO - 09/13/26 22:36:05 - 0:04:10 - Epoch 59: train_loss=0.6224345564842224, train_acc= 78.87%
INFO - 09/13/26 22:36:05 - 0:04:10 - Epoch 60: train_loss=0.6055184602737427, train_acc= 79.75%
INFO - 09/13/26 22:36:05 - 0:04:10 - Epoch 60: val_loss=0.6863725185394287, val_acc= 77.62%,val_weighted_f1= 76.61,val_macro_f1= 69.42%
INFO - 09/13/26 22:36:05 - 0:04:11 - Epoch 61: train_loss=0.6077760457992554, train_acc= 79.90%
INFO - 09/13/26 22:36:06 - 0:04:11 - Epoch 62: train_loss=0.5920688509941101, train_acc= 79.94%
INFO - 09/13/26 22:36:06 - 0:04:11 - Epoch 63: train_loss=0.5879970788955688, train_acc= 80.20%
INFO - 09/13/26 22:36:06 - 0:04:11 - Epoch 64: train_loss=0.5753506422042847, train_acc= 80.73%
INFO - 09/13/26 22:36:06 - 0:04:12 - Epoch 65: train_loss=0.5776802897453308, train_acc= 80.79%
INFO - 09/13/26 22:36:06 - 0:04:12 - Epoch 65: val_loss=0.6553290486335754, val_acc= 78.55%,val_weighted_f1= 77.70,val_macro_f1= 71.32%
INFO - 09/13/26 22:36:07 - 0:04:12 - Epoch 66: train_loss=0.5641886591911316, train_acc= 81.25%
INFO - 09/13/26 22:36:07 - 0:04:12 - Epoch 67: train_loss=0.5659183859825134, train_acc= 81.12%
INFO - 09/13/26 22:36:07 - 0:04:12 - Epoch 68: train_loss=0.5532026886940002, train_acc= 81.48%
INFO - 09/13/26 22:36:07 - 0:04:13 - Epoch 69: train_loss=0.5531561970710754, train_acc= 81.55%
INFO - 09/13/26 22:36:07 - 0:04:13 - Epoch 70: train_loss=0.5401403307914734, train_acc= 81.99%
INFO - 09/13/26 22:36:07 - 0:04:13 - Epoch 70: val_loss=0.6393945813179016, val_acc= 78.94%,val_weighted_f1= 78.18,val_macro_f1= 72.23%
INFO - 09/13/26 22:36:08 - 0:04:13 - Epoch 71: train_loss=0.5332193970680237, train_acc= 82.00%
INFO - 09/13/26 22:36:08 - 0:04:13 - Epoch 72: train_loss=0.5331247448921204, train_acc= 82.06%
INFO - 09/13/26 22:36:08 - 0:04:14 - Epoch 73: train_loss=0.5314011573791504, train_acc= 82.35%
INFO - 09/13/26 22:36:08 - 0:04:14 - Epoch 74: train_loss=0.5171255469322205, train_acc= 82.72%
INFO - 09/13/26 22:36:09 - 0:04:14 - Epoch 75: train_loss=0.5127273797988892, train_acc= 82.75%
INFO - 09/13/26 22:36:09 - 0:04:14 - Epoch 75: val_loss=0.6161627769470215, val_acc= 79.74%,val_weighted_f1= 79.12,val_macro_f1= 73.24%
INFO - 09/13/26 22:36:09 - 0:04:14 - Epoch 76: train_loss=0.5100573301315308, train_acc= 82.78%
INFO - 09/13/26 22:36:09 - 0:04:14 - Epoch 77: train_loss=0.5096051692962646, train_acc= 83.14%
INFO - 09/13/26 22:36:09 - 0:04:15 - Epoch 78: train_loss=0.49743229150772095, train_acc= 83.55%
INFO - 09/13/26 22:36:10 - 0:04:15 - Epoch 79: train_loss=0.4889098107814789, train_acc= 83.64%
INFO - 09/13/26 22:36:10 - 0:04:15 - Epoch 80: train_loss=0.4852292537689209, train_acc= 83.85%
INFO - 09/13/26 22:36:10 - 0:04:15 - Epoch 80: val_loss=0.5991809368133545, val_acc= 80.14%,val_weighted_f1= 79.65,val_macro_f1= 73.98%
INFO - 09/13/26 22:36:10 - 0:04:16 - Epoch 81: train_loss=0.48386335372924805, train_acc= 83.72%
INFO - 09/13/26 22:36:10 - 0:04:16 - Epoch 82: train_loss=0.4722457528114319, train_acc= 84.52%
INFO - 09/13/26 22:36:11 - 0:04:16 - Epoch 83: train_loss=0.4682428538799286, train_acc= 84.01%
INFO - 09/13/26 22:36:11 - 0:04:16 - Epoch 84: train_loss=0.4624016582965851, train_acc= 84.39%
INFO - 09/13/26 22:36:11 - 0:04:16 - Epoch 85: train_loss=0.4574410617351532, train_acc= 84.68%
INFO - 09/13/26 22:36:11 - 0:04:17 - Epoch 85: val_loss=0.5848199129104614, val_acc= 80.86%,val_weighted_f1= 80.46,val_macro_f1= 75.26%
INFO - 09/13/26 22:36:11 - 0:04:17 - Epoch 86: train_loss=0.45669615268707275, train_acc= 84.68%
INFO - 09/13/26 22:36:12 - 0:04:17 - Epoch 87: train_loss=0.4516075551509857, train_acc= 85.21%
INFO - 09/13/26 22:36:12 - 0:04:17 - Epoch 88: train_loss=0.44456392526626587, train_acc= 84.98%
INFO - 09/13/26 22:36:12 - 0:04:17 - Epoch 89: train_loss=0.43854472041130066, train_acc= 85.40%
INFO - 09/13/26 22:36:12 - 0:04:18 - Epoch 90: train_loss=0.43378862738609314, train_acc= 85.59%
INFO - 09/13/26 22:36:12 - 0:04:18 - Epoch 90: val_loss=0.5690552592277527, val_acc= 81.50%,val_weighted_f1= 81.05,val_macro_f1= 76.33%
INFO - 09/13/26 22:36:13 - 0:04:18 - Epoch 91: train_loss=0.42975085973739624, train_acc= 85.54%
INFO - 09/13/26 22:36:13 - 0:04:18 - Epoch 92: train_loss=0.4286079406738281, train_acc= 85.92%
INFO - 09/13/26 22:36:13 - 0:04:18 - Epoch 93: train_loss=0.4228949546813965, train_acc= 85.66%
INFO - 09/13/26 22:36:13 - 0:04:19 - Epoch 94: train_loss=0.41495323181152344, train_acc= 86.22%
INFO - 09/13/26 22:36:13 - 0:04:19 - Epoch 95: train_loss=0.4128115773200989, train_acc= 86.08%
INFO - 09/13/26 22:36:14 - 0:04:19 - Epoch 95: val_loss=0.5616730451583862, val_acc= 81.62%,val_weighted_f1= 81.05,val_macro_f1= 76.56%
INFO - 09/13/26 22:36:14 - 0:04:19 - Epoch 96: train_loss=0.4062443673610687, train_acc= 86.59%
INFO - 09/13/26 22:36:14 - 0:04:19 - Epoch 97: train_loss=0.40030789375305176, train_acc= 86.74%
INFO - 09/13/26 22:36:14 - 0:04:20 - Epoch 98: train_loss=0.39609864354133606, train_acc= 86.70%
INFO - 09/13/26 22:36:14 - 0:04:20 - Epoch 99: train_loss=0.39168521761894226, train_acc= 86.82%
INFO - 09/13/26 22:36:15 - 0:04:20 - Epoch 100: train_loss=0.39125049114227295, train_acc= 86.83%
INFO - 09/13/26 22:36:15 - 0:04:20 - Epoch 100: val_loss=0.5799269080162048, val_acc= 81.84%,val_weighted_f1= 80.93,val_macro_f1= 76.81%
INFO - 09/13/26 22:36:15 - 0:04:20 - Epoch 101: train_loss=0.3985438644886017, train_acc= 86.76%
INFO - 09/13/26 22:36:15 - 0:04:21 - Epoch 102: train_loss=0.3969646394252777, train_acc= 86.48%
INFO - 09/13/26 22:36:16 - 0:04:21 - Epoch 103: train_loss=0.3852073550224304, train_acc= 87.17%
INFO - 09/13/26 22:36:16 - 0:04:21 - Epoch 104: train_loss=0.3705712854862213, train_acc= 87.22%
INFO - 09/13/26 22:36:16 - 0:04:21 - Epoch 105: train_loss=0.37064605951309204, train_acc= 87.42%
INFO - 09/13/26 22:36:16 - 0:04:21 - Epoch 105: val_loss=0.5608788728713989, val_acc= 82.01%,val_weighted_f1= 81.25,val_macro_f1= 77.38%
INFO - 09/13/26 22:36:16 - 0:04:22 - Epoch 106: train_loss=0.37131744623184204, train_acc= 87.75%
INFO - 09/13/26 22:36:17 - 0:04:22 - Epoch 107: train_loss=0.3599305748939514, train_acc= 87.97%
INFO - 09/13/26 22:36:17 - 0:04:22 - Epoch 108: train_loss=0.3629998564720154, train_acc= 87.88%
INFO - 09/13/26 22:36:17 - 0:04:22 - Epoch 109: train_loss=0.35485559701919556, train_acc= 88.24%
INFO - 09/13/26 22:36:17 - 0:04:23 - Epoch 110: train_loss=0.34536048769950867, train_acc= 88.47%
INFO - 09/13/26 22:36:17 - 0:04:23 - Epoch 110: val_loss=0.536422848701477, val_acc= 82.63%,val_weighted_f1= 82.45,val_macro_f1= 78.45%
INFO - 09/13/26 22:36:17 - 0:04:23 - Epoch 111: train_loss=0.35515812039375305, train_acc= 87.93%
INFO - 09/13/26 22:36:18 - 0:04:23 - Epoch 112: train_loss=0.3449068069458008, train_acc= 88.50%
INFO - 09/13/26 22:36:18 - 0:04:23 - Epoch 113: train_loss=0.34514400362968445, train_acc= 88.57%
INFO - 09/13/26 22:36:18 - 0:04:24 - Epoch 114: train_loss=0.3342425525188446, train_acc= 89.00%
INFO - 09/13/26 22:36:18 - 0:04:24 - Epoch 115: train_loss=0.32708731293678284, train_acc= 89.19%
INFO - 09/13/26 22:36:18 - 0:04:24 - Epoch 115: val_loss=0.5440927743911743, val_acc= 82.77%,val_weighted_f1= 82.14,val_macro_f1= 78.50%
INFO - 09/13/26 22:36:19 - 0:04:24 - Epoch 116: train_loss=0.33249181509017944, train_acc= 88.80%
INFO - 09/13/26 22:36:19 - 0:04:24 - Epoch 117: train_loss=0.3198944926261902, train_acc= 89.47%
INFO - 09/13/26 22:36:19 - 0:04:25 - Epoch 118: train_loss=0.3241754472255707, train_acc= 89.32%
INFO - 09/13/26 22:36:19 - 0:04:25 - Epoch 119: train_loss=0.31228122115135193, train_acc= 89.76%
INFO - 09/13/26 22:36:20 - 0:04:25 - Epoch 120: train_loss=0.3078339099884033, train_acc= 89.86%
INFO - 09/13/26 22:36:20 - 0:04:25 - Epoch 120: val_loss=0.5226191282272339, val_acc= 83.48%,val_weighted_f1= 83.29,val_macro_f1= 79.50%
INFO - 09/13/26 22:36:20 - 0:04:25 - Epoch 121: train_loss=0.31203964352607727, train_acc= 89.50%
INFO - 09/13/26 22:36:20 - 0:04:26 - Epoch 122: train_loss=0.30141329765319824, train_acc= 90.15%
INFO - 09/13/26 22:36:20 - 0:04:26 - Epoch 123: train_loss=0.298909991979599, train_acc= 90.36%
INFO - 09/13/26 22:36:21 - 0:04:26 - Epoch 124: train_loss=0.29807862639427185, train_acc= 90.14%
INFO - 09/13/26 22:36:21 - 0:04:26 - Epoch 125: train_loss=0.29136452078819275, train_acc= 90.22%
INFO - 09/13/26 22:36:21 - 0:04:26 - Epoch 125: val_loss=0.5321967005729675, val_acc= 83.58%,val_weighted_f1= 83.10,val_macro_f1= 79.66%
INFO - 09/13/26 22:36:21 - 0:04:27 - Epoch 126: train_loss=0.2919251620769501, train_acc= 90.28%
INFO - 09/13/26 22:36:21 - 0:04:27 - Epoch 127: train_loss=0.287142813205719, train_acc= 90.35%
INFO - 09/13/26 22:36:22 - 0:04:27 - Epoch 128: train_loss=0.28318387269973755, train_acc= 90.50%
INFO - 09/13/26 22:36:22 - 0:04:27 - Epoch 129: train_loss=0.2925090193748474, train_acc= 89.96%
INFO - 09/13/26 22:36:22 - 0:04:27 - Epoch 130: train_loss=0.2850835919380188, train_acc= 90.61%
INFO - 09/13/26 22:36:22 - 0:04:28 - Epoch 130: val_loss=0.531552255153656, val_acc= 83.83%,val_weighted_f1= 83.48,val_macro_f1= 80.02%
INFO - 09/13/26 22:36:22 - 0:04:28 - Epoch 131: train_loss=0.27417415380477905, train_acc= 90.96%
INFO - 09/13/26 22:36:23 - 0:04:28 - Epoch 132: train_loss=0.26893946528434753, train_acc= 91.26%
INFO - 09/13/26 22:36:23 - 0:04:28 - Epoch 133: train_loss=0.26772400736808777, train_acc= 91.15%
INFO - 09/13/26 22:36:23 - 0:04:28 - Epoch 134: train_loss=0.26881852746009827, train_acc= 91.17%
INFO - 09/13/26 22:36:23 - 0:04:29 - Epoch 135: train_loss=0.2616395354270935, train_acc= 91.41%
INFO - 09/13/26 22:36:23 - 0:04:29 - Epoch 135: val_loss=0.5212315917015076, val_acc= 83.88%,val_weighted_f1= 83.57,val_macro_f1= 80.03%
INFO - 09/13/26 22:36:24 - 0:04:29 - Epoch 136: train_loss=0.2574700117111206, train_acc= 91.44%
INFO - 09/13/26 22:36:24 - 0:04:29 - Epoch 137: train_loss=0.2513924241065979, train_acc= 91.64%
INFO - 09/13/26 22:36:24 - 0:04:29 - Epoch 138: train_loss=0.24907875061035156, train_acc= 91.71%
INFO - 09/13/26 22:36:24 - 0:04:30 - Epoch 139: train_loss=0.24660497903823853, train_acc= 91.76%
INFO - 09/13/26 22:36:25 - 0:04:30 - Epoch 140: train_loss=0.24043008685112, train_acc= 92.19%
INFO - 09/13/26 22:36:25 - 0:04:30 - Epoch 140: val_loss=0.5261369943618774, val_acc= 84.17%,val_weighted_f1= 83.84,val_macro_f1= 80.42%
INFO - 09/13/26 22:36:25 - 0:04:30 - Epoch 141: train_loss=0.24431852996349335, train_acc= 92.16%
INFO - 09/13/26 22:36:25 - 0:04:30 - Epoch 142: train_loss=0.23640725016593933, train_acc= 92.22%
INFO - 09/13/26 22:36:25 - 0:04:31 - Epoch 143: train_loss=0.23659208416938782, train_acc= 92.51%
INFO - 09/13/26 22:36:26 - 0:04:31 - Epoch 144: train_loss=0.22553086280822754, train_acc= 92.81%
INFO - 09/13/26 22:36:26 - 0:04:31 - Epoch 145: train_loss=0.22861342132091522, train_acc= 92.45%
INFO - 09/13/26 22:36:26 - 0:04:31 - Epoch 145: val_loss=0.5199275016784668, val_acc= 84.43%,val_weighted_f1= 84.25,val_macro_f1= 80.86%
INFO - 09/13/26 22:36:26 - 0:04:31 - Epoch 146: train_loss=0.23036207258701324, train_acc= 92.53%
INFO - 09/13/26 22:36:26 - 0:04:32 - Epoch 147: train_loss=0.22206571698188782, train_acc= 92.74%
INFO - 09/13/26 22:36:27 - 0:04:32 - Epoch 148: train_loss=0.21837052702903748, train_acc= 92.90%
INFO - 09/13/26 22:36:27 - 0:04:32 - Epoch 149: train_loss=0.22045928239822388, train_acc= 92.83%
INFO - 09/13/26 22:36:27 - 0:04:32 - Epoch 150: train_loss=0.21531300246715546, train_acc= 93.00%
INFO - 09/13/26 22:36:27 - 0:04:32 - Epoch 150: val_loss=0.5255097150802612, val_acc= 84.71%,val_weighted_f1= 84.47,val_macro_f1= 81.12%
INFO - 09/13/26 22:36:27 - 0:04:33 - Epoch 151: train_loss=0.20763851702213287, train_acc= 93.54%
INFO - 09/13/26 22:36:28 - 0:04:33 - Epoch 152: train_loss=0.20560616254806519, train_acc= 93.34%
INFO - 09/13/26 22:36:28 - 0:04:33 - Epoch 153: train_loss=0.21172764897346497, train_acc= 93.37%
INFO - 09/13/26 22:36:28 - 0:04:33 - Epoch 154: train_loss=0.20810909569263458, train_acc= 93.09%
INFO - 09/13/26 22:36:28 - 0:04:34 - Epoch 155: train_loss=0.20488007366657257, train_acc= 93.27%
INFO - 09/13/26 22:36:28 - 0:04:34 - Epoch 155: val_loss=0.5251776576042175, val_acc= 84.47%,val_weighted_f1= 84.19,val_macro_f1= 80.88%
EarlyStopping counter: 1 out of 15
INFO - 09/13/26 22:36:29 - 0:04:34 - Epoch 156: train_loss=0.19195786118507385, train_acc= 93.89%
INFO - 09/13/26 22:36:29 - 0:04:34 - Epoch 157: train_loss=0.1925421506166458, train_acc= 93.91%
INFO - 09/13/26 22:36:29 - 0:04:34 - Epoch 158: train_loss=0.19672709703445435, train_acc= 93.81%
INFO - 09/13/26 22:36:29 - 0:04:35 - Epoch 159: train_loss=0.19091551005840302, train_acc= 93.71%
INFO - 09/13/26 22:36:30 - 0:04:35 - Epoch 160: train_loss=0.18710367381572723, train_acc= 94.10%
INFO - 09/13/26 22:36:30 - 0:04:35 - Epoch 160: val_loss=0.5432770848274231, val_acc= 84.32%,val_weighted_f1= 84.01,val_macro_f1= 80.64%
EarlyStopping counter: 2 out of 15
INFO - 09/13/26 22:36:30 - 0:04:35 - Epoch 161: train_loss=0.18518248200416565, train_acc= 94.20%
INFO - 09/13/26 22:36:30 - 0:04:35 - Epoch 162: train_loss=0.1814582645893097, train_acc= 94.09%
INFO - 09/13/26 22:36:30 - 0:04:36 - Epoch 163: train_loss=0.18212582170963287, train_acc= 94.34%
INFO - 09/13/26 22:36:30 - 0:04:36 - Epoch 164: train_loss=0.17573274672031403, train_acc= 94.40%
INFO - 09/13/26 22:36:31 - 0:04:36 - Epoch 165: train_loss=0.17666923999786377, train_acc= 94.55%
INFO - 09/13/26 22:36:31 - 0:04:36 - Epoch 165: val_loss=0.5518204569816589, val_acc= 84.45%,val_weighted_f1= 84.11,val_macro_f1= 80.64%
EarlyStopping counter: 3 out of 15
INFO - 09/13/26 22:36:31 - 0:04:36 - Epoch 166: train_loss=0.17260533571243286, train_acc= 94.40%
INFO - 09/13/26 22:36:31 - 0:04:37 - Epoch 167: train_loss=0.16577298939228058, train_acc= 94.70%
INFO - 09/13/26 22:36:31 - 0:04:37 - Epoch 168: train_loss=0.16901251673698425, train_acc= 94.63%
INFO - 09/13/26 22:36:32 - 0:04:37 - Epoch 169: train_loss=0.17292819917201996, train_acc= 94.42%
INFO - 09/13/26 22:36:32 - 0:04:37 - Epoch 170: train_loss=0.16359438002109528, train_acc= 94.93%
INFO - 09/13/26 22:36:32 - 0:04:37 - Epoch 170: val_loss=0.5473435521125793, val_acc= 85.08%,val_weighted_f1= 84.81,val_macro_f1= 81.47%
INFO - 09/13/26 22:36:32 - 0:04:38 - Epoch 171: train_loss=0.16176776587963104, train_acc= 94.81%
INFO - 09/13/26 22:36:32 - 0:04:38 - Epoch 172: train_loss=0.16018834710121155, train_acc= 95.08%
INFO - 09/13/26 22:36:33 - 0:04:38 - Epoch 173: train_loss=0.15746304392814636, train_acc= 95.01%
INFO - 09/13/26 22:36:33 - 0:04:38 - Epoch 174: train_loss=0.15423455834388733, train_acc= 94.98%
INFO - 09/13/26 22:36:33 - 0:04:38 - Epoch 175: train_loss=0.1545911282300949, train_acc= 95.11%
INFO - 09/13/26 22:36:33 - 0:04:39 - Epoch 175: val_loss=0.5463739633560181, val_acc= 85.19%,val_weighted_f1= 85.00,val_macro_f1= 81.55%
INFO - 09/13/26 22:36:33 - 0:04:39 - Epoch 176: train_loss=0.14720770716667175, train_acc= 95.57%
INFO - 09/13/26 22:36:34 - 0:04:39 - Epoch 177: train_loss=0.1466446965932846, train_acc= 95.51%
INFO - 09/13/26 22:36:34 - 0:04:39 - Epoch 178: train_loss=0.14432302117347717, train_acc= 95.57%
INFO - 09/13/26 22:36:34 - 0:04:39 - Epoch 179: train_loss=0.13879497349262238, train_acc= 95.85%
INFO - 09/13/26 22:36:34 - 0:04:40 - Epoch 180: train_loss=0.1378829926252365, train_acc= 95.87%
INFO - 09/13/26 22:36:34 - 0:04:40 - Epoch 180: val_loss=0.5607479810714722, val_acc= 84.78%,val_weighted_f1= 84.50,val_macro_f1= 80.96%
EarlyStopping counter: 1 out of 15
INFO - 09/13/26 22:36:35 - 0:04:40 - Epoch 181: train_loss=0.14184677600860596, train_acc= 95.60%
INFO - 09/13/26 22:36:35 - 0:04:40 - Epoch 182: train_loss=0.1403534859418869, train_acc= 95.76%
INFO - 09/13/26 22:36:35 - 0:04:40 - Epoch 183: train_loss=0.13816577196121216, train_acc= 95.70%
INFO - 09/13/26 22:36:35 - 0:04:41 - Epoch 184: train_loss=0.13786964118480682, train_acc= 95.74%
INFO - 09/13/26 22:36:36 - 0:04:41 - Epoch 185: train_loss=0.1300513744354248, train_acc= 95.83%
INFO - 09/13/26 22:36:36 - 0:04:41 - Epoch 185: val_loss=0.5530610084533691, val_acc= 85.10%,val_weighted_f1= 84.90,val_macro_f1= 81.49%
EarlyStopping counter: 2 out of 15
INFO - 09/13/26 22:36:36 - 0:04:41 - Epoch 186: train_loss=0.1289300173521042, train_acc= 96.08%
INFO - 09/13/26 22:36:36 - 0:04:41 - Epoch 187: train_loss=0.12688110768795013, train_acc= 96.27%
INFO - 09/13/26 22:36:36 - 0:04:42 - Epoch 188: train_loss=0.12506724894046783, train_acc= 96.12%
INFO - 09/13/26 22:36:37 - 0:04:42 - Epoch 189: train_loss=0.12306790053844452, train_acc= 96.12%
INFO - 09/13/26 22:36:37 - 0:04:42 - Epoch 190: train_loss=0.12083027511835098, train_acc= 96.35%
INFO - 09/13/26 22:36:37 - 0:04:42 - Epoch 190: val_loss=0.567934513092041, val_acc= 85.08%,val_weighted_f1= 84.81,val_macro_f1= 81.43%
EarlyStopping counter: 3 out of 15
INFO - 09/13/26 22:36:37 - 0:04:42 - Epoch 191: train_loss=0.11895620822906494, train_acc= 96.43%
INFO - 09/13/26 22:36:37 - 0:04:43 - Epoch 192: train_loss=0.11778739094734192, train_acc= 96.52%
INFO - 09/13/26 22:36:38 - 0:04:43 - Epoch 193: train_loss=0.11234568804502487, train_acc= 96.61%
INFO - 09/13/26 22:36:38 - 0:04:43 - Epoch 194: train_loss=0.11646264791488647, train_acc= 96.45%
INFO - 09/13/26 22:36:38 - 0:04:43 - Epoch 195: train_loss=0.10968673229217529, train_acc= 96.81%
INFO - 09/13/26 22:36:38 - 0:04:43 - Epoch 195: val_loss=0.5752342939376831, val_acc= 85.15%,val_weighted_f1= 84.89,val_macro_f1= 81.42%
EarlyStopping counter: 4 out of 15
INFO - 09/13/26 22:36:38 - 0:04:44 - Epoch 196: train_loss=0.1066201701760292, train_acc= 96.98%
INFO - 09/13/26 22:36:39 - 0:04:44 - Epoch 197: train_loss=0.10734204947948456, train_acc= 96.73%
INFO - 09/13/26 22:36:39 - 0:04:44 - Epoch 198: train_loss=0.104925237596035, train_acc= 96.88%
INFO - 09/13/26 22:36:39 - 0:04:44 - Epoch 199: train_loss=0.10607197880744934, train_acc= 96.94%
INFO - 09/13/26 22:36:39 - 0:04:45 - Epoch 200: train_loss=0.10202167183160782, train_acc= 97.20%
INFO - 09/13/26 22:36:39 - 0:04:45 - Epoch 200: val_loss=0.5917212963104248, val_acc= 85.08%,val_weighted_f1= 84.70,val_macro_f1= 81.38%
EarlyStopping counter: 5 out of 15
INFO - 09/13/26 22:36:40 - 0:04:45 - Epoch 201: train_loss=0.10000424087047577, train_acc= 97.26%
INFO - 09/13/26 22:36:40 - 0:04:45 - Epoch 202: train_loss=0.1020541563630104, train_acc= 96.99%
INFO - 09/13/26 22:36:40 - 0:04:45 - Epoch 203: train_loss=0.11065464466810226, train_acc= 96.55%
INFO - 09/13/26 22:36:40 - 0:04:46 - Epoch 204: train_loss=0.13342435657978058, train_acc= 95.53%
INFO - 09/13/26 22:36:40 - 0:04:46 - Epoch 205: train_loss=0.11009050905704498, train_acc= 96.51%
INFO - 09/13/26 22:36:41 - 0:04:46 - Epoch 205: val_loss=0.5919760465621948, val_acc= 85.15%,val_weighted_f1= 84.85,val_macro_f1= 81.33%
EarlyStopping counter: 6 out of 15
INFO - 09/13/26 22:36:41 - 0:04:46 - Epoch 206: train_loss=0.0916445180773735, train_acc= 97.45%
INFO - 09/13/26 22:36:41 - 0:04:46 - Epoch 207: train_loss=0.10440341383218765, train_acc= 96.87%
INFO - 09/13/26 22:36:41 - 0:04:47 - Epoch 208: train_loss=0.09847486019134521, train_acc= 96.92%
INFO - 09/13/26 22:36:41 - 0:04:47 - Epoch 209: train_loss=0.0967307984828949, train_acc= 97.18%
INFO - 09/13/26 22:36:42 - 0:04:47 - Epoch 210: train_loss=0.09622621536254883, train_acc= 97.26%
INFO - 09/13/26 22:36:42 - 0:04:47 - Epoch 210: val_loss=0.6086513996124268, val_acc= 85.19%,val_weighted_f1= 84.81,val_macro_f1= 81.63%
INFO - 09/13/26 22:36:42 - 0:04:47 - Epoch 211: train_loss=0.08700796961784363, train_acc= 97.52%
INFO - 09/13/26 22:36:42 - 0:04:48 - Epoch 212: train_loss=0.09455089271068573, train_acc= 97.23%
INFO - 09/13/26 22:36:42 - 0:04:48 - Epoch 213: train_loss=0.08749689906835556, train_acc= 97.59%
INFO - 09/13/26 22:36:43 - 0:04:48 - Epoch 214: train_loss=0.08883008360862732, train_acc= 97.46%
INFO - 09/13/26 22:36:43 - 0:04:48 - Epoch 215: train_loss=0.08452823758125305, train_acc= 97.47%
INFO - 09/13/26 22:36:43 - 0:04:48 - Epoch 215: val_loss=0.5971417427062988, val_acc= 85.53%,val_weighted_f1= 85.30,val_macro_f1= 81.81%
INFO - 09/13/26 22:36:43 - 0:04:49 - Epoch 216: train_loss=0.08247514814138412, train_acc= 97.66%
INFO - 09/13/26 22:36:43 - 0:04:49 - Epoch 217: train_loss=0.08062814921140671, train_acc= 97.73%
INFO - 09/13/26 22:36:44 - 0:04:49 - Epoch 218: train_loss=0.07840919494628906, train_acc= 97.88%
INFO - 09/13/26 22:36:44 - 0:04:49 - Epoch 219: train_loss=0.08108846843242645, train_acc= 97.73%
INFO - 09/13/26 22:36:44 - 0:04:50 - Epoch 220: train_loss=0.0759626105427742, train_acc= 97.98%
INFO - 09/13/26 22:36:44 - 0:04:50 - Epoch 220: val_loss=0.6148161292076111, val_acc= 85.33%,val_weighted_f1= 85.05,val_macro_f1= 81.63%
EarlyStopping counter: 1 out of 15
INFO - 09/13/26 22:36:44 - 0:04:50 - Epoch 221: train_loss=0.0779246985912323, train_acc= 97.82%
INFO - 09/13/26 22:36:45 - 0:04:50 - Epoch 222: train_loss=0.07674489170312881, train_acc= 97.91%
INFO - 09/13/26 22:36:45 - 0:04:50 - Epoch 223: train_loss=0.07275077700614929, train_acc= 97.96%
INFO - 09/13/26 22:36:45 - 0:04:51 - Epoch 224: train_loss=0.07489339262247086, train_acc= 97.93%
INFO - 09/13/26 22:36:45 - 0:04:51 - Epoch 225: train_loss=0.07000713050365448, train_acc= 98.01%
INFO - 09/13/26 22:36:45 - 0:04:51 - Epoch 225: val_loss=0.6192163228988647, val_acc= 85.38%,val_weighted_f1= 85.12,val_macro_f1= 81.53%
EarlyStopping counter: 2 out of 15
INFO - 09/13/26 22:36:46 - 0:04:51 - Epoch 226: train_loss=0.06939697265625, train_acc= 98.04%
INFO - 09/13/26 22:36:46 - 0:04:51 - Epoch 227: train_loss=0.06865865737199783, train_acc= 98.16%
INFO - 09/13/26 22:36:46 - 0:04:51 - Epoch 228: train_loss=0.0720127671957016, train_acc= 97.90%
INFO - 09/13/26 22:36:46 - 0:04:52 - Epoch 229: train_loss=0.07087381929159164, train_acc= 98.17%
INFO - 09/13/26 22:36:47 - 0:04:52 - Epoch 230: train_loss=0.06402697414159775, train_acc= 98.38%
INFO - 09/13/26 22:36:47 - 0:04:52 - Epoch 230: val_loss=0.6379709839820862, val_acc= 85.31%,val_weighted_f1= 84.97,val_macro_f1= 81.62%
EarlyStopping counter: 3 out of 15
INFO - 09/13/26 22:36:47 - 0:04:52 - Epoch 231: train_loss=0.06619042903184891, train_acc= 98.30%
INFO - 09/13/26 22:36:47 - 0:04:52 - Epoch 232: train_loss=0.06310266256332397, train_acc= 98.31%
INFO - 09/13/26 22:36:47 - 0:04:53 - Epoch 233: train_loss=0.06372222304344177, train_acc= 98.28%
INFO - 09/13/26 22:36:48 - 0:04:53 - Epoch 234: train_loss=0.06353320926427841, train_acc= 98.44%
INFO - 09/13/26 22:36:48 - 0:04:53 - Epoch 235: train_loss=0.05935091897845268, train_acc= 98.47%
INFO - 09/13/26 22:36:48 - 0:04:53 - Epoch 235: val_loss=0.6271621584892273, val_acc= 85.53%,val_weighted_f1= 85.32,val_macro_f1= 81.98%
INFO - 09/13/26 22:36:48 - 0:04:53 - Epoch 236: train_loss=0.0615028440952301, train_acc= 98.37%
INFO - 09/13/26 22:36:48 - 0:04:54 - Epoch 237: train_loss=0.05895981937646866, train_acc= 98.24%
INFO - 09/13/26 22:36:48 - 0:04:54 - Epoch 238: train_loss=0.05743764340877533, train_acc= 98.50%
INFO - 09/13/26 22:36:49 - 0:04:54 - Epoch 239: train_loss=0.059223491698503494, train_acc= 98.38%
INFO - 09/13/26 22:36:49 - 0:04:54 - Epoch 240: train_loss=0.057913340628147125, train_acc= 98.48%
INFO - 09/13/26 22:36:49 - 0:04:54 - Epoch 240: val_loss=0.6490781903266907, val_acc= 85.35%,val_weighted_f1= 85.07,val_macro_f1= 81.74%
EarlyStopping counter: 1 out of 15
INFO - 09/13/26 22:36:49 - 0:04:55 - Epoch 241: train_loss=0.054443418979644775, train_acc= 98.66%
INFO - 09/13/26 22:36:50 - 0:04:55 - Epoch 242: train_loss=0.053914397954940796, train_acc= 98.53%
INFO - 09/13/26 22:36:50 - 0:04:55 - Epoch 243: train_loss=0.05798498913645744, train_acc= 98.43%
INFO - 09/13/26 22:36:50 - 0:04:55 - Epoch 244: train_loss=0.05184721201658249, train_acc= 98.68%
INFO - 09/13/26 22:36:50 - 0:04:56 - Epoch 245: train_loss=0.05170707777142525, train_acc= 98.77%
INFO - 09/13/26 22:36:50 - 0:04:56 - Epoch 245: val_loss=0.6717796325683594, val_acc= 85.26%,val_weighted_f1= 84.93,val_macro_f1= 81.44%
EarlyStopping counter: 2 out of 15
INFO - 09/13/26 22:36:51 - 0:04:56 - Epoch 246: train_loss=0.0532662458717823, train_acc= 98.56%
INFO - 09/13/26 22:36:51 - 0:04:56 - Epoch 247: train_loss=0.049289967864751816, train_acc= 98.76%
INFO - 09/13/26 22:36:51 - 0:04:56 - Epoch 248: train_loss=0.04833885282278061, train_acc= 98.70%
INFO - 09/13/26 22:36:51 - 0:04:57 - Epoch 249: train_loss=0.05069801211357117, train_acc= 98.72%
INFO - 09/13/26 22:36:51 - 0:04:57 - Epoch 250: train_loss=0.05033930018544197, train_acc= 98.76%
INFO - 09/13/26 22:36:52 - 0:04:57 - Epoch 250: val_loss=0.6586175560951233, val_acc= 85.38%,val_weighted_f1= 85.16,val_macro_f1= 81.63%
EarlyStopping counter: 3 out of 15
INFO - 09/13/26 22:36:52 - 0:04:57 - Epoch 251: train_loss=0.04835367575287819, train_acc= 98.89%
INFO - 09/13/26 22:36:52 - 0:04:57 - Epoch 252: train_loss=0.048275478184223175, train_acc= 98.84%
INFO - 09/13/26 22:36:52 - 0:04:58 - Epoch 253: train_loss=0.046310923993587494, train_acc= 98.82%
INFO - 09/13/26 22:36:52 - 0:04:58 - Epoch 254: train_loss=0.04993266612291336, train_acc= 98.70%
INFO - 09/13/26 22:36:53 - 0:04:58 - Epoch 255: train_loss=0.05134725570678711, train_acc= 98.63%
INFO - 09/13/26 22:36:53 - 0:04:58 - Epoch 255: val_loss=0.6627697348594666, val_acc= 85.70%,val_weighted_f1= 85.52,val_macro_f1= 82.02%
INFO - 09/13/26 22:36:53 - 0:04:58 - Epoch 256: train_loss=0.04537978023290634, train_acc= 98.93%
INFO - 09/13/26 22:36:53 - 0:04:59 - Epoch 257: train_loss=0.044749777764081955, train_acc= 98.87%
INFO - 09/13/26 22:36:53 - 0:04:59 - Epoch 258: train_loss=0.04374805837869644, train_acc= 98.94%
INFO - 09/13/26 22:36:54 - 0:04:59 - Epoch 259: train_loss=0.043160803616046906, train_acc= 98.92%
INFO - 09/13/26 22:36:54 - 0:04:59 - Epoch 260: train_loss=0.045849792659282684, train_acc= 98.84%
INFO - 09/13/26 22:36:54 - 0:04:59 - Epoch 260: val_loss=0.6860082745552063, val_acc= 85.58%,val_weighted_f1= 85.27,val_macro_f1= 81.91%
EarlyStopping counter: 1 out of 15
INFO - 09/13/26 22:36:54 - 0:05:00 - Epoch 261: train_loss=0.045222219079732895, train_acc= 98.83%
INFO - 09/13/26 22:36:54 - 0:05:00 - Epoch 262: train_loss=0.041281457990407944, train_acc= 98.99%
INFO - 09/13/26 22:36:55 - 0:05:00 - Epoch 263: train_loss=0.04005379229784012, train_acc= 99.09%
INFO - 09/13/26 22:36:55 - 0:05:00 - Epoch 264: train_loss=0.038080986589193344, train_acc= 99.08%
INFO - 09/13/26 22:36:55 - 0:05:01 - Epoch 265: train_loss=0.03740571439266205, train_acc= 99.11%
INFO - 09/13/26 22:36:55 - 0:05:01 - Epoch 265: val_loss=0.6713227033615112, val_acc= 85.88%,val_weighted_f1= 85.67,val_macro_f1= 82.24%
INFO - 09/13/26 22:36:55 - 0:05:01 - Epoch 266: train_loss=0.03961082547903061, train_acc= 99.06%
INFO - 09/13/26 22:36:56 - 0:05:01 - Epoch 267: train_loss=0.037892621010541916, train_acc= 99.13%
INFO - 09/13/26 22:36:56 - 0:05:01 - Epoch 268: train_loss=0.03850307688117027, train_acc= 98.99%
INFO - 09/13/26 22:36:56 - 0:05:01 - Epoch 269: train_loss=0.038980405777692795, train_acc= 99.09%
INFO - 09/13/26 22:36:56 - 0:05:02 - Epoch 270: train_loss=0.03899650648236275, train_acc= 98.99%
INFO - 09/13/26 22:36:56 - 0:05:02 - Epoch 270: val_loss=0.7038437724113464, val_acc= 85.44%,val_weighted_f1= 85.07,val_macro_f1= 81.56%
EarlyStopping counter: 1 out of 15
INFO - 09/13/26 22:36:57 - 0:05:02 - Epoch 271: train_loss=0.037040840834379196, train_acc= 99.25%
INFO - 09/13/26 22:36:57 - 0:05:02 - Epoch 272: train_loss=0.03511101379990578, train_acc= 99.22%
INFO - 09/13/26 22:36:57 - 0:05:02 - Epoch 273: train_loss=0.038170117884874344, train_acc= 99.06%
INFO - 09/13/26 22:36:57 - 0:05:03 - Epoch 274: train_loss=0.03496947139501572, train_acc= 99.30%
INFO - 09/13/26 22:36:58 - 0:05:03 - Epoch 275: train_loss=0.03585848957300186, train_acc= 99.08%
INFO - 09/13/26 22:36:58 - 0:05:03 - Epoch 275: val_loss=0.6742558479309082, val_acc= 85.58%,val_weighted_f1= 85.41,val_macro_f1= 82.05%
EarlyStopping counter: 2 out of 15
INFO - 09/13/26 22:36:58 - 0:05:03 - Epoch 276: train_loss=0.03538624942302704, train_acc= 99.20%
INFO - 09/13/26 22:36:58 - 0:05:03 - Epoch 277: train_loss=0.03364693373441696, train_acc= 99.21%
INFO - 09/13/26 22:36:58 - 0:05:04 - Epoch 278: train_loss=0.03539881855249405, train_acc= 99.09%
INFO - 09/13/26 22:36:59 - 0:05:04 - Epoch 279: train_loss=0.030116258189082146, train_acc= 99.42%
INFO - 09/13/26 22:36:59 - 0:05:04 - Epoch 280: train_loss=0.03485662117600441, train_acc= 99.14%
INFO - 09/13/26 22:36:59 - 0:05:04 - Epoch 280: val_loss=0.6972975730895996, val_acc= 85.60%,val_weighted_f1= 85.33,val_macro_f1= 82.03%
EarlyStopping counter: 3 out of 15
INFO - 09/13/26 22:36:59 - 0:05:05 - Epoch 281: train_loss=0.03397409990429878, train_acc= 99.06%
INFO - 09/13/26 22:36:59 - 0:05:05 - Epoch 282: train_loss=0.03142938390374184, train_acc= 99.35%
INFO - 09/13/26 22:37:00 - 0:05:05 - Epoch 283: train_loss=0.03254792094230652, train_acc= 99.25%
INFO - 09/13/26 22:37:00 - 0:05:05 - Epoch 284: train_loss=0.03067641519010067, train_acc= 99.25%
INFO - 09/13/26 22:37:00 - 0:05:05 - Epoch 285: train_loss=0.03144434094429016, train_acc= 99.27%
INFO - 09/13/26 22:37:00 - 0:05:05 - Epoch 285: val_loss=0.6983129382133484, val_acc= 85.97%,val_weighted_f1= 85.69,val_macro_f1= 82.44%
INFO - 09/13/26 22:37:00 - 0:05:06 - Epoch 286: train_loss=0.030553355813026428, train_acc= 99.27%
INFO - 09/13/26 22:37:01 - 0:05:06 - Epoch 287: train_loss=0.030522173270583153, train_acc= 99.31%
INFO - 09/13/26 22:37:01 - 0:05:06 - Epoch 288: train_loss=0.029075637459754944, train_acc= 99.44%
INFO - 09/13/26 22:37:01 - 0:05:06 - Epoch 289: train_loss=0.030482573434710503, train_acc= 99.31%
INFO - 09/13/26 22:37:01 - 0:05:07 - Epoch 290: train_loss=0.029186788946390152, train_acc= 99.35%
INFO - 09/13/26 22:37:01 - 0:05:07 - Epoch 290: val_loss=0.7043474912643433, val_acc= 85.97%,val_weighted_f1= 85.70,val_macro_f1= 82.53%
INFO - 09/13/26 22:37:02 - 0:05:07 - Epoch 291: train_loss=0.025557739660143852, train_acc= 99.55%
INFO - 09/13/26 22:37:02 - 0:05:07 - Epoch 292: train_loss=0.03049931488931179, train_acc= 99.24%
INFO - 09/13/26 22:37:02 - 0:05:07 - Epoch 293: train_loss=0.028094729408621788, train_acc= 99.44%
INFO - 09/13/26 22:37:02 - 0:05:08 - Epoch 294: train_loss=0.027164164930582047, train_acc= 99.39%
INFO - 09/13/26 22:37:02 - 0:05:08 - Epoch 295: train_loss=0.026510536670684814, train_acc= 99.43%
INFO - 09/13/26 22:37:03 - 0:05:08 - Epoch 295: val_loss=0.7141707539558411, val_acc= 85.86%,val_weighted_f1= 85.62,val_macro_f1= 82.23%
EarlyStopping counter: 1 out of 15
INFO - 09/13/26 22:37:03 - 0:05:08 - Epoch 296: train_loss=0.02558525837957859, train_acc= 99.57%
INFO - 09/13/26 22:37:03 - 0:05:08 - Epoch 297: train_loss=0.027276217937469482, train_acc= 99.39%
INFO - 09/13/26 22:37:03 - 0:05:09 - Epoch 298: train_loss=0.0276261568069458, train_acc= 99.35%
INFO - 09/13/26 22:37:03 - 0:05:09 - Epoch 299: train_loss=0.02339201048016548, train_acc= 99.59%
INFO - 09/13/26 22:37:04 - 0:05:09 - Epoch 300: train_loss=0.02606811188161373, train_acc= 99.39%
INFO - 09/13/26 22:37:04 - 0:05:09 - Epoch 300: val_loss=0.7174049019813538, val_acc= 85.77%,val_weighted_f1= 85.51,val_macro_f1= 82.24%
EarlyStopping counter: 2 out of 15
INFO - 09/13/26 22:37:04 - 0:05:09 - Epoch 301: train_loss=0.023954590782523155, train_acc= 99.50%
INFO - 09/13/26 22:37:04 - 0:05:10 - Epoch 302: train_loss=0.0260865930467844, train_acc= 99.38%
INFO - 09/13/26 22:37:04 - 0:05:10 - Epoch 303: train_loss=0.02452455647289753, train_acc= 99.55%
INFO - 09/13/26 22:37:05 - 0:05:10 - Epoch 304: train_loss=0.024982700124382973, train_acc= 99.41%
INFO - 09/13/26 22:37:05 - 0:05:10 - Epoch 305: train_loss=0.025099381804466248, train_acc= 99.51%
INFO - 09/13/26 22:37:05 - 0:05:10 - Epoch 305: val_loss=0.722492516040802, val_acc= 85.86%,val_weighted_f1= 85.60,val_macro_f1= 82.46%
EarlyStopping counter: 3 out of 15
INFO - 09/13/26 22:37:05 - 0:05:11 - Epoch 306: train_loss=0.024787012487649918, train_acc= 99.42%
INFO - 09/13/26 22:37:05 - 0:05:11 - Epoch 307: train_loss=0.024481330066919327, train_acc= 99.47%
INFO - 09/13/26 22:37:06 - 0:05:11 - Epoch 308: train_loss=0.02298356406390667, train_acc= 99.55%
INFO - 09/13/26 22:37:06 - 0:05:11 - Epoch 309: train_loss=0.02351456508040428, train_acc= 99.53%
INFO - 09/13/26 22:37:06 - 0:05:11 - Epoch 310: train_loss=0.02336832322180271, train_acc= 99.51%
INFO - 09/13/26 22:37:06 - 0:05:12 - Epoch 310: val_loss=0.718427836894989, val_acc= 85.74%,val_weighted_f1= 85.52,val_macro_f1= 82.28%
EarlyStopping counter: 4 out of 15
INFO - 09/13/26 22:37:06 - 0:05:12 - Epoch 311: train_loss=0.022882748395204544, train_acc= 99.51%
INFO - 09/13/26 22:37:07 - 0:05:12 - Epoch 312: train_loss=0.022338340058922768, train_acc= 99.51%
INFO - 09/13/26 22:37:07 - 0:05:12 - Epoch 313: train_loss=0.02012961357831955, train_acc= 99.65%
INFO - 09/13/26 22:37:07 - 0:05:12 - Epoch 314: train_loss=0.021553419530391693, train_acc= 99.55%
INFO - 09/13/26 22:37:07 - 0:05:13 - Epoch 315: train_loss=0.021985691040754318, train_acc= 99.58%
INFO - 09/13/26 22:37:07 - 0:05:13 - Epoch 315: val_loss=0.7178099155426025, val_acc= 85.83%,val_weighted_f1= 85.65,val_macro_f1= 82.56%
EarlyStopping counter: 5 out of 15
INFO - 09/13/26 22:37:08 - 0:05:13 - Epoch 316: train_loss=0.021539056673645973, train_acc= 99.63%
INFO - 09/13/26 22:37:08 - 0:05:13 - Epoch 317: train_loss=0.021895864978432655, train_acc= 99.57%
INFO - 09/13/26 22:37:08 - 0:05:13 - Epoch 318: train_loss=0.02196005918085575, train_acc= 99.55%
INFO - 09/13/26 22:37:08 - 0:05:14 - Epoch 319: train_loss=0.01966075971722603, train_acc= 99.64%
INFO - 09/13/26 22:37:09 - 0:05:14 - Epoch 320: train_loss=0.018766364082694054, train_acc= 99.76%
INFO - 09/13/26 22:37:09 - 0:05:14 - Epoch 320: val_loss=0.7406018376350403, val_acc= 85.88%,val_weighted_f1= 85.61,val_macro_f1= 82.44%
EarlyStopping counter: 6 out of 15
INFO - 09/13/26 22:37:09 - 0:05:14 - Epoch 321: train_loss=0.022738318890333176, train_acc= 99.42%
INFO - 09/13/26 22:37:09 - 0:05:15 - Epoch 322: train_loss=0.020843837410211563, train_acc= 99.61%
INFO - 09/13/26 22:37:09 - 0:05:15 - Epoch 323: train_loss=0.020186999812722206, train_acc= 99.64%
INFO - 09/13/26 22:37:10 - 0:05:15 - Epoch 324: train_loss=0.02107875794172287, train_acc= 99.63%
INFO - 09/13/26 22:37:10 - 0:05:15 - Epoch 325: train_loss=0.018311502411961555, train_acc= 99.70%
INFO - 09/13/26 22:37:10 - 0:05:15 - Epoch 325: val_loss=0.7255304455757141, val_acc= 85.86%,val_weighted_f1= 85.69,val_macro_f1= 82.34%
EarlyStopping counter: 7 out of 15
INFO - 09/13/26 22:37:10 - 0:05:15 - Epoch 326: train_loss=0.020892614498734474, train_acc= 99.56%
INFO - 09/13/26 22:37:10 - 0:05:16 - Epoch 327: train_loss=0.01873638853430748, train_acc= 99.67%
INFO - 09/13/26 22:37:11 - 0:05:16 - Epoch 328: train_loss=0.018164630979299545, train_acc= 99.69%
INFO - 09/13/26 22:37:11 - 0:05:16 - Epoch 329: train_loss=0.019186990335583687, train_acc= 99.60%
INFO - 09/13/26 22:37:11 - 0:05:16 - Epoch 330: train_loss=0.018338248133659363, train_acc= 99.63%
INFO - 09/13/26 22:37:11 - 0:05:16 - Epoch 330: val_loss=0.7334524989128113, val_acc= 85.93%,val_weighted_f1= 85.72,val_macro_f1= 82.63%
EarlyStopping counter: 8 out of 15
INFO - 09/13/26 22:37:11 - 0:05:17 - Epoch 331: train_loss=0.018347876146435738, train_acc= 99.66%
INFO - 09/13/26 22:37:12 - 0:05:17 - Epoch 332: train_loss=0.018802981823682785, train_acc= 99.65%
INFO - 09/13/26 22:37:12 - 0:05:17 - Epoch 333: train_loss=0.017592763528227806, train_acc= 99.74%
INFO - 09/13/26 22:37:12 - 0:05:17 - Epoch 334: train_loss=0.01836218684911728, train_acc= 99.66%
INFO - 09/13/26 22:37:12 - 0:05:18 - Epoch 335: train_loss=0.017076624557375908, train_acc= 99.69%
INFO - 09/13/26 22:37:12 - 0:05:18 - Epoch 335: val_loss=0.7619305849075317, val_acc= 86.02%,val_weighted_f1= 85.77,val_macro_f1= 82.65%
INFO - 09/13/26 22:37:13 - 0:05:18 - Epoch 336: train_loss=0.020095812156796455, train_acc= 99.48%
INFO - 09/13/26 22:37:13 - 0:05:18 - Epoch 337: train_loss=0.01637163572013378, train_acc= 99.71%
INFO - 09/13/26 22:37:13 - 0:05:18 - Epoch 338: train_loss=0.01663520745933056, train_acc= 99.74%
INFO - 09/13/26 22:37:13 - 0:05:19 - Epoch 339: train_loss=0.01739308051764965, train_acc= 99.65%
INFO - 09/13/26 22:37:14 - 0:05:19 - Epoch 340: train_loss=0.01650245301425457, train_acc= 99.66%
INFO - 09/13/26 22:37:14 - 0:05:19 - Epoch 340: val_loss=0.7517052292823792, val_acc= 86.09%,val_weighted_f1= 85.88,val_macro_f1= 82.57%
INFO - 09/13/26 22:37:14 - 0:05:19 - Epoch 341: train_loss=0.017248153686523438, train_acc= 99.59%
INFO - 09/13/26 22:37:14 - 0:05:19 - Epoch 342: train_loss=0.015884198248386383, train_acc= 99.74%
INFO - 09/13/26 22:37:14 - 0:05:20 - Epoch 343: train_loss=0.016536854207515717, train_acc= 99.67%
INFO - 09/13/26 22:37:15 - 0:05:20 - Epoch 344: train_loss=0.016866805031895638, train_acc= 99.65%
INFO - 09/13/26 22:37:15 - 0:05:20 - Epoch 345: train_loss=0.015950459986925125, train_acc= 99.73%
INFO - 09/13/26 22:37:15 - 0:05:20 - Epoch 345: val_loss=0.7415967583656311, val_acc= 86.05%,val_weighted_f1= 85.88,val_macro_f1= 82.63%
EarlyStopping counter: 1 out of 15
INFO - 09/13/26 22:37:15 - 0:05:20 - Epoch 346: train_loss=0.01605633832514286, train_acc= 99.72%
INFO - 09/13/26 22:37:15 - 0:05:21 - Epoch 347: train_loss=0.015264303423464298, train_acc= 99.70%
INFO - 09/13/26 22:37:15 - 0:05:21 - Epoch 348: train_loss=0.01545659452676773, train_acc= 99.77%
INFO - 09/13/26 22:37:16 - 0:05:21 - Epoch 349: train_loss=0.014077278785407543, train_acc= 99.72%
INFO - 09/13/26 22:37:16 - 0:05:21 - Epoch 350: train_loss=0.016099249944090843, train_acc= 99.70%
INFO - 09/13/26 22:37:16 - 0:05:21 - Epoch 350: val_loss=0.7548860311508179, val_acc= 86.02%,val_weighted_f1= 85.79,val_macro_f1= 82.45%
EarlyStopping counter: 2 out of 15
INFO - 09/13/26 22:37:16 - 0:05:22 - Epoch 351: train_loss=0.01568935625255108, train_acc= 99.73%
INFO - 09/13/26 22:37:16 - 0:05:22 - Epoch 352: train_loss=0.018245847895741463, train_acc= 99.58%
INFO - 09/13/26 22:37:17 - 0:05:22 - Epoch 353: train_loss=0.0165853351354599, train_acc= 99.65%
INFO - 09/13/26 22:37:17 - 0:05:22 - Epoch 354: train_loss=0.015297737903892994, train_acc= 99.73%
INFO - 09/13/26 22:37:17 - 0:05:22 - Epoch 355: train_loss=0.013506343588232994, train_acc= 99.77%
INFO - 09/13/26 22:37:17 - 0:05:23 - Epoch 355: val_loss=0.779323935508728, val_acc= 86.00%,val_weighted_f1= 85.65,val_macro_f1= 82.51%
EarlyStopping counter: 3 out of 15
INFO - 09/13/26 22:37:17 - 0:05:23 - Epoch 356: train_loss=0.01606735959649086, train_acc= 99.66%
INFO - 09/13/26 22:37:18 - 0:05:23 - Epoch 357: train_loss=0.01351800374686718, train_acc= 99.75%
INFO - 09/13/26 22:37:18 - 0:05:23 - Epoch 358: train_loss=0.015191690996289253, train_acc= 99.72%
INFO - 09/13/26 22:37:18 - 0:05:23 - Epoch 359: train_loss=0.014598937705159187, train_acc= 99.75%
INFO - 09/13/26 22:37:18 - 0:05:24 - Epoch 360: train_loss=0.015826065093278885, train_acc= 99.70%
INFO - 09/13/26 22:37:19 - 0:05:24 - Epoch 360: val_loss=0.7731415033340454, val_acc= 85.83%,val_weighted_f1= 85.55,val_macro_f1= 82.22%
EarlyStopping counter: 4 out of 15
INFO - 09/13/26 22:37:19 - 0:05:24 - Epoch 361: train_loss=0.013326333835721016, train_acc= 99.76%
INFO - 09/13/26 22:37:19 - 0:05:24 - Epoch 362: train_loss=0.013890308327972889, train_acc= 99.73%
INFO - 09/13/26 22:37:19 - 0:05:25 - Epoch 363: train_loss=0.014114772900938988, train_acc= 99.73%
INFO - 09/13/26 22:37:19 - 0:05:25 - Epoch 364: train_loss=0.014124616980552673, train_acc= 99.74%
INFO - 09/13/26 22:37:20 - 0:05:25 - Epoch 365: train_loss=0.01565675064921379, train_acc= 99.66%
INFO - 09/13/26 22:37:20 - 0:05:25 - Epoch 365: val_loss=0.7638448476791382, val_acc= 85.84%,val_weighted_f1= 85.56,val_macro_f1= 82.39%
EarlyStopping counter: 5 out of 15
INFO - 09/13/26 22:37:20 - 0:05:25 - Epoch 366: train_loss=0.014002468436956406, train_acc= 99.72%
INFO - 09/13/26 22:37:20 - 0:05:25 - Epoch 367: train_loss=0.014590172097086906, train_acc= 99.71%
INFO - 09/13/26 22:37:20 - 0:05:26 - Epoch 368: train_loss=0.012162250466644764, train_acc= 99.81%
INFO - 09/13/26 22:37:21 - 0:05:26 - Epoch 369: train_loss=0.013151071965694427, train_acc= 99.71%
INFO - 09/13/26 22:37:21 - 0:05:26 - Epoch 370: train_loss=0.012596705928444862, train_acc= 99.82%
INFO - 09/13/26 22:37:21 - 0:05:26 - Epoch 370: val_loss=0.762682318687439, val_acc= 86.21%,val_weighted_f1= 85.96,val_macro_f1= 82.82%
INFO - 09/13/26 22:37:21 - 0:05:26 - Epoch 371: train_loss=0.013577287085354328, train_acc= 99.77%
INFO - 09/13/26 22:37:21 - 0:05:27 - Epoch 372: train_loss=0.011906462721526623, train_acc= 99.84%
INFO - 09/13/26 22:37:22 - 0:05:27 - Epoch 373: train_loss=0.012922899797558784, train_acc= 99.77%
INFO - 09/13/26 22:37:22 - 0:05:27 - Epoch 374: train_loss=0.013077666983008385, train_acc= 99.75%
INFO - 09/13/26 22:37:22 - 0:05:27 - Epoch 375: train_loss=0.013680233620107174, train_acc= 99.72%
INFO - 09/13/26 22:37:22 - 0:05:27 - Epoch 375: val_loss=0.7663246393203735, val_acc= 86.11%,val_weighted_f1= 85.87,val_macro_f1= 82.63%
EarlyStopping counter: 1 out of 15
INFO - 09/13/26 22:37:22 - 0:05:28 - Epoch 376: train_loss=0.011502152308821678, train_acc= 99.86%
INFO - 09/13/26 22:37:23 - 0:05:28 - Epoch 377: train_loss=0.011648640967905521, train_acc= 99.81%
INFO - 09/13/26 22:37:23 - 0:05:28 - Epoch 378: train_loss=0.013203044421970844, train_acc= 99.77%
INFO - 09/13/26 22:37:23 - 0:05:28 - Epoch 379: train_loss=0.012860209681093693, train_acc= 99.74%
INFO - 09/13/26 22:37:23 - 0:05:29 - Epoch 380: train_loss=0.01210993342101574, train_acc= 99.79%
INFO - 09/13/26 22:37:23 - 0:05:29 - Epoch 380: val_loss=0.7725436687469482, val_acc= 85.79%,val_weighted_f1= 85.55,val_macro_f1= 82.15%
EarlyStopping counter: 2 out of 15
INFO - 09/13/26 22:37:24 - 0:05:29 - Epoch 381: train_loss=0.011983506381511688, train_acc= 99.75%
INFO - 09/13/26 22:37:24 - 0:05:29 - Epoch 382: train_loss=0.013708421029150486, train_acc= 99.71%
INFO - 09/13/26 22:37:24 - 0:05:29 - Epoch 383: train_loss=0.011329147964715958, train_acc= 99.79%
INFO - 09/13/26 22:37:24 - 0:05:30 - Epoch 384: train_loss=0.012813501991331577, train_acc= 99.73%
INFO - 09/13/26 22:37:25 - 0:05:30 - Epoch 385: train_loss=0.01067435648292303, train_acc= 99.86%
INFO - 09/13/26 22:37:25 - 0:05:30 - Epoch 385: val_loss=0.7679710984230042, val_acc= 85.90%,val_weighted_f1= 85.64,val_macro_f1= 82.29%
EarlyStopping counter: 3 out of 15
INFO - 09/13/26 22:37:25 - 0:05:30 - Epoch 386: train_loss=0.01294702384620905, train_acc= 99.77%
INFO - 09/13/26 22:37:25 - 0:05:30 - Epoch 387: train_loss=0.01119814720004797, train_acc= 99.80%
INFO - 09/13/26 22:37:25 - 0:05:31 - Epoch 388: train_loss=0.009173338301479816, train_acc= 99.85%
INFO - 09/13/26 22:37:25 - 0:05:31 - Epoch 389: train_loss=0.011739863082766533, train_acc= 99.74%
INFO - 09/13/26 22:37:26 - 0:05:31 - Epoch 390: train_loss=0.010527069680392742, train_acc= 99.83%
INFO - 09/13/26 22:37:26 - 0:05:31 - Epoch 390: val_loss=0.7692141532897949, val_acc= 85.98%,val_weighted_f1= 85.79,val_macro_f1= 82.51%
EarlyStopping counter: 4 out of 15
INFO - 09/13/26 22:37:26 - 0:05:31 - Epoch 391: train_loss=0.011559182778000832, train_acc= 99.79%
INFO - 09/13/26 22:37:26 - 0:05:32 - Epoch 392: train_loss=0.010189131833612919, train_acc= 99.81%
INFO - 09/13/26 22:37:26 - 0:05:32 - Epoch 393: train_loss=0.010892806574702263, train_acc= 99.81%
INFO - 09/13/26 22:37:27 - 0:05:32 - Epoch 394: train_loss=0.012096891179680824, train_acc= 99.75%
INFO - 09/13/26 22:37:27 - 0:05:32 - Epoch 395: train_loss=0.010464929975569248, train_acc= 99.85%
INFO - 09/13/26 22:37:27 - 0:05:32 - Epoch 395: val_loss=0.7840691208839417, val_acc= 86.13%,val_weighted_f1= 85.87,val_macro_f1= 82.78%
EarlyStopping counter: 5 out of 15
INFO - 09/13/26 22:37:27 - 0:05:33 - Epoch 396: train_loss=0.014473413117229939, train_acc= 99.61%
INFO - 09/13/26 22:37:27 - 0:05:33 - Epoch 397: train_loss=0.009778782725334167, train_acc= 99.91%
INFO - 09/13/26 22:37:28 - 0:05:33 - Epoch 398: train_loss=0.012957848608493805, train_acc= 99.76%
INFO - 09/13/26 22:37:28 - 0:05:33 - Epoch 399: train_loss=0.009762352332472801, train_acc= 99.83%
INFO - 09/13/26 22:37:28 - 0:05:34 - Epoch 400: train_loss=0.010938473045825958, train_acc= 99.84%
INFO - 09/13/26 22:37:28 - 0:05:34 - Epoch 400: val_loss=0.7864875197410583, val_acc= 85.88%,val_weighted_f1= 85.63,val_macro_f1= 82.46%
EarlyStopping counter: 6 out of 15
INFO - 09/13/26 22:37:29 - 0:05:34 - Epoch 401: train_loss=0.00953517947345972, train_acc= 99.83%
INFO - 09/13/26 22:37:29 - 0:05:34 - Epoch 402: train_loss=0.009970109909772873, train_acc= 99.82%
INFO - 09/13/26 22:37:29 - 0:05:34 - Epoch 403: train_loss=0.009986640885472298, train_acc= 99.80%
INFO - 09/13/26 22:37:29 - 0:05:35 - Epoch 404: train_loss=0.009449361823499203, train_acc= 99.85%
INFO - 09/13/26 22:37:29 - 0:05:35 - Epoch 405: train_loss=0.011132452636957169, train_acc= 99.76%
INFO - 09/13/26 22:37:29 - 0:05:35 - Epoch 405: val_loss=0.7897042632102966, val_acc= 86.05%,val_weighted_f1= 85.84,val_macro_f1= 82.52%
EarlyStopping counter: 7 out of 15
INFO - 09/13/26 22:37:30 - 0:05:35 - Epoch 406: train_loss=0.010048632510006428, train_acc= 99.82%
INFO - 09/13/26 22:37:30 - 0:05:35 - Epoch 407: train_loss=0.010731360875070095, train_acc= 99.81%
INFO - 09/13/26 22:37:30 - 0:05:36 - Epoch 408: train_loss=0.008731875568628311, train_acc= 99.83%
INFO - 09/13/26 22:37:30 - 0:05:36 - Epoch 409: train_loss=0.008152708411216736, train_acc= 99.89%
INFO - 09/13/26 22:37:31 - 0:05:36 - Epoch 410: train_loss=0.010089598596096039, train_acc= 99.80%
INFO - 09/13/26 22:37:31 - 0:05:36 - Epoch 410: val_loss=0.7934234142303467, val_acc= 86.05%,val_weighted_f1= 85.85,val_macro_f1= 82.65%
EarlyStopping counter: 8 out of 15
INFO - 09/13/26 22:37:31 - 0:05:36 - Epoch 411: train_loss=0.009246219880878925, train_acc= 99.84%
INFO - 09/13/26 22:37:31 - 0:05:37 - Epoch 412: train_loss=0.0091421352699399, train_acc= 99.90%
INFO - 09/13/26 22:37:31 - 0:05:37 - Epoch 413: train_loss=0.009667839854955673, train_acc= 99.81%
INFO - 09/13/26 22:37:32 - 0:05:37 - Epoch 414: train_loss=0.008328326046466827, train_acc= 99.91%
INFO - 09/13/26 22:37:32 - 0:05:37 - Epoch 415: train_loss=0.009691210463643074, train_acc= 99.85%
INFO - 09/13/26 22:37:32 - 0:05:37 - Epoch 415: val_loss=0.8014925122261047, val_acc= 85.90%,val_weighted_f1= 85.62,val_macro_f1= 82.47%
EarlyStopping counter: 9 out of 15
INFO - 09/13/26 22:37:32 - 0:05:37 - Epoch 416: train_loss=0.009806670248508453, train_acc= 99.84%
INFO - 09/13/26 22:37:32 - 0:05:38 - Epoch 417: train_loss=0.008702488616108894, train_acc= 99.90%
INFO - 09/13/26 22:37:33 - 0:05:38 - Epoch 418: train_loss=0.009694519452750683, train_acc= 99.85%
INFO - 09/13/26 22:37:33 - 0:05:38 - Epoch 419: train_loss=0.009374196641147137, train_acc= 99.87%
INFO - 09/13/26 22:37:33 - 0:05:38 - Epoch 420: train_loss=0.009413556195795536, train_acc= 99.83%
INFO - 09/13/26 22:37:33 - 0:05:39 - Epoch 420: val_loss=0.7962526082992554, val_acc= 85.98%,val_weighted_f1= 85.79,val_macro_f1= 82.68%
EarlyStopping counter: 10 out of 15
INFO - 09/13/26 22:37:33 - 0:05:39 - Epoch 421: train_loss=0.008984086103737354, train_acc= 99.84%
INFO - 09/13/26 22:37:34 - 0:05:39 - Epoch 422: train_loss=0.009567420929670334, train_acc= 99.82%
INFO - 09/13/26 22:37:34 - 0:05:39 - Epoch 423: train_loss=0.008464439772069454, train_acc= 99.87%
INFO - 09/13/26 22:37:34 - 0:05:39 - Epoch 424: train_loss=0.009646698832511902, train_acc= 99.85%
INFO - 09/13/26 22:37:34 - 0:05:40 - Epoch 425: train_loss=0.009282523766160011, train_acc= 99.81%
INFO - 09/13/26 22:37:34 - 0:05:40 - Epoch 425: val_loss=0.8169776201248169, val_acc= 86.11%,val_weighted_f1= 85.78,val_macro_f1= 82.66%
EarlyStopping counter: 11 out of 15
INFO - 09/13/26 22:37:35 - 0:05:40 - Epoch 426: train_loss=0.009199882857501507, train_acc= 99.85%
INFO - 09/13/26 22:37:35 - 0:05:40 - Epoch 427: train_loss=0.007741919718682766, train_acc= 99.89%
INFO - 09/13/26 22:37:35 - 0:05:40 - Epoch 428: train_loss=0.009542247280478477, train_acc= 99.85%
INFO - 09/13/26 22:37:35 - 0:05:41 - Epoch 429: train_loss=0.009119444526731968, train_acc= 99.82%
INFO - 09/13/26 22:37:35 - 0:05:41 - Epoch 430: train_loss=0.008875624276697636, train_acc= 99.89%
INFO - 09/13/26 22:37:36 - 0:05:41 - Epoch 430: val_loss=0.8153795003890991, val_acc= 86.04%,val_weighted_f1= 85.71,val_macro_f1= 82.62%
EarlyStopping counter: 12 out of 15
INFO - 09/13/26 22:37:36 - 0:05:41 - Epoch 431: train_loss=0.008334341458976269, train_acc= 99.85%
INFO - 09/13/26 22:37:36 - 0:05:41 - Epoch 432: train_loss=0.007776619866490364, train_acc= 99.87%
INFO - 09/13/26 22:37:36 - 0:05:42 - Epoch 433: train_loss=0.009229565970599651, train_acc= 99.81%
INFO - 09/13/26 22:37:36 - 0:05:42 - Epoch 434: train_loss=0.008602106012403965, train_acc= 99.83%
INFO - 09/13/26 22:37:37 - 0:05:42 - Epoch 435: train_loss=0.00908663310110569, train_acc= 99.84%
INFO - 09/13/26 22:37:37 - 0:05:42 - Epoch 435: val_loss=0.8033698797225952, val_acc= 85.98%,val_weighted_f1= 85.71,val_macro_f1= 82.61%
EarlyStopping counter: 13 out of 15
INFO - 09/13/26 22:37:37 - 0:05:42 - Epoch 436: train_loss=0.008497122675180435, train_acc= 99.88%
INFO - 09/13/26 22:37:37 - 0:05:43 - Epoch 437: train_loss=0.006920057348906994, train_acc= 99.92%
INFO - 09/13/26 22:37:37 - 0:05:43 - Epoch 438: train_loss=0.007985491305589676, train_acc= 99.88%
INFO - 09/13/26 22:37:38 - 0:05:43 - Epoch 439: train_loss=0.009479392319917679, train_acc= 99.72%
INFO - 09/13/26 22:37:38 - 0:05:43 - Epoch 440: train_loss=0.007461043540388346, train_acc= 99.92%
INFO - 09/13/26 22:37:38 - 0:05:43 - Epoch 440: val_loss=0.806546688079834, val_acc= 86.11%,val_weighted_f1= 85.90,val_macro_f1= 82.56%
EarlyStopping counter: 14 out of 15
INFO - 09/13/26 22:37:38 - 0:05:44 - Epoch 441: train_loss=0.008604084141552448, train_acc= 99.85%
INFO - 09/13/26 22:37:39 - 0:05:44 - Epoch 442: train_loss=0.0075851245783269405, train_acc= 99.90%
INFO - 09/13/26 22:37:39 - 0:05:44 - Epoch 443: train_loss=0.007897413335740566, train_acc= 99.89%
INFO - 09/13/26 22:37:39 - 0:05:44 - Epoch 444: train_loss=0.008091405965387821, train_acc= 99.85%
INFO - 09/13/26 22:37:39 - 0:05:45 - Epoch 445: train_loss=0.007496847305446863, train_acc= 99.90%
INFO - 09/13/26 22:37:39 - 0:05:45 - Epoch 445: val_loss=0.7982837557792664, val_acc= 86.18%,val_weighted_f1= 85.96,val_macro_f1= 82.77%
EarlyStopping counter: 15 out of 15
---------Early stopping--------
INFO - 09/13/26 22:37:39 - 0:05:45 - --------------Testing--------------------
INFO - 09/13/26 22:37:39 - 0:05:45 - --------------Loading from ./checkpoints/NC_Roman-empire_model.pt--------------------
INFO - 09/13/26 22:37:39 - 0:05:45 - test_acc= 86.92%, weighted_f1= 86.75,macro_f1= 83.86%
INFO - 09/13/26 22:37:39 - 0:05:45 - test_acc= 86.92%, weighted_f1= 86.75,macro_f1= 83.86%
INFO - 09/13/26 22:37:40 - 0:05:45 - Epoch 0: train_loss=3.00203800201416, train_acc= 9.59%
INFO - 09/13/26 22:37:40 - 0:05:45 - Epoch 0: val_loss=2.597689628601074, val_acc= 25.33%,val_weighted_f1= 11.62,val_macro_f1= 4.65%
INFO - 09/13/26 22:37:40 - 0:05:45 - Epoch 1: train_loss=2.607307195663452, train_acc= 23.82%
INFO - 09/13/26 22:37:40 - 0:05:46 - Epoch 2: train_loss=2.4545955657958984, train_acc= 28.06%
INFO - 09/13/26 22:37:40 - 0:05:46 - Epoch 3: train_loss=2.4158291816711426, train_acc= 24.96%
INFO - 09/13/26 22:37:41 - 0:05:46 - Epoch 4: train_loss=2.3087570667266846, train_acc= 36.80%
INFO - 09/13/26 22:37:41 - 0:05:46 - Epoch 5: train_loss=2.22129225730896, train_acc= 39.84%
INFO - 09/13/26 22:37:41 - 0:05:46 - Epoch 5: val_loss=2.1387808322906494, val_acc= 41.39%,val_weighted_f1= 30.46,val_macro_f1= 13.84%
INFO - 09/13/26 22:37:41 - 0:05:47 - Epoch 6: train_loss=2.151499032974243, train_acc= 39.44%
INFO - 09/13/26 22:37:41 - 0:05:47 - Epoch 7: train_loss=2.075716018676758, train_acc= 43.34%
INFO - 09/13/26 22:37:42 - 0:05:47 - Epoch 8: train_loss=1.9977431297302246, train_acc= 46.62%
INFO - 09/13/26 22:37:42 - 0:05:47 - Epoch 9: train_loss=1.9287500381469727, train_acc= 48.05%
INFO - 09/13/26 22:37:42 - 0:05:47 - Epoch 10: train_loss=1.8650765419006348, train_acc= 48.72%
INFO - 09/13/26 22:37:42 - 0:05:48 - Epoch 10: val_loss=1.7860957384109497, val_acc= 49.92%,val_weighted_f1= 40.35,val_macro_f1= 21.82%
INFO - 09/13/26 22:37:42 - 0:05:48 - Epoch 11: train_loss=1.7991156578063965, train_acc= 49.42%
INFO - 09/13/26 22:37:43 - 0:05:48 - Epoch 12: train_loss=1.7283390760421753, train_acc= 50.92%
INFO - 09/13/26 22:37:43 - 0:05:48 - Epoch 13: train_loss=1.6649593114852905, train_acc= 51.69%
INFO - 09/13/26 22:37:43 - 0:05:48 - Epoch 14: train_loss=1.6113425493240356, train_acc= 53.19%
INFO - 09/13/26 22:37:43 - 0:05:49 - Epoch 15: train_loss=1.5571157932281494, train_acc= 54.24%
INFO - 09/13/26 22:37:43 - 0:05:49 - Epoch 15: val_loss=1.4928741455078125, val_acc= 55.39%,val_weighted_f1= 48.60,val_macro_f1= 29.59%
INFO - 09/13/26 22:37:44 - 0:05:49 - Epoch 16: train_loss=1.5113203525543213, train_acc= 55.01%
INFO - 09/13/26 22:37:44 - 0:05:49 - Epoch 17: train_loss=1.4630675315856934, train_acc= 56.24%
INFO - 09/13/26 22:37:44 - 0:05:49 - Epoch 18: train_loss=1.4181042909622192, train_acc= 57.39%
INFO - 09/13/26 22:37:44 - 0:05:50 - Epoch 19: train_loss=1.3806695938110352, train_acc= 57.98%
INFO - 09/13/26 22:37:45 - 0:05:50 - Epoch 20: train_loss=1.340591311454773, train_acc= 58.74%
INFO - 09/13/26 22:37:45 - 0:05:50 - Epoch 20: val_loss=1.2865679264068604, val_acc= 60.35%,val_weighted_f1= 55.00,val_macro_f1= 38.60%
INFO - 09/13/26 22:37:45 - 0:05:50 - Epoch 21: train_loss=1.3018872737884521, train_acc= 59.98%
INFO - 09/13/26 22:37:45 - 0:05:50 - Epoch 22: train_loss=1.2667510509490967, train_acc= 61.00%
INFO - 09/13/26 22:37:45 - 0:05:51 - Epoch 23: train_loss=1.2371492385864258, train_acc= 61.38%
INFO - 09/13/26 22:37:45 - 0:05:51 - Epoch 24: train_loss=1.200257658958435, train_acc= 62.42%
INFO - 09/13/26 22:37:46 - 0:05:51 - Epoch 25: train_loss=1.1746129989624023, train_acc= 63.53%
INFO - 09/13/26 22:37:46 - 0:05:51 - Epoch 25: val_loss=1.1316279172897339, val_acc= 63.92%,val_weighted_f1= 59.18,val_macro_f1= 45.18%
INFO - 09/13/26 22:37:46 - 0:05:52 - Epoch 26: train_loss=1.144999623298645, train_acc= 63.93%
INFO - 09/13/26 22:37:46 - 0:05:52 - Epoch 27: train_loss=1.1201567649841309, train_acc= 64.69%
INFO - 09/13/26 22:37:47 - 0:05:52 - Epoch 28: train_loss=1.0879839658737183, train_acc= 65.63%
INFO - 09/13/26 22:37:47 - 0:05:52 - Epoch 29: train_loss=1.067475438117981, train_acc= 66.15%
INFO - 09/13/26 22:37:47 - 0:05:52 - Epoch 30: train_loss=1.0550456047058105, train_acc= 67.13%
INFO - 09/13/26 22:37:47 - 0:05:52 - Epoch 30: val_loss=1.0818676948547363, val_acc= 65.45%,val_weighted_f1= 60.64,val_macro_f1= 49.10%
INFO - 09/13/26 22:37:47 - 0:05:53 - Epoch 31: train_loss=1.0436354875564575, train_acc= 66.38%
INFO - 09/13/26 22:37:48 - 0:05:53 - Epoch 32: train_loss=1.0031368732452393, train_acc= 68.15%
INFO - 09/13/26 22:37:48 - 0:05:53 - Epoch 33: train_loss=0.9933381676673889, train_acc= 68.73%
INFO - 09/13/26 22:37:48 - 0:05:53 - Epoch 34: train_loss=0.9681514501571655, train_acc= 68.77%
INFO - 09/13/26 22:37:48 - 0:05:54 - Epoch 35: train_loss=0.9495003819465637, train_acc= 69.23%
INFO - 09/13/26 22:37:48 - 0:05:54 - Epoch 35: val_loss=0.9115022420883179, val_acc= 71.02%,val_weighted_f1= 68.55,val_macro_f1= 56.93%
INFO - 09/13/26 22:37:49 - 0:05:54 - Epoch 36: train_loss=0.9346646070480347, train_acc= 70.39%
INFO - 09/13/26 22:37:49 - 0:05:54 - Epoch 37: train_loss=0.9182761907577515, train_acc= 70.42%
INFO - 09/13/26 22:37:49 - 0:05:54 - Epoch 38: train_loss=0.9072424173355103, train_acc= 70.51%
INFO - 09/13/26 22:37:49 - 0:05:55 - Epoch 39: train_loss=0.878023087978363, train_acc= 71.35%
INFO - 09/13/26 22:37:49 - 0:05:55 - Epoch 40: train_loss=0.8718757033348083, train_acc= 72.24%
INFO - 09/13/26 22:37:49 - 0:05:55 - Epoch 40: val_loss=0.8571590781211853, val_acc= 72.18%,val_weighted_f1= 69.70,val_macro_f1= 58.88%
INFO - 09/13/26 22:37:50 - 0:05:55 - Epoch 41: train_loss=0.8560481667518616, train_acc= 72.54%
INFO - 09/13/26 22:37:50 - 0:05:55 - Epoch 42: train_loss=0.8422742486000061, train_acc= 72.54%
INFO - 09/13/26 22:37:50 - 0:05:56 - Epoch 43: train_loss=0.8295060396194458, train_acc= 73.06%
INFO - 09/13/26 22:37:50 - 0:05:56 - Epoch 44: train_loss=0.8136363625526428, train_acc= 73.66%
INFO - 09/13/26 22:37:51 - 0:05:56 - Epoch 45: train_loss=0.7982340455055237, train_acc= 74.02%
INFO - 09/13/26 22:37:51 - 0:05:56 - Epoch 45: val_loss=0.8074790239334106, val_acc= 73.75%,val_weighted_f1= 71.40,val_macro_f1= 60.68%
INFO - 09/13/26 22:37:51 - 0:05:56 - Epoch 46: train_loss=0.7887424230575562, train_acc= 74.23%
INFO - 09/13/26 22:37:51 - 0:05:57 - Epoch 47: train_loss=0.7770818471908569, train_acc= 74.66%
INFO - 09/13/26 22:37:51 - 0:05:57 - Epoch 48: train_loss=0.7600582242012024, train_acc= 74.75%
INFO - 09/13/26 22:37:52 - 0:05:57 - Epoch 49: train_loss=0.7483924627304077, train_acc= 75.51%
INFO - 09/13/26 22:37:52 - 0:05:57 - Epoch 50: train_loss=0.7389337420463562, train_acc= 75.59%
INFO - 09/13/26 22:37:52 - 0:05:57 - Epoch 50: val_loss=0.7613131403923035, val_acc= 75.27%,val_weighted_f1= 73.35,val_macro_f1= 63.26%
INFO - 09/13/26 22:37:52 - 0:05:58 - Epoch 51: train_loss=0.7265559434890747, train_acc= 76.08%
INFO - 09/13/26 22:37:52 - 0:05:58 - Epoch 52: train_loss=0.717734158039093, train_acc= 76.31%
INFO - 09/13/26 22:37:53 - 0:05:58 - Epoch 53: train_loss=0.705768883228302, train_acc= 76.15%
INFO - 09/13/26 22:37:53 - 0:05:58 - Epoch 54: train_loss=0.6994562745094299, train_acc= 76.53%
INFO - 09/13/26 22:37:53 - 0:05:58 - Epoch 55: train_loss=0.6889683604240417, train_acc= 77.36%
INFO - 09/13/26 22:37:53 - 0:05:59 - Epoch 55: val_loss=0.7228781580924988, val_acc= 76.28%,val_weighted_f1= 74.46,val_macro_f1= 64.50%
INFO - 09/13/26 22:37:53 - 0:05:59 - Epoch 56: train_loss=0.6766648888587952, train_acc= 77.60%
INFO - 09/13/26 22:37:54 - 0:05:59 - Epoch 57: train_loss=0.6681220531463623, train_acc= 77.73%
INFO - 09/13/26 22:37:54 - 0:05:59 - Epoch 58: train_loss=0.6649461388587952, train_acc= 77.78%
INFO - 09/13/26 22:37:54 - 0:05:59 - Epoch 59: train_loss=0.6525785326957703, train_acc= 78.21%
INFO - 09/13/26 22:37:54 - 0:06:00 - Epoch 60: train_loss=0.6408751010894775, train_acc= 78.36%
INFO - 09/13/26 22:37:54 - 0:06:00 - Epoch 60: val_loss=0.692520260810852, val_acc= 77.42%,val_weighted_f1= 76.09,val_macro_f1= 67.64%
INFO - 09/13/26 22:37:55 - 0:06:00 - Epoch 61: train_loss=0.6427243947982788, train_acc= 78.76%
INFO - 09/13/26 22:37:55 - 0:06:00 - Epoch 62: train_loss=0.6336594223976135, train_acc= 78.70%
INFO - 09/13/26 22:37:55 - 0:06:00 - Epoch 63: train_loss=0.6138691902160645, train_acc= 79.60%
INFO - 09/13/26 22:37:55 - 0:06:01 - Epoch 64: train_loss=0.6125292181968689, train_acc= 79.56%
INFO - 09/13/26 22:37:56 - 0:06:01 - Epoch 65: train_loss=0.6091129779815674, train_acc= 79.71%
INFO - 09/13/26 22:37:56 - 0:06:01 - Epoch 65: val_loss=0.6578325629234314, val_acc= 78.64%,val_weighted_f1= 77.54,val_macro_f1= 69.63%
INFO - 09/13/26 22:37:56 - 0:06:01 - Epoch 66: train_loss=0.5997608304023743, train_acc= 79.96%
INFO - 09/13/26 22:37:56 - 0:06:01 - Epoch 67: train_loss=0.5928329825401306, train_acc= 80.16%
INFO - 09/13/26 22:37:56 - 0:06:02 - Epoch 68: train_loss=0.5914692878723145, train_acc= 80.00%
INFO - 09/13/26 22:37:57 - 0:06:02 - Epoch 69: train_loss=0.5787806510925293, train_acc= 80.46%
INFO - 09/13/26 22:37:57 - 0:06:02 - Epoch 70: train_loss=0.5694918632507324, train_acc= 81.09%
INFO - 09/13/26 22:37:57 - 0:06:02 - Epoch 70: val_loss=0.640791654586792, val_acc= 79.22%,val_weighted_f1= 78.30,val_macro_f1= 71.35%
INFO - 09/13/26 22:37:57 - 0:06:02 - Epoch 71: train_loss=0.5652413368225098, train_acc= 81.02%
INFO - 09/13/26 22:37:57 - 0:06:03 - Epoch 72: train_loss=0.557380199432373, train_acc= 81.53%
INFO - 09/13/26 22:37:58 - 0:06:03 - Epoch 73: train_loss=0.5572421550750732, train_acc= 81.35%
INFO - 09/13/26 22:37:58 - 0:06:03 - Epoch 74: train_loss=0.5510379672050476, train_acc= 81.47%
INFO - 09/13/26 22:37:58 - 0:06:03 - Epoch 75: train_loss=0.5357382297515869, train_acc= 82.03%
INFO - 09/13/26 22:37:58 - 0:06:03 - Epoch 75: val_loss=0.6297619938850403, val_acc= 80.19%,val_weighted_f1= 79.26,val_macro_f1= 72.89%
INFO - 09/13/26 22:37:58 - 0:06:04 - Epoch 76: train_loss=0.5402250289916992, train_acc= 82.09%
INFO - 09/13/26 22:37:59 - 0:06:04 - Epoch 77: train_loss=0.5338207483291626, train_acc= 81.80%
INFO - 09/13/26 22:37:59 - 0:06:04 - Epoch 78: train_loss=0.5302489995956421, train_acc= 82.37%
INFO - 09/13/26 22:37:59 - 0:06:04 - Epoch 79: train_loss=0.5343638062477112, train_acc= 81.78%
INFO - 09/13/26 22:37:59 - 0:06:05 - Epoch 80: train_loss=0.5193412899971008, train_acc= 82.60%
INFO - 09/13/26 22:37:59 - 0:06:05 - Epoch 80: val_loss=0.6143521666526794, val_acc= 80.11%,val_weighted_f1= 79.31,val_macro_f1= 73.39%
EarlyStopping counter: 1 out of 15
INFO - 09/13/26 22:38:00 - 0:06:05 - Epoch 81: train_loss=0.5157681703567505, train_acc= 82.30%
INFO - 09/13/26 22:38:00 - 0:06:05 - Epoch 82: train_loss=0.4983072876930237, train_acc= 83.38%
INFO - 09/13/26 22:38:00 - 0:06:05 - Epoch 83: train_loss=0.5053064823150635, train_acc= 83.44%
INFO - 09/13/26 22:38:00 - 0:06:06 - Epoch 84: train_loss=0.49321451783180237, train_acc= 83.27%
INFO - 09/13/26 22:38:01 - 0:06:06 - Epoch 85: train_loss=0.48535144329071045, train_acc= 83.81%
INFO - 09/13/26 22:38:01 - 0:06:06 - Epoch 85: val_loss=0.595183789730072, val_acc= 81.66%,val_weighted_f1= 81.12,val_macro_f1= 75.63%
INFO - 09/13/26 22:38:01 - 0:06:06 - Epoch 86: train_loss=0.48526227474212646, train_acc= 83.91%
INFO - 09/13/26 22:38:01 - 0:06:06 - Epoch 87: train_loss=0.4758615493774414, train_acc= 84.01%
INFO - 09/13/26 22:38:01 - 0:06:07 - Epoch 88: train_loss=0.47810330986976624, train_acc= 83.87%
INFO - 09/13/26 22:38:01 - 0:06:07 - Epoch 89: train_loss=0.471486359834671, train_acc= 83.96%
INFO - 09/13/26 22:38:02 - 0:06:07 - Epoch 90: train_loss=0.4656670391559601, train_acc= 84.36%
INFO - 09/13/26 22:38:02 - 0:06:07 - Epoch 90: val_loss=0.5760851502418518, val_acc= 81.54%,val_weighted_f1= 80.97,val_macro_f1= 75.77%
EarlyStopping counter: 1 out of 15
INFO - 09/13/26 22:38:02 - 0:06:07 - Epoch 91: train_loss=0.4559827148914337, train_acc= 84.87%
INFO - 09/13/26 22:38:02 - 0:06:08 - Epoch 92: train_loss=0.45859843492507935, train_acc= 84.65%
INFO - 09/13/26 22:38:02 - 0:06:08 - Epoch 93: train_loss=0.44991520047187805, train_acc= 84.52%
INFO - 09/13/26 22:38:03 - 0:06:08 - Epoch 94: train_loss=0.4450061023235321, train_acc= 85.33%
INFO - 09/13/26 22:38:03 - 0:06:08 - Epoch 95: train_loss=0.4432182013988495, train_acc= 85.45%
INFO - 09/13/26 22:38:03 - 0:06:08 - Epoch 95: val_loss=0.5805120468139648, val_acc= 81.24%,val_weighted_f1= 80.57,val_macro_f1= 75.60%
EarlyStopping counter: 2 out of 15
INFO - 09/13/26 22:38:03 - 0:06:09 - Epoch 96: train_loss=0.4352456033229828, train_acc= 85.14%
INFO - 09/13/26 22:38:03 - 0:06:09 - Epoch 97: train_loss=0.42967361211776733, train_acc= 85.66%
INFO - 09/13/26 22:38:04 - 0:06:09 - Epoch 98: train_loss=0.42457905411720276, train_acc= 85.78%
INFO - 09/13/26 22:38:04 - 0:06:09 - Epoch 99: train_loss=0.42648985981941223, train_acc= 85.79%
INFO - 09/13/26 22:38:04 - 0:06:09 - Epoch 100: train_loss=0.4148145616054535, train_acc= 86.30%
INFO - 09/13/26 22:38:04 - 0:06:10 - Epoch 100: val_loss=0.565109372138977, val_acc= 82.74%,val_weighted_f1= 82.25,val_macro_f1= 77.28%
INFO - 09/13/26 22:38:04 - 0:06:10 - Epoch 101: train_loss=0.4160415232181549, train_acc= 86.23%
INFO - 09/13/26 22:38:05 - 0:06:10 - Epoch 102: train_loss=0.4070161283016205, train_acc= 86.27%
INFO - 09/13/26 22:38:05 - 0:06:10 - Epoch 103: train_loss=0.4026038944721222, train_acc= 86.45%
INFO - 09/13/26 22:38:05 - 0:06:10 - Epoch 104: train_loss=0.4028988182544708, train_acc= 86.68%
INFO - 09/13/26 22:38:05 - 0:06:11 - Epoch 105: train_loss=0.39545738697052, train_acc= 87.01%
INFO - 09/13/26 22:38:05 - 0:06:11 - Epoch 105: val_loss=0.55079185962677, val_acc= 83.14%,val_weighted_f1= 82.87,val_macro_f1= 78.40%
INFO - 09/13/26 22:38:06 - 0:06:11 - Epoch 106: train_loss=0.40043509006500244, train_acc= 86.71%
INFO - 09/13/26 22:38:06 - 0:06:11 - Epoch 107: train_loss=0.39013469219207764, train_acc= 86.80%
INFO - 09/13/26 22:38:06 - 0:06:12 - Epoch 108: train_loss=0.38729363679885864, train_acc= 87.12%
INFO - 09/13/26 22:38:06 - 0:06:12 - Epoch 109: train_loss=0.3823809325695038, train_acc= 87.25%
INFO - 09/13/26 22:38:07 - 0:06:12 - Epoch 110: train_loss=0.3784658908843994, train_acc= 87.29%
INFO - 09/13/26 22:38:07 - 0:06:12 - Epoch 110: val_loss=0.5471348166465759, val_acc= 83.34%,val_weighted_f1= 82.98,val_macro_f1= 78.52%
INFO - 09/13/26 22:38:07 - 0:06:12 - Epoch 111: train_loss=0.3718225359916687, train_acc= 87.57%
INFO - 09/13/26 22:38:07 - 0:06:12 - Epoch 112: train_loss=0.3654702603816986, train_acc= 88.04%
INFO - 09/13/26 22:38:07 - 0:06:13 - Epoch 113: train_loss=0.36432409286499023, train_acc= 87.98%
INFO - 09/13/26 22:38:08 - 0:06:13 - Epoch 114: train_loss=0.36619624495506287, train_acc= 87.73%
INFO - 09/13/26 22:38:08 - 0:06:13 - Epoch 115: train_loss=0.36139029264450073, train_acc= 87.82%
INFO - 09/13/26 22:38:08 - 0:06:13 - Epoch 115: val_loss=0.5355713963508606, val_acc= 83.78%,val_weighted_f1= 83.45,val_macro_f1= 79.20%
INFO - 09/13/26 22:38:08 - 0:06:13 - Epoch 116: train_loss=0.348296195268631, train_acc= 88.67%
INFO - 09/13/26 22:38:08 - 0:06:14 - Epoch 117: train_loss=0.34699004888534546, train_acc= 88.39%
INFO - 09/13/26 22:38:09 - 0:06:14 - Epoch 118: train_loss=0.3441707193851471, train_acc= 88.69%
INFO - 09/13/26 22:38:09 - 0:06:14 - Epoch 119: train_loss=0.3393653929233551, train_acc= 88.89%
INFO - 09/13/26 22:38:09 - 0:06:14 - Epoch 120: train_loss=0.3339429199695587, train_acc= 89.20%
INFO - 09/13/26 22:38:09 - 0:06:14 - Epoch 120: val_loss=0.5400375723838806, val_acc= 84.06%,val_weighted_f1= 83.60,val_macro_f1= 79.65%
INFO - 09/13/26 22:38:09 - 0:06:15 - Epoch 121: train_loss=0.33142662048339844, train_acc= 89.26%
INFO - 09/13/26 22:38:10 - 0:06:15 - Epoch 122: train_loss=0.3283625841140747, train_acc= 89.17%
INFO - 09/13/26 22:38:10 - 0:06:15 - Epoch 123: train_loss=0.32814541459083557, train_acc= 88.94%
INFO - 09/13/26 22:38:10 - 0:06:15 - Epoch 124: train_loss=0.31876322627067566, train_acc= 89.43%
INFO - 09/13/26 22:38:10 - 0:06:16 - Epoch 125: train_loss=0.3135707676410675, train_acc= 89.65%
INFO - 09/13/26 22:38:10 - 0:06:16 - Epoch 125: val_loss=0.5309579968452454, val_acc= 84.45%,val_weighted_f1= 84.17,val_macro_f1= 80.34%
INFO - 09/13/26 22:38:11 - 0:06:16 - Epoch 126: train_loss=0.31459200382232666, train_acc= 89.67%
INFO - 09/13/26 22:38:11 - 0:06:16 - Epoch 127: train_loss=0.30518922209739685, train_acc= 89.98%
INFO - 09/13/26 22:38:11 - 0:06:16 - Epoch 128: train_loss=0.3064306676387787, train_acc= 89.86%
INFO - 09/13/26 22:38:11 - 0:06:17 - Epoch 129: train_loss=0.30815377831459045, train_acc= 89.67%
INFO - 09/13/26 22:38:12 - 0:06:17 - Epoch 130: train_loss=0.30915284156799316, train_acc= 89.68%
INFO - 09/13/26 22:38:12 - 0:06:17 - Epoch 130: val_loss=0.526353120803833, val_acc= 84.64%,val_weighted_f1= 84.43,val_macro_f1= 80.52%
INFO - 09/13/26 22:38:12 - 0:06:17 - Epoch 131: train_loss=0.2977476716041565, train_acc= 90.28%
INFO - 09/13/26 22:38:12 - 0:06:17 - Epoch 132: train_loss=0.2967309057712555, train_acc= 90.03%
INFO - 09/13/26 22:38:12 - 0:06:18 - Epoch 133: train_loss=0.29465630650520325, train_acc= 90.33%
INFO - 09/13/26 22:38:12 - 0:06:18 - Epoch 134: train_loss=0.2896580994129181, train_acc= 90.42%
INFO - 09/13/26 22:38:13 - 0:06:18 - Epoch 135: train_loss=0.2823348343372345, train_acc= 90.88%
INFO - 09/13/26 22:38:13 - 0:06:18 - Epoch 135: val_loss=0.531325101852417, val_acc= 84.68%,val_weighted_f1= 84.35,val_macro_f1= 80.64%
INFO - 09/13/26 22:38:13 - 0:06:18 - Epoch 136: train_loss=0.28166645765304565, train_acc= 90.70%
INFO - 09/13/26 22:38:13 - 0:06:19 - Epoch 137: train_loss=0.2799290716648102, train_acc= 91.01%
INFO - 09/13/26 22:38:13 - 0:06:19 - Epoch 138: train_loss=0.2743934690952301, train_acc= 90.89%
INFO - 09/13/26 22:38:14 - 0:06:19 - Epoch 139: train_loss=0.26814135909080505, train_acc= 91.24%
INFO - 09/13/26 22:38:14 - 0:06:19 - Epoch 140: train_loss=0.2620624303817749, train_acc= 91.47%
INFO - 09/13/26 22:38:14 - 0:06:19 - Epoch 140: val_loss=0.5307807922363281, val_acc= 84.73%,val_weighted_f1= 84.46,val_macro_f1= 80.80%
INFO - 09/13/26 22:38:14 - 0:06:20 - Epoch 141: train_loss=0.2636009454727173, train_acc= 91.17%
INFO - 09/13/26 22:38:14 - 0:06:20 - Epoch 142: train_loss=0.2603853940963745, train_acc= 91.63%
INFO - 09/13/26 22:38:15 - 0:06:20 - Epoch 143: train_loss=0.2585754096508026, train_acc= 91.49%
INFO - 09/13/26 22:38:15 - 0:06:20 - Epoch 144: train_loss=0.25443175435066223, train_acc= 91.75%
INFO - 09/13/26 22:38:15 - 0:06:21 - Epoch 145: train_loss=0.25165030360221863, train_acc= 92.00%
INFO - 09/13/26 22:38:15 - 0:06:21 - Epoch 145: val_loss=0.5351885557174683, val_acc= 85.03%,val_weighted_f1= 84.65,val_macro_f1= 80.94%
INFO - 09/13/26 22:38:16 - 0:06:21 - Epoch 146: train_loss=0.24857628345489502, train_acc= 91.97%
INFO - 09/13/26 22:38:16 - 0:06:21 - Epoch 147: train_loss=0.24762320518493652, train_acc= 91.86%
INFO - 09/13/26 22:38:16 - 0:06:21 - Epoch 148: train_loss=0.2446146160364151, train_acc= 92.01%
INFO - 09/13/26 22:38:16 - 0:06:22 - Epoch 149: train_loss=0.24602863192558289, train_acc= 91.97%
INFO - 09/13/26 22:38:16 - 0:06:22 - Epoch 150: train_loss=0.2509221136569977, train_acc= 91.77%
INFO - 09/13/26 22:38:16 - 0:06:22 - Epoch 150: val_loss=0.5307124257087708, val_acc= 85.38%,val_weighted_f1= 85.22,val_macro_f1= 81.49%
INFO - 09/13/26 22:38:17 - 0:06:22 - Epoch 151: train_loss=0.24110440909862518, train_acc= 92.07%
INFO - 09/13/26 22:38:17 - 0:06:22 - Epoch 152: train_loss=0.23445355892181396, train_acc= 92.21%
INFO - 09/13/26 22:38:17 - 0:06:23 - Epoch 153: train_loss=0.2254035323858261, train_acc= 92.61%
INFO - 09/13/26 22:38:17 - 0:06:23 - Epoch 154: train_loss=0.22699545323848724, train_acc= 92.68%
INFO - 09/13/26 22:38:18 - 0:06:23 - Epoch 155: train_loss=0.23196713626384735, train_acc= 92.46%
INFO - 09/13/26 22:38:18 - 0:06:23 - Epoch 155: val_loss=0.5310757160186768, val_acc= 85.70%,val_weighted_f1= 85.53,val_macro_f1= 82.05%
INFO - 09/13/26 22:38:18 - 0:06:23 - Epoch 156: train_loss=0.21944202482700348, train_acc= 92.93%
INFO - 09/13/26 22:38:18 - 0:06:24 - Epoch 157: train_loss=0.2191968411207199, train_acc= 92.89%
INFO - 09/13/26 22:38:18 - 0:06:24 - Epoch 158: train_loss=0.22152328491210938, train_acc= 92.92%
INFO - 09/13/26 22:38:19 - 0:06:24 - Epoch 159: train_loss=0.21289150416851044, train_acc= 93.16%
INFO - 09/13/26 22:38:19 - 0:06:24 - Epoch 160: train_loss=0.21099624037742615, train_acc= 92.94%
INFO - 09/13/26 22:38:19 - 0:06:24 - Epoch 160: val_loss=0.5495998859405518, val_acc= 85.49%,val_weighted_f1= 85.09,val_macro_f1= 81.75%
EarlyStopping counter: 1 out of 15
INFO - 09/13/26 22:38:19 - 0:06:24 - Epoch 161: train_loss=0.21213217079639435, train_acc= 92.84%
INFO - 09/13/26 22:38:19 - 0:06:25 - Epoch 162: train_loss=0.20820185542106628, train_acc= 93.20%
INFO - 09/13/26 22:38:20 - 0:06:25 - Epoch 163: train_loss=0.20205111801624298, train_acc= 93.56%
INFO - 09/13/26 22:38:20 - 0:06:25 - Epoch 164: train_loss=0.19641220569610596, train_acc= 93.75%
INFO - 09/13/26 22:38:20 - 0:06:25 - Epoch 165: train_loss=0.1969994604587555, train_acc= 93.58%
INFO - 09/13/26 22:38:20 - 0:06:26 - Epoch 165: val_loss=0.5438191294670105, val_acc= 85.98%,val_weighted_f1= 85.70,val_macro_f1= 82.26%
INFO - 09/13/26 22:38:20 - 0:06:26 - Epoch 166: train_loss=0.19766056537628174, train_acc= 93.58%
INFO - 09/13/26 22:38:21 - 0:06:26 - Epoch 167: train_loss=0.19366972148418427, train_acc= 93.73%
INFO - 09/13/26 22:38:21 - 0:06:26 - Epoch 168: train_loss=0.18409015238285065, train_acc= 94.11%
INFO - 09/13/26 22:38:21 - 0:06:26 - Epoch 169: train_loss=0.18610410392284393, train_acc= 93.95%
INFO - 09/13/26 22:38:21 - 0:06:27 - Epoch 170: train_loss=0.18266570568084717, train_acc= 94.09%
INFO - 09/13/26 22:38:21 - 0:06:27 - Epoch 170: val_loss=0.5457649230957031, val_acc= 86.32%,val_weighted_f1= 86.08,val_macro_f1= 82.69%
INFO - 09/13/26 22:38:22 - 0:06:27 - Epoch 171: train_loss=0.17806276679039001, train_acc= 94.40%
INFO - 09/13/26 22:38:22 - 0:06:27 - Epoch 172: train_loss=0.1768697053194046, train_acc= 94.53%
INFO - 09/13/26 22:38:22 - 0:06:27 - Epoch 173: train_loss=0.17522738873958588, train_acc= 94.35%
INFO - 09/13/26 22:38:22 - 0:06:28 - Epoch 174: train_loss=0.17574939131736755, train_acc= 94.43%
INFO - 09/13/26 22:38:22 - 0:06:28 - Epoch 175: train_loss=0.1691906452178955, train_acc= 94.78%
INFO - 09/13/26 22:38:23 - 0:06:28 - Epoch 175: val_loss=0.554781436920166, val_acc= 86.28%,val_weighted_f1= 86.01,val_macro_f1= 82.58%
EarlyStopping counter: 1 out of 15
INFO - 09/13/26 22:38:23 - 0:06:28 - Epoch 176: train_loss=0.16993333399295807, train_acc= 94.69%
INFO - 09/13/26 22:38:23 - 0:06:28 - Epoch 177: train_loss=0.16296590864658356, train_acc= 95.00%
INFO - 09/13/26 22:38:23 - 0:06:29 - Epoch 178: train_loss=0.161359041929245, train_acc= 95.00%
INFO - 09/13/26 22:38:23 - 0:06:29 - Epoch 179: train_loss=0.15877242386341095, train_acc= 95.17%
INFO - 09/13/26 22:38:24 - 0:06:29 - Epoch 180: train_loss=0.15307416021823883, train_acc= 95.31%
INFO - 09/13/26 22:38:24 - 0:06:29 - Epoch 180: val_loss=0.5638203024864197, val_acc= 86.20%,val_weighted_f1= 85.92,val_macro_f1= 82.35%
EarlyStopping counter: 2 out of 15
INFO - 09/13/26 22:38:24 - 0:06:29 - Epoch 181: train_loss=0.15937922894954681, train_acc= 95.01%
INFO - 09/13/26 22:38:24 - 0:06:30 - Epoch 182: train_loss=0.15953049063682556, train_acc= 95.11%
INFO - 09/13/26 22:38:24 - 0:06:30 - Epoch 183: train_loss=0.16636769473552704, train_acc= 94.53%
INFO - 09/13/26 22:38:25 - 0:06:30 - Epoch 184: train_loss=0.1669464409351349, train_acc= 94.55%
INFO - 09/13/26 22:38:25 - 0:06:30 - Epoch 185: train_loss=0.16253972053527832, train_acc= 94.62%
INFO - 09/13/26 22:38:25 - 0:06:30 - Epoch 185: val_loss=0.5502229928970337, val_acc= 86.53%,val_weighted_f1= 86.39,val_macro_f1= 83.00%
INFO - 09/13/26 22:38:25 - 0:06:31 - Epoch 186: train_loss=0.14873388409614563, train_acc= 95.26%
INFO - 09/13/26 22:38:26 - 0:06:31 - Epoch 187: train_loss=0.15011869370937347, train_acc= 95.22%
INFO - 09/13/26 22:38:26 - 0:06:31 - Epoch 188: train_loss=0.14481274783611298, train_acc= 95.44%
INFO - 09/13/26 22:38:26 - 0:06:31 - Epoch 189: train_loss=0.14655297994613647, train_acc= 95.66%
INFO - 09/13/26 22:38:26 - 0:06:32 - Epoch 190: train_loss=0.14100845158100128, train_acc= 95.64%
INFO - 09/13/26 22:38:26 - 0:06:32 - Epoch 190: val_loss=0.5671281218528748, val_acc= 86.39%,val_weighted_f1= 86.20,val_macro_f1= 82.87%
EarlyStopping counter: 1 out of 15
INFO - 09/13/26 22:38:26 - 0:06:32 - Epoch 191: train_loss=0.13828103244304657, train_acc= 95.77%
INFO - 09/13/26 22:38:27 - 0:06:32 - Epoch 192: train_loss=0.1318080723285675, train_acc= 95.94%
INFO - 09/13/26 22:38:27 - 0:06:32 - Epoch 193: train_loss=0.1331368386745453, train_acc= 95.96%
INFO - 09/13/26 22:38:27 - 0:06:33 - Epoch 194: train_loss=0.12735293805599213, train_acc= 96.17%
INFO - 09/13/26 22:38:27 - 0:06:33 - Epoch 195: train_loss=0.1299610435962677, train_acc= 96.13%
INFO - 09/13/26 22:38:27 - 0:06:33 - Epoch 195: val_loss=0.5672703385353088, val_acc= 86.43%,val_weighted_f1= 86.21,val_macro_f1= 82.95%
EarlyStopping counter: 2 out of 15
INFO - 09/13/26 22:38:28 - 0:06:33 - Epoch 196: train_loss=0.1331571787595749, train_acc= 95.97%
INFO - 09/13/26 22:38:28 - 0:06:33 - Epoch 197: train_loss=0.1283508688211441, train_acc= 95.79%
INFO - 09/13/26 22:38:28 - 0:06:34 - Epoch 198: train_loss=0.12462013959884644, train_acc= 96.11%
INFO - 09/13/26 22:38:28 - 0:06:34 - Epoch 199: train_loss=0.11607364565134048, train_acc= 96.52%
INFO - 09/13/26 22:38:29 - 0:06:34 - Epoch 200: train_loss=0.11981989443302155, train_acc= 96.50%
INFO - 09/13/26 22:38:29 - 0:06:34 - Epoch 200: val_loss=0.5732413530349731, val_acc= 86.76%,val_weighted_f1= 86.57,val_macro_f1= 83.12%
INFO - 09/13/26 22:38:29 - 0:06:34 - Epoch 201: train_loss=0.11725569516420364, train_acc= 96.36%
INFO - 09/13/26 22:38:29 - 0:06:35 - Epoch 202: train_loss=0.11608729511499405, train_acc= 96.55%
INFO - 09/13/26 22:38:29 - 0:06:35 - Epoch 203: train_loss=0.11337848752737045, train_acc= 96.58%
INFO - 09/13/26 22:38:30 - 0:06:35 - Epoch 204: train_loss=0.11307872831821442, train_acc= 96.52%
INFO - 09/13/26 22:38:30 - 0:06:35 - Epoch 205: train_loss=0.11001034826040268, train_acc= 96.82%
INFO - 09/13/26 22:38:30 - 0:06:35 - Epoch 205: val_loss=0.5857802033424377, val_acc= 86.62%,val_weighted_f1= 86.39,val_macro_f1= 83.14%
EarlyStopping counter: 1 out of 15
INFO - 09/13/26 22:38:30 - 0:06:36 - Epoch 206: train_loss=0.106746144592762, train_acc= 96.94%
INFO - 09/13/26 22:38:30 - 0:06:36 - Epoch 207: train_loss=0.1069200187921524, train_acc= 96.93%
INFO - 09/13/26 22:38:31 - 0:06:36 - Epoch 208: train_loss=0.10538866370916367, train_acc= 96.94%
INFO - 09/13/26 22:38:31 - 0:06:36 - Epoch 209: train_loss=0.10311374068260193, train_acc= 97.07%
INFO - 09/13/26 22:38:31 - 0:06:36 - Epoch 210: train_loss=0.10011319816112518, train_acc= 96.95%
INFO - 09/13/26 22:38:31 - 0:06:37 - Epoch 210: val_loss=0.588825523853302, val_acc= 86.67%,val_weighted_f1= 86.43,val_macro_f1= 82.94%
EarlyStopping counter: 2 out of 15
INFO - 09/13/26 22:38:31 - 0:06:37 - Epoch 211: train_loss=0.09945691376924515, train_acc= 97.12%
INFO - 09/13/26 22:38:32 - 0:06:37 - Epoch 212: train_loss=0.10105679929256439, train_acc= 97.02%
INFO - 09/13/26 22:38:32 - 0:06:37 - Epoch 213: train_loss=0.09690933674573898, train_acc= 97.32%
INFO - 09/13/26 22:38:32 - 0:06:37 - Epoch 214: train_loss=0.0968235433101654, train_acc= 97.22%
INFO - 09/13/26 22:38:32 - 0:06:38 - Epoch 215: train_loss=0.10487303882837296, train_acc= 96.84%
INFO - 09/13/26 22:38:32 - 0:06:38 - Epoch 215: val_loss=0.646015465259552, val_acc= 86.13%,val_weighted_f1= 85.67,val_macro_f1= 82.49%
EarlyStopping counter: 3 out of 15
INFO - 09/13/26 22:38:33 - 0:06:38 - Epoch 216: train_loss=0.11588797718286514, train_acc= 96.35%
INFO - 09/13/26 22:38:33 - 0:06:38 - Epoch 217: train_loss=0.10876981168985367, train_acc= 96.57%
INFO - 09/13/26 22:38:33 - 0:06:38 - Epoch 218: train_loss=0.10185986012220383, train_acc= 96.82%
INFO - 09/13/26 22:38:33 - 0:06:39 - Epoch 219: train_loss=0.09433723986148834, train_acc= 97.16%
INFO - 09/13/26 22:38:33 - 0:06:39 - Epoch 220: train_loss=0.09866919368505478, train_acc= 97.13%
INFO - 09/13/26 22:38:34 - 0:06:39 - Epoch 220: val_loss=0.6455347537994385, val_acc= 86.34%,val_weighted_f1= 85.94,val_macro_f1= 82.65%
EarlyStopping counter: 4 out of 15
INFO - 09/13/26 22:38:34 - 0:06:39 - Epoch 221: train_loss=0.10464438796043396, train_acc= 96.57%
INFO - 09/13/26 22:38:34 - 0:06:39 - Epoch 222: train_loss=0.09277201443910599, train_acc= 97.24%
INFO - 09/13/26 22:38:34 - 0:06:40 - Epoch 223: train_loss=0.10057414323091507, train_acc= 97.04%
INFO - 09/13/26 22:38:34 - 0:06:40 - Epoch 224: train_loss=0.09526137262582779, train_acc= 97.04%
INFO - 09/13/26 22:38:35 - 0:06:40 - Epoch 225: train_loss=0.09219106286764145, train_acc= 97.41%
INFO - 09/13/26 22:38:35 - 0:06:40 - Epoch 225: val_loss=0.6019853949546814, val_acc= 86.32%,val_weighted_f1= 86.22,val_macro_f1= 82.70%
EarlyStopping counter: 5 out of 15
INFO - 09/13/26 22:38:35 - 0:06:40 - Epoch 226: train_loss=0.09486523270606995, train_acc= 97.18%
INFO - 09/13/26 22:38:35 - 0:06:41 - Epoch 227: train_loss=0.09308038651943207, train_acc= 97.30%
INFO - 09/13/26 22:38:36 - 0:06:41 - Epoch 228: train_loss=0.09354135394096375, train_acc= 97.16%
INFO - 09/13/26 22:38:36 - 0:06:41 - Epoch 229: train_loss=0.08946552872657776, train_acc= 97.51%
INFO - 09/13/26 22:38:36 - 0:06:41 - Epoch 230: train_loss=0.08795954287052155, train_acc= 97.44%
INFO - 09/13/26 22:38:36 - 0:06:41 - Epoch 230: val_loss=0.6091820001602173, val_acc= 86.95%,val_weighted_f1= 86.77,val_macro_f1= 83.35%
INFO - 09/13/26 22:38:36 - 0:06:42 - Epoch 231: train_loss=0.07996294647455215, train_acc= 97.86%
INFO - 09/13/26 22:38:37 - 0:06:42 - Epoch 232: train_loss=0.08258962631225586, train_acc= 97.85%
INFO - 09/13/26 22:38:37 - 0:06:42 - Epoch 233: train_loss=0.07941188663244247, train_acc= 97.74%
INFO - 09/13/26 22:38:37 - 0:06:42 - Epoch 234: train_loss=0.07490399479866028, train_acc= 97.98%
INFO - 09/13/26 22:38:37 - 0:06:43 - Epoch 235: train_loss=0.07629770785570145, train_acc= 98.04%
INFO - 09/13/26 22:38:37 - 0:06:43 - Epoch 235: val_loss=0.6109822392463684, val_acc= 86.87%,val_weighted_f1= 86.64,val_macro_f1= 83.48%
EarlyStopping counter: 1 out of 15
INFO - 09/13/26 22:38:37 - 0:06:43 - Epoch 236: train_loss=0.07645479589700699, train_acc= 97.95%
INFO - 09/13/26 22:38:38 - 0:06:43 - Epoch 237: train_loss=0.07630867511034012, train_acc= 97.75%
INFO - 09/13/26 22:38:38 - 0:06:43 - Epoch 238: train_loss=0.073706716299057, train_acc= 98.02%
INFO - 09/13/26 22:38:38 - 0:06:44 - Epoch 239: train_loss=0.0700821653008461, train_acc= 98.16%
INFO - 09/13/26 22:38:38 - 0:06:44 - Epoch 240: train_loss=0.07118005305528641, train_acc= 97.97%
INFO - 09/13/26 22:38:38 - 0:06:44 - Epoch 240: val_loss=0.6239574551582336, val_acc= 87.03%,val_weighted_f1= 86.84,val_macro_f1= 83.68%
INFO - 09/13/26 22:38:39 - 0:06:44 - Epoch 241: train_loss=0.06690455228090286, train_acc= 98.15%
INFO - 09/13/26 22:38:39 - 0:06:44 - Epoch 242: train_loss=0.06922177225351334, train_acc= 98.10%
INFO - 09/13/26 22:38:39 - 0:06:45 - Epoch 243: train_loss=0.06635156273841858, train_acc= 98.27%
INFO - 09/13/26 22:38:39 - 0:06:45 - Epoch 244: train_loss=0.0621529184281826, train_acc= 98.28%
INFO - 09/13/26 22:38:40 - 0:06:45 - Epoch 245: train_loss=0.06066301092505455, train_acc= 98.47%
INFO - 09/13/26 22:38:40 - 0:06:45 - Epoch 245: val_loss=0.6219971179962158, val_acc= 86.99%,val_weighted_f1= 86.87,val_macro_f1= 83.62%
EarlyStopping counter: 1 out of 15
INFO - 09/13/26 22:38:40 - 0:06:45 - Epoch 246: train_loss=0.06262079626321793, train_acc= 98.37%
INFO - 09/13/26 22:38:40 - 0:06:46 - Epoch 247: train_loss=0.06029663607478142, train_acc= 98.42%
INFO - 09/13/26 22:38:40 - 0:06:46 - Epoch 248: train_loss=0.06066354736685753, train_acc= 98.57%
INFO - 09/13/26 22:38:41 - 0:06:46 - Epoch 249: train_loss=0.06271560490131378, train_acc= 98.23%
INFO - 09/13/26 22:38:41 - 0:06:46 - Epoch 250: train_loss=0.060040220618247986, train_acc= 98.35%
INFO - 09/13/26 22:38:41 - 0:06:46 - Epoch 250: val_loss=0.6404784917831421, val_acc= 87.06%,val_weighted_f1= 86.84,val_macro_f1= 83.52%
INFO - 09/13/26 22:38:41 - 0:06:47 - Epoch 251: train_loss=0.05742059275507927, train_acc= 98.48%
INFO - 09/13/26 22:38:41 - 0:06:47 - Epoch 252: train_loss=0.05719420686364174, train_acc= 98.41%
INFO - 09/13/26 22:38:42 - 0:06:47 - Epoch 253: train_loss=0.053841907531023026, train_acc= 98.75%
INFO - 09/13/26 22:38:42 - 0:06:47 - Epoch 254: train_loss=0.055490557104349136, train_acc= 98.58%
INFO - 09/13/26 22:38:42 - 0:06:47 - Epoch 255: train_loss=0.05299283191561699, train_acc= 98.65%
INFO - 09/13/26 22:38:42 - 0:06:48 - Epoch 255: val_loss=0.6444636583328247, val_acc= 87.13%,val_weighted_f1= 86.91,val_macro_f1= 83.74%
INFO - 09/13/26 22:38:42 - 0:06:48 - Epoch 256: train_loss=0.05171280354261398, train_acc= 98.73%
INFO - 09/13/26 22:38:43 - 0:06:48 - Epoch 257: train_loss=0.050621699541807175, train_acc= 98.71%
INFO - 09/13/26 22:38:43 - 0:06:48 - Epoch 258: train_loss=0.050683263689279556, train_acc= 98.79%
INFO - 09/13/26 22:38:43 - 0:06:48 - Epoch 259: train_loss=0.05110720172524452, train_acc= 98.78%
INFO - 09/13/26 22:38:43 - 0:06:49 - Epoch 260: train_loss=0.050181370228528976, train_acc= 98.68%
INFO - 09/13/26 22:38:43 - 0:06:49 - Epoch 260: val_loss=0.6612902283668518, val_acc= 87.33%,val_weighted_f1= 87.05,val_macro_f1= 84.00%
INFO - 09/13/26 22:38:44 - 0:06:49 - Epoch 261: train_loss=0.04957369714975357, train_acc= 98.69%
INFO - 09/13/26 22:38:44 - 0:06:49 - Epoch 262: train_loss=0.05112450197339058, train_acc= 98.57%
INFO - 09/13/26 22:38:44 - 0:06:49 - Epoch 263: train_loss=0.045952048152685165, train_acc= 98.87%
INFO - 09/13/26 22:38:44 - 0:06:50 - Epoch 264: train_loss=0.04779451712965965, train_acc= 98.88%
INFO - 09/13/26 22:38:45 - 0:06:50 - Epoch 265: train_loss=0.04486304149031639, train_acc= 98.91%
INFO - 09/13/26 22:38:45 - 0:06:50 - Epoch 265: val_loss=0.6575280427932739, val_acc= 87.43%,val_weighted_f1= 87.22,val_macro_f1= 84.35%
INFO - 09/13/26 22:38:45 - 0:06:50 - Epoch 266: train_loss=0.04604395106434822, train_acc= 98.84%
INFO - 09/13/26 22:38:45 - 0:06:50 - Epoch 267: train_loss=0.04551637917757034, train_acc= 98.84%
INFO - 09/13/26 22:38:45 - 0:06:51 - Epoch 268: train_loss=0.04365311190485954, train_acc= 99.03%
INFO - 09/13/26 22:38:46 - 0:06:51 - Epoch 269: train_loss=0.046032730489969254, train_acc= 98.80%
INFO - 09/13/26 22:38:46 - 0:06:51 - Epoch 270: train_loss=0.04435740038752556, train_acc= 99.01%
INFO - 09/13/26 22:38:46 - 0:06:51 - Epoch 270: val_loss=0.6705312728881836, val_acc= 87.26%,val_weighted_f1= 87.03,val_macro_f1= 84.03%
EarlyStopping counter: 1 out of 15
INFO - 09/13/26 22:38:46 - 0:06:51 - Epoch 271: train_loss=0.043954718858003616, train_acc= 98.88%
INFO - 09/13/26 22:38:46 - 0:06:52 - Epoch 272: train_loss=0.04139199107885361, train_acc= 99.02%
INFO - 09/13/26 22:38:47 - 0:06:52 - Epoch 273: train_loss=0.040712662041187286, train_acc= 99.02%
INFO - 09/13/26 22:38:47 - 0:06:52 - Epoch 274: train_loss=0.04213288426399231, train_acc= 98.85%
INFO - 09/13/26 22:38:47 - 0:06:52 - Epoch 275: train_loss=0.04025627672672272, train_acc= 98.99%
INFO - 09/13/26 22:38:47 - 0:06:52 - Epoch 275: val_loss=0.6752751469612122, val_acc= 87.24%,val_weighted_f1= 87.03,val_macro_f1= 84.01%
EarlyStopping counter: 2 out of 15
INFO - 09/13/26 22:38:47 - 0:06:53 - Epoch 276: train_loss=0.041465189307928085, train_acc= 98.93%
INFO - 09/13/26 22:38:48 - 0:06:53 - Epoch 277: train_loss=0.03831477090716362, train_acc= 99.15%
INFO - 09/13/26 22:38:48 - 0:06:53 - Epoch 278: train_loss=0.03818301111459732, train_acc= 99.03%
INFO - 09/13/26 22:38:48 - 0:06:53 - Epoch 279: train_loss=0.037665095180273056, train_acc= 99.17%
INFO - 09/13/26 22:38:48 - 0:06:54 - Epoch 280: train_loss=0.036499958485364914, train_acc= 99.19%
INFO - 09/13/26 22:38:48 - 0:06:54 - Epoch 280: val_loss=0.6765086054801941, val_acc= 87.20%,val_weighted_f1= 86.99,val_macro_f1= 83.70%
EarlyStopping counter: 3 out of 15
INFO - 09/13/26 22:38:49 - 0:06:54 - Epoch 281: train_loss=0.03903214633464813, train_acc= 98.99%
INFO - 09/13/26 22:38:49 - 0:06:54 - Epoch 282: train_loss=0.0366266593337059, train_acc= 99.12%
INFO - 09/13/26 22:38:49 - 0:06:54 - Epoch 283: train_loss=0.03653912618756294, train_acc= 99.21%
INFO - 09/13/26 22:38:49 - 0:06:55 - Epoch 284: train_loss=0.03598805144429207, train_acc= 99.19%
INFO - 09/13/26 22:38:50 - 0:06:55 - Epoch 285: train_loss=0.03799580782651901, train_acc= 99.00%
INFO - 09/13/26 22:38:50 - 0:06:55 - Epoch 285: val_loss=0.6742554903030396, val_acc= 87.17%,val_weighted_f1= 86.97,val_macro_f1= 83.91%
EarlyStopping counter: 4 out of 15
INFO - 09/13/26 22:38:50 - 0:06:55 - Epoch 286: train_loss=0.038037896156311035, train_acc= 99.14%
INFO - 09/13/26 22:38:50 - 0:06:55 - Epoch 287: train_loss=0.03272661566734314, train_acc= 99.29%
INFO - 09/13/26 22:38:50 - 0:06:56 - Epoch 288: train_loss=0.03558225929737091, train_acc= 99.21%
INFO - 09/13/26 22:38:50 - 0:06:56 - Epoch 289: train_loss=0.03698176518082619, train_acc= 99.03%
INFO - 09/13/26 22:38:51 - 0:06:56 - Epoch 290: train_loss=0.03377055749297142, train_acc= 99.15%
INFO - 09/13/26 22:38:51 - 0:06:56 - Epoch 290: val_loss=0.6985599398612976, val_acc= 87.31%,val_weighted_f1= 87.08,val_macro_f1= 84.12%
EarlyStopping counter: 5 out of 15
INFO - 09/13/26 22:38:51 - 0:06:56 - Epoch 291: train_loss=0.033278558403253555, train_acc= 99.24%
INFO - 09/13/26 22:38:51 - 0:06:57 - Epoch 292: train_loss=0.03177594393491745, train_acc= 99.39%
INFO - 09/13/26 22:38:51 - 0:06:57 - Epoch 293: train_loss=0.03411821275949478, train_acc= 99.26%
INFO - 09/13/26 22:38:52 - 0:06:57 - Epoch 294: train_loss=0.03447171300649643, train_acc= 99.17%
INFO - 09/13/26 22:38:52 - 0:06:57 - Epoch 295: train_loss=0.03214728832244873, train_acc= 99.26%
INFO - 09/13/26 22:38:52 - 0:06:57 - Epoch 295: val_loss=0.6908503770828247, val_acc= 87.50%,val_weighted_f1= 87.35,val_macro_f1= 84.36%
INFO - 09/13/26 22:38:52 - 0:06:58 - Epoch 296: train_loss=0.03214750066399574, train_acc= 99.29%
INFO - 09/13/26 22:38:52 - 0:06:58 - Epoch 297: train_loss=0.032901886850595474, train_acc= 99.25%
INFO - 09/13/26 22:38:53 - 0:06:58 - Epoch 298: train_loss=0.03157825022935867, train_acc= 99.31%
INFO - 09/13/26 22:38:53 - 0:06:58 - Epoch 299: train_loss=0.03022720105946064, train_acc= 99.41%
INFO - 09/13/26 22:38:53 - 0:06:58 - Epoch 300: train_loss=0.03310535475611687, train_acc= 99.21%
INFO - 09/13/26 22:38:53 - 0:06:59 - Epoch 300: val_loss=0.7040776014328003, val_acc= 87.18%,val_weighted_f1= 87.00,val_macro_f1= 83.90%
EarlyStopping counter: 1 out of 15
INFO - 09/13/26 22:38:53 - 0:06:59 - Epoch 301: train_loss=0.030670583248138428, train_acc= 99.25%
INFO - 09/13/26 22:38:54 - 0:06:59 - Epoch 302: train_loss=0.027747120708227158, train_acc= 99.54%
INFO - 09/13/26 22:38:54 - 0:06:59 - Epoch 303: train_loss=0.02939683012664318, train_acc= 99.29%
INFO - 09/13/26 22:38:54 - 0:06:59 - Epoch 304: train_loss=0.03042193129658699, train_acc= 99.31%
INFO - 09/13/26 22:38:54 - 0:07:00 - Epoch 305: train_loss=0.02892754040658474, train_acc= 99.35%
INFO - 09/13/26 22:38:54 - 0:07:00 - Epoch 305: val_loss=0.705449640750885, val_acc= 87.50%,val_weighted_f1= 87.30,val_macro_f1= 84.20%
INFO - 09/13/26 22:38:55 - 0:07:00 - Epoch 306: train_loss=0.02701219543814659, train_acc= 99.49%
INFO - 09/13/26 22:38:55 - 0:07:00 - Epoch 307: train_loss=0.029055055230855942, train_acc= 99.35%
INFO - 09/13/26 22:38:55 - 0:07:01 - Epoch 308: train_loss=0.028321826830506325, train_acc= 99.44%
INFO - 09/13/26 22:38:55 - 0:07:01 - Epoch 309: train_loss=0.025888564065098763, train_acc= 99.48%
INFO - 09/13/26 22:38:56 - 0:07:01 - Epoch 310: train_loss=0.02784630097448826, train_acc= 99.43%
INFO - 09/13/26 22:38:56 - 0:07:01 - Epoch 310: val_loss=0.720310628414154, val_acc= 87.20%,val_weighted_f1= 86.96,val_macro_f1= 83.90%
EarlyStopping counter: 1 out of 15
INFO - 09/13/26 22:38:56 - 0:07:01 - Epoch 311: train_loss=0.027505427598953247, train_acc= 99.36%
INFO - 09/13/26 22:38:56 - 0:07:01 - Epoch 312: train_loss=0.025403451174497604, train_acc= 99.50%
INFO - 09/13/26 22:38:56 - 0:07:02 - Epoch 313: train_loss=0.026299936696887016, train_acc= 99.47%
INFO - 09/13/26 22:38:57 - 0:07:02 - Epoch 314: train_loss=0.02846110425889492, train_acc= 99.41%
INFO - 09/13/26 22:38:57 - 0:07:02 - Epoch 315: train_loss=0.024186996743083, train_acc= 99.55%
INFO - 09/13/26 22:38:57 - 0:07:02 - Epoch 315: val_loss=0.7118340730667114, val_acc= 87.40%,val_weighted_f1= 87.20,val_macro_f1= 84.10%
EarlyStopping counter: 2 out of 15
INFO - 09/13/26 22:38:57 - 0:07:02 - Epoch 316: train_loss=0.024583060294389725, train_acc= 99.54%
INFO - 09/13/26 22:38:57 - 0:07:03 - Epoch 317: train_loss=0.02607322856783867, train_acc= 99.41%
INFO - 09/13/26 22:38:58 - 0:07:03 - Epoch 318: train_loss=0.024887364357709885, train_acc= 99.38%
INFO - 09/13/26 22:38:58 - 0:07:03 - Epoch 319: train_loss=0.02608196809887886, train_acc= 99.46%
INFO - 09/13/26 22:38:58 - 0:07:03 - Epoch 320: train_loss=0.02342773973941803, train_acc= 99.51%
INFO - 09/13/26 22:38:58 - 0:07:03 - Epoch 320: val_loss=0.7401752471923828, val_acc= 87.26%,val_weighted_f1= 87.03,val_macro_f1= 83.88%
EarlyStopping counter: 3 out of 15
INFO - 09/13/26 22:38:58 - 0:07:04 - Epoch 321: train_loss=0.025825535878539085, train_acc= 99.39%
INFO - 09/13/26 22:38:59 - 0:07:04 - Epoch 322: train_loss=0.023980233818292618, train_acc= 99.51%
INFO - 09/13/26 22:38:59 - 0:07:04 - Epoch 323: train_loss=0.024921970441937447, train_acc= 99.44%
INFO - 09/13/26 22:38:59 - 0:07:04 - Epoch 324: train_loss=0.022546891123056412, train_acc= 99.58%
INFO - 09/13/26 22:38:59 - 0:07:05 - Epoch 325: train_loss=0.0227378960698843, train_acc= 99.51%
INFO - 09/13/26 22:38:59 - 0:07:05 - Epoch 325: val_loss=0.7185584306716919, val_acc= 87.56%,val_weighted_f1= 87.33,val_macro_f1= 84.08%
INFO - 09/13/26 22:39:00 - 0:07:05 - Epoch 326: train_loss=0.022420329973101616, train_acc= 99.57%
INFO - 09/13/26 22:39:00 - 0:07:05 - Epoch 327: train_loss=0.022747136652469635, train_acc= 99.61%
INFO - 09/13/26 22:39:00 - 0:07:05 - Epoch 328: train_loss=0.022358186542987823, train_acc= 99.50%
INFO - 09/13/26 22:39:00 - 0:07:06 - Epoch 329: train_loss=0.02262222021818161, train_acc= 99.55%
INFO - 09/13/26 22:39:01 - 0:07:06 - Epoch 330: train_loss=0.020903153344988823, train_acc= 99.55%
INFO - 09/13/26 22:39:01 - 0:07:06 - Epoch 330: val_loss=0.7299247980117798, val_acc= 87.48%,val_weighted_f1= 87.27,val_macro_f1= 84.19%
EarlyStopping counter: 1 out of 15
INFO - 09/13/26 22:39:01 - 0:07:06 - Epoch 331: train_loss=0.02103457599878311, train_acc= 99.69%
INFO - 09/13/26 22:39:01 - 0:07:06 - Epoch 332: train_loss=0.021096525713801384, train_acc= 99.56%
INFO - 09/13/26 22:39:01 - 0:07:07 - Epoch 333: train_loss=0.021837955340743065, train_acc= 99.52%
INFO - 09/13/26 22:39:01 - 0:07:07 - Epoch 334: train_loss=0.022233393043279648, train_acc= 99.56%
INFO - 09/13/26 22:39:02 - 0:07:07 - Epoch 335: train_loss=0.021408353000879288, train_acc= 99.59%
INFO - 09/13/26 22:39:02 - 0:07:07 - Epoch 335: val_loss=0.7533835768699646, val_acc= 87.31%,val_weighted_f1= 87.09,val_macro_f1= 83.88%
EarlyStopping counter: 2 out of 15
INFO - 09/13/26 22:39:02 - 0:07:07 - Epoch 336: train_loss=0.021911729127168655, train_acc= 99.52%
INFO - 09/13/26 22:39:02 - 0:07:08 - Epoch 337: train_loss=0.019127288833260536, train_acc= 99.72%
INFO - 09/13/26 22:39:02 - 0:07:08 - Epoch 338: train_loss=0.01865980215370655, train_acc= 99.61%
INFO - 09/13/26 22:39:03 - 0:07:08 - Epoch 339: train_loss=0.020458506420254707, train_acc= 99.61%
INFO - 09/13/26 22:39:03 - 0:07:08 - Epoch 340: train_loss=0.017830349504947662, train_acc= 99.71%
INFO - 09/13/26 22:39:03 - 0:07:08 - Epoch 340: val_loss=0.7443292140960693, val_acc= 87.36%,val_weighted_f1= 87.15,val_macro_f1= 83.88%
EarlyStopping counter: 3 out of 15
INFO - 09/13/26 22:39:03 - 0:07:09 - Epoch 341: train_loss=0.02017037197947502, train_acc= 99.61%
INFO - 09/13/26 22:39:03 - 0:07:09 - Epoch 342: train_loss=0.02088877186179161, train_acc= 99.55%
INFO - 09/13/26 22:39:04 - 0:07:09 - Epoch 343: train_loss=0.01952395960688591, train_acc= 99.63%
INFO - 09/13/26 22:39:04 - 0:07:09 - Epoch 344: train_loss=0.02057012729346752, train_acc= 99.61%
INFO - 09/13/26 22:39:04 - 0:07:10 - Epoch 345: train_loss=0.019241182133555412, train_acc= 99.59%
INFO - 09/13/26 22:39:04 - 0:07:10 - Epoch 345: val_loss=0.7506821155548096, val_acc= 87.36%,val_weighted_f1= 87.13,val_macro_f1= 83.87%
EarlyStopping counter: 4 out of 15
INFO - 09/13/26 22:39:05 - 0:07:10 - Epoch 346: train_loss=0.018594447523355484, train_acc= 99.67%
INFO - 09/13/26 22:39:05 - 0:07:10 - Epoch 347: train_loss=0.01806602254509926, train_acc= 99.72%
INFO - 09/13/26 22:39:05 - 0:07:10 - Epoch 348: train_loss=0.018908068537712097, train_acc= 99.59%
INFO - 09/13/26 22:39:05 - 0:07:11 - Epoch 349: train_loss=0.019170749932527542, train_acc= 99.63%
INFO - 09/13/26 22:39:05 - 0:07:11 - Epoch 350: train_loss=0.018289081752300262, train_acc= 99.64%
INFO - 09/13/26 22:39:05 - 0:07:11 - Epoch 350: val_loss=0.7530838251113892, val_acc= 87.61%,val_weighted_f1= 87.42,val_macro_f1= 84.21%
INFO - 09/13/26 22:39:06 - 0:07:11 - Epoch 351: train_loss=0.01825989969074726, train_acc= 99.57%
INFO - 09/13/26 22:39:06 - 0:07:11 - Epoch 352: train_loss=0.02014228329062462, train_acc= 99.62%
INFO - 09/13/26 22:39:06 - 0:07:12 - Epoch 353: train_loss=0.016994282603263855, train_acc= 99.73%
INFO - 09/13/26 22:39:06 - 0:07:12 - Epoch 354: train_loss=0.018098564818501472, train_acc= 99.66%
INFO - 09/13/26 22:39:07 - 0:07:12 - Epoch 355: train_loss=0.018887966871261597, train_acc= 99.57%
INFO - 09/13/26 22:39:07 - 0:07:12 - Epoch 355: val_loss=0.7587125897407532, val_acc= 87.57%,val_weighted_f1= 87.36,val_macro_f1= 84.07%
EarlyStopping counter: 1 out of 15
INFO - 09/13/26 22:39:07 - 0:07:12 - Epoch 356: train_loss=0.016364865005016327, train_acc= 99.71%
INFO - 09/13/26 22:39:07 - 0:07:13 - Epoch 357: train_loss=0.01743953488767147, train_acc= 99.62%
INFO - 09/13/26 22:39:07 - 0:07:13 - Epoch 358: train_loss=0.016146531328558922, train_acc= 99.65%
INFO - 09/13/26 22:39:08 - 0:07:13 - Epoch 359: train_loss=0.01689339429140091, train_acc= 99.68%
INFO - 09/13/26 22:39:08 - 0:07:13 - Epoch 360: train_loss=0.017125822603702545, train_acc= 99.68%
INFO - 09/13/26 22:39:08 - 0:07:13 - Epoch 360: val_loss=0.7576928734779358, val_acc= 87.63%,val_weighted_f1= 87.47,val_macro_f1= 84.37%
INFO - 09/13/26 22:39:08 - 0:07:13 - Epoch 361: train_loss=0.016556914895772934, train_acc= 99.68%
INFO - 09/13/26 22:39:08 - 0:07:14 - Epoch 362: train_loss=0.0172132458537817, train_acc= 99.55%
INFO - 09/13/26 22:39:09 - 0:07:14 - Epoch 363: train_loss=0.015680700540542603, train_acc= 99.69%
INFO - 09/13/26 22:39:09 - 0:07:14 - Epoch 364: train_loss=0.015100257471203804, train_acc= 99.74%
INFO - 09/13/26 22:39:09 - 0:07:14 - Epoch 365: train_loss=0.016147512942552567, train_acc= 99.64%
INFO - 09/13/26 22:39:09 - 0:07:15 - Epoch 365: val_loss=0.762576699256897, val_acc= 87.57%,val_weighted_f1= 87.37,val_macro_f1= 84.13%
EarlyStopping counter: 1 out of 15
INFO - 09/13/26 22:39:09 - 0:07:15 - Epoch 366: train_loss=0.015132221393287182, train_acc= 99.74%
INFO - 09/13/26 22:39:10 - 0:07:15 - Epoch 367: train_loss=0.014993343502283096, train_acc= 99.75%
INFO - 09/13/26 22:39:10 - 0:07:15 - Epoch 368: train_loss=0.017108483240008354, train_acc= 99.61%
INFO - 09/13/26 22:39:10 - 0:07:15 - Epoch 369: train_loss=0.015448831021785736, train_acc= 99.66%
INFO - 09/13/26 22:39:10 - 0:07:16 - Epoch 370: train_loss=0.014732862822711468, train_acc= 99.71%
INFO - 09/13/26 22:39:10 - 0:07:16 - Epoch 370: val_loss=0.7526755332946777, val_acc= 87.77%,val_weighted_f1= 87.58,val_macro_f1= 84.41%
INFO - 09/13/26 22:39:11 - 0:07:16 - Epoch 371: train_loss=0.01428061444312334, train_acc= 99.74%
INFO - 09/13/26 22:39:11 - 0:07:16 - Epoch 372: train_loss=0.013481652364134789, train_acc= 99.81%
INFO - 09/13/26 22:39:11 - 0:07:16 - Epoch 373: train_loss=0.016903642565011978, train_acc= 99.60%
INFO - 09/13/26 22:39:11 - 0:07:17 - Epoch 374: train_loss=0.014127996750175953, train_acc= 99.74%
INFO - 09/13/26 22:39:11 - 0:07:17 - Epoch 375: train_loss=0.013601684011518955, train_acc= 99.75%
INFO - 09/13/26 22:39:12 - 0:07:17 - Epoch 375: val_loss=0.7668801546096802, val_acc= 87.64%,val_weighted_f1= 87.43,val_macro_f1= 84.31%
EarlyStopping counter: 1 out of 15
INFO - 09/13/26 22:39:12 - 0:07:17 - Epoch 376: train_loss=0.014421668834984303, train_acc= 99.71%
INFO - 09/13/26 22:39:12 - 0:07:17 - Epoch 377: train_loss=0.01332105603069067, train_acc= 99.76%
INFO - 09/13/26 22:39:12 - 0:07:18 - Epoch 378: train_loss=0.014340299181640148, train_acc= 99.74%
INFO - 09/13/26 22:39:12 - 0:07:18 - Epoch 379: train_loss=0.0135526517406106, train_acc= 99.75%
INFO - 09/13/26 22:39:13 - 0:07:18 - Epoch 380: train_loss=0.013063102029263973, train_acc= 99.75%
INFO - 09/13/26 22:39:13 - 0:07:18 - Epoch 380: val_loss=0.7610048055648804, val_acc= 87.73%,val_weighted_f1= 87.53,val_macro_f1= 84.38%
EarlyStopping counter: 2 out of 15
INFO - 09/13/26 22:39:13 - 0:07:18 - Epoch 381: train_loss=0.013415757566690445, train_acc= 99.77%
INFO - 09/13/26 22:39:13 - 0:07:19 - Epoch 382: train_loss=0.012362919747829437, train_acc= 99.89%
INFO - 09/13/26 22:39:13 - 0:07:19 - Epoch 383: train_loss=0.013223242945969105, train_acc= 99.74%
INFO - 09/13/26 22:39:14 - 0:07:19 - Epoch 384: train_loss=0.01554164569824934, train_acc= 99.66%
INFO - 09/13/26 22:39:14 - 0:07:19 - Epoch 385: train_loss=0.012254132889211178, train_acc= 99.84%
INFO - 09/13/26 22:39:14 - 0:07:19 - Epoch 385: val_loss=0.7731466889381409, val_acc= 87.59%,val_weighted_f1= 87.38,val_macro_f1= 84.32%
EarlyStopping counter: 3 out of 15
INFO - 09/13/26 22:39:14 - 0:07:20 - Epoch 386: train_loss=0.013482626527547836, train_acc= 99.73%
INFO - 09/13/26 22:39:15 - 0:07:20 - Epoch 387: train_loss=0.014539538882672787, train_acc= 99.74%
INFO - 09/13/26 22:39:15 - 0:07:20 - Epoch 388: train_loss=0.013367281295359135, train_acc= 99.77%
INFO - 09/13/26 22:39:15 - 0:07:20 - Epoch 389: train_loss=0.013495540246367455, train_acc= 99.74%
INFO - 09/13/26 22:39:15 - 0:07:21 - Epoch 390: train_loss=0.012807469815015793, train_acc= 99.76%
INFO - 09/13/26 22:39:15 - 0:07:21 - Epoch 390: val_loss=0.7722592353820801, val_acc= 87.71%,val_weighted_f1= 87.50,val_macro_f1= 84.48%
EarlyStopping counter: 4 out of 15
INFO - 09/13/26 22:39:15 - 0:07:21 - Epoch 391: train_loss=0.013243583030998707, train_acc= 99.74%
INFO - 09/13/26 22:39:16 - 0:07:21 - Epoch 392: train_loss=0.012697670608758926, train_acc= 99.76%
INFO - 09/13/26 22:39:16 - 0:07:21 - Epoch 393: train_loss=0.012693199329078197, train_acc= 99.80%
INFO - 09/13/26 22:39:16 - 0:07:22 - Epoch 394: train_loss=0.011829198338091373, train_acc= 99.80%
INFO - 09/13/26 22:39:16 - 0:07:22 - Epoch 395: train_loss=0.011996575631201267, train_acc= 99.76%
INFO - 09/13/26 22:39:16 - 0:07:22 - Epoch 395: val_loss=0.7609678506851196, val_acc= 87.80%,val_weighted_f1= 87.63,val_macro_f1= 84.63%
INFO - 09/13/26 22:39:17 - 0:07:22 - Epoch 396: train_loss=0.014074557460844517, train_acc= 99.75%
INFO - 09/13/26 22:39:17 - 0:07:22 - Epoch 397: train_loss=0.011950936168432236, train_acc= 99.83%
INFO - 09/13/26 22:39:17 - 0:07:23 - Epoch 398: train_loss=0.01220225915312767, train_acc= 99.76%
INFO - 09/13/26 22:39:17 - 0:07:23 - Epoch 399: train_loss=0.013326180167496204, train_acc= 99.66%
INFO - 09/13/26 22:39:18 - 0:07:23 - Epoch 400: train_loss=0.012546719051897526, train_acc= 99.76%
INFO - 09/13/26 22:39:18 - 0:07:23 - Epoch 400: val_loss=0.7694292664527893, val_acc= 87.63%,val_weighted_f1= 87.45,val_macro_f1= 84.41%
EarlyStopping counter: 1 out of 15
INFO - 09/13/26 22:39:18 - 0:07:23 - Epoch 401: train_loss=0.012179352343082428, train_acc= 99.81%
INFO - 09/13/26 22:39:18 - 0:07:23 - Epoch 402: train_loss=0.011374769732356071, train_acc= 99.83%
INFO - 09/13/26 22:39:18 - 0:07:24 - Epoch 403: train_loss=0.012624765746295452, train_acc= 99.78%
INFO - 09/13/26 22:39:19 - 0:07:24 - Epoch 404: train_loss=0.011634208261966705, train_acc= 99.76%
INFO - 09/13/26 22:39:19 - 0:07:24 - Epoch 405: train_loss=0.0103683453053236, train_acc= 99.89%
INFO - 09/13/26 22:39:19 - 0:07:24 - Epoch 405: val_loss=0.7794593572616577, val_acc= 87.71%,val_weighted_f1= 87.49,val_macro_f1= 84.35%
EarlyStopping counter: 2 out of 15
INFO - 09/13/26 22:39:19 - 0:07:25 - Epoch 406: train_loss=0.011461563408374786, train_acc= 99.83%
INFO - 09/13/26 22:39:19 - 0:07:25 - Epoch 407: train_loss=0.010207691229879856, train_acc= 99.87%
INFO - 09/13/26 22:39:20 - 0:07:25 - Epoch 408: train_loss=0.011281508021056652, train_acc= 99.81%
INFO - 09/13/26 22:39:20 - 0:07:25 - Epoch 409: train_loss=0.011347789317369461, train_acc= 99.82%
INFO - 09/13/26 22:39:20 - 0:07:25 - Epoch 410: train_loss=0.01133568026125431, train_acc= 99.80%
INFO - 09/13/26 22:39:20 - 0:07:26 - Epoch 410: val_loss=0.791342556476593, val_acc= 87.59%,val_weighted_f1= 87.36,val_macro_f1= 84.36%
EarlyStopping counter: 3 out of 15
INFO - 09/13/26 22:39:20 - 0:07:26 - Epoch 411: train_loss=0.009495670907199383, train_acc= 99.88%
INFO - 09/13/26 22:39:21 - 0:07:26 - Epoch 412: train_loss=0.009997772052884102, train_acc= 99.87%
INFO - 09/13/26 22:39:21 - 0:07:26 - Epoch 413: train_loss=0.009890713728964329, train_acc= 99.83%
INFO - 09/13/26 22:39:21 - 0:07:26 - Epoch 414: train_loss=0.010275048203766346, train_acc= 99.81%
INFO - 09/13/26 22:39:21 - 0:07:27 - Epoch 415: train_loss=0.010213530622422695, train_acc= 99.81%
INFO - 09/13/26 22:39:21 - 0:07:27 - Epoch 415: val_loss=0.8097308278083801, val_acc= 87.45%,val_weighted_f1= 87.20,val_macro_f1= 84.22%
EarlyStopping counter: 4 out of 15
INFO - 09/13/26 22:39:22 - 0:07:27 - Epoch 416: train_loss=0.011383334174752235, train_acc= 99.78%
INFO - 09/13/26 22:39:22 - 0:07:27 - Epoch 417: train_loss=0.01063991617411375, train_acc= 99.78%
INFO - 09/13/26 22:39:22 - 0:07:27 - Epoch 418: train_loss=0.01083133090287447, train_acc= 99.76%
INFO - 09/13/26 22:39:22 - 0:07:28 - Epoch 419: train_loss=0.010842549614608288, train_acc= 99.81%
INFO - 09/13/26 22:39:22 - 0:07:28 - Epoch 420: train_loss=0.010802646167576313, train_acc= 99.81%
INFO - 09/13/26 22:39:23 - 0:07:28 - Epoch 420: val_loss=0.8005449771881104, val_acc= 87.75%,val_weighted_f1= 87.52,val_macro_f1= 84.35%
EarlyStopping counter: 5 out of 15
INFO - 09/13/26 22:39:23 - 0:07:28 - Epoch 421: train_loss=0.010220988653600216, train_acc= 99.81%
INFO - 09/13/26 22:39:23 - 0:07:28 - Epoch 422: train_loss=0.00973253883421421, train_acc= 99.83%
INFO - 09/13/26 22:39:23 - 0:07:29 - Epoch 423: train_loss=0.011906038038432598, train_acc= 99.80%
INFO - 09/13/26 22:39:23 - 0:07:29 - Epoch 424: train_loss=0.010346169583499432, train_acc= 99.81%
INFO - 09/13/26 22:39:24 - 0:07:29 - Epoch 425: train_loss=0.009996228851377964, train_acc= 99.83%
INFO - 09/13/26 22:39:24 - 0:07:29 - Epoch 425: val_loss=0.801282525062561, val_acc= 87.75%,val_weighted_f1= 87.56,val_macro_f1= 84.59%
EarlyStopping counter: 6 out of 15
INFO - 09/13/26 22:39:24 - 0:07:29 - Epoch 426: train_loss=0.008852135390043259, train_acc= 99.88%
INFO - 09/13/26 22:39:24 - 0:07:30 - Epoch 427: train_loss=0.010149823501706123, train_acc= 99.89%
INFO - 09/13/26 22:39:25 - 0:07:30 - Epoch 428: train_loss=0.01158700231462717, train_acc= 99.82%
INFO - 09/13/26 22:39:25 - 0:07:30 - Epoch 429: train_loss=0.008579397574067116, train_acc= 99.87%
INFO - 09/13/26 22:39:25 - 0:07:30 - Epoch 430: train_loss=0.011330120265483856, train_acc= 99.73%
INFO - 09/13/26 22:39:25 - 0:07:30 - Epoch 430: val_loss=0.8024476170539856, val_acc= 87.63%,val_weighted_f1= 87.38,val_macro_f1= 84.39%
EarlyStopping counter: 7 out of 15
INFO - 09/13/26 22:39:25 - 0:07:31 - Epoch 431: train_loss=0.009107278659939766, train_acc= 99.81%
INFO - 09/13/26 22:39:25 - 0:07:31 - Epoch 432: train_loss=0.010526992380619049, train_acc= 99.77%
INFO - 09/13/26 22:39:26 - 0:07:31 - Epoch 433: train_loss=0.008413933217525482, train_acc= 99.89%
INFO - 09/13/26 22:39:26 - 0:07:31 - Epoch 434: train_loss=0.00992707721889019, train_acc= 99.81%
INFO - 09/13/26 22:39:26 - 0:07:32 - Epoch 435: train_loss=0.007816844619810581, train_acc= 99.88%
INFO - 09/13/26 22:39:26 - 0:07:32 - Epoch 435: val_loss=0.8131926655769348, val_acc= 87.68%,val_weighted_f1= 87.47,val_macro_f1= 84.48%
EarlyStopping counter: 8 out of 15
INFO - 09/13/26 22:39:26 - 0:07:32 - Epoch 436: train_loss=0.010053779929876328, train_acc= 99.83%
INFO - 09/13/26 22:39:27 - 0:07:32 - Epoch 437: train_loss=0.009310263209044933, train_acc= 99.89%
INFO - 09/13/26 22:39:27 - 0:07:32 - Epoch 438: train_loss=0.010752229019999504, train_acc= 99.78%
INFO - 09/13/26 22:39:27 - 0:07:33 - Epoch 439: train_loss=0.009207134135067463, train_acc= 99.85%
INFO - 09/13/26 22:39:27 - 0:07:33 - Epoch 440: train_loss=0.008613202720880508, train_acc= 99.86%
INFO - 09/13/26 22:39:27 - 0:07:33 - Epoch 440: val_loss=0.7997121810913086, val_acc= 87.57%,val_weighted_f1= 87.32,val_macro_f1= 84.12%
EarlyStopping counter: 9 out of 15
INFO - 09/13/26 22:39:28 - 0:07:33 - Epoch 441: train_loss=0.010542410425841808, train_acc= 99.80%
INFO - 09/13/26 22:39:28 - 0:07:33 - Epoch 442: train_loss=0.008983822539448738, train_acc= 99.86%
INFO - 09/13/26 22:39:28 - 0:07:34 - Epoch 443: train_loss=0.009212622418999672, train_acc= 99.86%
INFO - 09/13/26 22:39:28 - 0:07:34 - Epoch 444: train_loss=0.008843623101711273, train_acc= 99.83%
INFO - 09/13/26 22:39:29 - 0:07:34 - Epoch 445: train_loss=0.010058373212814331, train_acc= 99.82%
INFO - 09/13/26 22:39:29 - 0:07:34 - Epoch 445: val_loss=0.7972697615623474, val_acc= 87.66%,val_weighted_f1= 87.46,val_macro_f1= 84.35%
EarlyStopping counter: 10 out of 15
INFO - 09/13/26 22:39:29 - 0:07:34 - Epoch 446: train_loss=0.007786703761667013, train_acc= 99.86%
INFO - 09/13/26 22:39:29 - 0:07:35 - Epoch 447: train_loss=0.009870397858321667, train_acc= 99.81%
INFO - 09/13/26 22:39:29 - 0:07:35 - Epoch 448: train_loss=0.008289448916912079, train_acc= 99.86%
INFO - 09/13/26 22:39:30 - 0:07:35 - Epoch 449: train_loss=0.008892906829714775, train_acc= 99.86%
INFO - 09/13/26 22:39:30 - 0:07:35 - Epoch 450: train_loss=0.0080088647082448, train_acc= 99.87%
INFO - 09/13/26 22:39:30 - 0:07:35 - Epoch 450: val_loss=0.8035888671875, val_acc= 87.78%,val_weighted_f1= 87.57,val_macro_f1= 84.44%
EarlyStopping counter: 11 out of 15
INFO - 09/13/26 22:39:30 - 0:07:36 - Epoch 451: train_loss=0.008674480952322483, train_acc= 99.89%
INFO - 09/13/26 22:39:30 - 0:07:36 - Epoch 452: train_loss=0.008762999437749386, train_acc= 99.83%
INFO - 09/13/26 22:39:31 - 0:07:36 - Epoch 453: train_loss=0.008278410881757736, train_acc= 99.89%
INFO - 09/13/26 22:39:31 - 0:07:36 - Epoch 454: train_loss=0.008103476837277412, train_acc= 99.85%
INFO - 09/13/26 22:39:31 - 0:07:36 - Epoch 455: train_loss=0.008852431550621986, train_acc= 99.84%
INFO - 09/13/26 22:39:31 - 0:07:37 - Epoch 455: val_loss=0.8072893023490906, val_acc= 87.73%,val_weighted_f1= 87.53,val_macro_f1= 84.45%
EarlyStopping counter: 12 out of 15
INFO - 09/13/26 22:39:31 - 0:07:37 - Epoch 456: train_loss=0.007664826698601246, train_acc= 99.92%
INFO - 09/13/26 22:39:32 - 0:07:37 - Epoch 457: train_loss=0.008301041088998318, train_acc= 99.89%
INFO - 09/13/26 22:39:32 - 0:07:37 - Epoch 458: train_loss=0.008416903205215931, train_acc= 99.83%
INFO - 09/13/26 22:39:32 - 0:07:37 - Epoch 459: train_loss=0.00839849654585123, train_acc= 99.81%
INFO - 09/13/26 22:39:32 - 0:07:38 - Epoch 460: train_loss=0.0075893644243478775, train_acc= 99.87%
INFO - 09/13/26 22:39:32 - 0:07:38 - Epoch 460: val_loss=0.8054984211921692, val_acc= 87.71%,val_weighted_f1= 87.53,val_macro_f1= 84.50%
EarlyStopping counter: 13 out of 15
INFO - 09/13/26 22:39:33 - 0:07:38 - Epoch 461: train_loss=0.008740812540054321, train_acc= 99.87%
INFO - 09/13/26 22:39:33 - 0:07:38 - Epoch 462: train_loss=0.008356700651347637, train_acc= 99.85%
INFO - 09/13/26 22:39:33 - 0:07:38 - Epoch 463: train_loss=0.007699147332459688, train_acc= 99.89%
INFO - 09/13/26 22:39:33 - 0:07:39 - Epoch 464: train_loss=0.007526914589107037, train_acc= 99.92%
INFO - 09/13/26 22:39:34 - 0:07:39 - Epoch 465: train_loss=0.008587762713432312, train_acc= 99.89%
INFO - 09/13/26 22:39:34 - 0:07:39 - Epoch 465: val_loss=0.8021235466003418, val_acc= 87.68%,val_weighted_f1= 87.50,val_macro_f1= 84.19%
EarlyStopping counter: 14 out of 15
INFO - 09/13/26 22:39:34 - 0:07:39 - Epoch 466: train_loss=0.007260414771735668, train_acc= 99.88%
INFO - 09/13/26 22:39:34 - 0:07:39 - Epoch 467: train_loss=0.009461622685194016, train_acc= 99.82%
INFO - 09/13/26 22:39:34 - 0:07:40 - Epoch 468: train_loss=0.008848343975841999, train_acc= 99.75%
INFO - 09/13/26 22:39:35 - 0:07:40 - Epoch 469: train_loss=0.008454806171357632, train_acc= 99.86%
INFO - 09/13/26 22:39:35 - 0:07:40 - Epoch 470: train_loss=0.008127194829285145, train_acc= 99.85%
INFO - 09/13/26 22:39:35 - 0:07:40 - Epoch 470: val_loss=0.8118094205856323, val_acc= 87.63%,val_weighted_f1= 87.45,val_macro_f1= 84.27%
EarlyStopping counter: 15 out of 15
---------Early stopping--------
INFO - 09/13/26 22:39:35 - 0:07:40 - --------------Testing--------------------
INFO - 09/13/26 22:39:35 - 0:07:40 - --------------Loading from ./checkpoints/NC_Roman-empire_model.pt--------------------
INFO - 09/13/26 22:39:35 - 0:07:40 - test_acc= 87.26%, weighted_f1= 87.08,macro_f1= 84.60%
INFO - 09/13/26 22:39:35 - 0:07:40 - test_acc= 87.26%, weighted_f1= 87.08,macro_f1= 84.60%
INFO - 09/13/26 22:39:35 - 0:07:41 - Epoch 0: train_loss=3.095017910003662, train_acc= 11.04%
INFO - 09/13/26 22:39:35 - 0:07:41 - Epoch 0: val_loss=2.6181700229644775, val_acc= 16.35%,val_weighted_f1= 7.53,val_macro_f1= 3.23%
INFO - 09/13/26 22:39:36 - 0:07:41 - Epoch 1: train_loss=2.628401041030884, train_acc= 15.89%
INFO - 09/13/26 22:39:36 - 0:07:41 - Epoch 2: train_loss=2.535386800765991, train_acc= 22.73%
INFO - 09/13/26 22:39:36 - 0:07:41 - Epoch 3: train_loss=2.4550704956054688, train_acc= 25.42%
INFO - 09/13/26 22:39:36 - 0:07:42 - Epoch 4: train_loss=2.356534719467163, train_acc= 30.41%
INFO - 09/13/26 22:39:37 - 0:07:42 - Epoch 5: train_loss=2.271824836730957, train_acc= 39.47%
INFO - 09/13/26 22:39:37 - 0:07:42 - Epoch 5: val_loss=2.190631628036499, val_acc= 42.01%,val_weighted_f1= 29.38,val_macro_f1= 13.16%
INFO - 09/13/26 22:39:37 - 0:07:42 - Epoch 6: train_loss=2.196460723876953, train_acc= 40.59%
INFO - 09/13/26 22:39:37 - 0:07:42 - Epoch 7: train_loss=2.122878074645996, train_acc= 39.27%
INFO - 09/13/26 22:39:37 - 0:07:43 - Epoch 8: train_loss=2.0505154132843018, train_acc= 41.42%
INFO - 09/13/26 22:39:38 - 0:07:43 - Epoch 9: train_loss=1.9834063053131104, train_acc= 45.15%
INFO - 09/13/26 22:39:38 - 0:07:43 - Epoch 10: train_loss=1.9189140796661377, train_acc= 47.94%
INFO - 09/13/26 22:39:38 - 0:07:43 - Epoch 10: val_loss=1.8518717288970947, val_acc= 50.26%,val_weighted_f1= 40.50,val_macro_f1= 22.00%
INFO - 09/13/26 22:39:38 - 0:07:43 - Epoch 11: train_loss=1.852773904800415, train_acc= 49.77%
INFO - 09/13/26 22:39:38 - 0:07:44 - Epoch 12: train_loss=1.7875546216964722, train_acc= 50.68%
INFO - 09/13/26 22:39:39 - 0:07:44 - Epoch 13: train_loss=1.7246897220611572, train_acc= 51.26%
INFO - 09/13/26 22:39:39 - 0:07:44 - Epoch 14: train_loss=1.6630274057388306, train_acc= 52.38%
INFO - 09/13/26 22:39:39 - 0:07:44 - Epoch 15: train_loss=1.6054480075836182, train_acc= 53.36%
INFO - 09/13/26 22:39:39 - 0:07:44 - Epoch 15: val_loss=1.5448368787765503, val_acc= 55.02%,val_weighted_f1= 48.10,val_macro_f1= 28.54%
INFO - 09/13/26 22:39:39 - 0:07:45 - Epoch 16: train_loss=1.552239179611206, train_acc= 54.49%
INFO - 09/13/26 22:39:39 - 0:07:45 - Epoch 17: train_loss=1.4984338283538818, train_acc= 55.83%
INFO - 09/13/26 22:39:40 - 0:07:45 - Epoch 18: train_loss=1.455054521560669, train_acc= 56.30%
INFO - 09/13/26 22:39:40 - 0:07:45 - Epoch 19: train_loss=1.4156825542449951, train_acc= 57.89%
INFO - 09/13/26 22:39:40 - 0:07:45 - Epoch 20: train_loss=1.3765398263931274, train_acc= 58.50%
INFO - 09/13/26 22:39:40 - 0:07:46 - Epoch 20: val_loss=1.3402312994003296, val_acc= 59.77%,val_weighted_f1= 54.21,val_macro_f1= 37.15%
INFO - 09/13/26 22:39:40 - 0:07:46 - Epoch 21: train_loss=1.3448452949523926, train_acc= 59.24%
INFO - 09/13/26 22:39:41 - 0:07:46 - Epoch 22: train_loss=1.300639271736145, train_acc= 59.99%
INFO - 09/13/26 22:39:41 - 0:07:46 - Epoch 23: train_loss=1.2681140899658203, train_acc= 60.44%
INFO - 09/13/26 22:39:41 - 0:07:46 - Epoch 24: train_loss=1.2358458042144775, train_acc= 61.57%
INFO - 09/13/26 22:39:41 - 0:07:47 - Epoch 25: train_loss=1.2071841955184937, train_acc= 62.15%
INFO - 09/13/26 22:39:42 - 0:07:47 - Epoch 25: val_loss=1.1760128736495972, val_acc= 62.93%,val_weighted_f1= 58.44,val_macro_f1= 43.53%
INFO - 09/13/26 22:39:42 - 0:07:47 - Epoch 26: train_loss=1.1806256771087646, train_acc= 62.96%
INFO - 09/13/26 22:39:42 - 0:07:47 - Epoch 27: train_loss=1.1499782800674438, train_acc= 64.20%
INFO - 09/13/26 22:39:42 - 0:07:48 - Epoch 28: train_loss=1.1276259422302246, train_acc= 64.50%
INFO - 09/13/26 22:39:42 - 0:07:48 - Epoch 29: train_loss=1.1012564897537231, train_acc= 65.00%
INFO - 09/13/26 22:39:43 - 0:07:48 - Epoch 30: train_loss=1.0781176090240479, train_acc= 66.06%
INFO - 09/13/26 22:39:43 - 0:07:48 - Epoch 30: val_loss=1.0637848377227783, val_acc= 65.95%,val_weighted_f1= 61.62,val_macro_f1= 48.51%
INFO - 09/13/26 22:39:43 - 0:07:48 - Epoch 31: train_loss=1.0503777265548706, train_acc= 66.75%
INFO - 09/13/26 22:39:43 - 0:07:49 - Epoch 32: train_loss=1.030455231666565, train_acc= 67.74%
INFO - 09/13/26 22:39:43 - 0:07:49 - Epoch 33: train_loss=1.0098603963851929, train_acc= 68.18%
INFO - 09/13/26 22:39:44 - 0:07:49 - Epoch 34: train_loss=0.982318639755249, train_acc= 68.82%
INFO - 09/13/26 22:39:44 - 0:07:49 - Epoch 35: train_loss=0.9625499248504639, train_acc= 69.38%
INFO - 09/13/26 22:39:44 - 0:07:49 - Epoch 35: val_loss=0.9711562991142273, val_acc= 69.02%,val_weighted_f1= 65.44,val_macro_f1= 53.57%
INFO - 09/13/26 22:39:44 - 0:07:49 - Epoch 36: train_loss=0.951738715171814, train_acc= 69.28%
INFO - 09/13/26 22:39:44 - 0:07:50 - Epoch 37: train_loss=0.9321753978729248, train_acc= 70.10%
INFO - 09/13/26 22:39:45 - 0:07:50 - Epoch 38: train_loss=0.9129453897476196, train_acc= 70.45%
INFO - 09/13/26 22:39:45 - 0:07:50 - Epoch 39: train_loss=0.8978646993637085, train_acc= 71.16%
INFO - 09/13/26 22:39:45 - 0:07:50 - Epoch 40: train_loss=0.8815823793411255, train_acc= 71.78%
INFO - 09/13/26 22:39:45 - 0:07:50 - Epoch 40: val_loss=0.89925217628479, val_acc= 70.82%,val_weighted_f1= 67.78,val_macro_f1= 56.33%
INFO - 09/13/26 22:39:45 - 0:07:51 - Epoch 41: train_loss=0.867982804775238, train_acc= 71.78%
INFO - 09/13/26 22:39:46 - 0:07:51 - Epoch 42: train_loss=0.8523386120796204, train_acc= 72.47%
INFO - 09/13/26 22:39:46 - 0:07:51 - Epoch 43: train_loss=0.8351892232894897, train_acc= 72.72%
INFO - 09/13/26 22:39:46 - 0:07:51 - Epoch 44: train_loss=0.8272609114646912, train_acc= 73.16%
INFO - 09/13/26 22:39:46 - 0:07:52 - Epoch 45: train_loss=0.8138331174850464, train_acc= 73.89%
INFO - 09/13/26 22:39:46 - 0:07:52 - Epoch 45: val_loss=0.8232895135879517, val_acc= 72.99%,val_weighted_f1= 70.74,val_macro_f1= 59.63%
INFO - 09/13/26 22:39:47 - 0:07:52 - Epoch 46: train_loss=0.7998130321502686, train_acc= 73.68%
INFO - 09/13/26 22:39:47 - 0:07:52 - Epoch 47: train_loss=0.7891177535057068, train_acc= 74.21%
INFO - 09/13/26 22:39:47 - 0:07:52 - Epoch 48: train_loss=0.7738955020904541, train_acc= 74.71%
INFO - 09/13/26 22:39:47 - 0:07:53 - Epoch 49: train_loss=0.7614996433258057, train_acc= 74.79%
INFO - 09/13/26 22:39:48 - 0:07:53 - Epoch 50: train_loss=0.75632244348526, train_acc= 74.96%
INFO - 09/13/26 22:39:48 - 0:07:53 - Epoch 50: val_loss=0.7632145285606384, val_acc= 74.12%,val_weighted_f1= 72.59,val_macro_f1= 62.22%
INFO - 09/13/26 22:39:48 - 0:07:53 - Epoch 51: train_loss=0.738874614238739, train_acc= 75.72%
INFO - 09/13/26 22:39:48 - 0:07:53 - Epoch 52: train_loss=0.7237918376922607, train_acc= 76.06%
INFO - 09/13/26 22:39:48 - 0:07:54 - Epoch 53: train_loss=0.7172654867172241, train_acc= 76.13%
INFO - 09/13/26 22:39:49 - 0:07:54 - Epoch 54: train_loss=0.710903525352478, train_acc= 76.53%
INFO - 09/13/26 22:39:49 - 0:07:54 - Epoch 55: train_loss=0.7035678625106812, train_acc= 76.50%
INFO - 09/13/26 22:39:49 - 0:07:54 - Epoch 55: val_loss=0.7375626564025879, val_acc= 74.86%,val_weighted_f1= 73.09,val_macro_f1= 63.07%
INFO - 09/13/26 22:39:49 - 0:07:54 - Epoch 56: train_loss=0.6995834708213806, train_acc= 76.55%
INFO - 09/13/26 22:39:49 - 0:07:55 - Epoch 57: train_loss=0.6907907724380493, train_acc= 77.24%
INFO - 09/13/26 22:39:49 - 0:07:55 - Epoch 58: train_loss=0.6808120012283325, train_acc= 77.05%
INFO - 09/13/26 22:39:50 - 0:07:55 - Epoch 59: train_loss=0.6621561050415039, train_acc= 77.75%
INFO - 09/13/26 22:39:50 - 0:07:55 - Epoch 60: train_loss=0.6636384129524231, train_acc= 78.15%
INFO - 09/13/26 22:39:50 - 0:07:55 - Epoch 60: val_loss=0.7103813886642456, val_acc= 76.08%,val_weighted_f1= 74.33,val_macro_f1= 65.43%
INFO - 09/13/26 22:39:50 - 0:07:56 - Epoch 61: train_loss=0.6546595692634583, train_acc= 77.87%
INFO - 09/13/26 22:39:50 - 0:07:56 - Epoch 62: train_loss=0.6407584547996521, train_acc= 78.50%
INFO - 09/13/26 22:39:51 - 0:07:56 - Epoch 63: train_loss=0.6442731022834778, train_acc= 78.77%
INFO - 09/13/26 22:39:51 - 0:07:56 - Epoch 64: train_loss=0.6287969946861267, train_acc= 78.73%
INFO - 09/13/26 22:39:51 - 0:07:57 - Epoch 65: train_loss=0.6209957003593445, train_acc= 79.38%
INFO - 09/13/26 22:39:51 - 0:07:57 - Epoch 65: val_loss=0.667885959148407, val_acc= 77.49%,val_weighted_f1= 76.42,val_macro_f1= 69.18%
INFO - 09/13/26 22:39:52 - 0:07:57 - Epoch 66: train_loss=0.6171068549156189, train_acc= 79.38%
INFO - 09/13/26 22:39:52 - 0:07:57 - Epoch 67: train_loss=0.6012133955955505, train_acc= 79.74%
INFO - 09/13/26 22:39:52 - 0:07:57 - Epoch 68: train_loss=0.6043505668640137, train_acc= 79.24%
INFO - 09/13/26 22:39:52 - 0:07:58 - Epoch 69: train_loss=0.591928243637085, train_acc= 80.38%
INFO - 09/13/26 22:39:52 - 0:07:58 - Epoch 70: train_loss=0.5922310948371887, train_acc= 80.36%
INFO - 09/13/26 22:39:53 - 0:07:58 - Epoch 70: val_loss=0.6435340046882629, val_acc= 78.55%,val_weighted_f1= 77.58,val_macro_f1= 70.80%
INFO - 09/13/26 22:39:53 - 0:07:58 - Epoch 71: train_loss=0.5846167802810669, train_acc= 80.39%
INFO - 09/13/26 22:39:53 - 0:07:58 - Epoch 72: train_loss=0.5733566880226135, train_acc= 80.73%
INFO - 09/13/26 22:39:53 - 0:07:59 - Epoch 73: train_loss=0.5679674744606018, train_acc= 81.06%
INFO - 09/13/26 22:39:53 - 0:07:59 - Epoch 74: train_loss=0.5618183016777039, train_acc= 81.35%
INFO - 09/13/26 22:39:54 - 0:07:59 - Epoch 75: train_loss=0.5561224818229675, train_acc= 81.18%
INFO - 09/13/26 22:39:54 - 0:07:59 - Epoch 75: val_loss=0.6182852387428284, val_acc= 79.35%,val_weighted_f1= 78.40,val_macro_f1= 72.39%
INFO - 09/13/26 22:39:54 - 0:07:59 - Epoch 76: train_loss=0.5467063784599304, train_acc= 81.68%
INFO - 09/13/26 22:39:54 - 0:08:00 - Epoch 77: train_loss=0.542156994342804, train_acc= 81.63%
INFO - 09/13/26 22:39:54 - 0:08:00 - Epoch 78: train_loss=0.5384945273399353, train_acc= 81.78%
INFO - 09/13/26 22:39:55 - 0:08:00 - Epoch 79: train_loss=0.5324901938438416, train_acc= 82.08%
INFO - 09/13/26 22:39:55 - 0:08:00 - Epoch 80: train_loss=0.528464138507843, train_acc= 82.51%
INFO - 09/13/26 22:39:55 - 0:08:00 - Epoch 80: val_loss=0.5959393978118896, val_acc= 80.76%,val_weighted_f1= 80.16,val_macro_f1= 74.82%
INFO - 09/13/26 22:39:55 - 0:08:01 - Epoch 81: train_loss=0.5219883918762207, train_acc= 82.19%
INFO - 09/13/26 22:39:55 - 0:08:01 - Epoch 82: train_loss=0.5162410140037537, train_acc= 82.53%
INFO - 09/13/26 22:39:56 - 0:08:01 - Epoch 83: train_loss=0.511159360408783, train_acc= 82.89%
INFO - 09/13/26 22:39:56 - 0:08:01 - Epoch 84: train_loss=0.49862298369407654, train_acc= 83.44%
INFO - 09/13/26 22:39:56 - 0:08:01 - Epoch 85: train_loss=0.49719128012657166, train_acc= 83.62%
INFO - 09/13/26 22:39:56 - 0:08:02 - Epoch 85: val_loss=0.5791940689086914, val_acc= 81.43%,val_weighted_f1= 81.08,val_macro_f1= 75.98%
INFO - 09/13/26 22:39:56 - 0:08:02 - Epoch 86: train_loss=0.4992588460445404, train_acc= 83.54%
INFO - 09/13/26 22:39:57 - 0:08:02 - Epoch 87: train_loss=0.4949808716773987, train_acc= 83.58%
INFO - 09/13/26 22:39:57 - 0:08:02 - Epoch 88: train_loss=0.48654207587242126, train_acc= 83.97%
INFO - 09/13/26 22:39:57 - 0:08:02 - Epoch 89: train_loss=0.47989198565483093, train_acc= 84.05%
INFO - 09/13/26 22:39:57 - 0:08:03 - Epoch 90: train_loss=0.46987882256507874, train_acc= 84.38%
INFO - 09/13/26 22:39:57 - 0:08:03 - Epoch 90: val_loss=0.5632027983665466, val_acc= 82.03%,val_weighted_f1= 81.53,val_macro_f1= 76.73%
INFO - 09/13/26 22:39:58 - 0:08:03 - Epoch 91: train_loss=0.4642340838909149, train_acc= 84.56%
INFO - 09/13/26 22:39:58 - 0:08:03 - Epoch 92: train_loss=0.4657001793384552, train_acc= 84.59%
INFO - 09/13/26 22:39:58 - 0:08:03 - Epoch 93: train_loss=0.46062618494033813, train_acc= 84.45%
INFO - 09/13/26 22:39:58 - 0:08:04 - Epoch 94: train_loss=0.45393991470336914, train_acc= 84.84%
INFO - 09/13/26 22:39:59 - 0:08:04 - Epoch 95: train_loss=0.4484245479106903, train_acc= 85.26%
INFO - 09/13/26 22:39:59 - 0:08:04 - Epoch 95: val_loss=0.5477587580680847, val_acc= 82.45%,val_weighted_f1= 82.06,val_macro_f1= 77.52%
INFO - 09/13/26 22:39:59 - 0:08:04 - Epoch 96: train_loss=0.4465799033641815, train_acc= 85.11%
INFO - 09/13/26 22:39:59 - 0:08:04 - Epoch 97: train_loss=0.4457519054412842, train_acc= 85.25%
INFO - 09/13/26 22:39:59 - 0:08:05 - Epoch 98: train_loss=0.4380038380622864, train_acc= 85.37%
INFO - 09/13/26 22:39:59 - 0:08:05 - Epoch 99: train_loss=0.42867758870124817, train_acc= 85.78%
INFO - 09/13/26 22:40:00 - 0:08:05 - Epoch 100: train_loss=0.4270722270011902, train_acc= 85.82%
INFO - 09/13/26 22:40:00 - 0:08:05 - Epoch 100: val_loss=0.5360860228538513, val_acc= 83.12%,val_weighted_f1= 82.88,val_macro_f1= 78.55%
INFO - 09/13/26 22:40:00 - 0:08:05 - Epoch 101: train_loss=0.4253348410129547, train_acc= 86.05%
INFO - 09/13/26 22:40:00 - 0:08:06 - Epoch 102: train_loss=0.4142078459262848, train_acc= 86.36%
INFO - 09/13/26 22:40:00 - 0:08:06 - Epoch 103: train_loss=0.41103577613830566, train_acc= 86.62%
INFO - 09/13/26 22:40:01 - 0:08:06 - Epoch 104: train_loss=0.4127754867076874, train_acc= 86.47%
INFO - 09/13/26 22:40:01 - 0:08:06 - Epoch 105: train_loss=0.4075053632259369, train_acc= 86.61%
INFO - 09/13/26 22:40:01 - 0:08:06 - Epoch 105: val_loss=0.5349612832069397, val_acc= 83.07%,val_weighted_f1= 82.62,val_macro_f1= 78.30%
EarlyStopping counter: 1 out of 15
INFO - 09/13/26 22:40:01 - 0:08:07 - Epoch 106: train_loss=0.4052284359931946, train_acc= 86.40%
INFO - 09/13/26 22:40:02 - 0:08:07 - Epoch 107: train_loss=0.39688172936439514, train_acc= 86.92%
INFO - 09/13/26 22:40:02 - 0:08:07 - Epoch 108: train_loss=0.3911921977996826, train_acc= 86.91%
INFO - 09/13/26 22:40:02 - 0:08:07 - Epoch 109: train_loss=0.3899727463722229, train_acc= 87.10%
INFO - 09/13/26 22:40:02 - 0:08:08 - Epoch 110: train_loss=0.38451531529426575, train_acc= 87.28%
INFO - 09/13/26 22:40:02 - 0:08:08 - Epoch 110: val_loss=0.5132386088371277, val_acc= 83.67%,val_weighted_f1= 83.42,val_macro_f1= 79.22%
INFO - 09/13/26 22:40:03 - 0:08:08 - Epoch 111: train_loss=0.37774917483329773, train_acc= 87.79%
INFO - 09/13/26 22:40:03 - 0:08:08 - Epoch 112: train_loss=0.3724106550216675, train_acc= 87.85%
INFO - 09/13/26 22:40:03 - 0:08:08 - Epoch 113: train_loss=0.3720545768737793, train_acc= 87.87%
INFO - 09/13/26 22:40:03 - 0:08:09 - Epoch 114: train_loss=0.37073633074760437, train_acc= 87.62%
INFO - 09/13/26 22:40:03 - 0:08:09 - Epoch 115: train_loss=0.36087822914123535, train_acc= 88.41%
INFO - 09/13/26 22:40:04 - 0:08:09 - Epoch 115: val_loss=0.5124642252922058, val_acc= 84.20%,val_weighted_f1= 83.77,val_macro_f1= 79.87%
INFO - 09/13/26 22:40:04 - 0:08:09 - Epoch 116: train_loss=0.355165034532547, train_acc= 88.04%
INFO - 09/13/26 22:40:04 - 0:08:09 - Epoch 117: train_loss=0.3523717522621155, train_acc= 88.39%
INFO - 09/13/26 22:40:04 - 0:08:10 - Epoch 118: train_loss=0.35056668519973755, train_acc= 88.37%
INFO - 09/13/26 22:40:04 - 0:08:10 - Epoch 119: train_loss=0.35310670733451843, train_acc= 88.22%
INFO - 09/13/26 22:40:05 - 0:08:10 - Epoch 120: train_loss=0.34155410528182983, train_acc= 88.94%
INFO - 09/13/26 22:40:05 - 0:08:10 - Epoch 120: val_loss=0.4990125000476837, val_acc= 84.61%,val_weighted_f1= 84.34,val_macro_f1= 80.34%
INFO - 09/13/26 22:40:05 - 0:08:10 - Epoch 121: train_loss=0.33742865920066833, train_acc= 88.84%
INFO - 09/13/26 22:40:05 - 0:08:11 - Epoch 122: train_loss=0.33521562814712524, train_acc= 88.92%
INFO - 09/13/26 22:40:05 - 0:08:11 - Epoch 123: train_loss=0.33123287558555603, train_acc= 89.23%
INFO - 09/13/26 22:40:06 - 0:08:11 - Epoch 124: train_loss=0.32581284642219543, train_acc= 89.52%
INFO - 09/13/26 22:40:06 - 0:08:11 - Epoch 125: train_loss=0.32590195536613464, train_acc= 89.29%
INFO - 09/13/26 22:40:06 - 0:08:11 - Epoch 125: val_loss=0.4973699748516083, val_acc= 85.24%,val_weighted_f1= 84.98,val_macro_f1= 81.29%
INFO - 09/13/26 22:40:06 - 0:08:12 - Epoch 126: train_loss=0.3217408359050751, train_acc= 89.36%
INFO - 09/13/26 22:40:06 - 0:08:12 - Epoch 127: train_loss=0.3201267421245575, train_acc= 89.37%
INFO - 09/13/26 22:40:07 - 0:08:12 - Epoch 128: train_loss=0.3061154782772064, train_acc= 90.07%
INFO - 09/13/26 22:40:07 - 0:08:12 - Epoch 129: train_loss=0.3138839900493622, train_acc= 89.70%
INFO - 09/13/26 22:40:07 - 0:08:12 - Epoch 130: train_loss=0.31398338079452515, train_acc= 89.88%
INFO - 09/13/26 22:40:07 - 0:08:13 - Epoch 130: val_loss=0.49520647525787354, val_acc= 84.98%,val_weighted_f1= 84.73,val_macro_f1= 81.00%
EarlyStopping counter: 1 out of 15
INFO - 09/13/26 22:40:07 - 0:08:13 - Epoch 131: train_loss=0.3035213053226471, train_acc= 89.99%
INFO - 09/13/26 22:40:08 - 0:08:13 - Epoch 132: train_loss=0.30602186918258667, train_acc= 89.71%
INFO - 09/13/26 22:40:08 - 0:08:13 - Epoch 133: train_loss=0.3032495379447937, train_acc= 89.90%
INFO - 09/13/26 22:40:08 - 0:08:13 - Epoch 134: train_loss=0.29533541202545166, train_acc= 90.12%
INFO - 09/13/26 22:40:08 - 0:08:14 - Epoch 135: train_loss=0.2902129888534546, train_acc= 90.68%
INFO - 09/13/26 22:40:08 - 0:08:14 - Epoch 135: val_loss=0.4900667369365692, val_acc= 85.44%,val_weighted_f1= 85.26,val_macro_f1= 81.91%
INFO - 09/13/26 22:40:09 - 0:08:14 - Epoch 136: train_loss=0.28517141938209534, train_acc= 90.87%
INFO - 09/13/26 22:40:09 - 0:08:14 - Epoch 137: train_loss=0.28293290734291077, train_acc= 90.81%
INFO - 09/13/26 22:40:09 - 0:08:14 - Epoch 138: train_loss=0.2813650071620941, train_acc= 90.67%
INFO - 09/13/26 22:40:09 - 0:08:15 - Epoch 139: train_loss=0.2785604000091553, train_acc= 90.95%
INFO - 09/13/26 22:40:10 - 0:08:15 - Epoch 140: train_loss=0.2762245833873749, train_acc= 91.12%
INFO - 09/13/26 22:40:10 - 0:08:15 - Epoch 140: val_loss=0.4906758666038513, val_acc= 85.47%,val_weighted_f1= 85.24,val_macro_f1= 81.71%
INFO - 09/13/26 22:40:10 - 0:08:15 - Epoch 141: train_loss=0.27201032638549805, train_acc= 90.94%
INFO - 09/13/26 22:40:10 - 0:08:15 - Epoch 142: train_loss=0.27167975902557373, train_acc= 91.13%
INFO - 09/13/26 22:40:10 - 0:08:16 - Epoch 143: train_loss=0.260863333940506, train_acc= 91.50%
INFO - 09/13/26 22:40:10 - 0:08:16 - Epoch 144: train_loss=0.25849372148513794, train_acc= 91.67%
INFO - 09/13/26 22:40:11 - 0:08:16 - Epoch 145: train_loss=0.2539699971675873, train_acc= 91.79%
INFO - 09/13/26 22:40:11 - 0:08:16 - Epoch 145: val_loss=0.48825177550315857, val_acc= 85.93%,val_weighted_f1= 85.78,val_macro_f1= 82.41%
INFO - 09/13/26 22:40:11 - 0:08:17 - Epoch 146: train_loss=0.2512414753437042, train_acc= 92.11%
INFO - 09/13/26 22:40:11 - 0:08:17 - Epoch 147: train_loss=0.2534336745738983, train_acc= 91.70%
INFO - 09/13/26 22:40:12 - 0:08:17 - Epoch 148: train_loss=0.24774201214313507, train_acc= 92.03%
INFO - 09/13/26 22:40:12 - 0:08:17 - Epoch 149: train_loss=0.24201346933841705, train_acc= 92.17%
INFO - 09/13/26 22:40:12 - 0:08:17 - Epoch 150: train_loss=0.24144478142261505, train_acc= 92.35%
INFO - 09/13/26 22:40:12 - 0:08:17 - Epoch 150: val_loss=0.49980270862579346, val_acc= 85.91%,val_weighted_f1= 85.63,val_macro_f1= 82.18%
EarlyStopping counter: 1 out of 15
INFO - 09/13/26 22:40:12 - 0:08:18 - Epoch 151: train_loss=0.2385435551404953, train_acc= 92.19%
INFO - 09/13/26 22:40:13 - 0:08:18 - Epoch 152: train_loss=0.23788215219974518, train_acc= 92.29%
INFO - 09/13/26 22:40:13 - 0:08:18 - Epoch 153: train_loss=0.23364029824733734, train_acc= 92.49%
INFO - 09/13/26 22:40:13 - 0:08:18 - Epoch 154: train_loss=0.226544588804245, train_acc= 92.65%
INFO - 09/13/26 22:40:13 - 0:08:19 - Epoch 155: train_loss=0.22653958201408386, train_acc= 92.58%
INFO - 09/13/26 22:40:13 - 0:08:19 - Epoch 155: val_loss=0.4981011748313904, val_acc= 86.14%,val_weighted_f1= 85.90,val_macro_f1= 82.74%
INFO - 09/13/26 22:40:14 - 0:08:19 - Epoch 156: train_loss=0.22624947130680084, train_acc= 92.74%
INFO - 09/13/26 22:40:14 - 0:08:19 - Epoch 157: train_loss=0.22657224535942078, train_acc= 92.66%
INFO - 09/13/26 22:40:14 - 0:08:19 - Epoch 158: train_loss=0.23230017721652985, train_acc= 92.30%
INFO - 09/13/26 22:40:14 - 0:08:20 - Epoch 159: train_loss=0.2263801395893097, train_acc= 92.46%
INFO - 09/13/26 22:40:14 - 0:08:20 - Epoch 160: train_loss=0.23141254484653473, train_acc= 92.22%
INFO - 09/13/26 22:40:14 - 0:08:20 - Epoch 160: val_loss=0.502478837966919, val_acc= 85.83%,val_weighted_f1= 85.64,val_macro_f1= 82.31%
EarlyStopping counter: 1 out of 15
INFO - 09/13/26 22:40:15 - 0:08:20 - Epoch 161: train_loss=0.21493762731552124, train_acc= 92.95%
INFO - 09/13/26 22:40:15 - 0:08:20 - Epoch 162: train_loss=0.20844289660453796, train_acc= 93.39%
INFO - 09/13/26 22:40:15 - 0:08:21 - Epoch 163: train_loss=0.2132227122783661, train_acc= 93.00%
INFO - 09/13/26 22:40:15 - 0:08:21 - Epoch 164: train_loss=0.19731800258159637, train_acc= 93.72%
INFO - 09/13/26 22:40:16 - 0:08:21 - Epoch 165: train_loss=0.20635250210762024, train_acc= 93.26%
INFO - 09/13/26 22:40:16 - 0:08:21 - Epoch 165: val_loss=0.508682131767273, val_acc= 86.04%,val_weighted_f1= 85.73,val_macro_f1= 82.61%
EarlyStopping counter: 2 out of 15
INFO - 09/13/26 22:40:16 - 0:08:21 - Epoch 166: train_loss=0.19915708899497986, train_acc= 93.60%
INFO - 09/13/26 22:40:16 - 0:08:22 - Epoch 167: train_loss=0.19695745408535004, train_acc= 93.67%
INFO - 09/13/26 22:40:16 - 0:08:22 - Epoch 168: train_loss=0.19168168306350708, train_acc= 94.15%
INFO - 09/13/26 22:40:17 - 0:08:22 - Epoch 169: train_loss=0.1890454888343811, train_acc= 94.18%
INFO - 09/13/26 22:40:17 - 0:08:22 - Epoch 170: train_loss=0.18826934695243835, train_acc= 94.01%
INFO - 09/13/26 22:40:17 - 0:08:22 - Epoch 170: val_loss=0.5062851309776306, val_acc= 86.18%,val_weighted_f1= 86.05,val_macro_f1= 83.02%
INFO - 09/13/26 22:40:17 - 0:08:23 - Epoch 171: train_loss=0.18684163689613342, train_acc= 94.05%
INFO - 09/13/26 22:40:17 - 0:08:23 - Epoch 172: train_loss=0.18033182621002197, train_acc= 94.68%
INFO - 09/13/26 22:40:18 - 0:08:23 - Epoch 173: train_loss=0.18480068445205688, train_acc= 94.44%
INFO - 09/13/26 22:40:18 - 0:08:23 - Epoch 174: train_loss=0.17859609425067902, train_acc= 94.63%
INFO - 09/13/26 22:40:18 - 0:08:23 - Epoch 175: train_loss=0.17070548236370087, train_acc= 94.85%
INFO - 09/13/26 22:40:18 - 0:08:24 - Epoch 175: val_loss=0.5147271752357483, val_acc= 86.09%,val_weighted_f1= 85.82,val_macro_f1= 82.65%
EarlyStopping counter: 1 out of 15
INFO - 09/13/26 22:40:18 - 0:08:24 - Epoch 176: train_loss=0.169187530875206, train_acc= 94.80%
INFO - 09/13/26 22:40:19 - 0:08:24 - Epoch 177: train_loss=0.16636396944522858, train_acc= 94.67%
INFO - 09/13/26 22:40:19 - 0:08:24 - Epoch 178: train_loss=0.16703829169273376, train_acc= 95.03%
INFO - 09/13/26 22:40:19 - 0:08:24 - Epoch 179: train_loss=0.16583351790905, train_acc= 94.61%
INFO - 09/13/26 22:40:19 - 0:08:25 - Epoch 180: train_loss=0.16437941789627075, train_acc= 94.66%
INFO - 09/13/26 22:40:19 - 0:08:25 - Epoch 180: val_loss=0.5129688382148743, val_acc= 86.34%,val_weighted_f1= 86.16,val_macro_f1= 83.19%
INFO - 09/13/26 22:40:20 - 0:08:25 - Epoch 181: train_loss=0.15477578341960907, train_acc= 95.23%
INFO - 09/13/26 22:40:20 - 0:08:25 - Epoch 182: train_loss=0.1574075073003769, train_acc= 95.23%
INFO - 09/13/26 22:40:20 - 0:08:25 - Epoch 183: train_loss=0.1538228839635849, train_acc= 95.22%
INFO - 09/13/26 22:40:20 - 0:08:26 - Epoch 184: train_loss=0.15118174254894257, train_acc= 95.39%
INFO - 09/13/26 22:40:21 - 0:08:26 - Epoch 185: train_loss=0.15192002058029175, train_acc= 95.38%
INFO - 09/13/26 22:40:21 - 0:08:26 - Epoch 185: val_loss=0.5193825960159302, val_acc= 86.18%,val_weighted_f1= 86.06,val_macro_f1= 83.23%
EarlyStopping counter: 1 out of 15
INFO - 09/13/26 22:40:21 - 0:08:26 - Epoch 186: train_loss=0.14955167472362518, train_acc= 95.52%
INFO - 09/13/26 22:40:21 - 0:08:26 - Epoch 187: train_loss=0.14380040764808655, train_acc= 95.70%
INFO - 09/13/26 22:40:21 - 0:08:27 - Epoch 188: train_loss=0.14748640358448029, train_acc= 95.45%
INFO - 09/13/26 22:40:22 - 0:08:27 - Epoch 189: train_loss=0.14748796820640564, train_acc= 95.31%
INFO - 09/13/26 22:40:22 - 0:08:27 - Epoch 190: train_loss=0.14496175944805145, train_acc= 95.48%
INFO - 09/13/26 22:40:22 - 0:08:27 - Epoch 190: val_loss=0.5502997040748596, val_acc= 86.16%,val_weighted_f1= 85.87,val_macro_f1= 82.97%
EarlyStopping counter: 2 out of 15
INFO - 09/13/26 22:40:22 - 0:08:27 - Epoch 191: train_loss=0.1505030244588852, train_acc= 95.18%
INFO - 09/13/26 22:40:22 - 0:08:28 - Epoch 192: train_loss=0.1540249139070511, train_acc= 94.94%
INFO - 09/13/26 22:40:23 - 0:08:28 - Epoch 193: train_loss=0.14315932989120483, train_acc= 95.59%
INFO - 09/13/26 22:40:23 - 0:08:28 - Epoch 194: train_loss=0.13213272392749786, train_acc= 96.20%
INFO - 09/13/26 22:40:23 - 0:08:28 - Epoch 195: train_loss=0.13976392149925232, train_acc= 95.70%
INFO - 09/13/26 22:40:23 - 0:08:28 - Epoch 195: val_loss=0.5562382340431213, val_acc= 86.20%,val_weighted_f1= 85.91,val_macro_f1= 83.04%
EarlyStopping counter: 3 out of 15
INFO - 09/13/26 22:40:23 - 0:08:29 - Epoch 196: train_loss=0.14370180666446686, train_acc= 95.40%
INFO - 09/13/26 22:40:24 - 0:08:29 - Epoch 197: train_loss=0.12482357770204544, train_acc= 96.25%
INFO - 09/13/26 22:40:24 - 0:08:29 - Epoch 198: train_loss=0.13756224513053894, train_acc= 95.63%
INFO - 09/13/26 22:40:24 - 0:08:29 - Epoch 199: train_loss=0.14112019538879395, train_acc= 95.46%
INFO - 09/13/26 22:40:24 - 0:08:30 - Epoch 200: train_loss=0.12626118957996368, train_acc= 96.15%
INFO - 09/13/26 22:40:24 - 0:08:30 - Epoch 200: val_loss=0.5395147800445557, val_acc= 86.14%,val_weighted_f1= 86.01,val_macro_f1= 82.91%
EarlyStopping counter: 4 out of 15
INFO - 09/13/26 22:40:25 - 0:08:30 - Epoch 201: train_loss=0.1332731693983078, train_acc= 95.70%
INFO - 09/13/26 22:40:25 - 0:08:30 - Epoch 202: train_loss=0.1201949343085289, train_acc= 96.43%
INFO - 09/13/26 22:40:25 - 0:08:30 - Epoch 203: train_loss=0.12186648696660995, train_acc= 96.22%
INFO - 09/13/26 22:40:25 - 0:08:31 - Epoch 204: train_loss=0.12073077261447906, train_acc= 96.58%
INFO - 09/13/26 22:40:26 - 0:08:31 - Epoch 205: train_loss=0.1156764104962349, train_acc= 96.58%
INFO - 09/13/26 22:40:26 - 0:08:31 - Epoch 205: val_loss=0.5460124611854553, val_acc= 86.39%,val_weighted_f1= 86.26,val_macro_f1= 83.44%
INFO - 09/13/26 22:40:26 - 0:08:31 - Epoch 206: train_loss=0.1177239790558815, train_acc= 96.51%
INFO - 09/13/26 22:40:26 - 0:08:31 - Epoch 207: train_loss=0.10861626267433167, train_acc= 96.93%
INFO - 09/13/26 22:40:26 - 0:08:32 - Epoch 208: train_loss=0.11477278918027878, train_acc= 96.47%
INFO - 09/13/26 22:40:27 - 0:08:32 - Epoch 209: train_loss=0.1062425822019577, train_acc= 97.07%
INFO - 09/13/26 22:40:27 - 0:08:32 - Epoch 210: train_loss=0.1117277443408966, train_acc= 96.66%
INFO - 09/13/26 22:40:27 - 0:08:32 - Epoch 210: val_loss=0.5492360591888428, val_acc= 86.73%,val_weighted_f1= 86.51,val_macro_f1= 83.52%
INFO - 09/13/26 22:40:27 - 0:08:32 - Epoch 211: train_loss=0.10410153120756149, train_acc= 97.03%
INFO - 09/13/26 22:40:27 - 0:08:33 - Epoch 212: train_loss=0.10653779655694962, train_acc= 96.82%
INFO - 09/13/26 22:40:27 - 0:08:33 - Epoch 213: train_loss=0.10187070816755295, train_acc= 96.96%
INFO - 09/13/26 22:40:28 - 0:08:33 - Epoch 214: train_loss=0.10084766894578934, train_acc= 97.06%
INFO - 09/13/26 22:40:28 - 0:08:33 - Epoch 215: train_loss=0.10169996321201324, train_acc= 96.87%
INFO - 09/13/26 22:40:28 - 0:08:33 - Epoch 215: val_loss=0.5548951029777527, val_acc= 86.97%,val_weighted_f1= 86.79,val_macro_f1= 84.01%
INFO - 09/13/26 22:40:28 - 0:08:34 - Epoch 216: train_loss=0.09495480358600616, train_acc= 97.41%
INFO - 09/13/26 22:40:28 - 0:08:34 - Epoch 217: train_loss=0.10023625195026398, train_acc= 97.06%
INFO - 09/13/26 22:40:29 - 0:08:34 - Epoch 218: train_loss=0.09638077765703201, train_acc= 97.17%
INFO - 09/13/26 22:40:29 - 0:08:34 - Epoch 219: train_loss=0.09383798390626907, train_acc= 97.20%
INFO - 09/13/26 22:40:29 - 0:08:34 - Epoch 220: train_loss=0.09173032641410828, train_acc= 97.38%
INFO - 09/13/26 22:40:29 - 0:08:35 - Epoch 220: val_loss=0.5638211369514465, val_acc= 86.83%,val_weighted_f1= 86.65,val_macro_f1= 83.69%
EarlyStopping counter: 1 out of 15
INFO - 09/13/26 22:40:29 - 0:08:35 - Epoch 221: train_loss=0.08300746977329254, train_acc= 97.87%
INFO - 09/13/26 22:40:30 - 0:08:35 - Epoch 222: train_loss=0.09191376715898514, train_acc= 97.39%
INFO - 09/13/26 22:40:30 - 0:08:35 - Epoch 223: train_loss=0.08920764178037643, train_acc= 97.48%
INFO - 09/13/26 22:40:30 - 0:08:35 - Epoch 224: train_loss=0.08137655258178711, train_acc= 97.60%
INFO - 09/13/26 22:40:30 - 0:08:36 - Epoch 225: train_loss=0.08892371505498886, train_acc= 97.48%
INFO - 09/13/26 22:40:31 - 0:08:36 - Epoch 225: val_loss=0.5744162797927856, val_acc= 86.67%,val_weighted_f1= 86.48,val_macro_f1= 83.66%
EarlyStopping counter: 2 out of 15
INFO - 09/13/26 22:40:31 - 0:08:36 - Epoch 226: train_loss=0.08205724507570267, train_acc= 97.71%
INFO - 09/13/26 22:40:31 - 0:08:36 - Epoch 227: train_loss=0.08181533217430115, train_acc= 97.78%
INFO - 09/13/26 22:40:31 - 0:08:37 - Epoch 228: train_loss=0.0786183625459671, train_acc= 98.03%
INFO - 09/13/26 22:40:31 - 0:08:37 - Epoch 229: train_loss=0.07720289379358292, train_acc= 97.83%
INFO - 09/13/26 22:40:32 - 0:08:37 - Epoch 230: train_loss=0.08047979325056076, train_acc= 97.66%
INFO - 09/13/26 22:40:32 - 0:08:37 - Epoch 230: val_loss=0.5831823348999023, val_acc= 86.76%,val_weighted_f1= 86.55,val_macro_f1= 83.70%
EarlyStopping counter: 3 out of 15
INFO - 09/13/26 22:40:32 - 0:08:37 - Epoch 231: train_loss=0.07784544676542282, train_acc= 98.00%
INFO - 09/13/26 22:40:32 - 0:08:37 - Epoch 232: train_loss=0.0796043649315834, train_acc= 97.72%
INFO - 09/13/26 22:40:32 - 0:08:38 - Epoch 233: train_loss=0.07637037336826324, train_acc= 97.86%
INFO - 09/13/26 22:40:33 - 0:08:38 - Epoch 234: train_loss=0.07459750026464462, train_acc= 98.01%
INFO - 09/13/26 22:40:33 - 0:08:38 - Epoch 235: train_loss=0.07455477118492126, train_acc= 97.89%
INFO - 09/13/26 22:40:33 - 0:08:38 - Epoch 235: val_loss=0.5876080989837646, val_acc= 86.76%,val_weighted_f1= 86.55,val_macro_f1= 83.60%
EarlyStopping counter: 4 out of 15
INFO - 09/13/26 22:40:33 - 0:08:38 - Epoch 236: train_loss=0.07191422581672668, train_acc= 97.92%
INFO - 09/13/26 22:40:33 - 0:08:39 - Epoch 237: train_loss=0.06972528994083405, train_acc= 98.22%
INFO - 09/13/26 22:40:34 - 0:08:39 - Epoch 238: train_loss=0.07221338897943497, train_acc= 97.91%
INFO - 09/13/26 22:40:34 - 0:08:39 - Epoch 239: train_loss=0.06709599494934082, train_acc= 98.30%
INFO - 09/13/26 22:40:34 - 0:08:39 - Epoch 240: train_loss=0.07034040987491608, train_acc= 98.02%
INFO - 09/13/26 22:40:34 - 0:08:39 - Epoch 240: val_loss=0.6041321158409119, val_acc= 86.76%,val_weighted_f1= 86.52,val_macro_f1= 83.70%
EarlyStopping counter: 5 out of 15
INFO - 09/13/26 22:40:34 - 0:08:40 - Epoch 241: train_loss=0.07135453075170517, train_acc= 97.94%
INFO - 09/13/26 22:40:35 - 0:08:40 - Epoch 242: train_loss=0.06693098694086075, train_acc= 98.20%
INFO - 09/13/26 22:40:35 - 0:08:40 - Epoch 243: train_loss=0.06547416746616364, train_acc= 98.41%
INFO - 09/13/26 22:40:35 - 0:08:40 - Epoch 244: train_loss=0.06525938957929611, train_acc= 98.33%
INFO - 09/13/26 22:40:35 - 0:08:41 - Epoch 245: train_loss=0.0633133202791214, train_acc= 98.37%
INFO - 09/13/26 22:40:35 - 0:08:41 - Epoch 245: val_loss=0.597712516784668, val_acc= 86.90%,val_weighted_f1= 86.78,val_macro_f1= 83.91%
EarlyStopping counter: 6 out of 15
INFO - 09/13/26 22:40:36 - 0:08:41 - Epoch 246: train_loss=0.06198639050126076, train_acc= 98.41%
INFO - 09/13/26 22:40:36 - 0:08:41 - Epoch 247: train_loss=0.06195401772856712, train_acc= 98.31%
INFO - 09/13/26 22:40:36 - 0:08:41 - Epoch 248: train_loss=0.06162203848361969, train_acc= 98.34%
INFO - 09/13/26 22:40:36 - 0:08:42 - Epoch 249: train_loss=0.06137131527066231, train_acc= 98.40%
INFO - 09/13/26 22:40:37 - 0:08:42 - Epoch 250: train_loss=0.06059436872601509, train_acc= 98.29%
INFO - 09/13/26 22:40:37 - 0:08:42 - Epoch 250: val_loss=0.6097424626350403, val_acc= 86.92%,val_weighted_f1= 86.77,val_macro_f1= 83.87%
EarlyStopping counter: 7 out of 15
INFO - 09/13/26 22:40:37 - 0:08:42 - Epoch 251: train_loss=0.059592485427856445, train_acc= 98.35%
INFO - 09/13/26 22:40:37 - 0:08:42 - Epoch 252: train_loss=0.057288408279418945, train_acc= 98.53%
INFO - 09/13/26 22:40:37 - 0:08:43 - Epoch 253: train_loss=0.05763743445277214, train_acc= 98.38%
INFO - 09/13/26 22:40:38 - 0:08:43 - Epoch 254: train_loss=0.057998135685920715, train_acc= 98.58%
INFO - 09/13/26 22:40:38 - 0:08:43 - Epoch 255: train_loss=0.05252910777926445, train_acc= 98.60%
INFO - 09/13/26 22:40:38 - 0:08:43 - Epoch 255: val_loss=0.6156861186027527, val_acc= 86.85%,val_weighted_f1= 86.70,val_macro_f1= 84.00%
EarlyStopping counter: 8 out of 15
INFO - 09/13/26 22:40:38 - 0:08:43 - Epoch 256: train_loss=0.05489332973957062, train_acc= 98.61%
INFO - 09/13/26 22:40:38 - 0:08:44 - Epoch 257: train_loss=0.05682472512125969, train_acc= 98.36%
INFO - 09/13/26 22:40:38 - 0:08:44 - Epoch 258: train_loss=0.0514184795320034, train_acc= 98.69%
INFO - 09/13/26 22:40:39 - 0:08:44 - Epoch 259: train_loss=0.05388709530234337, train_acc= 98.59%
INFO - 09/13/26 22:40:39 - 0:08:44 - Epoch 260: train_loss=0.05158720910549164, train_acc= 98.69%
INFO - 09/13/26 22:40:39 - 0:08:44 - Epoch 260: val_loss=0.6248841285705566, val_acc= 87.03%,val_weighted_f1= 86.82,val_macro_f1= 83.96%
INFO - 09/13/26 22:40:39 - 0:08:45 - Epoch 261: train_loss=0.0500941276550293, train_acc= 98.68%
INFO - 09/13/26 22:40:39 - 0:08:45 - Epoch 262: train_loss=0.050118979066610336, train_acc= 98.75%
INFO - 09/13/26 22:40:40 - 0:08:45 - Epoch 263: train_loss=0.0537918321788311, train_acc= 98.40%
INFO - 09/13/26 22:40:40 - 0:08:45 - Epoch 264: train_loss=0.048847224563360214, train_acc= 98.65%
INFO - 09/13/26 22:40:40 - 0:08:46 - Epoch 265: train_loss=0.04935435950756073, train_acc= 98.80%
INFO - 09/13/26 22:40:40 - 0:08:46 - Epoch 265: val_loss=0.6306232213973999, val_acc= 86.80%,val_weighted_f1= 86.62,val_macro_f1= 83.83%
EarlyStopping counter: 1 out of 15
INFO - 09/13/26 22:40:41 - 0:08:46 - Epoch 266: train_loss=0.050146181136369705, train_acc= 98.61%
INFO - 09/13/26 22:40:41 - 0:08:46 - Epoch 267: train_loss=0.04624802991747856, train_acc= 98.90%
INFO - 09/13/26 22:40:41 - 0:08:46 - Epoch 268: train_loss=0.0483345128595829, train_acc= 98.82%
INFO - 09/13/26 22:40:41 - 0:08:47 - Epoch 269: train_loss=0.04732850566506386, train_acc= 98.73%
INFO - 09/13/26 22:40:41 - 0:08:47 - Epoch 270: train_loss=0.046700190752744675, train_acc= 98.82%
INFO - 09/13/26 22:40:42 - 0:08:47 - Epoch 270: val_loss=0.6337695717811584, val_acc= 87.08%,val_weighted_f1= 86.93,val_macro_f1= 84.13%
INFO - 09/13/26 22:40:42 - 0:08:47 - Epoch 271: train_loss=0.043349359184503555, train_acc= 98.99%
INFO - 09/13/26 22:40:42 - 0:08:47 - Epoch 272: train_loss=0.0443112812936306, train_acc= 98.93%
INFO - 09/13/26 22:40:42 - 0:08:48 - Epoch 273: train_loss=0.044803012162446976, train_acc= 98.84%
INFO - 09/13/26 22:40:42 - 0:08:48 - Epoch 274: train_loss=0.04305059835314751, train_acc= 98.99%
INFO - 09/13/26 22:40:43 - 0:08:48 - Epoch 275: train_loss=0.04464753717184067, train_acc= 98.87%
INFO - 09/13/26 22:40:43 - 0:08:48 - Epoch 275: val_loss=0.6436182856559753, val_acc= 87.15%,val_weighted_f1= 86.95,val_macro_f1= 83.97%
INFO - 09/13/26 22:40:43 - 0:08:48 - Epoch 276: train_loss=0.04159907251596451, train_acc= 98.91%
INFO - 09/13/26 22:40:43 - 0:08:49 - Epoch 277: train_loss=0.03817141801118851, train_acc= 99.14%
INFO - 09/13/26 22:40:43 - 0:08:49 - Epoch 278: train_loss=0.040709272027015686, train_acc= 99.04%
INFO - 09/13/26 22:40:44 - 0:08:49 - Epoch 279: train_loss=0.04150209203362465, train_acc= 98.86%
INFO - 09/13/26 22:40:44 - 0:08:49 - Epoch 280: train_loss=0.04059314727783203, train_acc= 99.02%
INFO - 09/13/26 22:40:44 - 0:08:49 - Epoch 280: val_loss=0.660717248916626, val_acc= 86.88%,val_weighted_f1= 86.65,val_macro_f1= 83.74%
EarlyStopping counter: 1 out of 15
INFO - 09/13/26 22:40:44 - 0:08:50 - Epoch 281: train_loss=0.04003804549574852, train_acc= 99.06%
INFO - 09/13/26 22:40:44 - 0:08:50 - Epoch 282: train_loss=0.03619621321558952, train_acc= 99.22%
INFO - 09/13/26 22:40:45 - 0:08:50 - Epoch 283: train_loss=0.03667040914297104, train_acc= 99.10%
INFO - 09/13/26 22:40:45 - 0:08:50 - Epoch 284: train_loss=0.039124250411987305, train_acc= 99.08%
INFO - 09/13/26 22:40:45 - 0:08:50 - Epoch 285: train_loss=0.03571466729044914, train_acc= 99.29%
INFO - 09/13/26 22:40:45 - 0:08:51 - Epoch 285: val_loss=0.6622933745384216, val_acc= 86.99%,val_weighted_f1= 86.77,val_macro_f1= 83.77%
EarlyStopping counter: 2 out of 15
INFO - 09/13/26 22:40:45 - 0:08:51 - Epoch 286: train_loss=0.03701165318489075, train_acc= 99.28%
INFO - 09/13/26 22:40:46 - 0:08:51 - Epoch 287: train_loss=0.03561825677752495, train_acc= 99.11%
INFO - 09/13/26 22:40:46 - 0:08:51 - Epoch 288: train_loss=0.03626972436904907, train_acc= 99.15%
INFO - 09/13/26 22:40:46 - 0:08:51 - Epoch 289: train_loss=0.03570061922073364, train_acc= 99.14%
INFO - 09/13/26 22:40:46 - 0:08:52 - Epoch 290: train_loss=0.03750879690051079, train_acc= 98.98%
INFO - 09/13/26 22:40:46 - 0:08:52 - Epoch 290: val_loss=0.6654936075210571, val_acc= 86.85%,val_weighted_f1= 86.68,val_macro_f1= 83.78%
EarlyStopping counter: 3 out of 15
INFO - 09/13/26 22:40:47 - 0:08:52 - Epoch 291: train_loss=0.037010855972766876, train_acc= 99.14%
INFO - 09/13/26 22:40:47 - 0:08:52 - Epoch 292: train_loss=0.03313327953219414, train_acc= 99.32%
INFO - 09/13/26 22:40:47 - 0:08:52 - Epoch 293: train_loss=0.03478149324655533, train_acc= 99.21%
INFO - 09/13/26 22:40:47 - 0:08:53 - Epoch 294: train_loss=0.03345158323645592, train_acc= 99.34%
INFO - 09/13/26 22:40:48 - 0:08:53 - Epoch 295: train_loss=0.0321170836687088, train_acc= 99.34%
INFO - 09/13/26 22:40:48 - 0:08:53 - Epoch 295: val_loss=0.6608383655548096, val_acc= 87.29%,val_weighted_f1= 87.14,val_macro_f1= 84.42%
INFO - 09/13/26 22:40:48 - 0:08:53 - Epoch 296: train_loss=0.03401266038417816, train_acc= 99.18%
INFO - 09/13/26 22:40:48 - 0:08:53 - Epoch 297: train_loss=0.03178243339061737, train_acc= 99.29%
INFO - 09/13/26 22:40:48 - 0:08:54 - Epoch 298: train_loss=0.031885601580142975, train_acc= 99.36%
INFO - 09/13/26 22:40:48 - 0:08:54 - Epoch 299: train_loss=0.03132383152842522, train_acc= 99.31%
INFO - 09/13/26 22:40:49 - 0:08:54 - Epoch 300: train_loss=0.032136764377355576, train_acc= 99.39%
INFO - 09/13/26 22:40:49 - 0:08:54 - Epoch 300: val_loss=0.6685628890991211, val_acc= 87.18%,val_weighted_f1= 87.02,val_macro_f1= 84.30%
EarlyStopping counter: 1 out of 15
INFO - 09/13/26 22:40:49 - 0:08:54 - Epoch 301: train_loss=0.029451075941324234, train_acc= 99.41%
INFO - 09/13/26 22:40:49 - 0:08:55 - Epoch 302: train_loss=0.03174754977226257, train_acc= 99.33%
INFO - 09/13/26 22:40:49 - 0:08:55 - Epoch 303: train_loss=0.029780790209770203, train_acc= 99.44%
INFO - 09/13/26 22:40:50 - 0:08:55 - Epoch 304: train_loss=0.030247969552874565, train_acc= 99.33%
INFO - 09/13/26 22:40:50 - 0:08:55 - Epoch 305: train_loss=0.028120487928390503, train_acc= 99.38%
INFO - 09/13/26 22:40:50 - 0:08:55 - Epoch 305: val_loss=0.6684165596961975, val_acc= 87.29%,val_weighted_f1= 87.14,val_macro_f1= 84.51%
INFO - 09/13/26 22:40:50 - 0:08:56 - Epoch 306: train_loss=0.028973298147320747, train_acc= 99.29%
INFO - 09/13/26 22:40:51 - 0:08:56 - Epoch 307: train_loss=0.02520925924181938, train_acc= 99.56%
INFO - 09/13/26 22:40:51 - 0:08:56 - Epoch 308: train_loss=0.030468426644802094, train_acc= 99.26%
INFO - 09/13/26 22:40:51 - 0:08:56 - Epoch 309: train_loss=0.02967909164726734, train_acc= 99.34%
INFO - 09/13/26 22:40:51 - 0:08:57 - Epoch 310: train_loss=0.028141366317868233, train_acc= 99.42%
INFO - 09/13/26 22:40:51 - 0:08:57 - Epoch 310: val_loss=0.6831541061401367, val_acc= 87.10%,val_weighted_f1= 86.89,val_macro_f1= 84.13%
EarlyStopping counter: 1 out of 15
INFO - 09/13/26 22:40:52 - 0:08:57 - Epoch 311: train_loss=0.028714215382933617, train_acc= 99.36%
INFO - 09/13/26 22:40:52 - 0:08:57 - Epoch 312: train_loss=0.02652054838836193, train_acc= 99.50%
INFO - 09/13/26 22:40:52 - 0:08:57 - Epoch 313: train_loss=0.027035115286707878, train_acc= 99.44%
INFO - 09/13/26 22:40:52 - 0:08:58 - Epoch 314: train_loss=0.026263626292347908, train_acc= 99.45%
INFO - 09/13/26 22:40:52 - 0:08:58 - Epoch 315: train_loss=0.027245953679084778, train_acc= 99.48%
INFO - 09/13/26 22:40:52 - 0:08:58 - Epoch 315: val_loss=0.6843765377998352, val_acc= 87.29%,val_weighted_f1= 87.10,val_macro_f1= 84.40%
INFO - 09/13/26 22:40:53 - 0:08:58 - Epoch 316: train_loss=0.025258252397179604, train_acc= 99.51%
INFO - 09/13/26 22:40:53 - 0:08:58 - Epoch 317: train_loss=0.02744775451719761, train_acc= 99.36%
INFO - 09/13/26 22:40:53 - 0:08:59 - Epoch 318: train_loss=0.022994503378868103, train_acc= 99.62%
INFO - 09/13/26 22:40:53 - 0:08:59 - Epoch 319: train_loss=0.025452319532632828, train_acc= 99.42%
INFO - 09/13/26 22:40:54 - 0:08:59 - Epoch 320: train_loss=0.024321958422660828, train_acc= 99.50%
INFO - 09/13/26 22:40:54 - 0:08:59 - Epoch 320: val_loss=0.6833912134170532, val_acc= 87.26%,val_weighted_f1= 87.11,val_macro_f1= 84.54%
EarlyStopping counter: 1 out of 15
INFO - 09/13/26 22:40:54 - 0:08:59 - Epoch 321: train_loss=0.024216992780566216, train_acc= 99.51%
INFO - 09/13/26 22:40:54 - 0:09:00 - Epoch 322: train_loss=0.023809492588043213, train_acc= 99.52%
INFO - 09/13/26 22:40:54 - 0:09:00 - Epoch 323: train_loss=0.022785982117056847, train_acc= 99.57%
INFO - 09/13/26 22:40:55 - 0:09:00 - Epoch 324: train_loss=0.021628808230161667, train_acc= 99.65%
INFO - 09/13/26 22:40:55 - 0:09:00 - Epoch 325: train_loss=0.023979317396879196, train_acc= 99.47%
INFO - 09/13/26 22:40:55 - 0:09:00 - Epoch 325: val_loss=0.6903512477874756, val_acc= 87.27%,val_weighted_f1= 87.11,val_macro_f1= 84.26%
EarlyStopping counter: 2 out of 15
INFO - 09/13/26 22:40:55 - 0:09:01 - Epoch 326: train_loss=0.022497735917568207, train_acc= 99.59%
INFO - 09/13/26 22:40:55 - 0:09:01 - Epoch 327: train_loss=0.022907061502337456, train_acc= 99.58%
INFO - 09/13/26 22:40:56 - 0:09:01 - Epoch 328: train_loss=0.02286633290350437, train_acc= 99.56%
INFO - 09/13/26 22:40:56 - 0:09:01 - Epoch 329: train_loss=0.02366887964308262, train_acc= 99.51%
INFO - 09/13/26 22:40:56 - 0:09:01 - Epoch 330: train_loss=0.021645093336701393, train_acc= 99.60%
INFO - 09/13/26 22:40:56 - 0:09:02 - Epoch 330: val_loss=0.7047836184501648, val_acc= 87.13%,val_weighted_f1= 86.91,val_macro_f1= 84.13%
EarlyStopping counter: 3 out of 15
INFO - 09/13/26 22:40:56 - 0:09:02 - Epoch 331: train_loss=0.022024860605597496, train_acc= 99.53%
INFO - 09/13/26 22:40:57 - 0:09:02 - Epoch 332: train_loss=0.02312418445944786, train_acc= 99.38%
INFO - 09/13/26 22:40:57 - 0:09:02 - Epoch 333: train_loss=0.02366454154253006, train_acc= 99.44%
INFO - 09/13/26 22:40:57 - 0:09:02 - Epoch 334: train_loss=0.021988339722156525, train_acc= 99.54%
INFO - 09/13/26 22:40:57 - 0:09:03 - Epoch 335: train_loss=0.019432811066508293, train_acc= 99.66%
INFO - 09/13/26 22:40:57 - 0:09:03 - Epoch 335: val_loss=0.7075862288475037, val_acc= 87.24%,val_weighted_f1= 87.06,val_macro_f1= 84.42%
EarlyStopping counter: 4 out of 15
INFO - 09/13/26 22:40:58 - 0:09:03 - Epoch 336: train_loss=0.021881641820073128, train_acc= 99.55%
INFO - 09/13/26 22:40:58 - 0:09:03 - Epoch 337: train_loss=0.018770799040794373, train_acc= 99.66%
INFO - 09/13/26 22:40:58 - 0:09:03 - Epoch 338: train_loss=0.023750074207782745, train_acc= 99.51%
INFO - 09/13/26 22:40:58 - 0:09:04 - Epoch 339: train_loss=0.021992292255163193, train_acc= 99.54%
INFO - 09/13/26 22:40:59 - 0:09:04 - Epoch 340: train_loss=0.02081603743135929, train_acc= 99.59%
INFO - 09/13/26 22:40:59 - 0:09:04 - Epoch 340: val_loss=0.7118926048278809, val_acc= 87.38%,val_weighted_f1= 87.17,val_macro_f1= 84.28%
INFO - 09/13/26 22:40:59 - 0:09:04 - Epoch 341: train_loss=0.02079715207219124, train_acc= 99.58%
INFO - 09/13/26 22:40:59 - 0:09:04 - Epoch 342: train_loss=0.02213427424430847, train_acc= 99.47%
INFO - 09/13/26 22:40:59 - 0:09:05 - Epoch 343: train_loss=0.02163432352244854, train_acc= 99.51%
INFO - 09/13/26 22:40:59 - 0:09:05 - Epoch 344: train_loss=0.02009466104209423, train_acc= 99.53%
INFO - 09/13/26 22:41:00 - 0:09:05 - Epoch 345: train_loss=0.01968936249613762, train_acc= 99.64%
INFO - 09/13/26 22:41:00 - 0:09:05 - Epoch 345: val_loss=0.7123227715492249, val_acc= 87.31%,val_weighted_f1= 87.11,val_macro_f1= 84.33%
EarlyStopping counter: 1 out of 15
INFO - 09/13/26 22:41:00 - 0:09:05 - Epoch 346: train_loss=0.019921936094760895, train_acc= 99.66%
INFO - 09/13/26 22:41:00 - 0:09:06 - Epoch 347: train_loss=0.02085915021598339, train_acc= 99.52%
INFO - 09/13/26 22:41:01 - 0:09:06 - Epoch 348: train_loss=0.016849614679813385, train_acc= 99.76%
INFO - 09/13/26 22:41:01 - 0:09:06 - Epoch 349: train_loss=0.021042441949248314, train_acc= 99.57%
INFO - 09/13/26 22:41:01 - 0:09:06 - Epoch 350: train_loss=0.01819578930735588, train_acc= 99.70%
INFO - 09/13/26 22:41:01 - 0:09:06 - Epoch 350: val_loss=0.7062007188796997, val_acc= 87.06%,val_weighted_f1= 86.97,val_macro_f1= 84.29%
EarlyStopping counter: 2 out of 15
INFO - 09/13/26 22:41:01 - 0:09:07 - Epoch 351: train_loss=0.020498095080256462, train_acc= 99.62%
INFO - 09/13/26 22:41:02 - 0:09:07 - Epoch 352: train_loss=0.0183483324944973, train_acc= 99.72%
INFO - 09/13/26 22:41:02 - 0:09:07 - Epoch 353: train_loss=0.018765099346637726, train_acc= 99.66%
INFO - 09/13/26 22:41:02 - 0:09:07 - Epoch 354: train_loss=0.018967006355524063, train_acc= 99.68%
INFO - 09/13/26 22:41:02 - 0:09:08 - Epoch 355: train_loss=0.02015610970556736, train_acc= 99.52%
INFO - 09/13/26 22:41:02 - 0:09:08 - Epoch 355: val_loss=0.7089076042175293, val_acc= 87.27%,val_weighted_f1= 87.07,val_macro_f1= 84.29%
EarlyStopping counter: 3 out of 15
INFO - 09/13/26 22:41:03 - 0:09:08 - Epoch 356: train_loss=0.016015134751796722, train_acc= 99.74%
INFO - 09/13/26 22:41:03 - 0:09:08 - Epoch 357: train_loss=0.017569737508893013, train_acc= 99.66%
INFO - 09/13/26 22:41:03 - 0:09:08 - Epoch 358: train_loss=0.018470697104930878, train_acc= 99.63%
INFO - 09/13/26 22:41:03 - 0:09:09 - Epoch 359: train_loss=0.017259947955608368, train_acc= 99.71%
INFO - 09/13/26 22:41:03 - 0:09:09 - Epoch 360: train_loss=0.01838664524257183, train_acc= 99.61%
INFO - 09/13/26 22:41:03 - 0:09:09 - Epoch 360: val_loss=0.7265357971191406, val_acc= 87.10%,val_weighted_f1= 86.89,val_macro_f1= 84.00%
EarlyStopping counter: 4 out of 15
INFO - 09/13/26 22:41:04 - 0:09:09 - Epoch 361: train_loss=0.017578590661287308, train_acc= 99.64%
INFO - 09/13/26 22:41:04 - 0:09:09 - Epoch 362: train_loss=0.018685732036828995, train_acc= 99.59%
INFO - 09/13/26 22:41:04 - 0:09:10 - Epoch 363: train_loss=0.01598224975168705, train_acc= 99.75%
INFO - 09/13/26 22:41:04 - 0:09:10 - Epoch 364: train_loss=0.016958866268396378, train_acc= 99.68%
INFO - 09/13/26 22:41:05 - 0:09:10 - Epoch 365: train_loss=0.01694462262094021, train_acc= 99.71%
INFO - 09/13/26 22:41:05 - 0:09:10 - Epoch 365: val_loss=0.7277244925498962, val_acc= 87.20%,val_weighted_f1= 87.04,val_macro_f1= 84.30%
EarlyStopping counter: 5 out of 15
INFO - 09/13/26 22:41:05 - 0:09:10 - Epoch 366: train_loss=0.015339930541813374, train_acc= 99.75%
INFO - 09/13/26 22:41:05 - 0:09:11 - Epoch 367: train_loss=0.01560838334262371, train_acc= 99.73%
INFO - 09/13/26 22:41:05 - 0:09:11 - Epoch 368: train_loss=0.01616341806948185, train_acc= 99.68%
INFO - 09/13/26 22:41:06 - 0:09:11 - Epoch 369: train_loss=0.014269392937421799, train_acc= 99.76%
INFO - 09/13/26 22:41:06 - 0:09:11 - Epoch 370: train_loss=0.015099473297595978, train_acc= 99.76%
INFO - 09/13/26 22:41:06 - 0:09:11 - Epoch 370: val_loss=0.7364515662193298, val_acc= 87.24%,val_weighted_f1= 87.02,val_macro_f1= 84.20%
EarlyStopping counter: 6 out of 15
INFO - 09/13/26 22:41:06 - 0:09:12 - Epoch 371: train_loss=0.016021328046917915, train_acc= 99.70%
INFO - 09/13/26 22:41:06 - 0:09:12 - Epoch 372: train_loss=0.01622013933956623, train_acc= 99.68%
INFO - 09/13/26 22:41:07 - 0:09:12 - Epoch 373: train_loss=0.014542893506586552, train_acc= 99.79%
INFO - 09/13/26 22:41:07 - 0:09:12 - Epoch 374: train_loss=0.016789836809039116, train_acc= 99.68%
INFO - 09/13/26 22:41:07 - 0:09:12 - Epoch 375: train_loss=0.015369347296655178, train_acc= 99.74%
INFO - 09/13/26 22:41:07 - 0:09:13 - Epoch 375: val_loss=0.7337936162948608, val_acc= 87.31%,val_weighted_f1= 87.14,val_macro_f1= 84.48%
EarlyStopping counter: 7 out of 15
INFO - 09/13/26 22:41:07 - 0:09:13 - Epoch 376: train_loss=0.016302675008773804, train_acc= 99.71%
INFO - 09/13/26 22:41:08 - 0:09:13 - Epoch 377: train_loss=0.014695941470563412, train_acc= 99.70%
INFO - 09/13/26 22:41:08 - 0:09:13 - Epoch 378: train_loss=0.013954106718301773, train_acc= 99.78%
INFO - 09/13/26 22:41:08 - 0:09:13 - Epoch 379: train_loss=0.015462905168533325, train_acc= 99.67%
INFO - 09/13/26 22:41:08 - 0:09:14 - Epoch 380: train_loss=0.015460898168385029, train_acc= 99.74%
INFO - 09/13/26 22:41:08 - 0:09:14 - Epoch 380: val_loss=0.7365183234214783, val_acc= 87.22%,val_weighted_f1= 87.02,val_macro_f1= 84.32%
EarlyStopping counter: 8 out of 15
INFO - 09/13/26 22:41:09 - 0:09:14 - Epoch 381: train_loss=0.015113165602087975, train_acc= 99.72%
INFO - 09/13/26 22:41:09 - 0:09:14 - Epoch 382: train_loss=0.016024434939026833, train_acc= 99.66%
INFO - 09/13/26 22:41:09 - 0:09:14 - Epoch 383: train_loss=0.014735158532857895, train_acc= 99.76%
INFO - 09/13/26 22:41:09 - 0:09:15 - Epoch 384: train_loss=0.01629653014242649, train_acc= 99.66%
INFO - 09/13/26 22:41:10 - 0:09:15 - Epoch 385: train_loss=0.015374896116554737, train_acc= 99.73%
INFO - 09/13/26 22:41:10 - 0:09:15 - Epoch 385: val_loss=0.7487703561782837, val_acc= 87.48%,val_weighted_f1= 87.25,val_macro_f1= 84.49%
INFO - 09/13/26 22:41:10 - 0:09:15 - Epoch 386: train_loss=0.014784510247409344, train_acc= 99.70%
INFO - 09/13/26 22:41:10 - 0:09:16 - Epoch 387: train_loss=0.013747596181929111, train_acc= 99.78%
INFO - 09/13/26 22:41:10 - 0:09:16 - Epoch 388: train_loss=0.013598920777440071, train_acc= 99.78%
INFO - 09/13/26 22:41:11 - 0:09:16 - Epoch 389: train_loss=0.014381305314600468, train_acc= 99.75%
INFO - 09/13/26 22:41:11 - 0:09:16 - Epoch 390: train_loss=0.014364871196448803, train_acc= 99.72%
INFO - 09/13/26 22:41:11 - 0:09:16 - Epoch 390: val_loss=0.7452512979507446, val_acc= 87.47%,val_weighted_f1= 87.27,val_macro_f1= 84.52%
EarlyStopping counter: 1 out of 15
INFO - 09/13/26 22:41:11 - 0:09:16 - Epoch 391: train_loss=0.01415709126740694, train_acc= 99.71%
INFO - 09/13/26 22:41:11 - 0:09:17 - Epoch 392: train_loss=0.015572342090308666, train_acc= 99.69%
INFO - 09/13/26 22:41:12 - 0:09:17 - Epoch 393: train_loss=0.014332680962979794, train_acc= 99.74%
INFO - 09/13/26 22:41:12 - 0:09:17 - Epoch 394: train_loss=0.01320033147931099, train_acc= 99.76%
INFO - 09/13/26 22:41:12 - 0:09:17 - Epoch 395: train_loss=0.013127671554684639, train_acc= 99.74%
INFO - 09/13/26 22:41:12 - 0:09:17 - Epoch 395: val_loss=0.7402075529098511, val_acc= 87.34%,val_weighted_f1= 87.20,val_macro_f1= 84.34%
EarlyStopping counter: 2 out of 15
INFO - 09/13/26 22:41:12 - 0:09:18 - Epoch 396: train_loss=0.012849933467805386, train_acc= 99.78%
INFO - 09/13/26 22:41:13 - 0:09:18 - Epoch 397: train_loss=0.012906616553664207, train_acc= 99.75%
INFO - 09/13/26 22:41:13 - 0:09:18 - Epoch 398: train_loss=0.0123795410618186, train_acc= 99.81%
INFO - 09/13/26 22:41:13 - 0:09:18 - Epoch 399: train_loss=0.010900787077844143, train_acc= 99.82%
INFO - 09/13/26 22:41:13 - 0:09:19 - Epoch 400: train_loss=0.012937149964272976, train_acc= 99.82%
INFO - 09/13/26 22:41:13 - 0:09:19 - Epoch 400: val_loss=0.7430763244628906, val_acc= 87.22%,val_weighted_f1= 87.05,val_macro_f1= 84.37%
EarlyStopping counter: 3 out of 15
INFO - 09/13/26 22:41:14 - 0:09:19 - Epoch 401: train_loss=0.012310191057622433, train_acc= 99.83%
INFO - 09/13/26 22:41:14 - 0:09:19 - Epoch 402: train_loss=0.011759250424802303, train_acc= 99.82%
INFO - 09/13/26 22:41:14 - 0:09:19 - Epoch 403: train_loss=0.011849258095026016, train_acc= 99.79%
INFO - 09/13/26 22:41:14 - 0:09:20 - Epoch 404: train_loss=0.012345348484814167, train_acc= 99.76%
INFO - 09/13/26 22:41:15 - 0:09:20 - Epoch 405: train_loss=0.012005669064819813, train_acc= 99.81%
INFO - 09/13/26 22:41:15 - 0:09:20 - Epoch 405: val_loss=0.7547616362571716, val_acc= 87.24%,val_weighted_f1= 86.99,val_macro_f1= 84.16%
EarlyStopping counter: 4 out of 15
INFO - 09/13/26 22:41:15 - 0:09:20 - Epoch 406: train_loss=0.011374082416296005, train_acc= 99.84%
INFO - 09/13/26 22:41:15 - 0:09:20 - Epoch 407: train_loss=0.01218673586845398, train_acc= 99.74%
INFO - 09/13/26 22:41:15 - 0:09:21 - Epoch 408: train_loss=0.011830857954919338, train_acc= 99.78%
INFO - 09/13/26 22:41:16 - 0:09:21 - Epoch 409: train_loss=0.011796909384429455, train_acc= 99.82%
INFO - 09/13/26 22:41:16 - 0:09:21 - Epoch 410: train_loss=0.012939142994582653, train_acc= 99.81%
INFO - 09/13/26 22:41:16 - 0:09:21 - Epoch 410: val_loss=0.7453466057777405, val_acc= 87.52%,val_weighted_f1= 87.37,val_macro_f1= 84.71%
INFO - 09/13/26 22:41:16 - 0:09:21 - Epoch 411: train_loss=0.010677368380129337, train_acc= 99.84%
INFO - 09/13/26 22:41:16 - 0:09:22 - Epoch 412: train_loss=0.011825812049210072, train_acc= 99.76%
INFO - 09/13/26 22:41:16 - 0:09:22 - Epoch 413: train_loss=0.012094845063984394, train_acc= 99.72%
INFO - 09/13/26 22:41:17 - 0:09:22 - Epoch 414: train_loss=0.010941465385258198, train_acc= 99.82%
INFO - 09/13/26 22:41:17 - 0:09:22 - Epoch 415: train_loss=0.010559345595538616, train_acc= 99.86%
INFO - 09/13/26 22:41:17 - 0:09:22 - Epoch 415: val_loss=0.7553125619888306, val_acc= 87.45%,val_weighted_f1= 87.32,val_macro_f1= 84.63%
EarlyStopping counter: 1 out of 15
INFO - 09/13/26 22:41:17 - 0:09:23 - Epoch 416: train_loss=0.014382765628397465, train_acc= 99.66%
INFO - 09/13/26 22:41:17 - 0:09:23 - Epoch 417: train_loss=0.011720148846507072, train_acc= 99.80%
INFO - 09/13/26 22:41:18 - 0:09:23 - Epoch 418: train_loss=0.010062635876238346, train_acc= 99.82%
INFO - 09/13/26 22:41:18 - 0:09:23 - Epoch 419: train_loss=0.011458666063845158, train_acc= 99.81%
INFO - 09/13/26 22:41:18 - 0:09:23 - Epoch 420: train_loss=0.010240272618830204, train_acc= 99.81%
INFO - 09/13/26 22:41:18 - 0:09:24 - Epoch 420: val_loss=0.7523043751716614, val_acc= 87.40%,val_weighted_f1= 87.27,val_macro_f1= 84.41%
EarlyStopping counter: 2 out of 15
INFO - 09/13/26 22:41:18 - 0:09:24 - Epoch 421: train_loss=0.011027961038053036, train_acc= 99.78%
INFO - 09/13/26 22:41:19 - 0:09:24 - Epoch 422: train_loss=0.011316165328025818, train_acc= 99.81%
INFO - 09/13/26 22:41:19 - 0:09:24 - Epoch 423: train_loss=0.010647863149642944, train_acc= 99.84%
INFO - 09/13/26 22:41:19 - 0:09:24 - Epoch 424: train_loss=0.010852325707674026, train_acc= 99.81%
INFO - 09/13/26 22:41:19 - 0:09:25 - Epoch 425: train_loss=0.011368434876203537, train_acc= 99.76%
INFO - 09/13/26 22:41:20 - 0:09:25 - Epoch 425: val_loss=0.7560548782348633, val_acc= 87.50%,val_weighted_f1= 87.34,val_macro_f1= 84.62%
EarlyStopping counter: 3 out of 15
INFO - 09/13/26 22:41:20 - 0:09:25 - Epoch 426: train_loss=0.011793861165642738, train_acc= 99.78%
INFO - 09/13/26 22:41:20 - 0:09:25 - Epoch 427: train_loss=0.010923032648861408, train_acc= 99.80%
INFO - 09/13/26 22:41:20 - 0:09:26 - Epoch 428: train_loss=0.00994325615465641, train_acc= 99.84%
INFO - 09/13/26 22:41:20 - 0:09:26 - Epoch 429: train_loss=0.010635603219270706, train_acc= 99.79%
INFO - 09/13/26 22:41:21 - 0:09:26 - Epoch 430: train_loss=0.011347346007823944, train_acc= 99.78%
INFO - 09/13/26 22:41:21 - 0:09:26 - Epoch 430: val_loss=0.7478840351104736, val_acc= 87.59%,val_weighted_f1= 87.43,val_macro_f1= 84.71%
INFO - 09/13/26 22:41:21 - 0:09:26 - Epoch 431: train_loss=0.011306517757475376, train_acc= 99.77%
INFO - 09/13/26 22:41:21 - 0:09:27 - Epoch 432: train_loss=0.010512793436646461, train_acc= 99.83%
INFO - 09/13/26 22:41:21 - 0:09:27 - Epoch 433: train_loss=0.010677979327738285, train_acc= 99.81%
INFO - 09/13/26 22:41:22 - 0:09:27 - Epoch 434: train_loss=0.00937031488865614, train_acc= 99.88%
INFO - 09/13/26 22:41:22 - 0:09:27 - Epoch 435: train_loss=0.01061391830444336, train_acc= 99.80%
INFO - 09/13/26 22:41:22 - 0:09:27 - Epoch 435: val_loss=0.7635021805763245, val_acc= 87.57%,val_weighted_f1= 87.38,val_macro_f1= 84.79%
EarlyStopping counter: 1 out of 15
INFO - 09/13/26 22:41:22 - 0:09:27 - Epoch 436: train_loss=0.010934100486338139, train_acc= 99.80%
INFO - 09/13/26 22:41:22 - 0:09:28 - Epoch 437: train_loss=0.008524596691131592, train_acc= 99.89%
INFO - 09/13/26 22:41:23 - 0:09:28 - Epoch 438: train_loss=0.00955447368323803, train_acc= 99.88%
INFO - 09/13/26 22:41:23 - 0:09:28 - Epoch 439: train_loss=0.009398125112056732, train_acc= 99.87%
INFO - 09/13/26 22:41:23 - 0:09:28 - Epoch 440: train_loss=0.00946879480034113, train_acc= 99.83%
INFO - 09/13/26 22:41:23 - 0:09:28 - Epoch 440: val_loss=0.7624185681343079, val_acc= 87.45%,val_weighted_f1= 87.27,val_macro_f1= 84.57%
EarlyStopping counter: 2 out of 15
INFO - 09/13/26 22:41:23 - 0:09:29 - Epoch 441: train_loss=0.011486778035759926, train_acc= 99.79%
INFO - 09/13/26 22:41:24 - 0:09:29 - Epoch 442: train_loss=0.008976948447525501, train_acc= 99.89%
INFO - 09/13/26 22:41:24 - 0:09:29 - Epoch 443: train_loss=0.00886574573814869, train_acc= 99.91%
INFO - 09/13/26 22:41:24 - 0:09:29 - Epoch 444: train_loss=0.009729409590363503, train_acc= 99.84%
INFO - 09/13/26 22:41:24 - 0:09:30 - Epoch 445: train_loss=0.009414111264050007, train_acc= 99.81%
INFO - 09/13/26 22:41:24 - 0:09:30 - Epoch 445: val_loss=0.760064959526062, val_acc= 87.38%,val_weighted_f1= 87.25,val_macro_f1= 84.61%
EarlyStopping counter: 3 out of 15
INFO - 09/13/26 22:41:25 - 0:09:30 - Epoch 446: train_loss=0.010243775323033333, train_acc= 99.82%
INFO - 09/13/26 22:41:25 - 0:09:30 - Epoch 447: train_loss=0.00902324728667736, train_acc= 99.87%
INFO - 09/13/26 22:41:25 - 0:09:30 - Epoch 448: train_loss=0.009840136393904686, train_acc= 99.86%
INFO - 09/13/26 22:41:25 - 0:09:31 - Epoch 449: train_loss=0.009494119323790073, train_acc= 99.89%
INFO - 09/13/26 22:41:26 - 0:09:31 - Epoch 450: train_loss=0.009433736093342304, train_acc= 99.81%
INFO - 09/13/26 22:41:26 - 0:09:31 - Epoch 450: val_loss=0.7727862000465393, val_acc= 87.66%,val_weighted_f1= 87.47,val_macro_f1= 84.85%
INFO - 09/13/26 22:41:26 - 0:09:31 - Epoch 451: train_loss=0.009682725183665752, train_acc= 99.84%
INFO - 09/13/26 22:41:26 - 0:09:31 - Epoch 452: train_loss=0.008958601392805576, train_acc= 99.87%
INFO - 09/13/26 22:41:26 - 0:09:32 - Epoch 453: train_loss=0.010189241729676723, train_acc= 99.80%
INFO - 09/13/26 22:41:27 - 0:09:32 - Epoch 454: train_loss=0.00837427843362093, train_acc= 99.89%
INFO - 09/13/26 22:41:27 - 0:09:32 - Epoch 455: train_loss=0.00878753513097763, train_acc= 99.87%
INFO - 09/13/26 22:41:27 - 0:09:32 - Epoch 455: val_loss=0.7816160321235657, val_acc= 87.24%,val_weighted_f1= 87.06,val_macro_f1= 84.22%
EarlyStopping counter: 1 out of 15
INFO - 09/13/26 22:41:27 - 0:09:32 - Epoch 456: train_loss=0.00922248512506485, train_acc= 99.88%
INFO - 09/13/26 22:41:27 - 0:09:33 - Epoch 457: train_loss=0.007578496355563402, train_acc= 99.90%
INFO - 09/13/26 22:41:27 - 0:09:33 - Epoch 458: train_loss=0.008575809188187122, train_acc= 99.84%
INFO - 09/13/26 22:41:28 - 0:09:33 - Epoch 459: train_loss=0.009559000842273235, train_acc= 99.84%
INFO - 09/13/26 22:41:28 - 0:09:33 - Epoch 460: train_loss=0.008250942453742027, train_acc= 99.88%
INFO - 09/13/26 22:41:28 - 0:09:33 - Epoch 460: val_loss=0.7769243121147156, val_acc= 87.48%,val_weighted_f1= 87.31,val_macro_f1= 84.83%
EarlyStopping counter: 2 out of 15
INFO - 09/13/26 22:41:28 - 0:09:34 - Epoch 461: train_loss=0.009023736231029034, train_acc= 99.80%
INFO - 09/13/26 22:41:28 - 0:09:34 - Epoch 462: train_loss=0.00792432390153408, train_acc= 99.87%
INFO - 09/13/26 22:41:29 - 0:09:34 - Epoch 463: train_loss=0.008247495628893375, train_acc= 99.85%
INFO - 09/13/26 22:41:29 - 0:09:34 - Epoch 464: train_loss=0.009720878675580025, train_acc= 99.79%
INFO - 09/13/26 22:41:29 - 0:09:35 - Epoch 465: train_loss=0.008605985902249813, train_acc= 99.87%
INFO - 09/13/26 22:41:29 - 0:09:35 - Epoch 465: val_loss=0.7835014462471008, val_acc= 87.36%,val_weighted_f1= 87.17,val_macro_f1= 84.58%
EarlyStopping counter: 3 out of 15
INFO - 09/13/26 22:41:30 - 0:09:35 - Epoch 466: train_loss=0.007797146216034889, train_acc= 99.83%
INFO - 09/13/26 22:41:30 - 0:09:35 - Epoch 467: train_loss=0.007799101062119007, train_acc= 99.88%
INFO - 09/13/26 22:41:30 - 0:09:35 - Epoch 468: train_loss=0.00910294707864523, train_acc= 99.82%
INFO - 09/13/26 22:41:30 - 0:09:36 - Epoch 469: train_loss=0.00814662966877222, train_acc= 99.86%
INFO - 09/13/26 22:41:30 - 0:09:36 - Epoch 470: train_loss=0.00822519976645708, train_acc= 99.87%
INFO - 09/13/26 22:41:31 - 0:09:36 - Epoch 470: val_loss=0.7892816662788391, val_acc= 87.34%,val_weighted_f1= 87.13,val_macro_f1= 84.48%
EarlyStopping counter: 4 out of 15
INFO - 09/13/26 22:41:31 - 0:09:36 - Epoch 471: train_loss=0.007955345325171947, train_acc= 99.83%
INFO - 09/13/26 22:41:31 - 0:09:36 - Epoch 472: train_loss=0.008162272162735462, train_acc= 99.85%
INFO - 09/13/26 22:41:31 - 0:09:37 - Epoch 473: train_loss=0.007190696429461241, train_acc= 99.90%
INFO - 09/13/26 22:41:31 - 0:09:37 - Epoch 474: train_loss=0.00839334074407816, train_acc= 99.81%
INFO - 09/13/26 22:41:32 - 0:09:37 - Epoch 475: train_loss=0.007978473789989948, train_acc= 99.85%
INFO - 09/13/26 22:41:32 - 0:09:37 - Epoch 475: val_loss=0.7895140051841736, val_acc= 87.36%,val_weighted_f1= 87.15,val_macro_f1= 84.37%
EarlyStopping counter: 5 out of 15
INFO - 09/13/26 22:41:32 - 0:09:37 - Epoch 476: train_loss=0.008493269793689251, train_acc= 99.84%
INFO - 09/13/26 22:41:32 - 0:09:38 - Epoch 477: train_loss=0.007653412409126759, train_acc= 99.83%
INFO - 09/13/26 22:41:32 - 0:09:38 - Epoch 478: train_loss=0.007512222044169903, train_acc= 99.89%
INFO - 09/13/26 22:41:33 - 0:09:38 - Epoch 479: train_loss=0.007452709134668112, train_acc= 99.89%
INFO - 09/13/26 22:41:33 - 0:09:38 - Epoch 480: train_loss=0.007366904057562351, train_acc= 99.89%
INFO - 09/13/26 22:41:33 - 0:09:38 - Epoch 480: val_loss=0.7916192412376404, val_acc= 87.45%,val_weighted_f1= 87.27,val_macro_f1= 84.68%
EarlyStopping counter: 6 out of 15
INFO - 09/13/26 22:41:33 - 0:09:39 - Epoch 481: train_loss=0.008829223923385143, train_acc= 99.84%
INFO - 09/13/26 22:41:33 - 0:09:39 - Epoch 482: train_loss=0.008290985599160194, train_acc= 99.88%
INFO - 09/13/26 22:41:34 - 0:09:39 - Epoch 483: train_loss=0.00699989777058363, train_acc= 99.90%
INFO - 09/13/26 22:41:34 - 0:09:39 - Epoch 484: train_loss=0.007094372063875198, train_acc= 99.89%
INFO - 09/13/26 22:41:34 - 0:09:39 - Epoch 485: train_loss=0.00777351064607501, train_acc= 99.85%
INFO - 09/13/26 22:41:34 - 0:09:40 - Epoch 485: val_loss=0.7889858484268188, val_acc= 87.26%,val_weighted_f1= 87.10,val_macro_f1= 84.42%
EarlyStopping counter: 7 out of 15
INFO - 09/13/26 22:41:34 - 0:09:40 - Epoch 486: train_loss=0.00624473299831152, train_acc= 99.94%
INFO - 09/13/26 22:41:35 - 0:09:40 - Epoch 487: train_loss=0.007627571001648903, train_acc= 99.91%
INFO - 09/13/26 22:41:35 - 0:09:40 - Epoch 488: train_loss=0.008065549656748772, train_acc= 99.88%
INFO - 09/13/26 22:41:35 - 0:09:40 - Epoch 489: train_loss=0.008301835507154465, train_acc= 99.87%
INFO - 09/13/26 22:41:35 - 0:09:41 - Epoch 490: train_loss=0.00722637539729476, train_acc= 99.92%
INFO - 09/13/26 22:41:35 - 0:09:41 - Epoch 490: val_loss=0.7849695682525635, val_acc= 87.33%,val_weighted_f1= 87.17,val_macro_f1= 84.44%
EarlyStopping counter: 8 out of 15
INFO - 09/13/26 22:41:36 - 0:09:41 - Epoch 491: train_loss=0.007742366753518581, train_acc= 99.88%
INFO - 09/13/26 22:41:36 - 0:09:41 - Epoch 492: train_loss=0.0070494674146175385, train_acc= 99.92%
INFO - 09/13/26 22:41:36 - 0:09:41 - Epoch 493: train_loss=0.007197374012321234, train_acc= 99.89%
INFO - 09/13/26 22:41:36 - 0:09:42 - Epoch 494: train_loss=0.007513860240578651, train_acc= 99.84%
INFO - 09/13/26 22:41:37 - 0:09:42 - Epoch 495: train_loss=0.007946678437292576, train_acc= 99.85%
INFO - 09/13/26 22:41:37 - 0:09:42 - Epoch 495: val_loss=0.7910536527633667, val_acc= 87.43%,val_weighted_f1= 87.28,val_macro_f1= 84.78%
EarlyStopping counter: 9 out of 15
INFO - 09/13/26 22:41:37 - 0:09:42 - Epoch 496: train_loss=0.0070212967693805695, train_acc= 99.86%
INFO - 09/13/26 22:41:37 - 0:09:42 - Epoch 497: train_loss=0.0063956123776733875, train_acc= 99.90%
INFO - 09/13/26 22:41:37 - 0:09:43 - Epoch 498: train_loss=0.007201777305454016, train_acc= 99.89%
INFO - 09/13/26 22:41:37 - 0:09:43 - Epoch 499: train_loss=0.006352629978209734, train_acc= 99.93%
INFO - 09/13/26 22:41:38 - 0:09:43 - Epoch 500: train_loss=0.006283089984208345, train_acc= 99.91%
INFO - 09/13/26 22:41:38 - 0:09:43 - Epoch 500: val_loss=0.7973675727844238, val_acc= 87.80%,val_weighted_f1= 87.60,val_macro_f1= 84.98%
INFO - 09/13/26 22:41:38 - 0:09:43 - Epoch 501: train_loss=0.0074652922339737415, train_acc= 99.87%
INFO - 09/13/26 22:41:38 - 0:09:44 - Epoch 502: train_loss=0.007703241426497698, train_acc= 99.85%
INFO - 09/13/26 22:41:38 - 0:09:44 - Epoch 503: train_loss=0.006063365377485752, train_acc= 99.94%
INFO - 09/13/26 22:41:39 - 0:09:44 - Epoch 504: train_loss=0.005993256811052561, train_acc= 99.91%
INFO - 09/13/26 22:41:39 - 0:09:44 - Epoch 505: train_loss=0.006531583145260811, train_acc= 99.93%
INFO - 09/13/26 22:41:39 - 0:09:44 - Epoch 505: val_loss=0.7911576628684998, val_acc= 87.63%,val_weighted_f1= 87.47,val_macro_f1= 85.00%
EarlyStopping counter: 1 out of 15
INFO - 09/13/26 22:41:39 - 0:09:45 - Epoch 506: train_loss=0.007902659475803375, train_acc= 99.84%
INFO - 09/13/26 22:41:40 - 0:09:45 - Epoch 507: train_loss=0.005783121567219496, train_acc= 99.90%
INFO - 09/13/26 22:41:40 - 0:09:45 - Epoch 508: train_loss=0.007580504287034273, train_acc= 99.87%
INFO - 09/13/26 22:41:40 - 0:09:45 - Epoch 509: train_loss=0.006642110645771027, train_acc= 99.89%
INFO - 09/13/26 22:41:40 - 0:09:46 - Epoch 510: train_loss=0.0064213890582323074, train_acc= 99.87%
INFO - 09/13/26 22:41:40 - 0:09:46 - Epoch 510: val_loss=0.8037999868392944, val_acc= 87.64%,val_weighted_f1= 87.46,val_macro_f1= 84.85%
EarlyStopping counter: 2 out of 15
INFO - 09/13/26 22:41:41 - 0:09:46 - Epoch 511: train_loss=0.005479805637151003, train_acc= 99.94%
INFO - 09/13/26 22:41:41 - 0:09:46 - Epoch 512: train_loss=0.006908233743160963, train_acc= 99.87%
INFO - 09/13/26 22:41:41 - 0:09:46 - Epoch 513: train_loss=0.006260334514081478, train_acc= 99.89%
INFO - 09/13/26 22:41:41 - 0:09:47 - Epoch 514: train_loss=0.0058301035314798355, train_acc= 99.92%
INFO - 09/13/26 22:41:41 - 0:09:47 - Epoch 515: train_loss=0.0050514135509729385, train_acc= 99.96%
INFO - 09/13/26 22:41:41 - 0:09:47 - Epoch 515: val_loss=0.7984320521354675, val_acc= 87.61%,val_weighted_f1= 87.44,val_macro_f1= 84.80%
EarlyStopping counter: 3 out of 15
INFO - 09/13/26 22:41:42 - 0:09:47 - Epoch 516: train_loss=0.005717581138014793, train_acc= 99.94%
INFO - 09/13/26 22:41:42 - 0:09:47 - Epoch 517: train_loss=0.0061876787804067135, train_acc= 99.89%
INFO - 09/13/26 22:41:42 - 0:09:48 - Epoch 518: train_loss=0.005240751430392265, train_acc= 99.94%
INFO - 09/13/26 22:41:42 - 0:09:48 - Epoch 519: train_loss=0.006198983173817396, train_acc= 99.90%
INFO - 09/13/26 22:41:43 - 0:09:48 - Epoch 520: train_loss=0.005834246054291725, train_acc= 99.92%
INFO - 09/13/26 22:41:43 - 0:09:48 - Epoch 520: val_loss=0.7999846339225769, val_acc= 87.70%,val_weighted_f1= 87.50,val_macro_f1= 84.98%
EarlyStopping counter: 4 out of 15
INFO - 09/13/26 22:41:43 - 0:09:48 - Epoch 521: train_loss=0.005028638988733292, train_acc= 99.94%
INFO - 09/13/26 22:41:43 - 0:09:49 - Epoch 522: train_loss=0.004859981592744589, train_acc= 99.96%
INFO - 09/13/26 22:41:43 - 0:09:49 - Epoch 523: train_loss=0.006154786329716444, train_acc= 99.91%
INFO - 09/13/26 22:41:44 - 0:09:49 - Epoch 524: train_loss=0.006341234315186739, train_acc= 99.91%
INFO - 09/13/26 22:41:44 - 0:09:49 - Epoch 525: train_loss=0.005221070721745491, train_acc= 99.94%
INFO - 09/13/26 22:41:44 - 0:09:49 - Epoch 525: val_loss=0.7963986396789551, val_acc= 87.68%,val_weighted_f1= 87.51,val_macro_f1= 84.92%
EarlyStopping counter: 5 out of 15
INFO - 09/13/26 22:41:44 - 0:09:50 - Epoch 526: train_loss=0.005428345873951912, train_acc= 99.95%
INFO - 09/13/26 22:41:44 - 0:09:50 - Epoch 527: train_loss=0.0057744416408240795, train_acc= 99.91%
INFO - 09/13/26 22:41:45 - 0:09:50 - Epoch 528: train_loss=0.006240047048777342, train_acc= 99.89%
INFO - 09/13/26 22:41:45 - 0:09:50 - Epoch 529: train_loss=0.005167526658624411, train_acc= 99.96%
INFO - 09/13/26 22:41:45 - 0:09:50 - Epoch 530: train_loss=0.005597443785518408, train_acc= 99.92%
INFO - 09/13/26 22:41:45 - 0:09:51 - Epoch 530: val_loss=0.8060595989227295, val_acc= 87.50%,val_weighted_f1= 87.34,val_macro_f1= 84.55%
EarlyStopping counter: 6 out of 15
INFO - 09/13/26 22:41:45 - 0:09:51 - Epoch 531: train_loss=0.00664930697530508, train_acc= 99.90%
INFO - 09/13/26 22:41:46 - 0:09:51 - Epoch 532: train_loss=0.005417874548584223, train_acc= 99.91%
INFO - 09/13/26 22:41:46 - 0:09:51 - Epoch 533: train_loss=0.006293715909123421, train_acc= 99.89%
INFO - 09/13/26 22:41:46 - 0:09:51 - Epoch 534: train_loss=0.005027568433433771, train_acc= 99.94%
INFO - 09/13/26 22:41:46 - 0:09:52 - Epoch 535: train_loss=0.005898655392229557, train_acc= 99.90%
INFO - 09/13/26 22:41:46 - 0:09:52 - Epoch 535: val_loss=0.8055964112281799, val_acc= 87.64%,val_weighted_f1= 87.48,val_macro_f1= 84.84%
EarlyStopping counter: 7 out of 15
INFO - 09/13/26 22:41:47 - 0:09:52 - Epoch 536: train_loss=0.004836538806557655, train_acc= 99.96%
INFO - 09/13/26 22:41:47 - 0:09:52 - Epoch 537: train_loss=0.005734184291213751, train_acc= 99.85%
INFO - 09/13/26 22:41:47 - 0:09:52 - Epoch 538: train_loss=0.0051454901695251465, train_acc= 99.94%
INFO - 09/13/26 22:41:47 - 0:09:53 - Epoch 539: train_loss=0.006285353098064661, train_acc= 99.87%
INFO - 09/13/26 22:41:48 - 0:09:53 - Epoch 540: train_loss=0.005493840668350458, train_acc= 99.93%
INFO - 09/13/26 22:41:48 - 0:09:53 - Epoch 540: val_loss=0.8106591105461121, val_acc= 87.50%,val_weighted_f1= 87.30,val_macro_f1= 84.50%
EarlyStopping counter: 8 out of 15
INFO - 09/13/26 22:41:48 - 0:09:53 - Epoch 541: train_loss=0.00625527324154973, train_acc= 99.86%
INFO - 09/13/26 22:41:48 - 0:09:53 - Epoch 542: train_loss=0.005636869464069605, train_acc= 99.95%
INFO - 09/13/26 22:41:48 - 0:09:54 - Epoch 543: train_loss=0.005393630359321833, train_acc= 99.89%
INFO - 09/13/26 22:41:48 - 0:09:54 - Epoch 544: train_loss=0.005356564186513424, train_acc= 99.95%
INFO - 09/13/26 22:41:49 - 0:09:54 - Epoch 545: train_loss=0.005274361465126276, train_acc= 99.95%
INFO - 09/13/26 22:41:49 - 0:09:54 - Epoch 545: val_loss=0.8051523566246033, val_acc= 87.63%,val_weighted_f1= 87.44,val_macro_f1= 84.93%
EarlyStopping counter: 9 out of 15
INFO - 09/13/26 22:41:49 - 0:09:54 - Epoch 546: train_loss=0.005107424687594175, train_acc= 99.92%
INFO - 09/13/26 22:41:49 - 0:09:55 - Epoch 547: train_loss=0.005941682495176792, train_acc= 99.92%
INFO - 09/13/26 22:41:50 - 0:09:55 - Epoch 548: train_loss=0.004998386837542057, train_acc= 99.93%
INFO - 09/13/26 22:41:50 - 0:09:55 - Epoch 549: train_loss=0.005527813918888569, train_acc= 99.90%
INFO - 09/13/26 22:41:50 - 0:09:55 - Epoch 550: train_loss=0.004483222961425781, train_acc= 99.97%
INFO - 09/13/26 22:41:50 - 0:09:55 - Epoch 550: val_loss=0.798656702041626, val_acc= 87.68%,val_weighted_f1= 87.53,val_macro_f1= 84.87%
EarlyStopping counter: 10 out of 15
INFO - 09/13/26 22:41:50 - 0:09:56 - Epoch 551: train_loss=0.004520860500633717, train_acc= 99.96%
INFO - 09/13/26 22:41:51 - 0:09:56 - Epoch 552: train_loss=0.0052534788846969604, train_acc= 99.93%
INFO - 09/13/26 22:41:51 - 0:09:56 - Epoch 553: train_loss=0.004834624007344246, train_acc= 99.96%
INFO - 09/13/26 22:41:51 - 0:09:56 - Epoch 554: train_loss=0.004654256626963615, train_acc= 99.91%
INFO - 09/13/26 22:41:51 - 0:09:57 - Epoch 555: train_loss=0.005069032311439514, train_acc= 99.92%
INFO - 09/13/26 22:41:51 - 0:09:57 - Epoch 555: val_loss=0.8066384792327881, val_acc= 87.63%,val_weighted_f1= 87.46,val_macro_f1= 84.82%
EarlyStopping counter: 11 out of 15
INFO - 09/13/26 22:41:52 - 0:09:57 - Epoch 556: train_loss=0.005465786904096603, train_acc= 99.92%
INFO - 09/13/26 22:41:52 - 0:09:57 - Epoch 557: train_loss=0.004572125617414713, train_acc= 99.93%
INFO - 09/13/26 22:41:52 - 0:09:57 - Epoch 558: train_loss=0.005596882198005915, train_acc= 99.91%
INFO - 09/13/26 22:41:52 - 0:09:58 - Epoch 559: train_loss=0.005100620910525322, train_acc= 99.93%
INFO - 09/13/26 22:41:52 - 0:09:58 - Epoch 560: train_loss=0.004820387344807386, train_acc= 99.94%
INFO - 09/13/26 22:41:52 - 0:09:58 - Epoch 560: val_loss=0.8123249411582947, val_acc= 87.57%,val_weighted_f1= 87.42,val_macro_f1= 84.87%
EarlyStopping counter: 12 out of 15
INFO - 09/13/26 22:41:53 - 0:09:58 - Epoch 561: train_loss=0.0041823373176157475, train_acc= 99.96%
INFO - 09/13/26 22:41:53 - 0:09:58 - Epoch 562: train_loss=0.005109553225338459, train_acc= 99.92%
INFO - 09/13/26 22:41:53 - 0:09:59 - Epoch 563: train_loss=0.00468237791210413, train_acc= 99.96%
INFO - 09/13/26 22:41:53 - 0:09:59 - Epoch 564: train_loss=0.004691523965448141, train_acc= 99.94%
INFO - 09/13/26 22:41:54 - 0:09:59 - Epoch 565: train_loss=0.004790965933352709, train_acc= 99.93%
INFO - 09/13/26 22:41:54 - 0:09:59 - Epoch 565: val_loss=0.8230515122413635, val_acc= 87.48%,val_weighted_f1= 87.31,val_macro_f1= 84.56%
EarlyStopping counter: 13 out of 15
INFO - 09/13/26 22:41:54 - 0:09:59 - Epoch 566: train_loss=0.005166386254131794, train_acc= 99.91%
INFO - 09/13/26 22:41:54 - 0:10:00 - Epoch 567: train_loss=0.004752758424729109, train_acc= 99.94%
INFO - 09/13/26 22:41:54 - 0:10:00 - Epoch 568: train_loss=0.004813930951058865, train_acc= 99.89%
INFO - 09/13/26 22:41:55 - 0:10:00 - Epoch 569: train_loss=0.004331023897975683, train_acc= 99.97%
INFO - 09/13/26 22:41:55 - 0:10:00 - Epoch 570: train_loss=0.006076600402593613, train_acc= 99.88%
INFO - 09/13/26 22:41:55 - 0:10:00 - Epoch 570: val_loss=0.8194229006767273, val_acc= 87.36%,val_weighted_f1= 87.20,val_macro_f1= 84.53%
EarlyStopping counter: 14 out of 15
INFO - 09/13/26 22:41:55 - 0:10:01 - Epoch 571: train_loss=0.004130144137889147, train_acc= 99.95%
INFO - 09/13/26 22:41:55 - 0:10:01 - Epoch 572: train_loss=0.004884142894297838, train_acc= 99.89%
INFO - 09/13/26 22:41:56 - 0:10:01 - Epoch 573: train_loss=0.005217213183641434, train_acc= 99.93%
INFO - 09/13/26 22:41:56 - 0:10:01 - Epoch 574: train_loss=0.004625075962394476, train_acc= 99.95%
INFO - 09/13/26 22:41:56 - 0:10:01 - Epoch 575: train_loss=0.005178795661777258, train_acc= 99.92%
INFO - 09/13/26 22:41:56 - 0:10:02 - Epoch 575: val_loss=0.8198259472846985, val_acc= 87.70%,val_weighted_f1= 87.53,val_macro_f1= 84.94%
EarlyStopping counter: 15 out of 15
---------Early stopping--------
INFO - 09/13/26 22:41:56 - 0:10:02 - --------------Testing--------------------
INFO - 09/13/26 22:41:56 - 0:10:02 - --------------Loading from ./checkpoints/NC_Roman-empire_model.pt--------------------
INFO - 09/13/26 22:41:56 - 0:10:02 - test_acc= 87.22%, weighted_f1= 87.02,macro_f1= 84.23%
INFO - 09/13/26 22:41:56 - 0:10:02 - test_acc= 87.22%, weighted_f1= 87.02,macro_f1= 84.23%
INFO - 09/13/26 22:41:57 - 0:10:02 - Epoch 0: train_loss=2.9997153282165527, train_acc= 2.17%
INFO - 09/13/26 22:41:57 - 0:10:02 - Epoch 0: val_loss=2.5709266662597656, val_acc= 24.55%,val_weighted_f1= 12.47,val_macro_f1= 5.00%
INFO - 09/13/26 22:41:57 - 0:10:02 - Epoch 1: train_loss=2.579435110092163, train_acc= 24.15%
INFO - 09/13/26 22:41:57 - 0:10:03 - Epoch 2: train_loss=2.4800333976745605, train_acc= 23.70%
INFO - 09/13/26 22:41:57 - 0:10:03 - Epoch 3: train_loss=2.4047329425811768, train_acc= 31.26%
INFO - 09/13/26 22:41:58 - 0:10:03 - Epoch 4: train_loss=2.3293728828430176, train_acc= 38.31%
INFO - 09/13/26 22:41:58 - 0:10:03 - Epoch 5: train_loss=2.2491295337677, train_acc= 40.13%
INFO - 09/13/26 22:41:58 - 0:10:03 - Epoch 5: val_loss=2.1625683307647705, val_acc= 42.42%,val_weighted_f1= 31.45,val_macro_f1= 14.38%
INFO - 09/13/26 22:41:58 - 0:10:04 - Epoch 6: train_loss=2.1676852703094482, train_acc= 41.44%
INFO - 09/13/26 22:41:58 - 0:10:04 - Epoch 7: train_loss=2.0864577293395996, train_acc= 44.40%
INFO - 09/13/26 22:41:59 - 0:10:04 - Epoch 8: train_loss=2.008714437484741, train_acc= 46.33%
INFO - 09/13/26 22:41:59 - 0:10:04 - Epoch 9: train_loss=1.9367382526397705, train_acc= 47.54%
INFO - 09/13/26 22:41:59 - 0:10:04 - Epoch 10: train_loss=1.8637505769729614, train_acc= 48.87%
INFO - 09/13/26 22:41:59 - 0:10:04 - Epoch 10: val_loss=1.7839481830596924, val_acc= 50.40%,val_weighted_f1= 41.08,val_macro_f1= 21.94%
INFO - 09/13/26 22:41:59 - 0:10:05 - Epoch 11: train_loss=1.791576862335205, train_acc= 49.90%
INFO - 09/13/26 22:42:00 - 0:10:05 - Epoch 12: train_loss=1.7196561098098755, train_acc= 50.97%
INFO - 09/13/26 22:42:00 - 0:10:05 - Epoch 13: train_loss=1.65086829662323, train_acc= 52.77%
INFO - 09/13/26 22:42:00 - 0:10:05 - Epoch 14: train_loss=1.5908544063568115, train_acc= 54.36%
INFO - 09/13/26 22:42:00 - 0:10:06 - Epoch 15: train_loss=1.5344611406326294, train_acc= 55.41%
INFO - 09/13/26 22:42:00 - 0:10:06 - Epoch 15: val_loss=1.4635977745056152, val_acc= 56.68%,val_weighted_f1= 50.20,val_macro_f1= 31.98%
INFO - 09/13/26 22:42:01 - 0:10:06 - Epoch 16: train_loss=1.4855647087097168, train_acc= 56.08%
INFO - 09/13/26 22:42:01 - 0:10:06 - Epoch 17: train_loss=1.4400880336761475, train_acc= 57.18%
INFO - 09/13/26 22:42:01 - 0:10:06 - Epoch 18: train_loss=1.39131760597229, train_acc= 58.52%
INFO - 09/13/26 22:42:01 - 0:10:07 - Epoch 19: train_loss=1.3582137823104858, train_acc= 59.06%
INFO - 09/13/26 22:42:02 - 0:10:07 - Epoch 20: train_loss=1.3240692615509033, train_acc= 59.88%
INFO - 09/13/26 22:42:02 - 0:10:07 - Epoch 20: val_loss=1.2725919485092163, val_acc= 61.17%,val_weighted_f1= 56.50,val_macro_f1= 40.37%
INFO - 09/13/26 22:42:02 - 0:10:07 - Epoch 21: train_loss=1.2855722904205322, train_acc= 60.38%
INFO - 09/13/26 22:42:02 - 0:10:07 - Epoch 22: train_loss=1.2515454292297363, train_acc= 61.34%
INFO - 09/13/26 22:42:02 - 0:10:08 - Epoch 23: train_loss=1.223596215248108, train_acc= 61.87%
INFO - 09/13/26 22:42:03 - 0:10:08 - Epoch 24: train_loss=1.1888091564178467, train_acc= 62.77%
INFO - 09/13/26 22:42:03 - 0:10:08 - Epoch 25: train_loss=1.1701163053512573, train_acc= 63.06%
INFO - 09/13/26 22:42:03 - 0:10:08 - Epoch 25: val_loss=1.1459745168685913, val_acc= 63.64%,val_weighted_f1= 58.82,val_macro_f1= 44.96%
INFO - 09/13/26 22:42:03 - 0:10:08 - Epoch 26: train_loss=1.1422693729400635, train_acc= 63.71%
INFO - 09/13/26 22:42:03 - 0:10:09 - Epoch 27: train_loss=1.1215219497680664, train_acc= 64.88%
INFO - 09/13/26 22:42:04 - 0:10:09 - Epoch 28: train_loss=1.09214448928833, train_acc= 65.05%
INFO - 09/13/26 22:42:04 - 0:10:09 - Epoch 29: train_loss=1.0628798007965088, train_acc= 66.30%
INFO - 09/13/26 22:42:04 - 0:10:09 - Epoch 30: train_loss=1.040708303451538, train_acc= 66.92%
INFO - 09/13/26 22:42:04 - 0:10:09 - Epoch 30: val_loss=1.0331239700317383, val_acc= 67.27%,val_weighted_f1= 63.28,val_macro_f1= 50.90%
INFO - 09/13/26 22:42:04 - 0:10:10 - Epoch 31: train_loss=1.015321135520935, train_acc= 67.41%
INFO - 09/13/26 22:42:05 - 0:10:10 - Epoch 32: train_loss=1.0033851861953735, train_acc= 67.92%
INFO - 09/13/26 22:42:05 - 0:10:10 - Epoch 33: train_loss=0.9838783144950867, train_acc= 67.76%
INFO - 09/13/26 22:42:05 - 0:10:10 - Epoch 34: train_loss=0.9622430205345154, train_acc= 69.14%
INFO - 09/13/26 22:42:05 - 0:10:11 - Epoch 35: train_loss=0.9375837445259094, train_acc= 69.63%
INFO - 09/13/26 22:42:05 - 0:10:11 - Epoch 35: val_loss=0.9369205236434937, val_acc= 69.55%,val_weighted_f1= 66.19,val_macro_f1= 54.20%
INFO - 09/13/26 22:42:05 - 0:10:11 - Epoch 36: train_loss=0.9151092767715454, train_acc= 70.27%
INFO - 09/13/26 22:42:06 - 0:10:11 - Epoch 37: train_loss=0.9068719744682312, train_acc= 70.76%
INFO - 09/13/26 22:42:06 - 0:10:11 - Epoch 38: train_loss=0.8885677456855774, train_acc= 70.73%
INFO - 09/13/26 22:42:06 - 0:10:11 - Epoch 39: train_loss=0.8695035576820374, train_acc= 71.17%
INFO - 09/13/26 22:42:06 - 0:10:12 - Epoch 40: train_loss=0.8544023036956787, train_acc= 72.15%
INFO - 09/13/26 22:42:07 - 0:10:12 - Epoch 40: val_loss=0.8697168231010437, val_acc= 71.42%,val_weighted_f1= 68.44,val_macro_f1= 57.25%
INFO - 09/13/26 22:42:07 - 0:10:12 - Epoch 41: train_loss=0.8397123217582703, train_acc= 72.45%
INFO - 09/13/26 22:42:07 - 0:10:12 - Epoch 42: train_loss=0.8224320411682129, train_acc= 73.23%
INFO - 09/13/26 22:42:07 - 0:10:13 - Epoch 43: train_loss=0.8159382939338684, train_acc= 73.23%
INFO - 09/13/26 22:42:07 - 0:10:13 - Epoch 44: train_loss=0.7968109846115112, train_acc= 73.82%
INFO - 09/13/26 22:42:08 - 0:10:13 - Epoch 45: train_loss=0.7861589193344116, train_acc= 73.96%
INFO - 09/13/26 22:42:08 - 0:10:13 - Epoch 45: val_loss=0.8060398697853088, val_acc= 73.50%,val_weighted_f1= 71.42,val_macro_f1= 61.37%
INFO - 09/13/26 22:42:08 - 0:10:13 - Epoch 46: train_loss=0.7683825492858887, train_acc= 74.88%
INFO - 09/13/26 22:42:08 - 0:10:14 - Epoch 47: train_loss=0.7601262927055359, train_acc= 74.74%
INFO - 09/13/26 22:42:08 - 0:10:14 - Epoch 48: train_loss=0.74984210729599, train_acc= 75.31%
INFO - 09/13/26 22:42:09 - 0:10:14 - Epoch 49: train_loss=0.7337419986724854, train_acc= 75.83%
INFO - 09/13/26 22:42:09 - 0:10:14 - Epoch 50: train_loss=0.7234960198402405, train_acc= 76.19%
INFO - 09/13/26 22:42:09 - 0:10:14 - Epoch 50: val_loss=0.7608486413955688, val_acc= 74.55%,val_weighted_f1= 72.67,val_macro_f1= 63.70%
INFO - 09/13/26 22:42:09 - 0:10:15 - Epoch 51: train_loss=0.7182971239089966, train_acc= 76.17%
INFO - 09/13/26 22:42:09 - 0:10:15 - Epoch 52: train_loss=0.7099947929382324, train_acc= 76.56%
INFO - 09/13/26 22:42:10 - 0:10:15 - Epoch 53: train_loss=0.6961314082145691, train_acc= 76.81%
INFO - 09/13/26 22:42:10 - 0:10:15 - Epoch 54: train_loss=0.6834827661514282, train_acc= 77.79%
INFO - 09/13/26 22:42:10 - 0:10:15 - Epoch 55: train_loss=0.6758055090904236, train_acc= 77.86%
INFO - 09/13/26 22:42:10 - 0:10:15 - Epoch 55: val_loss=0.7150357961654663, val_acc= 76.36%,val_weighted_f1= 75.27,val_macro_f1= 67.16%
INFO - 09/13/26 22:42:10 - 0:10:16 - Epoch 56: train_loss=0.6634334921836853, train_acc= 78.24%
INFO - 09/13/26 22:42:11 - 0:10:16 - Epoch 57: train_loss=0.6651516556739807, train_acc= 77.68%
INFO - 09/13/26 22:42:11 - 0:10:16 - Epoch 58: train_loss=0.6536968350410461, train_acc= 78.51%
INFO - 09/13/26 22:42:11 - 0:10:16 - Epoch 59: train_loss=0.6458645462989807, train_acc= 78.28%
INFO - 09/13/26 22:42:11 - 0:10:17 - Epoch 60: train_loss=0.6329540610313416, train_acc= 78.85%
INFO - 09/13/26 22:42:11 - 0:10:17 - Epoch 60: val_loss=0.6972987651824951, val_acc= 76.58%,val_weighted_f1= 75.22,val_macro_f1= 67.86%
INFO - 09/13/26 22:42:12 - 0:10:17 - Epoch 61: train_loss=0.6251173615455627, train_acc= 79.43%
INFO - 09/13/26 22:42:12 - 0:10:17 - Epoch 62: train_loss=0.6236464381217957, train_acc= 79.08%
INFO - 09/13/26 22:42:12 - 0:10:17 - Epoch 63: train_loss=0.6055319905281067, train_acc= 79.62%
INFO - 09/13/26 22:42:12 - 0:10:18 - Epoch 64: train_loss=0.603638768196106, train_acc= 79.75%
INFO - 09/13/26 22:42:13 - 0:10:18 - Epoch 65: train_loss=0.5882946252822876, train_acc= 80.31%
INFO - 09/13/26 22:42:13 - 0:10:18 - Epoch 65: val_loss=0.6620489358901978, val_acc= 78.25%,val_weighted_f1= 77.27,val_macro_f1= 70.66%
INFO - 09/13/26 22:42:13 - 0:10:18 - Epoch 66: train_loss=0.586974024772644, train_acc= 80.37%
INFO - 09/13/26 22:42:13 - 0:10:18 - Epoch 67: train_loss=0.5808115005493164, train_acc= 80.46%
INFO - 09/13/26 22:42:13 - 0:10:19 - Epoch 68: train_loss=0.5664165019989014, train_acc= 81.13%
INFO - 09/13/26 22:42:14 - 0:10:19 - Epoch 69: train_loss=0.5669017434120178, train_acc= 81.10%
INFO - 09/13/26 22:42:14 - 0:10:19 - Epoch 70: train_loss=0.5598360896110535, train_acc= 81.58%
INFO - 09/13/26 22:42:14 - 0:10:19 - Epoch 70: val_loss=0.6334706544876099, val_acc= 79.40%,val_weighted_f1= 78.67,val_macro_f1= 72.67%
INFO - 09/13/26 22:42:14 - 0:10:19 - Epoch 71: train_loss=0.5489307045936584, train_acc= 81.74%
INFO - 09/13/26 22:42:14 - 0:10:20 - Epoch 72: train_loss=0.5416489839553833, train_acc= 81.94%
INFO - 09/13/26 22:42:15 - 0:10:20 - Epoch 73: train_loss=0.535065770149231, train_acc= 82.23%
INFO - 09/13/26 22:42:15 - 0:10:20 - Epoch 74: train_loss=0.5373127460479736, train_acc= 81.85%
INFO - 09/13/26 22:42:15 - 0:10:20 - Epoch 75: train_loss=0.5481038689613342, train_acc= 81.38%
INFO - 09/13/26 22:42:15 - 0:10:20 - Epoch 75: val_loss=0.6458926200866699, val_acc= 79.22%,val_weighted_f1= 79.11,val_macro_f1= 73.11%
EarlyStopping counter: 1 out of 15
INFO - 09/13/26 22:42:15 - 0:10:21 - Epoch 76: train_loss=0.5732259154319763, train_acc= 81.00%
INFO - 09/13/26 22:42:16 - 0:10:21 - Epoch 77: train_loss=0.5712166428565979, train_acc= 80.33%
INFO - 09/13/26 22:42:16 - 0:10:21 - Epoch 78: train_loss=0.5142475962638855, train_acc= 82.81%
INFO - 09/13/26 22:42:16 - 0:10:21 - Epoch 79: train_loss=0.5495960116386414, train_acc= 81.57%
INFO - 09/13/26 22:42:16 - 0:10:22 - Epoch 80: train_loss=0.5089513659477234, train_acc= 82.83%
INFO - 09/13/26 22:42:16 - 0:10:22 - Epoch 80: val_loss=0.6556134819984436, val_acc= 78.85%,val_weighted_f1= 77.49,val_macro_f1= 72.73%
EarlyStopping counter: 2 out of 15
INFO - 09/13/26 22:42:17 - 0:10:22 - Epoch 81: train_loss=0.5248646140098572, train_acc= 82.28%
INFO - 09/13/26 22:42:17 - 0:10:22 - Epoch 82: train_loss=0.49791219830513, train_acc= 83.29%
INFO - 09/13/26 22:42:17 - 0:10:22 - Epoch 83: train_loss=0.5066961050033569, train_acc= 82.94%
INFO - 09/13/26 22:42:17 - 0:10:23 - Epoch 84: train_loss=0.4933527708053589, train_acc= 83.56%
INFO - 09/13/26 22:42:17 - 0:10:23 - Epoch 85: train_loss=0.4838525056838989, train_acc= 83.79%
INFO - 09/13/26 22:42:18 - 0:10:23 - Epoch 85: val_loss=0.6147878766059875, val_acc= 80.25%,val_weighted_f1= 79.32,val_macro_f1= 74.44%
INFO - 09/13/26 22:42:18 - 0:10:23 - Epoch 86: train_loss=0.4899759590625763, train_acc= 83.46%
INFO - 09/13/26 22:42:18 - 0:10:23 - Epoch 87: train_loss=0.4741254448890686, train_acc= 83.84%
INFO - 09/13/26 22:42:18 - 0:10:24 - Epoch 88: train_loss=0.4779782295227051, train_acc= 84.34%
INFO - 09/13/26 22:42:18 - 0:10:24 - Epoch 89: train_loss=0.4696771502494812, train_acc= 84.42%
INFO - 09/13/26 22:42:19 - 0:10:24 - Epoch 90: train_loss=0.46039900183677673, train_acc= 84.56%
INFO - 09/13/26 22:42:19 - 0:10:24 - Epoch 90: val_loss=0.5903416275978088, val_acc= 81.04%,val_weighted_f1= 80.37,val_macro_f1= 75.69%
INFO - 09/13/26 22:42:19 - 0:10:24 - Epoch 91: train_loss=0.46227768063545227, train_acc= 84.32%
INFO - 09/13/26 22:42:19 - 0:10:25 - Epoch 92: train_loss=0.4524385333061218, train_acc= 85.31%
INFO - 09/13/26 22:42:19 - 0:10:25 - Epoch 93: train_loss=0.45004478096961975, train_acc= 84.93%
INFO - 09/13/26 22:42:20 - 0:10:25 - Epoch 94: train_loss=0.44465065002441406, train_acc= 85.25%
INFO - 09/13/26 22:42:20 - 0:10:25 - Epoch 95: train_loss=0.4412609934806824, train_acc= 85.13%
INFO - 09/13/26 22:42:20 - 0:10:25 - Epoch 95: val_loss=0.5757799744606018, val_acc= 81.41%,val_weighted_f1= 80.78,val_macro_f1= 76.49%
INFO - 09/13/26 22:42:20 - 0:10:26 - Epoch 96: train_loss=0.4381181299686432, train_acc= 85.29%
INFO - 09/13/26 22:42:20 - 0:10:26 - Epoch 97: train_loss=0.432403028011322, train_acc= 85.55%
INFO - 09/13/26 22:42:21 - 0:10:26 - Epoch 98: train_loss=0.42760616540908813, train_acc= 85.73%
INFO - 09/13/26 22:42:21 - 0:10:26 - Epoch 99: train_loss=0.41964417695999146, train_acc= 86.34%
INFO - 09/13/26 22:42:21 - 0:10:27 - Epoch 100: train_loss=0.41760069131851196, train_acc= 86.16%
INFO - 09/13/26 22:42:21 - 0:10:27 - Epoch 100: val_loss=0.5739118456840515, val_acc= 81.73%,val_weighted_f1= 80.99,val_macro_f1= 76.98%
INFO - 09/13/26 22:42:21 - 0:10:27 - Epoch 101: train_loss=0.4170348346233368, train_acc= 85.92%
INFO - 09/13/26 22:42:22 - 0:10:27 - Epoch 102: train_loss=0.4160349667072296, train_acc= 86.01%
INFO - 09/13/26 22:42:22 - 0:10:27 - Epoch 103: train_loss=0.4079914689064026, train_acc= 86.30%
INFO - 09/13/26 22:42:22 - 0:10:28 - Epoch 104: train_loss=0.3991692066192627, train_acc= 86.94%
INFO - 09/13/26 22:42:22 - 0:10:28 - Epoch 105: train_loss=0.4054747223854065, train_acc= 86.62%
INFO - 09/13/26 22:42:22 - 0:10:28 - Epoch 105: val_loss=0.5590198040008545, val_acc= 82.31%,val_weighted_f1= 81.65,val_macro_f1= 77.55%
INFO - 09/13/26 22:42:23 - 0:10:28 - Epoch 106: train_loss=0.3920389413833618, train_acc= 86.70%
INFO - 09/13/26 22:42:23 - 0:10:28 - Epoch 107: train_loss=0.3877212107181549, train_acc= 86.88%
INFO - 09/13/26 22:42:23 - 0:10:28 - Epoch 108: train_loss=0.39277738332748413, train_acc= 86.97%
INFO - 09/13/26 22:42:23 - 0:10:29 - Epoch 109: train_loss=0.3877779543399811, train_acc= 87.02%
INFO - 09/13/26 22:42:24 - 0:10:29 - Epoch 110: train_loss=0.3903125822544098, train_acc= 87.16%
INFO - 09/13/26 22:42:24 - 0:10:29 - Epoch 110: val_loss=0.5658784508705139, val_acc= 82.52%,val_weighted_f1= 81.89,val_macro_f1= 77.97%
INFO - 09/13/26 22:42:24 - 0:10:29 - Epoch 111: train_loss=0.3865427076816559, train_acc= 87.26%
INFO - 09/13/26 22:42:24 - 0:10:29 - Epoch 112: train_loss=0.3816470205783844, train_acc= 87.12%
INFO - 09/13/26 22:42:24 - 0:10:30 - Epoch 113: train_loss=0.37155410647392273, train_acc= 87.57%
INFO - 09/13/26 22:42:25 - 0:10:30 - Epoch 114: train_loss=0.3698517382144928, train_acc= 87.57%
INFO - 09/13/26 22:42:25 - 0:10:30 - Epoch 115: train_loss=0.3654869496822357, train_acc= 87.71%
INFO - 09/13/26 22:42:25 - 0:10:30 - Epoch 115: val_loss=0.5526924729347229, val_acc= 82.75%,val_weighted_f1= 82.14,val_macro_f1= 78.08%
INFO - 09/13/26 22:42:25 - 0:10:30 - Epoch 116: train_loss=0.36244451999664307, train_acc= 88.05%
INFO - 09/13/26 22:42:25 - 0:10:31 - Epoch 117: train_loss=0.35517728328704834, train_acc= 88.19%
INFO - 09/13/26 22:42:26 - 0:10:31 - Epoch 118: train_loss=0.3595256209373474, train_acc= 87.85%
INFO - 09/13/26 22:42:26 - 0:10:31 - Epoch 119: train_loss=0.36041566729545593, train_acc= 87.97%
INFO - 09/13/26 22:42:26 - 0:10:31 - Epoch 120: train_loss=0.3414984941482544, train_acc= 88.60%
INFO - 09/13/26 22:42:26 - 0:10:32 - Epoch 120: val_loss=0.5265800952911377, val_acc= 83.35%,val_weighted_f1= 83.08,val_macro_f1= 79.21%
INFO - 09/13/26 22:42:26 - 0:10:32 - Epoch 121: train_loss=0.3462218642234802, train_acc= 88.54%
INFO - 09/13/26 22:42:27 - 0:10:32 - Epoch 122: train_loss=0.3402029871940613, train_acc= 88.75%
INFO - 09/13/26 22:42:27 - 0:10:32 - Epoch 123: train_loss=0.3317458927631378, train_acc= 89.05%
INFO - 09/13/26 22:42:27 - 0:10:32 - Epoch 124: train_loss=0.3337458074092865, train_acc= 88.69%
INFO - 09/13/26 22:42:27 - 0:10:33 - Epoch 125: train_loss=0.3288697302341461, train_acc= 89.40%
INFO - 09/13/26 22:42:27 - 0:10:33 - Epoch 125: val_loss=0.528376579284668, val_acc= 83.80%,val_weighted_f1= 83.43,val_macro_f1= 79.69%
INFO - 09/13/26 22:42:28 - 0:10:33 - Epoch 126: train_loss=0.3236847221851349, train_acc= 89.30%
INFO - 09/13/26 22:42:28 - 0:10:33 - Epoch 127: train_loss=0.32056206464767456, train_acc= 89.34%
INFO - 09/13/26 22:42:28 - 0:10:33 - Epoch 128: train_loss=0.32199352979660034, train_acc= 89.68%
INFO - 09/13/26 22:42:28 - 0:10:34 - Epoch 129: train_loss=0.3197327256202698, train_acc= 89.27%
INFO - 09/13/26 22:42:28 - 0:10:34 - Epoch 130: train_loss=0.3127249777317047, train_acc= 89.57%
INFO - 09/13/26 22:42:29 - 0:10:34 - Epoch 130: val_loss=0.5298424959182739, val_acc= 83.71%,val_weighted_f1= 83.30,val_macro_f1= 79.31%
EarlyStopping counter: 1 out of 15
INFO - 09/13/26 22:42:29 - 0:10:34 - Epoch 131: train_loss=0.3108622133731842, train_acc= 89.59%
INFO - 09/13/26 22:42:29 - 0:10:34 - Epoch 132: train_loss=0.3035035729408264, train_acc= 89.70%
INFO - 09/13/26 22:42:29 - 0:10:35 - Epoch 133: train_loss=0.30470651388168335, train_acc= 89.75%
INFO - 09/13/26 22:42:29 - 0:10:35 - Epoch 134: train_loss=0.29855865240097046, train_acc= 90.21%
INFO - 09/13/26 22:42:30 - 0:10:35 - Epoch 135: train_loss=0.299873948097229, train_acc= 89.69%
INFO - 09/13/26 22:42:30 - 0:10:35 - Epoch 135: val_loss=0.5491407513618469, val_acc= 83.72%,val_weighted_f1= 83.09,val_macro_f1= 79.67%
EarlyStopping counter: 2 out of 15
INFO - 09/13/26 22:42:30 - 0:10:35 - Epoch 136: train_loss=0.29965826869010925, train_acc= 90.11%
INFO - 09/13/26 22:42:30 - 0:10:36 - Epoch 137: train_loss=0.2918749749660492, train_acc= 90.14%
INFO - 09/13/26 22:42:30 - 0:10:36 - Epoch 138: train_loss=0.28960031270980835, train_acc= 90.38%
INFO - 09/13/26 22:42:31 - 0:10:36 - Epoch 139: train_loss=0.2874246835708618, train_acc= 90.43%
INFO - 09/13/26 22:42:31 - 0:10:36 - Epoch 140: train_loss=0.2839117646217346, train_acc= 90.29%
INFO - 09/13/26 22:42:31 - 0:10:36 - Epoch 140: val_loss=0.523236870765686, val_acc= 84.29%,val_weighted_f1= 83.88,val_macro_f1= 80.07%
INFO - 09/13/26 22:42:31 - 0:10:37 - Epoch 141: train_loss=0.27812209725379944, train_acc= 90.90%
INFO - 09/13/26 22:42:31 - 0:10:37 - Epoch 142: train_loss=0.27540355920791626, train_acc= 91.10%
INFO - 09/13/26 22:42:32 - 0:10:37 - Epoch 143: train_loss=0.27653902769088745, train_acc= 90.88%
INFO - 09/13/26 22:42:32 - 0:10:37 - Epoch 144: train_loss=0.2730708122253418, train_acc= 90.86%
INFO - 09/13/26 22:42:32 - 0:10:38 - Epoch 145: train_loss=0.26445838809013367, train_acc= 91.24%
INFO - 09/13/26 22:42:32 - 0:10:38 - Epoch 145: val_loss=0.5149219036102295, val_acc= 85.00%,val_weighted_f1= 84.74,val_macro_f1= 81.33%
INFO - 09/13/26 22:42:32 - 0:10:38 - Epoch 146: train_loss=0.26194465160369873, train_acc= 91.53%
INFO - 09/13/26 22:42:33 - 0:10:38 - Epoch 147: train_loss=0.2593608796596527, train_acc= 91.46%
INFO - 09/13/26 22:42:33 - 0:10:38 - Epoch 148: train_loss=0.2619343101978302, train_acc= 91.49%
INFO - 09/13/26 22:42:33 - 0:10:38 - Epoch 149: train_loss=0.2532353103160858, train_acc= 91.78%
INFO - 09/13/26 22:42:33 - 0:10:39 - Epoch 150: train_loss=0.25070756673812866, train_acc= 91.70%
INFO - 09/13/26 22:42:33 - 0:10:39 - Epoch 150: val_loss=0.5161141157150269, val_acc= 84.87%,val_weighted_f1= 84.61,val_macro_f1= 81.09%
EarlyStopping counter: 1 out of 15
INFO - 09/13/26 22:42:34 - 0:10:39 - Epoch 151: train_loss=0.24470721185207367, train_acc= 92.12%
INFO - 09/13/26 22:42:34 - 0:10:39 - Epoch 152: train_loss=0.24385541677474976, train_acc= 92.22%
INFO - 09/13/26 22:42:34 - 0:10:39 - Epoch 153: train_loss=0.24185137450695038, train_acc= 92.02%
INFO - 09/13/26 22:42:34 - 0:10:40 - Epoch 154: train_loss=0.23728899657726288, train_acc= 92.07%
INFO - 09/13/26 22:42:35 - 0:10:40 - Epoch 155: train_loss=0.2367323786020279, train_acc= 92.28%
INFO - 09/13/26 22:42:35 - 0:10:40 - Epoch 155: val_loss=0.5129582285881042, val_acc= 85.00%,val_weighted_f1= 84.79,val_macro_f1= 81.36%
INFO - 09/13/26 22:42:35 - 0:10:40 - Epoch 156: train_loss=0.23775315284729004, train_acc= 91.98%
INFO - 09/13/26 22:42:35 - 0:10:40 - Epoch 157: train_loss=0.23720408976078033, train_acc= 92.07%
INFO - 09/13/26 22:42:35 - 0:10:41 - Epoch 158: train_loss=0.23239511251449585, train_acc= 92.33%
INFO - 09/13/26 22:42:36 - 0:10:41 - Epoch 159: train_loss=0.231672003865242, train_acc= 92.53%
INFO - 09/13/26 22:42:36 - 0:10:41 - Epoch 160: train_loss=0.2274543046951294, train_acc= 92.60%
INFO - 09/13/26 22:42:36 - 0:10:41 - Epoch 160: val_loss=0.5204354524612427, val_acc= 84.98%,val_weighted_f1= 84.71,val_macro_f1= 81.28%
EarlyStopping counter: 1 out of 15
INFO - 09/13/26 22:42:36 - 0:10:42 - Epoch 161: train_loss=0.21792259812355042, train_acc= 92.90%
INFO - 09/13/26 22:42:36 - 0:10:42 - Epoch 162: train_loss=0.2199128270149231, train_acc= 92.74%
INFO - 09/13/26 22:42:37 - 0:10:42 - Epoch 163: train_loss=0.2196670025587082, train_acc= 93.03%
INFO - 09/13/26 22:42:37 - 0:10:42 - Epoch 164: train_loss=0.2102881819009781, train_acc= 93.49%
INFO - 09/13/26 22:42:37 - 0:10:42 - Epoch 165: train_loss=0.2134947031736374, train_acc= 93.03%
INFO - 09/13/26 22:42:37 - 0:10:42 - Epoch 165: val_loss=0.5337573885917664, val_acc= 85.03%,val_weighted_f1= 84.63,val_macro_f1= 80.92%
INFO - 09/13/26 22:42:37 - 0:10:43 - Epoch 166: train_loss=0.20498612523078918, train_acc= 93.31%
INFO - 09/13/26 22:42:38 - 0:10:43 - Epoch 167: train_loss=0.21027687191963196, train_acc= 93.05%
INFO - 09/13/26 22:42:38 - 0:10:43 - Epoch 168: train_loss=0.20127560198307037, train_acc= 93.59%
INFO - 09/13/26 22:42:38 - 0:10:43 - Epoch 169: train_loss=0.2014201581478119, train_acc= 93.88%
INFO - 09/13/26 22:42:38 - 0:10:44 - Epoch 170: train_loss=0.19961866736412048, train_acc= 93.65%
INFO - 09/13/26 22:42:38 - 0:10:44 - Epoch 170: val_loss=0.5215663313865662, val_acc= 85.30%,val_weighted_f1= 85.06,val_macro_f1= 81.70%
INFO - 09/13/26 22:42:39 - 0:10:44 - Epoch 171: train_loss=0.19456025958061218, train_acc= 93.74%
INFO - 09/13/26 22:42:39 - 0:10:44 - Epoch 172: train_loss=0.20118781924247742, train_acc= 93.57%
INFO - 09/13/26 22:42:39 - 0:10:44 - Epoch 173: train_loss=0.20260415971279144, train_acc= 93.35%
INFO - 09/13/26 22:42:39 - 0:10:45 - Epoch 174: train_loss=0.21041201055049896, train_acc= 93.18%
INFO - 09/13/26 22:42:39 - 0:10:45 - Epoch 175: train_loss=0.19250814616680145, train_acc= 93.92%
INFO - 09/13/26 22:42:40 - 0:10:45 - Epoch 175: val_loss=0.5244062542915344, val_acc= 85.28%,val_weighted_f1= 85.13,val_macro_f1= 81.88%
EarlyStopping counter: 1 out of 15
INFO - 09/13/26 22:42:40 - 0:10:45 - Epoch 176: train_loss=0.1859627217054367, train_acc= 94.07%
INFO - 09/13/26 22:42:40 - 0:10:45 - Epoch 177: train_loss=0.1903250813484192, train_acc= 93.77%
INFO - 09/13/26 22:42:40 - 0:10:46 - Epoch 178: train_loss=0.1860692799091339, train_acc= 94.07%
INFO - 09/13/26 22:42:40 - 0:10:46 - Epoch 179: train_loss=0.17892713844776154, train_acc= 94.20%
INFO - 09/13/26 22:42:41 - 0:10:46 - Epoch 180: train_loss=0.17906874418258667, train_acc= 94.24%
INFO - 09/13/26 22:42:41 - 0:10:46 - Epoch 180: val_loss=0.5354440212249756, val_acc= 85.58%,val_weighted_f1= 85.29,val_macro_f1= 82.05%
INFO - 09/13/26 22:42:41 - 0:10:46 - Epoch 181: train_loss=0.17305052280426025, train_acc= 94.39%
INFO - 09/13/26 22:42:41 - 0:10:47 - Epoch 182: train_loss=0.174472376704216, train_acc= 94.32%
INFO - 09/13/26 22:42:41 - 0:10:47 - Epoch 183: train_loss=0.16927294433116913, train_acc= 94.59%
INFO - 09/13/26 22:42:42 - 0:10:47 - Epoch 184: train_loss=0.16928613185882568, train_acc= 94.69%
INFO - 09/13/26 22:42:42 - 0:10:47 - Epoch 185: train_loss=0.16683465242385864, train_acc= 94.55%
INFO - 09/13/26 22:42:42 - 0:10:47 - Epoch 185: val_loss=0.5373761653900146, val_acc= 85.54%,val_weighted_f1= 85.31,val_macro_f1= 81.95%
EarlyStopping counter: 1 out of 15
INFO - 09/13/26 22:42:42 - 0:10:48 - Epoch 186: train_loss=0.16019664704799652, train_acc= 95.07%
INFO - 09/13/26 22:42:42 - 0:10:48 - Epoch 187: train_loss=0.1589742749929428, train_acc= 95.00%
INFO - 09/13/26 22:42:43 - 0:10:48 - Epoch 188: train_loss=0.16086511313915253, train_acc= 94.95%
INFO - 09/13/26 22:42:43 - 0:10:48 - Epoch 189: train_loss=0.1551918238401413, train_acc= 95.08%
INFO - 09/13/26 22:42:43 - 0:10:49 - Epoch 190: train_loss=0.15092046558856964, train_acc= 95.28%
INFO - 09/13/26 22:42:43 - 0:10:49 - Epoch 190: val_loss=0.5365815758705139, val_acc= 85.51%,val_weighted_f1= 85.32,val_macro_f1= 82.12%
EarlyStopping counter: 2 out of 15
INFO - 09/13/26 22:42:43 - 0:10:49 - Epoch 191: train_loss=0.15191388130187988, train_acc= 95.36%
INFO - 09/13/26 22:42:44 - 0:10:49 - Epoch 192: train_loss=0.15086151659488678, train_acc= 95.31%
INFO - 09/13/26 22:42:44 - 0:10:49 - Epoch 193: train_loss=0.14566850662231445, train_acc= 95.38%
INFO - 09/13/26 22:42:44 - 0:10:49 - Epoch 194: train_loss=0.14179158210754395, train_acc= 95.65%
INFO - 09/13/26 22:42:44 - 0:10:50 - Epoch 195: train_loss=0.14221054315567017, train_acc= 95.77%
INFO - 09/13/26 22:42:44 - 0:10:50 - Epoch 195: val_loss=0.5508216023445129, val_acc= 85.54%,val_weighted_f1= 85.32,val_macro_f1= 82.21%
EarlyStopping counter: 3 out of 15
INFO - 09/13/26 22:42:45 - 0:10:50 - Epoch 196: train_loss=0.1413649618625641, train_acc= 95.42%
INFO - 09/13/26 22:42:45 - 0:10:50 - Epoch 197: train_loss=0.13845384120941162, train_acc= 95.78%
INFO - 09/13/26 22:42:45 - 0:10:50 - Epoch 198: train_loss=0.13882002234458923, train_acc= 95.77%
INFO - 09/13/26 22:42:45 - 0:10:51 - Epoch 199: train_loss=0.1368047446012497, train_acc= 95.74%
INFO - 09/13/26 22:42:46 - 0:10:51 - Epoch 200: train_loss=0.13051240146160126, train_acc= 96.02%
INFO - 09/13/26 22:42:46 - 0:10:51 - Epoch 200: val_loss=0.5683427453041077, val_acc= 85.58%,val_weighted_f1= 85.26,val_macro_f1= 82.08%
INFO - 09/13/26 22:42:46 - 0:10:51 - Epoch 201: train_loss=0.13159523904323578, train_acc= 95.90%
INFO - 09/13/26 22:42:46 - 0:10:52 - Epoch 202: train_loss=0.13442005217075348, train_acc= 95.74%
INFO - 09/13/26 22:42:46 - 0:10:52 - Epoch 203: train_loss=0.13420838117599487, train_acc= 95.90%
INFO - 09/13/26 22:42:47 - 0:10:52 - Epoch 204: train_loss=0.12421867996454239, train_acc= 96.24%
INFO - 09/13/26 22:42:47 - 0:10:52 - Epoch 205: train_loss=0.12360623478889465, train_acc= 96.22%
INFO - 09/13/26 22:42:47 - 0:10:52 - Epoch 205: val_loss=0.5712605714797974, val_acc= 85.68%,val_weighted_f1= 85.46,val_macro_f1= 82.41%
INFO - 09/13/26 22:42:47 - 0:10:53 - Epoch 206: train_loss=0.12405331432819366, train_acc= 96.08%
INFO - 09/13/26 22:42:47 - 0:10:53 - Epoch 207: train_loss=0.12166769057512283, train_acc= 96.28%
INFO - 09/13/26 22:42:48 - 0:10:53 - Epoch 208: train_loss=0.12091891467571259, train_acc= 96.26%
INFO - 09/13/26 22:42:48 - 0:10:53 - Epoch 209: train_loss=0.11518363654613495, train_acc= 96.57%
INFO - 09/13/26 22:42:48 - 0:10:53 - Epoch 210: train_loss=0.11120282113552094, train_acc= 96.59%
INFO - 09/13/26 22:42:48 - 0:10:53 - Epoch 210: val_loss=0.5753631591796875, val_acc= 86.02%,val_weighted_f1= 85.81,val_macro_f1= 82.58%
INFO - 09/13/26 22:42:48 - 0:10:54 - Epoch 211: train_loss=0.11415188759565353, train_acc= 96.57%
INFO - 09/13/26 22:42:49 - 0:10:54 - Epoch 212: train_loss=0.11670402437448502, train_acc= 96.48%
INFO - 09/13/26 22:42:49 - 0:10:54 - Epoch 213: train_loss=0.11133038997650146, train_acc= 96.72%
INFO - 09/13/26 22:42:49 - 0:10:54 - Epoch 214: train_loss=0.11017228662967682, train_acc= 96.75%
INFO - 09/13/26 22:42:49 - 0:10:55 - Epoch 215: train_loss=0.10461723059415817, train_acc= 96.92%
INFO - 09/13/26 22:42:49 - 0:10:55 - Epoch 215: val_loss=0.5801690220832825, val_acc= 86.07%,val_weighted_f1= 85.85,val_macro_f1= 82.86%
INFO - 09/13/26 22:42:50 - 0:10:55 - Epoch 216: train_loss=0.10340810567140579, train_acc= 96.84%
INFO - 09/13/26 22:42:50 - 0:10:55 - Epoch 217: train_loss=0.10860855877399445, train_acc= 96.74%
INFO - 09/13/26 22:42:50 - 0:10:55 - Epoch 218: train_loss=0.1074899360537529, train_acc= 96.70%
INFO - 09/13/26 22:42:50 - 0:10:56 - Epoch 219: train_loss=0.10404492169618607, train_acc= 97.04%
INFO - 09/13/26 22:42:51 - 0:10:56 - Epoch 220: train_loss=0.09654409438371658, train_acc= 97.20%
INFO - 09/13/26 22:42:51 - 0:10:56 - Epoch 220: val_loss=0.5877719521522522, val_acc= 86.02%,val_weighted_f1= 85.77,val_macro_f1= 82.61%
EarlyStopping counter: 1 out of 15
INFO - 09/13/26 22:42:51 - 0:10:56 - Epoch 221: train_loss=0.09854565560817719, train_acc= 97.24%
INFO - 09/13/26 22:42:51 - 0:10:56 - Epoch 222: train_loss=0.09644316136837006, train_acc= 97.26%
INFO - 09/13/26 22:42:51 - 0:10:57 - Epoch 223: train_loss=0.09418728202581406, train_acc= 97.26%
INFO - 09/13/26 22:42:52 - 0:10:57 - Epoch 224: train_loss=0.09365607053041458, train_acc= 97.29%
INFO - 09/13/26 22:42:52 - 0:10:57 - Epoch 225: train_loss=0.09249720722436905, train_acc= 97.28%
INFO - 09/13/26 22:42:52 - 0:10:57 - Epoch 225: val_loss=0.5887978672981262, val_acc= 86.13%,val_weighted_f1= 85.92,val_macro_f1= 82.85%
INFO - 09/13/26 22:42:52 - 0:10:57 - Epoch 226: train_loss=0.08903316408395767, train_acc= 97.43%
INFO - 09/13/26 22:42:52 - 0:10:58 - Epoch 227: train_loss=0.08801396936178207, train_acc= 97.60%
INFO - 09/13/26 22:42:53 - 0:10:58 - Epoch 228: train_loss=0.09106986969709396, train_acc= 97.27%
INFO - 09/13/26 22:42:53 - 0:10:58 - Epoch 229: train_loss=0.08985089510679245, train_acc= 97.27%
INFO - 09/13/26 22:42:53 - 0:10:58 - Epoch 230: train_loss=0.08784129470586777, train_acc= 97.55%
INFO - 09/13/26 22:42:53 - 0:10:58 - Epoch 230: val_loss=0.6224729418754578, val_acc= 85.67%,val_weighted_f1= 85.46,val_macro_f1= 82.00%
EarlyStopping counter: 1 out of 15
INFO - 09/13/26 22:42:53 - 0:10:59 - Epoch 231: train_loss=0.09012895077466965, train_acc= 97.34%
INFO - 09/13/26 22:42:54 - 0:10:59 - Epoch 232: train_loss=0.08460671454668045, train_acc= 97.59%
INFO - 09/13/26 22:42:54 - 0:10:59 - Epoch 233: train_loss=0.08257049322128296, train_acc= 97.57%
INFO - 09/13/26 22:42:54 - 0:10:59 - Epoch 234: train_loss=0.08142402768135071, train_acc= 97.64%
INFO - 09/13/26 22:42:54 - 0:10:59 - Epoch 235: train_loss=0.08345278352499008, train_acc= 97.50%
INFO - 09/13/26 22:42:54 - 0:11:00 - Epoch 235: val_loss=0.6216995120048523, val_acc= 85.91%,val_weighted_f1= 85.64,val_macro_f1= 82.48%
EarlyStopping counter: 2 out of 15
INFO - 09/13/26 22:42:54 - 0:11:00 - Epoch 236: train_loss=0.08093229681253433, train_acc= 97.76%
INFO - 09/13/26 22:42:55 - 0:11:00 - Epoch 237: train_loss=0.08039328455924988, train_acc= 97.71%
INFO - 09/13/26 22:42:55 - 0:11:00 - Epoch 238: train_loss=0.07487234473228455, train_acc= 97.87%
INFO - 09/13/26 22:42:55 - 0:11:00 - Epoch 239: train_loss=0.07905276864767075, train_acc= 97.63%
INFO - 09/13/26 22:42:55 - 0:11:01 - Epoch 240: train_loss=0.07765284925699234, train_acc= 97.75%
INFO - 09/13/26 22:42:56 - 0:11:01 - Epoch 240: val_loss=0.637035608291626, val_acc= 85.72%,val_weighted_f1= 85.44,val_macro_f1= 82.40%
EarlyStopping counter: 3 out of 15
INFO - 09/13/26 22:42:56 - 0:11:01 - Epoch 241: train_loss=0.07395293563604355, train_acc= 97.96%
INFO - 09/13/26 22:42:56 - 0:11:01 - Epoch 242: train_loss=0.07200634479522705, train_acc= 97.89%
INFO - 09/13/26 22:42:56 - 0:11:02 - Epoch 243: train_loss=0.0719219520688057, train_acc= 98.12%
INFO - 09/13/26 22:42:56 - 0:11:02 - Epoch 244: train_loss=0.06940989941358566, train_acc= 98.08%
INFO - 09/13/26 22:42:57 - 0:11:02 - Epoch 245: train_loss=0.06739189475774765, train_acc= 98.17%
INFO - 09/13/26 22:42:57 - 0:11:02 - Epoch 245: val_loss=0.638333261013031, val_acc= 86.05%,val_weighted_f1= 85.81,val_macro_f1= 82.59%
EarlyStopping counter: 4 out of 15
INFO - 09/13/26 22:42:57 - 0:11:02 - Epoch 246: train_loss=0.06828897446393967, train_acc= 98.19%
INFO - 09/13/26 22:42:57 - 0:11:03 - Epoch 247: train_loss=0.06433474272489548, train_acc= 98.28%
INFO - 09/13/26 22:42:57 - 0:11:03 - Epoch 248: train_loss=0.06534546613693237, train_acc= 98.17%
INFO - 09/13/26 22:42:58 - 0:11:03 - Epoch 249: train_loss=0.06366310268640518, train_acc= 98.41%
INFO - 09/13/26 22:42:58 - 0:11:03 - Epoch 250: train_loss=0.0615769699215889, train_acc= 98.39%
INFO - 09/13/26 22:42:58 - 0:11:03 - Epoch 250: val_loss=0.6420274972915649, val_acc= 85.90%,val_weighted_f1= 85.61,val_macro_f1= 82.62%
EarlyStopping counter: 5 out of 15
INFO - 09/13/26 22:42:58 - 0:11:03 - Epoch 251: train_loss=0.06221499294042587, train_acc= 98.28%
INFO - 09/13/26 22:42:58 - 0:11:04 - Epoch 252: train_loss=0.06318098306655884, train_acc= 98.29%
INFO - 09/13/26 22:42:59 - 0:11:04 - Epoch 253: train_loss=0.06900319457054138, train_acc= 98.01%
INFO - 09/13/26 22:42:59 - 0:11:04 - Epoch 254: train_loss=0.06511238217353821, train_acc= 98.17%
INFO - 09/13/26 22:42:59 - 0:11:04 - Epoch 255: train_loss=0.06631702929735184, train_acc= 98.11%
INFO - 09/13/26 22:42:59 - 0:11:04 - Epoch 255: val_loss=0.6388298869132996, val_acc= 86.41%,val_weighted_f1= 86.28,val_macro_f1= 83.21%
INFO - 09/13/26 22:42:59 - 0:11:05 - Epoch 256: train_loss=0.05682099983096123, train_acc= 98.64%
INFO - 09/13/26 22:43:00 - 0:11:05 - Epoch 257: train_loss=0.057477615773677826, train_acc= 98.51%
INFO - 09/13/26 22:43:00 - 0:11:05 - Epoch 258: train_loss=0.056238312274217606, train_acc= 98.49%
INFO - 09/13/26 22:43:00 - 0:11:05 - Epoch 259: train_loss=0.057829245924949646, train_acc= 98.46%
INFO - 09/13/26 22:43:00 - 0:11:06 - Epoch 260: train_loss=0.052663516253232956, train_acc= 98.63%
INFO - 09/13/26 22:43:00 - 0:11:06 - Epoch 260: val_loss=0.6592926979064941, val_acc= 86.20%,val_weighted_f1= 86.00,val_macro_f1= 82.96%
EarlyStopping counter: 1 out of 15
INFO - 09/13/26 22:43:01 - 0:11:06 - Epoch 261: train_loss=0.05294782668352127, train_acc= 98.61%
INFO - 09/13/26 22:43:01 - 0:11:06 - Epoch 262: train_loss=0.05598410964012146, train_acc= 98.50%
INFO - 09/13/26 22:43:01 - 0:11:06 - Epoch 263: train_loss=0.052061717957258224, train_acc= 98.80%
INFO - 09/13/26 22:43:01 - 0:11:07 - Epoch 264: train_loss=0.053053125739097595, train_acc= 98.57%
INFO - 09/13/26 22:43:02 - 0:11:07 - Epoch 265: train_loss=0.05428965017199516, train_acc= 98.46%
INFO - 09/13/26 22:43:02 - 0:11:07 - Epoch 265: val_loss=0.706011176109314, val_acc= 85.70%,val_weighted_f1= 85.37,val_macro_f1= 82.35%
EarlyStopping counter: 2 out of 15
INFO - 09/13/26 22:43:02 - 0:11:07 - Epoch 266: train_loss=0.054276611655950546, train_acc= 98.57%
INFO - 09/13/26 22:43:02 - 0:11:07 - Epoch 267: train_loss=0.051792457699775696, train_acc= 98.77%
INFO - 09/13/26 22:43:02 - 0:11:08 - Epoch 268: train_loss=0.04889678582549095, train_acc= 98.76%
INFO - 09/13/26 22:43:03 - 0:11:08 - Epoch 269: train_loss=0.051269810646772385, train_acc= 98.49%
INFO - 09/13/26 22:43:03 - 0:11:08 - Epoch 270: train_loss=0.04740891233086586, train_acc= 98.89%
INFO - 09/13/26 22:43:03 - 0:11:08 - Epoch 270: val_loss=0.6554030179977417, val_acc= 86.27%,val_weighted_f1= 86.10,val_macro_f1= 83.00%
EarlyStopping counter: 3 out of 15
INFO - 09/13/26 22:43:03 - 0:11:08 - Epoch 271: train_loss=0.04455036297440529, train_acc= 98.84%
INFO - 09/13/26 22:43:03 - 0:11:09 - Epoch 272: train_loss=0.050812363624572754, train_acc= 98.71%
INFO - 09/13/26 22:43:04 - 0:11:09 - Epoch 273: train_loss=0.05015038698911667, train_acc= 98.70%
INFO - 09/13/26 22:43:04 - 0:11:09 - Epoch 274: train_loss=0.04600575566291809, train_acc= 98.84%
INFO - 09/13/26 22:43:04 - 0:11:09 - Epoch 275: train_loss=0.04410135746002197, train_acc= 98.80%
INFO - 09/13/26 22:43:04 - 0:11:09 - Epoch 275: val_loss=0.6585322022438049, val_acc= 86.13%,val_weighted_f1= 85.94,val_macro_f1= 82.94%
EarlyStopping counter: 4 out of 15
INFO - 09/13/26 22:43:04 - 0:11:10 - Epoch 276: train_loss=0.04870906472206116, train_acc= 98.64%
INFO - 09/13/26 22:43:04 - 0:11:10 - Epoch 277: train_loss=0.04461658373475075, train_acc= 98.83%
INFO - 09/13/26 22:43:05 - 0:11:10 - Epoch 278: train_loss=0.04136486351490021, train_acc= 99.05%
INFO - 09/13/26 22:43:05 - 0:11:10 - Epoch 279: train_loss=0.04525965079665184, train_acc= 98.91%
INFO - 09/13/26 22:43:05 - 0:11:11 - Epoch 280: train_loss=0.03946810960769653, train_acc= 99.14%
INFO - 09/13/26 22:43:05 - 0:11:11 - Epoch 280: val_loss=0.6999187469482422, val_acc= 86.25%,val_weighted_f1= 85.95,val_macro_f1= 82.92%
EarlyStopping counter: 5 out of 15
INFO - 09/13/26 22:43:06 - 0:11:11 - Epoch 281: train_loss=0.04516905918717384, train_acc= 98.77%
INFO - 09/13/26 22:43:06 - 0:11:11 - Epoch 282: train_loss=0.04257683828473091, train_acc= 99.06%
INFO - 09/13/26 22:43:06 - 0:11:11 - Epoch 283: train_loss=0.04089067503809929, train_acc= 99.06%
INFO - 09/13/26 22:43:06 - 0:11:12 - Epoch 284: train_loss=0.040165457874536514, train_acc= 99.10%
INFO - 09/13/26 22:43:06 - 0:11:12 - Epoch 285: train_loss=0.04053862765431404, train_acc= 98.89%
INFO - 09/13/26 22:43:07 - 0:11:12 - Epoch 285: val_loss=0.6813547015190125, val_acc= 86.34%,val_weighted_f1= 86.14,val_macro_f1= 83.17%
EarlyStopping counter: 6 out of 15
INFO - 09/13/26 22:43:07 - 0:11:12 - Epoch 286: train_loss=0.036184072494506836, train_acc= 99.21%
INFO - 09/13/26 22:43:07 - 0:11:12 - Epoch 287: train_loss=0.039192017167806625, train_acc= 99.05%
INFO - 09/13/26 22:43:07 - 0:11:13 - Epoch 288: train_loss=0.039294254034757614, train_acc= 98.99%
INFO - 09/13/26 22:43:07 - 0:11:13 - Epoch 289: train_loss=0.03974558785557747, train_acc= 98.97%
INFO - 09/13/26 22:43:08 - 0:11:13 - Epoch 290: train_loss=0.03711836040019989, train_acc= 99.15%
INFO - 09/13/26 22:43:08 - 0:11:13 - Epoch 290: val_loss=0.6965361833572388, val_acc= 85.93%,val_weighted_f1= 85.66,val_macro_f1= 82.61%
EarlyStopping counter: 7 out of 15
INFO - 09/13/26 22:43:08 - 0:11:13 - Epoch 291: train_loss=0.03574828431010246, train_acc= 99.19%
INFO - 09/13/26 22:43:08 - 0:11:14 - Epoch 292: train_loss=0.03767189756035805, train_acc= 99.03%
INFO - 09/13/26 22:43:08 - 0:11:14 - Epoch 293: train_loss=0.03774608299136162, train_acc= 99.11%
INFO - 09/13/26 22:43:09 - 0:11:14 - Epoch 294: train_loss=0.036026809364557266, train_acc= 99.12%
INFO - 09/13/26 22:43:09 - 0:11:14 - Epoch 295: train_loss=0.03691427782177925, train_acc= 99.09%
INFO - 09/13/26 22:43:09 - 0:11:14 - Epoch 295: val_loss=0.70594722032547, val_acc= 86.23%,val_weighted_f1= 85.92,val_macro_f1= 83.03%
EarlyStopping counter: 8 out of 15
INFO - 09/13/26 22:43:09 - 0:11:15 - Epoch 296: train_loss=0.03503783419728279, train_acc= 99.16%
INFO - 09/13/26 22:43:09 - 0:11:15 - Epoch 297: train_loss=0.032598063349723816, train_acc= 99.24%
INFO - 09/13/26 22:43:10 - 0:11:15 - Epoch 298: train_loss=0.03573531284928322, train_acc= 99.17%
INFO - 09/13/26 22:43:10 - 0:11:15 - Epoch 299: train_loss=0.032897599041461945, train_acc= 99.32%
INFO - 09/13/26 22:43:10 - 0:11:16 - Epoch 300: train_loss=0.031438857316970825, train_acc= 99.27%
INFO - 09/13/26 22:43:10 - 0:11:16 - Epoch 300: val_loss=0.6984190344810486, val_acc= 86.27%,val_weighted_f1= 86.02,val_macro_f1= 83.12%
EarlyStopping counter: 9 out of 15
INFO - 09/13/26 22:43:10 - 0:11:16 - Epoch 301: train_loss=0.03424715995788574, train_acc= 99.15%
INFO - 09/13/26 22:43:11 - 0:11:16 - Epoch 302: train_loss=0.03340777009725571, train_acc= 99.14%
INFO - 09/13/26 22:43:11 - 0:11:16 - Epoch 303: train_loss=0.032867010682821274, train_acc= 99.22%
INFO - 09/13/26 22:43:11 - 0:11:16 - Epoch 304: train_loss=0.030678536742925644, train_acc= 99.27%
INFO - 09/13/26 22:43:11 - 0:11:17 - Epoch 305: train_loss=0.03654518723487854, train_acc= 99.03%
INFO - 09/13/26 22:43:11 - 0:11:17 - Epoch 305: val_loss=0.759223222732544, val_acc= 86.16%,val_weighted_f1= 85.87,val_macro_f1= 82.82%
EarlyStopping counter: 10 out of 15
INFO - 09/13/26 22:43:12 - 0:11:17 - Epoch 306: train_loss=0.04007311537861824, train_acc= 98.88%
INFO - 09/13/26 22:43:12 - 0:11:17 - Epoch 307: train_loss=0.02981080487370491, train_acc= 99.26%
INFO - 09/13/26 22:43:12 - 0:11:17 - Epoch 308: train_loss=0.03632914274930954, train_acc= 99.14%
INFO - 09/13/26 22:43:12 - 0:11:18 - Epoch 309: train_loss=0.034444764256477356, train_acc= 99.14%
INFO - 09/13/26 22:43:13 - 0:11:18 - Epoch 310: train_loss=0.0308394692838192, train_acc= 99.23%
INFO - 09/13/26 22:43:13 - 0:11:18 - Epoch 310: val_loss=0.6900221109390259, val_acc= 86.50%,val_weighted_f1= 86.36,val_macro_f1= 83.34%
INFO - 09/13/26 22:43:13 - 0:11:18 - Epoch 311: train_loss=0.03371117636561394, train_acc= 99.14%
INFO - 09/13/26 22:43:13 - 0:11:18 - Epoch 312: train_loss=0.030661989003419876, train_acc= 99.28%
INFO - 09/13/26 22:43:13 - 0:11:19 - Epoch 313: train_loss=0.03118375688791275, train_acc= 99.22%
INFO - 09/13/26 22:43:14 - 0:11:19 - Epoch 314: train_loss=0.02854907512664795, train_acc= 99.36%
INFO - 09/13/26 22:43:14 - 0:11:19 - Epoch 315: train_loss=0.033514272421598434, train_acc= 99.16%
INFO - 09/13/26 22:43:14 - 0:11:19 - Epoch 315: val_loss=0.7262351512908936, val_acc= 86.35%,val_weighted_f1= 86.10,val_macro_f1= 83.11%
EarlyStopping counter: 1 out of 15
INFO - 09/13/26 22:43:14 - 0:11:19 - Epoch 316: train_loss=0.028298044577240944, train_acc= 99.33%
INFO - 09/13/26 22:43:14 - 0:11:20 - Epoch 317: train_loss=0.032450251281261444, train_acc= 99.16%
INFO - 09/13/26 22:43:14 - 0:11:20 - Epoch 318: train_loss=0.02679130993783474, train_acc= 99.48%
INFO - 09/13/26 22:43:15 - 0:11:20 - Epoch 319: train_loss=0.029221506789326668, train_acc= 99.28%
INFO - 09/13/26 22:43:15 - 0:11:20 - Epoch 320: train_loss=0.029026443138718605, train_acc= 99.26%
INFO - 09/13/26 22:43:15 - 0:11:20 - Epoch 320: val_loss=0.7384834289550781, val_acc= 86.32%,val_weighted_f1= 86.12,val_macro_f1= 83.13%
EarlyStopping counter: 2 out of 15
INFO - 09/13/26 22:43:15 - 0:11:21 - Epoch 321: train_loss=0.025829767808318138, train_acc= 99.42%
INFO - 09/13/26 22:43:16 - 0:11:21 - Epoch 322: train_loss=0.026529638096690178, train_acc= 99.42%
INFO - 09/13/26 22:43:16 - 0:11:21 - Epoch 323: train_loss=0.028838375583291054, train_acc= 99.31%
INFO - 09/13/26 22:43:16 - 0:11:21 - Epoch 324: train_loss=0.025769004598259926, train_acc= 99.40%
INFO - 09/13/26 22:43:16 - 0:11:22 - Epoch 325: train_loss=0.026393147185444832, train_acc= 99.45%
INFO - 09/13/26 22:43:16 - 0:11:22 - Epoch 325: val_loss=0.7276530265808105, val_acc= 86.37%,val_weighted_f1= 86.25,val_macro_f1= 83.33%
EarlyStopping counter: 3 out of 15
INFO - 09/13/26 22:43:17 - 0:11:22 - Epoch 326: train_loss=0.02769474871456623, train_acc= 99.37%
INFO - 09/13/26 22:43:17 - 0:11:22 - Epoch 327: train_loss=0.028804630041122437, train_acc= 99.31%
INFO - 09/13/26 22:43:17 - 0:11:22 - Epoch 328: train_loss=0.027121877297759056, train_acc= 99.36%
INFO - 09/13/26 22:43:17 - 0:11:23 - Epoch 329: train_loss=0.024242699146270752, train_acc= 99.51%
INFO - 09/13/26 22:43:17 - 0:11:23 - Epoch 330: train_loss=0.025588853284716606, train_acc= 99.36%
INFO - 09/13/26 22:43:18 - 0:11:23 - Epoch 330: val_loss=0.7137049436569214, val_acc= 86.37%,val_weighted_f1= 86.22,val_macro_f1= 83.22%
EarlyStopping counter: 4 out of 15
INFO - 09/13/26 22:43:18 - 0:11:23 - Epoch 331: train_loss=0.024089982733130455, train_acc= 99.49%
INFO - 09/13/26 22:43:18 - 0:11:23 - Epoch 332: train_loss=0.023296261206269264, train_acc= 99.51%
INFO - 09/13/26 22:43:18 - 0:11:24 - Epoch 333: train_loss=0.024799516424536705, train_acc= 99.45%
INFO - 09/13/26 22:43:18 - 0:11:24 - Epoch 334: train_loss=0.024282043799757957, train_acc= 99.44%
INFO - 09/13/26 22:43:19 - 0:11:24 - Epoch 335: train_loss=0.022164547815918922, train_acc= 99.58%
INFO - 09/13/26 22:43:19 - 0:11:24 - Epoch 335: val_loss=0.7415304780006409, val_acc= 86.09%,val_weighted_f1= 85.88,val_macro_f1= 82.86%
EarlyStopping counter: 5 out of 15
INFO - 09/13/26 22:43:19 - 0:11:24 - Epoch 336: train_loss=0.021594025194644928, train_acc= 99.57%
INFO - 09/13/26 22:43:19 - 0:11:25 - Epoch 337: train_loss=0.02220691740512848, train_acc= 99.55%
INFO - 09/13/26 22:43:19 - 0:11:25 - Epoch 338: train_loss=0.02169698104262352, train_acc= 99.64%
INFO - 09/13/26 22:43:20 - 0:11:25 - Epoch 339: train_loss=0.02154357172548771, train_acc= 99.63%
INFO - 09/13/26 22:43:20 - 0:11:25 - Epoch 340: train_loss=0.02084946073591709, train_acc= 99.60%
INFO - 09/13/26 22:43:20 - 0:11:25 - Epoch 340: val_loss=0.7497825622558594, val_acc= 86.35%,val_weighted_f1= 86.14,val_macro_f1= 83.11%
EarlyStopping counter: 6 out of 15
INFO - 09/13/26 22:43:20 - 0:11:26 - Epoch 341: train_loss=0.021943606436252594, train_acc= 99.50%
INFO - 09/13/26 22:43:20 - 0:11:26 - Epoch 342: train_loss=0.02069050259888172, train_acc= 99.59%
INFO - 09/13/26 22:43:21 - 0:11:26 - Epoch 343: train_loss=0.020579678937792778, train_acc= 99.61%
INFO - 09/13/26 22:43:21 - 0:11:26 - Epoch 344: train_loss=0.02043847180902958, train_acc= 99.52%
INFO - 09/13/26 22:43:21 - 0:11:26 - Epoch 345: train_loss=0.01990162581205368, train_acc= 99.57%
INFO - 09/13/26 22:43:21 - 0:11:27 - Epoch 345: val_loss=0.7468531727790833, val_acc= 86.58%,val_weighted_f1= 86.33,val_macro_f1= 83.28%
INFO - 09/13/26 22:43:21 - 0:11:27 - Epoch 346: train_loss=0.01984507590532303, train_acc= 99.56%
INFO - 09/13/26 22:43:22 - 0:11:27 - Epoch 347: train_loss=0.019156893715262413, train_acc= 99.66%
INFO - 09/13/26 22:43:22 - 0:11:27 - Epoch 348: train_loss=0.01825723797082901, train_acc= 99.67%
INFO - 09/13/26 22:43:22 - 0:11:27 - Epoch 349: train_loss=0.01825353316962719, train_acc= 99.70%
INFO - 09/13/26 22:43:22 - 0:11:28 - Epoch 350: train_loss=0.01899627409875393, train_acc= 99.63%
INFO - 09/13/26 22:43:22 - 0:11:28 - Epoch 350: val_loss=0.7386156916618347, val_acc= 86.51%,val_weighted_f1= 86.34,val_macro_f1= 83.33%
EarlyStopping counter: 1 out of 15
INFO - 09/13/26 22:43:23 - 0:11:28 - Epoch 351: train_loss=0.019504936411976814, train_acc= 99.58%
INFO - 09/13/26 22:43:23 - 0:11:28 - Epoch 352: train_loss=0.018329929560422897, train_acc= 99.66%
INFO - 09/13/26 22:43:23 - 0:11:28 - Epoch 353: train_loss=0.01861651800572872, train_acc= 99.60%
INFO - 09/13/26 22:43:23 - 0:11:29 - Epoch 354: train_loss=0.018520424142479897, train_acc= 99.66%
INFO - 09/13/26 22:43:24 - 0:11:29 - Epoch 355: train_loss=0.018601534888148308, train_acc= 99.60%
INFO - 09/13/26 22:43:24 - 0:11:29 - Epoch 355: val_loss=0.7451332211494446, val_acc= 86.76%,val_weighted_f1= 86.56,val_macro_f1= 83.61%
INFO - 09/13/26 22:43:24 - 0:11:29 - Epoch 356: train_loss=0.01676293835043907, train_acc= 99.69%
INFO - 09/13/26 22:43:24 - 0:11:29 - Epoch 357: train_loss=0.017581360414624214, train_acc= 99.66%
INFO - 09/13/26 22:43:24 - 0:11:30 - Epoch 358: train_loss=0.017950579524040222, train_acc= 99.66%
INFO - 09/13/26 22:43:24 - 0:11:30 - Epoch 359: train_loss=0.017934052273631096, train_acc= 99.62%
INFO - 09/13/26 22:43:25 - 0:11:30 - Epoch 360: train_loss=0.017364034429192543, train_acc= 99.64%
INFO - 09/13/26 22:43:25 - 0:11:30 - Epoch 360: val_loss=0.7438114285469055, val_acc= 86.67%,val_weighted_f1= 86.48,val_macro_f1= 83.47%
EarlyStopping counter: 1 out of 15
INFO - 09/13/26 22:43:25 - 0:11:30 - Epoch 361: train_loss=0.01655055396258831, train_acc= 99.64%
INFO - 09/13/26 22:43:25 - 0:11:31 - Epoch 362: train_loss=0.014657764695584774, train_acc= 99.79%
INFO - 09/13/26 22:43:26 - 0:11:31 - Epoch 363: train_loss=0.016800852492451668, train_acc= 99.69%
INFO - 09/13/26 22:43:26 - 0:11:31 - Epoch 364: train_loss=0.016276033595204353, train_acc= 99.77%
INFO - 09/13/26 22:43:26 - 0:11:31 - Epoch 365: train_loss=0.01584380492568016, train_acc= 99.70%
INFO - 09/13/26 22:43:26 - 0:11:31 - Epoch 365: val_loss=0.7557913661003113, val_acc= 86.43%,val_weighted_f1= 86.16,val_macro_f1= 83.17%
EarlyStopping counter: 2 out of 15
INFO - 09/13/26 22:43:26 - 0:11:32 - Epoch 366: train_loss=0.01641027256846428, train_acc= 99.67%
INFO - 09/13/26 22:43:27 - 0:11:32 - Epoch 367: train_loss=0.016320403665304184, train_acc= 99.70%
INFO - 09/13/26 22:43:27 - 0:11:32 - Epoch 368: train_loss=0.015816258266568184, train_acc= 99.74%
INFO - 09/13/26 22:43:27 - 0:11:32 - Epoch 369: train_loss=0.01616733893752098, train_acc= 99.68%
INFO - 09/13/26 22:43:27 - 0:11:33 - Epoch 370: train_loss=0.01595189794898033, train_acc= 99.72%
INFO - 09/13/26 22:43:27 - 0:11:33 - Epoch 370: val_loss=0.7686339616775513, val_acc= 86.43%,val_weighted_f1= 86.25,val_macro_f1= 83.27%
EarlyStopping counter: 3 out of 15
INFO - 09/13/26 22:43:28 - 0:11:33 - Epoch 371: train_loss=0.016337167471647263, train_acc= 99.69%
INFO - 09/13/26 22:43:28 - 0:11:33 - Epoch 372: train_loss=0.01507506426423788, train_acc= 99.74%
INFO - 09/13/26 22:43:28 - 0:11:33 - Epoch 373: train_loss=0.014260438270866871, train_acc= 99.70%
INFO - 09/13/26 22:43:28 - 0:11:34 - Epoch 374: train_loss=0.015907414257526398, train_acc= 99.67%
INFO - 09/13/26 22:43:28 - 0:11:34 - Epoch 375: train_loss=0.016074873507022858, train_acc= 99.66%
INFO - 09/13/26 22:43:28 - 0:11:34 - Epoch 375: val_loss=0.763094961643219, val_acc= 86.67%,val_weighted_f1= 86.45,val_macro_f1= 83.55%
EarlyStopping counter: 4 out of 15
INFO - 09/13/26 22:43:29 - 0:11:34 - Epoch 376: train_loss=0.014032886363565922, train_acc= 99.76%
INFO - 09/13/26 22:43:29 - 0:11:34 - Epoch 377: train_loss=0.01462562009692192, train_acc= 99.73%
INFO - 09/13/26 22:43:29 - 0:11:35 - Epoch 378: train_loss=0.014306941069662571, train_acc= 99.74%
INFO - 09/13/26 22:43:29 - 0:11:35 - Epoch 379: train_loss=0.014218488708138466, train_acc= 99.79%
INFO - 09/13/26 22:43:30 - 0:11:35 - Epoch 380: train_loss=0.01638580672442913, train_acc= 99.66%
INFO - 09/13/26 22:43:30 - 0:11:35 - Epoch 380: val_loss=0.7681554555892944, val_acc= 86.69%,val_weighted_f1= 86.50,val_macro_f1= 83.75%
EarlyStopping counter: 5 out of 15
INFO - 09/13/26 22:43:30 - 0:11:35 - Epoch 381: train_loss=0.014307952485978603, train_acc= 99.71%
INFO - 09/13/26 22:43:30 - 0:11:36 - Epoch 382: train_loss=0.014504640363156796, train_acc= 99.72%
INFO - 09/13/26 22:43:30 - 0:11:36 - Epoch 383: train_loss=0.013872845098376274, train_acc= 99.74%
INFO - 09/13/26 22:43:31 - 0:11:36 - Epoch 384: train_loss=0.013817522674798965, train_acc= 99.78%
INFO - 09/13/26 22:43:31 - 0:11:36 - Epoch 385: train_loss=0.015552308410406113, train_acc= 99.69%
INFO - 09/13/26 22:43:31 - 0:11:36 - Epoch 385: val_loss=0.7679061889648438, val_acc= 86.67%,val_weighted_f1= 86.48,val_macro_f1= 83.62%
EarlyStopping counter: 6 out of 15
INFO - 09/13/26 22:43:31 - 0:11:37 - Epoch 386: train_loss=0.014147150330245495, train_acc= 99.72%
INFO - 09/13/26 22:43:31 - 0:11:37 - Epoch 387: train_loss=0.013822895474731922, train_acc= 99.75%
INFO - 09/13/26 22:43:32 - 0:11:37 - Epoch 388: train_loss=0.014496961608529091, train_acc= 99.69%
INFO - 09/13/26 22:43:32 - 0:11:37 - Epoch 389: train_loss=0.012917956337332726, train_acc= 99.77%
INFO - 09/13/26 22:43:32 - 0:11:37 - Epoch 390: train_loss=0.013956081122159958, train_acc= 99.70%
INFO - 09/13/26 22:43:32 - 0:11:38 - Epoch 390: val_loss=0.7687341570854187, val_acc= 86.62%,val_weighted_f1= 86.43,val_macro_f1= 83.50%
EarlyStopping counter: 7 out of 15
INFO - 09/13/26 22:43:32 - 0:11:38 - Epoch 391: train_loss=0.013349555432796478, train_acc= 99.72%
INFO - 09/13/26 22:43:33 - 0:11:38 - Epoch 392: train_loss=0.012751504778862, train_acc= 99.80%
INFO - 09/13/26 22:43:33 - 0:11:38 - Epoch 393: train_loss=0.0130686704069376, train_acc= 99.76%
INFO - 09/13/26 22:43:33 - 0:11:38 - Epoch 394: train_loss=0.013956930488348007, train_acc= 99.68%
INFO - 09/13/26 22:43:33 - 0:11:39 - Epoch 395: train_loss=0.012816732749342918, train_acc= 99.75%
INFO - 09/13/26 22:43:33 - 0:11:39 - Epoch 395: val_loss=0.7705721855163574, val_acc= 86.57%,val_weighted_f1= 86.40,val_macro_f1= 83.40%
EarlyStopping counter: 8 out of 15
INFO - 09/13/26 22:43:34 - 0:11:39 - Epoch 396: train_loss=0.014111489057540894, train_acc= 99.68%
INFO - 09/13/26 22:43:34 - 0:11:39 - Epoch 397: train_loss=0.01287171058356762, train_acc= 99.76%
INFO - 09/13/26 22:43:34 - 0:11:39 - Epoch 398: train_loss=0.01237692590802908, train_acc= 99.82%
INFO - 09/13/26 22:43:34 - 0:11:40 - Epoch 399: train_loss=0.013989360071718693, train_acc= 99.68%
INFO - 09/13/26 22:43:35 - 0:11:40 - Epoch 400: train_loss=0.012543736957013607, train_acc= 99.73%
INFO - 09/13/26 22:43:35 - 0:11:40 - Epoch 400: val_loss=0.7730764150619507, val_acc= 86.53%,val_weighted_f1= 86.29,val_macro_f1= 83.42%
EarlyStopping counter: 9 out of 15
INFO - 09/13/26 22:43:35 - 0:11:40 - Epoch 401: train_loss=0.013082674704492092, train_acc= 99.74%
INFO - 09/13/26 22:43:35 - 0:11:40 - Epoch 402: train_loss=0.012586541473865509, train_acc= 99.76%
INFO - 09/13/26 22:43:35 - 0:11:41 - Epoch 403: train_loss=0.012283312156796455, train_acc= 99.76%
INFO - 09/13/26 22:43:36 - 0:11:41 - Epoch 404: train_loss=0.010826588608324528, train_acc= 99.81%
INFO - 09/13/26 22:43:36 - 0:11:41 - Epoch 405: train_loss=0.012643057852983475, train_acc= 99.77%
INFO - 09/13/26 22:43:36 - 0:11:41 - Epoch 405: val_loss=0.7763994336128235, val_acc= 86.51%,val_weighted_f1= 86.32,val_macro_f1= 83.48%
EarlyStopping counter: 10 out of 15
INFO - 09/13/26 22:43:36 - 0:11:41 - Epoch 406: train_loss=0.012325185351073742, train_acc= 99.81%
INFO - 09/13/26 22:43:36 - 0:11:42 - Epoch 407: train_loss=0.011225649155676365, train_acc= 99.82%
INFO - 09/13/26 22:43:37 - 0:11:42 - Epoch 408: train_loss=0.012608785182237625, train_acc= 99.67%
INFO - 09/13/26 22:43:37 - 0:11:42 - Epoch 409: train_loss=0.010655752383172512, train_acc= 99.85%
INFO - 09/13/26 22:43:37 - 0:11:42 - Epoch 410: train_loss=0.013847357593476772, train_acc= 99.68%
INFO - 09/13/26 22:43:37 - 0:11:42 - Epoch 410: val_loss=0.7802914381027222, val_acc= 86.67%,val_weighted_f1= 86.52,val_macro_f1= 83.71%
EarlyStopping counter: 11 out of 15
INFO - 09/13/26 22:43:37 - 0:11:43 - Epoch 411: train_loss=0.012406835332512856, train_acc= 99.76%
INFO - 09/13/26 22:43:38 - 0:11:43 - Epoch 412: train_loss=0.010645169764757156, train_acc= 99.83%
INFO - 09/13/26 22:43:38 - 0:11:43 - Epoch 413: train_loss=0.011873280629515648, train_acc= 99.85%
INFO - 09/13/26 22:43:38 - 0:11:43 - Epoch 414: train_loss=0.011703889816999435, train_acc= 99.81%
INFO - 09/13/26 22:43:38 - 0:11:44 - Epoch 415: train_loss=0.010887803509831429, train_acc= 99.79%
INFO - 09/13/26 22:43:38 - 0:11:44 - Epoch 415: val_loss=0.7800753712654114, val_acc= 86.62%,val_weighted_f1= 86.44,val_macro_f1= 83.45%
EarlyStopping counter: 12 out of 15
INFO - 09/13/26 22:43:39 - 0:11:44 - Epoch 416: train_loss=0.01074446365237236, train_acc= 99.81%
INFO - 09/13/26 22:43:39 - 0:11:44 - Epoch 417: train_loss=0.011128009296953678, train_acc= 99.78%
INFO - 09/13/26 22:43:39 - 0:11:44 - Epoch 418: train_loss=0.011741077527403831, train_acc= 99.82%
INFO - 09/13/26 22:43:39 - 0:11:45 - Epoch 419: train_loss=0.012013438157737255, train_acc= 99.74%
INFO - 09/13/26 22:43:40 - 0:11:45 - Epoch 420: train_loss=0.0111827552318573, train_acc= 99.82%
INFO - 09/13/26 22:43:40 - 0:11:45 - Epoch 420: val_loss=0.7890554070472717, val_acc= 86.51%,val_weighted_f1= 86.32,val_macro_f1= 83.39%
EarlyStopping counter: 13 out of 15
INFO - 09/13/26 22:43:40 - 0:11:45 - Epoch 421: train_loss=0.01157244574278593, train_acc= 99.80%
INFO - 09/13/26 22:43:40 - 0:11:45 - Epoch 422: train_loss=0.011477590538561344, train_acc= 99.79%
INFO - 09/13/26 22:43:40 - 0:11:46 - Epoch 423: train_loss=0.01086453627794981, train_acc= 99.77%
INFO - 09/13/26 22:43:41 - 0:11:46 - Epoch 424: train_loss=0.01031598262488842, train_acc= 99.86%
INFO - 09/13/26 22:43:41 - 0:11:46 - Epoch 425: train_loss=0.010514509864151478, train_acc= 99.80%
INFO - 09/13/26 22:43:41 - 0:11:46 - Epoch 425: val_loss=0.7943731546401978, val_acc= 86.41%,val_weighted_f1= 86.20,val_macro_f1= 83.34%
EarlyStopping counter: 14 out of 15
INFO - 09/13/26 22:43:41 - 0:11:46 - Epoch 426: train_loss=0.01086369063705206, train_acc= 99.79%
INFO - 09/13/26 22:43:41 - 0:11:47 - Epoch 427: train_loss=0.009442134760320187, train_acc= 99.89%
INFO - 09/13/26 22:43:41 - 0:11:47 - Epoch 428: train_loss=0.008853425271809101, train_acc= 99.87%
INFO - 09/13/26 22:43:42 - 0:11:47 - Epoch 429: train_loss=0.011194759979844093, train_acc= 99.81%
INFO - 09/13/26 22:43:42 - 0:11:47 - Epoch 430: train_loss=0.009618407115340233, train_acc= 99.91%
INFO - 09/13/26 22:43:42 - 0:11:47 - Epoch 430: val_loss=0.7916700839996338, val_acc= 86.62%,val_weighted_f1= 86.42,val_macro_f1= 83.44%
EarlyStopping counter: 15 out of 15
---------Early stopping--------
INFO - 09/13/26 22:43:42 - 0:11:47 - --------------Testing--------------------
INFO - 09/13/26 22:43:42 - 0:11:47 - --------------Loading from ./checkpoints/NC_Roman-empire_model.pt--------------------
INFO - 09/13/26 22:43:42 - 0:11:47 - test_acc= 87.65%, weighted_f1= 87.50,macro_f1= 83.88%
INFO - 09/13/26 22:43:42 - 0:11:47 - test_acc= 87.65%, weighted_f1= 87.50,macro_f1= 83.88%
INFO - 09/13/26 22:43:42 - 0:11:48 - Epoch 0: train_loss=3.202249050140381, train_acc= 2.22%
INFO - 09/13/26 22:43:43 - 0:11:48 - Epoch 0: val_loss=2.6430258750915527, val_acc= 17.14%,val_weighted_f1= 9.74,val_macro_f1= 4.46%
INFO - 09/13/26 22:43:43 - 0:11:48 - Epoch 1: train_loss=2.6559343338012695, train_acc= 17.68%
INFO - 09/13/26 22:43:43 - 0:11:48 - Epoch 2: train_loss=2.4555206298828125, train_acc= 25.36%
INFO - 09/13/26 22:43:43 - 0:11:49 - Epoch 3: train_loss=2.418766736984253, train_acc= 24.83%
INFO - 09/13/26 22:43:43 - 0:11:49 - Epoch 4: train_loss=2.345921277999878, train_acc= 34.94%
INFO - 09/13/26 22:43:44 - 0:11:49 - Epoch 5: train_loss=2.2708888053894043, train_acc= 40.43%
INFO - 09/13/26 22:43:44 - 0:11:49 - Epoch 5: val_loss=2.1924219131469727, val_acc= 42.52%,val_weighted_f1= 32.13,val_macro_f1= 15.26%
INFO - 09/13/26 22:43:44 - 0:11:49 - Epoch 6: train_loss=2.2023282051086426, train_acc= 40.79%
INFO - 09/13/26 22:43:44 - 0:11:50 - Epoch 7: train_loss=2.128829002380371, train_acc= 41.98%
INFO - 09/13/26 22:43:44 - 0:11:50 - Epoch 8: train_loss=2.0581648349761963, train_acc= 44.04%
INFO - 09/13/26 22:43:45 - 0:11:50 - Epoch 9: train_loss=1.983112096786499, train_acc= 46.91%
INFO - 09/13/26 22:43:45 - 0:11:50 - Epoch 10: train_loss=1.914601445198059, train_acc= 49.21%
INFO - 09/13/26 22:43:45 - 0:11:50 - Epoch 10: val_loss=1.8407882452011108, val_acc= 50.47%,val_weighted_f1= 40.37,val_macro_f1= 21.78%
INFO - 09/13/26 22:43:45 - 0:11:51 - Epoch 11: train_loss=1.8470072746276855, train_acc= 50.60%
INFO - 09/13/26 22:43:45 - 0:11:51 - Epoch 12: train_loss=1.7822604179382324, train_acc= 51.51%
INFO - 09/13/26 22:43:46 - 0:11:51 - Epoch 13: train_loss=1.719053030014038, train_acc= 51.83%
INFO - 09/13/26 22:43:46 - 0:11:51 - Epoch 14: train_loss=1.66080641746521, train_acc= 52.74%
INFO - 09/13/26 22:43:46 - 0:11:51 - Epoch 15: train_loss=1.6022831201553345, train_acc= 53.73%
INFO - 09/13/26 22:43:46 - 0:11:51 - Epoch 15: val_loss=1.5359971523284912, val_acc= 54.05%,val_weighted_f1= 47.30,val_macro_f1= 29.09%
INFO - 09/13/26 22:43:46 - 0:11:52 - Epoch 16: train_loss=1.5477288961410522, train_acc= 54.79%
INFO - 09/13/26 22:43:47 - 0:11:52 - Epoch 17: train_loss=1.504019856452942, train_acc= 55.59%
INFO - 09/13/26 22:43:47 - 0:11:52 - Epoch 18: train_loss=1.459683895111084, train_acc= 56.48%
INFO - 09/13/26 22:43:47 - 0:11:52 - Epoch 19: train_loss=1.4193718433380127, train_acc= 57.83%
INFO - 09/13/26 22:43:47 - 0:11:53 - Epoch 20: train_loss=1.3834470510482788, train_acc= 58.40%
INFO - 09/13/26 22:43:47 - 0:11:53 - Epoch 20: val_loss=1.334093689918518, val_acc= 58.52%,val_weighted_f1= 52.38,val_macro_f1= 35.25%
INFO - 09/13/26 22:43:48 - 0:11:53 - Epoch 21: train_loss=1.3470529317855835, train_acc= 59.02%
INFO - 09/13/26 22:43:48 - 0:11:53 - Epoch 22: train_loss=1.3097903728485107, train_acc= 59.57%
INFO - 09/13/26 22:43:48 - 0:11:53 - Epoch 23: train_loss=1.2783933877944946, train_acc= 60.06%
INFO - 09/13/26 22:43:48 - 0:11:54 - Epoch 24: train_loss=1.241801381111145, train_acc= 61.75%
INFO - 09/13/26 22:43:49 - 0:11:54 - Epoch 25: train_loss=1.2157962322235107, train_acc= 62.25%
INFO - 09/13/26 22:43:49 - 0:11:54 - Epoch 25: val_loss=1.1754966974258423, val_acc= 62.67%,val_weighted_f1= 58.12,val_macro_f1= 43.11%
INFO - 09/13/26 22:43:49 - 0:11:54 - Epoch 26: train_loss=1.1894891262054443, train_acc= 62.62%
INFO - 09/13/26 22:43:49 - 0:11:54 - Epoch 27: train_loss=1.1584903001785278, train_acc= 63.43%
INFO - 09/13/26 22:43:49 - 0:11:55 - Epoch 28: train_loss=1.1349979639053345, train_acc= 64.32%
INFO - 09/13/26 22:43:50 - 0:11:55 - Epoch 29: train_loss=1.1112903356552124, train_acc= 64.52%
INFO - 09/13/26 22:43:50 - 0:11:55 - Epoch 30: train_loss=1.0894277095794678, train_acc= 65.49%
INFO - 09/13/26 22:43:50 - 0:11:55 - Epoch 30: val_loss=1.0532221794128418, val_acc= 66.20%,val_weighted_f1= 62.01,val_macro_f1= 48.93%
INFO - 09/13/26 22:43:50 - 0:11:55 - Epoch 31: train_loss=1.0669748783111572, train_acc= 66.23%
INFO - 09/13/26 22:43:50 - 0:11:56 - Epoch 32: train_loss=1.0408051013946533, train_acc= 67.11%
INFO - 09/13/26 22:43:51 - 0:11:56 - Epoch 33: train_loss=1.0165071487426758, train_acc= 67.78%
INFO - 09/13/26 22:43:51 - 0:11:56 - Epoch 34: train_loss=1.0018420219421387, train_acc= 68.26%
INFO - 09/13/26 22:43:51 - 0:11:56 - Epoch 35: train_loss=0.9911772608757019, train_acc= 68.18%
INFO - 09/13/26 22:43:51 - 0:11:56 - Epoch 35: val_loss=0.9478245973587036, val_acc= 69.39%,val_weighted_f1= 66.49,val_macro_f1= 53.87%
INFO - 09/13/26 22:43:51 - 0:11:57 - Epoch 36: train_loss=0.9541237354278564, train_acc= 69.47%
INFO - 09/13/26 22:43:52 - 0:11:57 - Epoch 37: train_loss=0.9428584575653076, train_acc= 69.83%
INFO - 09/13/26 22:43:52 - 0:11:57 - Epoch 38: train_loss=0.9305106401443481, train_acc= 69.88%
INFO - 09/13/26 22:43:52 - 0:11:57 - Epoch 39: train_loss=0.9031995534896851, train_acc= 70.89%
INFO - 09/13/26 22:43:52 - 0:11:58 - Epoch 40: train_loss=0.8936074376106262, train_acc= 71.59%
INFO - 09/13/26 22:43:52 - 0:11:58 - Epoch 40: val_loss=0.8788322806358337, val_acc= 71.63%,val_weighted_f1= 68.65,val_macro_f1= 57.11%
INFO - 09/13/26 22:43:53 - 0:11:58 - Epoch 41: train_loss=0.8775135278701782, train_acc= 71.68%
INFO - 09/13/26 22:43:53 - 0:11:58 - Epoch 42: train_loss=0.8630149364471436, train_acc= 72.17%
INFO - 09/13/26 22:43:53 - 0:11:58 - Epoch 43: train_loss=0.8444080352783203, train_acc= 73.14%
INFO - 09/13/26 22:43:53 - 0:11:59 - Epoch 44: train_loss=0.8285091519355774, train_acc= 73.38%
INFO - 09/13/26 22:43:53 - 0:11:59 - Epoch 45: train_loss=0.8196671605110168, train_acc= 73.10%
INFO - 09/13/26 22:43:54 - 0:11:59 - Epoch 45: val_loss=0.8049265146255493, val_acc= 73.61%,val_weighted_f1= 71.27,val_macro_f1= 59.85%
INFO - 09/13/26 22:43:54 - 0:11:59 - Epoch 46: train_loss=0.8044634461402893, train_acc= 73.82%
INFO - 09/13/26 22:43:54 - 0:11:59 - Epoch 47: train_loss=0.7964580655097961, train_acc= 74.05%
INFO - 09/13/26 22:43:54 - 0:12:00 - Epoch 48: train_loss=0.7742502093315125, train_acc= 74.82%
INFO - 09/13/26 22:43:54 - 0:12:00 - Epoch 49: train_loss=0.7652674317359924, train_acc= 75.25%
INFO - 09/13/26 22:43:55 - 0:12:00 - Epoch 50: train_loss=0.7555282711982727, train_acc= 75.27%
INFO - 09/13/26 22:43:55 - 0:12:00 - Epoch 50: val_loss=0.7617470026016235, val_acc= 74.81%,val_weighted_f1= 72.72,val_macro_f1= 62.00%
INFO - 09/13/26 22:43:55 - 0:12:00 - Epoch 51: train_loss=0.744537353515625, train_acc= 75.26%
INFO - 09/13/26 22:43:55 - 0:12:01 - Epoch 52: train_loss=0.7307702302932739, train_acc= 76.07%
INFO - 09/13/26 22:43:55 - 0:12:01 - Epoch 53: train_loss=0.724632978439331, train_acc= 75.88%
INFO - 09/13/26 22:43:56 - 0:12:01 - Epoch 54: train_loss=0.7154943346977234, train_acc= 75.99%
INFO - 09/13/26 22:43:56 - 0:12:01 - Epoch 55: train_loss=0.699457585811615, train_acc= 76.82%
INFO - 09/13/26 22:43:56 - 0:12:01 - Epoch 55: val_loss=0.7131808996200562, val_acc= 75.99%,val_weighted_f1= 74.63,val_macro_f1= 64.16%
INFO - 09/13/26 22:43:56 - 0:12:02 - Epoch 56: train_loss=0.6942635774612427, train_acc= 76.51%
INFO - 09/13/26 22:43:56 - 0:12:02 - Epoch 57: train_loss=0.6825432181358337, train_acc= 76.99%
INFO - 09/13/26 22:43:57 - 0:12:02 - Epoch 58: train_loss=0.6746167540550232, train_acc= 77.50%
INFO - 09/13/26 22:43:57 - 0:12:02 - Epoch 59: train_loss=0.6595425009727478, train_acc= 77.65%
INFO - 09/13/26 22:43:57 - 0:12:03 - Epoch 60: train_loss=0.6561147570610046, train_acc= 77.80%
INFO - 09/13/26 22:43:57 - 0:12:03 - Epoch 60: val_loss=0.6794461607933044, val_acc= 77.19%,val_weighted_f1= 76.01,val_macro_f1= 66.74%
INFO - 09/13/26 22:43:57 - 0:12:03 - Epoch 61: train_loss=0.6438753604888916, train_acc= 78.28%
INFO - 09/13/26 22:43:58 - 0:12:03 - Epoch 62: train_loss=0.6387152075767517, train_acc= 78.85%
INFO - 09/13/26 22:43:58 - 0:12:03 - Epoch 63: train_loss=0.6346911191940308, train_acc= 78.17%
INFO - 09/13/26 22:43:58 - 0:12:04 - Epoch 64: train_loss=0.6180433034896851, train_acc= 79.30%
INFO - 09/13/26 22:43:58 - 0:12:04 - Epoch 65: train_loss=0.6173319220542908, train_acc= 79.46%
INFO - 09/13/26 22:43:58 - 0:12:04 - Epoch 65: val_loss=0.6658685803413391, val_acc= 77.83%,val_weighted_f1= 76.59,val_macro_f1= 68.67%
INFO - 09/13/26 22:43:59 - 0:12:04 - Epoch 66: train_loss=0.6048020720481873, train_acc= 79.57%
INFO - 09/13/26 22:43:59 - 0:12:04 - Epoch 67: train_loss=0.5980048775672913, train_acc= 80.08%
INFO - 09/13/26 22:43:59 - 0:12:04 - Epoch 68: train_loss=0.6040578484535217, train_acc= 79.82%
INFO - 09/13/26 22:43:59 - 0:12:05 - Epoch 69: train_loss=0.6117534637451172, train_acc= 79.88%
INFO - 09/13/26 22:44:00 - 0:12:05 - Epoch 70: train_loss=0.5928360819816589, train_acc= 80.13%
INFO - 09/13/26 22:44:00 - 0:12:05 - Epoch 70: val_loss=0.6361501216888428, val_acc= 79.03%,val_weighted_f1= 78.48,val_macro_f1= 71.36%
INFO - 09/13/26 22:44:00 - 0:12:05 - Epoch 71: train_loss=0.5768399834632874, train_acc= 80.53%
INFO - 09/13/26 22:44:00 - 0:12:05 - Epoch 72: train_loss=0.5794757008552551, train_acc= 80.74%
INFO - 09/13/26 22:44:00 - 0:12:06 - Epoch 73: train_loss=0.566940188407898, train_acc= 80.65%
INFO - 09/13/26 22:44:01 - 0:12:06 - Epoch 74: train_loss=0.5605142712593079, train_acc= 81.24%
INFO - 09/13/26 22:44:01 - 0:12:06 - Epoch 75: train_loss=0.5445519089698792, train_acc= 81.83%
INFO - 09/13/26 22:44:01 - 0:12:06 - Epoch 75: val_loss=0.6458864212036133, val_acc= 78.89%,val_weighted_f1= 77.86,val_macro_f1= 71.10%
EarlyStopping counter: 1 out of 15
INFO - 09/13/26 22:44:01 - 0:12:06 - Epoch 76: train_loss=0.5544867515563965, train_acc= 81.24%
INFO - 09/13/26 22:44:01 - 0:12:07 - Epoch 77: train_loss=0.5331997871398926, train_acc= 82.07%
INFO - 09/13/26 22:44:02 - 0:12:07 - Epoch 78: train_loss=0.5417338609695435, train_acc= 81.67%
INFO - 09/13/26 22:44:02 - 0:12:07 - Epoch 79: train_loss=0.5224184989929199, train_acc= 82.32%
INFO - 09/13/26 22:44:02 - 0:12:07 - Epoch 80: train_loss=0.5279884338378906, train_acc= 82.05%
INFO - 09/13/26 22:44:02 - 0:12:08 - Epoch 80: val_loss=0.6020417213439941, val_acc= 80.09%,val_weighted_f1= 79.63,val_macro_f1= 73.47%
INFO - 09/13/26 22:44:02 - 0:12:08 - Epoch 81: train_loss=0.5112881660461426, train_acc= 82.81%
INFO - 09/13/26 22:44:03 - 0:12:08 - Epoch 82: train_loss=0.5130938291549683, train_acc= 82.91%
INFO - 09/13/26 22:44:03 - 0:12:08 - Epoch 83: train_loss=0.5053666830062866, train_acc= 82.71%
INFO - 09/13/26 22:44:03 - 0:12:08 - Epoch 84: train_loss=0.4987032115459442, train_acc= 83.38%
INFO - 09/13/26 22:44:03 - 0:12:09 - Epoch 85: train_loss=0.4971122443675995, train_acc= 83.76%
INFO - 09/13/26 22:44:03 - 0:12:09 - Epoch 85: val_loss=0.5911329388618469, val_acc= 80.49%,val_weighted_f1= 79.98,val_macro_f1= 74.23%
INFO - 09/13/26 22:44:04 - 0:12:09 - Epoch 86: train_loss=0.4863591492176056, train_acc= 83.83%
INFO - 09/13/26 22:44:04 - 0:12:09 - Epoch 87: train_loss=0.4851562976837158, train_acc= 84.09%
INFO - 09/13/26 22:44:04 - 0:12:09 - Epoch 88: train_loss=0.4783877730369568, train_acc= 84.02%
INFO - 09/13/26 22:44:04 - 0:12:10 - Epoch 89: train_loss=0.4730639159679413, train_acc= 84.38%
INFO - 09/13/26 22:44:04 - 0:12:10 - Epoch 90: train_loss=0.46390098333358765, train_acc= 84.29%
INFO - 09/13/26 22:44:05 - 0:12:10 - Epoch 90: val_loss=0.5793051719665527, val_acc= 81.04%,val_weighted_f1= 80.58,val_macro_f1= 75.16%
INFO - 09/13/26 22:44:05 - 0:12:10 - Epoch 91: train_loss=0.4641817510128021, train_acc= 84.50%
INFO - 09/13/26 22:44:05 - 0:12:10 - Epoch 92: train_loss=0.4620364308357239, train_acc= 84.32%
INFO - 09/13/26 22:44:05 - 0:12:11 - Epoch 93: train_loss=0.45245447754859924, train_acc= 84.81%
INFO - 09/13/26 22:44:05 - 0:12:11 - Epoch 94: train_loss=0.45309555530548096, train_acc= 84.58%
INFO - 09/13/26 22:44:06 - 0:12:11 - Epoch 95: train_loss=0.44416752457618713, train_acc= 85.23%
INFO - 09/13/26 22:44:06 - 0:12:11 - Epoch 95: val_loss=0.5686783194541931, val_acc= 81.32%,val_weighted_f1= 80.92,val_macro_f1= 75.97%
INFO - 09/13/26 22:44:06 - 0:12:11 - Epoch 96: train_loss=0.438794881105423, train_acc= 85.39%
INFO - 09/13/26 22:44:06 - 0:12:12 - Epoch 97: train_loss=0.43431568145751953, train_acc= 85.37%
INFO - 09/13/26 22:44:06 - 0:12:12 - Epoch 98: train_loss=0.43009570240974426, train_acc= 85.39%
INFO - 09/13/26 22:44:07 - 0:12:12 - Epoch 99: train_loss=0.4210057258605957, train_acc= 85.97%
INFO - 09/13/26 22:44:07 - 0:12:12 - Epoch 100: train_loss=0.42148974537849426, train_acc= 86.32%
INFO - 09/13/26 22:44:07 - 0:12:12 - Epoch 100: val_loss=0.5575383901596069, val_acc= 81.82%,val_weighted_f1= 81.45,val_macro_f1= 76.80%
INFO - 09/13/26 22:44:07 - 0:12:13 - Epoch 101: train_loss=0.42199599742889404, train_acc= 86.02%
INFO - 09/13/26 22:44:07 - 0:12:13 - Epoch 102: train_loss=0.4159418046474457, train_acc= 86.55%
INFO - 09/13/26 22:44:08 - 0:12:13 - Epoch 103: train_loss=0.40664833784103394, train_acc= 86.36%
INFO - 09/13/26 22:44:08 - 0:12:13 - Epoch 104: train_loss=0.407407283782959, train_acc= 86.62%
INFO - 09/13/26 22:44:08 - 0:12:14 - Epoch 105: train_loss=0.39659982919692993, train_acc= 86.72%
INFO - 09/13/26 22:44:08 - 0:12:14 - Epoch 105: val_loss=0.5512440204620361, val_acc= 82.17%,val_weighted_f1= 81.78,val_macro_f1= 77.51%
INFO - 09/13/26 22:44:08 - 0:12:14 - Epoch 106: train_loss=0.3956543207168579, train_acc= 86.74%
INFO - 09/13/26 22:44:09 - 0:12:14 - Epoch 107: train_loss=0.39090967178344727, train_acc= 87.31%
INFO - 09/13/26 22:44:09 - 0:12:14 - Epoch 108: train_loss=0.39321425557136536, train_acc= 86.83%
INFO - 09/13/26 22:44:09 - 0:12:14 - Epoch 109: train_loss=0.3807761073112488, train_acc= 87.72%
INFO - 09/13/26 22:44:09 - 0:12:15 - Epoch 110: train_loss=0.38380885124206543, train_acc= 86.99%
INFO - 09/13/26 22:44:09 - 0:12:15 - Epoch 110: val_loss=0.5679281949996948, val_acc= 82.17%,val_weighted_f1= 81.70,val_macro_f1= 77.29%
INFO - 09/13/26 22:44:10 - 0:12:15 - Epoch 111: train_loss=0.3831889033317566, train_acc= 87.34%
INFO - 09/13/26 22:44:10 - 0:12:15 - Epoch 112: train_loss=0.3815020024776459, train_acc= 87.08%
INFO - 09/13/26 22:44:10 - 0:12:15 - Epoch 113: train_loss=0.36638450622558594, train_acc= 87.53%
INFO - 09/13/26 22:44:10 - 0:12:16 - Epoch 114: train_loss=0.3655225336551666, train_acc= 87.61%
INFO - 09/13/26 22:44:11 - 0:12:16 - Epoch 115: train_loss=0.36527156829833984, train_acc= 87.67%
INFO - 09/13/26 22:44:11 - 0:12:16 - Epoch 115: val_loss=0.5531400442123413, val_acc= 82.56%,val_weighted_f1= 82.08,val_macro_f1= 78.25%
INFO - 09/13/26 22:44:11 - 0:12:16 - Epoch 116: train_loss=0.35968339443206787, train_acc= 87.84%
INFO - 09/13/26 22:44:11 - 0:12:16 - Epoch 117: train_loss=0.3527492582798004, train_acc= 88.03%
INFO - 09/13/26 22:44:11 - 0:12:17 - Epoch 118: train_loss=0.34790313243865967, train_acc= 88.51%
INFO - 09/13/26 22:44:12 - 0:12:17 - Epoch 119: train_loss=0.34703850746154785, train_acc= 88.54%
INFO - 09/13/26 22:44:12 - 0:12:17 - Epoch 120: train_loss=0.3385225236415863, train_acc= 88.67%
INFO - 09/13/26 22:44:12 - 0:12:17 - Epoch 120: val_loss=0.5381443500518799, val_acc= 82.98%,val_weighted_f1= 82.68,val_macro_f1= 78.69%
INFO - 09/13/26 22:44:12 - 0:12:18 - Epoch 121: train_loss=0.33686065673828125, train_acc= 88.88%
INFO - 09/13/26 22:44:12 - 0:12:18 - Epoch 122: train_loss=0.3373827636241913, train_acc= 88.98%
INFO - 09/13/26 22:44:13 - 0:12:18 - Epoch 123: train_loss=0.33316200971603394, train_acc= 88.62%
INFO - 09/13/26 22:44:13 - 0:12:18 - Epoch 124: train_loss=0.3242582082748413, train_acc= 88.99%
INFO - 09/13/26 22:44:13 - 0:12:18 - Epoch 125: train_loss=0.3233673572540283, train_acc= 89.37%
INFO - 09/13/26 22:44:13 - 0:12:18 - Epoch 125: val_loss=0.529780387878418, val_acc= 83.41%,val_weighted_f1= 83.11,val_macro_f1= 79.27%
INFO - 09/13/26 22:44:13 - 0:12:19 - Epoch 126: train_loss=0.3147227168083191, train_acc= 89.54%
INFO - 09/13/26 22:44:14 - 0:12:19 - Epoch 127: train_loss=0.3146764636039734, train_acc= 89.63%
INFO - 09/13/26 22:44:14 - 0:12:19 - Epoch 128: train_loss=0.31638994812965393, train_acc= 89.61%
INFO - 09/13/26 22:44:14 - 0:12:19 - Epoch 129: train_loss=0.3103101849555969, train_acc= 89.83%
INFO - 09/13/26 22:44:14 - 0:12:20 - Epoch 130: train_loss=0.30603983998298645, train_acc= 89.60%
INFO - 09/13/26 22:44:14 - 0:12:20 - Epoch 130: val_loss=0.5346029996871948, val_acc= 83.48%,val_weighted_f1= 83.23,val_macro_f1= 79.60%
INFO - 09/13/26 22:44:15 - 0:12:20 - Epoch 131: train_loss=0.29849472641944885, train_acc= 90.19%
INFO - 09/13/26 22:44:15 - 0:12:20 - Epoch 132: train_loss=0.3009958863258362, train_acc= 89.80%
INFO - 09/13/26 22:44:15 - 0:12:20 - Epoch 133: train_loss=0.28852638602256775, train_acc= 90.44%
INFO - 09/13/26 22:44:15 - 0:12:21 - Epoch 134: train_loss=0.2899826467037201, train_acc= 90.57%
INFO - 09/13/26 22:44:15 - 0:12:21 - Epoch 135: train_loss=0.28582677245140076, train_acc= 90.75%
INFO - 09/13/26 22:44:16 - 0:12:21 - Epoch 135: val_loss=0.5280667543411255, val_acc= 83.64%,val_weighted_f1= 83.38,val_macro_f1= 79.63%
INFO - 09/13/26 22:44:16 - 0:12:21 - Epoch 136: train_loss=0.28143444657325745, train_acc= 90.84%
INFO - 09/13/26 22:44:16 - 0:12:21 - Epoch 137: train_loss=0.27997690439224243, train_acc= 90.54%
INFO - 09/13/26 22:44:16 - 0:12:22 - Epoch 138: train_loss=0.27180057764053345, train_acc= 90.93%
INFO - 09/13/26 22:44:16 - 0:12:22 - Epoch 139: train_loss=0.2714654505252838, train_acc= 91.34%
INFO - 09/13/26 22:44:17 - 0:12:22 - Epoch 140: train_loss=0.27081143856048584, train_acc= 91.24%
INFO - 09/13/26 22:44:17 - 0:12:22 - Epoch 140: val_loss=0.5368497371673584, val_acc= 83.83%,val_weighted_f1= 83.56,val_macro_f1= 79.91%
INFO - 09/13/26 22:44:17 - 0:12:22 - Epoch 141: train_loss=0.2641090154647827, train_acc= 91.09%
INFO - 09/13/26 22:44:17 - 0:12:23 - Epoch 142: train_loss=0.26446786522865295, train_acc= 91.52%
INFO - 09/13/26 22:44:17 - 0:12:23 - Epoch 143: train_loss=0.26419326663017273, train_acc= 91.02%
INFO - 09/13/26 22:44:18 - 0:12:23 - Epoch 144: train_loss=0.26008352637290955, train_acc= 91.29%
INFO - 09/13/26 22:44:18 - 0:12:23 - Epoch 145: train_loss=0.2813277244567871, train_acc= 90.53%
INFO - 09/13/26 22:44:18 - 0:12:23 - Epoch 145: val_loss=0.5424435138702393, val_acc= 83.92%,val_weighted_f1= 83.97,val_macro_f1= 80.50%
INFO - 09/13/26 22:44:18 - 0:12:24 - Epoch 146: train_loss=0.28338342905044556, train_acc= 90.41%
INFO - 09/13/26 22:44:18 - 0:12:24 - Epoch 147: train_loss=0.30907365679740906, train_acc= 89.06%
INFO - 09/13/26 22:44:19 - 0:12:24 - Epoch 148: train_loss=0.25934478640556335, train_acc= 91.45%
INFO - 09/13/26 22:44:19 - 0:12:24 - Epoch 149: train_loss=0.28524672985076904, train_acc= 90.21%
INFO - 09/13/26 22:44:19 - 0:12:25 - Epoch 150: train_loss=0.2586146891117096, train_acc= 91.19%
INFO - 09/13/26 22:44:19 - 0:12:25 - Epoch 150: val_loss=0.5862915515899658, val_acc= 83.14%,val_weighted_f1= 82.71,val_macro_f1= 79.07%
EarlyStopping counter: 1 out of 15
INFO - 09/13/26 22:44:19 - 0:12:25 - Epoch 151: train_loss=0.27799928188323975, train_acc= 90.68%
INFO - 09/13/26 22:44:20 - 0:12:25 - Epoch 152: train_loss=0.24423952400684357, train_acc= 91.95%
INFO - 09/13/26 22:44:20 - 0:12:25 - Epoch 153: train_loss=0.26463592052459717, train_acc= 90.91%
INFO - 09/13/26 22:44:20 - 0:12:25 - Epoch 154: train_loss=0.24186180531978607, train_acc= 91.93%
INFO - 09/13/26 22:44:20 - 0:12:26 - Epoch 155: train_loss=0.24721333384513855, train_acc= 91.74%
INFO - 09/13/26 22:44:20 - 0:12:26 - Epoch 155: val_loss=0.5594857335090637, val_acc= 83.80%,val_weighted_f1= 83.45,val_macro_f1= 79.80%
EarlyStopping counter: 2 out of 15
INFO - 09/13/26 22:44:21 - 0:12:26 - Epoch 156: train_loss=0.24364636838436127, train_acc= 91.60%
INFO - 09/13/26 22:44:21 - 0:12:26 - Epoch 157: train_loss=0.22840280830860138, train_acc= 92.55%
INFO - 09/13/26 22:44:21 - 0:12:26 - Epoch 158: train_loss=0.2389264553785324, train_acc= 91.86%
INFO - 09/13/26 22:44:21 - 0:12:27 - Epoch 159: train_loss=0.22627612948417664, train_acc= 92.64%
INFO - 09/13/26 22:44:22 - 0:12:27 - Epoch 160: train_loss=0.2331729382276535, train_acc= 92.02%
INFO - 09/13/26 22:44:22 - 0:12:27 - Epoch 160: val_loss=0.5525281429290771, val_acc= 84.32%,val_weighted_f1= 84.07,val_macro_f1= 80.35%
INFO - 09/13/26 22:44:22 - 0:12:27 - Epoch 161: train_loss=0.2278786301612854, train_acc= 92.66%
INFO - 09/13/26 22:44:22 - 0:12:28 - Epoch 162: train_loss=0.21984851360321045, train_acc= 92.78%
INFO - 09/13/26 22:44:22 - 0:12:28 - Epoch 163: train_loss=0.22011198103427887, train_acc= 92.63%
INFO - 09/13/26 22:44:23 - 0:12:28 - Epoch 164: train_loss=0.21656714379787445, train_acc= 92.92%
INFO - 09/13/26 22:44:23 - 0:12:28 - Epoch 165: train_loss=0.21031725406646729, train_acc= 93.22%
INFO - 09/13/26 22:44:23 - 0:12:28 - Epoch 165: val_loss=0.5523141622543335, val_acc= 84.40%,val_weighted_f1= 84.13,val_macro_f1= 80.32%
INFO - 09/13/26 22:44:23 - 0:12:29 - Epoch 166: train_loss=0.21040688455104828, train_acc= 93.20%
INFO - 09/13/26 22:44:23 - 0:12:29 - Epoch 167: train_loss=0.19852468371391296, train_acc= 93.58%
INFO - 09/13/26 22:44:24 - 0:12:29 - Epoch 168: train_loss=0.20586654543876648, train_acc= 92.91%
INFO - 09/13/26 22:44:24 - 0:12:29 - Epoch 169: train_loss=0.19457775354385376, train_acc= 94.06%
INFO - 09/13/26 22:44:24 - 0:12:29 - Epoch 170: train_loss=0.1991749405860901, train_acc= 93.47%
INFO - 09/13/26 22:44:24 - 0:12:29 - Epoch 170: val_loss=0.5533999800682068, val_acc= 84.85%,val_weighted_f1= 84.57,val_macro_f1= 80.86%
INFO - 09/13/26 22:44:24 - 0:12:30 - Epoch 171: train_loss=0.1954888552427292, train_acc= 93.59%
INFO - 09/13/26 22:44:25 - 0:12:30 - Epoch 172: train_loss=0.18923766911029816, train_acc= 93.74%
INFO - 09/13/26 22:44:25 - 0:12:30 - Epoch 173: train_loss=0.18693137168884277, train_acc= 93.80%
INFO - 09/13/26 22:44:25 - 0:12:30 - Epoch 174: train_loss=0.1830572485923767, train_acc= 94.01%
INFO - 09/13/26 22:44:25 - 0:12:31 - Epoch 175: train_loss=0.18477299809455872, train_acc= 93.90%
INFO - 09/13/26 22:44:25 - 0:12:31 - Epoch 175: val_loss=0.5528540015220642, val_acc= 85.15%,val_weighted_f1= 84.93,val_macro_f1= 81.51%
INFO - 09/13/26 22:44:26 - 0:12:31 - Epoch 176: train_loss=0.17848283052444458, train_acc= 94.49%
INFO - 09/13/26 22:44:26 - 0:12:31 - Epoch 177: train_loss=0.17746855318546295, train_acc= 94.28%
INFO - 09/13/26 22:44:26 - 0:12:31 - Epoch 178: train_loss=0.17370645701885223, train_acc= 94.44%
INFO - 09/13/26 22:44:26 - 0:12:32 - Epoch 179: train_loss=0.17358502745628357, train_acc= 94.50%
INFO - 09/13/26 22:44:27 - 0:12:32 - Epoch 180: train_loss=0.17367367446422577, train_acc= 94.35%
INFO - 09/13/26 22:44:27 - 0:12:32 - Epoch 180: val_loss=0.5592334866523743, val_acc= 84.94%,val_weighted_f1= 84.74,val_macro_f1= 81.42%
EarlyStopping counter: 1 out of 15
INFO - 09/13/26 22:44:27 - 0:12:32 - Epoch 181: train_loss=0.16540297865867615, train_acc= 94.76%
INFO - 09/13/26 22:44:27 - 0:12:32 - Epoch 182: train_loss=0.16639892756938934, train_acc= 94.76%
INFO - 09/13/26 22:44:27 - 0:12:33 - Epoch 183: train_loss=0.16490793228149414, train_acc= 94.76%
INFO - 09/13/26 22:44:28 - 0:12:33 - Epoch 184: train_loss=0.16312776505947113, train_acc= 94.76%
INFO - 09/13/26 22:44:28 - 0:12:33 - Epoch 185: train_loss=0.16104848682880402, train_acc= 94.90%
INFO - 09/13/26 22:44:28 - 0:12:33 - Epoch 185: val_loss=0.5602308511734009, val_acc= 85.23%,val_weighted_f1= 85.07,val_macro_f1= 81.64%
INFO - 09/13/26 22:44:28 - 0:12:33 - Epoch 186: train_loss=0.15802466869354248, train_acc= 95.15%
INFO - 09/13/26 22:44:28 - 0:12:34 - Epoch 187: train_loss=0.15309306979179382, train_acc= 95.23%
INFO - 09/13/26 22:44:29 - 0:12:34 - Epoch 188: train_loss=0.1543111354112625, train_acc= 95.16%
INFO - 09/13/26 22:44:29 - 0:12:34 - Epoch 189: train_loss=0.1506386697292328, train_acc= 95.19%
INFO - 09/13/26 22:44:29 - 0:12:34 - Epoch 190: train_loss=0.1513313204050064, train_acc= 95.14%
INFO - 09/13/26 22:44:29 - 0:12:34 - Epoch 190: val_loss=0.579622209072113, val_acc= 85.17%,val_weighted_f1= 84.93,val_macro_f1= 81.42%
EarlyStopping counter: 1 out of 15
INFO - 09/13/26 22:44:29 - 0:12:35 - Epoch 191: train_loss=0.14838482439517975, train_acc= 95.53%
INFO - 09/13/26 22:44:30 - 0:12:35 - Epoch 192: train_loss=0.1425657421350479, train_acc= 95.74%
INFO - 09/13/26 22:44:30 - 0:12:35 - Epoch 193: train_loss=0.1453380137681961, train_acc= 95.52%
INFO - 09/13/26 22:44:30 - 0:12:35 - Epoch 194: train_loss=0.14319480955600739, train_acc= 95.63%
INFO - 09/13/26 22:44:30 - 0:12:35 - Epoch 195: train_loss=0.14553536474704742, train_acc= 95.50%
INFO - 09/13/26 22:44:30 - 0:12:36 - Epoch 195: val_loss=0.5719427466392517, val_acc= 85.30%,val_weighted_f1= 85.15,val_macro_f1= 81.71%
INFO - 09/13/26 22:44:30 - 0:12:36 - Epoch 196: train_loss=0.13710932433605194, train_acc= 95.77%
INFO - 09/13/26 22:44:31 - 0:12:36 - Epoch 197: train_loss=0.13412141799926758, train_acc= 95.85%
INFO - 09/13/26 22:44:31 - 0:12:36 - Epoch 198: train_loss=0.1398501843214035, train_acc= 95.66%
INFO - 09/13/26 22:44:31 - 0:12:36 - Epoch 199: train_loss=0.12900260090827942, train_acc= 96.15%
INFO - 09/13/26 22:44:31 - 0:12:37 - Epoch 200: train_loss=0.13530199229717255, train_acc= 95.81%
INFO - 09/13/26 22:44:32 - 0:12:37 - Epoch 200: val_loss=0.5830906629562378, val_acc= 85.45%,val_weighted_f1= 85.31,val_macro_f1= 81.85%
INFO - 09/13/26 22:44:32 - 0:12:37 - Epoch 201: train_loss=0.1343243420124054, train_acc= 95.96%
INFO - 09/13/26 22:44:32 - 0:12:37 - Epoch 202: train_loss=0.1327308565378189, train_acc= 95.99%
INFO - 09/13/26 22:44:32 - 0:12:38 - Epoch 203: train_loss=0.1272650510072708, train_acc= 96.12%
INFO - 09/13/26 22:44:32 - 0:12:38 - Epoch 204: train_loss=0.12586647272109985, train_acc= 96.21%
INFO - 09/13/26 22:44:33 - 0:12:38 - Epoch 205: train_loss=0.12450900673866272, train_acc= 96.33%
INFO - 09/13/26 22:44:33 - 0:12:38 - Epoch 205: val_loss=0.5837279558181763, val_acc= 85.70%,val_weighted_f1= 85.57,val_macro_f1= 82.31%
INFO - 09/13/26 22:44:33 - 0:12:38 - Epoch 206: train_loss=0.12264987081289291, train_acc= 96.43%
INFO - 09/13/26 22:44:33 - 0:12:39 - Epoch 207: train_loss=0.11826325207948685, train_acc= 96.36%
INFO - 09/13/26 22:44:33 - 0:12:39 - Epoch 208: train_loss=0.11643807590007782, train_acc= 96.50%
INFO - 09/13/26 22:44:34 - 0:12:39 - Epoch 209: train_loss=0.1172441691160202, train_acc= 96.46%
INFO - 09/13/26 22:44:34 - 0:12:39 - Epoch 210: train_loss=0.11339836567640305, train_acc= 96.75%
INFO - 09/13/26 22:44:34 - 0:12:39 - Epoch 210: val_loss=0.5877876877784729, val_acc= 85.61%,val_weighted_f1= 85.52,val_macro_f1= 82.11%
EarlyStopping counter: 1 out of 15
INFO - 09/13/26 22:44:34 - 0:12:39 - Epoch 211: train_loss=0.11532960087060928, train_acc= 96.58%
INFO - 09/13/26 22:44:34 - 0:12:40 - Epoch 212: train_loss=0.10908208042383194, train_acc= 96.70%
INFO - 09/13/26 22:44:35 - 0:12:40 - Epoch 213: train_loss=0.10840999335050583, train_acc= 97.00%
INFO - 09/13/26 22:44:35 - 0:12:40 - Epoch 214: train_loss=0.11246726661920547, train_acc= 96.60%
INFO - 09/13/26 22:44:35 - 0:12:40 - Epoch 215: train_loss=0.106038399040699, train_acc= 96.83%
INFO - 09/13/26 22:44:35 - 0:12:40 - Epoch 215: val_loss=0.6068986058235168, val_acc= 85.67%,val_weighted_f1= 85.52,val_macro_f1= 81.98%
EarlyStopping counter: 2 out of 15
INFO - 09/13/26 22:44:35 - 0:12:41 - Epoch 216: train_loss=0.10268089175224304, train_acc= 97.11%
INFO - 09/13/26 22:44:36 - 0:12:41 - Epoch 217: train_loss=0.11029810458421707, train_acc= 96.66%
INFO - 09/13/26 22:44:36 - 0:12:41 - Epoch 218: train_loss=0.106229767203331, train_acc= 96.80%
INFO - 09/13/26 22:44:36 - 0:12:41 - Epoch 219: train_loss=0.1006537452340126, train_acc= 97.17%
INFO - 09/13/26 22:44:36 - 0:12:42 - Epoch 220: train_loss=0.0985751524567604, train_acc= 97.21%
INFO - 09/13/26 22:44:36 - 0:12:42 - Epoch 220: val_loss=0.62540203332901, val_acc= 85.65%,val_weighted_f1= 85.41,val_macro_f1= 81.82%
EarlyStopping counter: 3 out of 15
INFO - 09/13/26 22:44:37 - 0:12:42 - Epoch 221: train_loss=0.0995606780052185, train_acc= 97.18%
INFO - 09/13/26 22:44:37 - 0:12:42 - Epoch 222: train_loss=0.09646188467741013, train_acc= 97.25%
INFO - 09/13/26 22:44:37 - 0:12:42 - Epoch 223: train_loss=0.09810095280408859, train_acc= 97.25%
INFO - 09/13/26 22:44:37 - 0:12:43 - Epoch 224: train_loss=0.09448890388011932, train_acc= 97.40%
INFO - 09/13/26 22:44:38 - 0:12:43 - Epoch 225: train_loss=0.09453465789556503, train_acc= 97.21%
INFO - 09/13/26 22:44:38 - 0:12:43 - Epoch 225: val_loss=0.6173972487449646, val_acc= 85.70%,val_weighted_f1= 85.62,val_macro_f1= 82.10%
INFO - 09/13/26 22:44:38 - 0:12:43 - Epoch 226: train_loss=0.09331542998552322, train_acc= 97.17%
INFO - 09/13/26 22:44:38 - 0:12:43 - Epoch 227: train_loss=0.08971811830997467, train_acc= 97.44%
INFO - 09/13/26 22:44:38 - 0:12:44 - Epoch 228: train_loss=0.09085845202207565, train_acc= 97.42%
INFO - 09/13/26 22:44:39 - 0:12:44 - Epoch 229: train_loss=0.08991366624832153, train_acc= 97.57%
INFO - 09/13/26 22:44:39 - 0:12:44 - Epoch 230: train_loss=0.08581958711147308, train_acc= 97.64%
INFO - 09/13/26 22:44:39 - 0:12:44 - Epoch 230: val_loss=0.6393762230873108, val_acc= 85.61%,val_weighted_f1= 85.32,val_macro_f1= 81.77%
EarlyStopping counter: 1 out of 15
INFO - 09/13/26 22:44:39 - 0:12:44 - Epoch 231: train_loss=0.08717001974582672, train_acc= 97.41%
INFO - 09/13/26 22:44:39 - 0:12:45 - Epoch 232: train_loss=0.07805117964744568, train_acc= 98.00%
INFO - 09/13/26 22:44:40 - 0:12:45 - Epoch 233: train_loss=0.0896463468670845, train_acc= 97.33%
INFO - 09/13/26 22:44:40 - 0:12:45 - Epoch 234: train_loss=0.0894472599029541, train_acc= 97.40%
INFO - 09/13/26 22:44:40 - 0:12:45 - Epoch 235: train_loss=0.08540758490562439, train_acc= 97.45%
INFO - 09/13/26 22:44:40 - 0:12:45 - Epoch 235: val_loss=0.6434571146965027, val_acc= 85.84%,val_weighted_f1= 85.70,val_macro_f1= 82.33%
INFO - 09/13/26 22:44:40 - 0:12:46 - Epoch 236: train_loss=0.08235876262187958, train_acc= 97.63%
INFO - 09/13/26 22:44:40 - 0:12:46 - Epoch 237: train_loss=0.08013131469488144, train_acc= 97.78%
INFO - 09/13/26 22:44:41 - 0:12:46 - Epoch 238: train_loss=0.08346839994192123, train_acc= 97.67%
INFO - 09/13/26 22:44:41 - 0:12:46 - Epoch 239: train_loss=0.075468510389328, train_acc= 97.73%
INFO - 09/13/26 22:44:41 - 0:12:47 - Epoch 240: train_loss=0.07648279517889023, train_acc= 97.86%
INFO - 09/13/26 22:44:41 - 0:12:47 - Epoch 240: val_loss=0.6354290843009949, val_acc= 85.81%,val_weighted_f1= 85.65,val_macro_f1= 82.04%
EarlyStopping counter: 1 out of 15
INFO - 09/13/26 22:44:42 - 0:12:47 - Epoch 241: train_loss=0.07001395523548126, train_acc= 98.31%
INFO - 09/13/26 22:44:42 - 0:12:47 - Epoch 242: train_loss=0.07399177551269531, train_acc= 97.88%
INFO - 09/13/26 22:44:42 - 0:12:47 - Epoch 243: train_loss=0.07161229103803635, train_acc= 98.04%
INFO - 09/13/26 22:44:42 - 0:12:48 - Epoch 244: train_loss=0.0681849867105484, train_acc= 98.18%
INFO - 09/13/26 22:44:42 - 0:12:48 - Epoch 245: train_loss=0.07225318998098373, train_acc= 98.02%
INFO - 09/13/26 22:44:43 - 0:12:48 - Epoch 245: val_loss=0.6360231041908264, val_acc= 85.91%,val_weighted_f1= 85.87,val_macro_f1= 82.64%
INFO - 09/13/26 22:44:43 - 0:12:48 - Epoch 246: train_loss=0.06898004561662674, train_acc= 98.23%
INFO - 09/13/26 22:44:43 - 0:12:48 - Epoch 247: train_loss=0.06577418744564056, train_acc= 98.28%
INFO - 09/13/26 22:44:43 - 0:12:49 - Epoch 248: train_loss=0.06572101265192032, train_acc= 98.17%
INFO - 09/13/26 22:44:43 - 0:12:49 - Epoch 249: train_loss=0.0645618587732315, train_acc= 98.26%
INFO - 09/13/26 22:44:44 - 0:12:49 - Epoch 250: train_loss=0.06322161108255386, train_acc= 98.32%
INFO - 09/13/26 22:44:44 - 0:12:49 - Epoch 250: val_loss=0.6628720164299011, val_acc= 85.84%,val_weighted_f1= 85.69,val_macro_f1= 82.24%
EarlyStopping counter: 1 out of 15
INFO - 09/13/26 22:44:44 - 0:12:49 - Epoch 251: train_loss=0.06741498410701752, train_acc= 98.01%
INFO - 09/13/26 22:44:44 - 0:12:50 - Epoch 252: train_loss=0.059786077588796616, train_acc= 98.47%
INFO - 09/13/26 22:44:44 - 0:12:50 - Epoch 253: train_loss=0.06126943230628967, train_acc= 98.32%
INFO - 09/13/26 22:44:45 - 0:12:50 - Epoch 254: train_loss=0.059265460819005966, train_acc= 98.48%
INFO - 09/13/26 22:44:45 - 0:12:50 - Epoch 255: train_loss=0.06044433265924454, train_acc= 98.53%
INFO - 09/13/26 22:44:45 - 0:12:50 - Epoch 255: val_loss=0.674302875995636, val_acc= 86.07%,val_weighted_f1= 85.88,val_macro_f1= 82.53%
INFO - 09/13/26 22:44:45 - 0:12:51 - Epoch 256: train_loss=0.06334546953439713, train_acc= 98.22%
INFO - 09/13/26 22:44:45 - 0:12:51 - Epoch 257: train_loss=0.060271259397268295, train_acc= 98.33%
INFO - 09/13/26 22:44:46 - 0:12:51 - Epoch 258: train_loss=0.057889122515916824, train_acc= 98.50%
INFO - 09/13/26 22:44:46 - 0:12:51 - Epoch 259: train_loss=0.05720037594437599, train_acc= 98.51%
INFO - 09/13/26 22:44:46 - 0:12:52 - Epoch 260: train_loss=0.0591483898460865, train_acc= 98.42%
INFO - 09/13/26 22:44:46 - 0:12:52 - Epoch 260: val_loss=0.6655434370040894, val_acc= 85.93%,val_weighted_f1= 85.80,val_macro_f1= 82.26%
EarlyStopping counter: 1 out of 15
INFO - 09/13/26 22:44:46 - 0:12:52 - Epoch 261: train_loss=0.05348630249500275, train_acc= 98.70%
INFO - 09/13/26 22:44:47 - 0:12:52 - Epoch 262: train_loss=0.05491122975945473, train_acc= 98.68%
INFO - 09/13/26 22:44:47 - 0:12:52 - Epoch 263: train_loss=0.05197639390826225, train_acc= 98.80%
INFO - 09/13/26 22:44:47 - 0:12:52 - Epoch 264: train_loss=0.05114664137363434, train_acc= 98.73%
INFO - 09/13/26 22:44:47 - 0:12:53 - Epoch 265: train_loss=0.05275392904877663, train_acc= 98.61%
INFO - 09/13/26 22:44:47 - 0:12:53 - Epoch 265: val_loss=0.6654511094093323, val_acc= 86.20%,val_weighted_f1= 86.09,val_macro_f1= 82.72%
INFO - 09/13/26 22:44:48 - 0:12:53 - Epoch 266: train_loss=0.05324424430727959, train_acc= 98.63%
INFO - 09/13/26 22:44:48 - 0:12:53 - Epoch 267: train_loss=0.050266023725271225, train_acc= 98.74%
INFO - 09/13/26 22:44:48 - 0:12:53 - Epoch 268: train_loss=0.05189294368028641, train_acc= 98.55%
INFO - 09/13/26 22:44:48 - 0:12:54 - Epoch 269: train_loss=0.050498057156801224, train_acc= 98.64%
INFO - 09/13/26 22:44:49 - 0:12:54 - Epoch 270: train_loss=0.047701332718133926, train_acc= 98.84%
INFO - 09/13/26 22:44:49 - 0:12:54 - Epoch 270: val_loss=0.7056145668029785, val_acc= 86.09%,val_weighted_f1= 85.89,val_macro_f1= 82.58%
EarlyStopping counter: 1 out of 15
INFO - 09/13/26 22:44:49 - 0:12:54 - Epoch 271: train_loss=0.05145127326250076, train_acc= 98.61%
INFO - 09/13/26 22:44:49 - 0:12:54 - Epoch 272: train_loss=0.04762915521860123, train_acc= 98.84%
INFO - 09/13/26 22:44:49 - 0:12:55 - Epoch 273: train_loss=0.050601452589035034, train_acc= 98.72%
INFO - 09/13/26 22:44:50 - 0:12:55 - Epoch 274: train_loss=0.05005841702222824, train_acc= 98.58%
INFO - 09/13/26 22:44:50 - 0:12:55 - Epoch 275: train_loss=0.046090688556432724, train_acc= 98.98%
INFO - 09/13/26 22:44:50 - 0:12:55 - Epoch 275: val_loss=0.6701524257659912, val_acc= 86.11%,val_weighted_f1= 86.01,val_macro_f1= 82.65%
EarlyStopping counter: 2 out of 15
INFO - 09/13/26 22:44:50 - 0:12:55 - Epoch 276: train_loss=0.04822203889489174, train_acc= 98.84%
INFO - 09/13/26 22:44:50 - 0:12:56 - Epoch 277: train_loss=0.050271470099687576, train_acc= 98.59%
INFO - 09/13/26 22:44:50 - 0:12:56 - Epoch 278: train_loss=0.04313869774341583, train_acc= 99.00%
INFO - 09/13/26 22:44:51 - 0:12:56 - Epoch 279: train_loss=0.04619191214442253, train_acc= 98.84%
INFO - 09/13/26 22:44:51 - 0:12:56 - Epoch 280: train_loss=0.04449164494872093, train_acc= 98.76%
INFO - 09/13/26 22:44:51 - 0:12:56 - Epoch 280: val_loss=0.707950234413147, val_acc= 85.97%,val_weighted_f1= 85.82,val_macro_f1= 82.33%
EarlyStopping counter: 3 out of 15
INFO - 09/13/26 22:44:51 - 0:12:57 - Epoch 281: train_loss=0.04282847419381142, train_acc= 99.00%
INFO - 09/13/26 22:44:52 - 0:12:57 - Epoch 282: train_loss=0.045931391417980194, train_acc= 98.84%
INFO - 09/13/26 22:44:52 - 0:12:57 - Epoch 283: train_loss=0.04006657376885414, train_acc= 99.07%
INFO - 09/13/26 22:44:52 - 0:12:57 - Epoch 284: train_loss=0.04243604466319084, train_acc= 98.96%
INFO - 09/13/26 22:44:52 - 0:12:58 - Epoch 285: train_loss=0.03991471976041794, train_acc= 99.14%
INFO - 09/13/26 22:44:52 - 0:12:58 - Epoch 285: val_loss=0.6888797879219055, val_acc= 86.35%,val_weighted_f1= 86.24,val_macro_f1= 83.09%
INFO - 09/13/26 22:44:53 - 0:12:58 - Epoch 286: train_loss=0.040402449667453766, train_acc= 99.00%
INFO - 09/13/26 22:44:53 - 0:12:58 - Epoch 287: train_loss=0.039714232087135315, train_acc= 99.04%
INFO - 09/13/26 22:44:53 - 0:12:58 - Epoch 288: train_loss=0.03909650817513466, train_acc= 99.05%
INFO - 09/13/26 22:44:53 - 0:12:59 - Epoch 289: train_loss=0.03800120949745178, train_acc= 99.03%
INFO - 09/13/26 22:44:53 - 0:12:59 - Epoch 290: train_loss=0.03674701228737831, train_acc= 99.18%
INFO - 09/13/26 22:44:54 - 0:12:59 - Epoch 290: val_loss=0.717014491558075, val_acc= 85.98%,val_weighted_f1= 85.83,val_macro_f1= 82.44%
EarlyStopping counter: 1 out of 15
INFO - 09/13/26 22:44:54 - 0:12:59 - Epoch 291: train_loss=0.03832336515188217, train_acc= 99.12%
INFO - 09/13/26 22:44:54 - 0:12:59 - Epoch 292: train_loss=0.03529689460992813, train_acc= 99.19%
INFO - 09/13/26 22:44:54 - 0:13:00 - Epoch 293: train_loss=0.03684515133500099, train_acc= 99.10%
INFO - 09/13/26 22:44:54 - 0:13:00 - Epoch 294: train_loss=0.03478604182600975, train_acc= 99.27%
INFO - 09/13/26 22:44:55 - 0:13:00 - Epoch 295: train_loss=0.03390570357441902, train_acc= 99.24%
INFO - 09/13/26 22:44:55 - 0:13:00 - Epoch 295: val_loss=0.7159643173217773, val_acc= 86.32%,val_weighted_f1= 86.16,val_macro_f1= 82.92%
EarlyStopping counter: 2 out of 15
INFO - 09/13/26 22:44:55 - 0:13:00 - Epoch 296: train_loss=0.033881913870573044, train_acc= 99.34%
INFO - 09/13/26 22:44:55 - 0:13:01 - Epoch 297: train_loss=0.03346317261457443, train_acc= 99.26%
INFO - 09/13/26 22:44:55 - 0:13:01 - Epoch 298: train_loss=0.03601636737585068, train_acc= 99.14%
INFO - 09/13/26 22:44:56 - 0:13:01 - Epoch 299: train_loss=0.031303904950618744, train_acc= 99.32%
INFO - 09/13/26 22:44:56 - 0:13:01 - Epoch 300: train_loss=0.03205150365829468, train_acc= 99.29%
INFO - 09/13/26 22:44:56 - 0:13:01 - Epoch 300: val_loss=0.7270927429199219, val_acc= 86.35%,val_weighted_f1= 86.21,val_macro_f1= 82.75%
INFO - 09/13/26 22:44:56 - 0:13:02 - Epoch 301: train_loss=0.03425884619355202, train_acc= 99.16%
INFO - 09/13/26 22:44:56 - 0:13:02 - Epoch 302: train_loss=0.030725518241524696, train_acc= 99.29%
INFO - 09/13/26 22:44:57 - 0:13:02 - Epoch 303: train_loss=0.029275590553879738, train_acc= 99.49%
INFO - 09/13/26 22:44:57 - 0:13:02 - Epoch 304: train_loss=0.031272538006305695, train_acc= 99.33%
INFO - 09/13/26 22:44:57 - 0:13:03 - Epoch 305: train_loss=0.030367642641067505, train_acc= 99.39%
INFO - 09/13/26 22:44:57 - 0:13:03 - Epoch 305: val_loss=0.7235446572303772, val_acc= 86.46%,val_weighted_f1= 86.34,val_macro_f1= 83.21%
INFO - 09/13/26 22:44:57 - 0:13:03 - Epoch 306: train_loss=0.030333077535033226, train_acc= 99.38%
INFO - 09/13/26 22:44:58 - 0:13:03 - Epoch 307: train_loss=0.03010946698486805, train_acc= 99.42%
INFO - 09/13/26 22:44:58 - 0:13:03 - Epoch 308: train_loss=0.029606996104121208, train_acc= 99.47%
INFO - 09/13/26 22:44:58 - 0:13:03 - Epoch 309: train_loss=0.030212778598070145, train_acc= 99.40%
INFO - 09/13/26 22:44:58 - 0:13:04 - Epoch 310: train_loss=0.029732322320342064, train_acc= 99.33%
INFO - 09/13/26 22:44:58 - 0:13:04 - Epoch 310: val_loss=0.7338948249816895, val_acc= 86.41%,val_weighted_f1= 86.27,val_macro_f1= 83.15%
EarlyStopping counter: 1 out of 15
INFO - 09/13/26 22:44:59 - 0:13:04 - Epoch 311: train_loss=0.029678409919142723, train_acc= 99.43%
INFO - 09/13/26 22:44:59 - 0:13:04 - Epoch 312: train_loss=0.02820267342031002, train_acc= 99.42%
INFO - 09/13/26 22:44:59 - 0:13:04 - Epoch 313: train_loss=0.02889857068657875, train_acc= 99.40%
INFO - 09/13/26 22:44:59 - 0:13:05 - Epoch 314: train_loss=0.027129853144288063, train_acc= 99.38%
INFO - 09/13/26 22:45:00 - 0:13:05 - Epoch 315: train_loss=0.029617561027407646, train_acc= 99.29%
INFO - 09/13/26 22:45:00 - 0:13:05 - Epoch 315: val_loss=0.7391654253005981, val_acc= 86.64%,val_weighted_f1= 86.54,val_macro_f1= 83.09%
INFO - 09/13/26 22:45:00 - 0:13:05 - Epoch 316: train_loss=0.025652490556240082, train_acc= 99.51%
INFO - 09/13/26 22:45:00 - 0:13:05 - Epoch 317: train_loss=0.027481921017169952, train_acc= 99.34%
INFO - 09/13/26 22:45:00 - 0:13:06 - Epoch 318: train_loss=0.025128021836280823, train_acc= 99.54%
INFO - 09/13/26 22:45:01 - 0:13:06 - Epoch 319: train_loss=0.02723841369152069, train_acc= 99.45%
INFO - 09/13/26 22:45:01 - 0:13:06 - Epoch 320: train_loss=0.026939978823065758, train_acc= 99.43%
INFO - 09/13/26 22:45:01 - 0:13:06 - Epoch 320: val_loss=0.73968905210495, val_acc= 86.55%,val_weighted_f1= 86.44,val_macro_f1= 83.07%
EarlyStopping counter: 1 out of 15
INFO - 09/13/26 22:45:01 - 0:13:07 - Epoch 321: train_loss=0.02617829479277134, train_acc= 99.48%
INFO - 09/13/26 22:45:01 - 0:13:07 - Epoch 322: train_loss=0.025697939097881317, train_acc= 99.45%
INFO - 09/13/26 22:45:02 - 0:13:07 - Epoch 323: train_loss=0.02724444307386875, train_acc= 99.46%
INFO - 09/13/26 22:45:02 - 0:13:07 - Epoch 324: train_loss=0.02393490821123123, train_acc= 99.54%
INFO - 09/13/26 22:45:02 - 0:13:07 - Epoch 325: train_loss=0.02601436711847782, train_acc= 99.44%
INFO - 09/13/26 22:45:02 - 0:13:07 - Epoch 325: val_loss=0.7474451065063477, val_acc= 86.69%,val_weighted_f1= 86.60,val_macro_f1= 83.16%
INFO - 09/13/26 22:45:02 - 0:13:08 - Epoch 326: train_loss=0.026138391345739365, train_acc= 99.44%
INFO - 09/13/26 22:45:03 - 0:13:08 - Epoch 327: train_loss=0.022821977734565735, train_acc= 99.51%
INFO - 09/13/26 22:45:03 - 0:13:08 - Epoch 328: train_loss=0.02334621734917164, train_acc= 99.47%
INFO - 09/13/26 22:45:03 - 0:13:08 - Epoch 329: train_loss=0.023060902953147888, train_acc= 99.63%
INFO - 09/13/26 22:45:03 - 0:13:09 - Epoch 330: train_loss=0.024701112881302834, train_acc= 99.43%
INFO - 09/13/26 22:45:03 - 0:13:09 - Epoch 330: val_loss=0.7537771463394165, val_acc= 86.50%,val_weighted_f1= 86.37,val_macro_f1= 83.10%
EarlyStopping counter: 1 out of 15
INFO - 09/13/26 22:45:04 - 0:13:09 - Epoch 331: train_loss=0.022926075384020805, train_acc= 99.62%
INFO - 09/13/26 22:45:04 - 0:13:09 - Epoch 332: train_loss=0.02308967337012291, train_acc= 99.56%
INFO - 09/13/26 22:45:04 - 0:13:09 - Epoch 333: train_loss=0.02422657422721386, train_acc= 99.51%
INFO - 09/13/26 22:45:04 - 0:13:10 - Epoch 334: train_loss=0.022442789748311043, train_acc= 99.54%
INFO - 09/13/26 22:45:04 - 0:13:10 - Epoch 335: train_loss=0.021848132833838463, train_acc= 99.59%
INFO - 09/13/26 22:45:05 - 0:13:10 - Epoch 335: val_loss=0.7674494385719299, val_acc= 86.60%,val_weighted_f1= 86.44,val_macro_f1= 83.10%
EarlyStopping counter: 2 out of 15
INFO - 09/13/26 22:45:05 - 0:13:10 - Epoch 336: train_loss=0.021168360486626625, train_acc= 99.59%
INFO - 09/13/26 22:45:05 - 0:13:10 - Epoch 337: train_loss=0.020786454901099205, train_acc= 99.65%
INFO - 09/13/26 22:45:05 - 0:13:11 - Epoch 338: train_loss=0.02188248187303543, train_acc= 99.66%
INFO - 09/13/26 22:45:05 - 0:13:11 - Epoch 339: train_loss=0.023505939170718193, train_acc= 99.45%
INFO - 09/13/26 22:45:06 - 0:13:11 - Epoch 340: train_loss=0.021123502403497696, train_acc= 99.66%
INFO - 09/13/26 22:45:06 - 0:13:11 - Epoch 340: val_loss=0.7759249210357666, val_acc= 86.46%,val_weighted_f1= 86.32,val_macro_f1= 82.88%
EarlyStopping counter: 3 out of 15
INFO - 09/13/26 22:45:06 - 0:13:11 - Epoch 341: train_loss=0.020145125687122345, train_acc= 99.66%
INFO - 09/13/26 22:45:06 - 0:13:12 - Epoch 342: train_loss=0.023290621116757393, train_acc= 99.51%
INFO - 09/13/26 22:45:06 - 0:13:12 - Epoch 343: train_loss=0.02171161212027073, train_acc= 99.60%
INFO - 09/13/26 22:45:07 - 0:13:12 - Epoch 344: train_loss=0.02185651659965515, train_acc= 99.57%
INFO - 09/13/26 22:45:07 - 0:13:12 - Epoch 345: train_loss=0.021867165341973305, train_acc= 99.51%
INFO - 09/13/26 22:45:07 - 0:13:12 - Epoch 345: val_loss=0.7684773802757263, val_acc= 86.53%,val_weighted_f1= 86.39,val_macro_f1= 83.17%
EarlyStopping counter: 4 out of 15
INFO - 09/13/26 22:45:07 - 0:13:13 - Epoch 346: train_loss=0.021858196705579758, train_acc= 99.53%
INFO - 09/13/26 22:45:07 - 0:13:13 - Epoch 347: train_loss=0.020450204610824585, train_acc= 99.66%
INFO - 09/13/26 22:45:08 - 0:13:13 - Epoch 348: train_loss=0.020763743668794632, train_acc= 99.55%
INFO - 09/13/26 22:45:08 - 0:13:13 - Epoch 349: train_loss=0.02090262994170189, train_acc= 99.62%
INFO - 09/13/26 22:45:08 - 0:13:13 - Epoch 350: train_loss=0.021841667592525482, train_acc= 99.51%
INFO - 09/13/26 22:45:08 - 0:13:14 - Epoch 350: val_loss=0.7833739519119263, val_acc= 86.67%,val_weighted_f1= 86.52,val_macro_f1= 83.17%
EarlyStopping counter: 5 out of 15
INFO - 09/13/26 22:45:08 - 0:13:14 - Epoch 351: train_loss=0.019381653517484665, train_acc= 99.66%
INFO - 09/13/26 22:45:09 - 0:13:14 - Epoch 352: train_loss=0.019438765943050385, train_acc= 99.58%
INFO - 09/13/26 22:45:09 - 0:13:14 - Epoch 353: train_loss=0.0182542372494936, train_acc= 99.63%
INFO - 09/13/26 22:45:09 - 0:13:14 - Epoch 354: train_loss=0.01856173574924469, train_acc= 99.63%
INFO - 09/13/26 22:45:09 - 0:13:15 - Epoch 355: train_loss=0.02003854140639305, train_acc= 99.53%
INFO - 09/13/26 22:45:09 - 0:13:15 - Epoch 355: val_loss=0.7952199578285217, val_acc= 86.34%,val_weighted_f1= 86.20,val_macro_f1= 82.76%
EarlyStopping counter: 6 out of 15
INFO - 09/13/26 22:45:10 - 0:13:15 - Epoch 356: train_loss=0.018542474135756493, train_acc= 99.64%
INFO - 09/13/26 22:45:10 - 0:13:15 - Epoch 357: train_loss=0.01878637820482254, train_acc= 99.64%
INFO - 09/13/26 22:45:10 - 0:13:15 - Epoch 358: train_loss=0.01784539222717285, train_acc= 99.70%
INFO - 09/13/26 22:45:10 - 0:13:16 - Epoch 359: train_loss=0.018595881760120392, train_acc= 99.57%
INFO - 09/13/26 22:45:11 - 0:13:16 - Epoch 360: train_loss=0.019748209044337273, train_acc= 99.60%
INFO - 09/13/26 22:45:11 - 0:13:16 - Epoch 360: val_loss=0.7767027616500854, val_acc= 86.69%,val_weighted_f1= 86.57,val_macro_f1= 83.44%
INFO - 09/13/26 22:45:11 - 0:13:16 - Epoch 361: train_loss=0.019125834107398987, train_acc= 99.66%
INFO - 09/13/26 22:45:11 - 0:13:17 - Epoch 362: train_loss=0.016840320080518723, train_acc= 99.71%
INFO - 09/13/26 22:45:11 - 0:13:17 - Epoch 363: train_loss=0.01799307018518448, train_acc= 99.65%
INFO - 09/13/26 22:45:12 - 0:13:17 - Epoch 364: train_loss=0.017973806709051132, train_acc= 99.69%
INFO - 09/13/26 22:45:12 - 0:13:17 - Epoch 365: train_loss=0.01639554649591446, train_acc= 99.75%
INFO - 09/13/26 22:45:12 - 0:13:17 - Epoch 365: val_loss=0.7778946757316589, val_acc= 86.88%,val_weighted_f1= 86.77,val_macro_f1= 83.58%
INFO - 09/13/26 22:45:12 - 0:13:18 - Epoch 366: train_loss=0.018031351268291473, train_acc= 99.59%
INFO - 09/13/26 22:45:12 - 0:13:18 - Epoch 367: train_loss=0.017985302954912186, train_acc= 99.59%
INFO - 09/13/26 22:45:13 - 0:13:18 - Epoch 368: train_loss=0.017969639971852303, train_acc= 99.63%
INFO - 09/13/26 22:45:13 - 0:13:18 - Epoch 369: train_loss=0.017620675265789032, train_acc= 99.65%
INFO - 09/13/26 22:45:13 - 0:13:18 - Epoch 370: train_loss=0.01650357060134411, train_acc= 99.69%
INFO - 09/13/26 22:45:13 - 0:13:18 - Epoch 370: val_loss=0.7836432456970215, val_acc= 86.80%,val_weighted_f1= 86.65,val_macro_f1= 83.31%
EarlyStopping counter: 1 out of 15
INFO - 09/13/26 22:45:13 - 0:13:19 - Epoch 371: train_loss=0.01759045571088791, train_acc= 99.62%
INFO - 09/13/26 22:45:14 - 0:13:19 - Epoch 372: train_loss=0.01796429231762886, train_acc= 99.59%
INFO - 09/13/26 22:45:14 - 0:13:19 - Epoch 373: train_loss=0.01682516746222973, train_acc= 99.67%
INFO - 09/13/26 22:45:14 - 0:13:19 - Epoch 374: train_loss=0.015768645331263542, train_acc= 99.70%
INFO - 09/13/26 22:45:14 - 0:13:20 - Epoch 375: train_loss=0.016719216480851173, train_acc= 99.69%
INFO - 09/13/26 22:45:14 - 0:13:20 - Epoch 375: val_loss=0.7981963157653809, val_acc= 86.57%,val_weighted_f1= 86.46,val_macro_f1= 83.31%
EarlyStopping counter: 2 out of 15
INFO - 09/13/26 22:45:15 - 0:13:20 - Epoch 376: train_loss=0.015683026984333992, train_acc= 99.73%
INFO - 09/13/26 22:45:15 - 0:13:20 - Epoch 377: train_loss=0.015104633755981922, train_acc= 99.74%
INFO - 09/13/26 22:45:15 - 0:13:20 - Epoch 378: train_loss=0.016167884692549706, train_acc= 99.71%
INFO - 09/13/26 22:45:15 - 0:13:21 - Epoch 379: train_loss=0.016191789880394936, train_acc= 99.66%
INFO - 09/13/26 22:45:16 - 0:13:21 - Epoch 380: train_loss=0.014552267268300056, train_acc= 99.77%
INFO - 09/13/26 22:45:16 - 0:13:21 - Epoch 380: val_loss=0.8148488402366638, val_acc= 86.69%,val_weighted_f1= 86.58,val_macro_f1= 83.38%
EarlyStopping counter: 3 out of 15
INFO - 09/13/26 22:45:16 - 0:13:21 - Epoch 381: train_loss=0.016180044040083885, train_acc= 99.72%
INFO - 09/13/26 22:45:16 - 0:13:21 - Epoch 382: train_loss=0.01399930939078331, train_acc= 99.75%
INFO - 09/13/26 22:45:16 - 0:13:22 - Epoch 383: train_loss=0.01609160378575325, train_acc= 99.71%
INFO - 09/13/26 22:45:17 - 0:13:22 - Epoch 384: train_loss=0.01611950993537903, train_acc= 99.65%
INFO - 09/13/26 22:45:17 - 0:13:22 - Epoch 385: train_loss=0.016499370336532593, train_acc= 99.65%
INFO - 09/13/26 22:45:17 - 0:13:22 - Epoch 385: val_loss=0.8077748417854309, val_acc= 86.67%,val_weighted_f1= 86.54,val_macro_f1= 82.97%
EarlyStopping counter: 4 out of 15
INFO - 09/13/26 22:45:17 - 0:13:22 - Epoch 386: train_loss=0.014903158880770206, train_acc= 99.74%
INFO - 09/13/26 22:45:17 - 0:13:23 - Epoch 387: train_loss=0.016397956758737564, train_acc= 99.66%
INFO - 09/13/26 22:45:18 - 0:13:23 - Epoch 388: train_loss=0.014433669857680798, train_acc= 99.70%
INFO - 09/13/26 22:45:18 - 0:13:23 - Epoch 389: train_loss=0.01655997708439827, train_acc= 99.59%
INFO - 09/13/26 22:45:18 - 0:13:23 - Epoch 390: train_loss=0.013811124488711357, train_acc= 99.70%
INFO - 09/13/26 22:45:18 - 0:13:23 - Epoch 390: val_loss=0.7980859875679016, val_acc= 86.64%,val_weighted_f1= 86.56,val_macro_f1= 83.37%
EarlyStopping counter: 5 out of 15
INFO - 09/13/26 22:45:18 - 0:13:24 - Epoch 391: train_loss=0.015561065636575222, train_acc= 99.71%
INFO - 09/13/26 22:45:18 - 0:13:24 - Epoch 392: train_loss=0.01398478727787733, train_acc= 99.71%
INFO - 09/13/26 22:45:19 - 0:13:24 - Epoch 393: train_loss=0.01329972967505455, train_acc= 99.87%
INFO - 09/13/26 22:45:19 - 0:13:24 - Epoch 394: train_loss=0.013795916922390461, train_acc= 99.79%
INFO - 09/13/26 22:45:19 - 0:13:24 - Epoch 395: train_loss=0.013154268264770508, train_acc= 99.77%
INFO - 09/13/26 22:45:19 - 0:13:25 - Epoch 395: val_loss=0.7975136041641235, val_acc= 86.83%,val_weighted_f1= 86.73,val_macro_f1= 83.47%
EarlyStopping counter: 6 out of 15
INFO - 09/13/26 22:45:19 - 0:13:25 - Epoch 396: train_loss=0.012064019218087196, train_acc= 99.80%
INFO - 09/13/26 22:45:20 - 0:13:25 - Epoch 397: train_loss=0.013991712592542171, train_acc= 99.71%
INFO - 09/13/26 22:45:20 - 0:13:25 - Epoch 398: train_loss=0.013164385221898556, train_acc= 99.81%
INFO - 09/13/26 22:45:20 - 0:13:25 - Epoch 399: train_loss=0.012721888720989227, train_acc= 99.74%
INFO - 09/13/26 22:45:20 - 0:13:26 - Epoch 400: train_loss=0.013214552775025368, train_acc= 99.78%
INFO - 09/13/26 22:45:21 - 0:13:26 - Epoch 400: val_loss=0.8074672818183899, val_acc= 86.83%,val_weighted_f1= 86.72,val_macro_f1= 83.63%
EarlyStopping counter: 7 out of 15
INFO - 09/13/26 22:45:21 - 0:13:26 - Epoch 401: train_loss=0.012704078108072281, train_acc= 99.78%
INFO - 09/13/26 22:45:21 - 0:13:26 - Epoch 402: train_loss=0.01400451548397541, train_acc= 99.71%
INFO - 09/13/26 22:45:21 - 0:13:27 - Epoch 403: train_loss=0.012924931943416595, train_acc= 99.79%
INFO - 09/13/26 22:45:21 - 0:13:27 - Epoch 404: train_loss=0.011905964463949203, train_acc= 99.81%
INFO - 09/13/26 22:45:22 - 0:13:27 - Epoch 405: train_loss=0.013829276897013187, train_acc= 99.71%
INFO - 09/13/26 22:45:22 - 0:13:27 - Epoch 405: val_loss=0.8175830245018005, val_acc= 86.81%,val_weighted_f1= 86.70,val_macro_f1= 83.32%
EarlyStopping counter: 8 out of 15
INFO - 09/13/26 22:45:22 - 0:13:27 - Epoch 406: train_loss=0.013075629249215126, train_acc= 99.73%
INFO - 09/13/26 22:45:22 - 0:13:28 - Epoch 407: train_loss=0.012109496630728245, train_acc= 99.80%
INFO - 09/13/26 22:45:22 - 0:13:28 - Epoch 408: train_loss=0.01186349242925644, train_acc= 99.81%
INFO - 09/13/26 22:45:23 - 0:13:28 - Epoch 409: train_loss=0.012495884671807289, train_acc= 99.77%
INFO - 09/13/26 22:45:23 - 0:13:28 - Epoch 410: train_loss=0.012267433106899261, train_acc= 99.79%
INFO - 09/13/26 22:45:23 - 0:13:28 - Epoch 410: val_loss=0.8332733511924744, val_acc= 86.46%,val_weighted_f1= 86.29,val_macro_f1= 82.92%
EarlyStopping counter: 9 out of 15
INFO - 09/13/26 22:45:23 - 0:13:28 - Epoch 411: train_loss=0.01441765297204256, train_acc= 99.70%
INFO - 09/13/26 22:45:23 - 0:13:29 - Epoch 412: train_loss=0.012091497890651226, train_acc= 99.76%
INFO - 09/13/26 22:45:24 - 0:13:29 - Epoch 413: train_loss=0.011928487569093704, train_acc= 99.79%
INFO - 09/13/26 22:45:24 - 0:13:29 - Epoch 414: train_loss=0.011661849915981293, train_acc= 99.83%
INFO - 09/13/26 22:45:24 - 0:13:29 - Epoch 415: train_loss=0.011676084250211716, train_acc= 99.78%
INFO - 09/13/26 22:45:24 - 0:13:29 - Epoch 415: val_loss=0.8295303583145142, val_acc= 86.81%,val_weighted_f1= 86.62,val_macro_f1= 83.21%
EarlyStopping counter: 10 out of 15
INFO - 09/13/26 22:45:24 - 0:13:30 - Epoch 416: train_loss=0.011722723953425884, train_acc= 99.81%
INFO - 09/13/26 22:45:25 - 0:13:30 - Epoch 417: train_loss=0.010030651465058327, train_acc= 99.88%
INFO - 09/13/26 22:45:25 - 0:13:30 - Epoch 418: train_loss=0.010758861899375916, train_acc= 99.85%
INFO - 09/13/26 22:45:25 - 0:13:30 - Epoch 419: train_loss=0.0116107277572155, train_acc= 99.82%
INFO - 09/13/26 22:45:25 - 0:13:31 - Epoch 420: train_loss=0.011382006108760834, train_acc= 99.76%
INFO - 09/13/26 22:45:25 - 0:13:31 - Epoch 420: val_loss=0.8329015374183655, val_acc= 86.74%,val_weighted_f1= 86.54,val_macro_f1= 83.22%
EarlyStopping counter: 11 out of 15
INFO - 09/13/26 22:45:26 - 0:13:31 - Epoch 421: train_loss=0.011616160161793232, train_acc= 99.78%
INFO - 09/13/26 22:45:26 - 0:13:31 - Epoch 422: train_loss=0.011648456566035748, train_acc= 99.78%
INFO - 09/13/26 22:45:26 - 0:13:31 - Epoch 423: train_loss=0.011578092351555824, train_acc= 99.80%
INFO - 09/13/26 22:45:26 - 0:13:32 - Epoch 424: train_loss=0.011116520501673222, train_acc= 99.81%
INFO - 09/13/26 22:45:27 - 0:13:32 - Epoch 425: train_loss=0.010639948770403862, train_acc= 99.84%
INFO - 09/13/26 22:45:27 - 0:13:32 - Epoch 425: val_loss=0.8361744284629822, val_acc= 86.65%,val_weighted_f1= 86.49,val_macro_f1= 83.12%
EarlyStopping counter: 12 out of 15
INFO - 09/13/26 22:45:27 - 0:13:32 - Epoch 426: train_loss=0.010807489976286888, train_acc= 99.81%
INFO - 09/13/26 22:45:27 - 0:13:32 - Epoch 427: train_loss=0.011388220824301243, train_acc= 99.81%
INFO - 09/13/26 22:45:27 - 0:13:33 - Epoch 428: train_loss=0.011422932147979736, train_acc= 99.79%
INFO - 09/13/26 22:45:28 - 0:13:33 - Epoch 429: train_loss=0.01113777793943882, train_acc= 99.85%
INFO - 09/13/26 22:45:28 - 0:13:33 - Epoch 430: train_loss=0.009637338109314442, train_acc= 99.83%
INFO - 09/13/26 22:45:28 - 0:13:33 - Epoch 430: val_loss=0.8304798603057861, val_acc= 86.78%,val_weighted_f1= 86.65,val_macro_f1= 83.34%
EarlyStopping counter: 13 out of 15
INFO - 09/13/26 22:45:28 - 0:13:33 - Epoch 431: train_loss=0.011698364280164242, train_acc= 99.75%
INFO - 09/13/26 22:45:28 - 0:13:34 - Epoch 432: train_loss=0.010251877829432487, train_acc= 99.86%
INFO - 09/13/26 22:45:29 - 0:13:34 - Epoch 433: train_loss=0.010666551999747753, train_acc= 99.80%
INFO - 09/13/26 22:45:29 - 0:13:34 - Epoch 434: train_loss=0.009595202282071114, train_acc= 99.86%
INFO - 09/13/26 22:45:29 - 0:13:34 - Epoch 435: train_loss=0.009685952216386795, train_acc= 99.84%
INFO - 09/13/26 22:45:29 - 0:13:34 - Epoch 435: val_loss=0.8327179551124573, val_acc= 86.69%,val_weighted_f1= 86.54,val_macro_f1= 83.38%
EarlyStopping counter: 14 out of 15
INFO - 09/13/26 22:45:29 - 0:13:35 - Epoch 436: train_loss=0.010114874690771103, train_acc= 99.82%
INFO - 09/13/26 22:45:29 - 0:13:35 - Epoch 437: train_loss=0.011024929583072662, train_acc= 99.80%
INFO - 09/13/26 22:45:30 - 0:13:35 - Epoch 438: train_loss=0.01160398218780756, train_acc= 99.73%
INFO - 09/13/26 22:45:30 - 0:13:35 - Epoch 439: train_loss=0.010546025820076466, train_acc= 99.80%
INFO - 09/13/26 22:45:30 - 0:13:36 - Epoch 440: train_loss=0.010605957359075546, train_acc= 99.81%
INFO - 09/13/26 22:45:30 - 0:13:36 - Epoch 440: val_loss=0.8324689269065857, val_acc= 87.04%,val_weighted_f1= 86.92,val_macro_f1= 83.78%
INFO - 09/13/26 22:45:31 - 0:13:36 - Epoch 441: train_loss=0.00930129736661911, train_acc= 99.90%
INFO - 09/13/26 22:45:31 - 0:13:36 - Epoch 442: train_loss=0.009022529236972332, train_acc= 99.87%
INFO - 09/13/26 22:45:31 - 0:13:36 - Epoch 443: train_loss=0.009912580251693726, train_acc= 99.85%
INFO - 09/13/26 22:45:31 - 0:13:37 - Epoch 444: train_loss=0.009252564050257206, train_acc= 99.89%
INFO - 09/13/26 22:45:31 - 0:13:37 - Epoch 445: train_loss=0.009232351556420326, train_acc= 99.89%
INFO - 09/13/26 22:45:32 - 0:13:37 - Epoch 445: val_loss=0.8438947200775146, val_acc= 86.55%,val_weighted_f1= 86.38,val_macro_f1= 82.97%
EarlyStopping counter: 1 out of 15
INFO - 09/13/26 22:45:32 - 0:13:37 - Epoch 446: train_loss=0.009375550784170628, train_acc= 99.89%
INFO - 09/13/26 22:45:32 - 0:13:37 - Epoch 447: train_loss=0.009863760322332382, train_acc= 99.81%
INFO - 09/13/26 22:45:32 - 0:13:38 - Epoch 448: train_loss=0.009743466973304749, train_acc= 99.84%
INFO - 09/13/26 22:45:32 - 0:13:38 - Epoch 449: train_loss=0.008914422243833542, train_acc= 99.88%
INFO - 09/13/26 22:45:33 - 0:13:38 - Epoch 450: train_loss=0.010261008515954018, train_acc= 99.74%
INFO - 09/13/26 22:45:33 - 0:13:38 - Epoch 450: val_loss=0.8458888530731201, val_acc= 86.87%,val_weighted_f1= 86.73,val_macro_f1= 83.31%
EarlyStopping counter: 2 out of 15
INFO - 09/13/26 22:45:33 - 0:13:38 - Epoch 451: train_loss=0.01054165419191122, train_acc= 99.78%
INFO - 09/13/26 22:45:33 - 0:13:39 - Epoch 452: train_loss=0.009448297321796417, train_acc= 99.84%
INFO - 09/13/26 22:45:33 - 0:13:39 - Epoch 453: train_loss=0.008889492601156235, train_acc= 99.85%
INFO - 09/13/26 22:45:34 - 0:13:39 - Epoch 454: train_loss=0.008431661874055862, train_acc= 99.88%
INFO - 09/13/26 22:45:34 - 0:13:39 - Epoch 455: train_loss=0.009443342685699463, train_acc= 99.83%
INFO - 09/13/26 22:45:34 - 0:13:39 - Epoch 455: val_loss=0.8568968176841736, val_acc= 86.83%,val_weighted_f1= 86.59,val_macro_f1= 83.10%
EarlyStopping counter: 3 out of 15
INFO - 09/13/26 22:45:34 - 0:13:40 - Epoch 456: train_loss=0.008992334827780724, train_acc= 99.86%
INFO - 09/13/26 22:45:34 - 0:13:40 - Epoch 457: train_loss=0.009155772626399994, train_acc= 99.87%
INFO - 09/13/26 22:45:35 - 0:13:40 - Epoch 458: train_loss=0.010125184431672096, train_acc= 99.80%
INFO - 09/13/26 22:45:35 - 0:13:40 - Epoch 459: train_loss=0.00991322472691536, train_acc= 99.83%
INFO - 09/13/26 22:45:35 - 0:13:41 - Epoch 460: train_loss=0.008015012368559837, train_acc= 99.90%
INFO - 09/13/26 22:45:35 - 0:13:41 - Epoch 460: val_loss=0.8678295612335205, val_acc= 86.41%,val_weighted_f1= 86.19,val_macro_f1= 82.82%
EarlyStopping counter: 4 out of 15
INFO - 09/13/26 22:45:35 - 0:13:41 - Epoch 461: train_loss=0.008223864249885082, train_acc= 99.89%
INFO - 09/13/26 22:45:36 - 0:13:41 - Epoch 462: train_loss=0.009806148707866669, train_acc= 99.81%
INFO - 09/13/26 22:45:36 - 0:13:41 - Epoch 463: train_loss=0.008775542490184307, train_acc= 99.88%
INFO - 09/13/26 22:45:36 - 0:13:41 - Epoch 464: train_loss=0.007647381164133549, train_acc= 99.89%
INFO - 09/13/26 22:45:36 - 0:13:42 - Epoch 465: train_loss=0.008561673574149609, train_acc= 99.86%
INFO - 09/13/26 22:45:36 - 0:13:42 - Epoch 465: val_loss=0.8599386811256409, val_acc= 86.87%,val_weighted_f1= 86.78,val_macro_f1= 83.56%
EarlyStopping counter: 5 out of 15
INFO - 09/13/26 22:45:37 - 0:13:42 - Epoch 466: train_loss=0.009233387187123299, train_acc= 99.81%
INFO - 09/13/26 22:45:37 - 0:13:42 - Epoch 467: train_loss=0.007822990417480469, train_acc= 99.89%
INFO - 09/13/26 22:45:37 - 0:13:42 - Epoch 468: train_loss=0.008940660394728184, train_acc= 99.86%
INFO - 09/13/26 22:45:37 - 0:13:43 - Epoch 469: train_loss=0.007949989289045334, train_acc= 99.90%
INFO - 09/13/26 22:45:38 - 0:13:43 - Epoch 470: train_loss=0.009343904443085194, train_acc= 99.79%
INFO - 09/13/26 22:45:38 - 0:13:43 - Epoch 470: val_loss=0.8579180240631104, val_acc= 86.99%,val_weighted_f1= 86.83,val_macro_f1= 83.59%
EarlyStopping counter: 6 out of 15
INFO - 09/13/26 22:45:38 - 0:13:43 - Epoch 471: train_loss=0.007822507992386818, train_acc= 99.87%
INFO - 09/13/26 22:45:38 - 0:13:43 - Epoch 472: train_loss=0.007831326685845852, train_acc= 99.88%
INFO - 09/13/26 22:45:38 - 0:13:44 - Epoch 473: train_loss=0.009118936024606228, train_acc= 99.86%
INFO - 09/13/26 22:45:39 - 0:13:44 - Epoch 474: train_loss=0.008286918513476849, train_acc= 99.85%
INFO - 09/13/26 22:45:39 - 0:13:44 - Epoch 475: train_loss=0.00812300480902195, train_acc= 99.88%
INFO - 09/13/26 22:45:39 - 0:13:44 - Epoch 475: val_loss=0.8589606881141663, val_acc= 86.88%,val_weighted_f1= 86.75,val_macro_f1= 83.65%
EarlyStopping counter: 7 out of 15
INFO - 09/13/26 22:45:39 - 0:13:44 - Epoch 476: train_loss=0.008223803713917732, train_acc= 99.89%
INFO - 09/13/26 22:45:39 - 0:13:45 - Epoch 477: train_loss=0.009803017601370811, train_acc= 99.81%
INFO - 09/13/26 22:45:39 - 0:13:45 - Epoch 478: train_loss=0.008112120442092419, train_acc= 99.85%
INFO - 09/13/26 22:45:40 - 0:13:45 - Epoch 479: train_loss=0.0071456036530435085, train_acc= 99.92%
INFO - 09/13/26 22:45:40 - 0:13:45 - Epoch 480: train_loss=0.00733930105343461, train_acc= 99.93%
INFO - 09/13/26 22:45:40 - 0:13:45 - Epoch 480: val_loss=0.8562851548194885, val_acc= 86.90%,val_weighted_f1= 86.70,val_macro_f1= 83.52%
EarlyStopping counter: 8 out of 15
INFO - 09/13/26 22:45:40 - 0:13:46 - Epoch 481: train_loss=0.008159498684108257, train_acc= 99.84%
INFO - 09/13/26 22:45:41 - 0:13:46 - Epoch 482: train_loss=0.008016383275389671, train_acc= 99.82%
INFO - 09/13/26 22:45:41 - 0:13:46 - Epoch 483: train_loss=0.007734070066362619, train_acc= 99.89%
INFO - 09/13/26 22:45:41 - 0:13:46 - Epoch 484: train_loss=0.008943162858486176, train_acc= 99.84%
INFO - 09/13/26 22:45:41 - 0:13:47 - Epoch 485: train_loss=0.0067780655808746815, train_acc= 99.91%
INFO - 09/13/26 22:45:41 - 0:13:47 - Epoch 485: val_loss=0.8689407706260681, val_acc= 86.95%,val_weighted_f1= 86.80,val_macro_f1= 83.68%
EarlyStopping counter: 9 out of 15
INFO - 09/13/26 22:45:42 - 0:13:47 - Epoch 486: train_loss=0.007351201958954334, train_acc= 99.90%
INFO - 09/13/26 22:45:42 - 0:13:47 - Epoch 487: train_loss=0.006262244191020727, train_acc= 99.93%
INFO - 09/13/26 22:45:42 - 0:13:47 - Epoch 488: train_loss=0.006935758050531149, train_acc= 99.90%
INFO - 09/13/26 22:45:42 - 0:13:48 - Epoch 489: train_loss=0.007467579562216997, train_acc= 99.90%
INFO - 09/13/26 22:45:42 - 0:13:48 - Epoch 490: train_loss=0.0074639408849179745, train_acc= 99.86%
INFO - 09/13/26 22:45:43 - 0:13:48 - Epoch 490: val_loss=0.868333101272583, val_acc= 87.03%,val_weighted_f1= 86.88,val_macro_f1= 83.59%
EarlyStopping counter: 10 out of 15
INFO - 09/13/26 22:45:43 - 0:13:48 - Epoch 491: train_loss=0.007316594943404198, train_acc= 99.90%
INFO - 09/13/26 22:45:43 - 0:13:48 - Epoch 492: train_loss=0.007384337484836578, train_acc= 99.86%
INFO - 09/13/26 22:45:43 - 0:13:49 - Epoch 493: train_loss=0.007500049192458391, train_acc= 99.85%
INFO - 09/13/26 22:45:43 - 0:13:49 - Epoch 494: train_loss=0.00685420585796237, train_acc= 99.91%
INFO - 09/13/26 22:45:44 - 0:13:49 - Epoch 495: train_loss=0.00798090174794197, train_acc= 99.86%
INFO - 09/13/26 22:45:44 - 0:13:49 - Epoch 495: val_loss=0.859492301940918, val_acc= 87.11%,val_weighted_f1= 86.99,val_macro_f1= 83.97%
INFO - 09/13/26 22:45:44 - 0:13:49 - Epoch 496: train_loss=0.005760017316788435, train_acc= 99.98%
INFO - 09/13/26 22:45:44 - 0:13:50 - Epoch 497: train_loss=0.006721505429595709, train_acc= 99.88%
INFO - 09/13/26 22:45:44 - 0:13:50 - Epoch 498: train_loss=0.007411308120936155, train_acc= 99.89%
INFO - 09/13/26 22:45:45 - 0:13:50 - Epoch 499: train_loss=0.007165988907217979, train_acc= 99.88%
INFO - 09/13/26 22:45:45 - 0:13:50 - Epoch 500: train_loss=0.007125828415155411, train_acc= 99.86%
INFO - 09/13/26 22:45:45 - 0:13:50 - Epoch 500: val_loss=0.8804953098297119, val_acc= 86.78%,val_weighted_f1= 86.58,val_macro_f1= 83.33%
EarlyStopping counter: 1 out of 15
INFO - 09/13/26 22:45:45 - 0:13:51 - Epoch 501: train_loss=0.00719072949141264, train_acc= 99.87%
INFO - 09/13/26 22:45:45 - 0:13:51 - Epoch 502: train_loss=0.00784207321703434, train_acc= 99.87%
INFO - 09/13/26 22:45:46 - 0:13:51 - Epoch 503: train_loss=0.00730102090165019, train_acc= 99.83%
INFO - 09/13/26 22:45:46 - 0:13:51 - Epoch 504: train_loss=0.007034489419311285, train_acc= 99.83%
INFO - 09/13/26 22:45:46 - 0:13:52 - Epoch 505: train_loss=0.00570123502984643, train_acc= 99.95%
INFO - 09/13/26 22:45:46 - 0:13:52 - Epoch 505: val_loss=0.8873808979988098, val_acc= 87.01%,val_weighted_f1= 86.83,val_macro_f1= 83.69%
EarlyStopping counter: 2 out of 15
INFO - 09/13/26 22:45:46 - 0:13:52 - Epoch 506: train_loss=0.0071846917271614075, train_acc= 99.83%
INFO - 09/13/26 22:45:47 - 0:13:52 - Epoch 507: train_loss=0.0066631087101995945, train_acc= 99.89%
INFO - 09/13/26 22:45:47 - 0:13:52 - Epoch 508: train_loss=0.006974793504923582, train_acc= 99.89%
INFO - 09/13/26 22:45:47 - 0:13:52 - Epoch 509: train_loss=0.00681111216545105, train_acc= 99.88%
INFO - 09/13/26 22:45:47 - 0:13:53 - Epoch 510: train_loss=0.006336199585348368, train_acc= 99.89%
INFO - 09/13/26 22:45:47 - 0:13:53 - Epoch 510: val_loss=0.878060519695282, val_acc= 87.04%,val_weighted_f1= 86.93,val_macro_f1= 83.78%
EarlyStopping counter: 3 out of 15
INFO - 09/13/26 22:45:48 - 0:13:53 - Epoch 511: train_loss=0.006424078717827797, train_acc= 99.91%
INFO - 09/13/26 22:45:48 - 0:13:53 - Epoch 512: train_loss=0.005869045853614807, train_acc= 99.90%
INFO - 09/13/26 22:45:48 - 0:13:53 - Epoch 513: train_loss=0.0067338477820158005, train_acc= 99.86%
INFO - 09/13/26 22:45:48 - 0:13:54 - Epoch 514: train_loss=0.005863336846232414, train_acc= 99.90%
INFO - 09/13/26 22:45:49 - 0:13:54 - Epoch 515: train_loss=0.006780613679438829, train_acc= 99.91%
INFO - 09/13/26 22:45:49 - 0:13:54 - Epoch 515: val_loss=0.8708076477050781, val_acc= 87.26%,val_weighted_f1= 87.10,val_macro_f1= 83.98%
INFO - 09/13/26 22:45:49 - 0:13:54 - Epoch 516: train_loss=0.00653883907943964, train_acc= 99.90%
INFO - 09/13/26 22:45:49 - 0:13:54 - Epoch 517: train_loss=0.005444396287202835, train_acc= 99.93%
INFO - 09/13/26 22:45:49 - 0:13:55 - Epoch 518: train_loss=0.006287065334618092, train_acc= 99.93%
INFO - 09/13/26 22:45:50 - 0:13:55 - Epoch 519: train_loss=0.006710190325975418, train_acc= 99.91%
INFO - 09/13/26 22:45:50 - 0:13:55 - Epoch 520: train_loss=0.00678262347355485, train_acc= 99.89%
INFO - 09/13/26 22:45:50 - 0:13:55 - Epoch 520: val_loss=0.8768305778503418, val_acc= 86.99%,val_weighted_f1= 86.84,val_macro_f1= 83.78%
EarlyStopping counter: 1 out of 15
INFO - 09/13/26 22:45:50 - 0:13:55 - Epoch 521: train_loss=0.007391226477921009, train_acc= 99.90%
INFO - 09/13/26 22:45:50 - 0:13:56 - Epoch 522: train_loss=0.007484048139303923, train_acc= 99.86%
INFO - 09/13/26 22:45:51 - 0:13:56 - Epoch 523: train_loss=0.006867154035717249, train_acc= 99.90%
INFO - 09/13/26 22:45:51 - 0:13:56 - Epoch 524: train_loss=0.005802066531032324, train_acc= 99.90%
INFO - 09/13/26 22:45:51 - 0:13:56 - Epoch 525: train_loss=0.006354970391839743, train_acc= 99.88%
INFO - 09/13/26 22:45:51 - 0:13:56 - Epoch 525: val_loss=0.8945472240447998, val_acc= 87.04%,val_weighted_f1= 86.87,val_macro_f1= 83.87%
EarlyStopping counter: 2 out of 15
INFO - 09/13/26 22:45:51 - 0:13:57 - Epoch 526: train_loss=0.0055516567081213, train_acc= 99.95%
INFO - 09/13/26 22:45:52 - 0:13:57 - Epoch 527: train_loss=0.00769352912902832, train_acc= 99.84%
INFO - 09/13/26 22:45:52 - 0:13:57 - Epoch 528: train_loss=0.005619244184345007, train_acc= 99.91%
INFO - 09/13/26 22:45:52 - 0:13:57 - Epoch 529: train_loss=0.005682745482772589, train_acc= 99.95%
INFO - 09/13/26 22:45:52 - 0:13:58 - Epoch 530: train_loss=0.006167644169181585, train_acc= 99.89%
INFO - 09/13/26 22:45:52 - 0:13:58 - Epoch 530: val_loss=0.8954048752784729, val_acc= 86.76%,val_weighted_f1= 86.57,val_macro_f1= 83.23%
EarlyStopping counter: 3 out of 15
INFO - 09/13/26 22:45:53 - 0:13:58 - Epoch 531: train_loss=0.006294999271631241, train_acc= 99.87%
INFO - 09/13/26 22:45:53 - 0:13:58 - Epoch 532: train_loss=0.005500657018274069, train_acc= 99.95%
INFO - 09/13/26 22:45:53 - 0:13:58 - Epoch 533: train_loss=0.0064703430980443954, train_acc= 99.89%
INFO - 09/13/26 22:45:53 - 0:13:59 - Epoch 534: train_loss=0.00609507504850626, train_acc= 99.89%
INFO - 09/13/26 22:45:53 - 0:13:59 - Epoch 535: train_loss=0.006308221258223057, train_acc= 99.89%
INFO - 09/13/26 22:45:53 - 0:13:59 - Epoch 535: val_loss=0.8818029165267944, val_acc= 86.92%,val_weighted_f1= 86.74,val_macro_f1= 83.59%
EarlyStopping counter: 4 out of 15
INFO - 09/13/26 22:45:54 - 0:13:59 - Epoch 536: train_loss=0.004682266619056463, train_acc= 99.97%
INFO - 09/13/26 22:45:54 - 0:13:59 - Epoch 537: train_loss=0.005880228243768215, train_acc= 99.89%
INFO - 09/13/26 22:45:54 - 0:14:00 - Epoch 538: train_loss=0.006207267753779888, train_acc= 99.89%
INFO - 09/13/26 22:45:54 - 0:14:00 - Epoch 539: train_loss=0.00602874206379056, train_acc= 99.91%
INFO - 09/13/26 22:45:55 - 0:14:00 - Epoch 540: train_loss=0.006645876448601484, train_acc= 99.89%
INFO - 09/13/26 22:45:55 - 0:14:00 - Epoch 540: val_loss=0.8710790872573853, val_acc= 86.90%,val_weighted_f1= 86.81,val_macro_f1= 83.55%
EarlyStopping counter: 5 out of 15
INFO - 09/13/26 22:45:55 - 0:14:00 - Epoch 541: train_loss=0.005696493200957775, train_acc= 99.89%
INFO - 09/13/26 22:45:55 - 0:14:01 - Epoch 542: train_loss=0.005855237599462271, train_acc= 99.93%
INFO - 09/13/26 22:45:55 - 0:14:01 - Epoch 543: train_loss=0.004618808161467314, train_acc= 99.96%
INFO - 09/13/26 22:45:56 - 0:14:01 - Epoch 544: train_loss=0.005770687013864517, train_acc= 99.90%
INFO - 09/13/26 22:45:56 - 0:14:01 - Epoch 545: train_loss=0.004967769607901573, train_acc= 99.96%
INFO - 09/13/26 22:45:56 - 0:14:01 - Epoch 545: val_loss=0.8749098181724548, val_acc= 87.15%,val_weighted_f1= 86.94,val_macro_f1= 83.66%
EarlyStopping counter: 6 out of 15
INFO - 09/13/26 22:45:56 - 0:14:02 - Epoch 546: train_loss=0.006066190544515848, train_acc= 99.93%
INFO - 09/13/26 22:45:56 - 0:14:02 - Epoch 547: train_loss=0.005630661267787218, train_acc= 99.93%
INFO - 09/13/26 22:45:57 - 0:14:02 - Epoch 548: train_loss=0.006417759694159031, train_acc= 99.84%
INFO - 09/13/26 22:45:57 - 0:14:02 - Epoch 549: train_loss=0.005659753456711769, train_acc= 99.90%
INFO - 09/13/26 22:45:57 - 0:14:02 - Epoch 550: train_loss=0.006190742831677198, train_acc= 99.89%
INFO - 09/13/26 22:45:57 - 0:14:03 - Epoch 550: val_loss=0.8762190937995911, val_acc= 87.22%,val_weighted_f1= 87.08,val_macro_f1= 84.07%
EarlyStopping counter: 7 out of 15
INFO - 09/13/26 22:45:57 - 0:14:03 - Epoch 551: train_loss=0.005867641884833574, train_acc= 99.89%
INFO - 09/13/26 22:45:58 - 0:14:03 - Epoch 552: train_loss=0.00622889818623662, train_acc= 99.89%
INFO - 09/13/26 22:45:58 - 0:14:03 - Epoch 553: train_loss=0.0048094275407493114, train_acc= 99.94%
INFO - 09/13/26 22:45:58 - 0:14:03 - Epoch 554: train_loss=0.006136893294751644, train_acc= 99.88%
INFO - 09/13/26 22:45:58 - 0:14:04 - Epoch 555: train_loss=0.006092446390539408, train_acc= 99.89%
INFO - 09/13/26 22:45:58 - 0:14:04 - Epoch 555: val_loss=0.8945538997650146, val_acc= 86.76%,val_weighted_f1= 86.60,val_macro_f1= 83.51%
EarlyStopping counter: 8 out of 15
INFO - 09/13/26 22:45:59 - 0:14:04 - Epoch 556: train_loss=0.006620197556912899, train_acc= 99.88%
INFO - 09/13/26 22:45:59 - 0:14:04 - Epoch 557: train_loss=0.005554016213864088, train_acc= 99.91%
INFO - 09/13/26 22:45:59 - 0:14:04 - Epoch 558: train_loss=0.006391832605004311, train_acc= 99.88%
INFO - 09/13/26 22:45:59 - 0:14:05 - Epoch 559: train_loss=0.005334050394594669, train_acc= 99.91%
INFO - 09/13/26 22:46:00 - 0:14:05 - Epoch 560: train_loss=0.005740083288401365, train_acc= 99.89%
INFO - 09/13/26 22:46:00 - 0:14:05 - Epoch 560: val_loss=0.8873310685157776, val_acc= 86.97%,val_weighted_f1= 86.82,val_macro_f1= 83.67%
EarlyStopping counter: 9 out of 15
INFO - 09/13/26 22:46:00 - 0:14:05 - Epoch 561: train_loss=0.006647804286330938, train_acc= 99.87%
INFO - 09/13/26 22:46:00 - 0:14:06 - Epoch 562: train_loss=0.005566078703850508, train_acc= 99.91%
INFO - 09/13/26 22:46:00 - 0:14:06 - Epoch 563: train_loss=0.005436149891465902, train_acc= 99.92%
INFO - 09/13/26 22:46:01 - 0:14:06 - Epoch 564: train_loss=0.0061190007254481316, train_acc= 99.86%
INFO - 09/13/26 22:46:01 - 0:14:06 - Epoch 565: train_loss=0.006744079291820526, train_acc= 99.85%
INFO - 09/13/26 22:46:01 - 0:14:06 - Epoch 565: val_loss=0.8892899751663208, val_acc= 86.90%,val_weighted_f1= 86.70,val_macro_f1= 83.64%
EarlyStopping counter: 10 out of 15
INFO - 09/13/26 22:46:01 - 0:14:06 - Epoch 566: train_loss=0.004867238458245993, train_acc= 99.92%
INFO - 09/13/26 22:46:01 - 0:14:07 - Epoch 567: train_loss=0.006644849665462971, train_acc= 99.87%
INFO - 09/13/26 22:46:02 - 0:14:07 - Epoch 568: train_loss=0.006634746678173542, train_acc= 99.87%
INFO - 09/13/26 22:46:02 - 0:14:07 - Epoch 569: train_loss=0.005503098480403423, train_acc= 99.87%
INFO - 09/13/26 22:46:02 - 0:14:07 - Epoch 570: train_loss=0.006032259669154882, train_acc= 99.89%
INFO - 09/13/26 22:46:02 - 0:14:07 - Epoch 570: val_loss=0.8976131677627563, val_acc= 86.65%,val_weighted_f1= 86.51,val_macro_f1= 83.23%
EarlyStopping counter: 11 out of 15
INFO - 09/13/26 22:46:02 - 0:14:08 - Epoch 571: train_loss=0.005827012471854687, train_acc= 99.91%
INFO - 09/13/26 22:46:03 - 0:14:08 - Epoch 572: train_loss=0.004385956563055515, train_acc= 99.97%
INFO - 09/13/26 22:46:03 - 0:14:08 - Epoch 573: train_loss=0.005802215542644262, train_acc= 99.92%
INFO - 09/13/26 22:46:03 - 0:14:08 - Epoch 574: train_loss=0.005240020342171192, train_acc= 99.94%
INFO - 09/13/26 22:46:03 - 0:14:09 - Epoch 575: train_loss=0.005353105720132589, train_acc= 99.91%
INFO - 09/13/26 22:46:03 - 0:14:09 - Epoch 575: val_loss=0.8836483955383301, val_acc= 87.01%,val_weighted_f1= 86.86,val_macro_f1= 83.63%
EarlyStopping counter: 12 out of 15
INFO - 09/13/26 22:46:04 - 0:14:09 - Epoch 576: train_loss=0.005463821347802877, train_acc= 99.89%
INFO - 09/13/26 22:46:04 - 0:14:09 - Epoch 577: train_loss=0.005216747056692839, train_acc= 99.93%
INFO - 09/13/26 22:46:04 - 0:14:09 - Epoch 578: train_loss=0.004301066044718027, train_acc= 99.96%
INFO - 09/13/26 22:46:04 - 0:14:10 - Epoch 579: train_loss=0.005816672462970018, train_acc= 99.91%
INFO - 09/13/26 22:46:05 - 0:14:10 - Epoch 580: train_loss=0.005149962846189737, train_acc= 99.92%
INFO - 09/13/26 22:46:05 - 0:14:10 - Epoch 580: val_loss=0.8885325789451599, val_acc= 86.88%,val_weighted_f1= 86.76,val_macro_f1= 83.43%
EarlyStopping counter: 13 out of 15
INFO - 09/13/26 22:46:05 - 0:14:10 - Epoch 581: train_loss=0.0037729551550000906, train_acc= 99.97%
INFO - 09/13/26 22:46:05 - 0:14:10 - Epoch 582: train_loss=0.004261018708348274, train_acc= 99.96%
INFO - 09/13/26 22:46:05 - 0:14:11 - Epoch 583: train_loss=0.0042119440622627735, train_acc= 99.96%
INFO - 09/13/26 22:46:06 - 0:14:11 - Epoch 584: train_loss=0.004677942488342524, train_acc= 99.93%
INFO - 09/13/26 22:46:06 - 0:14:11 - Epoch 585: train_loss=0.006360750179737806, train_acc= 99.86%
INFO - 09/13/26 22:46:06 - 0:14:11 - Epoch 585: val_loss=0.8981072306632996, val_acc= 87.04%,val_weighted_f1= 86.94,val_macro_f1= 83.76%
EarlyStopping counter: 14 out of 15
INFO - 09/13/26 22:46:06 - 0:14:11 - Epoch 586: train_loss=0.004131766967475414, train_acc= 99.96%
INFO - 09/13/26 22:46:06 - 0:14:12 - Epoch 587: train_loss=0.00474924873560667, train_acc= 99.91%
INFO - 09/13/26 22:46:07 - 0:14:12 - Epoch 588: train_loss=0.005046824924647808, train_acc= 99.94%
INFO - 09/13/26 22:46:07 - 0:14:12 - Epoch 589: train_loss=0.004090895410627127, train_acc= 99.96%
INFO - 09/13/26 22:46:07 - 0:14:12 - Epoch 590: train_loss=0.0043975370936095715, train_acc= 99.96%
INFO - 09/13/26 22:46:07 - 0:14:12 - Epoch 590: val_loss=0.9117273688316345, val_acc= 86.97%,val_weighted_f1= 86.75,val_macro_f1= 83.43%
EarlyStopping counter: 15 out of 15
---------Early stopping--------
INFO - 09/13/26 22:46:07 - 0:14:12 - --------------Testing--------------------
INFO - 09/13/26 22:46:07 - 0:14:12 - --------------Loading from ./checkpoints/NC_Roman-empire_model.pt--------------------
INFO - 09/13/26 22:46:07 - 0:14:12 - test_acc= 86.80%, weighted_f1= 86.57,macro_f1= 83.35%
INFO - 09/13/26 22:46:07 - 0:14:12 - test_acc= 86.80%, weighted_f1= 86.57,macro_f1= 83.35%
INFO - 09/13/26 22:46:07 - 0:14:13 - Epoch 0: train_loss=2.980158567428589, train_acc= 5.50%
INFO - 09/13/26 22:46:08 - 0:14:13 - Epoch 0: val_loss=2.5662004947662354, val_acc= 23.81%,val_weighted_f1= 12.66,val_macro_f1= 5.35%
INFO - 09/13/26 22:46:08 - 0:14:13 - Epoch 1: train_loss=2.5780386924743652, train_acc= 23.18%
INFO - 09/13/26 22:46:08 - 0:14:13 - Epoch 2: train_loss=2.4731807708740234, train_acc= 25.43%
INFO - 09/13/26 22:46:08 - 0:14:14 - Epoch 3: train_loss=2.4075088500976562, train_acc= 29.18%
INFO - 09/13/26 22:46:08 - 0:14:14 - Epoch 4: train_loss=2.3290388584136963, train_acc= 38.63%
INFO - 09/13/26 22:46:09 - 0:14:14 - Epoch 5: train_loss=2.2393453121185303, train_acc= 40.56%
INFO - 09/13/26 22:46:09 - 0:14:14 - Epoch 5: val_loss=2.1369900703430176, val_acc= 42.37%,val_weighted_f1= 30.65,val_macro_f1= 13.82%
INFO - 09/13/26 22:46:09 - 0:14:14 - Epoch 6: train_loss=2.1461217403411865, train_acc= 41.44%
INFO - 09/13/26 22:46:09 - 0:14:15 - Epoch 7: train_loss=2.0635831356048584, train_acc= 44.02%
INFO - 09/13/26 22:46:09 - 0:14:15 - Epoch 8: train_loss=1.989989995956421, train_acc= 45.05%
INFO - 09/13/26 22:46:10 - 0:14:15 - Epoch 9: train_loss=1.923801064491272, train_acc= 47.31%
INFO - 09/13/26 22:46:10 - 0:14:15 - Epoch 10: train_loss=1.8526384830474854, train_acc= 49.82%
INFO - 09/13/26 22:46:10 - 0:14:15 - Epoch 10: val_loss=1.7654491662979126, val_acc= 51.16%,val_weighted_f1= 42.63,val_macro_f1= 23.76%
INFO - 09/13/26 22:46:10 - 0:14:16 - Epoch 11: train_loss=1.7799196243286133, train_acc= 51.26%
INFO - 09/13/26 22:46:10 - 0:14:16 - Epoch 12: train_loss=1.7062731981277466, train_acc= 52.31%
INFO - 09/13/26 22:46:11 - 0:14:16 - Epoch 13: train_loss=1.6410212516784668, train_acc= 52.89%
INFO - 09/13/26 22:46:11 - 0:14:16 - Epoch 14: train_loss=1.5805697441101074, train_acc= 54.05%
INFO - 09/13/26 22:46:11 - 0:14:16 - Epoch 15: train_loss=1.5250999927520752, train_acc= 54.81%
INFO - 09/13/26 22:46:11 - 0:14:16 - Epoch 15: val_loss=1.4518133401870728, val_acc= 55.60%,val_weighted_f1= 48.14,val_macro_f1= 27.34%
INFO - 09/13/26 22:46:11 - 0:14:17 - Epoch 16: train_loss=1.4709144830703735, train_acc= 55.50%
INFO - 09/13/26 22:46:12 - 0:14:17 - Epoch 17: train_loss=1.4253554344177246, train_acc= 56.34%
INFO - 09/13/26 22:46:12 - 0:14:17 - Epoch 18: train_loss=1.3822492361068726, train_acc= 57.51%
INFO - 09/13/26 22:46:12 - 0:14:17 - Epoch 19: train_loss=1.3422642946243286, train_acc= 58.36%
INFO - 09/13/26 22:46:12 - 0:14:18 - Epoch 20: train_loss=1.3059470653533936, train_acc= 59.02%
INFO - 09/13/26 22:46:12 - 0:14:18 - Epoch 20: val_loss=1.2530758380889893, val_acc= 60.16%,val_weighted_f1= 55.78,val_macro_f1= 40.74%
INFO - 09/13/26 22:46:13 - 0:14:18 - Epoch 21: train_loss=1.2703936100006104, train_acc= 60.04%
INFO - 09/13/26 22:46:13 - 0:14:18 - Epoch 22: train_loss=1.2319341897964478, train_acc= 60.78%
INFO - 09/13/26 22:46:13 - 0:14:18 - Epoch 23: train_loss=1.2023228406906128, train_acc= 61.64%
INFO - 09/13/26 22:46:13 - 0:14:19 - Epoch 24: train_loss=1.1743966341018677, train_acc= 62.22%
INFO - 09/13/26 22:46:14 - 0:14:19 - Epoch 25: train_loss=1.1445627212524414, train_acc= 63.58%
INFO - 09/13/26 22:46:14 - 0:14:19 - Epoch 25: val_loss=1.1086328029632568, val_acc= 64.80%,val_weighted_f1= 60.39,val_macro_f1= 47.35%
INFO - 09/13/26 22:46:14 - 0:14:19 - Epoch 26: train_loss=1.1186906099319458, train_acc= 64.15%
INFO - 09/13/26 22:46:14 - 0:14:19 - Epoch 27: train_loss=1.0941358804702759, train_acc= 65.06%
INFO - 09/13/26 22:46:14 - 0:14:20 - Epoch 28: train_loss=1.06794011592865, train_acc= 66.07%
INFO - 09/13/26 22:46:15 - 0:14:20 - Epoch 29: train_loss=1.0412300825119019, train_acc= 66.72%
INFO - 09/13/26 22:46:15 - 0:14:20 - Epoch 30: train_loss=1.01145339012146, train_acc= 67.73%
INFO - 09/13/26 22:46:15 - 0:14:20 - Epoch 30: val_loss=1.0245624780654907, val_acc= 66.76%,val_weighted_f1= 62.41,val_macro_f1= 49.79%
INFO - 09/13/26 22:46:15 - 0:14:20 - Epoch 31: train_loss=1.0051299333572388, train_acc= 67.03%
INFO - 09/13/26 22:46:15 - 0:14:21 - Epoch 32: train_loss=0.9919425845146179, train_acc= 68.33%
INFO - 09/13/26 22:46:16 - 0:14:21 - Epoch 33: train_loss=0.961548388004303, train_acc= 68.78%
INFO - 09/13/26 22:46:16 - 0:14:21 - Epoch 34: train_loss=0.9416342973709106, train_acc= 68.99%
INFO - 09/13/26 22:46:16 - 0:14:21 - Epoch 35: train_loss=0.9306847453117371, train_acc= 70.06%
INFO - 09/13/26 22:46:16 - 0:14:21 - Epoch 35: val_loss=0.904232382774353, val_acc= 70.75%,val_weighted_f1= 67.85,val_macro_f1= 55.61%
INFO - 09/13/26 22:46:16 - 0:14:22 - Epoch 36: train_loss=0.901945948600769, train_acc= 70.65%
INFO - 09/13/26 22:46:17 - 0:14:22 - Epoch 37: train_loss=0.8939563035964966, train_acc= 70.51%
INFO - 09/13/26 22:46:17 - 0:14:22 - Epoch 38: train_loss=0.872114896774292, train_acc= 71.99%
INFO - 09/13/26 22:46:17 - 0:14:22 - Epoch 39: train_loss=0.8603597283363342, train_acc= 72.17%
INFO - 09/13/26 22:46:17 - 0:14:23 - Epoch 40: train_loss=0.8406851887702942, train_acc= 72.50%
INFO - 09/13/26 22:46:17 - 0:14:23 - Epoch 40: val_loss=0.8679486513137817, val_acc= 71.99%,val_weighted_f1= 69.13,val_macro_f1= 57.59%
INFO - 09/13/26 22:46:18 - 0:14:23 - Epoch 41: train_loss=0.8330032229423523, train_acc= 72.48%
INFO - 09/13/26 22:46:18 - 0:14:23 - Epoch 42: train_loss=0.8161777853965759, train_acc= 73.31%
INFO - 09/13/26 22:46:18 - 0:14:23 - Epoch 43: train_loss=0.8077837824821472, train_acc= 73.62%
INFO - 09/13/26 22:46:18 - 0:14:24 - Epoch 44: train_loss=0.788054883480072, train_acc= 74.12%
INFO - 09/13/26 22:46:18 - 0:14:24 - Epoch 45: train_loss=0.7760592699050903, train_acc= 74.49%
INFO - 09/13/26 22:46:19 - 0:14:24 - Epoch 45: val_loss=0.800694465637207, val_acc= 74.16%,val_weighted_f1= 72.21,val_macro_f1= 61.53%
INFO - 09/13/26 22:46:19 - 0:14:24 - Epoch 46: train_loss=0.7656223177909851, train_acc= 74.86%
INFO - 09/13/26 22:46:19 - 0:14:24 - Epoch 47: train_loss=0.7487441301345825, train_acc= 75.11%
INFO - 09/13/26 22:46:19 - 0:14:25 - Epoch 48: train_loss=0.7373892068862915, train_acc= 75.42%
INFO - 09/13/26 22:46:19 - 0:14:25 - Epoch 49: train_loss=0.7275832891464233, train_acc= 76.02%
INFO - 09/13/26 22:46:20 - 0:14:25 - Epoch 50: train_loss=0.7178024649620056, train_acc= 76.46%
INFO - 09/13/26 22:46:20 - 0:14:25 - Epoch 50: val_loss=0.761516273021698, val_acc= 75.08%,val_weighted_f1= 73.12,val_macro_f1= 62.74%
INFO - 09/13/26 22:46:20 - 0:14:25 - Epoch 51: train_loss=0.7020379304885864, train_acc= 76.40%
INFO - 09/13/26 22:46:20 - 0:14:26 - Epoch 52: train_loss=0.6933966279029846, train_acc= 76.61%
INFO - 09/13/26 22:46:20 - 0:14:26 - Epoch 53: train_loss=0.6878496408462524, train_acc= 77.28%
INFO - 09/13/26 22:46:21 - 0:14:26 - Epoch 54: train_loss=0.6803311109542847, train_acc= 76.97%
INFO - 09/13/26 22:46:21 - 0:14:26 - Epoch 55: train_loss=0.6655964255332947, train_acc= 77.80%
INFO - 09/13/26 22:46:21 - 0:14:26 - Epoch 55: val_loss=0.713628888130188, val_acc= 76.56%,val_weighted_f1= 75.13,val_macro_f1= 66.00%
INFO - 09/13/26 22:46:21 - 0:14:27 - Epoch 56: train_loss=0.6588256359100342, train_acc= 77.80%
INFO - 09/13/26 22:46:21 - 0:14:27 - Epoch 57: train_loss=0.6489977240562439, train_acc= 78.18%
INFO - 09/13/26 22:46:22 - 0:14:27 - Epoch 58: train_loss=0.6451544761657715, train_acc= 78.32%
INFO - 09/13/26 22:46:22 - 0:14:27 - Epoch 59: train_loss=0.6412531137466431, train_acc= 78.26%
INFO - 09/13/26 22:46:22 - 0:14:28 - Epoch 60: train_loss=0.6342534422874451, train_acc= 78.85%
INFO - 09/13/26 22:46:22 - 0:14:28 - Epoch 60: val_loss=0.6895697712898254, val_acc= 77.81%,val_weighted_f1= 76.63,val_macro_f1= 68.82%
INFO - 09/13/26 22:46:22 - 0:14:28 - Epoch 61: train_loss=0.6245867013931274, train_acc= 79.21%
INFO - 09/13/26 22:46:23 - 0:14:28 - Epoch 62: train_loss=0.610101044178009, train_acc= 79.50%
INFO - 09/13/26 22:46:23 - 0:14:28 - Epoch 63: train_loss=0.6064184308052063, train_acc= 80.13%
INFO - 09/13/26 22:46:23 - 0:14:29 - Epoch 64: train_loss=0.5953852534294128, train_acc= 79.83%
INFO - 09/13/26 22:46:23 - 0:14:29 - Epoch 65: train_loss=0.5877341032028198, train_acc= 80.28%
INFO - 09/13/26 22:46:23 - 0:14:29 - Epoch 65: val_loss=0.6575042605400085, val_acc= 78.62%,val_weighted_f1= 77.82,val_macro_f1= 70.87%
INFO - 09/13/26 22:46:24 - 0:14:29 - Epoch 66: train_loss=0.5804588794708252, train_acc= 80.28%
INFO - 09/13/26 22:46:24 - 0:14:29 - Epoch 67: train_loss=0.5694823861122131, train_acc= 80.94%
INFO - 09/13/26 22:46:24 - 0:14:30 - Epoch 68: train_loss=0.5689510107040405, train_acc= 80.82%
INFO - 09/13/26 22:46:24 - 0:14:30 - Epoch 69: train_loss=0.5599130988121033, train_acc= 81.09%
INFO - 09/13/26 22:46:25 - 0:14:30 - Epoch 70: train_loss=0.5528022050857544, train_acc= 81.36%
INFO - 09/13/26 22:46:25 - 0:14:30 - Epoch 70: val_loss=0.652876615524292, val_acc= 78.59%,val_weighted_f1= 77.48,val_macro_f1= 71.15%
EarlyStopping counter: 1 out of 15
INFO - 09/13/26 22:46:25 - 0:14:30 - Epoch 71: train_loss=0.5533142685890198, train_acc= 81.20%
INFO - 09/13/26 22:46:25 - 0:14:30 - Epoch 72: train_loss=0.5419877171516418, train_acc= 81.87%
INFO - 09/13/26 22:46:25 - 0:14:31 - Epoch 73: train_loss=0.5334243774414062, train_acc= 82.25%
INFO - 09/13/26 22:46:26 - 0:14:31 - Epoch 74: train_loss=0.5354470610618591, train_acc= 81.66%
INFO - 09/13/26 22:46:26 - 0:14:31 - Epoch 75: train_loss=0.5306728482246399, train_acc= 82.29%
INFO - 09/13/26 22:46:26 - 0:14:31 - Epoch 75: val_loss=0.6226153373718262, val_acc= 79.74%,val_weighted_f1= 78.96,val_macro_f1= 73.19%
INFO - 09/13/26 22:46:26 - 0:14:31 - Epoch 76: train_loss=0.5164562463760376, train_acc= 82.71%
INFO - 09/13/26 22:46:26 - 0:14:32 - Epoch 77: train_loss=0.5170285105705261, train_acc= 82.66%
INFO - 09/13/26 22:46:27 - 0:14:32 - Epoch 78: train_loss=0.5116694569587708, train_acc= 82.69%
INFO - 09/13/26 22:46:27 - 0:14:32 - Epoch 79: train_loss=0.5010438561439514, train_acc= 83.13%
INFO - 09/13/26 22:46:27 - 0:14:32 - Epoch 80: train_loss=0.49485886096954346, train_acc= 83.32%
INFO - 09/13/26 22:46:27 - 0:14:33 - Epoch 80: val_loss=0.5980106592178345, val_acc= 80.94%,val_weighted_f1= 80.45,val_macro_f1= 74.91%
INFO - 09/13/26 22:46:27 - 0:14:33 - Epoch 81: train_loss=0.49127113819122314, train_acc= 83.53%
INFO - 09/13/26 22:46:28 - 0:14:33 - Epoch 82: train_loss=0.4874720275402069, train_acc= 83.85%
INFO - 09/13/26 22:46:28 - 0:14:33 - Epoch 83: train_loss=0.4824839234352112, train_acc= 83.80%
INFO - 09/13/26 22:46:28 - 0:14:33 - Epoch 84: train_loss=0.4814772307872772, train_acc= 84.12%
INFO - 09/13/26 22:46:28 - 0:14:34 - Epoch 85: train_loss=0.46678632497787476, train_acc= 84.32%
INFO - 09/13/26 22:46:28 - 0:14:34 - Epoch 85: val_loss=0.5927315950393677, val_acc= 81.15%,val_weighted_f1= 80.53,val_macro_f1= 75.63%
INFO - 09/13/26 22:46:29 - 0:14:34 - Epoch 86: train_loss=0.4624083638191223, train_acc= 84.63%
INFO - 09/13/26 22:46:29 - 0:14:34 - Epoch 87: train_loss=0.4581677317619324, train_acc= 85.01%
INFO - 09/13/26 22:46:29 - 0:14:34 - Epoch 88: train_loss=0.45749643445014954, train_acc= 84.56%
INFO - 09/13/26 22:46:29 - 0:14:35 - Epoch 89: train_loss=0.44924795627593994, train_acc= 84.85%
INFO - 09/13/26 22:46:29 - 0:14:35 - Epoch 90: train_loss=0.4471608102321625, train_acc= 85.05%
INFO - 09/13/26 22:46:30 - 0:14:35 - Epoch 90: val_loss=0.5838766694068909, val_acc= 81.29%,val_weighted_f1= 80.63,val_macro_f1= 75.94%
INFO - 09/13/26 22:46:30 - 0:14:35 - Epoch 91: train_loss=0.4402012825012207, train_acc= 85.33%
INFO - 09/13/26 22:46:30 - 0:14:35 - Epoch 92: train_loss=0.43152639269828796, train_acc= 85.38%
INFO - 09/13/26 22:46:30 - 0:14:36 - Epoch 93: train_loss=0.4312454164028168, train_acc= 85.40%
INFO - 09/13/26 22:46:30 - 0:14:36 - Epoch 94: train_loss=0.4224943220615387, train_acc= 85.69%
INFO - 09/13/26 22:46:31 - 0:14:36 - Epoch 95: train_loss=0.4188760221004486, train_acc= 86.10%
INFO - 09/13/26 22:46:31 - 0:14:36 - Epoch 95: val_loss=0.5585261583328247, val_acc= 82.33%,val_weighted_f1= 81.94,val_macro_f1= 77.32%
INFO - 09/13/26 22:46:31 - 0:14:36 - Epoch 96: train_loss=0.41247138381004333, train_acc= 86.30%
INFO - 09/13/26 22:46:31 - 0:14:37 - Epoch 97: train_loss=0.40906545519828796, train_acc= 86.33%
INFO - 09/13/26 22:46:31 - 0:14:37 - Epoch 98: train_loss=0.40610313415527344, train_acc= 86.36%
INFO - 09/13/26 22:46:32 - 0:14:37 - Epoch 99: train_loss=0.3987991213798523, train_acc= 86.68%
INFO - 09/13/26 22:46:32 - 0:14:37 - Epoch 100: train_loss=0.3990105092525482, train_acc= 86.43%
INFO - 09/13/26 22:46:32 - 0:14:37 - Epoch 100: val_loss=0.5592061281204224, val_acc= 82.42%,val_weighted_f1= 81.84,val_macro_f1= 77.50%
INFO - 09/13/26 22:46:32 - 0:14:38 - Epoch 101: train_loss=0.39029258489608765, train_acc= 87.19%
INFO - 09/13/26 22:46:33 - 0:14:38 - Epoch 102: train_loss=0.3877180516719818, train_acc= 86.86%
INFO - 09/13/26 22:46:33 - 0:14:38 - Epoch 103: train_loss=0.39276188611984253, train_acc= 87.11%
INFO - 09/13/26 22:46:33 - 0:14:38 - Epoch 104: train_loss=0.3895839750766754, train_acc= 87.04%
INFO - 09/13/26 22:46:33 - 0:14:39 - Epoch 105: train_loss=0.38360345363616943, train_acc= 87.24%
INFO - 09/13/26 22:46:33 - 0:14:39 - Epoch 105: val_loss=0.5412729382514954, val_acc= 82.91%,val_weighted_f1= 82.48,val_macro_f1= 78.43%
INFO - 09/13/26 22:46:33 - 0:14:39 - Epoch 106: train_loss=0.3640318214893341, train_acc= 87.78%
INFO - 09/13/26 22:46:34 - 0:14:39 - Epoch 107: train_loss=0.37295418977737427, train_acc= 87.64%
INFO - 09/13/26 22:46:34 - 0:14:39 - Epoch 108: train_loss=0.37314146757125854, train_acc= 87.44%
INFO - 09/13/26 22:46:34 - 0:14:40 - Epoch 109: train_loss=0.36073362827301025, train_acc= 87.88%
INFO - 09/13/26 22:46:34 - 0:14:40 - Epoch 110: train_loss=0.36041390895843506, train_acc= 88.03%
INFO - 09/13/26 22:46:34 - 0:14:40 - Epoch 110: val_loss=0.5524699687957764, val_acc= 82.74%,val_weighted_f1= 82.09,val_macro_f1= 78.09%
EarlyStopping counter: 1 out of 15
INFO - 09/13/26 22:46:35 - 0:14:40 - Epoch 111: train_loss=0.35481640696525574, train_acc= 88.37%
INFO - 09/13/26 22:46:35 - 0:14:40 - Epoch 112: train_loss=0.3496638238430023, train_acc= 88.13%
INFO - 09/13/26 22:46:35 - 0:14:40 - Epoch 113: train_loss=0.35158491134643555, train_acc= 88.22%
INFO - 09/13/26 22:46:35 - 0:14:41 - Epoch 114: train_loss=0.3408218026161194, train_acc= 88.66%
INFO - 09/13/26 22:46:36 - 0:14:41 - Epoch 115: train_loss=0.3336699903011322, train_acc= 88.69%
INFO - 09/13/26 22:46:36 - 0:14:41 - Epoch 115: val_loss=0.5250616669654846, val_acc= 83.53%,val_weighted_f1= 83.28,val_macro_f1= 79.10%
INFO - 09/13/26 22:46:36 - 0:14:41 - Epoch 116: train_loss=0.34161898493766785, train_acc= 88.54%
INFO - 09/13/26 22:46:36 - 0:14:41 - Epoch 117: train_loss=0.3331321179866791, train_acc= 88.90%
INFO - 09/13/26 22:46:36 - 0:14:42 - Epoch 118: train_loss=0.3324899673461914, train_acc= 89.12%
INFO - 09/13/26 22:46:37 - 0:14:42 - Epoch 119: train_loss=0.322500079870224, train_acc= 89.25%
INFO - 09/13/26 22:46:37 - 0:14:42 - Epoch 120: train_loss=0.31490060687065125, train_acc= 89.52%
INFO - 09/13/26 22:46:37 - 0:14:42 - Epoch 120: val_loss=0.536717414855957, val_acc= 83.67%,val_weighted_f1= 83.14,val_macro_f1= 79.56%
INFO - 09/13/26 22:46:37 - 0:14:43 - Epoch 121: train_loss=0.31631046533584595, train_acc= 89.40%
INFO - 09/13/26 22:46:37 - 0:14:43 - Epoch 122: train_loss=0.31446993350982666, train_acc= 89.50%
INFO - 09/13/26 22:46:38 - 0:14:43 - Epoch 123: train_loss=0.30578306317329407, train_acc= 89.73%
INFO - 09/13/26 22:46:38 - 0:14:43 - Epoch 124: train_loss=0.30721357464790344, train_acc= 89.74%
INFO - 09/13/26 22:46:38 - 0:14:43 - Epoch 125: train_loss=0.30307185649871826, train_acc= 89.82%
INFO - 09/13/26 22:46:38 - 0:14:44 - Epoch 125: val_loss=0.5238379240036011, val_acc= 83.80%,val_weighted_f1= 83.42,val_macro_f1= 79.65%
INFO - 09/13/26 22:46:38 - 0:14:44 - Epoch 126: train_loss=0.2995510995388031, train_acc= 90.06%
INFO - 09/13/26 22:46:39 - 0:14:44 - Epoch 127: train_loss=0.29391005635261536, train_acc= 90.28%
INFO - 09/13/26 22:46:39 - 0:14:44 - Epoch 128: train_loss=0.290915310382843, train_acc= 90.30%
INFO - 09/13/26 22:46:39 - 0:14:44 - Epoch 129: train_loss=0.2848609983921051, train_acc= 90.71%
INFO - 09/13/26 22:46:39 - 0:14:45 - Epoch 130: train_loss=0.2861537039279938, train_acc= 90.55%
INFO - 09/13/26 22:46:39 - 0:14:45 - Epoch 130: val_loss=0.5178319811820984, val_acc= 84.34%,val_weighted_f1= 83.97,val_macro_f1= 80.45%
INFO - 09/13/26 22:46:40 - 0:14:45 - Epoch 131: train_loss=0.27604392170906067, train_acc= 91.04%
INFO - 09/13/26 22:46:40 - 0:14:45 - Epoch 132: train_loss=0.2753863036632538, train_acc= 91.06%
INFO - 09/13/26 22:46:40 - 0:14:45 - Epoch 133: train_loss=0.2721603810787201, train_acc= 91.04%
INFO - 09/13/26 22:46:40 - 0:14:46 - Epoch 134: train_loss=0.26786288619041443, train_acc= 91.32%
INFO - 09/13/26 22:46:40 - 0:14:46 - Epoch 135: train_loss=0.27154192328453064, train_acc= 90.84%
INFO - 09/13/26 22:46:41 - 0:14:46 - Epoch 135: val_loss=0.5381788611412048, val_acc= 84.02%,val_weighted_f1= 83.46,val_macro_f1= 79.91%
EarlyStopping counter: 1 out of 15
INFO - 09/13/26 22:46:41 - 0:14:46 - Epoch 136: train_loss=0.27196329832077026, train_acc= 91.03%
INFO - 09/13/26 22:46:41 - 0:14:46 - Epoch 137: train_loss=0.26584044098854065, train_acc= 90.95%
INFO - 09/13/26 22:46:41 - 0:14:47 - Epoch 138: train_loss=0.26809054613113403, train_acc= 91.16%
INFO - 09/13/26 22:46:41 - 0:14:47 - Epoch 139: train_loss=0.26213327050209045, train_acc= 91.33%
INFO - 09/13/26 22:46:42 - 0:14:47 - Epoch 140: train_loss=0.25687944889068604, train_acc= 91.64%
INFO - 09/13/26 22:46:42 - 0:14:47 - Epoch 140: val_loss=0.518467128276825, val_acc= 84.38%,val_weighted_f1= 83.98,val_macro_f1= 80.18%
INFO - 09/13/26 22:46:42 - 0:14:47 - Epoch 141: train_loss=0.2515930235385895, train_acc= 91.84%
INFO - 09/13/26 22:46:42 - 0:14:48 - Epoch 142: train_loss=0.24566195905208588, train_acc= 91.85%
INFO - 09/13/26 22:46:43 - 0:14:48 - Epoch 143: train_loss=0.24917064607143402, train_acc= 91.92%
INFO - 09/13/26 22:46:43 - 0:14:48 - Epoch 144: train_loss=0.2375970482826233, train_acc= 92.31%
INFO - 09/13/26 22:46:43 - 0:14:48 - Epoch 145: train_loss=0.23398363590240479, train_acc= 92.37%
INFO - 09/13/26 22:46:43 - 0:14:48 - Epoch 145: val_loss=0.516838550567627, val_acc= 84.84%,val_weighted_f1= 84.55,val_macro_f1= 81.04%
INFO - 09/13/26 22:46:43 - 0:14:49 - Epoch 146: train_loss=0.2369067519903183, train_acc= 92.31%
INFO - 09/13/26 22:46:43 - 0:14:49 - Epoch 147: train_loss=0.22977052628993988, train_acc= 92.73%
INFO - 09/13/26 22:46:44 - 0:14:49 - Epoch 148: train_loss=0.225291445851326, train_acc= 92.72%
INFO - 09/13/26 22:46:44 - 0:14:49 - Epoch 149: train_loss=0.22887180745601654, train_acc= 92.38%
INFO - 09/13/26 22:46:44 - 0:14:50 - Epoch 150: train_loss=0.22114643454551697, train_acc= 92.80%
INFO - 09/13/26 22:46:44 - 0:14:50 - Epoch 150: val_loss=0.5162783265113831, val_acc= 85.30%,val_weighted_f1= 84.99,val_macro_f1= 81.66%
INFO - 09/13/26 22:46:44 - 0:14:50 - Epoch 151: train_loss=0.2194247841835022, train_acc= 92.82%
INFO - 09/13/26 22:46:45 - 0:14:50 - Epoch 152: train_loss=0.2199096381664276, train_acc= 93.03%
INFO - 09/13/26 22:46:45 - 0:14:50 - Epoch 153: train_loss=0.21110709011554718, train_acc= 93.05%
INFO - 09/13/26 22:46:45 - 0:14:51 - Epoch 154: train_loss=0.20829351246356964, train_acc= 93.18%
INFO - 09/13/26 22:46:45 - 0:14:51 - Epoch 155: train_loss=0.20627637207508087, train_acc= 93.50%
INFO - 09/13/26 22:46:45 - 0:14:51 - Epoch 155: val_loss=0.519319474697113, val_acc= 85.31%,val_weighted_f1= 85.07,val_macro_f1= 81.71%
INFO - 09/13/26 22:46:46 - 0:14:51 - Epoch 156: train_loss=0.20449718832969666, train_acc= 93.31%
INFO - 09/13/26 22:46:46 - 0:14:51 - Epoch 157: train_loss=0.20166876912117004, train_acc= 93.47%
INFO - 09/13/26 22:46:46 - 0:14:51 - Epoch 158: train_loss=0.205104261636734, train_acc= 93.27%
INFO - 09/13/26 22:46:46 - 0:14:52 - Epoch 159: train_loss=0.20159180462360382, train_acc= 93.53%
INFO - 09/13/26 22:46:47 - 0:14:52 - Epoch 160: train_loss=0.20053304731845856, train_acc= 93.36%
INFO - 09/13/26 22:46:47 - 0:14:52 - Epoch 160: val_loss=0.5299769639968872, val_acc= 85.47%,val_weighted_f1= 85.18,val_macro_f1= 81.86%
INFO - 09/13/26 22:46:47 - 0:14:52 - Epoch 161: train_loss=0.19387388229370117, train_acc= 93.68%
INFO - 09/13/26 22:46:47 - 0:14:53 - Epoch 162: train_loss=0.1874968707561493, train_acc= 93.98%
INFO - 09/13/26 22:46:47 - 0:14:53 - Epoch 163: train_loss=0.18668167293071747, train_acc= 94.09%
INFO - 09/13/26 22:46:48 - 0:14:53 - Epoch 164: train_loss=0.18414440751075745, train_acc= 94.30%
INFO - 09/13/26 22:46:48 - 0:14:53 - Epoch 165: train_loss=0.18579784035682678, train_acc= 93.81%
INFO - 09/13/26 22:46:48 - 0:14:53 - Epoch 165: val_loss=0.531358540058136, val_acc= 85.49%,val_weighted_f1= 85.15,val_macro_f1= 81.99%
INFO - 09/13/26 22:46:48 - 0:14:54 - Epoch 166: train_loss=0.18115031719207764, train_acc= 94.25%
INFO - 09/13/26 22:46:48 - 0:14:54 - Epoch 167: train_loss=0.18073388934135437, train_acc= 94.03%
INFO - 09/13/26 22:46:49 - 0:14:54 - Epoch 168: train_loss=0.1753353774547577, train_acc= 94.33%
INFO - 09/13/26 22:46:49 - 0:14:54 - Epoch 169: train_loss=0.16969358921051025, train_acc= 94.50%
INFO - 09/13/26 22:46:49 - 0:14:54 - Epoch 170: train_loss=0.16792580485343933, train_acc= 94.56%
INFO - 09/13/26 22:46:49 - 0:14:55 - Epoch 170: val_loss=0.5324181318283081, val_acc= 85.42%,val_weighted_f1= 85.17,val_macro_f1= 81.86%
EarlyStopping counter: 1 out of 15
INFO - 09/13/26 22:46:49 - 0:14:55 - Epoch 171: train_loss=0.1710808426141739, train_acc= 94.69%
INFO - 09/13/26 22:46:50 - 0:14:55 - Epoch 172: train_loss=0.1598009318113327, train_acc= 94.94%
INFO - 09/13/26 22:46:50 - 0:14:55 - Epoch 173: train_loss=0.16940954327583313, train_acc= 94.64%
INFO - 09/13/26 22:46:50 - 0:14:55 - Epoch 174: train_loss=0.16736401617527008, train_acc= 94.48%
INFO - 09/13/26 22:46:50 - 0:14:56 - Epoch 175: train_loss=0.15971849858760834, train_acc= 94.95%
INFO - 09/13/26 22:46:50 - 0:14:56 - Epoch 175: val_loss=0.5316569805145264, val_acc= 85.86%,val_weighted_f1= 85.69,val_macro_f1= 82.30%
INFO - 09/13/26 22:46:51 - 0:14:56 - Epoch 176: train_loss=0.15804214775562286, train_acc= 94.87%
INFO - 09/13/26 22:46:51 - 0:14:56 - Epoch 177: train_loss=0.15752968192100525, train_acc= 94.89%
INFO - 09/13/26 22:46:51 - 0:14:56 - Epoch 178: train_loss=0.15318839251995087, train_acc= 95.12%
INFO - 09/13/26 22:46:51 - 0:14:57 - Epoch 179: train_loss=0.1503399908542633, train_acc= 95.05%
INFO - 09/13/26 22:46:52 - 0:14:57 - Epoch 180: train_loss=0.15056370198726654, train_acc= 95.23%
INFO - 09/13/26 22:46:52 - 0:14:57 - Epoch 180: val_loss=0.5261756181716919, val_acc= 86.05%,val_weighted_f1= 85.93,val_macro_f1= 82.35%
INFO - 09/13/26 22:46:52 - 0:14:57 - Epoch 181: train_loss=0.14706602692604065, train_acc= 95.45%
INFO - 09/13/26 22:46:52 - 0:14:57 - Epoch 182: train_loss=0.1458236128091812, train_acc= 95.60%
INFO - 09/13/26 22:46:52 - 0:14:58 - Epoch 183: train_loss=0.14152444899082184, train_acc= 95.52%
INFO - 09/13/26 22:46:53 - 0:14:58 - Epoch 184: train_loss=0.1370602548122406, train_acc= 95.78%
INFO - 09/13/26 22:46:53 - 0:14:58 - Epoch 185: train_loss=0.1361873298883438, train_acc= 95.84%
INFO - 09/13/26 22:46:53 - 0:14:58 - Epoch 185: val_loss=0.5256761908531189, val_acc= 86.04%,val_weighted_f1= 85.93,val_macro_f1= 82.56%
EarlyStopping counter: 1 out of 15
INFO - 09/13/26 22:46:53 - 0:14:58 - Epoch 186: train_loss=0.13630692660808563, train_acc= 95.74%
INFO - 09/13/26 22:46:53 - 0:14:59 - Epoch 187: train_loss=0.13445501029491425, train_acc= 95.83%
INFO - 09/13/26 22:46:54 - 0:14:59 - Epoch 188: train_loss=0.12640920281410217, train_acc= 96.14%
INFO - 09/13/26 22:46:54 - 0:14:59 - Epoch 189: train_loss=0.1316032111644745, train_acc= 96.02%
INFO - 09/13/26 22:46:54 - 0:14:59 - Epoch 190: train_loss=0.1337527632713318, train_acc= 95.69%
INFO - 09/13/26 22:46:54 - 0:14:59 - Epoch 190: val_loss=0.5363715291023254, val_acc= 86.44%,val_weighted_f1= 86.35,val_macro_f1= 83.13%
INFO - 09/13/26 22:46:54 - 0:15:00 - Epoch 191: train_loss=0.12738098204135895, train_acc= 96.13%
INFO - 09/13/26 22:46:55 - 0:15:00 - Epoch 192: train_loss=0.12472693622112274, train_acc= 96.21%
INFO - 09/13/26 22:46:55 - 0:15:00 - Epoch 193: train_loss=0.12180587649345398, train_acc= 96.33%
INFO - 09/13/26 22:46:55 - 0:15:00 - Epoch 194: train_loss=0.11862710118293762, train_acc= 96.61%
INFO - 09/13/26 22:46:55 - 0:15:01 - Epoch 195: train_loss=0.12050265073776245, train_acc= 96.44%
INFO - 09/13/26 22:46:55 - 0:15:01 - Epoch 195: val_loss=0.5626829266548157, val_acc= 86.13%,val_weighted_f1= 85.90,val_macro_f1= 82.58%
EarlyStopping counter: 1 out of 15
INFO - 09/13/26 22:46:56 - 0:15:01 - Epoch 196: train_loss=0.11918935179710388, train_acc= 96.41%
INFO - 09/13/26 22:46:56 - 0:15:01 - Epoch 197: train_loss=0.11763835698366165, train_acc= 96.54%
INFO - 09/13/26 22:46:56 - 0:15:01 - Epoch 198: train_loss=0.12338781356811523, train_acc= 96.32%
INFO - 09/13/26 22:46:56 - 0:15:01 - Epoch 199: train_loss=0.12826426327228546, train_acc= 96.10%
INFO - 09/13/26 22:46:56 - 0:15:02 - Epoch 200: train_loss=0.12788112461566925, train_acc= 95.76%
INFO - 09/13/26 22:46:57 - 0:15:02 - Epoch 200: val_loss=0.5449300408363342, val_acc= 86.21%,val_weighted_f1= 86.12,val_macro_f1= 82.71%
EarlyStopping counter: 2 out of 15
INFO - 09/13/26 22:46:57 - 0:15:02 - Epoch 201: train_loss=0.10890831798315048, train_acc= 96.66%
INFO - 09/13/26 22:46:57 - 0:15:02 - Epoch 202: train_loss=0.11291991919279099, train_acc= 96.66%
INFO - 09/13/26 22:46:57 - 0:15:03 - Epoch 203: train_loss=0.11674696207046509, train_acc= 96.32%
INFO - 09/13/26 22:46:57 - 0:15:03 - Epoch 204: train_loss=0.10520857572555542, train_acc= 96.92%
INFO - 09/13/26 22:46:58 - 0:15:03 - Epoch 205: train_loss=0.10440491139888763, train_acc= 96.86%
INFO - 09/13/26 22:46:58 - 0:15:03 - Epoch 205: val_loss=0.5598119497299194, val_acc= 86.32%,val_weighted_f1= 86.13,val_macro_f1= 82.99%
EarlyStopping counter: 3 out of 15
INFO - 09/13/26 22:46:58 - 0:15:03 - Epoch 206: train_loss=0.10421067476272583, train_acc= 96.90%
INFO - 09/13/26 22:46:58 - 0:15:04 - Epoch 207: train_loss=0.10181734710931778, train_acc= 96.85%
INFO - 09/13/26 22:46:58 - 0:15:04 - Epoch 208: train_loss=0.10165660083293915, train_acc= 97.03%
INFO - 09/13/26 22:46:59 - 0:15:04 - Epoch 209: train_loss=0.09828990697860718, train_acc= 97.29%
INFO - 09/13/26 22:46:59 - 0:15:04 - Epoch 210: train_loss=0.09874404221773148, train_acc= 97.10%
INFO - 09/13/26 22:46:59 - 0:15:04 - Epoch 210: val_loss=0.5500126481056213, val_acc= 86.16%,val_weighted_f1= 86.05,val_macro_f1= 82.70%
EarlyStopping counter: 4 out of 15
INFO - 09/13/26 22:46:59 - 0:15:05 - Epoch 211: train_loss=0.09807906299829483, train_acc= 97.10%
INFO - 09/13/26 22:46:59 - 0:15:05 - Epoch 212: train_loss=0.10050085932016373, train_acc= 97.19%
INFO - 09/13/26 22:47:00 - 0:15:05 - Epoch 213: train_loss=0.09472118318080902, train_acc= 97.26%
INFO - 09/13/26 22:47:00 - 0:15:05 - Epoch 214: train_loss=0.089835986495018, train_acc= 97.34%
INFO - 09/13/26 22:47:00 - 0:15:05 - Epoch 215: train_loss=0.09396904706954956, train_acc= 97.26%
INFO - 09/13/26 22:47:00 - 0:15:05 - Epoch 215: val_loss=0.5556948184967041, val_acc= 86.34%,val_weighted_f1= 86.26,val_macro_f1= 82.98%
EarlyStopping counter: 5 out of 15
INFO - 09/13/26 22:47:00 - 0:15:06 - Epoch 216: train_loss=0.08814409375190735, train_acc= 97.65%
INFO - 09/13/26 22:47:01 - 0:15:06 - Epoch 217: train_loss=0.08754794299602509, train_acc= 97.56%
INFO - 09/13/26 22:47:01 - 0:15:06 - Epoch 218: train_loss=0.09004344791173935, train_acc= 97.42%
INFO - 09/13/26 22:47:01 - 0:15:06 - Epoch 219: train_loss=0.08432383835315704, train_acc= 97.64%
INFO - 09/13/26 22:47:01 - 0:15:07 - Epoch 220: train_loss=0.0831904411315918, train_acc= 97.79%
INFO - 09/13/26 22:47:01 - 0:15:07 - Epoch 220: val_loss=0.5888800024986267, val_acc= 86.37%,val_weighted_f1= 86.16,val_macro_f1= 82.93%
EarlyStopping counter: 6 out of 15
INFO - 09/13/26 22:47:02 - 0:15:07 - Epoch 221: train_loss=0.08710843324661255, train_acc= 97.44%
INFO - 09/13/26 22:47:02 - 0:15:07 - Epoch 222: train_loss=0.08227384835481644, train_acc= 97.53%
INFO - 09/13/26 22:47:02 - 0:15:07 - Epoch 223: train_loss=0.0803103893995285, train_acc= 97.85%
INFO - 09/13/26 22:47:02 - 0:15:08 - Epoch 224: train_loss=0.07790865749120712, train_acc= 97.89%
INFO - 09/13/26 22:47:03 - 0:15:08 - Epoch 225: train_loss=0.08184058964252472, train_acc= 97.71%
INFO - 09/13/26 22:47:03 - 0:15:08 - Epoch 225: val_loss=0.5780341029167175, val_acc= 86.67%,val_weighted_f1= 86.59,val_macro_f1= 83.16%
INFO - 09/13/26 22:47:03 - 0:15:08 - Epoch 226: train_loss=0.07879553735256195, train_acc= 97.85%
INFO - 09/13/26 22:47:03 - 0:15:08 - Epoch 227: train_loss=0.07726433128118515, train_acc= 97.85%
INFO - 09/13/26 22:47:03 - 0:15:09 - Epoch 228: train_loss=0.07804876565933228, train_acc= 97.90%
INFO - 09/13/26 22:47:04 - 0:15:09 - Epoch 229: train_loss=0.07217763364315033, train_acc= 98.00%
INFO - 09/13/26 22:47:04 - 0:15:09 - Epoch 230: train_loss=0.07751602679491043, train_acc= 97.85%
INFO - 09/13/26 22:47:04 - 0:15:09 - Epoch 230: val_loss=0.5774222016334534, val_acc= 86.87%,val_weighted_f1= 86.78,val_macro_f1= 83.49%
INFO - 09/13/26 22:47:04 - 0:15:09 - Epoch 231: train_loss=0.07254570722579956, train_acc= 98.08%
INFO - 09/13/26 22:47:04 - 0:15:10 - Epoch 232: train_loss=0.07123931497335434, train_acc= 98.08%
INFO - 09/13/26 22:47:05 - 0:15:10 - Epoch 233: train_loss=0.06934206187725067, train_acc= 98.18%
INFO - 09/13/26 22:47:05 - 0:15:10 - Epoch 234: train_loss=0.07369096577167511, train_acc= 97.84%
INFO - 09/13/26 22:47:05 - 0:15:10 - Epoch 235: train_loss=0.067281074821949, train_acc= 98.24%
INFO - 09/13/26 22:47:05 - 0:15:10 - Epoch 235: val_loss=0.6044405698776245, val_acc= 86.65%,val_weighted_f1= 86.48,val_macro_f1= 83.08%
EarlyStopping counter: 1 out of 15
INFO - 09/13/26 22:47:05 - 0:15:11 - Epoch 236: train_loss=0.06742192059755325, train_acc= 98.12%
INFO - 09/13/26 22:47:06 - 0:15:11 - Epoch 237: train_loss=0.06848006695508957, train_acc= 98.25%
INFO - 09/13/26 22:47:06 - 0:15:11 - Epoch 238: train_loss=0.06412617117166519, train_acc= 98.36%
INFO - 09/13/26 22:47:06 - 0:15:11 - Epoch 239: train_loss=0.06494201719760895, train_acc= 98.23%
INFO - 09/13/26 22:47:06 - 0:15:12 - Epoch 240: train_loss=0.06462260335683823, train_acc= 98.32%
INFO - 09/13/26 22:47:06 - 0:15:12 - Epoch 240: val_loss=0.6119994521141052, val_acc= 86.57%,val_weighted_f1= 86.37,val_macro_f1= 83.29%
EarlyStopping counter: 2 out of 15
INFO - 09/13/26 22:47:07 - 0:15:12 - Epoch 241: train_loss=0.06302910298109055, train_acc= 98.35%
INFO - 09/13/26 22:47:07 - 0:15:12 - Epoch 242: train_loss=0.059213943779468536, train_acc= 98.49%
INFO - 09/13/26 22:47:07 - 0:15:12 - Epoch 243: train_loss=0.06270039081573486, train_acc= 98.32%
INFO - 09/13/26 22:47:07 - 0:15:13 - Epoch 244: train_loss=0.059101611375808716, train_acc= 98.38%
INFO - 09/13/26 22:47:07 - 0:15:13 - Epoch 245: train_loss=0.05841861292719841, train_acc= 98.39%
INFO - 09/13/26 22:47:08 - 0:15:13 - Epoch 245: val_loss=0.6041117906570435, val_acc= 86.81%,val_weighted_f1= 86.71,val_macro_f1= 83.42%
EarlyStopping counter: 3 out of 15
INFO - 09/13/26 22:47:08 - 0:15:13 - Epoch 246: train_loss=0.057604387402534485, train_acc= 98.53%
INFO - 09/13/26 22:47:08 - 0:15:13 - Epoch 247: train_loss=0.05631744861602783, train_acc= 98.61%
INFO - 09/13/26 22:47:08 - 0:15:14 - Epoch 248: train_loss=0.05679831653833389, train_acc= 98.58%
INFO - 09/13/26 22:47:08 - 0:15:14 - Epoch 249: train_loss=0.05427104979753494, train_acc= 98.61%
INFO - 09/13/26 22:47:09 - 0:15:14 - Epoch 250: train_loss=0.052390556782484055, train_acc= 98.70%
INFO - 09/13/26 22:47:09 - 0:15:14 - Epoch 250: val_loss=0.6185362935066223, val_acc= 86.62%,val_weighted_f1= 86.52,val_macro_f1= 83.16%
EarlyStopping counter: 4 out of 15
INFO - 09/13/26 22:47:09 - 0:15:14 - Epoch 251: train_loss=0.05135214328765869, train_acc= 98.79%
INFO - 09/13/26 22:47:09 - 0:15:15 - Epoch 252: train_loss=0.05154525488615036, train_acc= 98.58%
INFO - 09/13/26 22:47:09 - 0:15:15 - Epoch 253: train_loss=0.04942687973380089, train_acc= 98.78%
INFO - 09/13/26 22:47:10 - 0:15:15 - Epoch 254: train_loss=0.05196995660662651, train_acc= 98.68%
INFO - 09/13/26 22:47:10 - 0:15:15 - Epoch 255: train_loss=0.053301747888326645, train_acc= 98.59%
INFO - 09/13/26 22:47:10 - 0:15:15 - Epoch 255: val_loss=0.6207060813903809, val_acc= 86.74%,val_weighted_f1= 86.66,val_macro_f1= 83.19%
EarlyStopping counter: 5 out of 15
INFO - 09/13/26 22:47:10 - 0:15:16 - Epoch 256: train_loss=0.04817788675427437, train_acc= 98.73%
INFO - 09/13/26 22:47:10 - 0:15:16 - Epoch 257: train_loss=0.04856798052787781, train_acc= 98.85%
INFO - 09/13/26 22:47:11 - 0:15:16 - Epoch 258: train_loss=0.04672132059931755, train_acc= 98.94%
INFO - 09/13/26 22:47:11 - 0:15:16 - Epoch 259: train_loss=0.048154741525650024, train_acc= 98.89%
INFO - 09/13/26 22:47:11 - 0:15:17 - Epoch 260: train_loss=0.04703834652900696, train_acc= 98.89%
INFO - 09/13/26 22:47:11 - 0:15:17 - Epoch 260: val_loss=0.6325619220733643, val_acc= 86.76%,val_weighted_f1= 86.59,val_macro_f1= 83.20%
EarlyStopping counter: 6 out of 15
INFO - 09/13/26 22:47:11 - 0:15:17 - Epoch 261: train_loss=0.04380043223500252, train_acc= 99.01%
INFO - 09/13/26 22:47:12 - 0:15:17 - Epoch 262: train_loss=0.049094729125499725, train_acc= 98.82%
INFO - 09/13/26 22:47:12 - 0:15:17 - Epoch 263: train_loss=0.042487967759370804, train_acc= 99.04%
INFO - 09/13/26 22:47:12 - 0:15:18 - Epoch 264: train_loss=0.04524896293878555, train_acc= 98.88%
INFO - 09/13/26 22:47:12 - 0:15:18 - Epoch 265: train_loss=0.04375049099326134, train_acc= 98.87%
INFO - 09/13/26 22:47:12 - 0:15:18 - Epoch 265: val_loss=0.6367308497428894, val_acc= 86.55%,val_weighted_f1= 86.41,val_macro_f1= 82.86%
EarlyStopping counter: 7 out of 15
INFO - 09/13/26 22:47:13 - 0:15:18 - Epoch 266: train_loss=0.042154427617788315, train_acc= 99.01%
INFO - 09/13/26 22:47:13 - 0:15:18 - Epoch 267: train_loss=0.04341097176074982, train_acc= 98.99%
INFO - 09/13/26 22:47:13 - 0:15:18 - Epoch 268: train_loss=0.04395703226327896, train_acc= 98.87%
INFO - 09/13/26 22:47:13 - 0:15:19 - Epoch 269: train_loss=0.04421340674161911, train_acc= 99.02%
INFO - 09/13/26 22:47:14 - 0:15:19 - Epoch 270: train_loss=0.041275858879089355, train_acc= 99.04%
INFO - 09/13/26 22:47:14 - 0:15:19 - Epoch 270: val_loss=0.6608641743659973, val_acc= 86.67%,val_weighted_f1= 86.46,val_macro_f1= 82.92%
EarlyStopping counter: 8 out of 15
INFO - 09/13/26 22:47:14 - 0:15:19 - Epoch 271: train_loss=0.04325282201170921, train_acc= 98.84%
INFO - 09/13/26 22:47:14 - 0:15:19 - Epoch 272: train_loss=0.03955516219139099, train_acc= 99.08%
INFO - 09/13/26 22:47:14 - 0:15:20 - Epoch 273: train_loss=0.045485083013772964, train_acc= 98.80%
INFO - 09/13/26 22:47:15 - 0:15:20 - Epoch 274: train_loss=0.04174849018454552, train_acc= 98.88%
INFO - 09/13/26 22:47:15 - 0:15:20 - Epoch 275: train_loss=0.040465597063302994, train_acc= 99.03%
INFO - 09/13/26 22:47:15 - 0:15:20 - Epoch 275: val_loss=0.6411828994750977, val_acc= 86.65%,val_weighted_f1= 86.57,val_macro_f1= 83.32%
EarlyStopping counter: 9 out of 15
INFO - 09/13/26 22:47:15 - 0:15:20 - Epoch 276: train_loss=0.04353523254394531, train_acc= 98.86%
INFO - 09/13/26 22:47:15 - 0:15:21 - Epoch 277: train_loss=0.042333073914051056, train_acc= 98.93%
INFO - 09/13/26 22:47:16 - 0:15:21 - Epoch 278: train_loss=0.03834570199251175, train_acc= 99.14%
INFO - 09/13/26 22:47:16 - 0:15:21 - Epoch 279: train_loss=0.04143679141998291, train_acc= 98.93%
INFO - 09/13/26 22:47:16 - 0:15:21 - Epoch 280: train_loss=0.03834276646375656, train_acc= 99.05%
INFO - 09/13/26 22:47:16 - 0:15:22 - Epoch 280: val_loss=0.6646543741226196, val_acc= 86.48%,val_weighted_f1= 86.33,val_macro_f1= 83.00%
EarlyStopping counter: 10 out of 15
INFO - 09/13/26 22:47:16 - 0:15:22 - Epoch 281: train_loss=0.03797018155455589, train_acc= 99.13%
INFO - 09/13/26 22:47:17 - 0:15:22 - Epoch 282: train_loss=0.04072960093617439, train_acc= 99.02%
INFO - 09/13/26 22:47:17 - 0:15:22 - Epoch 283: train_loss=0.03580169379711151, train_acc= 99.17%
INFO - 09/13/26 22:47:17 - 0:15:22 - Epoch 284: train_loss=0.0340496301651001, train_acc= 99.19%
INFO - 09/13/26 22:47:17 - 0:15:23 - Epoch 285: train_loss=0.0337115079164505, train_acc= 99.32%
INFO - 09/13/26 22:47:17 - 0:15:23 - Epoch 285: val_loss=0.6385396122932434, val_acc= 86.99%,val_weighted_f1= 86.92,val_macro_f1= 83.48%
INFO - 09/13/26 22:47:18 - 0:15:23 - Epoch 286: train_loss=0.03819909691810608, train_acc= 98.99%
INFO - 09/13/26 22:47:18 - 0:15:23 - Epoch 287: train_loss=0.03289472684264183, train_acc= 99.27%
INFO - 09/13/26 22:47:18 - 0:15:23 - Epoch 288: train_loss=0.03229992464184761, train_acc= 99.36%
INFO - 09/13/26 22:47:18 - 0:15:24 - Epoch 289: train_loss=0.03298765793442726, train_acc= 99.27%
INFO - 09/13/26 22:47:18 - 0:15:24 - Epoch 290: train_loss=0.03208256512880325, train_acc= 99.29%
INFO - 09/13/26 22:47:19 - 0:15:24 - Epoch 290: val_loss=0.6638382077217102, val_acc= 86.71%,val_weighted_f1= 86.56,val_macro_f1= 82.92%
EarlyStopping counter: 1 out of 15
INFO - 09/13/26 22:47:19 - 0:15:24 - Epoch 291: train_loss=0.03177160769701004, train_acc= 99.29%
INFO - 09/13/26 22:47:19 - 0:15:24 - Epoch 292: train_loss=0.029117168858647346, train_acc= 99.36%
INFO - 09/13/26 22:47:19 - 0:15:25 - Epoch 293: train_loss=0.0318029560148716, train_acc= 99.29%
INFO - 09/13/26 22:47:19 - 0:15:25 - Epoch 294: train_loss=0.03237496316432953, train_acc= 99.33%
INFO - 09/13/26 22:47:20 - 0:15:25 - Epoch 295: train_loss=0.03160134702920914, train_acc= 99.34%
INFO - 09/13/26 22:47:20 - 0:15:25 - Epoch 295: val_loss=0.6749223470687866, val_acc= 86.46%,val_weighted_f1= 86.37,val_macro_f1= 82.77%
EarlyStopping counter: 2 out of 15
INFO - 09/13/26 22:47:20 - 0:15:25 - Epoch 296: train_loss=0.033254530280828476, train_acc= 99.22%
INFO - 09/13/26 22:47:20 - 0:15:26 - Epoch 297: train_loss=0.031827859580516815, train_acc= 99.26%
INFO - 09/13/26 22:47:20 - 0:15:26 - Epoch 298: train_loss=0.03028400056064129, train_acc= 99.31%
INFO - 09/13/26 22:47:21 - 0:15:26 - Epoch 299: train_loss=0.028680182993412018, train_acc= 99.40%
INFO - 09/13/26 22:47:21 - 0:15:26 - Epoch 300: train_loss=0.028696948662400246, train_acc= 99.45%
INFO - 09/13/26 22:47:21 - 0:15:26 - Epoch 300: val_loss=0.6841544508934021, val_acc= 86.58%,val_weighted_f1= 86.44,val_macro_f1= 83.06%
EarlyStopping counter: 3 out of 15
INFO - 09/13/26 22:47:21 - 0:15:27 - Epoch 301: train_loss=0.0292098056524992, train_acc= 99.38%
INFO - 09/13/26 22:47:21 - 0:15:27 - Epoch 302: train_loss=0.027843927964568138, train_acc= 99.37%
INFO - 09/13/26 22:47:22 - 0:15:27 - Epoch 303: train_loss=0.027283186092972755, train_acc= 99.38%
INFO - 09/13/26 22:47:22 - 0:15:27 - Epoch 304: train_loss=0.02731640823185444, train_acc= 99.44%
INFO - 09/13/26 22:47:22 - 0:15:28 - Epoch 305: train_loss=0.025634193792939186, train_acc= 99.45%
INFO - 09/13/26 22:47:22 - 0:15:28 - Epoch 305: val_loss=0.6766975522041321, val_acc= 86.71%,val_weighted_f1= 86.57,val_macro_f1= 83.33%
EarlyStopping counter: 4 out of 15
INFO - 09/13/26 22:47:22 - 0:15:28 - Epoch 306: train_loss=0.027522139251232147, train_acc= 99.40%
INFO - 09/13/26 22:47:23 - 0:15:28 - Epoch 307: train_loss=0.027448540553450584, train_acc= 99.40%
INFO - 09/13/26 22:47:23 - 0:15:28 - Epoch 308: train_loss=0.025555873289704323, train_acc= 99.47%
INFO - 09/13/26 22:47:23 - 0:15:29 - Epoch 309: train_loss=0.027989594265818596, train_acc= 99.35%
INFO - 09/13/26 22:47:23 - 0:15:29 - Epoch 310: train_loss=0.0266376044601202, train_acc= 99.45%
INFO - 09/13/26 22:47:23 - 0:15:29 - Epoch 310: val_loss=0.6843668818473816, val_acc= 86.67%,val_weighted_f1= 86.56,val_macro_f1= 83.25%
EarlyStopping counter: 5 out of 15
INFO - 09/13/26 22:47:24 - 0:15:29 - Epoch 311: train_loss=0.025195658206939697, train_acc= 99.53%
INFO - 09/13/26 22:47:24 - 0:15:29 - Epoch 312: train_loss=0.02354387193918228, train_acc= 99.59%
INFO - 09/13/26 22:47:24 - 0:15:29 - Epoch 313: train_loss=0.02407306618988514, train_acc= 99.50%
INFO - 09/13/26 22:47:24 - 0:15:30 - Epoch 314: train_loss=0.022976696491241455, train_acc= 99.57%
INFO - 09/13/26 22:47:25 - 0:15:30 - Epoch 315: train_loss=0.024519186466932297, train_acc= 99.47%
INFO - 09/13/26 22:47:25 - 0:15:30 - Epoch 315: val_loss=0.6895896792411804, val_acc= 86.90%,val_weighted_f1= 86.78,val_macro_f1= 83.45%
EarlyStopping counter: 6 out of 15
INFO - 09/13/26 22:47:25 - 0:15:30 - Epoch 316: train_loss=0.024146856740117073, train_acc= 99.48%
INFO - 09/13/26 22:47:25 - 0:15:30 - Epoch 317: train_loss=0.02376365102827549, train_acc= 99.55%
INFO - 09/13/26 22:47:25 - 0:15:31 - Epoch 318: train_loss=0.02468886412680149, train_acc= 99.44%
INFO - 09/13/26 22:47:26 - 0:15:31 - Epoch 319: train_loss=0.02205401472747326, train_acc= 99.53%
INFO - 09/13/26 22:47:26 - 0:15:31 - Epoch 320: train_loss=0.022923506796360016, train_acc= 99.51%
INFO - 09/13/26 22:47:26 - 0:15:31 - Epoch 320: val_loss=0.6939201354980469, val_acc= 86.76%,val_weighted_f1= 86.62,val_macro_f1= 82.99%
EarlyStopping counter: 7 out of 15
INFO - 09/13/26 22:47:26 - 0:15:32 - Epoch 321: train_loss=0.021998709067702293, train_acc= 99.51%
INFO - 09/13/26 22:47:26 - 0:15:32 - Epoch 322: train_loss=0.021429186686873436, train_acc= 99.68%
INFO - 09/13/26 22:47:27 - 0:15:32 - Epoch 323: train_loss=0.022569291293621063, train_acc= 99.61%
INFO - 09/13/26 22:47:27 - 0:15:32 - Epoch 324: train_loss=0.022576898336410522, train_acc= 99.52%
INFO - 09/13/26 22:47:27 - 0:15:32 - Epoch 325: train_loss=0.022176776081323624, train_acc= 99.53%
INFO - 09/13/26 22:47:27 - 0:15:33 - Epoch 325: val_loss=0.6901795268058777, val_acc= 86.81%,val_weighted_f1= 86.75,val_macro_f1= 83.35%
EarlyStopping counter: 8 out of 15
INFO - 09/13/26 22:47:27 - 0:15:33 - Epoch 326: train_loss=0.02240047976374626, train_acc= 99.56%
INFO - 09/13/26 22:47:28 - 0:15:33 - Epoch 327: train_loss=0.020345889031887054, train_acc= 99.67%
INFO - 09/13/26 22:47:28 - 0:15:33 - Epoch 328: train_loss=0.020915765315294266, train_acc= 99.49%
INFO - 09/13/26 22:47:28 - 0:15:33 - Epoch 329: train_loss=0.02106800489127636, train_acc= 99.61%
INFO - 09/13/26 22:47:28 - 0:15:34 - Epoch 330: train_loss=0.0192385446280241, train_acc= 99.67%
INFO - 09/13/26 22:47:28 - 0:15:34 - Epoch 330: val_loss=0.7081981897354126, val_acc= 86.69%,val_weighted_f1= 86.52,val_macro_f1= 82.74%
EarlyStopping counter: 9 out of 15
INFO - 09/13/26 22:47:29 - 0:15:34 - Epoch 331: train_loss=0.019980227574706078, train_acc= 99.66%
INFO - 09/13/26 22:47:29 - 0:15:34 - Epoch 332: train_loss=0.019775819033384323, train_acc= 99.63%
INFO - 09/13/26 22:47:29 - 0:15:34 - Epoch 333: train_loss=0.021977759897708893, train_acc= 99.53%
INFO - 09/13/26 22:47:29 - 0:15:35 - Epoch 334: train_loss=0.020401915535330772, train_acc= 99.59%
INFO - 09/13/26 22:47:29 - 0:15:35 - Epoch 335: train_loss=0.019094152376055717, train_acc= 99.67%
INFO - 09/13/26 22:47:30 - 0:15:35 - Epoch 335: val_loss=0.7126843929290771, val_acc= 86.71%,val_weighted_f1= 86.55,val_macro_f1= 83.06%
EarlyStopping counter: 10 out of 15
INFO - 09/13/26 22:47:30 - 0:15:35 - Epoch 336: train_loss=0.019501008093357086, train_acc= 99.70%
INFO - 09/13/26 22:47:30 - 0:15:35 - Epoch 337: train_loss=0.01883530244231224, train_acc= 99.66%
INFO - 09/13/26 22:47:30 - 0:15:36 - Epoch 338: train_loss=0.016825655475258827, train_acc= 99.74%
INFO - 09/13/26 22:47:30 - 0:15:36 - Epoch 339: train_loss=0.019291024655103683, train_acc= 99.61%
INFO - 09/13/26 22:47:31 - 0:15:36 - Epoch 340: train_loss=0.01897953636944294, train_acc= 99.63%
INFO - 09/13/26 22:47:31 - 0:15:36 - Epoch 340: val_loss=0.701728105545044, val_acc= 86.71%,val_weighted_f1= 86.65,val_macro_f1= 83.56%
EarlyStopping counter: 11 out of 15
INFO - 09/13/26 22:47:31 - 0:15:36 - Epoch 341: train_loss=0.018921004608273506, train_acc= 99.66%
INFO - 09/13/26 22:47:31 - 0:15:37 - Epoch 342: train_loss=0.01726505719125271, train_acc= 99.72%
INFO - 09/13/26 22:47:31 - 0:15:37 - Epoch 343: train_loss=0.019042234867811203, train_acc= 99.59%
INFO - 09/13/26 22:47:32 - 0:15:37 - Epoch 344: train_loss=0.017204146832227707, train_acc= 99.66%
INFO - 09/13/26 22:47:32 - 0:15:37 - Epoch 345: train_loss=0.018128594383597374, train_acc= 99.65%
INFO - 09/13/26 22:47:32 - 0:15:37 - Epoch 345: val_loss=0.7266204953193665, val_acc= 86.88%,val_weighted_f1= 86.77,val_macro_f1= 83.50%
EarlyStopping counter: 12 out of 15
INFO - 09/13/26 22:47:32 - 0:15:38 - Epoch 346: train_loss=0.017462043091654778, train_acc= 99.73%
INFO - 09/13/26 22:47:32 - 0:15:38 - Epoch 347: train_loss=0.017873158678412437, train_acc= 99.62%
INFO - 09/13/26 22:47:33 - 0:15:38 - Epoch 348: train_loss=0.016322394832968712, train_acc= 99.74%
INFO - 09/13/26 22:47:33 - 0:15:38 - Epoch 349: train_loss=0.017603376880288124, train_acc= 99.60%
INFO - 09/13/26 22:47:33 - 0:15:39 - Epoch 350: train_loss=0.015976598486304283, train_acc= 99.73%
INFO - 09/13/26 22:47:33 - 0:15:39 - Epoch 350: val_loss=0.725993275642395, val_acc= 86.62%,val_weighted_f1= 86.46,val_macro_f1= 83.01%
EarlyStopping counter: 13 out of 15
INFO - 09/13/26 22:47:33 - 0:15:39 - Epoch 351: train_loss=0.018076155334711075, train_acc= 99.61%
INFO - 09/13/26 22:47:34 - 0:15:39 - Epoch 352: train_loss=0.017301006242632866, train_acc= 99.66%
INFO - 09/13/26 22:47:34 - 0:15:39 - Epoch 353: train_loss=0.015174287371337414, train_acc= 99.76%
INFO - 09/13/26 22:47:34 - 0:15:40 - Epoch 354: train_loss=0.016381951048970222, train_acc= 99.64%
INFO - 09/13/26 22:47:34 - 0:15:40 - Epoch 355: train_loss=0.016132395714521408, train_acc= 99.62%
INFO - 09/13/26 22:47:34 - 0:15:40 - Epoch 355: val_loss=0.7156733870506287, val_acc= 86.67%,val_weighted_f1= 86.56,val_macro_f1= 83.10%
EarlyStopping counter: 14 out of 15
INFO - 09/13/26 22:47:35 - 0:15:40 - Epoch 356: train_loss=0.013952336274087429, train_acc= 99.80%
INFO - 09/13/26 22:47:35 - 0:15:40 - Epoch 357: train_loss=0.015583385713398457, train_acc= 99.73%
INFO - 09/13/26 22:47:35 - 0:15:40 - Epoch 358: train_loss=0.015238942578434944, train_acc= 99.77%
INFO - 09/13/26 22:47:35 - 0:15:41 - Epoch 359: train_loss=0.015035470016300678, train_acc= 99.74%
INFO - 09/13/26 22:47:36 - 0:15:41 - Epoch 360: train_loss=0.014667468145489693, train_acc= 99.74%
INFO - 09/13/26 22:47:36 - 0:15:41 - Epoch 360: val_loss=0.7306386232376099, val_acc= 86.87%,val_weighted_f1= 86.73,val_macro_f1= 83.35%
EarlyStopping counter: 15 out of 15
---------Early stopping--------
INFO - 09/13/26 22:47:36 - 0:15:41 - --------------Testing--------------------
INFO - 09/13/26 22:47:36 - 0:15:41 - --------------Loading from ./checkpoints/NC_Roman-empire_model.pt--------------------
INFO - 09/13/26 22:47:36 - 0:15:41 - test_acc= 86.36%, weighted_f1= 86.29,macro_f1= 82.98%
INFO - 09/13/26 22:47:36 - 0:15:41 - test_acc= 86.36%, weighted_f1= 86.29,macro_f1= 82.98%
INFO - 09/13/26 22:47:36 - 0:15:41 - Epoch 0: train_loss=3.1389048099517822, train_acc= 3.03%
INFO - 09/13/26 22:47:36 - 0:15:42 - Epoch 0: val_loss=2.621342658996582, val_acc= 29.48%,val_weighted_f1= 17.80,val_macro_f1= 7.57%
INFO - 09/13/26 22:47:36 - 0:15:42 - Epoch 1: train_loss=2.6354308128356934, train_acc= 24.47%
INFO - 09/13/26 22:47:37 - 0:15:42 - Epoch 2: train_loss=2.504373788833618, train_acc= 24.60%
INFO - 09/13/26 22:47:37 - 0:15:42 - Epoch 3: train_loss=2.418138265609741, train_acc= 29.73%
INFO - 09/13/26 22:47:37 - 0:15:42 - Epoch 4: train_loss=2.3527894020080566, train_acc= 33.27%
INFO - 09/13/26 22:47:37 - 0:15:43 - Epoch 5: train_loss=2.2808926105499268, train_acc= 36.38%
INFO - 09/13/26 22:47:37 - 0:15:43 - Epoch 5: val_loss=2.1851792335510254, val_acc= 46.94%,val_weighted_f1= 36.80,val_macro_f1= 19.70%
INFO - 09/13/26 22:47:38 - 0:15:43 - Epoch 6: train_loss=2.198591947555542, train_acc= 43.09%
INFO - 09/13/26 22:47:38 - 0:15:43 - Epoch 7: train_loss=2.119974374771118, train_acc= 42.02%
INFO - 09/13/26 22:47:38 - 0:15:43 - Epoch 8: train_loss=2.0538856983184814, train_acc= 40.13%
INFO - 09/13/26 22:47:38 - 0:15:44 - Epoch 9: train_loss=1.9869613647460938, train_acc= 42.27%
INFO - 09/13/26 22:47:39 - 0:15:44 - Epoch 10: train_loss=1.914085030555725, train_acc= 46.89%
INFO - 09/13/26 22:47:39 - 0:15:44 - Epoch 10: val_loss=1.8298428058624268, val_acc= 49.85%,val_weighted_f1= 39.75,val_macro_f1= 21.54%
INFO - 09/13/26 22:47:39 - 0:15:44 - Epoch 11: train_loss=1.8498269319534302, train_acc= 49.05%
INFO - 09/13/26 22:47:39 - 0:15:44 - Epoch 12: train_loss=1.7862579822540283, train_acc= 50.55%
INFO - 09/13/26 22:47:39 - 0:15:45 - Epoch 13: train_loss=1.724164366722107, train_acc= 51.56%
INFO - 09/13/26 22:47:40 - 0:15:45 - Epoch 14: train_loss=1.6626415252685547, train_acc= 51.93%
INFO - 09/13/26 22:47:40 - 0:15:45 - Epoch 15: train_loss=1.6081944704055786, train_acc= 52.58%
INFO - 09/13/26 22:47:40 - 0:15:45 - Epoch 15: val_loss=1.518841028213501, val_acc= 54.95%,val_weighted_f1= 47.74,val_macro_f1= 28.28%
INFO - 09/13/26 22:47:40 - 0:15:45 - Epoch 16: train_loss=1.552050232887268, train_acc= 54.36%
INFO - 09/13/26 22:47:40 - 0:15:46 - Epoch 17: train_loss=1.5084255933761597, train_acc= 55.26%
INFO - 09/13/26 22:47:41 - 0:15:46 - Epoch 18: train_loss=1.462310552597046, train_acc= 55.85%
INFO - 09/13/26 22:47:41 - 0:15:46 - Epoch 19: train_loss=1.4225144386291504, train_acc= 56.70%
INFO - 09/13/26 22:47:41 - 0:15:46 - Epoch 20: train_loss=1.3843557834625244, train_acc= 58.13%
INFO - 09/13/26 22:47:41 - 0:15:46 - Epoch 20: val_loss=1.309513807296753, val_acc= 60.19%,val_weighted_f1= 55.13,val_macro_f1= 38.71%
INFO - 09/13/26 22:47:41 - 0:15:47 - Epoch 21: train_loss=1.3487868309020996, train_acc= 59.37%
INFO - 09/13/26 22:47:42 - 0:15:47 - Epoch 22: train_loss=1.313047170639038, train_acc= 60.23%
INFO - 09/13/26 22:47:42 - 0:15:47 - Epoch 23: train_loss=1.2797600030899048, train_acc= 60.49%
INFO - 09/13/26 22:47:42 - 0:15:47 - Epoch 24: train_loss=1.2450865507125854, train_acc= 61.47%
INFO - 09/13/26 22:47:42 - 0:15:48 - Epoch 25: train_loss=1.214935064315796, train_acc= 61.77%
INFO - 09/13/26 22:47:42 - 0:15:48 - Epoch 25: val_loss=1.1526063680648804, val_acc= 62.91%,val_weighted_f1= 58.47,val_macro_f1= 43.33%
INFO - 09/13/26 22:47:43 - 0:15:48 - Epoch 26: train_loss=1.1841731071472168, train_acc= 62.43%
INFO - 09/13/26 22:47:43 - 0:15:48 - Epoch 27: train_loss=1.153403878211975, train_acc= 62.90%
INFO - 09/13/26 22:47:43 - 0:15:48 - Epoch 28: train_loss=1.1319905519485474, train_acc= 64.50%
INFO - 09/13/26 22:47:43 - 0:15:49 - Epoch 29: train_loss=1.1052166223526, train_acc= 65.29%
INFO - 09/13/26 22:47:44 - 0:15:49 - Epoch 30: train_loss=1.0849297046661377, train_acc= 65.73%
INFO - 09/13/26 22:47:44 - 0:15:49 - Epoch 30: val_loss=1.03559148311615, val_acc= 66.73%,val_weighted_f1= 62.90,val_macro_f1= 50.03%
INFO - 09/13/26 22:47:44 - 0:15:49 - Epoch 31: train_loss=1.0656131505966187, train_acc= 66.48%
INFO - 09/13/26 22:47:44 - 0:15:49 - Epoch 32: train_loss=1.0314412117004395, train_acc= 67.38%
INFO - 09/13/26 22:47:44 - 0:15:50 - Epoch 33: train_loss=1.0143401622772217, train_acc= 68.26%
INFO - 09/13/26 22:47:45 - 0:15:50 - Epoch 34: train_loss=0.9947016835212708, train_acc= 68.46%
INFO - 09/13/26 22:47:45 - 0:15:50 - Epoch 35: train_loss=0.966606080532074, train_acc= 69.31%
INFO - 09/13/26 22:47:45 - 0:15:50 - Epoch 35: val_loss=0.9410907030105591, val_acc= 69.04%,val_weighted_f1= 65.81,val_macro_f1= 53.67%
INFO - 09/13/26 22:47:45 - 0:15:50 - Epoch 36: train_loss=0.9472733736038208, train_acc= 69.80%
INFO - 09/13/26 22:47:45 - 0:15:51 - Epoch 37: train_loss=0.9326789975166321, train_acc= 70.36%
INFO - 09/13/26 22:47:45 - 0:15:51 - Epoch 38: train_loss=0.9114091992378235, train_acc= 70.82%
INFO - 09/13/26 22:47:46 - 0:15:51 - Epoch 39: train_loss=0.9025474786758423, train_acc= 70.89%
INFO - 09/13/26 22:47:46 - 0:15:51 - Epoch 40: train_loss=0.893172562122345, train_acc= 71.80%
INFO - 09/13/26 22:47:46 - 0:15:51 - Epoch 40: val_loss=0.905535101890564, val_acc= 70.41%,val_weighted_f1= 67.28,val_macro_f1= 55.91%
INFO - 09/13/26 22:47:46 - 0:15:52 - Epoch 41: train_loss=0.8754702210426331, train_acc= 71.34%
INFO - 09/13/26 22:47:46 - 0:15:52 - Epoch 42: train_loss=0.8497448563575745, train_acc= 72.90%
INFO - 09/13/26 22:47:47 - 0:15:52 - Epoch 43: train_loss=0.8457674980163574, train_acc= 72.87%
INFO - 09/13/26 22:47:47 - 0:15:52 - Epoch 44: train_loss=0.8290389776229858, train_acc= 72.96%
INFO - 09/13/26 22:47:47 - 0:15:52 - Epoch 45: train_loss=0.8139268159866333, train_acc= 73.34%
INFO - 09/13/26 22:47:47 - 0:15:53 - Epoch 45: val_loss=0.8088595867156982, val_acc= 73.03%,val_weighted_f1= 71.25,val_macro_f1= 60.22%
INFO - 09/13/26 22:47:47 - 0:15:53 - Epoch 46: train_loss=0.8041852712631226, train_acc= 74.20%
INFO - 09/13/26 22:47:48 - 0:15:53 - Epoch 47: train_loss=0.7877956032752991, train_acc= 74.23%
INFO - 09/13/26 22:47:48 - 0:15:53 - Epoch 48: train_loss=0.7761797308921814, train_acc= 74.70%
INFO - 09/13/26 22:47:48 - 0:15:53 - Epoch 49: train_loss=0.7680697441101074, train_acc= 75.16%
INFO - 09/13/26 22:47:48 - 0:15:54 - Epoch 50: train_loss=0.7521207332611084, train_acc= 75.64%
INFO - 09/13/26 22:47:48 - 0:15:54 - Epoch 50: val_loss=0.7818214297294617, val_acc= 74.02%,val_weighted_f1= 71.53,val_macro_f1= 60.95%
INFO - 09/13/26 22:47:49 - 0:15:54 - Epoch 51: train_loss=0.7437407374382019, train_acc= 75.83%
INFO - 09/13/26 22:47:49 - 0:15:54 - Epoch 52: train_loss=0.7259470820426941, train_acc= 76.37%
INFO - 09/13/26 22:47:49 - 0:15:55 - Epoch 53: train_loss=0.7232248783111572, train_acc= 76.67%
INFO - 09/13/26 22:47:49 - 0:15:55 - Epoch 54: train_loss=0.7105759382247925, train_acc= 76.67%
INFO - 09/13/26 22:47:50 - 0:15:55 - Epoch 55: train_loss=0.7010890245437622, train_acc= 77.13%
INFO - 09/13/26 22:47:50 - 0:15:55 - Epoch 55: val_loss=0.7193727493286133, val_acc= 75.71%,val_weighted_f1= 74.33,val_macro_f1= 65.18%
INFO - 09/13/26 22:47:50 - 0:15:55 - Epoch 56: train_loss=0.6930198669433594, train_acc= 77.80%
INFO - 09/13/26 22:47:50 - 0:15:55 - Epoch 57: train_loss=0.6856595873832703, train_acc= 77.57%
INFO - 09/13/26 22:47:50 - 0:15:56 - Epoch 58: train_loss=0.671577513217926, train_acc= 78.23%
INFO - 09/13/26 22:47:51 - 0:15:56 - Epoch 59: train_loss=0.663772463798523, train_acc= 78.67%
INFO - 09/13/26 22:47:51 - 0:15:56 - Epoch 60: train_loss=0.658515989780426, train_acc= 78.59%
INFO - 09/13/26 22:47:51 - 0:15:56 - Epoch 60: val_loss=0.6990194916725159, val_acc= 76.42%,val_weighted_f1= 74.82,val_macro_f1= 66.32%
INFO - 09/13/26 22:47:51 - 0:15:56 - Epoch 61: train_loss=0.6497597694396973, train_acc= 78.91%
INFO - 09/13/26 22:47:51 - 0:15:57 - Epoch 62: train_loss=0.6405941247940063, train_acc= 79.32%
INFO - 09/13/26 22:47:52 - 0:15:57 - Epoch 63: train_loss=0.6391715407371521, train_acc= 78.89%
INFO - 09/13/26 22:47:52 - 0:15:57 - Epoch 64: train_loss=0.6241304874420166, train_acc= 79.53%
INFO - 09/13/26 22:47:52 - 0:15:57 - Epoch 65: train_loss=0.6201668977737427, train_acc= 79.83%
INFO - 09/13/26 22:47:52 - 0:15:57 - Epoch 65: val_loss=0.6683874726295471, val_acc= 77.35%,val_weighted_f1= 76.39,val_macro_f1= 69.03%
INFO - 09/13/26 22:47:52 - 0:15:58 - Epoch 66: train_loss=0.6086058616638184, train_acc= 80.00%
INFO - 09/13/26 22:47:53 - 0:15:58 - Epoch 67: train_loss=0.6012841463088989, train_acc= 80.53%
INFO - 09/13/26 22:47:53 - 0:15:58 - Epoch 68: train_loss=0.5956751108169556, train_acc= 80.37%
INFO - 09/13/26 22:47:53 - 0:15:58 - Epoch 69: train_loss=0.5829192399978638, train_acc= 81.06%
INFO - 09/13/26 22:47:53 - 0:15:59 - Epoch 70: train_loss=0.5836521983146667, train_acc= 81.30%
INFO - 09/13/26 22:47:53 - 0:15:59 - Epoch 70: val_loss=0.6547375917434692, val_acc= 78.16%,val_weighted_f1= 76.88,val_macro_f1= 69.92%
INFO - 09/13/26 22:47:54 - 0:15:59 - Epoch 71: train_loss=0.5754989385604858, train_acc= 81.14%
INFO - 09/13/26 22:47:54 - 0:15:59 - Epoch 72: train_loss=0.5648506283760071, train_acc= 81.62%
INFO - 09/13/26 22:47:54 - 0:15:59 - Epoch 73: train_loss=0.5680203437805176, train_acc= 81.33%
INFO - 09/13/26 22:47:54 - 0:16:00 - Epoch 74: train_loss=0.5546060800552368, train_acc= 81.67%
INFO - 09/13/26 22:47:55 - 0:16:00 - Epoch 75: train_loss=0.5465407967567444, train_acc= 81.88%
INFO - 09/13/26 22:47:55 - 0:16:00 - Epoch 75: val_loss=0.6189126372337341, val_acc= 79.40%,val_weighted_f1= 78.78,val_macro_f1= 72.64%
INFO - 09/13/26 22:47:55 - 0:16:00 - Epoch 76: train_loss=0.5460435152053833, train_acc= 82.00%
INFO - 09/13/26 22:47:55 - 0:16:00 - Epoch 77: train_loss=0.5382459163665771, train_acc= 82.52%
INFO - 09/13/26 22:47:55 - 0:16:01 - Epoch 78: train_loss=0.5308803915977478, train_acc= 82.59%
INFO - 09/13/26 22:47:55 - 0:16:01 - Epoch 79: train_loss=0.5274696350097656, train_acc= 82.46%
INFO - 09/13/26 22:47:56 - 0:16:01 - Epoch 80: train_loss=0.5140627026557922, train_acc= 83.21%
INFO - 09/13/26 22:47:56 - 0:16:01 - Epoch 80: val_loss=0.6118678450584412, val_acc= 79.88%,val_weighted_f1= 78.89,val_macro_f1= 72.87%
INFO - 09/13/26 22:47:56 - 0:16:01 - Epoch 81: train_loss=0.5175971984863281, train_acc= 82.86%
INFO - 09/13/26 22:47:56 - 0:16:02 - Epoch 82: train_loss=0.5071514844894409, train_acc= 83.47%
INFO - 09/13/26 22:47:56 - 0:16:02 - Epoch 83: train_loss=0.5022509694099426, train_acc= 83.13%
INFO - 09/13/26 22:47:57 - 0:16:02 - Epoch 84: train_loss=0.4961901605129242, train_acc= 83.54%
INFO - 09/13/26 22:47:57 - 0:16:02 - Epoch 85: train_loss=0.4949800372123718, train_acc= 83.80%
INFO - 09/13/26 22:47:57 - 0:16:02 - Epoch 85: val_loss=0.5848914384841919, val_acc= 80.42%,val_weighted_f1= 79.67,val_macro_f1= 74.16%
INFO - 09/13/26 22:47:57 - 0:16:03 - Epoch 86: train_loss=0.48557838797569275, train_acc= 83.77%
INFO - 09/13/26 22:47:57 - 0:16:03 - Epoch 87: train_loss=0.4793008267879486, train_acc= 84.05%
INFO - 09/13/26 22:47:58 - 0:16:03 - Epoch 88: train_loss=0.4834868609905243, train_acc= 84.00%
INFO - 09/13/26 22:47:58 - 0:16:03 - Epoch 89: train_loss=0.4784410893917084, train_acc= 84.41%
INFO - 09/13/26 22:47:58 - 0:16:04 - Epoch 90: train_loss=0.47463008761405945, train_acc= 83.88%
INFO - 09/13/26 22:47:58 - 0:16:04 - Epoch 90: val_loss=0.5624931454658508, val_acc= 81.32%,val_weighted_f1= 80.87,val_macro_f1= 75.64%
INFO - 09/13/26 22:47:59 - 0:16:04 - Epoch 91: train_loss=0.4627538025379181, train_acc= 85.02%
INFO - 09/13/26 22:47:59 - 0:16:04 - Epoch 92: train_loss=0.45323437452316284, train_acc= 85.00%
INFO - 09/13/26 22:47:59 - 0:16:04 - Epoch 93: train_loss=0.451768696308136, train_acc= 85.15%
INFO - 09/13/26 22:47:59 - 0:16:05 - Epoch 94: train_loss=0.448378324508667, train_acc= 85.39%
INFO - 09/13/26 22:47:59 - 0:16:05 - Epoch 95: train_loss=0.43905624747276306, train_acc= 85.56%
INFO - 09/13/26 22:47:59 - 0:16:05 - Epoch 95: val_loss=0.5590012669563293, val_acc= 81.75%,val_weighted_f1= 81.12,val_macro_f1= 76.42%
INFO - 09/13/26 22:48:00 - 0:16:05 - Epoch 96: train_loss=0.4356267750263214, train_acc= 85.65%
INFO - 09/13/26 22:48:00 - 0:16:05 - Epoch 97: train_loss=0.4341578781604767, train_acc= 85.85%
INFO - 09/13/26 22:48:00 - 0:16:06 - Epoch 98: train_loss=0.42884719371795654, train_acc= 85.87%
INFO - 09/13/26 22:48:00 - 0:16:06 - Epoch 99: train_loss=0.4235040545463562, train_acc= 86.14%
INFO - 09/13/26 22:48:01 - 0:16:06 - Epoch 100: train_loss=0.4239916503429413, train_acc= 86.07%
INFO - 09/13/26 22:48:01 - 0:16:06 - Epoch 100: val_loss=0.54366135597229, val_acc= 82.49%,val_weighted_f1= 81.94,val_macro_f1= 77.76%
INFO - 09/13/26 22:48:01 - 0:16:06 - Epoch 101: train_loss=0.41544654965400696, train_acc= 86.39%
INFO - 09/13/26 22:48:01 - 0:16:07 - Epoch 102: train_loss=0.4077848792076111, train_acc= 86.40%
INFO - 09/13/26 22:48:01 - 0:16:07 - Epoch 103: train_loss=0.4102931618690491, train_acc= 86.36%
INFO - 09/13/26 22:48:02 - 0:16:07 - Epoch 104: train_loss=0.40169215202331543, train_acc= 86.59%
INFO - 09/13/26 22:48:02 - 0:16:07 - Epoch 105: train_loss=0.3972066044807434, train_acc= 86.83%
INFO - 09/13/26 22:48:02 - 0:16:07 - Epoch 105: val_loss=0.5302757024765015, val_acc= 82.74%,val_weighted_f1= 82.39,val_macro_f1= 78.06%
INFO - 09/13/26 22:48:02 - 0:16:07 - Epoch 106: train_loss=0.39646410942077637, train_acc= 87.14%
INFO - 09/13/26 22:48:02 - 0:16:08 - Epoch 107: train_loss=0.39016780257225037, train_acc= 87.11%
INFO - 09/13/26 22:48:03 - 0:16:08 - Epoch 108: train_loss=0.38219088315963745, train_acc= 87.55%
INFO - 09/13/26 22:48:03 - 0:16:08 - Epoch 109: train_loss=0.38288623094558716, train_acc= 87.27%
INFO - 09/13/26 22:48:03 - 0:16:08 - Epoch 110: train_loss=0.38132956624031067, train_acc= 87.24%
INFO - 09/13/26 22:48:03 - 0:16:09 - Epoch 110: val_loss=0.5368615388870239, val_acc= 83.14%,val_weighted_f1= 82.49,val_macro_f1= 78.81%
INFO - 09/13/26 22:48:03 - 0:16:09 - Epoch 111: train_loss=0.3737717270851135, train_acc= 87.71%
INFO - 09/13/26 22:48:04 - 0:16:09 - Epoch 112: train_loss=0.3642251491546631, train_acc= 88.04%
INFO - 09/13/26 22:48:04 - 0:16:09 - Epoch 113: train_loss=0.357564240694046, train_acc= 88.21%
INFO - 09/13/26 22:48:04 - 0:16:09 - Epoch 114: train_loss=0.35920479893684387, train_acc= 88.69%
INFO - 09/13/26 22:48:04 - 0:16:10 - Epoch 115: train_loss=0.3573102056980133, train_acc= 88.54%
INFO - 09/13/26 22:48:04 - 0:16:10 - Epoch 115: val_loss=0.5300063490867615, val_acc= 83.37%,val_weighted_f1= 82.76,val_macro_f1= 79.11%
INFO - 09/13/26 22:48:05 - 0:16:10 - Epoch 116: train_loss=0.3572866916656494, train_acc= 88.18%
INFO - 09/13/26 22:48:05 - 0:16:10 - Epoch 117: train_loss=0.3430258333683014, train_acc= 88.87%
INFO - 09/13/26 22:48:05 - 0:16:10 - Epoch 118: train_loss=0.3384637236595154, train_acc= 88.97%
INFO - 09/13/26 22:48:05 - 0:16:11 - Epoch 119: train_loss=0.33809155225753784, train_acc= 88.98%
INFO - 09/13/26 22:48:05 - 0:16:11 - Epoch 120: train_loss=0.3367469310760498, train_acc= 89.10%
INFO - 09/13/26 22:48:06 - 0:16:11 - Epoch 120: val_loss=0.521584689617157, val_acc= 83.76%,val_weighted_f1= 83.26,val_macro_f1= 79.32%
INFO - 09/13/26 22:48:06 - 0:16:11 - Epoch 121: train_loss=0.34106263518333435, train_acc= 88.86%
INFO - 09/13/26 22:48:06 - 0:16:11 - Epoch 122: train_loss=0.3395829498767853, train_acc= 88.61%
INFO - 09/13/26 22:48:06 - 0:16:12 - Epoch 123: train_loss=0.32330936193466187, train_acc= 89.53%
INFO - 09/13/26 22:48:06 - 0:16:12 - Epoch 124: train_loss=0.3199518620967865, train_acc= 89.63%
INFO - 09/13/26 22:48:07 - 0:16:12 - Epoch 125: train_loss=0.31950637698173523, train_acc= 89.44%
INFO - 09/13/26 22:48:07 - 0:16:12 - Epoch 125: val_loss=0.518675684928894, val_acc= 84.17%,val_weighted_f1= 83.65,val_macro_f1= 80.22%
INFO - 09/13/26 22:48:07 - 0:16:12 - Epoch 126: train_loss=0.3158550560474396, train_acc= 89.87%
INFO - 09/13/26 22:48:07 - 0:16:13 - Epoch 127: train_loss=0.31859931349754333, train_acc= 89.38%
INFO - 09/13/26 22:48:07 - 0:16:13 - Epoch 128: train_loss=0.30923840403556824, train_acc= 89.83%
INFO - 09/13/26 22:48:08 - 0:16:13 - Epoch 129: train_loss=0.3040814995765686, train_acc= 90.11%
INFO - 09/13/26 22:48:08 - 0:16:13 - Epoch 130: train_loss=0.3014526665210724, train_acc= 89.90%
INFO - 09/13/26 22:48:08 - 0:16:13 - Epoch 130: val_loss=0.5020422339439392, val_acc= 84.36%,val_weighted_f1= 83.90,val_macro_f1= 80.37%
INFO - 09/13/26 22:48:08 - 0:16:14 - Epoch 131: train_loss=0.2946392297744751, train_acc= 90.47%
INFO - 09/13/26 22:48:09 - 0:16:14 - Epoch 132: train_loss=0.2956332564353943, train_acc= 90.17%
INFO - 09/13/26 22:48:09 - 0:16:14 - Epoch 133: train_loss=0.2915093004703522, train_acc= 90.30%
INFO - 09/13/26 22:48:09 - 0:16:14 - Epoch 134: train_loss=0.2895949184894562, train_acc= 90.59%
INFO - 09/13/26 22:48:09 - 0:16:15 - Epoch 135: train_loss=0.28026801347732544, train_acc= 90.72%
INFO - 09/13/26 22:48:09 - 0:16:15 - Epoch 135: val_loss=0.5007264018058777, val_acc= 84.84%,val_weighted_f1= 84.38,val_macro_f1= 80.78%
INFO - 09/13/26 22:48:10 - 0:16:15 - Epoch 136: train_loss=0.28080636262893677, train_acc= 90.87%
INFO - 09/13/26 22:48:10 - 0:16:15 - Epoch 137: train_loss=0.2808602452278137, train_acc= 90.75%
INFO - 09/13/26 22:48:10 - 0:16:15 - Epoch 138: train_loss=0.2738777995109558, train_acc= 91.19%
INFO - 09/13/26 22:48:10 - 0:16:16 - Epoch 139: train_loss=0.2717039883136749, train_acc= 91.11%
INFO - 09/13/26 22:48:10 - 0:16:16 - Epoch 140: train_loss=0.2681117653846741, train_acc= 91.33%
INFO - 09/13/26 22:48:10 - 0:16:16 - Epoch 140: val_loss=0.49390557408332825, val_acc= 85.35%,val_weighted_f1= 84.95,val_macro_f1= 81.54%
INFO - 09/13/26 22:48:11 - 0:16:16 - Epoch 141: train_loss=0.2632240355014801, train_acc= 91.55%
INFO - 09/13/26 22:48:11 - 0:16:16 - Epoch 142: train_loss=0.2605843245983124, train_acc= 91.44%
INFO - 09/13/26 22:48:11 - 0:16:17 - Epoch 143: train_loss=0.2548465430736542, train_acc= 91.81%
INFO - 09/13/26 22:48:11 - 0:16:17 - Epoch 144: train_loss=0.2537726163864136, train_acc= 91.80%
INFO - 09/13/26 22:48:12 - 0:16:17 - Epoch 145: train_loss=0.24961380660533905, train_acc= 91.79%
INFO - 09/13/26 22:48:12 - 0:16:17 - Epoch 145: val_loss=0.5059466361999512, val_acc= 85.24%,val_weighted_f1= 84.78,val_macro_f1= 81.43%
EarlyStopping counter: 1 out of 15
INFO - 09/13/26 22:48:12 - 0:16:17 - Epoch 146: train_loss=0.24959617853164673, train_acc= 92.00%
INFO - 09/13/26 22:48:12 - 0:16:18 - Epoch 147: train_loss=0.2534547448158264, train_acc= 91.47%
INFO - 09/13/26 22:48:12 - 0:16:18 - Epoch 148: train_loss=0.24571356177330017, train_acc= 91.94%
INFO - 09/13/26 22:48:13 - 0:16:18 - Epoch 149: train_loss=0.24534276127815247, train_acc= 92.10%
INFO - 09/13/26 22:48:13 - 0:16:18 - Epoch 150: train_loss=0.2673971354961395, train_acc= 91.23%
INFO - 09/13/26 22:48:13 - 0:16:18 - Epoch 150: val_loss=0.523707389831543, val_acc= 84.78%,val_weighted_f1= 84.32,val_macro_f1= 80.81%
EarlyStopping counter: 2 out of 15
INFO - 09/13/26 22:48:13 - 0:16:19 - Epoch 151: train_loss=0.27752572298049927, train_acc= 90.50%
INFO - 09/13/26 22:48:13 - 0:16:19 - Epoch 152: train_loss=0.2316107451915741, train_acc= 92.50%
INFO - 09/13/26 22:48:14 - 0:16:19 - Epoch 153: train_loss=0.24601541459560394, train_acc= 91.68%
INFO - 09/13/26 22:48:14 - 0:16:19 - Epoch 154: train_loss=0.2311609387397766, train_acc= 92.33%
INFO - 09/13/26 22:48:14 - 0:16:19 - Epoch 155: train_loss=0.23898020386695862, train_acc= 92.03%
INFO - 09/13/26 22:48:14 - 0:16:20 - Epoch 155: val_loss=0.48661699891090393, val_acc= 85.31%,val_weighted_f1= 85.10,val_macro_f1= 81.81%
EarlyStopping counter: 3 out of 15
INFO - 09/13/26 22:48:14 - 0:16:20 - Epoch 156: train_loss=0.22527183592319489, train_acc= 92.62%
INFO - 09/13/26 22:48:15 - 0:16:20 - Epoch 157: train_loss=0.228351891040802, train_acc= 92.54%
INFO - 09/13/26 22:48:15 - 0:16:20 - Epoch 158: train_loss=0.22286304831504822, train_acc= 92.82%
INFO - 09/13/26 22:48:15 - 0:16:20 - Epoch 159: train_loss=0.2194429337978363, train_acc= 93.02%
INFO - 09/13/26 22:48:15 - 0:16:21 - Epoch 160: train_loss=0.2173672318458557, train_acc= 93.24%
INFO - 09/13/26 22:48:15 - 0:16:21 - Epoch 160: val_loss=0.5064429640769958, val_acc= 85.37%,val_weighted_f1= 85.00,val_macro_f1= 81.53%
INFO - 09/13/26 22:48:16 - 0:16:21 - Epoch 161: train_loss=0.21576561033725739, train_acc= 93.22%
INFO - 09/13/26 22:48:16 - 0:16:21 - Epoch 162: train_loss=0.20998643338680267, train_acc= 93.24%
INFO - 09/13/26 22:48:16 - 0:16:21 - Epoch 163: train_loss=0.20497287809848785, train_acc= 93.57%
INFO - 09/13/26 22:48:16 - 0:16:22 - Epoch 164: train_loss=0.20428922772407532, train_acc= 93.58%
INFO - 09/13/26 22:48:16 - 0:16:22 - Epoch 165: train_loss=0.2037675529718399, train_acc= 93.61%
INFO - 09/13/26 22:48:17 - 0:16:22 - Epoch 165: val_loss=0.5079699158668518, val_acc= 85.60%,val_weighted_f1= 85.20,val_macro_f1= 81.87%
INFO - 09/13/26 22:48:17 - 0:16:22 - Epoch 166: train_loss=0.2046535611152649, train_acc= 93.51%
INFO - 09/13/26 22:48:17 - 0:16:22 - Epoch 167: train_loss=0.19249431788921356, train_acc= 93.90%
INFO - 09/13/26 22:48:17 - 0:16:23 - Epoch 168: train_loss=0.19400626420974731, train_acc= 93.81%
INFO - 09/13/26 22:48:17 - 0:16:23 - Epoch 169: train_loss=0.1934850811958313, train_acc= 93.95%
INFO - 09/13/26 22:48:18 - 0:16:23 - Epoch 170: train_loss=0.1850033551454544, train_acc= 94.16%
INFO - 09/13/26 22:48:18 - 0:16:23 - Epoch 170: val_loss=0.49472737312316895, val_acc= 86.09%,val_weighted_f1= 85.81,val_macro_f1= 82.58%
INFO - 09/13/26 22:48:18 - 0:16:24 - Epoch 171: train_loss=0.18307846784591675, train_acc= 94.08%
INFO - 09/13/26 22:48:18 - 0:16:24 - Epoch 172: train_loss=0.17832303047180176, train_acc= 94.45%
INFO - 09/13/26 22:48:19 - 0:16:24 - Epoch 173: train_loss=0.17749996483325958, train_acc= 94.51%
INFO - 09/13/26 22:48:19 - 0:16:24 - Epoch 174: train_loss=0.17482627928256989, train_acc= 94.56%
INFO - 09/13/26 22:48:19 - 0:16:24 - Epoch 175: train_loss=0.17807094752788544, train_acc= 94.25%
INFO - 09/13/26 22:48:19 - 0:16:25 - Epoch 175: val_loss=0.49262604117393494, val_acc= 86.05%,val_weighted_f1= 85.77,val_macro_f1= 82.26%
EarlyStopping counter: 1 out of 15
INFO - 09/13/26 22:48:19 - 0:16:25 - Epoch 176: train_loss=0.17355157434940338, train_acc= 94.62%
INFO - 09/13/26 22:48:20 - 0:16:25 - Epoch 177: train_loss=0.17008857429027557, train_acc= 94.79%
INFO - 09/13/26 22:48:20 - 0:16:25 - Epoch 178: train_loss=0.165607288479805, train_acc= 94.79%
INFO - 09/13/26 22:48:20 - 0:16:26 - Epoch 179: train_loss=0.16582123935222626, train_acc= 94.81%
INFO - 09/13/26 22:48:20 - 0:16:26 - Epoch 180: train_loss=0.16754840314388275, train_acc= 94.85%
INFO - 09/13/26 22:48:20 - 0:16:26 - Epoch 180: val_loss=0.4954679012298584, val_acc= 86.41%,val_weighted_f1= 86.07,val_macro_f1= 82.85%
INFO - 09/13/26 22:48:21 - 0:16:26 - Epoch 181: train_loss=0.1622111201286316, train_acc= 94.86%
INFO - 09/13/26 22:48:21 - 0:16:26 - Epoch 182: train_loss=0.1606435328722, train_acc= 94.82%
INFO - 09/13/26 22:48:21 - 0:16:27 - Epoch 183: train_loss=0.15730859339237213, train_acc= 95.13%
INFO - 09/13/26 22:48:21 - 0:16:27 - Epoch 184: train_loss=0.15147832036018372, train_acc= 95.43%
INFO - 09/13/26 22:48:22 - 0:16:27 - Epoch 185: train_loss=0.15333768725395203, train_acc= 95.43%
INFO - 09/13/26 22:48:22 - 0:16:27 - Epoch 185: val_loss=0.49909523129463196, val_acc= 86.14%,val_weighted_f1= 85.90,val_macro_f1= 82.54%
EarlyStopping counter: 1 out of 15
INFO - 09/13/26 22:48:22 - 0:16:27 - Epoch 186: train_loss=0.14986655116081238, train_acc= 95.27%
INFO - 09/13/26 22:48:22 - 0:16:28 - Epoch 187: train_loss=0.14532750844955444, train_acc= 95.62%
INFO - 09/13/26 22:48:22 - 0:16:28 - Epoch 188: train_loss=0.14424271881580353, train_acc= 95.82%
INFO - 09/13/26 22:48:23 - 0:16:28 - Epoch 189: train_loss=0.14090536534786224, train_acc= 95.67%
INFO - 09/13/26 22:48:23 - 0:16:28 - Epoch 190: train_loss=0.13981099426746368, train_acc= 95.75%
INFO - 09/13/26 22:48:23 - 0:16:28 - Epoch 190: val_loss=0.5063653588294983, val_acc= 86.41%,val_weighted_f1= 86.19,val_macro_f1= 83.00%
INFO - 09/13/26 22:48:23 - 0:16:29 - Epoch 191: train_loss=0.13988684117794037, train_acc= 95.62%
INFO - 09/13/26 22:48:23 - 0:16:29 - Epoch 192: train_loss=0.1367061734199524, train_acc= 95.99%
INFO - 09/13/26 22:48:24 - 0:16:29 - Epoch 193: train_loss=0.1368522047996521, train_acc= 95.84%
INFO - 09/13/26 22:48:24 - 0:16:29 - Epoch 194: train_loss=0.13707688450813293, train_acc= 95.75%
INFO - 09/13/26 22:48:24 - 0:16:29 - Epoch 195: train_loss=0.13318686187267303, train_acc= 96.07%
INFO - 09/13/26 22:48:24 - 0:16:30 - Epoch 195: val_loss=0.5378263592720032, val_acc= 85.83%,val_weighted_f1= 85.42,val_macro_f1= 82.25%
EarlyStopping counter: 1 out of 15
INFO - 09/13/26 22:48:24 - 0:16:30 - Epoch 196: train_loss=0.1353512704372406, train_acc= 95.88%
INFO - 09/13/26 22:48:25 - 0:16:30 - Epoch 197: train_loss=0.14136680960655212, train_acc= 95.51%
INFO - 09/13/26 22:48:25 - 0:16:30 - Epoch 198: train_loss=0.14852245151996613, train_acc= 95.40%
INFO - 09/13/26 22:48:25 - 0:16:30 - Epoch 199: train_loss=0.13325855135917664, train_acc= 95.82%
INFO - 09/13/26 22:48:25 - 0:16:31 - Epoch 200: train_loss=0.12070176750421524, train_acc= 96.35%
INFO - 09/13/26 22:48:25 - 0:16:31 - Epoch 200: val_loss=0.526456356048584, val_acc= 86.30%,val_weighted_f1= 85.96,val_macro_f1= 82.98%
EarlyStopping counter: 2 out of 15
INFO - 09/13/26 22:48:26 - 0:16:31 - Epoch 201: train_loss=0.12826736271381378, train_acc= 95.99%
INFO - 09/13/26 22:48:26 - 0:16:31 - Epoch 202: train_loss=0.12639883160591125, train_acc= 96.12%
INFO - 09/13/26 22:48:26 - 0:16:31 - Epoch 203: train_loss=0.11795942485332489, train_acc= 96.43%
INFO - 09/13/26 22:48:26 - 0:16:32 - Epoch 204: train_loss=0.11736486107110977, train_acc= 96.45%
INFO - 09/13/26 22:48:27 - 0:16:32 - Epoch 205: train_loss=0.11883454769849777, train_acc= 96.51%
INFO - 09/13/26 22:48:27 - 0:16:32 - Epoch 205: val_loss=0.5135959982872009, val_acc= 86.30%,val_weighted_f1= 86.08,val_macro_f1= 83.00%
EarlyStopping counter: 3 out of 15
INFO - 09/13/26 22:48:27 - 0:16:32 - Epoch 206: train_loss=0.1162586435675621, train_acc= 96.49%
INFO - 09/13/26 22:48:27 - 0:16:32 - Epoch 207: train_loss=0.11244912445545197, train_acc= 96.77%
INFO - 09/13/26 22:48:27 - 0:16:33 - Epoch 208: train_loss=0.10926694422960281, train_acc= 96.93%
INFO - 09/13/26 22:48:28 - 0:16:33 - Epoch 209: train_loss=0.11040352284908295, train_acc= 96.69%
INFO - 09/13/26 22:48:28 - 0:16:33 - Epoch 210: train_loss=0.1070793941617012, train_acc= 96.82%
INFO - 09/13/26 22:48:28 - 0:16:33 - Epoch 210: val_loss=0.5247272849082947, val_acc= 86.71%,val_weighted_f1= 86.42,val_macro_f1= 83.46%
INFO - 09/13/26 22:48:28 - 0:16:33 - Epoch 211: train_loss=0.10853496193885803, train_acc= 96.85%
INFO - 09/13/26 22:48:28 - 0:16:34 - Epoch 212: train_loss=0.10616257041692734, train_acc= 96.88%
INFO - 09/13/26 22:48:29 - 0:16:34 - Epoch 213: train_loss=0.1058257594704628, train_acc= 96.99%
INFO - 09/13/26 22:48:29 - 0:16:34 - Epoch 214: train_loss=0.10056813806295395, train_acc= 97.01%
INFO - 09/13/26 22:48:29 - 0:16:34 - Epoch 215: train_loss=0.10077600926160812, train_acc= 97.03%
INFO - 09/13/26 22:48:29 - 0:16:34 - Epoch 215: val_loss=0.5546524524688721, val_acc= 86.07%,val_weighted_f1= 85.68,val_macro_f1= 82.55%
EarlyStopping counter: 1 out of 15
INFO - 09/13/26 22:48:29 - 0:16:35 - Epoch 216: train_loss=0.10434311628341675, train_acc= 96.75%
INFO - 09/13/26 22:48:30 - 0:16:35 - Epoch 217: train_loss=0.09661899507045746, train_acc= 97.24%
INFO - 09/13/26 22:48:30 - 0:16:35 - Epoch 218: train_loss=0.09663122892379761, train_acc= 97.21%
INFO - 09/13/26 22:48:30 - 0:16:35 - Epoch 219: train_loss=0.1018112376332283, train_acc= 96.96%
INFO - 09/13/26 22:48:30 - 0:16:36 - Epoch 220: train_loss=0.0948530063033104, train_acc= 97.15%
INFO - 09/13/26 22:48:30 - 0:16:36 - Epoch 220: val_loss=0.5286902785301208, val_acc= 86.55%,val_weighted_f1= 86.32,val_macro_f1= 83.44%
EarlyStopping counter: 2 out of 15
INFO - 09/13/26 22:48:31 - 0:16:36 - Epoch 221: train_loss=0.09319806098937988, train_acc= 97.16%
INFO - 09/13/26 22:48:31 - 0:16:36 - Epoch 222: train_loss=0.09195262938737869, train_acc= 97.27%
INFO - 09/13/26 22:48:31 - 0:16:36 - Epoch 223: train_loss=0.08836547285318375, train_acc= 97.36%
INFO - 09/13/26 22:48:31 - 0:16:37 - Epoch 224: train_loss=0.08646458387374878, train_acc= 97.57%
INFO - 09/13/26 22:48:32 - 0:16:37 - Epoch 225: train_loss=0.0891156792640686, train_acc= 97.48%
INFO - 09/13/26 22:48:32 - 0:16:37 - Epoch 225: val_loss=0.5391310453414917, val_acc= 86.53%,val_weighted_f1= 86.32,val_macro_f1= 83.44%
EarlyStopping counter: 3 out of 15
INFO - 09/13/26 22:48:32 - 0:16:37 - Epoch 226: train_loss=0.0849834457039833, train_acc= 97.65%
INFO - 09/13/26 22:48:32 - 0:16:37 - Epoch 227: train_loss=0.08165533095598221, train_acc= 97.82%
INFO - 09/13/26 22:48:32 - 0:16:38 - Epoch 228: train_loss=0.08139514178037643, train_acc= 97.53%
INFO - 09/13/26 22:48:33 - 0:16:38 - Epoch 229: train_loss=0.08198250830173492, train_acc= 97.61%
INFO - 09/13/26 22:48:33 - 0:16:38 - Epoch 230: train_loss=0.07916706055402756, train_acc= 97.76%
INFO - 09/13/26 22:48:33 - 0:16:38 - Epoch 230: val_loss=0.550905168056488, val_acc= 86.88%,val_weighted_f1= 86.57,val_macro_f1= 83.54%
INFO - 09/13/26 22:48:33 - 0:16:38 - Epoch 231: train_loss=0.07953120768070221, train_acc= 97.78%
INFO - 09/13/26 22:48:33 - 0:16:39 - Epoch 232: train_loss=0.0761646032333374, train_acc= 97.91%
INFO - 09/13/26 22:48:33 - 0:16:39 - Epoch 233: train_loss=0.07777561992406845, train_acc= 97.76%
INFO - 09/13/26 22:48:34 - 0:16:39 - Epoch 234: train_loss=0.07747792452573776, train_acc= 97.81%
INFO - 09/13/26 22:48:34 - 0:16:39 - Epoch 235: train_loss=0.07447748631238937, train_acc= 97.91%
INFO - 09/13/26 22:48:34 - 0:16:39 - Epoch 235: val_loss=0.5525991320610046, val_acc= 86.67%,val_weighted_f1= 86.43,val_macro_f1= 83.36%
EarlyStopping counter: 1 out of 15
INFO - 09/13/26 22:48:34 - 0:16:40 - Epoch 236: train_loss=0.07413309067487717, train_acc= 97.93%
INFO - 09/13/26 22:48:34 - 0:16:40 - Epoch 237: train_loss=0.0730031430721283, train_acc= 98.01%
INFO - 09/13/26 22:48:35 - 0:16:40 - Epoch 238: train_loss=0.07167328149080276, train_acc= 98.09%
INFO - 09/13/26 22:48:35 - 0:16:40 - Epoch 239: train_loss=0.06792562454938889, train_acc= 98.16%
INFO - 09/13/26 22:48:35 - 0:16:40 - Epoch 240: train_loss=0.07060900330543518, train_acc= 98.01%
INFO - 09/13/26 22:48:35 - 0:16:41 - Epoch 240: val_loss=0.5854167938232422, val_acc= 86.18%,val_weighted_f1= 85.82,val_macro_f1= 82.91%
EarlyStopping counter: 2 out of 15
INFO - 09/13/26 22:48:35 - 0:16:41 - Epoch 241: train_loss=0.07536090910434723, train_acc= 97.74%
INFO - 09/13/26 22:48:36 - 0:16:41 - Epoch 242: train_loss=0.07295951247215271, train_acc= 97.76%
INFO - 09/13/26 22:48:36 - 0:16:41 - Epoch 243: train_loss=0.06562349945306778, train_acc= 98.27%
INFO - 09/13/26 22:48:36 - 0:16:41 - Epoch 244: train_loss=0.0664408877491951, train_acc= 98.19%
INFO - 09/13/26 22:48:36 - 0:16:42 - Epoch 245: train_loss=0.06403470039367676, train_acc= 98.39%
INFO - 09/13/26 22:48:37 - 0:16:42 - Epoch 245: val_loss=0.5678565502166748, val_acc= 86.69%,val_weighted_f1= 86.44,val_macro_f1= 83.47%
EarlyStopping counter: 3 out of 15
INFO - 09/13/26 22:48:37 - 0:16:42 - Epoch 246: train_loss=0.06204468011856079, train_acc= 98.46%
INFO - 09/13/26 22:48:37 - 0:16:42 - Epoch 247: train_loss=0.06073186174035072, train_acc= 98.43%
INFO - 09/13/26 22:48:37 - 0:16:43 - Epoch 248: train_loss=0.06166316941380501, train_acc= 98.44%
INFO - 09/13/26 22:48:37 - 0:16:43 - Epoch 249: train_loss=0.06303808838129044, train_acc= 98.32%
INFO - 09/13/26 22:48:38 - 0:16:43 - Epoch 250: train_loss=0.05844994634389877, train_acc= 98.53%
INFO - 09/13/26 22:48:38 - 0:16:43 - Epoch 250: val_loss=0.5618649125099182, val_acc= 87.03%,val_weighted_f1= 86.82,val_macro_f1= 83.72%
INFO - 09/13/26 22:48:38 - 0:16:43 - Epoch 251: train_loss=0.05956626310944557, train_acc= 98.27%
INFO - 09/13/26 22:48:38 - 0:16:43 - Epoch 252: train_loss=0.05857102945446968, train_acc= 98.50%
INFO - 09/13/26 22:48:38 - 0:16:44 - Epoch 253: train_loss=0.056828852742910385, train_acc= 98.60%
INFO - 09/13/26 22:48:39 - 0:16:44 - Epoch 254: train_loss=0.05728692561388016, train_acc= 98.46%
INFO - 09/13/26 22:48:39 - 0:16:44 - Epoch 255: train_loss=0.0578518845140934, train_acc= 98.53%
INFO - 09/13/26 22:48:39 - 0:16:44 - Epoch 255: val_loss=0.5751776695251465, val_acc= 86.67%,val_weighted_f1= 86.45,val_macro_f1= 83.44%
EarlyStopping counter: 1 out of 15
INFO - 09/13/26 22:48:39 - 0:16:44 - Epoch 256: train_loss=0.052790794521570206, train_acc= 98.64%
INFO - 09/13/26 22:48:39 - 0:16:45 - Epoch 257: train_loss=0.0558343306183815, train_acc= 98.46%
INFO - 09/13/26 22:48:40 - 0:16:45 - Epoch 258: train_loss=0.05330381169915199, train_acc= 98.63%
INFO - 09/13/26 22:48:40 - 0:16:45 - Epoch 259: train_loss=0.0524442121386528, train_acc= 98.63%
INFO - 09/13/26 22:48:40 - 0:16:45 - Epoch 260: train_loss=0.04933667182922363, train_acc= 98.81%
INFO - 09/13/26 22:48:40 - 0:16:45 - Epoch 260: val_loss=0.5805159211158752, val_acc= 86.81%,val_weighted_f1= 86.58,val_macro_f1= 83.57%
EarlyStopping counter: 2 out of 15
INFO - 09/13/26 22:48:40 - 0:16:46 - Epoch 261: train_loss=0.052125800400972366, train_acc= 98.69%
INFO - 09/13/26 22:48:41 - 0:16:46 - Epoch 262: train_loss=0.04859188199043274, train_acc= 98.79%
INFO - 09/13/26 22:48:41 - 0:16:46 - Epoch 263: train_loss=0.04929385334253311, train_acc= 98.91%
INFO - 09/13/26 22:48:41 - 0:16:46 - Epoch 264: train_loss=0.049306660890579224, train_acc= 98.81%
INFO - 09/13/26 22:48:41 - 0:16:47 - Epoch 265: train_loss=0.04636598005890846, train_acc= 98.91%
INFO - 09/13/26 22:48:41 - 0:16:47 - Epoch 265: val_loss=0.5827335715293884, val_acc= 86.80%,val_weighted_f1= 86.53,val_macro_f1= 83.67%
EarlyStopping counter: 3 out of 15
INFO - 09/13/26 22:48:42 - 0:16:47 - Epoch 266: train_loss=0.04838450998067856, train_acc= 98.80%
INFO - 09/13/26 22:48:42 - 0:16:47 - Epoch 267: train_loss=0.046685218811035156, train_acc= 98.88%
INFO - 09/13/26 22:48:42 - 0:16:47 - Epoch 268: train_loss=0.04709065705537796, train_acc= 98.74%
INFO - 09/13/26 22:48:42 - 0:16:48 - Epoch 269: train_loss=0.04535917192697525, train_acc= 98.83%
INFO - 09/13/26 22:48:43 - 0:16:48 - Epoch 270: train_loss=0.04589381441473961, train_acc= 98.81%
INFO - 09/13/26 22:48:43 - 0:16:48 - Epoch 270: val_loss=0.5858280658721924, val_acc= 86.80%,val_weighted_f1= 86.59,val_macro_f1= 83.68%
EarlyStopping counter: 4 out of 15
INFO - 09/13/26 22:48:43 - 0:16:48 - Epoch 271: train_loss=0.04660938307642937, train_acc= 98.80%
INFO - 09/13/26 22:48:43 - 0:16:48 - Epoch 272: train_loss=0.04287375882267952, train_acc= 98.97%
INFO - 09/13/26 22:48:43 - 0:16:49 - Epoch 273: train_loss=0.042833756655454636, train_acc= 98.92%
INFO - 09/13/26 22:48:44 - 0:16:49 - Epoch 274: train_loss=0.04283134266734123, train_acc= 98.96%
INFO - 09/13/26 22:48:44 - 0:16:49 - Epoch 275: train_loss=0.04235108941793442, train_acc= 98.95%
INFO - 09/13/26 22:48:44 - 0:16:49 - Epoch 275: val_loss=0.5916206240653992, val_acc= 87.13%,val_weighted_f1= 86.91,val_macro_f1= 83.92%
INFO - 09/13/26 22:48:44 - 0:16:49 - Epoch 276: train_loss=0.04020359367132187, train_acc= 98.99%
INFO - 09/13/26 22:48:44 - 0:16:50 - Epoch 277: train_loss=0.03904208913445473, train_acc= 99.05%
INFO - 09/13/26 22:48:44 - 0:16:50 - Epoch 278: train_loss=0.040716733783483505, train_acc= 99.16%
INFO - 09/13/26 22:48:45 - 0:16:50 - Epoch 279: train_loss=0.039594583213329315, train_acc= 99.14%
INFO - 09/13/26 22:48:45 - 0:16:50 - Epoch 280: train_loss=0.038342464715242386, train_acc= 99.16%
INFO - 09/13/26 22:48:45 - 0:16:50 - Epoch 280: val_loss=0.599191427230835, val_acc= 87.04%,val_weighted_f1= 86.80,val_macro_f1= 83.99%
EarlyStopping counter: 1 out of 15
INFO - 09/13/26 22:48:45 - 0:16:51 - Epoch 281: train_loss=0.037840455770492554, train_acc= 99.14%
INFO - 09/13/26 22:48:45 - 0:16:51 - Epoch 282: train_loss=0.03707360103726387, train_acc= 99.16%
INFO - 09/13/26 22:48:46 - 0:16:51 - Epoch 283: train_loss=0.037785276770591736, train_acc= 99.14%
INFO - 09/13/26 22:48:46 - 0:16:51 - Epoch 284: train_loss=0.03756669536232948, train_acc= 99.16%
INFO - 09/13/26 22:48:46 - 0:16:52 - Epoch 285: train_loss=0.03949187323451042, train_acc= 99.01%
INFO - 09/13/26 22:48:46 - 0:16:52 - Epoch 285: val_loss=0.6220740079879761, val_acc= 86.67%,val_weighted_f1= 86.38,val_macro_f1= 83.51%
EarlyStopping counter: 2 out of 15
INFO - 09/13/26 22:48:47 - 0:16:52 - Epoch 286: train_loss=0.03653502091765404, train_acc= 99.14%
INFO - 09/13/26 22:48:47 - 0:16:52 - Epoch 287: train_loss=0.04015049710869789, train_acc= 98.93%
INFO - 09/13/26 22:48:47 - 0:16:52 - Epoch 288: train_loss=0.03729567676782608, train_acc= 99.12%
INFO - 09/13/26 22:48:47 - 0:16:53 - Epoch 289: train_loss=0.033892132341861725, train_acc= 99.21%
INFO - 09/13/26 22:48:47 - 0:16:53 - Epoch 290: train_loss=0.0396285317838192, train_acc= 99.00%
INFO - 09/13/26 22:48:48 - 0:16:53 - Epoch 290: val_loss=0.6287050247192383, val_acc= 86.62%,val_weighted_f1= 86.36,val_macro_f1= 83.63%
EarlyStopping counter: 3 out of 15
INFO - 09/13/26 22:48:48 - 0:16:53 - Epoch 291: train_loss=0.03520815446972847, train_acc= 99.21%
INFO - 09/13/26 22:48:48 - 0:16:53 - Epoch 292: train_loss=0.03441447392106056, train_acc= 99.22%
INFO - 09/13/26 22:48:48 - 0:16:54 - Epoch 293: train_loss=0.03311116248369217, train_acc= 99.33%
INFO - 09/13/26 22:48:48 - 0:16:54 - Epoch 294: train_loss=0.0322578027844429, train_acc= 99.33%
INFO - 09/13/26 22:48:49 - 0:16:54 - Epoch 295: train_loss=0.03148261457681656, train_acc= 99.34%
INFO - 09/13/26 22:48:49 - 0:16:54 - Epoch 295: val_loss=0.6019236445426941, val_acc= 87.20%,val_weighted_f1= 86.98,val_macro_f1= 84.14%
INFO - 09/13/26 22:48:49 - 0:16:54 - Epoch 296: train_loss=0.03264074772596359, train_acc= 99.31%
INFO - 09/13/26 22:48:49 - 0:16:55 - Epoch 297: train_loss=0.03162751719355583, train_acc= 99.29%
INFO - 09/13/26 22:48:49 - 0:16:55 - Epoch 298: train_loss=0.030443158000707626, train_acc= 99.32%
INFO - 09/13/26 22:48:50 - 0:16:55 - Epoch 299: train_loss=0.03123004361987114, train_acc= 99.31%
INFO - 09/13/26 22:48:50 - 0:16:55 - Epoch 300: train_loss=0.030048297718167305, train_acc= 99.25%
INFO - 09/13/26 22:48:50 - 0:16:55 - Epoch 300: val_loss=0.6320890188217163, val_acc= 86.87%,val_weighted_f1= 86.59,val_macro_f1= 83.84%
EarlyStopping counter: 1 out of 15
INFO - 09/13/26 22:48:50 - 0:16:56 - Epoch 301: train_loss=0.03153010457754135, train_acc= 99.18%
INFO - 09/13/26 22:48:50 - 0:16:56 - Epoch 302: train_loss=0.031169818714261055, train_acc= 99.29%
INFO - 09/13/26 22:48:51 - 0:16:56 - Epoch 303: train_loss=0.028726203367114067, train_acc= 99.41%
INFO - 09/13/26 22:48:51 - 0:16:56 - Epoch 304: train_loss=0.03088609129190445, train_acc= 99.20%
INFO - 09/13/26 22:48:51 - 0:16:56 - Epoch 305: train_loss=0.02725817821919918, train_acc= 99.53%
INFO - 09/13/26 22:48:51 - 0:16:57 - Epoch 305: val_loss=0.615452766418457, val_acc= 86.95%,val_weighted_f1= 86.77,val_macro_f1= 83.96%
EarlyStopping counter: 2 out of 15
INFO - 09/13/26 22:48:51 - 0:16:57 - Epoch 306: train_loss=0.03218259662389755, train_acc= 99.23%
INFO - 09/13/26 22:48:52 - 0:16:57 - Epoch 307: train_loss=0.030605506151914597, train_acc= 99.23%
INFO - 09/13/26 22:48:52 - 0:16:57 - Epoch 308: train_loss=0.027415310963988304, train_acc= 99.37%
INFO - 09/13/26 22:48:52 - 0:16:57 - Epoch 309: train_loss=0.027247456833720207, train_acc= 99.35%
INFO - 09/13/26 22:48:52 - 0:16:58 - Epoch 310: train_loss=0.028601545840501785, train_acc= 99.33%
INFO - 09/13/26 22:48:52 - 0:16:58 - Epoch 310: val_loss=0.6494269371032715, val_acc= 86.73%,val_weighted_f1= 86.50,val_macro_f1= 83.70%
EarlyStopping counter: 3 out of 15
INFO - 09/13/26 22:48:53 - 0:16:58 - Epoch 311: train_loss=0.030404409393668175, train_acc= 99.20%
INFO - 09/13/26 22:48:53 - 0:16:58 - Epoch 312: train_loss=0.026024114340543747, train_acc= 99.42%
INFO - 09/13/26 22:48:53 - 0:16:58 - Epoch 313: train_loss=0.02921484224498272, train_acc= 99.27%
INFO - 09/13/26 22:48:53 - 0:16:59 - Epoch 314: train_loss=0.029897352680563927, train_acc= 99.35%
INFO - 09/13/26 22:48:54 - 0:16:59 - Epoch 315: train_loss=0.026405470445752144, train_acc= 99.44%
INFO - 09/13/26 22:48:54 - 0:16:59 - Epoch 315: val_loss=0.6275037527084351, val_acc= 87.17%,val_weighted_f1= 87.00,val_macro_f1= 84.02%
EarlyStopping counter: 4 out of 15
INFO - 09/13/26 22:48:54 - 0:16:59 - Epoch 316: train_loss=0.029999932274222374, train_acc= 99.26%
INFO - 09/13/26 22:48:54 - 0:16:59 - Epoch 317: train_loss=0.02302447147667408, train_acc= 99.53%
INFO - 09/13/26 22:48:54 - 0:17:00 - Epoch 318: train_loss=0.030716203153133392, train_acc= 99.16%
INFO - 09/13/26 22:48:54 - 0:17:00 - Epoch 319: train_loss=0.024698849767446518, train_acc= 99.46%
INFO - 09/13/26 22:48:55 - 0:17:00 - Epoch 320: train_loss=0.02776320092380047, train_acc= 99.47%
INFO - 09/13/26 22:48:55 - 0:17:00 - Epoch 320: val_loss=0.6750901937484741, val_acc= 86.69%,val_weighted_f1= 86.41,val_macro_f1= 83.76%
EarlyStopping counter: 5 out of 15
INFO - 09/13/26 22:48:55 - 0:17:00 - Epoch 321: train_loss=0.027849756181240082, train_acc= 99.32%
INFO - 09/13/26 22:48:55 - 0:17:01 - Epoch 322: train_loss=0.024540307000279427, train_acc= 99.43%
INFO - 09/13/26 22:48:55 - 0:17:01 - Epoch 323: train_loss=0.02534235641360283, train_acc= 99.44%
INFO - 09/13/26 22:48:56 - 0:17:01 - Epoch 324: train_loss=0.022572286427021027, train_acc= 99.53%
INFO - 09/13/26 22:48:56 - 0:17:01 - Epoch 325: train_loss=0.026102831587195396, train_acc= 99.41%
INFO - 09/13/26 22:48:56 - 0:17:01 - Epoch 325: val_loss=0.6406084299087524, val_acc= 87.11%,val_weighted_f1= 86.92,val_macro_f1= 84.17%
EarlyStopping counter: 6 out of 15
INFO - 09/13/26 22:48:56 - 0:17:02 - Epoch 326: train_loss=0.02179836668074131, train_acc= 99.58%
INFO - 09/13/26 22:48:57 - 0:17:02 - Epoch 327: train_loss=0.023348743095993996, train_acc= 99.52%
INFO - 09/13/26 22:48:57 - 0:17:02 - Epoch 328: train_loss=0.023411251604557037, train_acc= 99.59%
INFO - 09/13/26 22:48:57 - 0:17:02 - Epoch 329: train_loss=0.023538971319794655, train_acc= 99.42%
INFO - 09/13/26 22:48:57 - 0:17:03 - Epoch 330: train_loss=0.021417416632175446, train_acc= 99.51%
INFO - 09/13/26 22:48:57 - 0:17:03 - Epoch 330: val_loss=0.6329392790794373, val_acc= 87.20%,val_weighted_f1= 87.01,val_macro_f1= 84.31%
INFO - 09/13/26 22:48:58 - 0:17:03 - Epoch 331: train_loss=0.021509118378162384, train_acc= 99.58%
INFO - 09/13/26 22:48:58 - 0:17:03 - Epoch 332: train_loss=0.019445111975073814, train_acc= 99.69%
INFO - 09/13/26 22:48:58 - 0:17:03 - Epoch 333: train_loss=0.02306533232331276, train_acc= 99.55%
INFO - 09/13/26 22:48:58 - 0:17:04 - Epoch 334: train_loss=0.021150954067707062, train_acc= 99.59%
INFO - 09/13/26 22:48:58 - 0:17:04 - Epoch 335: train_loss=0.024020196869969368, train_acc= 99.42%
INFO - 09/13/26 22:48:58 - 0:17:04 - Epoch 335: val_loss=0.6517712473869324, val_acc= 87.04%,val_weighted_f1= 86.83,val_macro_f1= 84.04%
EarlyStopping counter: 1 out of 15
INFO - 09/13/26 22:48:59 - 0:17:04 - Epoch 336: train_loss=0.021190693601965904, train_acc= 99.62%
INFO - 09/13/26 22:48:59 - 0:17:04 - Epoch 337: train_loss=0.019974200055003166, train_acc= 99.66%
INFO - 09/13/26 22:48:59 - 0:17:05 - Epoch 338: train_loss=0.020927680656313896, train_acc= 99.59%
INFO - 09/13/26 22:48:59 - 0:17:05 - Epoch 339: train_loss=0.019581764936447144, train_acc= 99.66%
INFO - 09/13/26 22:49:00 - 0:17:05 - Epoch 340: train_loss=0.019898230209946632, train_acc= 99.66%
INFO - 09/13/26 22:49:00 - 0:17:05 - Epoch 340: val_loss=0.656841516494751, val_acc= 87.01%,val_weighted_f1= 86.78,val_macro_f1= 83.90%
EarlyStopping counter: 2 out of 15
INFO - 09/13/26 22:49:00 - 0:17:05 - Epoch 341: train_loss=0.019098669290542603, train_acc= 99.61%
INFO - 09/13/26 22:49:00 - 0:17:06 - Epoch 342: train_loss=0.0217604897916317, train_acc= 99.55%
INFO - 09/13/26 22:49:00 - 0:17:06 - Epoch 343: train_loss=0.019986411556601524, train_acc= 99.60%
INFO - 09/13/26 22:49:01 - 0:17:06 - Epoch 344: train_loss=0.018319638445973396, train_acc= 99.74%
INFO - 09/13/26 22:49:01 - 0:17:06 - Epoch 345: train_loss=0.019503023475408554, train_acc= 99.59%
INFO - 09/13/26 22:49:01 - 0:17:06 - Epoch 345: val_loss=0.6695042848587036, val_acc= 87.15%,val_weighted_f1= 86.96,val_macro_f1= 84.12%
EarlyStopping counter: 3 out of 15
INFO - 09/13/26 22:49:01 - 0:17:07 - Epoch 346: train_loss=0.019245704635977745, train_acc= 99.54%
INFO - 09/13/26 22:49:01 - 0:17:07 - Epoch 347: train_loss=0.01990666426718235, train_acc= 99.51%
INFO - 09/13/26 22:49:02 - 0:17:07 - Epoch 348: train_loss=0.020000172778964043, train_acc= 99.60%
INFO - 09/13/26 22:49:02 - 0:17:07 - Epoch 349: train_loss=0.01978059858083725, train_acc= 99.58%
INFO - 09/13/26 22:49:02 - 0:17:07 - Epoch 350: train_loss=0.01757011190056801, train_acc= 99.64%
INFO - 09/13/26 22:49:02 - 0:17:08 - Epoch 350: val_loss=0.6902258396148682, val_acc= 86.87%,val_weighted_f1= 86.56,val_macro_f1= 84.01%
EarlyStopping counter: 4 out of 15
INFO - 09/13/26 22:49:02 - 0:17:08 - Epoch 351: train_loss=0.020928971469402313, train_acc= 99.51%
INFO - 09/13/26 22:49:03 - 0:17:08 - Epoch 352: train_loss=0.01763061247766018, train_acc= 99.70%
INFO - 09/13/26 22:49:03 - 0:17:08 - Epoch 353: train_loss=0.017734196037054062, train_acc= 99.66%
INFO - 09/13/26 22:49:03 - 0:17:08 - Epoch 354: train_loss=0.01594105362892151, train_acc= 99.76%
INFO - 09/13/26 22:49:03 - 0:17:09 - Epoch 355: train_loss=0.017294196411967278, train_acc= 99.71%
INFO - 09/13/26 22:49:03 - 0:17:09 - Epoch 355: val_loss=0.66176837682724, val_acc= 86.97%,val_weighted_f1= 86.76,val_macro_f1= 84.19%
EarlyStopping counter: 5 out of 15
INFO - 09/13/26 22:49:04 - 0:17:09 - Epoch 356: train_loss=0.016601718962192535, train_acc= 99.72%
INFO - 09/13/26 22:49:04 - 0:17:09 - Epoch 357: train_loss=0.01790943183004856, train_acc= 99.66%
INFO - 09/13/26 22:49:04 - 0:17:09 - Epoch 358: train_loss=0.016639892011880875, train_acc= 99.69%
INFO - 09/13/26 22:49:04 - 0:17:10 - Epoch 359: train_loss=0.01619434356689453, train_acc= 99.71%
INFO - 09/13/26 22:49:05 - 0:17:10 - Epoch 360: train_loss=0.01543353870511055, train_acc= 99.76%
INFO - 09/13/26 22:49:05 - 0:17:10 - Epoch 360: val_loss=0.6634019017219543, val_acc= 86.97%,val_weighted_f1= 86.81,val_macro_f1= 84.14%
EarlyStopping counter: 6 out of 15
INFO - 09/13/26 22:49:05 - 0:17:10 - Epoch 361: train_loss=0.016174379736185074, train_acc= 99.72%
INFO - 09/13/26 22:49:05 - 0:17:10 - Epoch 362: train_loss=0.015982935205101967, train_acc= 99.72%
INFO - 09/13/26 22:49:05 - 0:17:11 - Epoch 363: train_loss=0.0171956904232502, train_acc= 99.62%
INFO - 09/13/26 22:49:05 - 0:17:11 - Epoch 364: train_loss=0.017193565145134926, train_acc= 99.62%
INFO - 09/13/26 22:49:06 - 0:17:11 - Epoch 365: train_loss=0.015571973286569118, train_acc= 99.70%
INFO - 09/13/26 22:49:06 - 0:17:11 - Epoch 365: val_loss=0.6747952103614807, val_acc= 86.97%,val_weighted_f1= 86.77,val_macro_f1= 84.06%
EarlyStopping counter: 7 out of 15
INFO - 09/13/26 22:49:06 - 0:17:11 - Epoch 366: train_loss=0.016970377415418625, train_acc= 99.65%
INFO - 09/13/26 22:49:06 - 0:17:12 - Epoch 367: train_loss=0.015126558020710945, train_acc= 99.74%
INFO - 09/13/26 22:49:07 - 0:17:12 - Epoch 368: train_loss=0.015615801326930523, train_acc= 99.69%
INFO - 09/13/26 22:49:07 - 0:17:12 - Epoch 369: train_loss=0.016709070652723312, train_acc= 99.73%
INFO - 09/13/26 22:49:07 - 0:17:12 - Epoch 370: train_loss=0.015391000546514988, train_acc= 99.72%
INFO - 09/13/26 22:49:07 - 0:17:12 - Epoch 370: val_loss=0.6763037443161011, val_acc= 87.40%,val_weighted_f1= 87.23,val_macro_f1= 84.82%
INFO - 09/13/26 22:49:07 - 0:17:13 - Epoch 371: train_loss=0.015600806102156639, train_acc= 99.70%
INFO - 09/13/26 22:49:08 - 0:17:13 - Epoch 372: train_loss=0.017340706661343575, train_acc= 99.63%
INFO - 09/13/26 22:49:08 - 0:17:13 - Epoch 373: train_loss=0.015498463064432144, train_acc= 99.67%
INFO - 09/13/26 22:49:08 - 0:17:13 - Epoch 374: train_loss=0.017192352563142776, train_acc= 99.66%
INFO - 09/13/26 22:49:08 - 0:17:14 - Epoch 375: train_loss=0.014451505616307259, train_acc= 99.74%
INFO - 09/13/26 22:49:08 - 0:17:14 - Epoch 375: val_loss=0.6959190368652344, val_acc= 86.97%,val_weighted_f1= 86.76,val_macro_f1= 83.97%
EarlyStopping counter: 1 out of 15
INFO - 09/13/26 22:49:09 - 0:17:14 - Epoch 376: train_loss=0.015214484184980392, train_acc= 99.72%
INFO - 09/13/26 22:49:09 - 0:17:14 - Epoch 377: train_loss=0.01386323943734169, train_acc= 99.74%
INFO - 09/13/26 22:49:09 - 0:17:14 - Epoch 378: train_loss=0.014652415178716183, train_acc= 99.77%
INFO - 09/13/26 22:49:09 - 0:17:15 - Epoch 379: train_loss=0.014554591849446297, train_acc= 99.71%
INFO - 09/13/26 22:49:09 - 0:17:15 - Epoch 380: train_loss=0.015451047569513321, train_acc= 99.71%
INFO - 09/13/26 22:49:09 - 0:17:15 - Epoch 380: val_loss=0.688991367816925, val_acc= 87.15%,val_weighted_f1= 86.94,val_macro_f1= 84.16%
EarlyStopping counter: 2 out of 15
INFO - 09/13/26 22:49:10 - 0:17:15 - Epoch 381: train_loss=0.014954404905438423, train_acc= 99.66%
INFO - 09/13/26 22:49:10 - 0:17:15 - Epoch 382: train_loss=0.014788827858865261, train_acc= 99.73%
INFO - 09/13/26 22:49:10 - 0:17:16 - Epoch 383: train_loss=0.014010862447321415, train_acc= 99.77%
INFO - 09/13/26 22:49:10 - 0:17:16 - Epoch 384: train_loss=0.01274386141449213, train_acc= 99.74%
INFO - 09/13/26 22:49:11 - 0:17:16 - Epoch 385: train_loss=0.013854091987013817, train_acc= 99.78%
INFO - 09/13/26 22:49:11 - 0:17:16 - Epoch 385: val_loss=0.6640864610671997, val_acc= 87.43%,val_weighted_f1= 87.27,val_macro_f1= 84.70%
INFO - 09/13/26 22:49:11 - 0:17:16 - Epoch 386: train_loss=0.015136120840907097, train_acc= 99.67%
INFO - 09/13/26 22:49:11 - 0:17:17 - Epoch 387: train_loss=0.013096503913402557, train_acc= 99.76%
INFO - 09/13/26 22:49:11 - 0:17:17 - Epoch 388: train_loss=0.013067630119621754, train_acc= 99.78%
INFO - 09/13/26 22:49:12 - 0:17:17 - Epoch 389: train_loss=0.013106722384691238, train_acc= 99.78%
INFO - 09/13/26 22:49:12 - 0:17:17 - Epoch 390: train_loss=0.013609261251986027, train_acc= 99.69%
INFO - 09/13/26 22:49:12 - 0:17:17 - Epoch 390: val_loss=0.6840400099754333, val_acc= 87.24%,val_weighted_f1= 87.02,val_macro_f1= 84.36%
EarlyStopping counter: 1 out of 15
INFO - 09/13/26 22:49:12 - 0:17:18 - Epoch 391: train_loss=0.013686394318938255, train_acc= 99.72%
INFO - 09/13/26 22:49:12 - 0:17:18 - Epoch 392: train_loss=0.014381449669599533, train_acc= 99.72%
INFO - 09/13/26 22:49:13 - 0:17:18 - Epoch 393: train_loss=0.013720903545618057, train_acc= 99.70%
INFO - 09/13/26 22:49:13 - 0:17:18 - Epoch 394: train_loss=0.01388597209006548, train_acc= 99.78%
INFO - 09/13/26 22:49:13 - 0:17:18 - Epoch 395: train_loss=0.012025102972984314, train_acc= 99.80%
INFO - 09/13/26 22:49:13 - 0:17:19 - Epoch 395: val_loss=0.7023560404777527, val_acc= 86.99%,val_weighted_f1= 86.76,val_macro_f1= 84.10%
EarlyStopping counter: 2 out of 15
INFO - 09/13/26 22:49:13 - 0:17:19 - Epoch 396: train_loss=0.013437345623970032, train_acc= 99.77%
INFO - 09/13/26 22:49:14 - 0:17:19 - Epoch 397: train_loss=0.012948031537234783, train_acc= 99.74%
INFO - 09/13/26 22:49:14 - 0:17:19 - Epoch 398: train_loss=0.011764613911509514, train_acc= 99.81%
INFO - 09/13/26 22:49:14 - 0:17:19 - Epoch 399: train_loss=0.012465895153582096, train_acc= 99.77%
INFO - 09/13/26 22:49:14 - 0:17:20 - Epoch 400: train_loss=0.011409309692680836, train_acc= 99.81%
INFO - 09/13/26 22:49:14 - 0:17:20 - Epoch 400: val_loss=0.703420102596283, val_acc= 86.80%,val_weighted_f1= 86.53,val_macro_f1= 83.72%
EarlyStopping counter: 3 out of 15
INFO - 09/13/26 22:49:15 - 0:17:20 - Epoch 401: train_loss=0.012653166428208351, train_acc= 99.82%
INFO - 09/13/26 22:49:15 - 0:17:20 - Epoch 402: train_loss=0.011974471621215343, train_acc= 99.79%
INFO - 09/13/26 22:49:15 - 0:17:20 - Epoch 403: train_loss=0.012019895017147064, train_acc= 99.78%
INFO - 09/13/26 22:49:15 - 0:17:21 - Epoch 404: train_loss=0.011480676010251045, train_acc= 99.77%
INFO - 09/13/26 22:49:16 - 0:17:21 - Epoch 405: train_loss=0.012745787389576435, train_acc= 99.73%
INFO - 09/13/26 22:49:16 - 0:17:21 - Epoch 405: val_loss=0.71178138256073, val_acc= 86.90%,val_weighted_f1= 86.66,val_macro_f1= 84.17%
EarlyStopping counter: 4 out of 15
INFO - 09/13/26 22:49:16 - 0:17:21 - Epoch 406: train_loss=0.011629089713096619, train_acc= 99.77%
INFO - 09/13/26 22:49:16 - 0:17:21 - Epoch 407: train_loss=0.011607536114752293, train_acc= 99.84%
INFO - 09/13/26 22:49:16 - 0:17:22 - Epoch 408: train_loss=0.01170870941132307, train_acc= 99.82%
INFO - 09/13/26 22:49:17 - 0:17:22 - Epoch 409: train_loss=0.011857422068715096, train_acc= 99.81%
INFO - 09/13/26 22:49:17 - 0:17:22 - Epoch 410: train_loss=0.0117899589240551, train_acc= 99.81%
INFO - 09/13/26 22:49:17 - 0:17:22 - Epoch 410: val_loss=0.702875554561615, val_acc= 87.13%,val_weighted_f1= 86.93,val_macro_f1= 84.27%
EarlyStopping counter: 5 out of 15
INFO - 09/13/26 22:49:17 - 0:17:22 - Epoch 411: train_loss=0.01133757084608078, train_acc= 99.75%
INFO - 09/13/26 22:49:17 - 0:17:23 - Epoch 412: train_loss=0.009993428364396095, train_acc= 99.89%
INFO - 09/13/26 22:49:18 - 0:17:23 - Epoch 413: train_loss=0.011102098040282726, train_acc= 99.85%
INFO - 09/13/26 22:49:18 - 0:17:23 - Epoch 414: train_loss=0.011128898710012436, train_acc= 99.84%
INFO - 09/13/26 22:49:18 - 0:17:23 - Epoch 415: train_loss=0.010983197949826717, train_acc= 99.81%
INFO - 09/13/26 22:49:18 - 0:17:23 - Epoch 415: val_loss=0.7057310938835144, val_acc= 87.01%,val_weighted_f1= 86.72,val_macro_f1= 84.14%
EarlyStopping counter: 6 out of 15
INFO - 09/13/26 22:49:18 - 0:17:24 - Epoch 416: train_loss=0.010167806409299374, train_acc= 99.81%
INFO - 09/13/26 22:49:19 - 0:17:24 - Epoch 417: train_loss=0.010387217625975609, train_acc= 99.83%
INFO - 09/13/26 22:49:19 - 0:17:24 - Epoch 418: train_loss=0.010180085897445679, train_acc= 99.86%
INFO - 09/13/26 22:49:19 - 0:17:24 - Epoch 419: train_loss=0.01003777515143156, train_acc= 99.84%
INFO - 09/13/26 22:49:19 - 0:17:25 - Epoch 420: train_loss=0.010420124046504498, train_acc= 99.81%
INFO - 09/13/26 22:49:19 - 0:17:25 - Epoch 420: val_loss=0.7096557021141052, val_acc= 87.11%,val_weighted_f1= 86.89,val_macro_f1= 84.28%
EarlyStopping counter: 7 out of 15
INFO - 09/13/26 22:49:20 - 0:17:25 - Epoch 421: train_loss=0.00928286463022232, train_acc= 99.90%
INFO - 09/13/26 22:49:20 - 0:17:25 - Epoch 422: train_loss=0.010067712515592575, train_acc= 99.84%
INFO - 09/13/26 22:49:20 - 0:17:25 - Epoch 423: train_loss=0.009372541680932045, train_acc= 99.87%
INFO - 09/13/26 22:49:20 - 0:17:26 - Epoch 424: train_loss=0.01009196974337101, train_acc= 99.84%
INFO - 09/13/26 22:49:21 - 0:17:26 - Epoch 425: train_loss=0.010122409090399742, train_acc= 99.82%
INFO - 09/13/26 22:49:21 - 0:17:26 - Epoch 425: val_loss=0.7079965472221375, val_acc= 87.06%,val_weighted_f1= 86.84,val_macro_f1= 84.25%
EarlyStopping counter: 8 out of 15
INFO - 09/13/26 22:49:21 - 0:17:26 - Epoch 426: train_loss=0.009277763776481152, train_acc= 99.89%
INFO - 09/13/26 22:49:21 - 0:17:26 - Epoch 427: train_loss=0.010208242572844028, train_acc= 99.85%
INFO - 09/13/26 22:49:21 - 0:17:27 - Epoch 428: train_loss=0.010011154226958752, train_acc= 99.85%
INFO - 09/13/26 22:49:22 - 0:17:27 - Epoch 429: train_loss=0.00971913244575262, train_acc= 99.80%
INFO - 09/13/26 22:49:22 - 0:17:27 - Epoch 430: train_loss=0.009819740429520607, train_acc= 99.79%
INFO - 09/13/26 22:49:22 - 0:17:27 - Epoch 430: val_loss=0.7013829350471497, val_acc= 87.13%,val_weighted_f1= 86.94,val_macro_f1= 84.23%
EarlyStopping counter: 9 out of 15
INFO - 09/13/26 22:49:22 - 0:17:27 - Epoch 431: train_loss=0.00983817595988512, train_acc= 99.82%
INFO - 09/13/26 22:49:22 - 0:17:28 - Epoch 432: train_loss=0.009531832300126553, train_acc= 99.81%
INFO - 09/13/26 22:49:22 - 0:17:28 - Epoch 433: train_loss=0.009397925809025764, train_acc= 99.83%
INFO - 09/13/26 22:49:23 - 0:17:28 - Epoch 434: train_loss=0.009885024279356003, train_acc= 99.81%
INFO - 09/13/26 22:49:23 - 0:17:28 - Epoch 435: train_loss=0.007816550321877003, train_acc= 99.93%
INFO - 09/13/26 22:49:23 - 0:17:28 - Epoch 435: val_loss=0.7100284099578857, val_acc= 87.18%,val_weighted_f1= 86.97,val_macro_f1= 84.25%
EarlyStopping counter: 10 out of 15
INFO - 09/13/26 22:49:23 - 0:17:29 - Epoch 436: train_loss=0.010102286003530025, train_acc= 99.84%
INFO - 09/13/26 22:49:23 - 0:17:29 - Epoch 437: train_loss=0.009772095829248428, train_acc= 99.83%
INFO - 09/13/26 22:49:24 - 0:17:29 - Epoch 438: train_loss=0.009400051087141037, train_acc= 99.84%
INFO - 09/13/26 22:49:24 - 0:17:29 - Epoch 439: train_loss=0.009463485330343246, train_acc= 99.82%
INFO - 09/13/26 22:49:24 - 0:17:29 - Epoch 440: train_loss=0.009002190083265305, train_acc= 99.89%
INFO - 09/13/26 22:49:24 - 0:17:30 - Epoch 440: val_loss=0.7104789018630981, val_acc= 86.94%,val_weighted_f1= 86.73,val_macro_f1= 84.18%
EarlyStopping counter: 11 out of 15
INFO - 09/13/26 22:49:24 - 0:17:30 - Epoch 441: train_loss=0.009784040041267872, train_acc= 99.84%
INFO - 09/13/26 22:49:25 - 0:17:30 - Epoch 442: train_loss=0.009712754748761654, train_acc= 99.82%
INFO - 09/13/26 22:49:25 - 0:17:30 - Epoch 443: train_loss=0.009593423455953598, train_acc= 99.85%
INFO - 09/13/26 22:49:25 - 0:17:30 - Epoch 444: train_loss=0.00847119465470314, train_acc= 99.89%
INFO - 09/13/26 22:49:25 - 0:17:31 - Epoch 445: train_loss=0.009456880390644073, train_acc= 99.79%
INFO - 09/13/26 22:49:26 - 0:17:31 - Epoch 445: val_loss=0.7192875742912292, val_acc= 87.10%,val_weighted_f1= 86.88,val_macro_f1= 84.04%
EarlyStopping counter: 12 out of 15
INFO - 09/13/26 22:49:26 - 0:17:31 - Epoch 446: train_loss=0.008937172591686249, train_acc= 99.87%
INFO - 09/13/26 22:49:26 - 0:17:31 - Epoch 447: train_loss=0.009669278748333454, train_acc= 99.81%
INFO - 09/13/26 22:49:26 - 0:17:32 - Epoch 448: train_loss=0.009370267391204834, train_acc= 99.81%
INFO - 09/13/26 22:49:26 - 0:17:32 - Epoch 449: train_loss=0.00946025364100933, train_acc= 99.84%
INFO - 09/13/26 22:49:27 - 0:17:32 - Epoch 450: train_loss=0.009253011085093021, train_acc= 99.81%
INFO - 09/13/26 22:49:27 - 0:17:32 - Epoch 450: val_loss=0.7193376421928406, val_acc= 87.26%,val_weighted_f1= 87.05,val_macro_f1= 84.55%
EarlyStopping counter: 13 out of 15
INFO - 09/13/26 22:49:27 - 0:17:32 - Epoch 451: train_loss=0.009320294484496117, train_acc= 99.81%
INFO - 09/13/26 22:49:27 - 0:17:32 - Epoch 452: train_loss=0.00913668517023325, train_acc= 99.86%
INFO - 09/13/26 22:49:27 - 0:17:33 - Epoch 453: train_loss=0.00917405541986227, train_acc= 99.81%
INFO - 09/13/26 22:49:28 - 0:17:33 - Epoch 454: train_loss=0.009198767133057117, train_acc= 99.83%
INFO - 09/13/26 22:49:28 - 0:17:33 - Epoch 455: train_loss=0.008793891407549381, train_acc= 99.85%
INFO - 09/13/26 22:49:28 - 0:17:33 - Epoch 455: val_loss=0.723548948764801, val_acc= 87.04%,val_weighted_f1= 86.86,val_macro_f1= 84.09%
EarlyStopping counter: 14 out of 15
INFO - 09/13/26 22:49:28 - 0:17:33 - Epoch 456: train_loss=0.007143174298107624, train_acc= 99.90%
INFO - 09/13/26 22:49:28 - 0:17:34 - Epoch 457: train_loss=0.009058546274900436, train_acc= 99.85%
INFO - 09/13/26 22:49:29 - 0:17:34 - Epoch 458: train_loss=0.010832864791154861, train_acc= 99.72%
INFO - 09/13/26 22:49:29 - 0:17:34 - Epoch 459: train_loss=0.008482483215630054, train_acc= 99.84%
INFO - 09/13/26 22:49:29 - 0:17:34 - Epoch 460: train_loss=0.008002898655831814, train_acc= 99.89%
INFO - 09/13/26 22:49:29 - 0:17:34 - Epoch 460: val_loss=0.7359882593154907, val_acc= 87.01%,val_weighted_f1= 86.78,val_macro_f1= 84.16%
EarlyStopping counter: 15 out of 15
---------Early stopping--------
INFO - 09/13/26 22:49:29 - 0:17:34 - --------------Testing--------------------
INFO - 09/13/26 22:49:29 - 0:17:34 - --------------Loading from ./checkpoints/NC_Roman-empire_model.pt--------------------
INFO - 09/13/26 22:49:29 - 0:17:35 - test_acc= 86.83%, weighted_f1= 86.75,macro_f1= 83.96%
INFO - 09/13/26 22:49:29 - 0:17:35 - test_acc= 86.83%, weighted_f1= 86.75,macro_f1= 83.96%
INFO - 09/13/26 22:49:30 - 0:17:35 - Epoch 0: train_loss=2.8653969764709473, train_acc= 3.81%
INFO - 09/13/26 22:49:30 - 0:17:35 - Epoch 0: val_loss=2.539670944213867, val_acc= 25.74%,val_weighted_f1= 11.52,val_macro_f1= 4.66%
INFO - 09/13/26 22:49:30 - 0:17:35 - Epoch 1: train_loss=2.5449490547180176, train_acc= 23.44%
INFO - 09/13/26 22:49:30 - 0:17:35 - Epoch 2: train_loss=2.4527196884155273, train_acc= 32.90%
INFO - 09/13/26 22:49:30 - 0:17:36 - Epoch 3: train_loss=2.3746821880340576, train_acc= 37.39%
INFO - 09/13/26 22:49:31 - 0:17:36 - Epoch 4: train_loss=2.2872695922851562, train_acc= 40.60%
INFO - 09/13/26 22:49:31 - 0:17:36 - Epoch 5: train_loss=2.1969809532165527, train_acc= 41.73%
INFO - 09/13/26 22:49:31 - 0:17:36 - Epoch 5: val_loss=2.116811990737915, val_acc= 41.57%,val_weighted_f1= 30.87,val_macro_f1= 13.96%
INFO - 09/13/26 22:49:31 - 0:17:36 - Epoch 6: train_loss=2.111562490463257, train_acc= 40.93%
INFO - 09/13/26 22:49:31 - 0:17:37 - Epoch 7: train_loss=2.02964448928833, train_acc= 44.43%
INFO - 09/13/26 22:49:32 - 0:17:37 - Epoch 8: train_loss=1.9532135725021362, train_acc= 46.63%
INFO - 09/13/26 22:49:32 - 0:17:37 - Epoch 9: train_loss=1.8796247243881226, train_acc= 48.98%
INFO - 09/13/26 22:49:32 - 0:17:37 - Epoch 10: train_loss=1.8076400756835938, train_acc= 50.64%
INFO - 09/13/26 22:49:32 - 0:17:37 - Epoch 10: val_loss=1.7295125722885132, val_acc= 51.49%,val_weighted_f1= 42.34,val_macro_f1= 23.27%
INFO - 09/13/26 22:49:32 - 0:17:38 - Epoch 11: train_loss=1.7301424741744995, train_acc= 51.33%
INFO - 09/13/26 22:49:32 - 0:17:38 - Epoch 12: train_loss=1.6566306352615356, train_acc= 52.25%
INFO - 09/13/26 22:49:33 - 0:17:38 - Epoch 13: train_loss=1.5907038450241089, train_acc= 53.38%
INFO - 09/13/26 22:49:33 - 0:17:38 - Epoch 14: train_loss=1.5292867422103882, train_acc= 54.72%
INFO - 09/13/26 22:49:33 - 0:17:39 - Epoch 15: train_loss=1.4698059558868408, train_acc= 56.39%
INFO - 09/13/26 22:49:33 - 0:17:39 - Epoch 15: val_loss=1.4039700031280518, val_acc= 58.64%,val_weighted_f1= 52.98,val_macro_f1= 36.48%
INFO - 09/13/26 22:49:34 - 0:17:39 - Epoch 16: train_loss=1.4259295463562012, train_acc= 57.61%
INFO - 09/13/26 22:49:34 - 0:17:39 - Epoch 17: train_loss=1.3884105682373047, train_acc= 58.23%
INFO - 09/13/26 22:49:34 - 0:17:39 - Epoch 18: train_loss=1.337689757347107, train_acc= 59.13%
INFO - 09/13/26 22:49:34 - 0:17:40 - Epoch 19: train_loss=1.3003145456314087, train_acc= 60.09%
INFO - 09/13/26 22:49:34 - 0:17:40 - Epoch 20: train_loss=1.264614462852478, train_acc= 60.92%
INFO - 09/13/26 22:49:35 - 0:17:40 - Epoch 20: val_loss=1.2060327529907227, val_acc= 62.91%,val_weighted_f1= 58.39,val_macro_f1= 44.17%
INFO - 09/13/26 22:49:35 - 0:17:40 - Epoch 21: train_loss=1.2279106378555298, train_acc= 61.79%
INFO - 09/13/26 22:49:35 - 0:17:40 - Epoch 22: train_loss=1.1888293027877808, train_acc= 63.01%
INFO - 09/13/26 22:49:35 - 0:17:41 - Epoch 23: train_loss=1.1598278284072876, train_acc= 63.82%
INFO - 09/13/26 22:49:35 - 0:17:41 - Epoch 24: train_loss=1.1307185888290405, train_acc= 64.44%
INFO - 09/13/26 22:49:36 - 0:17:41 - Epoch 25: train_loss=1.1059391498565674, train_acc= 65.37%
INFO - 09/13/26 22:49:36 - 0:17:41 - Epoch 25: val_loss=1.1039748191833496, val_acc= 65.28%,val_weighted_f1= 60.58,val_macro_f1= 49.23%
INFO - 09/13/26 22:49:36 - 0:17:41 - Epoch 26: train_loss=1.0883609056472778, train_acc= 65.25%
INFO - 09/13/26 22:49:36 - 0:17:42 - Epoch 27: train_loss=1.063368320465088, train_acc= 66.35%
INFO - 09/13/26 22:49:36 - 0:17:42 - Epoch 28: train_loss=1.0330604314804077, train_acc= 66.90%
INFO - 09/13/26 22:49:37 - 0:17:42 - Epoch 29: train_loss=1.0117977857589722, train_acc= 67.51%
INFO - 09/13/26 22:49:37 - 0:17:42 - Epoch 30: train_loss=0.9909678101539612, train_acc= 68.47%
INFO - 09/13/26 22:49:37 - 0:17:42 - Epoch 30: val_loss=0.9637737274169922, val_acc= 69.90%,val_weighted_f1= 66.54,val_macro_f1= 54.89%
INFO - 09/13/26 22:49:37 - 0:17:43 - Epoch 31: train_loss=0.9611875414848328, train_acc= 69.18%
INFO - 09/13/26 22:49:37 - 0:17:43 - Epoch 32: train_loss=0.9491421580314636, train_acc= 69.23%
INFO - 09/13/26 22:49:38 - 0:17:43 - Epoch 33: train_loss=0.9207389950752258, train_acc= 70.25%
INFO - 09/13/26 22:49:38 - 0:17:43 - Epoch 34: train_loss=0.9117257595062256, train_acc= 70.53%
INFO - 09/13/26 22:49:38 - 0:17:44 - Epoch 35: train_loss=0.8936687111854553, train_acc= 70.81%
INFO - 09/13/26 22:49:38 - 0:17:44 - Epoch 35: val_loss=0.8902689218521118, val_acc= 71.72%,val_weighted_f1= 68.88,val_macro_f1= 57.72%
INFO - 09/13/26 22:49:38 - 0:17:44 - Epoch 36: train_loss=0.8735273480415344, train_acc= 71.65%
INFO - 09/13/26 22:49:39 - 0:17:44 - Epoch 37: train_loss=0.8554006814956665, train_acc= 72.12%
INFO - 09/13/26 22:49:39 - 0:17:44 - Epoch 38: train_loss=0.8424742817878723, train_acc= 72.87%
INFO - 09/13/26 22:49:39 - 0:17:45 - Epoch 39: train_loss=0.8309345245361328, train_acc= 72.94%
INFO - 09/13/26 22:49:39 - 0:17:45 - Epoch 40: train_loss=0.8114573359489441, train_acc= 73.58%
INFO - 09/13/26 22:49:39 - 0:17:45 - Epoch 40: val_loss=0.8156812787055969, val_acc= 74.02%,val_weighted_f1= 71.98,val_macro_f1= 61.98%
INFO - 09/13/26 22:49:40 - 0:17:45 - Epoch 41: train_loss=0.8042529821395874, train_acc= 73.47%
INFO - 09/13/26 22:49:40 - 0:17:45 - Epoch 42: train_loss=0.7892319560050964, train_acc= 73.89%
INFO - 09/13/26 22:49:40 - 0:17:45 - Epoch 43: train_loss=0.7773056626319885, train_acc= 74.40%
INFO - 09/13/26 22:49:40 - 0:17:46 - Epoch 44: train_loss=0.7669020891189575, train_acc= 74.37%
INFO - 09/13/26 22:49:41 - 0:17:46 - Epoch 45: train_loss=0.7551012635231018, train_acc= 75.47%
INFO - 09/13/26 22:49:41 - 0:17:46 - Epoch 45: val_loss=0.7742478847503662, val_acc= 75.06%,val_weighted_f1= 72.93,val_macro_f1= 63.29%
INFO - 09/13/26 22:49:41 - 0:17:46 - Epoch 46: train_loss=0.7386212348937988, train_acc= 75.31%
INFO - 09/13/26 22:49:41 - 0:17:46 - Epoch 47: train_loss=0.7312644124031067, train_acc= 75.54%
INFO - 09/13/26 22:49:41 - 0:17:47 - Epoch 48: train_loss=0.7219378352165222, train_acc= 76.08%
INFO - 09/13/26 22:49:42 - 0:17:47 - Epoch 49: train_loss=0.7119803428649902, train_acc= 75.99%
INFO - 09/13/26 22:49:42 - 0:17:47 - Epoch 50: train_loss=0.6990776658058167, train_acc= 76.90%
INFO - 09/13/26 22:49:42 - 0:17:47 - Epoch 50: val_loss=0.7205420136451721, val_acc= 76.73%,val_weighted_f1= 75.38,val_macro_f1= 67.31%
INFO - 09/13/26 22:49:42 - 0:17:47 - Epoch 51: train_loss=0.6860576868057251, train_acc= 77.06%
INFO - 09/13/26 22:49:42 - 0:17:48 - Epoch 52: train_loss=0.6803590059280396, train_acc= 77.27%
INFO - 09/13/26 22:49:43 - 0:17:48 - Epoch 53: train_loss=0.6712573766708374, train_acc= 77.65%
INFO - 09/13/26 22:49:43 - 0:17:48 - Epoch 54: train_loss=0.658282995223999, train_acc= 78.08%
INFO - 09/13/26 22:49:43 - 0:17:48 - Epoch 55: train_loss=0.649644672870636, train_acc= 78.32%
INFO - 09/13/26 22:49:43 - 0:17:49 - Epoch 55: val_loss=0.6964327692985535, val_acc= 77.49%,val_weighted_f1= 75.97,val_macro_f1= 68.36%
INFO - 09/13/26 22:49:43 - 0:17:49 - Epoch 56: train_loss=0.6459800004959106, train_acc= 78.44%
INFO - 09/13/26 22:49:44 - 0:17:49 - Epoch 57: train_loss=0.6400983333587646, train_acc= 78.60%
INFO - 09/13/26 22:49:44 - 0:17:49 - Epoch 58: train_loss=0.6260827779769897, train_acc= 78.82%
INFO - 09/13/26 22:49:44 - 0:17:49 - Epoch 59: train_loss=0.6157603859901428, train_acc= 79.53%
INFO - 09/13/26 22:49:44 - 0:17:50 - Epoch 60: train_loss=0.6126519441604614, train_acc= 79.71%
INFO - 09/13/26 22:49:44 - 0:17:50 - Epoch 60: val_loss=0.6716679930686951, val_acc= 78.31%,val_weighted_f1= 77.03,val_macro_f1= 70.32%
INFO - 09/13/26 22:49:45 - 0:17:50 - Epoch 61: train_loss=0.6054812669754028, train_acc= 79.77%
INFO - 09/13/26 22:49:45 - 0:17:50 - Epoch 62: train_loss=0.5963265299797058, train_acc= 79.81%
INFO - 09/13/26 22:49:45 - 0:17:50 - Epoch 63: train_loss=0.5966694951057434, train_acc= 79.98%
INFO - 09/13/26 22:49:45 - 0:17:51 - Epoch 64: train_loss=0.5795233249664307, train_acc= 80.45%
INFO - 09/13/26 22:49:45 - 0:17:51 - Epoch 65: train_loss=0.5716959834098816, train_acc= 80.95%
INFO - 09/13/26 22:49:46 - 0:17:51 - Epoch 65: val_loss=0.6408448815345764, val_acc= 79.17%,val_weighted_f1= 78.25,val_macro_f1= 72.16%
INFO - 09/13/26 22:49:46 - 0:17:51 - Epoch 66: train_loss=0.5764517188072205, train_acc= 80.59%
INFO - 09/13/26 22:49:46 - 0:17:51 - Epoch 67: train_loss=0.5607381463050842, train_acc= 81.41%
INFO - 09/13/26 22:49:46 - 0:17:52 - Epoch 68: train_loss=0.5549163222312927, train_acc= 81.63%
INFO - 09/13/26 22:49:46 - 0:17:52 - Epoch 69: train_loss=0.5543719530105591, train_acc= 81.16%
INFO - 09/13/26 22:49:47 - 0:17:52 - Epoch 70: train_loss=0.5459834933280945, train_acc= 81.80%
INFO - 09/13/26 22:49:47 - 0:17:52 - Epoch 70: val_loss=0.6195666790008545, val_acc= 80.05%,val_weighted_f1= 79.17,val_macro_f1= 73.50%
INFO - 09/13/26 22:49:47 - 0:17:52 - Epoch 71: train_loss=0.5384871363639832, train_acc= 81.52%
INFO - 09/13/26 22:49:47 - 0:17:53 - Epoch 72: train_loss=0.5345266461372375, train_acc= 82.01%
INFO - 09/13/26 22:49:47 - 0:17:53 - Epoch 73: train_loss=0.5307542681694031, train_acc= 82.07%
INFO - 09/13/26 22:49:48 - 0:17:53 - Epoch 74: train_loss=0.5235899090766907, train_acc= 82.33%
INFO - 09/13/26 22:49:48 - 0:17:53 - Epoch 75: train_loss=0.5363140106201172, train_acc= 81.63%
INFO - 09/13/26 22:49:48 - 0:17:53 - Epoch 75: val_loss=0.5974337458610535, val_acc= 80.67%,val_weighted_f1= 80.26,val_macro_f1= 75.17%
INFO - 09/13/26 22:49:48 - 0:17:54 - Epoch 76: train_loss=0.5214003324508667, train_acc= 82.55%
INFO - 09/13/26 22:49:48 - 0:17:54 - Epoch 77: train_loss=0.5023722648620605, train_acc= 83.19%
INFO - 09/13/26 22:49:49 - 0:17:54 - Epoch 78: train_loss=0.507365345954895, train_acc= 82.42%
INFO - 09/13/26 22:49:49 - 0:17:54 - Epoch 79: train_loss=0.49320560693740845, train_acc= 83.24%
INFO - 09/13/26 22:49:49 - 0:17:55 - Epoch 80: train_loss=0.49168407917022705, train_acc= 83.80%
INFO - 09/13/26 22:49:49 - 0:17:55 - Epoch 80: val_loss=0.6019692420959473, val_acc= 80.44%,val_weighted_f1= 79.51,val_macro_f1= 74.44%
EarlyStopping counter: 1 out of 15
INFO - 09/13/26 22:49:49 - 0:17:55 - Epoch 81: train_loss=0.48821187019348145, train_acc= 83.46%
INFO - 09/13/26 22:49:50 - 0:17:55 - Epoch 82: train_loss=0.48083004355430603, train_acc= 83.92%
INFO - 09/13/26 22:49:50 - 0:17:55 - Epoch 83: train_loss=0.47593218088150024, train_acc= 84.24%
INFO - 09/13/26 22:49:50 - 0:17:55 - Epoch 84: train_loss=0.46904048323631287, train_acc= 83.97%
INFO - 09/13/26 22:49:50 - 0:17:56 - Epoch 85: train_loss=0.4651859998703003, train_acc= 84.23%
INFO - 09/13/26 22:49:50 - 0:17:56 - Epoch 85: val_loss=0.5724046230316162, val_acc= 81.31%,val_weighted_f1= 80.58,val_macro_f1= 75.99%
INFO - 09/13/26 22:49:51 - 0:17:56 - Epoch 86: train_loss=0.45858100056648254, train_acc= 84.47%
INFO - 09/13/26 22:49:51 - 0:17:56 - Epoch 87: train_loss=0.4512993097305298, train_acc= 85.16%
INFO - 09/13/26 22:49:51 - 0:17:56 - Epoch 88: train_loss=0.44140535593032837, train_acc= 85.39%
INFO - 09/13/26 22:49:51 - 0:17:57 - Epoch 89: train_loss=0.44491294026374817, train_acc= 85.18%
INFO - 09/13/26 22:49:52 - 0:17:57 - Epoch 90: train_loss=0.4389970004558563, train_acc= 85.37%
INFO - 09/13/26 22:49:52 - 0:17:57 - Epoch 90: val_loss=0.5614426136016846, val_acc= 81.91%,val_weighted_f1= 81.25,val_macro_f1= 76.98%
INFO - 09/13/26 22:49:52 - 0:17:57 - Epoch 91: train_loss=0.4331628978252411, train_acc= 85.37%
INFO - 09/13/26 22:49:52 - 0:17:57 - Epoch 92: train_loss=0.42875733971595764, train_acc= 85.19%
INFO - 09/13/26 22:49:52 - 0:17:58 - Epoch 93: train_loss=0.42492246627807617, train_acc= 85.75%
INFO - 09/13/26 22:49:53 - 0:17:58 - Epoch 94: train_loss=0.4270685017108917, train_acc= 85.66%
INFO - 09/13/26 22:49:53 - 0:17:58 - Epoch 95: train_loss=0.43109360337257385, train_acc= 85.28%
INFO - 09/13/26 22:49:53 - 0:17:58 - Epoch 95: val_loss=0.5593752264976501, val_acc= 81.71%,val_weighted_f1= 81.29,val_macro_f1= 76.70%
EarlyStopping counter: 1 out of 15
INFO - 09/13/26 22:49:53 - 0:17:59 - Epoch 96: train_loss=0.4332619309425354, train_acc= 85.30%
INFO - 09/13/26 22:49:53 - 0:17:59 - Epoch 97: train_loss=0.4139399528503418, train_acc= 86.21%
INFO - 09/13/26 22:49:54 - 0:17:59 - Epoch 98: train_loss=0.4042370915412903, train_acc= 86.73%
INFO - 09/13/26 22:49:54 - 0:17:59 - Epoch 99: train_loss=0.4146422743797302, train_acc= 86.25%
INFO - 09/13/26 22:49:54 - 0:17:59 - Epoch 100: train_loss=0.4057571589946747, train_acc= 86.39%
INFO - 09/13/26 22:49:54 - 0:17:59 - Epoch 100: val_loss=0.5427352786064148, val_acc= 82.72%,val_weighted_f1= 82.13,val_macro_f1= 78.00%
INFO - 09/13/26 22:49:54 - 0:18:00 - Epoch 101: train_loss=0.39622762799263, train_acc= 86.81%
INFO - 09/13/26 22:49:55 - 0:18:00 - Epoch 102: train_loss=0.3995822072029114, train_acc= 86.57%
INFO - 09/13/26 22:49:55 - 0:18:00 - Epoch 103: train_loss=0.3887885808944702, train_acc= 87.19%
INFO - 09/13/26 22:49:55 - 0:18:00 - Epoch 104: train_loss=0.38564950227737427, train_acc= 87.14%
INFO - 09/13/26 22:49:55 - 0:18:01 - Epoch 105: train_loss=0.37945032119750977, train_acc= 87.52%
INFO - 09/13/26 22:49:55 - 0:18:01 - Epoch 105: val_loss=0.5260843634605408, val_acc= 83.09%,val_weighted_f1= 82.61,val_macro_f1= 78.51%
INFO - 09/13/26 22:49:56 - 0:18:01 - Epoch 106: train_loss=0.3734149634838104, train_acc= 87.58%
INFO - 09/13/26 22:49:56 - 0:18:01 - Epoch 107: train_loss=0.37262195348739624, train_acc= 87.63%
INFO - 09/13/26 22:49:56 - 0:18:01 - Epoch 108: train_loss=0.3639777898788452, train_acc= 88.08%
INFO - 09/13/26 22:49:56 - 0:18:02 - Epoch 109: train_loss=0.36418601870536804, train_acc= 88.02%
INFO - 09/13/26 22:49:56 - 0:18:02 - Epoch 110: train_loss=0.3578408658504486, train_acc= 87.91%
INFO - 09/13/26 22:49:57 - 0:18:02 - Epoch 110: val_loss=0.5364293456077576, val_acc= 83.44%,val_weighted_f1= 82.79,val_macro_f1= 78.97%
INFO - 09/13/26 22:49:57 - 0:18:02 - Epoch 111: train_loss=0.3555262088775635, train_acc= 88.36%
INFO - 09/13/26 22:49:57 - 0:18:02 - Epoch 112: train_loss=0.3465520739555359, train_acc= 88.51%
INFO - 09/13/26 22:49:57 - 0:18:03 - Epoch 113: train_loss=0.3444031774997711, train_acc= 88.50%
INFO - 09/13/26 22:49:57 - 0:18:03 - Epoch 114: train_loss=0.34189319610595703, train_acc= 88.77%
INFO - 09/13/26 22:49:58 - 0:18:03 - Epoch 115: train_loss=0.33703136444091797, train_acc= 88.89%
INFO - 09/13/26 22:49:58 - 0:18:03 - Epoch 115: val_loss=0.5107460618019104, val_acc= 83.87%,val_weighted_f1= 83.50,val_macro_f1= 79.69%
INFO - 09/13/26 22:49:58 - 0:18:03 - Epoch 116: train_loss=0.3358645737171173, train_acc= 88.99%
INFO - 09/13/26 22:49:58 - 0:18:04 - Epoch 117: train_loss=0.3322550058364868, train_acc= 89.02%
INFO - 09/13/26 22:49:58 - 0:18:04 - Epoch 118: train_loss=0.3235413432121277, train_acc= 89.31%
INFO - 09/13/26 22:49:59 - 0:18:04 - Epoch 119: train_loss=0.32832610607147217, train_acc= 89.13%
INFO - 09/13/26 22:49:59 - 0:18:04 - Epoch 120: train_loss=0.3199835419654846, train_acc= 89.41%
INFO - 09/13/26 22:49:59 - 0:18:04 - Epoch 120: val_loss=0.5255537033081055, val_acc= 84.24%,val_weighted_f1= 83.67,val_macro_f1= 80.10%
INFO - 09/13/26 22:49:59 - 0:18:05 - Epoch 121: train_loss=0.31383803486824036, train_acc= 89.52%
INFO - 09/13/26 22:49:59 - 0:18:05 - Epoch 122: train_loss=0.3088960647583008, train_acc= 89.80%
INFO - 09/13/26 22:50:00 - 0:18:05 - Epoch 123: train_loss=0.3133311867713928, train_acc= 89.59%
INFO - 09/13/26 22:50:00 - 0:18:05 - Epoch 124: train_loss=0.3027544915676117, train_acc= 89.96%
INFO - 09/13/26 22:50:00 - 0:18:06 - Epoch 125: train_loss=0.30734753608703613, train_acc= 89.76%
INFO - 09/13/26 22:50:00 - 0:18:06 - Epoch 125: val_loss=0.5113155245780945, val_acc= 84.66%,val_weighted_f1= 84.22,val_macro_f1= 80.72%
INFO - 09/13/26 22:50:00 - 0:18:06 - Epoch 126: train_loss=0.29853901267051697, train_acc= 89.79%
INFO - 09/13/26 22:50:01 - 0:18:06 - Epoch 127: train_loss=0.2980293929576874, train_acc= 90.04%
INFO - 09/13/26 22:50:01 - 0:18:06 - Epoch 128: train_loss=0.29373854398727417, train_acc= 90.30%
INFO - 09/13/26 22:50:01 - 0:18:06 - Epoch 129: train_loss=0.2876048684120178, train_acc= 90.38%
INFO - 09/13/26 22:50:01 - 0:18:07 - Epoch 130: train_loss=0.2854033410549164, train_acc= 90.70%
INFO - 09/13/26 22:50:01 - 0:18:07 - Epoch 130: val_loss=0.5069060325622559, val_acc= 84.80%,val_weighted_f1= 84.38,val_macro_f1= 81.01%
INFO - 09/13/26 22:50:02 - 0:18:07 - Epoch 131: train_loss=0.28440335392951965, train_acc= 90.64%
INFO - 09/13/26 22:50:02 - 0:18:07 - Epoch 132: train_loss=0.2793177664279938, train_acc= 91.05%
INFO - 09/13/26 22:50:02 - 0:18:07 - Epoch 133: train_loss=0.2773798704147339, train_acc= 90.65%
INFO - 09/13/26 22:50:02 - 0:18:08 - Epoch 134: train_loss=0.27371835708618164, train_acc= 90.95%
INFO - 09/13/26 22:50:03 - 0:18:08 - Epoch 135: train_loss=0.26393309235572815, train_acc= 91.52%
INFO - 09/13/26 22:50:03 - 0:18:08 - Epoch 135: val_loss=0.5058202147483826, val_acc= 85.19%,val_weighted_f1= 84.78,val_macro_f1= 81.45%
INFO - 09/13/26 22:50:03 - 0:18:08 - Epoch 136: train_loss=0.26491448283195496, train_acc= 91.10%
INFO - 09/13/26 22:50:03 - 0:18:09 - Epoch 137: train_loss=0.2678931653499603, train_acc= 91.01%
INFO - 09/13/26 22:50:03 - 0:18:09 - Epoch 138: train_loss=0.2590852677822113, train_acc= 91.47%
INFO - 09/13/26 22:50:04 - 0:18:09 - Epoch 139: train_loss=0.2671525478363037, train_acc= 90.96%
INFO - 09/13/26 22:50:04 - 0:18:09 - Epoch 140: train_loss=0.27489063143730164, train_acc= 91.02%
INFO - 09/13/26 22:50:04 - 0:18:09 - Epoch 140: val_loss=0.5777642726898193, val_acc= 84.11%,val_weighted_f1= 83.33,val_macro_f1= 79.99%
EarlyStopping counter: 1 out of 15
INFO - 09/13/26 22:50:04 - 0:18:10 - Epoch 141: train_loss=0.27380335330963135, train_acc= 90.87%
INFO - 09/13/26 22:50:04 - 0:18:10 - Epoch 142: train_loss=0.25535848736763, train_acc= 91.62%
INFO - 09/13/26 22:50:05 - 0:18:10 - Epoch 143: train_loss=0.25812166929244995, train_acc= 91.25%
INFO - 09/13/26 22:50:05 - 0:18:10 - Epoch 144: train_loss=0.2543991506099701, train_acc= 91.55%
INFO - 09/13/26 22:50:05 - 0:18:10 - Epoch 145: train_loss=0.24213598668575287, train_acc= 92.22%
INFO - 09/13/26 22:50:05 - 0:18:10 - Epoch 145: val_loss=0.5015323162078857, val_acc= 85.35%,val_weighted_f1= 85.07,val_macro_f1= 81.70%
INFO - 09/13/26 22:50:05 - 0:18:11 - Epoch 146: train_loss=0.24391543865203857, train_acc= 92.07%
INFO - 09/13/26 22:50:06 - 0:18:11 - Epoch 147: train_loss=0.24119500815868378, train_acc= 91.81%
INFO - 09/13/26 22:50:06 - 0:18:11 - Epoch 148: train_loss=0.23438730835914612, train_acc= 92.41%
INFO - 09/13/26 22:50:06 - 0:18:11 - Epoch 149: train_loss=0.23673754930496216, train_acc= 92.43%
INFO - 09/13/26 22:50:06 - 0:18:12 - Epoch 150: train_loss=0.2258032113313675, train_acc= 93.05%
INFO - 09/13/26 22:50:06 - 0:18:12 - Epoch 150: val_loss=0.518719494342804, val_acc= 85.37%,val_weighted_f1= 84.87,val_macro_f1= 81.75%
INFO - 09/13/26 22:50:07 - 0:18:12 - Epoch 151: train_loss=0.22856354713439941, train_acc= 92.57%
INFO - 09/13/26 22:50:07 - 0:18:12 - Epoch 152: train_loss=0.22075070440769196, train_acc= 92.72%
INFO - 09/13/26 22:50:07 - 0:18:12 - Epoch 153: train_loss=0.2275606244802475, train_acc= 92.41%
INFO - 09/13/26 22:50:07 - 0:18:13 - Epoch 154: train_loss=0.22369499504566193, train_acc= 92.57%
INFO - 09/13/26 22:50:08 - 0:18:13 - Epoch 155: train_loss=0.21740595996379852, train_acc= 92.94%
INFO - 09/13/26 22:50:08 - 0:18:13 - Epoch 155: val_loss=0.5164065361022949, val_acc= 85.47%,val_weighted_f1= 85.00,val_macro_f1= 81.66%
INFO - 09/13/26 22:50:08 - 0:18:13 - Epoch 156: train_loss=0.20610231161117554, train_acc= 93.31%
INFO - 09/13/26 22:50:08 - 0:18:13 - Epoch 157: train_loss=0.2159094661474228, train_acc= 92.94%
INFO - 09/13/26 22:50:08 - 0:18:14 - Epoch 158: train_loss=0.21646039187908173, train_acc= 92.84%
INFO - 09/13/26 22:50:09 - 0:18:14 - Epoch 159: train_loss=0.21133705973625183, train_acc= 93.04%
INFO - 09/13/26 22:50:09 - 0:18:14 - Epoch 160: train_loss=0.1968669593334198, train_acc= 93.67%
INFO - 09/13/26 22:50:09 - 0:18:14 - Epoch 160: val_loss=0.5103345513343811, val_acc= 85.63%,val_weighted_f1= 85.33,val_macro_f1= 82.10%
INFO - 09/13/26 22:50:09 - 0:18:14 - Epoch 161: train_loss=0.20238934457302094, train_acc= 93.43%
INFO - 09/13/26 22:50:09 - 0:18:15 - Epoch 162: train_loss=0.1974630504846573, train_acc= 93.67%
INFO - 09/13/26 22:50:10 - 0:18:15 - Epoch 163: train_loss=0.19049997627735138, train_acc= 93.87%
INFO - 09/13/26 22:50:10 - 0:18:15 - Epoch 164: train_loss=0.1956557035446167, train_acc= 93.59%
INFO - 09/13/26 22:50:10 - 0:18:15 - Epoch 165: train_loss=0.18904736638069153, train_acc= 93.89%
INFO - 09/13/26 22:50:10 - 0:18:15 - Epoch 165: val_loss=0.5419086217880249, val_acc= 85.53%,val_weighted_f1= 85.02,val_macro_f1= 81.71%
EarlyStopping counter: 1 out of 15
INFO - 09/13/26 22:50:10 - 0:18:16 - Epoch 166: train_loss=0.19224905967712402, train_acc= 93.71%
INFO - 09/13/26 22:50:11 - 0:18:16 - Epoch 167: train_loss=0.18168972432613373, train_acc= 94.40%
INFO - 09/13/26 22:50:11 - 0:18:16 - Epoch 168: train_loss=0.18381169438362122, train_acc= 94.02%
INFO - 09/13/26 22:50:11 - 0:18:16 - Epoch 169: train_loss=0.17621156573295593, train_acc= 94.57%
INFO - 09/13/26 22:50:11 - 0:18:16 - Epoch 170: train_loss=0.17539574205875397, train_acc= 94.52%
INFO - 09/13/26 22:50:11 - 0:18:17 - Epoch 170: val_loss=0.5171694755554199, val_acc= 85.90%,val_weighted_f1= 85.54,val_macro_f1= 82.32%
INFO - 09/13/26 22:50:11 - 0:18:17 - Epoch 171: train_loss=0.17013448476791382, train_acc= 94.64%
INFO - 09/13/26 22:50:12 - 0:18:17 - Epoch 172: train_loss=0.17376936972141266, train_acc= 94.45%
INFO - 09/13/26 22:50:12 - 0:18:17 - Epoch 173: train_loss=0.17199775576591492, train_acc= 94.71%
INFO - 09/13/26 22:50:12 - 0:18:17 - Epoch 174: train_loss=0.1662350594997406, train_acc= 94.81%
INFO - 09/13/26 22:50:12 - 0:18:18 - Epoch 175: train_loss=0.16485217213630676, train_acc= 95.00%
INFO - 09/13/26 22:50:13 - 0:18:18 - Epoch 175: val_loss=0.5341341495513916, val_acc= 85.95%,val_weighted_f1= 85.50,val_macro_f1= 82.16%
INFO - 09/13/26 22:50:13 - 0:18:18 - Epoch 176: train_loss=0.16521738469600677, train_acc= 94.48%
INFO - 09/13/26 22:50:13 - 0:18:18 - Epoch 177: train_loss=0.1591988354921341, train_acc= 94.86%
INFO - 09/13/26 22:50:13 - 0:18:19 - Epoch 178: train_loss=0.15609468519687653, train_acc= 95.31%
INFO - 09/13/26 22:50:13 - 0:18:19 - Epoch 179: train_loss=0.15567754209041595, train_acc= 95.02%
INFO - 09/13/26 22:50:14 - 0:18:19 - Epoch 180: train_loss=0.15178382396697998, train_acc= 95.37%
INFO - 09/13/26 22:50:14 - 0:18:19 - Epoch 180: val_loss=0.5375688672065735, val_acc= 85.88%,val_weighted_f1= 85.48,val_macro_f1= 82.21%
EarlyStopping counter: 1 out of 15
INFO - 09/13/26 22:50:14 - 0:18:19 - Epoch 181: train_loss=0.14703881740570068, train_acc= 95.54%
INFO - 09/13/26 22:50:14 - 0:18:20 - Epoch 182: train_loss=0.14936691522598267, train_acc= 95.38%
INFO - 09/13/26 22:50:14 - 0:18:20 - Epoch 183: train_loss=0.14644210040569305, train_acc= 95.48%
INFO - 09/13/26 22:50:15 - 0:18:20 - Epoch 184: train_loss=0.14310835301876068, train_acc= 95.59%
INFO - 09/13/26 22:50:15 - 0:18:20 - Epoch 185: train_loss=0.14225444197654724, train_acc= 95.65%
INFO - 09/13/26 22:50:15 - 0:18:20 - Epoch 185: val_loss=0.5442700386047363, val_acc= 85.90%,val_weighted_f1= 85.55,val_macro_f1= 82.35%
EarlyStopping counter: 2 out of 15
INFO - 09/13/26 22:50:15 - 0:18:20 - Epoch 186: train_loss=0.14282092452049255, train_acc= 95.64%
INFO - 09/13/26 22:50:15 - 0:18:21 - Epoch 187: train_loss=0.14413323998451233, train_acc= 95.31%
INFO - 09/13/26 22:50:16 - 0:18:21 - Epoch 188: train_loss=0.14169983565807343, train_acc= 95.59%
INFO - 09/13/26 22:50:16 - 0:18:21 - Epoch 189: train_loss=0.14273647964000702, train_acc= 95.38%
INFO - 09/13/26 22:50:16 - 0:18:21 - Epoch 190: train_loss=0.1326448768377304, train_acc= 95.98%
INFO - 09/13/26 22:50:16 - 0:18:21 - Epoch 190: val_loss=0.543806254863739, val_acc= 85.88%,val_weighted_f1= 85.50,val_macro_f1= 82.14%
EarlyStopping counter: 3 out of 15
INFO - 09/13/26 22:50:16 - 0:18:22 - Epoch 191: train_loss=0.12595665454864502, train_acc= 96.18%
INFO - 09/13/26 22:50:17 - 0:18:22 - Epoch 192: train_loss=0.134638249874115, train_acc= 95.76%
INFO - 09/13/26 22:50:17 - 0:18:22 - Epoch 193: train_loss=0.12995566427707672, train_acc= 95.96%
INFO - 09/13/26 22:50:17 - 0:18:22 - Epoch 194: train_loss=0.12502172589302063, train_acc= 96.14%
INFO - 09/13/26 22:50:17 - 0:18:23 - Epoch 195: train_loss=0.1249842494726181, train_acc= 96.21%
INFO - 09/13/26 22:50:17 - 0:18:23 - Epoch 195: val_loss=0.5558445453643799, val_acc= 86.28%,val_weighted_f1= 85.94,val_macro_f1= 82.77%
INFO - 09/13/26 22:50:18 - 0:18:23 - Epoch 196: train_loss=0.12068191170692444, train_acc= 96.46%
INFO - 09/13/26 22:50:18 - 0:18:23 - Epoch 197: train_loss=0.12183450907468796, train_acc= 96.28%
INFO - 09/13/26 22:50:18 - 0:18:23 - Epoch 198: train_loss=0.12207838147878647, train_acc= 96.17%
INFO - 09/13/26 22:50:18 - 0:18:24 - Epoch 199: train_loss=0.11835996061563492, train_acc= 96.27%
INFO - 09/13/26 22:50:19 - 0:18:24 - Epoch 200: train_loss=0.112614206969738, train_acc= 96.65%
INFO - 09/13/26 22:50:19 - 0:18:24 - Epoch 200: val_loss=0.5559726357460022, val_acc= 86.14%,val_weighted_f1= 85.83,val_macro_f1= 82.49%
EarlyStopping counter: 1 out of 15
INFO - 09/13/26 22:50:19 - 0:18:24 - Epoch 201: train_loss=0.11474640667438507, train_acc= 96.36%
INFO - 09/13/26 22:50:19 - 0:18:24 - Epoch 202: train_loss=0.11660157889127731, train_acc= 96.39%
INFO - 09/13/26 22:50:19 - 0:18:25 - Epoch 203: train_loss=0.11203267425298691, train_acc= 96.58%
INFO - 09/13/26 22:50:20 - 0:18:25 - Epoch 204: train_loss=0.11624862998723984, train_acc= 96.50%
INFO - 09/13/26 22:50:20 - 0:18:25 - Epoch 205: train_loss=0.11184786260128021, train_acc= 96.59%
INFO - 09/13/26 22:50:20 - 0:18:25 - Epoch 205: val_loss=0.5609625577926636, val_acc= 86.14%,val_weighted_f1= 85.82,val_macro_f1= 82.19%
EarlyStopping counter: 2 out of 15
INFO - 09/13/26 22:50:20 - 0:18:25 - Epoch 206: train_loss=0.10430778563022614, train_acc= 96.94%
INFO - 09/13/26 22:50:20 - 0:18:26 - Epoch 207: train_loss=0.1065562516450882, train_acc= 96.86%
INFO - 09/13/26 22:50:21 - 0:18:26 - Epoch 208: train_loss=0.11128411442041397, train_acc= 96.56%
INFO - 09/13/26 22:50:21 - 0:18:26 - Epoch 209: train_loss=0.11288855969905853, train_acc= 96.40%
INFO - 09/13/26 22:50:21 - 0:18:26 - Epoch 210: train_loss=0.10114350914955139, train_acc= 96.98%
INFO - 09/13/26 22:50:21 - 0:18:26 - Epoch 210: val_loss=0.567548930644989, val_acc= 86.25%,val_weighted_f1= 85.97,val_macro_f1= 82.60%
EarlyStopping counter: 3 out of 15
INFO - 09/13/26 22:50:21 - 0:18:27 - Epoch 211: train_loss=0.10204983502626419, train_acc= 97.03%
INFO - 09/13/26 22:50:21 - 0:18:27 - Epoch 212: train_loss=0.10512969642877579, train_acc= 96.64%
INFO - 09/13/26 22:50:22 - 0:18:27 - Epoch 213: train_loss=0.09367063641548157, train_acc= 97.25%
INFO - 09/13/26 22:50:22 - 0:18:27 - Epoch 214: train_loss=0.09770045429468155, train_acc= 97.04%
INFO - 09/13/26 22:50:22 - 0:18:28 - Epoch 215: train_loss=0.09631603956222534, train_acc= 97.18%
INFO - 09/13/26 22:50:22 - 0:18:28 - Epoch 215: val_loss=0.5763475298881531, val_acc= 86.05%,val_weighted_f1= 85.75,val_macro_f1= 82.26%
EarlyStopping counter: 4 out of 15
INFO - 09/13/26 22:50:23 - 0:18:28 - Epoch 216: train_loss=0.09378251433372498, train_acc= 97.13%
INFO - 09/13/26 22:50:23 - 0:18:28 - Epoch 217: train_loss=0.09606528282165527, train_acc= 97.16%
INFO - 09/13/26 22:50:23 - 0:18:28 - Epoch 218: train_loss=0.09148037433624268, train_acc= 97.31%
INFO - 09/13/26 22:50:23 - 0:18:29 - Epoch 219: train_loss=0.09174740314483643, train_acc= 97.32%
INFO - 09/13/26 22:50:23 - 0:18:29 - Epoch 220: train_loss=0.08715855330228806, train_acc= 97.55%
INFO - 09/13/26 22:50:24 - 0:18:29 - Epoch 220: val_loss=0.5924681425094604, val_acc= 86.04%,val_weighted_f1= 85.62,val_macro_f1= 82.42%
EarlyStopping counter: 5 out of 15
INFO - 09/13/26 22:50:24 - 0:18:29 - Epoch 221: train_loss=0.08538376539945602, train_acc= 97.53%
INFO - 09/13/26 22:50:24 - 0:18:29 - Epoch 222: train_loss=0.08402226120233536, train_acc= 97.69%
INFO - 09/13/26 22:50:24 - 0:18:30 - Epoch 223: train_loss=0.08250375837087631, train_acc= 97.56%
INFO - 09/13/26 22:50:24 - 0:18:30 - Epoch 224: train_loss=0.08629299700260162, train_acc= 97.56%
INFO - 09/13/26 22:50:25 - 0:18:30 - Epoch 225: train_loss=0.08159483224153519, train_acc= 97.74%
INFO - 09/13/26 22:50:25 - 0:18:30 - Epoch 225: val_loss=0.6029096245765686, val_acc= 85.95%,val_weighted_f1= 85.57,val_macro_f1= 82.16%
EarlyStopping counter: 6 out of 15
INFO - 09/13/26 22:50:25 - 0:18:30 - Epoch 226: train_loss=0.07813029736280441, train_acc= 97.76%
INFO - 09/13/26 22:50:25 - 0:18:31 - Epoch 227: train_loss=0.07748760282993317, train_acc= 97.71%
INFO - 09/13/26 22:50:25 - 0:18:31 - Epoch 228: train_loss=0.07680889964103699, train_acc= 97.94%
INFO - 09/13/26 22:50:26 - 0:18:31 - Epoch 229: train_loss=0.0721840113401413, train_acc= 97.90%
INFO - 09/13/26 22:50:26 - 0:18:31 - Epoch 230: train_loss=0.07555504888296127, train_acc= 97.78%
INFO - 09/13/26 22:50:26 - 0:18:31 - Epoch 230: val_loss=0.5904533267021179, val_acc= 86.43%,val_weighted_f1= 86.17,val_macro_f1= 82.91%
INFO - 09/13/26 22:50:26 - 0:18:32 - Epoch 231: train_loss=0.07294861227273941, train_acc= 98.16%
INFO - 09/13/26 22:50:26 - 0:18:32 - Epoch 232: train_loss=0.07003188878297806, train_acc= 98.18%
INFO - 09/13/26 22:50:27 - 0:18:32 - Epoch 233: train_loss=0.0719323605298996, train_acc= 98.03%
INFO - 09/13/26 22:50:27 - 0:18:32 - Epoch 234: train_loss=0.0702924057841301, train_acc= 98.07%
INFO - 09/13/26 22:50:27 - 0:18:33 - Epoch 235: train_loss=0.07248696684837341, train_acc= 97.75%
INFO - 09/13/26 22:50:27 - 0:18:33 - Epoch 235: val_loss=0.6139389872550964, val_acc= 86.14%,val_weighted_f1= 85.80,val_macro_f1= 82.47%
EarlyStopping counter: 1 out of 15
INFO - 09/13/26 22:50:27 - 0:18:33 - Epoch 236: train_loss=0.06811664253473282, train_acc= 98.16%
INFO - 09/13/26 22:50:28 - 0:18:33 - Epoch 237: train_loss=0.0655568391084671, train_acc= 98.32%
INFO - 09/13/26 22:50:28 - 0:18:33 - Epoch 238: train_loss=0.06810560077428818, train_acc= 98.08%
INFO - 09/13/26 22:50:28 - 0:18:33 - Epoch 239: train_loss=0.06863782554864883, train_acc= 98.06%
INFO - 09/13/26 22:50:28 - 0:18:34 - Epoch 240: train_loss=0.06638060510158539, train_acc= 98.19%
INFO - 09/13/26 22:50:28 - 0:18:34 - Epoch 240: val_loss=0.6347152590751648, val_acc= 85.91%,val_weighted_f1= 85.53,val_macro_f1= 82.03%
EarlyStopping counter: 2 out of 15
INFO - 09/13/26 22:50:29 - 0:18:34 - Epoch 241: train_loss=0.06012564152479172, train_acc= 98.54%
INFO - 09/13/26 22:50:29 - 0:18:34 - Epoch 242: train_loss=0.06485766917467117, train_acc= 98.31%
INFO - 09/13/26 22:50:29 - 0:18:34 - Epoch 243: train_loss=0.061915893107652664, train_acc= 98.45%
INFO - 09/13/26 22:50:29 - 0:18:35 - Epoch 244: train_loss=0.0603688508272171, train_acc= 98.47%
INFO - 09/13/26 22:50:30 - 0:18:35 - Epoch 245: train_loss=0.06100655719637871, train_acc= 98.39%
INFO - 09/13/26 22:50:30 - 0:18:35 - Epoch 245: val_loss=0.6258067488670349, val_acc= 86.16%,val_weighted_f1= 85.80,val_macro_f1= 82.41%
EarlyStopping counter: 3 out of 15
INFO - 09/13/26 22:50:30 - 0:18:35 - Epoch 246: train_loss=0.05907706543803215, train_acc= 98.53%
INFO - 09/13/26 22:50:30 - 0:18:35 - Epoch 247: train_loss=0.06034266576170921, train_acc= 98.18%
INFO - 09/13/26 22:50:30 - 0:18:36 - Epoch 248: train_loss=0.060905713587999344, train_acc= 98.43%
INFO - 09/13/26 22:50:31 - 0:18:36 - Epoch 249: train_loss=0.06161300092935562, train_acc= 98.32%
INFO - 09/13/26 22:50:31 - 0:18:36 - Epoch 250: train_loss=0.05440678820014, train_acc= 98.61%
INFO - 09/13/26 22:50:31 - 0:18:36 - Epoch 250: val_loss=0.6402117013931274, val_acc= 86.28%,val_weighted_f1= 85.95,val_macro_f1= 82.53%
EarlyStopping counter: 4 out of 15
INFO - 09/13/26 22:50:31 - 0:18:36 - Epoch 251: train_loss=0.05488614737987518, train_acc= 98.59%
INFO - 09/13/26 22:50:31 - 0:18:37 - Epoch 252: train_loss=0.060941584408283234, train_acc= 98.28%
INFO - 09/13/26 22:50:32 - 0:18:37 - Epoch 253: train_loss=0.0569164864718914, train_acc= 98.47%
INFO - 09/13/26 22:50:32 - 0:18:37 - Epoch 254: train_loss=0.054132070392370224, train_acc= 98.63%
INFO - 09/13/26 22:50:32 - 0:18:37 - Epoch 255: train_loss=0.05483872815966606, train_acc= 98.54%
INFO - 09/13/26 22:50:32 - 0:18:37 - Epoch 255: val_loss=0.6434760093688965, val_acc= 86.16%,val_weighted_f1= 85.84,val_macro_f1= 82.37%
EarlyStopping counter: 5 out of 15
INFO - 09/13/26 22:50:32 - 0:18:38 - Epoch 256: train_loss=0.054015789180994034, train_acc= 98.53%
INFO - 09/13/26 22:50:33 - 0:18:38 - Epoch 257: train_loss=0.04791911691427231, train_acc= 98.82%
INFO - 09/13/26 22:50:33 - 0:18:38 - Epoch 258: train_loss=0.050851427018642426, train_acc= 98.78%
INFO - 09/13/26 22:50:33 - 0:18:38 - Epoch 259: train_loss=0.04991314187645912, train_acc= 98.79%
INFO - 09/13/26 22:50:33 - 0:18:39 - Epoch 260: train_loss=0.05238946154713631, train_acc= 98.63%
INFO - 09/13/26 22:50:33 - 0:18:39 - Epoch 260: val_loss=0.631729006767273, val_acc= 86.44%,val_weighted_f1= 86.20,val_macro_f1= 82.72%
INFO - 09/13/26 22:50:34 - 0:18:39 - Epoch 261: train_loss=0.04868012294173241, train_acc= 98.91%
INFO - 09/13/26 22:50:34 - 0:18:39 - Epoch 262: train_loss=0.047712184488773346, train_acc= 98.74%
INFO - 09/13/26 22:50:34 - 0:18:39 - Epoch 263: train_loss=0.04810145124793053, train_acc= 98.84%
INFO - 09/13/26 22:50:34 - 0:18:40 - Epoch 264: train_loss=0.04599045217037201, train_acc= 98.91%
INFO - 09/13/26 22:50:34 - 0:18:40 - Epoch 265: train_loss=0.047920167446136475, train_acc= 98.67%
INFO - 09/13/26 22:50:35 - 0:18:40 - Epoch 265: val_loss=0.6695075631141663, val_acc= 86.07%,val_weighted_f1= 85.71,val_macro_f1= 82.09%
EarlyStopping counter: 1 out of 15
INFO - 09/13/26 22:50:35 - 0:18:40 - Epoch 266: train_loss=0.04564768075942993, train_acc= 98.90%
INFO - 09/13/26 22:50:35 - 0:18:40 - Epoch 267: train_loss=0.04534697160124779, train_acc= 98.88%
INFO - 09/13/26 22:50:35 - 0:18:41 - Epoch 268: train_loss=0.04392256587743759, train_acc= 98.93%
INFO - 09/13/26 22:50:35 - 0:18:41 - Epoch 269: train_loss=0.045753251761198044, train_acc= 98.80%
INFO - 09/13/26 22:50:36 - 0:18:41 - Epoch 270: train_loss=0.04948729649186134, train_acc= 98.66%
INFO - 09/13/26 22:50:36 - 0:18:41 - Epoch 270: val_loss=0.6830018162727356, val_acc= 86.27%,val_weighted_f1= 85.87,val_macro_f1= 82.68%
EarlyStopping counter: 2 out of 15
INFO - 09/13/26 22:50:36 - 0:18:41 - Epoch 271: train_loss=0.041820403188467026, train_acc= 98.99%
INFO - 09/13/26 22:50:36 - 0:18:42 - Epoch 272: train_loss=0.04050126299262047, train_acc= 99.06%
INFO - 09/13/26 22:50:36 - 0:18:42 - Epoch 273: train_loss=0.04621201008558273, train_acc= 98.75%
INFO - 09/13/26 22:50:37 - 0:18:42 - Epoch 274: train_loss=0.040757741779088974, train_acc= 99.02%
INFO - 09/13/26 22:50:37 - 0:18:42 - Epoch 275: train_loss=0.0388483852148056, train_acc= 99.02%
INFO - 09/13/26 22:50:37 - 0:18:42 - Epoch 275: val_loss=0.6591439247131348, val_acc= 86.48%,val_weighted_f1= 86.19,val_macro_f1= 82.69%
INFO - 09/13/26 22:50:37 - 0:18:43 - Epoch 276: train_loss=0.04254898428916931, train_acc= 98.95%
INFO - 09/13/26 22:50:37 - 0:18:43 - Epoch 277: train_loss=0.03871285170316696, train_acc= 99.08%
INFO - 09/13/26 22:50:38 - 0:18:43 - Epoch 278: train_loss=0.041933320462703705, train_acc= 98.81%
INFO - 09/13/26 22:50:38 - 0:18:43 - Epoch 279: train_loss=0.03933772072196007, train_acc= 99.00%
INFO - 09/13/26 22:50:38 - 0:18:44 - Epoch 280: train_loss=0.03798944130539894, train_acc= 99.13%
INFO - 09/13/26 22:50:38 - 0:18:44 - Epoch 280: val_loss=0.6914432644844055, val_acc= 86.28%,val_weighted_f1= 85.90,val_macro_f1= 82.45%
EarlyStopping counter: 1 out of 15
INFO - 09/13/26 22:50:38 - 0:18:44 - Epoch 281: train_loss=0.03816753998398781, train_acc= 99.11%
INFO - 09/13/26 22:50:39 - 0:18:44 - Epoch 282: train_loss=0.03675423562526703, train_acc= 99.12%
INFO - 09/13/26 22:50:39 - 0:18:44 - Epoch 283: train_loss=0.036078061908483505, train_acc= 99.15%
INFO - 09/13/26 22:50:39 - 0:18:44 - Epoch 284: train_loss=0.037753600627183914, train_acc= 99.06%
INFO - 09/13/26 22:50:39 - 0:18:45 - Epoch 285: train_loss=0.03481325879693031, train_acc= 99.21%
INFO - 09/13/26 22:50:39 - 0:18:45 - Epoch 285: val_loss=0.6842134594917297, val_acc= 86.20%,val_weighted_f1= 85.81,val_macro_f1= 82.31%
EarlyStopping counter: 2 out of 15
INFO - 09/13/26 22:50:40 - 0:18:45 - Epoch 286: train_loss=0.03475002944469452, train_acc= 99.16%
INFO - 09/13/26 22:50:40 - 0:18:45 - Epoch 287: train_loss=0.03456437215209007, train_acc= 99.20%
INFO - 09/13/26 22:50:40 - 0:18:45 - Epoch 288: train_loss=0.03345700725913048, train_acc= 99.29%
INFO - 09/13/26 22:50:40 - 0:18:46 - Epoch 289: train_loss=0.034440912306308746, train_acc= 99.27%
INFO - 09/13/26 22:50:41 - 0:18:46 - Epoch 290: train_loss=0.03143283724784851, train_acc= 99.29%
INFO - 09/13/26 22:50:41 - 0:18:46 - Epoch 290: val_loss=0.7119160890579224, val_acc= 86.21%,val_weighted_f1= 85.79,val_macro_f1= 82.59%
EarlyStopping counter: 3 out of 15
INFO - 09/13/26 22:50:41 - 0:18:46 - Epoch 291: train_loss=0.035604026168584824, train_acc= 99.16%
INFO - 09/13/26 22:50:41 - 0:18:46 - Epoch 292: train_loss=0.035240769386291504, train_acc= 99.16%
INFO - 09/13/26 22:50:41 - 0:18:47 - Epoch 293: train_loss=0.032861921936273575, train_acc= 99.30%
INFO - 09/13/26 22:50:42 - 0:18:47 - Epoch 294: train_loss=0.03372996672987938, train_acc= 99.20%
INFO - 09/13/26 22:50:42 - 0:18:47 - Epoch 295: train_loss=0.03158742934465408, train_acc= 99.21%
INFO - 09/13/26 22:50:42 - 0:18:47 - Epoch 295: val_loss=0.6748011708259583, val_acc= 86.51%,val_weighted_f1= 86.23,val_macro_f1= 82.84%
INFO - 09/13/26 22:50:42 - 0:18:48 - Epoch 296: train_loss=0.030602209270000458, train_acc= 99.26%
INFO - 09/13/26 22:50:42 - 0:18:48 - Epoch 297: train_loss=0.030245421454310417, train_acc= 99.39%
INFO - 09/13/26 22:50:43 - 0:18:48 - Epoch 298: train_loss=0.029454292729496956, train_acc= 99.29%
INFO - 09/13/26 22:50:43 - 0:18:48 - Epoch 299: train_loss=0.0293425340205431, train_acc= 99.50%
INFO - 09/13/26 22:50:43 - 0:18:48 - Epoch 300: train_loss=0.027461115270853043, train_acc= 99.49%
INFO - 09/13/26 22:50:43 - 0:18:48 - Epoch 300: val_loss=0.700964093208313, val_acc= 86.50%,val_weighted_f1= 86.16,val_macro_f1= 82.58%
EarlyStopping counter: 1 out of 15
INFO - 09/13/26 22:50:43 - 0:18:49 - Epoch 301: train_loss=0.02742898464202881, train_acc= 99.40%
INFO - 09/13/26 22:50:44 - 0:18:49 - Epoch 302: train_loss=0.027880834415555, train_acc= 99.44%
INFO - 09/13/26 22:50:44 - 0:18:49 - Epoch 303: train_loss=0.02874167077243328, train_acc= 99.39%
INFO - 09/13/26 22:50:44 - 0:18:49 - Epoch 304: train_loss=0.027804069221019745, train_acc= 99.44%
INFO - 09/13/26 22:50:44 - 0:18:50 - Epoch 305: train_loss=0.028628792613744736, train_acc= 99.32%
INFO - 09/13/26 22:50:44 - 0:18:50 - Epoch 305: val_loss=0.7046858668327332, val_acc= 86.37%,val_weighted_f1= 86.06,val_macro_f1= 82.64%
EarlyStopping counter: 2 out of 15
INFO - 09/13/26 22:50:45 - 0:18:50 - Epoch 306: train_loss=0.02835961803793907, train_acc= 99.42%
INFO - 09/13/26 22:50:45 - 0:18:50 - Epoch 307: train_loss=0.02589433081448078, train_acc= 99.44%
INFO - 09/13/26 22:50:45 - 0:18:50 - Epoch 308: train_loss=0.02710673026740551, train_acc= 99.36%
INFO - 09/13/26 22:50:45 - 0:18:51 - Epoch 309: train_loss=0.028790177777409554, train_acc= 99.36%
INFO - 09/13/26 22:50:45 - 0:18:51 - Epoch 310: train_loss=0.027577901259064674, train_acc= 99.38%
INFO - 09/13/26 22:50:46 - 0:18:51 - Epoch 310: val_loss=0.7219546437263489, val_acc= 86.44%,val_weighted_f1= 86.10,val_macro_f1= 82.52%
EarlyStopping counter: 3 out of 15
INFO - 09/13/26 22:50:46 - 0:18:51 - Epoch 311: train_loss=0.028762800619006157, train_acc= 99.30%
INFO - 09/13/26 22:50:46 - 0:18:51 - Epoch 312: train_loss=0.026908984407782555, train_acc= 99.37%
INFO - 09/13/26 22:50:46 - 0:18:52 - Epoch 313: train_loss=0.028933443129062653, train_acc= 99.27%
INFO - 09/13/26 22:50:46 - 0:18:52 - Epoch 314: train_loss=0.025617601349949837, train_acc= 99.43%
INFO - 09/13/26 22:50:47 - 0:18:52 - Epoch 315: train_loss=0.024557631462812424, train_acc= 99.45%
INFO - 09/13/26 22:50:47 - 0:18:52 - Epoch 315: val_loss=0.7233856916427612, val_acc= 86.34%,val_weighted_f1= 85.97,val_macro_f1= 82.62%
EarlyStopping counter: 4 out of 15
INFO - 09/13/26 22:50:47 - 0:18:52 - Epoch 316: train_loss=0.02658873423933983, train_acc= 99.41%
INFO - 09/13/26 22:50:47 - 0:18:53 - Epoch 317: train_loss=0.024089699611067772, train_acc= 99.50%
INFO - 09/13/26 22:50:47 - 0:18:53 - Epoch 318: train_loss=0.024852711707353592, train_acc= 99.42%
INFO - 09/13/26 22:50:48 - 0:18:53 - Epoch 319: train_loss=0.022289909422397614, train_acc= 99.61%
INFO - 09/13/26 22:50:48 - 0:18:53 - Epoch 320: train_loss=0.023631688207387924, train_acc= 99.51%
INFO - 09/13/26 22:50:48 - 0:18:53 - Epoch 320: val_loss=0.7365617156028748, val_acc= 86.30%,val_weighted_f1= 85.88,val_macro_f1= 82.53%
EarlyStopping counter: 5 out of 15
INFO - 09/13/26 22:50:48 - 0:18:54 - Epoch 321: train_loss=0.024691522121429443, train_acc= 99.42%
INFO - 09/13/26 22:50:48 - 0:18:54 - Epoch 322: train_loss=0.022567469626665115, train_acc= 99.59%
INFO - 09/13/26 22:50:49 - 0:18:54 - Epoch 323: train_loss=0.023553144186735153, train_acc= 99.46%
INFO - 09/13/26 22:50:49 - 0:18:54 - Epoch 324: train_loss=0.02213708870112896, train_acc= 99.45%
INFO - 09/13/26 22:50:49 - 0:18:55 - Epoch 325: train_loss=0.022028561681509018, train_acc= 99.66%
INFO - 09/13/26 22:50:49 - 0:18:55 - Epoch 325: val_loss=0.717164158821106, val_acc= 86.55%,val_weighted_f1= 86.20,val_macro_f1= 83.01%
INFO - 09/13/26 22:50:49 - 0:18:55 - Epoch 326: train_loss=0.021145319566130638, train_acc= 99.61%
INFO - 09/13/26 22:50:50 - 0:18:55 - Epoch 327: train_loss=0.023482097312808037, train_acc= 99.44%
INFO - 09/13/26 22:50:50 - 0:18:55 - Epoch 328: train_loss=0.022630350664258003, train_acc= 99.51%
INFO - 09/13/26 22:50:50 - 0:18:55 - Epoch 329: train_loss=0.019887229427695274, train_acc= 99.58%
INFO - 09/13/26 22:50:50 - 0:18:56 - Epoch 330: train_loss=0.022108787670731544, train_acc= 99.54%
INFO - 09/13/26 22:50:50 - 0:18:56 - Epoch 330: val_loss=0.7168496251106262, val_acc= 86.76%,val_weighted_f1= 86.49,val_macro_f1= 83.14%
INFO - 09/13/26 22:50:51 - 0:18:56 - Epoch 331: train_loss=0.02120795287191868, train_acc= 99.52%
INFO - 09/13/26 22:50:51 - 0:18:56 - Epoch 332: train_loss=0.021945295855402946, train_acc= 99.59%
INFO - 09/13/26 22:50:51 - 0:18:56 - Epoch 333: train_loss=0.020729245617985725, train_acc= 99.57%
INFO - 09/13/26 22:50:51 - 0:18:57 - Epoch 334: train_loss=0.021577248349785805, train_acc= 99.52%
INFO - 09/13/26 22:50:52 - 0:18:57 - Epoch 335: train_loss=0.02055387757718563, train_acc= 99.54%
INFO - 09/13/26 22:50:52 - 0:18:57 - Epoch 335: val_loss=0.727481484413147, val_acc= 86.65%,val_weighted_f1= 86.37,val_macro_f1= 82.93%
EarlyStopping counter: 1 out of 15
INFO - 09/13/26 22:50:52 - 0:18:57 - Epoch 336: train_loss=0.02020636759698391, train_acc= 99.58%
INFO - 09/13/26 22:50:52 - 0:18:58 - Epoch 337: train_loss=0.02025712840259075, train_acc= 99.62%
INFO - 09/13/26 22:50:52 - 0:18:58 - Epoch 338: train_loss=0.017282426357269287, train_acc= 99.67%
INFO - 09/13/26 22:50:53 - 0:18:58 - Epoch 339: train_loss=0.019818300381302834, train_acc= 99.52%
INFO - 09/13/26 22:50:53 - 0:18:58 - Epoch 340: train_loss=0.01845189370214939, train_acc= 99.69%
INFO - 09/13/26 22:50:53 - 0:18:58 - Epoch 340: val_loss=0.7354007959365845, val_acc= 86.83%,val_weighted_f1= 86.51,val_macro_f1= 83.16%
INFO - 09/13/26 22:50:53 - 0:18:59 - Epoch 341: train_loss=0.018376123160123825, train_acc= 99.67%
INFO - 09/13/26 22:50:53 - 0:18:59 - Epoch 342: train_loss=0.01851196587085724, train_acc= 99.67%
INFO - 09/13/26 22:50:54 - 0:18:59 - Epoch 343: train_loss=0.018898995593190193, train_acc= 99.65%
INFO - 09/13/26 22:50:54 - 0:18:59 - Epoch 344: train_loss=0.01991535723209381, train_acc= 99.59%
INFO - 09/13/26 22:50:54 - 0:18:59 - Epoch 345: train_loss=0.01859363727271557, train_acc= 99.63%
INFO - 09/13/26 22:50:54 - 0:18:59 - Epoch 345: val_loss=0.7341936230659485, val_acc= 86.73%,val_weighted_f1= 86.45,val_macro_f1= 83.10%
EarlyStopping counter: 1 out of 15
INFO - 09/13/26 22:50:54 - 0:19:00 - Epoch 346: train_loss=0.017151091247797012, train_acc= 99.74%
INFO - 09/13/26 22:50:55 - 0:19:00 - Epoch 347: train_loss=0.018382737413048744, train_acc= 99.66%
INFO - 09/13/26 22:50:55 - 0:19:00 - Epoch 348: train_loss=0.017727697268128395, train_acc= 99.69%
INFO - 09/13/26 22:50:55 - 0:19:00 - Epoch 349: train_loss=0.01674908958375454, train_acc= 99.68%
INFO - 09/13/26 22:50:55 - 0:19:01 - Epoch 350: train_loss=0.02000582031905651, train_acc= 99.47%
INFO - 09/13/26 22:50:55 - 0:19:01 - Epoch 350: val_loss=0.7420969009399414, val_acc= 86.73%,val_weighted_f1= 86.43,val_macro_f1= 82.98%
EarlyStopping counter: 2 out of 15
INFO - 09/13/26 22:50:56 - 0:19:01 - Epoch 351: train_loss=0.018597714602947235, train_acc= 99.62%
INFO - 09/13/26 22:50:56 - 0:19:01 - Epoch 352: train_loss=0.018111540004611015, train_acc= 99.59%
INFO - 09/13/26 22:50:56 - 0:19:01 - Epoch 353: train_loss=0.01829654537141323, train_acc= 99.65%
INFO - 09/13/26 22:50:56 - 0:19:02 - Epoch 354: train_loss=0.01788032427430153, train_acc= 99.67%
INFO - 09/13/26 22:50:57 - 0:19:02 - Epoch 355: train_loss=0.01656455546617508, train_acc= 99.74%
INFO - 09/13/26 22:50:57 - 0:19:02 - Epoch 355: val_loss=0.7526744604110718, val_acc= 86.48%,val_weighted_f1= 86.15,val_macro_f1= 82.82%
EarlyStopping counter: 3 out of 15
INFO - 09/13/26 22:50:57 - 0:19:02 - Epoch 356: train_loss=0.017899787053465843, train_acc= 99.59%
INFO - 09/13/26 22:50:57 - 0:19:02 - Epoch 357: train_loss=0.01963709481060505, train_acc= 99.57%
INFO - 09/13/26 22:50:57 - 0:19:03 - Epoch 358: train_loss=0.016801239922642708, train_acc= 99.63%
INFO - 09/13/26 22:50:58 - 0:19:03 - Epoch 359: train_loss=0.01830478012561798, train_acc= 99.62%
INFO - 09/13/26 22:50:58 - 0:19:03 - Epoch 360: train_loss=0.016022924333810806, train_acc= 99.75%
INFO - 09/13/26 22:50:58 - 0:19:03 - Epoch 360: val_loss=0.7601639032363892, val_acc= 86.50%,val_weighted_f1= 86.13,val_macro_f1= 82.70%
EarlyStopping counter: 4 out of 15
INFO - 09/13/26 22:50:58 - 0:19:03 - Epoch 361: train_loss=0.01584768109023571, train_acc= 99.70%
INFO - 09/13/26 22:50:58 - 0:19:04 - Epoch 362: train_loss=0.01746891438961029, train_acc= 99.61%
INFO - 09/13/26 22:50:59 - 0:19:04 - Epoch 363: train_loss=0.01602933555841446, train_acc= 99.69%
INFO - 09/13/26 22:50:59 - 0:19:04 - Epoch 364: train_loss=0.014760714955627918, train_acc= 99.70%
INFO - 09/13/26 22:50:59 - 0:19:04 - Epoch 365: train_loss=0.015638066455721855, train_acc= 99.66%
INFO - 09/13/26 22:50:59 - 0:19:04 - Epoch 365: val_loss=0.7441170811653137, val_acc= 86.57%,val_weighted_f1= 86.24,val_macro_f1= 82.98%
EarlyStopping counter: 5 out of 15
INFO - 09/13/26 22:50:59 - 0:19:05 - Epoch 366: train_loss=0.016081755980849266, train_acc= 99.68%
INFO - 09/13/26 22:51:00 - 0:19:05 - Epoch 367: train_loss=0.013215631246566772, train_acc= 99.76%
INFO - 09/13/26 22:51:00 - 0:19:05 - Epoch 368: train_loss=0.01448403112590313, train_acc= 99.78%
INFO - 09/13/26 22:51:00 - 0:19:05 - Epoch 369: train_loss=0.014722052030265331, train_acc= 99.75%
INFO - 09/13/26 22:51:00 - 0:19:05 - Epoch 370: train_loss=0.015855634585022926, train_acc= 99.61%
INFO - 09/13/26 22:51:00 - 0:19:06 - Epoch 370: val_loss=0.764866828918457, val_acc= 86.41%,val_weighted_f1= 86.09,val_macro_f1= 82.71%
EarlyStopping counter: 6 out of 15
INFO - 09/13/26 22:51:00 - 0:19:06 - Epoch 371: train_loss=0.014272656291723251, train_acc= 99.74%
INFO - 09/13/26 22:51:01 - 0:19:06 - Epoch 372: train_loss=0.01504560187458992, train_acc= 99.71%
INFO - 09/13/26 22:51:01 - 0:19:06 - Epoch 373: train_loss=0.013561660423874855, train_acc= 99.77%
INFO - 09/13/26 22:51:01 - 0:19:06 - Epoch 374: train_loss=0.014526854269206524, train_acc= 99.73%
INFO - 09/13/26 22:51:01 - 0:19:07 - Epoch 375: train_loss=0.01494529377669096, train_acc= 99.70%
INFO - 09/13/26 22:51:02 - 0:19:07 - Epoch 375: val_loss=0.7761064767837524, val_acc= 86.58%,val_weighted_f1= 86.23,val_macro_f1= 82.95%
EarlyStopping counter: 7 out of 15
INFO - 09/13/26 22:51:02 - 0:19:07 - Epoch 376: train_loss=0.015138387680053711, train_acc= 99.71%
INFO - 09/13/26 22:51:02 - 0:19:07 - Epoch 377: train_loss=0.014160019345581532, train_acc= 99.77%
INFO - 09/13/26 22:51:02 - 0:19:08 - Epoch 378: train_loss=0.013929557055234909, train_acc= 99.73%
INFO - 09/13/26 22:51:02 - 0:19:08 - Epoch 379: train_loss=0.01544312946498394, train_acc= 99.72%
INFO - 09/13/26 22:51:03 - 0:19:08 - Epoch 380: train_loss=0.014682195149362087, train_acc= 99.72%
INFO - 09/13/26 22:51:03 - 0:19:08 - Epoch 380: val_loss=0.8002604842185974, val_acc= 86.39%,val_weighted_f1= 85.96,val_macro_f1= 82.70%
EarlyStopping counter: 8 out of 15
INFO - 09/13/26 22:51:03 - 0:19:08 - Epoch 381: train_loss=0.015339434146881104, train_acc= 99.70%
INFO - 09/13/26 22:51:03 - 0:19:09 - Epoch 382: train_loss=0.012329276651144028, train_acc= 99.79%
INFO - 09/13/26 22:51:03 - 0:19:09 - Epoch 383: train_loss=0.015372184105217457, train_acc= 99.74%
INFO - 09/13/26 22:51:04 - 0:19:09 - Epoch 384: train_loss=0.014064976014196873, train_acc= 99.73%
INFO - 09/13/26 22:51:04 - 0:19:09 - Epoch 385: train_loss=0.01480401773005724, train_acc= 99.69%
INFO - 09/13/26 22:51:04 - 0:19:09 - Epoch 385: val_loss=0.7735373377799988, val_acc= 86.55%,val_weighted_f1= 86.21,val_macro_f1= 82.91%
EarlyStopping counter: 9 out of 15
INFO - 09/13/26 22:51:04 - 0:19:09 - Epoch 386: train_loss=0.012186100706458092, train_acc= 99.80%
INFO - 09/13/26 22:51:04 - 0:19:10 - Epoch 387: train_loss=0.013509281910955906, train_acc= 99.73%
INFO - 09/13/26 22:51:05 - 0:19:10 - Epoch 388: train_loss=0.011121407151222229, train_acc= 99.87%
INFO - 09/13/26 22:51:05 - 0:19:10 - Epoch 389: train_loss=0.013671590946614742, train_acc= 99.73%
INFO - 09/13/26 22:51:05 - 0:19:10 - Epoch 390: train_loss=0.013321074657142162, train_acc= 99.75%
INFO - 09/13/26 22:51:05 - 0:19:10 - Epoch 390: val_loss=0.7649060487747192, val_acc= 86.71%,val_weighted_f1= 86.43,val_macro_f1= 83.00%
EarlyStopping counter: 10 out of 15
INFO - 09/13/26 22:51:05 - 0:19:11 - Epoch 391: train_loss=0.012549400329589844, train_acc= 99.80%
INFO - 09/13/26 22:51:06 - 0:19:11 - Epoch 392: train_loss=0.014422482810914516, train_acc= 99.67%
INFO - 09/13/26 22:51:06 - 0:19:11 - Epoch 393: train_loss=0.013662323355674744, train_acc= 99.72%
INFO - 09/13/26 22:51:06 - 0:19:11 - Epoch 394: train_loss=0.012649226002395153, train_acc= 99.74%
INFO - 09/13/26 22:51:06 - 0:19:12 - Epoch 395: train_loss=0.013136168010532856, train_acc= 99.76%
INFO - 09/13/26 22:51:06 - 0:19:12 - Epoch 395: val_loss=0.7670783996582031, val_acc= 86.53%,val_weighted_f1= 86.26,val_macro_f1= 82.83%
EarlyStopping counter: 11 out of 15
INFO - 09/13/26 22:51:07 - 0:19:12 - Epoch 396: train_loss=0.012826829217374325, train_acc= 99.74%
INFO - 09/13/26 22:51:07 - 0:19:12 - Epoch 397: train_loss=0.01388067752122879, train_acc= 99.72%
INFO - 09/13/26 22:51:07 - 0:19:12 - Epoch 398: train_loss=0.010846050456166267, train_acc= 99.83%
INFO - 09/13/26 22:51:07 - 0:19:13 - Epoch 399: train_loss=0.010462936945259571, train_acc= 99.87%
INFO - 09/13/26 22:51:08 - 0:19:13 - Epoch 400: train_loss=0.011883212253451347, train_acc= 99.78%
INFO - 09/13/26 22:51:08 - 0:19:13 - Epoch 400: val_loss=0.7760820388793945, val_acc= 86.60%,val_weighted_f1= 86.31,val_macro_f1= 83.02%
EarlyStopping counter: 12 out of 15
INFO - 09/13/26 22:51:08 - 0:19:13 - Epoch 401: train_loss=0.012252671644091606, train_acc= 99.80%
INFO - 09/13/26 22:51:08 - 0:19:13 - Epoch 402: train_loss=0.011092892847955227, train_acc= 99.83%
INFO - 09/13/26 22:51:08 - 0:19:14 - Epoch 403: train_loss=0.011415735818445683, train_acc= 99.83%
INFO - 09/13/26 22:51:09 - 0:19:14 - Epoch 404: train_loss=0.012029135599732399, train_acc= 99.74%
INFO - 09/13/26 22:51:09 - 0:19:14 - Epoch 405: train_loss=0.010407485999166965, train_acc= 99.87%
INFO - 09/13/26 22:51:09 - 0:19:14 - Epoch 405: val_loss=0.7766042947769165, val_acc= 86.48%,val_weighted_f1= 86.15,val_macro_f1= 82.81%
EarlyStopping counter: 13 out of 15
INFO - 09/13/26 22:51:09 - 0:19:14 - Epoch 406: train_loss=0.010638384148478508, train_acc= 99.87%
INFO - 09/13/26 22:51:09 - 0:19:15 - Epoch 407: train_loss=0.01044855173677206, train_acc= 99.89%
INFO - 09/13/26 22:51:10 - 0:19:15 - Epoch 408: train_loss=0.012527858838438988, train_acc= 99.74%
INFO - 09/13/26 22:51:10 - 0:19:15 - Epoch 409: train_loss=0.010029544122517109, train_acc= 99.86%
INFO - 09/13/26 22:51:10 - 0:19:15 - Epoch 410: train_loss=0.011387529782950878, train_acc= 99.77%
INFO - 09/13/26 22:51:10 - 0:19:15 - Epoch 410: val_loss=0.7800942659378052, val_acc= 86.62%,val_weighted_f1= 86.29,val_macro_f1= 83.03%
EarlyStopping counter: 14 out of 15
INFO - 09/13/26 22:51:10 - 0:19:16 - Epoch 411: train_loss=0.010404716245830059, train_acc= 99.84%
INFO - 09/13/26 22:51:10 - 0:19:16 - Epoch 412: train_loss=0.010547290556132793, train_acc= 99.84%
INFO - 09/13/26 22:51:11 - 0:19:16 - Epoch 413: train_loss=0.009353728964924812, train_acc= 99.86%
INFO - 09/13/26 22:51:11 - 0:19:16 - Epoch 414: train_loss=0.010872899554669857, train_acc= 99.81%
INFO - 09/13/26 22:51:11 - 0:19:17 - Epoch 415: train_loss=0.01158404815942049, train_acc= 99.79%
INFO - 09/13/26 22:51:11 - 0:19:17 - Epoch 415: val_loss=0.7984023094177246, val_acc= 86.57%,val_weighted_f1= 86.20,val_macro_f1= 82.74%
EarlyStopping counter: 15 out of 15
---------Early stopping--------
INFO - 09/13/26 22:51:11 - 0:19:17 - --------------Testing--------------------
INFO - 09/13/26 22:51:11 - 0:19:17 - --------------Loading from ./checkpoints/NC_Roman-empire_model.pt--------------------
INFO - 09/13/26 22:51:11 - 0:19:17 - test_acc= 86.04%, weighted_f1= 85.81,macro_f1= 82.59%
INFO - 09/13/26 22:51:11 - 0:19:17 - test_acc= 86.04%, weighted_f1= 85.81,macro_f1= 82.59%
INFO - 09/13/26 22:51:11 - 0:19:17 - Best ACCs: [86.89, 86.76, 86.92, 87.26, 87.22, 87.65, 86.8, 86.36, 86.83, 86.04]
                                     Evaluation Acc is  86.87% ±  0.43%
                                     
[repro] exit_code=0
[repro] runtime_seconds=1161
[repro] finished_at=2026-09-13T22:51:12+08:00
