[repro] paper=gbn
[repro] started_at=2026-09-13T23:25:00+08:00
[repro] run_id=20260913_232459_official_WikiCS_r10_pid303922
[repro] repo_commit=72ad3692916ecc60f2c78d5bd01a55d7c6297a4f
[repro] env=dtgb cwd=/home/lab_user/project/lzc/repro/gbn
[repro] command=python main.py --task NC --dataset WikiCS
[repro] resource_cap_ratio=85 threads=17
[repro] python=3.10.20 torch=2.2.1+cu121 cuda=True gpu=NVIDIA GeForce RTX 3090
[cap] cores=17/20 CPUQuota=1700% MemoryMax=55139365888 cuda_fraction=0.85 mps=85 gpu_gov=1
Running as unit: run-p303993-i270264.scope; invocation ID: fe8288ff33014a898d3f3f8229b22259
Loading config file: ./configs/NC/WikiCS.json
Log path: ./logs//NC_WikiCS_NL3_HD512_DP0.2_ACTgelu_NORMln_BTrue_LRNC3e-05_LRT0.001.log
INFO - 09/13/26 23:25:04 - 0:00:00 - {'task': 'NC', 'dataset': 'WikiCS', 'root_path': './datasets', 'val_every': 5, 'exp_iters': 10, 'log_dir': './logs/', 'result_dir': './results/', 'task_model_path': 'NC_WikiCS_model.pt', 'checkpoints': './checkpoints/', 'add_self_loop': False, 'n_layers': 3, 'hid_dim': 512, 'embed_dim': 512, 'dropout': 0.2, 'act': 'gelu', 'input_act': 'gelu', 'norm': 'ln', 'bias': True, 'tau': 1.0, 'lr_nc': 3e-05, 'weight_decay_nc': 0, 'epochs_nc': 2000, 'patience_nc': 15, 'additional_layers': 0, 'distance_list': [50, 10, 5, 3], 'lr_trans': 0.001, 'weight_decay_trans': 0, 'epochs_trans': 2000, 'patience_trans': 10, 'use_gpu': True, 'gpu': 0, 'devices': '0', 'layer_wise': True, 'log_path': './logs//NC_WikiCS_NL3_HD512_DP0.2_ACTgelu_NORMln_BTrue_LRNC3e-05_LRT0.001.log', 'result_path': './results//NC_WikiCS.txt'}
INFO - 09/13/26 23:25:04 - 0:00:00 - --------------------------Training Start-------------------------
INFO - 09/13/26 23:25:05 - 0:00:01 - Epoch 0: train_loss=2.5459792613983154, train_acc= 2.81%
INFO - 09/13/26 23:25:05 - 0:00:01 - Epoch 0: val_loss=2.4425852298736572, val_acc= 3.38%,val_weighted_f1= 1.01,val_macro_f1= 2.52%
INFO - 09/13/26 23:25:05 - 0:00:01 - Epoch 1: train_loss=2.4523181915283203, train_acc= 3.25%
INFO - 09/13/26 23:25:05 - 0:00:01 - Epoch 2: train_loss=2.368819236755371, train_acc= 6.20%
INFO - 09/13/26 23:25:06 - 0:00:01 - Epoch 3: train_loss=2.2925806045532227, train_acc= 12.06%
INFO - 09/13/26 23:25:06 - 0:00:01 - Epoch 4: train_loss=2.234273672103882, train_acc= 18.29%
INFO - 09/13/26 23:25:06 - 0:00:02 - Epoch 5: train_loss=2.1846513748168945, train_acc= 21.55%
INFO - 09/13/26 23:25:06 - 0:00:02 - Epoch 5: val_loss=2.1211142539978027, val_acc= 28.33%,val_weighted_f1= 17.89,val_macro_f1= 9.35%
INFO - 09/13/26 23:25:06 - 0:00:02 - Epoch 6: train_loss=2.1419124603271484, train_acc= 24.53%
INFO - 09/13/26 23:25:07 - 0:00:02 - Epoch 7: train_loss=2.1105315685272217, train_acc= 25.10%
INFO - 09/13/26 23:25:07 - 0:00:02 - Epoch 8: train_loss=2.080904483795166, train_acc= 26.98%
INFO - 09/13/26 23:25:07 - 0:00:03 - Epoch 9: train_loss=2.0584042072296143, train_acc= 28.19%
INFO - 09/13/26 23:25:07 - 0:00:03 - Epoch 10: train_loss=2.040391683578491, train_acc= 28.96%
INFO - 09/13/26 23:25:07 - 0:00:03 - Epoch 10: val_loss=2.0143508911132812, val_acc= 31.24%,val_weighted_f1= 18.45,val_macro_f1= 8.84%
INFO - 09/13/26 23:25:07 - 0:00:03 - Epoch 11: train_loss=2.025667905807495, train_acc= 29.07%
INFO - 09/13/26 23:25:08 - 0:00:03 - Epoch 12: train_loss=2.0167672634124756, train_acc= 29.33%
INFO - 09/13/26 23:25:08 - 0:00:03 - Epoch 13: train_loss=2.002112865447998, train_acc= 30.28%
INFO - 09/13/26 23:25:08 - 0:00:04 - Epoch 14: train_loss=1.9940065145492554, train_acc= 30.51%
INFO - 09/13/26 23:25:08 - 0:00:04 - Epoch 15: train_loss=1.9860502481460571, train_acc= 31.43%
INFO - 09/13/26 23:25:08 - 0:00:04 - Epoch 15: val_loss=1.969691276550293, val_acc= 32.09%,val_weighted_f1= 20.41,val_macro_f1= 10.04%
INFO - 09/13/26 23:25:09 - 0:00:04 - Epoch 16: train_loss=1.9742445945739746, train_acc= 32.32%
INFO - 09/13/26 23:25:09 - 0:00:04 - Epoch 17: train_loss=1.9660040140151978, train_acc= 32.89%
INFO - 09/13/26 23:25:09 - 0:00:04 - Epoch 18: train_loss=1.9576606750488281, train_acc= 33.51%
INFO - 09/13/26 23:25:09 - 0:00:05 - Epoch 19: train_loss=1.9466782808303833, train_acc= 34.44%
INFO - 09/13/26 23:25:09 - 0:00:05 - Epoch 20: train_loss=1.9427180290222168, train_acc= 34.21%
INFO - 09/13/26 23:25:09 - 0:00:05 - Epoch 20: val_loss=1.9222650527954102, val_acc= 34.87%,val_weighted_f1= 25.48,val_macro_f1= 13.54%
INFO - 09/13/26 23:25:10 - 0:00:05 - Epoch 21: train_loss=1.9294098615646362, train_acc= 35.02%
INFO - 09/13/26 23:25:10 - 0:00:05 - Epoch 22: train_loss=1.9169354438781738, train_acc= 35.74%
INFO - 09/13/26 23:25:10 - 0:00:06 - Epoch 23: train_loss=1.907619833946228, train_acc= 36.31%
INFO - 09/13/26 23:25:10 - 0:00:06 - Epoch 24: train_loss=1.899214506149292, train_acc= 35.69%
INFO - 09/13/26 23:25:10 - 0:00:06 - Epoch 25: train_loss=1.888749361038208, train_acc= 37.12%
INFO - 09/13/26 23:25:10 - 0:00:06 - Epoch 25: val_loss=1.8654426336288452, val_acc= 39.19%,val_weighted_f1= 30.81,val_macro_f1= 16.65%
INFO - 09/13/26 23:25:11 - 0:00:06 - Epoch 26: train_loss=1.876884937286377, train_acc= 37.36%
INFO - 09/13/26 23:25:11 - 0:00:06 - Epoch 27: train_loss=1.870997667312622, train_acc= 37.79%
INFO - 09/13/26 23:25:11 - 0:00:07 - Epoch 28: train_loss=1.8595744371414185, train_acc= 38.80%
INFO - 09/13/26 23:25:11 - 0:00:07 - Epoch 29: train_loss=1.8497694730758667, train_acc= 39.32%
INFO - 09/13/26 23:25:11 - 0:00:07 - Epoch 30: train_loss=1.8383142948150635, train_acc= 40.19%
INFO - 09/13/26 23:25:12 - 0:00:07 - Epoch 30: val_loss=1.8075975179672241, val_acc= 43.59%,val_weighted_f1= 35.19,val_macro_f1= 19.31%
INFO - 09/13/26 23:25:12 - 0:00:07 - Epoch 31: train_loss=1.8280972242355347, train_acc= 40.73%
INFO - 09/13/26 23:25:12 - 0:00:08 - Epoch 32: train_loss=1.818189024925232, train_acc= 41.56%
INFO - 09/13/26 23:25:12 - 0:00:08 - Epoch 33: train_loss=1.8022481203079224, train_acc= 42.43%
INFO - 09/13/26 23:25:12 - 0:00:08 - Epoch 34: train_loss=1.7917211055755615, train_acc= 43.24%
INFO - 09/13/26 23:25:13 - 0:00:08 - Epoch 35: train_loss=1.7803393602371216, train_acc= 44.30%
INFO - 09/13/26 23:25:13 - 0:00:08 - Epoch 35: val_loss=1.7468112707138062, val_acc= 48.50%,val_weighted_f1= 40.08,val_macro_f1= 22.54%
INFO - 09/13/26 23:25:13 - 0:00:08 - Epoch 36: train_loss=1.7685657739639282, train_acc= 44.65%
INFO - 09/13/26 23:25:13 - 0:00:09 - Epoch 37: train_loss=1.757217288017273, train_acc= 45.96%
INFO - 09/13/26 23:25:13 - 0:00:09 - Epoch 38: train_loss=1.7425987720489502, train_acc= 46.66%
INFO - 09/13/26 23:25:13 - 0:00:09 - Epoch 39: train_loss=1.7308343648910522, train_acc= 47.19%
INFO - 09/13/26 23:25:14 - 0:00:09 - Epoch 40: train_loss=1.7207704782485962, train_acc= 48.68%
INFO - 09/13/26 23:25:14 - 0:00:09 - Epoch 40: val_loss=1.6821221113204956, val_acc= 51.71%,val_weighted_f1= 43.06,val_macro_f1= 24.57%
INFO - 09/13/26 23:25:14 - 0:00:09 - Epoch 41: train_loss=1.7093194723129272, train_acc= 48.44%
INFO - 09/13/26 23:25:14 - 0:00:10 - Epoch 42: train_loss=1.6906062364578247, train_acc= 49.61%
INFO - 09/13/26 23:25:14 - 0:00:10 - Epoch 43: train_loss=1.6816954612731934, train_acc= 49.85%
INFO - 09/13/26 23:25:14 - 0:00:10 - Epoch 44: train_loss=1.6692924499511719, train_acc= 50.96%
INFO - 09/13/26 23:25:15 - 0:00:10 - Epoch 45: train_loss=1.6542879343032837, train_acc= 51.30%
INFO - 09/13/26 23:25:15 - 0:00:10 - Epoch 45: val_loss=1.6122115850448608, val_acc= 53.89%,val_weighted_f1= 44.85,val_macro_f1= 25.71%
INFO - 09/13/26 23:25:15 - 0:00:11 - Epoch 46: train_loss=1.6376349925994873, train_acc= 51.56%
INFO - 09/13/26 23:25:15 - 0:00:11 - Epoch 47: train_loss=1.626520037651062, train_acc= 52.00%
INFO - 09/13/26 23:25:15 - 0:00:11 - Epoch 48: train_loss=1.6112070083618164, train_acc= 52.56%
INFO - 09/13/26 23:25:16 - 0:00:11 - Epoch 49: train_loss=1.599914312362671, train_acc= 52.26%
INFO - 09/13/26 23:25:16 - 0:00:11 - Epoch 50: train_loss=1.5855319499969482, train_acc= 52.66%
INFO - 09/13/26 23:25:16 - 0:00:11 - Epoch 50: val_loss=1.5357962846755981, val_acc= 55.04%,val_weighted_f1= 45.77,val_macro_f1= 26.33%
INFO - 09/13/26 23:25:16 - 0:00:12 - Epoch 51: train_loss=1.5678654909133911, train_acc= 53.27%
INFO - 09/13/26 23:25:16 - 0:00:12 - Epoch 52: train_loss=1.5582406520843506, train_acc= 53.04%
INFO - 09/13/26 23:25:16 - 0:00:12 - Epoch 53: train_loss=1.539149522781372, train_acc= 53.65%
INFO - 09/13/26 23:25:17 - 0:00:12 - Epoch 54: train_loss=1.522348165512085, train_acc= 54.35%
INFO - 09/13/26 23:25:17 - 0:00:12 - Epoch 55: train_loss=1.5083645582199097, train_acc= 54.48%
INFO - 09/13/26 23:25:17 - 0:00:13 - Epoch 55: val_loss=1.4555611610412598, val_acc= 56.03%,val_weighted_f1= 46.90,val_macro_f1= 27.37%
INFO - 09/13/26 23:25:17 - 0:00:13 - Epoch 56: train_loss=1.4932233095169067, train_acc= 55.29%
INFO - 09/13/26 23:25:17 - 0:00:13 - Epoch 57: train_loss=1.4786958694458008, train_acc= 54.76%
INFO - 09/13/26 23:25:18 - 0:00:13 - Epoch 58: train_loss=1.4615442752838135, train_acc= 55.78%
INFO - 09/13/26 23:25:18 - 0:00:13 - Epoch 59: train_loss=1.4486099481582642, train_acc= 55.49%
INFO - 09/13/26 23:25:18 - 0:00:13 - Epoch 60: train_loss=1.429474115371704, train_acc= 56.22%
INFO - 09/13/26 23:25:18 - 0:00:14 - Epoch 60: val_loss=1.3759183883666992, val_acc= 57.09%,val_weighted_f1= 48.47,val_macro_f1= 29.33%
INFO - 09/13/26 23:25:18 - 0:00:14 - Epoch 61: train_loss=1.4195349216461182, train_acc= 56.06%
INFO - 09/13/26 23:25:18 - 0:00:14 - Epoch 62: train_loss=1.4044218063354492, train_acc= 56.16%
INFO - 09/13/26 23:25:19 - 0:00:14 - Epoch 63: train_loss=1.3906725645065308, train_acc= 56.27%
INFO - 09/13/26 23:25:19 - 0:00:14 - Epoch 64: train_loss=1.3747189044952393, train_acc= 57.09%
INFO - 09/13/26 23:25:19 - 0:00:15 - Epoch 65: train_loss=1.3591482639312744, train_acc= 57.46%
INFO - 09/13/26 23:25:19 - 0:00:15 - Epoch 65: val_loss=1.3000836372375488, val_acc= 58.12%,val_weighted_f1= 49.66,val_macro_f1= 30.48%
INFO - 09/13/26 23:25:19 - 0:00:15 - Epoch 66: train_loss=1.3427784442901611, train_acc= 57.71%
INFO - 09/13/26 23:25:20 - 0:00:15 - Epoch 67: train_loss=1.3273426294326782, train_acc= 57.73%
INFO - 09/13/26 23:25:20 - 0:00:15 - Epoch 68: train_loss=1.3161945343017578, train_acc= 58.28%
INFO - 09/13/26 23:25:20 - 0:00:15 - Epoch 69: train_loss=1.30203378200531, train_acc= 58.91%
INFO - 09/13/26 23:25:20 - 0:00:16 - Epoch 70: train_loss=1.2860589027404785, train_acc= 59.11%
INFO - 09/13/26 23:25:20 - 0:00:16 - Epoch 70: val_loss=1.2288628816604614, val_acc= 59.57%,val_weighted_f1= 51.70,val_macro_f1= 32.62%
INFO - 09/13/26 23:25:20 - 0:00:16 - Epoch 71: train_loss=1.2727372646331787, train_acc= 59.51%
INFO - 09/13/26 23:25:21 - 0:00:16 - Epoch 72: train_loss=1.2608363628387451, train_acc= 59.81%
INFO - 09/13/26 23:25:21 - 0:00:16 - Epoch 73: train_loss=1.250465989112854, train_acc= 59.72%
INFO - 09/13/26 23:25:21 - 0:00:17 - Epoch 74: train_loss=1.2377218008041382, train_acc= 60.77%
INFO - 09/13/26 23:25:21 - 0:00:17 - Epoch 75: train_loss=1.2173389196395874, train_acc= 60.87%
INFO - 09/13/26 23:25:21 - 0:00:17 - Epoch 75: val_loss=1.1633187532424927, val_acc= 61.07%,val_weighted_f1= 54.20,val_macro_f1= 35.80%
INFO - 09/13/26 23:25:22 - 0:00:17 - Epoch 76: train_loss=1.2119638919830322, train_acc= 61.40%
INFO - 09/13/26 23:25:22 - 0:00:17 - Epoch 77: train_loss=1.1969295740127563, train_acc= 61.43%
INFO - 09/13/26 23:25:22 - 0:00:17 - Epoch 78: train_loss=1.186733365058899, train_acc= 61.56%
INFO - 09/13/26 23:25:22 - 0:00:18 - Epoch 79: train_loss=1.169050693511963, train_acc= 62.85%
INFO - 09/13/26 23:25:22 - 0:00:18 - Epoch 80: train_loss=1.16365647315979, train_acc= 62.70%
INFO - 09/13/26 23:25:22 - 0:00:18 - Epoch 80: val_loss=1.104560375213623, val_acc= 63.33%,val_weighted_f1= 57.50,val_macro_f1= 39.64%
INFO - 09/13/26 23:25:23 - 0:00:18 - Epoch 81: train_loss=1.151373028755188, train_acc= 63.28%
INFO - 09/13/26 23:25:23 - 0:00:18 - Epoch 82: train_loss=1.1405092477798462, train_acc= 63.35%
INFO - 09/13/26 23:25:23 - 0:00:18 - Epoch 83: train_loss=1.126047968864441, train_acc= 63.99%
INFO - 09/13/26 23:25:23 - 0:00:19 - Epoch 84: train_loss=1.1191726922988892, train_acc= 64.21%
INFO - 09/13/26 23:25:23 - 0:00:19 - Epoch 85: train_loss=1.1000176668167114, train_acc= 65.16%
INFO - 09/13/26 23:25:23 - 0:00:19 - Epoch 85: val_loss=1.0499364137649536, val_acc= 65.64%,val_weighted_f1= 61.01,val_macro_f1= 44.52%
INFO - 09/13/26 23:25:24 - 0:00:19 - Epoch 86: train_loss=1.096564531326294, train_acc= 65.02%
INFO - 09/13/26 23:25:24 - 0:00:19 - Epoch 87: train_loss=1.0838708877563477, train_acc= 65.35%
INFO - 09/13/26 23:25:24 - 0:00:20 - Epoch 88: train_loss=1.0697205066680908, train_acc= 66.09%
INFO - 09/13/26 23:25:24 - 0:00:20 - Epoch 89: train_loss=1.066068410873413, train_acc= 65.75%
INFO - 09/13/26 23:25:24 - 0:00:20 - Epoch 90: train_loss=1.0564507246017456, train_acc= 66.66%
INFO - 09/13/26 23:25:25 - 0:00:20 - Epoch 90: val_loss=0.9996358752250671, val_acc= 67.39%,val_weighted_f1= 63.51,val_macro_f1= 48.08%
INFO - 09/13/26 23:25:25 - 0:00:20 - Epoch 91: train_loss=1.039581537246704, train_acc= 66.97%
INFO - 09/13/26 23:25:25 - 0:00:20 - Epoch 92: train_loss=1.0337436199188232, train_acc= 66.61%
INFO - 09/13/26 23:25:25 - 0:00:21 - Epoch 93: train_loss=1.022249460220337, train_acc= 67.27%
INFO - 09/13/26 23:25:25 - 0:00:21 - Epoch 94: train_loss=1.0138399600982666, train_acc= 67.54%
INFO - 09/13/26 23:25:26 - 0:00:21 - Epoch 95: train_loss=1.0090155601501465, train_acc= 67.43%
INFO - 09/13/26 23:25:26 - 0:00:21 - Epoch 95: val_loss=0.9537804126739502, val_acc= 68.80%,val_weighted_f1= 65.47,val_macro_f1= 50.79%
INFO - 09/13/26 23:25:26 - 0:00:21 - Epoch 96: train_loss=1.001189112663269, train_acc= 67.98%
INFO - 09/13/26 23:25:26 - 0:00:22 - Epoch 97: train_loss=0.9936761856079102, train_acc= 68.25%
INFO - 09/13/26 23:25:26 - 0:00:22 - Epoch 98: train_loss=0.9835227727890015, train_acc= 68.44%
INFO - 09/13/26 23:25:26 - 0:00:22 - Epoch 99: train_loss=0.9739084839820862, train_acc= 69.06%
INFO - 09/13/26 23:25:27 - 0:00:22 - Epoch 100: train_loss=0.9583960771560669, train_acc= 69.86%
INFO - 09/13/26 23:25:27 - 0:00:22 - Epoch 100: val_loss=0.9118938446044922, val_acc= 69.62%,val_weighted_f1= 66.79,val_macro_f1= 53.14%
INFO - 09/13/26 23:25:27 - 0:00:22 - Epoch 101: train_loss=0.9581125378608704, train_acc= 69.16%
INFO - 09/13/26 23:25:27 - 0:00:23 - Epoch 102: train_loss=0.9497483968734741, train_acc= 69.46%
INFO - 09/13/26 23:25:27 - 0:00:23 - Epoch 103: train_loss=0.934677004814148, train_acc= 69.95%
INFO - 09/13/26 23:25:28 - 0:00:23 - Epoch 104: train_loss=0.935935914516449, train_acc= 70.32%
INFO - 09/13/26 23:25:28 - 0:00:23 - Epoch 105: train_loss=0.926225483417511, train_acc= 70.32%
INFO - 09/13/26 23:25:28 - 0:00:23 - Epoch 105: val_loss=0.875293493270874, val_acc= 71.32%,val_weighted_f1= 69.08,val_macro_f1= 56.85%
INFO - 09/13/26 23:25:28 - 0:00:23 - Epoch 106: train_loss=0.9191374778747559, train_acc= 70.73%
INFO - 09/13/26 23:25:28 - 0:00:24 - Epoch 107: train_loss=0.903355598449707, train_acc= 71.13%
INFO - 09/13/26 23:25:28 - 0:00:24 - Epoch 108: train_loss=0.9057524800300598, train_acc= 70.82%
INFO - 09/13/26 23:25:29 - 0:00:24 - Epoch 109: train_loss=0.8964588046073914, train_acc= 71.33%
INFO - 09/13/26 23:25:29 - 0:00:24 - Epoch 110: train_loss=0.8918085098266602, train_acc= 71.47%
INFO - 09/13/26 23:25:29 - 0:00:24 - Epoch 110: val_loss=0.8397549390792847, val_acc= 72.52%,val_weighted_f1= 70.86,val_macro_f1= 60.29%
INFO - 09/13/26 23:25:29 - 0:00:25 - Epoch 111: train_loss=0.883710503578186, train_acc= 71.54%
INFO - 09/13/26 23:25:29 - 0:00:25 - Epoch 112: train_loss=0.8708396553993225, train_acc= 71.88%
INFO - 09/13/26 23:25:29 - 0:00:25 - Epoch 113: train_loss=0.8659197092056274, train_acc= 72.27%
INFO - 09/13/26 23:25:30 - 0:00:25 - Epoch 114: train_loss=0.8562602400779724, train_acc= 72.95%
INFO - 09/13/26 23:25:30 - 0:00:25 - Epoch 115: train_loss=0.8598312735557556, train_acc= 72.11%
INFO - 09/13/26 23:25:30 - 0:00:25 - Epoch 115: val_loss=0.8099700808525085, val_acc= 73.55%,val_weighted_f1= 72.27,val_macro_f1= 62.80%
INFO - 09/13/26 23:25:30 - 0:00:26 - Epoch 116: train_loss=0.8452703952789307, train_acc= 72.65%
INFO - 09/13/26 23:25:30 - 0:00:26 - Epoch 117: train_loss=0.8392426371574402, train_acc= 73.05%
INFO - 09/13/26 23:25:31 - 0:00:26 - Epoch 118: train_loss=0.8354370594024658, train_acc= 73.54%
INFO - 09/13/26 23:25:31 - 0:00:26 - Epoch 119: train_loss=0.8306503295898438, train_acc= 73.52%
INFO - 09/13/26 23:25:31 - 0:00:26 - Epoch 120: train_loss=0.8249197006225586, train_acc= 73.48%
INFO - 09/13/26 23:25:31 - 0:00:26 - Epoch 120: val_loss=0.7824245691299438, val_acc= 74.53%,val_weighted_f1= 73.63,val_macro_f1= 65.62%
INFO - 09/13/26 23:25:31 - 0:00:27 - Epoch 121: train_loss=0.8132320642471313, train_acc= 74.01%
INFO - 09/13/26 23:25:31 - 0:00:27 - Epoch 122: train_loss=0.8138792514801025, train_acc= 74.22%
INFO - 09/13/26 23:25:32 - 0:00:27 - Epoch 123: train_loss=0.8098862767219543, train_acc= 73.91%
INFO - 09/13/26 23:25:32 - 0:00:27 - Epoch 124: train_loss=0.7975321412086487, train_acc= 74.22%
INFO - 09/13/26 23:25:32 - 0:00:27 - Epoch 125: train_loss=0.7922716736793518, train_acc= 74.80%
INFO - 09/13/26 23:25:32 - 0:00:28 - Epoch 125: val_loss=0.7574849128723145, val_acc= 75.77%,val_weighted_f1= 75.22,val_macro_f1= 69.16%
INFO - 09/13/26 23:25:32 - 0:00:28 - Epoch 126: train_loss=0.7889275550842285, train_acc= 74.66%
INFO - 09/13/26 23:25:32 - 0:00:28 - Epoch 127: train_loss=0.7946901917457581, train_acc= 74.53%
INFO - 09/13/26 23:25:33 - 0:00:28 - Epoch 128: train_loss=0.778747022151947, train_acc= 75.29%
INFO - 09/13/26 23:25:33 - 0:00:28 - Epoch 129: train_loss=0.7755253911018372, train_acc= 74.90%
INFO - 09/13/26 23:25:33 - 0:00:29 - Epoch 130: train_loss=0.7768495678901672, train_acc= 75.02%
INFO - 09/13/26 23:25:33 - 0:00:29 - Epoch 130: val_loss=0.7350600957870483, val_acc= 76.28%,val_weighted_f1= 75.89,val_macro_f1= 70.59%
INFO - 09/13/26 23:25:33 - 0:00:29 - Epoch 131: train_loss=0.7617103457450867, train_acc= 75.57%
INFO - 09/13/26 23:25:34 - 0:00:29 - Epoch 132: train_loss=0.757583498954773, train_acc= 75.83%
INFO - 09/13/26 23:25:34 - 0:00:29 - Epoch 133: train_loss=0.7623292207717896, train_acc= 75.69%
INFO - 09/13/26 23:25:34 - 0:00:29 - Epoch 134: train_loss=0.7544851899147034, train_acc= 76.30%
INFO - 09/13/26 23:25:34 - 0:00:30 - Epoch 135: train_loss=0.7498107552528381, train_acc= 76.00%
INFO - 09/13/26 23:25:34 - 0:00:30 - Epoch 135: val_loss=0.7160173058509827, val_acc= 77.01%,val_weighted_f1= 76.66,val_macro_f1= 72.03%
INFO - 09/13/26 23:25:34 - 0:00:30 - Epoch 136: train_loss=0.7430894374847412, train_acc= 75.83%
INFO - 09/13/26 23:25:35 - 0:00:30 - Epoch 137: train_loss=0.743149995803833, train_acc= 76.17%
INFO - 09/13/26 23:25:35 - 0:00:30 - Epoch 138: train_loss=0.7381685376167297, train_acc= 76.37%
INFO - 09/13/26 23:25:35 - 0:00:31 - Epoch 139: train_loss=0.7342417240142822, train_acc= 76.44%
INFO - 09/13/26 23:25:35 - 0:00:31 - Epoch 140: train_loss=0.7278627753257751, train_acc= 76.64%
INFO - 09/13/26 23:25:35 - 0:00:31 - Epoch 140: val_loss=0.6992241740226746, val_acc= 77.18%,val_weighted_f1= 76.90,val_macro_f1= 72.37%
INFO - 09/13/26 23:25:36 - 0:00:31 - Epoch 141: train_loss=0.723272442817688, train_acc= 77.47%
INFO - 09/13/26 23:25:36 - 0:00:31 - Epoch 142: train_loss=0.7204514145851135, train_acc= 76.57%
INFO - 09/13/26 23:25:36 - 0:00:31 - Epoch 143: train_loss=0.7189856171607971, train_acc= 76.88%
INFO - 09/13/26 23:25:36 - 0:00:32 - Epoch 144: train_loss=0.7143333554267883, train_acc= 77.48%
INFO - 09/13/26 23:25:36 - 0:00:32 - Epoch 145: train_loss=0.7106856107711792, train_acc= 77.27%
INFO - 09/13/26 23:25:36 - 0:00:32 - Epoch 145: val_loss=0.6854325532913208, val_acc= 77.78%,val_weighted_f1= 77.53,val_macro_f1= 73.15%
INFO - 09/13/26 23:25:37 - 0:00:32 - Epoch 146: train_loss=0.7075445055961609, train_acc= 77.35%
INFO - 09/13/26 23:25:37 - 0:00:32 - Epoch 147: train_loss=0.7064793109893799, train_acc= 76.95%
INFO - 09/13/26 23:25:37 - 0:00:32 - Epoch 148: train_loss=0.7018972635269165, train_acc= 77.68%
INFO - 09/13/26 23:25:37 - 0:00:33 - Epoch 149: train_loss=0.6955957412719727, train_acc= 77.48%
INFO - 09/13/26 23:25:37 - 0:00:33 - Epoch 150: train_loss=0.6941170692443848, train_acc= 77.98%
INFO - 09/13/26 23:25:37 - 0:00:33 - Epoch 150: val_loss=0.672476589679718, val_acc= 78.29%,val_weighted_f1= 78.10,val_macro_f1= 74.04%
INFO - 09/13/26 23:25:38 - 0:00:33 - Epoch 151: train_loss=0.693878173828125, train_acc= 77.58%
INFO - 09/13/26 23:25:38 - 0:00:33 - Epoch 152: train_loss=0.6854531168937683, train_acc= 78.29%
INFO - 09/13/26 23:25:38 - 0:00:34 - Epoch 153: train_loss=0.6922910213470459, train_acc= 77.80%
INFO - 09/13/26 23:25:38 - 0:00:34 - Epoch 154: train_loss=0.6807571053504944, train_acc= 77.98%
INFO - 09/13/26 23:25:38 - 0:00:34 - Epoch 155: train_loss=0.6807462573051453, train_acc= 78.27%
INFO - 09/13/26 23:25:39 - 0:00:34 - Epoch 155: val_loss=0.6600632071495056, val_acc= 78.63%,val_weighted_f1= 78.47,val_macro_f1= 74.67%
INFO - 09/13/26 23:25:39 - 0:00:34 - Epoch 156: train_loss=0.6745322346687317, train_acc= 78.15%
INFO - 09/13/26 23:25:39 - 0:00:34 - Epoch 157: train_loss=0.6737793684005737, train_acc= 78.09%
INFO - 09/13/26 23:25:39 - 0:00:35 - Epoch 158: train_loss=0.6617574691772461, train_acc= 78.93%
INFO - 09/13/26 23:25:39 - 0:00:35 - Epoch 159: train_loss=0.672324538230896, train_acc= 78.29%
INFO - 09/13/26 23:25:40 - 0:00:35 - Epoch 160: train_loss=0.6627587676048279, train_acc= 78.61%
INFO - 09/13/26 23:25:40 - 0:00:35 - Epoch 160: val_loss=0.6522567272186279, val_acc= 78.93%,val_weighted_f1= 78.75,val_macro_f1= 75.08%
INFO - 09/13/26 23:25:40 - 0:00:35 - Epoch 161: train_loss=0.6616854071617126, train_acc= 78.25%
INFO - 09/13/26 23:25:40 - 0:00:35 - Epoch 162: train_loss=0.6590074896812439, train_acc= 78.82%
INFO - 09/13/26 23:25:40 - 0:00:36 - Epoch 163: train_loss=0.6567548513412476, train_acc= 79.05%
INFO - 09/13/26 23:25:40 - 0:00:36 - Epoch 164: train_loss=0.6604316234588623, train_acc= 78.98%
INFO - 09/13/26 23:25:41 - 0:00:36 - Epoch 165: train_loss=0.6558759212493896, train_acc= 79.06%
INFO - 09/13/26 23:25:41 - 0:00:36 - Epoch 165: val_loss=0.6430783271789551, val_acc= 79.40%,val_weighted_f1= 79.27,val_macro_f1= 75.63%
INFO - 09/13/26 23:25:41 - 0:00:36 - Epoch 166: train_loss=0.6524395942687988, train_acc= 78.86%
INFO - 09/13/26 23:25:41 - 0:00:37 - Epoch 167: train_loss=0.6489517688751221, train_acc= 78.79%
INFO - 09/13/26 23:25:41 - 0:00:37 - Epoch 168: train_loss=0.6423314213752747, train_acc= 79.75%
INFO - 09/13/26 23:25:41 - 0:00:37 - Epoch 169: train_loss=0.6457980871200562, train_acc= 79.48%
INFO - 09/13/26 23:25:42 - 0:00:37 - Epoch 170: train_loss=0.6418747305870056, train_acc= 79.22%
INFO - 09/13/26 23:25:42 - 0:00:37 - Epoch 170: val_loss=0.6336455941200256, val_acc= 79.40%,val_weighted_f1= 79.28,val_macro_f1= 75.80%
INFO - 09/13/26 23:25:42 - 0:00:37 - Epoch 171: train_loss=0.6413077712059021, train_acc= 78.92%
INFO - 09/13/26 23:25:42 - 0:00:38 - Epoch 172: train_loss=0.6365488767623901, train_acc= 79.22%
INFO - 09/13/26 23:25:42 - 0:00:38 - Epoch 173: train_loss=0.6350630521774292, train_acc= 79.38%
INFO - 09/13/26 23:25:43 - 0:00:38 - Epoch 174: train_loss=0.634462833404541, train_acc= 79.28%
INFO - 09/13/26 23:25:43 - 0:00:38 - Epoch 175: train_loss=0.6300650835037231, train_acc= 79.42%
INFO - 09/13/26 23:25:43 - 0:00:38 - Epoch 175: val_loss=0.6267417669296265, val_acc= 79.66%,val_weighted_f1= 79.53,val_macro_f1= 76.11%
INFO - 09/13/26 23:25:43 - 0:00:39 - Epoch 176: train_loss=0.6288837194442749, train_acc= 79.29%
INFO - 09/13/26 23:25:43 - 0:00:39 - Epoch 177: train_loss=0.6263554692268372, train_acc= 79.38%
INFO - 09/13/26 23:25:43 - 0:00:39 - Epoch 178: train_loss=0.6214579343795776, train_acc= 79.73%
INFO - 09/13/26 23:25:44 - 0:00:39 - Epoch 179: train_loss=0.6244379281997681, train_acc= 79.70%
INFO - 09/13/26 23:25:44 - 0:00:39 - Epoch 180: train_loss=0.6185646057128906, train_acc= 80.00%
INFO - 09/13/26 23:25:44 - 0:00:39 - Epoch 180: val_loss=0.619289755821228, val_acc= 80.13%,val_weighted_f1= 80.02,val_macro_f1= 76.63%
INFO - 09/13/26 23:25:44 - 0:00:40 - Epoch 181: train_loss=0.6178078651428223, train_acc= 79.60%
INFO - 09/13/26 23:25:44 - 0:00:40 - Epoch 182: train_loss=0.6186529994010925, train_acc= 79.49%
INFO - 09/13/26 23:25:45 - 0:00:40 - Epoch 183: train_loss=0.6162323355674744, train_acc= 80.03%
INFO - 09/13/26 23:25:45 - 0:00:40 - Epoch 184: train_loss=0.6121490001678467, train_acc= 80.06%
INFO - 09/13/26 23:25:45 - 0:00:40 - Epoch 185: train_loss=0.612837553024292, train_acc= 80.12%
INFO - 09/13/26 23:25:45 - 0:00:41 - Epoch 185: val_loss=0.6134601831436157, val_acc= 80.26%,val_weighted_f1= 80.15,val_macro_f1= 76.62%
INFO - 09/13/26 23:25:45 - 0:00:41 - Epoch 186: train_loss=0.6100066304206848, train_acc= 80.23%
INFO - 09/13/26 23:25:45 - 0:00:41 - Epoch 187: train_loss=0.6092837452888489, train_acc= 79.89%
INFO - 09/13/26 23:25:46 - 0:00:41 - Epoch 188: train_loss=0.6113146543502808, train_acc= 80.36%
INFO - 09/13/26 23:25:46 - 0:00:41 - Epoch 189: train_loss=0.6014935970306396, train_acc= 80.32%
INFO - 09/13/26 23:25:46 - 0:00:42 - Epoch 190: train_loss=0.6012033820152283, train_acc= 79.99%
INFO - 09/13/26 23:25:46 - 0:00:42 - Epoch 190: val_loss=0.6079658269882202, val_acc= 80.56%,val_weighted_f1= 80.50,val_macro_f1= 77.11%
INFO - 09/13/26 23:25:46 - 0:00:42 - Epoch 191: train_loss=0.5992274880409241, train_acc= 80.30%
INFO - 09/13/26 23:25:46 - 0:00:42 - Epoch 192: train_loss=0.5979503393173218, train_acc= 80.39%
INFO - 09/13/26 23:25:47 - 0:00:42 - Epoch 193: train_loss=0.5926854014396667, train_acc= 80.47%
INFO - 09/13/26 23:25:47 - 0:00:42 - Epoch 194: train_loss=0.5965520143508911, train_acc= 80.32%
INFO - 09/13/26 23:25:47 - 0:00:43 - Epoch 195: train_loss=0.5919502377510071, train_acc= 80.59%
INFO - 09/13/26 23:25:47 - 0:00:43 - Epoch 195: val_loss=0.6027114391326904, val_acc= 80.90%,val_weighted_f1= 80.81,val_macro_f1= 77.36%
INFO - 09/13/26 23:25:47 - 0:00:43 - Epoch 196: train_loss=0.5957621932029724, train_acc= 80.53%
INFO - 09/13/26 23:25:48 - 0:00:43 - Epoch 197: train_loss=0.5918024182319641, train_acc= 80.52%
INFO - 09/13/26 23:25:48 - 0:00:43 - Epoch 198: train_loss=0.5883774161338806, train_acc= 80.50%
INFO - 09/13/26 23:25:48 - 0:00:44 - Epoch 199: train_loss=0.5841678380966187, train_acc= 81.03%
INFO - 09/13/26 23:25:48 - 0:00:44 - Epoch 200: train_loss=0.5878360271453857, train_acc= 80.97%
INFO - 09/13/26 23:25:48 - 0:00:44 - Epoch 200: val_loss=0.5986945629119873, val_acc= 80.81%,val_weighted_f1= 80.77,val_macro_f1= 77.37%
EarlyStopping counter: 1 out of 15
INFO - 09/13/26 23:25:48 - 0:00:44 - Epoch 201: train_loss=0.5870509147644043, train_acc= 81.01%
INFO - 09/13/26 23:25:49 - 0:00:44 - Epoch 202: train_loss=0.5816342830657959, train_acc= 81.00%
INFO - 09/13/26 23:25:49 - 0:00:44 - Epoch 203: train_loss=0.5775995254516602, train_acc= 81.16%
INFO - 09/13/26 23:25:49 - 0:00:45 - Epoch 204: train_loss=0.5819204449653625, train_acc= 80.71%
INFO - 09/13/26 23:25:49 - 0:00:45 - Epoch 205: train_loss=0.5861325860023499, train_acc= 80.74%
INFO - 09/13/26 23:25:49 - 0:00:45 - Epoch 205: val_loss=0.5926134586334229, val_acc= 81.11%,val_weighted_f1= 81.07,val_macro_f1= 77.68%
INFO - 09/13/26 23:25:49 - 0:00:45 - Epoch 206: train_loss=0.5787851810455322, train_acc= 81.01%
INFO - 09/13/26 23:25:50 - 0:00:45 - Epoch 207: train_loss=0.573294997215271, train_acc= 81.44%
INFO - 09/13/26 23:25:50 - 0:00:45 - Epoch 208: train_loss=0.5767512321472168, train_acc= 80.97%
INFO - 09/13/26 23:25:50 - 0:00:46 - Epoch 209: train_loss=0.5777302384376526, train_acc= 80.84%
INFO - 09/13/26 23:25:50 - 0:00:46 - Epoch 210: train_loss=0.5815006494522095, train_acc= 81.04%
INFO - 09/13/26 23:25:50 - 0:00:46 - Epoch 210: val_loss=0.5916277170181274, val_acc= 81.37%,val_weighted_f1= 81.31,val_macro_f1= 78.32%
INFO - 09/13/26 23:25:51 - 0:00:46 - Epoch 211: train_loss=0.5738691687583923, train_acc= 81.07%
INFO - 09/13/26 23:25:51 - 0:00:46 - Epoch 212: train_loss=0.5708901882171631, train_acc= 81.51%
INFO - 09/13/26 23:25:51 - 0:00:47 - Epoch 213: train_loss=0.5663925409317017, train_acc= 81.33%
INFO - 09/13/26 23:25:51 - 0:00:47 - Epoch 214: train_loss=0.5719166994094849, train_acc= 81.30%
INFO - 09/13/26 23:25:51 - 0:00:47 - Epoch 215: train_loss=0.5697013735771179, train_acc= 81.37%
INFO - 09/13/26 23:25:51 - 0:00:47 - Epoch 215: val_loss=0.5862875580787659, val_acc= 81.54%,val_weighted_f1= 81.52,val_macro_f1= 78.48%
INFO - 09/13/26 23:25:52 - 0:00:47 - Epoch 216: train_loss=0.5617268681526184, train_acc= 81.68%
INFO - 09/13/26 23:25:52 - 0:00:47 - Epoch 217: train_loss=0.5675286650657654, train_acc= 81.20%
INFO - 09/13/26 23:25:52 - 0:00:48 - Epoch 218: train_loss=0.5569751858711243, train_acc= 81.81%
INFO - 09/13/26 23:25:52 - 0:00:48 - Epoch 219: train_loss=0.5681319236755371, train_acc= 81.44%
INFO - 09/13/26 23:25:52 - 0:00:48 - Epoch 220: train_loss=0.5650478005409241, train_acc= 81.30%
INFO - 09/13/26 23:25:52 - 0:00:48 - Epoch 220: val_loss=0.583129346370697, val_acc= 81.58%,val_weighted_f1= 81.54,val_macro_f1= 78.49%
INFO - 09/13/26 23:25:53 - 0:00:48 - Epoch 221: train_loss=0.5643115043640137, train_acc= 81.64%
INFO - 09/13/26 23:25:53 - 0:00:49 - Epoch 222: train_loss=0.5607301592826843, train_acc= 81.46%
INFO - 09/13/26 23:25:53 - 0:00:49 - Epoch 223: train_loss=0.5543919205665588, train_acc= 82.05%
INFO - 09/13/26 23:25:53 - 0:00:49 - Epoch 224: train_loss=0.5552604794502258, train_acc= 81.73%
INFO - 09/13/26 23:25:54 - 0:00:49 - Epoch 225: train_loss=0.5598956942558289, train_acc= 81.77%
INFO - 09/13/26 23:25:54 - 0:00:49 - Epoch 225: val_loss=0.5807176232337952, val_acc= 81.50%,val_weighted_f1= 81.46,val_macro_f1= 78.51%
EarlyStopping counter: 1 out of 15
INFO - 09/13/26 23:25:54 - 0:00:49 - Epoch 226: train_loss=0.5587055087089539, train_acc= 81.38%
INFO - 09/13/26 23:25:54 - 0:00:50 - Epoch 227: train_loss=0.5596423745155334, train_acc= 81.60%
INFO - 09/13/26 23:25:54 - 0:00:50 - Epoch 228: train_loss=0.5578593015670776, train_acc= 81.88%
INFO - 09/13/26 23:25:54 - 0:00:50 - Epoch 229: train_loss=0.5559225082397461, train_acc= 81.83%
INFO - 09/13/26 23:25:55 - 0:00:50 - Epoch 230: train_loss=0.5492900609970093, train_acc= 81.95%
INFO - 09/13/26 23:25:55 - 0:00:50 - Epoch 230: val_loss=0.5781030654907227, val_acc= 81.75%,val_weighted_f1= 81.72,val_macro_f1= 78.76%
INFO - 09/13/26 23:25:55 - 0:00:50 - Epoch 231: train_loss=0.5576642751693726, train_acc= 81.63%
INFO - 09/13/26 23:25:55 - 0:00:51 - Epoch 232: train_loss=0.5503593683242798, train_acc= 81.87%
INFO - 09/13/26 23:25:55 - 0:00:51 - Epoch 233: train_loss=0.5499952435493469, train_acc= 82.07%
INFO - 09/13/26 23:25:55 - 0:00:51 - Epoch 234: train_loss=0.5470705628395081, train_acc= 81.71%
INFO - 09/13/26 23:25:56 - 0:00:51 - Epoch 235: train_loss=0.5438216328620911, train_acc= 81.90%
INFO - 09/13/26 23:25:56 - 0:00:51 - Epoch 235: val_loss=0.5730063319206238, val_acc= 81.92%,val_weighted_f1= 81.90,val_macro_f1= 78.88%
INFO - 09/13/26 23:25:56 - 0:00:52 - Epoch 236: train_loss=0.5452238321304321, train_acc= 82.00%
INFO - 09/13/26 23:25:56 - 0:00:52 - Epoch 237: train_loss=0.5526346564292908, train_acc= 81.41%
INFO - 09/13/26 23:25:56 - 0:00:52 - Epoch 238: train_loss=0.54578697681427, train_acc= 82.20%
INFO - 09/13/26 23:25:57 - 0:00:52 - Epoch 239: train_loss=0.5438807606697083, train_acc= 82.10%
INFO - 09/13/26 23:25:57 - 0:00:52 - Epoch 240: train_loss=0.5417128801345825, train_acc= 81.87%
INFO - 09/13/26 23:25:57 - 0:00:52 - Epoch 240: val_loss=0.5684620141983032, val_acc= 82.05%,val_weighted_f1= 82.04,val_macro_f1= 79.08%
INFO - 09/13/26 23:25:57 - 0:00:53 - Epoch 241: train_loss=0.5379546880722046, train_acc= 82.42%
INFO - 09/13/26 23:25:57 - 0:00:53 - Epoch 242: train_loss=0.5406815409660339, train_acc= 81.94%
INFO - 09/13/26 23:25:57 - 0:00:53 - Epoch 243: train_loss=0.5408897995948792, train_acc= 82.24%
INFO - 09/13/26 23:25:58 - 0:00:53 - Epoch 244: train_loss=0.539125382900238, train_acc= 82.17%
INFO - 09/13/26 23:25:58 - 0:00:53 - Epoch 245: train_loss=0.5390396118164062, train_acc= 82.32%
INFO - 09/13/26 23:25:58 - 0:00:53 - Epoch 245: val_loss=0.5660985708236694, val_acc= 82.18%,val_weighted_f1= 82.15,val_macro_f1= 79.15%
INFO - 09/13/26 23:25:58 - 0:00:54 - Epoch 246: train_loss=0.5349794030189514, train_acc= 82.48%
INFO - 09/13/26 23:25:58 - 0:00:54 - Epoch 247: train_loss=0.539447546005249, train_acc= 82.32%
INFO - 09/13/26 23:25:58 - 0:00:54 - Epoch 248: train_loss=0.5333577394485474, train_acc= 82.11%
INFO - 09/13/26 23:25:59 - 0:00:54 - Epoch 249: train_loss=0.5322178602218628, train_acc= 82.57%
INFO - 09/13/26 23:25:59 - 0:00:54 - Epoch 250: train_loss=0.5333298444747925, train_acc= 82.28%
INFO - 09/13/26 23:25:59 - 0:00:55 - Epoch 250: val_loss=0.5646234750747681, val_acc= 82.05%,val_weighted_f1= 82.01,val_macro_f1= 79.14%
EarlyStopping counter: 1 out of 15
INFO - 09/13/26 23:25:59 - 0:00:55 - Epoch 251: train_loss=0.5356590747833252, train_acc= 82.62%
INFO - 09/13/26 23:25:59 - 0:00:55 - Epoch 252: train_loss=0.5316923260688782, train_acc= 82.40%
INFO - 09/13/26 23:26:00 - 0:00:55 - Epoch 253: train_loss=0.5332386493682861, train_acc= 82.74%
INFO - 09/13/26 23:26:00 - 0:00:55 - Epoch 254: train_loss=0.5267645120620728, train_acc= 82.64%
INFO - 09/13/26 23:26:00 - 0:00:56 - Epoch 255: train_loss=0.5308732986450195, train_acc= 82.54%
INFO - 09/13/26 23:26:00 - 0:00:56 - Epoch 255: val_loss=0.5628571510314941, val_acc= 82.01%,val_weighted_f1= 81.94,val_macro_f1= 79.05%
EarlyStopping counter: 2 out of 15
INFO - 09/13/26 23:26:00 - 0:00:56 - Epoch 256: train_loss=0.5271562337875366, train_acc= 82.67%
INFO - 09/13/26 23:26:00 - 0:00:56 - Epoch 257: train_loss=0.5331413149833679, train_acc= 82.62%
INFO - 09/13/26 23:26:01 - 0:00:56 - Epoch 258: train_loss=0.526341438293457, train_acc= 82.78%
INFO - 09/13/26 23:26:01 - 0:00:56 - Epoch 259: train_loss=0.5299920439720154, train_acc= 82.25%
INFO - 09/13/26 23:26:01 - 0:00:57 - Epoch 260: train_loss=0.524205207824707, train_acc= 82.75%
INFO - 09/13/26 23:26:01 - 0:00:57 - Epoch 260: val_loss=0.5602466464042664, val_acc= 82.35%,val_weighted_f1= 82.32,val_macro_f1= 79.40%
INFO - 09/13/26 23:26:01 - 0:00:57 - Epoch 261: train_loss=0.5248686075210571, train_acc= 82.48%
INFO - 09/13/26 23:26:02 - 0:00:57 - Epoch 262: train_loss=0.5234294533729553, train_acc= 82.98%
INFO - 09/13/26 23:26:02 - 0:00:57 - Epoch 263: train_loss=0.5263393521308899, train_acc= 82.78%
INFO - 09/13/26 23:26:02 - 0:00:58 - Epoch 264: train_loss=0.5242263078689575, train_acc= 82.92%
INFO - 09/13/26 23:26:02 - 0:00:58 - Epoch 265: train_loss=0.5245065093040466, train_acc= 82.51%
INFO - 09/13/26 23:26:02 - 0:00:58 - Epoch 265: val_loss=0.5582147836685181, val_acc= 82.35%,val_weighted_f1= 82.34,val_macro_f1= 79.28%
INFO - 09/13/26 23:26:02 - 0:00:58 - Epoch 266: train_loss=0.5227470397949219, train_acc= 82.40%
INFO - 09/13/26 23:26:03 - 0:00:58 - Epoch 267: train_loss=0.5198306441307068, train_acc= 82.94%
INFO - 09/13/26 23:26:03 - 0:00:58 - Epoch 268: train_loss=0.5240929126739502, train_acc= 83.46%
INFO - 09/13/26 23:26:03 - 0:00:59 - Epoch 269: train_loss=0.5204007029533386, train_acc= 82.92%
INFO - 09/13/26 23:26:03 - 0:00:59 - Epoch 270: train_loss=0.515961229801178, train_acc= 83.11%
INFO - 09/13/26 23:26:03 - 0:00:59 - Epoch 270: val_loss=0.5546049475669861, val_acc= 82.56%,val_weighted_f1= 82.53,val_macro_f1= 79.58%
INFO - 09/13/26 23:26:03 - 0:00:59 - Epoch 271: train_loss=0.5104876756668091, train_acc= 83.01%
INFO - 09/13/26 23:26:04 - 0:00:59 - Epoch 272: train_loss=0.5115331411361694, train_acc= 83.19%
INFO - 09/13/26 23:26:04 - 0:00:59 - Epoch 273: train_loss=0.5180023312568665, train_acc= 82.89%
INFO - 09/13/26 23:26:04 - 0:01:00 - Epoch 274: train_loss=0.5119332671165466, train_acc= 83.07%
INFO - 09/13/26 23:26:04 - 0:01:00 - Epoch 275: train_loss=0.5115950107574463, train_acc= 83.04%
INFO - 09/13/26 23:26:04 - 0:01:00 - Epoch 275: val_loss=0.551179051399231, val_acc= 82.74%,val_weighted_f1= 82.70,val_macro_f1= 79.82%
INFO - 09/13/26 23:26:05 - 0:01:00 - Epoch 276: train_loss=0.5101480484008789, train_acc= 82.89%
INFO - 09/13/26 23:26:05 - 0:01:00 - Epoch 277: train_loss=0.5140106081962585, train_acc= 82.99%
INFO - 09/13/26 23:26:05 - 0:01:01 - Epoch 278: train_loss=0.5149179100990295, train_acc= 82.89%
INFO - 09/13/26 23:26:05 - 0:01:01 - Epoch 279: train_loss=0.5148289799690247, train_acc= 83.11%
INFO - 09/13/26 23:26:05 - 0:01:01 - Epoch 280: train_loss=0.5104377865791321, train_acc= 82.92%
INFO - 09/13/26 23:26:05 - 0:01:01 - Epoch 280: val_loss=0.5502539873123169, val_acc= 82.61%,val_weighted_f1= 82.57,val_macro_f1= 79.75%
EarlyStopping counter: 1 out of 15
INFO - 09/13/26 23:26:06 - 0:01:01 - Epoch 281: train_loss=0.5062904953956604, train_acc= 83.12%
INFO - 09/13/26 23:26:06 - 0:01:01 - Epoch 282: train_loss=0.5120607018470764, train_acc= 83.12%
INFO - 09/13/26 23:26:06 - 0:01:02 - Epoch 283: train_loss=0.5070406198501587, train_acc= 82.98%
INFO - 09/13/26 23:26:06 - 0:01:02 - Epoch 284: train_loss=0.5029107332229614, train_acc= 83.21%
INFO - 09/13/26 23:26:06 - 0:01:02 - Epoch 285: train_loss=0.5125859975814819, train_acc= 83.02%
INFO - 09/13/26 23:26:07 - 0:01:02 - Epoch 285: val_loss=0.5468698740005493, val_acc= 82.65%,val_weighted_f1= 82.61,val_macro_f1= 79.72%
EarlyStopping counter: 2 out of 15
INFO - 09/13/26 23:26:07 - 0:01:02 - Epoch 286: train_loss=0.5039001107215881, train_acc= 83.05%
INFO - 09/13/26 23:26:07 - 0:01:02 - Epoch 287: train_loss=0.5031534433364868, train_acc= 83.49%
INFO - 09/13/26 23:26:07 - 0:01:03 - Epoch 288: train_loss=0.5036550760269165, train_acc= 83.22%
INFO - 09/13/26 23:26:07 - 0:01:03 - Epoch 289: train_loss=0.5029627680778503, train_acc= 83.29%
INFO - 09/13/26 23:26:08 - 0:01:03 - Epoch 290: train_loss=0.5053399205207825, train_acc= 83.54%
INFO - 09/13/26 23:26:08 - 0:01:03 - Epoch 290: val_loss=0.5455562472343445, val_acc= 82.65%,val_weighted_f1= 82.62,val_macro_f1= 79.89%
EarlyStopping counter: 3 out of 15
INFO - 09/13/26 23:26:08 - 0:01:03 - Epoch 291: train_loss=0.5084937214851379, train_acc= 83.25%
INFO - 09/13/26 23:26:08 - 0:01:04 - Epoch 292: train_loss=0.5012121796607971, train_acc= 83.38%
INFO - 09/13/26 23:26:08 - 0:01:04 - Epoch 293: train_loss=0.5060315728187561, train_acc= 83.22%
INFO - 09/13/26 23:26:08 - 0:01:04 - Epoch 294: train_loss=0.5015877485275269, train_acc= 83.35%
INFO - 09/13/26 23:26:09 - 0:01:04 - Epoch 295: train_loss=0.5019118189811707, train_acc= 83.35%
INFO - 09/13/26 23:26:09 - 0:01:04 - Epoch 295: val_loss=0.5458081960678101, val_acc= 83.08%,val_weighted_f1= 83.06,val_macro_f1= 80.49%
INFO - 09/13/26 23:26:09 - 0:01:04 - Epoch 296: train_loss=0.4963251054286957, train_acc= 83.71%
INFO - 09/13/26 23:26:09 - 0:01:05 - Epoch 297: train_loss=0.4972250759601593, train_acc= 83.56%
INFO - 09/13/26 23:26:09 - 0:01:05 - Epoch 298: train_loss=0.5000895857810974, train_acc= 83.41%
INFO - 09/13/26 23:26:10 - 0:01:05 - Epoch 299: train_loss=0.49942541122436523, train_acc= 83.44%
INFO - 09/13/26 23:26:10 - 0:01:05 - Epoch 300: train_loss=0.49587830901145935, train_acc= 83.44%
INFO - 09/13/26 23:26:10 - 0:01:05 - Epoch 300: val_loss=0.5426128506660461, val_acc= 82.95%,val_weighted_f1= 82.93,val_macro_f1= 80.25%
EarlyStopping counter: 1 out of 15
INFO - 09/13/26 23:26:10 - 0:01:05 - Epoch 301: train_loss=0.4999977648258209, train_acc= 83.28%
INFO - 09/13/26 23:26:10 - 0:01:06 - Epoch 302: train_loss=0.5001568794250488, train_acc= 83.41%
INFO - 09/13/26 23:26:10 - 0:01:06 - Epoch 303: train_loss=0.5002157092094421, train_acc= 83.54%
INFO - 09/13/26 23:26:11 - 0:01:06 - Epoch 304: train_loss=0.49385249614715576, train_acc= 83.68%
INFO - 09/13/26 23:26:11 - 0:01:06 - Epoch 305: train_loss=0.4948686957359314, train_acc= 83.45%
INFO - 09/13/26 23:26:11 - 0:01:06 - Epoch 305: val_loss=0.5418037176132202, val_acc= 82.91%,val_weighted_f1= 82.88,val_macro_f1= 80.25%
EarlyStopping counter: 2 out of 15
INFO - 09/13/26 23:26:11 - 0:01:07 - Epoch 306: train_loss=0.49039697647094727, train_acc= 83.78%
INFO - 09/13/26 23:26:11 - 0:01:07 - Epoch 307: train_loss=0.4913827180862427, train_acc= 83.82%
INFO - 09/13/26 23:26:12 - 0:01:07 - Epoch 308: train_loss=0.48934492468833923, train_acc= 83.51%
INFO - 09/13/26 23:26:12 - 0:01:07 - Epoch 309: train_loss=0.49059274792671204, train_acc= 84.01%
INFO - 09/13/26 23:26:12 - 0:01:07 - Epoch 310: train_loss=0.4925481677055359, train_acc= 83.26%
INFO - 09/13/26 23:26:12 - 0:01:07 - Epoch 310: val_loss=0.5412508249282837, val_acc= 82.99%,val_weighted_f1= 82.99,val_macro_f1= 80.44%
EarlyStopping counter: 3 out of 15
INFO - 09/13/26 23:26:12 - 0:01:08 - Epoch 311: train_loss=0.49593308568000793, train_acc= 83.32%
INFO - 09/13/26 23:26:12 - 0:01:08 - Epoch 312: train_loss=0.49769163131713867, train_acc= 83.05%
INFO - 09/13/26 23:26:13 - 0:01:08 - Epoch 313: train_loss=0.49060285091400146, train_acc= 83.49%
INFO - 09/13/26 23:26:13 - 0:01:08 - Epoch 314: train_loss=0.4905237555503845, train_acc= 83.96%
INFO - 09/13/26 23:26:13 - 0:01:08 - Epoch 315: train_loss=0.48441532254219055, train_acc= 84.05%
INFO - 09/13/26 23:26:13 - 0:01:09 - Epoch 315: val_loss=0.5393275618553162, val_acc= 83.33%,val_weighted_f1= 83.33,val_macro_f1= 80.70%
INFO - 09/13/26 23:26:13 - 0:01:09 - Epoch 316: train_loss=0.4913848638534546, train_acc= 83.46%
INFO - 09/13/26 23:26:13 - 0:01:09 - Epoch 317: train_loss=0.48179325461387634, train_acc= 84.13%
INFO - 09/13/26 23:26:14 - 0:01:09 - Epoch 318: train_loss=0.48276546597480774, train_acc= 83.91%
INFO - 09/13/26 23:26:14 - 0:01:09 - Epoch 319: train_loss=0.49064430594444275, train_acc= 83.69%
INFO - 09/13/26 23:26:14 - 0:01:10 - Epoch 320: train_loss=0.4877437949180603, train_acc= 83.95%
INFO - 09/13/26 23:26:14 - 0:01:10 - Epoch 320: val_loss=0.5384734272956848, val_acc= 83.12%,val_weighted_f1= 83.11,val_macro_f1= 80.65%
EarlyStopping counter: 1 out of 15
INFO - 09/13/26 23:26:14 - 0:01:10 - Epoch 321: train_loss=0.48688584566116333, train_acc= 83.85%
INFO - 09/13/26 23:26:15 - 0:01:10 - Epoch 322: train_loss=0.48760849237442017, train_acc= 84.01%
INFO - 09/13/26 23:26:15 - 0:01:10 - Epoch 323: train_loss=0.487722784280777, train_acc= 83.75%
INFO - 09/13/26 23:26:15 - 0:01:10 - Epoch 324: train_loss=0.4821280837059021, train_acc= 84.16%
INFO - 09/13/26 23:26:15 - 0:01:11 - Epoch 325: train_loss=0.4803769588470459, train_acc= 84.13%
INFO - 09/13/26 23:26:15 - 0:01:11 - Epoch 325: val_loss=0.5354118943214417, val_acc= 83.21%,val_weighted_f1= 83.16,val_macro_f1= 80.61%
EarlyStopping counter: 2 out of 15
INFO - 09/13/26 23:26:15 - 0:01:11 - Epoch 326: train_loss=0.4861830472946167, train_acc= 83.63%
INFO - 09/13/26 23:26:16 - 0:01:11 - Epoch 327: train_loss=0.48342734575271606, train_acc= 83.93%
INFO - 09/13/26 23:26:16 - 0:01:11 - Epoch 328: train_loss=0.48521900177001953, train_acc= 83.91%
INFO - 09/13/26 23:26:16 - 0:01:11 - Epoch 329: train_loss=0.48146018385887146, train_acc= 83.92%
INFO - 09/13/26 23:26:16 - 0:01:12 - Epoch 330: train_loss=0.47903871536254883, train_acc= 84.38%
INFO - 09/13/26 23:26:16 - 0:01:12 - Epoch 330: val_loss=0.5348808765411377, val_acc= 83.25%,val_weighted_f1= 83.25,val_macro_f1= 80.64%
EarlyStopping counter: 3 out of 15
INFO - 09/13/26 23:26:17 - 0:01:12 - Epoch 331: train_loss=0.4799640476703644, train_acc= 83.76%
INFO - 09/13/26 23:26:17 - 0:01:12 - Epoch 332: train_loss=0.4816519618034363, train_acc= 84.02%
INFO - 09/13/26 23:26:17 - 0:01:12 - Epoch 333: train_loss=0.47523003816604614, train_acc= 84.08%
INFO - 09/13/26 23:26:17 - 0:01:13 - Epoch 334: train_loss=0.4781104028224945, train_acc= 84.15%
INFO - 09/13/26 23:26:17 - 0:01:13 - Epoch 335: train_loss=0.47749677300453186, train_acc= 84.08%
INFO - 09/13/26 23:26:17 - 0:01:13 - Epoch 335: val_loss=0.5324673652648926, val_acc= 83.72%,val_weighted_f1= 83.69,val_macro_f1= 81.36%
INFO - 09/13/26 23:26:18 - 0:01:13 - Epoch 336: train_loss=0.4732224643230438, train_acc= 84.43%
INFO - 09/13/26 23:26:18 - 0:01:13 - Epoch 337: train_loss=0.4757389724254608, train_acc= 84.40%
INFO - 09/13/26 23:26:18 - 0:01:13 - Epoch 338: train_loss=0.4726090729236603, train_acc= 84.22%
INFO - 09/13/26 23:26:18 - 0:01:14 - Epoch 339: train_loss=0.47266751527786255, train_acc= 84.32%
INFO - 09/13/26 23:26:18 - 0:01:14 - Epoch 340: train_loss=0.4774271249771118, train_acc= 84.30%
INFO - 09/13/26 23:26:18 - 0:01:14 - Epoch 340: val_loss=0.5324079394340515, val_acc= 83.42%,val_weighted_f1= 83.38,val_macro_f1= 81.00%
EarlyStopping counter: 1 out of 15
INFO - 09/13/26 23:26:19 - 0:01:14 - Epoch 341: train_loss=0.47433480620384216, train_acc= 84.46%
INFO - 09/13/26 23:26:19 - 0:01:14 - Epoch 342: train_loss=0.4743794798851013, train_acc= 83.98%
INFO - 09/13/26 23:26:19 - 0:01:14 - Epoch 343: train_loss=0.4749698340892792, train_acc= 84.23%
INFO - 09/13/26 23:26:19 - 0:01:15 - Epoch 344: train_loss=0.4669536054134369, train_acc= 84.53%
INFO - 09/13/26 23:26:19 - 0:01:15 - Epoch 345: train_loss=0.47274619340896606, train_acc= 84.10%
INFO - 09/13/26 23:26:20 - 0:01:15 - Epoch 345: val_loss=0.5325334668159485, val_acc= 83.68%,val_weighted_f1= 83.68,val_macro_f1= 81.32%
EarlyStopping counter: 2 out of 15
INFO - 09/13/26 23:26:20 - 0:01:15 - Epoch 346: train_loss=0.477804958820343, train_acc= 83.85%
INFO - 09/13/26 23:26:20 - 0:01:15 - Epoch 347: train_loss=0.46981459856033325, train_acc= 84.46%
INFO - 09/13/26 23:26:20 - 0:01:16 - Epoch 348: train_loss=0.4711080491542816, train_acc= 84.75%
INFO - 09/13/26 23:26:20 - 0:01:16 - Epoch 349: train_loss=0.47146764397621155, train_acc= 84.60%
INFO - 09/13/26 23:26:20 - 0:01:16 - Epoch 350: train_loss=0.474857896566391, train_acc= 84.13%
INFO - 09/13/26 23:26:21 - 0:01:16 - Epoch 350: val_loss=0.5335685014724731, val_acc= 83.68%,val_weighted_f1= 83.65,val_macro_f1= 81.19%
EarlyStopping counter: 3 out of 15
INFO - 09/13/26 23:26:21 - 0:01:16 - Epoch 351: train_loss=0.4670378863811493, train_acc= 84.55%
INFO - 09/13/26 23:26:21 - 0:01:16 - Epoch 352: train_loss=0.46758899092674255, train_acc= 84.76%
INFO - 09/13/26 23:26:21 - 0:01:17 - Epoch 353: train_loss=0.4671146273612976, train_acc= 84.53%
INFO - 09/13/26 23:26:21 - 0:01:17 - Epoch 354: train_loss=0.4710938036441803, train_acc= 84.09%
INFO - 09/13/26 23:26:22 - 0:01:17 - Epoch 355: train_loss=0.46286386251449585, train_acc= 84.40%
INFO - 09/13/26 23:26:22 - 0:01:17 - Epoch 355: val_loss=0.5295092463493347, val_acc= 83.55%,val_weighted_f1= 83.53,val_macro_f1= 81.18%
EarlyStopping counter: 4 out of 15
INFO - 09/13/26 23:26:22 - 0:01:17 - Epoch 356: train_loss=0.4642155170440674, train_acc= 84.36%
INFO - 09/13/26 23:26:22 - 0:01:18 - Epoch 357: train_loss=0.4692923128604889, train_acc= 84.30%
INFO - 09/13/26 23:26:22 - 0:01:18 - Epoch 358: train_loss=0.4636330306529999, train_acc= 84.70%
INFO - 09/13/26 23:26:22 - 0:01:18 - Epoch 359: train_loss=0.4665115773677826, train_acc= 84.32%
INFO - 09/13/26 23:26:23 - 0:01:18 - Epoch 360: train_loss=0.46242624521255493, train_acc= 84.67%
INFO - 09/13/26 23:26:23 - 0:01:18 - Epoch 360: val_loss=0.5277849435806274, val_acc= 83.50%,val_weighted_f1= 83.49,val_macro_f1= 81.02%
EarlyStopping counter: 5 out of 15
INFO - 09/13/26 23:26:23 - 0:01:18 - Epoch 361: train_loss=0.4578697085380554, train_acc= 85.10%
INFO - 09/13/26 23:26:23 - 0:01:19 - Epoch 362: train_loss=0.4624873995780945, train_acc= 84.63%
INFO - 09/13/26 23:26:23 - 0:01:19 - Epoch 363: train_loss=0.46248871088027954, train_acc= 84.67%
INFO - 09/13/26 23:26:24 - 0:01:19 - Epoch 364: train_loss=0.4614993929862976, train_acc= 84.85%
INFO - 09/13/26 23:26:24 - 0:01:19 - Epoch 365: train_loss=0.46172600984573364, train_acc= 84.63%
INFO - 09/13/26 23:26:24 - 0:01:19 - Epoch 365: val_loss=0.5264753699302673, val_acc= 83.93%,val_weighted_f1= 83.94,val_macro_f1= 81.68%
INFO - 09/13/26 23:26:24 - 0:01:19 - Epoch 366: train_loss=0.4600682258605957, train_acc= 84.72%
INFO - 09/13/26 23:26:24 - 0:01:20 - Epoch 367: train_loss=0.45895394682884216, train_acc= 84.70%
INFO - 09/13/26 23:26:24 - 0:01:20 - Epoch 368: train_loss=0.4542294442653656, train_acc= 85.03%
INFO - 09/13/26 23:26:25 - 0:01:20 - Epoch 369: train_loss=0.45413514971733093, train_acc= 84.82%
INFO - 09/13/26 23:26:25 - 0:01:20 - Epoch 370: train_loss=0.4559466540813446, train_acc= 84.72%
INFO - 09/13/26 23:26:25 - 0:01:20 - Epoch 370: val_loss=0.5265563726425171, val_acc= 83.68%,val_weighted_f1= 83.67,val_macro_f1= 81.25%
EarlyStopping counter: 1 out of 15
INFO - 09/13/26 23:26:25 - 0:01:21 - Epoch 371: train_loss=0.4558652937412262, train_acc= 84.80%
INFO - 09/13/26 23:26:25 - 0:01:21 - Epoch 372: train_loss=0.4546567499637604, train_acc= 85.16%
INFO - 09/13/26 23:26:25 - 0:01:21 - Epoch 373: train_loss=0.4568980932235718, train_acc= 84.59%
INFO - 09/13/26 23:26:26 - 0:01:21 - Epoch 374: train_loss=0.4574931263923645, train_acc= 85.14%
INFO - 09/13/26 23:26:26 - 0:01:21 - Epoch 375: train_loss=0.4541102945804596, train_acc= 85.02%
INFO - 09/13/26 23:26:26 - 0:01:21 - Epoch 375: val_loss=0.5262309908866882, val_acc= 83.68%,val_weighted_f1= 83.68,val_macro_f1= 81.36%
EarlyStopping counter: 2 out of 15
INFO - 09/13/26 23:26:26 - 0:01:22 - Epoch 376: train_loss=0.45167917013168335, train_acc= 85.24%
INFO - 09/13/26 23:26:26 - 0:01:22 - Epoch 377: train_loss=0.4509156346321106, train_acc= 84.95%
INFO - 09/13/26 23:26:27 - 0:01:22 - Epoch 378: train_loss=0.4525648355484009, train_acc= 84.79%
INFO - 09/13/26 23:26:27 - 0:01:22 - Epoch 379: train_loss=0.45265331864356995, train_acc= 84.70%
INFO - 09/13/26 23:26:27 - 0:01:22 - Epoch 380: train_loss=0.45243966579437256, train_acc= 85.33%
INFO - 09/13/26 23:26:27 - 0:01:22 - Epoch 380: val_loss=0.5258637070655823, val_acc= 83.76%,val_weighted_f1= 83.74,val_macro_f1= 81.47%
EarlyStopping counter: 3 out of 15
INFO - 09/13/26 23:26:27 - 0:01:23 - Epoch 381: train_loss=0.4545662999153137, train_acc= 84.59%
INFO - 09/13/26 23:26:27 - 0:01:23 - Epoch 382: train_loss=0.4431503117084503, train_acc= 85.29%
INFO - 09/13/26 23:26:28 - 0:01:23 - Epoch 383: train_loss=0.4453262388706207, train_acc= 85.34%
INFO - 09/13/26 23:26:28 - 0:01:23 - Epoch 384: train_loss=0.4515369236469269, train_acc= 84.79%
INFO - 09/13/26 23:26:28 - 0:01:23 - Epoch 385: train_loss=0.44876155257225037, train_acc= 85.14%
INFO - 09/13/26 23:26:28 - 0:01:24 - Epoch 385: val_loss=0.5245823264122009, val_acc= 83.72%,val_weighted_f1= 83.75,val_macro_f1= 81.53%
EarlyStopping counter: 4 out of 15
INFO - 09/13/26 23:26:28 - 0:01:24 - Epoch 386: train_loss=0.4469362199306488, train_acc= 85.07%
INFO - 09/13/26 23:26:29 - 0:01:24 - Epoch 387: train_loss=0.44761404395103455, train_acc= 85.00%
INFO - 09/13/26 23:26:29 - 0:01:24 - Epoch 388: train_loss=0.4458358883857727, train_acc= 85.19%
INFO - 09/13/26 23:26:29 - 0:01:24 - Epoch 389: train_loss=0.4485928416252136, train_acc= 85.06%
INFO - 09/13/26 23:26:29 - 0:01:25 - Epoch 390: train_loss=0.45059460401535034, train_acc= 85.02%
INFO - 09/13/26 23:26:29 - 0:01:25 - Epoch 390: val_loss=0.5248274803161621, val_acc= 83.80%,val_weighted_f1= 83.82,val_macro_f1= 81.51%
EarlyStopping counter: 5 out of 15
INFO - 09/13/26 23:26:29 - 0:01:25 - Epoch 391: train_loss=0.4428737759590149, train_acc= 84.89%
INFO - 09/13/26 23:26:30 - 0:01:25 - Epoch 392: train_loss=0.447593629360199, train_acc= 85.17%
INFO - 09/13/26 23:26:30 - 0:01:25 - Epoch 393: train_loss=0.44377586245536804, train_acc= 85.33%
INFO - 09/13/26 23:26:30 - 0:01:25 - Epoch 394: train_loss=0.44052302837371826, train_acc= 85.42%
INFO - 09/13/26 23:26:30 - 0:01:26 - Epoch 395: train_loss=0.4453640580177307, train_acc= 85.04%
INFO - 09/13/26 23:26:30 - 0:01:26 - Epoch 395: val_loss=0.5212687253952026, val_acc= 83.97%,val_weighted_f1= 83.98,val_macro_f1= 81.77%
INFO - 09/13/26 23:26:30 - 0:01:26 - Epoch 396: train_loss=0.44461217522621155, train_acc= 85.00%
INFO - 09/13/26 23:26:31 - 0:01:26 - Epoch 397: train_loss=0.4423353374004364, train_acc= 85.56%
INFO - 09/13/26 23:26:31 - 0:01:26 - Epoch 398: train_loss=0.4432866871356964, train_acc= 85.12%
INFO - 09/13/26 23:26:31 - 0:01:27 - Epoch 399: train_loss=0.4419563114643097, train_acc= 85.53%
INFO - 09/13/26 23:26:31 - 0:01:27 - Epoch 400: train_loss=0.4369562566280365, train_acc= 85.30%
INFO - 09/13/26 23:26:31 - 0:01:27 - Epoch 400: val_loss=0.5208438634872437, val_acc= 84.02%,val_weighted_f1= 83.98,val_macro_f1= 81.90%
INFO - 09/13/26 23:26:32 - 0:01:27 - Epoch 401: train_loss=0.4400729238986969, train_acc= 85.34%
INFO - 09/13/26 23:26:32 - 0:01:27 - Epoch 402: train_loss=0.443213552236557, train_acc= 85.33%
INFO - 09/13/26 23:26:32 - 0:01:27 - Epoch 403: train_loss=0.4429028332233429, train_acc= 85.17%
INFO - 09/13/26 23:26:32 - 0:01:28 - Epoch 404: train_loss=0.4434851408004761, train_acc= 85.07%
INFO - 09/13/26 23:26:32 - 0:01:28 - Epoch 405: train_loss=0.4347912669181824, train_acc= 85.30%
INFO - 09/13/26 23:26:32 - 0:01:28 - Epoch 405: val_loss=0.5208253264427185, val_acc= 83.97%,val_weighted_f1= 83.97,val_macro_f1= 81.76%
EarlyStopping counter: 1 out of 15
INFO - 09/13/26 23:26:33 - 0:01:28 - Epoch 406: train_loss=0.43582209944725037, train_acc= 85.51%
INFO - 09/13/26 23:26:33 - 0:01:28 - Epoch 407: train_loss=0.43929195404052734, train_acc= 85.56%
INFO - 09/13/26 23:26:33 - 0:01:29 - Epoch 408: train_loss=0.4340812861919403, train_acc= 85.57%
INFO - 09/13/26 23:26:33 - 0:01:29 - Epoch 409: train_loss=0.43737727403640747, train_acc= 85.70%
INFO - 09/13/26 23:26:33 - 0:01:29 - Epoch 410: train_loss=0.43574783205986023, train_acc= 85.43%
INFO - 09/13/26 23:26:33 - 0:01:29 - Epoch 410: val_loss=0.5205183625221252, val_acc= 84.15%,val_weighted_f1= 84.19,val_macro_f1= 82.06%
INFO - 09/13/26 23:26:34 - 0:01:29 - Epoch 411: train_loss=0.4331885874271393, train_acc= 85.54%
INFO - 09/13/26 23:26:34 - 0:01:29 - Epoch 412: train_loss=0.43824389576911926, train_acc= 85.24%
INFO - 09/13/26 23:26:34 - 0:01:30 - Epoch 413: train_loss=0.4323059320449829, train_acc= 85.67%
INFO - 09/13/26 23:26:34 - 0:01:30 - Epoch 414: train_loss=0.43120744824409485, train_acc= 85.57%
INFO - 09/13/26 23:26:34 - 0:01:30 - Epoch 415: train_loss=0.4401073753833771, train_acc= 85.33%
INFO - 09/13/26 23:26:35 - 0:01:30 - Epoch 415: val_loss=0.5214765071868896, val_acc= 84.19%,val_weighted_f1= 84.21,val_macro_f1= 81.97%
INFO - 09/13/26 23:26:35 - 0:01:30 - Epoch 416: train_loss=0.4308995306491852, train_acc= 85.60%
INFO - 09/13/26 23:26:35 - 0:01:31 - Epoch 417: train_loss=0.43336302042007446, train_acc= 85.26%
INFO - 09/13/26 23:26:35 - 0:01:31 - Epoch 418: train_loss=0.4388439953327179, train_acc= 85.12%
INFO - 09/13/26 23:26:35 - 0:01:31 - Epoch 419: train_loss=0.4325568675994873, train_acc= 85.76%
INFO - 09/13/26 23:26:36 - 0:01:31 - Epoch 420: train_loss=0.43487370014190674, train_acc= 85.14%
INFO - 09/13/26 23:26:36 - 0:01:31 - Epoch 420: val_loss=0.5201767086982727, val_acc= 84.32%,val_weighted_f1= 84.34,val_macro_f1= 82.23%
INFO - 09/13/26 23:26:36 - 0:01:31 - Epoch 421: train_loss=0.4339854121208191, train_acc= 85.47%
INFO - 09/13/26 23:26:36 - 0:01:32 - Epoch 422: train_loss=0.42713627219200134, train_acc= 85.60%
INFO - 09/13/26 23:26:36 - 0:01:32 - Epoch 423: train_loss=0.42772340774536133, train_acc= 85.64%
INFO - 09/13/26 23:26:36 - 0:01:32 - Epoch 424: train_loss=0.42960885167121887, train_acc= 85.84%
INFO - 09/13/26 23:26:37 - 0:01:32 - Epoch 425: train_loss=0.4281463325023651, train_acc= 85.86%
INFO - 09/13/26 23:26:37 - 0:01:32 - Epoch 425: val_loss=0.5189080834388733, val_acc= 84.27%,val_weighted_f1= 84.29,val_macro_f1= 82.20%
EarlyStopping counter: 1 out of 15
INFO - 09/13/26 23:26:37 - 0:01:33 - Epoch 426: train_loss=0.4309484660625458, train_acc= 85.32%
INFO - 09/13/26 23:26:37 - 0:01:33 - Epoch 427: train_loss=0.42857053875923157, train_acc= 85.57%
INFO - 09/13/26 23:26:37 - 0:01:33 - Epoch 428: train_loss=0.42286235094070435, train_acc= 86.23%
INFO - 09/13/26 23:26:38 - 0:01:33 - Epoch 429: train_loss=0.42906248569488525, train_acc= 85.51%
INFO - 09/13/26 23:26:38 - 0:01:33 - Epoch 430: train_loss=0.42837318778038025, train_acc= 85.59%
INFO - 09/13/26 23:26:38 - 0:01:33 - Epoch 430: val_loss=0.5190410614013672, val_acc= 84.15%,val_weighted_f1= 84.16,val_macro_f1= 82.15%
EarlyStopping counter: 2 out of 15
INFO - 09/13/26 23:26:38 - 0:01:34 - Epoch 431: train_loss=0.42365431785583496, train_acc= 85.94%
INFO - 09/13/26 23:26:38 - 0:01:34 - Epoch 432: train_loss=0.4306657314300537, train_acc= 85.79%
INFO - 09/13/26 23:26:38 - 0:01:34 - Epoch 433: train_loss=0.42829105257987976, train_acc= 85.50%
INFO - 09/13/26 23:26:39 - 0:01:34 - Epoch 434: train_loss=0.4245413839817047, train_acc= 85.73%
INFO - 09/13/26 23:26:39 - 0:01:34 - Epoch 435: train_loss=0.42317497730255127, train_acc= 86.14%
INFO - 09/13/26 23:26:39 - 0:01:34 - Epoch 435: val_loss=0.5161703824996948, val_acc= 84.27%,val_weighted_f1= 84.29,val_macro_f1= 82.21%
EarlyStopping counter: 3 out of 15
INFO - 09/13/26 23:26:39 - 0:01:35 - Epoch 436: train_loss=0.4280704855918884, train_acc= 85.77%
INFO - 09/13/26 23:26:39 - 0:01:35 - Epoch 437: train_loss=0.42328009009361267, train_acc= 85.56%
INFO - 09/13/26 23:26:39 - 0:01:35 - Epoch 438: train_loss=0.42202648520469666, train_acc= 85.83%
INFO - 09/13/26 23:26:40 - 0:01:35 - Epoch 439: train_loss=0.4244917333126068, train_acc= 85.80%
INFO - 09/13/26 23:26:40 - 0:01:35 - Epoch 440: train_loss=0.4226987361907959, train_acc= 85.74%
INFO - 09/13/26 23:26:40 - 0:01:36 - Epoch 440: val_loss=0.518671452999115, val_acc= 84.27%,val_weighted_f1= 84.28,val_macro_f1= 82.17%
EarlyStopping counter: 4 out of 15
INFO - 09/13/26 23:26:40 - 0:01:36 - Epoch 441: train_loss=0.43004968762397766, train_acc= 85.32%
INFO - 09/13/26 23:26:40 - 0:01:36 - Epoch 442: train_loss=0.42013823986053467, train_acc= 85.79%
INFO - 09/13/26 23:26:41 - 0:01:36 - Epoch 443: train_loss=0.41886574029922485, train_acc= 86.14%
INFO - 09/13/26 23:26:41 - 0:01:36 - Epoch 444: train_loss=0.4205143451690674, train_acc= 86.00%
INFO - 09/13/26 23:26:41 - 0:01:37 - Epoch 445: train_loss=0.42246299982070923, train_acc= 86.01%
INFO - 09/13/26 23:26:41 - 0:01:37 - Epoch 445: val_loss=0.5163639187812805, val_acc= 84.49%,val_weighted_f1= 84.52,val_macro_f1= 82.48%
INFO - 09/13/26 23:26:41 - 0:01:37 - Epoch 446: train_loss=0.4213181436061859, train_acc= 85.77%
INFO - 09/13/26 23:26:41 - 0:01:37 - Epoch 447: train_loss=0.420617014169693, train_acc= 86.06%
INFO - 09/13/26 23:26:42 - 0:01:37 - Epoch 448: train_loss=0.4196131229400635, train_acc= 85.83%
INFO - 09/13/26 23:26:42 - 0:01:37 - Epoch 449: train_loss=0.41895002126693726, train_acc= 85.49%
INFO - 09/13/26 23:26:42 - 0:01:38 - Epoch 450: train_loss=0.41535159945487976, train_acc= 85.84%
INFO - 09/13/26 23:26:42 - 0:01:38 - Epoch 450: val_loss=0.514983057975769, val_acc= 84.40%,val_weighted_f1= 84.39,val_macro_f1= 82.32%
EarlyStopping counter: 1 out of 15
INFO - 09/13/26 23:26:42 - 0:01:38 - Epoch 451: train_loss=0.41494542360305786, train_acc= 86.37%
INFO - 09/13/26 23:26:42 - 0:01:38 - Epoch 452: train_loss=0.4180854856967926, train_acc= 86.13%
INFO - 09/13/26 23:26:43 - 0:01:38 - Epoch 453: train_loss=0.4194490611553192, train_acc= 86.10%
INFO - 09/13/26 23:26:43 - 0:01:38 - Epoch 454: train_loss=0.41302549839019775, train_acc= 86.17%
INFO - 09/13/26 23:26:43 - 0:01:39 - Epoch 455: train_loss=0.4176196753978729, train_acc= 85.91%
INFO - 09/13/26 23:26:43 - 0:01:39 - Epoch 455: val_loss=0.5148091316223145, val_acc= 84.44%,val_weighted_f1= 84.42,val_macro_f1= 82.36%
EarlyStopping counter: 2 out of 15
INFO - 09/13/26 23:26:43 - 0:01:39 - Epoch 456: train_loss=0.4167463183403015, train_acc= 85.91%
INFO - 09/13/26 23:26:44 - 0:01:39 - Epoch 457: train_loss=0.41480088233947754, train_acc= 86.14%
INFO - 09/13/26 23:26:44 - 0:01:39 - Epoch 458: train_loss=0.41513147950172424, train_acc= 86.38%
INFO - 09/13/26 23:26:44 - 0:01:40 - Epoch 459: train_loss=0.4169289767742157, train_acc= 85.86%
INFO - 09/13/26 23:26:44 - 0:01:40 - Epoch 460: train_loss=0.417319655418396, train_acc= 85.86%
INFO - 09/13/26 23:26:44 - 0:01:40 - Epoch 460: val_loss=0.5145738124847412, val_acc= 84.70%,val_weighted_f1= 84.73,val_macro_f1= 82.81%
INFO - 09/13/26 23:26:44 - 0:01:40 - Epoch 461: train_loss=0.4143129289150238, train_acc= 85.89%
INFO - 09/13/26 23:26:45 - 0:01:40 - Epoch 462: train_loss=0.4183144271373749, train_acc= 86.16%
INFO - 09/13/26 23:26:45 - 0:01:40 - Epoch 463: train_loss=0.4108467698097229, train_acc= 86.07%
INFO - 09/13/26 23:26:45 - 0:01:41 - Epoch 464: train_loss=0.4115145206451416, train_acc= 86.03%
INFO - 09/13/26 23:26:45 - 0:01:41 - Epoch 465: train_loss=0.41175132989883423, train_acc= 86.24%
INFO - 09/13/26 23:26:45 - 0:01:41 - Epoch 465: val_loss=0.5180955529212952, val_acc= 84.44%,val_weighted_f1= 84.46,val_macro_f1= 82.32%
EarlyStopping counter: 1 out of 15
INFO - 09/13/26 23:26:46 - 0:01:41 - Epoch 466: train_loss=0.40953904390335083, train_acc= 86.14%
INFO - 09/13/26 23:26:46 - 0:01:41 - Epoch 467: train_loss=0.40925243496894836, train_acc= 86.34%
INFO - 09/13/26 23:26:46 - 0:01:42 - Epoch 468: train_loss=0.4156647026538849, train_acc= 86.06%
INFO - 09/13/26 23:26:46 - 0:01:42 - Epoch 469: train_loss=0.4108523428440094, train_acc= 85.87%
INFO - 09/13/26 23:26:46 - 0:01:42 - Epoch 470: train_loss=0.40767568349838257, train_acc= 85.87%
INFO - 09/13/26 23:26:46 - 0:01:42 - Epoch 470: val_loss=0.5154822468757629, val_acc= 84.70%,val_weighted_f1= 84.77,val_macro_f1= 82.72%
INFO - 09/13/26 23:26:47 - 0:01:42 - Epoch 471: train_loss=0.40856972336769104, train_acc= 86.13%
INFO - 09/13/26 23:26:47 - 0:01:42 - Epoch 472: train_loss=0.40477806329727173, train_acc= 86.28%
INFO - 09/13/26 23:26:47 - 0:01:43 - Epoch 473: train_loss=0.41185882687568665, train_acc= 86.24%
INFO - 09/13/26 23:26:47 - 0:01:43 - Epoch 474: train_loss=0.40925511717796326, train_acc= 86.37%
INFO - 09/13/26 23:26:47 - 0:01:43 - Epoch 475: train_loss=0.4035683274269104, train_acc= 86.36%
INFO - 09/13/26 23:26:47 - 0:01:43 - Epoch 475: val_loss=0.5145189762115479, val_acc= 84.53%,val_weighted_f1= 84.57,val_macro_f1= 82.47%
EarlyStopping counter: 1 out of 15
INFO - 09/13/26 23:26:48 - 0:01:43 - Epoch 476: train_loss=0.40691837668418884, train_acc= 86.43%
INFO - 09/13/26 23:26:48 - 0:01:43 - Epoch 477: train_loss=0.4060963988304138, train_acc= 86.30%
INFO - 09/13/26 23:26:48 - 0:01:44 - Epoch 478: train_loss=0.40730029344558716, train_acc= 86.27%
INFO - 09/13/26 23:26:48 - 0:01:44 - Epoch 479: train_loss=0.4090808629989624, train_acc= 86.60%
INFO - 09/13/26 23:26:48 - 0:01:44 - Epoch 480: train_loss=0.4029054045677185, train_acc= 86.21%
INFO - 09/13/26 23:26:49 - 0:01:44 - Epoch 480: val_loss=0.5127916932106018, val_acc= 84.70%,val_weighted_f1= 84.71,val_macro_f1= 82.76%
INFO - 09/13/26 23:26:49 - 0:01:44 - Epoch 481: train_loss=0.4074324071407318, train_acc= 86.33%
INFO - 09/13/26 23:26:49 - 0:01:45 - Epoch 482: train_loss=0.4065217971801758, train_acc= 86.23%
INFO - 09/13/26 23:26:49 - 0:01:45 - Epoch 483: train_loss=0.404916375875473, train_acc= 86.50%
INFO - 09/13/26 23:26:49 - 0:01:45 - Epoch 484: train_loss=0.4026399552822113, train_acc= 86.28%
INFO - 09/13/26 23:26:50 - 0:01:45 - Epoch 485: train_loss=0.4012129604816437, train_acc= 86.80%
INFO - 09/13/26 23:26:50 - 0:01:45 - Epoch 485: val_loss=0.513301432132721, val_acc= 84.91%,val_weighted_f1= 84.91,val_macro_f1= 82.92%
INFO - 09/13/26 23:26:50 - 0:01:45 - Epoch 486: train_loss=0.40360724925994873, train_acc= 86.55%
INFO - 09/13/26 23:26:50 - 0:01:46 - Epoch 487: train_loss=0.40605825185775757, train_acc= 86.26%
INFO - 09/13/26 23:26:50 - 0:01:46 - Epoch 488: train_loss=0.40223050117492676, train_acc= 86.41%
INFO - 09/13/26 23:26:50 - 0:01:46 - Epoch 489: train_loss=0.40481698513031006, train_acc= 86.31%
INFO - 09/13/26 23:26:51 - 0:01:46 - Epoch 490: train_loss=0.4007631838321686, train_acc= 86.48%
INFO - 09/13/26 23:26:51 - 0:01:46 - Epoch 490: val_loss=0.5132700204849243, val_acc= 84.79%,val_weighted_f1= 84.79,val_macro_f1= 82.86%
EarlyStopping counter: 1 out of 15
INFO - 09/13/26 23:26:51 - 0:01:46 - Epoch 491: train_loss=0.40523722767829895, train_acc= 86.18%
INFO - 09/13/26 23:26:51 - 0:01:47 - Epoch 492: train_loss=0.4032888412475586, train_acc= 86.45%
INFO - 09/13/26 23:26:51 - 0:01:47 - Epoch 493: train_loss=0.40057724714279175, train_acc= 86.40%
INFO - 09/13/26 23:26:51 - 0:01:47 - Epoch 494: train_loss=0.40460604429244995, train_acc= 86.36%
INFO - 09/13/26 23:26:52 - 0:01:47 - Epoch 495: train_loss=0.39538830518722534, train_acc= 86.78%
INFO - 09/13/26 23:26:52 - 0:01:47 - Epoch 495: val_loss=0.512656033039093, val_acc= 84.91%,val_weighted_f1= 84.95,val_macro_f1= 83.04%
INFO - 09/13/26 23:26:52 - 0:01:48 - Epoch 496: train_loss=0.396058589220047, train_acc= 86.60%
INFO - 09/13/26 23:26:52 - 0:01:48 - Epoch 497: train_loss=0.39891666173934937, train_acc= 86.16%
INFO - 09/13/26 23:26:52 - 0:01:48 - Epoch 498: train_loss=0.3969455361366272, train_acc= 86.37%
INFO - 09/13/26 23:26:53 - 0:01:48 - Epoch 499: train_loss=0.395072877407074, train_acc= 86.60%
INFO - 09/13/26 23:26:53 - 0:01:48 - Epoch 500: train_loss=0.39902421832084656, train_acc= 86.44%
INFO - 09/13/26 23:26:53 - 0:01:48 - Epoch 500: val_loss=0.5145117044448853, val_acc= 84.49%,val_weighted_f1= 84.54,val_macro_f1= 82.61%
EarlyStopping counter: 1 out of 15
INFO - 09/13/26 23:26:53 - 0:01:49 - Epoch 501: train_loss=0.4006473422050476, train_acc= 86.88%
INFO - 09/13/26 23:26:53 - 0:01:49 - Epoch 502: train_loss=0.3921107351779938, train_acc= 86.71%
INFO - 09/13/26 23:26:53 - 0:01:49 - Epoch 503: train_loss=0.39839521050453186, train_acc= 86.61%
INFO - 09/13/26 23:26:54 - 0:01:49 - Epoch 504: train_loss=0.39590024948120117, train_acc= 86.48%
INFO - 09/13/26 23:26:54 - 0:01:49 - Epoch 505: train_loss=0.39777350425720215, train_acc= 86.81%
INFO - 09/13/26 23:26:54 - 0:01:50 - Epoch 505: val_loss=0.515712559223175, val_acc= 84.44%,val_weighted_f1= 84.48,val_macro_f1= 82.45%
EarlyStopping counter: 2 out of 15
INFO - 09/13/26 23:26:54 - 0:01:50 - Epoch 506: train_loss=0.3899547755718231, train_acc= 86.92%
INFO - 09/13/26 23:26:54 - 0:01:50 - Epoch 507: train_loss=0.394814670085907, train_acc= 86.80%
INFO - 09/13/26 23:26:55 - 0:01:50 - Epoch 508: train_loss=0.39283305406570435, train_acc= 86.78%
INFO - 09/13/26 23:26:55 - 0:01:50 - Epoch 509: train_loss=0.3916284441947937, train_acc= 86.95%
INFO - 09/13/26 23:26:55 - 0:01:50 - Epoch 510: train_loss=0.39210131764411926, train_acc= 86.65%
INFO - 09/13/26 23:26:55 - 0:01:51 - Epoch 510: val_loss=0.5144922137260437, val_acc= 84.49%,val_weighted_f1= 84.56,val_macro_f1= 82.64%
EarlyStopping counter: 3 out of 15
INFO - 09/13/26 23:26:55 - 0:01:51 - Epoch 511: train_loss=0.38898715376853943, train_acc= 86.97%
INFO - 09/13/26 23:26:55 - 0:01:51 - Epoch 512: train_loss=0.39726653695106506, train_acc= 86.87%
INFO - 09/13/26 23:26:56 - 0:01:51 - Epoch 513: train_loss=0.39000773429870605, train_acc= 86.83%
INFO - 09/13/26 23:26:56 - 0:01:51 - Epoch 514: train_loss=0.3914325535297394, train_acc= 86.64%
INFO - 09/13/26 23:26:56 - 0:01:52 - Epoch 515: train_loss=0.39167851209640503, train_acc= 86.84%
INFO - 09/13/26 23:26:56 - 0:01:52 - Epoch 515: val_loss=0.5152237415313721, val_acc= 84.70%,val_weighted_f1= 84.73,val_macro_f1= 82.84%
EarlyStopping counter: 4 out of 15
INFO - 09/13/26 23:26:56 - 0:01:52 - Epoch 516: train_loss=0.3910987377166748, train_acc= 86.94%
INFO - 09/13/26 23:26:57 - 0:01:52 - Epoch 517: train_loss=0.39204609394073486, train_acc= 87.10%
INFO - 09/13/26 23:26:57 - 0:01:52 - Epoch 518: train_loss=0.3827840983867645, train_acc= 87.24%
INFO - 09/13/26 23:26:57 - 0:01:52 - Epoch 519: train_loss=0.39062172174453735, train_acc= 86.83%
INFO - 09/13/26 23:26:57 - 0:01:53 - Epoch 520: train_loss=0.38931843638420105, train_acc= 87.05%
INFO - 09/13/26 23:26:57 - 0:01:53 - Epoch 520: val_loss=0.515441358089447, val_acc= 84.53%,val_weighted_f1= 84.59,val_macro_f1= 82.61%
EarlyStopping counter: 5 out of 15
INFO - 09/13/26 23:26:57 - 0:01:53 - Epoch 521: train_loss=0.39083781838417053, train_acc= 86.55%
INFO - 09/13/26 23:26:58 - 0:01:53 - Epoch 522: train_loss=0.38645535707473755, train_acc= 86.88%
INFO - 09/13/26 23:26:58 - 0:01:53 - Epoch 523: train_loss=0.38750216364860535, train_acc= 86.87%
INFO - 09/13/26 23:26:58 - 0:01:54 - Epoch 524: train_loss=0.3880579173564911, train_acc= 86.90%
INFO - 09/13/26 23:26:58 - 0:01:54 - Epoch 525: train_loss=0.3826248347759247, train_acc= 87.14%
INFO - 09/13/26 23:26:58 - 0:01:54 - Epoch 525: val_loss=0.5171486735343933, val_acc= 84.40%,val_weighted_f1= 84.44,val_macro_f1= 82.54%
EarlyStopping counter: 6 out of 15
INFO - 09/13/26 23:26:59 - 0:01:54 - Epoch 526: train_loss=0.3905397951602936, train_acc= 87.21%
INFO - 09/13/26 23:26:59 - 0:01:54 - Epoch 527: train_loss=0.384551078081131, train_acc= 86.94%
INFO - 09/13/26 23:26:59 - 0:01:54 - Epoch 528: train_loss=0.3774222135543823, train_acc= 87.17%
INFO - 09/13/26 23:26:59 - 0:01:55 - Epoch 529: train_loss=0.38527363538742065, train_acc= 86.88%
INFO - 09/13/26 23:26:59 - 0:01:55 - Epoch 530: train_loss=0.38778460025787354, train_acc= 87.02%
INFO - 09/13/26 23:26:59 - 0:01:55 - Epoch 530: val_loss=0.5147836804389954, val_acc= 84.79%,val_weighted_f1= 84.84,val_macro_f1= 82.99%
EarlyStopping counter: 7 out of 15
INFO - 09/13/26 23:27:00 - 0:01:55 - Epoch 531: train_loss=0.3866749405860901, train_acc= 87.04%
INFO - 09/13/26 23:27:00 - 0:01:55 - Epoch 532: train_loss=0.3847540020942688, train_acc= 86.81%
INFO - 09/13/26 23:27:00 - 0:01:55 - Epoch 533: train_loss=0.38327470421791077, train_acc= 86.94%
INFO - 09/13/26 23:27:00 - 0:01:56 - Epoch 534: train_loss=0.3844420313835144, train_acc= 86.97%
INFO - 09/13/26 23:27:00 - 0:01:56 - Epoch 535: train_loss=0.37837955355644226, train_acc= 87.18%
INFO - 09/13/26 23:27:01 - 0:01:56 - Epoch 535: val_loss=0.5149045586585999, val_acc= 84.62%,val_weighted_f1= 84.68,val_macro_f1= 82.74%
EarlyStopping counter: 8 out of 15
INFO - 09/13/26 23:27:01 - 0:01:56 - Epoch 536: train_loss=0.37649253010749817, train_acc= 87.54%
INFO - 09/13/26 23:27:01 - 0:01:56 - Epoch 537: train_loss=0.3821500539779663, train_acc= 87.25%
INFO - 09/13/26 23:27:01 - 0:01:57 - Epoch 538: train_loss=0.3796660304069519, train_acc= 87.35%
INFO - 09/13/26 23:27:01 - 0:01:57 - Epoch 539: train_loss=0.37655729055404663, train_acc= 87.57%
INFO - 09/13/26 23:27:01 - 0:01:57 - Epoch 540: train_loss=0.38062021136283875, train_acc= 87.27%
INFO - 09/13/26 23:27:02 - 0:01:57 - Epoch 540: val_loss=0.515538215637207, val_acc= 84.62%,val_weighted_f1= 84.65,val_macro_f1= 82.62%
EarlyStopping counter: 9 out of 15
INFO - 09/13/26 23:27:02 - 0:01:57 - Epoch 541: train_loss=0.37918293476104736, train_acc= 87.17%
INFO - 09/13/26 23:27:02 - 0:01:57 - Epoch 542: train_loss=0.381544828414917, train_acc= 86.75%
INFO - 09/13/26 23:27:02 - 0:01:58 - Epoch 543: train_loss=0.38051730394363403, train_acc= 87.21%
INFO - 09/13/26 23:27:02 - 0:01:58 - Epoch 544: train_loss=0.3810389041900635, train_acc= 86.92%
INFO - 09/13/26 23:27:03 - 0:01:58 - Epoch 545: train_loss=0.3794471323490143, train_acc= 86.92%
INFO - 09/13/26 23:27:03 - 0:01:58 - Epoch 545: val_loss=0.5142845511436462, val_acc= 84.70%,val_weighted_f1= 84.75,val_macro_f1= 82.91%
EarlyStopping counter: 10 out of 15
INFO - 09/13/26 23:27:03 - 0:01:58 - Epoch 546: train_loss=0.374706894159317, train_acc= 87.48%
INFO - 09/13/26 23:27:03 - 0:01:59 - Epoch 547: train_loss=0.37725830078125, train_acc= 87.31%
INFO - 09/13/26 23:27:03 - 0:01:59 - Epoch 548: train_loss=0.37725040316581726, train_acc= 87.35%
INFO - 09/13/26 23:27:03 - 0:01:59 - Epoch 549: train_loss=0.38077715039253235, train_acc= 87.00%
INFO - 09/13/26 23:27:04 - 0:01:59 - Epoch 550: train_loss=0.3726649284362793, train_acc= 87.15%
INFO - 09/13/26 23:27:04 - 0:01:59 - Epoch 550: val_loss=0.5159135460853577, val_acc= 84.40%,val_weighted_f1= 84.47,val_macro_f1= 82.63%
EarlyStopping counter: 11 out of 15
INFO - 09/13/26 23:27:04 - 0:01:59 - Epoch 551: train_loss=0.3797553777694702, train_acc= 87.35%
INFO - 09/13/26 23:27:04 - 0:02:00 - Epoch 552: train_loss=0.3716426193714142, train_acc= 87.21%
INFO - 09/13/26 23:27:04 - 0:02:00 - Epoch 553: train_loss=0.377885103225708, train_acc= 87.04%
INFO - 09/13/26 23:27:05 - 0:02:00 - Epoch 554: train_loss=0.37556493282318115, train_acc= 87.45%
INFO - 09/13/26 23:27:05 - 0:02:00 - Epoch 555: train_loss=0.3709084689617157, train_acc= 87.71%
INFO - 09/13/26 23:27:05 - 0:02:00 - Epoch 555: val_loss=0.5157491564750671, val_acc= 84.53%,val_weighted_f1= 84.59,val_macro_f1= 82.64%
EarlyStopping counter: 12 out of 15
INFO - 09/13/26 23:27:05 - 0:02:00 - Epoch 556: train_loss=0.3727508783340454, train_acc= 87.51%
INFO - 09/13/26 23:27:05 - 0:02:01 - Epoch 557: train_loss=0.3677705228328705, train_acc= 87.65%
INFO - 09/13/26 23:27:05 - 0:02:01 - Epoch 558: train_loss=0.3748258650302887, train_acc= 87.59%
INFO - 09/13/26 23:27:06 - 0:02:01 - Epoch 559: train_loss=0.3714033365249634, train_acc= 87.45%
INFO - 09/13/26 23:27:06 - 0:02:01 - Epoch 560: train_loss=0.37379610538482666, train_acc= 87.52%
INFO - 09/13/26 23:27:06 - 0:02:01 - Epoch 560: val_loss=0.5135963559150696, val_acc= 85.00%,val_weighted_f1= 85.03,val_macro_f1= 83.07%
INFO - 09/13/26 23:27:06 - 0:02:02 - Epoch 561: train_loss=0.37232106924057007, train_acc= 87.69%
INFO - 09/13/26 23:27:06 - 0:02:02 - Epoch 562: train_loss=0.3731471300125122, train_acc= 87.35%
INFO - 09/13/26 23:27:06 - 0:02:02 - Epoch 563: train_loss=0.3692139983177185, train_acc= 87.32%
INFO - 09/13/26 23:27:07 - 0:02:02 - Epoch 564: train_loss=0.3719383478164673, train_acc= 87.69%
INFO - 09/13/26 23:27:07 - 0:02:02 - Epoch 565: train_loss=0.3713621199131012, train_acc= 87.39%
INFO - 09/13/26 23:27:07 - 0:02:02 - Epoch 565: val_loss=0.5153579711914062, val_acc= 84.87%,val_weighted_f1= 84.91,val_macro_f1= 82.95%
EarlyStopping counter: 1 out of 15
INFO - 09/13/26 23:27:07 - 0:02:03 - Epoch 566: train_loss=0.3721997141838074, train_acc= 87.71%
INFO - 09/13/26 23:27:07 - 0:02:03 - Epoch 567: train_loss=0.36785808205604553, train_acc= 87.45%
INFO - 09/13/26 23:27:08 - 0:02:03 - Epoch 568: train_loss=0.3709161579608917, train_acc= 87.32%
INFO - 09/13/26 23:27:08 - 0:02:03 - Epoch 569: train_loss=0.36974531412124634, train_acc= 87.38%
INFO - 09/13/26 23:27:08 - 0:02:03 - Epoch 570: train_loss=0.36509349942207336, train_acc= 87.81%
INFO - 09/13/26 23:27:08 - 0:02:03 - Epoch 570: val_loss=0.5144680738449097, val_acc= 84.79%,val_weighted_f1= 84.83,val_macro_f1= 82.88%
EarlyStopping counter: 2 out of 15
INFO - 09/13/26 23:27:08 - 0:02:04 - Epoch 571: train_loss=0.3642202615737915, train_acc= 87.51%
INFO - 09/13/26 23:27:08 - 0:02:04 - Epoch 572: train_loss=0.3677934408187866, train_acc= 87.11%
INFO - 09/13/26 23:27:09 - 0:02:04 - Epoch 573: train_loss=0.36866092681884766, train_acc= 87.42%
INFO - 09/13/26 23:27:09 - 0:02:04 - Epoch 574: train_loss=0.3684379756450653, train_acc= 87.68%
INFO - 09/13/26 23:27:09 - 0:02:04 - Epoch 575: train_loss=0.3649546504020691, train_acc= 87.82%
INFO - 09/13/26 23:27:09 - 0:02:05 - Epoch 575: val_loss=0.5139176249504089, val_acc= 84.83%,val_weighted_f1= 84.87,val_macro_f1= 82.97%
EarlyStopping counter: 3 out of 15
INFO - 09/13/26 23:27:09 - 0:02:05 - Epoch 576: train_loss=0.363107293844223, train_acc= 87.82%
INFO - 09/13/26 23:27:09 - 0:02:05 - Epoch 577: train_loss=0.36638978123664856, train_acc= 87.74%
INFO - 09/13/26 23:27:10 - 0:02:05 - Epoch 578: train_loss=0.361642062664032, train_acc= 88.28%
INFO - 09/13/26 23:27:10 - 0:02:05 - Epoch 579: train_loss=0.3599521815776825, train_acc= 87.81%
INFO - 09/13/26 23:27:10 - 0:02:06 - Epoch 580: train_loss=0.36151179671287537, train_acc= 88.21%
INFO - 09/13/26 23:27:10 - 0:02:06 - Epoch 580: val_loss=0.5146101117134094, val_acc= 84.74%,val_weighted_f1= 84.80,val_macro_f1= 83.01%
EarlyStopping counter: 4 out of 15
INFO - 09/13/26 23:27:10 - 0:02:06 - Epoch 581: train_loss=0.3648097515106201, train_acc= 87.74%
INFO - 09/13/26 23:27:11 - 0:02:06 - Epoch 582: train_loss=0.36395063996315, train_acc= 87.74%
INFO - 09/13/26 23:27:11 - 0:02:06 - Epoch 583: train_loss=0.3651292622089386, train_acc= 87.65%
INFO - 09/13/26 23:27:11 - 0:02:06 - Epoch 584: train_loss=0.3611522912979126, train_acc= 87.82%
INFO - 09/13/26 23:27:11 - 0:02:07 - Epoch 585: train_loss=0.3621191382408142, train_acc= 87.65%
INFO - 09/13/26 23:27:11 - 0:02:07 - Epoch 585: val_loss=0.515341579914093, val_acc= 85.00%,val_weighted_f1= 85.04,val_macro_f1= 83.24%
INFO - 09/13/26 23:27:11 - 0:02:07 - Epoch 586: train_loss=0.36189329624176025, train_acc= 87.85%
INFO - 09/13/26 23:27:12 - 0:02:07 - Epoch 587: train_loss=0.3628302216529846, train_acc= 87.91%
INFO - 09/13/26 23:27:12 - 0:02:07 - Epoch 588: train_loss=0.3628581464290619, train_acc= 87.86%
INFO - 09/13/26 23:27:12 - 0:02:08 - Epoch 589: train_loss=0.36102616786956787, train_acc= 87.74%
INFO - 09/13/26 23:27:12 - 0:02:08 - Epoch 590: train_loss=0.3602393865585327, train_acc= 88.01%
INFO - 09/13/26 23:27:12 - 0:02:08 - Epoch 590: val_loss=0.5135743618011475, val_acc= 84.87%,val_weighted_f1= 84.91,val_macro_f1= 83.02%
EarlyStopping counter: 1 out of 15
INFO - 09/13/26 23:27:13 - 0:02:08 - Epoch 591: train_loss=0.35847094655036926, train_acc= 87.64%
INFO - 09/13/26 23:27:13 - 0:02:08 - Epoch 592: train_loss=0.3575952649116516, train_acc= 87.81%
INFO - 09/13/26 23:27:13 - 0:02:08 - Epoch 593: train_loss=0.3603915274143219, train_acc= 87.82%
INFO - 09/13/26 23:27:13 - 0:02:09 - Epoch 594: train_loss=0.3568909764289856, train_acc= 88.05%
INFO - 09/13/26 23:27:13 - 0:02:09 - Epoch 595: train_loss=0.3523368537425995, train_acc= 87.88%
INFO - 09/13/26 23:27:13 - 0:02:09 - Epoch 595: val_loss=0.5160993337631226, val_acc= 84.87%,val_weighted_f1= 84.89,val_macro_f1= 83.11%
EarlyStopping counter: 2 out of 15
INFO - 09/13/26 23:27:14 - 0:02:09 - Epoch 596: train_loss=0.36055171489715576, train_acc= 88.18%
INFO - 09/13/26 23:27:14 - 0:02:09 - Epoch 597: train_loss=0.356758713722229, train_acc= 87.91%
INFO - 09/13/26 23:27:14 - 0:02:09 - Epoch 598: train_loss=0.356180876493454, train_acc= 88.22%
INFO - 09/13/26 23:27:14 - 0:02:10 - Epoch 599: train_loss=0.35829824209213257, train_acc= 87.81%
INFO - 09/13/26 23:27:14 - 0:02:10 - Epoch 600: train_loss=0.3554212152957916, train_acc= 87.68%
INFO - 09/13/26 23:27:14 - 0:02:10 - Epoch 600: val_loss=0.5158173441886902, val_acc= 84.83%,val_weighted_f1= 84.86,val_macro_f1= 83.12%
EarlyStopping counter: 3 out of 15
INFO - 09/13/26 23:27:15 - 0:02:10 - Epoch 601: train_loss=0.35830819606781006, train_acc= 87.84%
INFO - 09/13/26 23:27:15 - 0:02:10 - Epoch 602: train_loss=0.3550776541233063, train_acc= 88.04%
INFO - 09/13/26 23:27:15 - 0:02:11 - Epoch 603: train_loss=0.34561511874198914, train_acc= 88.39%
INFO - 09/13/26 23:27:15 - 0:02:11 - Epoch 604: train_loss=0.35143160820007324, train_acc= 88.11%
INFO - 09/13/26 23:27:15 - 0:02:11 - Epoch 605: train_loss=0.35087594389915466, train_acc= 88.18%
INFO - 09/13/26 23:27:16 - 0:02:11 - Epoch 605: val_loss=0.5173868536949158, val_acc= 84.83%,val_weighted_f1= 84.87,val_macro_f1= 83.20%
EarlyStopping counter: 4 out of 15
INFO - 09/13/26 23:27:16 - 0:02:11 - Epoch 606: train_loss=0.3549387753009796, train_acc= 88.06%
INFO - 09/13/26 23:27:16 - 0:02:11 - Epoch 607: train_loss=0.35744500160217285, train_acc= 87.98%
INFO - 09/13/26 23:27:16 - 0:02:12 - Epoch 608: train_loss=0.35103097558021545, train_acc= 87.94%
INFO - 09/13/26 23:27:16 - 0:02:12 - Epoch 609: train_loss=0.353436678647995, train_acc= 87.98%
INFO - 09/13/26 23:27:17 - 0:02:12 - Epoch 610: train_loss=0.35292762517929077, train_acc= 88.01%
INFO - 09/13/26 23:27:17 - 0:02:12 - Epoch 610: val_loss=0.5177083015441895, val_acc= 84.79%,val_weighted_f1= 84.84,val_macro_f1= 83.01%
EarlyStopping counter: 5 out of 15
INFO - 09/13/26 23:27:17 - 0:02:12 - Epoch 611: train_loss=0.3514478802680969, train_acc= 88.09%
INFO - 09/13/26 23:27:17 - 0:02:12 - Epoch 612: train_loss=0.35135409235954285, train_acc= 88.05%
INFO - 09/13/26 23:27:17 - 0:02:13 - Epoch 613: train_loss=0.35134357213974, train_acc= 88.32%
INFO - 09/13/26 23:27:17 - 0:02:13 - Epoch 614: train_loss=0.3479502499103546, train_acc= 88.29%
INFO - 09/13/26 23:27:18 - 0:02:13 - Epoch 615: train_loss=0.3536279797554016, train_acc= 88.08%
INFO - 09/13/26 23:27:18 - 0:02:13 - Epoch 615: val_loss=0.522062361240387, val_acc= 84.40%,val_weighted_f1= 84.46,val_macro_f1= 82.64%
EarlyStopping counter: 6 out of 15
INFO - 09/13/26 23:27:18 - 0:02:13 - Epoch 616: train_loss=0.3480776250362396, train_acc= 88.38%
INFO - 09/13/26 23:27:18 - 0:02:14 - Epoch 617: train_loss=0.34396257996559143, train_acc= 88.29%
INFO - 09/13/26 23:27:18 - 0:02:14 - Epoch 618: train_loss=0.34683775901794434, train_acc= 88.38%
INFO - 09/13/26 23:27:18 - 0:02:14 - Epoch 619: train_loss=0.34758245944976807, train_acc= 88.56%
INFO - 09/13/26 23:27:19 - 0:02:14 - Epoch 620: train_loss=0.34661585092544556, train_acc= 88.14%
INFO - 09/13/26 23:27:19 - 0:02:14 - Epoch 620: val_loss=0.5198470950126648, val_acc= 84.40%,val_weighted_f1= 84.45,val_macro_f1= 82.53%
EarlyStopping counter: 7 out of 15
INFO - 09/13/26 23:27:19 - 0:02:14 - Epoch 621: train_loss=0.34855175018310547, train_acc= 88.05%
INFO - 09/13/26 23:27:19 - 0:02:15 - Epoch 622: train_loss=0.347554475069046, train_acc= 88.26%
INFO - 09/13/26 23:27:19 - 0:02:15 - Epoch 623: train_loss=0.34522712230682373, train_acc= 88.29%
INFO - 09/13/26 23:27:20 - 0:02:15 - Epoch 624: train_loss=0.3449239432811737, train_acc= 88.42%
INFO - 09/13/26 23:27:20 - 0:02:15 - Epoch 625: train_loss=0.3446723520755768, train_acc= 88.33%
INFO - 09/13/26 23:27:20 - 0:02:15 - Epoch 625: val_loss=0.5209473967552185, val_acc= 84.53%,val_weighted_f1= 84.57,val_macro_f1= 82.70%
EarlyStopping counter: 8 out of 15
INFO - 09/13/26 23:27:20 - 0:02:16 - Epoch 626: train_loss=0.3473875820636749, train_acc= 88.43%
INFO - 09/13/26 23:27:20 - 0:02:16 - Epoch 627: train_loss=0.35199517011642456, train_acc= 88.21%
INFO - 09/13/26 23:27:20 - 0:02:16 - Epoch 628: train_loss=0.34493938088417053, train_acc= 88.26%
INFO - 09/13/26 23:27:21 - 0:02:16 - Epoch 629: train_loss=0.34486815333366394, train_acc= 88.71%
INFO - 09/13/26 23:27:21 - 0:02:16 - Epoch 630: train_loss=0.34579432010650635, train_acc= 88.38%
INFO - 09/13/26 23:27:21 - 0:02:16 - Epoch 630: val_loss=0.521796464920044, val_acc= 84.83%,val_weighted_f1= 84.86,val_macro_f1= 83.16%
EarlyStopping counter: 9 out of 15
INFO - 09/13/26 23:27:21 - 0:02:17 - Epoch 631: train_loss=0.3395293653011322, train_acc= 88.53%
INFO - 09/13/26 23:27:21 - 0:02:17 - Epoch 632: train_loss=0.34172311425209045, train_acc= 88.51%
INFO - 09/13/26 23:27:22 - 0:02:17 - Epoch 633: train_loss=0.34287139773368835, train_acc= 88.26%
INFO - 09/13/26 23:27:22 - 0:02:17 - Epoch 634: train_loss=0.34506532549858093, train_acc= 88.41%
INFO - 09/13/26 23:27:22 - 0:02:17 - Epoch 635: train_loss=0.3450835347175598, train_acc= 88.58%
INFO - 09/13/26 23:27:22 - 0:02:18 - Epoch 635: val_loss=0.5221226811408997, val_acc= 84.70%,val_weighted_f1= 84.74,val_macro_f1= 82.97%
EarlyStopping counter: 10 out of 15
INFO - 09/13/26 23:27:22 - 0:02:18 - Epoch 636: train_loss=0.3442869186401367, train_acc= 88.19%
INFO - 09/13/26 23:27:22 - 0:02:18 - Epoch 637: train_loss=0.3477422893047333, train_acc= 88.18%
INFO - 09/13/26 23:27:23 - 0:02:18 - Epoch 638: train_loss=0.345211923122406, train_acc= 88.33%
INFO - 09/13/26 23:27:23 - 0:02:18 - Epoch 639: train_loss=0.341168075799942, train_acc= 88.45%
INFO - 09/13/26 23:27:23 - 0:02:19 - Epoch 640: train_loss=0.3376590609550476, train_acc= 88.71%
INFO - 09/13/26 23:27:23 - 0:02:19 - Epoch 640: val_loss=0.5228095650672913, val_acc= 84.62%,val_weighted_f1= 84.65,val_macro_f1= 82.77%
EarlyStopping counter: 11 out of 15
INFO - 09/13/26 23:27:23 - 0:02:19 - Epoch 641: train_loss=0.33927682042121887, train_acc= 88.33%
INFO - 09/13/26 23:27:23 - 0:02:19 - Epoch 642: train_loss=0.3410031199455261, train_acc= 87.88%
INFO - 09/13/26 23:27:24 - 0:02:19 - Epoch 643: train_loss=0.33860325813293457, train_acc= 88.55%
INFO - 09/13/26 23:27:24 - 0:02:19 - Epoch 644: train_loss=0.344937264919281, train_acc= 88.22%
INFO - 09/13/26 23:27:24 - 0:02:20 - Epoch 645: train_loss=0.34081289172172546, train_acc= 88.68%
INFO - 09/13/26 23:27:24 - 0:02:20 - Epoch 645: val_loss=0.5240376591682434, val_acc= 84.36%,val_weighted_f1= 84.42,val_macro_f1= 82.57%
EarlyStopping counter: 12 out of 15
INFO - 09/13/26 23:27:24 - 0:02:20 - Epoch 646: train_loss=0.33737948536872864, train_acc= 88.89%
INFO - 09/13/26 23:27:25 - 0:02:20 - Epoch 647: train_loss=0.3426489531993866, train_acc= 88.33%
INFO - 09/13/26 23:27:25 - 0:02:20 - Epoch 648: train_loss=0.33323395252227783, train_acc= 88.76%
INFO - 09/13/26 23:27:25 - 0:02:21 - Epoch 649: train_loss=0.3339301347732544, train_acc= 89.09%
INFO - 09/13/26 23:27:25 - 0:02:21 - Epoch 650: train_loss=0.3376973569393158, train_acc= 88.65%
INFO - 09/13/26 23:27:25 - 0:02:21 - Epoch 650: val_loss=0.5278005599975586, val_acc= 84.19%,val_weighted_f1= 84.24,val_macro_f1= 82.32%
EarlyStopping counter: 13 out of 15
INFO - 09/13/26 23:27:25 - 0:02:21 - Epoch 651: train_loss=0.33936697244644165, train_acc= 88.52%
INFO - 09/13/26 23:27:26 - 0:02:21 - Epoch 652: train_loss=0.338200181722641, train_acc= 88.56%
INFO - 09/13/26 23:27:26 - 0:02:21 - Epoch 653: train_loss=0.3400309085845947, train_acc= 88.35%
INFO - 09/13/26 23:27:26 - 0:02:22 - Epoch 654: train_loss=0.33323073387145996, train_acc= 88.73%
INFO - 09/13/26 23:27:26 - 0:02:22 - Epoch 655: train_loss=0.3361690640449524, train_acc= 88.68%
INFO - 09/13/26 23:27:26 - 0:02:22 - Epoch 655: val_loss=0.5282229781150818, val_acc= 84.49%,val_weighted_f1= 84.57,val_macro_f1= 82.89%
EarlyStopping counter: 14 out of 15
INFO - 09/13/26 23:27:27 - 0:02:22 - Epoch 656: train_loss=0.32943594455718994, train_acc= 89.12%
INFO - 09/13/26 23:27:27 - 0:02:22 - Epoch 657: train_loss=0.3296026885509491, train_acc= 89.00%
INFO - 09/13/26 23:27:27 - 0:02:22 - Epoch 658: train_loss=0.3358575105667114, train_acc= 88.90%
INFO - 09/13/26 23:27:27 - 0:02:23 - Epoch 659: train_loss=0.3327103555202484, train_acc= 88.95%
INFO - 09/13/26 23:27:27 - 0:02:23 - Epoch 660: train_loss=0.33246827125549316, train_acc= 88.68%
INFO - 09/13/26 23:27:27 - 0:02:23 - Epoch 660: val_loss=0.526462972164154, val_acc= 84.57%,val_weighted_f1= 84.65,val_macro_f1= 82.92%
EarlyStopping counter: 15 out of 15
---------Early stopping--------
INFO - 09/13/26 23:27:27 - 0:02:23 - --------------Testing--------------------
INFO - 09/13/26 23:27:27 - 0:02:23 - --------------Loading from ./checkpoints/NC_WikiCS_model.pt--------------------
INFO - 09/13/26 23:27:27 - 0:02:23 - test_acc= 84.91%, weighted_f1= 84.96,macro_f1= 82.44%
INFO - 09/13/26 23:27:27 - 0:02:23 - test_acc= 84.91%, weighted_f1= 84.96,macro_f1= 82.44%
INFO - 09/13/26 23:27:28 - 0:02:23 - Epoch 0: train_loss=2.287510871887207, train_acc= 13.66%
INFO - 09/13/26 23:27:28 - 0:02:23 - Epoch 0: val_loss=2.2135255336761475, val_acc= 22.56%,val_weighted_f1= 8.75,val_macro_f1= 3.97%
INFO - 09/13/26 23:27:28 - 0:02:24 - Epoch 1: train_loss=2.2248337268829346, train_acc= 19.95%
INFO - 09/13/26 23:27:28 - 0:02:24 - Epoch 2: train_loss=2.1716485023498535, train_acc= 22.63%
INFO - 09/13/26 23:27:28 - 0:02:24 - Epoch 3: train_loss=2.1296536922454834, train_acc= 24.23%
INFO - 09/13/26 23:27:29 - 0:02:24 - Epoch 4: train_loss=2.1023972034454346, train_acc= 24.83%
INFO - 09/13/26 23:27:29 - 0:02:24 - Epoch 5: train_loss=2.0754597187042236, train_acc= 26.22%
INFO - 09/13/26 23:27:29 - 0:02:24 - Epoch 5: val_loss=2.0416436195373535, val_acc= 27.56%,val_weighted_f1= 16.70,val_macro_f1= 8.18%
INFO - 09/13/26 23:27:29 - 0:02:25 - Epoch 6: train_loss=2.058837413787842, train_acc= 27.02%
INFO - 09/13/26 23:27:29 - 0:02:25 - Epoch 7: train_loss=2.0453426837921143, train_acc= 28.14%
INFO - 09/13/26 23:27:29 - 0:02:25 - Epoch 8: train_loss=2.034701347351074, train_acc= 28.61%
INFO - 09/13/26 23:27:30 - 0:02:25 - Epoch 9: train_loss=2.020036458969116, train_acc= 29.31%
INFO - 09/13/26 23:27:30 - 0:02:25 - Epoch 10: train_loss=2.0180559158325195, train_acc= 29.85%
INFO - 09/13/26 23:27:30 - 0:02:26 - Epoch 10: val_loss=1.9921152591705322, val_acc= 32.05%,val_weighted_f1= 23.39,val_macro_f1= 12.05%
INFO - 09/13/26 23:27:30 - 0:02:26 - Epoch 11: train_loss=2.0059103965759277, train_acc= 30.61%
INFO - 09/13/26 23:27:30 - 0:02:26 - Epoch 12: train_loss=1.994918942451477, train_acc= 31.15%
INFO - 09/13/26 23:27:31 - 0:02:26 - Epoch 13: train_loss=1.986664056777954, train_acc= 31.56%
INFO - 09/13/26 23:27:31 - 0:02:26 - Epoch 14: train_loss=1.9748437404632568, train_acc= 32.80%
INFO - 09/13/26 23:27:31 - 0:02:27 - Epoch 15: train_loss=1.9654685258865356, train_acc= 33.34%
INFO - 09/13/26 23:27:31 - 0:02:27 - Epoch 15: val_loss=1.9379510879516602, val_acc= 34.53%,val_weighted_f1= 25.39,val_macro_f1= 13.16%
INFO - 09/13/26 23:27:31 - 0:02:27 - Epoch 16: train_loss=1.9518460035324097, train_acc= 33.83%
INFO - 09/13/26 23:27:31 - 0:02:27 - Epoch 17: train_loss=1.9435546398162842, train_acc= 34.08%
INFO - 09/13/26 23:27:32 - 0:02:27 - Epoch 18: train_loss=1.9311869144439697, train_acc= 34.68%
INFO - 09/13/26 23:27:32 - 0:02:27 - Epoch 19: train_loss=1.9201501607894897, train_acc= 35.34%
INFO - 09/13/26 23:27:32 - 0:02:28 - Epoch 20: train_loss=1.9053078889846802, train_acc= 36.39%
INFO - 09/13/26 23:27:32 - 0:02:28 - Epoch 20: val_loss=1.8743863105773926, val_acc= 38.29%,val_weighted_f1= 29.67,val_macro_f1= 15.89%
INFO - 09/13/26 23:27:32 - 0:02:28 - Epoch 21: train_loss=1.8991703987121582, train_acc= 36.70%
INFO - 09/13/26 23:27:32 - 0:02:28 - Epoch 22: train_loss=1.8857088088989258, train_acc= 37.07%
INFO - 09/13/26 23:27:33 - 0:02:28 - Epoch 23: train_loss=1.8731971979141235, train_acc= 38.43%
INFO - 09/13/26 23:27:33 - 0:02:28 - Epoch 24: train_loss=1.8561432361602783, train_acc= 38.77%
INFO - 09/13/26 23:27:33 - 0:02:29 - Epoch 25: train_loss=1.846665859222412, train_acc= 39.72%
INFO - 09/13/26 23:27:33 - 0:02:29 - Epoch 25: val_loss=1.8084121942520142, val_acc= 42.78%,val_weighted_f1= 34.26,val_macro_f1= 18.80%
INFO - 09/13/26 23:27:33 - 0:02:29 - Epoch 26: train_loss=1.8311089277267456, train_acc= 40.93%
INFO - 09/13/26 23:27:34 - 0:02:29 - Epoch 27: train_loss=1.8205788135528564, train_acc= 41.32%
INFO - 09/13/26 23:27:34 - 0:02:29 - Epoch 28: train_loss=1.8108437061309814, train_acc= 41.87%
INFO - 09/13/26 23:27:34 - 0:02:30 - Epoch 29: train_loss=1.79701828956604, train_acc= 42.29%
INFO - 09/13/26 23:27:34 - 0:02:30 - Epoch 30: train_loss=1.784868597984314, train_acc= 43.46%
INFO - 09/13/26 23:27:34 - 0:02:30 - Epoch 30: val_loss=1.7402007579803467, val_acc= 47.74%,val_weighted_f1= 39.32,val_macro_f1= 22.17%
INFO - 09/13/26 23:27:34 - 0:02:30 - Epoch 31: train_loss=1.770031452178955, train_acc= 44.48%
INFO - 09/13/26 23:27:35 - 0:02:30 - Epoch 32: train_loss=1.7545911073684692, train_acc= 45.42%
INFO - 09/13/26 23:27:35 - 0:02:30 - Epoch 33: train_loss=1.7442649602890015, train_acc= 46.29%
INFO - 09/13/26 23:27:35 - 0:02:31 - Epoch 34: train_loss=1.729221224784851, train_acc= 47.14%
INFO - 09/13/26 23:27:35 - 0:02:31 - Epoch 35: train_loss=1.7149189710617065, train_acc= 47.71%
INFO - 09/13/26 23:27:35 - 0:02:31 - Epoch 35: val_loss=1.6657804250717163, val_acc= 50.94%,val_weighted_f1= 42.48,val_macro_f1= 24.28%
INFO - 09/13/26 23:27:36 - 0:02:31 - Epoch 36: train_loss=1.7029398679733276, train_acc= 47.86%
INFO - 09/13/26 23:27:36 - 0:02:31 - Epoch 37: train_loss=1.6793361902236938, train_acc= 49.38%
INFO - 09/13/26 23:27:36 - 0:02:31 - Epoch 38: train_loss=1.6733152866363525, train_acc= 50.02%
INFO - 09/13/26 23:27:36 - 0:02:32 - Epoch 39: train_loss=1.6549930572509766, train_acc= 50.14%
INFO - 09/13/26 23:27:36 - 0:02:32 - Epoch 40: train_loss=1.6427274942398071, train_acc= 50.41%
INFO - 09/13/26 23:27:36 - 0:02:32 - Epoch 40: val_loss=1.5814766883850098, val_acc= 53.72%,val_weighted_f1= 44.74,val_macro_f1= 25.74%
INFO - 09/13/26 23:27:37 - 0:02:32 - Epoch 41: train_loss=1.6215410232543945, train_acc= 51.53%
INFO - 09/13/26 23:27:37 - 0:02:32 - Epoch 42: train_loss=1.6077691316604614, train_acc= 51.94%
INFO - 09/13/26 23:27:37 - 0:02:33 - Epoch 43: train_loss=1.5926835536956787, train_acc= 51.76%
INFO - 09/13/26 23:27:37 - 0:02:33 - Epoch 44: train_loss=1.5750187635421753, train_acc= 52.51%
INFO - 09/13/26 23:27:37 - 0:02:33 - Epoch 45: train_loss=1.5608962774276733, train_acc= 52.60%
INFO - 09/13/26 23:27:37 - 0:02:33 - Epoch 45: val_loss=1.4894087314605713, val_acc= 54.49%,val_weighted_f1= 45.60,val_macro_f1= 26.56%
INFO - 09/13/26 23:27:38 - 0:02:33 - Epoch 46: train_loss=1.5368202924728394, train_acc= 53.14%
INFO - 09/13/26 23:27:38 - 0:02:33 - Epoch 47: train_loss=1.525779128074646, train_acc= 53.61%
INFO - 09/13/26 23:27:38 - 0:02:34 - Epoch 48: train_loss=1.508317232131958, train_acc= 53.65%
INFO - 09/13/26 23:27:38 - 0:02:34 - Epoch 49: train_loss=1.4861685037612915, train_acc= 54.69%
INFO - 09/13/26 23:27:38 - 0:02:34 - Epoch 50: train_loss=1.470170021057129, train_acc= 55.03%
INFO - 09/13/26 23:27:39 - 0:02:34 - Epoch 50: val_loss=1.395836353302002, val_acc= 55.90%,val_weighted_f1= 47.32,val_macro_f1= 28.44%
INFO - 09/13/26 23:27:39 - 0:02:34 - Epoch 51: train_loss=1.456061601638794, train_acc= 55.12%
INFO - 09/13/26 23:27:39 - 0:02:35 - Epoch 52: train_loss=1.4383906126022339, train_acc= 55.28%
INFO - 09/13/26 23:27:39 - 0:02:35 - Epoch 53: train_loss=1.4209973812103271, train_acc= 56.10%
INFO - 09/13/26 23:27:39 - 0:02:35 - Epoch 54: train_loss=1.3941859006881714, train_acc= 55.99%
INFO - 09/13/26 23:27:40 - 0:02:35 - Epoch 55: train_loss=1.3826415538787842, train_acc= 56.59%
INFO - 09/13/26 23:27:40 - 0:02:35 - Epoch 55: val_loss=1.305877685546875, val_acc= 57.22%,val_weighted_f1= 49.09,val_macro_f1= 30.19%
INFO - 09/13/26 23:27:40 - 0:02:35 - Epoch 56: train_loss=1.3699684143066406, train_acc= 56.73%
INFO - 09/13/26 23:27:40 - 0:02:36 - Epoch 57: train_loss=1.3495073318481445, train_acc= 57.06%
INFO - 09/13/26 23:27:40 - 0:02:36 - Epoch 58: train_loss=1.3303935527801514, train_acc= 57.67%
INFO - 09/13/26 23:27:40 - 0:02:36 - Epoch 59: train_loss=1.3122771978378296, train_acc= 57.97%
INFO - 09/13/26 23:27:41 - 0:02:36 - Epoch 60: train_loss=1.2951855659484863, train_acc= 58.52%
INFO - 09/13/26 23:27:41 - 0:02:36 - Epoch 60: val_loss=1.2220370769500732, val_acc= 58.89%,val_weighted_f1= 51.75,val_macro_f1= 33.26%
INFO - 09/13/26 23:27:41 - 0:02:36 - Epoch 61: train_loss=1.278389811515808, train_acc= 59.19%
INFO - 09/13/26 23:27:41 - 0:02:37 - Epoch 62: train_loss=1.261191725730896, train_acc= 59.52%
INFO - 09/13/26 23:27:41 - 0:02:37 - Epoch 63: train_loss=1.2493443489074707, train_acc= 60.03%
INFO - 09/13/26 23:27:41 - 0:02:37 - Epoch 64: train_loss=1.23757004737854, train_acc= 60.18%
INFO - 09/13/26 23:27:42 - 0:02:37 - Epoch 65: train_loss=1.2229528427124023, train_acc= 60.59%
INFO - 09/13/26 23:27:42 - 0:02:37 - Epoch 65: val_loss=1.1468781232833862, val_acc= 61.62%,val_weighted_f1= 55.69,val_macro_f1= 37.69%
INFO - 09/13/26 23:27:42 - 0:02:38 - Epoch 66: train_loss=1.2063459157943726, train_acc= 61.10%
INFO - 09/13/26 23:27:42 - 0:02:38 - Epoch 67: train_loss=1.1904340982437134, train_acc= 61.34%
INFO - 09/13/26 23:27:42 - 0:02:38 - Epoch 68: train_loss=1.1767481565475464, train_acc= 62.14%
INFO - 09/13/26 23:27:43 - 0:02:38 - Epoch 69: train_loss=1.1651391983032227, train_acc= 62.30%
INFO - 09/13/26 23:27:43 - 0:02:38 - Epoch 70: train_loss=1.150534749031067, train_acc= 62.54%
INFO - 09/13/26 23:27:43 - 0:02:38 - Epoch 70: val_loss=1.080756664276123, val_acc= 64.23%,val_weighted_f1= 59.43,val_macro_f1= 41.99%
INFO - 09/13/26 23:27:43 - 0:02:39 - Epoch 71: train_loss=1.1288069486618042, train_acc= 63.61%
INFO - 09/13/26 23:27:43 - 0:02:39 - Epoch 72: train_loss=1.1181402206420898, train_acc= 64.18%
INFO - 09/13/26 23:27:43 - 0:02:39 - Epoch 73: train_loss=1.1120542287826538, train_acc= 64.18%
INFO - 09/13/26 23:27:44 - 0:02:39 - Epoch 74: train_loss=1.0936295986175537, train_acc= 64.75%
INFO - 09/13/26 23:27:44 - 0:02:39 - Epoch 75: train_loss=1.0870565176010132, train_acc= 64.79%
INFO - 09/13/26 23:27:44 - 0:02:39 - Epoch 75: val_loss=1.0213677883148193, val_acc= 67.05%,val_weighted_f1= 63.16,val_macro_f1= 46.66%
INFO - 09/13/26 23:27:44 - 0:02:40 - Epoch 76: train_loss=1.07198965549469, train_acc= 65.66%
INFO - 09/13/26 23:27:44 - 0:02:40 - Epoch 77: train_loss=1.0620012283325195, train_acc= 65.63%
INFO - 09/13/26 23:27:45 - 0:02:40 - Epoch 78: train_loss=1.0572807788848877, train_acc= 66.20%
INFO - 09/13/26 23:27:45 - 0:02:40 - Epoch 79: train_loss=1.039741039276123, train_acc= 66.24%
INFO - 09/13/26 23:27:45 - 0:02:40 - Epoch 80: train_loss=1.0243847370147705, train_acc= 67.10%
INFO - 09/13/26 23:27:45 - 0:02:41 - Epoch 80: val_loss=0.9688341021537781, val_acc= 69.06%,val_weighted_f1= 65.80,val_macro_f1= 50.41%
INFO - 09/13/26 23:27:45 - 0:02:41 - Epoch 81: train_loss=1.0151649713516235, train_acc= 67.20%
INFO - 09/13/26 23:27:45 - 0:02:41 - Epoch 82: train_loss=1.0056891441345215, train_acc= 67.80%
INFO - 09/13/26 23:27:46 - 0:02:41 - Epoch 83: train_loss=0.9944824576377869, train_acc= 68.21%
INFO - 09/13/26 23:27:46 - 0:02:41 - Epoch 84: train_loss=0.9880566000938416, train_acc= 67.91%
INFO - 09/13/26 23:27:46 - 0:02:42 - Epoch 85: train_loss=0.9762668609619141, train_acc= 68.30%
INFO - 09/13/26 23:27:46 - 0:02:42 - Epoch 85: val_loss=0.9210764169692993, val_acc= 70.38%,val_weighted_f1= 67.68,val_macro_f1= 53.84%
INFO - 09/13/26 23:27:46 - 0:02:42 - Epoch 86: train_loss=0.9658239483833313, train_acc= 68.61%
INFO - 09/13/26 23:27:47 - 0:02:42 - Epoch 87: train_loss=0.9582909941673279, train_acc= 68.92%
INFO - 09/13/26 23:27:47 - 0:02:42 - Epoch 88: train_loss=0.9392408132553101, train_acc= 69.18%
INFO - 09/13/26 23:27:47 - 0:02:42 - Epoch 89: train_loss=0.9389969110488892, train_acc= 69.46%
INFO - 09/13/26 23:27:47 - 0:02:43 - Epoch 90: train_loss=0.9321570992469788, train_acc= 69.88%
INFO - 09/13/26 23:27:47 - 0:02:43 - Epoch 90: val_loss=0.8808589577674866, val_acc= 71.71%,val_weighted_f1= 69.46,val_macro_f1= 56.06%
INFO - 09/13/26 23:27:47 - 0:02:43 - Epoch 91: train_loss=0.9245190620422363, train_acc= 69.79%
INFO - 09/13/26 23:27:48 - 0:02:43 - Epoch 92: train_loss=0.914994478225708, train_acc= 70.32%
INFO - 09/13/26 23:27:48 - 0:02:43 - Epoch 93: train_loss=0.9029051065444946, train_acc= 70.56%
INFO - 09/13/26 23:27:48 - 0:02:44 - Epoch 94: train_loss=0.8956474661827087, train_acc= 70.13%
INFO - 09/13/26 23:27:48 - 0:02:44 - Epoch 95: train_loss=0.8872748613357544, train_acc= 70.84%
INFO - 09/13/26 23:27:48 - 0:02:44 - Epoch 95: val_loss=0.8445150852203369, val_acc= 73.21%,val_weighted_f1= 71.46,val_macro_f1= 59.58%
INFO - 09/13/26 23:27:49 - 0:02:44 - Epoch 96: train_loss=0.887981116771698, train_acc= 71.19%
INFO - 09/13/26 23:27:49 - 0:02:44 - Epoch 97: train_loss=0.8736420273780823, train_acc= 71.51%
INFO - 09/13/26 23:27:49 - 0:02:44 - Epoch 98: train_loss=0.8652184009552002, train_acc= 71.91%
INFO - 09/13/26 23:27:49 - 0:02:45 - Epoch 99: train_loss=0.8580824136734009, train_acc= 72.23%
INFO - 09/13/26 23:27:49 - 0:02:45 - Epoch 100: train_loss=0.8546769618988037, train_acc= 71.86%
INFO - 09/13/26 23:27:49 - 0:02:45 - Epoch 100: val_loss=0.8088248372077942, val_acc= 74.49%,val_weighted_f1= 73.22,val_macro_f1= 63.87%
INFO - 09/13/26 23:27:50 - 0:02:45 - Epoch 101: train_loss=0.8465930223464966, train_acc= 72.28%
INFO - 09/13/26 23:27:50 - 0:02:45 - Epoch 102: train_loss=0.8387333154678345, train_acc= 72.21%
INFO - 09/13/26 23:27:50 - 0:02:45 - Epoch 103: train_loss=0.8330207467079163, train_acc= 72.70%
INFO - 09/13/26 23:27:50 - 0:02:46 - Epoch 104: train_loss=0.8250044584274292, train_acc= 73.32%
INFO - 09/13/26 23:27:50 - 0:02:46 - Epoch 105: train_loss=0.8166133165359497, train_acc= 73.45%
INFO - 09/13/26 23:27:50 - 0:02:46 - Epoch 105: val_loss=0.7824158072471619, val_acc= 75.43%,val_weighted_f1= 74.58,val_macro_f1= 66.74%
INFO - 09/13/26 23:27:51 - 0:02:46 - Epoch 106: train_loss=0.8206363320350647, train_acc= 73.55%
INFO - 09/13/26 23:27:51 - 0:02:46 - Epoch 107: train_loss=0.8156266212463379, train_acc= 73.35%
INFO - 09/13/26 23:27:51 - 0:02:47 - Epoch 108: train_loss=0.8021326065063477, train_acc= 74.11%
INFO - 09/13/26 23:27:51 - 0:02:47 - Epoch 109: train_loss=0.7978338003158569, train_acc= 73.64%
INFO - 09/13/26 23:27:51 - 0:02:47 - Epoch 110: train_loss=0.7943558692932129, train_acc= 74.18%
INFO - 09/13/26 23:27:52 - 0:02:47 - Epoch 110: val_loss=0.7580116987228394, val_acc= 76.41%,val_weighted_f1= 75.81,val_macro_f1= 69.12%
INFO - 09/13/26 23:27:52 - 0:02:47 - Epoch 111: train_loss=0.7871357798576355, train_acc= 74.55%
INFO - 09/13/26 23:27:52 - 0:02:47 - Epoch 112: train_loss=0.7795732617378235, train_acc= 74.46%
INFO - 09/13/26 23:27:52 - 0:02:48 - Epoch 113: train_loss=0.7756622433662415, train_acc= 75.15%
INFO - 09/13/26 23:27:52 - 0:02:48 - Epoch 114: train_loss=0.7690975069999695, train_acc= 75.23%
INFO - 09/13/26 23:27:53 - 0:02:48 - Epoch 115: train_loss=0.7682712078094482, train_acc= 75.27%
INFO - 09/13/26 23:27:53 - 0:02:48 - Epoch 115: val_loss=0.7319214940071106, val_acc= 77.44%,val_weighted_f1= 77.06,val_macro_f1= 72.00%
INFO - 09/13/26 23:27:53 - 0:02:48 - Epoch 116: train_loss=0.7564353346824646, train_acc= 75.15%
INFO - 09/13/26 23:27:53 - 0:02:49 - Epoch 117: train_loss=0.7552751302719116, train_acc= 75.52%
INFO - 09/13/26 23:27:53 - 0:02:49 - Epoch 118: train_loss=0.7545943856239319, train_acc= 75.67%
INFO - 09/13/26 23:27:53 - 0:02:49 - Epoch 119: train_loss=0.752457320690155, train_acc= 76.19%
INFO - 09/13/26 23:27:54 - 0:02:49 - Epoch 120: train_loss=0.742368221282959, train_acc= 76.30%
INFO - 09/13/26 23:27:54 - 0:02:49 - Epoch 120: val_loss=0.7141280770301819, val_acc= 78.16%,val_weighted_f1= 77.91,val_macro_f1= 73.60%
INFO - 09/13/26 23:27:54 - 0:02:49 - Epoch 121: train_loss=0.7412441372871399, train_acc= 75.84%
INFO - 09/13/26 23:27:54 - 0:02:50 - Epoch 122: train_loss=0.732836902141571, train_acc= 76.26%
INFO - 09/13/26 23:27:54 - 0:02:50 - Epoch 123: train_loss=0.7261506915092468, train_acc= 76.73%
INFO - 09/13/26 23:27:55 - 0:02:50 - Epoch 124: train_loss=0.7239087820053101, train_acc= 76.14%
INFO - 09/13/26 23:27:55 - 0:02:50 - Epoch 125: train_loss=0.7182613015174866, train_acc= 77.05%
INFO - 09/13/26 23:27:55 - 0:02:50 - Epoch 125: val_loss=0.6972061991691589, val_acc= 79.06%,val_weighted_f1= 78.88,val_macro_f1= 75.25%
INFO - 09/13/26 23:27:55 - 0:02:50 - Epoch 126: train_loss=0.7204641103744507, train_acc= 77.01%
INFO - 09/13/26 23:27:55 - 0:02:51 - Epoch 127: train_loss=0.7098581194877625, train_acc= 77.15%
INFO - 09/13/26 23:27:55 - 0:02:51 - Epoch 128: train_loss=0.7112415432929993, train_acc= 76.97%
INFO - 09/13/26 23:27:56 - 0:02:51 - Epoch 129: train_loss=0.707665741443634, train_acc= 76.91%
INFO - 09/13/26 23:27:56 - 0:02:51 - Epoch 130: train_loss=0.704798698425293, train_acc= 77.15%
INFO - 09/13/26 23:27:56 - 0:02:51 - Epoch 130: val_loss=0.6838259696960449, val_acc= 79.53%,val_weighted_f1= 79.39,val_macro_f1= 76.06%
INFO - 09/13/26 23:27:56 - 0:02:52 - Epoch 131: train_loss=0.6942775845527649, train_acc= 77.87%
INFO - 09/13/26 23:27:56 - 0:02:52 - Epoch 132: train_loss=0.6985620856285095, train_acc= 77.41%
INFO - 09/13/26 23:27:56 - 0:02:52 - Epoch 133: train_loss=0.6900812387466431, train_acc= 77.57%
INFO - 09/13/26 23:27:57 - 0:02:52 - Epoch 134: train_loss=0.6930047869682312, train_acc= 77.45%
INFO - 09/13/26 23:27:57 - 0:02:52 - Epoch 135: train_loss=0.6887331008911133, train_acc= 77.77%
INFO - 09/13/26 23:27:57 - 0:02:52 - Epoch 135: val_loss=0.6692084670066833, val_acc= 80.04%,val_weighted_f1= 79.92,val_macro_f1= 77.03%
INFO - 09/13/26 23:27:57 - 0:02:53 - Epoch 136: train_loss=0.681572675704956, train_acc= 77.87%
INFO - 09/13/26 23:27:57 - 0:02:53 - Epoch 137: train_loss=0.6827786564826965, train_acc= 77.70%
INFO - 09/13/26 23:27:58 - 0:02:53 - Epoch 138: train_loss=0.6794722080230713, train_acc= 78.19%
INFO - 09/13/26 23:27:58 - 0:02:53 - Epoch 139: train_loss=0.6755452752113342, train_acc= 78.18%
INFO - 09/13/26 23:27:58 - 0:02:53 - Epoch 140: train_loss=0.6709804534912109, train_acc= 77.81%
INFO - 09/13/26 23:27:58 - 0:02:53 - Epoch 140: val_loss=0.6576836109161377, val_acc= 80.43%,val_weighted_f1= 80.36,val_macro_f1= 77.67%
INFO - 09/13/26 23:27:58 - 0:02:54 - Epoch 141: train_loss=0.6648229360580444, train_acc= 78.59%
INFO - 09/13/26 23:27:58 - 0:02:54 - Epoch 142: train_loss=0.6711754202842712, train_acc= 78.28%
INFO - 09/13/26 23:27:59 - 0:02:54 - Epoch 143: train_loss=0.6563628911972046, train_acc= 78.74%
INFO - 09/13/26 23:27:59 - 0:02:54 - Epoch 144: train_loss=0.6631199717521667, train_acc= 78.78%
INFO - 09/13/26 23:27:59 - 0:02:54 - Epoch 145: train_loss=0.6617829203605652, train_acc= 78.24%
INFO - 09/13/26 23:27:59 - 0:02:55 - Epoch 145: val_loss=0.6522250771522522, val_acc= 80.21%,val_weighted_f1= 80.17,val_macro_f1= 77.54%
EarlyStopping counter: 1 out of 15
INFO - 09/13/26 23:27:59 - 0:02:55 - Epoch 146: train_loss=0.6494377255439758, train_acc= 78.92%
INFO - 09/13/26 23:27:59 - 0:02:55 - Epoch 147: train_loss=0.6495469212532043, train_acc= 79.12%
INFO - 09/13/26 23:28:00 - 0:02:55 - Epoch 148: train_loss=0.6491296291351318, train_acc= 79.01%
INFO - 09/13/26 23:28:00 - 0:02:55 - Epoch 149: train_loss=0.6421575546264648, train_acc= 79.42%
INFO - 09/13/26 23:28:00 - 0:02:56 - Epoch 150: train_loss=0.6413609981536865, train_acc= 79.29%
INFO - 09/13/26 23:28:00 - 0:02:56 - Epoch 150: val_loss=0.6412728428840637, val_acc= 80.98%,val_weighted_f1= 80.96,val_macro_f1= 78.35%
INFO - 09/13/26 23:28:00 - 0:02:56 - Epoch 151: train_loss=0.6447260975837708, train_acc= 78.96%
INFO - 09/13/26 23:28:01 - 0:02:56 - Epoch 152: train_loss=0.6411616802215576, train_acc= 79.23%
INFO - 09/13/26 23:28:01 - 0:02:56 - Epoch 153: train_loss=0.6354285478591919, train_acc= 79.03%
INFO - 09/13/26 23:28:01 - 0:02:56 - Epoch 154: train_loss=0.640170156955719, train_acc= 78.83%
INFO - 09/13/26 23:28:01 - 0:02:57 - Epoch 155: train_loss=0.632051408290863, train_acc= 79.56%
INFO - 09/13/26 23:28:01 - 0:02:57 - Epoch 155: val_loss=0.6324508786201477, val_acc= 81.07%,val_weighted_f1= 81.01,val_macro_f1= 78.57%
INFO - 09/13/26 23:28:01 - 0:02:57 - Epoch 156: train_loss=0.6383578181266785, train_acc= 79.05%
INFO - 09/13/26 23:28:02 - 0:02:57 - Epoch 157: train_loss=0.6323750615119934, train_acc= 79.56%
INFO - 09/13/26 23:28:02 - 0:02:57 - Epoch 158: train_loss=0.6279823780059814, train_acc= 79.45%
INFO - 09/13/26 23:28:02 - 0:02:57 - Epoch 159: train_loss=0.6256762742996216, train_acc= 79.63%
INFO - 09/13/26 23:28:02 - 0:02:58 - Epoch 160: train_loss=0.6221106648445129, train_acc= 79.55%
INFO - 09/13/26 23:28:02 - 0:02:58 - Epoch 160: val_loss=0.6240072846412659, val_acc= 81.24%,val_weighted_f1= 81.20,val_macro_f1= 79.05%
INFO - 09/13/26 23:28:02 - 0:02:58 - Epoch 161: train_loss=0.6271558403968811, train_acc= 79.77%
INFO - 09/13/26 23:28:03 - 0:02:58 - Epoch 162: train_loss=0.6214620471000671, train_acc= 79.50%
INFO - 09/13/26 23:28:03 - 0:02:58 - Epoch 163: train_loss=0.6155619621276855, train_acc= 80.00%
INFO - 09/13/26 23:28:03 - 0:02:59 - Epoch 164: train_loss=0.6144871711730957, train_acc= 79.90%
INFO - 09/13/26 23:28:03 - 0:02:59 - Epoch 165: train_loss=0.6135334372520447, train_acc= 79.58%
INFO - 09/13/26 23:28:03 - 0:02:59 - Epoch 165: val_loss=0.6179836988449097, val_acc= 81.37%,val_weighted_f1= 81.32,val_macro_f1= 79.24%
INFO - 09/13/26 23:28:04 - 0:02:59 - Epoch 166: train_loss=0.6127575635910034, train_acc= 79.87%
INFO - 09/13/26 23:28:04 - 0:02:59 - Epoch 167: train_loss=0.6086164712905884, train_acc= 80.07%
INFO - 09/13/26 23:28:04 - 0:02:59 - Epoch 168: train_loss=0.6080816388130188, train_acc= 80.13%
INFO - 09/13/26 23:28:04 - 0:03:00 - Epoch 169: train_loss=0.6035545468330383, train_acc= 80.53%
INFO - 09/13/26 23:28:04 - 0:03:00 - Epoch 170: train_loss=0.6029230952262878, train_acc= 80.16%
INFO - 09/13/26 23:28:04 - 0:03:00 - Epoch 170: val_loss=0.6133844256401062, val_acc= 81.28%,val_weighted_f1= 81.27,val_macro_f1= 79.09%
EarlyStopping counter: 1 out of 15
INFO - 09/13/26 23:28:05 - 0:03:00 - Epoch 171: train_loss=0.5982017517089844, train_acc= 80.40%
INFO - 09/13/26 23:28:05 - 0:03:00 - Epoch 172: train_loss=0.6028100252151489, train_acc= 80.15%
INFO - 09/13/26 23:28:05 - 0:03:00 - Epoch 173: train_loss=0.6043393015861511, train_acc= 80.34%
INFO - 09/13/26 23:28:05 - 0:03:01 - Epoch 174: train_loss=0.6023401021957397, train_acc= 80.66%
INFO - 09/13/26 23:28:05 - 0:03:01 - Epoch 175: train_loss=0.5961533784866333, train_acc= 80.42%
INFO - 09/13/26 23:28:06 - 0:03:01 - Epoch 175: val_loss=0.6080537438392639, val_acc= 81.71%,val_weighted_f1= 81.69,val_macro_f1= 79.71%
INFO - 09/13/26 23:28:06 - 0:03:01 - Epoch 176: train_loss=0.5972831845283508, train_acc= 80.30%
INFO - 09/13/26 23:28:06 - 0:03:01 - Epoch 177: train_loss=0.6017029285430908, train_acc= 80.20%
INFO - 09/13/26 23:28:06 - 0:03:02 - Epoch 178: train_loss=0.5959963798522949, train_acc= 80.17%
INFO - 09/13/26 23:28:06 - 0:03:02 - Epoch 179: train_loss=0.5940186381340027, train_acc= 80.56%
INFO - 09/13/26 23:28:07 - 0:03:02 - Epoch 180: train_loss=0.5974381566047668, train_acc= 80.40%
INFO - 09/13/26 23:28:07 - 0:03:02 - Epoch 180: val_loss=0.601276159286499, val_acc= 81.58%,val_weighted_f1= 81.59,val_macro_f1= 79.52%
EarlyStopping counter: 1 out of 15
INFO - 09/13/26 23:28:07 - 0:03:02 - Epoch 181: train_loss=0.589629054069519, train_acc= 80.19%
INFO - 09/13/26 23:28:07 - 0:03:02 - Epoch 182: train_loss=0.5906441807746887, train_acc= 80.73%
INFO - 09/13/26 23:28:07 - 0:03:03 - Epoch 183: train_loss=0.5874326229095459, train_acc= 80.96%
INFO - 09/13/26 23:28:07 - 0:03:03 - Epoch 184: train_loss=0.5925649404525757, train_acc= 81.03%
INFO - 09/13/26 23:28:08 - 0:03:03 - Epoch 185: train_loss=0.5825284123420715, train_acc= 80.74%
INFO - 09/13/26 23:28:08 - 0:03:03 - Epoch 185: val_loss=0.5994033217430115, val_acc= 81.79%,val_weighted_f1= 81.78,val_macro_f1= 79.84%
INFO - 09/13/26 23:28:08 - 0:03:03 - Epoch 186: train_loss=0.5854828953742981, train_acc= 81.10%
INFO - 09/13/26 23:28:08 - 0:03:04 - Epoch 187: train_loss=0.579637885093689, train_acc= 80.99%
INFO - 09/13/26 23:28:08 - 0:03:04 - Epoch 188: train_loss=0.5779654383659363, train_acc= 81.04%
INFO - 09/13/26 23:28:08 - 0:03:04 - Epoch 189: train_loss=0.5860302448272705, train_acc= 80.40%
INFO - 09/13/26 23:28:09 - 0:03:04 - Epoch 190: train_loss=0.5847121477127075, train_acc= 80.43%
INFO - 09/13/26 23:28:09 - 0:03:04 - Epoch 190: val_loss=0.5942941904067993, val_acc= 81.84%,val_weighted_f1= 81.85,val_macro_f1= 79.77%
INFO - 09/13/26 23:28:09 - 0:03:04 - Epoch 191: train_loss=0.5750205516815186, train_acc= 81.38%
INFO - 09/13/26 23:28:09 - 0:03:05 - Epoch 192: train_loss=0.5799643993377686, train_acc= 81.36%
INFO - 09/13/26 23:28:09 - 0:03:05 - Epoch 193: train_loss=0.576595664024353, train_acc= 80.96%
INFO - 09/13/26 23:28:10 - 0:03:05 - Epoch 194: train_loss=0.5711942911148071, train_acc= 81.51%
INFO - 09/13/26 23:28:10 - 0:03:05 - Epoch 195: train_loss=0.5732145309448242, train_acc= 81.27%
INFO - 09/13/26 23:28:10 - 0:03:05 - Epoch 195: val_loss=0.5942379236221313, val_acc= 82.01%,val_weighted_f1= 82.00,val_macro_f1= 80.04%
INFO - 09/13/26 23:28:10 - 0:03:06 - Epoch 196: train_loss=0.5699953436851501, train_acc= 81.61%
INFO - 09/13/26 23:28:10 - 0:03:06 - Epoch 197: train_loss=0.5701622366905212, train_acc= 81.28%
INFO - 09/13/26 23:28:10 - 0:03:06 - Epoch 198: train_loss=0.5668700337409973, train_acc= 81.06%
INFO - 09/13/26 23:28:11 - 0:03:06 - Epoch 199: train_loss=0.572704017162323, train_acc= 80.99%
INFO - 09/13/26 23:28:11 - 0:03:06 - Epoch 200: train_loss=0.5700159072875977, train_acc= 81.24%
INFO - 09/13/26 23:28:11 - 0:03:06 - Epoch 200: val_loss=0.5881859064102173, val_acc= 81.92%,val_weighted_f1= 81.94,val_macro_f1= 79.85%
EarlyStopping counter: 1 out of 15
INFO - 09/13/26 23:28:11 - 0:03:07 - Epoch 201: train_loss=0.5711184740066528, train_acc= 81.01%
INFO - 09/13/26 23:28:11 - 0:03:07 - Epoch 202: train_loss=0.5686889290809631, train_acc= 81.19%
INFO - 09/13/26 23:28:12 - 0:03:07 - Epoch 203: train_loss=0.5601910948753357, train_acc= 81.68%
INFO - 09/13/26 23:28:12 - 0:03:07 - Epoch 204: train_loss=0.565157949924469, train_acc= 81.34%
INFO - 09/13/26 23:28:12 - 0:03:07 - Epoch 205: train_loss=0.5673167705535889, train_acc= 81.57%
INFO - 09/13/26 23:28:12 - 0:03:08 - Epoch 205: val_loss=0.5831081867218018, val_acc= 82.18%,val_weighted_f1= 82.19,val_macro_f1= 80.29%
INFO - 09/13/26 23:28:12 - 0:03:08 - Epoch 206: train_loss=0.561122477054596, train_acc= 81.41%
INFO - 09/13/26 23:28:12 - 0:03:08 - Epoch 207: train_loss=0.56111741065979, train_acc= 81.67%
INFO - 09/13/26 23:28:13 - 0:03:08 - Epoch 208: train_loss=0.5559172034263611, train_acc= 81.50%
INFO - 09/13/26 23:28:13 - 0:03:08 - Epoch 209: train_loss=0.5542674660682678, train_acc= 81.57%
INFO - 09/13/26 23:28:13 - 0:03:09 - Epoch 210: train_loss=0.55888432264328, train_acc= 82.03%
INFO - 09/13/26 23:28:13 - 0:03:09 - Epoch 210: val_loss=0.581238329410553, val_acc= 82.26%,val_weighted_f1= 82.24,val_macro_f1= 80.15%
INFO - 09/13/26 23:28:13 - 0:03:09 - Epoch 211: train_loss=0.5587130188941956, train_acc= 81.53%
INFO - 09/13/26 23:28:13 - 0:03:09 - Epoch 212: train_loss=0.5551558136940002, train_acc= 81.68%
INFO - 09/13/26 23:28:14 - 0:03:09 - Epoch 213: train_loss=0.5530906915664673, train_acc= 81.68%
INFO - 09/13/26 23:28:14 - 0:03:09 - Epoch 214: train_loss=0.5584197640419006, train_acc= 81.51%
INFO - 09/13/26 23:28:14 - 0:03:10 - Epoch 215: train_loss=0.5519512295722961, train_acc= 81.66%
INFO - 09/13/26 23:28:14 - 0:03:10 - Epoch 215: val_loss=0.581396758556366, val_acc= 82.31%,val_weighted_f1= 82.31,val_macro_f1= 80.25%
INFO - 09/13/26 23:28:14 - 0:03:10 - Epoch 216: train_loss=0.5473260283470154, train_acc= 81.94%
INFO - 09/13/26 23:28:15 - 0:03:10 - Epoch 217: train_loss=0.5607761144638062, train_acc= 81.61%
INFO - 09/13/26 23:28:15 - 0:03:10 - Epoch 218: train_loss=0.5466246008872986, train_acc= 81.78%
INFO - 09/13/26 23:28:15 - 0:03:11 - Epoch 219: train_loss=0.5499215722084045, train_acc= 81.64%
INFO - 09/13/26 23:28:15 - 0:03:11 - Epoch 220: train_loss=0.5456221103668213, train_acc= 81.75%
INFO - 09/13/26 23:28:15 - 0:03:11 - Epoch 220: val_loss=0.5748066306114197, val_acc= 82.26%,val_weighted_f1= 82.29,val_macro_f1= 80.24%
EarlyStopping counter: 1 out of 15
INFO - 09/13/26 23:28:15 - 0:03:11 - Epoch 221: train_loss=0.5440562963485718, train_acc= 82.22%
INFO - 09/13/26 23:28:16 - 0:03:11 - Epoch 222: train_loss=0.5436824560165405, train_acc= 82.30%
INFO - 09/13/26 23:28:16 - 0:03:11 - Epoch 223: train_loss=0.549663782119751, train_acc= 81.80%
INFO - 09/13/26 23:28:16 - 0:03:12 - Epoch 224: train_loss=0.5447008013725281, train_acc= 82.10%
INFO - 09/13/26 23:28:16 - 0:03:12 - Epoch 225: train_loss=0.5416353344917297, train_acc= 82.15%
INFO - 09/13/26 23:28:16 - 0:03:12 - Epoch 225: val_loss=0.5702130198478699, val_acc= 82.44%,val_weighted_f1= 82.46,val_macro_f1= 80.35%
INFO - 09/13/26 23:28:16 - 0:03:12 - Epoch 226: train_loss=0.5434871315956116, train_acc= 82.07%
INFO - 09/13/26 23:28:17 - 0:03:12 - Epoch 227: train_loss=0.5390272736549377, train_acc= 82.22%
INFO - 09/13/26 23:28:17 - 0:03:12 - Epoch 228: train_loss=0.5381870865821838, train_acc= 82.25%
INFO - 09/13/26 23:28:17 - 0:03:13 - Epoch 229: train_loss=0.5435015559196472, train_acc= 81.78%
INFO - 09/13/26 23:28:17 - 0:03:13 - Epoch 230: train_loss=0.5374096632003784, train_acc= 82.60%
INFO - 09/13/26 23:28:17 - 0:03:13 - Epoch 230: val_loss=0.5688979029655457, val_acc= 82.48%,val_weighted_f1= 82.51,val_macro_f1= 80.37%
INFO - 09/13/26 23:28:18 - 0:03:13 - Epoch 231: train_loss=0.5322065949440002, train_acc= 82.77%
INFO - 09/13/26 23:28:18 - 0:03:13 - Epoch 232: train_loss=0.5351329445838928, train_acc= 83.07%
INFO - 09/13/26 23:28:18 - 0:03:14 - Epoch 233: train_loss=0.5404141545295715, train_acc= 81.95%
INFO - 09/13/26 23:28:18 - 0:03:14 - Epoch 234: train_loss=0.5355938673019409, train_acc= 82.22%
INFO - 09/13/26 23:28:18 - 0:03:14 - Epoch 235: train_loss=0.5323721170425415, train_acc= 82.65%
INFO - 09/13/26 23:28:18 - 0:03:14 - Epoch 235: val_loss=0.5656353235244751, val_acc= 82.56%,val_weighted_f1= 82.57,val_macro_f1= 80.51%
INFO - 09/13/26 23:28:19 - 0:03:14 - Epoch 236: train_loss=0.5423793196678162, train_acc= 82.14%
INFO - 09/13/26 23:28:19 - 0:03:14 - Epoch 237: train_loss=0.5339964628219604, train_acc= 82.00%
INFO - 09/13/26 23:28:19 - 0:03:15 - Epoch 238: train_loss=0.5296122431755066, train_acc= 82.25%
INFO - 09/13/26 23:28:19 - 0:03:15 - Epoch 239: train_loss=0.5298357605934143, train_acc= 82.28%
INFO - 09/13/26 23:28:19 - 0:03:15 - Epoch 240: train_loss=0.5283435583114624, train_acc= 82.37%
INFO - 09/13/26 23:28:19 - 0:03:15 - Epoch 240: val_loss=0.563633918762207, val_acc= 82.56%,val_weighted_f1= 82.60,val_macro_f1= 80.56%
INFO - 09/13/26 23:28:20 - 0:03:15 - Epoch 241: train_loss=0.5277957916259766, train_acc= 82.37%
INFO - 09/13/26 23:28:20 - 0:03:16 - Epoch 242: train_loss=0.5277961492538452, train_acc= 82.64%
INFO - 09/13/26 23:28:20 - 0:03:16 - Epoch 243: train_loss=0.5296447277069092, train_acc= 82.64%
INFO - 09/13/26 23:28:20 - 0:03:16 - Epoch 244: train_loss=0.5315234661102295, train_acc= 82.48%
INFO - 09/13/26 23:28:20 - 0:03:16 - Epoch 245: train_loss=0.5257506370544434, train_acc= 82.62%
INFO - 09/13/26 23:28:21 - 0:03:16 - Epoch 245: val_loss=0.5620235204696655, val_acc= 82.48%,val_weighted_f1= 82.52,val_macro_f1= 80.40%
EarlyStopping counter: 1 out of 15
INFO - 09/13/26 23:28:21 - 0:03:16 - Epoch 246: train_loss=0.525985062122345, train_acc= 82.77%
INFO - 09/13/26 23:28:21 - 0:03:17 - Epoch 247: train_loss=0.5253419876098633, train_acc= 82.57%
INFO - 09/13/26 23:28:21 - 0:03:17 - Epoch 248: train_loss=0.5236014723777771, train_acc= 82.79%
INFO - 09/13/26 23:28:21 - 0:03:17 - Epoch 249: train_loss=0.5202498435974121, train_acc= 82.61%
INFO - 09/13/26 23:28:22 - 0:03:17 - Epoch 250: train_loss=0.528540849685669, train_acc= 82.03%
INFO - 09/13/26 23:28:22 - 0:03:17 - Epoch 250: val_loss=0.5579210519790649, val_acc= 82.78%,val_weighted_f1= 82.80,val_macro_f1= 80.68%
INFO - 09/13/26 23:28:22 - 0:03:17 - Epoch 251: train_loss=0.5186615586280823, train_acc= 82.99%
INFO - 09/13/26 23:28:22 - 0:03:18 - Epoch 252: train_loss=0.5169026851654053, train_acc= 82.84%
INFO - 09/13/26 23:28:22 - 0:03:18 - Epoch 253: train_loss=0.5209624171257019, train_acc= 83.04%
INFO - 09/13/26 23:28:22 - 0:03:18 - Epoch 254: train_loss=0.5180107951164246, train_acc= 82.89%
INFO - 09/13/26 23:28:23 - 0:03:18 - Epoch 255: train_loss=0.5211963653564453, train_acc= 82.69%
INFO - 09/13/26 23:28:23 - 0:03:18 - Epoch 255: val_loss=0.5575020909309387, val_acc= 82.65%,val_weighted_f1= 82.69,val_macro_f1= 80.70%
EarlyStopping counter: 1 out of 15
INFO - 09/13/26 23:28:23 - 0:03:19 - Epoch 256: train_loss=0.5181711912155151, train_acc= 82.61%
INFO - 09/13/26 23:28:23 - 0:03:19 - Epoch 257: train_loss=0.5198447704315186, train_acc= 82.54%
INFO - 09/13/26 23:28:23 - 0:03:19 - Epoch 258: train_loss=0.5151718854904175, train_acc= 82.97%
INFO - 09/13/26 23:28:24 - 0:03:19 - Epoch 259: train_loss=0.5163111686706543, train_acc= 82.77%
INFO - 09/13/26 23:28:24 - 0:03:19 - Epoch 260: train_loss=0.5175569653511047, train_acc= 82.71%
INFO - 09/13/26 23:28:24 - 0:03:19 - Epoch 260: val_loss=0.5553503632545471, val_acc= 82.74%,val_weighted_f1= 82.77,val_macro_f1= 80.62%
EarlyStopping counter: 2 out of 15
INFO - 09/13/26 23:28:24 - 0:03:20 - Epoch 261: train_loss=0.5160075426101685, train_acc= 82.92%
INFO - 09/13/26 23:28:24 - 0:03:20 - Epoch 262: train_loss=0.517368495464325, train_acc= 82.92%
INFO - 09/13/26 23:28:24 - 0:03:20 - Epoch 263: train_loss=0.5101116299629211, train_acc= 83.34%
INFO - 09/13/26 23:28:25 - 0:03:20 - Epoch 264: train_loss=0.5115218758583069, train_acc= 83.36%
INFO - 09/13/26 23:28:25 - 0:03:20 - Epoch 265: train_loss=0.5179958939552307, train_acc= 83.05%
INFO - 09/13/26 23:28:25 - 0:03:20 - Epoch 265: val_loss=0.5527748465538025, val_acc= 82.91%,val_weighted_f1= 82.93,val_macro_f1= 80.91%
INFO - 09/13/26 23:28:25 - 0:03:21 - Epoch 266: train_loss=0.5139983296394348, train_acc= 82.71%
INFO - 09/13/26 23:28:25 - 0:03:21 - Epoch 267: train_loss=0.5141623020172119, train_acc= 83.25%
INFO - 09/13/26 23:28:25 - 0:03:21 - Epoch 268: train_loss=0.5073779225349426, train_acc= 83.08%
INFO - 09/13/26 23:28:26 - 0:03:21 - Epoch 269: train_loss=0.5067388415336609, train_acc= 83.21%
INFO - 09/13/26 23:28:26 - 0:03:21 - Epoch 270: train_loss=0.5074796676635742, train_acc= 82.77%
INFO - 09/13/26 23:28:26 - 0:03:22 - Epoch 270: val_loss=0.5494722127914429, val_acc= 82.95%,val_weighted_f1= 82.96,val_macro_f1= 81.00%
INFO - 09/13/26 23:28:26 - 0:03:22 - Epoch 271: train_loss=0.5112888813018799, train_acc= 83.28%
INFO - 09/13/26 23:28:26 - 0:03:22 - Epoch 272: train_loss=0.5132656097412109, train_acc= 83.19%
INFO - 09/13/26 23:28:27 - 0:03:22 - Epoch 273: train_loss=0.5079918503761292, train_acc= 83.49%
INFO - 09/13/26 23:28:27 - 0:03:22 - Epoch 274: train_loss=0.5047355890274048, train_acc= 83.14%
INFO - 09/13/26 23:28:27 - 0:03:23 - Epoch 275: train_loss=0.5039520859718323, train_acc= 83.44%
INFO - 09/13/26 23:28:27 - 0:03:23 - Epoch 275: val_loss=0.5497971177101135, val_acc= 82.86%,val_weighted_f1= 82.88,val_macro_f1= 80.83%
EarlyStopping counter: 1 out of 15
INFO - 09/13/26 23:28:27 - 0:03:23 - Epoch 276: train_loss=0.5012372732162476, train_acc= 83.69%
INFO - 09/13/26 23:28:27 - 0:03:23 - Epoch 277: train_loss=0.5054200887680054, train_acc= 83.05%
INFO - 09/13/26 23:28:28 - 0:03:23 - Epoch 278: train_loss=0.5113398432731628, train_acc= 83.15%
INFO - 09/13/26 23:28:28 - 0:03:23 - Epoch 279: train_loss=0.49731671810150146, train_acc= 83.78%
INFO - 09/13/26 23:28:28 - 0:03:24 - Epoch 280: train_loss=0.5093055963516235, train_acc= 83.04%
INFO - 09/13/26 23:28:28 - 0:03:24 - Epoch 280: val_loss=0.5489025115966797, val_acc= 83.16%,val_weighted_f1= 83.19,val_macro_f1= 81.12%
INFO - 09/13/26 23:28:28 - 0:03:24 - Epoch 281: train_loss=0.5014487504959106, train_acc= 83.46%
INFO - 09/13/26 23:28:28 - 0:03:24 - Epoch 282: train_loss=0.4983604848384857, train_acc= 83.56%
INFO - 09/13/26 23:28:29 - 0:03:24 - Epoch 283: train_loss=0.5017645359039307, train_acc= 83.65%
INFO - 09/13/26 23:28:29 - 0:03:24 - Epoch 284: train_loss=0.4996105432510376, train_acc= 83.68%
INFO - 09/13/26 23:28:29 - 0:03:25 - Epoch 285: train_loss=0.501630961894989, train_acc= 83.49%
INFO - 09/13/26 23:28:29 - 0:03:25 - Epoch 285: val_loss=0.5452868938446045, val_acc= 83.03%,val_weighted_f1= 83.07,val_macro_f1= 81.19%
EarlyStopping counter: 1 out of 15
INFO - 09/13/26 23:28:29 - 0:03:25 - Epoch 286: train_loss=0.5028042197227478, train_acc= 83.28%
INFO - 09/13/26 23:28:30 - 0:03:25 - Epoch 287: train_loss=0.5015650391578674, train_acc= 83.22%
INFO - 09/13/26 23:28:30 - 0:03:25 - Epoch 288: train_loss=0.5036201477050781, train_acc= 83.22%
INFO - 09/13/26 23:28:30 - 0:03:26 - Epoch 289: train_loss=0.5011433362960815, train_acc= 83.45%
INFO - 09/13/26 23:28:30 - 0:03:26 - Epoch 290: train_loss=0.49821221828460693, train_acc= 83.51%
INFO - 09/13/26 23:28:30 - 0:03:26 - Epoch 290: val_loss=0.5420981049537659, val_acc= 83.03%,val_weighted_f1= 83.06,val_macro_f1= 81.16%
EarlyStopping counter: 2 out of 15
INFO - 09/13/26 23:28:30 - 0:03:26 - Epoch 291: train_loss=0.4956449270248413, train_acc= 83.61%
INFO - 09/13/26 23:28:31 - 0:03:26 - Epoch 292: train_loss=0.49934884905815125, train_acc= 83.49%
INFO - 09/13/26 23:28:31 - 0:03:26 - Epoch 293: train_loss=0.4923049509525299, train_acc= 83.96%
INFO - 09/13/26 23:28:31 - 0:03:27 - Epoch 294: train_loss=0.4969419538974762, train_acc= 83.52%
INFO - 09/13/26 23:28:31 - 0:03:27 - Epoch 295: train_loss=0.49375882744789124, train_acc= 83.63%
INFO - 09/13/26 23:28:31 - 0:03:27 - Epoch 295: val_loss=0.5440797209739685, val_acc= 83.16%,val_weighted_f1= 83.19,val_macro_f1= 81.11%
INFO - 09/13/26 23:28:32 - 0:03:27 - Epoch 296: train_loss=0.49154940247535706, train_acc= 83.52%
INFO - 09/13/26 23:28:32 - 0:03:27 - Epoch 297: train_loss=0.49173587560653687, train_acc= 83.81%
INFO - 09/13/26 23:28:32 - 0:03:28 - Epoch 298: train_loss=0.4969661235809326, train_acc= 83.38%
INFO - 09/13/26 23:28:32 - 0:03:28 - Epoch 299: train_loss=0.4902445673942566, train_acc= 83.82%
INFO - 09/13/26 23:28:32 - 0:03:28 - Epoch 300: train_loss=0.491728276014328, train_acc= 83.68%
INFO - 09/13/26 23:28:32 - 0:03:28 - Epoch 300: val_loss=0.540884792804718, val_acc= 83.33%,val_weighted_f1= 83.37,val_macro_f1= 81.38%
INFO - 09/13/26 23:28:33 - 0:03:28 - Epoch 301: train_loss=0.49070972204208374, train_acc= 83.82%
INFO - 09/13/26 23:28:33 - 0:03:28 - Epoch 302: train_loss=0.49174800515174866, train_acc= 83.62%
INFO - 09/13/26 23:28:33 - 0:03:29 - Epoch 303: train_loss=0.49284613132476807, train_acc= 83.82%
INFO - 09/13/26 23:28:33 - 0:03:29 - Epoch 304: train_loss=0.487726628780365, train_acc= 83.89%
INFO - 09/13/26 23:28:33 - 0:03:29 - Epoch 305: train_loss=0.49010685086250305, train_acc= 83.55%
INFO - 09/13/26 23:28:34 - 0:03:29 - Epoch 305: val_loss=0.5365169048309326, val_acc= 83.33%,val_weighted_f1= 83.34,val_macro_f1= 81.53%
INFO - 09/13/26 23:28:34 - 0:03:29 - Epoch 306: train_loss=0.4873303174972534, train_acc= 84.10%
INFO - 09/13/26 23:28:34 - 0:03:29 - Epoch 307: train_loss=0.4918271005153656, train_acc= 83.86%
INFO - 09/13/26 23:28:34 - 0:03:30 - Epoch 308: train_loss=0.49220138788223267, train_acc= 83.85%
INFO - 09/13/26 23:28:34 - 0:03:30 - Epoch 309: train_loss=0.4876096546649933, train_acc= 84.12%
INFO - 09/13/26 23:28:35 - 0:03:30 - Epoch 310: train_loss=0.4898069500923157, train_acc= 83.61%
INFO - 09/13/26 23:28:35 - 0:03:30 - Epoch 310: val_loss=0.5378979444503784, val_acc= 83.21%,val_weighted_f1= 83.25,val_macro_f1= 81.41%
EarlyStopping counter: 1 out of 15
INFO - 09/13/26 23:28:35 - 0:03:30 - Epoch 311: train_loss=0.4839616119861603, train_acc= 84.10%
INFO - 09/13/26 23:28:35 - 0:03:31 - Epoch 312: train_loss=0.4845738112926483, train_acc= 83.92%
INFO - 09/13/26 23:28:35 - 0:03:31 - Epoch 313: train_loss=0.48625245690345764, train_acc= 84.08%
INFO - 09/13/26 23:28:35 - 0:03:31 - Epoch 314: train_loss=0.48757117986679077, train_acc= 83.72%
INFO - 09/13/26 23:28:36 - 0:03:31 - Epoch 315: train_loss=0.4831303656101227, train_acc= 83.99%
INFO - 09/13/26 23:28:36 - 0:03:31 - Epoch 315: val_loss=0.535470187664032, val_acc= 83.46%,val_weighted_f1= 83.48,val_macro_f1= 81.54%
INFO - 09/13/26 23:28:36 - 0:03:31 - Epoch 316: train_loss=0.4861297905445099, train_acc= 84.03%
INFO - 09/13/26 23:28:36 - 0:03:32 - Epoch 317: train_loss=0.4797284007072449, train_acc= 84.06%
INFO - 09/13/26 23:28:36 - 0:03:32 - Epoch 318: train_loss=0.48186618089675903, train_acc= 84.09%
INFO - 09/13/26 23:28:37 - 0:03:32 - Epoch 319: train_loss=0.48507314920425415, train_acc= 83.85%
INFO - 09/13/26 23:28:37 - 0:03:32 - Epoch 320: train_loss=0.4796730875968933, train_acc= 84.08%
INFO - 09/13/26 23:28:37 - 0:03:32 - Epoch 320: val_loss=0.5369662046432495, val_acc= 83.38%,val_weighted_f1= 83.44,val_macro_f1= 81.64%
EarlyStopping counter: 1 out of 15
INFO - 09/13/26 23:28:37 - 0:03:32 - Epoch 321: train_loss=0.48056283593177795, train_acc= 83.83%
INFO - 09/13/26 23:28:37 - 0:03:33 - Epoch 322: train_loss=0.4816190004348755, train_acc= 83.96%
INFO - 09/13/26 23:28:37 - 0:03:33 - Epoch 323: train_loss=0.4821433126926422, train_acc= 83.99%
INFO - 09/13/26 23:28:38 - 0:03:33 - Epoch 324: train_loss=0.48233166337013245, train_acc= 84.23%
INFO - 09/13/26 23:28:38 - 0:03:33 - Epoch 325: train_loss=0.4810487627983093, train_acc= 84.32%
INFO - 09/13/26 23:28:38 - 0:03:33 - Epoch 325: val_loss=0.5336660146713257, val_acc= 83.42%,val_weighted_f1= 83.44,val_macro_f1= 81.51%
EarlyStopping counter: 2 out of 15
INFO - 09/13/26 23:28:38 - 0:03:34 - Epoch 326: train_loss=0.4783347249031067, train_acc= 84.20%
INFO - 09/13/26 23:28:38 - 0:03:34 - Epoch 327: train_loss=0.47455310821533203, train_acc= 84.25%
INFO - 09/13/26 23:28:38 - 0:03:34 - Epoch 328: train_loss=0.47489476203918457, train_acc= 84.66%
INFO - 09/13/26 23:28:39 - 0:03:34 - Epoch 329: train_loss=0.4746849238872528, train_acc= 84.60%
INFO - 09/13/26 23:28:39 - 0:03:34 - Epoch 330: train_loss=0.47479894757270813, train_acc= 84.45%
INFO - 09/13/26 23:28:39 - 0:03:34 - Epoch 330: val_loss=0.5321274399757385, val_acc= 83.55%,val_weighted_f1= 83.57,val_macro_f1= 81.73%
INFO - 09/13/26 23:28:39 - 0:03:35 - Epoch 331: train_loss=0.48152509331703186, train_acc= 83.85%
INFO - 09/13/26 23:28:39 - 0:03:35 - Epoch 332: train_loss=0.47396335005760193, train_acc= 84.25%
INFO - 09/13/26 23:28:40 - 0:03:35 - Epoch 333: train_loss=0.4743174910545349, train_acc= 84.06%
INFO - 09/13/26 23:28:40 - 0:03:35 - Epoch 334: train_loss=0.47168922424316406, train_acc= 84.33%
INFO - 09/13/26 23:28:40 - 0:03:35 - Epoch 335: train_loss=0.47119975090026855, train_acc= 84.40%
INFO - 09/13/26 23:28:40 - 0:03:36 - Epoch 335: val_loss=0.5330036282539368, val_acc= 83.38%,val_weighted_f1= 83.42,val_macro_f1= 81.38%
EarlyStopping counter: 1 out of 15
INFO - 09/13/26 23:28:40 - 0:03:36 - Epoch 336: train_loss=0.47034353017807007, train_acc= 84.18%
INFO - 09/13/26 23:28:40 - 0:03:36 - Epoch 337: train_loss=0.4730782210826874, train_acc= 84.18%
INFO - 09/13/26 23:28:41 - 0:03:36 - Epoch 338: train_loss=0.47264420986175537, train_acc= 84.40%
INFO - 09/13/26 23:28:41 - 0:03:36 - Epoch 339: train_loss=0.4716576039791107, train_acc= 84.59%
INFO - 09/13/26 23:28:41 - 0:03:37 - Epoch 340: train_loss=0.46879351139068604, train_acc= 84.59%
INFO - 09/13/26 23:28:41 - 0:03:37 - Epoch 340: val_loss=0.5299028158187866, val_acc= 83.50%,val_weighted_f1= 83.53,val_macro_f1= 81.62%
EarlyStopping counter: 2 out of 15
INFO - 09/13/26 23:28:41 - 0:03:37 - Epoch 341: train_loss=0.46885961294174194, train_acc= 84.52%
INFO - 09/13/26 23:28:42 - 0:03:37 - Epoch 342: train_loss=0.47133031487464905, train_acc= 84.23%
INFO - 09/13/26 23:28:42 - 0:03:37 - Epoch 343: train_loss=0.4685230255126953, train_acc= 84.08%
INFO - 09/13/26 23:28:42 - 0:03:37 - Epoch 344: train_loss=0.46724268794059753, train_acc= 84.36%
INFO - 09/13/26 23:28:42 - 0:03:38 - Epoch 345: train_loss=0.4658687114715576, train_acc= 84.67%
INFO - 09/13/26 23:28:42 - 0:03:38 - Epoch 345: val_loss=0.528069257736206, val_acc= 83.59%,val_weighted_f1= 83.59,val_macro_f1= 81.71%
INFO - 09/13/26 23:28:42 - 0:03:38 - Epoch 346: train_loss=0.45723262429237366, train_acc= 84.79%
INFO - 09/13/26 23:28:43 - 0:03:38 - Epoch 347: train_loss=0.46811041235923767, train_acc= 84.55%
INFO - 09/13/26 23:28:43 - 0:03:38 - Epoch 348: train_loss=0.4651975631713867, train_acc= 84.19%
INFO - 09/13/26 23:28:43 - 0:03:38 - Epoch 349: train_loss=0.4618821144104004, train_acc= 84.56%
INFO - 09/13/26 23:28:43 - 0:03:39 - Epoch 350: train_loss=0.46784037351608276, train_acc= 84.73%
INFO - 09/13/26 23:28:43 - 0:03:39 - Epoch 350: val_loss=0.529899001121521, val_acc= 83.50%,val_weighted_f1= 83.54,val_macro_f1= 81.72%
EarlyStopping counter: 1 out of 15
INFO - 09/13/26 23:28:43 - 0:03:39 - Epoch 351: train_loss=0.46575692296028137, train_acc= 84.56%
INFO - 09/13/26 23:28:44 - 0:03:39 - Epoch 352: train_loss=0.46653440594673157, train_acc= 84.69%
INFO - 09/13/26 23:28:44 - 0:03:39 - Epoch 353: train_loss=0.46819308400154114, train_acc= 84.63%
INFO - 09/13/26 23:28:44 - 0:03:40 - Epoch 354: train_loss=0.46267837285995483, train_acc= 84.46%
INFO - 09/13/26 23:28:44 - 0:03:40 - Epoch 355: train_loss=0.46254825592041016, train_acc= 84.72%
INFO - 09/13/26 23:28:44 - 0:03:40 - Epoch 355: val_loss=0.5317811369895935, val_acc= 83.38%,val_weighted_f1= 83.41,val_macro_f1= 81.53%
EarlyStopping counter: 2 out of 15
INFO - 09/13/26 23:28:45 - 0:03:40 - Epoch 356: train_loss=0.46569547057151794, train_acc= 84.59%
INFO - 09/13/26 23:28:45 - 0:03:40 - Epoch 357: train_loss=0.465139240026474, train_acc= 84.42%
INFO - 09/13/26 23:28:45 - 0:03:40 - Epoch 358: train_loss=0.4596632719039917, train_acc= 84.77%
INFO - 09/13/26 23:28:45 - 0:03:41 - Epoch 359: train_loss=0.45711541175842285, train_acc= 84.72%
INFO - 09/13/26 23:28:45 - 0:03:41 - Epoch 360: train_loss=0.4589764475822449, train_acc= 84.42%
INFO - 09/13/26 23:28:45 - 0:03:41 - Epoch 360: val_loss=0.5281566381454468, val_acc= 83.46%,val_weighted_f1= 83.48,val_macro_f1= 81.85%
EarlyStopping counter: 3 out of 15
INFO - 09/13/26 23:28:46 - 0:03:41 - Epoch 361: train_loss=0.45750364661216736, train_acc= 84.67%
INFO - 09/13/26 23:28:46 - 0:03:41 - Epoch 362: train_loss=0.4583209753036499, train_acc= 84.46%
INFO - 09/13/26 23:28:46 - 0:03:41 - Epoch 363: train_loss=0.4578898251056671, train_acc= 84.70%
INFO - 09/13/26 23:28:46 - 0:03:42 - Epoch 364: train_loss=0.45919036865234375, train_acc= 84.80%
INFO - 09/13/26 23:28:46 - 0:03:42 - Epoch 365: train_loss=0.45792990922927856, train_acc= 84.73%
INFO - 09/13/26 23:28:47 - 0:03:42 - Epoch 365: val_loss=0.5256578326225281, val_acc= 83.46%,val_weighted_f1= 83.49,val_macro_f1= 81.85%
EarlyStopping counter: 4 out of 15
INFO - 09/13/26 23:28:47 - 0:03:42 - Epoch 366: train_loss=0.4598176181316376, train_acc= 84.67%
INFO - 09/13/26 23:28:47 - 0:03:42 - Epoch 367: train_loss=0.4537750482559204, train_acc= 85.10%
INFO - 09/13/26 23:28:47 - 0:03:43 - Epoch 368: train_loss=0.46049684286117554, train_acc= 84.65%
INFO - 09/13/26 23:28:47 - 0:03:43 - Epoch 369: train_loss=0.4545321464538574, train_acc= 84.86%
INFO - 09/13/26 23:28:47 - 0:03:43 - Epoch 370: train_loss=0.4577207565307617, train_acc= 84.83%
INFO - 09/13/26 23:28:48 - 0:03:43 - Epoch 370: val_loss=0.5258687734603882, val_acc= 83.33%,val_weighted_f1= 83.37,val_macro_f1= 81.54%
EarlyStopping counter: 5 out of 15
INFO - 09/13/26 23:28:48 - 0:03:43 - Epoch 371: train_loss=0.45148634910583496, train_acc= 84.77%
INFO - 09/13/26 23:28:48 - 0:03:43 - Epoch 372: train_loss=0.4552903473377228, train_acc= 84.90%
INFO - 09/13/26 23:28:48 - 0:03:44 - Epoch 373: train_loss=0.45187297463417053, train_acc= 84.93%
INFO - 09/13/26 23:28:48 - 0:03:44 - Epoch 374: train_loss=0.45452478528022766, train_acc= 84.80%
INFO - 09/13/26 23:28:49 - 0:03:44 - Epoch 375: train_loss=0.4522797465324402, train_acc= 84.96%
INFO - 09/13/26 23:28:49 - 0:03:44 - Epoch 375: val_loss=0.5245629549026489, val_acc= 83.59%,val_weighted_f1= 83.62,val_macro_f1= 82.09%
INFO - 09/13/26 23:28:49 - 0:03:44 - Epoch 376: train_loss=0.45645269751548767, train_acc= 85.23%
INFO - 09/13/26 23:28:49 - 0:03:45 - Epoch 377: train_loss=0.44893574714660645, train_acc= 85.30%
INFO - 09/13/26 23:28:49 - 0:03:45 - Epoch 378: train_loss=0.4578222334384918, train_acc= 84.57%
INFO - 09/13/26 23:28:49 - 0:03:45 - Epoch 379: train_loss=0.4510708451271057, train_acc= 85.26%
INFO - 09/13/26 23:28:50 - 0:03:45 - Epoch 380: train_loss=0.45642074942588806, train_acc= 84.70%
INFO - 09/13/26 23:28:50 - 0:03:45 - Epoch 380: val_loss=0.5229951739311218, val_acc= 83.76%,val_weighted_f1= 83.78,val_macro_f1= 82.11%
INFO - 09/13/26 23:28:50 - 0:03:45 - Epoch 381: train_loss=0.44752252101898193, train_acc= 85.03%
INFO - 09/13/26 23:28:50 - 0:03:46 - Epoch 382: train_loss=0.45043209195137024, train_acc= 84.80%
INFO - 09/13/26 23:28:50 - 0:03:46 - Epoch 383: train_loss=0.4558313488960266, train_acc= 84.76%
INFO - 09/13/26 23:28:51 - 0:03:46 - Epoch 384: train_loss=0.452882319688797, train_acc= 85.02%
INFO - 09/13/26 23:28:51 - 0:03:46 - Epoch 385: train_loss=0.44881218671798706, train_acc= 85.09%
INFO - 09/13/26 23:28:51 - 0:03:46 - Epoch 385: val_loss=0.5211374163627625, val_acc= 83.76%,val_weighted_f1= 83.79,val_macro_f1= 82.13%
INFO - 09/13/26 23:28:51 - 0:03:46 - Epoch 386: train_loss=0.44707295298576355, train_acc= 84.89%
INFO - 09/13/26 23:28:51 - 0:03:47 - Epoch 387: train_loss=0.450436532497406, train_acc= 84.77%
INFO - 09/13/26 23:28:51 - 0:03:47 - Epoch 388: train_loss=0.44477152824401855, train_acc= 85.26%
INFO - 09/13/26 23:28:52 - 0:03:47 - Epoch 389: train_loss=0.4462352395057678, train_acc= 85.20%
INFO - 09/13/26 23:28:52 - 0:03:47 - Epoch 390: train_loss=0.44584375619888306, train_acc= 85.33%
INFO - 09/13/26 23:28:52 - 0:03:47 - Epoch 390: val_loss=0.5206753611564636, val_acc= 83.50%,val_weighted_f1= 83.55,val_macro_f1= 81.96%
EarlyStopping counter: 1 out of 15
INFO - 09/13/26 23:28:52 - 0:03:48 - Epoch 391: train_loss=0.4474221467971802, train_acc= 85.10%
INFO - 09/13/26 23:28:52 - 0:03:48 - Epoch 392: train_loss=0.4427978992462158, train_acc= 85.49%
INFO - 09/13/26 23:28:52 - 0:03:48 - Epoch 393: train_loss=0.4448944628238678, train_acc= 85.27%
INFO - 09/13/26 23:28:53 - 0:03:48 - Epoch 394: train_loss=0.44397714734077454, train_acc= 84.96%
INFO - 09/13/26 23:28:53 - 0:03:48 - Epoch 395: train_loss=0.4409709572792053, train_acc= 85.26%
INFO - 09/13/26 23:28:53 - 0:03:48 - Epoch 395: val_loss=0.5217902064323425, val_acc= 83.59%,val_weighted_f1= 83.61,val_macro_f1= 81.95%
EarlyStopping counter: 2 out of 15
INFO - 09/13/26 23:28:53 - 0:03:49 - Epoch 396: train_loss=0.4430997371673584, train_acc= 85.27%
INFO - 09/13/26 23:28:53 - 0:03:49 - Epoch 397: train_loss=0.44448888301849365, train_acc= 85.24%
INFO - 09/13/26 23:28:54 - 0:03:49 - Epoch 398: train_loss=0.44180116057395935, train_acc= 85.22%
INFO - 09/13/26 23:28:54 - 0:03:49 - Epoch 399: train_loss=0.4508203864097595, train_acc= 84.93%
INFO - 09/13/26 23:28:54 - 0:03:49 - Epoch 400: train_loss=0.4445371925830841, train_acc= 84.80%
INFO - 09/13/26 23:28:54 - 0:03:49 - Epoch 400: val_loss=0.5214745998382568, val_acc= 83.55%,val_weighted_f1= 83.57,val_macro_f1= 81.92%
EarlyStopping counter: 3 out of 15
INFO - 09/13/26 23:28:54 - 0:03:50 - Epoch 401: train_loss=0.4379696846008301, train_acc= 85.16%
INFO - 09/13/26 23:28:54 - 0:03:50 - Epoch 402: train_loss=0.4387121796607971, train_acc= 85.23%
INFO - 09/13/26 23:28:55 - 0:03:50 - Epoch 403: train_loss=0.4431190490722656, train_acc= 85.44%
INFO - 09/13/26 23:28:55 - 0:03:50 - Epoch 404: train_loss=0.43802163004875183, train_acc= 85.37%
INFO - 09/13/26 23:28:55 - 0:03:50 - Epoch 405: train_loss=0.4381803274154663, train_acc= 85.42%
INFO - 09/13/26 23:28:55 - 0:03:51 - Epoch 405: val_loss=0.5197343230247498, val_acc= 83.80%,val_weighted_f1= 83.86,val_macro_f1= 82.23%
INFO - 09/13/26 23:28:55 - 0:03:51 - Epoch 406: train_loss=0.43624258041381836, train_acc= 85.61%
INFO - 09/13/26 23:28:56 - 0:03:51 - Epoch 407: train_loss=0.443436861038208, train_acc= 85.57%
INFO - 09/13/26 23:28:56 - 0:03:51 - Epoch 408: train_loss=0.4434305429458618, train_acc= 85.23%
INFO - 09/13/26 23:28:56 - 0:03:51 - Epoch 409: train_loss=0.4410046339035034, train_acc= 85.02%
INFO - 09/13/26 23:28:56 - 0:03:52 - Epoch 410: train_loss=0.43623343110084534, train_acc= 85.44%
INFO - 09/13/26 23:28:56 - 0:03:52 - Epoch 410: val_loss=0.5145924091339111, val_acc= 83.72%,val_weighted_f1= 83.74,val_macro_f1= 82.23%
EarlyStopping counter: 1 out of 15
INFO - 09/13/26 23:28:56 - 0:03:52 - Epoch 411: train_loss=0.44078606367111206, train_acc= 85.30%
INFO - 09/13/26 23:28:57 - 0:03:52 - Epoch 412: train_loss=0.43540799617767334, train_acc= 85.20%
INFO - 09/13/26 23:28:57 - 0:03:52 - Epoch 413: train_loss=0.43930304050445557, train_acc= 85.20%
INFO - 09/13/26 23:28:57 - 0:03:52 - Epoch 414: train_loss=0.4377679228782654, train_acc= 85.33%
INFO - 09/13/26 23:28:57 - 0:03:53 - Epoch 415: train_loss=0.43497005105018616, train_acc= 85.43%
INFO - 09/13/26 23:28:57 - 0:03:53 - Epoch 415: val_loss=0.5171920657157898, val_acc= 83.50%,val_weighted_f1= 83.53,val_macro_f1= 81.95%
EarlyStopping counter: 2 out of 15
INFO - 09/13/26 23:28:57 - 0:03:53 - Epoch 416: train_loss=0.4275159239768982, train_acc= 85.81%
INFO - 09/13/26 23:28:58 - 0:03:53 - Epoch 417: train_loss=0.43522509932518005, train_acc= 85.33%
INFO - 09/13/26 23:28:58 - 0:03:53 - Epoch 418: train_loss=0.4363959729671478, train_acc= 85.22%
INFO - 09/13/26 23:28:58 - 0:03:54 - Epoch 419: train_loss=0.43532177805900574, train_acc= 85.36%
INFO - 09/13/26 23:28:58 - 0:03:54 - Epoch 420: train_loss=0.4307064116001129, train_acc= 86.11%
INFO - 09/13/26 23:28:58 - 0:03:54 - Epoch 420: val_loss=0.5172487497329712, val_acc= 83.59%,val_weighted_f1= 83.62,val_macro_f1= 82.06%
EarlyStopping counter: 3 out of 15
INFO - 09/13/26 23:28:59 - 0:03:54 - Epoch 421: train_loss=0.4346575438976288, train_acc= 85.37%
INFO - 09/13/26 23:28:59 - 0:03:54 - Epoch 422: train_loss=0.4346957802772522, train_acc= 85.40%
INFO - 09/13/26 23:28:59 - 0:03:54 - Epoch 423: train_loss=0.4351513385772705, train_acc= 85.27%
INFO - 09/13/26 23:28:59 - 0:03:55 - Epoch 424: train_loss=0.42753854393959045, train_acc= 85.39%
INFO - 09/13/26 23:28:59 - 0:03:55 - Epoch 425: train_loss=0.42923682928085327, train_acc= 85.66%
INFO - 09/13/26 23:28:59 - 0:03:55 - Epoch 425: val_loss=0.5158118605613708, val_acc= 83.59%,val_weighted_f1= 83.62,val_macro_f1= 82.09%
EarlyStopping counter: 4 out of 15
INFO - 09/13/26 23:29:00 - 0:03:55 - Epoch 426: train_loss=0.43317726254463196, train_acc= 85.59%
INFO - 09/13/26 23:29:00 - 0:03:55 - Epoch 427: train_loss=0.4322141110897064, train_acc= 85.69%
INFO - 09/13/26 23:29:00 - 0:03:56 - Epoch 428: train_loss=0.4266381859779358, train_acc= 85.80%
INFO - 09/13/26 23:29:00 - 0:03:56 - Epoch 429: train_loss=0.431344598531723, train_acc= 85.63%
INFO - 09/13/26 23:29:00 - 0:03:56 - Epoch 430: train_loss=0.4270147979259491, train_acc= 85.60%
INFO - 09/13/26 23:29:00 - 0:03:56 - Epoch 430: val_loss=0.5163776874542236, val_acc= 83.68%,val_weighted_f1= 83.71,val_macro_f1= 82.16%
EarlyStopping counter: 5 out of 15
INFO - 09/13/26 23:29:01 - 0:03:56 - Epoch 431: train_loss=0.42337730526924133, train_acc= 86.01%
INFO - 09/13/26 23:29:01 - 0:03:56 - Epoch 432: train_loss=0.4238264560699463, train_acc= 86.00%
INFO - 09/13/26 23:29:01 - 0:03:57 - Epoch 433: train_loss=0.4258669316768646, train_acc= 86.00%
INFO - 09/13/26 23:29:01 - 0:03:57 - Epoch 434: train_loss=0.42708173394203186, train_acc= 85.61%
INFO - 09/13/26 23:29:01 - 0:03:57 - Epoch 435: train_loss=0.42510950565338135, train_acc= 85.87%
INFO - 09/13/26 23:29:02 - 0:03:57 - Epoch 435: val_loss=0.515080451965332, val_acc= 83.68%,val_weighted_f1= 83.68,val_macro_f1= 82.12%
EarlyStopping counter: 6 out of 15
INFO - 09/13/26 23:29:02 - 0:03:57 - Epoch 436: train_loss=0.42581552267074585, train_acc= 85.47%
INFO - 09/13/26 23:29:02 - 0:03:58 - Epoch 437: train_loss=0.4239826202392578, train_acc= 85.53%
INFO - 09/13/26 23:29:02 - 0:03:58 - Epoch 438: train_loss=0.4309266209602356, train_acc= 85.66%
INFO - 09/13/26 23:29:02 - 0:03:58 - Epoch 439: train_loss=0.4281536638736725, train_acc= 85.61%
INFO - 09/13/26 23:29:03 - 0:03:58 - Epoch 440: train_loss=0.42673948407173157, train_acc= 85.86%
INFO - 09/13/26 23:29:03 - 0:03:58 - Epoch 440: val_loss=0.5139036774635315, val_acc= 83.68%,val_weighted_f1= 83.73,val_macro_f1= 82.20%
EarlyStopping counter: 7 out of 15
INFO - 09/13/26 23:29:03 - 0:03:58 - Epoch 441: train_loss=0.422850102186203, train_acc= 85.71%
INFO - 09/13/26 23:29:03 - 0:03:59 - Epoch 442: train_loss=0.41760700941085815, train_acc= 85.84%
INFO - 09/13/26 23:29:03 - 0:03:59 - Epoch 443: train_loss=0.4198921024799347, train_acc= 86.23%
INFO - 09/13/26 23:29:03 - 0:03:59 - Epoch 444: train_loss=0.42163729667663574, train_acc= 86.04%
INFO - 09/13/26 23:29:04 - 0:03:59 - Epoch 445: train_loss=0.41793644428253174, train_acc= 85.73%
INFO - 09/13/26 23:29:04 - 0:03:59 - Epoch 445: val_loss=0.5114707350730896, val_acc= 83.68%,val_weighted_f1= 83.69,val_macro_f1= 82.25%
EarlyStopping counter: 8 out of 15
INFO - 09/13/26 23:29:04 - 0:03:59 - Epoch 446: train_loss=0.41851329803466797, train_acc= 85.73%
INFO - 09/13/26 23:29:04 - 0:04:00 - Epoch 447: train_loss=0.42155665159225464, train_acc= 86.03%
INFO - 09/13/26 23:29:04 - 0:04:00 - Epoch 448: train_loss=0.4173792004585266, train_acc= 86.01%
INFO - 09/13/26 23:29:04 - 0:04:00 - Epoch 449: train_loss=0.4221048951148987, train_acc= 85.94%
INFO - 09/13/26 23:29:05 - 0:04:00 - Epoch 450: train_loss=0.41069141030311584, train_acc= 86.28%
INFO - 09/13/26 23:29:05 - 0:04:00 - Epoch 450: val_loss=0.511894702911377, val_acc= 83.72%,val_weighted_f1= 83.74,val_macro_f1= 82.34%
EarlyStopping counter: 9 out of 15
INFO - 09/13/26 23:29:05 - 0:04:01 - Epoch 451: train_loss=0.4211181104183197, train_acc= 85.60%
INFO - 09/13/26 23:29:05 - 0:04:01 - Epoch 452: train_loss=0.41544249653816223, train_acc= 86.04%
INFO - 09/13/26 23:29:05 - 0:04:01 - Epoch 453: train_loss=0.41796380281448364, train_acc= 86.04%
INFO - 09/13/26 23:29:06 - 0:04:01 - Epoch 454: train_loss=0.41945675015449524, train_acc= 85.98%
INFO - 09/13/26 23:29:06 - 0:04:01 - Epoch 455: train_loss=0.41883978247642517, train_acc= 85.79%
INFO - 09/13/26 23:29:06 - 0:04:01 - Epoch 455: val_loss=0.5126399397850037, val_acc= 83.85%,val_weighted_f1= 83.91,val_macro_f1= 82.42%
INFO - 09/13/26 23:29:06 - 0:04:02 - Epoch 456: train_loss=0.42328715324401855, train_acc= 85.93%
INFO - 09/13/26 23:29:06 - 0:04:02 - Epoch 457: train_loss=0.41795751452445984, train_acc= 85.83%
INFO - 09/13/26 23:29:06 - 0:04:02 - Epoch 458: train_loss=0.41481971740722656, train_acc= 85.79%
INFO - 09/13/26 23:29:07 - 0:04:02 - Epoch 459: train_loss=0.4194919466972351, train_acc= 85.94%
INFO - 09/13/26 23:29:07 - 0:04:02 - Epoch 460: train_loss=0.4173634350299835, train_acc= 85.70%
INFO - 09/13/26 23:29:07 - 0:04:03 - Epoch 460: val_loss=0.5094563364982605, val_acc= 83.72%,val_weighted_f1= 83.72,val_macro_f1= 82.16%
EarlyStopping counter: 1 out of 15
INFO - 09/13/26 23:29:07 - 0:04:03 - Epoch 461: train_loss=0.4182240664958954, train_acc= 85.76%
INFO - 09/13/26 23:29:07 - 0:04:03 - Epoch 462: train_loss=0.4156344532966614, train_acc= 86.00%
INFO - 09/13/26 23:29:08 - 0:04:03 - Epoch 463: train_loss=0.4167565405368805, train_acc= 86.10%
INFO - 09/13/26 23:29:08 - 0:04:03 - Epoch 464: train_loss=0.41563159227371216, train_acc= 85.90%
INFO - 09/13/26 23:29:08 - 0:04:04 - Epoch 465: train_loss=0.4176008403301239, train_acc= 86.03%
INFO - 09/13/26 23:29:08 - 0:04:04 - Epoch 465: val_loss=0.5133547186851501, val_acc= 83.76%,val_weighted_f1= 83.82,val_macro_f1= 82.44%
EarlyStopping counter: 2 out of 15
INFO - 09/13/26 23:29:08 - 0:04:04 - Epoch 466: train_loss=0.4112282991409302, train_acc= 86.21%
INFO - 09/13/26 23:29:08 - 0:04:04 - Epoch 467: train_loss=0.4162319600582123, train_acc= 86.31%
INFO - 09/13/26 23:29:09 - 0:04:04 - Epoch 468: train_loss=0.4156017005443573, train_acc= 86.08%
INFO - 09/13/26 23:29:09 - 0:04:04 - Epoch 469: train_loss=0.40631189942359924, train_acc= 86.34%
INFO - 09/13/26 23:29:09 - 0:04:05 - Epoch 470: train_loss=0.4091959297657013, train_acc= 86.06%
INFO - 09/13/26 23:29:09 - 0:04:05 - Epoch 470: val_loss=0.5082818865776062, val_acc= 83.63%,val_weighted_f1= 83.65,val_macro_f1= 82.27%
EarlyStopping counter: 3 out of 15
INFO - 09/13/26 23:29:09 - 0:04:05 - Epoch 471: train_loss=0.4078494608402252, train_acc= 86.57%
INFO - 09/13/26 23:29:09 - 0:04:05 - Epoch 472: train_loss=0.40987423062324524, train_acc= 85.84%
INFO - 09/13/26 23:29:10 - 0:04:05 - Epoch 473: train_loss=0.4146941900253296, train_acc= 86.13%
INFO - 09/13/26 23:29:10 - 0:04:05 - Epoch 474: train_loss=0.40547478199005127, train_acc= 86.23%
INFO - 09/13/26 23:29:10 - 0:04:06 - Epoch 475: train_loss=0.411874383687973, train_acc= 86.36%
INFO - 09/13/26 23:29:10 - 0:04:06 - Epoch 475: val_loss=0.5103718638420105, val_acc= 83.76%,val_weighted_f1= 83.81,val_macro_f1= 82.44%
EarlyStopping counter: 4 out of 15
INFO - 09/13/26 23:29:10 - 0:04:06 - Epoch 476: train_loss=0.41111546754837036, train_acc= 86.10%
INFO - 09/13/26 23:29:11 - 0:04:06 - Epoch 477: train_loss=0.4039212167263031, train_acc= 86.38%
INFO - 09/13/26 23:29:11 - 0:04:06 - Epoch 478: train_loss=0.4040529429912567, train_acc= 86.53%
INFO - 09/13/26 23:29:11 - 0:04:07 - Epoch 479: train_loss=0.40745657682418823, train_acc= 86.38%
INFO - 09/13/26 23:29:11 - 0:04:07 - Epoch 480: train_loss=0.4063411355018616, train_acc= 86.43%
INFO - 09/13/26 23:29:11 - 0:04:07 - Epoch 480: val_loss=0.5090727210044861, val_acc= 84.06%,val_weighted_f1= 84.09,val_macro_f1= 82.75%
INFO - 09/13/26 23:29:11 - 0:04:07 - Epoch 481: train_loss=0.4063939154148102, train_acc= 86.08%
INFO - 09/13/26 23:29:12 - 0:04:07 - Epoch 482: train_loss=0.4079835116863251, train_acc= 86.28%
INFO - 09/13/26 23:29:12 - 0:04:07 - Epoch 483: train_loss=0.40732234716415405, train_acc= 86.11%
INFO - 09/13/26 23:29:12 - 0:04:08 - Epoch 484: train_loss=0.4012850821018219, train_acc= 85.90%
INFO - 09/13/26 23:29:12 - 0:04:08 - Epoch 485: train_loss=0.4094068109989166, train_acc= 86.24%
INFO - 09/13/26 23:29:12 - 0:04:08 - Epoch 485: val_loss=0.5094305872917175, val_acc= 83.72%,val_weighted_f1= 83.77,val_macro_f1= 82.21%
EarlyStopping counter: 1 out of 15
INFO - 09/13/26 23:29:13 - 0:04:08 - Epoch 486: train_loss=0.4048404097557068, train_acc= 86.34%
INFO - 09/13/26 23:29:13 - 0:04:08 - Epoch 487: train_loss=0.4021812975406647, train_acc= 86.50%
INFO - 09/13/26 23:29:13 - 0:04:08 - Epoch 488: train_loss=0.40046003460884094, train_acc= 86.55%
INFO - 09/13/26 23:29:13 - 0:04:09 - Epoch 489: train_loss=0.40156716108322144, train_acc= 86.34%
INFO - 09/13/26 23:29:13 - 0:04:09 - Epoch 490: train_loss=0.4068537950515747, train_acc= 86.64%
INFO - 09/13/26 23:29:13 - 0:04:09 - Epoch 490: val_loss=0.5066927671432495, val_acc= 83.63%,val_weighted_f1= 83.69,val_macro_f1= 82.19%
EarlyStopping counter: 2 out of 15
INFO - 09/13/26 23:29:14 - 0:04:09 - Epoch 491: train_loss=0.40330028533935547, train_acc= 86.41%
INFO - 09/13/26 23:29:14 - 0:04:09 - Epoch 492: train_loss=0.39775919914245605, train_acc= 86.84%
INFO - 09/13/26 23:29:14 - 0:04:10 - Epoch 493: train_loss=0.39974072575569153, train_acc= 86.48%
INFO - 09/13/26 23:29:14 - 0:04:10 - Epoch 494: train_loss=0.4014141857624054, train_acc= 86.51%
INFO - 09/13/26 23:29:14 - 0:04:10 - Epoch 495: train_loss=0.3946693539619446, train_acc= 86.65%
INFO - 09/13/26 23:29:14 - 0:04:10 - Epoch 495: val_loss=0.5098983645439148, val_acc= 83.76%,val_weighted_f1= 83.79,val_macro_f1= 82.40%
EarlyStopping counter: 3 out of 15
INFO - 09/13/26 23:29:15 - 0:04:10 - Epoch 496: train_loss=0.4007442891597748, train_acc= 86.51%
INFO - 09/13/26 23:29:15 - 0:04:10 - Epoch 497: train_loss=0.4024052619934082, train_acc= 86.41%
INFO - 09/13/26 23:29:15 - 0:04:11 - Epoch 498: train_loss=0.3948002755641937, train_acc= 86.77%
INFO - 09/13/26 23:29:15 - 0:04:11 - Epoch 499: train_loss=0.40037181973457336, train_acc= 86.77%
INFO - 09/13/26 23:29:15 - 0:04:11 - Epoch 500: train_loss=0.3957364857196808, train_acc= 86.77%
INFO - 09/13/26 23:29:16 - 0:04:11 - Epoch 500: val_loss=0.50895094871521, val_acc= 83.68%,val_weighted_f1= 83.73,val_macro_f1= 82.27%
EarlyStopping counter: 4 out of 15
INFO - 09/13/26 23:29:16 - 0:04:11 - Epoch 501: train_loss=0.39376524090766907, train_acc= 86.68%
INFO - 09/13/26 23:29:16 - 0:04:12 - Epoch 502: train_loss=0.39678165316581726, train_acc= 86.63%
INFO - 09/13/26 23:29:16 - 0:04:12 - Epoch 503: train_loss=0.4009521007537842, train_acc= 86.34%
INFO - 09/13/26 23:29:16 - 0:04:12 - Epoch 504: train_loss=0.3941613733768463, train_acc= 86.61%
INFO - 09/13/26 23:29:17 - 0:04:12 - Epoch 505: train_loss=0.39885765314102173, train_acc= 86.78%
INFO - 09/13/26 23:29:17 - 0:04:12 - Epoch 505: val_loss=0.5087586045265198, val_acc= 83.89%,val_weighted_f1= 83.95,val_macro_f1= 82.50%
EarlyStopping counter: 5 out of 15
INFO - 09/13/26 23:29:17 - 0:04:12 - Epoch 506: train_loss=0.39420557022094727, train_acc= 86.88%
INFO - 09/13/26 23:29:17 - 0:04:13 - Epoch 507: train_loss=0.3945469260215759, train_acc= 86.64%
INFO - 09/13/26 23:29:17 - 0:04:13 - Epoch 508: train_loss=0.38877832889556885, train_acc= 87.12%
INFO - 09/13/26 23:29:17 - 0:04:13 - Epoch 509: train_loss=0.3958578109741211, train_acc= 86.75%
INFO - 09/13/26 23:29:18 - 0:04:13 - Epoch 510: train_loss=0.39562201499938965, train_acc= 86.91%
INFO - 09/13/26 23:29:18 - 0:04:13 - Epoch 510: val_loss=0.5080643892288208, val_acc= 83.85%,val_weighted_f1= 83.89,val_macro_f1= 82.48%
EarlyStopping counter: 6 out of 15
INFO - 09/13/26 23:29:18 - 0:04:13 - Epoch 511: train_loss=0.39796602725982666, train_acc= 86.65%
INFO - 09/13/26 23:29:18 - 0:04:14 - Epoch 512: train_loss=0.3991043269634247, train_acc= 86.38%
INFO - 09/13/26 23:29:18 - 0:04:14 - Epoch 513: train_loss=0.39376214146614075, train_acc= 86.67%
INFO - 09/13/26 23:29:18 - 0:04:14 - Epoch 514: train_loss=0.3990674316883087, train_acc= 86.63%
INFO - 09/13/26 23:29:19 - 0:04:14 - Epoch 515: train_loss=0.39259645342826843, train_acc= 86.48%
INFO - 09/13/26 23:29:19 - 0:04:14 - Epoch 515: val_loss=0.5099197626113892, val_acc= 83.89%,val_weighted_f1= 83.97,val_macro_f1= 82.62%
EarlyStopping counter: 7 out of 15
INFO - 09/13/26 23:29:19 - 0:04:15 - Epoch 516: train_loss=0.3914633095264435, train_acc= 86.68%
INFO - 09/13/26 23:29:19 - 0:04:15 - Epoch 517: train_loss=0.39014506340026855, train_acc= 86.97%
INFO - 09/13/26 23:29:19 - 0:04:15 - Epoch 518: train_loss=0.3894154727458954, train_acc= 87.02%
INFO - 09/13/26 23:29:20 - 0:04:15 - Epoch 519: train_loss=0.38973644375801086, train_acc= 87.02%
INFO - 09/13/26 23:29:20 - 0:04:15 - Epoch 520: train_loss=0.3928263485431671, train_acc= 86.70%
INFO - 09/13/26 23:29:20 - 0:04:15 - Epoch 520: val_loss=0.5074366331100464, val_acc= 84.02%,val_weighted_f1= 84.06,val_macro_f1= 82.78%
EarlyStopping counter: 8 out of 15
INFO - 09/13/26 23:29:20 - 0:04:16 - Epoch 521: train_loss=0.39136698842048645, train_acc= 86.74%
INFO - 09/13/26 23:29:20 - 0:04:16 - Epoch 522: train_loss=0.3873591423034668, train_acc= 86.74%
INFO - 09/13/26 23:29:20 - 0:04:16 - Epoch 523: train_loss=0.38337311148643494, train_acc= 87.07%
INFO - 09/13/26 23:29:21 - 0:04:16 - Epoch 524: train_loss=0.39014315605163574, train_acc= 86.95%
INFO - 09/13/26 23:29:21 - 0:04:16 - Epoch 525: train_loss=0.3899018168449402, train_acc= 87.25%
INFO - 09/13/26 23:29:21 - 0:04:17 - Epoch 525: val_loss=0.5045838952064514, val_acc= 84.02%,val_weighted_f1= 84.06,val_macro_f1= 82.76%
EarlyStopping counter: 9 out of 15
INFO - 09/13/26 23:29:21 - 0:04:17 - Epoch 526: train_loss=0.3860563635826111, train_acc= 86.98%
INFO - 09/13/26 23:29:21 - 0:04:17 - Epoch 527: train_loss=0.38506603240966797, train_acc= 87.07%
INFO - 09/13/26 23:29:22 - 0:04:17 - Epoch 528: train_loss=0.3823643922805786, train_acc= 86.95%
INFO - 09/13/26 23:29:22 - 0:04:17 - Epoch 529: train_loss=0.38798588514328003, train_acc= 87.01%
INFO - 09/13/26 23:29:22 - 0:04:17 - Epoch 530: train_loss=0.38875922560691833, train_acc= 86.77%
INFO - 09/13/26 23:29:22 - 0:04:18 - Epoch 530: val_loss=0.5074037313461304, val_acc= 84.02%,val_weighted_f1= 84.05,val_macro_f1= 82.71%
EarlyStopping counter: 10 out of 15
INFO - 09/13/26 23:29:22 - 0:04:18 - Epoch 531: train_loss=0.3868442177772522, train_acc= 87.14%
INFO - 09/13/26 23:29:22 - 0:04:18 - Epoch 532: train_loss=0.3838009536266327, train_acc= 87.25%
INFO - 09/13/26 23:29:23 - 0:04:18 - Epoch 533: train_loss=0.38726693391799927, train_acc= 87.12%
INFO - 09/13/26 23:29:23 - 0:04:18 - Epoch 534: train_loss=0.3918290138244629, train_acc= 86.81%
INFO - 09/13/26 23:29:23 - 0:04:19 - Epoch 535: train_loss=0.3831872045993805, train_acc= 86.91%
INFO - 09/13/26 23:29:23 - 0:04:19 - Epoch 535: val_loss=0.5058930516242981, val_acc= 84.19%,val_weighted_f1= 84.23,val_macro_f1= 83.02%
INFO - 09/13/26 23:29:23 - 0:04:19 - Epoch 536: train_loss=0.3885231614112854, train_acc= 87.08%
INFO - 09/13/26 23:29:24 - 0:04:19 - Epoch 537: train_loss=0.3859764039516449, train_acc= 87.14%
INFO - 09/13/26 23:29:24 - 0:04:19 - Epoch 538: train_loss=0.3811318874359131, train_acc= 87.07%
INFO - 09/13/26 23:29:24 - 0:04:19 - Epoch 539: train_loss=0.3790719509124756, train_acc= 87.42%
INFO - 09/13/26 23:29:24 - 0:04:20 - Epoch 540: train_loss=0.384907066822052, train_acc= 87.30%
INFO - 09/13/26 23:29:24 - 0:04:20 - Epoch 540: val_loss=0.5068787336349487, val_acc= 84.19%,val_weighted_f1= 84.24,val_macro_f1= 82.95%
INFO - 09/13/26 23:29:24 - 0:04:20 - Epoch 541: train_loss=0.38678956031799316, train_acc= 87.08%
INFO - 09/13/26 23:29:25 - 0:04:20 - Epoch 542: train_loss=0.3797468841075897, train_acc= 87.10%
INFO - 09/13/26 23:29:25 - 0:04:20 - Epoch 543: train_loss=0.38222891092300415, train_acc= 87.34%
INFO - 09/13/26 23:29:25 - 0:04:21 - Epoch 544: train_loss=0.3811589479446411, train_acc= 87.21%
INFO - 09/13/26 23:29:25 - 0:04:21 - Epoch 545: train_loss=0.3779359459877014, train_acc= 87.51%
INFO - 09/13/26 23:29:25 - 0:04:21 - Epoch 545: val_loss=0.5059925317764282, val_acc= 84.19%,val_weighted_f1= 84.21,val_macro_f1= 83.01%
INFO - 09/13/26 23:29:26 - 0:04:21 - Epoch 546: train_loss=0.37888482213020325, train_acc= 87.08%
INFO - 09/13/26 23:29:26 - 0:04:21 - Epoch 547: train_loss=0.37663525342941284, train_acc= 87.39%
INFO - 09/13/26 23:29:26 - 0:04:21 - Epoch 548: train_loss=0.37834662199020386, train_acc= 87.25%
INFO - 09/13/26 23:29:26 - 0:04:22 - Epoch 549: train_loss=0.3801630139350891, train_acc= 87.12%
INFO - 09/13/26 23:29:26 - 0:04:22 - Epoch 550: train_loss=0.3763604164123535, train_acc= 87.37%
INFO - 09/13/26 23:29:26 - 0:04:22 - Epoch 550: val_loss=0.5068948268890381, val_acc= 84.27%,val_weighted_f1= 84.32,val_macro_f1= 83.05%
INFO - 09/13/26 23:29:27 - 0:04:22 - Epoch 551: train_loss=0.37634947896003723, train_acc= 87.31%
INFO - 09/13/26 23:29:27 - 0:04:22 - Epoch 552: train_loss=0.3755653500556946, train_acc= 87.44%
INFO - 09/13/26 23:29:27 - 0:04:22 - Epoch 553: train_loss=0.37953898310661316, train_acc= 87.15%
INFO - 09/13/26 23:29:27 - 0:04:23 - Epoch 554: train_loss=0.37527045607566833, train_acc= 87.12%
INFO - 09/13/26 23:29:27 - 0:04:23 - Epoch 555: train_loss=0.37844353914260864, train_acc= 87.31%
INFO - 09/13/26 23:29:28 - 0:04:23 - Epoch 555: val_loss=0.5046200156211853, val_acc= 84.32%,val_weighted_f1= 84.37,val_macro_f1= 83.09%
INFO - 09/13/26 23:29:28 - 0:04:23 - Epoch 556: train_loss=0.3774605095386505, train_acc= 87.31%
INFO - 09/13/26 23:29:28 - 0:04:23 - Epoch 557: train_loss=0.37505316734313965, train_acc= 87.48%
INFO - 09/13/26 23:29:28 - 0:04:24 - Epoch 558: train_loss=0.3715350925922394, train_acc= 87.57%
INFO - 09/13/26 23:29:28 - 0:04:24 - Epoch 559: train_loss=0.3733478784561157, train_acc= 87.18%
INFO - 09/13/26 23:29:28 - 0:04:24 - Epoch 560: train_loss=0.3768951892852783, train_acc= 87.27%
INFO - 09/13/26 23:29:29 - 0:04:24 - Epoch 560: val_loss=0.5040273666381836, val_acc= 84.36%,val_weighted_f1= 84.38,val_macro_f1= 83.11%
INFO - 09/13/26 23:29:29 - 0:04:24 - Epoch 561: train_loss=0.37550804018974304, train_acc= 87.35%
INFO - 09/13/26 23:29:29 - 0:04:24 - Epoch 562: train_loss=0.36631646752357483, train_acc= 87.67%
INFO - 09/13/26 23:29:29 - 0:04:25 - Epoch 563: train_loss=0.37559524178504944, train_acc= 87.48%
INFO - 09/13/26 23:29:29 - 0:04:25 - Epoch 564: train_loss=0.3729953169822693, train_acc= 87.18%
INFO - 09/13/26 23:29:30 - 0:04:25 - Epoch 565: train_loss=0.3708588480949402, train_acc= 87.51%
INFO - 09/13/26 23:29:30 - 0:04:25 - Epoch 565: val_loss=0.5067498087882996, val_acc= 84.49%,val_weighted_f1= 84.54,val_macro_f1= 83.17%
INFO - 09/13/26 23:29:30 - 0:04:25 - Epoch 566: train_loss=0.3712538778781891, train_acc= 87.59%
INFO - 09/13/26 23:29:30 - 0:04:26 - Epoch 567: train_loss=0.3727795481681824, train_acc= 87.77%
INFO - 09/13/26 23:29:30 - 0:04:26 - Epoch 568: train_loss=0.3693010210990906, train_acc= 87.51%
INFO - 09/13/26 23:29:30 - 0:04:26 - Epoch 569: train_loss=0.3659828007221222, train_acc= 87.20%
INFO - 09/13/26 23:29:31 - 0:04:26 - Epoch 570: train_loss=0.3677351772785187, train_acc= 87.55%
INFO - 09/13/26 23:29:31 - 0:04:26 - Epoch 570: val_loss=0.5044611096382141, val_acc= 84.36%,val_weighted_f1= 84.40,val_macro_f1= 83.30%
EarlyStopping counter: 1 out of 15
INFO - 09/13/26 23:29:31 - 0:04:26 - Epoch 571: train_loss=0.37575092911720276, train_acc= 87.24%
INFO - 09/13/26 23:29:31 - 0:04:27 - Epoch 572: train_loss=0.36717596650123596, train_acc= 87.48%
INFO - 09/13/26 23:29:31 - 0:04:27 - Epoch 573: train_loss=0.36749204993247986, train_acc= 87.48%
INFO - 09/13/26 23:29:32 - 0:04:27 - Epoch 574: train_loss=0.3675282597541809, train_acc= 87.42%
INFO - 09/13/26 23:29:32 - 0:04:27 - Epoch 575: train_loss=0.37169960141181946, train_acc= 87.59%
INFO - 09/13/26 23:29:32 - 0:04:27 - Epoch 575: val_loss=0.5055353045463562, val_acc= 84.36%,val_weighted_f1= 84.38,val_macro_f1= 83.26%
EarlyStopping counter: 2 out of 15
INFO - 09/13/26 23:29:32 - 0:04:27 - Epoch 576: train_loss=0.3674284517765045, train_acc= 87.54%
INFO - 09/13/26 23:29:32 - 0:04:28 - Epoch 577: train_loss=0.3706199824810028, train_acc= 87.65%
INFO - 09/13/26 23:29:32 - 0:04:28 - Epoch 578: train_loss=0.3619925081729889, train_acc= 87.65%
INFO - 09/13/26 23:29:33 - 0:04:28 - Epoch 579: train_loss=0.3664018511772156, train_acc= 87.51%
INFO - 09/13/26 23:29:33 - 0:04:28 - Epoch 580: train_loss=0.3671402037143707, train_acc= 87.51%
INFO - 09/13/26 23:29:33 - 0:04:28 - Epoch 580: val_loss=0.5085507035255432, val_acc= 84.10%,val_weighted_f1= 84.18,val_macro_f1= 82.89%
EarlyStopping counter: 3 out of 15
INFO - 09/13/26 23:29:33 - 0:04:29 - Epoch 581: train_loss=0.369951069355011, train_acc= 87.32%
INFO - 09/13/26 23:29:33 - 0:04:29 - Epoch 582: train_loss=0.36594027280807495, train_acc= 87.47%
INFO - 09/13/26 23:29:33 - 0:04:29 - Epoch 583: train_loss=0.36693403124809265, train_acc= 87.47%
INFO - 09/13/26 23:29:34 - 0:04:29 - Epoch 584: train_loss=0.36651861667633057, train_acc= 87.85%
INFO - 09/13/26 23:29:34 - 0:04:29 - Epoch 585: train_loss=0.3671915829181671, train_acc= 87.41%
INFO - 09/13/26 23:29:34 - 0:04:29 - Epoch 585: val_loss=0.5050615668296814, val_acc= 84.53%,val_weighted_f1= 84.55,val_macro_f1= 83.26%
INFO - 09/13/26 23:29:34 - 0:04:30 - Epoch 586: train_loss=0.36369431018829346, train_acc= 87.82%
INFO - 09/13/26 23:29:34 - 0:04:30 - Epoch 587: train_loss=0.36668381094932556, train_acc= 87.65%
INFO - 09/13/26 23:29:35 - 0:04:30 - Epoch 588: train_loss=0.3639990985393524, train_acc= 87.77%
INFO - 09/13/26 23:29:35 - 0:04:30 - Epoch 589: train_loss=0.3623718321323395, train_acc= 87.65%
INFO - 09/13/26 23:29:35 - 0:04:30 - Epoch 590: train_loss=0.3639143109321594, train_acc= 87.68%
INFO - 09/13/26 23:29:35 - 0:04:30 - Epoch 590: val_loss=0.5065440535545349, val_acc= 84.36%,val_weighted_f1= 84.40,val_macro_f1= 83.29%
EarlyStopping counter: 1 out of 15
INFO - 09/13/26 23:29:35 - 0:04:31 - Epoch 591: train_loss=0.36226940155029297, train_acc= 87.39%
INFO - 09/13/26 23:29:35 - 0:04:31 - Epoch 592: train_loss=0.36196401715278625, train_acc= 87.81%
INFO - 09/13/26 23:29:36 - 0:04:31 - Epoch 593: train_loss=0.3658527433872223, train_acc= 87.65%
INFO - 09/13/26 23:29:36 - 0:04:31 - Epoch 594: train_loss=0.3606700003147125, train_acc= 87.64%
INFO - 09/13/26 23:29:36 - 0:04:31 - Epoch 595: train_loss=0.36102887988090515, train_acc= 87.88%
INFO - 09/13/26 23:29:36 - 0:04:32 - Epoch 595: val_loss=0.5074331760406494, val_acc= 84.40%,val_weighted_f1= 84.45,val_macro_f1= 83.42%
EarlyStopping counter: 2 out of 15
INFO - 09/13/26 23:29:36 - 0:04:32 - Epoch 596: train_loss=0.35546332597732544, train_acc= 87.88%
INFO - 09/13/26 23:29:36 - 0:04:32 - Epoch 597: train_loss=0.3593476414680481, train_acc= 87.77%
INFO - 09/13/26 23:29:37 - 0:04:32 - Epoch 598: train_loss=0.3597823679447174, train_acc= 87.75%
INFO - 09/13/26 23:29:37 - 0:04:32 - Epoch 599: train_loss=0.35907644033432007, train_acc= 88.02%
INFO - 09/13/26 23:29:37 - 0:04:33 - Epoch 600: train_loss=0.3596850335597992, train_acc= 88.02%
INFO - 09/13/26 23:29:37 - 0:04:33 - Epoch 600: val_loss=0.5079825520515442, val_acc= 84.23%,val_weighted_f1= 84.28,val_macro_f1= 83.06%
EarlyStopping counter: 3 out of 15
INFO - 09/13/26 23:29:37 - 0:04:33 - Epoch 601: train_loss=0.36349475383758545, train_acc= 87.51%
INFO - 09/13/26 23:29:38 - 0:04:33 - Epoch 602: train_loss=0.35354548692703247, train_acc= 88.05%
INFO - 09/13/26 23:29:38 - 0:04:33 - Epoch 603: train_loss=0.35659825801849365, train_acc= 88.31%
INFO - 09/13/26 23:29:38 - 0:04:33 - Epoch 604: train_loss=0.35660305619239807, train_acc= 87.92%
INFO - 09/13/26 23:29:38 - 0:04:34 - Epoch 605: train_loss=0.35945916175842285, train_acc= 87.82%
INFO - 09/13/26 23:29:38 - 0:04:34 - Epoch 605: val_loss=0.5088796615600586, val_acc= 84.32%,val_weighted_f1= 84.37,val_macro_f1= 83.18%
EarlyStopping counter: 4 out of 15
INFO - 09/13/26 23:29:38 - 0:04:34 - Epoch 606: train_loss=0.36288610100746155, train_acc= 88.05%
INFO - 09/13/26 23:29:39 - 0:04:34 - Epoch 607: train_loss=0.3589136600494385, train_acc= 88.02%
INFO - 09/13/26 23:29:39 - 0:04:34 - Epoch 608: train_loss=0.35264959931373596, train_acc= 88.05%
INFO - 09/13/26 23:29:39 - 0:04:34 - Epoch 609: train_loss=0.36011216044425964, train_acc= 87.62%
INFO - 09/13/26 23:29:39 - 0:04:35 - Epoch 610: train_loss=0.35713955760002136, train_acc= 88.16%
INFO - 09/13/26 23:29:39 - 0:04:35 - Epoch 610: val_loss=0.5092456936836243, val_acc= 84.40%,val_weighted_f1= 84.46,val_macro_f1= 83.23%
EarlyStopping counter: 5 out of 15
INFO - 09/13/26 23:29:40 - 0:04:35 - Epoch 611: train_loss=0.3585481345653534, train_acc= 87.58%
INFO - 09/13/26 23:29:40 - 0:04:35 - Epoch 612: train_loss=0.3577100336551666, train_acc= 88.16%
INFO - 09/13/26 23:29:40 - 0:04:35 - Epoch 613: train_loss=0.35660648345947266, train_acc= 87.96%
INFO - 09/13/26 23:29:40 - 0:04:36 - Epoch 614: train_loss=0.3558761775493622, train_acc= 88.04%
INFO - 09/13/26 23:29:40 - 0:04:36 - Epoch 615: train_loss=0.3548056185245514, train_acc= 87.86%
INFO - 09/13/26 23:29:40 - 0:04:36 - Epoch 615: val_loss=0.5076320767402649, val_acc= 84.44%,val_weighted_f1= 84.47,val_macro_f1= 83.42%
EarlyStopping counter: 6 out of 15
INFO - 09/13/26 23:29:41 - 0:04:36 - Epoch 616: train_loss=0.35304388403892517, train_acc= 88.25%
INFO - 09/13/26 23:29:41 - 0:04:36 - Epoch 617: train_loss=0.3551473319530487, train_acc= 88.01%
INFO - 09/13/26 23:29:41 - 0:04:36 - Epoch 618: train_loss=0.3519945740699768, train_acc= 88.09%
INFO - 09/13/26 23:29:41 - 0:04:37 - Epoch 619: train_loss=0.3466775417327881, train_acc= 88.43%
INFO - 09/13/26 23:29:41 - 0:04:37 - Epoch 620: train_loss=0.3514477014541626, train_acc= 88.19%
INFO - 09/13/26 23:29:41 - 0:04:37 - Epoch 620: val_loss=0.5061997175216675, val_acc= 84.53%,val_weighted_f1= 84.56,val_macro_f1= 83.43%
INFO - 09/13/26 23:29:42 - 0:04:37 - Epoch 621: train_loss=0.3512539565563202, train_acc= 87.65%
INFO - 09/13/26 23:29:42 - 0:04:37 - Epoch 622: train_loss=0.34956127405166626, train_acc= 88.11%
INFO - 09/13/26 23:29:42 - 0:04:38 - Epoch 623: train_loss=0.34855788946151733, train_acc= 88.04%
INFO - 09/13/26 23:29:42 - 0:04:38 - Epoch 624: train_loss=0.3432421386241913, train_acc= 88.49%
INFO - 09/13/26 23:29:42 - 0:04:38 - Epoch 625: train_loss=0.3465159833431244, train_acc= 88.35%
INFO - 09/13/26 23:29:43 - 0:04:38 - Epoch 625: val_loss=0.5084006786346436, val_acc= 84.27%,val_weighted_f1= 84.29,val_macro_f1= 83.12%
EarlyStopping counter: 1 out of 15
INFO - 09/13/26 23:29:43 - 0:04:38 - Epoch 626: train_loss=0.3466479480266571, train_acc= 88.51%
INFO - 09/13/26 23:29:43 - 0:04:38 - Epoch 627: train_loss=0.3478222191333771, train_acc= 88.28%
INFO - 09/13/26 23:29:43 - 0:04:39 - Epoch 628: train_loss=0.3467312157154083, train_acc= 88.28%
INFO - 09/13/26 23:29:43 - 0:04:39 - Epoch 629: train_loss=0.34941595792770386, train_acc= 88.43%
INFO - 09/13/26 23:29:44 - 0:04:39 - Epoch 630: train_loss=0.34828653931617737, train_acc= 88.04%
INFO - 09/13/26 23:29:44 - 0:04:39 - Epoch 630: val_loss=0.5070618391036987, val_acc= 84.49%,val_weighted_f1= 84.50,val_macro_f1= 83.41%
EarlyStopping counter: 2 out of 15
INFO - 09/13/26 23:29:44 - 0:04:39 - Epoch 631: train_loss=0.3485448956489563, train_acc= 88.19%
INFO - 09/13/26 23:29:44 - 0:04:39 - Epoch 632: train_loss=0.3484845757484436, train_acc= 88.31%
INFO - 09/13/26 23:29:44 - 0:04:40 - Epoch 633: train_loss=0.34055936336517334, train_acc= 88.48%
INFO - 09/13/26 23:29:44 - 0:04:40 - Epoch 634: train_loss=0.35119500756263733, train_acc= 88.62%
INFO - 09/13/26 23:29:45 - 0:04:40 - Epoch 635: train_loss=0.33931979537010193, train_acc= 88.58%
INFO - 09/13/26 23:29:45 - 0:04:40 - Epoch 635: val_loss=0.5068699717521667, val_acc= 84.44%,val_weighted_f1= 84.48,val_macro_f1= 83.43%
EarlyStopping counter: 3 out of 15
INFO - 09/13/26 23:29:45 - 0:04:40 - Epoch 636: train_loss=0.34603121876716614, train_acc= 88.69%
INFO - 09/13/26 23:29:45 - 0:04:41 - Epoch 637: train_loss=0.3470298945903778, train_acc= 88.08%
INFO - 09/13/26 23:29:45 - 0:04:41 - Epoch 638: train_loss=0.3416445255279541, train_acc= 88.28%
INFO - 09/13/26 23:29:45 - 0:04:41 - Epoch 639: train_loss=0.3437979817390442, train_acc= 88.51%
INFO - 09/13/26 23:29:46 - 0:04:41 - Epoch 640: train_loss=0.34537750482559204, train_acc= 88.19%
INFO - 09/13/26 23:29:46 - 0:04:41 - Epoch 640: val_loss=0.5099027752876282, val_acc= 84.74%,val_weighted_f1= 84.76,val_macro_f1= 83.64%
INFO - 09/13/26 23:29:46 - 0:04:41 - Epoch 641: train_loss=0.3436938524246216, train_acc= 88.55%
INFO - 09/13/26 23:29:46 - 0:04:42 - Epoch 642: train_loss=0.3370223343372345, train_acc= 88.66%
INFO - 09/13/26 23:29:46 - 0:04:42 - Epoch 643: train_loss=0.3415566682815552, train_acc= 88.33%
INFO - 09/13/26 23:29:47 - 0:04:42 - Epoch 644: train_loss=0.3416078984737396, train_acc= 88.53%
INFO - 09/13/26 23:29:47 - 0:04:42 - Epoch 645: train_loss=0.3393495976924896, train_acc= 88.39%
INFO - 09/13/26 23:29:47 - 0:04:42 - Epoch 645: val_loss=0.5093894004821777, val_acc= 84.36%,val_weighted_f1= 84.40,val_macro_f1= 83.26%
EarlyStopping counter: 1 out of 15
INFO - 09/13/26 23:29:47 - 0:04:43 - Epoch 646: train_loss=0.3366542160511017, train_acc= 88.71%
INFO - 09/13/26 23:29:47 - 0:04:43 - Epoch 647: train_loss=0.3455694019794464, train_acc= 88.21%
INFO - 09/13/26 23:29:47 - 0:04:43 - Epoch 648: train_loss=0.3410460650920868, train_acc= 88.35%
INFO - 09/13/26 23:29:48 - 0:04:43 - Epoch 649: train_loss=0.3371470868587494, train_acc= 88.42%
INFO - 09/13/26 23:29:48 - 0:04:43 - Epoch 650: train_loss=0.3388901948928833, train_acc= 88.41%
INFO - 09/13/26 23:29:48 - 0:04:43 - Epoch 650: val_loss=0.512413740158081, val_acc= 84.57%,val_weighted_f1= 84.60,val_macro_f1= 83.58%
EarlyStopping counter: 2 out of 15
INFO - 09/13/26 23:29:48 - 0:04:44 - Epoch 651: train_loss=0.3411797285079956, train_acc= 88.28%
INFO - 09/13/26 23:29:48 - 0:04:44 - Epoch 652: train_loss=0.3382454216480255, train_acc= 88.36%
INFO - 09/13/26 23:29:49 - 0:04:44 - Epoch 653: train_loss=0.33577391505241394, train_acc= 88.85%
INFO - 09/13/26 23:29:49 - 0:04:44 - Epoch 654: train_loss=0.33617573976516724, train_acc= 88.46%
INFO - 09/13/26 23:29:49 - 0:04:44 - Epoch 655: train_loss=0.3367888927459717, train_acc= 88.79%
INFO - 09/13/26 23:29:49 - 0:04:45 - Epoch 655: val_loss=0.5126699209213257, val_acc= 84.44%,val_weighted_f1= 84.48,val_macro_f1= 83.53%
EarlyStopping counter: 3 out of 15
INFO - 09/13/26 23:29:49 - 0:04:45 - Epoch 656: train_loss=0.33448392152786255, train_acc= 88.82%
INFO - 09/13/26 23:29:49 - 0:04:45 - Epoch 657: train_loss=0.3381045162677765, train_acc= 88.79%
INFO - 09/13/26 23:29:50 - 0:04:45 - Epoch 658: train_loss=0.33459213376045227, train_acc= 88.35%
INFO - 09/13/26 23:29:50 - 0:04:45 - Epoch 659: train_loss=0.3362300992012024, train_acc= 88.55%
INFO - 09/13/26 23:29:50 - 0:04:46 - Epoch 660: train_loss=0.3408902883529663, train_acc= 88.45%
INFO - 09/13/26 23:29:50 - 0:04:46 - Epoch 660: val_loss=0.5141984224319458, val_acc= 84.62%,val_weighted_f1= 84.66,val_macro_f1= 83.62%
EarlyStopping counter: 4 out of 15
INFO - 09/13/26 23:29:50 - 0:04:46 - Epoch 661: train_loss=0.3383980095386505, train_acc= 88.83%
INFO - 09/13/26 23:29:50 - 0:04:46 - Epoch 662: train_loss=0.3387772738933563, train_acc= 88.33%
INFO - 09/13/26 23:29:51 - 0:04:46 - Epoch 663: train_loss=0.33235496282577515, train_acc= 88.33%
INFO - 09/13/26 23:29:51 - 0:04:46 - Epoch 664: train_loss=0.34115472435951233, train_acc= 88.29%
INFO - 09/13/26 23:29:51 - 0:04:47 - Epoch 665: train_loss=0.3355723023414612, train_acc= 88.82%
INFO - 09/13/26 23:29:51 - 0:04:47 - Epoch 665: val_loss=0.5092935562133789, val_acc= 84.79%,val_weighted_f1= 84.80,val_macro_f1= 83.61%
INFO - 09/13/26 23:29:51 - 0:04:47 - Epoch 666: train_loss=0.3312613368034363, train_acc= 89.02%
INFO - 09/13/26 23:29:52 - 0:04:47 - Epoch 667: train_loss=0.3310464918613434, train_acc= 88.59%
INFO - 09/13/26 23:29:52 - 0:04:47 - Epoch 668: train_loss=0.3317996561527252, train_acc= 88.66%
INFO - 09/13/26 23:29:52 - 0:04:48 - Epoch 669: train_loss=0.3332058787345886, train_acc= 88.66%
INFO - 09/13/26 23:29:52 - 0:04:48 - Epoch 670: train_loss=0.3295239806175232, train_acc= 88.81%
INFO - 09/13/26 23:29:52 - 0:04:48 - Epoch 670: val_loss=0.512744665145874, val_acc= 84.79%,val_weighted_f1= 84.84,val_macro_f1= 83.67%
INFO - 09/13/26 23:29:52 - 0:04:48 - Epoch 671: train_loss=0.3357984125614166, train_acc= 88.69%
INFO - 09/13/26 23:29:53 - 0:04:48 - Epoch 672: train_loss=0.3338085412979126, train_acc= 88.78%
INFO - 09/13/26 23:29:53 - 0:04:48 - Epoch 673: train_loss=0.3398449420928955, train_acc= 88.45%
INFO - 09/13/26 23:29:53 - 0:04:49 - Epoch 674: train_loss=0.32766127586364746, train_acc= 89.15%
INFO - 09/13/26 23:29:53 - 0:04:49 - Epoch 675: train_loss=0.3354399800300598, train_acc= 88.53%
INFO - 09/13/26 23:29:53 - 0:04:49 - Epoch 675: val_loss=0.511370062828064, val_acc= 84.66%,val_weighted_f1= 84.68,val_macro_f1= 83.44%
EarlyStopping counter: 1 out of 15
INFO - 09/13/26 23:29:53 - 0:04:49 - Epoch 676: train_loss=0.33016473054885864, train_acc= 88.99%
INFO - 09/13/26 23:29:54 - 0:04:49 - Epoch 677: train_loss=0.33089664578437805, train_acc= 88.72%
INFO - 09/13/26 23:29:54 - 0:04:49 - Epoch 678: train_loss=0.33127063512802124, train_acc= 89.05%
INFO - 09/13/26 23:29:54 - 0:04:50 - Epoch 679: train_loss=0.33224770426750183, train_acc= 88.78%
INFO - 09/13/26 23:29:54 - 0:04:50 - Epoch 680: train_loss=0.3278629779815674, train_acc= 89.13%
INFO - 09/13/26 23:29:54 - 0:04:50 - Epoch 680: val_loss=0.5101132392883301, val_acc= 84.74%,val_weighted_f1= 84.75,val_macro_f1= 83.78%
EarlyStopping counter: 2 out of 15
INFO - 09/13/26 23:29:55 - 0:04:50 - Epoch 681: train_loss=0.32625553011894226, train_acc= 88.99%
INFO - 09/13/26 23:29:55 - 0:04:50 - Epoch 682: train_loss=0.32780349254608154, train_acc= 88.83%
INFO - 09/13/26 23:29:55 - 0:04:51 - Epoch 683: train_loss=0.3260914087295532, train_acc= 89.00%
INFO - 09/13/26 23:29:55 - 0:04:51 - Epoch 684: train_loss=0.3306293189525604, train_acc= 88.93%
INFO - 09/13/26 23:29:55 - 0:04:51 - Epoch 685: train_loss=0.3202893137931824, train_acc= 89.20%
INFO - 09/13/26 23:29:55 - 0:04:51 - Epoch 685: val_loss=0.5115260481834412, val_acc= 84.70%,val_weighted_f1= 84.74,val_macro_f1= 83.63%
EarlyStopping counter: 3 out of 15
INFO - 09/13/26 23:29:56 - 0:04:51 - Epoch 686: train_loss=0.33007556200027466, train_acc= 88.89%
INFO - 09/13/26 23:29:56 - 0:04:51 - Epoch 687: train_loss=0.32464364171028137, train_acc= 88.95%
INFO - 09/13/26 23:29:56 - 0:04:52 - Epoch 688: train_loss=0.318622887134552, train_acc= 89.55%
INFO - 09/13/26 23:29:56 - 0:04:52 - Epoch 689: train_loss=0.32548195123672485, train_acc= 88.92%
INFO - 09/13/26 23:29:56 - 0:04:52 - Epoch 690: train_loss=0.31541550159454346, train_acc= 89.45%
INFO - 09/13/26 23:29:57 - 0:04:52 - Epoch 690: val_loss=0.5136932134628296, val_acc= 84.57%,val_weighted_f1= 84.61,val_macro_f1= 83.47%
EarlyStopping counter: 4 out of 15
INFO - 09/13/26 23:29:57 - 0:04:52 - Epoch 691: train_loss=0.31911492347717285, train_acc= 88.99%
INFO - 09/13/26 23:29:57 - 0:04:53 - Epoch 692: train_loss=0.3237062394618988, train_acc= 89.00%
INFO - 09/13/26 23:29:57 - 0:04:53 - Epoch 693: train_loss=0.32200393080711365, train_acc= 88.92%
INFO - 09/13/26 23:29:57 - 0:04:53 - Epoch 694: train_loss=0.32087090611457825, train_acc= 88.99%
INFO - 09/13/26 23:29:58 - 0:04:53 - Epoch 695: train_loss=0.3237985074520111, train_acc= 88.85%
INFO - 09/13/26 23:29:58 - 0:04:53 - Epoch 695: val_loss=0.5133832693099976, val_acc= 84.83%,val_weighted_f1= 84.85,val_macro_f1= 83.66%
INFO - 09/13/26 23:29:58 - 0:04:53 - Epoch 696: train_loss=0.3235446512699127, train_acc= 89.18%
INFO - 09/13/26 23:29:58 - 0:04:54 - Epoch 697: train_loss=0.323529452085495, train_acc= 88.82%
INFO - 09/13/26 23:29:58 - 0:04:54 - Epoch 698: train_loss=0.3263457715511322, train_acc= 89.10%
INFO - 09/13/26 23:29:58 - 0:04:54 - Epoch 699: train_loss=0.3161579370498657, train_acc= 89.43%
INFO - 09/13/26 23:29:59 - 0:04:54 - Epoch 700: train_loss=0.3173542320728302, train_acc= 89.52%
INFO - 09/13/26 23:29:59 - 0:04:54 - Epoch 700: val_loss=0.5170930027961731, val_acc= 84.40%,val_weighted_f1= 84.40,val_macro_f1= 83.37%
EarlyStopping counter: 1 out of 15
INFO - 09/13/26 23:29:59 - 0:04:54 - Epoch 701: train_loss=0.32204920053482056, train_acc= 88.88%
INFO - 09/13/26 23:29:59 - 0:04:55 - Epoch 702: train_loss=0.3154453933238983, train_acc= 89.36%
INFO - 09/13/26 23:29:59 - 0:04:55 - Epoch 703: train_loss=0.32083162665367126, train_acc= 88.92%
INFO - 09/13/26 23:29:59 - 0:04:55 - Epoch 704: train_loss=0.32090187072753906, train_acc= 89.10%
INFO - 09/13/26 23:30:00 - 0:04:55 - Epoch 705: train_loss=0.3219083547592163, train_acc= 89.09%
INFO - 09/13/26 23:30:00 - 0:04:55 - Epoch 705: val_loss=0.5202147960662842, val_acc= 84.40%,val_weighted_f1= 84.42,val_macro_f1= 83.32%
EarlyStopping counter: 2 out of 15
INFO - 09/13/26 23:30:00 - 0:04:56 - Epoch 706: train_loss=0.31952133774757385, train_acc= 89.05%
INFO - 09/13/26 23:30:00 - 0:04:56 - Epoch 707: train_loss=0.3185945153236389, train_acc= 88.76%
INFO - 09/13/26 23:30:00 - 0:04:56 - Epoch 708: train_loss=0.3217271864414215, train_acc= 89.45%
INFO - 09/13/26 23:30:01 - 0:04:56 - Epoch 709: train_loss=0.319792777299881, train_acc= 89.13%
INFO - 09/13/26 23:30:01 - 0:04:56 - Epoch 710: train_loss=0.3159217834472656, train_acc= 89.40%
INFO - 09/13/26 23:30:01 - 0:04:56 - Epoch 710: val_loss=0.5144203901290894, val_acc= 84.66%,val_weighted_f1= 84.69,val_macro_f1= 83.62%
EarlyStopping counter: 3 out of 15
INFO - 09/13/26 23:30:01 - 0:04:57 - Epoch 711: train_loss=0.3137844204902649, train_acc= 89.32%
INFO - 09/13/26 23:30:01 - 0:04:57 - Epoch 712: train_loss=0.31658104062080383, train_acc= 89.05%
INFO - 09/13/26 23:30:01 - 0:04:57 - Epoch 713: train_loss=0.3198942542076111, train_acc= 89.10%
INFO - 09/13/26 23:30:02 - 0:04:57 - Epoch 714: train_loss=0.31664708256721497, train_acc= 89.08%
INFO - 09/13/26 23:30:02 - 0:04:57 - Epoch 715: train_loss=0.31852319836616516, train_acc= 88.96%
INFO - 09/13/26 23:30:02 - 0:04:57 - Epoch 715: val_loss=0.5160447955131531, val_acc= 84.70%,val_weighted_f1= 84.74,val_macro_f1= 83.45%
EarlyStopping counter: 4 out of 15
INFO - 09/13/26 23:30:02 - 0:04:58 - Epoch 716: train_loss=0.31179216504096985, train_acc= 89.42%
INFO - 09/13/26 23:30:02 - 0:04:58 - Epoch 717: train_loss=0.3189102113246918, train_acc= 89.12%
INFO - 09/13/26 23:30:02 - 0:04:58 - Epoch 718: train_loss=0.3114796578884125, train_acc= 89.46%
INFO - 09/13/26 23:30:03 - 0:04:58 - Epoch 719: train_loss=0.31021517515182495, train_acc= 89.25%
INFO - 09/13/26 23:30:03 - 0:04:58 - Epoch 720: train_loss=0.30796289443969727, train_acc= 89.25%
INFO - 09/13/26 23:30:03 - 0:04:59 - Epoch 720: val_loss=0.5167495012283325, val_acc= 84.53%,val_weighted_f1= 84.56,val_macro_f1= 83.46%
EarlyStopping counter: 5 out of 15
INFO - 09/13/26 23:30:03 - 0:04:59 - Epoch 721: train_loss=0.30807653069496155, train_acc= 89.29%
INFO - 09/13/26 23:30:03 - 0:04:59 - Epoch 722: train_loss=0.3128700852394104, train_acc= 89.49%
INFO - 09/13/26 23:30:04 - 0:04:59 - Epoch 723: train_loss=0.31328216195106506, train_acc= 89.43%
INFO - 09/13/26 23:30:04 - 0:04:59 - Epoch 724: train_loss=0.3117232024669647, train_acc= 89.52%
INFO - 09/13/26 23:30:04 - 0:05:00 - Epoch 725: train_loss=0.3137793242931366, train_acc= 89.29%
INFO - 09/13/26 23:30:04 - 0:05:00 - Epoch 725: val_loss=0.5208219289779663, val_acc= 84.44%,val_weighted_f1= 84.51,val_macro_f1= 83.37%
EarlyStopping counter: 6 out of 15
INFO - 09/13/26 23:30:04 - 0:05:00 - Epoch 726: train_loss=0.31740331649780273, train_acc= 89.12%
INFO - 09/13/26 23:30:04 - 0:05:00 - Epoch 727: train_loss=0.30529212951660156, train_acc= 89.90%
INFO - 09/13/26 23:30:05 - 0:05:00 - Epoch 728: train_loss=0.30867907404899597, train_acc= 89.50%
INFO - 09/13/26 23:30:05 - 0:05:00 - Epoch 729: train_loss=0.31082794070243835, train_acc= 89.47%
INFO - 09/13/26 23:30:05 - 0:05:01 - Epoch 730: train_loss=0.3064432442188263, train_acc= 89.52%
INFO - 09/13/26 23:30:05 - 0:05:01 - Epoch 730: val_loss=0.5171567797660828, val_acc= 84.74%,val_weighted_f1= 84.77,val_macro_f1= 83.61%
EarlyStopping counter: 7 out of 15
INFO - 09/13/26 23:30:05 - 0:05:01 - Epoch 731: train_loss=0.3079434633255005, train_acc= 89.32%
INFO - 09/13/26 23:30:05 - 0:05:01 - Epoch 732: train_loss=0.3127908706665039, train_acc= 89.22%
INFO - 09/13/26 23:30:06 - 0:05:01 - Epoch 733: train_loss=0.3090250492095947, train_acc= 89.49%
INFO - 09/13/26 23:30:06 - 0:05:02 - Epoch 734: train_loss=0.30749398469924927, train_acc= 89.60%
INFO - 09/13/26 23:30:06 - 0:05:02 - Epoch 735: train_loss=0.3049488961696625, train_acc= 89.33%
INFO - 09/13/26 23:30:06 - 0:05:02 - Epoch 735: val_loss=0.5200579762458801, val_acc= 84.49%,val_weighted_f1= 84.52,val_macro_f1= 83.41%
EarlyStopping counter: 8 out of 15
INFO - 09/13/26 23:30:06 - 0:05:02 - Epoch 736: train_loss=0.3042444884777069, train_acc= 89.72%
INFO - 09/13/26 23:30:07 - 0:05:02 - Epoch 737: train_loss=0.30846741795539856, train_acc= 89.50%
INFO - 09/13/26 23:30:07 - 0:05:02 - Epoch 738: train_loss=0.3072390556335449, train_acc= 89.59%
INFO - 09/13/26 23:30:07 - 0:05:03 - Epoch 739: train_loss=0.3067784607410431, train_acc= 89.75%
INFO - 09/13/26 23:30:07 - 0:05:03 - Epoch 740: train_loss=0.3019765019416809, train_acc= 89.46%
INFO - 09/13/26 23:30:07 - 0:05:03 - Epoch 740: val_loss=0.5214130878448486, val_acc= 84.44%,val_weighted_f1= 84.48,val_macro_f1= 83.29%
EarlyStopping counter: 9 out of 15
INFO - 09/13/26 23:30:07 - 0:05:03 - Epoch 741: train_loss=0.30736243724823, train_acc= 89.75%
INFO - 09/13/26 23:30:08 - 0:05:03 - Epoch 742: train_loss=0.30475226044654846, train_acc= 89.63%
INFO - 09/13/26 23:30:08 - 0:05:03 - Epoch 743: train_loss=0.30302664637565613, train_acc= 89.40%
INFO - 09/13/26 23:30:08 - 0:05:04 - Epoch 744: train_loss=0.30575281381607056, train_acc= 89.77%
INFO - 09/13/26 23:30:08 - 0:05:04 - Epoch 745: train_loss=0.29873454570770264, train_acc= 89.79%
INFO - 09/13/26 23:30:08 - 0:05:04 - Epoch 745: val_loss=0.5229774117469788, val_acc= 84.62%,val_weighted_f1= 84.66,val_macro_f1= 83.38%
EarlyStopping counter: 10 out of 15
INFO - 09/13/26 23:30:09 - 0:05:04 - Epoch 746: train_loss=0.3059343099594116, train_acc= 89.80%
INFO - 09/13/26 23:30:09 - 0:05:04 - Epoch 747: train_loss=0.3069343864917755, train_acc= 89.28%
INFO - 09/13/26 23:30:09 - 0:05:05 - Epoch 748: train_loss=0.3019171357154846, train_acc= 89.62%
INFO - 09/13/26 23:30:09 - 0:05:05 - Epoch 749: train_loss=0.3015002906322479, train_acc= 89.70%
INFO - 09/13/26 23:30:09 - 0:05:05 - Epoch 750: train_loss=0.3148730397224426, train_acc= 89.28%
INFO - 09/13/26 23:30:09 - 0:05:05 - Epoch 750: val_loss=0.5197128653526306, val_acc= 84.62%,val_weighted_f1= 84.67,val_macro_f1= 83.48%
EarlyStopping counter: 11 out of 15
INFO - 09/13/26 23:30:10 - 0:05:05 - Epoch 751: train_loss=0.3060598373413086, train_acc= 89.37%
INFO - 09/13/26 23:30:10 - 0:05:05 - Epoch 752: train_loss=0.3087148368358612, train_acc= 89.59%
INFO - 09/13/26 23:30:10 - 0:05:06 - Epoch 753: train_loss=0.2962088882923126, train_acc= 89.89%
INFO - 09/13/26 23:30:10 - 0:05:06 - Epoch 754: train_loss=0.2976476550102234, train_acc= 89.92%
INFO - 09/13/26 23:30:10 - 0:05:06 - Epoch 755: train_loss=0.30156272649765015, train_acc= 89.30%
INFO - 09/13/26 23:30:11 - 0:05:06 - Epoch 755: val_loss=0.5211263298988342, val_acc= 84.57%,val_weighted_f1= 84.61,val_macro_f1= 83.32%
EarlyStopping counter: 12 out of 15
INFO - 09/13/26 23:30:11 - 0:05:06 - Epoch 756: train_loss=0.2981494665145874, train_acc= 90.20%
INFO - 09/13/26 23:30:11 - 0:05:06 - Epoch 757: train_loss=0.3031151294708252, train_acc= 89.75%
INFO - 09/13/26 23:30:11 - 0:05:07 - Epoch 758: train_loss=0.29669389128685, train_acc= 90.03%
INFO - 09/13/26 23:30:11 - 0:05:07 - Epoch 759: train_loss=0.30138903856277466, train_acc= 89.69%
INFO - 09/13/26 23:30:12 - 0:05:07 - Epoch 760: train_loss=0.2939814031124115, train_acc= 90.09%
INFO - 09/13/26 23:30:12 - 0:05:07 - Epoch 760: val_loss=0.5252090096473694, val_acc= 84.62%,val_weighted_f1= 84.66,val_macro_f1= 83.42%
EarlyStopping counter: 13 out of 15
INFO - 09/13/26 23:30:12 - 0:05:07 - Epoch 761: train_loss=0.29493796825408936, train_acc= 90.00%
INFO - 09/13/26 23:30:12 - 0:05:08 - Epoch 762: train_loss=0.295340359210968, train_acc= 89.66%
INFO - 09/13/26 23:30:12 - 0:05:08 - Epoch 763: train_loss=0.2987131178379059, train_acc= 89.60%
INFO - 09/13/26 23:30:12 - 0:05:08 - Epoch 764: train_loss=0.29773586988449097, train_acc= 89.47%
INFO - 09/13/26 23:30:13 - 0:05:08 - Epoch 765: train_loss=0.3021790087223053, train_acc= 89.56%
INFO - 09/13/26 23:30:13 - 0:05:08 - Epoch 765: val_loss=0.527205765247345, val_acc= 84.36%,val_weighted_f1= 84.42,val_macro_f1= 83.05%
EarlyStopping counter: 14 out of 15
INFO - 09/13/26 23:30:13 - 0:05:08 - Epoch 766: train_loss=0.2975553572177887, train_acc= 89.94%
INFO - 09/13/26 23:30:13 - 0:05:09 - Epoch 767: train_loss=0.29560351371765137, train_acc= 90.13%
INFO - 09/13/26 23:30:13 - 0:05:09 - Epoch 768: train_loss=0.29059919714927673, train_acc= 90.49%
INFO - 09/13/26 23:30:14 - 0:05:09 - Epoch 769: train_loss=0.29964137077331543, train_acc= 89.96%
INFO - 09/13/26 23:30:14 - 0:05:09 - Epoch 770: train_loss=0.3014778196811676, train_acc= 89.99%
INFO - 09/13/26 23:30:14 - 0:05:09 - Epoch 770: val_loss=0.5282335877418518, val_acc= 84.70%,val_weighted_f1= 84.76,val_macro_f1= 83.48%
EarlyStopping counter: 15 out of 15
---------Early stopping--------
INFO - 09/13/26 23:30:14 - 0:05:09 - --------------Testing--------------------
INFO - 09/13/26 23:30:14 - 0:05:09 - --------------Loading from ./checkpoints/NC_WikiCS_model.pt--------------------
INFO - 09/13/26 23:30:14 - 0:05:09 - test_acc= 84.87%, weighted_f1= 84.88,macro_f1= 82.94%
INFO - 09/13/26 23:30:14 - 0:05:09 - test_acc= 84.87%, weighted_f1= 84.88,macro_f1= 82.94%
INFO - 09/13/26 23:30:14 - 0:05:10 - Epoch 0: train_loss=2.426792621612549, train_acc= 5.61%
INFO - 09/13/26 23:30:14 - 0:05:10 - Epoch 0: val_loss=2.3381874561309814, val_acc= 6.97%,val_weighted_f1= 2.24,val_macro_f1= 4.48%
INFO - 09/13/26 23:30:14 - 0:05:10 - Epoch 1: train_loss=2.3475232124328613, train_acc= 5.90%
INFO - 09/13/26 23:30:15 - 0:05:10 - Epoch 2: train_loss=2.2792606353759766, train_acc= 10.48%
INFO - 09/13/26 23:30:15 - 0:05:10 - Epoch 3: train_loss=2.218388557434082, train_acc= 15.95%
INFO - 09/13/26 23:30:15 - 0:05:11 - Epoch 4: train_loss=2.1665146350860596, train_acc= 20.51%
INFO - 09/13/26 23:30:15 - 0:05:11 - Epoch 5: train_loss=2.127398729324341, train_acc= 22.69%
INFO - 09/13/26 23:30:15 - 0:05:11 - Epoch 5: val_loss=2.083054542541504, val_acc= 23.29%,val_weighted_f1= 9.38,val_macro_f1= 4.12%
INFO - 09/13/26 23:30:16 - 0:05:11 - Epoch 6: train_loss=2.09525728225708, train_acc= 24.20%
INFO - 09/13/26 23:30:16 - 0:05:11 - Epoch 7: train_loss=2.0712761878967285, train_acc= 24.60%
INFO - 09/13/26 23:30:16 - 0:05:11 - Epoch 8: train_loss=2.0546321868896484, train_acc= 25.67%
INFO - 09/13/26 23:30:16 - 0:05:12 - Epoch 9: train_loss=2.0363259315490723, train_acc= 26.72%
INFO - 09/13/26 23:30:16 - 0:05:12 - Epoch 10: train_loss=2.0210461616516113, train_acc= 28.47%
INFO - 09/13/26 23:30:16 - 0:05:12 - Epoch 10: val_loss=2.008747100830078, val_acc= 33.03%,val_weighted_f1= 20.67,val_macro_f1= 10.12%
INFO - 09/13/26 23:30:17 - 0:05:12 - Epoch 11: train_loss=2.00842022895813, train_acc= 29.68%
INFO - 09/13/26 23:30:17 - 0:05:12 - Epoch 12: train_loss=2.0014052391052246, train_acc= 30.76%
INFO - 09/13/26 23:30:17 - 0:05:12 - Epoch 13: train_loss=1.995538592338562, train_acc= 31.68%
INFO - 09/13/26 23:30:17 - 0:05:13 - Epoch 14: train_loss=1.9823410511016846, train_acc= 32.13%
INFO - 09/13/26 23:30:17 - 0:05:13 - Epoch 15: train_loss=1.9742064476013184, train_acc= 32.79%
INFO - 09/13/26 23:30:17 - 0:05:13 - Epoch 15: val_loss=1.9712183475494385, val_acc= 33.12%,val_weighted_f1= 23.24,val_macro_f1= 11.92%
INFO - 09/13/26 23:30:18 - 0:05:13 - Epoch 16: train_loss=1.9626487493515015, train_acc= 33.98%
INFO - 09/13/26 23:30:18 - 0:05:13 - Epoch 17: train_loss=1.958362340927124, train_acc= 34.11%
INFO - 09/13/26 23:30:18 - 0:05:14 - Epoch 18: train_loss=1.9476841688156128, train_acc= 34.98%
INFO - 09/13/26 23:30:18 - 0:05:14 - Epoch 19: train_loss=1.936479926109314, train_acc= 35.39%
INFO - 09/13/26 23:30:18 - 0:05:14 - Epoch 20: train_loss=1.9259324073791504, train_acc= 36.41%
INFO - 09/13/26 23:30:19 - 0:05:14 - Epoch 20: val_loss=1.9213823080062866, val_acc= 37.09%,val_weighted_f1= 28.79,val_macro_f1= 15.58%
INFO - 09/13/26 23:30:19 - 0:05:14 - Epoch 21: train_loss=1.9177539348602295, train_acc= 36.05%
INFO - 09/13/26 23:30:19 - 0:05:14 - Epoch 22: train_loss=1.907854437828064, train_acc= 36.88%
INFO - 09/13/26 23:30:19 - 0:05:15 - Epoch 23: train_loss=1.9011856317520142, train_acc= 37.35%
INFO - 09/13/26 23:30:19 - 0:05:15 - Epoch 24: train_loss=1.8888585567474365, train_acc= 37.74%
INFO - 09/13/26 23:30:20 - 0:05:15 - Epoch 25: train_loss=1.8807350397109985, train_acc= 38.26%
INFO - 09/13/26 23:30:20 - 0:05:15 - Epoch 25: val_loss=1.8674546480178833, val_acc= 38.93%,val_weighted_f1= 31.24,val_macro_f1= 17.31%
INFO - 09/13/26 23:30:20 - 0:05:15 - Epoch 26: train_loss=1.8716789484024048, train_acc= 38.23%
INFO - 09/13/26 23:30:20 - 0:05:15 - Epoch 27: train_loss=1.853830337524414, train_acc= 39.27%
INFO - 09/13/26 23:30:20 - 0:05:16 - Epoch 28: train_loss=1.8464053869247437, train_acc= 39.55%
INFO - 09/13/26 23:30:20 - 0:05:16 - Epoch 29: train_loss=1.8374367952346802, train_acc= 40.21%
INFO - 09/13/26 23:30:21 - 0:05:16 - Epoch 30: train_loss=1.8255304098129272, train_acc= 40.49%
INFO - 09/13/26 23:30:21 - 0:05:16 - Epoch 30: val_loss=1.8116991519927979, val_acc= 41.50%,val_weighted_f1= 34.10,val_macro_f1= 19.26%
INFO - 09/13/26 23:30:21 - 0:05:16 - Epoch 31: train_loss=1.8152053356170654, train_acc= 41.28%
INFO - 09/13/26 23:30:21 - 0:05:17 - Epoch 32: train_loss=1.8016151189804077, train_acc= 42.14%
INFO - 09/13/26 23:30:21 - 0:05:17 - Epoch 33: train_loss=1.7909640073776245, train_acc= 43.13%
INFO - 09/13/26 23:30:21 - 0:05:17 - Epoch 34: train_loss=1.781456708908081, train_acc= 43.74%
INFO - 09/13/26 23:30:22 - 0:05:17 - Epoch 35: train_loss=1.7672321796417236, train_acc= 44.22%
INFO - 09/13/26 23:30:22 - 0:05:17 - Epoch 35: val_loss=1.7515020370483398, val_acc= 46.62%,val_weighted_f1= 38.93,val_macro_f1= 22.42%
INFO - 09/13/26 23:30:22 - 0:05:17 - Epoch 36: train_loss=1.7558692693710327, train_acc= 45.59%
INFO - 09/13/26 23:30:22 - 0:05:18 - Epoch 37: train_loss=1.7431455850601196, train_acc= 46.77%
INFO - 09/13/26 23:30:22 - 0:05:18 - Epoch 38: train_loss=1.7336934804916382, train_acc= 47.41%
INFO - 09/13/26 23:30:23 - 0:05:18 - Epoch 39: train_loss=1.7207632064819336, train_acc= 47.50%
INFO - 09/13/26 23:30:23 - 0:05:18 - Epoch 40: train_loss=1.704218864440918, train_acc= 49.35%
INFO - 09/13/26 23:30:23 - 0:05:18 - Epoch 40: val_loss=1.6863540410995483, val_acc= 50.17%,val_weighted_f1= 41.84,val_macro_f1= 24.28%
INFO - 09/13/26 23:30:23 - 0:05:19 - Epoch 41: train_loss=1.695585012435913, train_acc= 49.04%
INFO - 09/13/26 23:30:23 - 0:05:19 - Epoch 42: train_loss=1.6842904090881348, train_acc= 50.33%
INFO - 09/13/26 23:30:23 - 0:05:19 - Epoch 43: train_loss=1.6703155040740967, train_acc= 50.33%
INFO - 09/13/26 23:30:24 - 0:05:19 - Epoch 44: train_loss=1.6535577774047852, train_acc= 51.16%
INFO - 09/13/26 23:30:24 - 0:05:19 - Epoch 45: train_loss=1.63658607006073, train_acc= 51.60%
INFO - 09/13/26 23:30:24 - 0:05:19 - Epoch 45: val_loss=1.6142826080322266, val_acc= 52.22%,val_weighted_f1= 43.48,val_macro_f1= 25.18%
INFO - 09/13/26 23:30:24 - 0:05:20 - Epoch 46: train_loss=1.6235206127166748, train_acc= 52.40%
INFO - 09/13/26 23:30:24 - 0:05:20 - Epoch 47: train_loss=1.616216778755188, train_acc= 52.20%
INFO - 09/13/26 23:30:25 - 0:05:20 - Epoch 48: train_loss=1.5950326919555664, train_acc= 52.84%
INFO - 09/13/26 23:30:25 - 0:05:20 - Epoch 49: train_loss=1.5825393199920654, train_acc= 53.11%
INFO - 09/13/26 23:30:25 - 0:05:20 - Epoch 50: train_loss=1.566072702407837, train_acc= 53.60%
INFO - 09/13/26 23:30:25 - 0:05:20 - Epoch 50: val_loss=1.5358316898345947, val_acc= 53.42%,val_weighted_f1= 44.46,val_macro_f1= 25.85%
INFO - 09/13/26 23:30:25 - 0:05:21 - Epoch 51: train_loss=1.5479575395584106, train_acc= 54.22%
INFO - 09/13/26 23:30:25 - 0:05:21 - Epoch 52: train_loss=1.5365837812423706, train_acc= 53.60%
INFO - 09/13/26 23:30:26 - 0:05:21 - Epoch 53: train_loss=1.5190778970718384, train_acc= 54.31%
INFO - 09/13/26 23:30:26 - 0:05:21 - Epoch 54: train_loss=1.503617525100708, train_acc= 54.66%
INFO - 09/13/26 23:30:26 - 0:05:21 - Epoch 55: train_loss=1.4891234636306763, train_acc= 54.92%
INFO - 09/13/26 23:30:26 - 0:05:22 - Epoch 55: val_loss=1.4523036479949951, val_acc= 54.70%,val_weighted_f1= 45.62,val_macro_f1= 26.76%
INFO - 09/13/26 23:30:26 - 0:05:22 - Epoch 56: train_loss=1.473120927810669, train_acc= 55.56%
INFO - 09/13/26 23:30:26 - 0:05:22 - Epoch 57: train_loss=1.4555670022964478, train_acc= 55.25%
INFO - 09/13/26 23:30:27 - 0:05:22 - Epoch 58: train_loss=1.4408631324768066, train_acc= 55.48%
INFO - 09/13/26 23:30:27 - 0:05:22 - Epoch 59: train_loss=1.427702784538269, train_acc= 55.68%
INFO - 09/13/26 23:30:27 - 0:05:23 - Epoch 60: train_loss=1.4087275266647339, train_acc= 56.19%
INFO - 09/13/26 23:30:27 - 0:05:23 - Epoch 60: val_loss=1.3674020767211914, val_acc= 55.81%,val_weighted_f1= 46.96,val_macro_f1= 28.03%
INFO - 09/13/26 23:30:27 - 0:05:23 - Epoch 61: train_loss=1.3937093019485474, train_acc= 56.05%
INFO - 09/13/26 23:30:28 - 0:05:23 - Epoch 62: train_loss=1.3837133646011353, train_acc= 56.52%
INFO - 09/13/26 23:30:28 - 0:05:23 - Epoch 63: train_loss=1.3602688312530518, train_acc= 56.86%
INFO - 09/13/26 23:30:28 - 0:05:23 - Epoch 64: train_loss=1.3414454460144043, train_acc= 57.68%
INFO - 09/13/26 23:30:28 - 0:05:24 - Epoch 65: train_loss=1.3301365375518799, train_acc= 58.00%
INFO - 09/13/26 23:30:28 - 0:05:24 - Epoch 65: val_loss=1.2856297492980957, val_acc= 57.14%,val_weighted_f1= 48.71,val_macro_f1= 29.87%
INFO - 09/13/26 23:30:28 - 0:05:24 - Epoch 66: train_loss=1.3126790523529053, train_acc= 57.97%
INFO - 09/13/26 23:30:29 - 0:05:24 - Epoch 67: train_loss=1.3011767864227295, train_acc= 57.97%
INFO - 09/13/26 23:30:29 - 0:05:24 - Epoch 68: train_loss=1.2809938192367554, train_acc= 58.55%
INFO - 09/13/26 23:30:29 - 0:05:24 - Epoch 69: train_loss=1.2651841640472412, train_acc= 59.02%
INFO - 09/13/26 23:30:29 - 0:05:25 - Epoch 70: train_loss=1.2559053897857666, train_acc= 59.45%
INFO - 09/13/26 23:30:29 - 0:05:25 - Epoch 70: val_loss=1.2101725339889526, val_acc= 59.19%,val_weighted_f1= 51.57,val_macro_f1= 32.97%
INFO - 09/13/26 23:30:29 - 0:05:25 - Epoch 71: train_loss=1.2431381940841675, train_acc= 59.59%
INFO - 09/13/26 23:30:30 - 0:05:25 - Epoch 72: train_loss=1.2247759103775024, train_acc= 60.29%
INFO - 09/13/26 23:30:30 - 0:05:25 - Epoch 73: train_loss=1.214165449142456, train_acc= 60.49%
INFO - 09/13/26 23:30:30 - 0:05:26 - Epoch 74: train_loss=1.1995431184768677, train_acc= 60.53%
INFO - 09/13/26 23:30:30 - 0:05:26 - Epoch 75: train_loss=1.1817065477371216, train_acc= 61.20%
INFO - 09/13/26 23:30:30 - 0:05:26 - Epoch 75: val_loss=1.1434264183044434, val_acc= 61.97%,val_weighted_f1= 55.74,val_macro_f1= 37.88%
INFO - 09/13/26 23:30:31 - 0:05:26 - Epoch 76: train_loss=1.1768351793289185, train_acc= 61.16%
INFO - 09/13/26 23:30:31 - 0:05:26 - Epoch 77: train_loss=1.154280424118042, train_acc= 62.26%
INFO - 09/13/26 23:30:31 - 0:05:26 - Epoch 78: train_loss=1.1406482458114624, train_acc= 62.20%
INFO - 09/13/26 23:30:31 - 0:05:27 - Epoch 79: train_loss=1.1312628984451294, train_acc= 62.87%
INFO - 09/13/26 23:30:31 - 0:05:27 - Epoch 80: train_loss=1.1221731901168823, train_acc= 63.51%
INFO - 09/13/26 23:30:31 - 0:05:27 - Epoch 80: val_loss=1.0834290981292725, val_acc= 64.15%,val_weighted_f1= 58.76,val_macro_f1= 41.34%
INFO - 09/13/26 23:30:32 - 0:05:27 - Epoch 81: train_loss=1.1073836088180542, train_acc= 64.04%
INFO - 09/13/26 23:30:32 - 0:05:27 - Epoch 82: train_loss=1.1006289720535278, train_acc= 64.19%
INFO - 09/13/26 23:30:32 - 0:05:27 - Epoch 83: train_loss=1.0911424160003662, train_acc= 64.24%
INFO - 09/13/26 23:30:32 - 0:05:28 - Epoch 84: train_loss=1.0714025497436523, train_acc= 64.73%
INFO - 09/13/26 23:30:32 - 0:05:28 - Epoch 85: train_loss=1.0647269487380981, train_acc= 65.25%
INFO - 09/13/26 23:30:33 - 0:05:28 - Epoch 85: val_loss=1.0297868251800537, val_acc= 65.73%,val_weighted_f1= 61.08,val_macro_f1= 44.15%
INFO - 09/13/26 23:30:33 - 0:05:28 - Epoch 86: train_loss=1.0524892807006836, train_acc= 65.05%
INFO - 09/13/26 23:30:33 - 0:05:28 - Epoch 87: train_loss=1.0413901805877686, train_acc= 65.85%
INFO - 09/13/26 23:30:33 - 0:05:29 - Epoch 88: train_loss=1.0355366468429565, train_acc= 66.40%
INFO - 09/13/26 23:30:33 - 0:05:29 - Epoch 89: train_loss=1.021638035774231, train_acc= 66.24%
INFO - 09/13/26 23:30:33 - 0:05:29 - Epoch 90: train_loss=1.0173839330673218, train_acc= 66.67%
INFO - 09/13/26 23:30:34 - 0:05:29 - Epoch 90: val_loss=0.9829472899436951, val_acc= 67.26%,val_weighted_f1= 63.13,val_macro_f1= 46.65%
INFO - 09/13/26 23:30:34 - 0:05:29 - Epoch 91: train_loss=1.0074691772460938, train_acc= 66.98%
INFO - 09/13/26 23:30:34 - 0:05:29 - Epoch 92: train_loss=0.9958836436271667, train_acc= 67.68%
INFO - 09/13/26 23:30:34 - 0:05:30 - Epoch 93: train_loss=0.9911679625511169, train_acc= 67.81%
INFO - 09/13/26 23:30:34 - 0:05:30 - Epoch 94: train_loss=0.9803325533866882, train_acc= 68.07%
INFO - 09/13/26 23:30:35 - 0:05:30 - Epoch 95: train_loss=0.967183530330658, train_acc= 68.45%
INFO - 09/13/26 23:30:35 - 0:05:30 - Epoch 95: val_loss=0.9406759142875671, val_acc= 68.50%,val_weighted_f1= 65.00,val_macro_f1= 49.73%
INFO - 09/13/26 23:30:35 - 0:05:30 - Epoch 96: train_loss=0.9591482281684875, train_acc= 68.55%
INFO - 09/13/26 23:30:35 - 0:05:31 - Epoch 97: train_loss=0.9557040333747864, train_acc= 68.64%
INFO - 09/13/26 23:30:35 - 0:05:31 - Epoch 98: train_loss=0.9427012205123901, train_acc= 69.29%
INFO - 09/13/26 23:30:35 - 0:05:31 - Epoch 99: train_loss=0.9350664615631104, train_acc= 69.80%
INFO - 09/13/26 23:30:36 - 0:05:31 - Epoch 100: train_loss=0.9327474236488342, train_acc= 69.62%
INFO - 09/13/26 23:30:36 - 0:05:31 - Epoch 100: val_loss=0.9029093384742737, val_acc= 69.44%,val_weighted_f1= 66.48,val_macro_f1= 52.02%
INFO - 09/13/26 23:30:36 - 0:05:31 - Epoch 101: train_loss=0.9242131114006042, train_acc= 70.26%
INFO - 09/13/26 23:30:36 - 0:05:32 - Epoch 102: train_loss=0.9085519909858704, train_acc= 70.15%
INFO - 09/13/26 23:30:36 - 0:05:32 - Epoch 103: train_loss=0.9045829176902771, train_acc= 70.49%
INFO - 09/13/26 23:30:37 - 0:05:32 - Epoch 104: train_loss=0.9064169526100159, train_acc= 70.37%
INFO - 09/13/26 23:30:37 - 0:05:32 - Epoch 105: train_loss=0.8918665051460266, train_acc= 71.06%
INFO - 09/13/26 23:30:37 - 0:05:32 - Epoch 105: val_loss=0.868822455406189, val_acc= 70.47%,val_weighted_f1= 68.10,val_macro_f1= 55.36%
INFO - 09/13/26 23:30:37 - 0:05:33 - Epoch 106: train_loss=0.8802527785301208, train_acc= 71.14%
INFO - 09/13/26 23:30:37 - 0:05:33 - Epoch 107: train_loss=0.8790029883384705, train_acc= 71.20%
INFO - 09/13/26 23:30:37 - 0:05:33 - Epoch 108: train_loss=0.8765093684196472, train_acc= 71.30%
INFO - 09/13/26 23:30:38 - 0:05:33 - Epoch 109: train_loss=0.8697468638420105, train_acc= 71.23%
INFO - 09/13/26 23:30:38 - 0:05:33 - Epoch 110: train_loss=0.8610201478004456, train_acc= 72.64%
INFO - 09/13/26 23:30:38 - 0:05:33 - Epoch 110: val_loss=0.8384000658988953, val_acc= 71.50%,val_weighted_f1= 69.77,val_macro_f1= 59.10%
INFO - 09/13/26 23:30:38 - 0:05:34 - Epoch 111: train_loss=0.8522441983222961, train_acc= 72.81%
INFO - 09/13/26 23:30:38 - 0:05:34 - Epoch 112: train_loss=0.8461010456085205, train_acc= 72.40%
INFO - 09/13/26 23:30:38 - 0:05:34 - Epoch 113: train_loss=0.8431807160377502, train_acc= 72.37%
INFO - 09/13/26 23:30:39 - 0:05:34 - Epoch 114: train_loss=0.8339971899986267, train_acc= 72.78%
INFO - 09/13/26 23:30:39 - 0:05:34 - Epoch 115: train_loss=0.8362939357757568, train_acc= 73.12%
INFO - 09/13/26 23:30:39 - 0:05:35 - Epoch 115: val_loss=0.8114813566207886, val_acc= 73.21%,val_weighted_f1= 72.25,val_macro_f1= 64.61%
INFO - 09/13/26 23:30:39 - 0:05:35 - Epoch 116: train_loss=0.8264049887657166, train_acc= 73.37%
INFO - 09/13/26 23:30:39 - 0:05:35 - Epoch 117: train_loss=0.8222122192382812, train_acc= 73.94%
INFO - 09/13/26 23:30:40 - 0:05:35 - Epoch 118: train_loss=0.811774730682373, train_acc= 73.88%
INFO - 09/13/26 23:30:40 - 0:05:35 - Epoch 119: train_loss=0.8146855235099792, train_acc= 73.54%
INFO - 09/13/26 23:30:40 - 0:05:36 - Epoch 120: train_loss=0.8013678789138794, train_acc= 74.05%
INFO - 09/13/26 23:30:40 - 0:05:36 - Epoch 120: val_loss=0.788099467754364, val_acc= 74.27%,val_weighted_f1= 73.53,val_macro_f1= 66.92%
INFO - 09/13/26 23:30:40 - 0:05:36 - Epoch 121: train_loss=0.799120306968689, train_acc= 74.43%
INFO - 09/13/26 23:30:40 - 0:05:36 - Epoch 122: train_loss=0.796576738357544, train_acc= 74.48%
INFO - 09/13/26 23:30:41 - 0:05:36 - Epoch 123: train_loss=0.7900533080101013, train_acc= 74.72%
INFO - 09/13/26 23:30:41 - 0:05:36 - Epoch 124: train_loss=0.7843419909477234, train_acc= 75.42%
INFO - 09/13/26 23:30:41 - 0:05:37 - Epoch 125: train_loss=0.7868199348449707, train_acc= 74.99%
INFO - 09/13/26 23:30:41 - 0:05:37 - Epoch 125: val_loss=0.7667334675788879, val_acc= 75.38%,val_weighted_f1= 74.89,val_macro_f1= 69.36%
INFO - 09/13/26 23:30:41 - 0:05:37 - Epoch 126: train_loss=0.7768697738647461, train_acc= 74.99%
INFO - 09/13/26 23:30:42 - 0:05:37 - Epoch 127: train_loss=0.7753684520721436, train_acc= 75.12%
INFO - 09/13/26 23:30:42 - 0:05:37 - Epoch 128: train_loss=0.7668338418006897, train_acc= 75.63%
INFO - 09/13/26 23:30:42 - 0:05:37 - Epoch 129: train_loss=0.76508629322052, train_acc= 75.67%
INFO - 09/13/26 23:30:42 - 0:05:38 - Epoch 130: train_loss=0.753765344619751, train_acc= 75.99%
INFO - 09/13/26 23:30:42 - 0:05:38 - Epoch 130: val_loss=0.7482753992080688, val_acc= 76.11%,val_weighted_f1= 75.76,val_macro_f1= 71.11%
INFO - 09/13/26 23:30:42 - 0:05:38 - Epoch 131: train_loss=0.7517992854118347, train_acc= 76.16%
INFO - 09/13/26 23:30:43 - 0:05:38 - Epoch 132: train_loss=0.7518364787101746, train_acc= 75.87%
INFO - 09/13/26 23:30:43 - 0:05:38 - Epoch 133: train_loss=0.7468732595443726, train_acc= 76.03%
INFO - 09/13/26 23:30:43 - 0:05:39 - Epoch 134: train_loss=0.7400910258293152, train_acc= 76.19%
INFO - 09/13/26 23:30:43 - 0:05:39 - Epoch 135: train_loss=0.7397031188011169, train_acc= 76.61%
INFO - 09/13/26 23:30:43 - 0:05:39 - Epoch 135: val_loss=0.730513870716095, val_acc= 76.45%,val_weighted_f1= 76.21,val_macro_f1= 72.14%
INFO - 09/13/26 23:30:43 - 0:05:39 - Epoch 136: train_loss=0.7334867119789124, train_acc= 77.04%
INFO - 09/13/26 23:30:44 - 0:05:39 - Epoch 137: train_loss=0.7287631630897522, train_acc= 77.21%
INFO - 09/13/26 23:30:44 - 0:05:39 - Epoch 138: train_loss=0.7276762127876282, train_acc= 76.67%
INFO - 09/13/26 23:30:44 - 0:05:40 - Epoch 139: train_loss=0.721416175365448, train_acc= 76.58%
INFO - 09/13/26 23:30:44 - 0:05:40 - Epoch 140: train_loss=0.7214112877845764, train_acc= 77.30%
INFO - 09/13/26 23:30:44 - 0:05:40 - Epoch 140: val_loss=0.7179831862449646, val_acc= 76.92%,val_weighted_f1= 76.68,val_macro_f1= 72.43%
INFO - 09/13/26 23:30:45 - 0:05:40 - Epoch 141: train_loss=0.7176876664161682, train_acc= 76.83%
INFO - 09/13/26 23:30:45 - 0:05:40 - Epoch 142: train_loss=0.7089213728904724, train_acc= 77.45%
INFO - 09/13/26 23:30:45 - 0:05:41 - Epoch 143: train_loss=0.7097628116607666, train_acc= 77.34%
INFO - 09/13/26 23:30:45 - 0:05:41 - Epoch 144: train_loss=0.70514315366745, train_acc= 77.61%
INFO - 09/13/26 23:30:45 - 0:05:41 - Epoch 145: train_loss=0.7065600752830505, train_acc= 77.37%
INFO - 09/13/26 23:30:45 - 0:05:41 - Epoch 145: val_loss=0.7033684849739075, val_acc= 77.18%,val_weighted_f1= 77.03,val_macro_f1= 73.03%
INFO - 09/13/26 23:30:46 - 0:05:41 - Epoch 146: train_loss=0.692583441734314, train_acc= 77.87%
INFO - 09/13/26 23:30:46 - 0:05:41 - Epoch 147: train_loss=0.6939259767532349, train_acc= 78.17%
INFO - 09/13/26 23:30:46 - 0:05:42 - Epoch 148: train_loss=0.687018096446991, train_acc= 78.44%
INFO - 09/13/26 23:30:46 - 0:05:42 - Epoch 149: train_loss=0.6813196539878845, train_acc= 78.55%
INFO - 09/13/26 23:30:46 - 0:05:42 - Epoch 150: train_loss=0.6745671629905701, train_acc= 78.74%
INFO - 09/13/26 23:30:46 - 0:05:42 - Epoch 150: val_loss=0.6929095983505249, val_acc= 77.69%,val_weighted_f1= 77.59,val_macro_f1= 73.74%
INFO - 09/13/26 23:30:47 - 0:05:42 - Epoch 151: train_loss=0.6759746074676514, train_acc= 78.24%
INFO - 09/13/26 23:30:47 - 0:05:42 - Epoch 152: train_loss=0.6756625771522522, train_acc= 78.25%
INFO - 09/13/26 23:30:47 - 0:05:43 - Epoch 153: train_loss=0.6767523884773254, train_acc= 78.54%
INFO - 09/13/26 23:30:47 - 0:05:43 - Epoch 154: train_loss=0.671729326248169, train_acc= 77.97%
INFO - 09/13/26 23:30:47 - 0:05:43 - Epoch 155: train_loss=0.6759743094444275, train_acc= 78.49%
INFO - 09/13/26 23:30:48 - 0:05:43 - Epoch 155: val_loss=0.6808151602745056, val_acc= 77.99%,val_weighted_f1= 77.87,val_macro_f1= 74.11%
INFO - 09/13/26 23:30:48 - 0:05:43 - Epoch 156: train_loss=0.6680624485015869, train_acc= 78.55%
INFO - 09/13/26 23:30:48 - 0:05:44 - Epoch 157: train_loss=0.6697368025779724, train_acc= 78.79%
INFO - 09/13/26 23:30:48 - 0:05:44 - Epoch 158: train_loss=0.6615203619003296, train_acc= 79.08%
INFO - 09/13/26 23:30:48 - 0:05:44 - Epoch 159: train_loss=0.6561797857284546, train_acc= 79.49%
INFO - 09/13/26 23:30:49 - 0:05:44 - Epoch 160: train_loss=0.6557626128196716, train_acc= 79.11%
INFO - 09/13/26 23:30:49 - 0:05:44 - Epoch 160: val_loss=0.6742445826530457, val_acc= 78.16%,val_weighted_f1= 78.11,val_macro_f1= 74.43%
INFO - 09/13/26 23:30:49 - 0:05:44 - Epoch 161: train_loss=0.6547104120254517, train_acc= 79.11%
INFO - 09/13/26 23:30:49 - 0:05:45 - Epoch 162: train_loss=0.6541065573692322, train_acc= 78.88%
INFO - 09/13/26 23:30:49 - 0:05:45 - Epoch 163: train_loss=0.651265025138855, train_acc= 79.30%
INFO - 09/13/26 23:30:49 - 0:05:45 - Epoch 164: train_loss=0.6539434194564819, train_acc= 78.96%
INFO - 09/13/26 23:30:50 - 0:05:45 - Epoch 165: train_loss=0.6414148211479187, train_acc= 79.50%
INFO - 09/13/26 23:30:50 - 0:05:45 - Epoch 165: val_loss=0.6653285026550293, val_acc= 78.55%,val_weighted_f1= 78.51,val_macro_f1= 75.01%
INFO - 09/13/26 23:30:50 - 0:05:46 - Epoch 166: train_loss=0.6428791284561157, train_acc= 79.35%
INFO - 09/13/26 23:30:50 - 0:05:46 - Epoch 167: train_loss=0.6381115913391113, train_acc= 79.35%
INFO - 09/13/26 23:30:50 - 0:05:46 - Epoch 168: train_loss=0.6432806253433228, train_acc= 79.42%
INFO - 09/13/26 23:30:51 - 0:05:46 - Epoch 169: train_loss=0.64078688621521, train_acc= 79.58%
INFO - 09/13/26 23:30:51 - 0:05:46 - Epoch 170: train_loss=0.6303295493125916, train_acc= 79.76%
INFO - 09/13/26 23:30:51 - 0:05:46 - Epoch 170: val_loss=0.6571343541145325, val_acc= 78.93%,val_weighted_f1= 78.86,val_macro_f1= 75.58%
INFO - 09/13/26 23:30:51 - 0:05:47 - Epoch 171: train_loss=0.6335643529891968, train_acc= 79.45%
INFO - 09/13/26 23:30:51 - 0:05:47 - Epoch 172: train_loss=0.6303213238716125, train_acc= 79.86%
INFO - 09/13/26 23:30:51 - 0:05:47 - Epoch 173: train_loss=0.6237736940383911, train_acc= 80.17%
INFO - 09/13/26 23:30:52 - 0:05:47 - Epoch 174: train_loss=0.6226269006729126, train_acc= 79.89%
INFO - 09/13/26 23:30:52 - 0:05:47 - Epoch 175: train_loss=0.6156062483787537, train_acc= 80.67%
INFO - 09/13/26 23:30:52 - 0:05:47 - Epoch 175: val_loss=0.6504746675491333, val_acc= 79.15%,val_weighted_f1= 79.13,val_macro_f1= 75.84%
INFO - 09/13/26 23:30:52 - 0:05:48 - Epoch 176: train_loss=0.6244953274726868, train_acc= 80.15%
INFO - 09/13/26 23:30:52 - 0:05:48 - Epoch 177: train_loss=0.6154904365539551, train_acc= 80.23%
INFO - 09/13/26 23:30:52 - 0:05:48 - Epoch 178: train_loss=0.612271249294281, train_acc= 80.22%
INFO - 09/13/26 23:30:53 - 0:05:48 - Epoch 179: train_loss=0.6161925792694092, train_acc= 80.07%
INFO - 09/13/26 23:30:53 - 0:05:48 - Epoch 180: train_loss=0.6104019284248352, train_acc= 80.56%
INFO - 09/13/26 23:30:53 - 0:05:49 - Epoch 180: val_loss=0.6473511457443237, val_acc= 78.80%,val_weighted_f1= 78.80,val_macro_f1= 75.60%
EarlyStopping counter: 1 out of 15
INFO - 09/13/26 23:30:53 - 0:05:49 - Epoch 181: train_loss=0.6057581305503845, train_acc= 80.73%
INFO - 09/13/26 23:30:53 - 0:05:49 - Epoch 182: train_loss=0.6080467700958252, train_acc= 80.43%
INFO - 09/13/26 23:30:54 - 0:05:49 - Epoch 183: train_loss=0.6078705191612244, train_acc= 80.30%
INFO - 09/13/26 23:30:54 - 0:05:49 - Epoch 184: train_loss=0.606636643409729, train_acc= 80.47%
INFO - 09/13/26 23:30:54 - 0:05:50 - Epoch 185: train_loss=0.6029185652732849, train_acc= 80.26%
INFO - 09/13/26 23:30:54 - 0:05:50 - Epoch 185: val_loss=0.6412758827209473, val_acc= 79.23%,val_weighted_f1= 79.23,val_macro_f1= 76.08%
INFO - 09/13/26 23:30:54 - 0:05:50 - Epoch 186: train_loss=0.6047750115394592, train_acc= 80.67%
INFO - 09/13/26 23:30:54 - 0:05:50 - Epoch 187: train_loss=0.5974074006080627, train_acc= 80.94%
INFO - 09/13/26 23:30:55 - 0:05:50 - Epoch 188: train_loss=0.5991248488426208, train_acc= 80.44%
INFO - 09/13/26 23:30:55 - 0:05:50 - Epoch 189: train_loss=0.5970028042793274, train_acc= 81.04%
INFO - 09/13/26 23:30:55 - 0:05:51 - Epoch 190: train_loss=0.6010395884513855, train_acc= 80.39%
INFO - 09/13/26 23:30:55 - 0:05:51 - Epoch 190: val_loss=0.6337581872940063, val_acc= 79.44%,val_weighted_f1= 79.41,val_macro_f1= 76.10%
INFO - 09/13/26 23:30:55 - 0:05:51 - Epoch 191: train_loss=0.5921146869659424, train_acc= 80.99%
INFO - 09/13/26 23:30:55 - 0:05:51 - Epoch 192: train_loss=0.5897647738456726, train_acc= 80.87%
INFO - 09/13/26 23:30:56 - 0:05:51 - Epoch 193: train_loss=0.5943574905395508, train_acc= 80.64%
INFO - 09/13/26 23:30:56 - 0:05:51 - Epoch 194: train_loss=0.5913981795310974, train_acc= 80.53%
INFO - 09/13/26 23:30:56 - 0:05:52 - Epoch 195: train_loss=0.5907666087150574, train_acc= 80.57%
INFO - 09/13/26 23:30:56 - 0:05:52 - Epoch 195: val_loss=0.6317591071128845, val_acc= 79.36%,val_weighted_f1= 79.36,val_macro_f1= 76.21%
EarlyStopping counter: 1 out of 15
INFO - 09/13/26 23:30:56 - 0:05:52 - Epoch 196: train_loss=0.5916150212287903, train_acc= 80.99%
INFO - 09/13/26 23:30:57 - 0:05:52 - Epoch 197: train_loss=0.5820773839950562, train_acc= 81.20%
INFO - 09/13/26 23:30:57 - 0:05:52 - Epoch 198: train_loss=0.5848013162612915, train_acc= 81.14%
INFO - 09/13/26 23:30:57 - 0:05:53 - Epoch 199: train_loss=0.5823265910148621, train_acc= 81.34%
INFO - 09/13/26 23:30:57 - 0:05:53 - Epoch 200: train_loss=0.5856035947799683, train_acc= 80.96%
INFO - 09/13/26 23:30:57 - 0:05:53 - Epoch 200: val_loss=0.6244897842407227, val_acc= 79.53%,val_weighted_f1= 79.55,val_macro_f1= 76.39%
INFO - 09/13/26 23:30:57 - 0:05:53 - Epoch 201: train_loss=0.5825134515762329, train_acc= 80.57%
INFO - 09/13/26 23:30:58 - 0:05:53 - Epoch 202: train_loss=0.5795105695724487, train_acc= 81.20%
INFO - 09/13/26 23:30:58 - 0:05:53 - Epoch 203: train_loss=0.5800167322158813, train_acc= 81.17%
INFO - 09/13/26 23:30:58 - 0:05:54 - Epoch 204: train_loss=0.5742123126983643, train_acc= 81.44%
INFO - 09/13/26 23:30:58 - 0:05:54 - Epoch 205: train_loss=0.5746949911117554, train_acc= 81.28%
INFO - 09/13/26 23:30:58 - 0:05:54 - Epoch 205: val_loss=0.6220821142196655, val_acc= 79.57%,val_weighted_f1= 79.60,val_macro_f1= 76.50%
INFO - 09/13/26 23:30:59 - 0:05:54 - Epoch 206: train_loss=0.5700172185897827, train_acc= 81.84%
INFO - 09/13/26 23:30:59 - 0:05:54 - Epoch 207: train_loss=0.5670892000198364, train_acc= 81.47%
INFO - 09/13/26 23:30:59 - 0:05:55 - Epoch 208: train_loss=0.5688410401344299, train_acc= 81.43%
INFO - 09/13/26 23:30:59 - 0:05:55 - Epoch 209: train_loss=0.5686405897140503, train_acc= 81.31%
INFO - 09/13/26 23:30:59 - 0:05:55 - Epoch 210: train_loss=0.5672747492790222, train_acc= 81.71%
INFO - 09/13/26 23:30:59 - 0:05:55 - Epoch 210: val_loss=0.6195133328437805, val_acc= 79.70%,val_weighted_f1= 79.75,val_macro_f1= 76.75%
INFO - 09/13/26 23:31:00 - 0:05:55 - Epoch 211: train_loss=0.5665606260299683, train_acc= 82.05%
INFO - 09/13/26 23:31:00 - 0:05:55 - Epoch 212: train_loss=0.5653742551803589, train_acc= 81.66%
INFO - 09/13/26 23:31:00 - 0:05:56 - Epoch 213: train_loss=0.5636941194534302, train_acc= 81.57%
INFO - 09/13/26 23:31:00 - 0:05:56 - Epoch 214: train_loss=0.5655898451805115, train_acc= 81.67%
INFO - 09/13/26 23:31:00 - 0:05:56 - Epoch 215: train_loss=0.5600985884666443, train_acc= 81.94%
INFO - 09/13/26 23:31:01 - 0:05:56 - Epoch 215: val_loss=0.6157024502754211, val_acc= 79.91%,val_weighted_f1= 79.99,val_macro_f1= 77.02%
INFO - 09/13/26 23:31:01 - 0:05:56 - Epoch 216: train_loss=0.558489203453064, train_acc= 82.03%
INFO - 09/13/26 23:31:01 - 0:05:56 - Epoch 217: train_loss=0.5573790073394775, train_acc= 81.94%
INFO - 09/13/26 23:31:01 - 0:05:57 - Epoch 218: train_loss=0.5621016025543213, train_acc= 81.73%
INFO - 09/13/26 23:31:01 - 0:05:57 - Epoch 219: train_loss=0.5551453828811646, train_acc= 82.14%
INFO - 09/13/26 23:31:02 - 0:05:57 - Epoch 220: train_loss=0.5574408769607544, train_acc= 81.81%
INFO - 09/13/26 23:31:02 - 0:05:57 - Epoch 220: val_loss=0.6137131452560425, val_acc= 79.91%,val_weighted_f1= 79.92,val_macro_f1= 76.96%
INFO - 09/13/26 23:31:02 - 0:05:57 - Epoch 221: train_loss=0.5568827390670776, train_acc= 81.77%
INFO - 09/13/26 23:31:02 - 0:05:58 - Epoch 222: train_loss=0.5582138299942017, train_acc= 81.70%
INFO - 09/13/26 23:31:02 - 0:05:58 - Epoch 223: train_loss=0.55558842420578, train_acc= 82.01%
INFO - 09/13/26 23:31:02 - 0:05:58 - Epoch 224: train_loss=0.5497099757194519, train_acc= 81.93%
INFO - 09/13/26 23:31:03 - 0:05:58 - Epoch 225: train_loss=0.5486874580383301, train_acc= 82.21%
INFO - 09/13/26 23:31:03 - 0:05:58 - Epoch 225: val_loss=0.6112669110298157, val_acc= 79.79%,val_weighted_f1= 79.84,val_macro_f1= 76.98%
EarlyStopping counter: 1 out of 15
INFO - 09/13/26 23:31:03 - 0:05:58 - Epoch 226: train_loss=0.5521358847618103, train_acc= 82.24%
INFO - 09/13/26 23:31:03 - 0:05:59 - Epoch 227: train_loss=0.5432619452476501, train_acc= 82.17%
INFO - 09/13/26 23:31:03 - 0:05:59 - Epoch 228: train_loss=0.5526835918426514, train_acc= 81.97%
INFO - 09/13/26 23:31:04 - 0:05:59 - Epoch 229: train_loss=0.5490139126777649, train_acc= 82.40%
INFO - 09/13/26 23:31:04 - 0:05:59 - Epoch 230: train_loss=0.540993332862854, train_acc= 82.28%
INFO - 09/13/26 23:31:04 - 0:05:59 - Epoch 230: val_loss=0.6076607704162598, val_acc= 80.04%,val_weighted_f1= 80.10,val_macro_f1= 77.26%
INFO - 09/13/26 23:31:04 - 0:05:59 - Epoch 231: train_loss=0.5454627871513367, train_acc= 82.40%
INFO - 09/13/26 23:31:04 - 0:06:00 - Epoch 232: train_loss=0.5434468388557434, train_acc= 82.04%
INFO - 09/13/26 23:31:04 - 0:06:00 - Epoch 233: train_loss=0.5430350303649902, train_acc= 82.54%
INFO - 09/13/26 23:31:05 - 0:06:00 - Epoch 234: train_loss=0.5460743308067322, train_acc= 82.32%
INFO - 09/13/26 23:31:05 - 0:06:00 - Epoch 235: train_loss=0.5373207330703735, train_acc= 82.69%
INFO - 09/13/26 23:31:05 - 0:06:00 - Epoch 235: val_loss=0.6047790050506592, val_acc= 80.21%,val_weighted_f1= 80.26,val_macro_f1= 77.42%
INFO - 09/13/26 23:31:05 - 0:06:01 - Epoch 236: train_loss=0.5478234887123108, train_acc= 82.42%
INFO - 09/13/26 23:31:05 - 0:06:01 - Epoch 237: train_loss=0.5403031706809998, train_acc= 82.01%
INFO - 09/13/26 23:31:05 - 0:06:01 - Epoch 238: train_loss=0.5363569855690002, train_acc= 82.51%
INFO - 09/13/26 23:31:06 - 0:06:01 - Epoch 239: train_loss=0.5390727519989014, train_acc= 82.34%
INFO - 09/13/26 23:31:06 - 0:06:01 - Epoch 240: train_loss=0.5378383994102478, train_acc= 82.08%
INFO - 09/13/26 23:31:06 - 0:06:01 - Epoch 240: val_loss=0.6050509810447693, val_acc= 80.13%,val_weighted_f1= 80.20,val_macro_f1= 77.34%
EarlyStopping counter: 1 out of 15
INFO - 09/13/26 23:31:06 - 0:06:02 - Epoch 241: train_loss=0.532727837562561, train_acc= 82.54%
INFO - 09/13/26 23:31:06 - 0:06:02 - Epoch 242: train_loss=0.5358380675315857, train_acc= 82.50%
INFO - 09/13/26 23:31:07 - 0:06:02 - Epoch 243: train_loss=0.5296503901481628, train_acc= 82.89%
INFO - 09/13/26 23:31:07 - 0:06:02 - Epoch 244: train_loss=0.5316591858863831, train_acc= 82.44%
INFO - 09/13/26 23:31:07 - 0:06:02 - Epoch 245: train_loss=0.5318126678466797, train_acc= 82.71%
INFO - 09/13/26 23:31:07 - 0:06:03 - Epoch 245: val_loss=0.6008906364440918, val_acc= 80.34%,val_weighted_f1= 80.39,val_macro_f1= 77.55%
INFO - 09/13/26 23:31:07 - 0:06:03 - Epoch 246: train_loss=0.5346315503120422, train_acc= 82.97%
INFO - 09/13/26 23:31:07 - 0:06:03 - Epoch 247: train_loss=0.5275788307189941, train_acc= 82.88%
INFO - 09/13/26 23:31:08 - 0:06:03 - Epoch 248: train_loss=0.5296767950057983, train_acc= 82.55%
INFO - 09/13/26 23:31:08 - 0:06:03 - Epoch 249: train_loss=0.5286224484443665, train_acc= 82.77%
INFO - 09/13/26 23:31:08 - 0:06:03 - Epoch 250: train_loss=0.5278137922286987, train_acc= 82.54%
INFO - 09/13/26 23:31:08 - 0:06:04 - Epoch 250: val_loss=0.5983197689056396, val_acc= 80.38%,val_weighted_f1= 80.46,val_macro_f1= 77.70%
INFO - 09/13/26 23:31:08 - 0:06:04 - Epoch 251: train_loss=0.5268311500549316, train_acc= 82.78%
INFO - 09/13/26 23:31:09 - 0:06:04 - Epoch 252: train_loss=0.529518187046051, train_acc= 82.91%
INFO - 09/13/26 23:31:09 - 0:06:04 - Epoch 253: train_loss=0.5230769515037537, train_acc= 82.97%
INFO - 09/13/26 23:31:09 - 0:06:04 - Epoch 254: train_loss=0.5238633155822754, train_acc= 83.14%
INFO - 09/13/26 23:31:09 - 0:06:05 - Epoch 255: train_loss=0.5254946947097778, train_acc= 82.95%
INFO - 09/13/26 23:31:09 - 0:06:05 - Epoch 255: val_loss=0.5946637988090515, val_acc= 80.56%,val_weighted_f1= 80.61,val_macro_f1= 77.94%
INFO - 09/13/26 23:31:09 - 0:06:05 - Epoch 256: train_loss=0.5233633518218994, train_acc= 83.01%
INFO - 09/13/26 23:31:10 - 0:06:05 - Epoch 257: train_loss=0.5237446427345276, train_acc= 82.69%
INFO - 09/13/26 23:31:10 - 0:06:05 - Epoch 258: train_loss=0.5164809823036194, train_acc= 82.95%
INFO - 09/13/26 23:31:10 - 0:06:05 - Epoch 259: train_loss=0.5230383276939392, train_acc= 83.14%
INFO - 09/13/26 23:31:10 - 0:06:06 - Epoch 260: train_loss=0.5189645886421204, train_acc= 83.15%
INFO - 09/13/26 23:31:10 - 0:06:06 - Epoch 260: val_loss=0.5940650105476379, val_acc= 80.81%,val_weighted_f1= 80.88,val_macro_f1= 78.16%
INFO - 09/13/26 23:31:10 - 0:06:06 - Epoch 261: train_loss=0.5243068933486938, train_acc= 82.88%
INFO - 09/13/26 23:31:11 - 0:06:06 - Epoch 262: train_loss=0.5196484923362732, train_acc= 83.26%
INFO - 09/13/26 23:31:11 - 0:06:06 - Epoch 263: train_loss=0.5143232345581055, train_acc= 83.34%
INFO - 09/13/26 23:31:11 - 0:06:07 - Epoch 264: train_loss=0.5225614905357361, train_acc= 83.16%
INFO - 09/13/26 23:31:11 - 0:06:07 - Epoch 265: train_loss=0.5139868855476379, train_acc= 83.54%
INFO - 09/13/26 23:31:11 - 0:06:07 - Epoch 265: val_loss=0.5904157757759094, val_acc= 81.03%,val_weighted_f1= 81.08,val_macro_f1= 78.45%
INFO - 09/13/26 23:31:12 - 0:06:07 - Epoch 266: train_loss=0.5149186253547668, train_acc= 83.15%
INFO - 09/13/26 23:31:12 - 0:06:07 - Epoch 267: train_loss=0.5170666575431824, train_acc= 83.42%
INFO - 09/13/26 23:31:12 - 0:06:07 - Epoch 268: train_loss=0.5187286734580994, train_acc= 82.87%
INFO - 09/13/26 23:31:12 - 0:06:08 - Epoch 269: train_loss=0.5145893692970276, train_acc= 83.25%
INFO - 09/13/26 23:31:12 - 0:06:08 - Epoch 270: train_loss=0.5087162256240845, train_acc= 83.15%
INFO - 09/13/26 23:31:12 - 0:06:08 - Epoch 270: val_loss=0.5888216495513916, val_acc= 80.98%,val_weighted_f1= 81.02,val_macro_f1= 78.44%
EarlyStopping counter: 1 out of 15
INFO - 09/13/26 23:31:13 - 0:06:08 - Epoch 271: train_loss=0.5127516388893127, train_acc= 83.26%
INFO - 09/13/26 23:31:13 - 0:06:08 - Epoch 272: train_loss=0.5181716084480286, train_acc= 83.24%
INFO - 09/13/26 23:31:13 - 0:06:08 - Epoch 273: train_loss=0.5072800517082214, train_acc= 83.58%
INFO - 09/13/26 23:31:13 - 0:06:09 - Epoch 274: train_loss=0.5132708549499512, train_acc= 83.14%
INFO - 09/13/26 23:31:13 - 0:06:09 - Epoch 275: train_loss=0.5089868307113647, train_acc= 83.59%
INFO - 09/13/26 23:31:13 - 0:06:09 - Epoch 275: val_loss=0.5882499814033508, val_acc= 81.07%,val_weighted_f1= 81.11,val_macro_f1= 78.56%
INFO - 09/13/26 23:31:14 - 0:06:09 - Epoch 276: train_loss=0.5101507306098938, train_acc= 83.18%
INFO - 09/13/26 23:31:14 - 0:06:09 - Epoch 277: train_loss=0.5057496428489685, train_acc= 83.44%
INFO - 09/13/26 23:31:14 - 0:06:10 - Epoch 278: train_loss=0.5053530931472778, train_acc= 83.35%
INFO - 09/13/26 23:31:14 - 0:06:10 - Epoch 279: train_loss=0.5037897825241089, train_acc= 83.34%
INFO - 09/13/26 23:31:14 - 0:06:10 - Epoch 280: train_loss=0.5052626132965088, train_acc= 83.52%
INFO - 09/13/26 23:31:15 - 0:06:10 - Epoch 280: val_loss=0.586258053779602, val_acc= 81.37%,val_weighted_f1= 81.41,val_macro_f1= 78.86%
INFO - 09/13/26 23:31:15 - 0:06:10 - Epoch 281: train_loss=0.5047765374183655, train_acc= 83.35%
INFO - 09/13/26 23:31:15 - 0:06:10 - Epoch 282: train_loss=0.5024976134300232, train_acc= 83.54%
INFO - 09/13/26 23:31:15 - 0:06:11 - Epoch 283: train_loss=0.5032095909118652, train_acc= 83.51%
INFO - 09/13/26 23:31:15 - 0:06:11 - Epoch 284: train_loss=0.5029805898666382, train_acc= 83.65%
INFO - 09/13/26 23:31:16 - 0:06:11 - Epoch 285: train_loss=0.5000922083854675, train_acc= 83.79%
INFO - 09/13/26 23:31:16 - 0:06:11 - Epoch 285: val_loss=0.5852488279342651, val_acc= 81.11%,val_weighted_f1= 81.17,val_macro_f1= 78.70%
EarlyStopping counter: 1 out of 15
INFO - 09/13/26 23:31:16 - 0:06:11 - Epoch 286: train_loss=0.503781259059906, train_acc= 83.45%
INFO - 09/13/26 23:31:16 - 0:06:12 - Epoch 287: train_loss=0.4960346817970276, train_acc= 83.86%
INFO - 09/13/26 23:31:16 - 0:06:12 - Epoch 288: train_loss=0.5007120370864868, train_acc= 83.79%
INFO - 09/13/26 23:31:16 - 0:06:12 - Epoch 289: train_loss=0.5050972104072571, train_acc= 83.55%
INFO - 09/13/26 23:31:17 - 0:06:12 - Epoch 290: train_loss=0.4983797073364258, train_acc= 83.24%
INFO - 09/13/26 23:31:17 - 0:06:12 - Epoch 290: val_loss=0.5833001732826233, val_acc= 81.37%,val_weighted_f1= 81.40,val_macro_f1= 79.05%
INFO - 09/13/26 23:31:17 - 0:06:12 - Epoch 291: train_loss=0.4972058832645416, train_acc= 83.89%
INFO - 09/13/26 23:31:17 - 0:06:13 - Epoch 292: train_loss=0.49783530831336975, train_acc= 83.61%
INFO - 09/13/26 23:31:17 - 0:06:13 - Epoch 293: train_loss=0.49723339080810547, train_acc= 83.68%
INFO - 09/13/26 23:31:18 - 0:06:13 - Epoch 294: train_loss=0.49679961800575256, train_acc= 83.59%
INFO - 09/13/26 23:31:18 - 0:06:13 - Epoch 295: train_loss=0.49729013442993164, train_acc= 83.79%
INFO - 09/13/26 23:31:18 - 0:06:13 - Epoch 295: val_loss=0.5801318883895874, val_acc= 81.50%,val_weighted_f1= 81.56,val_macro_f1= 79.13%
INFO - 09/13/26 23:31:18 - 0:06:13 - Epoch 296: train_loss=0.5012787580490112, train_acc= 83.48%
INFO - 09/13/26 23:31:18 - 0:06:14 - Epoch 297: train_loss=0.4940342307090759, train_acc= 83.92%
INFO - 09/13/26 23:31:18 - 0:06:14 - Epoch 298: train_loss=0.49513185024261475, train_acc= 83.88%
INFO - 09/13/26 23:31:19 - 0:06:14 - Epoch 299: train_loss=0.4945748746395111, train_acc= 84.01%
INFO - 09/13/26 23:31:19 - 0:06:14 - Epoch 300: train_loss=0.49122023582458496, train_acc= 84.03%
INFO - 09/13/26 23:31:19 - 0:06:14 - Epoch 300: val_loss=0.5784676671028137, val_acc= 81.41%,val_weighted_f1= 81.47,val_macro_f1= 78.94%
EarlyStopping counter: 1 out of 15
INFO - 09/13/26 23:31:19 - 0:06:15 - Epoch 301: train_loss=0.49289265275001526, train_acc= 84.03%
INFO - 09/13/26 23:31:19 - 0:06:15 - Epoch 302: train_loss=0.4863022267818451, train_acc= 83.88%
INFO - 09/13/26 23:31:19 - 0:06:15 - Epoch 303: train_loss=0.48735567927360535, train_acc= 84.33%
INFO - 09/13/26 23:31:20 - 0:06:15 - Epoch 304: train_loss=0.4909879267215729, train_acc= 84.16%
INFO - 09/13/26 23:31:20 - 0:06:15 - Epoch 305: train_loss=0.4858008027076721, train_acc= 84.30%
INFO - 09/13/26 23:31:20 - 0:06:15 - Epoch 305: val_loss=0.5788986086845398, val_acc= 81.45%,val_weighted_f1= 81.52,val_macro_f1= 79.14%
EarlyStopping counter: 2 out of 15
INFO - 09/13/26 23:31:20 - 0:06:16 - Epoch 306: train_loss=0.4909840524196625, train_acc= 84.08%
INFO - 09/13/26 23:31:20 - 0:06:16 - Epoch 307: train_loss=0.49143198132514954, train_acc= 83.85%
INFO - 09/13/26 23:31:21 - 0:06:16 - Epoch 308: train_loss=0.4911677837371826, train_acc= 84.18%
INFO - 09/13/26 23:31:21 - 0:06:16 - Epoch 309: train_loss=0.48211273550987244, train_acc= 84.25%
INFO - 09/13/26 23:31:21 - 0:06:16 - Epoch 310: train_loss=0.4866388142108917, train_acc= 84.23%
INFO - 09/13/26 23:31:21 - 0:06:16 - Epoch 310: val_loss=0.5756558179855347, val_acc= 81.28%,val_weighted_f1= 81.34,val_macro_f1= 78.97%
EarlyStopping counter: 3 out of 15
INFO - 09/13/26 23:31:21 - 0:06:17 - Epoch 311: train_loss=0.488002210855484, train_acc= 84.30%
INFO - 09/13/26 23:31:21 - 0:06:17 - Epoch 312: train_loss=0.4851098954677582, train_acc= 84.56%
INFO - 09/13/26 23:31:22 - 0:06:17 - Epoch 313: train_loss=0.48366618156433105, train_acc= 84.29%
INFO - 09/13/26 23:31:22 - 0:06:17 - Epoch 314: train_loss=0.48511213064193726, train_acc= 84.03%
INFO - 09/13/26 23:31:22 - 0:06:17 - Epoch 315: train_loss=0.48623383045196533, train_acc= 84.35%
INFO - 09/13/26 23:31:22 - 0:06:18 - Epoch 315: val_loss=0.5744904279708862, val_acc= 81.45%,val_weighted_f1= 81.52,val_macro_f1= 79.18%
EarlyStopping counter: 4 out of 15
INFO - 09/13/26 23:31:22 - 0:06:18 - Epoch 316: train_loss=0.4824753701686859, train_acc= 84.43%
INFO - 09/13/26 23:31:22 - 0:06:18 - Epoch 317: train_loss=0.480436772108078, train_acc= 84.35%
INFO - 09/13/26 23:31:23 - 0:06:18 - Epoch 318: train_loss=0.47736337780952454, train_acc= 84.48%
INFO - 09/13/26 23:31:23 - 0:06:18 - Epoch 319: train_loss=0.4834256172180176, train_acc= 84.50%
INFO - 09/13/26 23:31:23 - 0:06:19 - Epoch 320: train_loss=0.4828846752643585, train_acc= 84.26%
INFO - 09/13/26 23:31:23 - 0:06:19 - Epoch 320: val_loss=0.5724468231201172, val_acc= 81.67%,val_weighted_f1= 81.72,val_macro_f1= 79.33%
INFO - 09/13/26 23:31:23 - 0:06:19 - Epoch 321: train_loss=0.4837733805179596, train_acc= 84.23%
INFO - 09/13/26 23:31:24 - 0:06:19 - Epoch 322: train_loss=0.4786634147167206, train_acc= 84.20%
INFO - 09/13/26 23:31:24 - 0:06:19 - Epoch 323: train_loss=0.47773128747940063, train_acc= 84.46%
INFO - 09/13/26 23:31:24 - 0:06:19 - Epoch 324: train_loss=0.4805554747581482, train_acc= 84.36%
INFO - 09/13/26 23:31:24 - 0:06:20 - Epoch 325: train_loss=0.47978416085243225, train_acc= 84.01%
INFO - 09/13/26 23:31:24 - 0:06:20 - Epoch 325: val_loss=0.5716490149497986, val_acc= 81.50%,val_weighted_f1= 81.56,val_macro_f1= 79.18%
EarlyStopping counter: 1 out of 15
INFO - 09/13/26 23:31:24 - 0:06:20 - Epoch 326: train_loss=0.4717434048652649, train_acc= 84.90%
INFO - 09/13/26 23:31:25 - 0:06:20 - Epoch 327: train_loss=0.47199177742004395, train_acc= 84.72%
INFO - 09/13/26 23:31:25 - 0:06:20 - Epoch 328: train_loss=0.4793894290924072, train_acc= 84.32%
INFO - 09/13/26 23:31:25 - 0:06:21 - Epoch 329: train_loss=0.47969022393226624, train_acc= 84.13%
INFO - 09/13/26 23:31:25 - 0:06:21 - Epoch 330: train_loss=0.47702762484550476, train_acc= 84.70%
INFO - 09/13/26 23:31:25 - 0:06:21 - Epoch 330: val_loss=0.5695096254348755, val_acc= 81.54%,val_weighted_f1= 81.61,val_macro_f1= 79.23%
EarlyStopping counter: 2 out of 15
INFO - 09/13/26 23:31:26 - 0:06:21 - Epoch 331: train_loss=0.4729670584201813, train_acc= 84.39%
INFO - 09/13/26 23:31:26 - 0:06:21 - Epoch 332: train_loss=0.4780657887458801, train_acc= 84.48%
INFO - 09/13/26 23:31:26 - 0:06:21 - Epoch 333: train_loss=0.4722326099872589, train_acc= 84.57%
INFO - 09/13/26 23:31:26 - 0:06:22 - Epoch 334: train_loss=0.4722629189491272, train_acc= 84.69%
INFO - 09/13/26 23:31:26 - 0:06:22 - Epoch 335: train_loss=0.47053197026252747, train_acc= 84.22%
INFO - 09/13/26 23:31:26 - 0:06:22 - Epoch 335: val_loss=0.5673654079437256, val_acc= 81.75%,val_weighted_f1= 81.80,val_macro_f1= 79.52%
INFO - 09/13/26 23:31:27 - 0:06:22 - Epoch 336: train_loss=0.47006064653396606, train_acc= 84.38%
INFO - 09/13/26 23:31:27 - 0:06:22 - Epoch 337: train_loss=0.4726141691207886, train_acc= 84.28%
INFO - 09/13/26 23:31:27 - 0:06:23 - Epoch 338: train_loss=0.4706953763961792, train_acc= 84.38%
INFO - 09/13/26 23:31:27 - 0:06:23 - Epoch 339: train_loss=0.4666217267513275, train_acc= 84.55%
INFO - 09/13/26 23:31:27 - 0:06:23 - Epoch 340: train_loss=0.4666423797607422, train_acc= 84.62%
INFO - 09/13/26 23:31:27 - 0:06:23 - Epoch 340: val_loss=0.5659774541854858, val_acc= 81.92%,val_weighted_f1= 81.96,val_macro_f1= 79.71%
INFO - 09/13/26 23:31:28 - 0:06:23 - Epoch 341: train_loss=0.465748131275177, train_acc= 84.43%
INFO - 09/13/26 23:31:28 - 0:06:23 - Epoch 342: train_loss=0.46860814094543457, train_acc= 84.70%
INFO - 09/13/26 23:31:28 - 0:06:24 - Epoch 343: train_loss=0.4707484245300293, train_acc= 84.65%
INFO - 09/13/26 23:31:28 - 0:06:24 - Epoch 344: train_loss=0.47302761673927307, train_acc= 84.25%
INFO - 09/13/26 23:31:28 - 0:06:24 - Epoch 345: train_loss=0.4692273736000061, train_acc= 84.87%
INFO - 09/13/26 23:31:29 - 0:06:24 - Epoch 345: val_loss=0.5676436424255371, val_acc= 81.71%,val_weighted_f1= 81.76,val_macro_f1= 79.54%
EarlyStopping counter: 1 out of 15
INFO - 09/13/26 23:31:29 - 0:06:24 - Epoch 346: train_loss=0.4647112786769867, train_acc= 85.13%
INFO - 09/13/26 23:31:29 - 0:06:25 - Epoch 347: train_loss=0.4685235023498535, train_acc= 84.62%
INFO - 09/13/26 23:31:29 - 0:06:25 - Epoch 348: train_loss=0.46085160970687866, train_acc= 84.76%
INFO - 09/13/26 23:31:29 - 0:06:25 - Epoch 349: train_loss=0.4641205072402954, train_acc= 84.63%
INFO - 09/13/26 23:31:30 - 0:06:25 - Epoch 350: train_loss=0.4688684940338135, train_acc= 84.75%
INFO - 09/13/26 23:31:30 - 0:06:25 - Epoch 350: val_loss=0.5641129016876221, val_acc= 82.01%,val_weighted_f1= 82.04,val_macro_f1= 79.85%
INFO - 09/13/26 23:31:30 - 0:06:25 - Epoch 351: train_loss=0.4672253727912903, train_acc= 84.53%
INFO - 09/13/26 23:31:30 - 0:06:26 - Epoch 352: train_loss=0.462259441614151, train_acc= 85.13%
INFO - 09/13/26 23:31:30 - 0:06:26 - Epoch 353: train_loss=0.4606993496417999, train_acc= 84.89%
INFO - 09/13/26 23:31:30 - 0:06:26 - Epoch 354: train_loss=0.46295496821403503, train_acc= 85.17%
INFO - 09/13/26 23:31:31 - 0:06:26 - Epoch 355: train_loss=0.46273672580718994, train_acc= 85.14%
INFO - 09/13/26 23:31:31 - 0:06:26 - Epoch 355: val_loss=0.56319260597229, val_acc= 81.88%,val_weighted_f1= 81.94,val_macro_f1= 79.63%
EarlyStopping counter: 1 out of 15
INFO - 09/13/26 23:31:31 - 0:06:26 - Epoch 356: train_loss=0.46193233132362366, train_acc= 85.00%
INFO - 09/13/26 23:31:31 - 0:06:27 - Epoch 357: train_loss=0.46015581488609314, train_acc= 84.63%
INFO - 09/13/26 23:31:31 - 0:06:27 - Epoch 358: train_loss=0.4605250358581543, train_acc= 84.90%
INFO - 09/13/26 23:31:31 - 0:06:27 - Epoch 359: train_loss=0.46296676993370056, train_acc= 84.95%
INFO - 09/13/26 23:31:32 - 0:06:27 - Epoch 360: train_loss=0.4625992774963379, train_acc= 84.86%
INFO - 09/13/26 23:31:32 - 0:06:27 - Epoch 360: val_loss=0.5640184879302979, val_acc= 81.75%,val_weighted_f1= 81.84,val_macro_f1= 79.58%
EarlyStopping counter: 2 out of 15
INFO - 09/13/26 23:31:32 - 0:06:28 - Epoch 361: train_loss=0.4593358337879181, train_acc= 85.19%
INFO - 09/13/26 23:31:32 - 0:06:28 - Epoch 362: train_loss=0.45819059014320374, train_acc= 85.02%
INFO - 09/13/26 23:31:32 - 0:06:28 - Epoch 363: train_loss=0.46125465631484985, train_acc= 84.90%
INFO - 09/13/26 23:31:33 - 0:06:28 - Epoch 364: train_loss=0.4537573456764221, train_acc= 85.13%
INFO - 09/13/26 23:31:33 - 0:06:28 - Epoch 365: train_loss=0.4570087194442749, train_acc= 84.87%
INFO - 09/13/26 23:31:33 - 0:06:28 - Epoch 365: val_loss=0.5615224242210388, val_acc= 81.88%,val_weighted_f1= 81.95,val_macro_f1= 79.54%
EarlyStopping counter: 3 out of 15
INFO - 09/13/26 23:31:33 - 0:06:29 - Epoch 366: train_loss=0.4532519578933716, train_acc= 85.12%
INFO - 09/13/26 23:31:33 - 0:06:29 - Epoch 367: train_loss=0.45765671133995056, train_acc= 84.97%
INFO - 09/13/26 23:31:33 - 0:06:29 - Epoch 368: train_loss=0.45481809973716736, train_acc= 85.32%
INFO - 09/13/26 23:31:34 - 0:06:29 - Epoch 369: train_loss=0.4546964466571808, train_acc= 84.99%
INFO - 09/13/26 23:31:34 - 0:06:29 - Epoch 370: train_loss=0.45724770426750183, train_acc= 84.75%
INFO - 09/13/26 23:31:34 - 0:06:30 - Epoch 370: val_loss=0.5596652030944824, val_acc= 82.26%,val_weighted_f1= 82.32,val_macro_f1= 80.02%
INFO - 09/13/26 23:31:34 - 0:06:30 - Epoch 371: train_loss=0.45811963081359863, train_acc= 85.04%
INFO - 09/13/26 23:31:34 - 0:06:30 - Epoch 372: train_loss=0.45866283774375916, train_acc= 85.12%
INFO - 09/13/26 23:31:35 - 0:06:30 - Epoch 373: train_loss=0.456309050321579, train_acc= 85.26%
INFO - 09/13/26 23:31:35 - 0:06:30 - Epoch 374: train_loss=0.4556158483028412, train_acc= 85.23%
INFO - 09/13/26 23:31:35 - 0:06:31 - Epoch 375: train_loss=0.4538611173629761, train_acc= 85.14%
INFO - 09/13/26 23:31:35 - 0:06:31 - Epoch 375: val_loss=0.5576977729797363, val_acc= 82.09%,val_weighted_f1= 82.15,val_macro_f1= 79.92%
EarlyStopping counter: 1 out of 15
INFO - 09/13/26 23:31:35 - 0:06:31 - Epoch 376: train_loss=0.45025596022605896, train_acc= 85.73%
INFO - 09/13/26 23:31:35 - 0:06:31 - Epoch 377: train_loss=0.4505932331085205, train_acc= 85.20%
INFO - 09/13/26 23:31:36 - 0:06:31 - Epoch 378: train_loss=0.4482380747795105, train_acc= 85.30%
INFO - 09/13/26 23:31:36 - 0:06:31 - Epoch 379: train_loss=0.44927147030830383, train_acc= 85.50%
INFO - 09/13/26 23:31:36 - 0:06:32 - Epoch 380: train_loss=0.4526591897010803, train_acc= 85.10%
INFO - 09/13/26 23:31:36 - 0:06:32 - Epoch 380: val_loss=0.5572757720947266, val_acc= 82.22%,val_weighted_f1= 82.29,val_macro_f1= 79.91%
EarlyStopping counter: 2 out of 15
INFO - 09/13/26 23:31:36 - 0:06:32 - Epoch 381: train_loss=0.45282575488090515, train_acc= 84.87%
INFO - 09/13/26 23:31:36 - 0:06:32 - Epoch 382: train_loss=0.44666793942451477, train_acc= 85.27%
INFO - 09/13/26 23:31:37 - 0:06:32 - Epoch 383: train_loss=0.44877198338508606, train_acc= 85.33%
INFO - 09/13/26 23:31:37 - 0:06:32 - Epoch 384: train_loss=0.44910070300102234, train_acc= 85.09%
INFO - 09/13/26 23:31:37 - 0:06:33 - Epoch 385: train_loss=0.44694784283638, train_acc= 85.47%
INFO - 09/13/26 23:31:37 - 0:06:33 - Epoch 385: val_loss=0.5569663047790527, val_acc= 82.18%,val_weighted_f1= 82.23,val_macro_f1= 79.77%
EarlyStopping counter: 3 out of 15
INFO - 09/13/26 23:31:37 - 0:06:33 - Epoch 386: train_loss=0.44936612248420715, train_acc= 85.59%
INFO - 09/13/26 23:31:38 - 0:06:33 - Epoch 387: train_loss=0.4492530822753906, train_acc= 85.76%
INFO - 09/13/26 23:31:38 - 0:06:33 - Epoch 388: train_loss=0.4478422999382019, train_acc= 85.10%
INFO - 09/13/26 23:31:38 - 0:06:34 - Epoch 389: train_loss=0.446724534034729, train_acc= 85.29%
INFO - 09/13/26 23:31:38 - 0:06:34 - Epoch 390: train_loss=0.4478723704814911, train_acc= 85.56%
INFO - 09/13/26 23:31:38 - 0:06:34 - Epoch 390: val_loss=0.5563851594924927, val_acc= 82.01%,val_weighted_f1= 82.06,val_macro_f1= 79.69%
EarlyStopping counter: 4 out of 15
INFO - 09/13/26 23:31:38 - 0:06:34 - Epoch 391: train_loss=0.4461170434951782, train_acc= 85.22%
INFO - 09/13/26 23:31:39 - 0:06:34 - Epoch 392: train_loss=0.4456762969493866, train_acc= 85.43%
INFO - 09/13/26 23:31:39 - 0:06:34 - Epoch 393: train_loss=0.441977858543396, train_acc= 85.27%
INFO - 09/13/26 23:31:39 - 0:06:35 - Epoch 394: train_loss=0.44024932384490967, train_acc= 85.66%
INFO - 09/13/26 23:31:39 - 0:06:35 - Epoch 395: train_loss=0.4412672519683838, train_acc= 85.19%
INFO - 09/13/26 23:31:39 - 0:06:35 - Epoch 395: val_loss=0.5566445589065552, val_acc= 82.18%,val_weighted_f1= 82.22,val_macro_f1= 80.06%
EarlyStopping counter: 5 out of 15
INFO - 09/13/26 23:31:39 - 0:06:35 - Epoch 396: train_loss=0.4406992495059967, train_acc= 85.69%
INFO - 09/13/26 23:31:40 - 0:06:35 - Epoch 397: train_loss=0.4373990297317505, train_acc= 85.70%
INFO - 09/13/26 23:31:40 - 0:06:35 - Epoch 398: train_loss=0.4366713762283325, train_acc= 85.57%
INFO - 09/13/26 23:31:40 - 0:06:36 - Epoch 399: train_loss=0.4331494867801666, train_acc= 85.51%
INFO - 09/13/26 23:31:40 - 0:06:36 - Epoch 400: train_loss=0.44215530157089233, train_acc= 85.40%
INFO - 09/13/26 23:31:40 - 0:06:36 - Epoch 400: val_loss=0.5545613169670105, val_acc= 82.14%,val_weighted_f1= 82.19,val_macro_f1= 79.66%
EarlyStopping counter: 6 out of 15
INFO - 09/13/26 23:31:41 - 0:06:36 - Epoch 401: train_loss=0.4373895823955536, train_acc= 85.47%
INFO - 09/13/26 23:31:41 - 0:06:36 - Epoch 402: train_loss=0.4420529305934906, train_acc= 85.12%
INFO - 09/13/26 23:31:41 - 0:06:37 - Epoch 403: train_loss=0.4355201721191406, train_acc= 85.22%
INFO - 09/13/26 23:31:41 - 0:06:37 - Epoch 404: train_loss=0.4409376084804535, train_acc= 85.53%
INFO - 09/13/26 23:31:41 - 0:06:37 - Epoch 405: train_loss=0.4345947802066803, train_acc= 85.87%
INFO - 09/13/26 23:31:41 - 0:06:37 - Epoch 405: val_loss=0.5542641878128052, val_acc= 82.22%,val_weighted_f1= 82.28,val_macro_f1= 79.82%
EarlyStopping counter: 7 out of 15
INFO - 09/13/26 23:31:42 - 0:06:37 - Epoch 406: train_loss=0.43734902143478394, train_acc= 85.56%
INFO - 09/13/26 23:31:42 - 0:06:37 - Epoch 407: train_loss=0.43495649099349976, train_acc= 85.51%
INFO - 09/13/26 23:31:42 - 0:06:38 - Epoch 408: train_loss=0.4360716938972473, train_acc= 85.37%
INFO - 09/13/26 23:31:42 - 0:06:38 - Epoch 409: train_loss=0.43717682361602783, train_acc= 85.59%
INFO - 09/13/26 23:31:42 - 0:06:38 - Epoch 410: train_loss=0.4378221333026886, train_acc= 85.39%
INFO - 09/13/26 23:31:43 - 0:06:38 - Epoch 410: val_loss=0.5537161827087402, val_acc= 82.26%,val_weighted_f1= 82.34,val_macro_f1= 79.89%
INFO - 09/13/26 23:31:43 - 0:06:38 - Epoch 411: train_loss=0.4351106584072113, train_acc= 85.63%
INFO - 09/13/26 23:31:43 - 0:06:39 - Epoch 412: train_loss=0.4390159845352173, train_acc= 85.34%
INFO - 09/13/26 23:31:43 - 0:06:39 - Epoch 413: train_loss=0.4337705373764038, train_acc= 85.79%
INFO - 09/13/26 23:31:43 - 0:06:39 - Epoch 414: train_loss=0.4325079321861267, train_acc= 85.90%
INFO - 09/13/26 23:31:44 - 0:06:39 - Epoch 415: train_loss=0.43457338213920593, train_acc= 86.06%
INFO - 09/13/26 23:31:44 - 0:06:39 - Epoch 415: val_loss=0.5545655488967896, val_acc= 82.26%,val_weighted_f1= 82.30,val_macro_f1= 79.86%
INFO - 09/13/26 23:31:44 - 0:06:39 - Epoch 416: train_loss=0.43089258670806885, train_acc= 85.90%
INFO - 09/13/26 23:31:44 - 0:06:40 - Epoch 417: train_loss=0.43591928482055664, train_acc= 85.86%
INFO - 09/13/26 23:31:44 - 0:06:40 - Epoch 418: train_loss=0.4309118688106537, train_acc= 85.54%
INFO - 09/13/26 23:31:44 - 0:06:40 - Epoch 419: train_loss=0.4371647536754608, train_acc= 85.44%
INFO - 09/13/26 23:31:45 - 0:06:40 - Epoch 420: train_loss=0.43122872710227966, train_acc= 85.90%
INFO - 09/13/26 23:31:45 - 0:06:40 - Epoch 420: val_loss=0.5524598956108093, val_acc= 82.31%,val_weighted_f1= 82.36,val_macro_f1= 80.07%
INFO - 09/13/26 23:31:45 - 0:06:40 - Epoch 421: train_loss=0.4338081181049347, train_acc= 85.80%
INFO - 09/13/26 23:31:45 - 0:06:41 - Epoch 422: train_loss=0.43207406997680664, train_acc= 85.54%
INFO - 09/13/26 23:31:45 - 0:06:41 - Epoch 423: train_loss=0.43396052718162537, train_acc= 85.74%
INFO - 09/13/26 23:31:45 - 0:06:41 - Epoch 424: train_loss=0.4272898733615875, train_acc= 86.01%
INFO - 09/13/26 23:31:46 - 0:06:41 - Epoch 425: train_loss=0.4292549192905426, train_acc= 85.90%
INFO - 09/13/26 23:31:46 - 0:06:41 - Epoch 425: val_loss=0.5486131310462952, val_acc= 82.39%,val_weighted_f1= 82.43,val_macro_f1= 80.00%
INFO - 09/13/26 23:31:46 - 0:06:42 - Epoch 426: train_loss=0.43114736676216125, train_acc= 85.74%
INFO - 09/13/26 23:31:46 - 0:06:42 - Epoch 427: train_loss=0.4329480230808258, train_acc= 85.76%
INFO - 09/13/26 23:31:46 - 0:06:42 - Epoch 428: train_loss=0.4244728088378906, train_acc= 85.67%
INFO - 09/13/26 23:31:47 - 0:06:42 - Epoch 429: train_loss=0.4267122745513916, train_acc= 85.79%
INFO - 09/13/26 23:31:47 - 0:06:42 - Epoch 430: train_loss=0.4292026162147522, train_acc= 85.97%
INFO - 09/13/26 23:31:47 - 0:06:42 - Epoch 430: val_loss=0.5504150390625, val_acc= 82.48%,val_weighted_f1= 82.51,val_macro_f1= 80.24%
INFO - 09/13/26 23:31:47 - 0:06:43 - Epoch 431: train_loss=0.42478668689727783, train_acc= 85.89%
INFO - 09/13/26 23:31:47 - 0:06:43 - Epoch 432: train_loss=0.42403581738471985, train_acc= 86.01%
INFO - 09/13/26 23:31:47 - 0:06:43 - Epoch 433: train_loss=0.4286428391933441, train_acc= 85.96%
INFO - 09/13/26 23:31:48 - 0:06:43 - Epoch 434: train_loss=0.4269634485244751, train_acc= 85.81%
INFO - 09/13/26 23:31:48 - 0:06:43 - Epoch 435: train_loss=0.4272691607475281, train_acc= 86.00%
INFO - 09/13/26 23:31:48 - 0:06:43 - Epoch 435: val_loss=0.5495490431785583, val_acc= 82.39%,val_weighted_f1= 82.46,val_macro_f1= 79.96%
EarlyStopping counter: 1 out of 15
INFO - 09/13/26 23:31:48 - 0:06:44 - Epoch 436: train_loss=0.4269964098930359, train_acc= 86.06%
INFO - 09/13/26 23:31:48 - 0:06:44 - Epoch 437: train_loss=0.4221940040588379, train_acc= 86.10%
INFO - 09/13/26 23:31:49 - 0:06:44 - Epoch 438: train_loss=0.4246021807193756, train_acc= 85.90%
INFO - 09/13/26 23:31:49 - 0:06:44 - Epoch 439: train_loss=0.42646855115890503, train_acc= 85.87%
INFO - 09/13/26 23:31:49 - 0:06:44 - Epoch 440: train_loss=0.4177871644496918, train_acc= 86.38%
INFO - 09/13/26 23:31:49 - 0:06:45 - Epoch 440: val_loss=0.549176812171936, val_acc= 82.39%,val_weighted_f1= 82.47,val_macro_f1= 80.11%
EarlyStopping counter: 2 out of 15
INFO - 09/13/26 23:31:49 - 0:06:45 - Epoch 441: train_loss=0.4228358864784241, train_acc= 85.80%
INFO - 09/13/26 23:31:49 - 0:06:45 - Epoch 442: train_loss=0.426172137260437, train_acc= 86.30%
INFO - 09/13/26 23:31:50 - 0:06:45 - Epoch 443: train_loss=0.4216558337211609, train_acc= 86.18%
INFO - 09/13/26 23:31:50 - 0:06:45 - Epoch 444: train_loss=0.42570093274116516, train_acc= 85.80%
INFO - 09/13/26 23:31:50 - 0:06:46 - Epoch 445: train_loss=0.4215262532234192, train_acc= 86.41%
INFO - 09/13/26 23:31:50 - 0:06:46 - Epoch 445: val_loss=0.5473856925964355, val_acc= 82.39%,val_weighted_f1= 82.47,val_macro_f1= 80.07%
EarlyStopping counter: 3 out of 15
INFO - 09/13/26 23:31:50 - 0:06:46 - Epoch 446: train_loss=0.42064422369003296, train_acc= 85.84%
INFO - 09/13/26 23:31:51 - 0:06:46 - Epoch 447: train_loss=0.41442394256591797, train_acc= 86.41%
INFO - 09/13/26 23:31:51 - 0:06:46 - Epoch 448: train_loss=0.414634644985199, train_acc= 86.51%
INFO - 09/13/26 23:31:51 - 0:06:46 - Epoch 449: train_loss=0.41733065247535706, train_acc= 86.01%
INFO - 09/13/26 23:31:51 - 0:06:47 - Epoch 450: train_loss=0.4203503429889679, train_acc= 86.17%
INFO - 09/13/26 23:31:51 - 0:06:47 - Epoch 450: val_loss=0.5468376874923706, val_acc= 82.65%,val_weighted_f1= 82.70,val_macro_f1= 80.41%
INFO - 09/13/26 23:31:51 - 0:06:47 - Epoch 451: train_loss=0.4154013395309448, train_acc= 86.31%
INFO - 09/13/26 23:31:52 - 0:06:47 - Epoch 452: train_loss=0.41974911093711853, train_acc= 86.36%
INFO - 09/13/26 23:31:52 - 0:06:47 - Epoch 453: train_loss=0.41662538051605225, train_acc= 86.07%
INFO - 09/13/26 23:31:52 - 0:06:48 - Epoch 454: train_loss=0.41024842858314514, train_acc= 86.33%
INFO - 09/13/26 23:31:52 - 0:06:48 - Epoch 455: train_loss=0.4125314950942993, train_acc= 86.26%
INFO - 09/13/26 23:31:52 - 0:06:48 - Epoch 455: val_loss=0.5472538471221924, val_acc= 82.82%,val_weighted_f1= 82.89,val_macro_f1= 80.59%
INFO - 09/13/26 23:31:53 - 0:06:48 - Epoch 456: train_loss=0.4128526747226715, train_acc= 86.24%
INFO - 09/13/26 23:31:53 - 0:06:48 - Epoch 457: train_loss=0.4110898971557617, train_acc= 86.08%
INFO - 09/13/26 23:31:53 - 0:06:48 - Epoch 458: train_loss=0.4137234389781952, train_acc= 86.16%
INFO - 09/13/26 23:31:53 - 0:06:49 - Epoch 459: train_loss=0.41788557171821594, train_acc= 86.36%
INFO - 09/13/26 23:31:53 - 0:06:49 - Epoch 460: train_loss=0.415298193693161, train_acc= 86.04%
INFO - 09/13/26 23:31:53 - 0:06:49 - Epoch 460: val_loss=0.5457859635353088, val_acc= 82.74%,val_weighted_f1= 82.80,val_macro_f1= 80.44%
EarlyStopping counter: 1 out of 15
INFO - 09/13/26 23:31:54 - 0:06:49 - Epoch 461: train_loss=0.41345059871673584, train_acc= 85.89%
INFO - 09/13/26 23:31:54 - 0:06:49 - Epoch 462: train_loss=0.4139752984046936, train_acc= 86.13%
INFO - 09/13/26 23:31:54 - 0:06:49 - Epoch 463: train_loss=0.41522809863090515, train_acc= 86.16%
INFO - 09/13/26 23:31:54 - 0:06:50 - Epoch 464: train_loss=0.4138646721839905, train_acc= 86.45%
INFO - 09/13/26 23:31:54 - 0:06:50 - Epoch 465: train_loss=0.4114244878292084, train_acc= 86.53%
INFO - 09/13/26 23:31:54 - 0:06:50 - Epoch 465: val_loss=0.5443015098571777, val_acc= 82.99%,val_weighted_f1= 83.04,val_macro_f1= 80.80%
INFO - 09/13/26 23:31:55 - 0:06:50 - Epoch 466: train_loss=0.40895876288414, train_acc= 86.54%
INFO - 09/13/26 23:31:55 - 0:06:50 - Epoch 467: train_loss=0.41013428568840027, train_acc= 86.38%
INFO - 09/13/26 23:31:55 - 0:06:51 - Epoch 468: train_loss=0.4142623543739319, train_acc= 86.37%
INFO - 09/13/26 23:31:55 - 0:06:51 - Epoch 469: train_loss=0.4153118133544922, train_acc= 86.36%
INFO - 09/13/26 23:31:55 - 0:06:51 - Epoch 470: train_loss=0.41104236245155334, train_acc= 86.30%
INFO - 09/13/26 23:31:56 - 0:06:51 - Epoch 470: val_loss=0.5432996153831482, val_acc= 82.95%,val_weighted_f1= 83.01,val_macro_f1= 80.68%
EarlyStopping counter: 1 out of 15
INFO - 09/13/26 23:31:56 - 0:06:51 - Epoch 471: train_loss=0.4077596962451935, train_acc= 86.48%
INFO - 09/13/26 23:31:56 - 0:06:51 - Epoch 472: train_loss=0.4070546329021454, train_acc= 86.70%
INFO - 09/13/26 23:31:56 - 0:06:52 - Epoch 473: train_loss=0.40512025356292725, train_acc= 86.43%
INFO - 09/13/26 23:31:56 - 0:06:52 - Epoch 474: train_loss=0.40824922919273376, train_acc= 86.28%
INFO - 09/13/26 23:31:57 - 0:06:52 - Epoch 475: train_loss=0.40614673495292664, train_acc= 86.73%
INFO - 09/13/26 23:31:57 - 0:06:52 - Epoch 475: val_loss=0.5443313717842102, val_acc= 82.69%,val_weighted_f1= 82.78,val_macro_f1= 80.56%
EarlyStopping counter: 2 out of 15
INFO - 09/13/26 23:31:57 - 0:06:52 - Epoch 476: train_loss=0.4060908555984497, train_acc= 86.06%
INFO - 09/13/26 23:31:57 - 0:06:52 - Epoch 477: train_loss=0.40592870116233826, train_acc= 86.64%
INFO - 09/13/26 23:31:57 - 0:06:53 - Epoch 478: train_loss=0.40432795882225037, train_acc= 86.64%
INFO - 09/13/26 23:31:57 - 0:06:53 - Epoch 479: train_loss=0.40704646706581116, train_acc= 86.07%
INFO - 09/13/26 23:31:58 - 0:06:53 - Epoch 480: train_loss=0.40677034854888916, train_acc= 86.24%
INFO - 09/13/26 23:31:58 - 0:06:53 - Epoch 480: val_loss=0.5410214066505432, val_acc= 82.91%,val_weighted_f1= 82.97,val_macro_f1= 80.84%
EarlyStopping counter: 3 out of 15
INFO - 09/13/26 23:31:58 - 0:06:53 - Epoch 481: train_loss=0.4060910642147064, train_acc= 86.26%
INFO - 09/13/26 23:31:58 - 0:06:54 - Epoch 482: train_loss=0.40056928992271423, train_acc= 86.40%
INFO - 09/13/26 23:31:58 - 0:06:54 - Epoch 483: train_loss=0.40342646837234497, train_acc= 86.71%
INFO - 09/13/26 23:31:58 - 0:06:54 - Epoch 484: train_loss=0.4073292911052704, train_acc= 86.40%
INFO - 09/13/26 23:31:59 - 0:06:54 - Epoch 485: train_loss=0.4040782153606415, train_acc= 86.73%
INFO - 09/13/26 23:31:59 - 0:06:54 - Epoch 485: val_loss=0.5423047542572021, val_acc= 82.74%,val_weighted_f1= 82.77,val_macro_f1= 80.37%
EarlyStopping counter: 4 out of 15
INFO - 09/13/26 23:31:59 - 0:06:54 - Epoch 486: train_loss=0.40861406922340393, train_acc= 86.31%
INFO - 09/13/26 23:31:59 - 0:06:55 - Epoch 487: train_loss=0.402693510055542, train_acc= 86.47%
INFO - 09/13/26 23:31:59 - 0:06:55 - Epoch 488: train_loss=0.4031747877597809, train_acc= 86.78%
INFO - 09/13/26 23:32:00 - 0:06:55 - Epoch 489: train_loss=0.4074319005012512, train_acc= 86.34%
INFO - 09/13/26 23:32:00 - 0:06:55 - Epoch 490: train_loss=0.403689980506897, train_acc= 86.60%
INFO - 09/13/26 23:32:00 - 0:06:55 - Epoch 490: val_loss=0.5431751608848572, val_acc= 82.91%,val_weighted_f1= 82.95,val_macro_f1= 80.72%
EarlyStopping counter: 5 out of 15
INFO - 09/13/26 23:32:00 - 0:06:55 - Epoch 491: train_loss=0.40233588218688965, train_acc= 86.65%
INFO - 09/13/26 23:32:00 - 0:06:56 - Epoch 492: train_loss=0.39983266592025757, train_acc= 86.70%
INFO - 09/13/26 23:32:00 - 0:06:56 - Epoch 493: train_loss=0.4052559733390808, train_acc= 86.57%
INFO - 09/13/26 23:32:01 - 0:06:56 - Epoch 494: train_loss=0.4027375280857086, train_acc= 86.71%
INFO - 09/13/26 23:32:01 - 0:06:56 - Epoch 495: train_loss=0.3962431252002716, train_acc= 87.11%
INFO - 09/13/26 23:32:01 - 0:06:56 - Epoch 495: val_loss=0.5428787469863892, val_acc= 82.86%,val_weighted_f1= 82.92,val_macro_f1= 80.67%
EarlyStopping counter: 6 out of 15
INFO - 09/13/26 23:32:01 - 0:06:57 - Epoch 496: train_loss=0.39856889843940735, train_acc= 86.77%
INFO - 09/13/26 23:32:01 - 0:06:57 - Epoch 497: train_loss=0.3975433111190796, train_acc= 86.88%
INFO - 09/13/26 23:32:02 - 0:06:57 - Epoch 498: train_loss=0.4008888602256775, train_acc= 86.71%
INFO - 09/13/26 23:32:02 - 0:06:57 - Epoch 499: train_loss=0.3996455669403076, train_acc= 87.07%
INFO - 09/13/26 23:32:02 - 0:06:57 - Epoch 500: train_loss=0.39585188031196594, train_acc= 86.97%
INFO - 09/13/26 23:32:02 - 0:06:57 - Epoch 500: val_loss=0.5420854687690735, val_acc= 82.99%,val_weighted_f1= 83.06,val_macro_f1= 80.92%
INFO - 09/13/26 23:32:02 - 0:06:58 - Epoch 501: train_loss=0.396553635597229, train_acc= 87.20%
INFO - 09/13/26 23:32:02 - 0:06:58 - Epoch 502: train_loss=0.3949671983718872, train_acc= 86.90%
INFO - 09/13/26 23:32:03 - 0:06:58 - Epoch 503: train_loss=0.39424657821655273, train_acc= 86.81%
INFO - 09/13/26 23:32:03 - 0:06:58 - Epoch 504: train_loss=0.396786630153656, train_acc= 86.90%
INFO - 09/13/26 23:32:03 - 0:06:58 - Epoch 505: train_loss=0.3944590985774994, train_acc= 86.90%
INFO - 09/13/26 23:32:03 - 0:06:59 - Epoch 505: val_loss=0.5406352877616882, val_acc= 82.82%,val_weighted_f1= 82.87,val_macro_f1= 80.64%
EarlyStopping counter: 1 out of 15
INFO - 09/13/26 23:32:03 - 0:06:59 - Epoch 506: train_loss=0.39175546169281006, train_acc= 86.94%
INFO - 09/13/26 23:32:03 - 0:06:59 - Epoch 507: train_loss=0.39422938227653503, train_acc= 86.84%
INFO - 09/13/26 23:32:04 - 0:06:59 - Epoch 508: train_loss=0.39273110032081604, train_acc= 86.94%
INFO - 09/13/26 23:32:04 - 0:06:59 - Epoch 509: train_loss=0.39876383543014526, train_acc= 86.58%
INFO - 09/13/26 23:32:04 - 0:07:00 - Epoch 510: train_loss=0.3941715955734253, train_acc= 86.54%
INFO - 09/13/26 23:32:04 - 0:07:00 - Epoch 510: val_loss=0.5422335863113403, val_acc= 83.03%,val_weighted_f1= 83.08,val_macro_f1= 81.12%
INFO - 09/13/26 23:32:04 - 0:07:00 - Epoch 511: train_loss=0.3988708257675171, train_acc= 86.63%
INFO - 09/13/26 23:32:05 - 0:07:00 - Epoch 512: train_loss=0.3891003727912903, train_acc= 87.37%
INFO - 09/13/26 23:32:05 - 0:07:00 - Epoch 513: train_loss=0.39320048689842224, train_acc= 87.05%
INFO - 09/13/26 23:32:05 - 0:07:00 - Epoch 514: train_loss=0.3940752148628235, train_acc= 86.91%
INFO - 09/13/26 23:32:05 - 0:07:01 - Epoch 515: train_loss=0.38484805822372437, train_acc= 87.25%
INFO - 09/13/26 23:32:05 - 0:07:01 - Epoch 515: val_loss=0.5419539213180542, val_acc= 83.16%,val_weighted_f1= 83.21,val_macro_f1= 80.96%
INFO - 09/13/26 23:32:05 - 0:07:01 - Epoch 516: train_loss=0.39534807205200195, train_acc= 86.77%
INFO - 09/13/26 23:32:06 - 0:07:01 - Epoch 517: train_loss=0.3872547745704651, train_acc= 87.42%
INFO - 09/13/26 23:32:06 - 0:07:01 - Epoch 518: train_loss=0.3895791471004486, train_acc= 86.98%
INFO - 09/13/26 23:32:06 - 0:07:01 - Epoch 519: train_loss=0.3886679410934448, train_acc= 87.21%
INFO - 09/13/26 23:32:06 - 0:07:02 - Epoch 520: train_loss=0.38825732469558716, train_acc= 87.07%
INFO - 09/13/26 23:32:06 - 0:07:02 - Epoch 520: val_loss=0.542545735836029, val_acc= 83.29%,val_weighted_f1= 83.35,val_macro_f1= 81.17%
INFO - 09/13/26 23:32:06 - 0:07:02 - Epoch 521: train_loss=0.38854697346687317, train_acc= 86.91%
INFO - 09/13/26 23:32:07 - 0:07:02 - Epoch 522: train_loss=0.388243168592453, train_acc= 86.97%
INFO - 09/13/26 23:32:07 - 0:07:02 - Epoch 523: train_loss=0.3885355293750763, train_acc= 87.27%
INFO - 09/13/26 23:32:07 - 0:07:03 - Epoch 524: train_loss=0.3886241018772125, train_acc= 87.10%
INFO - 09/13/26 23:32:07 - 0:07:03 - Epoch 525: train_loss=0.38827717304229736, train_acc= 87.37%
INFO - 09/13/26 23:32:07 - 0:07:03 - Epoch 525: val_loss=0.5409422516822815, val_acc= 83.03%,val_weighted_f1= 83.11,val_macro_f1= 81.01%
EarlyStopping counter: 1 out of 15
INFO - 09/13/26 23:32:08 - 0:07:03 - Epoch 526: train_loss=0.3863258957862854, train_acc= 86.90%
INFO - 09/13/26 23:32:08 - 0:07:03 - Epoch 527: train_loss=0.39177119731903076, train_acc= 86.74%
INFO - 09/13/26 23:32:08 - 0:07:03 - Epoch 528: train_loss=0.3870181143283844, train_acc= 87.15%
INFO - 09/13/26 23:32:08 - 0:07:04 - Epoch 529: train_loss=0.383094847202301, train_acc= 87.01%
INFO - 09/13/26 23:32:08 - 0:07:04 - Epoch 530: train_loss=0.38566601276397705, train_acc= 87.10%
INFO - 09/13/26 23:32:08 - 0:07:04 - Epoch 530: val_loss=0.5404165983200073, val_acc= 83.29%,val_weighted_f1= 83.36,val_macro_f1= 81.35%
INFO - 09/13/26 23:32:09 - 0:07:04 - Epoch 531: train_loss=0.3825122117996216, train_acc= 87.51%
INFO - 09/13/26 23:32:09 - 0:07:04 - Epoch 532: train_loss=0.38637280464172363, train_acc= 87.25%
INFO - 09/13/26 23:32:09 - 0:07:05 - Epoch 533: train_loss=0.38430625200271606, train_acc= 87.37%
INFO - 09/13/26 23:32:09 - 0:07:05 - Epoch 534: train_loss=0.38725516200065613, train_acc= 87.31%
INFO - 09/13/26 23:32:09 - 0:07:05 - Epoch 535: train_loss=0.3826134204864502, train_acc= 87.22%
INFO - 09/13/26 23:32:10 - 0:07:05 - Epoch 535: val_loss=0.5399734377861023, val_acc= 83.25%,val_weighted_f1= 83.32,val_macro_f1= 81.27%
EarlyStopping counter: 1 out of 15
INFO - 09/13/26 23:32:10 - 0:07:05 - Epoch 536: train_loss=0.3835049271583557, train_acc= 87.52%
INFO - 09/13/26 23:32:10 - 0:07:05 - Epoch 537: train_loss=0.3873189687728882, train_acc= 87.25%
INFO - 09/13/26 23:32:10 - 0:07:06 - Epoch 538: train_loss=0.3827701508998871, train_acc= 87.24%
INFO - 09/13/26 23:32:10 - 0:07:06 - Epoch 539: train_loss=0.3836289644241333, train_acc= 87.22%
INFO - 09/13/26 23:32:11 - 0:07:06 - Epoch 540: train_loss=0.3815557360649109, train_acc= 87.25%
INFO - 09/13/26 23:32:11 - 0:07:06 - Epoch 540: val_loss=0.5393797159194946, val_acc= 83.33%,val_weighted_f1= 83.40,val_macro_f1= 81.27%
INFO - 09/13/26 23:32:11 - 0:07:06 - Epoch 541: train_loss=0.380811482667923, train_acc= 87.32%
INFO - 09/13/26 23:32:11 - 0:07:06 - Epoch 542: train_loss=0.37765878438949585, train_acc= 87.18%
INFO - 09/13/26 23:32:11 - 0:07:07 - Epoch 543: train_loss=0.37463611364364624, train_acc= 87.42%
INFO - 09/13/26 23:32:11 - 0:07:07 - Epoch 544: train_loss=0.38267654180526733, train_acc= 87.25%
INFO - 09/13/26 23:32:12 - 0:07:07 - Epoch 545: train_loss=0.3797026574611664, train_acc= 87.08%
INFO - 09/13/26 23:32:12 - 0:07:07 - Epoch 545: val_loss=0.5383296012878418, val_acc= 83.25%,val_weighted_f1= 83.26,val_macro_f1= 81.29%
EarlyStopping counter: 1 out of 15
INFO - 09/13/26 23:32:12 - 0:07:07 - Epoch 546: train_loss=0.38329482078552246, train_acc= 86.94%
INFO - 09/13/26 23:32:12 - 0:07:08 - Epoch 547: train_loss=0.3812052309513092, train_acc= 87.44%
INFO - 09/13/26 23:32:12 - 0:07:08 - Epoch 548: train_loss=0.3817761242389679, train_acc= 87.51%
INFO - 09/13/26 23:32:12 - 0:07:08 - Epoch 549: train_loss=0.37659385800361633, train_acc= 87.58%
INFO - 09/13/26 23:32:13 - 0:07:08 - Epoch 550: train_loss=0.3793034255504608, train_acc= 87.39%
INFO - 09/13/26 23:32:13 - 0:07:08 - Epoch 550: val_loss=0.5397605895996094, val_acc= 83.16%,val_weighted_f1= 83.22,val_macro_f1= 81.11%
EarlyStopping counter: 2 out of 15
INFO - 09/13/26 23:32:13 - 0:07:08 - Epoch 551: train_loss=0.37634018063545227, train_acc= 87.42%
INFO - 09/13/26 23:32:13 - 0:07:09 - Epoch 552: train_loss=0.3753271996974945, train_acc= 87.47%
INFO - 09/13/26 23:32:13 - 0:07:09 - Epoch 553: train_loss=0.37480688095092773, train_acc= 87.58%
INFO - 09/13/26 23:32:14 - 0:07:09 - Epoch 554: train_loss=0.37857934832572937, train_acc= 87.37%
INFO - 09/13/26 23:32:14 - 0:07:09 - Epoch 555: train_loss=0.3775993585586548, train_acc= 87.21%
INFO - 09/13/26 23:32:14 - 0:07:09 - Epoch 555: val_loss=0.5411745309829712, val_acc= 83.50%,val_weighted_f1= 83.58,val_macro_f1= 81.52%
INFO - 09/13/26 23:32:14 - 0:07:10 - Epoch 556: train_loss=0.3770500421524048, train_acc= 87.31%
INFO - 09/13/26 23:32:14 - 0:07:10 - Epoch 557: train_loss=0.3745534420013428, train_acc= 87.41%
INFO - 09/13/26 23:32:14 - 0:07:10 - Epoch 558: train_loss=0.37307894229888916, train_acc= 87.98%
INFO - 09/13/26 23:32:15 - 0:07:10 - Epoch 559: train_loss=0.3759596049785614, train_acc= 87.42%
INFO - 09/13/26 23:32:15 - 0:07:10 - Epoch 560: train_loss=0.3735383152961731, train_acc= 87.59%
INFO - 09/13/26 23:32:15 - 0:07:10 - Epoch 560: val_loss=0.5381649136543274, val_acc= 83.33%,val_weighted_f1= 83.36,val_macro_f1= 81.28%
EarlyStopping counter: 1 out of 15
INFO - 09/13/26 23:32:15 - 0:07:11 - Epoch 561: train_loss=0.3762489855289459, train_acc= 87.22%
INFO - 09/13/26 23:32:15 - 0:07:11 - Epoch 562: train_loss=0.3737824559211731, train_acc= 87.61%
INFO - 09/13/26 23:32:16 - 0:07:11 - Epoch 563: train_loss=0.36874842643737793, train_acc= 87.67%
INFO - 09/13/26 23:32:16 - 0:07:11 - Epoch 564: train_loss=0.37342578172683716, train_acc= 87.62%
INFO - 09/13/26 23:32:16 - 0:07:11 - Epoch 565: train_loss=0.3733396828174591, train_acc= 87.62%
INFO - 09/13/26 23:32:16 - 0:07:12 - Epoch 565: val_loss=0.5378891825675964, val_acc= 83.59%,val_weighted_f1= 83.65,val_macro_f1= 81.66%
INFO - 09/13/26 23:32:16 - 0:07:12 - Epoch 566: train_loss=0.36805063486099243, train_acc= 87.79%
INFO - 09/13/26 23:32:16 - 0:07:12 - Epoch 567: train_loss=0.37744781374931335, train_acc= 87.34%
INFO - 09/13/26 23:32:17 - 0:07:12 - Epoch 568: train_loss=0.37562763690948486, train_acc= 87.25%
INFO - 09/13/26 23:32:17 - 0:07:12 - Epoch 569: train_loss=0.36794453859329224, train_acc= 87.72%
INFO - 09/13/26 23:32:17 - 0:07:13 - Epoch 570: train_loss=0.3698978126049042, train_acc= 87.96%
INFO - 09/13/26 23:32:17 - 0:07:13 - Epoch 570: val_loss=0.5408941507339478, val_acc= 83.89%,val_weighted_f1= 83.95,val_macro_f1= 81.83%
INFO - 09/13/26 23:32:17 - 0:07:13 - Epoch 571: train_loss=0.37227025628089905, train_acc= 87.54%
INFO - 09/13/26 23:32:17 - 0:07:13 - Epoch 572: train_loss=0.37582147121429443, train_acc= 87.17%
INFO - 09/13/26 23:32:18 - 0:07:13 - Epoch 573: train_loss=0.368943989276886, train_acc= 87.92%
INFO - 09/13/26 23:32:18 - 0:07:13 - Epoch 574: train_loss=0.37566670775413513, train_acc= 87.67%
INFO - 09/13/26 23:32:18 - 0:07:14 - Epoch 575: train_loss=0.3654370605945587, train_acc= 87.85%
INFO - 09/13/26 23:32:18 - 0:07:14 - Epoch 575: val_loss=0.5401953458786011, val_acc= 83.80%,val_weighted_f1= 83.86,val_macro_f1= 81.79%
EarlyStopping counter: 1 out of 15
INFO - 09/13/26 23:32:18 - 0:07:14 - Epoch 576: train_loss=0.3715333938598633, train_acc= 87.65%
INFO - 09/13/26 23:32:19 - 0:07:14 - Epoch 577: train_loss=0.3674839437007904, train_acc= 87.95%
INFO - 09/13/26 23:32:19 - 0:07:14 - Epoch 578: train_loss=0.36458373069763184, train_acc= 87.85%
INFO - 09/13/26 23:32:19 - 0:07:14 - Epoch 579: train_loss=0.3666694760322571, train_acc= 87.94%
INFO - 09/13/26 23:32:19 - 0:07:15 - Epoch 580: train_loss=0.3643653690814972, train_acc= 87.99%
INFO - 09/13/26 23:32:19 - 0:07:15 - Epoch 580: val_loss=0.5382341146469116, val_acc= 83.55%,val_weighted_f1= 83.59,val_macro_f1= 81.53%
EarlyStopping counter: 2 out of 15
INFO - 09/13/26 23:32:19 - 0:07:15 - Epoch 581: train_loss=0.36405041813850403, train_acc= 87.71%
INFO - 09/13/26 23:32:20 - 0:07:15 - Epoch 582: train_loss=0.36599478125572205, train_acc= 88.09%
INFO - 09/13/26 23:32:20 - 0:07:15 - Epoch 583: train_loss=0.3663800060749054, train_acc= 87.88%
INFO - 09/13/26 23:32:20 - 0:07:16 - Epoch 584: train_loss=0.36595582962036133, train_acc= 87.54%
INFO - 09/13/26 23:32:20 - 0:07:16 - Epoch 585: train_loss=0.3669842779636383, train_acc= 87.67%
INFO - 09/13/26 23:32:20 - 0:07:16 - Epoch 585: val_loss=0.539371132850647, val_acc= 83.63%,val_weighted_f1= 83.66,val_macro_f1= 81.60%
EarlyStopping counter: 3 out of 15
INFO - 09/13/26 23:32:20 - 0:07:16 - Epoch 586: train_loss=0.36320585012435913, train_acc= 87.91%
INFO - 09/13/26 23:32:21 - 0:07:16 - Epoch 587: train_loss=0.36670899391174316, train_acc= 87.78%
INFO - 09/13/26 23:32:21 - 0:07:16 - Epoch 588: train_loss=0.3679358959197998, train_acc= 87.88%
INFO - 09/13/26 23:32:21 - 0:07:17 - Epoch 589: train_loss=0.361640989780426, train_acc= 87.86%
INFO - 09/13/26 23:32:21 - 0:07:17 - Epoch 590: train_loss=0.36432334780693054, train_acc= 88.31%
INFO - 09/13/26 23:32:21 - 0:07:17 - Epoch 590: val_loss=0.5406426787376404, val_acc= 83.85%,val_weighted_f1= 83.86,val_macro_f1= 81.59%
EarlyStopping counter: 4 out of 15
INFO - 09/13/26 23:32:22 - 0:07:17 - Epoch 591: train_loss=0.3616354465484619, train_acc= 87.62%
INFO - 09/13/26 23:32:22 - 0:07:17 - Epoch 592: train_loss=0.3594994843006134, train_acc= 88.04%
INFO - 09/13/26 23:32:22 - 0:07:18 - Epoch 593: train_loss=0.35860922932624817, train_acc= 88.01%
INFO - 09/13/26 23:32:22 - 0:07:18 - Epoch 594: train_loss=0.35626134276390076, train_acc= 87.78%
INFO - 09/13/26 23:32:22 - 0:07:18 - Epoch 595: train_loss=0.3553953170776367, train_acc= 88.14%
INFO - 09/13/26 23:32:22 - 0:07:18 - Epoch 595: val_loss=0.5372704863548279, val_acc= 83.72%,val_weighted_f1= 83.73,val_macro_f1= 81.79%
EarlyStopping counter: 5 out of 15
INFO - 09/13/26 23:32:23 - 0:07:18 - Epoch 596: train_loss=0.3660508096218109, train_acc= 87.67%
INFO - 09/13/26 23:32:23 - 0:07:18 - Epoch 597: train_loss=0.35915282368659973, train_acc= 88.05%
INFO - 09/13/26 23:32:23 - 0:07:19 - Epoch 598: train_loss=0.3598107695579529, train_acc= 87.86%
INFO - 09/13/26 23:32:23 - 0:07:19 - Epoch 599: train_loss=0.3599224388599396, train_acc= 88.14%
INFO - 09/13/26 23:32:23 - 0:07:19 - Epoch 600: train_loss=0.3627413213253021, train_acc= 88.04%
INFO - 09/13/26 23:32:23 - 0:07:19 - Epoch 600: val_loss=0.539715051651001, val_acc= 83.76%,val_weighted_f1= 83.82,val_macro_f1= 81.75%
EarlyStopping counter: 6 out of 15
INFO - 09/13/26 23:32:24 - 0:07:19 - Epoch 601: train_loss=0.35684630274772644, train_acc= 88.33%
INFO - 09/13/26 23:32:24 - 0:07:19 - Epoch 602: train_loss=0.3551153838634491, train_acc= 87.92%
INFO - 09/13/26 23:32:24 - 0:07:20 - Epoch 603: train_loss=0.35434773564338684, train_acc= 88.21%
INFO - 09/13/26 23:32:24 - 0:07:20 - Epoch 604: train_loss=0.36040452122688293, train_acc= 88.09%
INFO - 09/13/26 23:32:24 - 0:07:20 - Epoch 605: train_loss=0.3524106740951538, train_acc= 88.18%
INFO - 09/13/26 23:32:25 - 0:07:20 - Epoch 605: val_loss=0.5364239811897278, val_acc= 83.72%,val_weighted_f1= 83.74,val_macro_f1= 81.65%
EarlyStopping counter: 7 out of 15
INFO - 09/13/26 23:32:25 - 0:07:20 - Epoch 606: train_loss=0.3521292507648468, train_acc= 88.04%
INFO - 09/13/26 23:32:25 - 0:07:21 - Epoch 607: train_loss=0.3611350953578949, train_acc= 88.05%
INFO - 09/13/26 23:32:25 - 0:07:21 - Epoch 608: train_loss=0.3516267240047455, train_acc= 88.05%
INFO - 09/13/26 23:32:25 - 0:07:21 - Epoch 609: train_loss=0.36064237356185913, train_acc= 88.08%
INFO - 09/13/26 23:32:26 - 0:07:21 - Epoch 610: train_loss=0.3542812764644623, train_acc= 88.32%
INFO - 09/13/26 23:32:26 - 0:07:21 - Epoch 610: val_loss=0.5392986536026001, val_acc= 83.72%,val_weighted_f1= 83.75,val_macro_f1= 81.68%
EarlyStopping counter: 8 out of 15
INFO - 09/13/26 23:32:26 - 0:07:21 - Epoch 611: train_loss=0.3557269871234894, train_acc= 88.18%
INFO - 09/13/26 23:32:26 - 0:07:22 - Epoch 612: train_loss=0.3578220009803772, train_acc= 88.04%
INFO - 09/13/26 23:32:26 - 0:07:22 - Epoch 613: train_loss=0.34896013140678406, train_acc= 88.33%
INFO - 09/13/26 23:32:26 - 0:07:22 - Epoch 614: train_loss=0.35465696454048157, train_acc= 88.04%
INFO - 09/13/26 23:32:27 - 0:07:22 - Epoch 615: train_loss=0.35219019651412964, train_acc= 87.94%
INFO - 09/13/26 23:32:27 - 0:07:22 - Epoch 615: val_loss=0.5418937802314758, val_acc= 83.89%,val_weighted_f1= 83.92,val_macro_f1= 81.71%
INFO - 09/13/26 23:32:27 - 0:07:23 - Epoch 616: train_loss=0.35700052976608276, train_acc= 88.06%
INFO - 09/13/26 23:32:27 - 0:07:23 - Epoch 617: train_loss=0.3540923297405243, train_acc= 87.94%
INFO - 09/13/26 23:32:27 - 0:07:23 - Epoch 618: train_loss=0.35135573148727417, train_acc= 88.65%
INFO - 09/13/26 23:32:28 - 0:07:23 - Epoch 619: train_loss=0.3502790331840515, train_acc= 87.86%
INFO - 09/13/26 23:32:28 - 0:07:23 - Epoch 620: train_loss=0.351812481880188, train_acc= 88.12%
INFO - 09/13/26 23:32:28 - 0:07:23 - Epoch 620: val_loss=0.5503460168838501, val_acc= 83.55%,val_weighted_f1= 83.55,val_macro_f1= 81.10%
EarlyStopping counter: 1 out of 15
INFO - 09/13/26 23:32:28 - 0:07:24 - Epoch 621: train_loss=0.35703393816947937, train_acc= 87.98%
INFO - 09/13/26 23:32:28 - 0:07:24 - Epoch 622: train_loss=0.34801924228668213, train_acc= 88.75%
INFO - 09/13/26 23:32:28 - 0:07:24 - Epoch 623: train_loss=0.3502296209335327, train_acc= 88.16%
INFO - 09/13/26 23:32:29 - 0:07:24 - Epoch 624: train_loss=0.35482701659202576, train_acc= 88.31%
INFO - 09/13/26 23:32:29 - 0:07:24 - Epoch 625: train_loss=0.35180526971817017, train_acc= 88.16%
INFO - 09/13/26 23:32:29 - 0:07:24 - Epoch 625: val_loss=0.5449164509773254, val_acc= 83.85%,val_weighted_f1= 83.83,val_macro_f1= 81.47%
EarlyStopping counter: 2 out of 15
INFO - 09/13/26 23:32:29 - 0:07:25 - Epoch 626: train_loss=0.34862470626831055, train_acc= 88.12%
INFO - 09/13/26 23:32:29 - 0:07:25 - Epoch 627: train_loss=0.35179123282432556, train_acc= 88.42%
INFO - 09/13/26 23:32:29 - 0:07:25 - Epoch 628: train_loss=0.35535308718681335, train_acc= 88.26%
INFO - 09/13/26 23:32:30 - 0:07:25 - Epoch 629: train_loss=0.3473040759563446, train_acc= 88.41%
INFO - 09/13/26 23:32:30 - 0:07:25 - Epoch 630: train_loss=0.3548350930213928, train_acc= 87.98%
INFO - 09/13/26 23:32:30 - 0:07:26 - Epoch 630: val_loss=0.5455811023712158, val_acc= 83.59%,val_weighted_f1= 83.63,val_macro_f1= 81.49%
EarlyStopping counter: 3 out of 15
INFO - 09/13/26 23:32:30 - 0:07:26 - Epoch 631: train_loss=0.3504665493965149, train_acc= 88.05%
INFO - 09/13/26 23:32:30 - 0:07:26 - Epoch 632: train_loss=0.3454613983631134, train_acc= 88.48%
INFO - 09/13/26 23:32:31 - 0:07:26 - Epoch 633: train_loss=0.3490249216556549, train_acc= 88.08%
INFO - 09/13/26 23:32:31 - 0:07:26 - Epoch 634: train_loss=0.3415454626083374, train_acc= 88.78%
INFO - 09/13/26 23:32:31 - 0:07:27 - Epoch 635: train_loss=0.3459787666797638, train_acc= 88.35%
INFO - 09/13/26 23:32:31 - 0:07:27 - Epoch 635: val_loss=0.5461400151252747, val_acc= 83.55%,val_weighted_f1= 83.56,val_macro_f1= 81.25%
EarlyStopping counter: 4 out of 15
INFO - 09/13/26 23:32:31 - 0:07:27 - Epoch 636: train_loss=0.34510233998298645, train_acc= 88.26%
INFO - 09/13/26 23:32:31 - 0:07:27 - Epoch 637: train_loss=0.3440077602863312, train_acc= 88.51%
INFO - 09/13/26 23:32:32 - 0:07:27 - Epoch 638: train_loss=0.34337443113327026, train_acc= 88.39%
INFO - 09/13/26 23:32:32 - 0:07:27 - Epoch 639: train_loss=0.34500882029533386, train_acc= 88.42%
INFO - 09/13/26 23:32:32 - 0:07:28 - Epoch 640: train_loss=0.3407813310623169, train_acc= 88.56%
INFO - 09/13/26 23:32:32 - 0:07:28 - Epoch 640: val_loss=0.5402880311012268, val_acc= 83.72%,val_weighted_f1= 83.74,val_macro_f1= 81.54%
EarlyStopping counter: 5 out of 15
INFO - 09/13/26 23:32:32 - 0:07:28 - Epoch 641: train_loss=0.3416816294193268, train_acc= 88.46%
INFO - 09/13/26 23:32:32 - 0:07:28 - Epoch 642: train_loss=0.33855190873146057, train_acc= 88.82%
INFO - 09/13/26 23:32:33 - 0:07:28 - Epoch 643: train_loss=0.345355749130249, train_acc= 88.49%
INFO - 09/13/26 23:32:33 - 0:07:28 - Epoch 644: train_loss=0.346353679895401, train_acc= 88.53%
INFO - 09/13/26 23:32:33 - 0:07:29 - Epoch 645: train_loss=0.34080344438552856, train_acc= 88.63%
INFO - 09/13/26 23:32:33 - 0:07:29 - Epoch 645: val_loss=0.5472580194473267, val_acc= 83.59%,val_weighted_f1= 83.60,val_macro_f1= 81.27%
EarlyStopping counter: 6 out of 15
INFO - 09/13/26 23:32:33 - 0:07:29 - Epoch 646: train_loss=0.34275928139686584, train_acc= 88.71%
INFO - 09/13/26 23:32:34 - 0:07:29 - Epoch 647: train_loss=0.3388078510761261, train_acc= 88.31%
INFO - 09/13/26 23:32:34 - 0:07:29 - Epoch 648: train_loss=0.3351304829120636, train_acc= 88.76%
INFO - 09/13/26 23:32:34 - 0:07:30 - Epoch 649: train_loss=0.34275129437446594, train_acc= 88.56%
INFO - 09/13/26 23:32:34 - 0:07:30 - Epoch 650: train_loss=0.33961376547813416, train_acc= 88.79%
INFO - 09/13/26 23:32:34 - 0:07:30 - Epoch 650: val_loss=0.5443212389945984, val_acc= 83.80%,val_weighted_f1= 83.82,val_macro_f1= 81.51%
EarlyStopping counter: 7 out of 15
INFO - 09/13/26 23:32:34 - 0:07:30 - Epoch 651: train_loss=0.338270366191864, train_acc= 88.49%
INFO - 09/13/26 23:32:35 - 0:07:30 - Epoch 652: train_loss=0.33782511949539185, train_acc= 89.00%
INFO - 09/13/26 23:32:35 - 0:07:30 - Epoch 653: train_loss=0.3394432067871094, train_acc= 88.52%
INFO - 09/13/26 23:32:35 - 0:07:31 - Epoch 654: train_loss=0.34484541416168213, train_acc= 88.43%
INFO - 09/13/26 23:32:35 - 0:07:31 - Epoch 655: train_loss=0.337615966796875, train_acc= 88.41%
INFO - 09/13/26 23:32:35 - 0:07:31 - Epoch 655: val_loss=0.5465607047080994, val_acc= 83.72%,val_weighted_f1= 83.73,val_macro_f1= 81.41%
EarlyStopping counter: 8 out of 15
INFO - 09/13/26 23:32:36 - 0:07:31 - Epoch 656: train_loss=0.3413912355899811, train_acc= 89.18%
INFO - 09/13/26 23:32:36 - 0:07:31 - Epoch 657: train_loss=0.3367489278316498, train_acc= 88.99%
INFO - 09/13/26 23:32:36 - 0:07:32 - Epoch 658: train_loss=0.3394034504890442, train_acc= 88.58%
INFO - 09/13/26 23:32:36 - 0:07:32 - Epoch 659: train_loss=0.3364957869052887, train_acc= 88.89%
INFO - 09/13/26 23:32:36 - 0:07:32 - Epoch 660: train_loss=0.3336623013019562, train_acc= 89.08%
INFO - 09/13/26 23:32:36 - 0:07:32 - Epoch 660: val_loss=0.5429410338401794, val_acc= 83.55%,val_weighted_f1= 83.58,val_macro_f1= 81.28%
EarlyStopping counter: 9 out of 15
INFO - 09/13/26 23:32:37 - 0:07:32 - Epoch 661: train_loss=0.33854734897613525, train_acc= 88.95%
INFO - 09/13/26 23:32:37 - 0:07:32 - Epoch 662: train_loss=0.3332709074020386, train_acc= 88.58%
INFO - 09/13/26 23:32:37 - 0:07:33 - Epoch 663: train_loss=0.33653801679611206, train_acc= 88.63%
INFO - 09/13/26 23:32:37 - 0:07:33 - Epoch 664: train_loss=0.341419517993927, train_acc= 88.39%
INFO - 09/13/26 23:32:37 - 0:07:33 - Epoch 665: train_loss=0.3359314799308777, train_acc= 88.41%
INFO - 09/13/26 23:32:38 - 0:07:33 - Epoch 665: val_loss=0.5413076281547546, val_acc= 83.59%,val_weighted_f1= 83.64,val_macro_f1= 81.60%
EarlyStopping counter: 10 out of 15
INFO - 09/13/26 23:32:38 - 0:07:33 - Epoch 666: train_loss=0.33447912335395813, train_acc= 88.76%
INFO - 09/13/26 23:32:38 - 0:07:33 - Epoch 667: train_loss=0.3313278257846832, train_acc= 88.92%
INFO - 09/13/26 23:32:38 - 0:07:34 - Epoch 668: train_loss=0.3332965672016144, train_acc= 88.95%
INFO - 09/13/26 23:32:38 - 0:07:34 - Epoch 669: train_loss=0.33313125371932983, train_acc= 88.63%
INFO - 09/13/26 23:32:39 - 0:07:34 - Epoch 670: train_loss=0.33304721117019653, train_acc= 88.92%
INFO - 09/13/26 23:32:39 - 0:07:34 - Epoch 670: val_loss=0.5441100597381592, val_acc= 83.93%,val_weighted_f1= 83.95,val_macro_f1= 81.71%
INFO - 09/13/26 23:32:39 - 0:07:34 - Epoch 671: train_loss=0.32899442315101624, train_acc= 89.12%
INFO - 09/13/26 23:32:39 - 0:07:35 - Epoch 672: train_loss=0.33514127135276794, train_acc= 88.71%
INFO - 09/13/26 23:32:39 - 0:07:35 - Epoch 673: train_loss=0.3311429023742676, train_acc= 88.96%
INFO - 09/13/26 23:32:39 - 0:07:35 - Epoch 674: train_loss=0.3287580609321594, train_acc= 89.03%
INFO - 09/13/26 23:32:40 - 0:07:35 - Epoch 675: train_loss=0.3300814926624298, train_acc= 88.71%
INFO - 09/13/26 23:32:40 - 0:07:35 - Epoch 675: val_loss=0.5406782627105713, val_acc= 84.06%,val_weighted_f1= 84.08,val_macro_f1= 81.82%
INFO - 09/13/26 23:32:40 - 0:07:35 - Epoch 676: train_loss=0.33632779121398926, train_acc= 88.85%
INFO - 09/13/26 23:32:40 - 0:07:36 - Epoch 677: train_loss=0.3282548487186432, train_acc= 89.18%
INFO - 09/13/26 23:32:40 - 0:07:36 - Epoch 678: train_loss=0.3285234570503235, train_acc= 88.81%
INFO - 09/13/26 23:32:41 - 0:07:36 - Epoch 679: train_loss=0.3292441666126251, train_acc= 88.88%
INFO - 09/13/26 23:32:41 - 0:07:36 - Epoch 680: train_loss=0.32711315155029297, train_acc= 88.93%
INFO - 09/13/26 23:32:41 - 0:07:36 - Epoch 680: val_loss=0.5409409999847412, val_acc= 83.97%,val_weighted_f1= 83.99,val_macro_f1= 81.86%
EarlyStopping counter: 1 out of 15
INFO - 09/13/26 23:32:41 - 0:07:36 - Epoch 681: train_loss=0.32718178629875183, train_acc= 89.13%
INFO - 09/13/26 23:32:41 - 0:07:37 - Epoch 682: train_loss=0.32365307211875916, train_acc= 89.32%
INFO - 09/13/26 23:32:41 - 0:07:37 - Epoch 683: train_loss=0.32782500982284546, train_acc= 88.79%
INFO - 09/13/26 23:32:42 - 0:07:37 - Epoch 684: train_loss=0.32625052332878113, train_acc= 89.10%
INFO - 09/13/26 23:32:42 - 0:07:37 - Epoch 685: train_loss=0.3266030251979828, train_acc= 88.88%
INFO - 09/13/26 23:32:42 - 0:07:37 - Epoch 685: val_loss=0.5417198538780212, val_acc= 84.10%,val_weighted_f1= 84.12,val_macro_f1= 82.03%
INFO - 09/13/26 23:32:42 - 0:07:38 - Epoch 686: train_loss=0.3222484588623047, train_acc= 89.08%
INFO - 09/13/26 23:32:42 - 0:07:38 - Epoch 687: train_loss=0.32717812061309814, train_acc= 89.26%
INFO - 09/13/26 23:32:42 - 0:07:38 - Epoch 688: train_loss=0.3314421474933624, train_acc= 88.83%
INFO - 09/13/26 23:32:43 - 0:07:38 - Epoch 689: train_loss=0.3195249140262604, train_acc= 89.36%
INFO - 09/13/26 23:32:43 - 0:07:38 - Epoch 690: train_loss=0.32252055406570435, train_acc= 89.02%
INFO - 09/13/26 23:32:43 - 0:07:38 - Epoch 690: val_loss=0.5421716570854187, val_acc= 83.97%,val_weighted_f1= 84.02,val_macro_f1= 81.96%
EarlyStopping counter: 1 out of 15
INFO - 09/13/26 23:32:43 - 0:07:39 - Epoch 691: train_loss=0.32491758465766907, train_acc= 89.00%
INFO - 09/13/26 23:32:43 - 0:07:39 - Epoch 692: train_loss=0.32377028465270996, train_acc= 89.09%
INFO - 09/13/26 23:32:44 - 0:07:39 - Epoch 693: train_loss=0.3240271508693695, train_acc= 88.98%
INFO - 09/13/26 23:32:44 - 0:07:39 - Epoch 694: train_loss=0.32796919345855713, train_acc= 89.05%
INFO - 09/13/26 23:32:44 - 0:07:39 - Epoch 695: train_loss=0.31950947642326355, train_acc= 89.50%
INFO - 09/13/26 23:32:44 - 0:07:40 - Epoch 695: val_loss=0.5444948077201843, val_acc= 83.76%,val_weighted_f1= 83.81,val_macro_f1= 81.64%
EarlyStopping counter: 2 out of 15
INFO - 09/13/26 23:32:44 - 0:07:40 - Epoch 696: train_loss=0.32480624318122864, train_acc= 89.20%
INFO - 09/13/26 23:32:44 - 0:07:40 - Epoch 697: train_loss=0.31833669543266296, train_acc= 89.55%
INFO - 09/13/26 23:32:45 - 0:07:40 - Epoch 698: train_loss=0.32422125339508057, train_acc= 89.16%
INFO - 09/13/26 23:32:45 - 0:07:40 - Epoch 699: train_loss=0.3197687268257141, train_acc= 89.50%
INFO - 09/13/26 23:32:45 - 0:07:40 - Epoch 700: train_loss=0.3186662197113037, train_acc= 89.37%
INFO - 09/13/26 23:32:45 - 0:07:41 - Epoch 700: val_loss=0.5466871857643127, val_acc= 83.80%,val_weighted_f1= 83.84,val_macro_f1= 81.68%
EarlyStopping counter: 3 out of 15
INFO - 09/13/26 23:32:45 - 0:07:41 - Epoch 701: train_loss=0.3204286992549896, train_acc= 88.93%
INFO - 09/13/26 23:32:46 - 0:07:41 - Epoch 702: train_loss=0.32322564721107483, train_acc= 89.06%
INFO - 09/13/26 23:32:46 - 0:07:41 - Epoch 703: train_loss=0.3170504868030548, train_acc= 89.16%
INFO - 09/13/26 23:32:46 - 0:07:41 - Epoch 704: train_loss=0.32000213861465454, train_acc= 89.28%
INFO - 09/13/26 23:32:46 - 0:07:42 - Epoch 705: train_loss=0.32100892066955566, train_acc= 89.57%
INFO - 09/13/26 23:32:46 - 0:07:42 - Epoch 705: val_loss=0.5449030995368958, val_acc= 83.68%,val_weighted_f1= 83.68,val_macro_f1= 81.51%
EarlyStopping counter: 4 out of 15
INFO - 09/13/26 23:32:46 - 0:07:42 - Epoch 706: train_loss=0.3206135332584381, train_acc= 89.33%
INFO - 09/13/26 23:32:47 - 0:07:42 - Epoch 707: train_loss=0.31872376799583435, train_acc= 89.19%
INFO - 09/13/26 23:32:47 - 0:07:42 - Epoch 708: train_loss=0.3156684339046478, train_acc= 89.63%
INFO - 09/13/26 23:32:47 - 0:07:42 - Epoch 709: train_loss=0.3262561559677124, train_acc= 89.02%
INFO - 09/13/26 23:32:47 - 0:07:43 - Epoch 710: train_loss=0.3203217387199402, train_acc= 89.33%
INFO - 09/13/26 23:32:47 - 0:07:43 - Epoch 710: val_loss=0.548296332359314, val_acc= 83.50%,val_weighted_f1= 83.50,val_macro_f1= 81.36%
EarlyStopping counter: 5 out of 15
INFO - 09/13/26 23:32:47 - 0:07:43 - Epoch 711: train_loss=0.31648528575897217, train_acc= 89.40%
INFO - 09/13/26 23:32:48 - 0:07:43 - Epoch 712: train_loss=0.3134836256504059, train_acc= 89.57%
INFO - 09/13/26 23:32:48 - 0:07:43 - Epoch 713: train_loss=0.3194001317024231, train_acc= 89.15%
INFO - 09/13/26 23:32:48 - 0:07:44 - Epoch 714: train_loss=0.31391721963882446, train_acc= 89.62%
INFO - 09/13/26 23:32:48 - 0:07:44 - Epoch 715: train_loss=0.31623584032058716, train_acc= 89.82%
INFO - 09/13/26 23:32:48 - 0:07:44 - Epoch 715: val_loss=0.5500369071960449, val_acc= 83.63%,val_weighted_f1= 83.69,val_macro_f1= 81.48%
EarlyStopping counter: 6 out of 15
INFO - 09/13/26 23:32:49 - 0:07:44 - Epoch 716: train_loss=0.3125463128089905, train_acc= 89.45%
INFO - 09/13/26 23:32:49 - 0:07:44 - Epoch 717: train_loss=0.316292405128479, train_acc= 89.30%
INFO - 09/13/26 23:32:49 - 0:07:44 - Epoch 718: train_loss=0.31454402208328247, train_acc= 89.43%
INFO - 09/13/26 23:32:49 - 0:07:45 - Epoch 719: train_loss=0.3240843415260315, train_acc= 88.89%
INFO - 09/13/26 23:32:49 - 0:07:45 - Epoch 720: train_loss=0.31760168075561523, train_acc= 89.60%
INFO - 09/13/26 23:32:49 - 0:07:45 - Epoch 720: val_loss=0.5535848736763, val_acc= 83.76%,val_weighted_f1= 83.75,val_macro_f1= 81.37%
EarlyStopping counter: 7 out of 15
INFO - 09/13/26 23:32:50 - 0:07:45 - Epoch 721: train_loss=0.3127499520778656, train_acc= 89.37%
INFO - 09/13/26 23:32:50 - 0:07:45 - Epoch 722: train_loss=0.316010981798172, train_acc= 89.32%
INFO - 09/13/26 23:32:50 - 0:07:45 - Epoch 723: train_loss=0.31826716661453247, train_acc= 89.36%
INFO - 09/13/26 23:32:50 - 0:07:46 - Epoch 724: train_loss=0.30705726146698, train_acc= 89.73%
INFO - 09/13/26 23:32:50 - 0:07:46 - Epoch 725: train_loss=0.31577908992767334, train_acc= 89.13%
INFO - 09/13/26 23:32:51 - 0:07:46 - Epoch 725: val_loss=0.5487965941429138, val_acc= 84.06%,val_weighted_f1= 84.03,val_macro_f1= 81.95%
EarlyStopping counter: 8 out of 15
INFO - 09/13/26 23:32:51 - 0:07:46 - Epoch 726: train_loss=0.31918686628341675, train_acc= 89.37%
INFO - 09/13/26 23:32:51 - 0:07:46 - Epoch 727: train_loss=0.3125018775463104, train_acc= 89.43%
INFO - 09/13/26 23:32:51 - 0:07:47 - Epoch 728: train_loss=0.3095027506351471, train_acc= 89.60%
INFO - 09/13/26 23:32:51 - 0:07:47 - Epoch 729: train_loss=0.3070305585861206, train_acc= 89.55%
INFO - 09/13/26 23:32:51 - 0:07:47 - Epoch 730: train_loss=0.3090340793132782, train_acc= 89.94%
INFO - 09/13/26 23:32:52 - 0:07:47 - Epoch 730: val_loss=0.5448031425476074, val_acc= 83.85%,val_weighted_f1= 83.85,val_macro_f1= 81.79%
EarlyStopping counter: 9 out of 15
INFO - 09/13/26 23:32:52 - 0:07:47 - Epoch 731: train_loss=0.30941006541252136, train_acc= 89.65%
INFO - 09/13/26 23:32:52 - 0:07:47 - Epoch 732: train_loss=0.3102259635925293, train_acc= 89.89%
INFO - 09/13/26 23:32:52 - 0:07:48 - Epoch 733: train_loss=0.3055209517478943, train_acc= 89.92%
INFO - 09/13/26 23:32:52 - 0:07:48 - Epoch 734: train_loss=0.31288865208625793, train_acc= 89.55%
INFO - 09/13/26 23:32:53 - 0:07:48 - Epoch 735: train_loss=0.3135368525981903, train_acc= 89.42%
INFO - 09/13/26 23:32:53 - 0:07:48 - Epoch 735: val_loss=0.5546676516532898, val_acc= 84.02%,val_weighted_f1= 84.01,val_macro_f1= 81.76%
EarlyStopping counter: 10 out of 15
INFO - 09/13/26 23:32:53 - 0:07:48 - Epoch 736: train_loss=0.31085777282714844, train_acc= 90.06%
INFO - 09/13/26 23:32:53 - 0:07:49 - Epoch 737: train_loss=0.3033003807067871, train_acc= 89.57%
INFO - 09/13/26 23:32:53 - 0:07:49 - Epoch 738: train_loss=0.3075985610485077, train_acc= 89.99%
INFO - 09/13/26 23:32:53 - 0:07:49 - Epoch 739: train_loss=0.31210261583328247, train_acc= 89.59%
INFO - 09/13/26 23:32:54 - 0:07:49 - Epoch 740: train_loss=0.31139713525772095, train_acc= 89.62%
INFO - 09/13/26 23:32:54 - 0:07:49 - Epoch 740: val_loss=0.5517000555992126, val_acc= 83.89%,val_weighted_f1= 83.90,val_macro_f1= 81.75%
EarlyStopping counter: 11 out of 15
INFO - 09/13/26 23:32:54 - 0:07:49 - Epoch 741: train_loss=0.3048182427883148, train_acc= 89.76%
INFO - 09/13/26 23:32:54 - 0:07:50 - Epoch 742: train_loss=0.30865925550460815, train_acc= 89.94%
INFO - 09/13/26 23:32:54 - 0:07:50 - Epoch 743: train_loss=0.30532804131507874, train_acc= 89.73%
INFO - 09/13/26 23:32:55 - 0:07:50 - Epoch 744: train_loss=0.30268728733062744, train_acc= 89.75%
INFO - 09/13/26 23:32:55 - 0:07:50 - Epoch 745: train_loss=0.309718519449234, train_acc= 89.73%
INFO - 09/13/26 23:32:55 - 0:07:50 - Epoch 745: val_loss=0.5483525991439819, val_acc= 83.93%,val_weighted_f1= 83.99,val_macro_f1= 81.94%
EarlyStopping counter: 12 out of 15
INFO - 09/13/26 23:32:55 - 0:07:50 - Epoch 746: train_loss=0.30808985233306885, train_acc= 89.60%
INFO - 09/13/26 23:32:55 - 0:07:51 - Epoch 747: train_loss=0.31570693850517273, train_acc= 89.23%
INFO - 09/13/26 23:32:55 - 0:07:51 - Epoch 748: train_loss=0.3098154664039612, train_acc= 89.62%
INFO - 09/13/26 23:32:56 - 0:07:51 - Epoch 749: train_loss=0.30350571870803833, train_acc= 89.70%
INFO - 09/13/26 23:32:56 - 0:07:51 - Epoch 750: train_loss=0.30181849002838135, train_acc= 89.70%
INFO - 09/13/26 23:32:56 - 0:07:51 - Epoch 750: val_loss=0.5506848692893982, val_acc= 83.97%,val_weighted_f1= 83.99,val_macro_f1= 82.01%
EarlyStopping counter: 13 out of 15
INFO - 09/13/26 23:32:56 - 0:07:52 - Epoch 751: train_loss=0.3077217936515808, train_acc= 89.92%
INFO - 09/13/26 23:32:56 - 0:07:52 - Epoch 752: train_loss=0.3042728304862976, train_acc= 89.66%
INFO - 09/13/26 23:32:56 - 0:07:52 - Epoch 753: train_loss=0.3011303246021271, train_acc= 89.69%
INFO - 09/13/26 23:32:57 - 0:07:52 - Epoch 754: train_loss=0.30831047892570496, train_acc= 89.57%
INFO - 09/13/26 23:32:57 - 0:07:52 - Epoch 755: train_loss=0.29993119835853577, train_acc= 90.07%
INFO - 09/13/26 23:32:57 - 0:07:52 - Epoch 755: val_loss=0.5483501553535461, val_acc= 84.10%,val_weighted_f1= 84.15,val_macro_f1= 82.10%
INFO - 09/13/26 23:32:57 - 0:07:53 - Epoch 756: train_loss=0.3026687502861023, train_acc= 89.63%
INFO - 09/13/26 23:32:57 - 0:07:53 - Epoch 757: train_loss=0.30323195457458496, train_acc= 89.99%
INFO - 09/13/26 23:32:58 - 0:07:53 - Epoch 758: train_loss=0.2995745539665222, train_acc= 89.90%
INFO - 09/13/26 23:32:58 - 0:07:53 - Epoch 759: train_loss=0.30049192905426025, train_acc= 90.07%
INFO - 09/13/26 23:32:58 - 0:07:53 - Epoch 760: train_loss=0.3000793159008026, train_acc= 90.12%
INFO - 09/13/26 23:32:58 - 0:07:53 - Epoch 760: val_loss=0.5514671802520752, val_acc= 84.02%,val_weighted_f1= 84.02,val_macro_f1= 81.94%
EarlyStopping counter: 1 out of 15
INFO - 09/13/26 23:32:58 - 0:07:54 - Epoch 761: train_loss=0.3003994822502136, train_acc= 89.93%
INFO - 09/13/26 23:32:58 - 0:07:54 - Epoch 762: train_loss=0.2992514967918396, train_acc= 90.02%
INFO - 09/13/26 23:32:59 - 0:07:54 - Epoch 763: train_loss=0.2979918122291565, train_acc= 89.87%
INFO - 09/13/26 23:32:59 - 0:07:54 - Epoch 764: train_loss=0.29872119426727295, train_acc= 89.70%
INFO - 09/13/26 23:32:59 - 0:07:54 - Epoch 765: train_loss=0.2911668121814728, train_acc= 90.14%
INFO - 09/13/26 23:32:59 - 0:07:55 - Epoch 765: val_loss=0.5506705641746521, val_acc= 83.97%,val_weighted_f1= 84.00,val_macro_f1= 81.86%
EarlyStopping counter: 2 out of 15
INFO - 09/13/26 23:32:59 - 0:07:55 - Epoch 766: train_loss=0.3034466505050659, train_acc= 89.55%
INFO - 09/13/26 23:33:00 - 0:07:55 - Epoch 767: train_loss=0.2987910807132721, train_acc= 89.75%
INFO - 09/13/26 23:33:00 - 0:07:55 - Epoch 768: train_loss=0.3007815182209015, train_acc= 90.16%
INFO - 09/13/26 23:33:00 - 0:07:55 - Epoch 769: train_loss=0.30253592133522034, train_acc= 89.79%
INFO - 09/13/26 23:33:00 - 0:07:56 - Epoch 770: train_loss=0.2901180684566498, train_acc= 90.17%
INFO - 09/13/26 23:33:00 - 0:07:56 - Epoch 770: val_loss=0.5539928674697876, val_acc= 84.10%,val_weighted_f1= 84.13,val_macro_f1= 81.95%
INFO - 09/13/26 23:33:00 - 0:07:56 - Epoch 771: train_loss=0.2997235059738159, train_acc= 90.03%
INFO - 09/13/26 23:33:01 - 0:07:56 - Epoch 772: train_loss=0.29344770312309265, train_acc= 90.12%
INFO - 09/13/26 23:33:01 - 0:07:56 - Epoch 773: train_loss=0.29200220108032227, train_acc= 90.07%
INFO - 09/13/26 23:33:01 - 0:07:56 - Epoch 774: train_loss=0.29781845211982727, train_acc= 89.70%
INFO - 09/13/26 23:33:01 - 0:07:57 - Epoch 775: train_loss=0.29023775458335876, train_acc= 90.37%
INFO - 09/13/26 23:33:01 - 0:07:57 - Epoch 775: val_loss=0.5531833171844482, val_acc= 84.36%,val_weighted_f1= 84.40,val_macro_f1= 82.50%
INFO - 09/13/26 23:33:01 - 0:07:57 - Epoch 776: train_loss=0.2891608774662018, train_acc= 90.44%
INFO - 09/13/26 23:33:02 - 0:07:57 - Epoch 777: train_loss=0.29142317175865173, train_acc= 90.03%
INFO - 09/13/26 23:33:02 - 0:07:57 - Epoch 778: train_loss=0.2985855042934418, train_acc= 89.75%
INFO - 09/13/26 23:33:02 - 0:07:58 - Epoch 779: train_loss=0.28635841608047485, train_acc= 90.33%
INFO - 09/13/26 23:33:02 - 0:07:58 - Epoch 780: train_loss=0.2952606678009033, train_acc= 90.09%
INFO - 09/13/26 23:33:02 - 0:07:58 - Epoch 780: val_loss=0.5530144572257996, val_acc= 84.19%,val_weighted_f1= 84.23,val_macro_f1= 82.32%
EarlyStopping counter: 1 out of 15
INFO - 09/13/26 23:33:03 - 0:07:58 - Epoch 781: train_loss=0.29436612129211426, train_acc= 89.90%
INFO - 09/13/26 23:33:03 - 0:07:58 - Epoch 782: train_loss=0.28465548157691956, train_acc= 90.37%
INFO - 09/13/26 23:33:03 - 0:07:58 - Epoch 783: train_loss=0.2904733121395111, train_acc= 90.10%
INFO - 09/13/26 23:33:03 - 0:07:59 - Epoch 784: train_loss=0.2893750071525574, train_acc= 90.47%
INFO - 09/13/26 23:33:03 - 0:07:59 - Epoch 785: train_loss=0.2963777482509613, train_acc= 89.84%
INFO - 09/13/26 23:33:03 - 0:07:59 - Epoch 785: val_loss=0.5562793612480164, val_acc= 84.10%,val_weighted_f1= 84.14,val_macro_f1= 82.13%
EarlyStopping counter: 2 out of 15
INFO - 09/13/26 23:33:04 - 0:07:59 - Epoch 786: train_loss=0.2935847043991089, train_acc= 90.37%
INFO - 09/13/26 23:33:04 - 0:07:59 - Epoch 787: train_loss=0.2927464246749878, train_acc= 90.06%
INFO - 09/13/26 23:33:04 - 0:08:00 - Epoch 788: train_loss=0.28824979066848755, train_acc= 90.49%
INFO - 09/13/26 23:33:04 - 0:08:00 - Epoch 789: train_loss=0.2897087037563324, train_acc= 90.31%
INFO - 09/13/26 23:33:04 - 0:08:00 - Epoch 790: train_loss=0.2924366891384125, train_acc= 90.43%
INFO - 09/13/26 23:33:04 - 0:08:00 - Epoch 790: val_loss=0.5581679344177246, val_acc= 84.15%,val_weighted_f1= 84.18,val_macro_f1= 82.20%
EarlyStopping counter: 3 out of 15
INFO - 09/13/26 23:33:05 - 0:08:00 - Epoch 791: train_loss=0.2935710549354553, train_acc= 90.20%
INFO - 09/13/26 23:33:05 - 0:08:00 - Epoch 792: train_loss=0.2949087917804718, train_acc= 90.13%
INFO - 09/13/26 23:33:05 - 0:08:01 - Epoch 793: train_loss=0.28654518723487854, train_acc= 90.26%
INFO - 09/13/26 23:33:05 - 0:08:01 - Epoch 794: train_loss=0.28531545400619507, train_acc= 90.37%
INFO - 09/13/26 23:33:05 - 0:08:01 - Epoch 795: train_loss=0.2917986214160919, train_acc= 90.19%
INFO - 09/13/26 23:33:06 - 0:08:01 - Epoch 795: val_loss=0.5612159967422485, val_acc= 84.23%,val_weighted_f1= 84.28,val_macro_f1= 82.30%
EarlyStopping counter: 4 out of 15
INFO - 09/13/26 23:33:06 - 0:08:01 - Epoch 796: train_loss=0.2866504490375519, train_acc= 90.76%
INFO - 09/13/26 23:33:06 - 0:08:02 - Epoch 797: train_loss=0.28491607308387756, train_acc= 90.34%
INFO - 09/13/26 23:33:06 - 0:08:02 - Epoch 798: train_loss=0.2849770784378052, train_acc= 90.46%
INFO - 09/13/26 23:33:06 - 0:08:02 - Epoch 799: train_loss=0.28997355699539185, train_acc= 90.26%
INFO - 09/13/26 23:33:07 - 0:08:02 - Epoch 800: train_loss=0.2862829566001892, train_acc= 90.43%
INFO - 09/13/26 23:33:07 - 0:08:02 - Epoch 800: val_loss=0.5617082118988037, val_acc= 84.06%,val_weighted_f1= 84.06,val_macro_f1= 81.94%
EarlyStopping counter: 5 out of 15
INFO - 09/13/26 23:33:07 - 0:08:02 - Epoch 801: train_loss=0.2810138165950775, train_acc= 90.47%
INFO - 09/13/26 23:33:07 - 0:08:03 - Epoch 802: train_loss=0.286667138338089, train_acc= 90.43%
INFO - 09/13/26 23:33:07 - 0:08:03 - Epoch 803: train_loss=0.2769765257835388, train_acc= 90.61%
INFO - 09/13/26 23:33:07 - 0:08:03 - Epoch 804: train_loss=0.29224514961242676, train_acc= 90.00%
INFO - 09/13/26 23:33:08 - 0:08:03 - Epoch 805: train_loss=0.27655884623527527, train_acc= 90.77%
INFO - 09/13/26 23:33:08 - 0:08:03 - Epoch 805: val_loss=0.5559378266334534, val_acc= 84.23%,val_weighted_f1= 84.22,val_macro_f1= 82.31%
EarlyStopping counter: 6 out of 15
INFO - 09/13/26 23:33:08 - 0:08:03 - Epoch 806: train_loss=0.28422340750694275, train_acc= 90.63%
INFO - 09/13/26 23:33:08 - 0:08:04 - Epoch 807: train_loss=0.28119587898254395, train_acc= 90.59%
INFO - 09/13/26 23:33:08 - 0:08:04 - Epoch 808: train_loss=0.285431832075119, train_acc= 90.59%
INFO - 09/13/26 23:33:08 - 0:08:04 - Epoch 809: train_loss=0.2789332866668701, train_acc= 90.64%
INFO - 09/13/26 23:33:09 - 0:08:04 - Epoch 810: train_loss=0.2791893184185028, train_acc= 90.40%
INFO - 09/13/26 23:33:09 - 0:08:04 - Epoch 810: val_loss=0.5593903064727783, val_acc= 84.19%,val_weighted_f1= 84.17,val_macro_f1= 82.19%
EarlyStopping counter: 7 out of 15
INFO - 09/13/26 23:33:09 - 0:08:05 - Epoch 811: train_loss=0.2908078730106354, train_acc= 90.36%
INFO - 09/13/26 23:33:09 - 0:08:05 - Epoch 812: train_loss=0.28087159991264343, train_acc= 90.40%
INFO - 09/13/26 23:33:09 - 0:08:05 - Epoch 813: train_loss=0.2808707058429718, train_acc= 90.49%
INFO - 09/13/26 23:33:10 - 0:08:05 - Epoch 814: train_loss=0.2770296633243561, train_acc= 90.70%
INFO - 09/13/26 23:33:10 - 0:08:05 - Epoch 815: train_loss=0.2761906683444977, train_acc= 91.00%
INFO - 09/13/26 23:33:10 - 0:08:05 - Epoch 815: val_loss=0.5632063150405884, val_acc= 84.10%,val_weighted_f1= 84.11,val_macro_f1= 81.93%
EarlyStopping counter: 8 out of 15
INFO - 09/13/26 23:33:10 - 0:08:06 - Epoch 816: train_loss=0.28090089559555054, train_acc= 90.09%
INFO - 09/13/26 23:33:10 - 0:08:06 - Epoch 817: train_loss=0.2776572108268738, train_acc= 90.61%
INFO - 09/13/26 23:33:10 - 0:08:06 - Epoch 818: train_loss=0.2744801640510559, train_acc= 91.07%
INFO - 09/13/26 23:33:11 - 0:08:06 - Epoch 819: train_loss=0.27383145689964294, train_acc= 90.97%
INFO - 09/13/26 23:33:11 - 0:08:06 - Epoch 820: train_loss=0.27617108821868896, train_acc= 90.81%
INFO - 09/13/26 23:33:11 - 0:08:07 - Epoch 820: val_loss=0.5655744075775146, val_acc= 84.02%,val_weighted_f1= 84.06,val_macro_f1= 82.01%
EarlyStopping counter: 9 out of 15
INFO - 09/13/26 23:33:11 - 0:08:07 - Epoch 821: train_loss=0.2847764194011688, train_acc= 90.78%
INFO - 09/13/26 23:33:11 - 0:08:07 - Epoch 822: train_loss=0.27902287244796753, train_acc= 90.71%
INFO - 09/13/26 23:33:12 - 0:08:07 - Epoch 823: train_loss=0.2806321382522583, train_acc= 90.22%
INFO - 09/13/26 23:33:12 - 0:08:07 - Epoch 824: train_loss=0.28217026591300964, train_acc= 90.47%
INFO - 09/13/26 23:33:12 - 0:08:08 - Epoch 825: train_loss=0.2787419557571411, train_acc= 90.71%
INFO - 09/13/26 23:33:12 - 0:08:08 - Epoch 825: val_loss=0.5581566095352173, val_acc= 84.44%,val_weighted_f1= 84.41,val_macro_f1= 82.30%
INFO - 09/13/26 23:33:12 - 0:08:08 - Epoch 826: train_loss=0.274404913187027, train_acc= 90.50%
INFO - 09/13/26 23:33:12 - 0:08:08 - Epoch 827: train_loss=0.27739134430885315, train_acc= 90.60%
INFO - 09/13/26 23:33:13 - 0:08:08 - Epoch 828: train_loss=0.2743474543094635, train_acc= 90.69%
INFO - 09/13/26 23:33:13 - 0:08:08 - Epoch 829: train_loss=0.2832021415233612, train_acc= 90.54%
INFO - 09/13/26 23:33:13 - 0:08:09 - Epoch 830: train_loss=0.27560532093048096, train_acc= 90.71%
INFO - 09/13/26 23:33:13 - 0:08:09 - Epoch 830: val_loss=0.5592738389968872, val_acc= 84.36%,val_weighted_f1= 84.35,val_macro_f1= 82.22%
EarlyStopping counter: 1 out of 15
INFO - 09/13/26 23:33:13 - 0:08:09 - Epoch 831: train_loss=0.2739187180995941, train_acc= 90.84%
INFO - 09/13/26 23:33:13 - 0:08:09 - Epoch 832: train_loss=0.2747816741466522, train_acc= 90.86%
INFO - 09/13/26 23:33:14 - 0:08:09 - Epoch 833: train_loss=0.27256566286087036, train_acc= 90.96%
INFO - 09/13/26 23:33:14 - 0:08:09 - Epoch 834: train_loss=0.27525755763053894, train_acc= 90.76%
INFO - 09/13/26 23:33:14 - 0:08:10 - Epoch 835: train_loss=0.27690690755844116, train_acc= 90.54%
INFO - 09/13/26 23:33:14 - 0:08:10 - Epoch 835: val_loss=0.5667389631271362, val_acc= 84.32%,val_weighted_f1= 84.33,val_macro_f1= 82.36%
EarlyStopping counter: 2 out of 15
INFO - 09/13/26 23:33:14 - 0:08:10 - Epoch 836: train_loss=0.26717156171798706, train_acc= 90.93%
INFO - 09/13/26 23:33:15 - 0:08:10 - Epoch 837: train_loss=0.27811190485954285, train_acc= 90.50%
INFO - 09/13/26 23:33:15 - 0:08:10 - Epoch 838: train_loss=0.2706597149372101, train_acc= 91.06%
INFO - 09/13/26 23:33:15 - 0:08:11 - Epoch 839: train_loss=0.27279508113861084, train_acc= 90.54%
INFO - 09/13/26 23:33:15 - 0:08:11 - Epoch 840: train_loss=0.26624834537506104, train_acc= 90.64%
INFO - 09/13/26 23:33:15 - 0:08:11 - Epoch 840: val_loss=0.5641490817070007, val_acc= 84.53%,val_weighted_f1= 84.56,val_macro_f1= 82.65%
INFO - 09/13/26 23:33:15 - 0:08:11 - Epoch 841: train_loss=0.27258074283599854, train_acc= 90.66%
INFO - 09/13/26 23:33:16 - 0:08:11 - Epoch 842: train_loss=0.2703309953212738, train_acc= 90.73%
INFO - 09/13/26 23:33:16 - 0:08:11 - Epoch 843: train_loss=0.2693440616130829, train_acc= 90.84%
INFO - 09/13/26 23:33:16 - 0:08:12 - Epoch 844: train_loss=0.2651452422142029, train_acc= 90.76%
INFO - 09/13/26 23:33:16 - 0:08:12 - Epoch 845: train_loss=0.27099287509918213, train_acc= 90.70%
INFO - 09/13/26 23:33:16 - 0:08:12 - Epoch 845: val_loss=0.5632836818695068, val_acc= 84.19%,val_weighted_f1= 84.27,val_macro_f1= 82.40%
EarlyStopping counter: 1 out of 15
INFO - 09/13/26 23:33:17 - 0:08:12 - Epoch 846: train_loss=0.27148064970970154, train_acc= 91.08%
INFO - 09/13/26 23:33:17 - 0:08:12 - Epoch 847: train_loss=0.26613354682922363, train_acc= 90.94%
INFO - 09/13/26 23:33:17 - 0:08:12 - Epoch 848: train_loss=0.2686896026134491, train_acc= 91.01%
INFO - 09/13/26 23:33:17 - 0:08:13 - Epoch 849: train_loss=0.2704406678676605, train_acc= 91.01%
INFO - 09/13/26 23:33:17 - 0:08:13 - Epoch 850: train_loss=0.2718667685985565, train_acc= 90.66%
INFO - 09/13/26 23:33:17 - 0:08:13 - Epoch 850: val_loss=0.5690591335296631, val_acc= 84.27%,val_weighted_f1= 84.32,val_macro_f1= 82.36%
EarlyStopping counter: 2 out of 15
INFO - 09/13/26 23:33:18 - 0:08:13 - Epoch 851: train_loss=0.26931262016296387, train_acc= 91.18%
INFO - 09/13/26 23:33:18 - 0:08:13 - Epoch 852: train_loss=0.2707396149635315, train_acc= 90.97%
INFO - 09/13/26 23:33:18 - 0:08:14 - Epoch 853: train_loss=0.26589077711105347, train_acc= 91.03%
INFO - 09/13/26 23:33:18 - 0:08:14 - Epoch 854: train_loss=0.26839229464530945, train_acc= 90.78%
INFO - 09/13/26 23:33:18 - 0:08:14 - Epoch 855: train_loss=0.2630518972873688, train_acc= 91.25%
INFO - 09/13/26 23:33:18 - 0:08:14 - Epoch 855: val_loss=0.566443920135498, val_acc= 84.66%,val_weighted_f1= 84.69,val_macro_f1= 82.72%
INFO - 09/13/26 23:33:19 - 0:08:14 - Epoch 856: train_loss=0.26940029859542847, train_acc= 90.67%
INFO - 09/13/26 23:33:19 - 0:08:14 - Epoch 857: train_loss=0.2672979533672333, train_acc= 90.94%
INFO - 09/13/26 23:33:19 - 0:08:15 - Epoch 858: train_loss=0.2740263044834137, train_acc= 90.91%
INFO - 09/13/26 23:33:19 - 0:08:15 - Epoch 859: train_loss=0.2673906087875366, train_acc= 90.86%
INFO - 09/13/26 23:33:19 - 0:08:15 - Epoch 860: train_loss=0.26471924781799316, train_acc= 91.17%
INFO - 09/13/26 23:33:20 - 0:08:15 - Epoch 860: val_loss=0.563986599445343, val_acc= 84.40%,val_weighted_f1= 84.42,val_macro_f1= 82.52%
EarlyStopping counter: 1 out of 15
INFO - 09/13/26 23:33:20 - 0:08:15 - Epoch 861: train_loss=0.27027302980422974, train_acc= 90.94%
INFO - 09/13/26 23:33:20 - 0:08:16 - Epoch 862: train_loss=0.26595422625541687, train_acc= 91.27%
INFO - 09/13/26 23:33:20 - 0:08:16 - Epoch 863: train_loss=0.2664770781993866, train_acc= 90.86%
INFO - 09/13/26 23:33:20 - 0:08:16 - Epoch 864: train_loss=0.2649354934692383, train_acc= 91.18%
INFO - 09/13/26 23:33:21 - 0:08:16 - Epoch 865: train_loss=0.2628394663333893, train_acc= 91.60%
INFO - 09/13/26 23:33:21 - 0:08:16 - Epoch 865: val_loss=0.5666137933731079, val_acc= 84.53%,val_weighted_f1= 84.58,val_macro_f1= 82.52%
EarlyStopping counter: 2 out of 15
INFO - 09/13/26 23:33:21 - 0:08:16 - Epoch 866: train_loss=0.2582431435585022, train_acc= 91.53%
INFO - 09/13/26 23:33:21 - 0:08:17 - Epoch 867: train_loss=0.2632318437099457, train_acc= 91.04%
INFO - 09/13/26 23:33:21 - 0:08:17 - Epoch 868: train_loss=0.2598906457424164, train_acc= 91.47%
INFO - 09/13/26 23:33:21 - 0:08:17 - Epoch 869: train_loss=0.26065802574157715, train_acc= 91.24%
INFO - 09/13/26 23:33:22 - 0:08:17 - Epoch 870: train_loss=0.2677794396877289, train_acc= 90.81%
INFO - 09/13/26 23:33:22 - 0:08:17 - Epoch 870: val_loss=0.569547712802887, val_acc= 84.57%,val_weighted_f1= 84.64,val_macro_f1= 82.68%
EarlyStopping counter: 3 out of 15
INFO - 09/13/26 23:33:22 - 0:08:17 - Epoch 871: train_loss=0.26324522495269775, train_acc= 91.20%
INFO - 09/13/26 23:33:22 - 0:08:18 - Epoch 872: train_loss=0.2591170072555542, train_acc= 91.38%
INFO - 09/13/26 23:33:22 - 0:08:18 - Epoch 873: train_loss=0.26751402020454407, train_acc= 91.16%
INFO - 09/13/26 23:33:22 - 0:08:18 - Epoch 874: train_loss=0.2563686966896057, train_acc= 91.10%
INFO - 09/13/26 23:33:23 - 0:08:18 - Epoch 875: train_loss=0.263793021440506, train_acc= 91.17%
INFO - 09/13/26 23:33:23 - 0:08:18 - Epoch 875: val_loss=0.5672202110290527, val_acc= 84.57%,val_weighted_f1= 84.61,val_macro_f1= 82.82%
EarlyStopping counter: 4 out of 15
INFO - 09/13/26 23:33:23 - 0:08:19 - Epoch 876: train_loss=0.2647092938423157, train_acc= 90.78%
INFO - 09/13/26 23:33:23 - 0:08:19 - Epoch 877: train_loss=0.2578172981739044, train_acc= 91.35%
INFO - 09/13/26 23:33:23 - 0:08:19 - Epoch 878: train_loss=0.26409995555877686, train_acc= 91.08%
INFO - 09/13/26 23:33:24 - 0:08:19 - Epoch 879: train_loss=0.2582041919231415, train_acc= 91.44%
INFO - 09/13/26 23:33:24 - 0:08:19 - Epoch 880: train_loss=0.24904587864875793, train_acc= 91.61%
INFO - 09/13/26 23:33:24 - 0:08:19 - Epoch 880: val_loss=0.570198655128479, val_acc= 84.40%,val_weighted_f1= 84.44,val_macro_f1= 82.53%
EarlyStopping counter: 5 out of 15
INFO - 09/13/26 23:33:24 - 0:08:20 - Epoch 881: train_loss=0.2605990171432495, train_acc= 91.44%
INFO - 09/13/26 23:33:24 - 0:08:20 - Epoch 882: train_loss=0.25326383113861084, train_acc= 91.40%
INFO - 09/13/26 23:33:24 - 0:08:20 - Epoch 883: train_loss=0.2613722085952759, train_acc= 91.06%
INFO - 09/13/26 23:33:25 - 0:08:20 - Epoch 884: train_loss=0.2549673914909363, train_acc= 91.47%
INFO - 09/13/26 23:33:25 - 0:08:20 - Epoch 885: train_loss=0.26158756017684937, train_acc= 91.06%
INFO - 09/13/26 23:33:25 - 0:08:20 - Epoch 885: val_loss=0.5751119256019592, val_acc= 84.32%,val_weighted_f1= 84.39,val_macro_f1= 82.41%
EarlyStopping counter: 6 out of 15
INFO - 09/13/26 23:33:25 - 0:08:21 - Epoch 886: train_loss=0.25360769033432007, train_acc= 91.50%
INFO - 09/13/26 23:33:25 - 0:08:21 - Epoch 887: train_loss=0.2596215307712555, train_acc= 91.06%
INFO - 09/13/26 23:33:26 - 0:08:21 - Epoch 888: train_loss=0.25827744603157043, train_acc= 91.06%
INFO - 09/13/26 23:33:26 - 0:08:21 - Epoch 889: train_loss=0.2538347542285919, train_acc= 91.80%
INFO - 09/13/26 23:33:26 - 0:08:21 - Epoch 890: train_loss=0.2494644671678543, train_acc= 91.78%
INFO - 09/13/26 23:33:26 - 0:08:22 - Epoch 890: val_loss=0.571616530418396, val_acc= 84.49%,val_weighted_f1= 84.52,val_macro_f1= 82.54%
EarlyStopping counter: 7 out of 15
INFO - 09/13/26 23:33:26 - 0:08:22 - Epoch 891: train_loss=0.2549281418323517, train_acc= 91.41%
INFO - 09/13/26 23:33:26 - 0:08:22 - Epoch 892: train_loss=0.2539648711681366, train_acc= 91.24%
INFO - 09/13/26 23:33:27 - 0:08:22 - Epoch 893: train_loss=0.2522289454936981, train_acc= 91.34%
INFO - 09/13/26 23:33:27 - 0:08:22 - Epoch 894: train_loss=0.2516327500343323, train_acc= 91.74%
INFO - 09/13/26 23:33:27 - 0:08:23 - Epoch 895: train_loss=0.25544440746307373, train_acc= 91.18%
INFO - 09/13/26 23:33:27 - 0:08:23 - Epoch 895: val_loss=0.5693822503089905, val_acc= 84.19%,val_weighted_f1= 84.20,val_macro_f1= 82.35%
EarlyStopping counter: 8 out of 15
INFO - 09/13/26 23:33:27 - 0:08:23 - Epoch 896: train_loss=0.248812735080719, train_acc= 91.53%
INFO - 09/13/26 23:33:28 - 0:08:23 - Epoch 897: train_loss=0.25251102447509766, train_acc= 91.53%
INFO - 09/13/26 23:33:28 - 0:08:23 - Epoch 898: train_loss=0.25012779235839844, train_acc= 91.64%
INFO - 09/13/26 23:33:28 - 0:08:23 - Epoch 899: train_loss=0.25124600529670715, train_acc= 91.44%
INFO - 09/13/26 23:33:28 - 0:08:24 - Epoch 900: train_loss=0.25120043754577637, train_acc= 91.77%
INFO - 09/13/26 23:33:28 - 0:08:24 - Epoch 900: val_loss=0.5757495760917664, val_acc= 84.19%,val_weighted_f1= 84.22,val_macro_f1= 82.14%
EarlyStopping counter: 9 out of 15
INFO - 09/13/26 23:33:28 - 0:08:24 - Epoch 901: train_loss=0.25169631838798523, train_acc= 91.60%
INFO - 09/13/26 23:33:29 - 0:08:24 - Epoch 902: train_loss=0.2585172653198242, train_acc= 91.35%
INFO - 09/13/26 23:33:29 - 0:08:24 - Epoch 903: train_loss=0.24844856560230255, train_acc= 91.53%
INFO - 09/13/26 23:33:29 - 0:08:25 - Epoch 904: train_loss=0.24950546026229858, train_acc= 91.55%
INFO - 09/13/26 23:33:29 - 0:08:25 - Epoch 905: train_loss=0.2500908076763153, train_acc= 91.58%
INFO - 09/13/26 23:33:29 - 0:08:25 - Epoch 905: val_loss=0.5750143527984619, val_acc= 84.23%,val_weighted_f1= 84.25,val_macro_f1= 82.28%
EarlyStopping counter: 10 out of 15
INFO - 09/13/26 23:33:30 - 0:08:25 - Epoch 906: train_loss=0.24910059571266174, train_acc= 91.51%
INFO - 09/13/26 23:33:30 - 0:08:25 - Epoch 907: train_loss=0.25057438015937805, train_acc= 91.88%
INFO - 09/13/26 23:33:30 - 0:08:25 - Epoch 908: train_loss=0.2500912845134735, train_acc= 91.82%
INFO - 09/13/26 23:33:30 - 0:08:26 - Epoch 909: train_loss=0.2511290907859802, train_acc= 91.27%
INFO - 09/13/26 23:33:30 - 0:08:26 - Epoch 910: train_loss=0.2513771057128906, train_acc= 91.48%
INFO - 09/13/26 23:33:30 - 0:08:26 - Epoch 910: val_loss=0.5738999843597412, val_acc= 84.15%,val_weighted_f1= 84.15,val_macro_f1= 82.32%
EarlyStopping counter: 11 out of 15
INFO - 09/13/26 23:33:31 - 0:08:26 - Epoch 911: train_loss=0.25096747279167175, train_acc= 91.54%
INFO - 09/13/26 23:33:31 - 0:08:26 - Epoch 912: train_loss=0.2476407289505005, train_acc= 91.70%
INFO - 09/13/26 23:33:31 - 0:08:26 - Epoch 913: train_loss=0.24525992572307587, train_acc= 91.63%
INFO - 09/13/26 23:33:31 - 0:08:27 - Epoch 914: train_loss=0.25010719895362854, train_acc= 91.71%
INFO - 09/13/26 23:33:31 - 0:08:27 - Epoch 915: train_loss=0.24333980679512024, train_acc= 91.71%
INFO - 09/13/26 23:33:31 - 0:08:27 - Epoch 915: val_loss=0.5727808475494385, val_acc= 84.19%,val_weighted_f1= 84.18,val_macro_f1= 82.27%
EarlyStopping counter: 12 out of 15
INFO - 09/13/26 23:33:32 - 0:08:27 - Epoch 916: train_loss=0.24490702152252197, train_acc= 91.68%
INFO - 09/13/26 23:33:32 - 0:08:27 - Epoch 917: train_loss=0.2413494884967804, train_acc= 91.82%
INFO - 09/13/26 23:33:32 - 0:08:28 - Epoch 918: train_loss=0.2409704029560089, train_acc= 91.70%
INFO - 09/13/26 23:33:32 - 0:08:28 - Epoch 919: train_loss=0.24570438265800476, train_acc= 91.61%
INFO - 09/13/26 23:33:32 - 0:08:28 - Epoch 920: train_loss=0.24823002517223358, train_acc= 91.54%
INFO - 09/13/26 23:33:33 - 0:08:28 - Epoch 920: val_loss=0.5751538276672363, val_acc= 84.40%,val_weighted_f1= 84.44,val_macro_f1= 82.48%
EarlyStopping counter: 13 out of 15
INFO - 09/13/26 23:33:33 - 0:08:28 - Epoch 921: train_loss=0.2397819310426712, train_acc= 92.02%
INFO - 09/13/26 23:33:33 - 0:08:28 - Epoch 922: train_loss=0.2479584515094757, train_acc= 91.57%
INFO - 09/13/26 23:33:33 - 0:08:29 - Epoch 923: train_loss=0.2443501204252243, train_acc= 91.64%
INFO - 09/13/26 23:33:33 - 0:08:29 - Epoch 924: train_loss=0.2451673299074173, train_acc= 91.34%
INFO - 09/13/26 23:33:34 - 0:08:29 - Epoch 925: train_loss=0.2435922920703888, train_acc= 91.44%
INFO - 09/13/26 23:33:34 - 0:08:29 - Epoch 925: val_loss=0.5871308445930481, val_acc= 83.93%,val_weighted_f1= 84.00,val_macro_f1= 82.01%
EarlyStopping counter: 14 out of 15
INFO - 09/13/26 23:33:34 - 0:08:29 - Epoch 926: train_loss=0.2421342134475708, train_acc= 91.85%
INFO - 09/13/26 23:33:34 - 0:08:29 - Epoch 927: train_loss=0.2416900098323822, train_acc= 91.82%
INFO - 09/13/26 23:33:34 - 0:08:30 - Epoch 928: train_loss=0.2385643720626831, train_acc= 91.78%
INFO - 09/13/26 23:33:34 - 0:08:30 - Epoch 929: train_loss=0.24381957948207855, train_acc= 91.53%
INFO - 09/13/26 23:33:35 - 0:08:30 - Epoch 930: train_loss=0.24594715237617493, train_acc= 91.64%
INFO - 09/13/26 23:33:35 - 0:08:30 - Epoch 930: val_loss=0.588502824306488, val_acc= 83.93%,val_weighted_f1= 84.02,val_macro_f1= 82.06%
EarlyStopping counter: 15 out of 15
---------Early stopping--------
INFO - 09/13/26 23:33:35 - 0:08:30 - --------------Testing--------------------
INFO - 09/13/26 23:33:35 - 0:08:30 - --------------Loading from ./checkpoints/NC_WikiCS_model.pt--------------------
INFO - 09/13/26 23:33:35 - 0:08:30 - test_acc= 85.73%, weighted_f1= 85.72,macro_f1= 83.85%
INFO - 09/13/26 23:33:35 - 0:08:30 - test_acc= 85.73%, weighted_f1= 85.72,macro_f1= 83.85%
INFO - 09/13/26 23:33:35 - 0:08:30 - Epoch 0: train_loss=2.2289633750915527, train_acc= 15.88%
INFO - 09/13/26 23:33:35 - 0:08:31 - Epoch 0: val_loss=2.1553821563720703, val_acc= 19.27%,val_weighted_f1= 6.64,val_macro_f1= 3.49%
INFO - 09/13/26 23:33:35 - 0:08:31 - Epoch 1: train_loss=2.1731655597686768, train_acc= 17.62%
INFO - 09/13/26 23:33:36 - 0:08:31 - Epoch 2: train_loss=2.131619930267334, train_acc= 18.50%
INFO - 09/13/26 23:33:36 - 0:08:31 - Epoch 3: train_loss=2.1035120487213135, train_acc= 19.93%
INFO - 09/13/26 23:33:36 - 0:08:31 - Epoch 4: train_loss=2.0813212394714355, train_acc= 23.03%
INFO - 09/13/26 23:33:36 - 0:08:32 - Epoch 5: train_loss=2.0619442462921143, train_acc= 25.04%
INFO - 09/13/26 23:33:36 - 0:08:32 - Epoch 5: val_loss=2.0339832305908203, val_acc= 24.44%,val_weighted_f1= 12.66,val_macro_f1= 6.11%
INFO - 09/13/26 23:33:36 - 0:08:32 - Epoch 6: train_loss=2.0514628887176514, train_acc= 25.85%
INFO - 09/13/26 23:33:37 - 0:08:32 - Epoch 7: train_loss=2.036895513534546, train_acc= 28.02%
INFO - 09/13/26 23:33:37 - 0:08:32 - Epoch 8: train_loss=2.029754400253296, train_acc= 27.80%
INFO - 09/13/26 23:33:37 - 0:08:32 - Epoch 9: train_loss=2.014986276626587, train_acc= 29.43%
INFO - 09/13/26 23:33:37 - 0:08:33 - Epoch 10: train_loss=2.0048091411590576, train_acc= 30.27%
INFO - 09/13/26 23:33:37 - 0:08:33 - Epoch 10: val_loss=1.9805630445480347, val_acc= 30.51%,val_weighted_f1= 19.89,val_macro_f1= 9.87%
INFO - 09/13/26 23:33:37 - 0:08:33 - Epoch 11: train_loss=1.9911608695983887, train_acc= 31.56%
INFO - 09/13/26 23:33:38 - 0:08:33 - Epoch 12: train_loss=1.981818675994873, train_acc= 32.32%
INFO - 09/13/26 23:33:38 - 0:08:33 - Epoch 13: train_loss=1.9721060991287231, train_acc= 33.29%
INFO - 09/13/26 23:33:38 - 0:08:34 - Epoch 14: train_loss=1.9612969160079956, train_acc= 33.63%
INFO - 09/13/26 23:33:38 - 0:08:34 - Epoch 15: train_loss=1.9509059190750122, train_acc= 34.74%
INFO - 09/13/26 23:33:38 - 0:08:34 - Epoch 15: val_loss=1.9226821660995483, val_acc= 34.36%,val_weighted_f1= 25.39,val_macro_f1= 13.14%
INFO - 09/13/26 23:33:39 - 0:08:34 - Epoch 16: train_loss=1.9355838298797607, train_acc= 35.00%
INFO - 09/13/26 23:33:39 - 0:08:34 - Epoch 17: train_loss=1.9280695915222168, train_acc= 35.25%
INFO - 09/13/26 23:33:39 - 0:08:34 - Epoch 18: train_loss=1.9129199981689453, train_acc= 36.05%
INFO - 09/13/26 23:33:39 - 0:08:35 - Epoch 19: train_loss=1.9063318967819214, train_acc= 36.08%
INFO - 09/13/26 23:33:39 - 0:08:35 - Epoch 20: train_loss=1.8914039134979248, train_acc= 37.42%
INFO - 09/13/26 23:33:39 - 0:08:35 - Epoch 20: val_loss=1.8625352382659912, val_acc= 38.03%,val_weighted_f1= 29.70,val_macro_f1= 15.87%
INFO - 09/13/26 23:33:40 - 0:08:35 - Epoch 21: train_loss=1.8781005144119263, train_acc= 37.97%
INFO - 09/13/26 23:33:40 - 0:08:35 - Epoch 22: train_loss=1.8674794435501099, train_acc= 38.53%
INFO - 09/13/26 23:33:40 - 0:08:35 - Epoch 23: train_loss=1.8557521104812622, train_acc= 39.54%
INFO - 09/13/26 23:33:40 - 0:08:36 - Epoch 24: train_loss=1.8460862636566162, train_acc= 40.05%
INFO - 09/13/26 23:33:40 - 0:08:36 - Epoch 25: train_loss=1.8323334455490112, train_acc= 40.41%
INFO - 09/13/26 23:33:40 - 0:08:36 - Epoch 25: val_loss=1.7995738983154297, val_acc= 42.44%,val_weighted_f1= 34.32,val_macro_f1= 18.84%
INFO - 09/13/26 23:33:41 - 0:08:36 - Epoch 26: train_loss=1.8238320350646973, train_acc= 40.82%
INFO - 09/13/26 23:33:41 - 0:08:36 - Epoch 27: train_loss=1.8072164058685303, train_acc= 41.90%
INFO - 09/13/26 23:33:41 - 0:08:37 - Epoch 28: train_loss=1.7987229824066162, train_acc= 43.07%
INFO - 09/13/26 23:33:41 - 0:08:37 - Epoch 29: train_loss=1.7855021953582764, train_acc= 44.22%
INFO - 09/13/26 23:33:41 - 0:08:37 - Epoch 30: train_loss=1.7681180238723755, train_acc= 45.24%
INFO - 09/13/26 23:33:42 - 0:08:37 - Epoch 30: val_loss=1.73079252243042, val_acc= 47.18%,val_weighted_f1= 39.17,val_macro_f1= 22.15%
INFO - 09/13/26 23:33:42 - 0:08:37 - Epoch 31: train_loss=1.7559001445770264, train_acc= 45.86%
INFO - 09/13/26 23:33:42 - 0:08:37 - Epoch 32: train_loss=1.7400087118148804, train_acc= 47.39%
INFO - 09/13/26 23:33:42 - 0:08:38 - Epoch 33: train_loss=1.7276251316070557, train_acc= 47.30%
INFO - 09/13/26 23:33:42 - 0:08:38 - Epoch 34: train_loss=1.7134815454483032, train_acc= 48.11%
INFO - 09/13/26 23:33:43 - 0:08:38 - Epoch 35: train_loss=1.696535348892212, train_acc= 49.02%
INFO - 09/13/26 23:33:43 - 0:08:38 - Epoch 35: val_loss=1.6566848754882812, val_acc= 51.20%,val_weighted_f1= 42.72,val_macro_f1= 24.45%
INFO - 09/13/26 23:33:43 - 0:08:38 - Epoch 36: train_loss=1.6870992183685303, train_acc= 49.41%
INFO - 09/13/26 23:33:43 - 0:08:38 - Epoch 37: train_loss=1.6686123609542847, train_acc= 50.28%
INFO - 09/13/26 23:33:43 - 0:08:39 - Epoch 38: train_loss=1.6527626514434814, train_acc= 50.83%
INFO - 09/13/26 23:33:43 - 0:08:39 - Epoch 39: train_loss=1.640275239944458, train_acc= 50.89%
INFO - 09/13/26 23:33:44 - 0:08:39 - Epoch 40: train_loss=1.6237515211105347, train_acc= 51.90%
INFO - 09/13/26 23:33:44 - 0:08:39 - Epoch 40: val_loss=1.575103759765625, val_acc= 53.12%,val_weighted_f1= 44.25,val_macro_f1= 25.43%
INFO - 09/13/26 23:33:44 - 0:08:39 - Epoch 41: train_loss=1.609381914138794, train_acc= 52.21%
INFO - 09/13/26 23:33:44 - 0:08:40 - Epoch 42: train_loss=1.5903209447860718, train_acc= 52.16%
INFO - 09/13/26 23:33:44 - 0:08:40 - Epoch 43: train_loss=1.57621169090271, train_acc= 52.88%
INFO - 09/13/26 23:33:44 - 0:08:40 - Epoch 44: train_loss=1.5586302280426025, train_acc= 52.70%
INFO - 09/13/26 23:33:45 - 0:08:40 - Epoch 45: train_loss=1.5390836000442505, train_acc= 53.54%
INFO - 09/13/26 23:33:45 - 0:08:40 - Epoch 45: val_loss=1.486678957939148, val_acc= 53.72%,val_weighted_f1= 44.72,val_macro_f1= 25.80%
INFO - 09/13/26 23:33:45 - 0:08:40 - Epoch 46: train_loss=1.5209580659866333, train_acc= 53.48%
INFO - 09/13/26 23:33:45 - 0:08:41 - Epoch 47: train_loss=1.5070637464523315, train_acc= 54.05%
INFO - 09/13/26 23:33:45 - 0:08:41 - Epoch 48: train_loss=1.4865270853042603, train_acc= 54.84%
INFO - 09/13/26 23:33:46 - 0:08:41 - Epoch 49: train_loss=1.47039794921875, train_acc= 54.84%
INFO - 09/13/26 23:33:46 - 0:08:41 - Epoch 50: train_loss=1.4586610794067383, train_acc= 54.85%
INFO - 09/13/26 23:33:46 - 0:08:41 - Epoch 50: val_loss=1.394973635673523, val_acc= 55.51%,val_weighted_f1= 46.78,val_macro_f1= 27.73%
INFO - 09/13/26 23:33:46 - 0:08:42 - Epoch 51: train_loss=1.438382863998413, train_acc= 55.05%
INFO - 09/13/26 23:33:46 - 0:08:42 - Epoch 52: train_loss=1.4193838834762573, train_acc= 55.79%
INFO - 09/13/26 23:33:46 - 0:08:42 - Epoch 53: train_loss=1.408217430114746, train_acc= 55.80%
INFO - 09/13/26 23:33:47 - 0:08:42 - Epoch 54: train_loss=1.389020562171936, train_acc= 55.85%
INFO - 09/13/26 23:33:47 - 0:08:42 - Epoch 55: train_loss=1.3640624284744263, train_acc= 56.99%
INFO - 09/13/26 23:33:47 - 0:08:42 - Epoch 55: val_loss=1.306084394454956, val_acc= 56.67%,val_weighted_f1= 48.19,val_macro_f1= 29.10%
INFO - 09/13/26 23:33:47 - 0:08:43 - Epoch 56: train_loss=1.3527851104736328, train_acc= 57.11%
INFO - 09/13/26 23:33:47 - 0:08:43 - Epoch 57: train_loss=1.340703010559082, train_acc= 57.71%
INFO - 09/13/26 23:33:48 - 0:08:43 - Epoch 58: train_loss=1.3185123205184937, train_acc= 57.67%
INFO - 09/13/26 23:33:48 - 0:08:43 - Epoch 59: train_loss=1.3055965900421143, train_acc= 57.93%
INFO - 09/13/26 23:33:48 - 0:08:43 - Epoch 60: train_loss=1.2909377813339233, train_acc= 58.37%
INFO - 09/13/26 23:33:48 - 0:08:43 - Epoch 60: val_loss=1.2224252223968506, val_acc= 58.46%,val_weighted_f1= 50.76,val_macro_f1= 32.11%
INFO - 09/13/26 23:33:48 - 0:08:44 - Epoch 61: train_loss=1.268968105316162, train_acc= 59.29%
INFO - 09/13/26 23:33:48 - 0:08:44 - Epoch 62: train_loss=1.260858416557312, train_acc= 59.18%
INFO - 09/13/26 23:33:49 - 0:08:44 - Epoch 63: train_loss=1.245653748512268, train_acc= 59.99%
INFO - 09/13/26 23:33:49 - 0:08:44 - Epoch 64: train_loss=1.2298736572265625, train_acc= 60.53%
INFO - 09/13/26 23:33:49 - 0:08:44 - Epoch 65: train_loss=1.2140004634857178, train_acc= 60.42%
INFO - 09/13/26 23:33:49 - 0:08:45 - Epoch 65: val_loss=1.1465740203857422, val_acc= 61.24%,val_weighted_f1= 54.69,val_macro_f1= 36.81%
INFO - 09/13/26 23:33:49 - 0:08:45 - Epoch 66: train_loss=1.1997615098953247, train_acc= 60.80%
INFO - 09/13/26 23:33:49 - 0:08:45 - Epoch 67: train_loss=1.1824535131454468, train_acc= 61.47%
INFO - 09/13/26 23:33:50 - 0:08:45 - Epoch 68: train_loss=1.174604892730713, train_acc= 61.70%
INFO - 09/13/26 23:33:50 - 0:08:45 - Epoch 69: train_loss=1.1634771823883057, train_acc= 62.40%
INFO - 09/13/26 23:33:50 - 0:08:46 - Epoch 70: train_loss=1.149741530418396, train_acc= 62.48%
INFO - 09/13/26 23:33:50 - 0:08:46 - Epoch 70: val_loss=1.0777709484100342, val_acc= 62.65%,val_weighted_f1= 56.82,val_macro_f1= 39.41%
INFO - 09/13/26 23:33:50 - 0:08:46 - Epoch 71: train_loss=1.1401209831237793, train_acc= 63.11%
INFO - 09/13/26 23:33:51 - 0:08:46 - Epoch 72: train_loss=1.1229933500289917, train_acc= 63.40%
INFO - 09/13/26 23:33:51 - 0:08:46 - Epoch 73: train_loss=1.1159783601760864, train_acc= 63.75%
INFO - 09/13/26 23:33:51 - 0:08:46 - Epoch 74: train_loss=1.1042098999023438, train_acc= 64.02%
INFO - 09/13/26 23:33:51 - 0:08:47 - Epoch 75: train_loss=1.0877974033355713, train_acc= 64.36%
INFO - 09/13/26 23:33:51 - 0:08:47 - Epoch 75: val_loss=1.0171607732772827, val_acc= 65.00%,val_weighted_f1= 60.46,val_macro_f1= 44.63%
INFO - 09/13/26 23:33:51 - 0:08:47 - Epoch 76: train_loss=1.0781474113464355, train_acc= 65.06%
INFO - 09/13/26 23:33:52 - 0:08:47 - Epoch 77: train_loss=1.068163275718689, train_acc= 64.66%
INFO - 09/13/26 23:33:52 - 0:08:47 - Epoch 78: train_loss=1.0525670051574707, train_acc= 65.95%
INFO - 09/13/26 23:33:52 - 0:08:48 - Epoch 79: train_loss=1.0457048416137695, train_acc= 66.19%
INFO - 09/13/26 23:33:52 - 0:08:48 - Epoch 80: train_loss=1.0366299152374268, train_acc= 66.22%
INFO - 09/13/26 23:33:52 - 0:08:48 - Epoch 80: val_loss=0.9619916677474976, val_acc= 67.56%,val_weighted_f1= 64.17,val_macro_f1= 50.47%
INFO - 09/13/26 23:33:52 - 0:08:48 - Epoch 81: train_loss=1.0229276418685913, train_acc= 66.77%
INFO - 09/13/26 23:33:53 - 0:08:48 - Epoch 82: train_loss=1.0116877555847168, train_acc= 66.71%
INFO - 09/13/26 23:33:53 - 0:08:48 - Epoch 83: train_loss=1.0042927265167236, train_acc= 67.11%
INFO - 09/13/26 23:33:53 - 0:08:49 - Epoch 84: train_loss=0.9980043768882751, train_acc= 67.41%
INFO - 09/13/26 23:33:53 - 0:08:49 - Epoch 85: train_loss=0.9840509295463562, train_acc= 67.92%
INFO - 09/13/26 23:33:53 - 0:08:49 - Epoch 85: val_loss=0.9134329557418823, val_acc= 68.89%,val_weighted_f1= 65.95,val_macro_f1= 52.56%
INFO - 09/13/26 23:33:54 - 0:08:49 - Epoch 86: train_loss=0.9784517884254456, train_acc= 68.00%
INFO - 09/13/26 23:33:54 - 0:08:49 - Epoch 87: train_loss=0.9664888381958008, train_acc= 68.39%
INFO - 09/13/26 23:33:54 - 0:08:50 - Epoch 88: train_loss=0.9593371748924255, train_acc= 68.44%
INFO - 09/13/26 23:33:54 - 0:08:50 - Epoch 89: train_loss=0.9479549527168274, train_acc= 69.12%
INFO - 09/13/26 23:33:54 - 0:08:50 - Epoch 90: train_loss=0.9432063698768616, train_acc= 69.59%
INFO - 09/13/26 23:33:54 - 0:08:50 - Epoch 90: val_loss=0.8692598938941956, val_acc= 70.81%,val_weighted_f1= 68.60,val_macro_f1= 56.46%
INFO - 09/13/26 23:33:55 - 0:08:50 - Epoch 91: train_loss=0.9209293127059937, train_acc= 70.13%
INFO - 09/13/26 23:33:55 - 0:08:50 - Epoch 92: train_loss=0.9233123064041138, train_acc= 69.53%
INFO - 09/13/26 23:33:55 - 0:08:51 - Epoch 93: train_loss=0.9135745167732239, train_acc= 70.49%
INFO - 09/13/26 23:33:55 - 0:08:51 - Epoch 94: train_loss=0.9054132103919983, train_acc= 70.67%
INFO - 09/13/26 23:33:55 - 0:08:51 - Epoch 95: train_loss=0.9027294516563416, train_acc= 70.20%
INFO - 09/13/26 23:33:56 - 0:08:51 - Epoch 95: val_loss=0.8302739858627319, val_acc= 72.39%,val_weighted_f1= 70.63,val_macro_f1= 61.08%
INFO - 09/13/26 23:33:56 - 0:08:51 - Epoch 96: train_loss=0.895633339881897, train_acc= 70.93%
INFO - 09/13/26 23:33:56 - 0:08:52 - Epoch 97: train_loss=0.8859319686889648, train_acc= 71.83%
INFO - 09/13/26 23:33:56 - 0:08:52 - Epoch 98: train_loss=0.8828792572021484, train_acc= 71.19%
INFO - 09/13/26 23:33:56 - 0:08:52 - Epoch 99: train_loss=0.8690529465675354, train_acc= 71.88%
INFO - 09/13/26 23:33:57 - 0:08:52 - Epoch 100: train_loss=0.862241804599762, train_acc= 72.54%
INFO - 09/13/26 23:33:57 - 0:08:52 - Epoch 100: val_loss=0.7951745986938477, val_acc= 74.32%,val_weighted_f1= 73.17,val_macro_f1= 65.88%
INFO - 09/13/26 23:33:57 - 0:08:52 - Epoch 101: train_loss=0.853190541267395, train_acc= 72.50%
INFO - 09/13/26 23:33:57 - 0:08:53 - Epoch 102: train_loss=0.8478482365608215, train_acc= 73.01%
INFO - 09/13/26 23:33:57 - 0:08:53 - Epoch 103: train_loss=0.8414152264595032, train_acc= 72.82%
INFO - 09/13/26 23:33:57 - 0:08:53 - Epoch 104: train_loss=0.8396865725517273, train_acc= 72.77%
INFO - 09/13/26 23:33:58 - 0:08:53 - Epoch 105: train_loss=0.8268048763275146, train_acc= 73.52%
INFO - 09/13/26 23:33:58 - 0:08:53 - Epoch 105: val_loss=0.7651676535606384, val_acc= 75.13%,val_weighted_f1= 74.18,val_macro_f1= 68.22%
INFO - 09/13/26 23:33:58 - 0:08:53 - Epoch 106: train_loss=0.8262262344360352, train_acc= 72.90%
INFO - 09/13/26 23:33:58 - 0:08:54 - Epoch 107: train_loss=0.8197479844093323, train_acc= 73.41%
INFO - 09/13/26 23:33:58 - 0:08:54 - Epoch 108: train_loss=0.8117977976799011, train_acc= 74.45%
INFO - 09/13/26 23:33:58 - 0:08:54 - Epoch 109: train_loss=0.8136400580406189, train_acc= 74.52%
INFO - 09/13/26 23:33:59 - 0:08:54 - Epoch 110: train_loss=0.810633659362793, train_acc= 73.95%
INFO - 09/13/26 23:33:59 - 0:08:54 - Epoch 110: val_loss=0.7347093224525452, val_acc= 76.15%,val_weighted_f1= 75.52,val_macro_f1= 71.19%
INFO - 09/13/26 23:33:59 - 0:08:55 - Epoch 111: train_loss=0.7969086170196533, train_acc= 74.63%
INFO - 09/13/26 23:33:59 - 0:08:55 - Epoch 112: train_loss=0.786161482334137, train_acc= 74.59%
INFO - 09/13/26 23:33:59 - 0:08:55 - Epoch 113: train_loss=0.7857092618942261, train_acc= 74.82%
INFO - 09/13/26 23:34:00 - 0:08:55 - Epoch 114: train_loss=0.7830640077590942, train_acc= 74.45%
INFO - 09/13/26 23:34:00 - 0:08:55 - Epoch 115: train_loss=0.7773016691207886, train_acc= 75.03%
INFO - 09/13/26 23:34:00 - 0:08:55 - Epoch 115: val_loss=0.7150511145591736, val_acc= 76.62%,val_weighted_f1= 76.10,val_macro_f1= 72.21%
INFO - 09/13/26 23:34:00 - 0:08:56 - Epoch 116: train_loss=0.7719932198524475, train_acc= 75.16%
INFO - 09/13/26 23:34:00 - 0:08:56 - Epoch 117: train_loss=0.7599228620529175, train_acc= 75.99%
INFO - 09/13/26 23:34:00 - 0:08:56 - Epoch 118: train_loss=0.7615818977355957, train_acc= 75.40%
INFO - 09/13/26 23:34:01 - 0:08:56 - Epoch 119: train_loss=0.7555763721466064, train_acc= 75.72%
INFO - 09/13/26 23:34:01 - 0:08:56 - Epoch 120: train_loss=0.7542701363563538, train_acc= 75.94%
INFO - 09/13/26 23:34:01 - 0:08:56 - Epoch 120: val_loss=0.6976529955863953, val_acc= 77.22%,val_weighted_f1= 76.81,val_macro_f1= 73.01%
INFO - 09/13/26 23:34:01 - 0:08:57 - Epoch 121: train_loss=0.7497063279151917, train_acc= 76.39%
INFO - 09/13/26 23:34:01 - 0:08:57 - Epoch 122: train_loss=0.7380997538566589, train_acc= 76.48%
INFO - 09/13/26 23:34:01 - 0:08:57 - Epoch 123: train_loss=0.743813693523407, train_acc= 76.60%
INFO - 09/13/26 23:34:02 - 0:08:57 - Epoch 124: train_loss=0.7342424392700195, train_acc= 76.88%
INFO - 09/13/26 23:34:02 - 0:08:57 - Epoch 125: train_loss=0.7294500470161438, train_acc= 76.66%
INFO - 09/13/26 23:34:02 - 0:08:58 - Epoch 125: val_loss=0.6763041019439697, val_acc= 78.25%,val_weighted_f1= 77.92,val_macro_f1= 74.58%
INFO - 09/13/26 23:34:02 - 0:08:58 - Epoch 126: train_loss=0.7283605933189392, train_acc= 76.54%
INFO - 09/13/26 23:34:02 - 0:08:58 - Epoch 127: train_loss=0.7308015823364258, train_acc= 76.61%
INFO - 09/13/26 23:34:03 - 0:08:58 - Epoch 128: train_loss=0.7190881371498108, train_acc= 76.77%
INFO - 09/13/26 23:34:03 - 0:08:58 - Epoch 129: train_loss=0.7202452421188354, train_acc= 76.98%
INFO - 09/13/26 23:34:03 - 0:08:59 - Epoch 130: train_loss=0.7139362692832947, train_acc= 77.47%
INFO - 09/13/26 23:34:03 - 0:08:59 - Epoch 130: val_loss=0.6595791578292847, val_acc= 78.59%,val_weighted_f1= 78.33,val_macro_f1= 74.99%
INFO - 09/13/26 23:34:03 - 0:08:59 - Epoch 131: train_loss=0.7106627821922302, train_acc= 77.33%
INFO - 09/13/26 23:34:03 - 0:08:59 - Epoch 132: train_loss=0.7123835682868958, train_acc= 76.88%
INFO - 09/13/26 23:34:04 - 0:08:59 - Epoch 133: train_loss=0.7050971984863281, train_acc= 77.23%
INFO - 09/13/26 23:34:04 - 0:08:59 - Epoch 134: train_loss=0.7004339694976807, train_acc= 78.04%
INFO - 09/13/26 23:34:04 - 0:09:00 - Epoch 135: train_loss=0.7003340721130371, train_acc= 77.48%
INFO - 09/13/26 23:34:04 - 0:09:00 - Epoch 135: val_loss=0.6479582786560059, val_acc= 78.93%,val_weighted_f1= 78.69,val_macro_f1= 75.50%
INFO - 09/13/26 23:34:04 - 0:09:00 - Epoch 136: train_loss=0.6896341443061829, train_acc= 78.11%
INFO - 09/13/26 23:34:05 - 0:09:00 - Epoch 137: train_loss=0.6911163926124573, train_acc= 77.61%
INFO - 09/13/26 23:34:05 - 0:09:00 - Epoch 138: train_loss=0.6914534568786621, train_acc= 77.89%
INFO - 09/13/26 23:34:05 - 0:09:00 - Epoch 139: train_loss=0.6901053190231323, train_acc= 77.72%
INFO - 09/13/26 23:34:05 - 0:09:01 - Epoch 140: train_loss=0.6813583970069885, train_acc= 78.38%
INFO - 09/13/26 23:34:05 - 0:09:01 - Epoch 140: val_loss=0.6362773776054382, val_acc= 78.93%,val_weighted_f1= 78.73,val_macro_f1= 75.60%
INFO - 09/13/26 23:34:05 - 0:09:01 - Epoch 141: train_loss=0.6806603074073792, train_acc= 78.34%
INFO - 09/13/26 23:34:06 - 0:09:01 - Epoch 142: train_loss=0.6766768097877502, train_acc= 78.36%
INFO - 09/13/26 23:34:06 - 0:09:01 - Epoch 143: train_loss=0.6729679107666016, train_acc= 78.21%
INFO - 09/13/26 23:34:06 - 0:09:02 - Epoch 144: train_loss=0.6671757698059082, train_acc= 78.48%
INFO - 09/13/26 23:34:06 - 0:09:02 - Epoch 145: train_loss=0.6729628443717957, train_acc= 78.18%
INFO - 09/13/26 23:34:06 - 0:09:02 - Epoch 145: val_loss=0.6248121857643127, val_acc= 79.66%,val_weighted_f1= 79.45,val_macro_f1= 76.50%
INFO - 09/13/26 23:34:06 - 0:09:02 - Epoch 146: train_loss=0.6648731827735901, train_acc= 78.31%
INFO - 09/13/26 23:34:07 - 0:09:02 - Epoch 147: train_loss=0.6587392091751099, train_acc= 78.81%
INFO - 09/13/26 23:34:07 - 0:09:02 - Epoch 148: train_loss=0.6558560132980347, train_acc= 78.72%
INFO - 09/13/26 23:34:07 - 0:09:03 - Epoch 149: train_loss=0.6603861451148987, train_acc= 78.46%
INFO - 09/13/26 23:34:07 - 0:09:03 - Epoch 150: train_loss=0.6559310555458069, train_acc= 78.91%
INFO - 09/13/26 23:34:07 - 0:09:03 - Epoch 150: val_loss=0.6152568459510803, val_acc= 79.44%,val_weighted_f1= 79.27,val_macro_f1= 76.05%
EarlyStopping counter: 1 out of 15
INFO - 09/13/26 23:34:08 - 0:09:03 - Epoch 151: train_loss=0.6522819399833679, train_acc= 78.96%
INFO - 09/13/26 23:34:08 - 0:09:03 - Epoch 152: train_loss=0.6493127346038818, train_acc= 79.02%
INFO - 09/13/26 23:34:08 - 0:09:04 - Epoch 153: train_loss=0.6406870484352112, train_acc= 79.23%
INFO - 09/13/26 23:34:08 - 0:09:04 - Epoch 154: train_loss=0.6408001184463501, train_acc= 79.38%
INFO - 09/13/26 23:34:08 - 0:09:04 - Epoch 155: train_loss=0.643500566482544, train_acc= 79.30%
INFO - 09/13/26 23:34:08 - 0:09:04 - Epoch 155: val_loss=0.6099680066108704, val_acc= 80.09%,val_weighted_f1= 79.89,val_macro_f1= 77.03%
INFO - 09/13/26 23:34:09 - 0:09:04 - Epoch 156: train_loss=0.6420500874519348, train_acc= 79.22%
INFO - 09/13/26 23:34:09 - 0:09:04 - Epoch 157: train_loss=0.6406490206718445, train_acc= 79.06%
INFO - 09/13/26 23:34:09 - 0:09:05 - Epoch 158: train_loss=0.6417162418365479, train_acc= 79.06%
INFO - 09/13/26 23:34:09 - 0:09:05 - Epoch 159: train_loss=0.6384629607200623, train_acc= 78.98%
INFO - 09/13/26 23:34:09 - 0:09:05 - Epoch 160: train_loss=0.6374058127403259, train_acc= 79.52%
INFO - 09/13/26 23:34:09 - 0:09:05 - Epoch 160: val_loss=0.5993089079856873, val_acc= 80.34%,val_weighted_f1= 80.17,val_macro_f1= 77.47%
INFO - 09/13/26 23:34:10 - 0:09:05 - Epoch 161: train_loss=0.6314797401428223, train_acc= 79.58%
INFO - 09/13/26 23:34:10 - 0:09:05 - Epoch 162: train_loss=0.6211149096488953, train_acc= 79.85%
INFO - 09/13/26 23:34:10 - 0:09:06 - Epoch 163: train_loss=0.6207387447357178, train_acc= 79.23%
INFO - 09/13/26 23:34:10 - 0:09:06 - Epoch 164: train_loss=0.6230449080467224, train_acc= 79.59%
INFO - 09/13/26 23:34:10 - 0:09:06 - Epoch 165: train_loss=0.6200664043426514, train_acc= 79.72%
INFO - 09/13/26 23:34:11 - 0:09:06 - Epoch 165: val_loss=0.5950343012809753, val_acc= 80.81%,val_weighted_f1= 80.64,val_macro_f1= 78.01%
INFO - 09/13/26 23:34:11 - 0:09:06 - Epoch 166: train_loss=0.617781400680542, train_acc= 80.17%
INFO - 09/13/26 23:34:11 - 0:09:07 - Epoch 167: train_loss=0.6152636408805847, train_acc= 80.32%
INFO - 09/13/26 23:34:11 - 0:09:07 - Epoch 168: train_loss=0.6188132762908936, train_acc= 79.56%
INFO - 09/13/26 23:34:11 - 0:09:07 - Epoch 169: train_loss=0.6122462749481201, train_acc= 80.03%
INFO - 09/13/26 23:34:12 - 0:09:07 - Epoch 170: train_loss=0.6119440197944641, train_acc= 80.15%
INFO - 09/13/26 23:34:12 - 0:09:07 - Epoch 170: val_loss=0.5901050567626953, val_acc= 80.73%,val_weighted_f1= 80.60,val_macro_f1= 78.11%
EarlyStopping counter: 1 out of 15
INFO - 09/13/26 23:34:12 - 0:09:07 - Epoch 171: train_loss=0.6113273501396179, train_acc= 80.02%
INFO - 09/13/26 23:34:12 - 0:09:08 - Epoch 172: train_loss=0.6052718162536621, train_acc= 80.09%
INFO - 09/13/26 23:34:12 - 0:09:08 - Epoch 173: train_loss=0.6078858971595764, train_acc= 79.73%
INFO - 09/13/26 23:34:12 - 0:09:08 - Epoch 174: train_loss=0.6084347367286682, train_acc= 80.07%
INFO - 09/13/26 23:34:13 - 0:09:08 - Epoch 175: train_loss=0.6024752855300903, train_acc= 80.69%
INFO - 09/13/26 23:34:13 - 0:09:08 - Epoch 175: val_loss=0.5838660597801208, val_acc= 81.28%,val_weighted_f1= 81.14,val_macro_f1= 78.68%
INFO - 09/13/26 23:34:13 - 0:09:09 - Epoch 176: train_loss=0.6088112592697144, train_acc= 80.49%
INFO - 09/13/26 23:34:13 - 0:09:09 - Epoch 177: train_loss=0.6028361916542053, train_acc= 80.53%
INFO - 09/13/26 23:34:13 - 0:09:09 - Epoch 178: train_loss=0.6008009314537048, train_acc= 80.64%
INFO - 09/13/26 23:34:14 - 0:09:09 - Epoch 179: train_loss=0.5960606336593628, train_acc= 80.44%
INFO - 09/13/26 23:34:14 - 0:09:09 - Epoch 180: train_loss=0.5978422164916992, train_acc= 80.63%
INFO - 09/13/26 23:34:14 - 0:09:09 - Epoch 180: val_loss=0.5727184414863586, val_acc= 81.24%,val_weighted_f1= 81.12,val_macro_f1= 78.75%
EarlyStopping counter: 1 out of 15
INFO - 09/13/26 23:34:14 - 0:09:10 - Epoch 181: train_loss=0.5954862236976624, train_acc= 80.64%
INFO - 09/13/26 23:34:14 - 0:09:10 - Epoch 182: train_loss=0.5830413103103638, train_acc= 81.23%
INFO - 09/13/26 23:34:14 - 0:09:10 - Epoch 183: train_loss=0.5949303507804871, train_acc= 80.59%
INFO - 09/13/26 23:34:15 - 0:09:10 - Epoch 184: train_loss=0.5924885869026184, train_acc= 80.99%
INFO - 09/13/26 23:34:15 - 0:09:10 - Epoch 185: train_loss=0.5885499715805054, train_acc= 80.86%
INFO - 09/13/26 23:34:15 - 0:09:10 - Epoch 185: val_loss=0.5679475665092468, val_acc= 81.28%,val_weighted_f1= 81.17,val_macro_f1= 79.03%
INFO - 09/13/26 23:34:15 - 0:09:11 - Epoch 186: train_loss=0.5818036198616028, train_acc= 81.17%
INFO - 09/13/26 23:34:15 - 0:09:11 - Epoch 187: train_loss=0.5828164219856262, train_acc= 81.28%
INFO - 09/13/26 23:34:16 - 0:09:11 - Epoch 188: train_loss=0.5741565823554993, train_acc= 81.24%
INFO - 09/13/26 23:34:16 - 0:09:11 - Epoch 189: train_loss=0.5788666605949402, train_acc= 80.99%
INFO - 09/13/26 23:34:16 - 0:09:11 - Epoch 190: train_loss=0.5845520496368408, train_acc= 81.16%
INFO - 09/13/26 23:34:16 - 0:09:12 - Epoch 190: val_loss=0.566763699054718, val_acc= 81.71%,val_weighted_f1= 81.60,val_macro_f1= 79.34%
INFO - 09/13/26 23:34:16 - 0:09:12 - Epoch 191: train_loss=0.5930134654045105, train_acc= 80.70%
INFO - 09/13/26 23:34:16 - 0:09:12 - Epoch 192: train_loss=0.5804809927940369, train_acc= 81.01%
INFO - 09/13/26 23:34:17 - 0:09:12 - Epoch 193: train_loss=0.5778455138206482, train_acc= 81.19%
INFO - 09/13/26 23:34:17 - 0:09:12 - Epoch 194: train_loss=0.5751733779907227, train_acc= 81.50%
INFO - 09/13/26 23:34:17 - 0:09:13 - Epoch 195: train_loss=0.5723437070846558, train_acc= 81.61%
INFO - 09/13/26 23:34:17 - 0:09:13 - Epoch 195: val_loss=0.5614246129989624, val_acc= 81.84%,val_weighted_f1= 81.72,val_macro_f1= 79.49%
INFO - 09/13/26 23:34:17 - 0:09:13 - Epoch 196: train_loss=0.570152759552002, train_acc= 81.11%
INFO - 09/13/26 23:34:18 - 0:09:13 - Epoch 197: train_loss=0.5678954720497131, train_acc= 81.54%
INFO - 09/13/26 23:34:18 - 0:09:13 - Epoch 198: train_loss=0.5736793279647827, train_acc= 81.20%
INFO - 09/13/26 23:34:18 - 0:09:13 - Epoch 199: train_loss=0.5623810291290283, train_acc= 81.78%
INFO - 09/13/26 23:34:18 - 0:09:14 - Epoch 200: train_loss=0.5682346820831299, train_acc= 81.54%
INFO - 09/13/26 23:34:18 - 0:09:14 - Epoch 200: val_loss=0.558496356010437, val_acc= 82.26%,val_weighted_f1= 82.17,val_macro_f1= 79.97%
INFO - 09/13/26 23:34:18 - 0:09:14 - Epoch 201: train_loss=0.5642234683036804, train_acc= 81.70%
INFO - 09/13/26 23:34:19 - 0:09:14 - Epoch 202: train_loss=0.5636699795722961, train_acc= 81.60%
INFO - 09/13/26 23:34:19 - 0:09:14 - Epoch 203: train_loss=0.5603345036506653, train_acc= 81.63%
INFO - 09/13/26 23:34:19 - 0:09:14 - Epoch 204: train_loss=0.5625492334365845, train_acc= 81.83%
INFO - 09/13/26 23:34:19 - 0:09:15 - Epoch 205: train_loss=0.5591034293174744, train_acc= 81.88%
INFO - 09/13/26 23:34:19 - 0:09:15 - Epoch 205: val_loss=0.5567402839660645, val_acc= 82.35%,val_weighted_f1= 82.23,val_macro_f1= 80.10%
INFO - 09/13/26 23:34:19 - 0:09:15 - Epoch 206: train_loss=0.5585047602653503, train_acc= 81.88%
INFO - 09/13/26 23:34:20 - 0:09:15 - Epoch 207: train_loss=0.5588880181312561, train_acc= 81.93%
INFO - 09/13/26 23:34:20 - 0:09:15 - Epoch 208: train_loss=0.5573927760124207, train_acc= 81.67%
INFO - 09/13/26 23:34:20 - 0:09:16 - Epoch 209: train_loss=0.5598989129066467, train_acc= 81.61%
INFO - 09/13/26 23:34:20 - 0:09:16 - Epoch 210: train_loss=0.5485574007034302, train_acc= 82.41%
INFO - 09/13/26 23:34:20 - 0:09:16 - Epoch 210: val_loss=0.5503730773925781, val_acc= 81.97%,val_weighted_f1= 81.89,val_macro_f1= 79.72%
EarlyStopping counter: 1 out of 15
INFO - 09/13/26 23:34:21 - 0:09:16 - Epoch 211: train_loss=0.553462564945221, train_acc= 81.63%
INFO - 09/13/26 23:34:21 - 0:09:16 - Epoch 212: train_loss=0.5521849393844604, train_acc= 81.91%
INFO - 09/13/26 23:34:21 - 0:09:16 - Epoch 213: train_loss=0.5578646063804626, train_acc= 81.93%
INFO - 09/13/26 23:34:21 - 0:09:17 - Epoch 214: train_loss=0.5523518323898315, train_acc= 82.05%
INFO - 09/13/26 23:34:21 - 0:09:17 - Epoch 215: train_loss=0.5513319969177246, train_acc= 82.10%
INFO - 09/13/26 23:34:21 - 0:09:17 - Epoch 215: val_loss=0.5488701462745667, val_acc= 82.18%,val_weighted_f1= 82.07,val_macro_f1= 79.93%
EarlyStopping counter: 2 out of 15
INFO - 09/13/26 23:34:22 - 0:09:17 - Epoch 216: train_loss=0.5449386239051819, train_acc= 82.05%
INFO - 09/13/26 23:34:22 - 0:09:17 - Epoch 217: train_loss=0.5471447110176086, train_acc= 82.38%
INFO - 09/13/26 23:34:22 - 0:09:18 - Epoch 218: train_loss=0.5485228896141052, train_acc= 82.24%
INFO - 09/13/26 23:34:22 - 0:09:18 - Epoch 219: train_loss=0.5443031191825867, train_acc= 82.21%
INFO - 09/13/26 23:34:22 - 0:09:18 - Epoch 220: train_loss=0.5469570159912109, train_acc= 82.57%
INFO - 09/13/26 23:34:23 - 0:09:18 - Epoch 220: val_loss=0.5482478737831116, val_acc= 82.44%,val_weighted_f1= 82.32,val_macro_f1= 80.23%
INFO - 09/13/26 23:34:23 - 0:09:18 - Epoch 221: train_loss=0.5454522371292114, train_acc= 82.15%
INFO - 09/13/26 23:34:23 - 0:09:18 - Epoch 222: train_loss=0.5433664321899414, train_acc= 82.45%
INFO - 09/13/26 23:34:23 - 0:09:19 - Epoch 223: train_loss=0.536017119884491, train_acc= 82.50%
INFO - 09/13/26 23:34:23 - 0:09:19 - Epoch 224: train_loss=0.5383543968200684, train_acc= 82.57%
INFO - 09/13/26 23:34:24 - 0:09:19 - Epoch 225: train_loss=0.5406083464622498, train_acc= 82.37%
INFO - 09/13/26 23:34:24 - 0:09:19 - Epoch 225: val_loss=0.5437898635864258, val_acc= 82.31%,val_weighted_f1= 82.24,val_macro_f1= 80.15%
EarlyStopping counter: 1 out of 15
INFO - 09/13/26 23:34:24 - 0:09:19 - Epoch 226: train_loss=0.5449089407920837, train_acc= 82.22%
INFO - 09/13/26 23:34:24 - 0:09:19 - Epoch 227: train_loss=0.5394574403762817, train_acc= 82.50%
INFO - 09/13/26 23:34:24 - 0:09:20 - Epoch 228: train_loss=0.5375738143920898, train_acc= 82.41%
INFO - 09/13/26 23:34:24 - 0:09:20 - Epoch 229: train_loss=0.5367100834846497, train_acc= 82.64%
INFO - 09/13/26 23:34:25 - 0:09:20 - Epoch 230: train_loss=0.5343620181083679, train_acc= 82.78%
INFO - 09/13/26 23:34:25 - 0:09:20 - Epoch 230: val_loss=0.5401044487953186, val_acc= 82.78%,val_weighted_f1= 82.70,val_macro_f1= 80.75%
INFO - 09/13/26 23:34:25 - 0:09:20 - Epoch 231: train_loss=0.5375512838363647, train_acc= 82.65%
INFO - 09/13/26 23:34:25 - 0:09:21 - Epoch 232: train_loss=0.533972978591919, train_acc= 82.62%
INFO - 09/13/26 23:34:25 - 0:09:21 - Epoch 233: train_loss=0.5313153266906738, train_acc= 82.72%
INFO - 09/13/26 23:34:25 - 0:09:21 - Epoch 234: train_loss=0.5333713293075562, train_acc= 82.77%
INFO - 09/13/26 23:34:26 - 0:09:21 - Epoch 235: train_loss=0.5293371081352234, train_acc= 82.37%
INFO - 09/13/26 23:34:26 - 0:09:21 - Epoch 235: val_loss=0.5391024947166443, val_acc= 82.52%,val_weighted_f1= 82.46,val_macro_f1= 80.51%
EarlyStopping counter: 1 out of 15
INFO - 09/13/26 23:34:26 - 0:09:21 - Epoch 236: train_loss=0.5243086814880371, train_acc= 83.04%
INFO - 09/13/26 23:34:26 - 0:09:22 - Epoch 237: train_loss=0.5269466638565063, train_acc= 82.60%
INFO - 09/13/26 23:34:26 - 0:09:22 - Epoch 238: train_loss=0.5329306721687317, train_acc= 82.67%
INFO - 09/13/26 23:34:27 - 0:09:22 - Epoch 239: train_loss=0.5306498408317566, train_acc= 82.55%
INFO - 09/13/26 23:34:27 - 0:09:22 - Epoch 240: train_loss=0.5294604897499084, train_acc= 83.01%
INFO - 09/13/26 23:34:27 - 0:09:22 - Epoch 240: val_loss=0.5390748381614685, val_acc= 82.61%,val_weighted_f1= 82.54,val_macro_f1= 80.71%
EarlyStopping counter: 2 out of 15
INFO - 09/13/26 23:34:27 - 0:09:22 - Epoch 241: train_loss=0.5253878831863403, train_acc= 82.85%
INFO - 09/13/26 23:34:27 - 0:09:23 - Epoch 242: train_loss=0.5244573354721069, train_acc= 83.15%
INFO - 09/13/26 23:34:27 - 0:09:23 - Epoch 243: train_loss=0.5240510106086731, train_acc= 83.15%
INFO - 09/13/26 23:34:28 - 0:09:23 - Epoch 244: train_loss=0.521045982837677, train_acc= 83.05%
INFO - 09/13/26 23:34:28 - 0:09:23 - Epoch 245: train_loss=0.5247270464897156, train_acc= 83.44%
INFO - 09/13/26 23:34:28 - 0:09:23 - Epoch 245: val_loss=0.5383862257003784, val_acc= 82.61%,val_weighted_f1= 82.55,val_macro_f1= 80.63%
EarlyStopping counter: 3 out of 15
INFO - 09/13/26 23:34:28 - 0:09:24 - Epoch 246: train_loss=0.5209940671920776, train_acc= 83.32%
INFO - 09/13/26 23:34:28 - 0:09:24 - Epoch 247: train_loss=0.5214592814445496, train_acc= 82.81%
INFO - 09/13/26 23:34:28 - 0:09:24 - Epoch 248: train_loss=0.5174710750579834, train_acc= 82.84%
INFO - 09/13/26 23:34:29 - 0:09:24 - Epoch 249: train_loss=0.5210236310958862, train_acc= 83.02%
INFO - 09/13/26 23:34:29 - 0:09:24 - Epoch 250: train_loss=0.5172157883644104, train_acc= 83.48%
INFO - 09/13/26 23:34:29 - 0:09:24 - Epoch 250: val_loss=0.5366216897964478, val_acc= 82.99%,val_weighted_f1= 82.93,val_macro_f1= 81.14%
INFO - 09/13/26 23:34:29 - 0:09:25 - Epoch 251: train_loss=0.52138751745224, train_acc= 83.21%
INFO - 09/13/26 23:34:29 - 0:09:25 - Epoch 252: train_loss=0.5122210383415222, train_acc= 83.28%
INFO - 09/13/26 23:34:30 - 0:09:25 - Epoch 253: train_loss=0.5147110223770142, train_acc= 83.52%
INFO - 09/13/26 23:34:30 - 0:09:25 - Epoch 254: train_loss=0.5145578384399414, train_acc= 83.46%
INFO - 09/13/26 23:34:30 - 0:09:25 - Epoch 255: train_loss=0.5151255130767822, train_acc= 83.38%
INFO - 09/13/26 23:34:30 - 0:09:26 - Epoch 255: val_loss=0.5373947024345398, val_acc= 82.48%,val_weighted_f1= 82.42,val_macro_f1= 80.28%
EarlyStopping counter: 1 out of 15
INFO - 09/13/26 23:34:30 - 0:09:26 - Epoch 256: train_loss=0.5113561749458313, train_acc= 83.34%
INFO - 09/13/26 23:34:30 - 0:09:26 - Epoch 257: train_loss=0.5069538354873657, train_acc= 83.68%
INFO - 09/13/26 23:34:31 - 0:09:26 - Epoch 258: train_loss=0.5144307017326355, train_acc= 83.05%
INFO - 09/13/26 23:34:31 - 0:09:26 - Epoch 259: train_loss=0.5042624473571777, train_acc= 83.41%
INFO - 09/13/26 23:34:31 - 0:09:26 - Epoch 260: train_loss=0.5125463008880615, train_acc= 83.68%
INFO - 09/13/26 23:34:31 - 0:09:27 - Epoch 260: val_loss=0.5369940400123596, val_acc= 82.65%,val_weighted_f1= 82.58,val_macro_f1= 80.54%
EarlyStopping counter: 2 out of 15
INFO - 09/13/26 23:34:31 - 0:09:27 - Epoch 261: train_loss=0.5096337795257568, train_acc= 83.48%
INFO - 09/13/26 23:34:32 - 0:09:27 - Epoch 262: train_loss=0.507757842540741, train_acc= 83.62%
INFO - 09/13/26 23:34:32 - 0:09:27 - Epoch 263: train_loss=0.5053232312202454, train_acc= 83.65%
INFO - 09/13/26 23:34:32 - 0:09:27 - Epoch 264: train_loss=0.5062466263771057, train_acc= 83.44%
INFO - 09/13/26 23:34:32 - 0:09:28 - Epoch 265: train_loss=0.5084336400032043, train_acc= 83.44%
INFO - 09/13/26 23:34:32 - 0:09:28 - Epoch 265: val_loss=0.535116970539093, val_acc= 82.86%,val_weighted_f1= 82.78,val_macro_f1= 80.80%
EarlyStopping counter: 3 out of 15
INFO - 09/13/26 23:34:32 - 0:09:28 - Epoch 266: train_loss=0.5069529414176941, train_acc= 83.48%
INFO - 09/13/26 23:34:33 - 0:09:28 - Epoch 267: train_loss=0.4996938705444336, train_acc= 83.62%
INFO - 09/13/26 23:34:33 - 0:09:28 - Epoch 268: train_loss=0.5063546895980835, train_acc= 83.82%
INFO - 09/13/26 23:34:33 - 0:09:28 - Epoch 269: train_loss=0.5041396617889404, train_acc= 83.61%
INFO - 09/13/26 23:34:33 - 0:09:29 - Epoch 270: train_loss=0.5005836486816406, train_acc= 83.26%
INFO - 09/13/26 23:34:33 - 0:09:29 - Epoch 270: val_loss=0.5295628309249878, val_acc= 83.08%,val_weighted_f1= 83.00,val_macro_f1= 81.24%
INFO - 09/13/26 23:34:33 - 0:09:29 - Epoch 271: train_loss=0.4991447925567627, train_acc= 83.39%
INFO - 09/13/26 23:34:34 - 0:09:29 - Epoch 272: train_loss=0.49770528078079224, train_acc= 84.13%
INFO - 09/13/26 23:34:34 - 0:09:29 - Epoch 273: train_loss=0.4935453534126282, train_acc= 83.76%
INFO - 09/13/26 23:34:34 - 0:09:30 - Epoch 274: train_loss=0.5021576881408691, train_acc= 83.49%
INFO - 09/13/26 23:34:34 - 0:09:30 - Epoch 275: train_loss=0.499947726726532, train_acc= 83.68%
INFO - 09/13/26 23:34:34 - 0:09:30 - Epoch 275: val_loss=0.5267446041107178, val_acc= 82.99%,val_weighted_f1= 82.93,val_macro_f1= 80.86%
EarlyStopping counter: 1 out of 15
INFO - 09/13/26 23:34:35 - 0:09:30 - Epoch 276: train_loss=0.4979540705680847, train_acc= 83.63%
INFO - 09/13/26 23:34:35 - 0:09:30 - Epoch 277: train_loss=0.5005524158477783, train_acc= 83.93%
INFO - 09/13/26 23:34:35 - 0:09:30 - Epoch 278: train_loss=0.4983123242855072, train_acc= 83.89%
INFO - 09/13/26 23:34:35 - 0:09:31 - Epoch 279: train_loss=0.5007749199867249, train_acc= 83.73%
INFO - 09/13/26 23:34:35 - 0:09:31 - Epoch 280: train_loss=0.4915076494216919, train_acc= 83.83%
INFO - 09/13/26 23:34:35 - 0:09:31 - Epoch 280: val_loss=0.5291667580604553, val_acc= 82.91%,val_weighted_f1= 82.80,val_macro_f1= 80.92%
EarlyStopping counter: 2 out of 15
INFO - 09/13/26 23:34:36 - 0:09:31 - Epoch 281: train_loss=0.4963339567184448, train_acc= 83.54%
INFO - 09/13/26 23:34:36 - 0:09:31 - Epoch 282: train_loss=0.4973713457584381, train_acc= 83.88%
INFO - 09/13/26 23:34:36 - 0:09:31 - Epoch 283: train_loss=0.4959474503993988, train_acc= 83.78%
INFO - 09/13/26 23:34:36 - 0:09:32 - Epoch 284: train_loss=0.487995445728302, train_acc= 83.98%
INFO - 09/13/26 23:34:36 - 0:09:32 - Epoch 285: train_loss=0.49234914779663086, train_acc= 84.22%
INFO - 09/13/26 23:34:37 - 0:09:32 - Epoch 285: val_loss=0.5307672023773193, val_acc= 82.99%,val_weighted_f1= 82.93,val_macro_f1= 81.09%
EarlyStopping counter: 3 out of 15
INFO - 09/13/26 23:34:37 - 0:09:32 - Epoch 286: train_loss=0.49285995960235596, train_acc= 83.98%
INFO - 09/13/26 23:34:37 - 0:09:32 - Epoch 287: train_loss=0.48316991329193115, train_acc= 84.18%
INFO - 09/13/26 23:34:37 - 0:09:33 - Epoch 288: train_loss=0.49475350975990295, train_acc= 83.92%
INFO - 09/13/26 23:34:37 - 0:09:33 - Epoch 289: train_loss=0.48508450388908386, train_acc= 84.18%
INFO - 09/13/26 23:34:37 - 0:09:33 - Epoch 290: train_loss=0.4813648462295532, train_acc= 84.26%
INFO - 09/13/26 23:34:38 - 0:09:33 - Epoch 290: val_loss=0.533025324344635, val_acc= 82.99%,val_weighted_f1= 82.94,val_macro_f1= 80.82%
EarlyStopping counter: 4 out of 15
INFO - 09/13/26 23:34:38 - 0:09:33 - Epoch 291: train_loss=0.491681843996048, train_acc= 83.95%
INFO - 09/13/26 23:34:38 - 0:09:33 - Epoch 292: train_loss=0.48426222801208496, train_acc= 84.55%
INFO - 09/13/26 23:34:38 - 0:09:34 - Epoch 293: train_loss=0.4856778383255005, train_acc= 84.19%
INFO - 09/13/26 23:34:38 - 0:09:34 - Epoch 294: train_loss=0.4910139739513397, train_acc= 84.36%
INFO - 09/13/26 23:34:39 - 0:09:34 - Epoch 295: train_loss=0.48339739441871643, train_acc= 84.52%
INFO - 09/13/26 23:34:39 - 0:09:34 - Epoch 295: val_loss=0.5268396139144897, val_acc= 83.08%,val_weighted_f1= 83.00,val_macro_f1= 81.06%
INFO - 09/13/26 23:34:39 - 0:09:34 - Epoch 296: train_loss=0.48096397519111633, train_acc= 84.40%
INFO - 09/13/26 23:34:39 - 0:09:35 - Epoch 297: train_loss=0.4828532934188843, train_acc= 84.20%
INFO - 09/13/26 23:34:39 - 0:09:35 - Epoch 298: train_loss=0.48463600873947144, train_acc= 84.18%
INFO - 09/13/26 23:34:39 - 0:09:35 - Epoch 299: train_loss=0.48736414313316345, train_acc= 84.13%
INFO - 09/13/26 23:34:40 - 0:09:35 - Epoch 300: train_loss=0.48224377632141113, train_acc= 84.52%
INFO - 09/13/26 23:34:40 - 0:09:35 - Epoch 300: val_loss=0.5255834460258484, val_acc= 83.16%,val_weighted_f1= 83.10,val_macro_f1= 81.13%
INFO - 09/13/26 23:34:40 - 0:09:35 - Epoch 301: train_loss=0.48017916083335876, train_acc= 84.05%
INFO - 09/13/26 23:34:40 - 0:09:36 - Epoch 302: train_loss=0.4829429090023041, train_acc= 84.29%
INFO - 09/13/26 23:34:40 - 0:09:36 - Epoch 303: train_loss=0.4839329421520233, train_acc= 83.78%
INFO - 09/13/26 23:34:41 - 0:09:36 - Epoch 304: train_loss=0.4754214584827423, train_acc= 84.60%
INFO - 09/13/26 23:34:41 - 0:09:36 - Epoch 305: train_loss=0.4794617295265198, train_acc= 84.26%
INFO - 09/13/26 23:34:41 - 0:09:36 - Epoch 305: val_loss=0.5236509442329407, val_acc= 83.21%,val_weighted_f1= 83.14,val_macro_f1= 81.21%
INFO - 09/13/26 23:34:41 - 0:09:37 - Epoch 306: train_loss=0.4764504134654999, train_acc= 84.62%
INFO - 09/13/26 23:34:41 - 0:09:37 - Epoch 307: train_loss=0.4729830324649811, train_acc= 84.52%
INFO - 09/13/26 23:34:41 - 0:09:37 - Epoch 308: train_loss=0.47834697365760803, train_acc= 84.45%
INFO - 09/13/26 23:34:42 - 0:09:37 - Epoch 309: train_loss=0.47218430042266846, train_acc= 84.57%
INFO - 09/13/26 23:34:42 - 0:09:37 - Epoch 310: train_loss=0.4760947823524475, train_acc= 84.32%
INFO - 09/13/26 23:34:42 - 0:09:37 - Epoch 310: val_loss=0.522094190120697, val_acc= 83.25%,val_weighted_f1= 83.20,val_macro_f1= 81.10%
INFO - 09/13/26 23:34:42 - 0:09:38 - Epoch 311: train_loss=0.47645696997642517, train_acc= 84.46%
INFO - 09/13/26 23:34:42 - 0:09:38 - Epoch 312: train_loss=0.4717818796634674, train_acc= 84.42%
INFO - 09/13/26 23:34:42 - 0:09:38 - Epoch 313: train_loss=0.47077590227127075, train_acc= 84.57%
INFO - 09/13/26 23:34:43 - 0:09:38 - Epoch 314: train_loss=0.47888055443763733, train_acc= 84.22%
INFO - 09/13/26 23:34:43 - 0:09:38 - Epoch 315: train_loss=0.46815136075019836, train_acc= 84.59%
INFO - 09/13/26 23:34:43 - 0:09:39 - Epoch 315: val_loss=0.5245957970619202, val_acc= 83.25%,val_weighted_f1= 83.19,val_macro_f1= 81.11%
INFO - 09/13/26 23:34:43 - 0:09:39 - Epoch 316: train_loss=0.4683252274990082, train_acc= 84.93%
INFO - 09/13/26 23:34:43 - 0:09:39 - Epoch 317: train_loss=0.4645352065563202, train_acc= 84.90%
INFO - 09/13/26 23:34:44 - 0:09:39 - Epoch 318: train_loss=0.47812172770500183, train_acc= 84.38%
INFO - 09/13/26 23:34:44 - 0:09:39 - Epoch 319: train_loss=0.47152161598205566, train_acc= 84.62%
INFO - 09/13/26 23:34:44 - 0:09:40 - Epoch 320: train_loss=0.46928977966308594, train_acc= 84.57%
INFO - 09/13/26 23:34:44 - 0:09:40 - Epoch 320: val_loss=0.5219992399215698, val_acc= 83.16%,val_weighted_f1= 83.11,val_macro_f1= 81.07%
EarlyStopping counter: 1 out of 15
INFO - 09/13/26 23:34:44 - 0:09:40 - Epoch 321: train_loss=0.46815192699432373, train_acc= 84.85%
INFO - 09/13/26 23:34:44 - 0:09:40 - Epoch 322: train_loss=0.4669959545135498, train_acc= 84.95%
INFO - 09/13/26 23:34:45 - 0:09:40 - Epoch 323: train_loss=0.466208815574646, train_acc= 85.09%
INFO - 09/13/26 23:34:45 - 0:09:40 - Epoch 324: train_loss=0.4660804569721222, train_acc= 84.87%
INFO - 09/13/26 23:34:45 - 0:09:41 - Epoch 325: train_loss=0.4659743905067444, train_acc= 85.00%
INFO - 09/13/26 23:34:45 - 0:09:41 - Epoch 325: val_loss=0.5187543034553528, val_acc= 83.38%,val_weighted_f1= 83.35,val_macro_f1= 81.42%
INFO - 09/13/26 23:34:45 - 0:09:41 - Epoch 326: train_loss=0.46227261424064636, train_acc= 84.66%
INFO - 09/13/26 23:34:46 - 0:09:41 - Epoch 327: train_loss=0.4620758295059204, train_acc= 84.85%
INFO - 09/13/26 23:34:46 - 0:09:41 - Epoch 328: train_loss=0.47060173749923706, train_acc= 84.43%
INFO - 09/13/26 23:34:46 - 0:09:41 - Epoch 329: train_loss=0.46514347195625305, train_acc= 85.02%
INFO - 09/13/26 23:34:46 - 0:09:42 - Epoch 330: train_loss=0.45993292331695557, train_acc= 84.97%
INFO - 09/13/26 23:34:46 - 0:09:42 - Epoch 330: val_loss=0.5222961902618408, val_acc= 83.42%,val_weighted_f1= 83.39,val_macro_f1= 81.42%
INFO - 09/13/26 23:34:46 - 0:09:42 - Epoch 331: train_loss=0.4651043713092804, train_acc= 84.66%
INFO - 09/13/26 23:34:47 - 0:09:42 - Epoch 332: train_loss=0.459271639585495, train_acc= 85.19%
INFO - 09/13/26 23:34:47 - 0:09:42 - Epoch 333: train_loss=0.45654603838920593, train_acc= 85.09%
INFO - 09/13/26 23:34:47 - 0:09:43 - Epoch 334: train_loss=0.45775046944618225, train_acc= 85.00%
INFO - 09/13/26 23:34:47 - 0:09:43 - Epoch 335: train_loss=0.46256333589553833, train_acc= 85.06%
INFO - 09/13/26 23:34:47 - 0:09:43 - Epoch 335: val_loss=0.5220221877098083, val_acc= 83.55%,val_weighted_f1= 83.47,val_macro_f1= 81.49%
INFO - 09/13/26 23:34:47 - 0:09:43 - Epoch 336: train_loss=0.45938265323638916, train_acc= 84.92%
INFO - 09/13/26 23:34:48 - 0:09:43 - Epoch 337: train_loss=0.4637085497379303, train_acc= 84.40%
INFO - 09/13/26 23:34:48 - 0:09:43 - Epoch 338: train_loss=0.46284452080726624, train_acc= 84.83%
INFO - 09/13/26 23:34:48 - 0:09:44 - Epoch 339: train_loss=0.4561339020729065, train_acc= 85.36%
INFO - 09/13/26 23:34:48 - 0:09:44 - Epoch 340: train_loss=0.4560653865337372, train_acc= 84.89%
INFO - 09/13/26 23:34:48 - 0:09:44 - Epoch 340: val_loss=0.5170084834098816, val_acc= 83.42%,val_weighted_f1= 83.38,val_macro_f1= 81.69%
EarlyStopping counter: 1 out of 15
INFO - 09/13/26 23:34:49 - 0:09:44 - Epoch 341: train_loss=0.45941880345344543, train_acc= 84.93%
INFO - 09/13/26 23:34:49 - 0:09:44 - Epoch 342: train_loss=0.44957152009010315, train_acc= 85.03%
INFO - 09/13/26 23:34:49 - 0:09:45 - Epoch 343: train_loss=0.4552325904369354, train_acc= 85.39%
INFO - 09/13/26 23:34:49 - 0:09:45 - Epoch 344: train_loss=0.45779433846473694, train_acc= 84.77%
INFO - 09/13/26 23:34:49 - 0:09:45 - Epoch 345: train_loss=0.45017778873443604, train_acc= 85.02%
INFO - 09/13/26 23:34:49 - 0:09:45 - Epoch 345: val_loss=0.5211418271064758, val_acc= 83.42%,val_weighted_f1= 83.34,val_macro_f1= 81.34%
EarlyStopping counter: 2 out of 15
INFO - 09/13/26 23:34:50 - 0:09:45 - Epoch 346: train_loss=0.45422157645225525, train_acc= 84.93%
INFO - 09/13/26 23:34:50 - 0:09:45 - Epoch 347: train_loss=0.4492132067680359, train_acc= 85.29%
INFO - 09/13/26 23:34:50 - 0:09:46 - Epoch 348: train_loss=0.4564577043056488, train_acc= 85.14%
INFO - 09/13/26 23:34:50 - 0:09:46 - Epoch 349: train_loss=0.44995489716529846, train_acc= 85.36%
INFO - 09/13/26 23:34:50 - 0:09:46 - Epoch 350: train_loss=0.45406949520111084, train_acc= 85.00%
INFO - 09/13/26 23:34:50 - 0:09:46 - Epoch 350: val_loss=0.5184240341186523, val_acc= 83.42%,val_weighted_f1= 83.36,val_macro_f1= 81.33%
EarlyStopping counter: 3 out of 15
INFO - 09/13/26 23:34:51 - 0:09:46 - Epoch 351: train_loss=0.4479609429836273, train_acc= 85.56%
INFO - 09/13/26 23:34:51 - 0:09:46 - Epoch 352: train_loss=0.456998348236084, train_acc= 84.96%
INFO - 09/13/26 23:34:51 - 0:09:47 - Epoch 353: train_loss=0.4500393867492676, train_acc= 84.96%
INFO - 09/13/26 23:34:51 - 0:09:47 - Epoch 354: train_loss=0.4539060592651367, train_acc= 84.93%
INFO - 09/13/26 23:34:51 - 0:09:47 - Epoch 355: train_loss=0.45254120230674744, train_acc= 85.03%
INFO - 09/13/26 23:34:52 - 0:09:47 - Epoch 355: val_loss=0.517978847026825, val_acc= 83.63%,val_weighted_f1= 83.60,val_macro_f1= 81.86%
INFO - 09/13/26 23:34:52 - 0:09:47 - Epoch 356: train_loss=0.4476199746131897, train_acc= 85.02%
INFO - 09/13/26 23:34:52 - 0:09:48 - Epoch 357: train_loss=0.4485034942626953, train_acc= 85.30%
INFO - 09/13/26 23:34:52 - 0:09:48 - Epoch 358: train_loss=0.44760003685951233, train_acc= 85.46%
INFO - 09/13/26 23:34:52 - 0:09:48 - Epoch 359: train_loss=0.4476830065250397, train_acc= 85.63%
INFO - 09/13/26 23:34:53 - 0:09:48 - Epoch 360: train_loss=0.45281893014907837, train_acc= 85.06%
INFO - 09/13/26 23:34:53 - 0:09:48 - Epoch 360: val_loss=0.5182706117630005, val_acc= 83.50%,val_weighted_f1= 83.44,val_macro_f1= 81.60%
EarlyStopping counter: 1 out of 15
INFO - 09/13/26 23:34:53 - 0:09:48 - Epoch 361: train_loss=0.4413639307022095, train_acc= 85.71%
INFO - 09/13/26 23:34:53 - 0:09:49 - Epoch 362: train_loss=0.447822630405426, train_acc= 85.00%
INFO - 09/13/26 23:34:53 - 0:09:49 - Epoch 363: train_loss=0.44570574164390564, train_acc= 85.60%
INFO - 09/13/26 23:34:53 - 0:09:49 - Epoch 364: train_loss=0.4466656744480133, train_acc= 85.30%
INFO - 09/13/26 23:34:54 - 0:09:49 - Epoch 365: train_loss=0.44516974687576294, train_acc= 85.04%
INFO - 09/13/26 23:34:54 - 0:09:49 - Epoch 365: val_loss=0.5165151953697205, val_acc= 83.63%,val_weighted_f1= 83.58,val_macro_f1= 81.83%
INFO - 09/13/26 23:34:54 - 0:09:50 - Epoch 366: train_loss=0.43605688214302063, train_acc= 85.67%
INFO - 09/13/26 23:34:54 - 0:09:50 - Epoch 367: train_loss=0.4423615038394928, train_acc= 85.46%
INFO - 09/13/26 23:34:54 - 0:09:50 - Epoch 368: train_loss=0.44580572843551636, train_acc= 85.40%
INFO - 09/13/26 23:34:55 - 0:09:50 - Epoch 369: train_loss=0.4419359862804413, train_acc= 85.30%
INFO - 09/13/26 23:34:55 - 0:09:50 - Epoch 370: train_loss=0.4423229396343231, train_acc= 85.42%
INFO - 09/13/26 23:34:55 - 0:09:50 - Epoch 370: val_loss=0.5165647268295288, val_acc= 83.42%,val_weighted_f1= 83.37,val_macro_f1= 81.57%
EarlyStopping counter: 1 out of 15
INFO - 09/13/26 23:34:55 - 0:09:51 - Epoch 371: train_loss=0.441625714302063, train_acc= 85.47%
INFO - 09/13/26 23:34:55 - 0:09:51 - Epoch 372: train_loss=0.43962323665618896, train_acc= 85.70%
INFO - 09/13/26 23:34:55 - 0:09:51 - Epoch 373: train_loss=0.4362715184688568, train_acc= 85.64%
INFO - 09/13/26 23:34:56 - 0:09:51 - Epoch 374: train_loss=0.4441259503364563, train_acc= 85.40%
INFO - 09/13/26 23:34:56 - 0:09:51 - Epoch 375: train_loss=0.43816834688186646, train_acc= 85.61%
INFO - 09/13/26 23:34:56 - 0:09:51 - Epoch 375: val_loss=0.5175442099571228, val_acc= 83.80%,val_weighted_f1= 83.75,val_macro_f1= 81.90%
INFO - 09/13/26 23:34:56 - 0:09:52 - Epoch 376: train_loss=0.44057464599609375, train_acc= 85.56%
INFO - 09/13/26 23:34:56 - 0:09:52 - Epoch 377: train_loss=0.4404745399951935, train_acc= 85.33%
INFO - 09/13/26 23:34:56 - 0:09:52 - Epoch 378: train_loss=0.44032415747642517, train_acc= 85.29%
INFO - 09/13/26 23:34:57 - 0:09:52 - Epoch 379: train_loss=0.44329169392585754, train_acc= 85.49%
INFO - 09/13/26 23:34:57 - 0:09:52 - Epoch 380: train_loss=0.43901363015174866, train_acc= 85.34%
INFO - 09/13/26 23:34:57 - 0:09:53 - Epoch 380: val_loss=0.5196670889854431, val_acc= 83.55%,val_weighted_f1= 83.48,val_macro_f1= 81.66%
EarlyStopping counter: 1 out of 15
INFO - 09/13/26 23:34:57 - 0:09:53 - Epoch 381: train_loss=0.43647217750549316, train_acc= 85.74%
INFO - 09/13/26 23:34:57 - 0:09:53 - Epoch 382: train_loss=0.43204429745674133, train_acc= 86.06%
INFO - 09/13/26 23:34:58 - 0:09:53 - Epoch 383: train_loss=0.4382057785987854, train_acc= 85.57%
INFO - 09/13/26 23:34:58 - 0:09:53 - Epoch 384: train_loss=0.43311575055122375, train_acc= 85.81%
INFO - 09/13/26 23:34:58 - 0:09:54 - Epoch 385: train_loss=0.43375882506370544, train_acc= 85.81%
INFO - 09/13/26 23:34:58 - 0:09:54 - Epoch 385: val_loss=0.5182608366012573, val_acc= 83.59%,val_weighted_f1= 83.55,val_macro_f1= 81.81%
EarlyStopping counter: 2 out of 15
INFO - 09/13/26 23:34:58 - 0:09:54 - Epoch 386: train_loss=0.4396388828754425, train_acc= 85.47%
INFO - 09/13/26 23:34:58 - 0:09:54 - Epoch 387: train_loss=0.4327550232410431, train_acc= 85.81%
INFO - 09/13/26 23:34:59 - 0:09:54 - Epoch 388: train_loss=0.4381040334701538, train_acc= 85.81%
INFO - 09/13/26 23:34:59 - 0:09:54 - Epoch 389: train_loss=0.4315599501132965, train_acc= 85.87%
INFO - 09/13/26 23:34:59 - 0:09:55 - Epoch 390: train_loss=0.43548595905303955, train_acc= 85.73%
INFO - 09/13/26 23:34:59 - 0:09:55 - Epoch 390: val_loss=0.516024112701416, val_acc= 83.68%,val_weighted_f1= 83.63,val_macro_f1= 81.78%
EarlyStopping counter: 3 out of 15
INFO - 09/13/26 23:34:59 - 0:09:55 - Epoch 391: train_loss=0.4297235906124115, train_acc= 85.80%
INFO - 09/13/26 23:34:59 - 0:09:55 - Epoch 392: train_loss=0.4338568150997162, train_acc= 85.43%
INFO - 09/13/26 23:35:00 - 0:09:55 - Epoch 393: train_loss=0.4329765737056732, train_acc= 85.57%
INFO - 09/13/26 23:35:00 - 0:09:55 - Epoch 394: train_loss=0.4277237355709076, train_acc= 86.16%
INFO - 09/13/26 23:35:00 - 0:09:56 - Epoch 395: train_loss=0.42693614959716797, train_acc= 86.21%
INFO - 09/13/26 23:35:00 - 0:09:56 - Epoch 395: val_loss=0.5179114937782288, val_acc= 83.85%,val_weighted_f1= 83.80,val_macro_f1= 81.87%
INFO - 09/13/26 23:35:00 - 0:09:56 - Epoch 396: train_loss=0.42877069115638733, train_acc= 85.76%
INFO - 09/13/26 23:35:01 - 0:09:56 - Epoch 397: train_loss=0.42719826102256775, train_acc= 86.01%
INFO - 09/13/26 23:35:01 - 0:09:56 - Epoch 398: train_loss=0.42016616463661194, train_acc= 86.36%
INFO - 09/13/26 23:35:01 - 0:09:57 - Epoch 399: train_loss=0.42343395948410034, train_acc= 86.33%
INFO - 09/13/26 23:35:01 - 0:09:57 - Epoch 400: train_loss=0.4226294755935669, train_acc= 85.97%
INFO - 09/13/26 23:35:01 - 0:09:57 - Epoch 400: val_loss=0.5185790657997131, val_acc= 84.06%,val_weighted_f1= 84.03,val_macro_f1= 82.21%
INFO - 09/13/26 23:35:01 - 0:09:57 - Epoch 401: train_loss=0.42358165979385376, train_acc= 85.70%
INFO - 09/13/26 23:35:02 - 0:09:57 - Epoch 402: train_loss=0.4244503378868103, train_acc= 86.07%
INFO - 09/13/26 23:35:02 - 0:09:57 - Epoch 403: train_loss=0.4180159270763397, train_acc= 86.27%
INFO - 09/13/26 23:35:02 - 0:09:58 - Epoch 404: train_loss=0.4255908131599426, train_acc= 86.04%
INFO - 09/13/26 23:35:02 - 0:09:58 - Epoch 405: train_loss=0.42234137654304504, train_acc= 85.57%
INFO - 09/13/26 23:35:02 - 0:09:58 - Epoch 405: val_loss=0.5176374912261963, val_acc= 83.80%,val_weighted_f1= 83.77,val_macro_f1= 81.88%
EarlyStopping counter: 1 out of 15
INFO - 09/13/26 23:35:03 - 0:09:58 - Epoch 406: train_loss=0.42305758595466614, train_acc= 85.77%
INFO - 09/13/26 23:35:03 - 0:09:58 - Epoch 407: train_loss=0.4156630039215088, train_acc= 86.47%
INFO - 09/13/26 23:35:03 - 0:09:58 - Epoch 408: train_loss=0.4192720353603363, train_acc= 86.38%
INFO - 09/13/26 23:35:03 - 0:09:59 - Epoch 409: train_loss=0.4232916235923767, train_acc= 85.90%
INFO - 09/13/26 23:35:03 - 0:09:59 - Epoch 410: train_loss=0.421139121055603, train_acc= 85.91%
INFO - 09/13/26 23:35:03 - 0:09:59 - Epoch 410: val_loss=0.5193324685096741, val_acc= 83.68%,val_weighted_f1= 83.63,val_macro_f1= 81.79%
EarlyStopping counter: 2 out of 15
INFO - 09/13/26 23:35:04 - 0:09:59 - Epoch 411: train_loss=0.4217240810394287, train_acc= 86.14%
INFO - 09/13/26 23:35:04 - 0:09:59 - Epoch 412: train_loss=0.4189947247505188, train_acc= 85.83%
INFO - 09/13/26 23:35:04 - 0:10:00 - Epoch 413: train_loss=0.42387405037879944, train_acc= 86.03%
INFO - 09/13/26 23:35:04 - 0:10:00 - Epoch 414: train_loss=0.4208424389362335, train_acc= 85.93%
INFO - 09/13/26 23:35:04 - 0:10:00 - Epoch 415: train_loss=0.4149954319000244, train_acc= 86.08%
INFO - 09/13/26 23:35:05 - 0:10:00 - Epoch 415: val_loss=0.5189341306686401, val_acc= 83.76%,val_weighted_f1= 83.71,val_macro_f1= 81.88%
EarlyStopping counter: 3 out of 15
INFO - 09/13/26 23:35:05 - 0:10:00 - Epoch 416: train_loss=0.42055031657218933, train_acc= 86.03%
INFO - 09/13/26 23:35:05 - 0:10:00 - Epoch 417: train_loss=0.4183492660522461, train_acc= 86.31%
INFO - 09/13/26 23:35:05 - 0:10:01 - Epoch 418: train_loss=0.4139488935470581, train_acc= 86.24%
INFO - 09/13/26 23:35:05 - 0:10:01 - Epoch 419: train_loss=0.41313764452934265, train_acc= 86.44%
INFO - 09/13/26 23:35:06 - 0:10:01 - Epoch 420: train_loss=0.4124118983745575, train_acc= 86.48%
INFO - 09/13/26 23:35:06 - 0:10:01 - Epoch 420: val_loss=0.519075870513916, val_acc= 83.76%,val_weighted_f1= 83.71,val_macro_f1= 82.03%
EarlyStopping counter: 4 out of 15
INFO - 09/13/26 23:35:06 - 0:10:01 - Epoch 421: train_loss=0.4161037802696228, train_acc= 86.14%
INFO - 09/13/26 23:35:06 - 0:10:02 - Epoch 422: train_loss=0.41464298963546753, train_acc= 86.26%
INFO - 09/13/26 23:35:06 - 0:10:02 - Epoch 423: train_loss=0.4201952815055847, train_acc= 85.96%
INFO - 09/13/26 23:35:06 - 0:10:02 - Epoch 424: train_loss=0.41102319955825806, train_acc= 86.61%
INFO - 09/13/26 23:35:07 - 0:10:02 - Epoch 425: train_loss=0.4117780327796936, train_acc= 86.16%
INFO - 09/13/26 23:35:07 - 0:10:02 - Epoch 425: val_loss=0.5202915668487549, val_acc= 83.89%,val_weighted_f1= 83.83,val_macro_f1= 82.01%
EarlyStopping counter: 5 out of 15
INFO - 09/13/26 23:35:07 - 0:10:02 - Epoch 426: train_loss=0.4134785830974579, train_acc= 86.47%
INFO - 09/13/26 23:35:07 - 0:10:03 - Epoch 427: train_loss=0.4128345549106598, train_acc= 86.48%
INFO - 09/13/26 23:35:07 - 0:10:03 - Epoch 428: train_loss=0.4088544547557831, train_acc= 86.44%
INFO - 09/13/26 23:35:08 - 0:10:03 - Epoch 429: train_loss=0.412311851978302, train_acc= 86.38%
INFO - 09/13/26 23:35:08 - 0:10:03 - Epoch 430: train_loss=0.41004887223243713, train_acc= 86.08%
INFO - 09/13/26 23:35:08 - 0:10:03 - Epoch 430: val_loss=0.519661009311676, val_acc= 83.85%,val_weighted_f1= 83.79,val_macro_f1= 81.97%
EarlyStopping counter: 6 out of 15
INFO - 09/13/26 23:35:08 - 0:10:03 - Epoch 431: train_loss=0.40751659870147705, train_acc= 86.45%
INFO - 09/13/26 23:35:08 - 0:10:04 - Epoch 432: train_loss=0.41032207012176514, train_acc= 86.61%
INFO - 09/13/26 23:35:08 - 0:10:04 - Epoch 433: train_loss=0.4114645719528198, train_acc= 86.55%
INFO - 09/13/26 23:35:09 - 0:10:04 - Epoch 434: train_loss=0.4062376320362091, train_acc= 86.65%
INFO - 09/13/26 23:35:09 - 0:10:04 - Epoch 435: train_loss=0.4068451523780823, train_acc= 86.38%
INFO - 09/13/26 23:35:09 - 0:10:04 - Epoch 435: val_loss=0.5207349061965942, val_acc= 83.80%,val_weighted_f1= 83.75,val_macro_f1= 81.89%
EarlyStopping counter: 7 out of 15
INFO - 09/13/26 23:35:09 - 0:10:05 - Epoch 436: train_loss=0.4102100133895874, train_acc= 86.38%
INFO - 09/13/26 23:35:09 - 0:10:05 - Epoch 437: train_loss=0.4043566584587097, train_acc= 86.26%
INFO - 09/13/26 23:35:09 - 0:10:05 - Epoch 438: train_loss=0.40809327363967896, train_acc= 86.38%
INFO - 09/13/26 23:35:10 - 0:10:05 - Epoch 439: train_loss=0.41151225566864014, train_acc= 86.43%
INFO - 09/13/26 23:35:10 - 0:10:05 - Epoch 440: train_loss=0.40968483686447144, train_acc= 86.37%
INFO - 09/13/26 23:35:10 - 0:10:05 - Epoch 440: val_loss=0.5185107588768005, val_acc= 83.80%,val_weighted_f1= 83.78,val_macro_f1= 82.08%
EarlyStopping counter: 8 out of 15
INFO - 09/13/26 23:35:10 - 0:10:06 - Epoch 441: train_loss=0.4037307798862457, train_acc= 86.83%
INFO - 09/13/26 23:35:10 - 0:10:06 - Epoch 442: train_loss=0.408518522977829, train_acc= 86.51%
INFO - 09/13/26 23:35:11 - 0:10:06 - Epoch 443: train_loss=0.40592291951179504, train_acc= 86.50%
INFO - 09/13/26 23:35:11 - 0:10:06 - Epoch 444: train_loss=0.40871307253837585, train_acc= 86.71%
INFO - 09/13/26 23:35:11 - 0:10:06 - Epoch 445: train_loss=0.4059998691082001, train_acc= 86.63%
INFO - 09/13/26 23:35:11 - 0:10:07 - Epoch 445: val_loss=0.5245302319526672, val_acc= 83.63%,val_weighted_f1= 83.55,val_macro_f1= 81.75%
EarlyStopping counter: 9 out of 15
INFO - 09/13/26 23:35:11 - 0:10:07 - Epoch 446: train_loss=0.4125841557979584, train_acc= 86.24%
INFO - 09/13/26 23:35:11 - 0:10:07 - Epoch 447: train_loss=0.40292856097221375, train_acc= 86.88%
INFO - 09/13/26 23:35:12 - 0:10:07 - Epoch 448: train_loss=0.4046837091445923, train_acc= 86.87%
INFO - 09/13/26 23:35:12 - 0:10:07 - Epoch 449: train_loss=0.39900243282318115, train_acc= 86.74%
INFO - 09/13/26 23:35:12 - 0:10:07 - Epoch 450: train_loss=0.39977002143859863, train_acc= 86.85%
INFO - 09/13/26 23:35:12 - 0:10:08 - Epoch 450: val_loss=0.5177286863327026, val_acc= 83.97%,val_weighted_f1= 83.94,val_macro_f1= 82.37%
EarlyStopping counter: 10 out of 15
INFO - 09/13/26 23:35:12 - 0:10:08 - Epoch 451: train_loss=0.4019501507282257, train_acc= 86.55%
INFO - 09/13/26 23:35:13 - 0:10:08 - Epoch 452: train_loss=0.40189406275749207, train_acc= 86.83%
INFO - 09/13/26 23:35:13 - 0:10:08 - Epoch 453: train_loss=0.4013421833515167, train_acc= 86.67%
INFO - 09/13/26 23:35:13 - 0:10:08 - Epoch 454: train_loss=0.4007048010826111, train_acc= 86.68%
INFO - 09/13/26 23:35:13 - 0:10:09 - Epoch 455: train_loss=0.3995214104652405, train_acc= 86.78%
INFO - 09/13/26 23:35:13 - 0:10:09 - Epoch 455: val_loss=0.5186015963554382, val_acc= 83.85%,val_weighted_f1= 83.79,val_macro_f1= 82.06%
EarlyStopping counter: 11 out of 15
INFO - 09/13/26 23:35:13 - 0:10:09 - Epoch 456: train_loss=0.3968726098537445, train_acc= 86.71%
INFO - 09/13/26 23:35:14 - 0:10:09 - Epoch 457: train_loss=0.3988012671470642, train_acc= 86.91%
INFO - 09/13/26 23:35:14 - 0:10:09 - Epoch 458: train_loss=0.3981984853744507, train_acc= 86.90%
INFO - 09/13/26 23:35:14 - 0:10:09 - Epoch 459: train_loss=0.3969859480857849, train_acc= 86.73%
INFO - 09/13/26 23:35:14 - 0:10:10 - Epoch 460: train_loss=0.39636245369911194, train_acc= 86.74%
INFO - 09/13/26 23:35:14 - 0:10:10 - Epoch 460: val_loss=0.5190310478210449, val_acc= 83.85%,val_weighted_f1= 83.79,val_macro_f1= 82.14%
EarlyStopping counter: 12 out of 15
INFO - 09/13/26 23:35:14 - 0:10:10 - Epoch 461: train_loss=0.3991246223449707, train_acc= 86.74%
INFO - 09/13/26 23:35:15 - 0:10:10 - Epoch 462: train_loss=0.39338913559913635, train_acc= 87.07%
INFO - 09/13/26 23:35:15 - 0:10:10 - Epoch 463: train_loss=0.40038028359413147, train_acc= 86.87%
INFO - 09/13/26 23:35:15 - 0:10:11 - Epoch 464: train_loss=0.40000224113464355, train_acc= 86.61%
INFO - 09/13/26 23:35:15 - 0:10:11 - Epoch 465: train_loss=0.39603161811828613, train_acc= 86.64%
INFO - 09/13/26 23:35:15 - 0:10:11 - Epoch 465: val_loss=0.5217717885971069, val_acc= 83.89%,val_weighted_f1= 83.84,val_macro_f1= 82.06%
EarlyStopping counter: 13 out of 15
INFO - 09/13/26 23:35:16 - 0:10:11 - Epoch 466: train_loss=0.3978342115879059, train_acc= 86.74%
INFO - 09/13/26 23:35:16 - 0:10:11 - Epoch 467: train_loss=0.3963024318218231, train_acc= 86.90%
INFO - 09/13/26 23:35:16 - 0:10:11 - Epoch 468: train_loss=0.3909859359264374, train_acc= 87.04%
INFO - 09/13/26 23:35:16 - 0:10:12 - Epoch 469: train_loss=0.39487123489379883, train_acc= 86.95%
INFO - 09/13/26 23:35:16 - 0:10:12 - Epoch 470: train_loss=0.3916466534137726, train_acc= 87.17%
INFO - 09/13/26 23:35:16 - 0:10:12 - Epoch 470: val_loss=0.5198512077331543, val_acc= 83.80%,val_weighted_f1= 83.75,val_macro_f1= 82.08%
EarlyStopping counter: 14 out of 15
INFO - 09/13/26 23:35:17 - 0:10:12 - Epoch 471: train_loss=0.39390361309051514, train_acc= 86.91%
INFO - 09/13/26 23:35:17 - 0:10:12 - Epoch 472: train_loss=0.3949306607246399, train_acc= 86.91%
INFO - 09/13/26 23:35:17 - 0:10:12 - Epoch 473: train_loss=0.39599892497062683, train_acc= 86.58%
INFO - 09/13/26 23:35:17 - 0:10:13 - Epoch 474: train_loss=0.3991827666759491, train_acc= 86.80%
INFO - 09/13/26 23:35:17 - 0:10:13 - Epoch 475: train_loss=0.38797369599342346, train_acc= 87.32%
INFO - 09/13/26 23:35:17 - 0:10:13 - Epoch 475: val_loss=0.5186768174171448, val_acc= 83.80%,val_weighted_f1= 83.76,val_macro_f1= 82.03%
EarlyStopping counter: 15 out of 15
---------Early stopping--------
INFO - 09/13/26 23:35:17 - 0:10:13 - --------------Testing--------------------
INFO - 09/13/26 23:35:17 - 0:10:13 - --------------Loading from ./checkpoints/NC_WikiCS_model.pt--------------------
INFO - 09/13/26 23:35:18 - 0:10:13 - test_acc= 83.93%, weighted_f1= 83.88,macro_f1= 82.19%
INFO - 09/13/26 23:35:18 - 0:10:13 - test_acc= 83.93%, weighted_f1= 83.88,macro_f1= 82.19%
INFO - 09/13/26 23:35:18 - 0:10:13 - Epoch 0: train_loss=2.5208187103271484, train_acc= 2.86%
INFO - 09/13/26 23:35:18 - 0:10:13 - Epoch 0: val_loss=2.4164862632751465, val_acc= 3.33%,val_weighted_f1= 2.05,val_macro_f1= 1.40%
INFO - 09/13/26 23:35:18 - 0:10:14 - Epoch 1: train_loss=2.4336938858032227, train_acc= 3.86%
INFO - 09/13/26 23:35:18 - 0:10:14 - Epoch 2: train_loss=2.3537044525146484, train_acc= 6.81%
INFO - 09/13/26 23:35:18 - 0:10:14 - Epoch 3: train_loss=2.281181812286377, train_acc= 12.61%
INFO - 09/13/26 23:35:19 - 0:10:14 - Epoch 4: train_loss=2.220062255859375, train_acc= 17.69%
INFO - 09/13/26 23:35:19 - 0:10:14 - Epoch 5: train_loss=2.1711387634277344, train_acc= 21.22%
INFO - 09/13/26 23:35:19 - 0:10:14 - Epoch 5: val_loss=2.1050755977630615, val_acc= 23.50%,val_weighted_f1= 10.94,val_macro_f1= 5.48%
INFO - 09/13/26 23:35:19 - 0:10:15 - Epoch 6: train_loss=2.128154754638672, train_acc= 24.06%
INFO - 09/13/26 23:35:19 - 0:10:15 - Epoch 7: train_loss=2.0969040393829346, train_acc= 25.15%
INFO - 09/13/26 23:35:20 - 0:10:15 - Epoch 8: train_loss=2.0744144916534424, train_acc= 26.69%
INFO - 09/13/26 23:35:20 - 0:10:15 - Epoch 9: train_loss=2.0508065223693848, train_acc= 27.49%
INFO - 09/13/26 23:35:20 - 0:10:15 - Epoch 10: train_loss=2.0370733737945557, train_acc= 27.93%
INFO - 09/13/26 23:35:20 - 0:10:16 - Epoch 10: val_loss=2.0172312259674072, val_acc= 28.97%,val_weighted_f1= 17.16,val_macro_f1= 8.40%
INFO - 09/13/26 23:35:20 - 0:10:16 - Epoch 11: train_loss=2.02772855758667, train_acc= 27.46%
INFO - 09/13/26 23:35:20 - 0:10:16 - Epoch 12: train_loss=2.0211446285247803, train_acc= 28.88%
INFO - 09/13/26 23:35:21 - 0:10:16 - Epoch 13: train_loss=2.011751651763916, train_acc= 29.08%
INFO - 09/13/26 23:35:21 - 0:10:16 - Epoch 14: train_loss=2.0049233436584473, train_acc= 29.90%
INFO - 09/13/26 23:35:21 - 0:10:16 - Epoch 15: train_loss=1.9958709478378296, train_acc= 30.51%
INFO - 09/13/26 23:35:21 - 0:10:17 - Epoch 15: val_loss=1.980818271636963, val_acc= 30.38%,val_weighted_f1= 18.90,val_macro_f1= 9.36%
INFO - 09/13/26 23:35:21 - 0:10:17 - Epoch 16: train_loss=1.9852391481399536, train_acc= 31.26%
INFO - 09/13/26 23:35:22 - 0:10:17 - Epoch 17: train_loss=1.9821171760559082, train_acc= 31.43%
INFO - 09/13/26 23:35:22 - 0:10:17 - Epoch 18: train_loss=1.970573902130127, train_acc= 32.15%
INFO - 09/13/26 23:35:22 - 0:10:17 - Epoch 19: train_loss=1.9590730667114258, train_acc= 32.96%
INFO - 09/13/26 23:35:22 - 0:10:18 - Epoch 20: train_loss=1.9531878232955933, train_acc= 33.44%
INFO - 09/13/26 23:35:22 - 0:10:18 - Epoch 20: val_loss=1.9334700107574463, val_acc= 34.53%,val_weighted_f1= 25.37,val_macro_f1= 13.06%
INFO - 09/13/26 23:35:22 - 0:10:18 - Epoch 21: train_loss=1.9458369016647339, train_acc= 33.60%
INFO - 09/13/26 23:35:23 - 0:10:18 - Epoch 22: train_loss=1.9366986751556396, train_acc= 33.94%
INFO - 09/13/26 23:35:23 - 0:10:18 - Epoch 23: train_loss=1.9286794662475586, train_acc= 34.98%
INFO - 09/13/26 23:35:23 - 0:10:18 - Epoch 24: train_loss=1.9162613153457642, train_acc= 35.52%
INFO - 09/13/26 23:35:23 - 0:10:19 - Epoch 25: train_loss=1.9107048511505127, train_acc= 36.65%
INFO - 09/13/26 23:35:23 - 0:10:19 - Epoch 25: val_loss=1.8823840618133545, val_acc= 36.54%,val_weighted_f1= 27.88,val_macro_f1= 14.81%
INFO - 09/13/26 23:35:23 - 0:10:19 - Epoch 26: train_loss=1.898047924041748, train_acc= 36.86%
INFO - 09/13/26 23:35:24 - 0:10:19 - Epoch 27: train_loss=1.8942079544067383, train_acc= 36.52%
INFO - 09/13/26 23:35:24 - 0:10:19 - Epoch 28: train_loss=1.8793113231658936, train_acc= 36.80%
INFO - 09/13/26 23:35:24 - 0:10:20 - Epoch 29: train_loss=1.8736530542373657, train_acc= 37.53%
INFO - 09/13/26 23:35:24 - 0:10:20 - Epoch 30: train_loss=1.8642222881317139, train_acc= 37.66%
INFO - 09/13/26 23:35:24 - 0:10:20 - Epoch 30: val_loss=1.8321958780288696, val_acc= 37.95%,val_weighted_f1= 29.47,val_macro_f1= 15.93%
INFO - 09/13/26 23:35:25 - 0:10:20 - Epoch 31: train_loss=1.8513857126235962, train_acc= 38.56%
INFO - 09/13/26 23:35:25 - 0:10:20 - Epoch 32: train_loss=1.8421213626861572, train_acc= 39.57%
INFO - 09/13/26 23:35:25 - 0:10:20 - Epoch 33: train_loss=1.832686185836792, train_acc= 39.60%
INFO - 09/13/26 23:35:25 - 0:10:21 - Epoch 34: train_loss=1.8269519805908203, train_acc= 40.55%
INFO - 09/13/26 23:35:25 - 0:10:21 - Epoch 35: train_loss=1.8116604089736938, train_acc= 41.99%
INFO - 09/13/26 23:35:25 - 0:10:21 - Epoch 35: val_loss=1.7770687341690063, val_acc= 43.08%,val_weighted_f1= 35.23,val_macro_f1= 19.52%
INFO - 09/13/26 23:35:26 - 0:10:21 - Epoch 36: train_loss=1.8029145002365112, train_acc= 42.54%
INFO - 09/13/26 23:35:26 - 0:10:21 - Epoch 37: train_loss=1.7916909456253052, train_acc= 43.61%
INFO - 09/13/26 23:35:26 - 0:10:21 - Epoch 38: train_loss=1.7850050926208496, train_acc= 44.03%
INFO - 09/13/26 23:35:26 - 0:10:22 - Epoch 39: train_loss=1.7686716318130493, train_acc= 44.77%
INFO - 09/13/26 23:35:26 - 0:10:22 - Epoch 40: train_loss=1.7583954334259033, train_acc= 45.44%
INFO - 09/13/26 23:35:26 - 0:10:22 - Epoch 40: val_loss=1.717036247253418, val_acc= 48.85%,val_weighted_f1= 40.81,val_macro_f1= 23.04%
INFO - 09/13/26 23:35:27 - 0:10:22 - Epoch 41: train_loss=1.743271827697754, train_acc= 46.59%
INFO - 09/13/26 23:35:27 - 0:10:22 - Epoch 42: train_loss=1.7379411458969116, train_acc= 47.33%
INFO - 09/13/26 23:35:27 - 0:10:23 - Epoch 43: train_loss=1.7205177545547485, train_acc= 48.11%
INFO - 09/13/26 23:35:27 - 0:10:23 - Epoch 44: train_loss=1.7110581398010254, train_acc= 48.31%
INFO - 09/13/26 23:35:27 - 0:10:23 - Epoch 45: train_loss=1.697874665260315, train_acc= 49.34%
INFO - 09/13/26 23:35:28 - 0:10:23 - Epoch 45: val_loss=1.6530349254608154, val_acc= 52.26%,val_weighted_f1= 43.82,val_macro_f1= 24.95%
INFO - 09/13/26 23:35:28 - 0:10:23 - Epoch 46: train_loss=1.6862115859985352, train_acc= 49.74%
INFO - 09/13/26 23:35:28 - 0:10:23 - Epoch 47: train_loss=1.674882173538208, train_acc= 50.86%
INFO - 09/13/26 23:35:28 - 0:10:24 - Epoch 48: train_loss=1.6580681800842285, train_acc= 51.42%
INFO - 09/13/26 23:35:28 - 0:10:24 - Epoch 49: train_loss=1.6494646072387695, train_acc= 51.76%
INFO - 09/13/26 23:35:29 - 0:10:24 - Epoch 50: train_loss=1.637603521347046, train_acc= 52.12%
INFO - 09/13/26 23:35:29 - 0:10:24 - Epoch 50: val_loss=1.5819693803787231, val_acc= 54.91%,val_weighted_f1= 46.07,val_macro_f1= 26.46%
INFO - 09/13/26 23:35:29 - 0:10:24 - Epoch 51: train_loss=1.6219184398651123, train_acc= 52.31%
INFO - 09/13/26 23:35:29 - 0:10:25 - Epoch 52: train_loss=1.6082254648208618, train_acc= 52.20%
INFO - 09/13/26 23:35:29 - 0:10:25 - Epoch 53: train_loss=1.5944722890853882, train_acc= 53.14%
INFO - 09/13/26 23:35:29 - 0:10:25 - Epoch 54: train_loss=1.5768380165100098, train_acc= 53.08%
INFO - 09/13/26 23:35:30 - 0:10:25 - Epoch 55: train_loss=1.5612196922302246, train_acc= 54.05%
INFO - 09/13/26 23:35:30 - 0:10:25 - Epoch 55: val_loss=1.5029505491256714, val_acc= 56.03%,val_weighted_f1= 46.98,val_macro_f1= 27.16%
INFO - 09/13/26 23:35:30 - 0:10:25 - Epoch 56: train_loss=1.5448983907699585, train_acc= 54.42%
INFO - 09/13/26 23:35:30 - 0:10:26 - Epoch 57: train_loss=1.5371278524398804, train_acc= 54.35%
INFO - 09/13/26 23:35:30 - 0:10:26 - Epoch 58: train_loss=1.5176774263381958, train_acc= 54.38%
INFO - 09/13/26 23:35:31 - 0:10:26 - Epoch 59: train_loss=1.4997533559799194, train_acc= 55.12%
INFO - 09/13/26 23:35:31 - 0:10:26 - Epoch 60: train_loss=1.4879319667816162, train_acc= 54.92%
INFO - 09/13/26 23:35:31 - 0:10:26 - Epoch 60: val_loss=1.418782353401184, val_acc= 57.14%,val_weighted_f1= 48.28,val_macro_f1= 28.51%
INFO - 09/13/26 23:35:31 - 0:10:27 - Epoch 61: train_loss=1.4729392528533936, train_acc= 55.36%
INFO - 09/13/26 23:35:31 - 0:10:27 - Epoch 62: train_loss=1.4547278881072998, train_acc= 56.06%
INFO - 09/13/26 23:35:31 - 0:10:27 - Epoch 63: train_loss=1.4351638555526733, train_acc= 56.17%
INFO - 09/13/26 23:35:32 - 0:10:27 - Epoch 64: train_loss=1.4249333143234253, train_acc= 56.43%
INFO - 09/13/26 23:35:32 - 0:10:27 - Epoch 65: train_loss=1.4074780941009521, train_acc= 57.03%
INFO - 09/13/26 23:35:32 - 0:10:27 - Epoch 65: val_loss=1.332818865776062, val_acc= 57.99%,val_weighted_f1= 49.39,val_macro_f1= 29.62%
INFO - 09/13/26 23:35:32 - 0:10:28 - Epoch 66: train_loss=1.396187424659729, train_acc= 56.67%
INFO - 09/13/26 23:35:32 - 0:10:28 - Epoch 67: train_loss=1.3749076128005981, train_acc= 57.51%
INFO - 09/13/26 23:35:32 - 0:10:28 - Epoch 68: train_loss=1.3608170747756958, train_acc= 57.24%
INFO - 09/13/26 23:35:33 - 0:10:28 - Epoch 69: train_loss=1.3401724100112915, train_acc= 58.18%
INFO - 09/13/26 23:35:33 - 0:10:28 - Epoch 70: train_loss=1.330702781677246, train_acc= 58.33%
INFO - 09/13/26 23:35:33 - 0:10:29 - Epoch 70: val_loss=1.2491731643676758, val_acc= 59.44%,val_weighted_f1= 51.19,val_macro_f1= 31.47%
INFO - 09/13/26 23:35:33 - 0:10:29 - Epoch 71: train_loss=1.3151236772537231, train_acc= 58.48%
INFO - 09/13/26 23:35:33 - 0:10:29 - Epoch 72: train_loss=1.2951604127883911, train_acc= 58.82%
INFO - 09/13/26 23:35:34 - 0:10:29 - Epoch 73: train_loss=1.2819682359695435, train_acc= 59.02%
INFO - 09/13/26 23:35:34 - 0:10:29 - Epoch 74: train_loss=1.2676753997802734, train_acc= 59.79%
INFO - 09/13/26 23:35:34 - 0:10:30 - Epoch 75: train_loss=1.2480971813201904, train_acc= 59.79%
INFO - 09/13/26 23:35:34 - 0:10:30 - Epoch 75: val_loss=1.1700917482376099, val_acc= 61.67%,val_weighted_f1= 54.65,val_macro_f1= 35.67%
INFO - 09/13/26 23:35:34 - 0:10:30 - Epoch 76: train_loss=1.2352306842803955, train_acc= 60.73%
INFO - 09/13/26 23:35:34 - 0:10:30 - Epoch 77: train_loss=1.2232807874679565, train_acc= 60.92%
INFO - 09/13/26 23:35:35 - 0:10:30 - Epoch 78: train_loss=1.2093206644058228, train_acc= 61.30%
INFO - 09/13/26 23:35:35 - 0:10:30 - Epoch 79: train_loss=1.1974468231201172, train_acc= 61.43%
INFO - 09/13/26 23:35:35 - 0:10:31 - Epoch 80: train_loss=1.184657335281372, train_acc= 62.48%
INFO - 09/13/26 23:35:35 - 0:10:31 - Epoch 80: val_loss=1.0985363721847534, val_acc= 63.80%,val_weighted_f1= 57.82,val_macro_f1= 39.48%
INFO - 09/13/26 23:35:35 - 0:10:31 - Epoch 81: train_loss=1.1678361892700195, train_acc= 63.10%
INFO - 09/13/26 23:35:35 - 0:10:31 - Epoch 82: train_loss=1.1529505252838135, train_acc= 63.38%
INFO - 09/13/26 23:35:36 - 0:10:31 - Epoch 83: train_loss=1.1455671787261963, train_acc= 62.97%
INFO - 09/13/26 23:35:36 - 0:10:31 - Epoch 84: train_loss=1.1332881450653076, train_acc= 63.51%
INFO - 09/13/26 23:35:36 - 0:10:32 - Epoch 85: train_loss=1.1189132928848267, train_acc= 63.91%
INFO - 09/13/26 23:35:36 - 0:10:32 - Epoch 85: val_loss=1.0362077951431274, val_acc= 65.90%,val_weighted_f1= 60.63,val_macro_f1= 42.70%
INFO - 09/13/26 23:35:36 - 0:10:32 - Epoch 86: train_loss=1.1059147119522095, train_acc= 64.59%
INFO - 09/13/26 23:35:37 - 0:10:32 - Epoch 87: train_loss=1.0968503952026367, train_acc= 65.50%
INFO - 09/13/26 23:35:37 - 0:10:32 - Epoch 88: train_loss=1.0854684114456177, train_acc= 65.56%
INFO - 09/13/26 23:35:37 - 0:10:33 - Epoch 89: train_loss=1.0763704776763916, train_acc= 65.42%
INFO - 09/13/26 23:35:37 - 0:10:33 - Epoch 90: train_loss=1.0640109777450562, train_acc= 65.96%
INFO - 09/13/26 23:35:37 - 0:10:33 - Epoch 90: val_loss=0.9793224334716797, val_acc= 67.52%,val_weighted_f1= 62.85,val_macro_f1= 45.44%
INFO - 09/13/26 23:35:37 - 0:10:33 - Epoch 91: train_loss=1.0503498315811157, train_acc= 66.83%
INFO - 09/13/26 23:35:38 - 0:10:33 - Epoch 92: train_loss=1.0363762378692627, train_acc= 66.53%
INFO - 09/13/26 23:35:38 - 0:10:33 - Epoch 93: train_loss=1.0380337238311768, train_acc= 66.57%
INFO - 09/13/26 23:35:38 - 0:10:34 - Epoch 94: train_loss=1.0291169881820679, train_acc= 67.54%
INFO - 09/13/26 23:35:38 - 0:10:34 - Epoch 95: train_loss=1.0146434307098389, train_acc= 67.43%
INFO - 09/13/26 23:35:38 - 0:10:34 - Epoch 95: val_loss=0.9298932552337646, val_acc= 69.40%,val_weighted_f1= 65.38,val_macro_f1= 48.71%
INFO - 09/13/26 23:35:39 - 0:10:34 - Epoch 96: train_loss=1.0061590671539307, train_acc= 68.14%
INFO - 09/13/26 23:35:39 - 0:10:34 - Epoch 97: train_loss=0.9975659251213074, train_acc= 67.64%
INFO - 09/13/26 23:35:39 - 0:10:35 - Epoch 98: train_loss=0.9908351898193359, train_acc= 67.94%
INFO - 09/13/26 23:35:39 - 0:10:35 - Epoch 99: train_loss=0.9792608618736267, train_acc= 68.18%
INFO - 09/13/26 23:35:39 - 0:10:35 - Epoch 100: train_loss=0.9703086614608765, train_acc= 68.85%
INFO - 09/13/26 23:35:39 - 0:10:35 - Epoch 100: val_loss=0.8864338994026184, val_acc= 70.26%,val_weighted_f1= 66.79,val_macro_f1= 51.15%
INFO - 09/13/26 23:35:40 - 0:10:35 - Epoch 101: train_loss=0.9635503888130188, train_acc= 68.65%
INFO - 09/13/26 23:35:40 - 0:10:35 - Epoch 102: train_loss=0.9538270831108093, train_acc= 68.88%
INFO - 09/13/26 23:35:40 - 0:10:36 - Epoch 103: train_loss=0.944394052028656, train_acc= 69.68%
INFO - 09/13/26 23:35:40 - 0:10:36 - Epoch 104: train_loss=0.9392887949943542, train_acc= 69.78%
INFO - 09/13/26 23:35:40 - 0:10:36 - Epoch 105: train_loss=0.9319674372673035, train_acc= 69.92%
INFO - 09/13/26 23:35:40 - 0:10:36 - Epoch 105: val_loss=0.8485693335533142, val_acc= 71.71%,val_weighted_f1= 69.10,val_macro_f1= 55.72%
INFO - 09/13/26 23:35:41 - 0:10:36 - Epoch 106: train_loss=0.9241015911102295, train_acc= 70.10%
INFO - 09/13/26 23:35:41 - 0:10:36 - Epoch 107: train_loss=0.9198849201202393, train_acc= 70.46%
INFO - 09/13/26 23:35:41 - 0:10:37 - Epoch 108: train_loss=0.9096108078956604, train_acc= 70.29%
INFO - 09/13/26 23:35:41 - 0:10:37 - Epoch 109: train_loss=0.9065901041030884, train_acc= 70.60%
INFO - 09/13/26 23:35:41 - 0:10:37 - Epoch 110: train_loss=0.8910745978355408, train_acc= 71.30%
INFO - 09/13/26 23:35:42 - 0:10:37 - Epoch 110: val_loss=0.8156472444534302, val_acc= 72.65%,val_weighted_f1= 70.41,val_macro_f1= 57.92%
INFO - 09/13/26 23:35:42 - 0:10:37 - Epoch 111: train_loss=0.8910301923751831, train_acc= 70.57%
INFO - 09/13/26 23:35:42 - 0:10:38 - Epoch 112: train_loss=0.8884201645851135, train_acc= 70.99%
INFO - 09/13/26 23:35:42 - 0:10:38 - Epoch 113: train_loss=0.8772063255310059, train_acc= 71.70%
INFO - 09/13/26 23:35:42 - 0:10:38 - Epoch 114: train_loss=0.8714901804924011, train_acc= 72.01%
INFO - 09/13/26 23:35:43 - 0:10:38 - Epoch 115: train_loss=0.8709244132041931, train_acc= 71.97%
INFO - 09/13/26 23:35:43 - 0:10:38 - Epoch 115: val_loss=0.7847268581390381, val_acc= 73.89%,val_weighted_f1= 72.30,val_macro_f1= 61.93%
INFO - 09/13/26 23:35:43 - 0:10:38 - Epoch 116: train_loss=0.8606616258621216, train_acc= 71.78%
INFO - 09/13/26 23:35:43 - 0:10:39 - Epoch 117: train_loss=0.8587448000907898, train_acc= 71.56%
INFO - 09/13/26 23:35:43 - 0:10:39 - Epoch 118: train_loss=0.8490219712257385, train_acc= 72.53%
INFO - 09/13/26 23:35:43 - 0:10:39 - Epoch 119: train_loss=0.8500876426696777, train_acc= 72.33%
INFO - 09/13/26 23:35:44 - 0:10:39 - Epoch 120: train_loss=0.8415127992630005, train_acc= 72.90%
INFO - 09/13/26 23:35:44 - 0:10:39 - Epoch 120: val_loss=0.7583803534507751, val_acc= 75.21%,val_weighted_f1= 74.05,val_macro_f1= 65.68%
INFO - 09/13/26 23:35:44 - 0:10:40 - Epoch 121: train_loss=0.8380573987960815, train_acc= 73.00%
INFO - 09/13/26 23:35:44 - 0:10:40 - Epoch 122: train_loss=0.8295937180519104, train_acc= 72.68%
INFO - 09/13/26 23:35:44 - 0:10:40 - Epoch 123: train_loss=0.8185749650001526, train_acc= 73.48%
INFO - 09/13/26 23:35:44 - 0:10:40 - Epoch 124: train_loss=0.8153463006019592, train_acc= 73.98%
INFO - 09/13/26 23:35:45 - 0:10:40 - Epoch 125: train_loss=0.8072720766067505, train_acc= 74.21%
INFO - 09/13/26 23:35:45 - 0:10:40 - Epoch 125: val_loss=0.7336912751197815, val_acc= 76.11%,val_weighted_f1= 75.34,val_macro_f1= 69.02%
INFO - 09/13/26 23:35:45 - 0:10:41 - Epoch 126: train_loss=0.8122973442077637, train_acc= 73.72%
INFO - 09/13/26 23:35:45 - 0:10:41 - Epoch 127: train_loss=0.8031695485115051, train_acc= 74.29%
INFO - 09/13/26 23:35:45 - 0:10:41 - Epoch 128: train_loss=0.7956598401069641, train_acc= 74.65%
INFO - 09/13/26 23:35:46 - 0:10:41 - Epoch 129: train_loss=0.7938385605812073, train_acc= 74.66%
INFO - 09/13/26 23:35:46 - 0:10:41 - Epoch 130: train_loss=0.792051374912262, train_acc= 74.43%
INFO - 09/13/26 23:35:46 - 0:10:41 - Epoch 130: val_loss=0.714042067527771, val_acc= 76.97%,val_weighted_f1= 76.32,val_macro_f1= 70.37%
INFO - 09/13/26 23:35:46 - 0:10:42 - Epoch 131: train_loss=0.7898477911949158, train_acc= 75.02%
INFO - 09/13/26 23:35:46 - 0:10:42 - Epoch 132: train_loss=0.7795477509498596, train_acc= 74.98%
INFO - 09/13/26 23:35:46 - 0:10:42 - Epoch 133: train_loss=0.7757647037506104, train_acc= 74.99%
INFO - 09/13/26 23:35:47 - 0:10:42 - Epoch 134: train_loss=0.7714276313781738, train_acc= 75.36%
INFO - 09/13/26 23:35:47 - 0:10:42 - Epoch 135: train_loss=0.7679268717765808, train_acc= 75.29%
INFO - 09/13/26 23:35:47 - 0:10:42 - Epoch 135: val_loss=0.6945358514785767, val_acc= 77.22%,val_weighted_f1= 76.70,val_macro_f1= 71.27%
INFO - 09/13/26 23:35:47 - 0:10:43 - Epoch 136: train_loss=0.764851987361908, train_acc= 75.26%
INFO - 09/13/26 23:35:47 - 0:10:43 - Epoch 137: train_loss=0.7592809796333313, train_acc= 75.43%
INFO - 09/13/26 23:35:48 - 0:10:43 - Epoch 138: train_loss=0.7536596655845642, train_acc= 76.20%
INFO - 09/13/26 23:35:48 - 0:10:43 - Epoch 139: train_loss=0.7507509589195251, train_acc= 76.24%
INFO - 09/13/26 23:35:48 - 0:10:43 - Epoch 140: train_loss=0.7415382266044617, train_acc= 76.20%
INFO - 09/13/26 23:35:48 - 0:10:44 - Epoch 140: val_loss=0.6755908727645874, val_acc= 78.12%,val_weighted_f1= 77.67,val_macro_f1= 73.03%
INFO - 09/13/26 23:35:48 - 0:10:44 - Epoch 141: train_loss=0.7434410452842712, train_acc= 76.11%
INFO - 09/13/26 23:35:48 - 0:10:44 - Epoch 142: train_loss=0.7365528345108032, train_acc= 76.51%
INFO - 09/13/26 23:35:49 - 0:10:44 - Epoch 143: train_loss=0.7382174730300903, train_acc= 76.39%
INFO - 09/13/26 23:35:49 - 0:10:44 - Epoch 144: train_loss=0.7297632694244385, train_acc= 76.56%
INFO - 09/13/26 23:35:49 - 0:10:45 - Epoch 145: train_loss=0.7339376211166382, train_acc= 76.44%
INFO - 09/13/26 23:35:49 - 0:10:45 - Epoch 145: val_loss=0.6595235466957092, val_acc= 79.10%,val_weighted_f1= 78.78,val_macro_f1= 74.74%
INFO - 09/13/26 23:35:49 - 0:10:45 - Epoch 146: train_loss=0.7286328673362732, train_acc= 76.67%
INFO - 09/13/26 23:35:49 - 0:10:45 - Epoch 147: train_loss=0.7239144444465637, train_acc= 76.98%
INFO - 09/13/26 23:35:50 - 0:10:45 - Epoch 148: train_loss=0.7166004180908203, train_acc= 77.23%
INFO - 09/13/26 23:35:50 - 0:10:45 - Epoch 149: train_loss=0.7167695164680481, train_acc= 77.08%
INFO - 09/13/26 23:35:50 - 0:10:46 - Epoch 150: train_loss=0.7126200795173645, train_acc= 77.15%
INFO - 09/13/26 23:35:50 - 0:10:46 - Epoch 150: val_loss=0.6437205076217651, val_acc= 79.79%,val_weighted_f1= 79.51,val_macro_f1= 75.77%
INFO - 09/13/26 23:35:50 - 0:10:46 - Epoch 151: train_loss=0.7105129361152649, train_acc= 76.76%
INFO - 09/13/26 23:35:51 - 0:10:46 - Epoch 152: train_loss=0.7105334401130676, train_acc= 77.01%
INFO - 09/13/26 23:35:51 - 0:10:46 - Epoch 153: train_loss=0.7016351222991943, train_acc= 77.92%
INFO - 09/13/26 23:35:51 - 0:10:47 - Epoch 154: train_loss=0.6978405714035034, train_acc= 77.75%
INFO - 09/13/26 23:35:51 - 0:10:47 - Epoch 155: train_loss=0.7022889852523804, train_acc= 77.23%
INFO - 09/13/26 23:35:51 - 0:10:47 - Epoch 155: val_loss=0.6309661269187927, val_acc= 80.21%,val_weighted_f1= 79.95,val_macro_f1= 76.51%
INFO - 09/13/26 23:35:51 - 0:10:47 - Epoch 156: train_loss=0.697708010673523, train_acc= 77.41%
INFO - 09/13/26 23:35:52 - 0:10:47 - Epoch 157: train_loss=0.6854570508003235, train_acc= 77.61%
INFO - 09/13/26 23:35:52 - 0:10:47 - Epoch 158: train_loss=0.6886542439460754, train_acc= 77.89%
INFO - 09/13/26 23:35:52 - 0:10:48 - Epoch 159: train_loss=0.6850020289421082, train_acc= 78.45%
INFO - 09/13/26 23:35:52 - 0:10:48 - Epoch 160: train_loss=0.6773774027824402, train_acc= 78.29%
INFO - 09/13/26 23:35:52 - 0:10:48 - Epoch 160: val_loss=0.6210630536079407, val_acc= 80.38%,val_weighted_f1= 80.19,val_macro_f1= 77.05%
INFO - 09/13/26 23:35:53 - 0:10:48 - Epoch 161: train_loss=0.675601065158844, train_acc= 78.02%
INFO - 09/13/26 23:35:53 - 0:10:48 - Epoch 162: train_loss=0.675163209438324, train_acc= 77.94%
INFO - 09/13/26 23:35:53 - 0:10:48 - Epoch 163: train_loss=0.6696751713752747, train_acc= 78.34%
INFO - 09/13/26 23:35:53 - 0:10:49 - Epoch 164: train_loss=0.6668912172317505, train_acc= 78.71%
INFO - 09/13/26 23:35:53 - 0:10:49 - Epoch 165: train_loss=0.6674660444259644, train_acc= 78.65%
INFO - 09/13/26 23:35:53 - 0:10:49 - Epoch 165: val_loss=0.6092534065246582, val_acc= 80.85%,val_weighted_f1= 80.66,val_macro_f1= 77.45%
INFO - 09/13/26 23:35:54 - 0:10:49 - Epoch 166: train_loss=0.6638405323028564, train_acc= 78.59%
INFO - 09/13/26 23:35:54 - 0:10:49 - Epoch 167: train_loss=0.6598469614982605, train_acc= 79.12%
INFO - 09/13/26 23:35:54 - 0:10:50 - Epoch 168: train_loss=0.660256028175354, train_acc= 78.74%
INFO - 09/13/26 23:35:54 - 0:10:50 - Epoch 169: train_loss=0.657560408115387, train_acc= 78.56%
INFO - 09/13/26 23:35:54 - 0:10:50 - Epoch 170: train_loss=0.6558650135993958, train_acc= 78.68%
INFO - 09/13/26 23:35:55 - 0:10:50 - Epoch 170: val_loss=0.5977157950401306, val_acc= 80.85%,val_weighted_f1= 80.69,val_macro_f1= 77.64%
INFO - 09/13/26 23:35:55 - 0:10:50 - Epoch 171: train_loss=0.6583148241043091, train_acc= 78.71%
INFO - 09/13/26 23:35:55 - 0:10:50 - Epoch 172: train_loss=0.6476945877075195, train_acc= 78.96%
INFO - 09/13/26 23:35:55 - 0:10:51 - Epoch 173: train_loss=0.6448239684104919, train_acc= 79.25%
INFO - 09/13/26 23:35:55 - 0:10:51 - Epoch 174: train_loss=0.6424067616462708, train_acc= 79.19%
INFO - 09/13/26 23:35:56 - 0:10:51 - Epoch 175: train_loss=0.6439549922943115, train_acc= 79.15%
INFO - 09/13/26 23:35:56 - 0:10:51 - Epoch 175: val_loss=0.591211199760437, val_acc= 81.11%,val_weighted_f1= 80.98,val_macro_f1= 78.15%
INFO - 09/13/26 23:35:56 - 0:10:51 - Epoch 176: train_loss=0.6466187834739685, train_acc= 79.02%
INFO - 09/13/26 23:35:56 - 0:10:51 - Epoch 177: train_loss=0.6423029899597168, train_acc= 79.49%
INFO - 09/13/26 23:35:56 - 0:10:52 - Epoch 178: train_loss=0.6395066976547241, train_acc= 79.19%
INFO - 09/13/26 23:35:56 - 0:10:52 - Epoch 179: train_loss=0.6335513591766357, train_acc= 79.09%
INFO - 09/13/26 23:35:57 - 0:10:52 - Epoch 180: train_loss=0.633387565612793, train_acc= 79.69%
INFO - 09/13/26 23:35:57 - 0:10:52 - Epoch 180: val_loss=0.5813341736793518, val_acc= 81.24%,val_weighted_f1= 81.13,val_macro_f1= 78.35%
INFO - 09/13/26 23:35:57 - 0:10:52 - Epoch 181: train_loss=0.630691647529602, train_acc= 79.68%
INFO - 09/13/26 23:35:57 - 0:10:53 - Epoch 182: train_loss=0.6299678683280945, train_acc= 79.52%
INFO - 09/13/26 23:35:57 - 0:10:53 - Epoch 183: train_loss=0.6226820349693298, train_acc= 79.73%
INFO - 09/13/26 23:35:57 - 0:10:53 - Epoch 184: train_loss=0.6246883869171143, train_acc= 79.80%
INFO - 09/13/26 23:35:58 - 0:10:53 - Epoch 185: train_loss=0.6254114508628845, train_acc= 79.25%
INFO - 09/13/26 23:35:58 - 0:10:53 - Epoch 185: val_loss=0.573773980140686, val_acc= 81.50%,val_weighted_f1= 81.37,val_macro_f1= 78.62%
INFO - 09/13/26 23:35:58 - 0:10:53 - Epoch 186: train_loss=0.6217530965805054, train_acc= 80.34%
INFO - 09/13/26 23:35:58 - 0:10:54 - Epoch 187: train_loss=0.6148995161056519, train_acc= 79.63%
INFO - 09/13/26 23:35:58 - 0:10:54 - Epoch 188: train_loss=0.6184540390968323, train_acc= 79.87%
INFO - 09/13/26 23:35:59 - 0:10:54 - Epoch 189: train_loss=0.6148822903633118, train_acc= 80.07%
INFO - 09/13/26 23:35:59 - 0:10:54 - Epoch 190: train_loss=0.6152159571647644, train_acc= 79.85%
INFO - 09/13/26 23:35:59 - 0:10:54 - Epoch 190: val_loss=0.5666027069091797, val_acc= 81.75%,val_weighted_f1= 81.64,val_macro_f1= 78.86%
INFO - 09/13/26 23:35:59 - 0:10:55 - Epoch 191: train_loss=0.6055425405502319, train_acc= 80.15%
INFO - 09/13/26 23:35:59 - 0:10:55 - Epoch 192: train_loss=0.6066019535064697, train_acc= 80.70%
INFO - 09/13/26 23:35:59 - 0:10:55 - Epoch 193: train_loss=0.611633837223053, train_acc= 80.26%
INFO - 09/13/26 23:36:00 - 0:10:55 - Epoch 194: train_loss=0.6050951480865479, train_acc= 80.47%
INFO - 09/13/26 23:36:00 - 0:10:55 - Epoch 195: train_loss=0.6068217158317566, train_acc= 80.49%
INFO - 09/13/26 23:36:00 - 0:10:55 - Epoch 195: val_loss=0.5628456473350525, val_acc= 81.84%,val_weighted_f1= 81.73,val_macro_f1= 79.04%
INFO - 09/13/26 23:36:00 - 0:10:56 - Epoch 196: train_loss=0.6056748032569885, train_acc= 80.39%
INFO - 09/13/26 23:36:00 - 0:10:56 - Epoch 197: train_loss=0.6057206988334656, train_acc= 80.16%
INFO - 09/13/26 23:36:01 - 0:10:56 - Epoch 198: train_loss=0.6021290421485901, train_acc= 80.59%
INFO - 09/13/26 23:36:01 - 0:10:56 - Epoch 199: train_loss=0.6004628539085388, train_acc= 80.69%
INFO - 09/13/26 23:36:01 - 0:10:56 - Epoch 200: train_loss=0.5979081988334656, train_acc= 80.64%
INFO - 09/13/26 23:36:01 - 0:10:56 - Epoch 200: val_loss=0.5558666586875916, val_acc= 81.97%,val_weighted_f1= 81.87,val_macro_f1= 79.11%
INFO - 09/13/26 23:36:01 - 0:10:57 - Epoch 201: train_loss=0.6030685305595398, train_acc= 80.42%
INFO - 09/13/26 23:36:01 - 0:10:57 - Epoch 202: train_loss=0.5940834879875183, train_acc= 80.53%
INFO - 09/13/26 23:36:02 - 0:10:57 - Epoch 203: train_loss=0.596518337726593, train_acc= 80.62%
INFO - 09/13/26 23:36:02 - 0:10:57 - Epoch 204: train_loss=0.5848647356033325, train_acc= 81.17%
INFO - 09/13/26 23:36:02 - 0:10:57 - Epoch 205: train_loss=0.5882608294487, train_acc= 80.73%
INFO - 09/13/26 23:36:02 - 0:10:58 - Epoch 205: val_loss=0.5494953393936157, val_acc= 82.31%,val_weighted_f1= 82.19,val_macro_f1= 79.43%
INFO - 09/13/26 23:36:02 - 0:10:58 - Epoch 206: train_loss=0.584857702255249, train_acc= 80.90%
INFO - 09/13/26 23:36:02 - 0:10:58 - Epoch 207: train_loss=0.5866706967353821, train_acc= 81.01%
INFO - 09/13/26 23:36:03 - 0:10:58 - Epoch 208: train_loss=0.591204047203064, train_acc= 80.39%
INFO - 09/13/26 23:36:03 - 0:10:58 - Epoch 209: train_loss=0.5821701884269714, train_acc= 80.64%
INFO - 09/13/26 23:36:03 - 0:10:59 - Epoch 210: train_loss=0.5828694105148315, train_acc= 80.74%
INFO - 09/13/26 23:36:03 - 0:10:59 - Epoch 210: val_loss=0.544375479221344, val_acc= 82.52%,val_weighted_f1= 82.43,val_macro_f1= 79.79%
INFO - 09/13/26 23:36:03 - 0:10:59 - Epoch 211: train_loss=0.5838805437088013, train_acc= 80.54%
INFO - 09/13/26 23:36:04 - 0:10:59 - Epoch 212: train_loss=0.5788525938987732, train_acc= 81.14%
INFO - 09/13/26 23:36:04 - 0:10:59 - Epoch 213: train_loss=0.5866571664810181, train_acc= 80.37%
INFO - 09/13/26 23:36:04 - 0:10:59 - Epoch 214: train_loss=0.579383909702301, train_acc= 81.34%
INFO - 09/13/26 23:36:04 - 0:11:00 - Epoch 215: train_loss=0.5755742788314819, train_acc= 80.94%
INFO - 09/13/26 23:36:04 - 0:11:00 - Epoch 215: val_loss=0.5425596833229065, val_acc= 82.31%,val_weighted_f1= 82.20,val_macro_f1= 79.55%
EarlyStopping counter: 1 out of 15
INFO - 09/13/26 23:36:04 - 0:11:00 - Epoch 216: train_loss=0.5712090134620667, train_acc= 81.14%
INFO - 09/13/26 23:36:05 - 0:11:00 - Epoch 217: train_loss=0.5728721022605896, train_acc= 80.86%
INFO - 09/13/26 23:36:05 - 0:11:00 - Epoch 218: train_loss=0.5683082938194275, train_acc= 81.23%
INFO - 09/13/26 23:36:05 - 0:11:01 - Epoch 219: train_loss=0.5779399275779724, train_acc= 81.23%
INFO - 09/13/26 23:36:05 - 0:11:01 - Epoch 220: train_loss=0.5699936747550964, train_acc= 81.46%
INFO - 09/13/26 23:36:05 - 0:11:01 - Epoch 220: val_loss=0.5370312929153442, val_acc= 82.82%,val_weighted_f1= 82.73,val_macro_f1= 80.18%
INFO - 09/13/26 23:36:06 - 0:11:01 - Epoch 221: train_loss=0.5649391412734985, train_acc= 81.64%
INFO - 09/13/26 23:36:06 - 0:11:01 - Epoch 222: train_loss=0.5706517696380615, train_acc= 81.31%
INFO - 09/13/26 23:36:06 - 0:11:01 - Epoch 223: train_loss=0.5699272751808167, train_acc= 81.37%
INFO - 09/13/26 23:36:06 - 0:11:02 - Epoch 224: train_loss=0.5664776563644409, train_acc= 81.73%
INFO - 09/13/26 23:36:06 - 0:11:02 - Epoch 225: train_loss=0.5609825253486633, train_acc= 81.84%
INFO - 09/13/26 23:36:06 - 0:11:02 - Epoch 225: val_loss=0.5334069728851318, val_acc= 82.65%,val_weighted_f1= 82.55,val_macro_f1= 79.98%
EarlyStopping counter: 1 out of 15
INFO - 09/13/26 23:36:07 - 0:11:02 - Epoch 226: train_loss=0.5671945810317993, train_acc= 81.36%
INFO - 09/13/26 23:36:07 - 0:11:02 - Epoch 227: train_loss=0.560491681098938, train_acc= 81.84%
INFO - 09/13/26 23:36:07 - 0:11:02 - Epoch 228: train_loss=0.5648172497749329, train_acc= 81.34%
INFO - 09/13/26 23:36:07 - 0:11:03 - Epoch 229: train_loss=0.5574021339416504, train_acc= 81.61%
INFO - 09/13/26 23:36:07 - 0:11:03 - Epoch 230: train_loss=0.5627452731132507, train_acc= 81.83%
INFO - 09/13/26 23:36:07 - 0:11:03 - Epoch 230: val_loss=0.530992329120636, val_acc= 82.95%,val_weighted_f1= 82.87,val_macro_f1= 80.27%
INFO - 09/13/26 23:36:08 - 0:11:03 - Epoch 231: train_loss=0.5543926358222961, train_acc= 81.67%
INFO - 09/13/26 23:36:08 - 0:11:03 - Epoch 232: train_loss=0.5564204454421997, train_acc= 81.48%
INFO - 09/13/26 23:36:08 - 0:11:04 - Epoch 233: train_loss=0.55447918176651, train_acc= 81.73%
INFO - 09/13/26 23:36:08 - 0:11:04 - Epoch 234: train_loss=0.5604631900787354, train_acc= 81.38%
INFO - 09/13/26 23:36:08 - 0:11:04 - Epoch 235: train_loss=0.5535306930541992, train_acc= 82.03%
INFO - 09/13/26 23:36:09 - 0:11:04 - Epoch 235: val_loss=0.5273385643959045, val_acc= 83.03%,val_weighted_f1= 82.97,val_macro_f1= 80.25%
INFO - 09/13/26 23:36:09 - 0:11:04 - Epoch 236: train_loss=0.5539209842681885, train_acc= 81.80%
INFO - 09/13/26 23:36:09 - 0:11:04 - Epoch 237: train_loss=0.5527196526527405, train_acc= 81.71%
INFO - 09/13/26 23:36:09 - 0:11:05 - Epoch 238: train_loss=0.5513955354690552, train_acc= 82.14%
INFO - 09/13/26 23:36:09 - 0:11:05 - Epoch 239: train_loss=0.555269718170166, train_acc= 81.77%
INFO - 09/13/26 23:36:10 - 0:11:05 - Epoch 240: train_loss=0.5434497594833374, train_acc= 81.71%
INFO - 09/13/26 23:36:10 - 0:11:05 - Epoch 240: val_loss=0.5256766676902771, val_acc= 83.38%,val_weighted_f1= 83.31,val_macro_f1= 80.74%
INFO - 09/13/26 23:36:10 - 0:11:05 - Epoch 241: train_loss=0.548219621181488, train_acc= 82.03%
INFO - 09/13/26 23:36:10 - 0:11:05 - Epoch 242: train_loss=0.5468770861625671, train_acc= 82.50%
INFO - 09/13/26 23:36:10 - 0:11:06 - Epoch 243: train_loss=0.5506368279457092, train_acc= 81.63%
INFO - 09/13/26 23:36:10 - 0:11:06 - Epoch 244: train_loss=0.5510807633399963, train_acc= 82.07%
INFO - 09/13/26 23:36:11 - 0:11:06 - Epoch 245: train_loss=0.5467263460159302, train_acc= 81.56%
INFO - 09/13/26 23:36:11 - 0:11:06 - Epoch 245: val_loss=0.5218963027000427, val_acc= 83.25%,val_weighted_f1= 83.17,val_macro_f1= 80.46%
EarlyStopping counter: 1 out of 15
INFO - 09/13/26 23:36:11 - 0:11:06 - Epoch 246: train_loss=0.5452315211296082, train_acc= 82.35%
INFO - 09/13/26 23:36:11 - 0:11:07 - Epoch 247: train_loss=0.5407793521881104, train_acc= 82.35%
INFO - 09/13/26 23:36:11 - 0:11:07 - Epoch 248: train_loss=0.5429540276527405, train_acc= 82.31%
INFO - 09/13/26 23:36:11 - 0:11:07 - Epoch 249: train_loss=0.541630744934082, train_acc= 82.38%
INFO - 09/13/26 23:36:12 - 0:11:07 - Epoch 250: train_loss=0.5404404401779175, train_acc= 82.42%
INFO - 09/13/26 23:36:12 - 0:11:07 - Epoch 250: val_loss=0.5199784636497498, val_acc= 83.42%,val_weighted_f1= 83.34,val_macro_f1= 80.65%
INFO - 09/13/26 23:36:12 - 0:11:07 - Epoch 251: train_loss=0.5363828539848328, train_acc= 82.68%
INFO - 09/13/26 23:36:12 - 0:11:08 - Epoch 252: train_loss=0.5358865261077881, train_acc= 82.65%
INFO - 09/13/26 23:36:12 - 0:11:08 - Epoch 253: train_loss=0.5327845215797424, train_acc= 82.61%
INFO - 09/13/26 23:36:13 - 0:11:08 - Epoch 254: train_loss=0.536078929901123, train_acc= 82.40%
INFO - 09/13/26 23:36:13 - 0:11:08 - Epoch 255: train_loss=0.5373255014419556, train_acc= 82.44%
INFO - 09/13/26 23:36:13 - 0:11:08 - Epoch 255: val_loss=0.5158279538154602, val_acc= 83.42%,val_weighted_f1= 83.34,val_macro_f1= 80.76%
INFO - 09/13/26 23:36:13 - 0:11:09 - Epoch 256: train_loss=0.5373612642288208, train_acc= 82.52%
INFO - 09/13/26 23:36:13 - 0:11:09 - Epoch 257: train_loss=0.5323017835617065, train_acc= 82.44%
INFO - 09/13/26 23:36:13 - 0:11:09 - Epoch 258: train_loss=0.5346078872680664, train_acc= 82.25%
INFO - 09/13/26 23:36:14 - 0:11:09 - Epoch 259: train_loss=0.5308068990707397, train_acc= 82.72%
INFO - 09/13/26 23:36:14 - 0:11:09 - Epoch 260: train_loss=0.5341928005218506, train_acc= 82.67%
INFO - 09/13/26 23:36:14 - 0:11:09 - Epoch 260: val_loss=0.5144625902175903, val_acc= 83.50%,val_weighted_f1= 83.42,val_macro_f1= 80.70%
INFO - 09/13/26 23:36:14 - 0:11:10 - Epoch 261: train_loss=0.5346463918685913, train_acc= 82.71%
INFO - 09/13/26 23:36:14 - 0:11:10 - Epoch 262: train_loss=0.5258656144142151, train_acc= 82.79%
INFO - 09/13/26 23:36:15 - 0:11:10 - Epoch 263: train_loss=0.5351721048355103, train_acc= 82.74%
INFO - 09/13/26 23:36:15 - 0:11:10 - Epoch 264: train_loss=0.5271392464637756, train_acc= 82.74%
INFO - 09/13/26 23:36:15 - 0:11:10 - Epoch 265: train_loss=0.5288973450660706, train_acc= 82.72%
INFO - 09/13/26 23:36:15 - 0:11:10 - Epoch 265: val_loss=0.5102138519287109, val_acc= 83.46%,val_weighted_f1= 83.39,val_macro_f1= 80.68%
EarlyStopping counter: 1 out of 15
INFO - 09/13/26 23:36:15 - 0:11:11 - Epoch 266: train_loss=0.530587375164032, train_acc= 82.88%
INFO - 09/13/26 23:36:15 - 0:11:11 - Epoch 267: train_loss=0.5255857110023499, train_acc= 82.89%
INFO - 09/13/26 23:36:16 - 0:11:11 - Epoch 268: train_loss=0.5241804122924805, train_acc= 82.89%
INFO - 09/13/26 23:36:16 - 0:11:11 - Epoch 269: train_loss=0.5195042490959167, train_acc= 83.12%
INFO - 09/13/26 23:36:16 - 0:11:11 - Epoch 270: train_loss=0.5223719477653503, train_acc= 82.77%
INFO - 09/13/26 23:36:16 - 0:11:12 - Epoch 270: val_loss=0.5089421272277832, val_acc= 83.68%,val_weighted_f1= 83.61,val_macro_f1= 81.01%
INFO - 09/13/26 23:36:16 - 0:11:12 - Epoch 271: train_loss=0.5249026417732239, train_acc= 82.57%
INFO - 09/13/26 23:36:16 - 0:11:12 - Epoch 272: train_loss=0.5221379995346069, train_acc= 82.98%
INFO - 09/13/26 23:36:17 - 0:11:12 - Epoch 273: train_loss=0.5223997235298157, train_acc= 82.60%
INFO - 09/13/26 23:36:17 - 0:11:12 - Epoch 274: train_loss=0.5197733640670776, train_acc= 82.92%
INFO - 09/13/26 23:36:17 - 0:11:13 - Epoch 275: train_loss=0.5259328484535217, train_acc= 83.11%
INFO - 09/13/26 23:36:17 - 0:11:13 - Epoch 275: val_loss=0.5056790113449097, val_acc= 83.72%,val_weighted_f1= 83.69,val_macro_f1= 81.16%
INFO - 09/13/26 23:36:17 - 0:11:13 - Epoch 276: train_loss=0.518510103225708, train_acc= 83.12%
INFO - 09/13/26 23:36:18 - 0:11:13 - Epoch 277: train_loss=0.5143759846687317, train_acc= 83.21%
INFO - 09/13/26 23:36:18 - 0:11:13 - Epoch 278: train_loss=0.5151504874229431, train_acc= 83.08%
INFO - 09/13/26 23:36:18 - 0:11:13 - Epoch 279: train_loss=0.5207001566886902, train_acc= 83.34%
INFO - 09/13/26 23:36:18 - 0:11:14 - Epoch 280: train_loss=0.511315643787384, train_acc= 83.44%
INFO - 09/13/26 23:36:18 - 0:11:14 - Epoch 280: val_loss=0.5072124004364014, val_acc= 83.93%,val_weighted_f1= 83.88,val_macro_f1= 81.29%
INFO - 09/13/26 23:36:18 - 0:11:14 - Epoch 281: train_loss=0.5183142423629761, train_acc= 83.19%
INFO - 09/13/26 23:36:19 - 0:11:14 - Epoch 282: train_loss=0.5163835883140564, train_acc= 82.87%
INFO - 09/13/26 23:36:19 - 0:11:14 - Epoch 283: train_loss=0.512173593044281, train_acc= 83.24%
INFO - 09/13/26 23:36:19 - 0:11:15 - Epoch 284: train_loss=0.5121616125106812, train_acc= 83.36%
INFO - 09/13/26 23:36:19 - 0:11:15 - Epoch 285: train_loss=0.5120934844017029, train_acc= 83.36%
INFO - 09/13/26 23:36:19 - 0:11:15 - Epoch 285: val_loss=0.5056709051132202, val_acc= 83.76%,val_weighted_f1= 83.73,val_macro_f1= 81.20%
EarlyStopping counter: 1 out of 15
INFO - 09/13/26 23:36:19 - 0:11:15 - Epoch 286: train_loss=0.5079986453056335, train_acc= 83.46%
INFO - 09/13/26 23:36:20 - 0:11:15 - Epoch 287: train_loss=0.5170499086380005, train_acc= 82.91%
INFO - 09/13/26 23:36:20 - 0:11:15 - Epoch 288: train_loss=0.5100830793380737, train_acc= 83.24%
INFO - 09/13/26 23:36:20 - 0:11:16 - Epoch 289: train_loss=0.5105754733085632, train_acc= 83.48%
INFO - 09/13/26 23:36:20 - 0:11:16 - Epoch 290: train_loss=0.5114004611968994, train_acc= 83.16%
INFO - 09/13/26 23:36:20 - 0:11:16 - Epoch 290: val_loss=0.5043750405311584, val_acc= 84.06%,val_weighted_f1= 84.00,val_macro_f1= 81.51%
INFO - 09/13/26 23:36:21 - 0:11:16 - Epoch 291: train_loss=0.5100458264350891, train_acc= 83.51%
INFO - 09/13/26 23:36:21 - 0:11:16 - Epoch 292: train_loss=0.511785626411438, train_acc= 83.49%
INFO - 09/13/26 23:36:21 - 0:11:17 - Epoch 293: train_loss=0.5049382448196411, train_acc= 83.92%
INFO - 09/13/26 23:36:21 - 0:11:17 - Epoch 294: train_loss=0.502079427242279, train_acc= 83.41%
INFO - 09/13/26 23:36:21 - 0:11:17 - Epoch 295: train_loss=0.5030995011329651, train_acc= 83.78%
INFO - 09/13/26 23:36:21 - 0:11:17 - Epoch 295: val_loss=0.5018593668937683, val_acc= 83.89%,val_weighted_f1= 83.84,val_macro_f1= 81.30%
EarlyStopping counter: 1 out of 15
INFO - 09/13/26 23:36:22 - 0:11:17 - Epoch 296: train_loss=0.5013348460197449, train_acc= 83.68%
INFO - 09/13/26 23:36:22 - 0:11:17 - Epoch 297: train_loss=0.5088098645210266, train_acc= 83.41%
INFO - 09/13/26 23:36:22 - 0:11:18 - Epoch 298: train_loss=0.49772748351097107, train_acc= 83.99%
INFO - 09/13/26 23:36:22 - 0:11:18 - Epoch 299: train_loss=0.5005967617034912, train_acc= 83.63%
INFO - 09/13/26 23:36:22 - 0:11:18 - Epoch 300: train_loss=0.5070636868476868, train_acc= 83.34%
INFO - 09/13/26 23:36:23 - 0:11:18 - Epoch 300: val_loss=0.4987485706806183, val_acc= 83.85%,val_weighted_f1= 83.81,val_macro_f1= 81.22%
EarlyStopping counter: 2 out of 15
INFO - 09/13/26 23:36:23 - 0:11:18 - Epoch 301: train_loss=0.5002119541168213, train_acc= 83.71%
INFO - 09/13/26 23:36:23 - 0:11:19 - Epoch 302: train_loss=0.49914073944091797, train_acc= 83.73%
INFO - 09/13/26 23:36:23 - 0:11:19 - Epoch 303: train_loss=0.49566522240638733, train_acc= 83.69%
INFO - 09/13/26 23:36:23 - 0:11:19 - Epoch 304: train_loss=0.49909135699272156, train_acc= 83.93%
INFO - 09/13/26 23:36:23 - 0:11:19 - Epoch 305: train_loss=0.4962107241153717, train_acc= 83.51%
INFO - 09/13/26 23:36:24 - 0:11:19 - Epoch 305: val_loss=0.49828851222991943, val_acc= 83.89%,val_weighted_f1= 83.84,val_macro_f1= 81.25%
EarlyStopping counter: 3 out of 15
INFO - 09/13/26 23:36:24 - 0:11:19 - Epoch 306: train_loss=0.5000566244125366, train_acc= 83.71%
INFO - 09/13/26 23:36:24 - 0:11:20 - Epoch 307: train_loss=0.49279895424842834, train_acc= 83.61%
INFO - 09/13/26 23:36:24 - 0:11:20 - Epoch 308: train_loss=0.501369059085846, train_acc= 83.46%
INFO - 09/13/26 23:36:24 - 0:11:20 - Epoch 309: train_loss=0.49450281262397766, train_acc= 83.93%
INFO - 09/13/26 23:36:25 - 0:11:20 - Epoch 310: train_loss=0.49563828110694885, train_acc= 83.91%
INFO - 09/13/26 23:36:25 - 0:11:20 - Epoch 310: val_loss=0.497073769569397, val_acc= 84.02%,val_weighted_f1= 83.98,val_macro_f1= 81.31%
EarlyStopping counter: 4 out of 15
INFO - 09/13/26 23:36:25 - 0:11:20 - Epoch 311: train_loss=0.49599984288215637, train_acc= 83.73%
INFO - 09/13/26 23:36:25 - 0:11:21 - Epoch 312: train_loss=0.4920624792575836, train_acc= 83.98%
INFO - 09/13/26 23:36:25 - 0:11:21 - Epoch 313: train_loss=0.49419334530830383, train_acc= 83.78%
INFO - 09/13/26 23:36:25 - 0:11:21 - Epoch 314: train_loss=0.4949880540370941, train_acc= 83.66%
INFO - 09/13/26 23:36:26 - 0:11:21 - Epoch 315: train_loss=0.4945855140686035, train_acc= 83.76%
INFO - 09/13/26 23:36:26 - 0:11:21 - Epoch 315: val_loss=0.4949693977832794, val_acc= 83.80%,val_weighted_f1= 83.78,val_macro_f1= 81.31%
EarlyStopping counter: 5 out of 15
INFO - 09/13/26 23:36:26 - 0:11:22 - Epoch 316: train_loss=0.49196839332580566, train_acc= 83.75%
INFO - 09/13/26 23:36:26 - 0:11:22 - Epoch 317: train_loss=0.4961162805557251, train_acc= 83.46%
INFO - 09/13/26 23:36:26 - 0:11:22 - Epoch 318: train_loss=0.48979657888412476, train_acc= 84.32%
INFO - 09/13/26 23:36:27 - 0:11:22 - Epoch 319: train_loss=0.4912281036376953, train_acc= 84.09%
INFO - 09/13/26 23:36:27 - 0:11:22 - Epoch 320: train_loss=0.49415838718414307, train_acc= 83.76%
INFO - 09/13/26 23:36:27 - 0:11:22 - Epoch 320: val_loss=0.49309781193733215, val_acc= 84.15%,val_weighted_f1= 84.09,val_macro_f1= 81.43%
INFO - 09/13/26 23:36:27 - 0:11:23 - Epoch 321: train_loss=0.4961230754852295, train_acc= 83.86%
INFO - 09/13/26 23:36:27 - 0:11:23 - Epoch 322: train_loss=0.4833463728427887, train_acc= 83.82%
INFO - 09/13/26 23:36:27 - 0:11:23 - Epoch 323: train_loss=0.4857695698738098, train_acc= 83.93%
INFO - 09/13/26 23:36:28 - 0:11:23 - Epoch 324: train_loss=0.48676425218582153, train_acc= 84.20%
INFO - 09/13/26 23:36:28 - 0:11:23 - Epoch 325: train_loss=0.48331519961357117, train_acc= 84.56%
INFO - 09/13/26 23:36:28 - 0:11:23 - Epoch 325: val_loss=0.49246472120285034, val_acc= 84.23%,val_weighted_f1= 84.17,val_macro_f1= 81.58%
INFO - 09/13/26 23:36:28 - 0:11:24 - Epoch 326: train_loss=0.48614710569381714, train_acc= 83.81%
INFO - 09/13/26 23:36:28 - 0:11:24 - Epoch 327: train_loss=0.48625683784484863, train_acc= 84.15%
INFO - 09/13/26 23:36:28 - 0:11:24 - Epoch 328: train_loss=0.48306918144226074, train_acc= 84.03%
INFO - 09/13/26 23:36:29 - 0:11:24 - Epoch 329: train_loss=0.4853404462337494, train_acc= 84.48%
INFO - 09/13/26 23:36:29 - 0:11:24 - Epoch 330: train_loss=0.4854433238506317, train_acc= 84.32%
INFO - 09/13/26 23:36:29 - 0:11:25 - Epoch 330: val_loss=0.49304986000061035, val_acc= 84.40%,val_weighted_f1= 84.34,val_macro_f1= 81.68%
INFO - 09/13/26 23:36:29 - 0:11:25 - Epoch 331: train_loss=0.48277047276496887, train_acc= 84.30%
INFO - 09/13/26 23:36:29 - 0:11:25 - Epoch 332: train_loss=0.4868107736110687, train_acc= 84.35%
INFO - 09/13/26 23:36:30 - 0:11:25 - Epoch 333: train_loss=0.48123258352279663, train_acc= 84.43%
INFO - 09/13/26 23:36:30 - 0:11:25 - Epoch 334: train_loss=0.4865191578865051, train_acc= 83.89%
INFO - 09/13/26 23:36:30 - 0:11:26 - Epoch 335: train_loss=0.47969067096710205, train_acc= 84.06%
INFO - 09/13/26 23:36:30 - 0:11:26 - Epoch 335: val_loss=0.4928584098815918, val_acc= 84.40%,val_weighted_f1= 84.33,val_macro_f1= 81.62%
INFO - 09/13/26 23:36:30 - 0:11:26 - Epoch 336: train_loss=0.47702181339263916, train_acc= 84.16%
INFO - 09/13/26 23:36:30 - 0:11:26 - Epoch 337: train_loss=0.4815653860569, train_acc= 84.38%
INFO - 09/13/26 23:36:31 - 0:11:26 - Epoch 338: train_loss=0.47837167978286743, train_acc= 84.01%
INFO - 09/13/26 23:36:31 - 0:11:26 - Epoch 339: train_loss=0.475932776927948, train_acc= 84.65%
INFO - 09/13/26 23:36:31 - 0:11:27 - Epoch 340: train_loss=0.4764651358127594, train_acc= 84.52%
INFO - 09/13/26 23:36:31 - 0:11:27 - Epoch 340: val_loss=0.49062374234199524, val_acc= 84.40%,val_weighted_f1= 84.38,val_macro_f1= 81.78%
INFO - 09/13/26 23:36:31 - 0:11:27 - Epoch 341: train_loss=0.4750387370586395, train_acc= 84.62%
INFO - 09/13/26 23:36:32 - 0:11:27 - Epoch 342: train_loss=0.47689688205718994, train_acc= 84.39%
INFO - 09/13/26 23:36:32 - 0:11:27 - Epoch 343: train_loss=0.4775785505771637, train_acc= 84.35%
INFO - 09/13/26 23:36:32 - 0:11:27 - Epoch 344: train_loss=0.4747968912124634, train_acc= 84.38%
INFO - 09/13/26 23:36:32 - 0:11:28 - Epoch 345: train_loss=0.4744500517845154, train_acc= 84.35%
INFO - 09/13/26 23:36:32 - 0:11:28 - Epoch 345: val_loss=0.48996832966804504, val_acc= 84.49%,val_weighted_f1= 84.45,val_macro_f1= 82.01%
INFO - 09/13/26 23:36:32 - 0:11:28 - Epoch 346: train_loss=0.4769681990146637, train_acc= 84.38%
INFO - 09/13/26 23:36:33 - 0:11:28 - Epoch 347: train_loss=0.4696010947227478, train_acc= 84.62%
INFO - 09/13/26 23:36:33 - 0:11:28 - Epoch 348: train_loss=0.47415098547935486, train_acc= 84.36%
INFO - 09/13/26 23:36:33 - 0:11:29 - Epoch 349: train_loss=0.47269177436828613, train_acc= 84.29%
INFO - 09/13/26 23:36:33 - 0:11:29 - Epoch 350: train_loss=0.4762129485607147, train_acc= 84.50%
INFO - 09/13/26 23:36:33 - 0:11:29 - Epoch 350: val_loss=0.4880431592464447, val_acc= 84.66%,val_weighted_f1= 84.62,val_macro_f1= 82.10%
INFO - 09/13/26 23:36:33 - 0:11:29 - Epoch 351: train_loss=0.4686626195907593, train_acc= 84.70%
INFO - 09/13/26 23:36:34 - 0:11:29 - Epoch 352: train_loss=0.47017422318458557, train_acc= 84.49%
INFO - 09/13/26 23:36:34 - 0:11:29 - Epoch 353: train_loss=0.4731866121292114, train_acc= 84.52%
INFO - 09/13/26 23:36:34 - 0:11:30 - Epoch 354: train_loss=0.4669201672077179, train_acc= 84.70%
INFO - 09/13/26 23:36:34 - 0:11:30 - Epoch 355: train_loss=0.47136929631233215, train_acc= 84.57%
INFO - 09/13/26 23:36:34 - 0:11:30 - Epoch 355: val_loss=0.4864015281200409, val_acc= 84.57%,val_weighted_f1= 84.51,val_macro_f1= 82.01%
EarlyStopping counter: 1 out of 15
INFO - 09/13/26 23:36:35 - 0:11:30 - Epoch 356: train_loss=0.4713451862335205, train_acc= 84.59%
INFO - 09/13/26 23:36:35 - 0:11:30 - Epoch 357: train_loss=0.46687957644462585, train_acc= 84.83%
INFO - 09/13/26 23:36:35 - 0:11:31 - Epoch 358: train_loss=0.4715586304664612, train_acc= 84.40%
INFO - 09/13/26 23:36:35 - 0:11:31 - Epoch 359: train_loss=0.4696510434150696, train_acc= 84.79%
INFO - 09/13/26 23:36:35 - 0:11:31 - Epoch 360: train_loss=0.47063642740249634, train_acc= 84.65%
INFO - 09/13/26 23:36:35 - 0:11:31 - Epoch 360: val_loss=0.48706212639808655, val_acc= 84.44%,val_weighted_f1= 84.40,val_macro_f1= 81.91%
EarlyStopping counter: 2 out of 15
INFO - 09/13/26 23:36:36 - 0:11:31 - Epoch 361: train_loss=0.46696093678474426, train_acc= 84.77%
INFO - 09/13/26 23:36:36 - 0:11:31 - Epoch 362: train_loss=0.46471235156059265, train_acc= 84.66%
INFO - 09/13/26 23:36:36 - 0:11:32 - Epoch 363: train_loss=0.46449708938598633, train_acc= 84.75%
INFO - 09/13/26 23:36:36 - 0:11:32 - Epoch 364: train_loss=0.46249791979789734, train_acc= 84.57%
INFO - 09/13/26 23:36:36 - 0:11:32 - Epoch 365: train_loss=0.46589723229408264, train_acc= 84.75%
INFO - 09/13/26 23:36:36 - 0:11:32 - Epoch 365: val_loss=0.48674237728118896, val_acc= 84.62%,val_weighted_f1= 84.58,val_macro_f1= 82.01%
EarlyStopping counter: 3 out of 15
INFO - 09/13/26 23:36:37 - 0:11:32 - Epoch 366: train_loss=0.464163601398468, train_acc= 84.65%
INFO - 09/13/26 23:36:37 - 0:11:32 - Epoch 367: train_loss=0.4600173830986023, train_acc= 84.97%
INFO - 09/13/26 23:36:37 - 0:11:33 - Epoch 368: train_loss=0.4656083285808563, train_acc= 84.90%
INFO - 09/13/26 23:36:37 - 0:11:33 - Epoch 369: train_loss=0.46289753913879395, train_acc= 84.75%
INFO - 09/13/26 23:36:37 - 0:11:33 - Epoch 370: train_loss=0.4600149691104889, train_acc= 85.10%
INFO - 09/13/26 23:36:38 - 0:11:33 - Epoch 370: val_loss=0.4865427315235138, val_acc= 84.74%,val_weighted_f1= 84.73,val_macro_f1= 82.28%
INFO - 09/13/26 23:36:38 - 0:11:33 - Epoch 371: train_loss=0.45792949199676514, train_acc= 84.73%
INFO - 09/13/26 23:36:38 - 0:11:34 - Epoch 372: train_loss=0.46036285161972046, train_acc= 84.75%
INFO - 09/13/26 23:36:38 - 0:11:34 - Epoch 373: train_loss=0.46154364943504333, train_acc= 84.77%
INFO - 09/13/26 23:36:38 - 0:11:34 - Epoch 374: train_loss=0.4614512622356415, train_acc= 84.96%
INFO - 09/13/26 23:36:39 - 0:11:34 - Epoch 375: train_loss=0.45687997341156006, train_acc= 85.34%
INFO - 09/13/26 23:36:39 - 0:11:34 - Epoch 375: val_loss=0.48504817485809326, val_acc= 84.74%,val_weighted_f1= 84.70,val_macro_f1= 82.16%
INFO - 09/13/26 23:36:39 - 0:11:34 - Epoch 376: train_loss=0.46064478158950806, train_acc= 84.70%
INFO - 09/13/26 23:36:39 - 0:11:35 - Epoch 377: train_loss=0.45556315779685974, train_acc= 85.33%
INFO - 09/13/26 23:36:39 - 0:11:35 - Epoch 378: train_loss=0.4560805857181549, train_acc= 85.44%
INFO - 09/13/26 23:36:39 - 0:11:35 - Epoch 379: train_loss=0.4538499414920807, train_acc= 85.07%
INFO - 09/13/26 23:36:40 - 0:11:35 - Epoch 380: train_loss=0.45950785279273987, train_acc= 85.27%
INFO - 09/13/26 23:36:40 - 0:11:35 - Epoch 380: val_loss=0.4854961633682251, val_acc= 84.66%,val_weighted_f1= 84.65,val_macro_f1= 82.08%
EarlyStopping counter: 1 out of 15
INFO - 09/13/26 23:36:40 - 0:11:36 - Epoch 381: train_loss=0.4597465991973877, train_acc= 84.76%
INFO - 09/13/26 23:36:40 - 0:11:36 - Epoch 382: train_loss=0.44874247908592224, train_acc= 85.02%
INFO - 09/13/26 23:36:40 - 0:11:36 - Epoch 383: train_loss=0.45348483324050903, train_acc= 84.63%
INFO - 09/13/26 23:36:41 - 0:11:36 - Epoch 384: train_loss=0.4486847221851349, train_acc= 85.00%
INFO - 09/13/26 23:36:41 - 0:11:36 - Epoch 385: train_loss=0.4523649215698242, train_acc= 85.24%
INFO - 09/13/26 23:36:41 - 0:11:36 - Epoch 385: val_loss=0.48783761262893677, val_acc= 84.79%,val_weighted_f1= 84.74,val_macro_f1= 82.16%
INFO - 09/13/26 23:36:41 - 0:11:37 - Epoch 386: train_loss=0.4523929953575134, train_acc= 85.20%
INFO - 09/13/26 23:36:41 - 0:11:37 - Epoch 387: train_loss=0.45162665843963623, train_acc= 85.10%
INFO - 09/13/26 23:36:41 - 0:11:37 - Epoch 388: train_loss=0.4523248076438904, train_acc= 85.39%
INFO - 09/13/26 23:36:42 - 0:11:37 - Epoch 389: train_loss=0.4535348117351532, train_acc= 84.95%
INFO - 09/13/26 23:36:42 - 0:11:37 - Epoch 390: train_loss=0.45010969042778015, train_acc= 84.99%
INFO - 09/13/26 23:36:42 - 0:11:37 - Epoch 390: val_loss=0.48551318049430847, val_acc= 84.62%,val_weighted_f1= 84.56,val_macro_f1= 82.07%
EarlyStopping counter: 1 out of 15
INFO - 09/13/26 23:36:42 - 0:11:38 - Epoch 391: train_loss=0.4514775574207306, train_acc= 84.86%
INFO - 09/13/26 23:36:42 - 0:11:38 - Epoch 392: train_loss=0.44961488246917725, train_acc= 84.92%
INFO - 09/13/26 23:36:43 - 0:11:38 - Epoch 393: train_loss=0.45525848865509033, train_acc= 85.36%
INFO - 09/13/26 23:36:43 - 0:11:38 - Epoch 394: train_loss=0.44888147711753845, train_acc= 85.33%
INFO - 09/13/26 23:36:43 - 0:11:38 - Epoch 395: train_loss=0.44459617137908936, train_acc= 85.77%
INFO - 09/13/26 23:36:43 - 0:11:39 - Epoch 395: val_loss=0.4840414524078369, val_acc= 84.83%,val_weighted_f1= 84.79,val_macro_f1= 82.47%
INFO - 09/13/26 23:36:43 - 0:11:39 - Epoch 396: train_loss=0.4450693726539612, train_acc= 85.16%
INFO - 09/13/26 23:36:43 - 0:11:39 - Epoch 397: train_loss=0.45125946402549744, train_acc= 85.20%
INFO - 09/13/26 23:36:44 - 0:11:39 - Epoch 398: train_loss=0.44788652658462524, train_acc= 85.22%
INFO - 09/13/26 23:36:44 - 0:11:39 - Epoch 399: train_loss=0.45005252957344055, train_acc= 85.22%
INFO - 09/13/26 23:36:44 - 0:11:40 - Epoch 400: train_loss=0.4483794569969177, train_acc= 85.19%
INFO - 09/13/26 23:36:44 - 0:11:40 - Epoch 400: val_loss=0.4830789566040039, val_acc= 84.74%,val_weighted_f1= 84.70,val_macro_f1= 82.34%
EarlyStopping counter: 1 out of 15
INFO - 09/13/26 23:36:44 - 0:11:40 - Epoch 401: train_loss=0.4457292854785919, train_acc= 85.40%
INFO - 09/13/26 23:36:45 - 0:11:40 - Epoch 402: train_loss=0.446864515542984, train_acc= 85.60%
INFO - 09/13/26 23:36:45 - 0:11:40 - Epoch 403: train_loss=0.4399636685848236, train_acc= 85.73%
INFO - 09/13/26 23:36:45 - 0:11:40 - Epoch 404: train_loss=0.4434119462966919, train_acc= 85.02%
INFO - 09/13/26 23:36:45 - 0:11:41 - Epoch 405: train_loss=0.4454840421676636, train_acc= 85.47%
INFO - 09/13/26 23:36:45 - 0:11:41 - Epoch 405: val_loss=0.4832935333251953, val_acc= 84.91%,val_weighted_f1= 84.87,val_macro_f1= 82.52%
INFO - 09/13/26 23:36:45 - 0:11:41 - Epoch 406: train_loss=0.43946850299835205, train_acc= 85.47%
INFO - 09/13/26 23:36:46 - 0:11:41 - Epoch 407: train_loss=0.4458412528038025, train_acc= 85.29%
INFO - 09/13/26 23:36:46 - 0:11:41 - Epoch 408: train_loss=0.44725027680397034, train_acc= 85.19%
INFO - 09/13/26 23:36:46 - 0:11:41 - Epoch 409: train_loss=0.44291234016418457, train_acc= 85.29%
INFO - 09/13/26 23:36:46 - 0:11:42 - Epoch 410: train_loss=0.4458220899105072, train_acc= 85.60%
INFO - 09/13/26 23:36:46 - 0:11:42 - Epoch 410: val_loss=0.48250529170036316, val_acc= 84.83%,val_weighted_f1= 84.77,val_macro_f1= 82.41%
EarlyStopping counter: 1 out of 15
INFO - 09/13/26 23:36:46 - 0:11:42 - Epoch 411: train_loss=0.44546636939048767, train_acc= 85.42%
INFO - 09/13/26 23:36:47 - 0:11:42 - Epoch 412: train_loss=0.4416153132915497, train_acc= 85.42%
INFO - 09/13/26 23:36:47 - 0:11:42 - Epoch 413: train_loss=0.4407874643802643, train_acc= 85.29%
INFO - 09/13/26 23:36:47 - 0:11:43 - Epoch 414: train_loss=0.44169673323631287, train_acc= 85.00%
INFO - 09/13/26 23:36:47 - 0:11:43 - Epoch 415: train_loss=0.4373285472393036, train_acc= 85.79%
INFO - 09/13/26 23:36:47 - 0:11:43 - Epoch 415: val_loss=0.4812285006046295, val_acc= 84.83%,val_weighted_f1= 84.79,val_macro_f1= 82.36%
EarlyStopping counter: 2 out of 15
INFO - 09/13/26 23:36:48 - 0:11:43 - Epoch 416: train_loss=0.4420376420021057, train_acc= 85.61%
INFO - 09/13/26 23:36:48 - 0:11:43 - Epoch 417: train_loss=0.43846815824508667, train_acc= 85.42%
INFO - 09/13/26 23:36:48 - 0:11:43 - Epoch 418: train_loss=0.4351769685745239, train_acc= 85.51%
INFO - 09/13/26 23:36:48 - 0:11:44 - Epoch 419: train_loss=0.43549588322639465, train_acc= 85.64%
INFO - 09/13/26 23:36:48 - 0:11:44 - Epoch 420: train_loss=0.43447577953338623, train_acc= 85.27%
INFO - 09/13/26 23:36:48 - 0:11:44 - Epoch 420: val_loss=0.48023566603660583, val_acc= 84.79%,val_weighted_f1= 84.72,val_macro_f1= 82.11%
EarlyStopping counter: 3 out of 15
INFO - 09/13/26 23:36:49 - 0:11:44 - Epoch 421: train_loss=0.43941816687583923, train_acc= 85.76%
INFO - 09/13/26 23:36:49 - 0:11:44 - Epoch 422: train_loss=0.4289822280406952, train_acc= 85.67%
INFO - 09/13/26 23:36:49 - 0:11:45 - Epoch 423: train_loss=0.4332498013973236, train_acc= 85.77%
INFO - 09/13/26 23:36:49 - 0:11:45 - Epoch 424: train_loss=0.4431113302707672, train_acc= 85.26%
INFO - 09/13/26 23:36:49 - 0:11:45 - Epoch 425: train_loss=0.43712785840034485, train_acc= 85.81%
INFO - 09/13/26 23:36:50 - 0:11:45 - Epoch 425: val_loss=0.4799675941467285, val_acc= 84.87%,val_weighted_f1= 84.83,val_macro_f1= 82.43%
EarlyStopping counter: 4 out of 15
INFO - 09/13/26 23:36:50 - 0:11:45 - Epoch 426: train_loss=0.4311322569847107, train_acc= 86.10%
INFO - 09/13/26 23:36:50 - 0:11:45 - Epoch 427: train_loss=0.4285387396812439, train_acc= 85.81%
INFO - 09/13/26 23:36:50 - 0:11:46 - Epoch 428: train_loss=0.4303666055202484, train_acc= 85.69%
INFO - 09/13/26 23:36:50 - 0:11:46 - Epoch 429: train_loss=0.433737188577652, train_acc= 85.91%
INFO - 09/13/26 23:36:51 - 0:11:46 - Epoch 430: train_loss=0.4259541630744934, train_acc= 85.74%
INFO - 09/13/26 23:36:51 - 0:11:46 - Epoch 430: val_loss=0.48012471199035645, val_acc= 84.83%,val_weighted_f1= 84.78,val_macro_f1= 82.38%
EarlyStopping counter: 5 out of 15
INFO - 09/13/26 23:36:51 - 0:11:46 - Epoch 431: train_loss=0.4326513409614563, train_acc= 85.97%
INFO - 09/13/26 23:36:51 - 0:11:46 - Epoch 432: train_loss=0.4360671043395996, train_acc= 85.74%
INFO - 09/13/26 23:36:51 - 0:11:47 - Epoch 433: train_loss=0.42988818883895874, train_acc= 85.59%
INFO - 09/13/26 23:36:51 - 0:11:47 - Epoch 434: train_loss=0.4267038404941559, train_acc= 86.01%
INFO - 09/13/26 23:36:52 - 0:11:47 - Epoch 435: train_loss=0.43697208166122437, train_acc= 85.67%
INFO - 09/13/26 23:36:52 - 0:11:47 - Epoch 435: val_loss=0.4799833297729492, val_acc= 84.74%,val_weighted_f1= 84.67,val_macro_f1= 82.30%
EarlyStopping counter: 6 out of 15
INFO - 09/13/26 23:36:52 - 0:11:47 - Epoch 436: train_loss=0.4244442582130432, train_acc= 85.91%
INFO - 09/13/26 23:36:52 - 0:11:48 - Epoch 437: train_loss=0.43107882142066956, train_acc= 85.49%
INFO - 09/13/26 23:36:52 - 0:11:48 - Epoch 438: train_loss=0.4276030361652374, train_acc= 85.84%
INFO - 09/13/26 23:36:52 - 0:11:48 - Epoch 439: train_loss=0.4240957796573639, train_acc= 86.06%
INFO - 09/13/26 23:36:53 - 0:11:48 - Epoch 440: train_loss=0.43002158403396606, train_acc= 85.81%
INFO - 09/13/26 23:36:53 - 0:11:48 - Epoch 440: val_loss=0.47840267419815063, val_acc= 84.79%,val_weighted_f1= 84.73,val_macro_f1= 82.42%
EarlyStopping counter: 7 out of 15
INFO - 09/13/26 23:36:53 - 0:11:48 - Epoch 441: train_loss=0.4238393008708954, train_acc= 86.18%
INFO - 09/13/26 23:36:53 - 0:11:49 - Epoch 442: train_loss=0.42828524112701416, train_acc= 85.83%
INFO - 09/13/26 23:36:53 - 0:11:49 - Epoch 443: train_loss=0.4310024678707123, train_acc= 85.90%
INFO - 09/13/26 23:36:54 - 0:11:49 - Epoch 444: train_loss=0.4282533526420593, train_acc= 85.98%
INFO - 09/13/26 23:36:54 - 0:11:49 - Epoch 445: train_loss=0.4247432351112366, train_acc= 86.08%
INFO - 09/13/26 23:36:54 - 0:11:49 - Epoch 445: val_loss=0.4799812138080597, val_acc= 84.83%,val_weighted_f1= 84.76,val_macro_f1= 82.38%
EarlyStopping counter: 8 out of 15
INFO - 09/13/26 23:36:54 - 0:11:49 - Epoch 446: train_loss=0.43057113885879517, train_acc= 85.51%
INFO - 09/13/26 23:36:54 - 0:11:50 - Epoch 447: train_loss=0.4267670214176178, train_acc= 86.03%
INFO - 09/13/26 23:36:54 - 0:11:50 - Epoch 448: train_loss=0.42316532135009766, train_acc= 85.98%
INFO - 09/13/26 23:36:55 - 0:11:50 - Epoch 449: train_loss=0.42341119050979614, train_acc= 86.21%
INFO - 09/13/26 23:36:55 - 0:11:50 - Epoch 450: train_loss=0.42288485169410706, train_acc= 85.77%
INFO - 09/13/26 23:36:55 - 0:11:50 - Epoch 450: val_loss=0.4792468845844269, val_acc= 84.79%,val_weighted_f1= 84.73,val_macro_f1= 82.33%
EarlyStopping counter: 9 out of 15
INFO - 09/13/26 23:36:55 - 0:11:51 - Epoch 451: train_loss=0.4187319874763489, train_acc= 86.06%
INFO - 09/13/26 23:36:55 - 0:11:51 - Epoch 452: train_loss=0.4192584455013275, train_acc= 86.04%
INFO - 09/13/26 23:36:55 - 0:11:51 - Epoch 453: train_loss=0.4240477383136749, train_acc= 86.17%
INFO - 09/13/26 23:36:56 - 0:11:51 - Epoch 454: train_loss=0.42025747895240784, train_acc= 86.17%
INFO - 09/13/26 23:36:56 - 0:11:51 - Epoch 455: train_loss=0.42012321949005127, train_acc= 85.98%
INFO - 09/13/26 23:36:56 - 0:11:51 - Epoch 455: val_loss=0.48092830181121826, val_acc= 84.87%,val_weighted_f1= 84.84,val_macro_f1= 82.58%
EarlyStopping counter: 10 out of 15
INFO - 09/13/26 23:36:56 - 0:11:52 - Epoch 456: train_loss=0.42313528060913086, train_acc= 86.07%
INFO - 09/13/26 23:36:56 - 0:11:52 - Epoch 457: train_loss=0.41989314556121826, train_acc= 86.23%
INFO - 09/13/26 23:36:57 - 0:11:52 - Epoch 458: train_loss=0.41710177063941956, train_acc= 86.38%
INFO - 09/13/26 23:36:57 - 0:11:52 - Epoch 459: train_loss=0.42534634470939636, train_acc= 86.18%
INFO - 09/13/26 23:36:57 - 0:11:52 - Epoch 460: train_loss=0.42720213532447815, train_acc= 85.80%
INFO - 09/13/26 23:36:57 - 0:11:53 - Epoch 460: val_loss=0.4799339771270752, val_acc= 84.74%,val_weighted_f1= 84.68,val_macro_f1= 82.03%
EarlyStopping counter: 11 out of 15
INFO - 09/13/26 23:36:57 - 0:11:53 - Epoch 461: train_loss=0.41705122590065, train_acc= 85.76%
INFO - 09/13/26 23:36:57 - 0:11:53 - Epoch 462: train_loss=0.41835594177246094, train_acc= 86.26%
INFO - 09/13/26 23:36:58 - 0:11:53 - Epoch 463: train_loss=0.41661590337753296, train_acc= 86.21%
INFO - 09/13/26 23:36:58 - 0:11:53 - Epoch 464: train_loss=0.41743654012680054, train_acc= 86.14%
INFO - 09/13/26 23:36:58 - 0:11:53 - Epoch 465: train_loss=0.4133072793483734, train_acc= 86.44%
INFO - 09/13/26 23:36:58 - 0:11:54 - Epoch 465: val_loss=0.4787673354148865, val_acc= 84.79%,val_weighted_f1= 84.72,val_macro_f1= 82.43%
EarlyStopping counter: 12 out of 15
INFO - 09/13/26 23:36:58 - 0:11:54 - Epoch 466: train_loss=0.41702577471733093, train_acc= 86.37%
INFO - 09/13/26 23:36:59 - 0:11:54 - Epoch 467: train_loss=0.4116257429122925, train_acc= 86.48%
INFO - 09/13/26 23:36:59 - 0:11:54 - Epoch 468: train_loss=0.41938602924346924, train_acc= 86.00%
INFO - 09/13/26 23:36:59 - 0:11:54 - Epoch 469: train_loss=0.414106547832489, train_acc= 86.13%
INFO - 09/13/26 23:36:59 - 0:11:55 - Epoch 470: train_loss=0.4174181818962097, train_acc= 86.27%
INFO - 09/13/26 23:36:59 - 0:11:55 - Epoch 470: val_loss=0.47971728444099426, val_acc= 84.91%,val_weighted_f1= 84.85,val_macro_f1= 82.26%
INFO - 09/13/26 23:36:59 - 0:11:55 - Epoch 471: train_loss=0.4146091639995575, train_acc= 86.34%
INFO - 09/13/26 23:37:00 - 0:11:55 - Epoch 472: train_loss=0.4093155562877655, train_acc= 86.37%
INFO - 09/13/26 23:37:00 - 0:11:55 - Epoch 473: train_loss=0.4091993570327759, train_acc= 86.44%
INFO - 09/13/26 23:37:00 - 0:11:55 - Epoch 474: train_loss=0.41447684168815613, train_acc= 86.48%
INFO - 09/13/26 23:37:00 - 0:11:56 - Epoch 475: train_loss=0.4146217107772827, train_acc= 86.34%
INFO - 09/13/26 23:37:00 - 0:11:56 - Epoch 475: val_loss=0.48014646768569946, val_acc= 84.74%,val_weighted_f1= 84.70,val_macro_f1= 82.21%
EarlyStopping counter: 1 out of 15
INFO - 09/13/26 23:37:00 - 0:11:56 - Epoch 476: train_loss=0.41071367263793945, train_acc= 86.34%
INFO - 09/13/26 23:37:01 - 0:11:56 - Epoch 477: train_loss=0.40909865498542786, train_acc= 86.27%
INFO - 09/13/26 23:37:01 - 0:11:56 - Epoch 478: train_loss=0.41640418767929077, train_acc= 86.17%
INFO - 09/13/26 23:37:01 - 0:11:57 - Epoch 479: train_loss=0.4133796691894531, train_acc= 86.20%
INFO - 09/13/26 23:37:01 - 0:11:57 - Epoch 480: train_loss=0.41248756647109985, train_acc= 86.37%
INFO - 09/13/26 23:37:01 - 0:11:57 - Epoch 480: val_loss=0.4789241552352905, val_acc= 84.70%,val_weighted_f1= 84.64,val_macro_f1= 82.29%
EarlyStopping counter: 2 out of 15
INFO - 09/13/26 23:37:02 - 0:11:57 - Epoch 481: train_loss=0.4119296669960022, train_acc= 86.24%
INFO - 09/13/26 23:37:02 - 0:11:57 - Epoch 482: train_loss=0.4047536253929138, train_acc= 86.48%
INFO - 09/13/26 23:37:02 - 0:11:57 - Epoch 483: train_loss=0.4081037640571594, train_acc= 86.33%
INFO - 09/13/26 23:37:02 - 0:11:58 - Epoch 484: train_loss=0.40089893341064453, train_acc= 86.81%
INFO - 09/13/26 23:37:02 - 0:11:58 - Epoch 485: train_loss=0.40796563029289246, train_acc= 86.36%
INFO - 09/13/26 23:37:02 - 0:11:58 - Epoch 485: val_loss=0.4789724349975586, val_acc= 85.09%,val_weighted_f1= 85.02,val_macro_f1= 82.49%
INFO - 09/13/26 23:37:03 - 0:11:58 - Epoch 486: train_loss=0.40404295921325684, train_acc= 86.64%
INFO - 09/13/26 23:37:03 - 0:11:58 - Epoch 487: train_loss=0.41019928455352783, train_acc= 86.11%
INFO - 09/13/26 23:37:03 - 0:11:58 - Epoch 488: train_loss=0.4068206548690796, train_acc= 86.41%
INFO - 09/13/26 23:37:03 - 0:11:59 - Epoch 489: train_loss=0.4080249071121216, train_acc= 86.40%
INFO - 09/13/26 23:37:03 - 0:11:59 - Epoch 490: train_loss=0.4055531620979309, train_acc= 86.43%
INFO - 09/13/26 23:37:04 - 0:11:59 - Epoch 490: val_loss=0.48167678713798523, val_acc= 84.83%,val_weighted_f1= 84.78,val_macro_f1= 82.33%
EarlyStopping counter: 1 out of 15
INFO - 09/13/26 23:37:04 - 0:11:59 - Epoch 491: train_loss=0.4024695158004761, train_acc= 86.70%
INFO - 09/13/26 23:37:04 - 0:11:59 - Epoch 492: train_loss=0.40509670972824097, train_acc= 86.43%
INFO - 09/13/26 23:37:04 - 0:12:00 - Epoch 493: train_loss=0.40290868282318115, train_acc= 86.85%
INFO - 09/13/26 23:37:04 - 0:12:00 - Epoch 494: train_loss=0.39846041798591614, train_acc= 86.95%
INFO - 09/13/26 23:37:04 - 0:12:00 - Epoch 495: train_loss=0.4007382094860077, train_acc= 87.04%
INFO - 09/13/26 23:37:05 - 0:12:00 - Epoch 495: val_loss=0.47962823510169983, val_acc= 84.96%,val_weighted_f1= 84.94,val_macro_f1= 82.65%
EarlyStopping counter: 2 out of 15
INFO - 09/13/26 23:37:05 - 0:12:00 - Epoch 496: train_loss=0.40031009912490845, train_acc= 86.92%
INFO - 09/13/26 23:37:05 - 0:12:00 - Epoch 497: train_loss=0.4046662449836731, train_acc= 86.47%
INFO - 09/13/26 23:37:05 - 0:12:01 - Epoch 498: train_loss=0.40049728751182556, train_acc= 86.85%
INFO - 09/13/26 23:37:05 - 0:12:01 - Epoch 499: train_loss=0.4019080102443695, train_acc= 87.04%
INFO - 09/13/26 23:37:06 - 0:12:01 - Epoch 500: train_loss=0.4031209945678711, train_acc= 86.47%
INFO - 09/13/26 23:37:06 - 0:12:01 - Epoch 500: val_loss=0.48078107833862305, val_acc= 85.00%,val_weighted_f1= 84.96,val_macro_f1= 82.64%
EarlyStopping counter: 3 out of 15
INFO - 09/13/26 23:37:06 - 0:12:01 - Epoch 501: train_loss=0.4031454622745514, train_acc= 86.65%
INFO - 09/13/26 23:37:06 - 0:12:02 - Epoch 502: train_loss=0.40428805351257324, train_acc= 86.68%
INFO - 09/13/26 23:37:06 - 0:12:02 - Epoch 503: train_loss=0.40128499269485474, train_acc= 86.57%
INFO - 09/13/26 23:37:06 - 0:12:02 - Epoch 504: train_loss=0.40128272771835327, train_acc= 86.67%
INFO - 09/13/26 23:37:07 - 0:12:02 - Epoch 505: train_loss=0.3994651436805725, train_acc= 86.73%
INFO - 09/13/26 23:37:07 - 0:12:02 - Epoch 505: val_loss=0.4800085723400116, val_acc= 85.04%,val_weighted_f1= 84.96,val_macro_f1= 82.41%
EarlyStopping counter: 4 out of 15
INFO - 09/13/26 23:37:07 - 0:12:02 - Epoch 506: train_loss=0.3982515335083008, train_acc= 86.97%
INFO - 09/13/26 23:37:07 - 0:12:03 - Epoch 507: train_loss=0.39809560775756836, train_acc= 86.78%
INFO - 09/13/26 23:37:07 - 0:12:03 - Epoch 508: train_loss=0.39756983518600464, train_acc= 86.92%
INFO - 09/13/26 23:37:08 - 0:12:03 - Epoch 509: train_loss=0.397452175617218, train_acc= 86.71%
INFO - 09/13/26 23:37:08 - 0:12:03 - Epoch 510: train_loss=0.39414840936660767, train_acc= 86.65%
INFO - 09/13/26 23:37:08 - 0:12:03 - Epoch 510: val_loss=0.4775127172470093, val_acc= 85.17%,val_weighted_f1= 85.10,val_macro_f1= 82.80%
INFO - 09/13/26 23:37:08 - 0:12:04 - Epoch 511: train_loss=0.39909690618515015, train_acc= 86.71%
INFO - 09/13/26 23:37:08 - 0:12:04 - Epoch 512: train_loss=0.3936746418476105, train_acc= 86.95%
INFO - 09/13/26 23:37:08 - 0:12:04 - Epoch 513: train_loss=0.3941902816295624, train_acc= 86.98%
INFO - 09/13/26 23:37:09 - 0:12:04 - Epoch 514: train_loss=0.39652109146118164, train_acc= 87.18%
INFO - 09/13/26 23:37:09 - 0:12:04 - Epoch 515: train_loss=0.3928852379322052, train_acc= 87.30%
INFO - 09/13/26 23:37:09 - 0:12:04 - Epoch 515: val_loss=0.48014897108078003, val_acc= 85.04%,val_weighted_f1= 84.99,val_macro_f1= 82.54%
EarlyStopping counter: 1 out of 15
INFO - 09/13/26 23:37:09 - 0:12:05 - Epoch 516: train_loss=0.39505964517593384, train_acc= 86.98%
INFO - 09/13/26 23:37:09 - 0:12:05 - Epoch 517: train_loss=0.39476144313812256, train_acc= 86.77%
INFO - 09/13/26 23:37:09 - 0:12:05 - Epoch 518: train_loss=0.393471896648407, train_acc= 86.92%
INFO - 09/13/26 23:37:10 - 0:12:05 - Epoch 519: train_loss=0.39111700654029846, train_acc= 87.32%
INFO - 09/13/26 23:37:10 - 0:12:05 - Epoch 520: train_loss=0.39317458868026733, train_acc= 86.77%
INFO - 09/13/26 23:37:10 - 0:12:06 - Epoch 520: val_loss=0.48244690895080566, val_acc= 84.87%,val_weighted_f1= 84.84,val_macro_f1= 82.44%
EarlyStopping counter: 2 out of 15
INFO - 09/13/26 23:37:10 - 0:12:06 - Epoch 521: train_loss=0.3957867920398712, train_acc= 86.58%
INFO - 09/13/26 23:37:10 - 0:12:06 - Epoch 522: train_loss=0.3937798738479614, train_acc= 87.12%
INFO - 09/13/26 23:37:11 - 0:12:06 - Epoch 523: train_loss=0.39429038763046265, train_acc= 86.60%
INFO - 09/13/26 23:37:11 - 0:12:06 - Epoch 524: train_loss=0.38691529631614685, train_acc= 87.62%
INFO - 09/13/26 23:37:11 - 0:12:07 - Epoch 525: train_loss=0.39255598187446594, train_acc= 87.05%
INFO - 09/13/26 23:37:11 - 0:12:07 - Epoch 525: val_loss=0.48496776819229126, val_acc= 84.74%,val_weighted_f1= 84.70,val_macro_f1= 82.20%
EarlyStopping counter: 3 out of 15
INFO - 09/13/26 23:37:11 - 0:12:07 - Epoch 526: train_loss=0.39178842306137085, train_acc= 87.04%
INFO - 09/13/26 23:37:11 - 0:12:07 - Epoch 527: train_loss=0.39264464378356934, train_acc= 87.34%
INFO - 09/13/26 23:37:12 - 0:12:07 - Epoch 528: train_loss=0.3874572515487671, train_acc= 86.88%
INFO - 09/13/26 23:37:12 - 0:12:07 - Epoch 529: train_loss=0.3884281516075134, train_acc= 87.44%
INFO - 09/13/26 23:37:12 - 0:12:08 - Epoch 530: train_loss=0.3854354918003082, train_acc= 87.30%
INFO - 09/13/26 23:37:12 - 0:12:08 - Epoch 530: val_loss=0.4817606210708618, val_acc= 85.04%,val_weighted_f1= 85.03,val_macro_f1= 82.71%
EarlyStopping counter: 4 out of 15
INFO - 09/13/26 23:37:12 - 0:12:08 - Epoch 531: train_loss=0.3938067853450775, train_acc= 86.80%
INFO - 09/13/26 23:37:12 - 0:12:08 - Epoch 532: train_loss=0.38927173614501953, train_acc= 86.94%
INFO - 09/13/26 23:37:13 - 0:12:08 - Epoch 533: train_loss=0.39017021656036377, train_acc= 87.15%
INFO - 09/13/26 23:37:13 - 0:12:08 - Epoch 534: train_loss=0.3902018964290619, train_acc= 86.94%
INFO - 09/13/26 23:37:13 - 0:12:09 - Epoch 535: train_loss=0.3892120122909546, train_acc= 87.14%
INFO - 09/13/26 23:37:13 - 0:12:09 - Epoch 535: val_loss=0.47973617911338806, val_acc= 85.00%,val_weighted_f1= 84.95,val_macro_f1= 82.60%
EarlyStopping counter: 5 out of 15
INFO - 09/13/26 23:37:13 - 0:12:09 - Epoch 536: train_loss=0.38818708062171936, train_acc= 87.14%
INFO - 09/13/26 23:37:14 - 0:12:09 - Epoch 537: train_loss=0.38934022188186646, train_acc= 87.20%
INFO - 09/13/26 23:37:14 - 0:12:09 - Epoch 538: train_loss=0.38065075874328613, train_acc= 87.02%
INFO - 09/13/26 23:37:14 - 0:12:10 - Epoch 539: train_loss=0.38451480865478516, train_acc= 86.73%
INFO - 09/13/26 23:37:14 - 0:12:10 - Epoch 540: train_loss=0.3788334131240845, train_acc= 87.61%
INFO - 09/13/26 23:37:14 - 0:12:10 - Epoch 540: val_loss=0.48270049691200256, val_acc= 84.79%,val_weighted_f1= 84.73,val_macro_f1= 82.34%
EarlyStopping counter: 6 out of 15
INFO - 09/13/26 23:37:14 - 0:12:10 - Epoch 541: train_loss=0.38127610087394714, train_acc= 87.25%
INFO - 09/13/26 23:37:15 - 0:12:10 - Epoch 542: train_loss=0.38648468255996704, train_acc= 87.37%
INFO - 09/13/26 23:37:15 - 0:12:10 - Epoch 543: train_loss=0.38640740513801575, train_acc= 87.10%
INFO - 09/13/26 23:37:15 - 0:12:11 - Epoch 544: train_loss=0.3873704671859741, train_acc= 87.01%
INFO - 09/13/26 23:37:15 - 0:12:11 - Epoch 545: train_loss=0.38928529620170593, train_acc= 87.34%
INFO - 09/13/26 23:37:15 - 0:12:11 - Epoch 545: val_loss=0.48251035809516907, val_acc= 84.79%,val_weighted_f1= 84.78,val_macro_f1= 82.37%
EarlyStopping counter: 7 out of 15
INFO - 09/13/26 23:37:16 - 0:12:11 - Epoch 546: train_loss=0.3838977515697479, train_acc= 87.01%
INFO - 09/13/26 23:37:16 - 0:12:11 - Epoch 547: train_loss=0.38395756483078003, train_acc= 87.10%
INFO - 09/13/26 23:37:16 - 0:12:12 - Epoch 548: train_loss=0.3827439546585083, train_acc= 87.04%
INFO - 09/13/26 23:37:16 - 0:12:12 - Epoch 549: train_loss=0.3787909150123596, train_acc= 87.47%
INFO - 09/13/26 23:37:16 - 0:12:12 - Epoch 550: train_loss=0.3772353529930115, train_acc= 87.39%
INFO - 09/13/26 23:37:16 - 0:12:12 - Epoch 550: val_loss=0.48266831040382385, val_acc= 84.83%,val_weighted_f1= 84.81,val_macro_f1= 82.48%
EarlyStopping counter: 8 out of 15
INFO - 09/13/26 23:37:17 - 0:12:12 - Epoch 551: train_loss=0.3873169422149658, train_acc= 87.01%
INFO - 09/13/26 23:37:17 - 0:12:12 - Epoch 552: train_loss=0.38223996758461, train_acc= 86.97%
INFO - 09/13/26 23:37:17 - 0:12:13 - Epoch 553: train_loss=0.3842492699623108, train_acc= 87.27%
INFO - 09/13/26 23:37:17 - 0:12:13 - Epoch 554: train_loss=0.3794783055782318, train_acc= 87.28%
INFO - 09/13/26 23:37:17 - 0:12:13 - Epoch 555: train_loss=0.37842801213264465, train_acc= 87.41%
INFO - 09/13/26 23:37:17 - 0:12:13 - Epoch 555: val_loss=0.4804129898548126, val_acc= 85.17%,val_weighted_f1= 85.13,val_macro_f1= 82.67%
INFO - 09/13/26 23:37:18 - 0:12:13 - Epoch 556: train_loss=0.37663349509239197, train_acc= 87.47%
INFO - 09/13/26 23:37:18 - 0:12:13 - Epoch 557: train_loss=0.3731159567832947, train_acc= 87.38%
INFO - 09/13/26 23:37:18 - 0:12:14 - Epoch 558: train_loss=0.3811236023902893, train_acc= 87.01%
INFO - 09/13/26 23:37:18 - 0:12:14 - Epoch 559: train_loss=0.3808712959289551, train_acc= 87.18%
INFO - 09/13/26 23:37:18 - 0:12:14 - Epoch 560: train_loss=0.3766310214996338, train_acc= 87.55%
INFO - 09/13/26 23:37:19 - 0:12:14 - Epoch 560: val_loss=0.4816564917564392, val_acc= 84.83%,val_weighted_f1= 84.81,val_macro_f1= 82.22%
EarlyStopping counter: 1 out of 15
INFO - 09/13/26 23:37:19 - 0:12:14 - Epoch 561: train_loss=0.3764514923095703, train_acc= 87.64%
INFO - 09/13/26 23:37:19 - 0:12:15 - Epoch 562: train_loss=0.37713658809661865, train_acc= 87.47%
INFO - 09/13/26 23:37:19 - 0:12:15 - Epoch 563: train_loss=0.3794730007648468, train_acc= 87.34%
INFO - 09/13/26 23:37:19 - 0:12:15 - Epoch 564: train_loss=0.3808698058128357, train_acc= 87.48%
INFO - 09/13/26 23:37:20 - 0:12:15 - Epoch 565: train_loss=0.37741413712501526, train_acc= 87.34%
INFO - 09/13/26 23:37:20 - 0:12:15 - Epoch 565: val_loss=0.4828251302242279, val_acc= 84.79%,val_weighted_f1= 84.78,val_macro_f1= 82.35%
EarlyStopping counter: 2 out of 15
INFO - 09/13/26 23:37:20 - 0:12:15 - Epoch 566: train_loss=0.36834415793418884, train_acc= 87.81%
INFO - 09/13/26 23:37:20 - 0:12:16 - Epoch 567: train_loss=0.37920883297920227, train_acc= 87.48%
INFO - 09/13/26 23:37:20 - 0:12:16 - Epoch 568: train_loss=0.37761858105659485, train_acc= 87.11%
INFO - 09/13/26 23:37:20 - 0:12:16 - Epoch 569: train_loss=0.36832353472709656, train_acc= 87.62%
INFO - 09/13/26 23:37:21 - 0:12:16 - Epoch 570: train_loss=0.3776165843009949, train_acc= 87.54%
INFO - 09/13/26 23:37:21 - 0:12:16 - Epoch 570: val_loss=0.483093798160553, val_acc= 85.00%,val_weighted_f1= 85.01,val_macro_f1= 82.43%
EarlyStopping counter: 3 out of 15
INFO - 09/13/26 23:37:21 - 0:12:16 - Epoch 571: train_loss=0.3702441155910492, train_acc= 87.39%
INFO - 09/13/26 23:37:21 - 0:12:17 - Epoch 572: train_loss=0.3695397973060608, train_acc= 87.64%
INFO - 09/13/26 23:37:21 - 0:12:17 - Epoch 573: train_loss=0.3747103810310364, train_acc= 87.37%
INFO - 09/13/26 23:37:21 - 0:12:17 - Epoch 574: train_loss=0.3738437294960022, train_acc= 87.52%
INFO - 09/13/26 23:37:22 - 0:12:17 - Epoch 575: train_loss=0.37634050846099854, train_acc= 87.22%
INFO - 09/13/26 23:37:22 - 0:12:17 - Epoch 575: val_loss=0.48252907395362854, val_acc= 85.13%,val_weighted_f1= 85.12,val_macro_f1= 82.68%
EarlyStopping counter: 4 out of 15
INFO - 09/13/26 23:37:22 - 0:12:18 - Epoch 576: train_loss=0.3705214560031891, train_acc= 87.88%
INFO - 09/13/26 23:37:22 - 0:12:18 - Epoch 577: train_loss=0.37647539377212524, train_acc= 87.38%
INFO - 09/13/26 23:37:22 - 0:12:18 - Epoch 578: train_loss=0.3718085289001465, train_acc= 87.72%
INFO - 09/13/26 23:37:23 - 0:12:18 - Epoch 579: train_loss=0.36717939376831055, train_acc= 87.91%
INFO - 09/13/26 23:37:23 - 0:12:18 - Epoch 580: train_loss=0.3727805018424988, train_acc= 87.55%
INFO - 09/13/26 23:37:23 - 0:12:18 - Epoch 580: val_loss=0.4816925823688507, val_acc= 84.87%,val_weighted_f1= 84.86,val_macro_f1= 82.42%
EarlyStopping counter: 5 out of 15
INFO - 09/13/26 23:37:23 - 0:12:19 - Epoch 581: train_loss=0.37087005376815796, train_acc= 87.24%
INFO - 09/13/26 23:37:23 - 0:12:19 - Epoch 582: train_loss=0.3649098873138428, train_acc= 87.79%
INFO - 09/13/26 23:37:23 - 0:12:19 - Epoch 583: train_loss=0.3719003200531006, train_acc= 87.57%
INFO - 09/13/26 23:37:24 - 0:12:19 - Epoch 584: train_loss=0.36665046215057373, train_acc= 87.58%
INFO - 09/13/26 23:37:24 - 0:12:19 - Epoch 585: train_loss=0.3630872070789337, train_acc= 87.74%
INFO - 09/13/26 23:37:24 - 0:12:20 - Epoch 585: val_loss=0.4812500476837158, val_acc= 85.17%,val_weighted_f1= 85.15,val_macro_f1= 82.73%
INFO - 09/13/26 23:37:24 - 0:12:20 - Epoch 586: train_loss=0.3692833185195923, train_acc= 87.99%
INFO - 09/13/26 23:37:24 - 0:12:20 - Epoch 587: train_loss=0.3639935255050659, train_acc= 87.85%
INFO - 09/13/26 23:37:25 - 0:12:20 - Epoch 588: train_loss=0.36414510011672974, train_acc= 87.59%
INFO - 09/13/26 23:37:25 - 0:12:20 - Epoch 589: train_loss=0.36928680539131165, train_acc= 87.61%
INFO - 09/13/26 23:37:25 - 0:12:21 - Epoch 590: train_loss=0.3663043677806854, train_acc= 88.06%
INFO - 09/13/26 23:37:25 - 0:12:21 - Epoch 590: val_loss=0.48428720235824585, val_acc= 85.00%,val_weighted_f1= 84.98,val_macro_f1= 82.47%
EarlyStopping counter: 1 out of 15
INFO - 09/13/26 23:37:25 - 0:12:21 - Epoch 591: train_loss=0.36769574880599976, train_acc= 88.18%
INFO - 09/13/26 23:37:25 - 0:12:21 - Epoch 592: train_loss=0.3591175377368927, train_acc= 88.24%
INFO - 09/13/26 23:37:26 - 0:12:21 - Epoch 593: train_loss=0.3649906516075134, train_acc= 87.68%
INFO - 09/13/26 23:37:26 - 0:12:21 - Epoch 594: train_loss=0.3639833629131317, train_acc= 87.84%
INFO - 09/13/26 23:37:26 - 0:12:22 - Epoch 595: train_loss=0.36182016134262085, train_acc= 87.45%
INFO - 09/13/26 23:37:26 - 0:12:22 - Epoch 595: val_loss=0.48550164699554443, val_acc= 84.74%,val_weighted_f1= 84.76,val_macro_f1= 82.26%
EarlyStopping counter: 2 out of 15
INFO - 09/13/26 23:37:26 - 0:12:22 - Epoch 596: train_loss=0.3619677722454071, train_acc= 88.18%
INFO - 09/13/26 23:37:26 - 0:12:22 - Epoch 597: train_loss=0.362831175327301, train_acc= 87.94%
INFO - 09/13/26 23:37:27 - 0:12:22 - Epoch 598: train_loss=0.3659522235393524, train_acc= 87.86%
INFO - 09/13/26 23:37:27 - 0:12:22 - Epoch 599: train_loss=0.3604469299316406, train_acc= 88.06%
INFO - 09/13/26 23:37:27 - 0:12:23 - Epoch 600: train_loss=0.35962533950805664, train_acc= 87.68%
INFO - 09/13/26 23:37:27 - 0:12:23 - Epoch 600: val_loss=0.4827103614807129, val_acc= 85.21%,val_weighted_f1= 85.22,val_macro_f1= 82.83%
INFO - 09/13/26 23:37:27 - 0:12:23 - Epoch 601: train_loss=0.36409541964530945, train_acc= 87.79%
INFO - 09/13/26 23:37:28 - 0:12:23 - Epoch 602: train_loss=0.3575473427772522, train_acc= 87.78%
INFO - 09/13/26 23:37:28 - 0:12:23 - Epoch 603: train_loss=0.35957619547843933, train_acc= 88.14%
INFO - 09/13/26 23:37:28 - 0:12:24 - Epoch 604: train_loss=0.3630271553993225, train_acc= 87.61%
INFO - 09/13/26 23:37:28 - 0:12:24 - Epoch 605: train_loss=0.36258983612060547, train_acc= 88.02%
INFO - 09/13/26 23:37:28 - 0:12:24 - Epoch 605: val_loss=0.483747273683548, val_acc= 84.83%,val_weighted_f1= 84.79,val_macro_f1= 82.46%
EarlyStopping counter: 1 out of 15
INFO - 09/13/26 23:37:28 - 0:12:24 - Epoch 606: train_loss=0.36066991090774536, train_acc= 88.21%
INFO - 09/13/26 23:37:29 - 0:12:24 - Epoch 607: train_loss=0.36137276887893677, train_acc= 87.71%
INFO - 09/13/26 23:37:29 - 0:12:24 - Epoch 608: train_loss=0.3597475290298462, train_acc= 88.15%
INFO - 09/13/26 23:37:29 - 0:12:25 - Epoch 609: train_loss=0.3587163984775543, train_acc= 87.82%
INFO - 09/13/26 23:37:29 - 0:12:25 - Epoch 610: train_loss=0.3554510772228241, train_acc= 88.32%
INFO - 09/13/26 23:37:29 - 0:12:25 - Epoch 610: val_loss=0.4820881187915802, val_acc= 85.04%,val_weighted_f1= 85.03,val_macro_f1= 82.43%
EarlyStopping counter: 2 out of 15
INFO - 09/13/26 23:37:30 - 0:12:25 - Epoch 611: train_loss=0.35609880089759827, train_acc= 88.15%
INFO - 09/13/26 23:37:30 - 0:12:25 - Epoch 612: train_loss=0.3535078763961792, train_acc= 88.05%
INFO - 09/13/26 23:37:30 - 0:12:25 - Epoch 613: train_loss=0.35727763175964355, train_acc= 88.19%
INFO - 09/13/26 23:37:30 - 0:12:26 - Epoch 614: train_loss=0.3546954095363617, train_acc= 88.09%
INFO - 09/13/26 23:37:30 - 0:12:26 - Epoch 615: train_loss=0.35103023052215576, train_acc= 88.25%
INFO - 09/13/26 23:37:30 - 0:12:26 - Epoch 615: val_loss=0.4851374626159668, val_acc= 84.91%,val_weighted_f1= 84.91,val_macro_f1= 82.34%
EarlyStopping counter: 3 out of 15
INFO - 09/13/26 23:37:31 - 0:12:26 - Epoch 616: train_loss=0.35529592633247375, train_acc= 88.12%
INFO - 09/13/26 23:37:31 - 0:12:26 - Epoch 617: train_loss=0.3534218370914459, train_acc= 87.92%
INFO - 09/13/26 23:37:31 - 0:12:27 - Epoch 618: train_loss=0.35879266262054443, train_acc= 88.02%
INFO - 09/13/26 23:37:31 - 0:12:27 - Epoch 619: train_loss=0.35829734802246094, train_acc= 88.06%
INFO - 09/13/26 23:37:31 - 0:12:27 - Epoch 620: train_loss=0.3584313690662384, train_acc= 88.25%
INFO - 09/13/26 23:37:32 - 0:12:27 - Epoch 620: val_loss=0.4869423508644104, val_acc= 84.91%,val_weighted_f1= 84.89,val_macro_f1= 82.36%
EarlyStopping counter: 4 out of 15
INFO - 09/13/26 23:37:32 - 0:12:27 - Epoch 621: train_loss=0.35472849011421204, train_acc= 88.53%
INFO - 09/13/26 23:37:32 - 0:12:27 - Epoch 622: train_loss=0.3585086464881897, train_acc= 88.22%
INFO - 09/13/26 23:37:32 - 0:12:28 - Epoch 623: train_loss=0.34971103072166443, train_acc= 88.25%
INFO - 09/13/26 23:37:32 - 0:12:28 - Epoch 624: train_loss=0.3558396100997925, train_acc= 88.09%
INFO - 09/13/26 23:37:33 - 0:12:28 - Epoch 625: train_loss=0.35321182012557983, train_acc= 88.28%
INFO - 09/13/26 23:37:33 - 0:12:28 - Epoch 625: val_loss=0.4881948232650757, val_acc= 85.09%,val_weighted_f1= 85.11,val_macro_f1= 82.61%
EarlyStopping counter: 5 out of 15
INFO - 09/13/26 23:37:33 - 0:12:28 - Epoch 626: train_loss=0.35087525844573975, train_acc= 88.12%
INFO - 09/13/26 23:37:33 - 0:12:29 - Epoch 627: train_loss=0.350446492433548, train_acc= 88.32%
INFO - 09/13/26 23:37:33 - 0:12:29 - Epoch 628: train_loss=0.3534705340862274, train_acc= 87.91%
INFO - 09/13/26 23:37:33 - 0:12:29 - Epoch 629: train_loss=0.3535688519477844, train_acc= 88.36%
INFO - 09/13/26 23:37:34 - 0:12:29 - Epoch 630: train_loss=0.34795117378234863, train_acc= 88.42%
INFO - 09/13/26 23:37:34 - 0:12:29 - Epoch 630: val_loss=0.4858594536781311, val_acc= 84.83%,val_weighted_f1= 84.85,val_macro_f1= 82.12%
EarlyStopping counter: 6 out of 15
INFO - 09/13/26 23:37:34 - 0:12:29 - Epoch 631: train_loss=0.3479023873806, train_acc= 88.51%
INFO - 09/13/26 23:37:34 - 0:12:30 - Epoch 632: train_loss=0.35142782330513, train_acc= 88.31%
INFO - 09/13/26 23:37:34 - 0:12:30 - Epoch 633: train_loss=0.3505556583404541, train_acc= 88.46%
INFO - 09/13/26 23:37:35 - 0:12:30 - Epoch 634: train_loss=0.346639484167099, train_acc= 88.41%
INFO - 09/13/26 23:37:35 - 0:12:30 - Epoch 635: train_loss=0.35307860374450684, train_acc= 88.01%
INFO - 09/13/26 23:37:35 - 0:12:30 - Epoch 635: val_loss=0.48532208800315857, val_acc= 85.04%,val_weighted_f1= 85.04,val_macro_f1= 82.46%
EarlyStopping counter: 7 out of 15
INFO - 09/13/26 23:37:35 - 0:12:30 - Epoch 636: train_loss=0.34728071093559265, train_acc= 88.45%
INFO - 09/13/26 23:37:35 - 0:12:31 - Epoch 637: train_loss=0.34752777218818665, train_acc= 88.15%
INFO - 09/13/26 23:37:35 - 0:12:31 - Epoch 638: train_loss=0.35697340965270996, train_acc= 87.95%
INFO - 09/13/26 23:37:36 - 0:12:31 - Epoch 639: train_loss=0.34500402212142944, train_acc= 88.32%
INFO - 09/13/26 23:37:36 - 0:12:31 - Epoch 640: train_loss=0.34941616654396057, train_acc= 88.08%
INFO - 09/13/26 23:37:36 - 0:12:31 - Epoch 640: val_loss=0.48673680424690247, val_acc= 85.26%,val_weighted_f1= 85.24,val_macro_f1= 82.61%
INFO - 09/13/26 23:37:36 - 0:12:32 - Epoch 641: train_loss=0.34355399012565613, train_acc= 88.39%
INFO - 09/13/26 23:37:36 - 0:12:32 - Epoch 642: train_loss=0.34517422318458557, train_acc= 88.38%
INFO - 09/13/26 23:37:36 - 0:12:32 - Epoch 643: train_loss=0.34267082810401917, train_acc= 88.53%
INFO - 09/13/26 23:37:37 - 0:12:32 - Epoch 644: train_loss=0.34631428122520447, train_acc= 88.28%
INFO - 09/13/26 23:37:37 - 0:12:32 - Epoch 645: train_loss=0.3396747410297394, train_acc= 88.48%
INFO - 09/13/26 23:37:37 - 0:12:32 - Epoch 645: val_loss=0.4895061254501343, val_acc= 85.09%,val_weighted_f1= 85.09,val_macro_f1= 82.47%
EarlyStopping counter: 1 out of 15
INFO - 09/13/26 23:37:37 - 0:12:33 - Epoch 646: train_loss=0.34797239303588867, train_acc= 88.46%
INFO - 09/13/26 23:37:37 - 0:12:33 - Epoch 647: train_loss=0.34622815251350403, train_acc= 88.49%
INFO - 09/13/26 23:37:38 - 0:12:33 - Epoch 648: train_loss=0.3476949632167816, train_acc= 88.75%
INFO - 09/13/26 23:37:38 - 0:12:33 - Epoch 649: train_loss=0.34477686882019043, train_acc= 88.71%
INFO - 09/13/26 23:37:38 - 0:12:33 - Epoch 650: train_loss=0.3510035574436188, train_acc= 88.19%
INFO - 09/13/26 23:37:38 - 0:12:34 - Epoch 650: val_loss=0.4906943738460541, val_acc= 85.04%,val_weighted_f1= 85.06,val_macro_f1= 82.80%
EarlyStopping counter: 2 out of 15
INFO - 09/13/26 23:37:38 - 0:12:34 - Epoch 651: train_loss=0.34511256217956543, train_acc= 88.29%
INFO - 09/13/26 23:37:38 - 0:12:34 - Epoch 652: train_loss=0.3427695035934448, train_acc= 88.24%
INFO - 09/13/26 23:37:39 - 0:12:34 - Epoch 653: train_loss=0.3419533967971802, train_acc= 88.51%
INFO - 09/13/26 23:37:39 - 0:12:34 - Epoch 654: train_loss=0.34428033232688904, train_acc= 88.33%
INFO - 09/13/26 23:37:39 - 0:12:34 - Epoch 655: train_loss=0.3427015542984009, train_acc= 88.48%
INFO - 09/13/26 23:37:39 - 0:12:35 - Epoch 655: val_loss=0.4896338880062103, val_acc= 84.91%,val_weighted_f1= 84.94,val_macro_f1= 82.52%
EarlyStopping counter: 3 out of 15
INFO - 09/13/26 23:37:39 - 0:12:35 - Epoch 656: train_loss=0.3426385819911957, train_acc= 88.41%
INFO - 09/13/26 23:37:40 - 0:12:35 - Epoch 657: train_loss=0.3420749604701996, train_acc= 88.29%
INFO - 09/13/26 23:37:40 - 0:12:35 - Epoch 658: train_loss=0.3413912057876587, train_acc= 88.29%
INFO - 09/13/26 23:37:40 - 0:12:35 - Epoch 659: train_loss=0.3354310393333435, train_acc= 88.58%
INFO - 09/13/26 23:37:40 - 0:12:36 - Epoch 660: train_loss=0.34402918815612793, train_acc= 88.56%
INFO - 09/13/26 23:37:40 - 0:12:36 - Epoch 660: val_loss=0.48750942945480347, val_acc= 85.09%,val_weighted_f1= 85.06,val_macro_f1= 82.62%
EarlyStopping counter: 4 out of 15
INFO - 09/13/26 23:37:40 - 0:12:36 - Epoch 661: train_loss=0.33855631947517395, train_acc= 88.72%
INFO - 09/13/26 23:37:41 - 0:12:36 - Epoch 662: train_loss=0.33546319603919983, train_acc= 89.05%
INFO - 09/13/26 23:37:41 - 0:12:36 - Epoch 663: train_loss=0.3396647870540619, train_acc= 88.51%
INFO - 09/13/26 23:37:41 - 0:12:36 - Epoch 664: train_loss=0.34319189190864563, train_acc= 88.61%
INFO - 09/13/26 23:37:41 - 0:12:37 - Epoch 665: train_loss=0.3402232825756073, train_acc= 88.65%
INFO - 09/13/26 23:37:41 - 0:12:37 - Epoch 665: val_loss=0.49045273661613464, val_acc= 85.04%,val_weighted_f1= 85.07,val_macro_f1= 82.33%
EarlyStopping counter: 5 out of 15
INFO - 09/13/26 23:37:41 - 0:12:37 - Epoch 666: train_loss=0.33754247426986694, train_acc= 88.73%
INFO - 09/13/26 23:37:42 - 0:12:37 - Epoch 667: train_loss=0.3419703245162964, train_acc= 88.25%
INFO - 09/13/26 23:37:42 - 0:12:37 - Epoch 668: train_loss=0.34051793813705444, train_acc= 88.48%
INFO - 09/13/26 23:37:42 - 0:12:38 - Epoch 669: train_loss=0.3382417857646942, train_acc= 88.55%
INFO - 09/13/26 23:37:42 - 0:12:38 - Epoch 670: train_loss=0.33520278334617615, train_acc= 88.99%
INFO - 09/13/26 23:37:42 - 0:12:38 - Epoch 670: val_loss=0.4961232841014862, val_acc= 84.70%,val_weighted_f1= 84.70,val_macro_f1= 82.19%
EarlyStopping counter: 6 out of 15
INFO - 09/13/26 23:37:43 - 0:12:38 - Epoch 671: train_loss=0.33645036816596985, train_acc= 88.48%
INFO - 09/13/26 23:37:43 - 0:12:38 - Epoch 672: train_loss=0.33906880021095276, train_acc= 88.71%
INFO - 09/13/26 23:37:43 - 0:12:38 - Epoch 673: train_loss=0.3335854709148407, train_acc= 88.79%
INFO - 09/13/26 23:37:43 - 0:12:39 - Epoch 674: train_loss=0.33079612255096436, train_acc= 89.10%
INFO - 09/13/26 23:37:43 - 0:12:39 - Epoch 675: train_loss=0.33749037981033325, train_acc= 88.63%
INFO - 09/13/26 23:37:43 - 0:12:39 - Epoch 675: val_loss=0.49311941862106323, val_acc= 84.91%,val_weighted_f1= 84.95,val_macro_f1= 82.23%
EarlyStopping counter: 7 out of 15
INFO - 09/13/26 23:37:44 - 0:12:39 - Epoch 676: train_loss=0.3379480838775635, train_acc= 88.69%
INFO - 09/13/26 23:37:44 - 0:12:39 - Epoch 677: train_loss=0.32958272099494934, train_acc= 88.68%
INFO - 09/13/26 23:37:44 - 0:12:39 - Epoch 678: train_loss=0.3309468924999237, train_acc= 88.81%
INFO - 09/13/26 23:37:44 - 0:12:40 - Epoch 679: train_loss=0.3373340964317322, train_acc= 88.38%
INFO - 09/13/26 23:37:44 - 0:12:40 - Epoch 680: train_loss=0.3327857255935669, train_acc= 89.16%
INFO - 09/13/26 23:37:44 - 0:12:40 - Epoch 680: val_loss=0.49310731887817383, val_acc= 85.00%,val_weighted_f1= 85.03,val_macro_f1= 82.44%
EarlyStopping counter: 8 out of 15
INFO - 09/13/26 23:37:45 - 0:12:40 - Epoch 681: train_loss=0.3333382308483124, train_acc= 88.95%
INFO - 09/13/26 23:37:45 - 0:12:40 - Epoch 682: train_loss=0.33028602600097656, train_acc= 88.98%
INFO - 09/13/26 23:37:45 - 0:12:41 - Epoch 683: train_loss=0.3296373784542084, train_acc= 89.16%
INFO - 09/13/26 23:37:45 - 0:12:41 - Epoch 684: train_loss=0.3355478048324585, train_acc= 88.45%
INFO - 09/13/26 23:37:45 - 0:12:41 - Epoch 685: train_loss=0.32578402757644653, train_acc= 89.09%
INFO - 09/13/26 23:37:46 - 0:12:41 - Epoch 685: val_loss=0.49301424622535706, val_acc= 85.26%,val_weighted_f1= 85.27,val_macro_f1= 82.64%
INFO - 09/13/26 23:37:46 - 0:12:41 - Epoch 686: train_loss=0.3302273750305176, train_acc= 88.71%
INFO - 09/13/26 23:37:46 - 0:12:41 - Epoch 687: train_loss=0.32637834548950195, train_acc= 89.29%
INFO - 09/13/26 23:37:46 - 0:12:42 - Epoch 688: train_loss=0.33124780654907227, train_acc= 88.85%
INFO - 09/13/26 23:37:46 - 0:12:42 - Epoch 689: train_loss=0.33047783374786377, train_acc= 88.83%
INFO - 09/13/26 23:37:47 - 0:12:42 - Epoch 690: train_loss=0.32875123620033264, train_acc= 88.75%
INFO - 09/13/26 23:37:47 - 0:12:42 - Epoch 690: val_loss=0.49104756116867065, val_acc= 85.26%,val_weighted_f1= 85.27,val_macro_f1= 82.81%
INFO - 09/13/26 23:37:47 - 0:12:42 - Epoch 691: train_loss=0.3287057876586914, train_acc= 88.89%
INFO - 09/13/26 23:37:47 - 0:12:43 - Epoch 692: train_loss=0.3301762640476227, train_acc= 88.95%
INFO - 09/13/26 23:37:47 - 0:12:43 - Epoch 693: train_loss=0.3222584128379822, train_acc= 89.29%
INFO - 09/13/26 23:37:47 - 0:12:43 - Epoch 694: train_loss=0.32211655378341675, train_acc= 88.98%
INFO - 09/13/26 23:37:48 - 0:12:43 - Epoch 695: train_loss=0.3216553032398224, train_acc= 89.06%
INFO - 09/13/26 23:37:48 - 0:12:43 - Epoch 695: val_loss=0.4941903352737427, val_acc= 84.83%,val_weighted_f1= 84.86,val_macro_f1= 82.33%
EarlyStopping counter: 1 out of 15
INFO - 09/13/26 23:37:48 - 0:12:43 - Epoch 696: train_loss=0.32583218812942505, train_acc= 89.19%
INFO - 09/13/26 23:37:48 - 0:12:44 - Epoch 697: train_loss=0.32539287209510803, train_acc= 89.29%
INFO - 09/13/26 23:37:48 - 0:12:44 - Epoch 698: train_loss=0.3316749036312103, train_acc= 88.92%
INFO - 09/13/26 23:37:49 - 0:12:44 - Epoch 699: train_loss=0.3283447325229645, train_acc= 88.82%
INFO - 09/13/26 23:37:49 - 0:12:44 - Epoch 700: train_loss=0.3279038667678833, train_acc= 88.73%
INFO - 09/13/26 23:37:49 - 0:12:44 - Epoch 700: val_loss=0.49595436453819275, val_acc= 85.26%,val_weighted_f1= 85.29,val_macro_f1= 83.07%
INFO - 09/13/26 23:37:49 - 0:12:44 - Epoch 701: train_loss=0.3223903477191925, train_acc= 89.02%
INFO - 09/13/26 23:37:49 - 0:12:45 - Epoch 702: train_loss=0.32530051469802856, train_acc= 88.95%
INFO - 09/13/26 23:37:49 - 0:12:45 - Epoch 703: train_loss=0.32156097888946533, train_acc= 88.96%
INFO - 09/13/26 23:37:50 - 0:12:45 - Epoch 704: train_loss=0.3197442293167114, train_acc= 89.20%
INFO - 09/13/26 23:37:50 - 0:12:45 - Epoch 705: train_loss=0.32697609066963196, train_acc= 88.89%
INFO - 09/13/26 23:37:50 - 0:12:45 - Epoch 705: val_loss=0.49294188618659973, val_acc= 85.13%,val_weighted_f1= 85.13,val_macro_f1= 82.63%
EarlyStopping counter: 1 out of 15
INFO - 09/13/26 23:37:50 - 0:12:46 - Epoch 706: train_loss=0.32155856490135193, train_acc= 89.37%
INFO - 09/13/26 23:37:50 - 0:12:46 - Epoch 707: train_loss=0.32143211364746094, train_acc= 89.23%
INFO - 09/13/26 23:37:50 - 0:12:46 - Epoch 708: train_loss=0.32499024271965027, train_acc= 88.96%
INFO - 09/13/26 23:37:51 - 0:12:46 - Epoch 709: train_loss=0.3175860643386841, train_acc= 89.30%
INFO - 09/13/26 23:37:51 - 0:12:46 - Epoch 710: train_loss=0.3236747682094574, train_acc= 89.13%
INFO - 09/13/26 23:37:51 - 0:12:46 - Epoch 710: val_loss=0.49216964840888977, val_acc= 85.04%,val_weighted_f1= 85.05,val_macro_f1= 82.60%
EarlyStopping counter: 2 out of 15
INFO - 09/13/26 23:37:51 - 0:12:47 - Epoch 711: train_loss=0.32302242517471313, train_acc= 89.20%
INFO - 09/13/26 23:37:51 - 0:12:47 - Epoch 712: train_loss=0.318395733833313, train_acc= 89.36%
INFO - 09/13/26 23:37:52 - 0:12:47 - Epoch 713: train_loss=0.32589709758758545, train_acc= 89.33%
INFO - 09/13/26 23:37:52 - 0:12:47 - Epoch 714: train_loss=0.31923919916152954, train_acc= 89.40%
INFO - 09/13/26 23:37:52 - 0:12:47 - Epoch 715: train_loss=0.3147472143173218, train_acc= 89.32%
INFO - 09/13/26 23:37:52 - 0:12:47 - Epoch 715: val_loss=0.49505579471588135, val_acc= 85.13%,val_weighted_f1= 85.12,val_macro_f1= 82.75%
EarlyStopping counter: 3 out of 15
INFO - 09/13/26 23:37:52 - 0:12:48 - Epoch 716: train_loss=0.32055428624153137, train_acc= 89.20%
INFO - 09/13/26 23:37:52 - 0:12:48 - Epoch 717: train_loss=0.31235072016716003, train_acc= 89.33%
INFO - 09/13/26 23:37:53 - 0:12:48 - Epoch 718: train_loss=0.31944888830184937, train_acc= 89.22%
INFO - 09/13/26 23:37:53 - 0:12:48 - Epoch 719: train_loss=0.31459254026412964, train_acc= 89.65%
INFO - 09/13/26 23:37:53 - 0:12:48 - Epoch 720: train_loss=0.3193111717700958, train_acc= 89.37%
INFO - 09/13/26 23:37:53 - 0:12:49 - Epoch 720: val_loss=0.4956530034542084, val_acc= 85.09%,val_weighted_f1= 85.12,val_macro_f1= 82.85%
EarlyStopping counter: 4 out of 15
INFO - 09/13/26 23:37:53 - 0:12:49 - Epoch 721: train_loss=0.3159692585468292, train_acc= 89.09%
INFO - 09/13/26 23:37:53 - 0:12:49 - Epoch 722: train_loss=0.31933897733688354, train_acc= 89.13%
INFO - 09/13/26 23:37:54 - 0:12:49 - Epoch 723: train_loss=0.32053855061531067, train_acc= 89.16%
INFO - 09/13/26 23:37:54 - 0:12:49 - Epoch 724: train_loss=0.3126499652862549, train_acc= 89.43%
INFO - 09/13/26 23:37:54 - 0:12:50 - Epoch 725: train_loss=0.3190498948097229, train_acc= 89.33%
INFO - 09/13/26 23:37:54 - 0:12:50 - Epoch 725: val_loss=0.4993076026439667, val_acc= 85.04%,val_weighted_f1= 85.08,val_macro_f1= 82.81%
EarlyStopping counter: 5 out of 15
INFO - 09/13/26 23:37:54 - 0:12:50 - Epoch 726: train_loss=0.3120204210281372, train_acc= 89.60%
INFO - 09/13/26 23:37:55 - 0:12:50 - Epoch 727: train_loss=0.3153022825717926, train_acc= 89.70%
INFO - 09/13/26 23:37:55 - 0:12:50 - Epoch 728: train_loss=0.3136243224143982, train_acc= 89.56%
INFO - 09/13/26 23:37:55 - 0:12:50 - Epoch 729: train_loss=0.3152984082698822, train_acc= 89.28%
INFO - 09/13/26 23:37:55 - 0:12:51 - Epoch 730: train_loss=0.32069680094718933, train_acc= 88.99%
INFO - 09/13/26 23:37:55 - 0:12:51 - Epoch 730: val_loss=0.4986182153224945, val_acc= 85.04%,val_weighted_f1= 85.05,val_macro_f1= 82.71%
EarlyStopping counter: 6 out of 15
INFO - 09/13/26 23:37:55 - 0:12:51 - Epoch 731: train_loss=0.3173297047615051, train_acc= 89.40%
INFO - 09/13/26 23:37:56 - 0:12:51 - Epoch 732: train_loss=0.3104599416255951, train_acc= 89.42%
INFO - 09/13/26 23:37:56 - 0:12:51 - Epoch 733: train_loss=0.3084917962551117, train_acc= 89.59%
INFO - 09/13/26 23:37:56 - 0:12:52 - Epoch 734: train_loss=0.3091166913509369, train_acc= 89.65%
INFO - 09/13/26 23:37:56 - 0:12:52 - Epoch 735: train_loss=0.30570533871650696, train_acc= 89.60%
INFO - 09/13/26 23:37:56 - 0:12:52 - Epoch 735: val_loss=0.49964287877082825, val_acc= 85.17%,val_weighted_f1= 85.18,val_macro_f1= 82.89%
EarlyStopping counter: 7 out of 15
INFO - 09/13/26 23:37:56 - 0:12:52 - Epoch 736: train_loss=0.31088918447494507, train_acc= 89.20%
INFO - 09/13/26 23:37:57 - 0:12:52 - Epoch 737: train_loss=0.3184962272644043, train_acc= 89.10%
INFO - 09/13/26 23:37:57 - 0:12:52 - Epoch 738: train_loss=0.3101569414138794, train_acc= 89.59%
INFO - 09/13/26 23:37:57 - 0:12:53 - Epoch 739: train_loss=0.31402117013931274, train_acc= 89.06%
INFO - 09/13/26 23:37:57 - 0:12:53 - Epoch 740: train_loss=0.30873018503189087, train_acc= 89.76%
INFO - 09/13/26 23:37:57 - 0:12:53 - Epoch 740: val_loss=0.5010396242141724, val_acc= 85.21%,val_weighted_f1= 85.23,val_macro_f1= 82.81%
EarlyStopping counter: 8 out of 15
INFO - 09/13/26 23:37:58 - 0:12:53 - Epoch 741: train_loss=0.3086003363132477, train_acc= 89.72%
INFO - 09/13/26 23:37:58 - 0:12:53 - Epoch 742: train_loss=0.3011438548564911, train_acc= 90.04%
INFO - 09/13/26 23:37:58 - 0:12:54 - Epoch 743: train_loss=0.30654382705688477, train_acc= 90.02%
INFO - 09/13/26 23:37:58 - 0:12:54 - Epoch 744: train_loss=0.31174811720848083, train_acc= 89.60%
INFO - 09/13/26 23:37:58 - 0:12:54 - Epoch 745: train_loss=0.3078213036060333, train_acc= 89.57%
INFO - 09/13/26 23:37:58 - 0:12:54 - Epoch 745: val_loss=0.5036624073982239, val_acc= 84.96%,val_weighted_f1= 84.97,val_macro_f1= 82.73%
EarlyStopping counter: 9 out of 15
INFO - 09/13/26 23:37:59 - 0:12:54 - Epoch 746: train_loss=0.30614128708839417, train_acc= 89.87%
INFO - 09/13/26 23:37:59 - 0:12:54 - Epoch 747: train_loss=0.3061271011829376, train_acc= 89.62%
INFO - 09/13/26 23:37:59 - 0:12:55 - Epoch 748: train_loss=0.3042299449443817, train_acc= 89.80%
INFO - 09/13/26 23:37:59 - 0:12:55 - Epoch 749: train_loss=0.297746479511261, train_acc= 90.13%
INFO - 09/13/26 23:37:59 - 0:12:55 - Epoch 750: train_loss=0.30187997221946716, train_acc= 90.09%
INFO - 09/13/26 23:38:00 - 0:12:55 - Epoch 750: val_loss=0.5017865300178528, val_acc= 85.17%,val_weighted_f1= 85.18,val_macro_f1= 82.86%
EarlyStopping counter: 10 out of 15
INFO - 09/13/26 23:38:00 - 0:12:55 - Epoch 751: train_loss=0.3158870339393616, train_acc= 89.62%
INFO - 09/13/26 23:38:00 - 0:12:56 - Epoch 752: train_loss=0.30104753375053406, train_acc= 89.72%
INFO - 09/13/26 23:38:00 - 0:12:56 - Epoch 753: train_loss=0.3073669970035553, train_acc= 89.96%
INFO - 09/13/26 23:38:00 - 0:12:56 - Epoch 754: train_loss=0.3082876205444336, train_acc= 89.52%
INFO - 09/13/26 23:38:01 - 0:12:56 - Epoch 755: train_loss=0.3064609169960022, train_acc= 90.00%
INFO - 09/13/26 23:38:01 - 0:12:56 - Epoch 755: val_loss=0.5071298480033875, val_acc= 85.26%,val_weighted_f1= 85.28,val_macro_f1= 83.05%
INFO - 09/13/26 23:38:01 - 0:12:56 - Epoch 756: train_loss=0.29678723216056824, train_acc= 90.12%
INFO - 09/13/26 23:38:01 - 0:12:57 - Epoch 757: train_loss=0.29814133048057556, train_acc= 90.00%
INFO - 09/13/26 23:38:01 - 0:12:57 - Epoch 758: train_loss=0.30135589838027954, train_acc= 89.75%
INFO - 09/13/26 23:38:01 - 0:12:57 - Epoch 759: train_loss=0.3024107813835144, train_acc= 89.86%
INFO - 09/13/26 23:38:02 - 0:12:57 - Epoch 760: train_loss=0.3058423697948456, train_acc= 89.86%
INFO - 09/13/26 23:38:02 - 0:12:57 - Epoch 760: val_loss=0.5063879489898682, val_acc= 84.96%,val_weighted_f1= 85.00,val_macro_f1= 82.56%
EarlyStopping counter: 1 out of 15
INFO - 09/13/26 23:38:02 - 0:12:57 - Epoch 761: train_loss=0.30203908681869507, train_acc= 90.07%
INFO - 09/13/26 23:38:02 - 0:12:58 - Epoch 762: train_loss=0.30316802859306335, train_acc= 89.59%
INFO - 09/13/26 23:38:02 - 0:12:58 - Epoch 763: train_loss=0.30433201789855957, train_acc= 89.75%
INFO - 09/13/26 23:38:02 - 0:12:58 - Epoch 764: train_loss=0.2996310889720917, train_acc= 89.93%
INFO - 09/13/26 23:38:03 - 0:12:58 - Epoch 765: train_loss=0.2991921603679657, train_acc= 90.00%
INFO - 09/13/26 23:38:03 - 0:12:58 - Epoch 765: val_loss=0.5039389729499817, val_acc= 85.21%,val_weighted_f1= 85.23,val_macro_f1= 83.08%
EarlyStopping counter: 2 out of 15
INFO - 09/13/26 23:38:03 - 0:12:59 - Epoch 766: train_loss=0.29152852296829224, train_acc= 90.07%
INFO - 09/13/26 23:38:03 - 0:12:59 - Epoch 767: train_loss=0.3023180067539215, train_acc= 89.67%
INFO - 09/13/26 23:38:03 - 0:12:59 - Epoch 768: train_loss=0.29910460114479065, train_acc= 89.96%
INFO - 09/13/26 23:38:04 - 0:12:59 - Epoch 769: train_loss=0.29153555631637573, train_acc= 90.33%
INFO - 09/13/26 23:38:04 - 0:12:59 - Epoch 770: train_loss=0.2947431206703186, train_acc= 90.17%
INFO - 09/13/26 23:38:04 - 0:12:59 - Epoch 770: val_loss=0.5067072510719299, val_acc= 85.30%,val_weighted_f1= 85.31,val_macro_f1= 83.22%
INFO - 09/13/26 23:38:04 - 0:13:00 - Epoch 771: train_loss=0.298898309469223, train_acc= 90.41%
INFO - 09/13/26 23:38:04 - 0:13:00 - Epoch 772: train_loss=0.30187565088272095, train_acc= 89.77%
INFO - 09/13/26 23:38:04 - 0:13:00 - Epoch 773: train_loss=0.28945279121398926, train_acc= 90.37%
INFO - 09/13/26 23:38:05 - 0:13:00 - Epoch 774: train_loss=0.2986551523208618, train_acc= 89.94%
INFO - 09/13/26 23:38:05 - 0:13:00 - Epoch 775: train_loss=0.2996099591255188, train_acc= 90.03%
INFO - 09/13/26 23:38:05 - 0:13:00 - Epoch 775: val_loss=0.5088089108467102, val_acc= 84.87%,val_weighted_f1= 84.91,val_macro_f1= 82.53%
EarlyStopping counter: 1 out of 15
INFO - 09/13/26 23:38:05 - 0:13:01 - Epoch 776: train_loss=0.29680874943733215, train_acc= 89.97%
INFO - 09/13/26 23:38:05 - 0:13:01 - Epoch 777: train_loss=0.30178430676460266, train_acc= 89.87%
INFO - 09/13/26 23:38:05 - 0:13:01 - Epoch 778: train_loss=0.29390689730644226, train_acc= 90.22%
INFO - 09/13/26 23:38:06 - 0:13:01 - Epoch 779: train_loss=0.3006281852722168, train_acc= 89.32%
INFO - 09/13/26 23:38:06 - 0:13:01 - Epoch 780: train_loss=0.2914094030857086, train_acc= 90.27%
INFO - 09/13/26 23:38:06 - 0:13:02 - Epoch 780: val_loss=0.5071704387664795, val_acc= 84.96%,val_weighted_f1= 84.97,val_macro_f1= 82.60%
EarlyStopping counter: 2 out of 15
INFO - 09/13/26 23:38:06 - 0:13:02 - Epoch 781: train_loss=0.2947438359260559, train_acc= 89.94%
INFO - 09/13/26 23:38:06 - 0:13:02 - Epoch 782: train_loss=0.29673805832862854, train_acc= 89.86%
INFO - 09/13/26 23:38:07 - 0:13:02 - Epoch 783: train_loss=0.2970998287200928, train_acc= 90.24%
INFO - 09/13/26 23:38:07 - 0:13:02 - Epoch 784: train_loss=0.29249101877212524, train_acc= 90.43%
INFO - 09/13/26 23:38:07 - 0:13:03 - Epoch 785: train_loss=0.2936408817768097, train_acc= 90.57%
INFO - 09/13/26 23:38:07 - 0:13:03 - Epoch 785: val_loss=0.508899450302124, val_acc= 85.00%,val_weighted_f1= 84.99,val_macro_f1= 82.90%
EarlyStopping counter: 3 out of 15
INFO - 09/13/26 23:38:07 - 0:13:03 - Epoch 786: train_loss=0.2970820963382721, train_acc= 90.03%
INFO - 09/13/26 23:38:07 - 0:13:03 - Epoch 787: train_loss=0.285140722990036, train_acc= 90.56%
INFO - 09/13/26 23:38:08 - 0:13:03 - Epoch 788: train_loss=0.2951809763908386, train_acc= 89.93%
INFO - 09/13/26 23:38:08 - 0:13:03 - Epoch 789: train_loss=0.28891804814338684, train_acc= 90.27%
INFO - 09/13/26 23:38:08 - 0:13:04 - Epoch 790: train_loss=0.2948252856731415, train_acc= 90.41%
INFO - 09/13/26 23:38:08 - 0:13:04 - Epoch 790: val_loss=0.5074985027313232, val_acc= 85.38%,val_weighted_f1= 85.40,val_macro_f1= 83.27%
INFO - 09/13/26 23:38:08 - 0:13:04 - Epoch 791: train_loss=0.290233850479126, train_acc= 89.96%
INFO - 09/13/26 23:38:09 - 0:13:04 - Epoch 792: train_loss=0.28699159622192383, train_acc= 90.27%
INFO - 09/13/26 23:38:09 - 0:13:04 - Epoch 793: train_loss=0.2970568835735321, train_acc= 89.86%
INFO - 09/13/26 23:38:09 - 0:13:05 - Epoch 794: train_loss=0.2933864891529083, train_acc= 90.17%
INFO - 09/13/26 23:38:09 - 0:13:05 - Epoch 795: train_loss=0.2877630293369293, train_acc= 90.47%
INFO - 09/13/26 23:38:09 - 0:13:05 - Epoch 795: val_loss=0.5106592178344727, val_acc= 85.17%,val_weighted_f1= 85.20,val_macro_f1= 83.08%
EarlyStopping counter: 1 out of 15
INFO - 09/13/26 23:38:09 - 0:13:05 - Epoch 796: train_loss=0.2908230721950531, train_acc= 90.29%
INFO - 09/13/26 23:38:10 - 0:13:05 - Epoch 797: train_loss=0.28820130228996277, train_acc= 90.24%
INFO - 09/13/26 23:38:10 - 0:13:05 - Epoch 798: train_loss=0.28464600443840027, train_acc= 90.30%
INFO - 09/13/26 23:38:10 - 0:13:06 - Epoch 799: train_loss=0.2867864668369293, train_acc= 90.57%
INFO - 09/13/26 23:38:10 - 0:13:06 - Epoch 800: train_loss=0.2891154885292053, train_acc= 90.14%
INFO - 09/13/26 23:38:10 - 0:13:06 - Epoch 800: val_loss=0.510567307472229, val_acc= 85.26%,val_weighted_f1= 85.27,val_macro_f1= 83.01%
EarlyStopping counter: 2 out of 15
INFO - 09/13/26 23:38:10 - 0:13:06 - Epoch 801: train_loss=0.29325148463249207, train_acc= 90.36%
INFO - 09/13/26 23:38:11 - 0:13:06 - Epoch 802: train_loss=0.2837251126766205, train_acc= 90.56%
INFO - 09/13/26 23:38:11 - 0:13:06 - Epoch 803: train_loss=0.285270631313324, train_acc= 90.27%
INFO - 09/13/26 23:38:11 - 0:13:07 - Epoch 804: train_loss=0.29039961099624634, train_acc= 90.27%
INFO - 09/13/26 23:38:11 - 0:13:07 - Epoch 805: train_loss=0.2888898551464081, train_acc= 90.22%
INFO - 09/13/26 23:38:11 - 0:13:07 - Epoch 805: val_loss=0.5137646198272705, val_acc= 85.17%,val_weighted_f1= 85.18,val_macro_f1= 83.19%
EarlyStopping counter: 3 out of 15
INFO - 09/13/26 23:38:12 - 0:13:07 - Epoch 806: train_loss=0.2886708974838257, train_acc= 89.94%
INFO - 09/13/26 23:38:12 - 0:13:07 - Epoch 807: train_loss=0.28175264596939087, train_acc= 90.54%
INFO - 09/13/26 23:38:12 - 0:13:08 - Epoch 808: train_loss=0.2922753691673279, train_acc= 90.23%
INFO - 09/13/26 23:38:12 - 0:13:08 - Epoch 809: train_loss=0.2836688160896301, train_acc= 90.80%
INFO - 09/13/26 23:38:12 - 0:13:08 - Epoch 810: train_loss=0.2828037142753601, train_acc= 90.76%
INFO - 09/13/26 23:38:12 - 0:13:08 - Epoch 810: val_loss=0.5139609575271606, val_acc= 85.09%,val_weighted_f1= 85.11,val_macro_f1= 82.91%
EarlyStopping counter: 4 out of 15
INFO - 09/13/26 23:38:13 - 0:13:08 - Epoch 811: train_loss=0.28283753991127014, train_acc= 90.56%
INFO - 09/13/26 23:38:13 - 0:13:08 - Epoch 812: train_loss=0.28794556856155396, train_acc= 90.07%
INFO - 09/13/26 23:38:13 - 0:13:09 - Epoch 813: train_loss=0.28372302651405334, train_acc= 90.44%
INFO - 09/13/26 23:38:13 - 0:13:09 - Epoch 814: train_loss=0.28171291947364807, train_acc= 90.69%
INFO - 09/13/26 23:38:13 - 0:13:09 - Epoch 815: train_loss=0.28258946537971497, train_acc= 90.34%
INFO - 09/13/26 23:38:13 - 0:13:09 - Epoch 815: val_loss=0.5168676972389221, val_acc= 84.91%,val_weighted_f1= 84.94,val_macro_f1= 82.70%
EarlyStopping counter: 5 out of 15
INFO - 09/13/26 23:38:14 - 0:13:09 - Epoch 816: train_loss=0.2802193760871887, train_acc= 90.64%
INFO - 09/13/26 23:38:14 - 0:13:10 - Epoch 817: train_loss=0.2837250828742981, train_acc= 90.36%
INFO - 09/13/26 23:38:14 - 0:13:10 - Epoch 818: train_loss=0.28079843521118164, train_acc= 90.60%
INFO - 09/13/26 23:38:14 - 0:13:10 - Epoch 819: train_loss=0.28014516830444336, train_acc= 90.46%
INFO - 09/13/26 23:38:15 - 0:13:10 - Epoch 820: train_loss=0.27659082412719727, train_acc= 90.59%
INFO - 09/13/26 23:38:15 - 0:13:10 - Epoch 820: val_loss=0.5170012712478638, val_acc= 85.17%,val_weighted_f1= 85.20,val_macro_f1= 83.14%
EarlyStopping counter: 6 out of 15
INFO - 09/13/26 23:38:15 - 0:13:10 - Epoch 821: train_loss=0.27966949343681335, train_acc= 90.41%
INFO - 09/13/26 23:38:15 - 0:13:11 - Epoch 822: train_loss=0.2816559374332428, train_acc= 90.86%
INFO - 09/13/26 23:38:15 - 0:13:11 - Epoch 823: train_loss=0.2796424627304077, train_acc= 90.37%
INFO - 09/13/26 23:38:15 - 0:13:11 - Epoch 824: train_loss=0.2736758291721344, train_acc= 90.71%
INFO - 09/13/26 23:38:16 - 0:13:11 - Epoch 825: train_loss=0.280195415019989, train_acc= 90.74%
INFO - 09/13/26 23:38:16 - 0:13:11 - Epoch 825: val_loss=0.5177304744720459, val_acc= 85.17%,val_weighted_f1= 85.17,val_macro_f1= 83.25%
EarlyStopping counter: 7 out of 15
INFO - 09/13/26 23:38:16 - 0:13:11 - Epoch 826: train_loss=0.27408406138420105, train_acc= 91.35%
INFO - 09/13/26 23:38:16 - 0:13:12 - Epoch 827: train_loss=0.28300702571868896, train_acc= 90.22%
INFO - 09/13/26 23:38:16 - 0:13:12 - Epoch 828: train_loss=0.27885371446609497, train_acc= 90.22%
INFO - 09/13/26 23:38:16 - 0:13:12 - Epoch 829: train_loss=0.27666589617729187, train_acc= 90.77%
INFO - 09/13/26 23:38:17 - 0:13:12 - Epoch 830: train_loss=0.2858388125896454, train_acc= 90.36%
INFO - 09/13/26 23:38:17 - 0:13:12 - Epoch 830: val_loss=0.5237712264060974, val_acc= 84.53%,val_weighted_f1= 84.57,val_macro_f1= 82.26%
EarlyStopping counter: 8 out of 15
INFO - 09/13/26 23:38:17 - 0:13:13 - Epoch 831: train_loss=0.2775527834892273, train_acc= 90.50%
INFO - 09/13/26 23:38:17 - 0:13:13 - Epoch 832: train_loss=0.27831462025642395, train_acc= 90.88%
INFO - 09/13/26 23:38:17 - 0:13:13 - Epoch 833: train_loss=0.2784448564052582, train_acc= 90.59%
INFO - 09/13/26 23:38:18 - 0:13:13 - Epoch 834: train_loss=0.2809346318244934, train_acc= 90.80%
INFO - 09/13/26 23:38:18 - 0:13:13 - Epoch 835: train_loss=0.27570080757141113, train_acc= 90.59%
INFO - 09/13/26 23:38:18 - 0:13:13 - Epoch 835: val_loss=0.5222651958465576, val_acc= 84.87%,val_weighted_f1= 84.88,val_macro_f1= 83.09%
EarlyStopping counter: 9 out of 15
INFO - 09/13/26 23:38:18 - 0:13:14 - Epoch 836: train_loss=0.27072271704673767, train_acc= 91.11%
INFO - 09/13/26 23:38:18 - 0:13:14 - Epoch 837: train_loss=0.27225247025489807, train_acc= 90.84%
INFO - 09/13/26 23:38:18 - 0:13:14 - Epoch 838: train_loss=0.2824307084083557, train_acc= 90.50%
INFO - 09/13/26 23:38:19 - 0:13:14 - Epoch 839: train_loss=0.2720695734024048, train_acc= 91.01%
INFO - 09/13/26 23:38:19 - 0:13:14 - Epoch 840: train_loss=0.2773410677909851, train_acc= 90.66%
INFO - 09/13/26 23:38:19 - 0:13:14 - Epoch 840: val_loss=0.5219082236289978, val_acc= 85.04%,val_weighted_f1= 85.04,val_macro_f1= 83.05%
EarlyStopping counter: 10 out of 15
INFO - 09/13/26 23:38:19 - 0:13:15 - Epoch 841: train_loss=0.27707287669181824, train_acc= 90.37%
INFO - 09/13/26 23:38:19 - 0:13:15 - Epoch 842: train_loss=0.2792733311653137, train_acc= 90.37%
INFO - 09/13/26 23:38:20 - 0:13:15 - Epoch 843: train_loss=0.2718460261821747, train_acc= 90.71%
INFO - 09/13/26 23:38:20 - 0:13:15 - Epoch 844: train_loss=0.27477917075157166, train_acc= 90.67%
INFO - 09/13/26 23:38:20 - 0:13:15 - Epoch 845: train_loss=0.2775433361530304, train_acc= 90.61%
INFO - 09/13/26 23:38:20 - 0:13:16 - Epoch 845: val_loss=0.5240586996078491, val_acc= 85.09%,val_weighted_f1= 85.12,val_macro_f1= 83.29%
EarlyStopping counter: 11 out of 15
INFO - 09/13/26 23:38:20 - 0:13:16 - Epoch 846: train_loss=0.2765304446220398, train_acc= 90.66%
INFO - 09/13/26 23:38:20 - 0:13:16 - Epoch 847: train_loss=0.2697446942329407, train_acc= 90.74%
INFO - 09/13/26 23:38:21 - 0:13:16 - Epoch 848: train_loss=0.26875215768814087, train_acc= 91.01%
INFO - 09/13/26 23:38:21 - 0:13:16 - Epoch 849: train_loss=0.26815006136894226, train_acc= 91.07%
INFO - 09/13/26 23:38:21 - 0:13:17 - Epoch 850: train_loss=0.2694101929664612, train_acc= 90.98%
INFO - 09/13/26 23:38:21 - 0:13:17 - Epoch 850: val_loss=0.5214174389839172, val_acc= 85.21%,val_weighted_f1= 85.22,val_macro_f1= 83.32%
EarlyStopping counter: 12 out of 15
INFO - 09/13/26 23:38:21 - 0:13:17 - Epoch 851: train_loss=0.2644481658935547, train_acc= 91.23%
INFO - 09/13/26 23:38:22 - 0:13:17 - Epoch 852: train_loss=0.2681541442871094, train_acc= 90.94%
INFO - 09/13/26 23:38:22 - 0:13:17 - Epoch 853: train_loss=0.2646864056587219, train_acc= 91.10%
INFO - 09/13/26 23:38:22 - 0:13:17 - Epoch 854: train_loss=0.2712384760379791, train_acc= 90.53%
INFO - 09/13/26 23:38:22 - 0:13:18 - Epoch 855: train_loss=0.2725151777267456, train_acc= 90.97%
INFO - 09/13/26 23:38:22 - 0:13:18 - Epoch 855: val_loss=0.5273827314376831, val_acc= 85.04%,val_weighted_f1= 85.05,val_macro_f1= 82.93%
EarlyStopping counter: 13 out of 15
INFO - 09/13/26 23:38:22 - 0:13:18 - Epoch 856: train_loss=0.26654645800590515, train_acc= 91.04%
INFO - 09/13/26 23:38:23 - 0:13:18 - Epoch 857: train_loss=0.273344486951828, train_acc= 90.76%
INFO - 09/13/26 23:38:23 - 0:13:18 - Epoch 858: train_loss=0.2730052173137665, train_acc= 90.73%
INFO - 09/13/26 23:38:23 - 0:13:19 - Epoch 859: train_loss=0.27288126945495605, train_acc= 90.80%
INFO - 09/13/26 23:38:23 - 0:13:19 - Epoch 860: train_loss=0.26963070034980774, train_acc= 90.81%
INFO - 09/13/26 23:38:23 - 0:13:19 - Epoch 860: val_loss=0.5273396968841553, val_acc= 84.74%,val_weighted_f1= 84.78,val_macro_f1= 82.31%
EarlyStopping counter: 14 out of 15
INFO - 09/13/26 23:38:24 - 0:13:19 - Epoch 861: train_loss=0.2693701982498169, train_acc= 90.93%
INFO - 09/13/26 23:38:24 - 0:13:19 - Epoch 862: train_loss=0.26989907026290894, train_acc= 90.87%
INFO - 09/13/26 23:38:24 - 0:13:19 - Epoch 863: train_loss=0.26785901188850403, train_acc= 91.11%
INFO - 09/13/26 23:38:24 - 0:13:20 - Epoch 864: train_loss=0.2620749771595001, train_acc= 91.17%
INFO - 09/13/26 23:38:24 - 0:13:20 - Epoch 865: train_loss=0.26485905051231384, train_acc= 91.08%
INFO - 09/13/26 23:38:24 - 0:13:20 - Epoch 865: val_loss=0.5291128158569336, val_acc= 85.00%,val_weighted_f1= 85.02,val_macro_f1= 82.97%
EarlyStopping counter: 15 out of 15
---------Early stopping--------
INFO - 09/13/26 23:38:24 - 0:13:20 - --------------Testing--------------------
INFO - 09/13/26 23:38:24 - 0:13:20 - --------------Loading from ./checkpoints/NC_WikiCS_model.pt--------------------
INFO - 09/13/26 23:38:24 - 0:13:20 - test_acc= 84.96%, weighted_f1= 84.93,macro_f1= 83.23%
INFO - 09/13/26 23:38:24 - 0:13:20 - test_acc= 84.96%, weighted_f1= 84.93,macro_f1= 83.23%
INFO - 09/13/26 23:38:25 - 0:13:20 - Epoch 0: train_loss=2.742588758468628, train_acc= 3.62%
INFO - 09/13/26 23:38:25 - 0:13:20 - Epoch 0: val_loss=2.6363093852996826, val_acc= 3.59%,val_weighted_f1= 0.25,val_macro_f1= 0.69%
INFO - 09/13/26 23:38:25 - 0:13:20 - Epoch 1: train_loss=2.614192247390747, train_acc= 3.69%
INFO - 09/13/26 23:38:25 - 0:13:21 - Epoch 2: train_loss=2.4997148513793945, train_acc= 4.16%
INFO - 09/13/26 23:38:25 - 0:13:21 - Epoch 3: train_loss=2.409287452697754, train_acc= 5.01%
INFO - 09/13/26 23:38:26 - 0:13:21 - Epoch 4: train_loss=2.33087420463562, train_acc= 7.55%
INFO - 09/13/26 23:38:26 - 0:13:21 - Epoch 5: train_loss=2.263834238052368, train_acc= 12.11%
INFO - 09/13/26 23:38:26 - 0:13:21 - Epoch 5: val_loss=2.1872735023498535, val_acc= 21.50%,val_weighted_f1= 18.25,val_macro_f1= 10.56%
INFO - 09/13/26 23:38:26 - 0:13:22 - Epoch 6: train_loss=2.2109148502349854, train_acc= 18.29%
INFO - 09/13/26 23:38:26 - 0:13:22 - Epoch 7: train_loss=2.166342258453369, train_acc= 22.33%
INFO - 09/13/26 23:38:26 - 0:13:22 - Epoch 8: train_loss=2.130153179168701, train_acc= 26.42%
INFO - 09/13/26 23:38:27 - 0:13:22 - Epoch 9: train_loss=2.102482318878174, train_acc= 27.94%
INFO - 09/13/26 23:38:27 - 0:13:22 - Epoch 10: train_loss=2.08154559135437, train_acc= 28.54%
INFO - 09/13/26 23:38:27 - 0:13:22 - Epoch 10: val_loss=2.033531427383423, val_acc= 32.82%,val_weighted_f1= 20.47,val_macro_f1= 10.01%
INFO - 09/13/26 23:38:27 - 0:13:23 - Epoch 11: train_loss=2.0661349296569824, train_acc= 28.86%
INFO - 09/13/26 23:38:27 - 0:13:23 - Epoch 12: train_loss=2.0526750087738037, train_acc= 29.90%
INFO - 09/13/26 23:38:28 - 0:13:23 - Epoch 13: train_loss=2.0457217693328857, train_acc= 29.77%
INFO - 09/13/26 23:38:28 - 0:13:23 - Epoch 14: train_loss=2.0317137241363525, train_acc= 30.22%
INFO - 09/13/26 23:38:28 - 0:13:23 - Epoch 15: train_loss=2.027508497238159, train_acc= 30.02%
INFO - 09/13/26 23:38:28 - 0:13:23 - Epoch 15: val_loss=1.9870282411575317, val_acc= 32.61%,val_weighted_f1= 20.22,val_macro_f1= 9.78%
EarlyStopping counter: 1 out of 15
INFO - 09/13/26 23:38:28 - 0:13:24 - Epoch 16: train_loss=2.024561882019043, train_acc= 30.27%
INFO - 09/13/26 23:38:28 - 0:13:24 - Epoch 17: train_loss=2.0143697261810303, train_acc= 31.15%
INFO - 09/13/26 23:38:29 - 0:13:24 - Epoch 18: train_loss=2.0061049461364746, train_acc= 30.52%
INFO - 09/13/26 23:38:29 - 0:13:24 - Epoch 19: train_loss=1.999152421951294, train_acc= 31.38%
INFO - 09/13/26 23:38:29 - 0:13:24 - Epoch 20: train_loss=1.9915213584899902, train_acc= 31.59%
INFO - 09/13/26 23:38:29 - 0:13:25 - Epoch 20: val_loss=1.9508905410766602, val_acc= 33.21%,val_weighted_f1= 21.47,val_macro_f1= 10.64%
INFO - 09/13/26 23:38:29 - 0:13:25 - Epoch 21: train_loss=1.987053394317627, train_acc= 32.09%
INFO - 09/13/26 23:38:29 - 0:13:25 - Epoch 22: train_loss=1.9831843376159668, train_acc= 32.19%
INFO - 09/13/26 23:38:30 - 0:13:25 - Epoch 23: train_loss=1.9718132019042969, train_acc= 32.49%
INFO - 09/13/26 23:38:30 - 0:13:25 - Epoch 24: train_loss=1.9677332639694214, train_acc= 32.97%
INFO - 09/13/26 23:38:30 - 0:13:26 - Epoch 25: train_loss=1.9592598676681519, train_acc= 33.53%
INFO - 09/13/26 23:38:30 - 0:13:26 - Epoch 25: val_loss=1.9090824127197266, val_acc= 36.79%,val_weighted_f1= 27.19,val_macro_f1= 14.59%
INFO - 09/13/26 23:38:30 - 0:13:26 - Epoch 26: train_loss=1.9515904188156128, train_acc= 34.27%
INFO - 09/13/26 23:38:31 - 0:13:26 - Epoch 27: train_loss=1.9412678480148315, train_acc= 35.32%
INFO - 09/13/26 23:38:31 - 0:13:26 - Epoch 28: train_loss=1.9314523935317993, train_acc= 35.47%
INFO - 09/13/26 23:38:31 - 0:13:26 - Epoch 29: train_loss=1.9224284887313843, train_acc= 36.15%
INFO - 09/13/26 23:38:31 - 0:13:27 - Epoch 30: train_loss=1.9138911962509155, train_acc= 36.85%
INFO - 09/13/26 23:38:31 - 0:13:27 - Epoch 30: val_loss=1.8590534925460815, val_acc= 40.64%,val_weighted_f1= 32.52,val_macro_f1= 18.02%
INFO - 09/13/26 23:38:31 - 0:13:27 - Epoch 31: train_loss=1.9094606637954712, train_acc= 36.70%
INFO - 09/13/26 23:38:32 - 0:13:27 - Epoch 32: train_loss=1.8939646482467651, train_acc= 37.64%
INFO - 09/13/26 23:38:32 - 0:13:27 - Epoch 33: train_loss=1.8863593339920044, train_acc= 38.20%
INFO - 09/13/26 23:38:32 - 0:13:27 - Epoch 34: train_loss=1.8746790885925293, train_acc= 38.33%
INFO - 09/13/26 23:38:32 - 0:13:28 - Epoch 35: train_loss=1.8620009422302246, train_acc= 38.41%
INFO - 09/13/26 23:38:32 - 0:13:28 - Epoch 35: val_loss=1.8048535585403442, val_acc= 44.62%,val_weighted_f1= 36.97,val_macro_f1= 20.66%
INFO - 09/13/26 23:38:33 - 0:13:28 - Epoch 36: train_loss=1.8532568216323853, train_acc= 39.79%
INFO - 09/13/26 23:38:33 - 0:13:28 - Epoch 37: train_loss=1.8443523645401, train_acc= 40.26%
INFO - 09/13/26 23:38:33 - 0:13:28 - Epoch 38: train_loss=1.8329721689224243, train_acc= 40.59%
INFO - 09/13/26 23:38:33 - 0:13:29 - Epoch 39: train_loss=1.821982979774475, train_acc= 42.27%
INFO - 09/13/26 23:38:33 - 0:13:29 - Epoch 40: train_loss=1.811408519744873, train_acc= 42.79%
INFO - 09/13/26 23:38:33 - 0:13:29 - Epoch 40: val_loss=1.7490739822387695, val_acc= 48.89%,val_weighted_f1= 41.07,val_macro_f1= 23.28%
INFO - 09/13/26 23:38:34 - 0:13:29 - Epoch 41: train_loss=1.7987971305847168, train_acc= 43.63%
INFO - 09/13/26 23:38:34 - 0:13:29 - Epoch 42: train_loss=1.7951200008392334, train_acc= 44.04%
INFO - 09/13/26 23:38:34 - 0:13:29 - Epoch 43: train_loss=1.7810791730880737, train_acc= 45.02%
INFO - 09/13/26 23:38:34 - 0:13:30 - Epoch 44: train_loss=1.7724252939224243, train_acc= 44.94%
INFO - 09/13/26 23:38:34 - 0:13:30 - Epoch 45: train_loss=1.7600071430206299, train_acc= 45.81%
INFO - 09/13/26 23:38:34 - 0:13:30 - Epoch 45: val_loss=1.6902574300765991, val_acc= 52.74%,val_weighted_f1= 44.27,val_macro_f1= 25.26%
INFO - 09/13/26 23:38:35 - 0:13:30 - Epoch 46: train_loss=1.7499122619628906, train_acc= 46.82%
INFO - 09/13/26 23:38:35 - 0:13:30 - Epoch 47: train_loss=1.7412199974060059, train_acc= 47.61%
INFO - 09/13/26 23:38:35 - 0:13:31 - Epoch 48: train_loss=1.7245129346847534, train_acc= 48.28%
INFO - 09/13/26 23:38:35 - 0:13:31 - Epoch 49: train_loss=1.7149291038513184, train_acc= 49.05%
INFO - 09/13/26 23:38:35 - 0:13:31 - Epoch 50: train_loss=1.7013680934906006, train_acc= 49.25%
INFO - 09/13/26 23:38:36 - 0:13:31 - Epoch 50: val_loss=1.6262363195419312, val_acc= 55.51%,val_weighted_f1= 46.45,val_macro_f1= 26.53%
INFO - 09/13/26 23:38:36 - 0:13:31 - Epoch 51: train_loss=1.6899718046188354, train_acc= 49.74%
INFO - 09/13/26 23:38:36 - 0:13:31 - Epoch 52: train_loss=1.6789350509643555, train_acc= 50.16%
INFO - 09/13/26 23:38:36 - 0:13:32 - Epoch 53: train_loss=1.6654419898986816, train_acc= 50.82%
INFO - 09/13/26 23:38:36 - 0:13:32 - Epoch 54: train_loss=1.6506530046463013, train_acc= 51.55%
INFO - 09/13/26 23:38:37 - 0:13:32 - Epoch 55: train_loss=1.6375675201416016, train_acc= 52.03%
INFO - 09/13/26 23:38:37 - 0:13:32 - Epoch 55: val_loss=1.555058479309082, val_acc= 56.79%,val_weighted_f1= 47.39,val_macro_f1= 27.04%
INFO - 09/13/26 23:38:37 - 0:13:32 - Epoch 56: train_loss=1.626497745513916, train_acc= 51.63%
INFO - 09/13/26 23:38:37 - 0:13:32 - Epoch 57: train_loss=1.6113680601119995, train_acc= 52.23%
INFO - 09/13/26 23:38:37 - 0:13:33 - Epoch 58: train_loss=1.6008177995681763, train_acc= 51.96%
INFO - 09/13/26 23:38:37 - 0:13:33 - Epoch 59: train_loss=1.584574580192566, train_acc= 52.56%
INFO - 09/13/26 23:38:38 - 0:13:33 - Epoch 60: train_loss=1.570519208908081, train_acc= 52.26%
INFO - 09/13/26 23:38:38 - 0:13:33 - Epoch 60: val_loss=1.4778411388397217, val_acc= 57.86%,val_weighted_f1= 48.18,val_macro_f1= 27.47%
INFO - 09/13/26 23:38:38 - 0:13:33 - Epoch 61: train_loss=1.5590802431106567, train_acc= 52.97%
INFO - 09/13/26 23:38:38 - 0:13:34 - Epoch 62: train_loss=1.545841932296753, train_acc= 53.34%
INFO - 09/13/26 23:38:38 - 0:13:34 - Epoch 63: train_loss=1.5270051956176758, train_acc= 53.57%
INFO - 09/13/26 23:38:38 - 0:13:34 - Epoch 64: train_loss=1.5082544088363647, train_acc= 54.27%
INFO - 09/13/26 23:38:39 - 0:13:34 - Epoch 65: train_loss=1.4975765943527222, train_acc= 54.07%
INFO - 09/13/26 23:38:39 - 0:13:34 - Epoch 65: val_loss=1.3972721099853516, val_acc= 58.50%,val_weighted_f1= 48.76,val_macro_f1= 27.85%
INFO - 09/13/26 23:38:39 - 0:13:34 - Epoch 66: train_loss=1.4797223806381226, train_acc= 54.79%
INFO - 09/13/26 23:38:39 - 0:13:35 - Epoch 67: train_loss=1.4608206748962402, train_acc= 54.95%
INFO - 09/13/26 23:38:39 - 0:13:35 - Epoch 68: train_loss=1.4555861949920654, train_acc= 55.16%
INFO - 09/13/26 23:38:40 - 0:13:35 - Epoch 69: train_loss=1.4353766441345215, train_acc= 55.11%
INFO - 09/13/26 23:38:40 - 0:13:35 - Epoch 70: train_loss=1.4229121208190918, train_acc= 55.31%
INFO - 09/13/26 23:38:40 - 0:13:35 - Epoch 70: val_loss=1.31595778465271, val_acc= 59.40%,val_weighted_f1= 49.95,val_macro_f1= 29.02%
INFO - 09/13/26 23:38:40 - 0:13:35 - Epoch 71: train_loss=1.405091404914856, train_acc= 55.86%
INFO - 09/13/26 23:38:40 - 0:13:36 - Epoch 72: train_loss=1.3905271291732788, train_acc= 56.27%
INFO - 09/13/26 23:38:40 - 0:13:36 - Epoch 73: train_loss=1.3761909008026123, train_acc= 56.43%
INFO - 09/13/26 23:38:41 - 0:13:36 - Epoch 74: train_loss=1.3619942665100098, train_acc= 56.40%
INFO - 09/13/26 23:38:41 - 0:13:36 - Epoch 75: train_loss=1.3470401763916016, train_acc= 56.97%
INFO - 09/13/26 23:38:41 - 0:13:36 - Epoch 75: val_loss=1.2379809617996216, val_acc= 60.47%,val_weighted_f1= 52.02,val_macro_f1= 31.55%
INFO - 09/13/26 23:38:41 - 0:13:37 - Epoch 76: train_loss=1.3315882682800293, train_acc= 56.93%
INFO - 09/13/26 23:38:41 - 0:13:37 - Epoch 77: train_loss=1.3193507194519043, train_acc= 57.23%
INFO - 09/13/26 23:38:41 - 0:13:37 - Epoch 78: train_loss=1.3093101978302002, train_acc= 57.84%
INFO - 09/13/26 23:38:42 - 0:13:37 - Epoch 79: train_loss=1.287822961807251, train_acc= 58.10%
INFO - 09/13/26 23:38:42 - 0:13:37 - Epoch 80: train_loss=1.2812250852584839, train_acc= 58.31%
INFO - 09/13/26 23:38:42 - 0:13:37 - Epoch 80: val_loss=1.1658998727798462, val_acc= 61.84%,val_weighted_f1= 54.37,val_macro_f1= 34.51%
INFO - 09/13/26 23:38:42 - 0:13:38 - Epoch 81: train_loss=1.2680381536483765, train_acc= 58.60%
INFO - 09/13/26 23:38:42 - 0:13:38 - Epoch 82: train_loss=1.2486474514007568, train_acc= 59.09%
INFO - 09/13/26 23:38:43 - 0:13:38 - Epoch 83: train_loss=1.2339963912963867, train_acc= 59.31%
INFO - 09/13/26 23:38:43 - 0:13:38 - Epoch 84: train_loss=1.2241454124450684, train_acc= 60.19%
INFO - 09/13/26 23:38:43 - 0:13:38 - Epoch 85: train_loss=1.210139274597168, train_acc= 60.73%
INFO - 09/13/26 23:38:43 - 0:13:39 - Epoch 85: val_loss=1.1018096208572388, val_acc= 63.38%,val_weighted_f1= 56.80,val_macro_f1= 37.55%
INFO - 09/13/26 23:38:43 - 0:13:39 - Epoch 86: train_loss=1.1995929479599, train_acc= 60.50%
INFO - 09/13/26 23:38:43 - 0:13:39 - Epoch 87: train_loss=1.1899069547653198, train_acc= 61.20%
INFO - 09/13/26 23:38:44 - 0:13:39 - Epoch 88: train_loss=1.1816074848175049, train_acc= 60.89%
INFO - 09/13/26 23:38:44 - 0:13:39 - Epoch 89: train_loss=1.161961317062378, train_acc= 61.76%
INFO - 09/13/26 23:38:44 - 0:13:40 - Epoch 90: train_loss=1.1579736471176147, train_acc= 61.99%
INFO - 09/13/26 23:38:44 - 0:13:40 - Epoch 90: val_loss=1.0470165014266968, val_acc= 64.96%,val_weighted_f1= 59.33,val_macro_f1= 40.75%
INFO - 09/13/26 23:38:44 - 0:13:40 - Epoch 91: train_loss=1.1449588537216187, train_acc= 62.50%
INFO - 09/13/26 23:38:45 - 0:13:40 - Epoch 92: train_loss=1.1340305805206299, train_acc= 62.65%
INFO - 09/13/26 23:38:45 - 0:13:40 - Epoch 93: train_loss=1.1218703985214233, train_acc= 63.04%
INFO - 09/13/26 23:38:45 - 0:13:40 - Epoch 94: train_loss=1.1146457195281982, train_acc= 63.27%
INFO - 09/13/26 23:38:45 - 0:13:41 - Epoch 95: train_loss=1.1028953790664673, train_acc= 64.58%
INFO - 09/13/26 23:38:45 - 0:13:41 - Epoch 95: val_loss=0.9956085085868835, val_acc= 66.88%,val_weighted_f1= 61.92,val_macro_f1= 43.69%
INFO - 09/13/26 23:38:45 - 0:13:41 - Epoch 96: train_loss=1.0947225093841553, train_acc= 64.88%
INFO - 09/13/26 23:38:46 - 0:13:41 - Epoch 97: train_loss=1.086491346359253, train_acc= 64.86%
INFO - 09/13/26 23:38:46 - 0:13:41 - Epoch 98: train_loss=1.0771136283874512, train_acc= 64.72%
INFO - 09/13/26 23:38:46 - 0:13:42 - Epoch 99: train_loss=1.0709153413772583, train_acc= 64.89%
INFO - 09/13/26 23:38:46 - 0:13:42 - Epoch 100: train_loss=1.0548259019851685, train_acc= 65.33%
INFO - 09/13/26 23:38:46 - 0:13:42 - Epoch 100: val_loss=0.953238844871521, val_acc= 68.21%,val_weighted_f1= 63.85,val_macro_f1= 46.24%
INFO - 09/13/26 23:38:46 - 0:13:42 - Epoch 101: train_loss=1.0488430261611938, train_acc= 65.49%
INFO - 09/13/26 23:38:47 - 0:13:42 - Epoch 102: train_loss=1.0429960489273071, train_acc= 65.55%
INFO - 09/13/26 23:38:47 - 0:13:42 - Epoch 103: train_loss=1.0315444469451904, train_acc= 66.20%
INFO - 09/13/26 23:38:47 - 0:13:43 - Epoch 104: train_loss=1.02571702003479, train_acc= 66.33%
INFO - 09/13/26 23:38:47 - 0:13:43 - Epoch 105: train_loss=1.0156387090682983, train_acc= 66.37%
INFO - 09/13/26 23:38:47 - 0:13:43 - Epoch 105: val_loss=0.9142308831214905, val_acc= 69.10%,val_weighted_f1= 65.26,val_macro_f1= 48.10%
INFO - 09/13/26 23:38:48 - 0:13:43 - Epoch 106: train_loss=1.011084794998169, train_acc= 66.69%
INFO - 09/13/26 23:38:48 - 0:13:43 - Epoch 107: train_loss=1.0005146265029907, train_acc= 66.86%
INFO - 09/13/26 23:38:48 - 0:13:44 - Epoch 108: train_loss=0.9995372295379639, train_acc= 67.06%
INFO - 09/13/26 23:38:48 - 0:13:44 - Epoch 109: train_loss=0.9860808849334717, train_acc= 67.85%
INFO - 09/13/26 23:38:48 - 0:13:44 - Epoch 110: train_loss=0.9768881797790527, train_acc= 68.34%
INFO - 09/13/26 23:38:48 - 0:13:44 - Epoch 110: val_loss=0.8775377869606018, val_acc= 70.73%,val_weighted_f1= 67.43,val_macro_f1= 51.47%
INFO - 09/13/26 23:38:49 - 0:13:44 - Epoch 111: train_loss=0.9708617329597473, train_acc= 68.05%
INFO - 09/13/26 23:38:49 - 0:13:44 - Epoch 112: train_loss=0.967286229133606, train_acc= 67.65%
INFO - 09/13/26 23:38:49 - 0:13:45 - Epoch 113: train_loss=0.961557149887085, train_acc= 68.68%
INFO - 09/13/26 23:38:49 - 0:13:45 - Epoch 114: train_loss=0.9525246024131775, train_acc= 68.49%
INFO - 09/13/26 23:38:49 - 0:13:45 - Epoch 115: train_loss=0.9478148221969604, train_acc= 69.11%
INFO - 09/13/26 23:38:50 - 0:13:45 - Epoch 115: val_loss=0.8450215458869934, val_acc= 71.97%,val_weighted_f1= 69.21,val_macro_f1= 54.92%
INFO - 09/13/26 23:38:50 - 0:13:45 - Epoch 116: train_loss=0.9347049593925476, train_acc= 69.39%
INFO - 09/13/26 23:38:50 - 0:13:45 - Epoch 117: train_loss=0.9360659718513489, train_acc= 68.85%
INFO - 09/13/26 23:38:50 - 0:13:46 - Epoch 118: train_loss=0.9283731579780579, train_acc= 68.89%
INFO - 09/13/26 23:38:50 - 0:13:46 - Epoch 119: train_loss=0.9207152724266052, train_acc= 70.15%
INFO - 09/13/26 23:38:50 - 0:13:46 - Epoch 120: train_loss=0.9137671589851379, train_acc= 69.82%
INFO - 09/13/26 23:38:51 - 0:13:46 - Epoch 120: val_loss=0.8172605037689209, val_acc= 72.56%,val_weighted_f1= 70.16,val_macro_f1= 56.76%
INFO - 09/13/26 23:38:51 - 0:13:46 - Epoch 121: train_loss=0.9118142127990723, train_acc= 70.06%
INFO - 09/13/26 23:38:51 - 0:13:47 - Epoch 122: train_loss=0.8979002833366394, train_acc= 71.16%
INFO - 09/13/26 23:38:51 - 0:13:47 - Epoch 123: train_loss=0.8976039290428162, train_acc= 70.72%
INFO - 09/13/26 23:38:51 - 0:13:47 - Epoch 124: train_loss=0.8951475620269775, train_acc= 71.24%
INFO - 09/13/26 23:38:52 - 0:13:47 - Epoch 125: train_loss=0.8848528265953064, train_acc= 71.24%
INFO - 09/13/26 23:38:52 - 0:13:47 - Epoch 125: val_loss=0.7922474145889282, val_acc= 74.23%,val_weighted_f1= 72.73,val_macro_f1= 62.54%
INFO - 09/13/26 23:38:52 - 0:13:47 - Epoch 126: train_loss=0.8810563087463379, train_acc= 71.30%
INFO - 09/13/26 23:38:52 - 0:13:48 - Epoch 127: train_loss=0.8755513429641724, train_acc= 71.68%
INFO - 09/13/26 23:38:52 - 0:13:48 - Epoch 128: train_loss=0.8694446682929993, train_acc= 71.94%
INFO - 09/13/26 23:38:52 - 0:13:48 - Epoch 129: train_loss=0.8616695404052734, train_acc= 72.01%
INFO - 09/13/26 23:38:53 - 0:13:48 - Epoch 130: train_loss=0.8589228391647339, train_acc= 72.01%
INFO - 09/13/26 23:38:53 - 0:13:48 - Epoch 130: val_loss=0.7671955823898315, val_acc= 76.15%,val_weighted_f1= 75.33,val_macro_f1= 67.51%
INFO - 09/13/26 23:38:53 - 0:13:49 - Epoch 131: train_loss=0.8487271666526794, train_acc= 72.72%
INFO - 09/13/26 23:38:53 - 0:13:49 - Epoch 132: train_loss=0.8478937745094299, train_acc= 72.68%
INFO - 09/13/26 23:38:53 - 0:13:49 - Epoch 133: train_loss=0.8477553725242615, train_acc= 72.51%
INFO - 09/13/26 23:38:54 - 0:13:49 - Epoch 134: train_loss=0.8347287774085999, train_acc= 72.82%
INFO - 09/13/26 23:38:54 - 0:13:49 - Epoch 135: train_loss=0.8269204497337341, train_acc= 73.25%
INFO - 09/13/26 23:38:54 - 0:13:49 - Epoch 135: val_loss=0.7467827200889587, val_acc= 76.67%,val_weighted_f1= 75.92,val_macro_f1= 68.40%
INFO - 09/13/26 23:38:54 - 0:13:50 - Epoch 136: train_loss=0.8307005167007446, train_acc= 72.67%
INFO - 09/13/26 23:38:54 - 0:13:50 - Epoch 137: train_loss=0.823580265045166, train_acc= 73.64%
INFO - 09/13/26 23:38:54 - 0:13:50 - Epoch 138: train_loss=0.8210839629173279, train_acc= 73.69%
INFO - 09/13/26 23:38:55 - 0:13:50 - Epoch 139: train_loss=0.8127757906913757, train_acc= 74.02%
INFO - 09/13/26 23:38:55 - 0:13:50 - Epoch 140: train_loss=0.8086217641830444, train_acc= 73.88%
INFO - 09/13/26 23:38:55 - 0:13:50 - Epoch 140: val_loss=0.7273452877998352, val_acc= 77.78%,val_weighted_f1= 77.31,val_macro_f1= 70.82%
INFO - 09/13/26 23:38:55 - 0:13:51 - Epoch 141: train_loss=0.8094151020050049, train_acc= 73.86%
INFO - 09/13/26 23:38:55 - 0:13:51 - Epoch 142: train_loss=0.7988480925559998, train_acc= 74.33%
INFO - 09/13/26 23:38:55 - 0:13:51 - Epoch 143: train_loss=0.7962535619735718, train_acc= 74.23%
INFO - 09/13/26 23:38:56 - 0:13:51 - Epoch 144: train_loss=0.7968941926956177, train_acc= 74.51%
INFO - 09/13/26 23:38:56 - 0:13:51 - Epoch 145: train_loss=0.784563422203064, train_acc= 75.06%
INFO - 09/13/26 23:38:56 - 0:13:52 - Epoch 145: val_loss=0.7107275724411011, val_acc= 78.03%,val_weighted_f1= 77.66,val_macro_f1= 71.73%
INFO - 09/13/26 23:38:56 - 0:13:52 - Epoch 146: train_loss=0.7884873747825623, train_acc= 74.75%
INFO - 09/13/26 23:38:56 - 0:13:52 - Epoch 147: train_loss=0.7861027121543884, train_acc= 74.82%
INFO - 09/13/26 23:38:57 - 0:13:52 - Epoch 148: train_loss=0.7740482091903687, train_acc= 75.57%
INFO - 09/13/26 23:38:57 - 0:13:52 - Epoch 149: train_loss=0.7778626084327698, train_acc= 75.25%
INFO - 09/13/26 23:38:57 - 0:13:53 - Epoch 150: train_loss=0.7682363986968994, train_acc= 75.83%
INFO - 09/13/26 23:38:57 - 0:13:53 - Epoch 150: val_loss=0.6969788670539856, val_acc= 78.55%,val_weighted_f1= 78.31,val_macro_f1= 72.93%
INFO - 09/13/26 23:38:57 - 0:13:53 - Epoch 151: train_loss=0.7689381837844849, train_acc= 74.82%
INFO - 09/13/26 23:38:57 - 0:13:53 - Epoch 152: train_loss=0.7644446492195129, train_acc= 75.25%
INFO - 09/13/26 23:38:58 - 0:13:53 - Epoch 153: train_loss=0.7579376697540283, train_acc= 75.54%
INFO - 09/13/26 23:38:58 - 0:13:53 - Epoch 154: train_loss=0.7604981660842896, train_acc= 75.74%
INFO - 09/13/26 23:38:58 - 0:13:54 - Epoch 155: train_loss=0.7534055113792419, train_acc= 76.23%
INFO - 09/13/26 23:38:58 - 0:13:54 - Epoch 155: val_loss=0.6813462972640991, val_acc= 79.53%,val_weighted_f1= 79.39,val_macro_f1= 74.87%
INFO - 09/13/26 23:38:58 - 0:13:54 - Epoch 156: train_loss=0.7511022090911865, train_acc= 76.23%
INFO - 09/13/26 23:38:59 - 0:13:54 - Epoch 157: train_loss=0.7463865280151367, train_acc= 75.74%
INFO - 09/13/26 23:38:59 - 0:13:54 - Epoch 158: train_loss=0.7424647212028503, train_acc= 75.86%
INFO - 09/13/26 23:38:59 - 0:13:54 - Epoch 159: train_loss=0.738089382648468, train_acc= 76.31%
INFO - 09/13/26 23:38:59 - 0:13:55 - Epoch 160: train_loss=0.729266881942749, train_acc= 76.97%
INFO - 09/13/26 23:38:59 - 0:13:55 - Epoch 160: val_loss=0.6680939197540283, val_acc= 79.70%,val_weighted_f1= 79.58,val_macro_f1= 74.94%
INFO - 09/13/26 23:38:59 - 0:13:55 - Epoch 161: train_loss=0.7278772592544556, train_acc= 76.51%
INFO - 09/13/26 23:39:00 - 0:13:55 - Epoch 162: train_loss=0.7271576523780823, train_acc= 76.58%
INFO - 09/13/26 23:39:00 - 0:13:55 - Epoch 163: train_loss=0.7236545085906982, train_acc= 76.90%
INFO - 09/13/26 23:39:00 - 0:13:56 - Epoch 164: train_loss=0.721952497959137, train_acc= 77.14%
INFO - 09/13/26 23:39:00 - 0:13:56 - Epoch 165: train_loss=0.7157830595970154, train_acc= 77.15%
INFO - 09/13/26 23:39:00 - 0:13:56 - Epoch 165: val_loss=0.6571208834648132, val_acc= 80.00%,val_weighted_f1= 79.92,val_macro_f1= 75.26%
INFO - 09/13/26 23:39:00 - 0:13:56 - Epoch 166: train_loss=0.7132367491722107, train_acc= 77.08%
INFO - 09/13/26 23:39:01 - 0:13:56 - Epoch 167: train_loss=0.7111965417861938, train_acc= 76.68%
INFO - 09/13/26 23:39:01 - 0:13:56 - Epoch 168: train_loss=0.7075670957565308, train_acc= 77.47%
INFO - 09/13/26 23:39:01 - 0:13:57 - Epoch 169: train_loss=0.7093914151191711, train_acc= 76.98%
INFO - 09/13/26 23:39:01 - 0:13:57 - Epoch 170: train_loss=0.7011472582817078, train_acc= 77.35%
INFO - 09/13/26 23:39:01 - 0:13:57 - Epoch 170: val_loss=0.6479200720787048, val_acc= 80.51%,val_weighted_f1= 80.46,val_macro_f1= 76.13%
INFO - 09/13/26 23:39:02 - 0:13:57 - Epoch 171: train_loss=0.6991812586784363, train_acc= 77.44%
INFO - 09/13/26 23:39:02 - 0:13:57 - Epoch 172: train_loss=0.6956714987754822, train_acc= 77.94%
INFO - 09/13/26 23:39:02 - 0:13:58 - Epoch 173: train_loss=0.6922438740730286, train_acc= 77.89%
INFO - 09/13/26 23:39:02 - 0:13:58 - Epoch 174: train_loss=0.6917025446891785, train_acc= 77.67%
INFO - 09/13/26 23:39:02 - 0:13:58 - Epoch 175: train_loss=0.6944072842597961, train_acc= 77.72%
INFO - 09/13/26 23:39:02 - 0:13:58 - Epoch 175: val_loss=0.6386002898216248, val_acc= 80.60%,val_weighted_f1= 80.56,val_macro_f1= 76.25%
INFO - 09/13/26 23:39:03 - 0:13:58 - Epoch 176: train_loss=0.688485860824585, train_acc= 77.87%
INFO - 09/13/26 23:39:03 - 0:13:58 - Epoch 177: train_loss=0.6853328347206116, train_acc= 78.18%
INFO - 09/13/26 23:39:03 - 0:13:59 - Epoch 178: train_loss=0.6878202557563782, train_acc= 77.89%
INFO - 09/13/26 23:39:03 - 0:13:59 - Epoch 179: train_loss=0.6766319870948792, train_acc= 78.42%
INFO - 09/13/26 23:39:03 - 0:13:59 - Epoch 180: train_loss=0.6664746999740601, train_acc= 78.34%
INFO - 09/13/26 23:39:03 - 0:13:59 - Epoch 180: val_loss=0.6299070715904236, val_acc= 80.77%,val_weighted_f1= 80.72,val_macro_f1= 76.40%
INFO - 09/13/26 23:39:04 - 0:13:59 - Epoch 181: train_loss=0.6699669361114502, train_acc= 78.04%
INFO - 09/13/26 23:39:04 - 0:13:59 - Epoch 182: train_loss=0.662043571472168, train_acc= 78.42%
INFO - 09/13/26 23:39:04 - 0:14:00 - Epoch 183: train_loss=0.6695318818092346, train_acc= 78.31%
INFO - 09/13/26 23:39:04 - 0:14:00 - Epoch 184: train_loss=0.668679416179657, train_acc= 78.46%
INFO - 09/13/26 23:39:04 - 0:14:00 - Epoch 185: train_loss=0.662518322467804, train_acc= 78.72%
INFO - 09/13/26 23:39:05 - 0:14:00 - Epoch 185: val_loss=0.6208416223526001, val_acc= 81.37%,val_weighted_f1= 81.34,val_macro_f1= 77.52%
INFO - 09/13/26 23:39:05 - 0:14:00 - Epoch 186: train_loss=0.658954381942749, train_acc= 78.74%
INFO - 09/13/26 23:39:05 - 0:14:01 - Epoch 187: train_loss=0.6541867852210999, train_acc= 78.76%
INFO - 09/13/26 23:39:05 - 0:14:01 - Epoch 188: train_loss=0.6560149192810059, train_acc= 79.09%
INFO - 09/13/26 23:39:05 - 0:14:01 - Epoch 189: train_loss=0.6463024616241455, train_acc= 78.96%
INFO - 09/13/26 23:39:06 - 0:14:01 - Epoch 190: train_loss=0.652220606803894, train_acc= 79.08%
INFO - 09/13/26 23:39:06 - 0:14:01 - Epoch 190: val_loss=0.6142308115959167, val_acc= 81.45%,val_weighted_f1= 81.42,val_macro_f1= 77.61%
INFO - 09/13/26 23:39:06 - 0:14:01 - Epoch 191: train_loss=0.6507419943809509, train_acc= 78.65%
INFO - 09/13/26 23:39:06 - 0:14:02 - Epoch 192: train_loss=0.6447098255157471, train_acc= 79.28%
INFO - 09/13/26 23:39:06 - 0:14:02 - Epoch 193: train_loss=0.6435195803642273, train_acc= 78.91%
INFO - 09/13/26 23:39:06 - 0:14:02 - Epoch 194: train_loss=0.6407593488693237, train_acc= 79.21%
INFO - 09/13/26 23:39:07 - 0:14:02 - Epoch 195: train_loss=0.6391013860702515, train_acc= 79.42%
INFO - 09/13/26 23:39:07 - 0:14:02 - Epoch 195: val_loss=0.6089228987693787, val_acc= 81.71%,val_weighted_f1= 81.67,val_macro_f1= 77.82%
INFO - 09/13/26 23:39:07 - 0:14:03 - Epoch 196: train_loss=0.6356528997421265, train_acc= 79.43%
INFO - 09/13/26 23:39:07 - 0:14:03 - Epoch 197: train_loss=0.6295299530029297, train_acc= 79.22%
INFO - 09/13/26 23:39:07 - 0:14:03 - Epoch 198: train_loss=0.631173312664032, train_acc= 79.43%
INFO - 09/13/26 23:39:08 - 0:14:03 - Epoch 199: train_loss=0.6344720125198364, train_acc= 79.56%
INFO - 09/13/26 23:39:08 - 0:14:03 - Epoch 200: train_loss=0.6234191060066223, train_acc= 79.85%
INFO - 09/13/26 23:39:08 - 0:14:03 - Epoch 200: val_loss=0.6017169952392578, val_acc= 81.67%,val_weighted_f1= 81.68,val_macro_f1= 78.09%
EarlyStopping counter: 1 out of 15
INFO - 09/13/26 23:39:08 - 0:14:04 - Epoch 201: train_loss=0.6285262107849121, train_acc= 79.12%
INFO - 09/13/26 23:39:08 - 0:14:04 - Epoch 202: train_loss=0.625057578086853, train_acc= 79.76%
INFO - 09/13/26 23:39:08 - 0:14:04 - Epoch 203: train_loss=0.6233924627304077, train_acc= 79.36%
INFO - 09/13/26 23:39:09 - 0:14:04 - Epoch 204: train_loss=0.616883397102356, train_acc= 79.65%
INFO - 09/13/26 23:39:09 - 0:14:04 - Epoch 205: train_loss=0.6249474883079529, train_acc= 79.58%
INFO - 09/13/26 23:39:09 - 0:14:04 - Epoch 205: val_loss=0.5964213013648987, val_acc= 82.31%,val_weighted_f1= 82.26,val_macro_f1= 78.78%
INFO - 09/13/26 23:39:09 - 0:14:05 - Epoch 206: train_loss=0.6171120405197144, train_acc= 79.62%
INFO - 09/13/26 23:39:09 - 0:14:05 - Epoch 207: train_loss=0.6149429678916931, train_acc= 79.68%
INFO - 09/13/26 23:39:10 - 0:14:05 - Epoch 208: train_loss=0.6115689873695374, train_acc= 79.70%
INFO - 09/13/26 23:39:10 - 0:14:05 - Epoch 209: train_loss=0.6142764091491699, train_acc= 80.12%
INFO - 09/13/26 23:39:10 - 0:14:05 - Epoch 210: train_loss=0.6064822673797607, train_acc= 80.10%
INFO - 09/13/26 23:39:10 - 0:14:06 - Epoch 210: val_loss=0.593978762626648, val_acc= 82.44%,val_weighted_f1= 82.47,val_macro_f1= 79.12%
INFO - 09/13/26 23:39:10 - 0:14:06 - Epoch 211: train_loss=0.6097656488418579, train_acc= 79.89%
INFO - 09/13/26 23:39:10 - 0:14:06 - Epoch 212: train_loss=0.6052214503288269, train_acc= 79.90%
INFO - 09/13/26 23:39:11 - 0:14:06 - Epoch 213: train_loss=0.6064440011978149, train_acc= 79.75%
INFO - 09/13/26 23:39:11 - 0:14:06 - Epoch 214: train_loss=0.6113101840019226, train_acc= 80.13%
INFO - 09/13/26 23:39:11 - 0:14:07 - Epoch 215: train_loss=0.6069676280021667, train_acc= 80.06%
INFO - 09/13/26 23:39:11 - 0:14:07 - Epoch 215: val_loss=0.5870892405509949, val_acc= 82.56%,val_weighted_f1= 82.57,val_macro_f1= 79.12%
INFO - 09/13/26 23:39:11 - 0:14:07 - Epoch 216: train_loss=0.6045348048210144, train_acc= 79.97%
INFO - 09/13/26 23:39:12 - 0:14:07 - Epoch 217: train_loss=0.6055757403373718, train_acc= 79.89%
INFO - 09/13/26 23:39:12 - 0:14:07 - Epoch 218: train_loss=0.5965387225151062, train_acc= 80.42%
INFO - 09/13/26 23:39:12 - 0:14:07 - Epoch 219: train_loss=0.599483072757721, train_acc= 80.53%
INFO - 09/13/26 23:39:12 - 0:14:08 - Epoch 220: train_loss=0.5938083529472351, train_acc= 80.52%
INFO - 09/13/26 23:39:12 - 0:14:08 - Epoch 220: val_loss=0.583803117275238, val_acc= 82.48%,val_weighted_f1= 82.50,val_macro_f1= 79.13%
EarlyStopping counter: 1 out of 15
INFO - 09/13/26 23:39:12 - 0:14:08 - Epoch 221: train_loss=0.5974260568618774, train_acc= 80.07%
INFO - 09/13/26 23:39:13 - 0:14:08 - Epoch 222: train_loss=0.5940214991569519, train_acc= 80.39%
INFO - 09/13/26 23:39:13 - 0:14:08 - Epoch 223: train_loss=0.5914065837860107, train_acc= 80.57%
INFO - 09/13/26 23:39:13 - 0:14:08 - Epoch 224: train_loss=0.5915171504020691, train_acc= 80.19%
INFO - 09/13/26 23:39:13 - 0:14:09 - Epoch 225: train_loss=0.5894970893859863, train_acc= 80.59%
INFO - 09/13/26 23:39:13 - 0:14:09 - Epoch 225: val_loss=0.5814900398254395, val_acc= 82.31%,val_weighted_f1= 82.29,val_macro_f1= 78.97%
EarlyStopping counter: 2 out of 15
INFO - 09/13/26 23:39:13 - 0:14:09 - Epoch 226: train_loss=0.5862870216369629, train_acc= 80.79%
INFO - 09/13/26 23:39:14 - 0:14:09 - Epoch 227: train_loss=0.5846869945526123, train_acc= 80.66%
INFO - 09/13/26 23:39:14 - 0:14:09 - Epoch 228: train_loss=0.5860790014266968, train_acc= 80.40%
INFO - 09/13/26 23:39:14 - 0:14:10 - Epoch 229: train_loss=0.5877452492713928, train_acc= 80.62%
INFO - 09/13/26 23:39:14 - 0:14:10 - Epoch 230: train_loss=0.5825595855712891, train_acc= 80.69%
INFO - 09/13/26 23:39:14 - 0:14:10 - Epoch 230: val_loss=0.5792522430419922, val_acc= 82.35%,val_weighted_f1= 82.39,val_macro_f1= 79.10%
EarlyStopping counter: 3 out of 15
INFO - 09/13/26 23:39:15 - 0:14:10 - Epoch 231: train_loss=0.5854774713516235, train_acc= 80.70%
INFO - 09/13/26 23:39:15 - 0:14:10 - Epoch 232: train_loss=0.5834982991218567, train_acc= 80.57%
INFO - 09/13/26 23:39:15 - 0:14:10 - Epoch 233: train_loss=0.5815480947494507, train_acc= 80.37%
INFO - 09/13/26 23:39:15 - 0:14:11 - Epoch 234: train_loss=0.5792681574821472, train_acc= 81.00%
INFO - 09/13/26 23:39:15 - 0:14:11 - Epoch 235: train_loss=0.576836347579956, train_acc= 80.99%
INFO - 09/13/26 23:39:15 - 0:14:11 - Epoch 235: val_loss=0.5738290548324585, val_acc= 82.56%,val_weighted_f1= 82.57,val_macro_f1= 79.27%
INFO - 09/13/26 23:39:16 - 0:14:11 - Epoch 236: train_loss=0.5735423564910889, train_acc= 80.89%
INFO - 09/13/26 23:39:16 - 0:14:11 - Epoch 237: train_loss=0.5697342753410339, train_acc= 81.20%
INFO - 09/13/26 23:39:16 - 0:14:12 - Epoch 238: train_loss=0.5715686082839966, train_acc= 81.26%
INFO - 09/13/26 23:39:16 - 0:14:12 - Epoch 239: train_loss=0.5690937638282776, train_acc= 80.74%
INFO - 09/13/26 23:39:16 - 0:14:12 - Epoch 240: train_loss=0.5707462430000305, train_acc= 81.03%
INFO - 09/13/26 23:39:17 - 0:14:12 - Epoch 240: val_loss=0.5716513991355896, val_acc= 82.82%,val_weighted_f1= 82.81,val_macro_f1= 79.45%
INFO - 09/13/26 23:39:17 - 0:14:12 - Epoch 241: train_loss=0.5726941823959351, train_acc= 81.10%
INFO - 09/13/26 23:39:17 - 0:14:12 - Epoch 242: train_loss=0.5702137351036072, train_acc= 80.97%
INFO - 09/13/26 23:39:17 - 0:14:13 - Epoch 243: train_loss=0.5712135434150696, train_acc= 81.21%
INFO - 09/13/26 23:39:17 - 0:14:13 - Epoch 244: train_loss=0.5637683272361755, train_acc= 81.41%
INFO - 09/13/26 23:39:18 - 0:14:13 - Epoch 245: train_loss=0.5656915903091431, train_acc= 81.21%
INFO - 09/13/26 23:39:18 - 0:14:13 - Epoch 245: val_loss=0.5682767629623413, val_acc= 82.91%,val_weighted_f1= 82.89,val_macro_f1= 79.69%
INFO - 09/13/26 23:39:18 - 0:14:13 - Epoch 246: train_loss=0.5668047070503235, train_acc= 81.40%
INFO - 09/13/26 23:39:18 - 0:14:13 - Epoch 247: train_loss=0.5554826259613037, train_acc= 81.47%
INFO - 09/13/26 23:39:18 - 0:14:14 - Epoch 248: train_loss=0.5635371804237366, train_acc= 81.95%
INFO - 09/13/26 23:39:18 - 0:14:14 - Epoch 249: train_loss=0.5579310655593872, train_acc= 81.85%
INFO - 09/13/26 23:39:19 - 0:14:14 - Epoch 250: train_loss=0.5584172010421753, train_acc= 81.19%
INFO - 09/13/26 23:39:19 - 0:14:14 - Epoch 250: val_loss=0.5648974776268005, val_acc= 82.78%,val_weighted_f1= 82.81,val_macro_f1= 79.63%
EarlyStopping counter: 1 out of 15
INFO - 09/13/26 23:39:19 - 0:14:14 - Epoch 251: train_loss=0.5591885447502136, train_acc= 81.34%
INFO - 09/13/26 23:39:19 - 0:14:15 - Epoch 252: train_loss=0.5609537959098816, train_acc= 81.66%
INFO - 09/13/26 23:39:19 - 0:14:15 - Epoch 253: train_loss=0.5548279881477356, train_acc= 81.60%
INFO - 09/13/26 23:39:19 - 0:14:15 - Epoch 254: train_loss=0.5528337359428406, train_acc= 81.94%
INFO - 09/13/26 23:39:20 - 0:14:15 - Epoch 255: train_loss=0.5542119741439819, train_acc= 81.84%
INFO - 09/13/26 23:39:20 - 0:14:15 - Epoch 255: val_loss=0.5620719790458679, val_acc= 83.12%,val_weighted_f1= 83.12,val_macro_f1= 79.98%
INFO - 09/13/26 23:39:20 - 0:14:15 - Epoch 256: train_loss=0.5467982292175293, train_acc= 81.80%
INFO - 09/13/26 23:39:20 - 0:14:16 - Epoch 257: train_loss=0.5492566227912903, train_acc= 81.71%
INFO - 09/13/26 23:39:20 - 0:14:16 - Epoch 258: train_loss=0.549362063407898, train_acc= 81.47%
INFO - 09/13/26 23:39:21 - 0:14:16 - Epoch 259: train_loss=0.5508601665496826, train_acc= 81.75%
INFO - 09/13/26 23:39:21 - 0:14:16 - Epoch 260: train_loss=0.5452592372894287, train_acc= 81.57%
INFO - 09/13/26 23:39:21 - 0:14:16 - Epoch 260: val_loss=0.5614147782325745, val_acc= 83.38%,val_weighted_f1= 83.38,val_macro_f1= 80.37%
INFO - 09/13/26 23:39:21 - 0:14:16 - Epoch 261: train_loss=0.5480053424835205, train_acc= 82.00%
INFO - 09/13/26 23:39:21 - 0:14:17 - Epoch 262: train_loss=0.5433429479598999, train_acc= 82.20%
INFO - 09/13/26 23:39:21 - 0:14:17 - Epoch 263: train_loss=0.547956109046936, train_acc= 81.90%
INFO - 09/13/26 23:39:22 - 0:14:17 - Epoch 264: train_loss=0.5383408665657043, train_acc= 82.13%
INFO - 09/13/26 23:39:22 - 0:14:17 - Epoch 265: train_loss=0.5419787764549255, train_acc= 82.21%
INFO - 09/13/26 23:39:22 - 0:14:17 - Epoch 265: val_loss=0.5602809190750122, val_acc= 83.12%,val_weighted_f1= 83.14,val_macro_f1= 80.09%
EarlyStopping counter: 1 out of 15
INFO - 09/13/26 23:39:22 - 0:14:18 - Epoch 266: train_loss=0.5427303314208984, train_acc= 82.03%
INFO - 09/13/26 23:39:22 - 0:14:18 - Epoch 267: train_loss=0.5387939214706421, train_acc= 82.20%
INFO - 09/13/26 23:39:22 - 0:14:18 - Epoch 268: train_loss=0.5442243218421936, train_acc= 81.75%
INFO - 09/13/26 23:39:23 - 0:14:18 - Epoch 269: train_loss=0.5396316051483154, train_acc= 82.04%
INFO - 09/13/26 23:39:23 - 0:14:18 - Epoch 270: train_loss=0.5408592224121094, train_acc= 82.08%
INFO - 09/13/26 23:39:23 - 0:14:18 - Epoch 270: val_loss=0.5577164888381958, val_acc= 83.29%,val_weighted_f1= 83.31,val_macro_f1= 80.26%
EarlyStopping counter: 2 out of 15
INFO - 09/13/26 23:39:23 - 0:14:19 - Epoch 271: train_loss=0.5369753837585449, train_acc= 82.10%
INFO - 09/13/26 23:39:23 - 0:14:19 - Epoch 272: train_loss=0.5324030518531799, train_acc= 82.03%
INFO - 09/13/26 23:39:24 - 0:14:19 - Epoch 273: train_loss=0.5396958589553833, train_acc= 81.83%
INFO - 09/13/26 23:39:24 - 0:14:19 - Epoch 274: train_loss=0.538558304309845, train_acc= 81.97%
INFO - 09/13/26 23:39:24 - 0:14:19 - Epoch 275: train_loss=0.537033200263977, train_acc= 82.24%
INFO - 09/13/26 23:39:24 - 0:14:20 - Epoch 275: val_loss=0.556046187877655, val_acc= 83.38%,val_weighted_f1= 83.41,val_macro_f1= 80.33%
INFO - 09/13/26 23:39:24 - 0:14:20 - Epoch 276: train_loss=0.5321639180183411, train_acc= 81.81%
INFO - 09/13/26 23:39:24 - 0:14:20 - Epoch 277: train_loss=0.5354621410369873, train_acc= 81.84%
INFO - 09/13/26 23:39:25 - 0:14:20 - Epoch 278: train_loss=0.5314685702323914, train_acc= 82.07%
INFO - 09/13/26 23:39:25 - 0:14:20 - Epoch 279: train_loss=0.5355687737464905, train_acc= 82.08%
INFO - 09/13/26 23:39:25 - 0:14:20 - Epoch 280: train_loss=0.5341325402259827, train_acc= 82.01%
INFO - 09/13/26 23:39:25 - 0:14:21 - Epoch 280: val_loss=0.5541442632675171, val_acc= 83.42%,val_weighted_f1= 83.42,val_macro_f1= 80.38%
INFO - 09/13/26 23:39:25 - 0:14:21 - Epoch 281: train_loss=0.527699887752533, train_acc= 82.18%
INFO - 09/13/26 23:39:26 - 0:14:21 - Epoch 282: train_loss=0.5326129198074341, train_acc= 82.52%
INFO - 09/13/26 23:39:26 - 0:14:21 - Epoch 283: train_loss=0.5300886034965515, train_acc= 82.15%
INFO - 09/13/26 23:39:26 - 0:14:21 - Epoch 284: train_loss=0.5259238481521606, train_acc= 82.34%
INFO - 09/13/26 23:39:26 - 0:14:22 - Epoch 285: train_loss=0.5238156318664551, train_acc= 82.04%
INFO - 09/13/26 23:39:26 - 0:14:22 - Epoch 285: val_loss=0.5536342859268188, val_acc= 83.38%,val_weighted_f1= 83.41,val_macro_f1= 80.20%
EarlyStopping counter: 1 out of 15
INFO - 09/13/26 23:39:26 - 0:14:22 - Epoch 286: train_loss=0.522835910320282, train_acc= 82.69%
INFO - 09/13/26 23:39:27 - 0:14:22 - Epoch 287: train_loss=0.5209163427352905, train_acc= 82.77%
INFO - 09/13/26 23:39:27 - 0:14:22 - Epoch 288: train_loss=0.5251589417457581, train_acc= 82.82%
INFO - 09/13/26 23:39:27 - 0:14:22 - Epoch 289: train_loss=0.5207216739654541, train_acc= 82.57%
INFO - 09/13/26 23:39:27 - 0:14:23 - Epoch 290: train_loss=0.5276821255683899, train_acc= 82.22%
INFO - 09/13/26 23:39:27 - 0:14:23 - Epoch 290: val_loss=0.5509561896324158, val_acc= 83.63%,val_weighted_f1= 83.64,val_macro_f1= 80.50%
INFO - 09/13/26 23:39:27 - 0:14:23 - Epoch 291: train_loss=0.5233095288276672, train_acc= 82.45%
INFO - 09/13/26 23:39:28 - 0:14:23 - Epoch 292: train_loss=0.5221196413040161, train_acc= 82.57%
INFO - 09/13/26 23:39:28 - 0:14:23 - Epoch 293: train_loss=0.5242088437080383, train_acc= 82.54%
INFO - 09/13/26 23:39:28 - 0:14:24 - Epoch 294: train_loss=0.5202256441116333, train_acc= 82.81%
INFO - 09/13/26 23:39:28 - 0:14:24 - Epoch 295: train_loss=0.5192996859550476, train_acc= 83.01%
INFO - 09/13/26 23:39:28 - 0:14:24 - Epoch 295: val_loss=0.5489878058433533, val_acc= 83.63%,val_weighted_f1= 83.63,val_macro_f1= 80.62%
INFO - 09/13/26 23:39:29 - 0:14:24 - Epoch 296: train_loss=0.5164027810096741, train_acc= 82.85%
INFO - 09/13/26 23:39:29 - 0:14:24 - Epoch 297: train_loss=0.5221198797225952, train_acc= 82.35%
INFO - 09/13/26 23:39:29 - 0:14:24 - Epoch 298: train_loss=0.514785885810852, train_acc= 82.75%
INFO - 09/13/26 23:39:29 - 0:14:25 - Epoch 299: train_loss=0.5171310901641846, train_acc= 82.95%
INFO - 09/13/26 23:39:29 - 0:14:25 - Epoch 300: train_loss=0.5123726725578308, train_acc= 82.75%
INFO - 09/13/26 23:39:29 - 0:14:25 - Epoch 300: val_loss=0.5488573908805847, val_acc= 83.68%,val_weighted_f1= 83.69,val_macro_f1= 80.66%
INFO - 09/13/26 23:39:30 - 0:14:25 - Epoch 301: train_loss=0.5179429054260254, train_acc= 82.79%
INFO - 09/13/26 23:39:30 - 0:14:25 - Epoch 302: train_loss=0.5109158158302307, train_acc= 83.11%
INFO - 09/13/26 23:39:30 - 0:14:25 - Epoch 303: train_loss=0.5117350816726685, train_acc= 83.61%
INFO - 09/13/26 23:39:30 - 0:14:26 - Epoch 304: train_loss=0.5149879455566406, train_acc= 82.88%
INFO - 09/13/26 23:39:30 - 0:14:26 - Epoch 305: train_loss=0.5094825625419617, train_acc= 83.35%
INFO - 09/13/26 23:39:30 - 0:14:26 - Epoch 305: val_loss=0.5479374527931213, val_acc= 83.72%,val_weighted_f1= 83.73,val_macro_f1= 80.65%
INFO - 09/13/26 23:39:31 - 0:14:26 - Epoch 306: train_loss=0.5112451314926147, train_acc= 82.95%
INFO - 09/13/26 23:39:31 - 0:14:26 - Epoch 307: train_loss=0.5043016076087952, train_acc= 83.12%
INFO - 09/13/26 23:39:31 - 0:14:27 - Epoch 308: train_loss=0.5094724893569946, train_acc= 83.24%
INFO - 09/13/26 23:39:31 - 0:14:27 - Epoch 309: train_loss=0.5061303377151489, train_acc= 83.32%
INFO - 09/13/26 23:39:31 - 0:14:27 - Epoch 310: train_loss=0.5084211826324463, train_acc= 83.05%
INFO - 09/13/26 23:39:32 - 0:14:27 - Epoch 310: val_loss=0.546665370464325, val_acc= 83.38%,val_weighted_f1= 83.39,val_macro_f1= 80.40%
EarlyStopping counter: 1 out of 15
INFO - 09/13/26 23:39:32 - 0:14:27 - Epoch 311: train_loss=0.5134055018424988, train_acc= 83.21%
INFO - 09/13/26 23:39:32 - 0:14:27 - Epoch 312: train_loss=0.5037509799003601, train_acc= 83.05%
INFO - 09/13/26 23:39:32 - 0:14:28 - Epoch 313: train_loss=0.5106943845748901, train_acc= 82.91%
INFO - 09/13/26 23:39:32 - 0:14:28 - Epoch 314: train_loss=0.5022353529930115, train_acc= 83.22%
INFO - 09/13/26 23:39:33 - 0:14:28 - Epoch 315: train_loss=0.5021374225616455, train_acc= 83.78%
INFO - 09/13/26 23:39:33 - 0:14:28 - Epoch 315: val_loss=0.5435041785240173, val_acc= 83.76%,val_weighted_f1= 83.78,val_macro_f1= 80.74%
INFO - 09/13/26 23:39:33 - 0:14:28 - Epoch 316: train_loss=0.5041279792785645, train_acc= 83.12%
INFO - 09/13/26 23:39:33 - 0:14:29 - Epoch 317: train_loss=0.503599226474762, train_acc= 83.21%
INFO - 09/13/26 23:39:33 - 0:14:29 - Epoch 318: train_loss=0.503864049911499, train_acc= 83.51%
INFO - 09/13/26 23:39:33 - 0:14:29 - Epoch 319: train_loss=0.49869242310523987, train_acc= 83.59%
INFO - 09/13/26 23:39:34 - 0:14:29 - Epoch 320: train_loss=0.5022872686386108, train_acc= 83.08%
INFO - 09/13/26 23:39:34 - 0:14:29 - Epoch 320: val_loss=0.5444340705871582, val_acc= 83.76%,val_weighted_f1= 83.76,val_macro_f1= 80.76%
INFO - 09/13/26 23:39:34 - 0:14:29 - Epoch 321: train_loss=0.507012665271759, train_acc= 83.08%
INFO - 09/13/26 23:39:34 - 0:14:30 - Epoch 322: train_loss=0.4991914629936218, train_acc= 83.36%
INFO - 09/13/26 23:39:34 - 0:14:30 - Epoch 323: train_loss=0.5010878443717957, train_acc= 83.26%
INFO - 09/13/26 23:39:35 - 0:14:30 - Epoch 324: train_loss=0.5036171078681946, train_acc= 83.29%
INFO - 09/13/26 23:39:35 - 0:14:30 - Epoch 325: train_loss=0.4967916011810303, train_acc= 83.51%
INFO - 09/13/26 23:39:35 - 0:14:30 - Epoch 325: val_loss=0.5441771149635315, val_acc= 83.93%,val_weighted_f1= 83.94,val_macro_f1= 80.88%
INFO - 09/13/26 23:39:35 - 0:14:31 - Epoch 326: train_loss=0.49119219183921814, train_acc= 83.73%
INFO - 09/13/26 23:39:35 - 0:14:31 - Epoch 327: train_loss=0.49854448437690735, train_acc= 83.15%
INFO - 09/13/26 23:39:35 - 0:14:31 - Epoch 328: train_loss=0.49244269728660583, train_acc= 83.46%
INFO - 09/13/26 23:39:36 - 0:14:31 - Epoch 329: train_loss=0.49607643485069275, train_acc= 83.83%
INFO - 09/13/26 23:39:36 - 0:14:31 - Epoch 330: train_loss=0.4982242286205292, train_acc= 83.68%
INFO - 09/13/26 23:39:36 - 0:14:31 - Epoch 330: val_loss=0.542576253414154, val_acc= 83.76%,val_weighted_f1= 83.77,val_macro_f1= 80.79%
EarlyStopping counter: 1 out of 15
INFO - 09/13/26 23:39:36 - 0:14:32 - Epoch 331: train_loss=0.49707266688346863, train_acc= 83.65%
INFO - 09/13/26 23:39:36 - 0:14:32 - Epoch 332: train_loss=0.4968733787536621, train_acc= 83.45%
INFO - 09/13/26 23:39:36 - 0:14:32 - Epoch 333: train_loss=0.489614874124527, train_acc= 84.01%
INFO - 09/13/26 23:39:37 - 0:14:32 - Epoch 334: train_loss=0.4918730854988098, train_acc= 83.45%
INFO - 09/13/26 23:39:37 - 0:14:32 - Epoch 335: train_loss=0.493643581867218, train_acc= 83.65%
INFO - 09/13/26 23:39:37 - 0:14:33 - Epoch 335: val_loss=0.5400032997131348, val_acc= 83.76%,val_weighted_f1= 83.76,val_macro_f1= 80.91%
EarlyStopping counter: 2 out of 15
INFO - 09/13/26 23:39:37 - 0:14:33 - Epoch 336: train_loss=0.49336209893226624, train_acc= 83.73%
INFO - 09/13/26 23:39:37 - 0:14:33 - Epoch 337: train_loss=0.4842252731323242, train_acc= 83.89%
INFO - 09/13/26 23:39:38 - 0:14:33 - Epoch 338: train_loss=0.4876171350479126, train_acc= 84.19%
INFO - 09/13/26 23:39:38 - 0:14:33 - Epoch 339: train_loss=0.4858758747577667, train_acc= 84.05%
INFO - 09/13/26 23:39:38 - 0:14:34 - Epoch 340: train_loss=0.49319761991500854, train_acc= 83.73%
INFO - 09/13/26 23:39:38 - 0:14:34 - Epoch 340: val_loss=0.5393436551094055, val_acc= 84.02%,val_weighted_f1= 84.00,val_macro_f1= 81.12%
INFO - 09/13/26 23:39:38 - 0:14:34 - Epoch 341: train_loss=0.49329981207847595, train_acc= 83.21%
INFO - 09/13/26 23:39:38 - 0:14:34 - Epoch 342: train_loss=0.48554375767707825, train_acc= 83.81%
INFO - 09/13/26 23:39:39 - 0:14:34 - Epoch 343: train_loss=0.49177026748657227, train_acc= 83.88%
INFO - 09/13/26 23:39:39 - 0:14:34 - Epoch 344: train_loss=0.4916078746318817, train_acc= 83.59%
INFO - 09/13/26 23:39:39 - 0:14:35 - Epoch 345: train_loss=0.4922010600566864, train_acc= 83.61%
INFO - 09/13/26 23:39:39 - 0:14:35 - Epoch 345: val_loss=0.5370763540267944, val_acc= 83.80%,val_weighted_f1= 83.79,val_macro_f1= 80.82%
EarlyStopping counter: 1 out of 15
INFO - 09/13/26 23:39:39 - 0:14:35 - Epoch 346: train_loss=0.48952341079711914, train_acc= 83.54%
INFO - 09/13/26 23:39:39 - 0:14:35 - Epoch 347: train_loss=0.4856593608856201, train_acc= 83.86%
INFO - 09/13/26 23:39:40 - 0:14:35 - Epoch 348: train_loss=0.4848688840866089, train_acc= 84.05%
INFO - 09/13/26 23:39:40 - 0:14:35 - Epoch 349: train_loss=0.4835282564163208, train_acc= 83.85%
INFO - 09/13/26 23:39:40 - 0:14:36 - Epoch 350: train_loss=0.4818899631500244, train_acc= 83.76%
INFO - 09/13/26 23:39:40 - 0:14:36 - Epoch 350: val_loss=0.5350703001022339, val_acc= 83.97%,val_weighted_f1= 83.96,val_macro_f1= 81.11%
EarlyStopping counter: 2 out of 15
INFO - 09/13/26 23:39:40 - 0:14:36 - Epoch 351: train_loss=0.48536136746406555, train_acc= 83.65%
INFO - 09/13/26 23:39:41 - 0:14:36 - Epoch 352: train_loss=0.4863140285015106, train_acc= 83.73%
INFO - 09/13/26 23:39:41 - 0:14:36 - Epoch 353: train_loss=0.484748899936676, train_acc= 83.98%
INFO - 09/13/26 23:39:41 - 0:14:37 - Epoch 354: train_loss=0.4777200520038605, train_acc= 84.39%
INFO - 09/13/26 23:39:41 - 0:14:37 - Epoch 355: train_loss=0.4815303385257721, train_acc= 84.23%
INFO - 09/13/26 23:39:41 - 0:14:37 - Epoch 355: val_loss=0.5356909036636353, val_acc= 83.76%,val_weighted_f1= 83.73,val_macro_f1= 80.81%
EarlyStopping counter: 3 out of 15
INFO - 09/13/26 23:39:41 - 0:14:37 - Epoch 356: train_loss=0.47891291975975037, train_acc= 84.13%
INFO - 09/13/26 23:39:42 - 0:14:37 - Epoch 357: train_loss=0.4816582500934601, train_acc= 83.86%
INFO - 09/13/26 23:39:42 - 0:14:37 - Epoch 358: train_loss=0.4812774658203125, train_acc= 83.82%
INFO - 09/13/26 23:39:42 - 0:14:38 - Epoch 359: train_loss=0.4819318950176239, train_acc= 84.18%
INFO - 09/13/26 23:39:42 - 0:14:38 - Epoch 360: train_loss=0.47668272256851196, train_acc= 84.25%
INFO - 09/13/26 23:39:42 - 0:14:38 - Epoch 360: val_loss=0.5362710356712341, val_acc= 83.89%,val_weighted_f1= 83.90,val_macro_f1= 80.88%
EarlyStopping counter: 4 out of 15
INFO - 09/13/26 23:39:42 - 0:14:38 - Epoch 361: train_loss=0.47496145963668823, train_acc= 84.01%
INFO - 09/13/26 23:39:43 - 0:14:38 - Epoch 362: train_loss=0.47584274411201477, train_acc= 84.06%
INFO - 09/13/26 23:39:43 - 0:14:39 - Epoch 363: train_loss=0.47681868076324463, train_acc= 84.13%
INFO - 09/13/26 23:39:43 - 0:14:39 - Epoch 364: train_loss=0.47705039381980896, train_acc= 84.19%
INFO - 09/13/26 23:39:43 - 0:14:39 - Epoch 365: train_loss=0.47269463539123535, train_acc= 84.70%
INFO - 09/13/26 23:39:43 - 0:14:39 - Epoch 365: val_loss=0.537896990776062, val_acc= 83.76%,val_weighted_f1= 83.75,val_macro_f1= 80.94%
EarlyStopping counter: 5 out of 15
INFO - 09/13/26 23:39:44 - 0:14:39 - Epoch 366: train_loss=0.4762471318244934, train_acc= 84.16%
INFO - 09/13/26 23:39:44 - 0:14:39 - Epoch 367: train_loss=0.4780333936214447, train_acc= 84.26%
INFO - 09/13/26 23:39:44 - 0:14:40 - Epoch 368: train_loss=0.4716404974460602, train_acc= 84.20%
INFO - 09/13/26 23:39:44 - 0:14:40 - Epoch 369: train_loss=0.47430700063705444, train_acc= 84.29%
INFO - 09/13/26 23:39:44 - 0:14:40 - Epoch 370: train_loss=0.47511643171310425, train_acc= 83.95%
INFO - 09/13/26 23:39:44 - 0:14:40 - Epoch 370: val_loss=0.533442497253418, val_acc= 84.10%,val_weighted_f1= 84.09,val_macro_f1= 81.19%
INFO - 09/13/26 23:39:45 - 0:14:40 - Epoch 371: train_loss=0.4714145362377167, train_acc= 84.33%
INFO - 09/13/26 23:39:45 - 0:14:40 - Epoch 372: train_loss=0.4642174541950226, train_acc= 84.48%
INFO - 09/13/26 23:39:45 - 0:14:41 - Epoch 373: train_loss=0.47069650888442993, train_acc= 84.15%
INFO - 09/13/26 23:39:45 - 0:14:41 - Epoch 374: train_loss=0.4678797721862793, train_acc= 84.62%
INFO - 09/13/26 23:39:45 - 0:14:41 - Epoch 375: train_loss=0.46796610951423645, train_acc= 84.53%
INFO - 09/13/26 23:39:46 - 0:14:41 - Epoch 375: val_loss=0.5317569971084595, val_acc= 83.89%,val_weighted_f1= 83.87,val_macro_f1= 81.12%
EarlyStopping counter: 1 out of 15
INFO - 09/13/26 23:39:46 - 0:14:41 - Epoch 376: train_loss=0.47120746970176697, train_acc= 84.19%
INFO - 09/13/26 23:39:46 - 0:14:42 - Epoch 377: train_loss=0.4710536003112793, train_acc= 84.32%
INFO - 09/13/26 23:39:46 - 0:14:42 - Epoch 378: train_loss=0.47174179553985596, train_acc= 84.57%
INFO - 09/13/26 23:39:46 - 0:14:42 - Epoch 379: train_loss=0.4678618609905243, train_acc= 84.42%
INFO - 09/13/26 23:39:47 - 0:14:42 - Epoch 380: train_loss=0.47040772438049316, train_acc= 84.28%
INFO - 09/13/26 23:39:47 - 0:14:42 - Epoch 380: val_loss=0.5339354276657104, val_acc= 83.89%,val_weighted_f1= 83.85,val_macro_f1= 81.05%
EarlyStopping counter: 2 out of 15
INFO - 09/13/26 23:39:47 - 0:14:42 - Epoch 381: train_loss=0.46531617641448975, train_acc= 84.52%
INFO - 09/13/26 23:39:47 - 0:14:43 - Epoch 382: train_loss=0.46456506848335266, train_acc= 84.75%
INFO - 09/13/26 23:39:47 - 0:14:43 - Epoch 383: train_loss=0.462556391954422, train_acc= 84.49%
INFO - 09/13/26 23:39:47 - 0:14:43 - Epoch 384: train_loss=0.46895039081573486, train_acc= 84.20%
INFO - 09/13/26 23:39:48 - 0:14:43 - Epoch 385: train_loss=0.46678784489631653, train_acc= 84.40%
INFO - 09/13/26 23:39:48 - 0:14:43 - Epoch 385: val_loss=0.5324378609657288, val_acc= 83.97%,val_weighted_f1= 83.98,val_macro_f1= 81.21%
EarlyStopping counter: 3 out of 15
INFO - 09/13/26 23:39:48 - 0:14:43 - Epoch 386: train_loss=0.46606653928756714, train_acc= 84.53%
INFO - 09/13/26 23:39:48 - 0:14:44 - Epoch 387: train_loss=0.4664933979511261, train_acc= 84.38%
INFO - 09/13/26 23:39:48 - 0:14:44 - Epoch 388: train_loss=0.4611046612262726, train_acc= 84.92%
INFO - 09/13/26 23:39:48 - 0:14:44 - Epoch 389: train_loss=0.4594515860080719, train_acc= 84.45%
INFO - 09/13/26 23:39:49 - 0:14:44 - Epoch 390: train_loss=0.457724392414093, train_acc= 84.49%
INFO - 09/13/26 23:39:49 - 0:14:44 - Epoch 390: val_loss=0.5320894718170166, val_acc= 84.15%,val_weighted_f1= 84.15,val_macro_f1= 81.36%
INFO - 09/13/26 23:39:49 - 0:14:45 - Epoch 391: train_loss=0.4641096293926239, train_acc= 84.33%
INFO - 09/13/26 23:39:49 - 0:14:45 - Epoch 392: train_loss=0.4646732211112976, train_acc= 84.55%
INFO - 09/13/26 23:39:49 - 0:14:45 - Epoch 393: train_loss=0.45898762345314026, train_acc= 84.65%
INFO - 09/13/26 23:39:50 - 0:14:45 - Epoch 394: train_loss=0.4613438546657562, train_acc= 84.95%
INFO - 09/13/26 23:39:50 - 0:14:45 - Epoch 395: train_loss=0.4574466943740845, train_acc= 84.80%
INFO - 09/13/26 23:39:50 - 0:14:45 - Epoch 395: val_loss=0.5317046642303467, val_acc= 83.85%,val_weighted_f1= 83.83,val_macro_f1= 81.16%
EarlyStopping counter: 1 out of 15
INFO - 09/13/26 23:39:50 - 0:14:46 - Epoch 396: train_loss=0.45902591943740845, train_acc= 84.55%
INFO - 09/13/26 23:39:50 - 0:14:46 - Epoch 397: train_loss=0.46184512972831726, train_acc= 84.56%
INFO - 09/13/26 23:39:50 - 0:14:46 - Epoch 398: train_loss=0.45710650086402893, train_acc= 84.52%
INFO - 09/13/26 23:39:51 - 0:14:46 - Epoch 399: train_loss=0.4542199671268463, train_acc= 84.93%
INFO - 09/13/26 23:39:51 - 0:14:46 - Epoch 400: train_loss=0.45613616704940796, train_acc= 85.06%
INFO - 09/13/26 23:39:51 - 0:14:46 - Epoch 400: val_loss=0.5299468040466309, val_acc= 83.80%,val_weighted_f1= 83.79,val_macro_f1= 80.94%
EarlyStopping counter: 2 out of 15
INFO - 09/13/26 23:39:51 - 0:14:47 - Epoch 401: train_loss=0.45880234241485596, train_acc= 84.69%
INFO - 09/13/26 23:39:51 - 0:14:47 - Epoch 402: train_loss=0.4576588273048401, train_acc= 84.97%
INFO - 09/13/26 23:39:51 - 0:14:47 - Epoch 403: train_loss=0.45992302894592285, train_acc= 84.73%
INFO - 09/13/26 23:39:52 - 0:14:47 - Epoch 404: train_loss=0.4539572298526764, train_acc= 84.79%
INFO - 09/13/26 23:39:52 - 0:14:48 - Epoch 405: train_loss=0.450025349855423, train_acc= 85.37%
INFO - 09/13/26 23:39:52 - 0:14:48 - Epoch 405: val_loss=0.5296613574028015, val_acc= 83.80%,val_weighted_f1= 83.78,val_macro_f1= 81.21%
EarlyStopping counter: 3 out of 15
INFO - 09/13/26 23:39:52 - 0:14:48 - Epoch 406: train_loss=0.45876672863960266, train_acc= 84.36%
INFO - 09/13/26 23:39:52 - 0:14:48 - Epoch 407: train_loss=0.44889119267463684, train_acc= 85.12%
INFO - 09/13/26 23:39:53 - 0:14:48 - Epoch 408: train_loss=0.45508652925491333, train_acc= 84.97%
INFO - 09/13/26 23:39:53 - 0:14:48 - Epoch 409: train_loss=0.4582110047340393, train_acc= 84.52%
INFO - 09/13/26 23:39:53 - 0:14:49 - Epoch 410: train_loss=0.45020005106925964, train_acc= 85.09%
INFO - 09/13/26 23:39:53 - 0:14:49 - Epoch 410: val_loss=0.529207706451416, val_acc= 84.10%,val_weighted_f1= 84.08,val_macro_f1= 81.42%
EarlyStopping counter: 4 out of 15
INFO - 09/13/26 23:39:53 - 0:14:49 - Epoch 411: train_loss=0.4525013566017151, train_acc= 85.00%
INFO - 09/13/26 23:39:53 - 0:14:49 - Epoch 412: train_loss=0.4526802599430084, train_acc= 84.75%
INFO - 09/13/26 23:39:54 - 0:14:49 - Epoch 413: train_loss=0.4511554539203644, train_acc= 84.93%
INFO - 09/13/26 23:39:54 - 0:14:49 - Epoch 414: train_loss=0.4489833116531372, train_acc= 84.86%
INFO - 09/13/26 23:39:54 - 0:14:50 - Epoch 415: train_loss=0.4487004280090332, train_acc= 85.16%
INFO - 09/13/26 23:39:54 - 0:14:50 - Epoch 415: val_loss=0.5267354846000671, val_acc= 84.23%,val_weighted_f1= 84.19,val_macro_f1= 81.50%
INFO - 09/13/26 23:39:54 - 0:14:50 - Epoch 416: train_loss=0.4505991041660309, train_acc= 84.87%
INFO - 09/13/26 23:39:55 - 0:14:50 - Epoch 417: train_loss=0.44429588317871094, train_acc= 85.13%
INFO - 09/13/26 23:39:55 - 0:14:50 - Epoch 418: train_loss=0.447166383266449, train_acc= 85.06%
INFO - 09/13/26 23:39:55 - 0:14:51 - Epoch 419: train_loss=0.4501242935657501, train_acc= 84.76%
INFO - 09/13/26 23:39:55 - 0:14:51 - Epoch 420: train_loss=0.4497891068458557, train_acc= 84.72%
INFO - 09/13/26 23:39:55 - 0:14:51 - Epoch 420: val_loss=0.5282894372940063, val_acc= 84.40%,val_weighted_f1= 84.39,val_macro_f1= 81.87%
INFO - 09/13/26 23:39:55 - 0:14:51 - Epoch 421: train_loss=0.4496634900569916, train_acc= 85.04%
INFO - 09/13/26 23:39:56 - 0:14:51 - Epoch 422: train_loss=0.4482294023036957, train_acc= 84.75%
INFO - 09/13/26 23:39:56 - 0:14:51 - Epoch 423: train_loss=0.4537661075592041, train_acc= 84.83%
INFO - 09/13/26 23:39:56 - 0:14:52 - Epoch 424: train_loss=0.45042750239372253, train_acc= 84.87%
INFO - 09/13/26 23:39:56 - 0:14:52 - Epoch 425: train_loss=0.4411610960960388, train_acc= 84.93%
INFO - 09/13/26 23:39:56 - 0:14:52 - Epoch 425: val_loss=0.5295175909996033, val_acc= 84.10%,val_weighted_f1= 84.09,val_macro_f1= 81.40%
EarlyStopping counter: 1 out of 15
INFO - 09/13/26 23:39:57 - 0:14:52 - Epoch 426: train_loss=0.44196683168411255, train_acc= 85.14%
INFO - 09/13/26 23:39:57 - 0:14:52 - Epoch 427: train_loss=0.44525378942489624, train_acc= 84.92%
INFO - 09/13/26 23:39:57 - 0:14:52 - Epoch 428: train_loss=0.44391024112701416, train_acc= 85.02%
INFO - 09/13/26 23:39:57 - 0:14:53 - Epoch 429: train_loss=0.448762446641922, train_acc= 85.03%
INFO - 09/13/26 23:39:57 - 0:14:53 - Epoch 430: train_loss=0.43976089358329773, train_acc= 85.33%
INFO - 09/13/26 23:39:57 - 0:14:53 - Epoch 430: val_loss=0.5286251902580261, val_acc= 84.02%,val_weighted_f1= 84.02,val_macro_f1= 81.31%
EarlyStopping counter: 2 out of 15
INFO - 09/13/26 23:39:58 - 0:14:53 - Epoch 431: train_loss=0.44108593463897705, train_acc= 85.30%
INFO - 09/13/26 23:39:58 - 0:14:53 - Epoch 432: train_loss=0.4404478371143341, train_acc= 85.47%
INFO - 09/13/26 23:39:58 - 0:14:54 - Epoch 433: train_loss=0.43618541955947876, train_acc= 85.16%
INFO - 09/13/26 23:39:58 - 0:14:54 - Epoch 434: train_loss=0.4399634301662445, train_acc= 85.20%
INFO - 09/13/26 23:39:58 - 0:14:54 - Epoch 435: train_loss=0.4457669258117676, train_acc= 85.07%
INFO - 09/13/26 23:39:59 - 0:14:54 - Epoch 435: val_loss=0.5278251767158508, val_acc= 84.10%,val_weighted_f1= 84.10,val_macro_f1= 81.55%
EarlyStopping counter: 3 out of 15
INFO - 09/13/26 23:39:59 - 0:14:54 - Epoch 436: train_loss=0.4405336380004883, train_acc= 85.26%
INFO - 09/13/26 23:39:59 - 0:14:54 - Epoch 437: train_loss=0.4423874616622925, train_acc= 85.37%
INFO - 09/13/26 23:39:59 - 0:14:55 - Epoch 438: train_loss=0.44166985154151917, train_acc= 85.32%
INFO - 09/13/26 23:39:59 - 0:14:55 - Epoch 439: train_loss=0.43698880076408386, train_acc= 85.69%
INFO - 09/13/26 23:40:00 - 0:14:55 - Epoch 440: train_loss=0.4378904700279236, train_acc= 85.27%
INFO - 09/13/26 23:40:00 - 0:14:55 - Epoch 440: val_loss=0.5269494652748108, val_acc= 84.19%,val_weighted_f1= 84.16,val_macro_f1= 81.48%
EarlyStopping counter: 4 out of 15
INFO - 09/13/26 23:40:00 - 0:14:55 - Epoch 441: train_loss=0.43492987751960754, train_acc= 85.12%
INFO - 09/13/26 23:40:00 - 0:14:55 - Epoch 442: train_loss=0.4421102702617645, train_acc= 85.27%
INFO - 09/13/26 23:40:00 - 0:14:56 - Epoch 443: train_loss=0.44144928455352783, train_acc= 84.99%
INFO - 09/13/26 23:40:00 - 0:14:56 - Epoch 444: train_loss=0.4345868229866028, train_acc= 85.40%
INFO - 09/13/26 23:40:01 - 0:14:56 - Epoch 445: train_loss=0.43986475467681885, train_acc= 85.37%
INFO - 09/13/26 23:40:01 - 0:14:56 - Epoch 445: val_loss=0.5254719853401184, val_acc= 84.19%,val_weighted_f1= 84.18,val_macro_f1= 81.61%
EarlyStopping counter: 5 out of 15
INFO - 09/13/26 23:40:01 - 0:14:56 - Epoch 446: train_loss=0.43680694699287415, train_acc= 85.20%
INFO - 09/13/26 23:40:01 - 0:14:57 - Epoch 447: train_loss=0.43782615661621094, train_acc= 85.57%
INFO - 09/13/26 23:40:01 - 0:14:57 - Epoch 448: train_loss=0.43768617510795593, train_acc= 85.50%
INFO - 09/13/26 23:40:01 - 0:14:57 - Epoch 449: train_loss=0.4346500337123871, train_acc= 85.59%
INFO - 09/13/26 23:40:02 - 0:14:57 - Epoch 450: train_loss=0.4353221356868744, train_acc= 85.04%
INFO - 09/13/26 23:40:02 - 0:14:57 - Epoch 450: val_loss=0.5264559388160706, val_acc= 83.93%,val_weighted_f1= 83.89,val_macro_f1= 81.25%
EarlyStopping counter: 6 out of 15
INFO - 09/13/26 23:40:02 - 0:14:57 - Epoch 451: train_loss=0.4362749755382538, train_acc= 85.33%
INFO - 09/13/26 23:40:02 - 0:14:58 - Epoch 452: train_loss=0.43619364500045776, train_acc= 84.90%
INFO - 09/13/26 23:40:02 - 0:14:58 - Epoch 453: train_loss=0.43532854318618774, train_acc= 85.56%
INFO - 09/13/26 23:40:03 - 0:14:58 - Epoch 454: train_loss=0.4318857192993164, train_acc= 85.87%
INFO - 09/13/26 23:40:03 - 0:14:58 - Epoch 455: train_loss=0.4298275411128998, train_acc= 85.73%
INFO - 09/13/26 23:40:03 - 0:14:58 - Epoch 455: val_loss=0.5252541303634644, val_acc= 84.36%,val_weighted_f1= 84.35,val_macro_f1= 81.63%
EarlyStopping counter: 7 out of 15
INFO - 09/13/26 23:40:03 - 0:14:59 - Epoch 456: train_loss=0.43705183267593384, train_acc= 85.64%
INFO - 09/13/26 23:40:03 - 0:14:59 - Epoch 457: train_loss=0.432937353849411, train_acc= 85.43%
INFO - 09/13/26 23:40:03 - 0:14:59 - Epoch 458: train_loss=0.42933663725852966, train_acc= 85.51%
INFO - 09/13/26 23:40:04 - 0:14:59 - Epoch 459: train_loss=0.43181487917900085, train_acc= 85.76%
INFO - 09/13/26 23:40:04 - 0:14:59 - Epoch 460: train_loss=0.42773211002349854, train_acc= 85.56%
INFO - 09/13/26 23:40:04 - 0:14:59 - Epoch 460: val_loss=0.5266170501708984, val_acc= 84.27%,val_weighted_f1= 84.28,val_macro_f1= 81.65%
EarlyStopping counter: 8 out of 15
INFO - 09/13/26 23:40:04 - 0:15:00 - Epoch 461: train_loss=0.42714670300483704, train_acc= 85.84%
INFO - 09/13/26 23:40:04 - 0:15:00 - Epoch 462: train_loss=0.4266471266746521, train_acc= 85.70%
INFO - 09/13/26 23:40:05 - 0:15:00 - Epoch 463: train_loss=0.42891067266464233, train_acc= 85.97%
INFO - 09/13/26 23:40:05 - 0:15:00 - Epoch 464: train_loss=0.4263625741004944, train_acc= 85.90%
INFO - 09/13/26 23:40:05 - 0:15:00 - Epoch 465: train_loss=0.42978596687316895, train_acc= 85.27%
INFO - 09/13/26 23:40:05 - 0:15:00 - Epoch 465: val_loss=0.5274426937103271, val_acc= 84.27%,val_weighted_f1= 84.28,val_macro_f1= 81.58%
EarlyStopping counter: 9 out of 15
INFO - 09/13/26 23:40:05 - 0:15:01 - Epoch 466: train_loss=0.43426069617271423, train_acc= 85.22%
INFO - 09/13/26 23:40:05 - 0:15:01 - Epoch 467: train_loss=0.4277317225933075, train_acc= 86.00%
INFO - 09/13/26 23:40:06 - 0:15:01 - Epoch 468: train_loss=0.4302199184894562, train_acc= 85.46%
INFO - 09/13/26 23:40:06 - 0:15:01 - Epoch 469: train_loss=0.42562544345855713, train_acc= 85.76%
INFO - 09/13/26 23:40:06 - 0:15:01 - Epoch 470: train_loss=0.4258787930011749, train_acc= 85.77%
INFO - 09/13/26 23:40:06 - 0:15:02 - Epoch 470: val_loss=0.5251634120941162, val_acc= 84.27%,val_weighted_f1= 84.28,val_macro_f1= 81.56%
EarlyStopping counter: 10 out of 15
INFO - 09/13/26 23:40:06 - 0:15:02 - Epoch 471: train_loss=0.4269823133945465, train_acc= 85.73%
INFO - 09/13/26 23:40:06 - 0:15:02 - Epoch 472: train_loss=0.4272758364677429, train_acc= 85.89%
INFO - 09/13/26 23:40:07 - 0:15:02 - Epoch 473: train_loss=0.42874449491500854, train_acc= 85.50%
INFO - 09/13/26 23:40:07 - 0:15:02 - Epoch 474: train_loss=0.4252012372016907, train_acc= 85.63%
INFO - 09/13/26 23:40:07 - 0:15:03 - Epoch 475: train_loss=0.4275243580341339, train_acc= 85.43%
INFO - 09/13/26 23:40:07 - 0:15:03 - Epoch 475: val_loss=0.5243510007858276, val_acc= 84.40%,val_weighted_f1= 84.38,val_macro_f1= 81.88%
INFO - 09/13/26 23:40:07 - 0:15:03 - Epoch 476: train_loss=0.4257974326610565, train_acc= 85.54%
INFO - 09/13/26 23:40:08 - 0:15:03 - Epoch 477: train_loss=0.42168569564819336, train_acc= 85.73%
INFO - 09/13/26 23:40:08 - 0:15:03 - Epoch 478: train_loss=0.42312318086624146, train_acc= 86.11%
INFO - 09/13/26 23:40:08 - 0:15:03 - Epoch 479: train_loss=0.4246331751346588, train_acc= 85.49%
INFO - 09/13/26 23:40:08 - 0:15:04 - Epoch 480: train_loss=0.4226806163787842, train_acc= 86.11%
INFO - 09/13/26 23:40:08 - 0:15:04 - Epoch 480: val_loss=0.5255861282348633, val_acc= 84.19%,val_weighted_f1= 84.17,val_macro_f1= 81.54%
EarlyStopping counter: 1 out of 15
INFO - 09/13/26 23:40:08 - 0:15:04 - Epoch 481: train_loss=0.424154132604599, train_acc= 85.64%
INFO - 09/13/26 23:40:09 - 0:15:04 - Epoch 482: train_loss=0.42247670888900757, train_acc= 85.83%
INFO - 09/13/26 23:40:09 - 0:15:04 - Epoch 483: train_loss=0.42612314224243164, train_acc= 86.04%
INFO - 09/13/26 23:40:09 - 0:15:04 - Epoch 484: train_loss=0.42081382870674133, train_acc= 85.71%
INFO - 09/13/26 23:40:09 - 0:15:05 - Epoch 485: train_loss=0.4161902070045471, train_acc= 86.01%
INFO - 09/13/26 23:40:09 - 0:15:05 - Epoch 485: val_loss=0.5214260220527649, val_acc= 84.57%,val_weighted_f1= 84.56,val_macro_f1= 82.00%
INFO - 09/13/26 23:40:10 - 0:15:05 - Epoch 486: train_loss=0.4234732687473297, train_acc= 85.67%
INFO - 09/13/26 23:40:10 - 0:15:05 - Epoch 487: train_loss=0.42227280139923096, train_acc= 85.76%
INFO - 09/13/26 23:40:10 - 0:15:05 - Epoch 488: train_loss=0.41583192348480225, train_acc= 86.01%
INFO - 09/13/26 23:40:10 - 0:15:06 - Epoch 489: train_loss=0.42406365275382996, train_acc= 85.46%
INFO - 09/13/26 23:40:10 - 0:15:06 - Epoch 490: train_loss=0.41427308320999146, train_acc= 86.16%
INFO - 09/13/26 23:40:10 - 0:15:06 - Epoch 490: val_loss=0.5242009162902832, val_acc= 84.53%,val_weighted_f1= 84.52,val_macro_f1= 81.84%
EarlyStopping counter: 1 out of 15
INFO - 09/13/26 23:40:11 - 0:15:06 - Epoch 491: train_loss=0.414198637008667, train_acc= 86.36%
INFO - 09/13/26 23:40:11 - 0:15:06 - Epoch 492: train_loss=0.4158448874950409, train_acc= 86.00%
INFO - 09/13/26 23:40:11 - 0:15:06 - Epoch 493: train_loss=0.4183247983455658, train_acc= 86.27%
INFO - 09/13/26 23:40:11 - 0:15:07 - Epoch 494: train_loss=0.4140145778656006, train_acc= 86.23%
INFO - 09/13/26 23:40:11 - 0:15:07 - Epoch 495: train_loss=0.415493905544281, train_acc= 86.07%
INFO - 09/13/26 23:40:11 - 0:15:07 - Epoch 495: val_loss=0.5247489213943481, val_acc= 84.44%,val_weighted_f1= 84.45,val_macro_f1= 81.85%
EarlyStopping counter: 2 out of 15
INFO - 09/13/26 23:40:12 - 0:15:07 - Epoch 496: train_loss=0.41663089394569397, train_acc= 86.21%
INFO - 09/13/26 23:40:12 - 0:15:07 - Epoch 497: train_loss=0.4165980815887451, train_acc= 85.80%
INFO - 09/13/26 23:40:12 - 0:15:08 - Epoch 498: train_loss=0.4178381860256195, train_acc= 85.81%
INFO - 09/13/26 23:40:12 - 0:15:08 - Epoch 499: train_loss=0.41203975677490234, train_acc= 86.55%
INFO - 09/13/26 23:40:12 - 0:15:08 - Epoch 500: train_loss=0.4154638350009918, train_acc= 85.97%
INFO - 09/13/26 23:40:13 - 0:15:08 - Epoch 500: val_loss=0.5233925580978394, val_acc= 84.44%,val_weighted_f1= 84.46,val_macro_f1= 81.89%
EarlyStopping counter: 3 out of 15
INFO - 09/13/26 23:40:13 - 0:15:08 - Epoch 501: train_loss=0.4141325354576111, train_acc= 86.41%
INFO - 09/13/26 23:40:13 - 0:15:08 - Epoch 502: train_loss=0.4164935052394867, train_acc= 86.10%
INFO - 09/13/26 23:40:13 - 0:15:09 - Epoch 503: train_loss=0.4154665470123291, train_acc= 85.89%
INFO - 09/13/26 23:40:13 - 0:15:09 - Epoch 504: train_loss=0.4115141034126282, train_acc= 86.00%
INFO - 09/13/26 23:40:14 - 0:15:09 - Epoch 505: train_loss=0.409733384847641, train_acc= 86.16%
INFO - 09/13/26 23:40:14 - 0:15:09 - Epoch 505: val_loss=0.5235562920570374, val_acc= 84.44%,val_weighted_f1= 84.44,val_macro_f1= 81.73%
EarlyStopping counter: 4 out of 15
INFO - 09/13/26 23:40:14 - 0:15:09 - Epoch 506: train_loss=0.40912628173828125, train_acc= 86.27%
INFO - 09/13/26 23:40:14 - 0:15:09 - Epoch 507: train_loss=0.40883302688598633, train_acc= 86.43%
INFO - 09/13/26 23:40:14 - 0:15:10 - Epoch 508: train_loss=0.409563809633255, train_acc= 86.31%
INFO - 09/13/26 23:40:14 - 0:15:10 - Epoch 509: train_loss=0.4113830327987671, train_acc= 86.10%
INFO - 09/13/26 23:40:15 - 0:15:10 - Epoch 510: train_loss=0.4062764346599579, train_acc= 86.45%
INFO - 09/13/26 23:40:15 - 0:15:10 - Epoch 510: val_loss=0.5229030251502991, val_acc= 84.57%,val_weighted_f1= 84.57,val_macro_f1= 82.03%
INFO - 09/13/26 23:40:15 - 0:15:10 - Epoch 511: train_loss=0.41342082619667053, train_acc= 86.11%
INFO - 09/13/26 23:40:15 - 0:15:11 - Epoch 512: train_loss=0.4040721356868744, train_acc= 86.45%
INFO - 09/13/26 23:40:15 - 0:15:11 - Epoch 513: train_loss=0.41184526681900024, train_acc= 85.80%
INFO - 09/13/26 23:40:15 - 0:15:11 - Epoch 514: train_loss=0.4128768742084503, train_acc= 85.90%
INFO - 09/13/26 23:40:16 - 0:15:11 - Epoch 515: train_loss=0.4110106825828552, train_acc= 86.14%
INFO - 09/13/26 23:40:16 - 0:15:11 - Epoch 515: val_loss=0.5240903496742249, val_acc= 84.57%,val_weighted_f1= 84.55,val_macro_f1= 82.09%
INFO - 09/13/26 23:40:16 - 0:15:11 - Epoch 516: train_loss=0.4150495231151581, train_acc= 86.30%
INFO - 09/13/26 23:40:16 - 0:15:12 - Epoch 517: train_loss=0.411347359418869, train_acc= 86.20%
INFO - 09/13/26 23:40:16 - 0:15:12 - Epoch 518: train_loss=0.4092532694339752, train_acc= 86.27%
INFO - 09/13/26 23:40:17 - 0:15:12 - Epoch 519: train_loss=0.40851372480392456, train_acc= 86.04%
INFO - 09/13/26 23:40:17 - 0:15:12 - Epoch 520: train_loss=0.40421414375305176, train_acc= 86.48%
INFO - 09/13/26 23:40:17 - 0:15:12 - Epoch 520: val_loss=0.525144100189209, val_acc= 84.74%,val_weighted_f1= 84.74,val_macro_f1= 82.10%
INFO - 09/13/26 23:40:17 - 0:15:12 - Epoch 521: train_loss=0.40353575348854065, train_acc= 86.31%
INFO - 09/13/26 23:40:17 - 0:15:13 - Epoch 522: train_loss=0.40900248289108276, train_acc= 86.13%
INFO - 09/13/26 23:40:17 - 0:15:13 - Epoch 523: train_loss=0.4065345823764801, train_acc= 86.20%
INFO - 09/13/26 23:40:18 - 0:15:13 - Epoch 524: train_loss=0.4063130021095276, train_acc= 86.10%
INFO - 09/13/26 23:40:18 - 0:15:13 - Epoch 525: train_loss=0.4071637690067291, train_acc= 86.26%
INFO - 09/13/26 23:40:18 - 0:15:13 - Epoch 525: val_loss=0.5246496796607971, val_acc= 84.62%,val_weighted_f1= 84.63,val_macro_f1= 82.02%
EarlyStopping counter: 1 out of 15
INFO - 09/13/26 23:40:18 - 0:15:14 - Epoch 526: train_loss=0.3994608521461487, train_acc= 86.81%
INFO - 09/13/26 23:40:18 - 0:15:14 - Epoch 527: train_loss=0.4060051143169403, train_acc= 86.53%
INFO - 09/13/26 23:40:18 - 0:15:14 - Epoch 528: train_loss=0.4028814733028412, train_acc= 86.38%
INFO - 09/13/26 23:40:19 - 0:15:14 - Epoch 529: train_loss=0.39832696318626404, train_acc= 86.68%
INFO - 09/13/26 23:40:19 - 0:15:14 - Epoch 530: train_loss=0.4046819508075714, train_acc= 86.18%
INFO - 09/13/26 23:40:19 - 0:15:14 - Epoch 530: val_loss=0.5236912965774536, val_acc= 84.36%,val_weighted_f1= 84.34,val_macro_f1= 82.00%
EarlyStopping counter: 2 out of 15
INFO - 09/13/26 23:40:19 - 0:15:15 - Epoch 531: train_loss=0.3966867923736572, train_acc= 86.53%
INFO - 09/13/26 23:40:19 - 0:15:15 - Epoch 532: train_loss=0.40524473786354065, train_acc= 86.28%
INFO - 09/13/26 23:40:20 - 0:15:15 - Epoch 533: train_loss=0.4033161401748657, train_acc= 86.48%
INFO - 09/13/26 23:40:20 - 0:15:15 - Epoch 534: train_loss=0.40211308002471924, train_acc= 86.54%
INFO - 09/13/26 23:40:20 - 0:15:15 - Epoch 535: train_loss=0.40526044368743896, train_acc= 86.48%
INFO - 09/13/26 23:40:20 - 0:15:16 - Epoch 535: val_loss=0.5250601768493652, val_acc= 84.27%,val_weighted_f1= 84.30,val_macro_f1= 81.77%
EarlyStopping counter: 3 out of 15
INFO - 09/13/26 23:40:20 - 0:15:16 - Epoch 536: train_loss=0.40169093012809753, train_acc= 86.70%
INFO - 09/13/26 23:40:20 - 0:15:16 - Epoch 537: train_loss=0.4018685221672058, train_acc= 86.17%
INFO - 09/13/26 23:40:21 - 0:15:16 - Epoch 538: train_loss=0.3975812792778015, train_acc= 86.27%
INFO - 09/13/26 23:40:21 - 0:15:16 - Epoch 539: train_loss=0.4008671045303345, train_acc= 86.60%
INFO - 09/13/26 23:40:21 - 0:15:17 - Epoch 540: train_loss=0.3986184000968933, train_acc= 86.53%
INFO - 09/13/26 23:40:21 - 0:15:17 - Epoch 540: val_loss=0.5224655866622925, val_acc= 84.32%,val_weighted_f1= 84.33,val_macro_f1= 81.77%
EarlyStopping counter: 4 out of 15
INFO - 09/13/26 23:40:21 - 0:15:17 - Epoch 541: train_loss=0.4016163647174835, train_acc= 86.26%
INFO - 09/13/26 23:40:22 - 0:15:17 - Epoch 542: train_loss=0.396964967250824, train_acc= 86.60%
INFO - 09/13/26 23:40:22 - 0:15:17 - Epoch 543: train_loss=0.39677631855010986, train_acc= 86.54%
INFO - 09/13/26 23:40:22 - 0:15:17 - Epoch 544: train_loss=0.4010089337825775, train_acc= 86.43%
INFO - 09/13/26 23:40:22 - 0:15:18 - Epoch 545: train_loss=0.40071532130241394, train_acc= 86.45%
INFO - 09/13/26 23:40:22 - 0:15:18 - Epoch 545: val_loss=0.5227863192558289, val_acc= 84.49%,val_weighted_f1= 84.47,val_macro_f1= 82.02%
EarlyStopping counter: 5 out of 15
INFO - 09/13/26 23:40:22 - 0:15:18 - Epoch 546: train_loss=0.3925417959690094, train_acc= 86.63%
INFO - 09/13/26 23:40:23 - 0:15:18 - Epoch 547: train_loss=0.3957107365131378, train_acc= 86.65%
INFO - 09/13/26 23:40:23 - 0:15:18 - Epoch 548: train_loss=0.3978235423564911, train_acc= 86.54%
INFO - 09/13/26 23:40:23 - 0:15:19 - Epoch 549: train_loss=0.40221473574638367, train_acc= 86.71%
INFO - 09/13/26 23:40:23 - 0:15:19 - Epoch 550: train_loss=0.3948421776294708, train_acc= 86.55%
INFO - 09/13/26 23:40:23 - 0:15:19 - Epoch 550: val_loss=0.5237780213356018, val_acc= 84.66%,val_weighted_f1= 84.63,val_macro_f1= 82.13%
EarlyStopping counter: 6 out of 15
INFO - 09/13/26 23:40:23 - 0:15:19 - Epoch 551: train_loss=0.39248785376548767, train_acc= 86.47%
INFO - 09/13/26 23:40:24 - 0:15:19 - Epoch 552: train_loss=0.3918837904930115, train_acc= 86.50%
INFO - 09/13/26 23:40:24 - 0:15:19 - Epoch 553: train_loss=0.39815881848335266, train_acc= 86.26%
INFO - 09/13/26 23:40:24 - 0:15:20 - Epoch 554: train_loss=0.39303070306777954, train_acc= 86.58%
INFO - 09/13/26 23:40:24 - 0:15:20 - Epoch 555: train_loss=0.39059019088745117, train_acc= 86.97%
INFO - 09/13/26 23:40:24 - 0:15:20 - Epoch 555: val_loss=0.5215927958488464, val_acc= 84.79%,val_weighted_f1= 84.77,val_macro_f1= 82.13%
INFO - 09/13/26 23:40:25 - 0:15:20 - Epoch 556: train_loss=0.3920648694038391, train_acc= 86.77%
INFO - 09/13/26 23:40:25 - 0:15:20 - Epoch 557: train_loss=0.3959958255290985, train_acc= 86.85%
INFO - 09/13/26 23:40:25 - 0:15:21 - Epoch 558: train_loss=0.39544185996055603, train_acc= 86.71%
INFO - 09/13/26 23:40:25 - 0:15:21 - Epoch 559: train_loss=0.3907889425754547, train_acc= 86.44%
INFO - 09/13/26 23:40:25 - 0:15:21 - Epoch 560: train_loss=0.39505535364151, train_acc= 86.30%
INFO - 09/13/26 23:40:25 - 0:15:21 - Epoch 560: val_loss=0.5236664414405823, val_acc= 84.91%,val_weighted_f1= 84.87,val_macro_f1= 82.35%
INFO - 09/13/26 23:40:26 - 0:15:21 - Epoch 561: train_loss=0.3939358592033386, train_acc= 86.90%
INFO - 09/13/26 23:40:26 - 0:15:21 - Epoch 562: train_loss=0.3906232714653015, train_acc= 86.67%
INFO - 09/13/26 23:40:26 - 0:15:22 - Epoch 563: train_loss=0.38684505224227905, train_acc= 86.74%
INFO - 09/13/26 23:40:26 - 0:15:22 - Epoch 564: train_loss=0.3915838599205017, train_acc= 86.68%
INFO - 09/13/26 23:40:26 - 0:15:22 - Epoch 565: train_loss=0.39150291681289673, train_acc= 86.68%
INFO - 09/13/26 23:40:27 - 0:15:22 - Epoch 565: val_loss=0.5235508680343628, val_acc= 84.79%,val_weighted_f1= 84.76,val_macro_f1= 82.30%
EarlyStopping counter: 1 out of 15
INFO - 09/13/26 23:40:27 - 0:15:22 - Epoch 566: train_loss=0.39372017979621887, train_acc= 86.73%
INFO - 09/13/26 23:40:27 - 0:15:22 - Epoch 567: train_loss=0.39321595430374146, train_acc= 86.55%
INFO - 09/13/26 23:40:27 - 0:15:23 - Epoch 568: train_loss=0.39366114139556885, train_acc= 86.47%
INFO - 09/13/26 23:40:27 - 0:15:23 - Epoch 569: train_loss=0.3884502351284027, train_acc= 86.85%
INFO - 09/13/26 23:40:27 - 0:15:23 - Epoch 570: train_loss=0.3863230347633362, train_acc= 87.14%
INFO - 09/13/26 23:40:28 - 0:15:23 - Epoch 570: val_loss=0.5209842324256897, val_acc= 84.79%,val_weighted_f1= 84.76,val_macro_f1= 82.30%
EarlyStopping counter: 2 out of 15
INFO - 09/13/26 23:40:28 - 0:15:23 - Epoch 571: train_loss=0.39269787073135376, train_acc= 86.90%
INFO - 09/13/26 23:40:28 - 0:15:24 - Epoch 572: train_loss=0.38836953043937683, train_acc= 86.78%
INFO - 09/13/26 23:40:28 - 0:15:24 - Epoch 573: train_loss=0.3866249620914459, train_acc= 87.00%
INFO - 09/13/26 23:40:28 - 0:15:24 - Epoch 574: train_loss=0.3841049075126648, train_acc= 87.17%
INFO - 09/13/26 23:40:29 - 0:15:24 - Epoch 575: train_loss=0.3859969973564148, train_acc= 87.01%
INFO - 09/13/26 23:40:29 - 0:15:24 - Epoch 575: val_loss=0.5253015756607056, val_acc= 84.57%,val_weighted_f1= 84.56,val_macro_f1= 81.92%
EarlyStopping counter: 3 out of 15
INFO - 09/13/26 23:40:29 - 0:15:24 - Epoch 576: train_loss=0.38047683238983154, train_acc= 87.67%
INFO - 09/13/26 23:40:29 - 0:15:25 - Epoch 577: train_loss=0.3838127851486206, train_acc= 87.25%
INFO - 09/13/26 23:40:29 - 0:15:25 - Epoch 578: train_loss=0.38307470083236694, train_acc= 86.88%
INFO - 09/13/26 23:40:29 - 0:15:25 - Epoch 579: train_loss=0.38330644369125366, train_acc= 87.05%
INFO - 09/13/26 23:40:30 - 0:15:25 - Epoch 580: train_loss=0.38231053948402405, train_acc= 86.84%
INFO - 09/13/26 23:40:30 - 0:15:25 - Epoch 580: val_loss=0.5235444903373718, val_acc= 84.53%,val_weighted_f1= 84.53,val_macro_f1= 81.97%
EarlyStopping counter: 4 out of 15
INFO - 09/13/26 23:40:30 - 0:15:26 - Epoch 581: train_loss=0.3808906078338623, train_acc= 86.83%
INFO - 09/13/26 23:40:30 - 0:15:26 - Epoch 582: train_loss=0.38377782702445984, train_acc= 86.90%
INFO - 09/13/26 23:40:30 - 0:15:26 - Epoch 583: train_loss=0.38403499126434326, train_acc= 87.11%
INFO - 09/13/26 23:40:31 - 0:15:26 - Epoch 584: train_loss=0.38240331411361694, train_acc= 87.08%
INFO - 09/13/26 23:40:31 - 0:15:26 - Epoch 585: train_loss=0.38215216994285583, train_acc= 87.14%
INFO - 09/13/26 23:40:31 - 0:15:26 - Epoch 585: val_loss=0.5231664180755615, val_acc= 84.87%,val_weighted_f1= 84.84,val_macro_f1= 82.34%
EarlyStopping counter: 5 out of 15
INFO - 09/13/26 23:40:31 - 0:15:27 - Epoch 586: train_loss=0.3773093819618225, train_acc= 86.90%
INFO - 09/13/26 23:40:31 - 0:15:27 - Epoch 587: train_loss=0.3853335976600647, train_acc= 87.12%
INFO - 09/13/26 23:40:31 - 0:15:27 - Epoch 588: train_loss=0.3836438059806824, train_acc= 87.07%
INFO - 09/13/26 23:40:32 - 0:15:27 - Epoch 589: train_loss=0.3827841877937317, train_acc= 87.12%
INFO - 09/13/26 23:40:32 - 0:15:27 - Epoch 590: train_loss=0.3792734146118164, train_acc= 86.97%
INFO - 09/13/26 23:40:32 - 0:15:27 - Epoch 590: val_loss=0.5242836475372314, val_acc= 84.66%,val_weighted_f1= 84.63,val_macro_f1= 81.99%
EarlyStopping counter: 6 out of 15
INFO - 09/13/26 23:40:32 - 0:15:28 - Epoch 591: train_loss=0.38473451137542725, train_acc= 87.30%
INFO - 09/13/26 23:40:32 - 0:15:28 - Epoch 592: train_loss=0.3798709213733673, train_acc= 87.11%
INFO - 09/13/26 23:40:32 - 0:15:28 - Epoch 593: train_loss=0.37972292304039, train_acc= 87.21%
INFO - 09/13/26 23:40:33 - 0:15:28 - Epoch 594: train_loss=0.37923741340637207, train_acc= 87.55%
INFO - 09/13/26 23:40:33 - 0:15:28 - Epoch 595: train_loss=0.3841685652732849, train_acc= 87.00%
INFO - 09/13/26 23:40:33 - 0:15:29 - Epoch 595: val_loss=0.5221133828163147, val_acc= 84.96%,val_weighted_f1= 84.93,val_macro_f1= 82.37%
INFO - 09/13/26 23:40:33 - 0:15:29 - Epoch 596: train_loss=0.38275617361068726, train_acc= 86.95%
INFO - 09/13/26 23:40:33 - 0:15:29 - Epoch 597: train_loss=0.37759730219841003, train_acc= 87.45%
INFO - 09/13/26 23:40:34 - 0:15:29 - Epoch 598: train_loss=0.37573009729385376, train_acc= 87.24%
INFO - 09/13/26 23:40:34 - 0:15:29 - Epoch 599: train_loss=0.37737300992012024, train_acc= 87.07%
INFO - 09/13/26 23:40:34 - 0:15:30 - Epoch 600: train_loss=0.37786415219306946, train_acc= 87.24%
INFO - 09/13/26 23:40:34 - 0:15:30 - Epoch 600: val_loss=0.5246161222457886, val_acc= 84.66%,val_weighted_f1= 84.65,val_macro_f1= 82.02%
EarlyStopping counter: 1 out of 15
INFO - 09/13/26 23:40:34 - 0:15:30 - Epoch 601: train_loss=0.37481755018234253, train_acc= 87.24%
INFO - 09/13/26 23:40:34 - 0:15:30 - Epoch 602: train_loss=0.3746778964996338, train_acc= 87.48%
INFO - 09/13/26 23:40:35 - 0:15:30 - Epoch 603: train_loss=0.38191577792167664, train_acc= 87.15%
INFO - 09/13/26 23:40:35 - 0:15:30 - Epoch 604: train_loss=0.3788807690143585, train_acc= 87.21%
INFO - 09/13/26 23:40:35 - 0:15:31 - Epoch 605: train_loss=0.37197571992874146, train_acc= 87.42%
INFO - 09/13/26 23:40:35 - 0:15:31 - Epoch 605: val_loss=0.5234057903289795, val_acc= 84.57%,val_weighted_f1= 84.56,val_macro_f1= 82.07%
EarlyStopping counter: 2 out of 15
INFO - 09/13/26 23:40:35 - 0:15:31 - Epoch 606: train_loss=0.3761729896068573, train_acc= 87.37%
INFO - 09/13/26 23:40:36 - 0:15:31 - Epoch 607: train_loss=0.37713661789894104, train_acc= 87.44%
INFO - 09/13/26 23:40:36 - 0:15:31 - Epoch 608: train_loss=0.3737275302410126, train_acc= 87.24%
INFO - 09/13/26 23:40:36 - 0:15:31 - Epoch 609: train_loss=0.3737475275993347, train_acc= 87.20%
INFO - 09/13/26 23:40:36 - 0:15:32 - Epoch 610: train_loss=0.3754315972328186, train_acc= 87.57%
INFO - 09/13/26 23:40:36 - 0:15:32 - Epoch 610: val_loss=0.5240576863288879, val_acc= 84.62%,val_weighted_f1= 84.59,val_macro_f1= 82.06%
EarlyStopping counter: 3 out of 15
INFO - 09/13/26 23:40:36 - 0:15:32 - Epoch 611: train_loss=0.3730403482913971, train_acc= 87.08%
INFO - 09/13/26 23:40:37 - 0:15:32 - Epoch 612: train_loss=0.37268272042274475, train_acc= 87.44%
INFO - 09/13/26 23:40:37 - 0:15:32 - Epoch 613: train_loss=0.372465044260025, train_acc= 87.28%
INFO - 09/13/26 23:40:37 - 0:15:33 - Epoch 614: train_loss=0.37028899788856506, train_acc= 87.49%
INFO - 09/13/26 23:40:37 - 0:15:33 - Epoch 615: train_loss=0.37430524826049805, train_acc= 87.25%
INFO - 09/13/26 23:40:37 - 0:15:33 - Epoch 615: val_loss=0.524789571762085, val_acc= 84.57%,val_weighted_f1= 84.56,val_macro_f1= 82.10%
EarlyStopping counter: 4 out of 15
INFO - 09/13/26 23:40:37 - 0:15:33 - Epoch 616: train_loss=0.3670235574245453, train_acc= 87.84%
INFO - 09/13/26 23:40:38 - 0:15:33 - Epoch 617: train_loss=0.3754149377346039, train_acc= 87.18%
INFO - 09/13/26 23:40:38 - 0:15:33 - Epoch 618: train_loss=0.3720925748348236, train_acc= 87.44%
INFO - 09/13/26 23:40:38 - 0:15:34 - Epoch 619: train_loss=0.3664179742336273, train_acc= 87.59%
INFO - 09/13/26 23:40:38 - 0:15:34 - Epoch 620: train_loss=0.3695334196090698, train_acc= 87.55%
INFO - 09/13/26 23:40:38 - 0:15:34 - Epoch 620: val_loss=0.5253025889396667, val_acc= 84.70%,val_weighted_f1= 84.68,val_macro_f1= 82.20%
EarlyStopping counter: 5 out of 15
INFO - 09/13/26 23:40:39 - 0:15:34 - Epoch 621: train_loss=0.3722938001155853, train_acc= 87.22%
INFO - 09/13/26 23:40:39 - 0:15:34 - Epoch 622: train_loss=0.3749929964542389, train_acc= 87.07%
INFO - 09/13/26 23:40:39 - 0:15:35 - Epoch 623: train_loss=0.36353781819343567, train_acc= 87.51%
INFO - 09/13/26 23:40:39 - 0:15:35 - Epoch 624: train_loss=0.3695268929004669, train_acc= 87.69%
INFO - 09/13/26 23:40:39 - 0:15:35 - Epoch 625: train_loss=0.36989185214042664, train_acc= 87.69%
INFO - 09/13/26 23:40:39 - 0:15:35 - Epoch 625: val_loss=0.5239410400390625, val_acc= 84.70%,val_weighted_f1= 84.68,val_macro_f1= 82.32%
EarlyStopping counter: 6 out of 15
INFO - 09/13/26 23:40:40 - 0:15:35 - Epoch 626: train_loss=0.36952048540115356, train_acc= 87.32%
INFO - 09/13/26 23:40:40 - 0:15:35 - Epoch 627: train_loss=0.36551061272621155, train_acc= 87.95%
INFO - 09/13/26 23:40:40 - 0:15:36 - Epoch 628: train_loss=0.36533984541893005, train_acc= 87.38%
INFO - 09/13/26 23:40:40 - 0:15:36 - Epoch 629: train_loss=0.3653242588043213, train_acc= 87.77%
INFO - 09/13/26 23:40:40 - 0:15:36 - Epoch 630: train_loss=0.37137410044670105, train_acc= 87.15%
INFO - 09/13/26 23:40:40 - 0:15:36 - Epoch 630: val_loss=0.5284101366996765, val_acc= 84.57%,val_weighted_f1= 84.56,val_macro_f1= 82.08%
EarlyStopping counter: 7 out of 15
INFO - 09/13/26 23:40:41 - 0:15:36 - Epoch 631: train_loss=0.3618742823600769, train_acc= 87.91%
INFO - 09/13/26 23:40:41 - 0:15:36 - Epoch 632: train_loss=0.36625173687934875, train_acc= 87.44%
INFO - 09/13/26 23:40:41 - 0:15:37 - Epoch 633: train_loss=0.3621493875980377, train_acc= 88.21%
INFO - 09/13/26 23:40:41 - 0:15:37 - Epoch 634: train_loss=0.3671197295188904, train_acc= 87.17%
INFO - 09/13/26 23:40:41 - 0:15:37 - Epoch 635: train_loss=0.3602310121059418, train_acc= 87.78%
INFO - 09/13/26 23:40:42 - 0:15:37 - Epoch 635: val_loss=0.5285069942474365, val_acc= 84.49%,val_weighted_f1= 84.47,val_macro_f1= 81.83%
EarlyStopping counter: 8 out of 15
INFO - 09/13/26 23:40:42 - 0:15:37 - Epoch 636: train_loss=0.3656884729862213, train_acc= 87.54%
INFO - 09/13/26 23:40:42 - 0:15:38 - Epoch 637: train_loss=0.3566650152206421, train_acc= 88.15%
INFO - 09/13/26 23:40:42 - 0:15:38 - Epoch 638: train_loss=0.3605467677116394, train_acc= 87.77%
INFO - 09/13/26 23:40:42 - 0:15:38 - Epoch 639: train_loss=0.36821553111076355, train_acc= 87.45%
INFO - 09/13/26 23:40:43 - 0:15:38 - Epoch 640: train_loss=0.3642498552799225, train_acc= 87.38%
INFO - 09/13/26 23:40:43 - 0:15:38 - Epoch 640: val_loss=0.5282096266746521, val_acc= 84.53%,val_weighted_f1= 84.54,val_macro_f1= 82.09%
EarlyStopping counter: 9 out of 15
INFO - 09/13/26 23:40:43 - 0:15:38 - Epoch 641: train_loss=0.36477649211883545, train_acc= 87.72%
INFO - 09/13/26 23:40:43 - 0:15:39 - Epoch 642: train_loss=0.36687004566192627, train_acc= 87.44%
INFO - 09/13/26 23:40:43 - 0:15:39 - Epoch 643: train_loss=0.3646608889102936, train_acc= 87.95%
INFO - 09/13/26 23:40:43 - 0:15:39 - Epoch 644: train_loss=0.36128804087638855, train_acc= 87.65%
INFO - 09/13/26 23:40:44 - 0:15:39 - Epoch 645: train_loss=0.3602237403392792, train_acc= 87.64%
INFO - 09/13/26 23:40:44 - 0:15:39 - Epoch 645: val_loss=0.5283634066581726, val_acc= 84.44%,val_weighted_f1= 84.44,val_macro_f1= 81.90%
EarlyStopping counter: 10 out of 15
INFO - 09/13/26 23:40:44 - 0:15:40 - Epoch 646: train_loss=0.35926175117492676, train_acc= 87.44%
INFO - 09/13/26 23:40:44 - 0:15:40 - Epoch 647: train_loss=0.36493659019470215, train_acc= 87.84%
INFO - 09/13/26 23:40:44 - 0:15:40 - Epoch 648: train_loss=0.3568832278251648, train_acc= 87.88%
INFO - 09/13/26 23:40:45 - 0:15:40 - Epoch 649: train_loss=0.3585379123687744, train_acc= 87.57%
INFO - 09/13/26 23:40:45 - 0:15:40 - Epoch 650: train_loss=0.35878631472587585, train_acc= 87.82%
INFO - 09/13/26 23:40:45 - 0:15:40 - Epoch 650: val_loss=0.5278558731079102, val_acc= 84.83%,val_weighted_f1= 84.81,val_macro_f1= 82.10%
EarlyStopping counter: 11 out of 15
INFO - 09/13/26 23:40:45 - 0:15:41 - Epoch 651: train_loss=0.35956263542175293, train_acc= 87.67%
INFO - 09/13/26 23:40:45 - 0:15:41 - Epoch 652: train_loss=0.358108788728714, train_acc= 87.79%
INFO - 09/13/26 23:40:45 - 0:15:41 - Epoch 653: train_loss=0.35892537236213684, train_acc= 87.96%
INFO - 09/13/26 23:40:46 - 0:15:41 - Epoch 654: train_loss=0.353270024061203, train_acc= 87.85%
INFO - 09/13/26 23:40:46 - 0:15:41 - Epoch 655: train_loss=0.3620816469192505, train_acc= 87.92%
INFO - 09/13/26 23:40:46 - 0:15:41 - Epoch 655: val_loss=0.5246444344520569, val_acc= 84.79%,val_weighted_f1= 84.76,val_macro_f1= 82.22%
EarlyStopping counter: 12 out of 15
INFO - 09/13/26 23:40:46 - 0:15:42 - Epoch 656: train_loss=0.35610491037368774, train_acc= 87.85%
INFO - 09/13/26 23:40:46 - 0:15:42 - Epoch 657: train_loss=0.36185523867607117, train_acc= 87.57%
INFO - 09/13/26 23:40:47 - 0:15:42 - Epoch 658: train_loss=0.35631006956100464, train_acc= 87.88%
INFO - 09/13/26 23:40:47 - 0:15:42 - Epoch 659: train_loss=0.3607722520828247, train_acc= 87.84%
INFO - 09/13/26 23:40:47 - 0:15:42 - Epoch 660: train_loss=0.3555711805820465, train_acc= 87.71%
INFO - 09/13/26 23:40:47 - 0:15:43 - Epoch 660: val_loss=0.5256099700927734, val_acc= 84.83%,val_weighted_f1= 84.81,val_macro_f1= 82.28%
EarlyStopping counter: 13 out of 15
INFO - 09/13/26 23:40:47 - 0:15:43 - Epoch 661: train_loss=0.35682204365730286, train_acc= 88.19%
INFO - 09/13/26 23:40:47 - 0:15:43 - Epoch 662: train_loss=0.3607906699180603, train_acc= 87.88%
INFO - 09/13/26 23:40:48 - 0:15:43 - Epoch 663: train_loss=0.35123202204704285, train_acc= 88.42%
INFO - 09/13/26 23:40:48 - 0:15:43 - Epoch 664: train_loss=0.34968647360801697, train_acc= 88.02%
INFO - 09/13/26 23:40:48 - 0:15:44 - Epoch 665: train_loss=0.3580925464630127, train_acc= 87.78%
INFO - 09/13/26 23:40:48 - 0:15:44 - Epoch 665: val_loss=0.5307081937789917, val_acc= 84.62%,val_weighted_f1= 84.59,val_macro_f1= 82.01%
EarlyStopping counter: 14 out of 15
INFO - 09/13/26 23:40:48 - 0:15:44 - Epoch 666: train_loss=0.35806629061698914, train_acc= 87.81%
INFO - 09/13/26 23:40:49 - 0:15:44 - Epoch 667: train_loss=0.35178956389427185, train_acc= 87.85%
INFO - 09/13/26 23:40:49 - 0:15:44 - Epoch 668: train_loss=0.35348260402679443, train_acc= 88.33%
INFO - 09/13/26 23:40:49 - 0:15:44 - Epoch 669: train_loss=0.35468780994415283, train_acc= 87.94%
INFO - 09/13/26 23:40:49 - 0:15:45 - Epoch 670: train_loss=0.3533165454864502, train_acc= 87.69%
INFO - 09/13/26 23:40:49 - 0:15:45 - Epoch 670: val_loss=0.5252198576927185, val_acc= 84.79%,val_weighted_f1= 84.77,val_macro_f1= 82.32%
EarlyStopping counter: 15 out of 15
---------Early stopping--------
INFO - 09/13/26 23:40:49 - 0:15:45 - --------------Testing--------------------
INFO - 09/13/26 23:40:49 - 0:15:45 - --------------Loading from ./checkpoints/NC_WikiCS_model.pt--------------------
INFO - 09/13/26 23:40:49 - 0:15:45 - test_acc= 84.53%, weighted_f1= 84.50,macro_f1= 82.71%
INFO - 09/13/26 23:40:49 - 0:15:45 - test_acc= 84.53%, weighted_f1= 84.50,macro_f1= 82.71%
INFO - 09/13/26 23:40:50 - 0:15:45 - Epoch 0: train_loss=2.529088258743286, train_acc= 10.18%
INFO - 09/13/26 23:40:50 - 0:15:45 - Epoch 0: val_loss=2.4571166038513184, val_acc= 16.03%,val_weighted_f1= 5.30,val_macro_f1= 4.28%
INFO - 09/13/26 23:40:50 - 0:15:45 - Epoch 1: train_loss=2.4395554065704346, train_acc= 12.69%
INFO - 09/13/26 23:40:50 - 0:15:45 - Epoch 2: train_loss=2.3614988327026367, train_acc= 15.25%
INFO - 09/13/26 23:40:50 - 0:15:46 - Epoch 3: train_loss=2.2907135486602783, train_acc= 17.65%
INFO - 09/13/26 23:40:50 - 0:15:46 - Epoch 4: train_loss=2.2278614044189453, train_acc= 19.83%
INFO - 09/13/26 23:40:51 - 0:15:46 - Epoch 5: train_loss=2.1761417388916016, train_acc= 22.30%
INFO - 09/13/26 23:40:51 - 0:15:46 - Epoch 5: val_loss=2.1302330493927, val_acc= 23.89%,val_weighted_f1= 12.98,val_macro_f1= 6.87%
INFO - 09/13/26 23:40:51 - 0:15:46 - Epoch 6: train_loss=2.134826898574829, train_acc= 24.61%
INFO - 09/13/26 23:40:51 - 0:15:47 - Epoch 7: train_loss=2.1006245613098145, train_acc= 26.01%
INFO - 09/13/26 23:40:51 - 0:15:47 - Epoch 8: train_loss=2.0721089839935303, train_acc= 26.88%
INFO - 09/13/26 23:40:51 - 0:15:47 - Epoch 9: train_loss=2.0521421432495117, train_acc= 27.70%
INFO - 09/13/26 23:40:52 - 0:15:47 - Epoch 10: train_loss=2.0355710983276367, train_acc= 28.27%
INFO - 09/13/26 23:40:52 - 0:15:47 - Epoch 10: val_loss=2.0208253860473633, val_acc= 29.57%,val_weighted_f1= 19.47,val_macro_f1= 9.87%
INFO - 09/13/26 23:40:52 - 0:15:47 - Epoch 11: train_loss=2.024939775466919, train_acc= 29.55%
INFO - 09/13/26 23:40:52 - 0:15:48 - Epoch 12: train_loss=2.0125463008880615, train_acc= 30.17%
INFO - 09/13/26 23:40:52 - 0:15:48 - Epoch 13: train_loss=2.0009305477142334, train_acc= 30.65%
INFO - 09/13/26 23:40:53 - 0:15:48 - Epoch 14: train_loss=1.995185375213623, train_acc= 31.80%
INFO - 09/13/26 23:40:53 - 0:15:48 - Epoch 15: train_loss=1.9869024753570557, train_acc= 31.52%
INFO - 09/13/26 23:40:53 - 0:15:48 - Epoch 15: val_loss=1.9800244569778442, val_acc= 32.18%,val_weighted_f1= 22.12,val_macro_f1= 11.42%
INFO - 09/13/26 23:40:53 - 0:15:49 - Epoch 16: train_loss=1.9738136529922485, train_acc= 32.26%
INFO - 09/13/26 23:40:53 - 0:15:49 - Epoch 17: train_loss=1.9666086435317993, train_acc= 33.66%
INFO - 09/13/26 23:40:53 - 0:15:49 - Epoch 18: train_loss=1.956544041633606, train_acc= 35.05%
INFO - 09/13/26 23:40:54 - 0:15:49 - Epoch 19: train_loss=1.9472265243530273, train_acc= 35.51%
INFO - 09/13/26 23:40:54 - 0:15:49 - Epoch 20: train_loss=1.93643057346344, train_acc= 36.66%
INFO - 09/13/26 23:40:54 - 0:15:49 - Epoch 20: val_loss=1.9338264465332031, val_acc= 39.02%,val_weighted_f1= 30.57,val_macro_f1= 16.73%
INFO - 09/13/26 23:40:54 - 0:15:50 - Epoch 21: train_loss=1.9274958372116089, train_acc= 37.86%
INFO - 09/13/26 23:40:54 - 0:15:50 - Epoch 22: train_loss=1.9205361604690552, train_acc= 37.70%
INFO - 09/13/26 23:40:55 - 0:15:50 - Epoch 23: train_loss=1.9091393947601318, train_acc= 38.24%
INFO - 09/13/26 23:40:55 - 0:15:50 - Epoch 24: train_loss=1.8985967636108398, train_acc= 39.00%
INFO - 09/13/26 23:40:55 - 0:15:50 - Epoch 25: train_loss=1.8892755508422852, train_acc= 39.48%
INFO - 09/13/26 23:40:55 - 0:15:50 - Epoch 25: val_loss=1.8786717653274536, val_acc= 40.38%,val_weighted_f1= 32.01,val_macro_f1= 17.66%
INFO - 09/13/26 23:40:55 - 0:15:51 - Epoch 26: train_loss=1.8791738748550415, train_acc= 39.10%
INFO - 09/13/26 23:40:55 - 0:15:51 - Epoch 27: train_loss=1.869754672050476, train_acc= 39.58%
INFO - 09/13/26 23:40:56 - 0:15:51 - Epoch 28: train_loss=1.8574950695037842, train_acc= 39.98%
INFO - 09/13/26 23:40:56 - 0:15:51 - Epoch 29: train_loss=1.8451852798461914, train_acc= 41.19%
INFO - 09/13/26 23:40:56 - 0:15:51 - Epoch 30: train_loss=1.840084195137024, train_acc= 40.85%
INFO - 09/13/26 23:40:56 - 0:15:52 - Epoch 30: val_loss=1.8220053911209106, val_acc= 41.88%,val_weighted_f1= 34.10,val_macro_f1= 19.19%
INFO - 09/13/26 23:40:56 - 0:15:52 - Epoch 31: train_loss=1.8267780542373657, train_acc= 41.99%
INFO - 09/13/26 23:40:56 - 0:15:52 - Epoch 32: train_loss=1.8175921440124512, train_acc= 42.05%
INFO - 09/13/26 23:40:57 - 0:15:52 - Epoch 33: train_loss=1.8089103698730469, train_acc= 42.56%
INFO - 09/13/26 23:40:57 - 0:15:52 - Epoch 34: train_loss=1.7970885038375854, train_acc= 42.96%
INFO - 09/13/26 23:40:57 - 0:15:53 - Epoch 35: train_loss=1.7908174991607666, train_acc= 43.84%
INFO - 09/13/26 23:40:57 - 0:15:53 - Epoch 35: val_loss=1.7660460472106934, val_acc= 46.28%,val_weighted_f1= 38.37,val_macro_f1= 21.94%
INFO - 09/13/26 23:40:57 - 0:15:53 - Epoch 36: train_loss=1.7772045135498047, train_acc= 44.85%
INFO - 09/13/26 23:40:58 - 0:15:53 - Epoch 37: train_loss=1.7611769437789917, train_acc= 45.92%
INFO - 09/13/26 23:40:58 - 0:15:53 - Epoch 38: train_loss=1.7480275630950928, train_acc= 46.69%
INFO - 09/13/26 23:40:58 - 0:15:53 - Epoch 39: train_loss=1.7398957014083862, train_acc= 47.24%
INFO - 09/13/26 23:40:58 - 0:15:54 - Epoch 40: train_loss=1.7301902770996094, train_acc= 47.76%
INFO - 09/13/26 23:40:58 - 0:15:54 - Epoch 40: val_loss=1.7071236371994019, val_acc= 50.38%,val_weighted_f1= 42.01,val_macro_f1= 24.48%
INFO - 09/13/26 23:40:58 - 0:15:54 - Epoch 41: train_loss=1.7160677909851074, train_acc= 48.37%
INFO - 09/13/26 23:40:59 - 0:15:54 - Epoch 42: train_loss=1.704354166984558, train_acc= 48.82%
INFO - 09/13/26 23:40:59 - 0:15:54 - Epoch 43: train_loss=1.6905092000961304, train_acc= 49.49%
INFO - 09/13/26 23:40:59 - 0:15:54 - Epoch 44: train_loss=1.678598165512085, train_acc= 49.89%
INFO - 09/13/26 23:40:59 - 0:15:55 - Epoch 45: train_loss=1.6672399044036865, train_acc= 50.18%
INFO - 09/13/26 23:40:59 - 0:15:55 - Epoch 45: val_loss=1.6398913860321045, val_acc= 52.86%,val_weighted_f1= 44.03,val_macro_f1= 25.72%
INFO - 09/13/26 23:41:00 - 0:15:55 - Epoch 46: train_loss=1.6515837907791138, train_acc= 50.80%
INFO - 09/13/26 23:41:00 - 0:15:55 - Epoch 47: train_loss=1.6369566917419434, train_acc= 51.72%
INFO - 09/13/26 23:41:00 - 0:15:55 - Epoch 48: train_loss=1.623782753944397, train_acc= 52.12%
INFO - 09/13/26 23:41:00 - 0:15:56 - Epoch 49: train_loss=1.6063796281814575, train_acc= 52.07%
INFO - 09/13/26 23:41:00 - 0:15:56 - Epoch 50: train_loss=1.5964995622634888, train_acc= 52.44%
INFO - 09/13/26 23:41:00 - 0:15:56 - Epoch 50: val_loss=1.565307855606079, val_acc= 54.23%,val_weighted_f1= 45.10,val_macro_f1= 26.37%
INFO - 09/13/26 23:41:01 - 0:15:56 - Epoch 51: train_loss=1.5789611339569092, train_acc= 52.53%
INFO - 09/13/26 23:41:01 - 0:15:56 - Epoch 52: train_loss=1.566686749458313, train_acc= 52.81%
INFO - 09/13/26 23:41:01 - 0:15:56 - Epoch 53: train_loss=1.5474073886871338, train_acc= 53.75%
INFO - 09/13/26 23:41:01 - 0:15:57 - Epoch 54: train_loss=1.5342828035354614, train_acc= 53.95%
INFO - 09/13/26 23:41:01 - 0:15:57 - Epoch 55: train_loss=1.5197831392288208, train_acc= 54.34%
INFO - 09/13/26 23:41:01 - 0:15:57 - Epoch 55: val_loss=1.4865559339523315, val_acc= 54.32%,val_weighted_f1= 44.97,val_macro_f1= 26.34%
INFO - 09/13/26 23:41:02 - 0:15:57 - Epoch 56: train_loss=1.5058270692825317, train_acc= 54.31%
INFO - 09/13/26 23:41:02 - 0:15:57 - Epoch 57: train_loss=1.4880869388580322, train_acc= 54.96%
INFO - 09/13/26 23:41:02 - 0:15:58 - Epoch 58: train_loss=1.4748492240905762, train_acc= 55.22%
INFO - 09/13/26 23:41:02 - 0:15:58 - Epoch 59: train_loss=1.4589754343032837, train_acc= 55.36%
INFO - 09/13/26 23:41:02 - 0:15:58 - Epoch 60: train_loss=1.4387524127960205, train_acc= 56.00%
INFO - 09/13/26 23:41:03 - 0:15:58 - Epoch 60: val_loss=1.4041905403137207, val_acc= 55.68%,val_weighted_f1= 46.78,val_macro_f1= 28.26%
INFO - 09/13/26 23:41:03 - 0:15:58 - Epoch 61: train_loss=1.4275490045547485, train_acc= 55.88%
INFO - 09/13/26 23:41:03 - 0:15:58 - Epoch 62: train_loss=1.413888931274414, train_acc= 56.37%
INFO - 09/13/26 23:41:03 - 0:15:59 - Epoch 63: train_loss=1.3945226669311523, train_acc= 56.72%
INFO - 09/13/26 23:41:03 - 0:15:59 - Epoch 64: train_loss=1.3781384229660034, train_acc= 57.03%
INFO - 09/13/26 23:41:04 - 0:15:59 - Epoch 65: train_loss=1.3630985021591187, train_acc= 57.14%
INFO - 09/13/26 23:41:04 - 0:15:59 - Epoch 65: val_loss=1.3236502408981323, val_acc= 56.97%,val_weighted_f1= 48.60,val_macro_f1= 30.23%
INFO - 09/13/26 23:41:04 - 0:15:59 - Epoch 66: train_loss=1.344968557357788, train_acc= 57.74%
INFO - 09/13/26 23:41:04 - 0:15:59 - Epoch 67: train_loss=1.3323606252670288, train_acc= 57.87%
INFO - 09/13/26 23:41:04 - 0:16:00 - Epoch 68: train_loss=1.3172537088394165, train_acc= 57.98%
INFO - 09/13/26 23:41:04 - 0:16:00 - Epoch 69: train_loss=1.3016833066940308, train_acc= 58.28%
INFO - 09/13/26 23:41:05 - 0:16:00 - Epoch 70: train_loss=1.2909221649169922, train_acc= 58.64%
INFO - 09/13/26 23:41:05 - 0:16:00 - Epoch 70: val_loss=1.246654748916626, val_acc= 58.12%,val_weighted_f1= 50.60,val_macro_f1= 32.72%
INFO - 09/13/26 23:41:05 - 0:16:00 - Epoch 71: train_loss=1.2727288007736206, train_acc= 59.01%
INFO - 09/13/26 23:41:05 - 0:16:01 - Epoch 72: train_loss=1.2626562118530273, train_acc= 59.24%
INFO - 09/13/26 23:41:05 - 0:16:01 - Epoch 73: train_loss=1.2420896291732788, train_acc= 59.81%
INFO - 09/13/26 23:41:05 - 0:16:01 - Epoch 74: train_loss=1.2285174131393433, train_acc= 60.26%
INFO - 09/13/26 23:41:06 - 0:16:01 - Epoch 75: train_loss=1.2166776657104492, train_acc= 60.48%
INFO - 09/13/26 23:41:06 - 0:16:01 - Epoch 75: val_loss=1.174553394317627, val_acc= 60.47%,val_weighted_f1= 54.38,val_macro_f1= 37.22%
INFO - 09/13/26 23:41:06 - 0:16:01 - Epoch 76: train_loss=1.1989766359329224, train_acc= 61.62%
INFO - 09/13/26 23:41:06 - 0:16:02 - Epoch 77: train_loss=1.194707989692688, train_acc= 61.26%
INFO - 09/13/26 23:41:06 - 0:16:02 - Epoch 78: train_loss=1.1781260967254639, train_acc= 61.47%
INFO - 09/13/26 23:41:07 - 0:16:02 - Epoch 79: train_loss=1.1654586791992188, train_acc= 61.99%
INFO - 09/13/26 23:41:07 - 0:16:02 - Epoch 80: train_loss=1.1546249389648438, train_acc= 62.58%
INFO - 09/13/26 23:41:07 - 0:16:02 - Epoch 80: val_loss=1.1125946044921875, val_acc= 62.18%,val_weighted_f1= 56.86,val_macro_f1= 40.13%
INFO - 09/13/26 23:41:07 - 0:16:02 - Epoch 81: train_loss=1.1381635665893555, train_acc= 63.01%
INFO - 09/13/26 23:41:07 - 0:16:03 - Epoch 82: train_loss=1.1245441436767578, train_acc= 62.93%
INFO - 09/13/26 23:41:07 - 0:16:03 - Epoch 83: train_loss=1.1133801937103271, train_acc= 63.78%
INFO - 09/13/26 23:41:08 - 0:16:03 - Epoch 84: train_loss=1.105655550956726, train_acc= 63.84%
INFO - 09/13/26 23:41:08 - 0:16:03 - Epoch 85: train_loss=1.0908067226409912, train_acc= 64.73%
INFO - 09/13/26 23:41:08 - 0:16:03 - Epoch 85: val_loss=1.056768536567688, val_acc= 64.10%,val_weighted_f1= 59.40,val_macro_f1= 43.12%
INFO - 09/13/26 23:41:08 - 0:16:04 - Epoch 86: train_loss=1.0806282758712769, train_acc= 64.61%
INFO - 09/13/26 23:41:08 - 0:16:04 - Epoch 87: train_loss=1.0715703964233398, train_acc= 65.13%
INFO - 09/13/26 23:41:08 - 0:16:04 - Epoch 88: train_loss=1.0600910186767578, train_acc= 65.50%
INFO - 09/13/26 23:41:09 - 0:16:04 - Epoch 89: train_loss=1.0504493713378906, train_acc= 65.52%
INFO - 09/13/26 23:41:09 - 0:16:04 - Epoch 90: train_loss=1.0354995727539062, train_acc= 66.10%
INFO - 09/13/26 23:41:09 - 0:16:04 - Epoch 90: val_loss=1.0078935623168945, val_acc= 65.90%,val_weighted_f1= 61.89,val_macro_f1= 46.43%
INFO - 09/13/26 23:41:09 - 0:16:05 - Epoch 91: train_loss=1.0271519422531128, train_acc= 66.43%
INFO - 09/13/26 23:41:09 - 0:16:05 - Epoch 92: train_loss=1.0188066959381104, train_acc= 66.96%
INFO - 09/13/26 23:41:10 - 0:16:05 - Epoch 93: train_loss=1.0071587562561035, train_acc= 67.41%
INFO - 09/13/26 23:41:10 - 0:16:05 - Epoch 94: train_loss=1.0014376640319824, train_acc= 67.48%
INFO - 09/13/26 23:41:10 - 0:16:05 - Epoch 95: train_loss=0.9895733594894409, train_acc= 67.78%
INFO - 09/13/26 23:41:10 - 0:16:06 - Epoch 95: val_loss=0.9650061130523682, val_acc= 67.69%,val_weighted_f1= 64.12,val_macro_f1= 49.32%
INFO - 09/13/26 23:41:10 - 0:16:06 - Epoch 96: train_loss=0.9834325313568115, train_acc= 67.41%
INFO - 09/13/26 23:41:10 - 0:16:06 - Epoch 97: train_loss=0.9716722369194031, train_acc= 68.15%
INFO - 09/13/26 23:41:11 - 0:16:06 - Epoch 98: train_loss=0.96788090467453, train_acc= 68.47%
INFO - 09/13/26 23:41:11 - 0:16:06 - Epoch 99: train_loss=0.9594041705131531, train_acc= 68.39%
INFO - 09/13/26 23:41:11 - 0:16:07 - Epoch 100: train_loss=0.9508072733879089, train_acc= 69.01%
INFO - 09/13/26 23:41:11 - 0:16:07 - Epoch 100: val_loss=0.9266037940979004, val_acc= 69.49%,val_weighted_f1= 66.58,val_macro_f1= 53.19%
INFO - 09/13/26 23:41:11 - 0:16:07 - Epoch 101: train_loss=0.9379599094390869, train_acc= 69.25%
INFO - 09/13/26 23:41:12 - 0:16:07 - Epoch 102: train_loss=0.934971034526825, train_acc= 69.92%
INFO - 09/13/26 23:41:12 - 0:16:07 - Epoch 103: train_loss=0.9232923984527588, train_acc= 69.42%
INFO - 09/13/26 23:41:12 - 0:16:07 - Epoch 104: train_loss=0.9191588759422302, train_acc= 69.82%
INFO - 09/13/26 23:41:12 - 0:16:08 - Epoch 105: train_loss=0.9115076065063477, train_acc= 70.32%
INFO - 09/13/26 23:41:12 - 0:16:08 - Epoch 105: val_loss=0.8913809061050415, val_acc= 70.85%,val_weighted_f1= 68.51,val_macro_f1= 56.68%
INFO - 09/13/26 23:41:12 - 0:16:08 - Epoch 106: train_loss=0.9117475152015686, train_acc= 70.60%
INFO - 09/13/26 23:41:13 - 0:16:08 - Epoch 107: train_loss=0.8985375165939331, train_acc= 70.65%
INFO - 09/13/26 23:41:13 - 0:16:08 - Epoch 108: train_loss=0.8865917325019836, train_acc= 70.97%
INFO - 09/13/26 23:41:13 - 0:16:09 - Epoch 109: train_loss=0.8856971859931946, train_acc= 71.20%
INFO - 09/13/26 23:41:13 - 0:16:09 - Epoch 110: train_loss=0.8787895441055298, train_acc= 70.89%
INFO - 09/13/26 23:41:13 - 0:16:09 - Epoch 110: val_loss=0.8590903878211975, val_acc= 71.97%,val_weighted_f1= 70.09,val_macro_f1= 59.67%
INFO - 09/13/26 23:41:13 - 0:16:09 - Epoch 111: train_loss=0.8689461946487427, train_acc= 71.57%
INFO - 09/13/26 23:41:14 - 0:16:09 - Epoch 112: train_loss=0.8615885972976685, train_acc= 71.94%
INFO - 09/13/26 23:41:14 - 0:16:09 - Epoch 113: train_loss=0.8582074642181396, train_acc= 72.10%
INFO - 09/13/26 23:41:14 - 0:16:10 - Epoch 114: train_loss=0.8527735471725464, train_acc= 71.76%
INFO - 09/13/26 23:41:14 - 0:16:10 - Epoch 115: train_loss=0.8460474610328674, train_acc= 71.76%
INFO - 09/13/26 23:41:14 - 0:16:10 - Epoch 115: val_loss=0.8298144340515137, val_acc= 73.16%,val_weighted_f1= 71.82,val_macro_f1= 62.84%
INFO - 09/13/26 23:41:15 - 0:16:10 - Epoch 116: train_loss=0.841971755027771, train_acc= 72.61%
INFO - 09/13/26 23:41:15 - 0:16:10 - Epoch 117: train_loss=0.8367490768432617, train_acc= 72.68%
INFO - 09/13/26 23:41:15 - 0:16:11 - Epoch 118: train_loss=0.8282041549682617, train_acc= 73.47%
INFO - 09/13/26 23:41:15 - 0:16:11 - Epoch 119: train_loss=0.8288263082504272, train_acc= 73.25%
INFO - 09/13/26 23:41:15 - 0:16:11 - Epoch 120: train_loss=0.8165032863616943, train_acc= 73.64%
INFO - 09/13/26 23:41:15 - 0:16:11 - Epoch 120: val_loss=0.8038837909698486, val_acc= 74.15%,val_weighted_f1= 73.17,val_macro_f1= 65.44%
INFO - 09/13/26 23:41:16 - 0:16:11 - Epoch 121: train_loss=0.8096715211868286, train_acc= 73.57%
INFO - 09/13/26 23:41:16 - 0:16:11 - Epoch 122: train_loss=0.8122720718383789, train_acc= 73.39%
INFO - 09/13/26 23:41:16 - 0:16:12 - Epoch 123: train_loss=0.8050724864006042, train_acc= 74.29%
INFO - 09/13/26 23:41:16 - 0:16:12 - Epoch 124: train_loss=0.7960989475250244, train_acc= 74.12%
INFO - 09/13/26 23:41:16 - 0:16:12 - Epoch 125: train_loss=0.7903527617454529, train_acc= 74.72%
INFO - 09/13/26 23:41:16 - 0:16:12 - Epoch 125: val_loss=0.7807323336601257, val_acc= 75.17%,val_weighted_f1= 74.44,val_macro_f1= 67.97%
INFO - 09/13/26 23:41:17 - 0:16:12 - Epoch 126: train_loss=0.7883358001708984, train_acc= 74.42%
INFO - 09/13/26 23:41:17 - 0:16:12 - Epoch 127: train_loss=0.7861908078193665, train_acc= 74.12%
INFO - 09/13/26 23:41:17 - 0:16:13 - Epoch 128: train_loss=0.7722676992416382, train_acc= 75.02%
INFO - 09/13/26 23:41:17 - 0:16:13 - Epoch 129: train_loss=0.7776373028755188, train_acc= 74.96%
INFO - 09/13/26 23:41:17 - 0:16:13 - Epoch 130: train_loss=0.7668964266777039, train_acc= 75.43%
INFO - 09/13/26 23:41:18 - 0:16:13 - Epoch 130: val_loss=0.7595718502998352, val_acc= 76.28%,val_weighted_f1= 75.77,val_macro_f1= 70.23%
INFO - 09/13/26 23:41:18 - 0:16:13 - Epoch 131: train_loss=0.7615274786949158, train_acc= 75.73%
INFO - 09/13/26 23:41:18 - 0:16:14 - Epoch 132: train_loss=0.7628041505813599, train_acc= 75.90%
INFO - 09/13/26 23:41:18 - 0:16:14 - Epoch 133: train_loss=0.7634174823760986, train_acc= 75.46%
INFO - 09/13/26 23:41:18 - 0:16:14 - Epoch 134: train_loss=0.7513428330421448, train_acc= 76.09%
INFO - 09/13/26 23:41:19 - 0:16:14 - Epoch 135: train_loss=0.7461000084877014, train_acc= 75.80%
INFO - 09/13/26 23:41:19 - 0:16:14 - Epoch 135: val_loss=0.7410193681716919, val_acc= 77.01%,val_weighted_f1= 76.64,val_macro_f1= 71.99%
INFO - 09/13/26 23:41:19 - 0:16:14 - Epoch 136: train_loss=0.7396246194839478, train_acc= 76.13%
INFO - 09/13/26 23:41:19 - 0:16:15 - Epoch 137: train_loss=0.739736020565033, train_acc= 75.82%
INFO - 09/13/26 23:41:19 - 0:16:15 - Epoch 138: train_loss=0.7371767163276672, train_acc= 75.99%
INFO - 09/13/26 23:41:19 - 0:16:15 - Epoch 139: train_loss=0.7358510494232178, train_acc= 76.43%
INFO - 09/13/26 23:41:20 - 0:16:15 - Epoch 140: train_loss=0.7324768900871277, train_acc= 76.57%
INFO - 09/13/26 23:41:20 - 0:16:15 - Epoch 140: val_loss=0.7237177491188049, val_acc= 77.65%,val_weighted_f1= 77.33,val_macro_f1= 73.11%
INFO - 09/13/26 23:41:20 - 0:16:16 - Epoch 141: train_loss=0.7264325022697449, train_acc= 76.57%
INFO - 09/13/26 23:41:20 - 0:16:16 - Epoch 142: train_loss=0.7232888340950012, train_acc= 77.01%
INFO - 09/13/26 23:41:20 - 0:16:16 - Epoch 143: train_loss=0.719474196434021, train_acc= 76.68%
INFO - 09/13/26 23:41:21 - 0:16:16 - Epoch 144: train_loss=0.7183936238288879, train_acc= 76.87%
INFO - 09/13/26 23:41:21 - 0:16:16 - Epoch 145: train_loss=0.7166801691055298, train_acc= 77.42%
INFO - 09/13/26 23:41:21 - 0:16:16 - Epoch 145: val_loss=0.7100783586502075, val_acc= 78.03%,val_weighted_f1= 77.75,val_macro_f1= 73.79%
INFO - 09/13/26 23:41:21 - 0:16:17 - Epoch 146: train_loss=0.7100605368614197, train_acc= 76.78%
INFO - 09/13/26 23:41:21 - 0:16:17 - Epoch 147: train_loss=0.7036577463150024, train_acc= 77.13%
INFO - 09/13/26 23:41:21 - 0:16:17 - Epoch 148: train_loss=0.7069640755653381, train_acc= 77.34%
INFO - 09/13/26 23:41:22 - 0:16:17 - Epoch 149: train_loss=0.6967676877975464, train_acc= 77.01%
INFO - 09/13/26 23:41:22 - 0:16:17 - Epoch 150: train_loss=0.6933215260505676, train_acc= 77.72%
INFO - 09/13/26 23:41:22 - 0:16:17 - Epoch 150: val_loss=0.696332573890686, val_acc= 78.63%,val_weighted_f1= 78.38,val_macro_f1= 74.33%
INFO - 09/13/26 23:41:22 - 0:16:18 - Epoch 151: train_loss=0.6949515342712402, train_acc= 77.58%
INFO - 09/13/26 23:41:22 - 0:16:18 - Epoch 152: train_loss=0.6970711350440979, train_acc= 77.68%
INFO - 09/13/26 23:41:22 - 0:16:18 - Epoch 153: train_loss=0.6871137619018555, train_acc= 77.91%
INFO - 09/13/26 23:41:23 - 0:16:18 - Epoch 154: train_loss=0.681770384311676, train_acc= 78.18%
INFO - 09/13/26 23:41:23 - 0:16:18 - Epoch 155: train_loss=0.6826133728027344, train_acc= 78.24%
INFO - 09/13/26 23:41:23 - 0:16:19 - Epoch 155: val_loss=0.6839268207550049, val_acc= 78.72%,val_weighted_f1= 78.50,val_macro_f1= 74.67%
INFO - 09/13/26 23:41:23 - 0:16:19 - Epoch 156: train_loss=0.6788699626922607, train_acc= 77.97%
INFO - 09/13/26 23:41:23 - 0:16:19 - Epoch 157: train_loss=0.682341992855072, train_acc= 78.31%
INFO - 09/13/26 23:41:24 - 0:16:19 - Epoch 158: train_loss=0.6756243109703064, train_acc= 78.22%
INFO - 09/13/26 23:41:24 - 0:16:19 - Epoch 159: train_loss=0.6738694906234741, train_acc= 78.31%
INFO - 09/13/26 23:41:24 - 0:16:20 - Epoch 160: train_loss=0.6654956340789795, train_acc= 78.36%
INFO - 09/13/26 23:41:24 - 0:16:20 - Epoch 160: val_loss=0.6727347373962402, val_acc= 79.10%,val_weighted_f1= 78.92,val_macro_f1= 75.37%
INFO - 09/13/26 23:41:24 - 0:16:20 - Epoch 161: train_loss=0.6681217551231384, train_acc= 78.02%
INFO - 09/13/26 23:41:24 - 0:16:20 - Epoch 162: train_loss=0.6649084687232971, train_acc= 78.58%
INFO - 09/13/26 23:41:25 - 0:16:20 - Epoch 163: train_loss=0.6596458554267883, train_acc= 78.54%
INFO - 09/13/26 23:41:25 - 0:16:20 - Epoch 164: train_loss=0.6574296951293945, train_acc= 78.45%
INFO - 09/13/26 23:41:25 - 0:16:21 - Epoch 165: train_loss=0.6524956822395325, train_acc= 79.28%
INFO - 09/13/26 23:41:25 - 0:16:21 - Epoch 165: val_loss=0.6633618474006653, val_acc= 79.53%,val_weighted_f1= 79.38,val_macro_f1= 75.98%
INFO - 09/13/26 23:41:25 - 0:16:21 - Epoch 166: train_loss=0.654387354850769, train_acc= 78.91%
INFO - 09/13/26 23:41:25 - 0:16:21 - Epoch 167: train_loss=0.6468570232391357, train_acc= 79.29%
INFO - 09/13/26 23:41:26 - 0:16:21 - Epoch 168: train_loss=0.6542912125587463, train_acc= 79.06%
INFO - 09/13/26 23:41:26 - 0:16:21 - Epoch 169: train_loss=0.6449506878852844, train_acc= 79.30%
INFO - 09/13/26 23:41:26 - 0:16:22 - Epoch 170: train_loss=0.6506115198135376, train_acc= 78.99%
INFO - 09/13/26 23:41:26 - 0:16:22 - Epoch 170: val_loss=0.6540679931640625, val_acc= 79.79%,val_weighted_f1= 79.63,val_macro_f1= 76.29%
INFO - 09/13/26 23:41:26 - 0:16:22 - Epoch 171: train_loss=0.6459251642227173, train_acc= 79.40%
INFO - 09/13/26 23:41:27 - 0:16:22 - Epoch 172: train_loss=0.648617148399353, train_acc= 79.13%
INFO - 09/13/26 23:41:27 - 0:16:22 - Epoch 173: train_loss=0.6405918002128601, train_acc= 78.81%
INFO - 09/13/26 23:41:27 - 0:16:23 - Epoch 174: train_loss=0.637566328048706, train_acc= 79.45%
INFO - 09/13/26 23:41:27 - 0:16:23 - Epoch 175: train_loss=0.6328401565551758, train_acc= 79.75%
INFO - 09/13/26 23:41:27 - 0:16:23 - Epoch 175: val_loss=0.6464577317237854, val_acc= 80.17%,val_weighted_f1= 80.03,val_macro_f1= 76.89%
INFO - 09/13/26 23:41:27 - 0:16:23 - Epoch 176: train_loss=0.6337984800338745, train_acc= 79.53%
INFO - 09/13/26 23:41:28 - 0:16:23 - Epoch 177: train_loss=0.6270220875740051, train_acc= 79.66%
INFO - 09/13/26 23:41:28 - 0:16:23 - Epoch 178: train_loss=0.6306869983673096, train_acc= 79.26%
INFO - 09/13/26 23:41:28 - 0:16:24 - Epoch 179: train_loss=0.6288004517555237, train_acc= 79.38%
INFO - 09/13/26 23:41:28 - 0:16:24 - Epoch 180: train_loss=0.6305071711540222, train_acc= 79.39%
INFO - 09/13/26 23:41:28 - 0:16:24 - Epoch 180: val_loss=0.6390283107757568, val_acc= 80.17%,val_weighted_f1= 80.03,val_macro_f1= 77.03%
INFO - 09/13/26 23:41:29 - 0:16:24 - Epoch 181: train_loss=0.6286514401435852, train_acc= 79.46%
INFO - 09/13/26 23:41:29 - 0:16:24 - Epoch 182: train_loss=0.6182503700256348, train_acc= 79.97%
INFO - 09/13/26 23:41:29 - 0:16:25 - Epoch 183: train_loss=0.6205391883850098, train_acc= 79.43%
INFO - 09/13/26 23:41:29 - 0:16:25 - Epoch 184: train_loss=0.6159112453460693, train_acc= 80.40%
INFO - 09/13/26 23:41:29 - 0:16:25 - Epoch 185: train_loss=0.6222285032272339, train_acc= 79.99%
INFO - 09/13/26 23:41:29 - 0:16:25 - Epoch 185: val_loss=0.6314175128936768, val_acc= 80.43%,val_weighted_f1= 80.32,val_macro_f1= 77.34%
INFO - 09/13/26 23:41:30 - 0:16:25 - Epoch 186: train_loss=0.613309919834137, train_acc= 79.87%
INFO - 09/13/26 23:41:30 - 0:16:25 - Epoch 187: train_loss=0.6121516227722168, train_acc= 80.16%
INFO - 09/13/26 23:41:30 - 0:16:26 - Epoch 188: train_loss=0.6138139963150024, train_acc= 80.40%
INFO - 09/13/26 23:41:30 - 0:16:26 - Epoch 189: train_loss=0.6049494743347168, train_acc= 80.39%
INFO - 09/13/26 23:41:30 - 0:16:26 - Epoch 190: train_loss=0.6043416857719421, train_acc= 80.20%
INFO - 09/13/26 23:41:30 - 0:16:26 - Epoch 190: val_loss=0.6260734796524048, val_acc= 80.56%,val_weighted_f1= 80.45,val_macro_f1= 77.56%
INFO - 09/13/26 23:41:31 - 0:16:26 - Epoch 191: train_loss=0.6037955284118652, train_acc= 80.53%
INFO - 09/13/26 23:41:31 - 0:16:26 - Epoch 192: train_loss=0.6005337834358215, train_acc= 80.34%
INFO - 09/13/26 23:41:31 - 0:16:27 - Epoch 193: train_loss=0.6072286367416382, train_acc= 79.93%
INFO - 09/13/26 23:41:31 - 0:16:27 - Epoch 194: train_loss=0.603640615940094, train_acc= 80.46%
INFO - 09/13/26 23:41:31 - 0:16:27 - Epoch 195: train_loss=0.6004217863082886, train_acc= 80.57%
INFO - 09/13/26 23:41:32 - 0:16:27 - Epoch 195: val_loss=0.6209188103675842, val_acc= 80.98%,val_weighted_f1= 80.87,val_macro_f1= 77.97%
INFO - 09/13/26 23:41:32 - 0:16:27 - Epoch 196: train_loss=0.5992616415023804, train_acc= 80.50%
INFO - 09/13/26 23:41:32 - 0:16:28 - Epoch 197: train_loss=0.6054064631462097, train_acc= 80.43%
INFO - 09/13/26 23:41:32 - 0:16:28 - Epoch 198: train_loss=0.6009657382965088, train_acc= 80.40%
INFO - 09/13/26 23:41:32 - 0:16:28 - Epoch 199: train_loss=0.593717634677887, train_acc= 80.84%
INFO - 09/13/26 23:41:33 - 0:16:28 - Epoch 200: train_loss=0.595528781414032, train_acc= 80.81%
INFO - 09/13/26 23:41:33 - 0:16:28 - Epoch 200: val_loss=0.6151736974716187, val_acc= 80.81%,val_weighted_f1= 80.68,val_macro_f1= 77.81%
EarlyStopping counter: 1 out of 15
INFO - 09/13/26 23:41:33 - 0:16:28 - Epoch 201: train_loss=0.5933897495269775, train_acc= 80.83%
INFO - 09/13/26 23:41:33 - 0:16:29 - Epoch 202: train_loss=0.5903865098953247, train_acc= 80.73%
INFO - 09/13/26 23:41:33 - 0:16:29 - Epoch 203: train_loss=0.5900487899780273, train_acc= 80.83%
INFO - 09/13/26 23:41:33 - 0:16:29 - Epoch 204: train_loss=0.5952029228210449, train_acc= 80.57%
INFO - 09/13/26 23:41:34 - 0:16:29 - Epoch 205: train_loss=0.5835769772529602, train_acc= 81.21%
INFO - 09/13/26 23:41:34 - 0:16:29 - Epoch 205: val_loss=0.6092624664306641, val_acc= 80.85%,val_weighted_f1= 80.74,val_macro_f1= 77.85%
EarlyStopping counter: 2 out of 15
INFO - 09/13/26 23:41:34 - 0:16:29 - Epoch 206: train_loss=0.5909557938575745, train_acc= 80.66%
INFO - 09/13/26 23:41:34 - 0:16:30 - Epoch 207: train_loss=0.5828717947006226, train_acc= 81.41%
INFO - 09/13/26 23:41:34 - 0:16:30 - Epoch 208: train_loss=0.5825013518333435, train_acc= 80.99%
INFO - 09/13/26 23:41:35 - 0:16:30 - Epoch 209: train_loss=0.5823889374732971, train_acc= 80.99%
INFO - 09/13/26 23:41:35 - 0:16:30 - Epoch 210: train_loss=0.5818983316421509, train_acc= 81.19%
INFO - 09/13/26 23:41:35 - 0:16:30 - Epoch 210: val_loss=0.6057256460189819, val_acc= 81.20%,val_weighted_f1= 81.09,val_macro_f1= 78.43%
INFO - 09/13/26 23:41:35 - 0:16:31 - Epoch 211: train_loss=0.5812000632286072, train_acc= 81.26%
INFO - 09/13/26 23:41:35 - 0:16:31 - Epoch 212: train_loss=0.5786381959915161, train_acc= 80.90%
INFO - 09/13/26 23:41:35 - 0:16:31 - Epoch 213: train_loss=0.574901819229126, train_acc= 81.43%
INFO - 09/13/26 23:41:36 - 0:16:31 - Epoch 214: train_loss=0.5757545828819275, train_acc= 81.20%
INFO - 09/13/26 23:41:36 - 0:16:31 - Epoch 215: train_loss=0.5759244561195374, train_acc= 81.28%
INFO - 09/13/26 23:41:36 - 0:16:31 - Epoch 215: val_loss=0.6004976630210876, val_acc= 81.07%,val_weighted_f1= 80.96,val_macro_f1= 78.25%
EarlyStopping counter: 1 out of 15
INFO - 09/13/26 23:41:36 - 0:16:32 - Epoch 216: train_loss=0.5728023052215576, train_acc= 81.41%
INFO - 09/13/26 23:41:36 - 0:16:32 - Epoch 217: train_loss=0.5747733116149902, train_acc= 81.71%
INFO - 09/13/26 23:41:37 - 0:16:32 - Epoch 218: train_loss=0.5710681676864624, train_acc= 81.20%
INFO - 09/13/26 23:41:37 - 0:16:32 - Epoch 219: train_loss=0.5705592036247253, train_acc= 81.84%
INFO - 09/13/26 23:41:37 - 0:16:32 - Epoch 220: train_loss=0.5669490694999695, train_acc= 81.57%
INFO - 09/13/26 23:41:37 - 0:16:33 - Epoch 220: val_loss=0.5959099531173706, val_acc= 81.37%,val_weighted_f1= 81.28,val_macro_f1= 78.81%
INFO - 09/13/26 23:41:37 - 0:16:33 - Epoch 221: train_loss=0.5700857639312744, train_acc= 81.56%
INFO - 09/13/26 23:41:37 - 0:16:33 - Epoch 222: train_loss=0.5743057131767273, train_acc= 81.03%
INFO - 09/13/26 23:41:38 - 0:16:33 - Epoch 223: train_loss=0.5670459270477295, train_acc= 81.70%
INFO - 09/13/26 23:41:38 - 0:16:33 - Epoch 224: train_loss=0.5674563646316528, train_acc= 81.57%
INFO - 09/13/26 23:41:38 - 0:16:34 - Epoch 225: train_loss=0.5712022185325623, train_acc= 81.67%
INFO - 09/13/26 23:41:38 - 0:16:34 - Epoch 225: val_loss=0.5922803282737732, val_acc= 81.32%,val_weighted_f1= 81.25,val_macro_f1= 78.72%
EarlyStopping counter: 1 out of 15
INFO - 09/13/26 23:41:38 - 0:16:34 - Epoch 226: train_loss=0.5647053122520447, train_acc= 81.48%
INFO - 09/13/26 23:41:39 - 0:16:34 - Epoch 227: train_loss=0.5612615942955017, train_acc= 81.77%
INFO - 09/13/26 23:41:39 - 0:16:34 - Epoch 228: train_loss=0.5621377229690552, train_acc= 81.73%
INFO - 09/13/26 23:41:39 - 0:16:34 - Epoch 229: train_loss=0.5580713748931885, train_acc= 81.87%
INFO - 09/13/26 23:41:39 - 0:16:35 - Epoch 230: train_loss=0.5529282093048096, train_acc= 81.95%
INFO - 09/13/26 23:41:39 - 0:16:35 - Epoch 230: val_loss=0.5878297090530396, val_acc= 81.37%,val_weighted_f1= 81.27,val_macro_f1= 78.85%
INFO - 09/13/26 23:41:39 - 0:16:35 - Epoch 231: train_loss=0.5508015155792236, train_acc= 82.05%
INFO - 09/13/26 23:41:40 - 0:16:35 - Epoch 232: train_loss=0.553437352180481, train_acc= 81.88%
INFO - 09/13/26 23:41:40 - 0:16:35 - Epoch 233: train_loss=0.5521782040596008, train_acc= 82.00%
INFO - 09/13/26 23:41:40 - 0:16:35 - Epoch 234: train_loss=0.5548332929611206, train_acc= 82.08%
INFO - 09/13/26 23:41:40 - 0:16:36 - Epoch 235: train_loss=0.5505596399307251, train_acc= 82.13%
INFO - 09/13/26 23:41:40 - 0:16:36 - Epoch 235: val_loss=0.5864578485488892, val_acc= 81.45%,val_weighted_f1= 81.38,val_macro_f1= 78.81%
INFO - 09/13/26 23:41:40 - 0:16:36 - Epoch 236: train_loss=0.557162880897522, train_acc= 82.25%
INFO - 09/13/26 23:41:41 - 0:16:36 - Epoch 237: train_loss=0.5464408993721008, train_acc= 82.51%
INFO - 09/13/26 23:41:41 - 0:16:36 - Epoch 238: train_loss=0.5417910814285278, train_acc= 82.57%
INFO - 09/13/26 23:41:41 - 0:16:37 - Epoch 239: train_loss=0.5471158027648926, train_acc= 82.20%
INFO - 09/13/26 23:41:41 - 0:16:37 - Epoch 240: train_loss=0.5481885075569153, train_acc= 82.10%
INFO - 09/13/26 23:41:41 - 0:16:37 - Epoch 240: val_loss=0.5816124677658081, val_acc= 81.50%,val_weighted_f1= 81.42,val_macro_f1= 78.97%
INFO - 09/13/26 23:41:42 - 0:16:37 - Epoch 241: train_loss=0.5465741753578186, train_acc= 82.10%
INFO - 09/13/26 23:41:42 - 0:16:37 - Epoch 242: train_loss=0.5420002341270447, train_acc= 82.04%
INFO - 09/13/26 23:41:42 - 0:16:37 - Epoch 243: train_loss=0.5412707924842834, train_acc= 82.48%
INFO - 09/13/26 23:41:42 - 0:16:38 - Epoch 244: train_loss=0.5399454832077026, train_acc= 82.08%
INFO - 09/13/26 23:41:42 - 0:16:38 - Epoch 245: train_loss=0.5460728406906128, train_acc= 82.14%
INFO - 09/13/26 23:41:42 - 0:16:38 - Epoch 245: val_loss=0.5789154171943665, val_acc= 81.67%,val_weighted_f1= 81.59,val_macro_f1= 79.06%
INFO - 09/13/26 23:41:43 - 0:16:38 - Epoch 246: train_loss=0.5434052348136902, train_acc= 82.21%
INFO - 09/13/26 23:41:43 - 0:16:38 - Epoch 247: train_loss=0.5425929427146912, train_acc= 82.55%
INFO - 09/13/26 23:41:43 - 0:16:38 - Epoch 248: train_loss=0.5409285426139832, train_acc= 82.32%
INFO - 09/13/26 23:41:43 - 0:16:39 - Epoch 249: train_loss=0.5410580635070801, train_acc= 82.41%
INFO - 09/13/26 23:41:43 - 0:16:39 - Epoch 250: train_loss=0.5407625436782837, train_acc= 82.37%
INFO - 09/13/26 23:41:43 - 0:16:39 - Epoch 250: val_loss=0.5756617188453674, val_acc= 81.58%,val_weighted_f1= 81.48,val_macro_f1= 79.03%
EarlyStopping counter: 1 out of 15
INFO - 09/13/26 23:41:44 - 0:16:39 - Epoch 251: train_loss=0.543381929397583, train_acc= 81.90%
INFO - 09/13/26 23:41:44 - 0:16:39 - Epoch 252: train_loss=0.5367076992988586, train_acc= 82.74%
INFO - 09/13/26 23:41:44 - 0:16:40 - Epoch 253: train_loss=0.5377286076545715, train_acc= 82.58%
INFO - 09/13/26 23:41:44 - 0:16:40 - Epoch 254: train_loss=0.540980875492096, train_acc= 82.42%
INFO - 09/13/26 23:41:44 - 0:16:40 - Epoch 255: train_loss=0.5364769101142883, train_acc= 82.51%
INFO - 09/13/26 23:41:45 - 0:16:40 - Epoch 255: val_loss=0.5714687705039978, val_acc= 81.97%,val_weighted_f1= 81.92,val_macro_f1= 79.49%
INFO - 09/13/26 23:41:45 - 0:16:40 - Epoch 256: train_loss=0.5330454111099243, train_acc= 82.77%
INFO - 09/13/26 23:41:45 - 0:16:40 - Epoch 257: train_loss=0.5337629914283752, train_acc= 82.69%
INFO - 09/13/26 23:41:45 - 0:16:41 - Epoch 258: train_loss=0.5347810387611389, train_acc= 82.51%
INFO - 09/13/26 23:41:45 - 0:16:41 - Epoch 259: train_loss=0.5303312540054321, train_acc= 82.58%
INFO - 09/13/26 23:41:46 - 0:16:41 - Epoch 260: train_loss=0.5264348983764648, train_acc= 82.47%
INFO - 09/13/26 23:41:46 - 0:16:41 - Epoch 260: val_loss=0.5703723430633545, val_acc= 81.67%,val_weighted_f1= 81.61,val_macro_f1= 79.15%
EarlyStopping counter: 1 out of 15
INFO - 09/13/26 23:41:46 - 0:16:41 - Epoch 261: train_loss=0.527219295501709, train_acc= 82.71%
INFO - 09/13/26 23:41:46 - 0:16:41 - Epoch 262: train_loss=0.5335938930511475, train_acc= 82.74%
INFO - 09/13/26 23:41:46 - 0:16:42 - Epoch 263: train_loss=0.5250122547149658, train_acc= 82.22%
INFO - 09/13/26 23:41:46 - 0:16:42 - Epoch 264: train_loss=0.5302703976631165, train_acc= 82.74%
INFO - 09/13/26 23:41:47 - 0:16:42 - Epoch 265: train_loss=0.5287467837333679, train_acc= 82.87%
INFO - 09/13/26 23:41:47 - 0:16:42 - Epoch 265: val_loss=0.5673758387565613, val_acc= 81.88%,val_weighted_f1= 81.82,val_macro_f1= 79.40%
EarlyStopping counter: 2 out of 15
INFO - 09/13/26 23:41:47 - 0:16:42 - Epoch 266: train_loss=0.5296125411987305, train_acc= 82.68%
INFO - 09/13/26 23:41:47 - 0:16:43 - Epoch 267: train_loss=0.525739848613739, train_acc= 82.67%
INFO - 09/13/26 23:41:47 - 0:16:43 - Epoch 268: train_loss=0.5259845852851868, train_acc= 82.74%
INFO - 09/13/26 23:41:48 - 0:16:43 - Epoch 269: train_loss=0.52158522605896, train_acc= 82.77%
INFO - 09/13/26 23:41:48 - 0:16:43 - Epoch 270: train_loss=0.5204041600227356, train_acc= 82.79%
INFO - 09/13/26 23:41:48 - 0:16:43 - Epoch 270: val_loss=0.5657497048377991, val_acc= 82.05%,val_weighted_f1= 82.00,val_macro_f1= 79.61%
INFO - 09/13/26 23:41:48 - 0:16:43 - Epoch 271: train_loss=0.5205016732215881, train_acc= 82.82%
INFO - 09/13/26 23:41:48 - 0:16:44 - Epoch 272: train_loss=0.5250851511955261, train_acc= 83.14%
INFO - 09/13/26 23:41:48 - 0:16:44 - Epoch 273: train_loss=0.5207747220993042, train_acc= 82.92%
INFO - 09/13/26 23:41:49 - 0:16:44 - Epoch 274: train_loss=0.5164851546287537, train_acc= 82.85%
INFO - 09/13/26 23:41:49 - 0:16:44 - Epoch 275: train_loss=0.5225810408592224, train_acc= 83.01%
INFO - 09/13/26 23:41:49 - 0:16:44 - Epoch 275: val_loss=0.5626834630966187, val_acc= 82.26%,val_weighted_f1= 82.22,val_macro_f1= 79.82%
INFO - 09/13/26 23:41:49 - 0:16:45 - Epoch 276: train_loss=0.5208767056465149, train_acc= 82.99%
INFO - 09/13/26 23:41:49 - 0:16:45 - Epoch 277: train_loss=0.5141672492027283, train_acc= 83.08%
INFO - 09/13/26 23:41:49 - 0:16:45 - Epoch 278: train_loss=0.5148971676826477, train_acc= 83.15%
INFO - 09/13/26 23:41:50 - 0:16:45 - Epoch 279: train_loss=0.512750506401062, train_acc= 83.26%
INFO - 09/13/26 23:41:50 - 0:16:45 - Epoch 280: train_loss=0.5165129899978638, train_acc= 82.95%
INFO - 09/13/26 23:41:50 - 0:16:45 - Epoch 280: val_loss=0.5618588924407959, val_acc= 82.01%,val_weighted_f1= 81.96,val_macro_f1= 79.49%
EarlyStopping counter: 1 out of 15
INFO - 09/13/26 23:41:50 - 0:16:46 - Epoch 281: train_loss=0.5155352354049683, train_acc= 83.07%
INFO - 09/13/26 23:41:50 - 0:16:46 - Epoch 282: train_loss=0.5122600793838501, train_acc= 83.14%
INFO - 09/13/26 23:41:51 - 0:16:46 - Epoch 283: train_loss=0.5192079544067383, train_acc= 82.88%
INFO - 09/13/26 23:41:51 - 0:16:46 - Epoch 284: train_loss=0.5152844786643982, train_acc= 82.88%
INFO - 09/13/26 23:41:51 - 0:16:46 - Epoch 285: train_loss=0.5106486678123474, train_acc= 83.42%
INFO - 09/13/26 23:41:51 - 0:16:46 - Epoch 285: val_loss=0.5600969791412354, val_acc= 82.22%,val_weighted_f1= 82.17,val_macro_f1= 79.72%
EarlyStopping counter: 2 out of 15
INFO - 09/13/26 23:41:51 - 0:16:47 - Epoch 286: train_loss=0.5098702311515808, train_acc= 83.58%
INFO - 09/13/26 23:41:51 - 0:16:47 - Epoch 287: train_loss=0.508801281452179, train_acc= 83.46%
INFO - 09/13/26 23:41:52 - 0:16:47 - Epoch 288: train_loss=0.5095432996749878, train_acc= 83.42%
INFO - 09/13/26 23:41:52 - 0:16:47 - Epoch 289: train_loss=0.5096166729927063, train_acc= 83.42%
INFO - 09/13/26 23:41:52 - 0:16:47 - Epoch 290: train_loss=0.5141511559486389, train_acc= 83.31%
INFO - 09/13/26 23:41:52 - 0:16:48 - Epoch 290: val_loss=0.556780219078064, val_acc= 82.39%,val_weighted_f1= 82.37,val_macro_f1= 79.85%
INFO - 09/13/26 23:41:52 - 0:16:48 - Epoch 291: train_loss=0.5079303979873657, train_acc= 83.29%
INFO - 09/13/26 23:41:53 - 0:16:48 - Epoch 292: train_loss=0.5048457980155945, train_acc= 83.58%
INFO - 09/13/26 23:41:53 - 0:16:48 - Epoch 293: train_loss=0.5109714865684509, train_acc= 83.02%
INFO - 09/13/26 23:41:53 - 0:16:48 - Epoch 294: train_loss=0.5024486780166626, train_acc= 83.71%
INFO - 09/13/26 23:41:53 - 0:16:49 - Epoch 295: train_loss=0.507628321647644, train_acc= 83.38%
INFO - 09/13/26 23:41:53 - 0:16:49 - Epoch 295: val_loss=0.5552039742469788, val_acc= 82.35%,val_weighted_f1= 82.31,val_macro_f1= 80.07%
EarlyStopping counter: 1 out of 15
INFO - 09/13/26 23:41:53 - 0:16:49 - Epoch 296: train_loss=0.5060867667198181, train_acc= 83.29%
INFO - 09/13/26 23:41:54 - 0:16:49 - Epoch 297: train_loss=0.5029216408729553, train_acc= 83.59%
INFO - 09/13/26 23:41:54 - 0:16:49 - Epoch 298: train_loss=0.5025286674499512, train_acc= 83.45%
INFO - 09/13/26 23:41:54 - 0:16:49 - Epoch 299: train_loss=0.5031732320785522, train_acc= 83.69%
INFO - 09/13/26 23:41:54 - 0:16:50 - Epoch 300: train_loss=0.5029343366622925, train_acc= 83.28%
INFO - 09/13/26 23:41:54 - 0:16:50 - Epoch 300: val_loss=0.5527216196060181, val_acc= 82.39%,val_weighted_f1= 82.38,val_macro_f1= 79.94%
INFO - 09/13/26 23:41:54 - 0:16:50 - Epoch 301: train_loss=0.505403995513916, train_acc= 83.73%
INFO - 09/13/26 23:41:55 - 0:16:50 - Epoch 302: train_loss=0.49811041355133057, train_acc= 83.52%
INFO - 09/13/26 23:41:55 - 0:16:50 - Epoch 303: train_loss=0.5021750330924988, train_acc= 83.55%
INFO - 09/13/26 23:41:55 - 0:16:50 - Epoch 304: train_loss=0.4932057559490204, train_acc= 83.92%
INFO - 09/13/26 23:41:55 - 0:16:51 - Epoch 305: train_loss=0.499081015586853, train_acc= 84.12%
INFO - 09/13/26 23:41:55 - 0:16:51 - Epoch 305: val_loss=0.5523005723953247, val_acc= 82.52%,val_weighted_f1= 82.48,val_macro_f1= 80.07%
INFO - 09/13/26 23:41:56 - 0:16:51 - Epoch 306: train_loss=0.5017232298851013, train_acc= 83.71%
INFO - 09/13/26 23:41:56 - 0:16:51 - Epoch 307: train_loss=0.4991198480129242, train_acc= 83.78%
INFO - 09/13/26 23:41:56 - 0:16:51 - Epoch 308: train_loss=0.49643242359161377, train_acc= 83.65%
INFO - 09/13/26 23:41:56 - 0:16:52 - Epoch 309: train_loss=0.49708443880081177, train_acc= 83.55%
INFO - 09/13/26 23:41:56 - 0:16:52 - Epoch 310: train_loss=0.4930409789085388, train_acc= 83.86%
INFO - 09/13/26 23:41:56 - 0:16:52 - Epoch 310: val_loss=0.5499535799026489, val_acc= 82.69%,val_weighted_f1= 82.66,val_macro_f1= 80.34%
INFO - 09/13/26 23:41:57 - 0:16:52 - Epoch 311: train_loss=0.5014523863792419, train_acc= 83.26%
INFO - 09/13/26 23:41:57 - 0:16:52 - Epoch 312: train_loss=0.4941880404949188, train_acc= 83.82%
INFO - 09/13/26 23:41:57 - 0:16:52 - Epoch 313: train_loss=0.495091050863266, train_acc= 84.23%
INFO - 09/13/26 23:41:57 - 0:16:53 - Epoch 314: train_loss=0.4895775020122528, train_acc= 83.69%
INFO - 09/13/26 23:41:57 - 0:16:53 - Epoch 315: train_loss=0.4937170147895813, train_acc= 83.86%
INFO - 09/13/26 23:41:57 - 0:16:53 - Epoch 315: val_loss=0.5486207008361816, val_acc= 82.78%,val_weighted_f1= 82.74,val_macro_f1= 80.26%
INFO - 09/13/26 23:41:58 - 0:16:53 - Epoch 316: train_loss=0.4970048666000366, train_acc= 83.69%
INFO - 09/13/26 23:41:58 - 0:16:53 - Epoch 317: train_loss=0.4942241609096527, train_acc= 83.88%
INFO - 09/13/26 23:41:58 - 0:16:54 - Epoch 318: train_loss=0.49115198850631714, train_acc= 84.05%
INFO - 09/13/26 23:41:58 - 0:16:54 - Epoch 319: train_loss=0.49252083897590637, train_acc= 83.54%
INFO - 09/13/26 23:41:58 - 0:16:54 - Epoch 320: train_loss=0.49073800444602966, train_acc= 84.01%
INFO - 09/13/26 23:41:59 - 0:16:54 - Epoch 320: val_loss=0.5463618636131287, val_acc= 82.74%,val_weighted_f1= 82.74,val_macro_f1= 80.28%
EarlyStopping counter: 1 out of 15
INFO - 09/13/26 23:41:59 - 0:16:54 - Epoch 321: train_loss=0.49255427718162537, train_acc= 83.89%
INFO - 09/13/26 23:41:59 - 0:16:54 - Epoch 322: train_loss=0.4891359806060791, train_acc= 83.75%
INFO - 09/13/26 23:41:59 - 0:16:55 - Epoch 323: train_loss=0.4876630902290344, train_acc= 84.12%
INFO - 09/13/26 23:41:59 - 0:16:55 - Epoch 324: train_loss=0.4894082546234131, train_acc= 83.99%
INFO - 09/13/26 23:42:00 - 0:16:55 - Epoch 325: train_loss=0.4891197085380554, train_acc= 83.46%
INFO - 09/13/26 23:42:00 - 0:16:55 - Epoch 325: val_loss=0.5455759167671204, val_acc= 82.99%,val_weighted_f1= 83.00,val_macro_f1= 80.60%
INFO - 09/13/26 23:42:00 - 0:16:55 - Epoch 326: train_loss=0.4866507351398468, train_acc= 84.01%
INFO - 09/13/26 23:42:00 - 0:16:56 - Epoch 327: train_loss=0.48439139127731323, train_acc= 84.19%
INFO - 09/13/26 23:42:00 - 0:16:56 - Epoch 328: train_loss=0.49260595440864563, train_acc= 83.92%
INFO - 09/13/26 23:42:00 - 0:16:56 - Epoch 329: train_loss=0.4845820367336273, train_acc= 84.09%
INFO - 09/13/26 23:42:01 - 0:16:56 - Epoch 330: train_loss=0.48244789242744446, train_acc= 84.09%
INFO - 09/13/26 23:42:01 - 0:16:56 - Epoch 330: val_loss=0.5452965497970581, val_acc= 82.91%,val_weighted_f1= 82.87,val_macro_f1= 80.44%
EarlyStopping counter: 1 out of 15
INFO - 09/13/26 23:42:01 - 0:16:56 - Epoch 331: train_loss=0.48343971371650696, train_acc= 84.15%
INFO - 09/13/26 23:42:01 - 0:16:57 - Epoch 332: train_loss=0.48142746090888977, train_acc= 84.50%
INFO - 09/13/26 23:42:01 - 0:16:57 - Epoch 333: train_loss=0.48180311918258667, train_acc= 84.36%
INFO - 09/13/26 23:42:01 - 0:16:57 - Epoch 334: train_loss=0.4786025583744049, train_acc= 84.12%
INFO - 09/13/26 23:42:02 - 0:16:57 - Epoch 335: train_loss=0.47687655687332153, train_acc= 84.76%
INFO - 09/13/26 23:42:02 - 0:16:57 - Epoch 335: val_loss=0.5439042448997498, val_acc= 82.95%,val_weighted_f1= 82.95,val_macro_f1= 80.50%
EarlyStopping counter: 2 out of 15
INFO - 09/13/26 23:42:02 - 0:16:58 - Epoch 336: train_loss=0.4794270694255829, train_acc= 84.26%
INFO - 09/13/26 23:42:02 - 0:16:58 - Epoch 337: train_loss=0.4761427640914917, train_acc= 84.53%
INFO - 09/13/26 23:42:02 - 0:16:58 - Epoch 338: train_loss=0.48123177886009216, train_acc= 84.03%
INFO - 09/13/26 23:42:03 - 0:16:58 - Epoch 339: train_loss=0.47270986437797546, train_acc= 84.79%
INFO - 09/13/26 23:42:03 - 0:16:58 - Epoch 340: train_loss=0.4775197207927704, train_acc= 84.42%
INFO - 09/13/26 23:42:03 - 0:16:58 - Epoch 340: val_loss=0.5436246991157532, val_acc= 83.08%,val_weighted_f1= 83.04,val_macro_f1= 80.74%
INFO - 09/13/26 23:42:03 - 0:16:59 - Epoch 341: train_loss=0.48021525144577026, train_acc= 84.18%
INFO - 09/13/26 23:42:03 - 0:16:59 - Epoch 342: train_loss=0.48312753438949585, train_acc= 83.83%
INFO - 09/13/26 23:42:03 - 0:16:59 - Epoch 343: train_loss=0.4767308831214905, train_acc= 84.38%
INFO - 09/13/26 23:42:04 - 0:16:59 - Epoch 344: train_loss=0.4734409749507904, train_acc= 84.77%
INFO - 09/13/26 23:42:04 - 0:16:59 - Epoch 345: train_loss=0.477725088596344, train_acc= 84.52%
INFO - 09/13/26 23:42:04 - 0:17:00 - Epoch 345: val_loss=0.5409066081047058, val_acc= 82.95%,val_weighted_f1= 82.97,val_macro_f1= 80.66%
EarlyStopping counter: 1 out of 15
INFO - 09/13/26 23:42:04 - 0:17:00 - Epoch 346: train_loss=0.47379836440086365, train_acc= 84.26%
INFO - 09/13/26 23:42:04 - 0:17:00 - Epoch 347: train_loss=0.4768752455711365, train_acc= 84.43%
INFO - 09/13/26 23:42:05 - 0:17:00 - Epoch 348: train_loss=0.47678837180137634, train_acc= 84.23%
INFO - 09/13/26 23:42:05 - 0:17:00 - Epoch 349: train_loss=0.48018965125083923, train_acc= 84.55%
INFO - 09/13/26 23:42:05 - 0:17:00 - Epoch 350: train_loss=0.4792366027832031, train_acc= 84.12%
INFO - 09/13/26 23:42:05 - 0:17:01 - Epoch 350: val_loss=0.5393962860107422, val_acc= 83.08%,val_weighted_f1= 83.06,val_macro_f1= 80.93%
INFO - 09/13/26 23:42:05 - 0:17:01 - Epoch 351: train_loss=0.4734590947628021, train_acc= 84.52%
INFO - 09/13/26 23:42:05 - 0:17:01 - Epoch 352: train_loss=0.47167402505874634, train_acc= 84.72%
INFO - 09/13/26 23:42:06 - 0:17:01 - Epoch 353: train_loss=0.4719031751155853, train_acc= 84.26%
INFO - 09/13/26 23:42:06 - 0:17:01 - Epoch 354: train_loss=0.4713478982448578, train_acc= 84.40%
INFO - 09/13/26 23:42:06 - 0:17:02 - Epoch 355: train_loss=0.46882760524749756, train_acc= 84.59%
INFO - 09/13/26 23:42:06 - 0:17:02 - Epoch 355: val_loss=0.5374736189842224, val_acc= 83.16%,val_weighted_f1= 83.17,val_macro_f1= 81.05%
INFO - 09/13/26 23:42:06 - 0:17:02 - Epoch 356: train_loss=0.4677215814590454, train_acc= 84.49%
INFO - 09/13/26 23:42:06 - 0:17:02 - Epoch 357: train_loss=0.4699530601501465, train_acc= 84.63%
INFO - 09/13/26 23:42:07 - 0:17:02 - Epoch 358: train_loss=0.46620994806289673, train_acc= 84.65%
INFO - 09/13/26 23:42:07 - 0:17:02 - Epoch 359: train_loss=0.47076261043548584, train_acc= 84.40%
INFO - 09/13/26 23:42:07 - 0:17:03 - Epoch 360: train_loss=0.46610069274902344, train_acc= 84.90%
INFO - 09/13/26 23:42:07 - 0:17:03 - Epoch 360: val_loss=0.5376480221748352, val_acc= 83.21%,val_weighted_f1= 83.21,val_macro_f1= 81.05%
INFO - 09/13/26 23:42:07 - 0:17:03 - Epoch 361: train_loss=0.4695727527141571, train_acc= 84.57%
INFO - 09/13/26 23:42:08 - 0:17:03 - Epoch 362: train_loss=0.46789103746414185, train_acc= 84.67%
INFO - 09/13/26 23:42:08 - 0:17:03 - Epoch 363: train_loss=0.4671788811683655, train_acc= 84.59%
INFO - 09/13/26 23:42:08 - 0:17:04 - Epoch 364: train_loss=0.46616435050964355, train_acc= 84.70%
INFO - 09/13/26 23:42:08 - 0:17:04 - Epoch 365: train_loss=0.4703620970249176, train_acc= 84.67%
INFO - 09/13/26 23:42:08 - 0:17:04 - Epoch 365: val_loss=0.5356701016426086, val_acc= 83.08%,val_weighted_f1= 83.05,val_macro_f1= 80.97%
EarlyStopping counter: 1 out of 15
INFO - 09/13/26 23:42:08 - 0:17:04 - Epoch 366: train_loss=0.46016713976860046, train_acc= 84.67%
INFO - 09/13/26 23:42:09 - 0:17:04 - Epoch 367: train_loss=0.4600479304790497, train_acc= 84.66%
INFO - 09/13/26 23:42:09 - 0:17:04 - Epoch 368: train_loss=0.4612657427787781, train_acc= 84.65%
INFO - 09/13/26 23:42:09 - 0:17:05 - Epoch 369: train_loss=0.46344125270843506, train_acc= 85.17%
INFO - 09/13/26 23:42:09 - 0:17:05 - Epoch 370: train_loss=0.470093697309494, train_acc= 84.33%
INFO - 09/13/26 23:42:09 - 0:17:05 - Epoch 370: val_loss=0.534881055355072, val_acc= 83.33%,val_weighted_f1= 83.33,val_macro_f1= 81.22%
INFO - 09/13/26 23:42:09 - 0:17:05 - Epoch 371: train_loss=0.46493762731552124, train_acc= 85.04%
INFO - 09/13/26 23:42:10 - 0:17:05 - Epoch 372: train_loss=0.4640676975250244, train_acc= 84.72%
INFO - 09/13/26 23:42:10 - 0:17:05 - Epoch 373: train_loss=0.45786139369010925, train_acc= 85.36%
INFO - 09/13/26 23:42:10 - 0:17:06 - Epoch 374: train_loss=0.4654124677181244, train_acc= 84.66%
INFO - 09/13/26 23:42:10 - 0:17:06 - Epoch 375: train_loss=0.46355128288269043, train_acc= 84.77%
INFO - 09/13/26 23:42:10 - 0:17:06 - Epoch 375: val_loss=0.5333815813064575, val_acc= 83.33%,val_weighted_f1= 83.33,val_macro_f1= 81.17%
INFO - 09/13/26 23:42:11 - 0:17:06 - Epoch 376: train_loss=0.45693135261535645, train_acc= 85.00%
INFO - 09/13/26 23:42:11 - 0:17:06 - Epoch 377: train_loss=0.46093231439590454, train_acc= 84.87%
INFO - 09/13/26 23:42:11 - 0:17:07 - Epoch 378: train_loss=0.4569377899169922, train_acc= 85.14%
INFO - 09/13/26 23:42:11 - 0:17:07 - Epoch 379: train_loss=0.45638635754585266, train_acc= 85.03%
INFO - 09/13/26 23:42:11 - 0:17:07 - Epoch 380: train_loss=0.4643309414386749, train_acc= 84.72%
INFO - 09/13/26 23:42:11 - 0:17:07 - Epoch 380: val_loss=0.5312144756317139, val_acc= 83.42%,val_weighted_f1= 83.42,val_macro_f1= 81.25%
INFO - 09/13/26 23:42:12 - 0:17:07 - Epoch 381: train_loss=0.4515243470668793, train_acc= 84.93%
INFO - 09/13/26 23:42:12 - 0:17:07 - Epoch 382: train_loss=0.456588476896286, train_acc= 85.04%
INFO - 09/13/26 23:42:12 - 0:17:08 - Epoch 383: train_loss=0.4570632874965668, train_acc= 84.95%
INFO - 09/13/26 23:42:12 - 0:17:08 - Epoch 384: train_loss=0.4611835479736328, train_acc= 84.79%
INFO - 09/13/26 23:42:12 - 0:17:08 - Epoch 385: train_loss=0.4585157632827759, train_acc= 84.93%
INFO - 09/13/26 23:42:13 - 0:17:08 - Epoch 385: val_loss=0.5313276648521423, val_acc= 83.59%,val_weighted_f1= 83.57,val_macro_f1= 81.45%
INFO - 09/13/26 23:42:13 - 0:17:08 - Epoch 386: train_loss=0.455397367477417, train_acc= 85.30%
INFO - 09/13/26 23:42:13 - 0:17:09 - Epoch 387: train_loss=0.4575197994709015, train_acc= 85.04%
INFO - 09/13/26 23:42:13 - 0:17:09 - Epoch 388: train_loss=0.458034873008728, train_acc= 84.90%
INFO - 09/13/26 23:42:13 - 0:17:09 - Epoch 389: train_loss=0.45217615365982056, train_acc= 85.12%
INFO - 09/13/26 23:42:13 - 0:17:09 - Epoch 390: train_loss=0.4528328478336334, train_acc= 85.07%
INFO - 09/13/26 23:42:14 - 0:17:09 - Epoch 390: val_loss=0.5298764705657959, val_acc= 83.55%,val_weighted_f1= 83.54,val_macro_f1= 81.29%
EarlyStopping counter: 1 out of 15
INFO - 09/13/26 23:42:14 - 0:17:09 - Epoch 391: train_loss=0.4568176865577698, train_acc= 85.23%
INFO - 09/13/26 23:42:14 - 0:17:10 - Epoch 392: train_loss=0.45190247893333435, train_acc= 85.54%
INFO - 09/13/26 23:42:14 - 0:17:10 - Epoch 393: train_loss=0.4493579566478729, train_acc= 85.40%
INFO - 09/13/26 23:42:14 - 0:17:10 - Epoch 394: train_loss=0.443807989358902, train_acc= 85.17%
INFO - 09/13/26 23:42:15 - 0:17:10 - Epoch 395: train_loss=0.44537073373794556, train_acc= 85.49%
INFO - 09/13/26 23:42:15 - 0:17:10 - Epoch 395: val_loss=0.5301146507263184, val_acc= 83.46%,val_weighted_f1= 83.42,val_macro_f1= 81.19%
EarlyStopping counter: 2 out of 15
INFO - 09/13/26 23:42:15 - 0:17:10 - Epoch 396: train_loss=0.44810715317726135, train_acc= 85.33%
INFO - 09/13/26 23:42:15 - 0:17:11 - Epoch 397: train_loss=0.4548429846763611, train_acc= 85.19%
INFO - 09/13/26 23:42:15 - 0:17:11 - Epoch 398: train_loss=0.45318707823753357, train_acc= 84.92%
INFO - 09/13/26 23:42:15 - 0:17:11 - Epoch 399: train_loss=0.4491395354270935, train_acc= 85.49%
INFO - 09/13/26 23:42:16 - 0:17:11 - Epoch 400: train_loss=0.45248842239379883, train_acc= 85.33%
INFO - 09/13/26 23:42:16 - 0:17:11 - Epoch 400: val_loss=0.5280040502548218, val_acc= 83.55%,val_weighted_f1= 83.52,val_macro_f1= 81.30%
EarlyStopping counter: 3 out of 15
INFO - 09/13/26 23:42:16 - 0:17:12 - Epoch 401: train_loss=0.45192936062812805, train_acc= 85.47%
INFO - 09/13/26 23:42:16 - 0:17:12 - Epoch 402: train_loss=0.44738346338272095, train_acc= 85.71%
INFO - 09/13/26 23:42:16 - 0:17:12 - Epoch 403: train_loss=0.4443958103656769, train_acc= 85.61%
INFO - 09/13/26 23:42:17 - 0:17:12 - Epoch 404: train_loss=0.44631436467170715, train_acc= 85.50%
INFO - 09/13/26 23:42:17 - 0:17:12 - Epoch 405: train_loss=0.44468820095062256, train_acc= 85.29%
INFO - 09/13/26 23:42:17 - 0:17:12 - Epoch 405: val_loss=0.5280031561851501, val_acc= 83.42%,val_weighted_f1= 83.40,val_macro_f1= 81.29%
EarlyStopping counter: 4 out of 15
INFO - 09/13/26 23:42:17 - 0:17:13 - Epoch 406: train_loss=0.4547742009162903, train_acc= 84.90%
INFO - 09/13/26 23:42:17 - 0:17:13 - Epoch 407: train_loss=0.44551700353622437, train_acc= 85.83%
INFO - 09/13/26 23:42:17 - 0:17:13 - Epoch 408: train_loss=0.4478795528411865, train_acc= 85.43%
INFO - 09/13/26 23:42:18 - 0:17:13 - Epoch 409: train_loss=0.4484056830406189, train_acc= 85.42%
INFO - 09/13/26 23:42:18 - 0:17:13 - Epoch 410: train_loss=0.44364088773727417, train_acc= 85.63%
INFO - 09/13/26 23:42:18 - 0:17:13 - Epoch 410: val_loss=0.526585042476654, val_acc= 83.29%,val_weighted_f1= 83.29,val_macro_f1= 81.12%
EarlyStopping counter: 5 out of 15
INFO - 09/13/26 23:42:18 - 0:17:14 - Epoch 411: train_loss=0.44469916820526123, train_acc= 85.54%
INFO - 09/13/26 23:42:18 - 0:17:14 - Epoch 412: train_loss=0.4426102936267853, train_acc= 85.50%
INFO - 09/13/26 23:42:18 - 0:17:14 - Epoch 413: train_loss=0.4376126527786255, train_acc= 85.54%
INFO - 09/13/26 23:42:19 - 0:17:14 - Epoch 414: train_loss=0.442850261926651, train_acc= 85.61%
INFO - 09/13/26 23:42:19 - 0:17:14 - Epoch 415: train_loss=0.4384842813014984, train_acc= 85.74%
INFO - 09/13/26 23:42:19 - 0:17:15 - Epoch 415: val_loss=0.5267589092254639, val_acc= 83.46%,val_weighted_f1= 83.44,val_macro_f1= 81.16%
EarlyStopping counter: 6 out of 15
INFO - 09/13/26 23:42:19 - 0:17:15 - Epoch 416: train_loss=0.44105494022369385, train_acc= 85.81%
INFO - 09/13/26 23:42:19 - 0:17:15 - Epoch 417: train_loss=0.43892210721969604, train_acc= 85.71%
INFO - 09/13/26 23:42:20 - 0:17:15 - Epoch 418: train_loss=0.4382975101470947, train_acc= 85.49%
INFO - 09/13/26 23:42:20 - 0:17:15 - Epoch 419: train_loss=0.4389144778251648, train_acc= 85.59%
INFO - 09/13/26 23:42:20 - 0:17:16 - Epoch 420: train_loss=0.4419418275356293, train_acc= 85.50%
INFO - 09/13/26 23:42:20 - 0:17:16 - Epoch 420: val_loss=0.5249090790748596, val_acc= 83.50%,val_weighted_f1= 83.48,val_macro_f1= 81.23%
EarlyStopping counter: 7 out of 15
INFO - 09/13/26 23:42:20 - 0:17:16 - Epoch 421: train_loss=0.4358766973018646, train_acc= 85.61%
INFO - 09/13/26 23:42:20 - 0:17:16 - Epoch 422: train_loss=0.43837422132492065, train_acc= 85.53%
INFO - 09/13/26 23:42:21 - 0:17:16 - Epoch 423: train_loss=0.44126445055007935, train_acc= 85.51%
INFO - 09/13/26 23:42:21 - 0:17:16 - Epoch 424: train_loss=0.44143417477607727, train_acc= 85.60%
INFO - 09/13/26 23:42:21 - 0:17:17 - Epoch 425: train_loss=0.4411432147026062, train_acc= 85.59%
INFO - 09/13/26 23:42:21 - 0:17:17 - Epoch 425: val_loss=0.5239114165306091, val_acc= 83.59%,val_weighted_f1= 83.61,val_macro_f1= 81.49%
INFO - 09/13/26 23:42:21 - 0:17:17 - Epoch 426: train_loss=0.43249717354774475, train_acc= 85.67%
INFO - 09/13/26 23:42:22 - 0:17:17 - Epoch 427: train_loss=0.4368317723274231, train_acc= 85.79%
INFO - 09/13/26 23:42:22 - 0:17:17 - Epoch 428: train_loss=0.43349069356918335, train_acc= 85.74%
INFO - 09/13/26 23:42:22 - 0:17:18 - Epoch 429: train_loss=0.43377187848091125, train_acc= 85.56%
INFO - 09/13/26 23:42:22 - 0:17:18 - Epoch 430: train_loss=0.43143701553344727, train_acc= 85.64%
INFO - 09/13/26 23:42:22 - 0:17:18 - Epoch 430: val_loss=0.5239955186843872, val_acc= 83.59%,val_weighted_f1= 83.59,val_macro_f1= 81.44%
INFO - 09/13/26 23:42:22 - 0:17:18 - Epoch 431: train_loss=0.43628162145614624, train_acc= 85.64%
INFO - 09/13/26 23:42:23 - 0:17:18 - Epoch 432: train_loss=0.43164050579071045, train_acc= 85.66%
INFO - 09/13/26 23:42:23 - 0:17:18 - Epoch 433: train_loss=0.432938814163208, train_acc= 85.69%
INFO - 09/13/26 23:42:23 - 0:17:19 - Epoch 434: train_loss=0.4337964355945587, train_acc= 85.74%
INFO - 09/13/26 23:42:23 - 0:17:19 - Epoch 435: train_loss=0.43773534893989563, train_acc= 85.84%
INFO - 09/13/26 23:42:23 - 0:17:19 - Epoch 435: val_loss=0.5264142155647278, val_acc= 83.76%,val_weighted_f1= 83.75,val_macro_f1= 81.45%
INFO - 09/13/26 23:42:24 - 0:17:19 - Epoch 436: train_loss=0.4367378354072571, train_acc= 85.66%
INFO - 09/13/26 23:42:24 - 0:17:19 - Epoch 437: train_loss=0.4303765594959259, train_acc= 86.00%
INFO - 09/13/26 23:42:24 - 0:17:19 - Epoch 438: train_loss=0.43398043513298035, train_acc= 85.53%
INFO - 09/13/26 23:42:24 - 0:17:20 - Epoch 439: train_loss=0.4327501356601715, train_acc= 85.97%
INFO - 09/13/26 23:42:24 - 0:17:20 - Epoch 440: train_loss=0.4341234564781189, train_acc= 85.69%
INFO - 09/13/26 23:42:24 - 0:17:20 - Epoch 440: val_loss=0.5225497484207153, val_acc= 83.63%,val_weighted_f1= 83.65,val_macro_f1= 81.33%
EarlyStopping counter: 1 out of 15
INFO - 09/13/26 23:42:25 - 0:17:20 - Epoch 441: train_loss=0.4329013228416443, train_acc= 85.76%
INFO - 09/13/26 23:42:25 - 0:17:20 - Epoch 442: train_loss=0.4297279715538025, train_acc= 85.98%
INFO - 09/13/26 23:42:25 - 0:17:21 - Epoch 443: train_loss=0.43193957209587097, train_acc= 85.81%
INFO - 09/13/26 23:42:25 - 0:17:21 - Epoch 444: train_loss=0.4261966347694397, train_acc= 85.91%
INFO - 09/13/26 23:42:25 - 0:17:21 - Epoch 445: train_loss=0.433057963848114, train_acc= 85.74%
INFO - 09/13/26 23:42:26 - 0:17:21 - Epoch 445: val_loss=0.5216898918151855, val_acc= 83.68%,val_weighted_f1= 83.69,val_macro_f1= 81.56%
EarlyStopping counter: 2 out of 15
INFO - 09/13/26 23:42:26 - 0:17:21 - Epoch 446: train_loss=0.43179386854171753, train_acc= 85.91%
INFO - 09/13/26 23:42:26 - 0:17:21 - Epoch 447: train_loss=0.4274247884750366, train_acc= 86.04%
INFO - 09/13/26 23:42:26 - 0:17:22 - Epoch 448: train_loss=0.4349824786186218, train_acc= 85.90%
INFO - 09/13/26 23:42:26 - 0:17:22 - Epoch 449: train_loss=0.43346455693244934, train_acc= 85.86%
INFO - 09/13/26 23:42:27 - 0:17:22 - Epoch 450: train_loss=0.42940616607666016, train_acc= 85.93%
INFO - 09/13/26 23:42:27 - 0:17:22 - Epoch 450: val_loss=0.5218631625175476, val_acc= 83.50%,val_weighted_f1= 83.53,val_macro_f1= 81.42%
EarlyStopping counter: 3 out of 15
INFO - 09/13/26 23:42:27 - 0:17:22 - Epoch 451: train_loss=0.4261593222618103, train_acc= 86.00%
INFO - 09/13/26 23:42:27 - 0:17:22 - Epoch 452: train_loss=0.4257642924785614, train_acc= 86.11%
INFO - 09/13/26 23:42:27 - 0:17:23 - Epoch 453: train_loss=0.42119067907333374, train_acc= 86.20%
INFO - 09/13/26 23:42:27 - 0:17:23 - Epoch 454: train_loss=0.42196381092071533, train_acc= 85.98%
INFO - 09/13/26 23:42:28 - 0:17:23 - Epoch 455: train_loss=0.42622891068458557, train_acc= 85.90%
INFO - 09/13/26 23:42:28 - 0:17:23 - Epoch 455: val_loss=0.5215249061584473, val_acc= 83.89%,val_weighted_f1= 83.89,val_macro_f1= 81.78%
INFO - 09/13/26 23:42:28 - 0:17:23 - Epoch 456: train_loss=0.42456260323524475, train_acc= 86.03%
INFO - 09/13/26 23:42:28 - 0:17:24 - Epoch 457: train_loss=0.4259415566921234, train_acc= 85.97%
INFO - 09/13/26 23:42:28 - 0:17:24 - Epoch 458: train_loss=0.4199078381061554, train_acc= 85.76%
INFO - 09/13/26 23:42:28 - 0:17:24 - Epoch 459: train_loss=0.42203330993652344, train_acc= 86.01%
INFO - 09/13/26 23:42:29 - 0:17:24 - Epoch 460: train_loss=0.42943230271339417, train_acc= 85.66%
INFO - 09/13/26 23:42:29 - 0:17:24 - Epoch 460: val_loss=0.5224916338920593, val_acc= 83.89%,val_weighted_f1= 83.89,val_macro_f1= 81.70%
INFO - 09/13/26 23:42:29 - 0:17:24 - Epoch 461: train_loss=0.42097553610801697, train_acc= 86.60%
INFO - 09/13/26 23:42:29 - 0:17:25 - Epoch 462: train_loss=0.42618271708488464, train_acc= 85.96%
INFO - 09/13/26 23:42:29 - 0:17:25 - Epoch 463: train_loss=0.42189499735832214, train_acc= 86.30%
INFO - 09/13/26 23:42:30 - 0:17:25 - Epoch 464: train_loss=0.4244198501110077, train_acc= 85.91%
INFO - 09/13/26 23:42:30 - 0:17:25 - Epoch 465: train_loss=0.4206675887107849, train_acc= 86.61%
INFO - 09/13/26 23:42:30 - 0:17:25 - Epoch 465: val_loss=0.5208188891410828, val_acc= 84.10%,val_weighted_f1= 84.09,val_macro_f1= 82.12%
INFO - 09/13/26 23:42:30 - 0:17:26 - Epoch 466: train_loss=0.42475825548171997, train_acc= 86.04%
INFO - 09/13/26 23:42:30 - 0:17:26 - Epoch 467: train_loss=0.42114606499671936, train_acc= 86.08%
INFO - 09/13/26 23:42:30 - 0:17:26 - Epoch 468: train_loss=0.4210854172706604, train_acc= 86.36%
INFO - 09/13/26 23:42:31 - 0:17:26 - Epoch 469: train_loss=0.41711005568504333, train_acc= 86.54%
INFO - 09/13/26 23:42:31 - 0:17:26 - Epoch 470: train_loss=0.41813352704048157, train_acc= 86.11%
INFO - 09/13/26 23:42:31 - 0:17:26 - Epoch 470: val_loss=0.5198265910148621, val_acc= 83.97%,val_weighted_f1= 84.01,val_macro_f1= 82.10%
EarlyStopping counter: 1 out of 15
INFO - 09/13/26 23:42:31 - 0:17:27 - Epoch 471: train_loss=0.4205015301704407, train_acc= 85.94%
INFO - 09/13/26 23:42:31 - 0:17:27 - Epoch 472: train_loss=0.418722003698349, train_acc= 86.27%
INFO - 09/13/26 23:42:32 - 0:17:27 - Epoch 473: train_loss=0.4194609224796295, train_acc= 85.83%
INFO - 09/13/26 23:42:32 - 0:17:27 - Epoch 474: train_loss=0.41858652234077454, train_acc= 86.13%
INFO - 09/13/26 23:42:32 - 0:17:27 - Epoch 475: train_loss=0.41177132725715637, train_acc= 86.38%
INFO - 09/13/26 23:42:32 - 0:17:27 - Epoch 475: val_loss=0.5196029543876648, val_acc= 83.89%,val_weighted_f1= 83.90,val_macro_f1= 81.86%
EarlyStopping counter: 2 out of 15
INFO - 09/13/26 23:42:32 - 0:17:28 - Epoch 476: train_loss=0.4207450747489929, train_acc= 86.08%
INFO - 09/13/26 23:42:32 - 0:17:28 - Epoch 477: train_loss=0.4178767800331116, train_acc= 86.13%
INFO - 09/13/26 23:42:33 - 0:17:28 - Epoch 478: train_loss=0.41860896348953247, train_acc= 86.33%
INFO - 09/13/26 23:42:33 - 0:17:28 - Epoch 479: train_loss=0.4170570373535156, train_acc= 86.14%
INFO - 09/13/26 23:42:33 - 0:17:28 - Epoch 480: train_loss=0.41309651732444763, train_acc= 86.37%
INFO - 09/13/26 23:42:33 - 0:17:29 - Epoch 480: val_loss=0.5184311270713806, val_acc= 83.89%,val_weighted_f1= 83.89,val_macro_f1= 81.87%
EarlyStopping counter: 3 out of 15
INFO - 09/13/26 23:42:33 - 0:17:29 - Epoch 481: train_loss=0.4159795641899109, train_acc= 86.37%
INFO - 09/13/26 23:42:33 - 0:17:29 - Epoch 482: train_loss=0.4044930934906006, train_acc= 86.54%
INFO - 09/13/26 23:42:34 - 0:17:29 - Epoch 483: train_loss=0.410473108291626, train_acc= 86.31%
INFO - 09/13/26 23:42:34 - 0:17:29 - Epoch 484: train_loss=0.40946054458618164, train_acc= 86.60%
INFO - 09/13/26 23:42:34 - 0:17:30 - Epoch 485: train_loss=0.41264307498931885, train_acc= 86.41%
INFO - 09/13/26 23:42:34 - 0:17:30 - Epoch 485: val_loss=0.5188957452774048, val_acc= 83.89%,val_weighted_f1= 83.90,val_macro_f1= 81.97%
EarlyStopping counter: 4 out of 15
INFO - 09/13/26 23:42:34 - 0:17:30 - Epoch 486: train_loss=0.4084562063217163, train_acc= 86.61%
INFO - 09/13/26 23:42:35 - 0:17:30 - Epoch 487: train_loss=0.4128124713897705, train_acc= 86.31%
INFO - 09/13/26 23:42:35 - 0:17:30 - Epoch 488: train_loss=0.4142846167087555, train_acc= 86.36%
INFO - 09/13/26 23:42:35 - 0:17:30 - Epoch 489: train_loss=0.4065621793270111, train_acc= 86.63%
INFO - 09/13/26 23:42:35 - 0:17:31 - Epoch 490: train_loss=0.40748149156570435, train_acc= 86.81%
INFO - 09/13/26 23:42:35 - 0:17:31 - Epoch 490: val_loss=0.5190060138702393, val_acc= 83.93%,val_weighted_f1= 83.94,val_macro_f1= 82.05%
EarlyStopping counter: 5 out of 15
INFO - 09/13/26 23:42:35 - 0:17:31 - Epoch 491: train_loss=0.41078007221221924, train_acc= 86.58%
INFO - 09/13/26 23:42:36 - 0:17:31 - Epoch 492: train_loss=0.412980318069458, train_acc= 86.34%
INFO - 09/13/26 23:42:36 - 0:17:31 - Epoch 493: train_loss=0.4075617790222168, train_acc= 86.77%
INFO - 09/13/26 23:42:36 - 0:17:31 - Epoch 494: train_loss=0.4043213427066803, train_acc= 86.68%
INFO - 09/13/26 23:42:36 - 0:17:32 - Epoch 495: train_loss=0.40376999974250793, train_acc= 86.60%
INFO - 09/13/26 23:42:36 - 0:17:32 - Epoch 495: val_loss=0.5181934833526611, val_acc= 83.97%,val_weighted_f1= 84.00,val_macro_f1= 81.99%
EarlyStopping counter: 6 out of 15
INFO - 09/13/26 23:42:37 - 0:17:32 - Epoch 496: train_loss=0.4078463613986969, train_acc= 86.65%
INFO - 09/13/26 23:42:37 - 0:17:32 - Epoch 497: train_loss=0.4091911017894745, train_acc= 86.81%
INFO - 09/13/26 23:42:37 - 0:17:32 - Epoch 498: train_loss=0.40648406744003296, train_acc= 86.65%
INFO - 09/13/26 23:42:37 - 0:17:33 - Epoch 499: train_loss=0.40535181760787964, train_acc= 86.58%
INFO - 09/13/26 23:42:37 - 0:17:33 - Epoch 500: train_loss=0.4059180021286011, train_acc= 86.51%
INFO - 09/13/26 23:42:37 - 0:17:33 - Epoch 500: val_loss=0.5188878774642944, val_acc= 84.10%,val_weighted_f1= 84.12,val_macro_f1= 82.21%
INFO - 09/13/26 23:42:38 - 0:17:33 - Epoch 501: train_loss=0.404277503490448, train_acc= 87.02%
INFO - 09/13/26 23:42:38 - 0:17:33 - Epoch 502: train_loss=0.40992340445518494, train_acc= 86.55%
INFO - 09/13/26 23:42:38 - 0:17:33 - Epoch 503: train_loss=0.40115511417388916, train_acc= 87.10%
INFO - 09/13/26 23:42:38 - 0:17:34 - Epoch 504: train_loss=0.4028368592262268, train_acc= 86.63%
INFO - 09/13/26 23:42:38 - 0:17:34 - Epoch 505: train_loss=0.40776073932647705, train_acc= 86.38%
INFO - 09/13/26 23:42:38 - 0:17:34 - Epoch 505: val_loss=0.5175681114196777, val_acc= 84.15%,val_weighted_f1= 84.16,val_macro_f1= 82.19%
INFO - 09/13/26 23:42:39 - 0:17:34 - Epoch 506: train_loss=0.40210017561912537, train_acc= 86.77%
INFO - 09/13/26 23:42:39 - 0:17:34 - Epoch 507: train_loss=0.40262916684150696, train_acc= 86.88%
INFO - 09/13/26 23:42:39 - 0:17:35 - Epoch 508: train_loss=0.40621960163116455, train_acc= 86.53%
INFO - 09/13/26 23:42:39 - 0:17:35 - Epoch 509: train_loss=0.40489962697029114, train_acc= 86.45%
INFO - 09/13/26 23:42:39 - 0:17:35 - Epoch 510: train_loss=0.4049726724624634, train_acc= 86.51%
INFO - 09/13/26 23:42:40 - 0:17:35 - Epoch 510: val_loss=0.5171003937721252, val_acc= 84.15%,val_weighted_f1= 84.16,val_macro_f1= 82.25%
INFO - 09/13/26 23:42:40 - 0:17:35 - Epoch 511: train_loss=0.3991056978702545, train_acc= 86.61%
INFO - 09/13/26 23:42:40 - 0:17:35 - Epoch 512: train_loss=0.3953612744808197, train_acc= 86.68%
INFO - 09/13/26 23:42:40 - 0:17:36 - Epoch 513: train_loss=0.3973144292831421, train_acc= 86.84%
INFO - 09/13/26 23:42:40 - 0:17:36 - Epoch 514: train_loss=0.3974359929561615, train_acc= 86.92%
INFO - 09/13/26 23:42:41 - 0:17:36 - Epoch 515: train_loss=0.4012788236141205, train_acc= 86.81%
INFO - 09/13/26 23:42:41 - 0:17:36 - Epoch 515: val_loss=0.5171295404434204, val_acc= 84.23%,val_weighted_f1= 84.25,val_macro_f1= 82.30%
INFO - 09/13/26 23:42:41 - 0:17:36 - Epoch 516: train_loss=0.40136298537254333, train_acc= 86.74%
INFO - 09/13/26 23:42:41 - 0:17:36 - Epoch 517: train_loss=0.39986541867256165, train_acc= 86.78%
INFO - 09/13/26 23:42:41 - 0:17:37 - Epoch 518: train_loss=0.3977474570274353, train_acc= 86.80%
INFO - 09/13/26 23:42:41 - 0:17:37 - Epoch 519: train_loss=0.3964550197124481, train_acc= 86.95%
INFO - 09/13/26 23:42:42 - 0:17:37 - Epoch 520: train_loss=0.3994516432285309, train_acc= 86.95%
INFO - 09/13/26 23:42:42 - 0:17:37 - Epoch 520: val_loss=0.5185239315032959, val_acc= 84.23%,val_weighted_f1= 84.25,val_macro_f1= 82.28%
INFO - 09/13/26 23:42:42 - 0:17:37 - Epoch 521: train_loss=0.40195268392562866, train_acc= 86.73%
INFO - 09/13/26 23:42:42 - 0:17:38 - Epoch 522: train_loss=0.40275076031684875, train_acc= 86.74%
INFO - 09/13/26 23:42:42 - 0:17:38 - Epoch 523: train_loss=0.3977245092391968, train_acc= 86.85%
INFO - 09/13/26 23:42:42 - 0:17:38 - Epoch 524: train_loss=0.40400269627571106, train_acc= 86.58%
INFO - 09/13/26 23:42:43 - 0:17:38 - Epoch 525: train_loss=0.3888503313064575, train_acc= 87.20%
INFO - 09/13/26 23:42:43 - 0:17:38 - Epoch 525: val_loss=0.5177571177482605, val_acc= 84.15%,val_weighted_f1= 84.17,val_macro_f1= 82.20%
EarlyStopping counter: 1 out of 15
INFO - 09/13/26 23:42:43 - 0:17:38 - Epoch 526: train_loss=0.39013737440109253, train_acc= 87.00%
INFO - 09/13/26 23:42:43 - 0:17:39 - Epoch 527: train_loss=0.3967684209346771, train_acc= 86.95%
INFO - 09/13/26 23:42:43 - 0:17:39 - Epoch 528: train_loss=0.3914317786693573, train_acc= 87.04%
INFO - 09/13/26 23:42:44 - 0:17:39 - Epoch 529: train_loss=0.39315634965896606, train_acc= 86.78%
INFO - 09/13/26 23:42:44 - 0:17:39 - Epoch 530: train_loss=0.39521899819374084, train_acc= 87.10%
INFO - 09/13/26 23:42:44 - 0:17:39 - Epoch 530: val_loss=0.5191025137901306, val_acc= 84.06%,val_weighted_f1= 84.09,val_macro_f1= 82.17%
EarlyStopping counter: 2 out of 15
INFO - 09/13/26 23:42:44 - 0:17:39 - Epoch 531: train_loss=0.39605212211608887, train_acc= 86.95%
INFO - 09/13/26 23:42:44 - 0:17:40 - Epoch 532: train_loss=0.3972814977169037, train_acc= 86.88%
INFO - 09/13/26 23:42:44 - 0:17:40 - Epoch 533: train_loss=0.39021265506744385, train_acc= 87.07%
INFO - 09/13/26 23:42:45 - 0:17:40 - Epoch 534: train_loss=0.39258313179016113, train_acc= 87.05%
INFO - 09/13/26 23:42:45 - 0:17:40 - Epoch 535: train_loss=0.39668360352516174, train_acc= 87.00%
INFO - 09/13/26 23:42:45 - 0:17:40 - Epoch 535: val_loss=0.5193657279014587, val_acc= 84.23%,val_weighted_f1= 84.28,val_macro_f1= 82.28%
INFO - 09/13/26 23:42:45 - 0:17:41 - Epoch 536: train_loss=0.3990713059902191, train_acc= 86.60%
INFO - 09/13/26 23:42:45 - 0:17:41 - Epoch 537: train_loss=0.39114314317703247, train_acc= 86.91%
INFO - 09/13/26 23:42:45 - 0:17:41 - Epoch 538: train_loss=0.39167582988739014, train_acc= 87.27%
INFO - 09/13/26 23:42:46 - 0:17:41 - Epoch 539: train_loss=0.38976481556892395, train_acc= 87.01%
INFO - 09/13/26 23:42:46 - 0:17:41 - Epoch 540: train_loss=0.3846277892589569, train_acc= 87.64%
INFO - 09/13/26 23:42:46 - 0:17:41 - Epoch 540: val_loss=0.5170687437057495, val_acc= 84.40%,val_weighted_f1= 84.45,val_macro_f1= 82.41%
INFO - 09/13/26 23:42:46 - 0:17:42 - Epoch 541: train_loss=0.38993650674819946, train_acc= 87.21%
INFO - 09/13/26 23:42:46 - 0:17:42 - Epoch 542: train_loss=0.38877296447753906, train_acc= 87.14%
INFO - 09/13/26 23:42:47 - 0:17:42 - Epoch 543: train_loss=0.390276163816452, train_acc= 87.05%
INFO - 09/13/26 23:42:47 - 0:17:42 - Epoch 544: train_loss=0.38835397362709045, train_acc= 86.98%
INFO - 09/13/26 23:42:47 - 0:17:42 - Epoch 545: train_loss=0.3839796483516693, train_acc= 87.28%
INFO - 09/13/26 23:42:47 - 0:17:43 - Epoch 545: val_loss=0.518369197845459, val_acc= 84.15%,val_weighted_f1= 84.16,val_macro_f1= 82.35%
EarlyStopping counter: 1 out of 15
INFO - 09/13/26 23:42:47 - 0:17:43 - Epoch 546: train_loss=0.3896993398666382, train_acc= 87.11%
INFO - 09/13/26 23:42:47 - 0:17:43 - Epoch 547: train_loss=0.3873452842235565, train_acc= 87.30%
INFO - 09/13/26 23:42:48 - 0:17:43 - Epoch 548: train_loss=0.38498345017433167, train_acc= 87.22%
INFO - 09/13/26 23:42:48 - 0:17:43 - Epoch 549: train_loss=0.3930339515209198, train_acc= 87.04%
INFO - 09/13/26 23:42:48 - 0:17:44 - Epoch 550: train_loss=0.38496118783950806, train_acc= 87.12%
INFO - 09/13/26 23:42:48 - 0:17:44 - Epoch 550: val_loss=0.5185534954071045, val_acc= 84.36%,val_weighted_f1= 84.40,val_macro_f1= 82.43%
EarlyStopping counter: 2 out of 15
INFO - 09/13/26 23:42:48 - 0:17:44 - Epoch 551: train_loss=0.39033886790275574, train_acc= 86.81%
INFO - 09/13/26 23:42:49 - 0:17:44 - Epoch 552: train_loss=0.38862180709838867, train_acc= 87.07%
INFO - 09/13/26 23:42:49 - 0:17:44 - Epoch 553: train_loss=0.38812705874443054, train_acc= 87.00%
INFO - 09/13/26 23:42:49 - 0:17:44 - Epoch 554: train_loss=0.3855157792568207, train_acc= 87.35%
INFO - 09/13/26 23:42:49 - 0:17:45 - Epoch 555: train_loss=0.3856140077114105, train_acc= 87.07%
INFO - 09/13/26 23:42:49 - 0:17:45 - Epoch 555: val_loss=0.5183982253074646, val_acc= 84.36%,val_weighted_f1= 84.40,val_macro_f1= 82.62%
EarlyStopping counter: 3 out of 15
INFO - 09/13/26 23:42:49 - 0:17:45 - Epoch 556: train_loss=0.3893996477127075, train_acc= 87.47%
INFO - 09/13/26 23:42:50 - 0:17:45 - Epoch 557: train_loss=0.38332802057266235, train_acc= 87.27%
INFO - 09/13/26 23:42:50 - 0:17:45 - Epoch 558: train_loss=0.37833893299102783, train_acc= 87.00%
INFO - 09/13/26 23:42:50 - 0:17:46 - Epoch 559: train_loss=0.3795483708381653, train_acc= 87.42%
INFO - 09/13/26 23:42:50 - 0:17:46 - Epoch 560: train_loss=0.37902334332466125, train_acc= 87.54%
INFO - 09/13/26 23:42:50 - 0:17:46 - Epoch 560: val_loss=0.5174278616905212, val_acc= 84.27%,val_weighted_f1= 84.28,val_macro_f1= 82.44%
EarlyStopping counter: 4 out of 15
INFO - 09/13/26 23:42:50 - 0:17:46 - Epoch 561: train_loss=0.38554102182388306, train_acc= 87.08%
INFO - 09/13/26 23:42:51 - 0:17:46 - Epoch 562: train_loss=0.38193413615226746, train_acc= 87.48%
INFO - 09/13/26 23:42:51 - 0:17:46 - Epoch 563: train_loss=0.38133445382118225, train_acc= 87.54%
INFO - 09/13/26 23:42:51 - 0:17:47 - Epoch 564: train_loss=0.38352757692337036, train_acc= 87.54%
INFO - 09/13/26 23:42:51 - 0:17:47 - Epoch 565: train_loss=0.3743608295917511, train_acc= 87.38%
INFO - 09/13/26 23:42:51 - 0:17:47 - Epoch 565: val_loss=0.5173470973968506, val_acc= 84.23%,val_weighted_f1= 84.23,val_macro_f1= 82.54%
EarlyStopping counter: 5 out of 15
INFO - 09/13/26 23:42:52 - 0:17:47 - Epoch 566: train_loss=0.38413363695144653, train_acc= 87.22%
INFO - 09/13/26 23:42:52 - 0:17:47 - Epoch 567: train_loss=0.3777960538864136, train_acc= 87.15%
INFO - 09/13/26 23:42:52 - 0:17:48 - Epoch 568: train_loss=0.3776622414588928, train_acc= 87.21%
INFO - 09/13/26 23:42:52 - 0:17:48 - Epoch 569: train_loss=0.37810564041137695, train_acc= 87.34%
INFO - 09/13/26 23:42:52 - 0:17:48 - Epoch 570: train_loss=0.3802395164966583, train_acc= 87.31%
INFO - 09/13/26 23:42:52 - 0:17:48 - Epoch 570: val_loss=0.5183089971542358, val_acc= 84.32%,val_weighted_f1= 84.37,val_macro_f1= 82.52%
EarlyStopping counter: 6 out of 15
INFO - 09/13/26 23:42:53 - 0:17:48 - Epoch 571: train_loss=0.37983396649360657, train_acc= 87.28%
INFO - 09/13/26 23:42:53 - 0:17:48 - Epoch 572: train_loss=0.3781488239765167, train_acc= 87.82%
INFO - 09/13/26 23:42:53 - 0:17:49 - Epoch 573: train_loss=0.37813904881477356, train_acc= 87.30%
INFO - 09/13/26 23:42:53 - 0:17:49 - Epoch 574: train_loss=0.37620699405670166, train_acc= 87.49%
INFO - 09/13/26 23:42:53 - 0:17:49 - Epoch 575: train_loss=0.37582311034202576, train_acc= 87.32%
INFO - 09/13/26 23:42:54 - 0:17:49 - Epoch 575: val_loss=0.5163066387176514, val_acc= 84.49%,val_weighted_f1= 84.53,val_macro_f1= 82.76%
INFO - 09/13/26 23:42:54 - 0:17:49 - Epoch 576: train_loss=0.37622764706611633, train_acc= 87.79%
INFO - 09/13/26 23:42:54 - 0:17:49 - Epoch 577: train_loss=0.37837669253349304, train_acc= 87.59%
INFO - 09/13/26 23:42:54 - 0:17:50 - Epoch 578: train_loss=0.38140881061553955, train_acc= 87.35%
INFO - 09/13/26 23:42:54 - 0:17:50 - Epoch 579: train_loss=0.3768884539604187, train_acc= 87.32%
INFO - 09/13/26 23:42:54 - 0:17:50 - Epoch 580: train_loss=0.37331661581993103, train_acc= 87.77%
INFO - 09/13/26 23:42:55 - 0:17:50 - Epoch 580: val_loss=0.5151684880256653, val_acc= 84.32%,val_weighted_f1= 84.33,val_macro_f1= 82.63%
EarlyStopping counter: 1 out of 15
INFO - 09/13/26 23:42:55 - 0:17:50 - Epoch 581: train_loss=0.3729601800441742, train_acc= 87.74%
INFO - 09/13/26 23:42:55 - 0:17:51 - Epoch 582: train_loss=0.3716752529144287, train_acc= 87.71%
INFO - 09/13/26 23:42:55 - 0:17:51 - Epoch 583: train_loss=0.3728204369544983, train_acc= 87.20%
INFO - 09/13/26 23:42:55 - 0:17:51 - Epoch 584: train_loss=0.37722116708755493, train_acc= 87.08%
INFO - 09/13/26 23:42:56 - 0:17:51 - Epoch 585: train_loss=0.3719102144241333, train_acc= 87.64%
INFO - 09/13/26 23:42:56 - 0:17:51 - Epoch 585: val_loss=0.5152583718299866, val_acc= 84.19%,val_weighted_f1= 84.21,val_macro_f1= 82.59%
EarlyStopping counter: 2 out of 15
INFO - 09/13/26 23:42:56 - 0:17:51 - Epoch 586: train_loss=0.37104591727256775, train_acc= 87.88%
INFO - 09/13/26 23:42:56 - 0:17:52 - Epoch 587: train_loss=0.3684980869293213, train_acc= 87.89%
INFO - 09/13/26 23:42:56 - 0:17:52 - Epoch 588: train_loss=0.376050740480423, train_acc= 87.58%
INFO - 09/13/26 23:42:56 - 0:17:52 - Epoch 589: train_loss=0.3683854043483734, train_acc= 87.79%
INFO - 09/13/26 23:42:57 - 0:17:52 - Epoch 590: train_loss=0.3700350522994995, train_acc= 87.68%
INFO - 09/13/26 23:42:57 - 0:17:52 - Epoch 590: val_loss=0.5155373215675354, val_acc= 84.32%,val_weighted_f1= 84.32,val_macro_f1= 82.66%
EarlyStopping counter: 3 out of 15
INFO - 09/13/26 23:42:57 - 0:17:53 - Epoch 591: train_loss=0.36907899379730225, train_acc= 87.75%
INFO - 09/13/26 23:42:57 - 0:17:53 - Epoch 592: train_loss=0.37607795000076294, train_acc= 87.49%
INFO - 09/13/26 23:42:57 - 0:17:53 - Epoch 593: train_loss=0.36811771988868713, train_acc= 87.79%
INFO - 09/13/26 23:42:58 - 0:17:53 - Epoch 594: train_loss=0.3779939115047455, train_acc= 87.48%
INFO - 09/13/26 23:42:58 - 0:17:53 - Epoch 595: train_loss=0.3746143579483032, train_acc= 87.84%
INFO - 09/13/26 23:42:58 - 0:17:53 - Epoch 595: val_loss=0.5152284502983093, val_acc= 84.49%,val_weighted_f1= 84.51,val_macro_f1= 82.64%
INFO - 09/13/26 23:42:58 - 0:17:54 - Epoch 596: train_loss=0.37142667174339294, train_acc= 87.31%
INFO - 09/13/26 23:42:58 - 0:17:54 - Epoch 597: train_loss=0.3722009062767029, train_acc= 87.37%
INFO - 09/13/26 23:42:58 - 0:17:54 - Epoch 598: train_loss=0.3656555712223053, train_acc= 87.71%
INFO - 09/13/26 23:42:59 - 0:17:54 - Epoch 599: train_loss=0.36923182010650635, train_acc= 87.49%
INFO - 09/13/26 23:42:59 - 0:17:54 - Epoch 600: train_loss=0.3679979145526886, train_acc= 87.71%
INFO - 09/13/26 23:42:59 - 0:17:54 - Epoch 600: val_loss=0.5143020749092102, val_acc= 84.40%,val_weighted_f1= 84.41,val_macro_f1= 82.66%
EarlyStopping counter: 1 out of 15
INFO - 09/13/26 23:42:59 - 0:17:55 - Epoch 601: train_loss=0.36591148376464844, train_acc= 87.75%
INFO - 09/13/26 23:42:59 - 0:17:55 - Epoch 602: train_loss=0.3690328001976013, train_acc= 87.92%
INFO - 09/13/26 23:42:59 - 0:17:55 - Epoch 603: train_loss=0.3634033501148224, train_acc= 87.85%
INFO - 09/13/26 23:43:00 - 0:17:55 - Epoch 604: train_loss=0.37033188343048096, train_acc= 87.55%
INFO - 09/13/26 23:43:00 - 0:17:55 - Epoch 605: train_loss=0.3632872402667999, train_acc= 87.77%
INFO - 09/13/26 23:43:00 - 0:17:56 - Epoch 605: val_loss=0.5160818099975586, val_acc= 84.27%,val_weighted_f1= 84.31,val_macro_f1= 82.54%
EarlyStopping counter: 2 out of 15
INFO - 09/13/26 23:43:00 - 0:17:56 - Epoch 606: train_loss=0.36435890197753906, train_acc= 88.08%
INFO - 09/13/26 23:43:00 - 0:17:56 - Epoch 607: train_loss=0.36265090107917786, train_acc= 88.11%
INFO - 09/13/26 23:43:01 - 0:17:56 - Epoch 608: train_loss=0.36475422978401184, train_acc= 87.75%
INFO - 09/13/26 23:43:01 - 0:17:56 - Epoch 609: train_loss=0.3649923801422119, train_acc= 88.19%
INFO - 09/13/26 23:43:01 - 0:17:57 - Epoch 610: train_loss=0.3684382438659668, train_acc= 87.52%
INFO - 09/13/26 23:43:01 - 0:17:57 - Epoch 610: val_loss=0.5193960070610046, val_acc= 84.27%,val_weighted_f1= 84.32,val_macro_f1= 82.57%
EarlyStopping counter: 3 out of 15
INFO - 09/13/26 23:43:01 - 0:17:57 - Epoch 611: train_loss=0.3686543405056, train_acc= 88.04%
INFO - 09/13/26 23:43:01 - 0:17:57 - Epoch 612: train_loss=0.36579951643943787, train_acc= 87.78%
INFO - 09/13/26 23:43:02 - 0:17:57 - Epoch 613: train_loss=0.36423733830451965, train_acc= 88.08%
INFO - 09/13/26 23:43:02 - 0:17:57 - Epoch 614: train_loss=0.3665487766265869, train_acc= 87.81%
INFO - 09/13/26 23:43:02 - 0:17:58 - Epoch 615: train_loss=0.3667449653148651, train_acc= 87.64%
INFO - 09/13/26 23:43:02 - 0:17:58 - Epoch 615: val_loss=0.5176808834075928, val_acc= 84.44%,val_weighted_f1= 84.47,val_macro_f1= 82.71%
EarlyStopping counter: 4 out of 15
INFO - 09/13/26 23:43:02 - 0:17:58 - Epoch 616: train_loss=0.3564261198043823, train_acc= 88.19%
INFO - 09/13/26 23:43:02 - 0:17:58 - Epoch 617: train_loss=0.3594629168510437, train_acc= 88.04%
INFO - 09/13/26 23:43:03 - 0:17:58 - Epoch 618: train_loss=0.3655056357383728, train_acc= 87.57%
INFO - 09/13/26 23:43:03 - 0:17:58 - Epoch 619: train_loss=0.36314308643341064, train_acc= 87.61%
INFO - 09/13/26 23:43:03 - 0:17:59 - Epoch 620: train_loss=0.35585030913352966, train_acc= 88.02%
INFO - 09/13/26 23:43:03 - 0:17:59 - Epoch 620: val_loss=0.5160812139511108, val_acc= 84.36%,val_weighted_f1= 84.38,val_macro_f1= 82.71%
EarlyStopping counter: 5 out of 15
INFO - 09/13/26 23:43:03 - 0:17:59 - Epoch 621: train_loss=0.3637066185474396, train_acc= 87.85%
INFO - 09/13/26 23:43:04 - 0:17:59 - Epoch 622: train_loss=0.36194106936454773, train_acc= 87.91%
INFO - 09/13/26 23:43:04 - 0:17:59 - Epoch 623: train_loss=0.3590817153453827, train_acc= 88.22%
INFO - 09/13/26 23:43:04 - 0:18:00 - Epoch 624: train_loss=0.35762161016464233, train_acc= 88.24%
INFO - 09/13/26 23:43:04 - 0:18:00 - Epoch 625: train_loss=0.35944318771362305, train_acc= 88.11%
INFO - 09/13/26 23:43:04 - 0:18:00 - Epoch 625: val_loss=0.5160808563232422, val_acc= 84.36%,val_weighted_f1= 84.37,val_macro_f1= 82.85%
EarlyStopping counter: 6 out of 15
INFO - 09/13/26 23:43:04 - 0:18:00 - Epoch 626: train_loss=0.36031877994537354, train_acc= 87.92%
INFO - 09/13/26 23:43:05 - 0:18:00 - Epoch 627: train_loss=0.3542480766773224, train_acc= 87.99%
INFO - 09/13/26 23:43:05 - 0:18:00 - Epoch 628: train_loss=0.35764843225479126, train_acc= 88.12%
INFO - 09/13/26 23:43:05 - 0:18:01 - Epoch 629: train_loss=0.3598150312900543, train_acc= 87.71%
INFO - 09/13/26 23:43:05 - 0:18:01 - Epoch 630: train_loss=0.35980692505836487, train_acc= 87.89%
INFO - 09/13/26 23:43:05 - 0:18:01 - Epoch 630: val_loss=0.5158116817474365, val_acc= 84.32%,val_weighted_f1= 84.34,val_macro_f1= 82.79%
EarlyStopping counter: 7 out of 15
INFO - 09/13/26 23:43:06 - 0:18:01 - Epoch 631: train_loss=0.35887742042541504, train_acc= 88.09%
INFO - 09/13/26 23:43:06 - 0:18:01 - Epoch 632: train_loss=0.3547092080116272, train_acc= 88.15%
INFO - 09/13/26 23:43:06 - 0:18:02 - Epoch 633: train_loss=0.35924649238586426, train_acc= 88.04%
INFO - 09/13/26 23:43:06 - 0:18:02 - Epoch 634: train_loss=0.35330209136009216, train_acc= 88.25%
INFO - 09/13/26 23:43:06 - 0:18:02 - Epoch 635: train_loss=0.3527131974697113, train_acc= 88.38%
INFO - 09/13/26 23:43:06 - 0:18:02 - Epoch 635: val_loss=0.5158302783966064, val_acc= 84.23%,val_weighted_f1= 84.23,val_macro_f1= 82.64%
EarlyStopping counter: 8 out of 15
INFO - 09/13/26 23:43:07 - 0:18:02 - Epoch 636: train_loss=0.3565976619720459, train_acc= 88.11%
INFO - 09/13/26 23:43:07 - 0:18:02 - Epoch 637: train_loss=0.3576677143573761, train_acc= 87.88%
INFO - 09/13/26 23:43:07 - 0:18:03 - Epoch 638: train_loss=0.35053199529647827, train_acc= 88.24%
INFO - 09/13/26 23:43:07 - 0:18:03 - Epoch 639: train_loss=0.35346993803977966, train_acc= 88.36%
INFO - 09/13/26 23:43:07 - 0:18:03 - Epoch 640: train_loss=0.35924944281578064, train_acc= 88.25%
INFO - 09/13/26 23:43:07 - 0:18:03 - Epoch 640: val_loss=0.5180415511131287, val_acc= 84.74%,val_weighted_f1= 84.78,val_macro_f1= 83.18%
INFO - 09/13/26 23:43:08 - 0:18:03 - Epoch 641: train_loss=0.349735289812088, train_acc= 88.31%
INFO - 09/13/26 23:43:08 - 0:18:03 - Epoch 642: train_loss=0.35503312945365906, train_acc= 88.42%
INFO - 09/13/26 23:43:08 - 0:18:04 - Epoch 643: train_loss=0.34697261452674866, train_acc= 88.68%
INFO - 09/13/26 23:43:08 - 0:18:04 - Epoch 644: train_loss=0.3493383228778839, train_acc= 88.71%
INFO - 09/13/26 23:43:08 - 0:18:04 - Epoch 645: train_loss=0.3495349884033203, train_acc= 88.26%
INFO - 09/13/26 23:43:09 - 0:18:04 - Epoch 645: val_loss=0.5179347395896912, val_acc= 84.74%,val_weighted_f1= 84.77,val_macro_f1= 83.13%
INFO - 09/13/26 23:43:09 - 0:18:04 - Epoch 646: train_loss=0.3514477610588074, train_acc= 88.28%
INFO - 09/13/26 23:43:09 - 0:18:05 - Epoch 647: train_loss=0.3488515019416809, train_acc= 88.46%
INFO - 09/13/26 23:43:09 - 0:18:05 - Epoch 648: train_loss=0.3450450897216797, train_acc= 88.65%
INFO - 09/13/26 23:43:09 - 0:18:05 - Epoch 649: train_loss=0.3475338816642761, train_acc= 88.55%
INFO - 09/13/26 23:43:10 - 0:18:05 - Epoch 650: train_loss=0.3501243591308594, train_acc= 88.24%
INFO - 09/13/26 23:43:10 - 0:18:05 - Epoch 650: val_loss=0.5182654857635498, val_acc= 84.74%,val_weighted_f1= 84.78,val_macro_f1= 83.08%
INFO - 09/13/26 23:43:10 - 0:18:05 - Epoch 651: train_loss=0.35405489802360535, train_acc= 88.15%
INFO - 09/13/26 23:43:10 - 0:18:06 - Epoch 652: train_loss=0.35149917006492615, train_acc= 88.18%
INFO - 09/13/26 23:43:10 - 0:18:06 - Epoch 653: train_loss=0.35124218463897705, train_acc= 88.26%
INFO - 09/13/26 23:43:10 - 0:18:06 - Epoch 654: train_loss=0.3487154245376587, train_acc= 88.68%
INFO - 09/13/26 23:43:11 - 0:18:06 - Epoch 655: train_loss=0.35184815526008606, train_acc= 88.09%
INFO - 09/13/26 23:43:11 - 0:18:06 - Epoch 655: val_loss=0.5191360116004944, val_acc= 84.66%,val_weighted_f1= 84.68,val_macro_f1= 83.04%
EarlyStopping counter: 1 out of 15
INFO - 09/13/26 23:43:11 - 0:18:06 - Epoch 656: train_loss=0.3489835262298584, train_acc= 88.11%
INFO - 09/13/26 23:43:11 - 0:18:07 - Epoch 657: train_loss=0.3502446413040161, train_acc= 88.48%
INFO - 09/13/26 23:43:11 - 0:18:07 - Epoch 658: train_loss=0.34998804330825806, train_acc= 88.24%
INFO - 09/13/26 23:43:12 - 0:18:07 - Epoch 659: train_loss=0.3470519185066223, train_acc= 88.48%
INFO - 09/13/26 23:43:12 - 0:18:07 - Epoch 660: train_loss=0.3511638641357422, train_acc= 88.16%
INFO - 09/13/26 23:43:12 - 0:18:07 - Epoch 660: val_loss=0.5173379182815552, val_acc= 84.66%,val_weighted_f1= 84.67,val_macro_f1= 83.20%
EarlyStopping counter: 2 out of 15
INFO - 09/13/26 23:43:12 - 0:18:08 - Epoch 661: train_loss=0.35121646523475647, train_acc= 88.16%
INFO - 09/13/26 23:43:12 - 0:18:08 - Epoch 662: train_loss=0.34394708275794983, train_acc= 88.62%
INFO - 09/13/26 23:43:12 - 0:18:08 - Epoch 663: train_loss=0.3410432040691376, train_acc= 88.51%
INFO - 09/13/26 23:43:13 - 0:18:08 - Epoch 664: train_loss=0.3447597622871399, train_acc= 88.73%
INFO - 09/13/26 23:43:13 - 0:18:08 - Epoch 665: train_loss=0.34555932879447937, train_acc= 88.66%
INFO - 09/13/26 23:43:13 - 0:18:08 - Epoch 665: val_loss=0.5190801620483398, val_acc= 84.83%,val_weighted_f1= 84.85,val_macro_f1= 83.56%
INFO - 09/13/26 23:43:13 - 0:18:09 - Epoch 666: train_loss=0.34528225660324097, train_acc= 88.48%
INFO - 09/13/26 23:43:13 - 0:18:09 - Epoch 667: train_loss=0.3465200662612915, train_acc= 88.46%
INFO - 09/13/26 23:43:14 - 0:18:09 - Epoch 668: train_loss=0.3420659005641937, train_acc= 88.79%
INFO - 09/13/26 23:43:14 - 0:18:09 - Epoch 669: train_loss=0.3475036025047302, train_acc= 88.89%
INFO - 09/13/26 23:43:14 - 0:18:09 - Epoch 670: train_loss=0.34473732113838196, train_acc= 88.65%
INFO - 09/13/26 23:43:14 - 0:18:10 - Epoch 670: val_loss=0.5191628932952881, val_acc= 84.70%,val_weighted_f1= 84.72,val_macro_f1= 83.19%
EarlyStopping counter: 1 out of 15
INFO - 09/13/26 23:43:14 - 0:18:10 - Epoch 671: train_loss=0.3494735062122345, train_acc= 88.43%
INFO - 09/13/26 23:43:14 - 0:18:10 - Epoch 672: train_loss=0.3455735146999359, train_acc= 88.45%
INFO - 09/13/26 23:43:15 - 0:18:10 - Epoch 673: train_loss=0.3482646048069, train_acc= 88.46%
INFO - 09/13/26 23:43:15 - 0:18:10 - Epoch 674: train_loss=0.34897956252098083, train_acc= 88.19%
INFO - 09/13/26 23:43:15 - 0:18:11 - Epoch 675: train_loss=0.34437042474746704, train_acc= 88.51%
INFO - 09/13/26 23:43:15 - 0:18:11 - Epoch 675: val_loss=0.5203468203544617, val_acc= 84.44%,val_weighted_f1= 84.41,val_macro_f1= 82.88%
EarlyStopping counter: 2 out of 15
INFO - 09/13/26 23:43:15 - 0:18:11 - Epoch 676: train_loss=0.34745535254478455, train_acc= 88.38%
INFO - 09/13/26 23:43:16 - 0:18:11 - Epoch 677: train_loss=0.343608558177948, train_acc= 88.46%
INFO - 09/13/26 23:43:16 - 0:18:11 - Epoch 678: train_loss=0.34351712465286255, train_acc= 88.59%
INFO - 09/13/26 23:43:16 - 0:18:11 - Epoch 679: train_loss=0.33780741691589355, train_acc= 88.55%
INFO - 09/13/26 23:43:16 - 0:18:12 - Epoch 680: train_loss=0.343100905418396, train_acc= 88.61%
INFO - 09/13/26 23:43:16 - 0:18:12 - Epoch 680: val_loss=0.5183932781219482, val_acc= 84.70%,val_weighted_f1= 84.71,val_macro_f1= 83.14%
EarlyStopping counter: 3 out of 15
INFO - 09/13/26 23:43:16 - 0:18:12 - Epoch 681: train_loss=0.33704492449760437, train_acc= 88.90%
INFO - 09/13/26 23:43:17 - 0:18:12 - Epoch 682: train_loss=0.34228625893592834, train_acc= 88.62%
INFO - 09/13/26 23:43:17 - 0:18:12 - Epoch 683: train_loss=0.33306631445884705, train_acc= 88.96%
INFO - 09/13/26 23:43:17 - 0:18:12 - Epoch 684: train_loss=0.3333011865615845, train_acc= 89.02%
INFO - 09/13/26 23:43:17 - 0:18:13 - Epoch 685: train_loss=0.3401493430137634, train_acc= 88.55%
INFO - 09/13/26 23:43:17 - 0:18:13 - Epoch 685: val_loss=0.5214235782623291, val_acc= 84.36%,val_weighted_f1= 84.41,val_macro_f1= 82.88%
EarlyStopping counter: 4 out of 15
INFO - 09/13/26 23:43:17 - 0:18:13 - Epoch 686: train_loss=0.33873414993286133, train_acc= 88.68%
INFO - 09/13/26 23:43:18 - 0:18:13 - Epoch 687: train_loss=0.34047022461891174, train_acc= 88.69%
INFO - 09/13/26 23:43:18 - 0:18:13 - Epoch 688: train_loss=0.33767977356910706, train_acc= 88.88%
INFO - 09/13/26 23:43:18 - 0:18:14 - Epoch 689: train_loss=0.33735567331314087, train_acc= 88.88%
INFO - 09/13/26 23:43:18 - 0:18:14 - Epoch 690: train_loss=0.3386034369468689, train_acc= 88.75%
INFO - 09/13/26 23:43:18 - 0:18:14 - Epoch 690: val_loss=0.5216663479804993, val_acc= 84.66%,val_weighted_f1= 84.68,val_macro_f1= 83.09%
EarlyStopping counter: 5 out of 15
INFO - 09/13/26 23:43:19 - 0:18:14 - Epoch 691: train_loss=0.33272236585617065, train_acc= 88.92%
INFO - 09/13/26 23:43:19 - 0:18:14 - Epoch 692: train_loss=0.3368087112903595, train_acc= 88.62%
INFO - 09/13/26 23:43:19 - 0:18:14 - Epoch 693: train_loss=0.33764490485191345, train_acc= 88.66%
INFO - 09/13/26 23:43:19 - 0:18:15 - Epoch 694: train_loss=0.32893145084381104, train_acc= 88.95%
INFO - 09/13/26 23:43:19 - 0:18:15 - Epoch 695: train_loss=0.33632442355155945, train_acc= 88.86%
INFO - 09/13/26 23:43:19 - 0:18:15 - Epoch 695: val_loss=0.523047924041748, val_acc= 84.83%,val_weighted_f1= 84.86,val_macro_f1= 83.38%
INFO - 09/13/26 23:43:20 - 0:18:15 - Epoch 696: train_loss=0.33651110529899597, train_acc= 88.78%
INFO - 09/13/26 23:43:20 - 0:18:15 - Epoch 697: train_loss=0.33340147137641907, train_acc= 88.85%
INFO - 09/13/26 23:43:20 - 0:18:16 - Epoch 698: train_loss=0.3369154930114746, train_acc= 88.33%
INFO - 09/13/26 23:43:20 - 0:18:16 - Epoch 699: train_loss=0.33340805768966675, train_acc= 88.59%
INFO - 09/13/26 23:43:20 - 0:18:16 - Epoch 700: train_loss=0.3318071961402893, train_acc= 88.45%
INFO - 09/13/26 23:43:20 - 0:18:16 - Epoch 700: val_loss=0.522741436958313, val_acc= 84.53%,val_weighted_f1= 84.59,val_macro_f1= 83.03%
EarlyStopping counter: 1 out of 15
INFO - 09/13/26 23:43:21 - 0:18:16 - Epoch 701: train_loss=0.3316524028778076, train_acc= 89.32%
INFO - 09/13/26 23:43:21 - 0:18:16 - Epoch 702: train_loss=0.33602604269981384, train_acc= 88.76%
INFO - 09/13/26 23:43:21 - 0:18:17 - Epoch 703: train_loss=0.3306162655353546, train_acc= 88.93%
INFO - 09/13/26 23:43:21 - 0:18:17 - Epoch 704: train_loss=0.32809850573539734, train_acc= 88.98%
INFO - 09/13/26 23:43:21 - 0:18:17 - Epoch 705: train_loss=0.3289913535118103, train_acc= 89.16%
INFO - 09/13/26 23:43:22 - 0:18:17 - Epoch 705: val_loss=0.5233609080314636, val_acc= 84.19%,val_weighted_f1= 84.25,val_macro_f1= 82.71%
EarlyStopping counter: 2 out of 15
INFO - 09/13/26 23:43:22 - 0:18:17 - Epoch 706: train_loss=0.3273303210735321, train_acc= 88.85%
INFO - 09/13/26 23:43:22 - 0:18:17 - Epoch 707: train_loss=0.3252706527709961, train_acc= 89.15%
INFO - 09/13/26 23:43:22 - 0:18:18 - Epoch 708: train_loss=0.32794395089149475, train_acc= 88.96%
INFO - 09/13/26 23:43:22 - 0:18:18 - Epoch 709: train_loss=0.3381681740283966, train_acc= 88.72%
INFO - 09/13/26 23:43:23 - 0:18:18 - Epoch 710: train_loss=0.3240186274051666, train_acc= 89.43%
INFO - 09/13/26 23:43:23 - 0:18:18 - Epoch 710: val_loss=0.5244006514549255, val_acc= 84.79%,val_weighted_f1= 84.82,val_macro_f1= 83.35%
EarlyStopping counter: 3 out of 15
INFO - 09/13/26 23:43:23 - 0:18:18 - Epoch 711: train_loss=0.3371192216873169, train_acc= 88.73%
INFO - 09/13/26 23:43:23 - 0:18:19 - Epoch 712: train_loss=0.3284458518028259, train_acc= 89.22%
INFO - 09/13/26 23:43:23 - 0:18:19 - Epoch 713: train_loss=0.32802626490592957, train_acc= 89.10%
INFO - 09/13/26 23:43:23 - 0:18:19 - Epoch 714: train_loss=0.32330945134162903, train_acc= 89.09%
INFO - 09/13/26 23:43:24 - 0:18:19 - Epoch 715: train_loss=0.33105766773223877, train_acc= 89.20%
INFO - 09/13/26 23:43:24 - 0:18:19 - Epoch 715: val_loss=0.5261645317077637, val_acc= 84.36%,val_weighted_f1= 84.36,val_macro_f1= 82.69%
EarlyStopping counter: 4 out of 15
INFO - 09/13/26 23:43:24 - 0:18:19 - Epoch 716: train_loss=0.3306064009666443, train_acc= 88.52%
INFO - 09/13/26 23:43:24 - 0:18:20 - Epoch 717: train_loss=0.33262985944747925, train_acc= 88.72%
INFO - 09/13/26 23:43:24 - 0:18:20 - Epoch 718: train_loss=0.32407432794570923, train_acc= 89.13%
INFO - 09/13/26 23:43:25 - 0:18:20 - Epoch 719: train_loss=0.32715797424316406, train_acc= 89.09%
INFO - 09/13/26 23:43:25 - 0:18:20 - Epoch 720: train_loss=0.32286590337753296, train_acc= 89.10%
INFO - 09/13/26 23:43:25 - 0:18:20 - Epoch 720: val_loss=0.5247436761856079, val_acc= 84.70%,val_weighted_f1= 84.77,val_macro_f1= 83.34%
EarlyStopping counter: 5 out of 15
INFO - 09/13/26 23:43:25 - 0:18:20 - Epoch 721: train_loss=0.31773802638053894, train_acc= 89.36%
INFO - 09/13/26 23:43:25 - 0:18:21 - Epoch 722: train_loss=0.32511356472969055, train_acc= 89.35%
INFO - 09/13/26 23:43:25 - 0:18:21 - Epoch 723: train_loss=0.31994909048080444, train_acc= 89.43%
INFO - 09/13/26 23:43:26 - 0:18:21 - Epoch 724: train_loss=0.31871387362480164, train_acc= 89.18%
INFO - 09/13/26 23:43:26 - 0:18:21 - Epoch 725: train_loss=0.3285083472728729, train_acc= 88.85%
INFO - 09/13/26 23:43:26 - 0:18:21 - Epoch 725: val_loss=0.5247545838356018, val_acc= 84.66%,val_weighted_f1= 84.69,val_macro_f1= 83.29%
EarlyStopping counter: 6 out of 15
INFO - 09/13/26 23:43:26 - 0:18:22 - Epoch 726: train_loss=0.32728755474090576, train_acc= 88.88%
INFO - 09/13/26 23:43:26 - 0:18:22 - Epoch 727: train_loss=0.3247612714767456, train_acc= 88.76%
INFO - 09/13/26 23:43:26 - 0:18:22 - Epoch 728: train_loss=0.322223424911499, train_acc= 89.13%
INFO - 09/13/26 23:43:27 - 0:18:22 - Epoch 729: train_loss=0.3231540322303772, train_acc= 88.79%
INFO - 09/13/26 23:43:27 - 0:18:22 - Epoch 730: train_loss=0.3229747712612152, train_acc= 89.53%
INFO - 09/13/26 23:43:27 - 0:18:22 - Epoch 730: val_loss=0.5253546237945557, val_acc= 85.04%,val_weighted_f1= 85.05,val_macro_f1= 83.67%
INFO - 09/13/26 23:43:27 - 0:18:23 - Epoch 731: train_loss=0.32353726029396057, train_acc= 89.37%
INFO - 09/13/26 23:43:27 - 0:18:23 - Epoch 732: train_loss=0.3250255286693573, train_acc= 88.75%
INFO - 09/13/26 23:43:28 - 0:18:23 - Epoch 733: train_loss=0.3250340223312378, train_acc= 88.92%
INFO - 09/13/26 23:43:28 - 0:18:23 - Epoch 734: train_loss=0.3214653730392456, train_acc= 89.39%
INFO - 09/13/26 23:43:28 - 0:18:23 - Epoch 735: train_loss=0.3238822817802429, train_acc= 89.18%
INFO - 09/13/26 23:43:28 - 0:18:24 - Epoch 735: val_loss=0.525266706943512, val_acc= 84.74%,val_weighted_f1= 84.73,val_macro_f1= 83.25%
EarlyStopping counter: 1 out of 15
INFO - 09/13/26 23:43:28 - 0:18:24 - Epoch 736: train_loss=0.3236095607280731, train_acc= 89.03%
INFO - 09/13/26 23:43:28 - 0:18:24 - Epoch 737: train_loss=0.3184644281864166, train_acc= 89.22%
INFO - 09/13/26 23:43:29 - 0:18:24 - Epoch 738: train_loss=0.32766374945640564, train_acc= 89.32%
INFO - 09/13/26 23:43:29 - 0:18:24 - Epoch 739: train_loss=0.31852394342422485, train_acc= 89.59%
INFO - 09/13/26 23:43:29 - 0:18:24 - Epoch 740: train_loss=0.3215852379798889, train_acc= 89.29%
INFO - 09/13/26 23:43:29 - 0:18:25 - Epoch 740: val_loss=0.5252258777618408, val_acc= 84.79%,val_weighted_f1= 84.80,val_macro_f1= 83.36%
EarlyStopping counter: 2 out of 15
INFO - 09/13/26 23:43:29 - 0:18:25 - Epoch 741: train_loss=0.31473037600517273, train_acc= 89.60%
INFO - 09/13/26 23:43:30 - 0:18:25 - Epoch 742: train_loss=0.3198893964290619, train_acc= 89.33%
INFO - 09/13/26 23:43:30 - 0:18:25 - Epoch 743: train_loss=0.31827762722969055, train_acc= 89.67%
INFO - 09/13/26 23:43:30 - 0:18:25 - Epoch 744: train_loss=0.3228602111339569, train_acc= 89.40%
INFO - 09/13/26 23:43:30 - 0:18:26 - Epoch 745: train_loss=0.3225201368331909, train_acc= 89.30%
INFO - 09/13/26 23:43:30 - 0:18:26 - Epoch 745: val_loss=0.5253483057022095, val_acc= 84.70%,val_weighted_f1= 84.74,val_macro_f1= 83.16%
EarlyStopping counter: 3 out of 15
INFO - 09/13/26 23:43:30 - 0:18:26 - Epoch 746: train_loss=0.3199770748615265, train_acc= 89.26%
INFO - 09/13/26 23:43:31 - 0:18:26 - Epoch 747: train_loss=0.31813129782676697, train_acc= 89.47%
INFO - 09/13/26 23:43:31 - 0:18:26 - Epoch 748: train_loss=0.3159573972225189, train_acc= 89.52%
INFO - 09/13/26 23:43:31 - 0:18:26 - Epoch 749: train_loss=0.3151763677597046, train_acc= 89.19%
INFO - 09/13/26 23:43:31 - 0:18:27 - Epoch 750: train_loss=0.319894015789032, train_acc= 89.15%
INFO - 09/13/26 23:43:31 - 0:18:27 - Epoch 750: val_loss=0.5266456604003906, val_acc= 84.96%,val_weighted_f1= 84.98,val_macro_f1= 83.49%
EarlyStopping counter: 4 out of 15
INFO - 09/13/26 23:43:31 - 0:18:27 - Epoch 751: train_loss=0.3214975595474243, train_acc= 89.28%
INFO - 09/13/26 23:43:32 - 0:18:27 - Epoch 752: train_loss=0.3224810063838959, train_acc= 89.19%
INFO - 09/13/26 23:43:32 - 0:18:27 - Epoch 753: train_loss=0.3147258758544922, train_acc= 89.19%
INFO - 09/13/26 23:43:32 - 0:18:27 - Epoch 754: train_loss=0.32114845514297485, train_acc= 89.40%
INFO - 09/13/26 23:43:32 - 0:18:28 - Epoch 755: train_loss=0.31587299704551697, train_acc= 89.29%
INFO - 09/13/26 23:43:32 - 0:18:28 - Epoch 755: val_loss=0.5271682739257812, val_acc= 84.79%,val_weighted_f1= 84.83,val_macro_f1= 83.35%
EarlyStopping counter: 5 out of 15
INFO - 09/13/26 23:43:33 - 0:18:28 - Epoch 756: train_loss=0.3126085698604584, train_acc= 89.45%
INFO - 09/13/26 23:43:33 - 0:18:28 - Epoch 757: train_loss=0.31706732511520386, train_acc= 89.33%
INFO - 09/13/26 23:43:33 - 0:18:28 - Epoch 758: train_loss=0.31498512625694275, train_acc= 89.70%
INFO - 09/13/26 23:43:33 - 0:18:29 - Epoch 759: train_loss=0.30698689818382263, train_acc= 89.57%
INFO - 09/13/26 23:43:33 - 0:18:29 - Epoch 760: train_loss=0.3124946057796478, train_acc= 89.35%
INFO - 09/13/26 23:43:33 - 0:18:29 - Epoch 760: val_loss=0.5281106233596802, val_acc= 84.62%,val_weighted_f1= 84.66,val_macro_f1= 83.17%
EarlyStopping counter: 6 out of 15
INFO - 09/13/26 23:43:34 - 0:18:29 - Epoch 761: train_loss=0.3144729733467102, train_acc= 89.39%
INFO - 09/13/26 23:43:34 - 0:18:29 - Epoch 762: train_loss=0.3114590346813202, train_acc= 89.65%
INFO - 09/13/26 23:43:34 - 0:18:29 - Epoch 763: train_loss=0.31562110781669617, train_acc= 89.30%
INFO - 09/13/26 23:43:34 - 0:18:30 - Epoch 764: train_loss=0.3182317614555359, train_acc= 89.36%
INFO - 09/13/26 23:43:34 - 0:18:30 - Epoch 765: train_loss=0.3082195222377777, train_acc= 89.63%
INFO - 09/13/26 23:43:34 - 0:18:30 - Epoch 765: val_loss=0.5306859016418457, val_acc= 84.83%,val_weighted_f1= 84.88,val_macro_f1= 83.25%
EarlyStopping counter: 7 out of 15
INFO - 09/13/26 23:43:35 - 0:18:30 - Epoch 766: train_loss=0.31243208050727844, train_acc= 89.73%
INFO - 09/13/26 23:43:35 - 0:18:30 - Epoch 767: train_loss=0.32118549942970276, train_acc= 89.10%
INFO - 09/13/26 23:43:35 - 0:18:31 - Epoch 768: train_loss=0.3094749450683594, train_acc= 89.93%
INFO - 09/13/26 23:43:35 - 0:18:31 - Epoch 769: train_loss=0.31707313656806946, train_acc= 89.52%
INFO - 09/13/26 23:43:35 - 0:18:31 - Epoch 770: train_loss=0.3151891529560089, train_acc= 89.46%
INFO - 09/13/26 23:43:36 - 0:18:31 - Epoch 770: val_loss=0.5325160622596741, val_acc= 84.40%,val_weighted_f1= 84.47,val_macro_f1= 82.89%
EarlyStopping counter: 8 out of 15
INFO - 09/13/26 23:43:36 - 0:18:31 - Epoch 771: train_loss=0.3145510256290436, train_acc= 89.50%
INFO - 09/13/26 23:43:36 - 0:18:31 - Epoch 772: train_loss=0.3111572861671448, train_acc= 89.72%
INFO - 09/13/26 23:43:36 - 0:18:32 - Epoch 773: train_loss=0.30960613489151, train_acc= 89.72%
INFO - 09/13/26 23:43:36 - 0:18:32 - Epoch 774: train_loss=0.31047990918159485, train_acc= 89.47%
INFO - 09/13/26 23:43:37 - 0:18:32 - Epoch 775: train_loss=0.30639198422431946, train_acc= 89.66%
INFO - 09/13/26 23:43:37 - 0:18:32 - Epoch 775: val_loss=0.5311276316642761, val_acc= 84.70%,val_weighted_f1= 84.76,val_macro_f1= 83.27%
EarlyStopping counter: 9 out of 15
INFO - 09/13/26 23:43:37 - 0:18:32 - Epoch 776: train_loss=0.3065641522407532, train_acc= 89.60%
INFO - 09/13/26 23:43:37 - 0:18:33 - Epoch 777: train_loss=0.3008398115634918, train_acc= 90.04%
INFO - 09/13/26 23:43:37 - 0:18:33 - Epoch 778: train_loss=0.30635514855384827, train_acc= 89.77%
INFO - 09/13/26 23:43:37 - 0:18:33 - Epoch 779: train_loss=0.30882808566093445, train_acc= 89.83%
INFO - 09/13/26 23:43:38 - 0:18:33 - Epoch 780: train_loss=0.30300039052963257, train_acc= 90.00%
INFO - 09/13/26 23:43:38 - 0:18:33 - Epoch 780: val_loss=0.5314404368400574, val_acc= 84.83%,val_weighted_f1= 84.87,val_macro_f1= 83.40%
EarlyStopping counter: 10 out of 15
INFO - 09/13/26 23:43:38 - 0:18:33 - Epoch 781: train_loss=0.30370065569877625, train_acc= 89.53%
INFO - 09/13/26 23:43:38 - 0:18:34 - Epoch 782: train_loss=0.3070109486579895, train_acc= 89.66%
INFO - 09/13/26 23:43:38 - 0:18:34 - Epoch 783: train_loss=0.31112420558929443, train_acc= 89.42%
INFO - 09/13/26 23:43:39 - 0:18:34 - Epoch 784: train_loss=0.3017648160457611, train_acc= 89.94%
INFO - 09/13/26 23:43:39 - 0:18:34 - Epoch 785: train_loss=0.302156925201416, train_acc= 89.79%
INFO - 09/13/26 23:43:39 - 0:18:34 - Epoch 785: val_loss=0.5314019322395325, val_acc= 84.70%,val_weighted_f1= 84.75,val_macro_f1= 83.33%
EarlyStopping counter: 11 out of 15
INFO - 09/13/26 23:43:39 - 0:18:35 - Epoch 786: train_loss=0.3007522523403168, train_acc= 89.89%
INFO - 09/13/26 23:43:39 - 0:18:35 - Epoch 787: train_loss=0.30019640922546387, train_acc= 89.90%
INFO - 09/13/26 23:43:39 - 0:18:35 - Epoch 788: train_loss=0.3010215163230896, train_acc= 89.83%
INFO - 09/13/26 23:43:40 - 0:18:35 - Epoch 789: train_loss=0.30553874373435974, train_acc= 89.73%
INFO - 09/13/26 23:43:40 - 0:18:35 - Epoch 790: train_loss=0.3032318949699402, train_acc= 89.82%
INFO - 09/13/26 23:43:40 - 0:18:35 - Epoch 790: val_loss=0.5313861966133118, val_acc= 84.57%,val_weighted_f1= 84.60,val_macro_f1= 83.21%
EarlyStopping counter: 12 out of 15
INFO - 09/13/26 23:43:40 - 0:18:36 - Epoch 791: train_loss=0.2966980040073395, train_acc= 90.22%
INFO - 09/13/26 23:43:40 - 0:18:36 - Epoch 792: train_loss=0.30892446637153625, train_acc= 89.83%
INFO - 09/13/26 23:43:40 - 0:18:36 - Epoch 793: train_loss=0.29968810081481934, train_acc= 89.96%
INFO - 09/13/26 23:43:41 - 0:18:36 - Epoch 794: train_loss=0.30535128712654114, train_acc= 89.80%
INFO - 09/13/26 23:43:41 - 0:18:36 - Epoch 795: train_loss=0.30200818181037903, train_acc= 89.90%
INFO - 09/13/26 23:43:41 - 0:18:37 - Epoch 795: val_loss=0.5283039808273315, val_acc= 85.00%,val_weighted_f1= 85.03,val_macro_f1= 83.55%
EarlyStopping counter: 13 out of 15
INFO - 09/13/26 23:43:41 - 0:18:37 - Epoch 796: train_loss=0.30437755584716797, train_acc= 89.72%
INFO - 09/13/26 23:43:41 - 0:18:37 - Epoch 797: train_loss=0.3040611445903778, train_acc= 89.65%
INFO - 09/13/26 23:43:42 - 0:18:37 - Epoch 798: train_loss=0.30096641182899475, train_acc= 89.92%
INFO - 09/13/26 23:43:42 - 0:18:37 - Epoch 799: train_loss=0.29977431893348694, train_acc= 89.75%
INFO - 09/13/26 23:43:42 - 0:18:38 - Epoch 800: train_loss=0.3020339012145996, train_acc= 89.76%
INFO - 09/13/26 23:43:42 - 0:18:38 - Epoch 800: val_loss=0.5306436419487, val_acc= 85.04%,val_weighted_f1= 85.06,val_macro_f1= 83.64%
INFO - 09/13/26 23:43:42 - 0:18:38 - Epoch 801: train_loss=0.29974544048309326, train_acc= 90.06%
INFO - 09/13/26 23:43:42 - 0:18:38 - Epoch 802: train_loss=0.2963011562824249, train_acc= 89.96%
INFO - 09/13/26 23:43:43 - 0:18:38 - Epoch 803: train_loss=0.29455703496932983, train_acc= 89.67%
INFO - 09/13/26 23:43:43 - 0:18:38 - Epoch 804: train_loss=0.299464613199234, train_acc= 90.10%
INFO - 09/13/26 23:43:43 - 0:18:39 - Epoch 805: train_loss=0.30923330783843994, train_acc= 89.57%
INFO - 09/13/26 23:43:43 - 0:18:39 - Epoch 805: val_loss=0.532316267490387, val_acc= 85.09%,val_weighted_f1= 85.10,val_macro_f1= 83.79%
INFO - 09/13/26 23:43:43 - 0:18:39 - Epoch 806: train_loss=0.2988978326320648, train_acc= 89.90%
INFO - 09/13/26 23:43:43 - 0:18:39 - Epoch 807: train_loss=0.3044191896915436, train_acc= 89.79%
INFO - 09/13/26 23:43:44 - 0:18:39 - Epoch 808: train_loss=0.3043487071990967, train_acc= 89.77%
INFO - 09/13/26 23:43:44 - 0:18:39 - Epoch 809: train_loss=0.2945369482040405, train_acc= 89.94%
INFO - 09/13/26 23:43:44 - 0:18:40 - Epoch 810: train_loss=0.2978017032146454, train_acc= 89.99%
INFO - 09/13/26 23:43:44 - 0:18:40 - Epoch 810: val_loss=0.5329619646072388, val_acc= 84.91%,val_weighted_f1= 84.93,val_macro_f1= 83.37%
EarlyStopping counter: 1 out of 15
INFO - 09/13/26 23:43:44 - 0:18:40 - Epoch 811: train_loss=0.2940419316291809, train_acc= 90.03%
INFO - 09/13/26 23:43:45 - 0:18:40 - Epoch 812: train_loss=0.3022278845310211, train_acc= 90.12%
INFO - 09/13/26 23:43:45 - 0:18:40 - Epoch 813: train_loss=0.30187731981277466, train_acc= 89.62%
INFO - 09/13/26 23:43:45 - 0:18:41 - Epoch 814: train_loss=0.2927718162536621, train_acc= 90.33%
INFO - 09/13/26 23:43:45 - 0:18:41 - Epoch 815: train_loss=0.2934538722038269, train_acc= 90.30%
INFO - 09/13/26 23:43:45 - 0:18:41 - Epoch 815: val_loss=0.5319512486457825, val_acc= 84.91%,val_weighted_f1= 84.94,val_macro_f1= 83.53%
EarlyStopping counter: 2 out of 15
INFO - 09/13/26 23:43:45 - 0:18:41 - Epoch 816: train_loss=0.29918554425239563, train_acc= 90.06%
INFO - 09/13/26 23:43:46 - 0:18:41 - Epoch 817: train_loss=0.29377442598342896, train_acc= 90.13%
INFO - 09/13/26 23:43:46 - 0:18:41 - Epoch 818: train_loss=0.2952013909816742, train_acc= 89.94%
INFO - 09/13/26 23:43:46 - 0:18:42 - Epoch 819: train_loss=0.2994938790798187, train_acc= 90.13%
INFO - 09/13/26 23:43:46 - 0:18:42 - Epoch 820: train_loss=0.29475662112236023, train_acc= 90.16%
INFO - 09/13/26 23:43:46 - 0:18:42 - Epoch 820: val_loss=0.5331330895423889, val_acc= 84.87%,val_weighted_f1= 84.90,val_macro_f1= 83.48%
EarlyStopping counter: 3 out of 15
INFO - 09/13/26 23:43:46 - 0:18:42 - Epoch 821: train_loss=0.29572975635528564, train_acc= 90.04%
INFO - 09/13/26 23:43:47 - 0:18:42 - Epoch 822: train_loss=0.28897079825401306, train_acc= 90.33%
INFO - 09/13/26 23:43:47 - 0:18:43 - Epoch 823: train_loss=0.2943226993083954, train_acc= 90.24%
INFO - 09/13/26 23:43:47 - 0:18:43 - Epoch 824: train_loss=0.290961354970932, train_acc= 90.09%
INFO - 09/13/26 23:43:47 - 0:18:43 - Epoch 825: train_loss=0.2972967028617859, train_acc= 90.06%
INFO - 09/13/26 23:43:47 - 0:18:43 - Epoch 825: val_loss=0.5335389375686646, val_acc= 85.13%,val_weighted_f1= 85.15,val_macro_f1= 83.78%
INFO - 09/13/26 23:43:48 - 0:18:43 - Epoch 826: train_loss=0.29223939776420593, train_acc= 90.51%
INFO - 09/13/26 23:43:48 - 0:18:43 - Epoch 827: train_loss=0.2920210361480713, train_acc= 90.04%
INFO - 09/13/26 23:43:48 - 0:18:44 - Epoch 828: train_loss=0.2963741421699524, train_acc= 90.14%
INFO - 09/13/26 23:43:48 - 0:18:44 - Epoch 829: train_loss=0.2909538149833679, train_acc= 89.84%
INFO - 09/13/26 23:43:48 - 0:18:44 - Epoch 830: train_loss=0.29321467876434326, train_acc= 90.37%
INFO - 09/13/26 23:43:48 - 0:18:44 - Epoch 830: val_loss=0.5358208417892456, val_acc= 84.96%,val_weighted_f1= 84.98,val_macro_f1= 83.72%
EarlyStopping counter: 1 out of 15
INFO - 09/13/26 23:43:49 - 0:18:44 - Epoch 831: train_loss=0.28101736307144165, train_acc= 90.51%
INFO - 09/13/26 23:43:49 - 0:18:44 - Epoch 832: train_loss=0.2803512215614319, train_acc= 90.37%
INFO - 09/13/26 23:43:49 - 0:18:45 - Epoch 833: train_loss=0.2911362946033478, train_acc= 90.12%
INFO - 09/13/26 23:43:49 - 0:18:45 - Epoch 834: train_loss=0.28755104541778564, train_acc= 90.60%
INFO - 09/13/26 23:43:49 - 0:18:45 - Epoch 835: train_loss=0.28827837109565735, train_acc= 90.07%
INFO - 09/13/26 23:43:50 - 0:18:45 - Epoch 835: val_loss=0.5394894480705261, val_acc= 85.00%,val_weighted_f1= 84.98,val_macro_f1= 83.67%
EarlyStopping counter: 2 out of 15
INFO - 09/13/26 23:43:50 - 0:18:45 - Epoch 836: train_loss=0.2932245433330536, train_acc= 90.12%
INFO - 09/13/26 23:43:50 - 0:18:46 - Epoch 837: train_loss=0.28250423073768616, train_acc= 90.33%
INFO - 09/13/26 23:43:50 - 0:18:46 - Epoch 838: train_loss=0.2872946262359619, train_acc= 90.22%
INFO - 09/13/26 23:43:50 - 0:18:46 - Epoch 839: train_loss=0.28948283195495605, train_acc= 90.36%
INFO - 09/13/26 23:43:51 - 0:18:46 - Epoch 840: train_loss=0.28382954001426697, train_acc= 90.47%
INFO - 09/13/26 23:43:51 - 0:18:46 - Epoch 840: val_loss=0.5366888642311096, val_acc= 85.04%,val_weighted_f1= 85.06,val_macro_f1= 83.66%
EarlyStopping counter: 3 out of 15
INFO - 09/13/26 23:43:51 - 0:18:46 - Epoch 841: train_loss=0.2942344844341278, train_acc= 90.00%
INFO - 09/13/26 23:43:51 - 0:18:47 - Epoch 842: train_loss=0.2915134131908417, train_acc= 89.97%
INFO - 09/13/26 23:43:51 - 0:18:47 - Epoch 843: train_loss=0.2925530672073364, train_acc= 89.89%
INFO - 09/13/26 23:43:51 - 0:18:47 - Epoch 844: train_loss=0.2853066921234131, train_acc= 90.51%
INFO - 09/13/26 23:43:52 - 0:18:47 - Epoch 845: train_loss=0.2774289846420288, train_acc= 90.63%
INFO - 09/13/26 23:43:52 - 0:18:47 - Epoch 845: val_loss=0.5382672548294067, val_acc= 84.83%,val_weighted_f1= 84.83,val_macro_f1= 83.27%
EarlyStopping counter: 4 out of 15
INFO - 09/13/26 23:43:52 - 0:18:47 - Epoch 846: train_loss=0.28839486837387085, train_acc= 90.17%
INFO - 09/13/26 23:43:52 - 0:18:48 - Epoch 847: train_loss=0.28318899869918823, train_acc= 90.69%
INFO - 09/13/26 23:43:52 - 0:18:48 - Epoch 848: train_loss=0.28223544359207153, train_acc= 90.56%
INFO - 09/13/26 23:43:52 - 0:18:48 - Epoch 849: train_loss=0.28557083010673523, train_acc= 90.66%
INFO - 09/13/26 23:43:53 - 0:18:48 - Epoch 850: train_loss=0.27804744243621826, train_acc= 90.56%
INFO - 09/13/26 23:43:53 - 0:18:48 - Epoch 850: val_loss=0.5403667688369751, val_acc= 84.83%,val_weighted_f1= 84.83,val_macro_f1= 83.48%
EarlyStopping counter: 5 out of 15
INFO - 09/13/26 23:43:53 - 0:18:49 - Epoch 851: train_loss=0.28526148200035095, train_acc= 90.49%
INFO - 09/13/26 23:43:53 - 0:18:49 - Epoch 852: train_loss=0.2804466485977173, train_acc= 90.57%
INFO - 09/13/26 23:43:53 - 0:18:49 - Epoch 853: train_loss=0.2824057638645172, train_acc= 90.60%
INFO - 09/13/26 23:43:54 - 0:18:49 - Epoch 854: train_loss=0.2807454466819763, train_acc= 90.57%
INFO - 09/13/26 23:43:54 - 0:18:49 - Epoch 855: train_loss=0.28814366459846497, train_acc= 90.10%
INFO - 09/13/26 23:43:54 - 0:18:49 - Epoch 855: val_loss=0.5410035848617554, val_acc= 85.04%,val_weighted_f1= 85.07,val_macro_f1= 83.53%
EarlyStopping counter: 6 out of 15
INFO - 09/13/26 23:43:54 - 0:18:50 - Epoch 856: train_loss=0.2861114740371704, train_acc= 90.53%
INFO - 09/13/26 23:43:54 - 0:18:50 - Epoch 857: train_loss=0.28023460507392883, train_acc= 90.70%
INFO - 09/13/26 23:43:54 - 0:18:50 - Epoch 858: train_loss=0.27889686822891235, train_acc= 90.88%
INFO - 09/13/26 23:43:55 - 0:18:50 - Epoch 859: train_loss=0.27839040756225586, train_acc= 90.50%
INFO - 09/13/26 23:43:55 - 0:18:50 - Epoch 860: train_loss=0.2799912691116333, train_acc= 90.31%
INFO - 09/13/26 23:43:55 - 0:18:50 - Epoch 860: val_loss=0.5405756235122681, val_acc= 84.70%,val_weighted_f1= 84.72,val_macro_f1= 83.29%
EarlyStopping counter: 7 out of 15
INFO - 09/13/26 23:43:55 - 0:18:51 - Epoch 861: train_loss=0.28955167531967163, train_acc= 90.14%
INFO - 09/13/26 23:43:55 - 0:18:51 - Epoch 862: train_loss=0.27954745292663574, train_acc= 90.63%
INFO - 09/13/26 23:43:55 - 0:18:51 - Epoch 863: train_loss=0.27625295519828796, train_acc= 90.34%
INFO - 09/13/26 23:43:56 - 0:18:51 - Epoch 864: train_loss=0.27943989634513855, train_acc= 90.39%
INFO - 09/13/26 23:43:56 - 0:18:52 - Epoch 865: train_loss=0.2732883095741272, train_acc= 90.64%
INFO - 09/13/26 23:43:56 - 0:18:52 - Epoch 865: val_loss=0.5421342849731445, val_acc= 84.53%,val_weighted_f1= 84.56,val_macro_f1= 83.33%
EarlyStopping counter: 8 out of 15
INFO - 09/13/26 23:43:56 - 0:18:52 - Epoch 866: train_loss=0.2787669599056244, train_acc= 90.51%
INFO - 09/13/26 23:43:56 - 0:18:52 - Epoch 867: train_loss=0.2831695079803467, train_acc= 90.36%
INFO - 09/13/26 23:43:57 - 0:18:52 - Epoch 868: train_loss=0.28121158480644226, train_acc= 90.74%
INFO - 09/13/26 23:43:57 - 0:18:52 - Epoch 869: train_loss=0.2753705680370331, train_acc= 90.93%
INFO - 09/13/26 23:43:57 - 0:18:53 - Epoch 870: train_loss=0.2816726565361023, train_acc= 90.84%
INFO - 09/13/26 23:43:57 - 0:18:53 - Epoch 870: val_loss=0.5420594811439514, val_acc= 85.13%,val_weighted_f1= 85.15,val_macro_f1= 83.83%
INFO - 09/13/26 23:43:57 - 0:18:53 - Epoch 871: train_loss=0.2723107635974884, train_acc= 90.71%
INFO - 09/13/26 23:43:57 - 0:18:53 - Epoch 872: train_loss=0.2805121839046478, train_acc= 90.50%
INFO - 09/13/26 23:43:58 - 0:18:53 - Epoch 873: train_loss=0.2750954329967499, train_acc= 90.80%
INFO - 09/13/26 23:43:58 - 0:18:53 - Epoch 874: train_loss=0.2749202847480774, train_acc= 90.81%
INFO - 09/13/26 23:43:58 - 0:18:54 - Epoch 875: train_loss=0.2794354557991028, train_acc= 90.37%
INFO - 09/13/26 23:43:58 - 0:18:54 - Epoch 875: val_loss=0.5439354777336121, val_acc= 84.79%,val_weighted_f1= 84.78,val_macro_f1= 83.29%
EarlyStopping counter: 1 out of 15
INFO - 09/13/26 23:43:58 - 0:18:54 - Epoch 876: train_loss=0.277321457862854, train_acc= 90.69%
INFO - 09/13/26 23:43:59 - 0:18:54 - Epoch 877: train_loss=0.2763572633266449, train_acc= 90.84%
INFO - 09/13/26 23:43:59 - 0:18:54 - Epoch 878: train_loss=0.2755659818649292, train_acc= 90.57%
INFO - 09/13/26 23:43:59 - 0:18:55 - Epoch 879: train_loss=0.27013710141181946, train_acc= 90.88%
INFO - 09/13/26 23:43:59 - 0:18:55 - Epoch 880: train_loss=0.2787051200866699, train_acc= 90.43%
INFO - 09/13/26 23:43:59 - 0:18:55 - Epoch 880: val_loss=0.5466322302818298, val_acc= 84.83%,val_weighted_f1= 84.86,val_macro_f1= 83.39%
EarlyStopping counter: 2 out of 15
INFO - 09/13/26 23:43:59 - 0:18:55 - Epoch 881: train_loss=0.27213913202285767, train_acc= 90.94%
INFO - 09/13/26 23:44:00 - 0:18:55 - Epoch 882: train_loss=0.27928271889686584, train_acc= 90.49%
INFO - 09/13/26 23:44:00 - 0:18:55 - Epoch 883: train_loss=0.2736130654811859, train_acc= 90.69%
INFO - 09/13/26 23:44:00 - 0:18:56 - Epoch 884: train_loss=0.27287277579307556, train_acc= 90.63%
INFO - 09/13/26 23:44:00 - 0:18:56 - Epoch 885: train_loss=0.2763110399246216, train_acc= 90.43%
INFO - 09/13/26 23:44:00 - 0:18:56 - Epoch 885: val_loss=0.547061562538147, val_acc= 84.96%,val_weighted_f1= 84.98,val_macro_f1= 83.56%
EarlyStopping counter: 3 out of 15
INFO - 09/13/26 23:44:01 - 0:18:56 - Epoch 886: train_loss=0.2748510539531708, train_acc= 90.73%
INFO - 09/13/26 23:44:01 - 0:18:56 - Epoch 887: train_loss=0.27513712644577026, train_acc= 90.49%
INFO - 09/13/26 23:44:01 - 0:18:56 - Epoch 888: train_loss=0.2660385072231293, train_acc= 91.24%
INFO - 09/13/26 23:44:01 - 0:18:57 - Epoch 889: train_loss=0.27818813920021057, train_acc= 90.54%
INFO - 09/13/26 23:44:01 - 0:18:57 - Epoch 890: train_loss=0.2739798128604889, train_acc= 90.83%
INFO - 09/13/26 23:44:01 - 0:18:57 - Epoch 890: val_loss=0.5495344400405884, val_acc= 84.57%,val_weighted_f1= 84.61,val_macro_f1= 83.15%
EarlyStopping counter: 4 out of 15
INFO - 09/13/26 23:44:02 - 0:18:57 - Epoch 891: train_loss=0.27252405881881714, train_acc= 90.97%
INFO - 09/13/26 23:44:02 - 0:18:57 - Epoch 892: train_loss=0.2721962630748749, train_acc= 90.57%
INFO - 09/13/26 23:44:02 - 0:18:58 - Epoch 893: train_loss=0.26905226707458496, train_acc= 90.84%
INFO - 09/13/26 23:44:02 - 0:18:58 - Epoch 894: train_loss=0.26551878452301025, train_acc= 91.01%
INFO - 09/13/26 23:44:02 - 0:18:58 - Epoch 895: train_loss=0.2705121636390686, train_acc= 90.97%
INFO - 09/13/26 23:44:03 - 0:18:58 - Epoch 895: val_loss=0.5470845699310303, val_acc= 84.83%,val_weighted_f1= 84.86,val_macro_f1= 83.38%
EarlyStopping counter: 5 out of 15
INFO - 09/13/26 23:44:03 - 0:18:58 - Epoch 896: train_loss=0.26665470004081726, train_acc= 90.77%
INFO - 09/13/26 23:44:03 - 0:18:58 - Epoch 897: train_loss=0.2683217525482178, train_acc= 91.10%
INFO - 09/13/26 23:44:03 - 0:18:59 - Epoch 898: train_loss=0.26663708686828613, train_acc= 91.13%
INFO - 09/13/26 23:44:03 - 0:18:59 - Epoch 899: train_loss=0.2730700671672821, train_acc= 90.61%
INFO - 09/13/26 23:44:04 - 0:18:59 - Epoch 900: train_loss=0.2710992991924286, train_acc= 90.67%
INFO - 09/13/26 23:44:04 - 0:18:59 - Epoch 900: val_loss=0.5475924015045166, val_acc= 85.00%,val_weighted_f1= 85.04,val_macro_f1= 83.72%
EarlyStopping counter: 6 out of 15
INFO - 09/13/26 23:44:04 - 0:18:59 - Epoch 901: train_loss=0.26934969425201416, train_acc= 91.01%
INFO - 09/13/26 23:44:04 - 0:18:59 - Epoch 902: train_loss=0.27169525623321533, train_acc= 91.03%
INFO - 09/13/26 23:44:04 - 0:19:00 - Epoch 903: train_loss=0.2653794586658478, train_acc= 91.14%
INFO - 09/13/26 23:44:04 - 0:19:00 - Epoch 904: train_loss=0.2639688551425934, train_acc= 91.24%
INFO - 09/13/26 23:44:05 - 0:19:00 - Epoch 905: train_loss=0.2713907063007355, train_acc= 90.39%
INFO - 09/13/26 23:44:05 - 0:19:00 - Epoch 905: val_loss=0.5507618188858032, val_acc= 84.87%,val_weighted_f1= 84.91,val_macro_f1= 83.57%
EarlyStopping counter: 7 out of 15
INFO - 09/13/26 23:44:05 - 0:19:00 - Epoch 906: train_loss=0.26952701807022095, train_acc= 90.80%
INFO - 09/13/26 23:44:05 - 0:19:01 - Epoch 907: train_loss=0.2670838236808777, train_acc= 90.83%
INFO - 09/13/26 23:44:05 - 0:19:01 - Epoch 908: train_loss=0.2649291753768921, train_acc= 91.04%
INFO - 09/13/26 23:44:05 - 0:19:01 - Epoch 909: train_loss=0.2622568607330322, train_acc= 91.21%
INFO - 09/13/26 23:44:06 - 0:19:01 - Epoch 910: train_loss=0.2618024945259094, train_acc= 91.08%
INFO - 09/13/26 23:44:06 - 0:19:01 - Epoch 910: val_loss=0.5518473982810974, val_acc= 84.74%,val_weighted_f1= 84.79,val_macro_f1= 83.27%
EarlyStopping counter: 8 out of 15
INFO - 09/13/26 23:44:06 - 0:19:01 - Epoch 911: train_loss=0.26806896924972534, train_acc= 90.86%
INFO - 09/13/26 23:44:06 - 0:19:02 - Epoch 912: train_loss=0.2680453062057495, train_acc= 90.96%
INFO - 09/13/26 23:44:06 - 0:19:02 - Epoch 913: train_loss=0.27246594429016113, train_acc= 91.13%
INFO - 09/13/26 23:44:07 - 0:19:02 - Epoch 914: train_loss=0.2644352614879608, train_acc= 91.10%
INFO - 09/13/26 23:44:07 - 0:19:02 - Epoch 915: train_loss=0.26204249262809753, train_acc= 91.31%
INFO - 09/13/26 23:44:07 - 0:19:02 - Epoch 915: val_loss=0.5522208213806152, val_acc= 84.70%,val_weighted_f1= 84.75,val_macro_f1= 83.30%
EarlyStopping counter: 9 out of 15
INFO - 09/13/26 23:44:07 - 0:19:03 - Epoch 916: train_loss=0.2650424540042877, train_acc= 91.07%
INFO - 09/13/26 23:44:07 - 0:19:03 - Epoch 917: train_loss=0.26302865147590637, train_acc= 91.10%
INFO - 09/13/26 23:44:07 - 0:19:03 - Epoch 918: train_loss=0.262920081615448, train_acc= 90.94%
INFO - 09/13/26 23:44:08 - 0:19:03 - Epoch 919: train_loss=0.2691144049167633, train_acc= 90.90%
INFO - 09/13/26 23:44:08 - 0:19:03 - Epoch 920: train_loss=0.2584318518638611, train_acc= 91.07%
INFO - 09/13/26 23:44:08 - 0:19:03 - Epoch 920: val_loss=0.552215576171875, val_acc= 84.91%,val_weighted_f1= 84.94,val_macro_f1= 83.66%
EarlyStopping counter: 10 out of 15
INFO - 09/13/26 23:44:08 - 0:19:04 - Epoch 921: train_loss=0.2661702632904053, train_acc= 90.91%
INFO - 09/13/26 23:44:08 - 0:19:04 - Epoch 922: train_loss=0.2620398700237274, train_acc= 91.10%
INFO - 09/13/26 23:44:09 - 0:19:04 - Epoch 923: train_loss=0.2594318091869354, train_acc= 91.16%
INFO - 09/13/26 23:44:09 - 0:19:04 - Epoch 924: train_loss=0.26002204418182373, train_acc= 91.41%
INFO - 09/13/26 23:44:09 - 0:19:04 - Epoch 925: train_loss=0.2591553330421448, train_acc= 91.14%
INFO - 09/13/26 23:44:09 - 0:19:04 - Epoch 925: val_loss=0.5534427762031555, val_acc= 84.53%,val_weighted_f1= 84.58,val_macro_f1= 83.28%
EarlyStopping counter: 11 out of 15
INFO - 09/13/26 23:44:09 - 0:19:05 - Epoch 926: train_loss=0.2603182792663574, train_acc= 91.38%
INFO - 09/13/26 23:44:09 - 0:19:05 - Epoch 927: train_loss=0.25507882237434387, train_acc= 91.53%
INFO - 09/13/26 23:44:10 - 0:19:05 - Epoch 928: train_loss=0.26125308871269226, train_acc= 91.25%
INFO - 09/13/26 23:44:10 - 0:19:05 - Epoch 929: train_loss=0.25505903363227844, train_acc= 91.43%
INFO - 09/13/26 23:44:10 - 0:19:05 - Epoch 930: train_loss=0.26996710896492004, train_acc= 90.73%
INFO - 09/13/26 23:44:10 - 0:19:06 - Epoch 930: val_loss=0.5524004101753235, val_acc= 84.74%,val_weighted_f1= 84.75,val_macro_f1= 83.19%
EarlyStopping counter: 12 out of 15
INFO - 09/13/26 23:44:10 - 0:19:06 - Epoch 931: train_loss=0.26267367601394653, train_acc= 91.00%
INFO - 09/13/26 23:44:10 - 0:19:06 - Epoch 932: train_loss=0.25982198119163513, train_acc= 91.40%
INFO - 09/13/26 23:44:11 - 0:19:06 - Epoch 933: train_loss=0.2533731460571289, train_acc= 91.63%
INFO - 09/13/26 23:44:11 - 0:19:06 - Epoch 934: train_loss=0.2569136917591095, train_acc= 91.60%
INFO - 09/13/26 23:44:11 - 0:19:07 - Epoch 935: train_loss=0.2604014575481415, train_acc= 91.13%
INFO - 09/13/26 23:44:11 - 0:19:07 - Epoch 935: val_loss=0.5565510392189026, val_acc= 85.04%,val_weighted_f1= 85.06,val_macro_f1= 83.39%
EarlyStopping counter: 13 out of 15
INFO - 09/13/26 23:44:11 - 0:19:07 - Epoch 936: train_loss=0.25792360305786133, train_acc= 91.28%
INFO - 09/13/26 23:44:12 - 0:19:07 - Epoch 937: train_loss=0.25067538022994995, train_acc= 91.57%
INFO - 09/13/26 23:44:12 - 0:19:07 - Epoch 938: train_loss=0.25936901569366455, train_acc= 91.13%
INFO - 09/13/26 23:44:12 - 0:19:07 - Epoch 939: train_loss=0.25631698966026306, train_acc= 91.24%
INFO - 09/13/26 23:44:12 - 0:19:08 - Epoch 940: train_loss=0.25559380650520325, train_acc= 91.33%
INFO - 09/13/26 23:44:12 - 0:19:08 - Epoch 940: val_loss=0.5561464428901672, val_acc= 84.91%,val_weighted_f1= 84.95,val_macro_f1= 83.63%
EarlyStopping counter: 14 out of 15
INFO - 09/13/26 23:44:12 - 0:19:08 - Epoch 941: train_loss=0.25430944561958313, train_acc= 91.33%
INFO - 09/13/26 23:44:13 - 0:19:08 - Epoch 942: train_loss=0.2519232928752899, train_acc= 91.10%
INFO - 09/13/26 23:44:13 - 0:19:08 - Epoch 943: train_loss=0.25483620166778564, train_acc= 91.60%
INFO - 09/13/26 23:44:13 - 0:19:09 - Epoch 944: train_loss=0.2592664361000061, train_acc= 91.03%
INFO - 09/13/26 23:44:13 - 0:19:09 - Epoch 945: train_loss=0.2560102939605713, train_acc= 91.04%
INFO - 09/13/26 23:44:13 - 0:19:09 - Epoch 945: val_loss=0.5541685223579407, val_acc= 84.62%,val_weighted_f1= 84.65,val_macro_f1= 83.37%
EarlyStopping counter: 15 out of 15
---------Early stopping--------
INFO - 09/13/26 23:44:13 - 0:19:09 - --------------Testing--------------------
INFO - 09/13/26 23:44:13 - 0:19:09 - --------------Loading from ./checkpoints/NC_WikiCS_model.pt--------------------
INFO - 09/13/26 23:44:13 - 0:19:09 - test_acc= 85.51%, weighted_f1= 85.45,macro_f1= 84.15%
INFO - 09/13/26 23:44:13 - 0:19:09 - test_acc= 85.51%, weighted_f1= 85.45,macro_f1= 84.15%
INFO - 09/13/26 23:44:14 - 0:19:09 - Epoch 0: train_loss=2.445884943008423, train_acc= 7.66%
INFO - 09/13/26 23:44:14 - 0:19:09 - Epoch 0: val_loss=2.3584837913513184, val_acc= 7.95%,val_weighted_f1= 1.97,val_macro_f1= 1.79%
INFO - 09/13/26 23:44:14 - 0:19:09 - Epoch 1: train_loss=2.373236894607544, train_acc= 9.64%
INFO - 09/13/26 23:44:14 - 0:19:10 - Epoch 2: train_loss=2.3073065280914307, train_acc= 13.52%
INFO - 09/13/26 23:44:14 - 0:19:10 - Epoch 3: train_loss=2.2479496002197266, train_acc= 18.16%
INFO - 09/13/26 23:44:14 - 0:19:10 - Epoch 4: train_loss=2.196486473083496, train_acc= 20.75%
INFO - 09/13/26 23:44:15 - 0:19:10 - Epoch 5: train_loss=2.157284736633301, train_acc= 23.12%
INFO - 09/13/26 23:44:15 - 0:19:10 - Epoch 5: val_loss=2.1052162647247314, val_acc= 24.36%,val_weighted_f1= 13.40,val_macro_f1= 6.34%
INFO - 09/13/26 23:44:15 - 0:19:10 - Epoch 6: train_loss=2.1237998008728027, train_acc= 24.10%
INFO - 09/13/26 23:44:15 - 0:19:11 - Epoch 7: train_loss=2.1007912158966064, train_acc= 24.85%
INFO - 09/13/26 23:44:15 - 0:19:11 - Epoch 8: train_loss=2.0749762058258057, train_acc= 25.68%
INFO - 09/13/26 23:44:16 - 0:19:11 - Epoch 9: train_loss=2.0604114532470703, train_acc= 26.36%
INFO - 09/13/26 23:44:16 - 0:19:11 - Epoch 10: train_loss=2.049919366836548, train_acc= 26.55%
INFO - 09/13/26 23:44:16 - 0:19:11 - Epoch 10: val_loss=2.0347557067871094, val_acc= 27.22%,val_weighted_f1= 16.81,val_macro_f1= 8.22%
INFO - 09/13/26 23:44:16 - 0:19:12 - Epoch 11: train_loss=2.038210391998291, train_acc= 27.55%
INFO - 09/13/26 23:44:16 - 0:19:12 - Epoch 12: train_loss=2.0300276279449463, train_acc= 28.04%
INFO - 09/13/26 23:44:16 - 0:19:12 - Epoch 13: train_loss=2.0245847702026367, train_acc= 28.74%
INFO - 09/13/26 23:44:17 - 0:19:12 - Epoch 14: train_loss=2.01407527923584, train_acc= 29.20%
INFO - 09/13/26 23:44:17 - 0:19:12 - Epoch 15: train_loss=2.0091805458068848, train_acc= 29.57%
INFO - 09/13/26 23:44:17 - 0:19:12 - Epoch 15: val_loss=1.998051643371582, val_acc= 30.73%,val_weighted_f1= 22.04,val_macro_f1= 11.30%
INFO - 09/13/26 23:44:17 - 0:19:13 - Epoch 16: train_loss=2.002579927444458, train_acc= 29.85%
INFO - 09/13/26 23:44:17 - 0:19:13 - Epoch 17: train_loss=1.9888505935668945, train_acc= 30.07%
INFO - 09/13/26 23:44:18 - 0:19:13 - Epoch 18: train_loss=1.9792208671569824, train_acc= 30.52%
INFO - 09/13/26 23:44:18 - 0:19:13 - Epoch 19: train_loss=1.9690608978271484, train_acc= 31.49%
INFO - 09/13/26 23:44:18 - 0:19:13 - Epoch 20: train_loss=1.960928201675415, train_acc= 31.41%
INFO - 09/13/26 23:44:18 - 0:19:13 - Epoch 20: val_loss=1.9428974390029907, val_acc= 32.44%,val_weighted_f1= 23.36,val_macro_f1= 12.02%
INFO - 09/13/26 23:44:18 - 0:19:14 - Epoch 21: train_loss=1.9509857892990112, train_acc= 31.96%
INFO - 09/13/26 23:44:18 - 0:19:14 - Epoch 22: train_loss=1.9407457113265991, train_acc= 33.02%
INFO - 09/13/26 23:44:19 - 0:19:14 - Epoch 23: train_loss=1.9294791221618652, train_acc= 33.66%
INFO - 09/13/26 23:44:19 - 0:19:14 - Epoch 24: train_loss=1.9216947555541992, train_acc= 33.93%
INFO - 09/13/26 23:44:19 - 0:19:14 - Epoch 25: train_loss=1.909846544265747, train_acc= 34.82%
INFO - 09/13/26 23:44:19 - 0:19:15 - Epoch 25: val_loss=1.8871266841888428, val_acc= 34.49%,val_weighted_f1= 25.58,val_macro_f1= 13.43%
INFO - 09/13/26 23:44:19 - 0:19:15 - Epoch 26: train_loss=1.9022303819656372, train_acc= 35.24%
INFO - 09/13/26 23:44:19 - 0:19:15 - Epoch 27: train_loss=1.8948554992675781, train_acc= 35.44%
INFO - 09/13/26 23:44:20 - 0:19:15 - Epoch 28: train_loss=1.8852449655532837, train_acc= 36.58%
INFO - 09/13/26 23:44:20 - 0:19:15 - Epoch 29: train_loss=1.8699220418930054, train_acc= 37.29%
INFO - 09/13/26 23:44:20 - 0:19:16 - Epoch 30: train_loss=1.8607420921325684, train_acc= 37.86%
INFO - 09/13/26 23:44:20 - 0:19:16 - Epoch 30: val_loss=1.833221673965454, val_acc= 39.83%,val_weighted_f1= 31.67,val_macro_f1= 17.24%
INFO - 09/13/26 23:44:20 - 0:19:16 - Epoch 31: train_loss=1.8526405096054077, train_acc= 38.34%
INFO - 09/13/26 23:44:21 - 0:19:16 - Epoch 32: train_loss=1.8364924192428589, train_acc= 40.02%
INFO - 09/13/26 23:44:21 - 0:19:16 - Epoch 33: train_loss=1.8320770263671875, train_acc= 40.44%
INFO - 09/13/26 23:44:21 - 0:19:16 - Epoch 34: train_loss=1.8210971355438232, train_acc= 40.91%
INFO - 09/13/26 23:44:21 - 0:19:17 - Epoch 35: train_loss=1.8085522651672363, train_acc= 42.16%
INFO - 09/13/26 23:44:21 - 0:19:17 - Epoch 35: val_loss=1.7762296199798584, val_acc= 44.36%,val_weighted_f1= 36.20,val_macro_f1= 20.09%
INFO - 09/13/26 23:44:21 - 0:19:17 - Epoch 36: train_loss=1.8013585805892944, train_acc= 41.86%
INFO - 09/13/26 23:44:22 - 0:19:17 - Epoch 37: train_loss=1.7888303995132446, train_acc= 43.13%
INFO - 09/13/26 23:44:22 - 0:19:17 - Epoch 38: train_loss=1.777185320854187, train_acc= 43.53%
INFO - 09/13/26 23:44:22 - 0:19:17 - Epoch 39: train_loss=1.7624635696411133, train_acc= 45.02%
INFO - 09/13/26 23:44:22 - 0:19:18 - Epoch 40: train_loss=1.7512494325637817, train_acc= 45.34%
INFO - 09/13/26 23:44:22 - 0:19:18 - Epoch 40: val_loss=1.71137273311615, val_acc= 48.85%,val_weighted_f1= 40.44,val_macro_f1= 22.71%
INFO - 09/13/26 23:44:23 - 0:19:18 - Epoch 41: train_loss=1.742236614227295, train_acc= 46.20%
INFO - 09/13/26 23:44:23 - 0:19:18 - Epoch 42: train_loss=1.7275112867355347, train_acc= 46.50%
INFO - 09/13/26 23:44:23 - 0:19:18 - Epoch 43: train_loss=1.7130157947540283, train_acc= 48.16%
INFO - 09/13/26 23:44:23 - 0:19:19 - Epoch 44: train_loss=1.699226975440979, train_acc= 48.51%
INFO - 09/13/26 23:44:23 - 0:19:19 - Epoch 45: train_loss=1.6846001148223877, train_acc= 49.04%
INFO - 09/13/26 23:44:23 - 0:19:19 - Epoch 45: val_loss=1.6398024559020996, val_acc= 52.26%,val_weighted_f1= 43.62,val_macro_f1= 24.85%
INFO - 09/13/26 23:44:24 - 0:19:19 - Epoch 46: train_loss=1.6710326671600342, train_acc= 49.78%
INFO - 09/13/26 23:44:24 - 0:19:19 - Epoch 47: train_loss=1.6614437103271484, train_acc= 49.81%
INFO - 09/13/26 23:44:24 - 0:19:19 - Epoch 48: train_loss=1.6401631832122803, train_acc= 50.52%
INFO - 09/13/26 23:44:24 - 0:19:20 - Epoch 49: train_loss=1.6293668746948242, train_acc= 51.15%
INFO - 09/13/26 23:44:24 - 0:19:20 - Epoch 50: train_loss=1.617759108543396, train_acc= 51.10%
INFO - 09/13/26 23:44:24 - 0:19:20 - Epoch 50: val_loss=1.560789704322815, val_acc= 53.85%,val_weighted_f1= 44.94,val_macro_f1= 25.77%
INFO - 09/13/26 23:44:25 - 0:19:20 - Epoch 51: train_loss=1.6016592979431152, train_acc= 51.72%
INFO - 09/13/26 23:44:25 - 0:19:20 - Epoch 52: train_loss=1.5842729806900024, train_acc= 52.02%
INFO - 09/13/26 23:44:25 - 0:19:21 - Epoch 53: train_loss=1.572410225868225, train_acc= 52.59%
INFO - 09/13/26 23:44:25 - 0:19:21 - Epoch 54: train_loss=1.5558063983917236, train_acc= 53.11%
INFO - 09/13/26 23:44:25 - 0:19:21 - Epoch 55: train_loss=1.538008213043213, train_acc= 53.20%
INFO - 09/13/26 23:44:26 - 0:19:21 - Epoch 55: val_loss=1.473889946937561, val_acc= 55.68%,val_weighted_f1= 46.74,val_macro_f1= 27.10%
INFO - 09/13/26 23:44:26 - 0:19:21 - Epoch 56: train_loss=1.5204216241836548, train_acc= 53.71%
INFO - 09/13/26 23:44:26 - 0:19:21 - Epoch 57: train_loss=1.5039088726043701, train_acc= 54.02%
INFO - 09/13/26 23:44:26 - 0:19:22 - Epoch 58: train_loss=1.4878106117248535, train_acc= 53.98%
INFO - 09/13/26 23:44:26 - 0:19:22 - Epoch 59: train_loss=1.4689111709594727, train_acc= 54.95%
INFO - 09/13/26 23:44:27 - 0:19:22 - Epoch 60: train_loss=1.4561386108398438, train_acc= 55.05%
INFO - 09/13/26 23:44:27 - 0:19:22 - Epoch 60: val_loss=1.383141279220581, val_acc= 56.58%,val_weighted_f1= 47.72,val_macro_f1= 27.97%
INFO - 09/13/26 23:44:27 - 0:19:22 - Epoch 61: train_loss=1.4387340545654297, train_acc= 55.45%
INFO - 09/13/26 23:44:27 - 0:19:23 - Epoch 62: train_loss=1.4222760200500488, train_acc= 55.60%
INFO - 09/13/26 23:44:27 - 0:19:23 - Epoch 63: train_loss=1.4059038162231445, train_acc= 55.97%
INFO - 09/13/26 23:44:27 - 0:19:23 - Epoch 64: train_loss=1.3944071531295776, train_acc= 56.16%
INFO - 09/13/26 23:44:28 - 0:19:23 - Epoch 65: train_loss=1.3669075965881348, train_acc= 56.60%
INFO - 09/13/26 23:44:28 - 0:19:23 - Epoch 65: val_loss=1.2941604852676392, val_acc= 58.55%,val_weighted_f1= 50.17,val_macro_f1= 30.38%
INFO - 09/13/26 23:44:28 - 0:19:23 - Epoch 66: train_loss=1.354367733001709, train_acc= 57.03%
INFO - 09/13/26 23:44:28 - 0:19:24 - Epoch 67: train_loss=1.3407716751098633, train_acc= 56.93%
INFO - 09/13/26 23:44:28 - 0:19:24 - Epoch 68: train_loss=1.3216956853866577, train_acc= 57.17%
INFO - 09/13/26 23:44:28 - 0:19:24 - Epoch 69: train_loss=1.309184193611145, train_acc= 58.05%
INFO - 09/13/26 23:44:29 - 0:19:24 - Epoch 70: train_loss=1.2896088361740112, train_acc= 58.44%
INFO - 09/13/26 23:44:29 - 0:19:24 - Epoch 70: val_loss=1.2110573053359985, val_acc= 60.68%,val_weighted_f1= 53.34,val_macro_f1= 34.04%
INFO - 09/13/26 23:44:29 - 0:19:25 - Epoch 71: train_loss=1.2776461839675903, train_acc= 58.87%
INFO - 09/13/26 23:44:29 - 0:19:25 - Epoch 72: train_loss=1.2602193355560303, train_acc= 58.84%
INFO - 09/13/26 23:44:29 - 0:19:25 - Epoch 73: train_loss=1.248441219329834, train_acc= 59.36%
INFO - 09/13/26 23:44:30 - 0:19:25 - Epoch 74: train_loss=1.2366564273834229, train_acc= 59.64%
INFO - 09/13/26 23:44:30 - 0:19:25 - Epoch 75: train_loss=1.2192248106002808, train_acc= 60.43%
INFO - 09/13/26 23:44:30 - 0:19:25 - Epoch 75: val_loss=1.1360312700271606, val_acc= 62.61%,val_weighted_f1= 56.18,val_macro_f1= 37.73%
INFO - 09/13/26 23:44:30 - 0:19:26 - Epoch 76: train_loss=1.2073642015457153, train_acc= 60.43%
INFO - 09/13/26 23:44:30 - 0:19:26 - Epoch 77: train_loss=1.1898508071899414, train_acc= 61.46%
INFO - 09/13/26 23:44:30 - 0:19:26 - Epoch 78: train_loss=1.1783689260482788, train_acc= 61.43%
INFO - 09/13/26 23:44:31 - 0:19:26 - Epoch 79: train_loss=1.1668857336044312, train_acc= 61.89%
INFO - 09/13/26 23:44:31 - 0:19:26 - Epoch 80: train_loss=1.1532504558563232, train_acc= 62.20%
INFO - 09/13/26 23:44:31 - 0:19:27 - Epoch 80: val_loss=1.0710148811340332, val_acc= 65.04%,val_weighted_f1= 59.90,val_macro_f1= 42.41%
INFO - 09/13/26 23:44:31 - 0:19:27 - Epoch 81: train_loss=1.1369599103927612, train_acc= 63.10%
INFO - 09/13/26 23:44:31 - 0:19:27 - Epoch 82: train_loss=1.1298696994781494, train_acc= 62.88%
INFO - 09/13/26 23:44:32 - 0:19:27 - Epoch 83: train_loss=1.115317702293396, train_acc= 63.50%
INFO - 09/13/26 23:44:32 - 0:19:27 - Epoch 84: train_loss=1.1025859117507935, train_acc= 64.22%
INFO - 09/13/26 23:44:32 - 0:19:27 - Epoch 85: train_loss=1.0927143096923828, train_acc= 64.36%
INFO - 09/13/26 23:44:32 - 0:19:28 - Epoch 85: val_loss=1.0140326023101807, val_acc= 67.44%,val_weighted_f1= 63.43,val_macro_f1= 47.29%
INFO - 09/13/26 23:44:32 - 0:19:28 - Epoch 86: train_loss=1.0820189714431763, train_acc= 64.82%
INFO - 09/13/26 23:44:32 - 0:19:28 - Epoch 87: train_loss=1.0658854246139526, train_acc= 65.40%
INFO - 09/13/26 23:44:33 - 0:19:28 - Epoch 88: train_loss=1.056994915008545, train_acc= 65.72%
INFO - 09/13/26 23:44:33 - 0:19:28 - Epoch 89: train_loss=1.052061676979065, train_acc= 66.10%
INFO - 09/13/26 23:44:33 - 0:19:29 - Epoch 90: train_loss=1.0450308322906494, train_acc= 66.49%
INFO - 09/13/26 23:44:33 - 0:19:29 - Epoch 90: val_loss=0.9658502340316772, val_acc= 68.38%,val_weighted_f1= 64.96,val_macro_f1= 49.53%
INFO - 09/13/26 23:44:33 - 0:19:29 - Epoch 91: train_loss=1.0282074213027954, train_acc= 66.80%
INFO - 09/13/26 23:44:33 - 0:19:29 - Epoch 92: train_loss=1.020070195198059, train_acc= 67.80%
INFO - 09/13/26 23:44:34 - 0:19:29 - Epoch 93: train_loss=1.0128147602081299, train_acc= 66.97%
INFO - 09/13/26 23:44:34 - 0:19:29 - Epoch 94: train_loss=0.9957130551338196, train_acc= 67.73%
INFO - 09/13/26 23:44:34 - 0:19:30 - Epoch 95: train_loss=0.9853244423866272, train_acc= 68.20%
INFO - 09/13/26 23:44:34 - 0:19:30 - Epoch 95: val_loss=0.922419011592865, val_acc= 69.53%,val_weighted_f1= 66.60,val_macro_f1= 51.82%
INFO - 09/13/26 23:44:34 - 0:19:30 - Epoch 96: train_loss=0.9817763566970825, train_acc= 68.24%
INFO - 09/13/26 23:44:35 - 0:19:30 - Epoch 97: train_loss=0.972313404083252, train_acc= 68.92%
INFO - 09/13/26 23:44:35 - 0:19:30 - Epoch 98: train_loss=0.9676023721694946, train_acc= 68.52%
INFO - 09/13/26 23:44:35 - 0:19:31 - Epoch 99: train_loss=0.9566242098808289, train_acc= 69.28%
INFO - 09/13/26 23:44:35 - 0:19:31 - Epoch 100: train_loss=0.9501520395278931, train_acc= 69.49%
INFO - 09/13/26 23:44:35 - 0:19:31 - Epoch 100: val_loss=0.8867226243019104, val_acc= 70.68%,val_weighted_f1= 68.22,val_macro_f1= 54.29%
INFO - 09/13/26 23:44:35 - 0:19:31 - Epoch 101: train_loss=0.9390273690223694, train_acc= 69.86%
INFO - 09/13/26 23:44:36 - 0:19:31 - Epoch 102: train_loss=0.9299555420875549, train_acc= 70.12%
INFO - 09/13/26 23:44:36 - 0:19:31 - Epoch 103: train_loss=0.9209026098251343, train_acc= 70.39%
INFO - 09/13/26 23:44:36 - 0:19:32 - Epoch 104: train_loss=0.9203132390975952, train_acc= 70.80%
INFO - 09/13/26 23:44:36 - 0:19:32 - Epoch 105: train_loss=0.9064329266548157, train_acc= 70.94%
INFO - 09/13/26 23:44:36 - 0:19:32 - Epoch 105: val_loss=0.8530831336975098, val_acc= 71.58%,val_weighted_f1= 69.58,val_macro_f1= 56.64%
INFO - 09/13/26 23:44:36 - 0:19:32 - Epoch 106: train_loss=0.9004107117652893, train_acc= 71.20%
INFO - 09/13/26 23:44:37 - 0:19:32 - Epoch 107: train_loss=0.8985146284103394, train_acc= 70.73%
INFO - 09/13/26 23:44:37 - 0:19:32 - Epoch 108: train_loss=0.8895936608314514, train_acc= 71.34%
INFO - 09/13/26 23:44:37 - 0:19:33 - Epoch 109: train_loss=0.8843698501586914, train_acc= 71.86%
INFO - 09/13/26 23:44:37 - 0:19:33 - Epoch 110: train_loss=0.8751333951950073, train_acc= 72.31%
INFO - 09/13/26 23:44:37 - 0:19:33 - Epoch 110: val_loss=0.8221715688705444, val_acc= 72.65%,val_weighted_f1= 71.12,val_macro_f1= 59.65%
INFO - 09/13/26 23:44:38 - 0:19:33 - Epoch 111: train_loss=0.8713003993034363, train_acc= 72.55%
INFO - 09/13/26 23:44:38 - 0:19:33 - Epoch 112: train_loss=0.8595103621482849, train_acc= 72.48%
INFO - 09/13/26 23:44:38 - 0:19:34 - Epoch 113: train_loss=0.8589468598365784, train_acc= 72.68%
INFO - 09/13/26 23:44:38 - 0:19:34 - Epoch 114: train_loss=0.8519300222396851, train_acc= 73.49%
INFO - 09/13/26 23:44:38 - 0:19:34 - Epoch 115: train_loss=0.8415226340293884, train_acc= 73.39%
INFO - 09/13/26 23:44:38 - 0:19:34 - Epoch 115: val_loss=0.7938205599784851, val_acc= 73.97%,val_weighted_f1= 72.91,val_macro_f1= 63.08%
INFO - 09/13/26 23:44:39 - 0:19:34 - Epoch 116: train_loss=0.8430176377296448, train_acc= 73.04%
INFO - 09/13/26 23:44:39 - 0:19:34 - Epoch 117: train_loss=0.8285678029060364, train_acc= 73.52%
INFO - 09/13/26 23:44:39 - 0:19:35 - Epoch 118: train_loss=0.8201652765274048, train_acc= 73.98%
INFO - 09/13/26 23:44:39 - 0:19:35 - Epoch 119: train_loss=0.8244702219963074, train_acc= 73.96%
INFO - 09/13/26 23:44:39 - 0:19:35 - Epoch 120: train_loss=0.8130125999450684, train_acc= 74.60%
INFO - 09/13/26 23:44:40 - 0:19:35 - Epoch 120: val_loss=0.7687140107154846, val_acc= 75.30%,val_weighted_f1= 74.61,val_macro_f1= 66.74%
INFO - 09/13/26 23:44:40 - 0:19:35 - Epoch 121: train_loss=0.8047549724578857, train_acc= 74.62%
INFO - 09/13/26 23:44:40 - 0:19:36 - Epoch 122: train_loss=0.8003449440002441, train_acc= 74.98%
INFO - 09/13/26 23:44:40 - 0:19:36 - Epoch 123: train_loss=0.7982644438743591, train_acc= 74.39%
INFO - 09/13/26 23:44:40 - 0:19:36 - Epoch 124: train_loss=0.7919150590896606, train_acc= 74.89%
INFO - 09/13/26 23:44:40 - 0:19:36 - Epoch 125: train_loss=0.7874967455863953, train_acc= 75.13%
INFO - 09/13/26 23:44:41 - 0:19:36 - Epoch 125: val_loss=0.7472561001777649, val_acc= 76.03%,val_weighted_f1= 75.44,val_macro_f1= 68.03%
INFO - 09/13/26 23:44:41 - 0:19:36 - Epoch 126: train_loss=0.78314208984375, train_acc= 75.03%
INFO - 09/13/26 23:44:41 - 0:19:37 - Epoch 127: train_loss=0.7758663892745972, train_acc= 75.22%
INFO - 09/13/26 23:44:41 - 0:19:37 - Epoch 128: train_loss=0.7725318670272827, train_acc= 75.45%
INFO - 09/13/26 23:44:41 - 0:19:37 - Epoch 129: train_loss=0.7670060992240906, train_acc= 75.40%
INFO - 09/13/26 23:44:42 - 0:19:37 - Epoch 130: train_loss=0.7640833258628845, train_acc= 75.93%
INFO - 09/13/26 23:44:42 - 0:19:37 - Epoch 130: val_loss=0.7280038595199585, val_acc= 76.92%,val_weighted_f1= 76.53,val_macro_f1= 69.97%
INFO - 09/13/26 23:44:42 - 0:19:37 - Epoch 131: train_loss=0.7567034959793091, train_acc= 76.30%
INFO - 09/13/26 23:44:42 - 0:19:38 - Epoch 132: train_loss=0.7535409331321716, train_acc= 76.27%
INFO - 09/13/26 23:44:42 - 0:19:38 - Epoch 133: train_loss=0.7473751306533813, train_acc= 76.23%
INFO - 09/13/26 23:44:42 - 0:19:38 - Epoch 134: train_loss=0.7467470169067383, train_acc= 76.41%
INFO - 09/13/26 23:44:43 - 0:19:38 - Epoch 135: train_loss=0.7409113049507141, train_acc= 76.29%
INFO - 09/13/26 23:44:43 - 0:19:38 - Epoch 135: val_loss=0.7109051942825317, val_acc= 77.86%,val_weighted_f1= 77.59,val_macro_f1= 71.72%
INFO - 09/13/26 23:44:43 - 0:19:39 - Epoch 136: train_loss=0.7384501099586487, train_acc= 76.56%
INFO - 09/13/26 23:44:43 - 0:19:39 - Epoch 137: train_loss=0.7393381595611572, train_acc= 76.11%
INFO - 09/13/26 23:44:43 - 0:19:39 - Epoch 138: train_loss=0.7286178469657898, train_acc= 76.80%
INFO - 09/13/26 23:44:44 - 0:19:39 - Epoch 139: train_loss=0.7276932597160339, train_acc= 77.34%
INFO - 09/13/26 23:44:44 - 0:19:39 - Epoch 140: train_loss=0.7255697846412659, train_acc= 77.21%
INFO - 09/13/26 23:44:44 - 0:19:39 - Epoch 140: val_loss=0.6959717273712158, val_acc= 78.42%,val_weighted_f1= 78.24,val_macro_f1= 72.95%
INFO - 09/13/26 23:44:44 - 0:19:40 - Epoch 141: train_loss=0.7185719013214111, train_acc= 77.31%
INFO - 09/13/26 23:44:44 - 0:19:40 - Epoch 142: train_loss=0.7172728180885315, train_acc= 77.27%
INFO - 09/13/26 23:44:44 - 0:19:40 - Epoch 143: train_loss=0.7081103324890137, train_acc= 77.72%
INFO - 09/13/26 23:44:45 - 0:19:40 - Epoch 144: train_loss=0.7114412188529968, train_acc= 77.38%
INFO - 09/13/26 23:44:45 - 0:19:40 - Epoch 145: train_loss=0.7115570306777954, train_acc= 77.60%
INFO - 09/13/26 23:44:45 - 0:19:40 - Epoch 145: val_loss=0.6828836798667908, val_acc= 78.85%,val_weighted_f1= 78.68,val_macro_f1= 73.71%
INFO - 09/13/26 23:44:45 - 0:19:41 - Epoch 146: train_loss=0.7056395411491394, train_acc= 78.07%
INFO - 09/13/26 23:44:45 - 0:19:41 - Epoch 147: train_loss=0.6984261870384216, train_acc= 77.71%
INFO - 09/13/26 23:44:45 - 0:19:41 - Epoch 148: train_loss=0.6958844661712646, train_acc= 77.85%
INFO - 09/13/26 23:44:46 - 0:19:41 - Epoch 149: train_loss=0.6938864588737488, train_acc= 77.81%
INFO - 09/13/26 23:44:46 - 0:19:41 - Epoch 150: train_loss=0.6862720847129822, train_acc= 78.14%
INFO - 09/13/26 23:44:46 - 0:19:42 - Epoch 150: val_loss=0.6710605025291443, val_acc= 79.32%,val_weighted_f1= 79.21,val_macro_f1= 74.33%
INFO - 09/13/26 23:44:46 - 0:19:42 - Epoch 151: train_loss=0.6844345331192017, train_acc= 78.25%
INFO - 09/13/26 23:44:46 - 0:19:42 - Epoch 152: train_loss=0.6824125051498413, train_acc= 78.19%
INFO - 09/13/26 23:44:47 - 0:19:42 - Epoch 153: train_loss=0.6765702962875366, train_acc= 78.29%
INFO - 09/13/26 23:44:47 - 0:19:42 - Epoch 154: train_loss=0.6751811504364014, train_acc= 78.14%
INFO - 09/13/26 23:44:47 - 0:19:43 - Epoch 155: train_loss=0.6773050427436829, train_acc= 78.11%
INFO - 09/13/26 23:44:47 - 0:19:43 - Epoch 155: val_loss=0.659301221370697, val_acc= 79.62%,val_weighted_f1= 79.49,val_macro_f1= 74.74%
INFO - 09/13/26 23:44:47 - 0:19:43 - Epoch 156: train_loss=0.6707624793052673, train_acc= 78.64%
INFO - 09/13/26 23:44:47 - 0:19:43 - Epoch 157: train_loss=0.6708633899688721, train_acc= 79.13%
INFO - 09/13/26 23:44:48 - 0:19:43 - Epoch 158: train_loss=0.6685557961463928, train_acc= 78.92%
INFO - 09/13/26 23:44:48 - 0:19:43 - Epoch 159: train_loss=0.6668608784675598, train_acc= 78.71%
INFO - 09/13/26 23:44:48 - 0:19:44 - Epoch 160: train_loss=0.6638683080673218, train_acc= 78.76%
INFO - 09/13/26 23:44:48 - 0:19:44 - Epoch 160: val_loss=0.6494151949882507, val_acc= 79.79%,val_weighted_f1= 79.66,val_macro_f1= 75.02%
INFO - 09/13/26 23:44:48 - 0:19:44 - Epoch 161: train_loss=0.6620192527770996, train_acc= 78.83%
INFO - 09/13/26 23:44:49 - 0:19:44 - Epoch 162: train_loss=0.6555428504943848, train_acc= 79.29%
INFO - 09/13/26 23:44:49 - 0:19:44 - Epoch 163: train_loss=0.6532400846481323, train_acc= 78.98%
INFO - 09/13/26 23:44:49 - 0:19:44 - Epoch 164: train_loss=0.6532861590385437, train_acc= 78.88%
INFO - 09/13/26 23:44:49 - 0:19:45 - Epoch 165: train_loss=0.6511332392692566, train_acc= 79.56%
INFO - 09/13/26 23:44:49 - 0:19:45 - Epoch 165: val_loss=0.6416504979133606, val_acc= 79.91%,val_weighted_f1= 79.83,val_macro_f1= 75.27%
INFO - 09/13/26 23:44:49 - 0:19:45 - Epoch 166: train_loss=0.6433653235435486, train_acc= 78.92%
INFO - 09/13/26 23:44:50 - 0:19:45 - Epoch 167: train_loss=0.6389057040214539, train_acc= 79.46%
INFO - 09/13/26 23:44:50 - 0:19:45 - Epoch 168: train_loss=0.6407990455627441, train_acc= 79.82%
INFO - 09/13/26 23:44:50 - 0:19:46 - Epoch 169: train_loss=0.6395523548126221, train_acc= 79.56%
INFO - 09/13/26 23:44:50 - 0:19:46 - Epoch 170: train_loss=0.6376611590385437, train_acc= 79.30%
INFO - 09/13/26 23:44:50 - 0:19:46 - Epoch 170: val_loss=0.634791374206543, val_acc= 80.13%,val_weighted_f1= 80.08,val_macro_f1= 75.63%
INFO - 09/13/26 23:44:51 - 0:19:46 - Epoch 171: train_loss=0.6306262016296387, train_acc= 79.82%
INFO - 09/13/26 23:44:51 - 0:19:46 - Epoch 172: train_loss=0.6292928457260132, train_acc= 79.66%
INFO - 09/13/26 23:44:51 - 0:19:46 - Epoch 173: train_loss=0.625808596611023, train_acc= 79.82%
INFO - 09/13/26 23:44:51 - 0:19:47 - Epoch 174: train_loss=0.6288177371025085, train_acc= 80.05%
INFO - 09/13/26 23:44:51 - 0:19:47 - Epoch 175: train_loss=0.6251441836357117, train_acc= 80.00%
INFO - 09/13/26 23:44:51 - 0:19:47 - Epoch 175: val_loss=0.6267313957214355, val_acc= 80.26%,val_weighted_f1= 80.16,val_macro_f1= 75.82%
INFO - 09/13/26 23:44:52 - 0:19:47 - Epoch 176: train_loss=0.618328869342804, train_acc= 79.86%
INFO - 09/13/26 23:44:52 - 0:19:47 - Epoch 177: train_loss=0.6237401366233826, train_acc= 79.87%
INFO - 09/13/26 23:44:52 - 0:19:48 - Epoch 178: train_loss=0.6211326718330383, train_acc= 80.12%
INFO - 09/13/26 23:44:52 - 0:19:48 - Epoch 179: train_loss=0.620582640171051, train_acc= 79.87%
INFO - 09/13/26 23:44:52 - 0:19:48 - Epoch 180: train_loss=0.61786288022995, train_acc= 79.97%
INFO - 09/13/26 23:44:53 - 0:19:48 - Epoch 180: val_loss=0.6211102604866028, val_acc= 80.56%,val_weighted_f1= 80.49,val_macro_f1= 76.05%
INFO - 09/13/26 23:44:53 - 0:19:48 - Epoch 181: train_loss=0.6125696301460266, train_acc= 79.87%
INFO - 09/13/26 23:44:53 - 0:19:48 - Epoch 182: train_loss=0.6137741804122925, train_acc= 80.33%
INFO - 09/13/26 23:44:53 - 0:19:49 - Epoch 183: train_loss=0.6065222024917603, train_acc= 80.49%
INFO - 09/13/26 23:44:53 - 0:19:49 - Epoch 184: train_loss=0.6028120517730713, train_acc= 80.83%
INFO - 09/13/26 23:44:54 - 0:19:49 - Epoch 185: train_loss=0.6051701903343201, train_acc= 80.30%
INFO - 09/13/26 23:44:54 - 0:19:49 - Epoch 185: val_loss=0.616595983505249, val_acc= 80.85%,val_weighted_f1= 80.83,val_macro_f1= 76.49%
INFO - 09/13/26 23:44:54 - 0:19:49 - Epoch 186: train_loss=0.6055733561515808, train_acc= 80.43%
INFO - 09/13/26 23:44:54 - 0:19:49 - Epoch 187: train_loss=0.6085076332092285, train_acc= 80.17%
INFO - 09/13/26 23:44:54 - 0:19:50 - Epoch 188: train_loss=0.6044203042984009, train_acc= 80.53%
INFO - 09/13/26 23:44:54 - 0:19:50 - Epoch 189: train_loss=0.6000847220420837, train_acc= 80.52%
INFO - 09/13/26 23:44:55 - 0:19:50 - Epoch 190: train_loss=0.592938244342804, train_acc= 80.37%
INFO - 09/13/26 23:44:55 - 0:19:50 - Epoch 190: val_loss=0.6095033884048462, val_acc= 80.90%,val_weighted_f1= 80.84,val_macro_f1= 76.64%
INFO - 09/13/26 23:44:55 - 0:19:50 - Epoch 191: train_loss=0.5957404971122742, train_acc= 80.99%
INFO - 09/13/26 23:44:55 - 0:19:51 - Epoch 192: train_loss=0.6013051867485046, train_acc= 80.80%
INFO - 09/13/26 23:44:55 - 0:19:51 - Epoch 193: train_loss=0.5927475094795227, train_acc= 80.70%
INFO - 09/13/26 23:44:55 - 0:19:51 - Epoch 194: train_loss=0.5893605351448059, train_acc= 80.87%
INFO - 09/13/26 23:44:56 - 0:19:51 - Epoch 195: train_loss=0.5913670659065247, train_acc= 81.26%
INFO - 09/13/26 23:44:56 - 0:19:51 - Epoch 195: val_loss=0.6066712141036987, val_acc= 80.73%,val_weighted_f1= 80.71,val_macro_f1= 76.49%
EarlyStopping counter: 1 out of 15
INFO - 09/13/26 23:44:56 - 0:19:51 - Epoch 196: train_loss=0.5925161838531494, train_acc= 80.77%
INFO - 09/13/26 23:44:56 - 0:19:52 - Epoch 197: train_loss=0.5917397737503052, train_acc= 80.53%
INFO - 09/13/26 23:44:56 - 0:19:52 - Epoch 198: train_loss=0.5840106010437012, train_acc= 81.16%
INFO - 09/13/26 23:44:57 - 0:19:52 - Epoch 199: train_loss=0.5870450735092163, train_acc= 80.97%
INFO - 09/13/26 23:44:57 - 0:19:52 - Epoch 200: train_loss=0.5879497528076172, train_acc= 80.79%
INFO - 09/13/26 23:44:57 - 0:19:52 - Epoch 200: val_loss=0.603569507598877, val_acc= 80.98%,val_weighted_f1= 80.99,val_macro_f1= 76.72%
INFO - 09/13/26 23:44:57 - 0:19:53 - Epoch 201: train_loss=0.5783483982086182, train_acc= 81.78%
INFO - 09/13/26 23:44:57 - 0:19:53 - Epoch 202: train_loss=0.5800365209579468, train_acc= 81.54%
INFO - 09/13/26 23:44:57 - 0:19:53 - Epoch 203: train_loss=0.5810617208480835, train_acc= 80.91%
INFO - 09/13/26 23:44:58 - 0:19:53 - Epoch 204: train_loss=0.5801806449890137, train_acc= 81.27%
INFO - 09/13/26 23:44:58 - 0:19:53 - Epoch 205: train_loss=0.5837030410766602, train_acc= 81.01%
INFO - 09/13/26 23:44:58 - 0:19:53 - Epoch 205: val_loss=0.5979008078575134, val_acc= 81.28%,val_weighted_f1= 81.26,val_macro_f1= 77.13%
INFO - 09/13/26 23:44:58 - 0:19:54 - Epoch 206: train_loss=0.581189751625061, train_acc= 80.97%
INFO - 09/13/26 23:44:58 - 0:19:54 - Epoch 207: train_loss=0.5787447094917297, train_acc= 81.46%
INFO - 09/13/26 23:44:59 - 0:19:54 - Epoch 208: train_loss=0.5722350478172302, train_acc= 81.81%
INFO - 09/13/26 23:44:59 - 0:19:54 - Epoch 209: train_loss=0.5724951028823853, train_acc= 81.06%
INFO - 09/13/26 23:44:59 - 0:19:54 - Epoch 210: train_loss=0.57692551612854, train_acc= 81.37%
INFO - 09/13/26 23:44:59 - 0:19:54 - Epoch 210: val_loss=0.5945731401443481, val_acc= 81.41%,val_weighted_f1= 81.40,val_macro_f1= 77.18%
INFO - 09/13/26 23:44:59 - 0:19:55 - Epoch 211: train_loss=0.5637487769126892, train_acc= 81.50%
INFO - 09/13/26 23:44:59 - 0:19:55 - Epoch 212: train_loss=0.5671254396438599, train_acc= 81.57%
INFO - 09/13/26 23:45:00 - 0:19:55 - Epoch 213: train_loss=0.5679723024368286, train_acc= 81.61%
INFO - 09/13/26 23:45:00 - 0:19:55 - Epoch 214: train_loss=0.5658321380615234, train_acc= 81.73%
INFO - 09/13/26 23:45:00 - 0:19:55 - Epoch 215: train_loss=0.564111053943634, train_acc= 81.44%
INFO - 09/13/26 23:45:00 - 0:19:56 - Epoch 215: val_loss=0.591157078742981, val_acc= 81.50%,val_weighted_f1= 81.49,val_macro_f1= 77.45%
INFO - 09/13/26 23:45:00 - 0:19:56 - Epoch 216: train_loss=0.5617210268974304, train_acc= 81.57%
INFO - 09/13/26 23:45:00 - 0:19:56 - Epoch 217: train_loss=0.558752715587616, train_acc= 82.11%
INFO - 09/13/26 23:45:01 - 0:19:56 - Epoch 218: train_loss=0.5661220550537109, train_acc= 81.71%
INFO - 09/13/26 23:45:01 - 0:19:56 - Epoch 219: train_loss=0.5555068850517273, train_acc= 81.80%
INFO - 09/13/26 23:45:01 - 0:19:57 - Epoch 220: train_loss=0.5570842027664185, train_acc= 81.67%
INFO - 09/13/26 23:45:01 - 0:19:57 - Epoch 220: val_loss=0.5875555872917175, val_acc= 81.88%,val_weighted_f1= 81.85,val_macro_f1= 77.89%
INFO - 09/13/26 23:45:01 - 0:19:57 - Epoch 221: train_loss=0.5610315203666687, train_acc= 81.51%
INFO - 09/13/26 23:45:02 - 0:19:57 - Epoch 222: train_loss=0.5629504919052124, train_acc= 81.33%
INFO - 09/13/26 23:45:02 - 0:19:57 - Epoch 223: train_loss=0.5544752478599548, train_acc= 81.56%
INFO - 09/13/26 23:45:02 - 0:19:57 - Epoch 224: train_loss=0.5487582683563232, train_acc= 81.48%
INFO - 09/13/26 23:45:02 - 0:19:58 - Epoch 225: train_loss=0.5532094240188599, train_acc= 82.27%
INFO - 09/13/26 23:45:02 - 0:19:58 - Epoch 225: val_loss=0.5846474766731262, val_acc= 81.92%,val_weighted_f1= 81.89,val_macro_f1= 77.95%
INFO - 09/13/26 23:45:02 - 0:19:58 - Epoch 226: train_loss=0.5519024133682251, train_acc= 82.25%
INFO - 09/13/26 23:45:03 - 0:19:58 - Epoch 227: train_loss=0.5540712475776672, train_acc= 81.85%
INFO - 09/13/26 23:45:03 - 0:19:58 - Epoch 228: train_loss=0.5507951378822327, train_acc= 81.67%
INFO - 09/13/26 23:45:03 - 0:19:58 - Epoch 229: train_loss=0.5489411950111389, train_acc= 81.80%
INFO - 09/13/26 23:45:03 - 0:19:59 - Epoch 230: train_loss=0.5448357462882996, train_acc= 82.32%
INFO - 09/13/26 23:45:03 - 0:19:59 - Epoch 230: val_loss=0.5812281370162964, val_acc= 82.09%,val_weighted_f1= 82.06,val_macro_f1= 78.04%
INFO - 09/13/26 23:45:04 - 0:19:59 - Epoch 231: train_loss=0.5563949346542358, train_acc= 81.87%
INFO - 09/13/26 23:45:04 - 0:19:59 - Epoch 232: train_loss=0.5425241589546204, train_acc= 82.08%
INFO - 09/13/26 23:45:04 - 0:19:59 - Epoch 233: train_loss=0.5391197204589844, train_acc= 82.37%
INFO - 09/13/26 23:45:04 - 0:20:00 - Epoch 234: train_loss=0.5455101132392883, train_acc= 81.67%
INFO - 09/13/26 23:45:04 - 0:20:00 - Epoch 235: train_loss=0.547341525554657, train_acc= 82.00%
INFO - 09/13/26 23:45:04 - 0:20:00 - Epoch 235: val_loss=0.5811587572097778, val_acc= 82.22%,val_weighted_f1= 82.25,val_macro_f1= 78.35%
INFO - 09/13/26 23:45:05 - 0:20:00 - Epoch 236: train_loss=0.5434224605560303, train_acc= 82.15%
INFO - 09/13/26 23:45:05 - 0:20:00 - Epoch 237: train_loss=0.5447606444358826, train_acc= 82.48%
INFO - 09/13/26 23:45:05 - 0:20:00 - Epoch 238: train_loss=0.5386701822280884, train_acc= 82.37%
INFO - 09/13/26 23:45:05 - 0:20:01 - Epoch 239: train_loss=0.5368225574493408, train_acc= 82.52%
INFO - 09/13/26 23:45:05 - 0:20:01 - Epoch 240: train_loss=0.5390515327453613, train_acc= 82.24%
INFO - 09/13/26 23:45:05 - 0:20:01 - Epoch 240: val_loss=0.5785055756568909, val_acc= 82.05%,val_weighted_f1= 82.06,val_macro_f1= 78.22%
EarlyStopping counter: 1 out of 15
INFO - 09/13/26 23:45:06 - 0:20:01 - Epoch 241: train_loss=0.5419561862945557, train_acc= 82.51%
INFO - 09/13/26 23:45:06 - 0:20:01 - Epoch 242: train_loss=0.5376895070075989, train_acc= 82.55%
INFO - 09/13/26 23:45:06 - 0:20:02 - Epoch 243: train_loss=0.5359299182891846, train_acc= 82.25%
INFO - 09/13/26 23:45:06 - 0:20:02 - Epoch 244: train_loss=0.5299392938613892, train_acc= 82.69%
INFO - 09/13/26 23:45:06 - 0:20:02 - Epoch 245: train_loss=0.5355528593063354, train_acc= 82.37%
INFO - 09/13/26 23:45:07 - 0:20:02 - Epoch 245: val_loss=0.5747573971748352, val_acc= 82.48%,val_weighted_f1= 82.49,val_macro_f1= 78.94%
INFO - 09/13/26 23:45:07 - 0:20:02 - Epoch 246: train_loss=0.5347658395767212, train_acc= 82.58%
INFO - 09/13/26 23:45:07 - 0:20:02 - Epoch 247: train_loss=0.5356988906860352, train_acc= 81.98%
INFO - 09/13/26 23:45:07 - 0:20:03 - Epoch 248: train_loss=0.5275580286979675, train_acc= 82.78%
INFO - 09/13/26 23:45:07 - 0:20:03 - Epoch 249: train_loss=0.5338407754898071, train_acc= 82.25%
INFO - 09/13/26 23:45:08 - 0:20:03 - Epoch 250: train_loss=0.5298016667366028, train_acc= 82.87%
INFO - 09/13/26 23:45:08 - 0:20:03 - Epoch 250: val_loss=0.571847677230835, val_acc= 82.61%,val_weighted_f1= 82.62,val_macro_f1= 79.01%
INFO - 09/13/26 23:45:08 - 0:20:03 - Epoch 251: train_loss=0.525424599647522, train_acc= 82.68%
INFO - 09/13/26 23:45:08 - 0:20:03 - Epoch 252: train_loss=0.5316717624664307, train_acc= 82.40%
INFO - 09/13/26 23:45:08 - 0:20:04 - Epoch 253: train_loss=0.5221495032310486, train_acc= 82.82%
INFO - 09/13/26 23:45:08 - 0:20:04 - Epoch 254: train_loss=0.5269153118133545, train_acc= 82.57%
INFO - 09/13/26 23:45:09 - 0:20:04 - Epoch 255: train_loss=0.523657500743866, train_acc= 82.77%
INFO - 09/13/26 23:45:09 - 0:20:04 - Epoch 255: val_loss=0.5698249340057373, val_acc= 82.52%,val_weighted_f1= 82.52,val_macro_f1= 78.87%
EarlyStopping counter: 1 out of 15
INFO - 09/13/26 23:45:09 - 0:20:04 - Epoch 256: train_loss=0.5247538685798645, train_acc= 82.67%
INFO - 09/13/26 23:45:09 - 0:20:05 - Epoch 257: train_loss=0.5175991654396057, train_acc= 83.07%
INFO - 09/13/26 23:45:09 - 0:20:05 - Epoch 258: train_loss=0.5263294577598572, train_acc= 82.84%
INFO - 09/13/26 23:45:09 - 0:20:05 - Epoch 259: train_loss=0.5228736996650696, train_acc= 82.92%
INFO - 09/13/26 23:45:10 - 0:20:05 - Epoch 260: train_loss=0.5241006016731262, train_acc= 82.50%
INFO - 09/13/26 23:45:10 - 0:20:05 - Epoch 260: val_loss=0.5687507390975952, val_acc= 82.56%,val_weighted_f1= 82.58,val_macro_f1= 79.05%
EarlyStopping counter: 2 out of 15
INFO - 09/13/26 23:45:10 - 0:20:05 - Epoch 261: train_loss=0.5197770595550537, train_acc= 82.65%
INFO - 09/13/26 23:45:10 - 0:20:06 - Epoch 262: train_loss=0.5245180130004883, train_acc= 82.95%
INFO - 09/13/26 23:45:10 - 0:20:06 - Epoch 263: train_loss=0.5162610411643982, train_acc= 83.08%
INFO - 09/13/26 23:45:11 - 0:20:06 - Epoch 264: train_loss=0.5188598036766052, train_acc= 83.14%
INFO - 09/13/26 23:45:11 - 0:20:06 - Epoch 265: train_loss=0.5124492049217224, train_acc= 83.24%
INFO - 09/13/26 23:45:11 - 0:20:06 - Epoch 265: val_loss=0.5671710968017578, val_acc= 82.31%,val_weighted_f1= 82.34,val_macro_f1= 78.84%
EarlyStopping counter: 3 out of 15
INFO - 09/13/26 23:45:11 - 0:20:06 - Epoch 266: train_loss=0.5181096792221069, train_acc= 82.61%
INFO - 09/13/26 23:45:11 - 0:20:07 - Epoch 267: train_loss=0.5157439112663269, train_acc= 83.18%
INFO - 09/13/26 23:45:11 - 0:20:07 - Epoch 268: train_loss=0.5155214667320251, train_acc= 83.01%
INFO - 09/13/26 23:45:12 - 0:20:07 - Epoch 269: train_loss=0.5139057040214539, train_acc= 83.35%
INFO - 09/13/26 23:45:12 - 0:20:07 - Epoch 270: train_loss=0.5147938132286072, train_acc= 83.04%
INFO - 09/13/26 23:45:12 - 0:20:07 - Epoch 270: val_loss=0.5644424557685852, val_acc= 82.44%,val_weighted_f1= 82.44,val_macro_f1= 78.95%
EarlyStopping counter: 4 out of 15
INFO - 09/13/26 23:45:12 - 0:20:08 - Epoch 271: train_loss=0.5195775032043457, train_acc= 83.45%
INFO - 09/13/26 23:45:12 - 0:20:08 - Epoch 272: train_loss=0.514030933380127, train_acc= 83.31%
INFO - 09/13/26 23:45:12 - 0:20:08 - Epoch 273: train_loss=0.5121085047721863, train_acc= 83.48%
INFO - 09/13/26 23:45:13 - 0:20:08 - Epoch 274: train_loss=0.5095263719558716, train_acc= 83.24%
INFO - 09/13/26 23:45:13 - 0:20:08 - Epoch 275: train_loss=0.5141239166259766, train_acc= 83.05%
INFO - 09/13/26 23:45:13 - 0:20:08 - Epoch 275: val_loss=0.5625612735748291, val_acc= 82.56%,val_weighted_f1= 82.56,val_macro_f1= 78.92%
EarlyStopping counter: 5 out of 15
INFO - 09/13/26 23:45:13 - 0:20:09 - Epoch 276: train_loss=0.5150552988052368, train_acc= 82.91%
INFO - 09/13/26 23:45:13 - 0:20:09 - Epoch 277: train_loss=0.5066627860069275, train_acc= 83.24%
INFO - 09/13/26 23:45:14 - 0:20:09 - Epoch 278: train_loss=0.5054177045822144, train_acc= 83.55%
INFO - 09/13/26 23:45:14 - 0:20:09 - Epoch 279: train_loss=0.5083984732627869, train_acc= 83.45%
INFO - 09/13/26 23:45:14 - 0:20:09 - Epoch 280: train_loss=0.5053342580795288, train_acc= 83.39%
INFO - 09/13/26 23:45:14 - 0:20:10 - Epoch 280: val_loss=0.5601913928985596, val_acc= 82.78%,val_weighted_f1= 82.77,val_macro_f1= 79.17%
INFO - 09/13/26 23:45:14 - 0:20:10 - Epoch 281: train_loss=0.5053749680519104, train_acc= 83.42%
INFO - 09/13/26 23:45:14 - 0:20:10 - Epoch 282: train_loss=0.5028261542320251, train_acc= 83.28%
INFO - 09/13/26 23:45:15 - 0:20:10 - Epoch 283: train_loss=0.5057627558708191, train_acc= 83.09%
INFO - 09/13/26 23:45:15 - 0:20:10 - Epoch 284: train_loss=0.49844902753829956, train_acc= 83.78%
INFO - 09/13/26 23:45:15 - 0:20:11 - Epoch 285: train_loss=0.5020377039909363, train_acc= 83.63%
INFO - 09/13/26 23:45:15 - 0:20:11 - Epoch 285: val_loss=0.5608686804771423, val_acc= 82.56%,val_weighted_f1= 82.60,val_macro_f1= 79.13%
EarlyStopping counter: 1 out of 15
INFO - 09/13/26 23:45:15 - 0:20:11 - Epoch 286: train_loss=0.5038512349128723, train_acc= 83.56%
INFO - 09/13/26 23:45:16 - 0:20:11 - Epoch 287: train_loss=0.49867135286331177, train_acc= 83.49%
INFO - 09/13/26 23:45:16 - 0:20:11 - Epoch 288: train_loss=0.49995294213294983, train_acc= 83.63%
INFO - 09/13/26 23:45:16 - 0:20:11 - Epoch 289: train_loss=0.501861035823822, train_acc= 83.41%
INFO - 09/13/26 23:45:16 - 0:20:12 - Epoch 290: train_loss=0.4987632930278778, train_acc= 83.71%
INFO - 09/13/26 23:45:16 - 0:20:12 - Epoch 290: val_loss=0.5583757162094116, val_acc= 82.52%,val_weighted_f1= 82.56,val_macro_f1= 79.04%
EarlyStopping counter: 2 out of 15
INFO - 09/13/26 23:45:16 - 0:20:12 - Epoch 291: train_loss=0.5013807415962219, train_acc= 83.39%
INFO - 09/13/26 23:45:17 - 0:20:12 - Epoch 292: train_loss=0.5010159015655518, train_acc= 83.62%
INFO - 09/13/26 23:45:17 - 0:20:12 - Epoch 293: train_loss=0.49540698528289795, train_acc= 83.61%
INFO - 09/13/26 23:45:17 - 0:20:13 - Epoch 294: train_loss=0.4911837577819824, train_acc= 83.51%
INFO - 09/13/26 23:45:17 - 0:20:13 - Epoch 295: train_loss=0.4980511963367462, train_acc= 83.75%
INFO - 09/13/26 23:45:17 - 0:20:13 - Epoch 295: val_loss=0.5548126101493835, val_acc= 83.12%,val_weighted_f1= 83.11,val_macro_f1= 79.55%
INFO - 09/13/26 23:45:17 - 0:20:13 - Epoch 296: train_loss=0.49381181597709656, train_acc= 83.72%
INFO - 09/13/26 23:45:18 - 0:20:13 - Epoch 297: train_loss=0.48955637216567993, train_acc= 83.98%
INFO - 09/13/26 23:45:18 - 0:20:13 - Epoch 298: train_loss=0.49183690547943115, train_acc= 83.45%
INFO - 09/13/26 23:45:18 - 0:20:14 - Epoch 299: train_loss=0.492699533700943, train_acc= 84.18%
INFO - 09/13/26 23:45:18 - 0:20:14 - Epoch 300: train_loss=0.4952964186668396, train_acc= 83.44%
INFO - 09/13/26 23:45:18 - 0:20:14 - Epoch 300: val_loss=0.5561502575874329, val_acc= 83.03%,val_weighted_f1= 83.09,val_macro_f1= 79.72%
EarlyStopping counter: 1 out of 15
INFO - 09/13/26 23:45:19 - 0:20:14 - Epoch 301: train_loss=0.4942168593406677, train_acc= 83.42%
INFO - 09/13/26 23:45:19 - 0:20:14 - Epoch 302: train_loss=0.4909706711769104, train_acc= 83.75%
INFO - 09/13/26 23:45:19 - 0:20:15 - Epoch 303: train_loss=0.4895987808704376, train_acc= 84.02%
INFO - 09/13/26 23:45:19 - 0:20:15 - Epoch 304: train_loss=0.4866288900375366, train_acc= 83.88%
INFO - 09/13/26 23:45:19 - 0:20:15 - Epoch 305: train_loss=0.4877154231071472, train_acc= 83.89%
INFO - 09/13/26 23:45:19 - 0:20:15 - Epoch 305: val_loss=0.5543152689933777, val_acc= 83.25%,val_weighted_f1= 83.29,val_macro_f1= 79.82%
INFO - 09/13/26 23:45:20 - 0:20:15 - Epoch 306: train_loss=0.48988592624664307, train_acc= 84.30%
INFO - 09/13/26 23:45:20 - 0:20:15 - Epoch 307: train_loss=0.49154627323150635, train_acc= 83.91%
INFO - 09/13/26 23:45:20 - 0:20:16 - Epoch 308: train_loss=0.48896899819374084, train_acc= 83.93%
INFO - 09/13/26 23:45:20 - 0:20:16 - Epoch 309: train_loss=0.48768407106399536, train_acc= 84.10%
INFO - 09/13/26 23:45:20 - 0:20:16 - Epoch 310: train_loss=0.4847266674041748, train_acc= 84.28%
INFO - 09/13/26 23:45:21 - 0:20:16 - Epoch 310: val_loss=0.5518351197242737, val_acc= 83.25%,val_weighted_f1= 83.28,val_macro_f1= 79.80%
INFO - 09/13/26 23:45:21 - 0:20:16 - Epoch 311: train_loss=0.48609021306037903, train_acc= 84.06%
INFO - 09/13/26 23:45:21 - 0:20:16 - Epoch 312: train_loss=0.48859289288520813, train_acc= 84.25%
INFO - 09/13/26 23:45:21 - 0:20:17 - Epoch 313: train_loss=0.48401543498039246, train_acc= 84.02%
INFO - 09/13/26 23:45:21 - 0:20:17 - Epoch 314: train_loss=0.48687639832496643, train_acc= 84.45%
INFO - 09/13/26 23:45:21 - 0:20:17 - Epoch 315: train_loss=0.47845062613487244, train_acc= 84.30%
INFO - 09/13/26 23:45:22 - 0:20:17 - Epoch 315: val_loss=0.5502346754074097, val_acc= 83.29%,val_weighted_f1= 83.31,val_macro_f1= 79.96%
INFO - 09/13/26 23:45:22 - 0:20:17 - Epoch 316: train_loss=0.48800575733184814, train_acc= 84.09%
INFO - 09/13/26 23:45:22 - 0:20:18 - Epoch 317: train_loss=0.477279931306839, train_acc= 84.28%
INFO - 09/13/26 23:45:22 - 0:20:18 - Epoch 318: train_loss=0.48455843329429626, train_acc= 84.08%
INFO - 09/13/26 23:45:22 - 0:20:18 - Epoch 319: train_loss=0.4825347363948822, train_acc= 83.82%
INFO - 09/13/26 23:45:23 - 0:20:18 - Epoch 320: train_loss=0.488240510225296, train_acc= 83.85%
INFO - 09/13/26 23:45:23 - 0:20:18 - Epoch 320: val_loss=0.5506790280342102, val_acc= 83.33%,val_weighted_f1= 83.38,val_macro_f1= 79.98%
INFO - 09/13/26 23:45:23 - 0:20:18 - Epoch 321: train_loss=0.4802228808403015, train_acc= 84.18%
INFO - 09/13/26 23:45:23 - 0:20:19 - Epoch 322: train_loss=0.48399823904037476, train_acc= 84.16%
INFO - 09/13/26 23:45:23 - 0:20:19 - Epoch 323: train_loss=0.4773314595222473, train_acc= 84.25%
INFO - 09/13/26 23:45:23 - 0:20:19 - Epoch 324: train_loss=0.47803086042404175, train_acc= 84.49%
INFO - 09/13/26 23:45:24 - 0:20:19 - Epoch 325: train_loss=0.47698915004730225, train_acc= 84.33%
INFO - 09/13/26 23:45:24 - 0:20:19 - Epoch 325: val_loss=0.5514911413192749, val_acc= 83.33%,val_weighted_f1= 83.38,val_macro_f1= 79.99%
INFO - 09/13/26 23:45:24 - 0:20:20 - Epoch 326: train_loss=0.4776473045349121, train_acc= 84.12%
INFO - 09/13/26 23:45:24 - 0:20:20 - Epoch 327: train_loss=0.47800496220588684, train_acc= 84.53%
INFO - 09/13/26 23:45:24 - 0:20:20 - Epoch 328: train_loss=0.47413721680641174, train_acc= 84.36%
INFO - 09/13/26 23:45:25 - 0:20:20 - Epoch 329: train_loss=0.4745878577232361, train_acc= 84.29%
INFO - 09/13/26 23:45:25 - 0:20:20 - Epoch 330: train_loss=0.4725331664085388, train_acc= 84.43%
INFO - 09/13/26 23:45:25 - 0:20:20 - Epoch 330: val_loss=0.5514806509017944, val_acc= 83.29%,val_weighted_f1= 83.34,val_macro_f1= 80.01%
EarlyStopping counter: 1 out of 15
INFO - 09/13/26 23:45:25 - 0:20:21 - Epoch 331: train_loss=0.47293683886528015, train_acc= 84.39%
INFO - 09/13/26 23:45:25 - 0:20:21 - Epoch 332: train_loss=0.46954530477523804, train_acc= 84.45%
INFO - 09/13/26 23:45:25 - 0:20:21 - Epoch 333: train_loss=0.4740006625652313, train_acc= 84.18%
INFO - 09/13/26 23:45:26 - 0:20:21 - Epoch 334: train_loss=0.47828686237335205, train_acc= 84.25%
INFO - 09/13/26 23:45:26 - 0:20:21 - Epoch 335: train_loss=0.4735402464866638, train_acc= 84.83%
INFO - 09/13/26 23:45:26 - 0:20:21 - Epoch 335: val_loss=0.5503542423248291, val_acc= 83.29%,val_weighted_f1= 83.36,val_macro_f1= 80.04%
EarlyStopping counter: 2 out of 15
INFO - 09/13/26 23:45:26 - 0:20:22 - Epoch 336: train_loss=0.4697416126728058, train_acc= 84.32%
INFO - 09/13/26 23:45:26 - 0:20:22 - Epoch 337: train_loss=0.4711047112941742, train_acc= 84.43%
INFO - 09/13/26 23:45:26 - 0:20:22 - Epoch 338: train_loss=0.47068095207214355, train_acc= 84.36%
INFO - 09/13/26 23:45:27 - 0:20:22 - Epoch 339: train_loss=0.4700651466846466, train_acc= 84.42%
INFO - 09/13/26 23:45:27 - 0:20:22 - Epoch 340: train_loss=0.4636914134025574, train_acc= 84.66%
INFO - 09/13/26 23:45:27 - 0:20:23 - Epoch 340: val_loss=0.5472855567932129, val_acc= 83.46%,val_weighted_f1= 83.50,val_macro_f1= 80.26%
INFO - 09/13/26 23:45:27 - 0:20:23 - Epoch 341: train_loss=0.4707946479320526, train_acc= 84.35%
INFO - 09/13/26 23:45:27 - 0:20:23 - Epoch 342: train_loss=0.46837955713272095, train_acc= 84.60%
INFO - 09/13/26 23:45:28 - 0:20:23 - Epoch 343: train_loss=0.45812714099884033, train_acc= 84.96%
INFO - 09/13/26 23:45:28 - 0:20:23 - Epoch 344: train_loss=0.4685290455818176, train_acc= 84.89%
INFO - 09/13/26 23:45:28 - 0:20:24 - Epoch 345: train_loss=0.46075159311294556, train_acc= 84.77%
INFO - 09/13/26 23:45:28 - 0:20:24 - Epoch 345: val_loss=0.5434390306472778, val_acc= 83.50%,val_weighted_f1= 83.50,val_macro_f1= 80.24%
INFO - 09/13/26 23:45:28 - 0:20:24 - Epoch 346: train_loss=0.46697038412094116, train_acc= 84.70%
INFO - 09/13/26 23:45:28 - 0:20:24 - Epoch 347: train_loss=0.4650087356567383, train_acc= 84.82%
INFO - 09/13/26 23:45:29 - 0:20:24 - Epoch 348: train_loss=0.46530431509017944, train_acc= 84.65%
INFO - 09/13/26 23:45:29 - 0:20:24 - Epoch 349: train_loss=0.4590326249599457, train_acc= 84.65%
INFO - 09/13/26 23:45:29 - 0:20:25 - Epoch 350: train_loss=0.46162155270576477, train_acc= 85.14%
INFO - 09/13/26 23:45:29 - 0:20:25 - Epoch 350: val_loss=0.5457381010055542, val_acc= 83.29%,val_weighted_f1= 83.33,val_macro_f1= 80.03%
EarlyStopping counter: 1 out of 15
INFO - 09/13/26 23:45:29 - 0:20:25 - Epoch 351: train_loss=0.46724173426628113, train_acc= 84.65%
INFO - 09/13/26 23:45:29 - 0:20:25 - Epoch 352: train_loss=0.46049076318740845, train_acc= 85.03%
INFO - 09/13/26 23:45:30 - 0:20:25 - Epoch 353: train_loss=0.46247628331184387, train_acc= 84.62%
INFO - 09/13/26 23:45:30 - 0:20:25 - Epoch 354: train_loss=0.45985573530197144, train_acc= 84.59%
INFO - 09/13/26 23:45:30 - 0:20:26 - Epoch 355: train_loss=0.45693016052246094, train_acc= 85.09%
INFO - 09/13/26 23:45:30 - 0:20:26 - Epoch 355: val_loss=0.5425677299499512, val_acc= 83.50%,val_weighted_f1= 83.54,val_macro_f1= 80.28%
INFO - 09/13/26 23:45:30 - 0:20:26 - Epoch 356: train_loss=0.4647015333175659, train_acc= 84.53%
INFO - 09/13/26 23:45:31 - 0:20:26 - Epoch 357: train_loss=0.4657909870147705, train_acc= 84.55%
INFO - 09/13/26 23:45:31 - 0:20:26 - Epoch 358: train_loss=0.45756274461746216, train_acc= 84.86%
INFO - 09/13/26 23:45:31 - 0:20:27 - Epoch 359: train_loss=0.4615957736968994, train_acc= 84.96%
INFO - 09/13/26 23:45:31 - 0:20:27 - Epoch 360: train_loss=0.46105077862739563, train_acc= 85.12%
INFO - 09/13/26 23:45:31 - 0:20:27 - Epoch 360: val_loss=0.5433095693588257, val_acc= 83.46%,val_weighted_f1= 83.50,val_macro_f1= 80.14%
EarlyStopping counter: 1 out of 15
INFO - 09/13/26 23:45:31 - 0:20:27 - Epoch 361: train_loss=0.45628878474235535, train_acc= 84.76%
INFO - 09/13/26 23:45:32 - 0:20:27 - Epoch 362: train_loss=0.45738857984542847, train_acc= 84.52%
INFO - 09/13/26 23:45:32 - 0:20:27 - Epoch 363: train_loss=0.45945408940315247, train_acc= 85.16%
INFO - 09/13/26 23:45:32 - 0:20:28 - Epoch 364: train_loss=0.4549535810947418, train_acc= 85.10%
INFO - 09/13/26 23:45:32 - 0:20:28 - Epoch 365: train_loss=0.4521707594394684, train_acc= 84.89%
INFO - 09/13/26 23:45:32 - 0:20:28 - Epoch 365: val_loss=0.5394165515899658, val_acc= 83.59%,val_weighted_f1= 83.61,val_macro_f1= 80.49%
INFO - 09/13/26 23:45:33 - 0:20:28 - Epoch 366: train_loss=0.4559653103351593, train_acc= 84.77%
INFO - 09/13/26 23:45:33 - 0:20:28 - Epoch 367: train_loss=0.4507099986076355, train_acc= 85.19%
INFO - 09/13/26 23:45:33 - 0:20:29 - Epoch 368: train_loss=0.45033979415893555, train_acc= 85.23%
INFO - 09/13/26 23:45:33 - 0:20:29 - Epoch 369: train_loss=0.4563339054584503, train_acc= 84.79%
INFO - 09/13/26 23:45:33 - 0:20:29 - Epoch 370: train_loss=0.4495759606361389, train_acc= 84.93%
INFO - 09/13/26 23:45:33 - 0:20:29 - Epoch 370: val_loss=0.5387491583824158, val_acc= 83.72%,val_weighted_f1= 83.74,val_macro_f1= 80.63%
INFO - 09/13/26 23:45:34 - 0:20:29 - Epoch 371: train_loss=0.4513450860977173, train_acc= 84.82%
INFO - 09/13/26 23:45:34 - 0:20:29 - Epoch 372: train_loss=0.44973281025886536, train_acc= 85.17%
INFO - 09/13/26 23:45:34 - 0:20:30 - Epoch 373: train_loss=0.4486408531665802, train_acc= 85.17%
INFO - 09/13/26 23:45:34 - 0:20:30 - Epoch 374: train_loss=0.45054683089256287, train_acc= 85.13%
INFO - 09/13/26 23:45:34 - 0:20:30 - Epoch 375: train_loss=0.44943705201148987, train_acc= 85.16%
INFO - 09/13/26 23:45:34 - 0:20:30 - Epoch 375: val_loss=0.5382658839225769, val_acc= 83.68%,val_weighted_f1= 83.70,val_macro_f1= 80.63%
EarlyStopping counter: 1 out of 15
INFO - 09/13/26 23:45:35 - 0:20:30 - Epoch 376: train_loss=0.4507300555706024, train_acc= 85.20%
INFO - 09/13/26 23:45:35 - 0:20:30 - Epoch 377: train_loss=0.4425540268421173, train_acc= 85.14%
INFO - 09/13/26 23:45:35 - 0:20:31 - Epoch 378: train_loss=0.44876188039779663, train_acc= 84.83%
INFO - 09/13/26 23:45:35 - 0:20:31 - Epoch 379: train_loss=0.44654062390327454, train_acc= 85.32%
INFO - 09/13/26 23:45:35 - 0:20:31 - Epoch 380: train_loss=0.44652679562568665, train_acc= 85.34%
INFO - 09/13/26 23:45:36 - 0:20:31 - Epoch 380: val_loss=0.5409261584281921, val_acc= 83.46%,val_weighted_f1= 83.53,val_macro_f1= 80.55%
EarlyStopping counter: 2 out of 15
INFO - 09/13/26 23:45:36 - 0:20:31 - Epoch 381: train_loss=0.442705899477005, train_acc= 85.10%
INFO - 09/13/26 23:45:36 - 0:20:32 - Epoch 382: train_loss=0.44444066286087036, train_acc= 85.22%
INFO - 09/13/26 23:45:36 - 0:20:32 - Epoch 383: train_loss=0.4422290325164795, train_acc= 85.26%
INFO - 09/13/26 23:45:36 - 0:20:32 - Epoch 384: train_loss=0.4421347975730896, train_acc= 85.40%
INFO - 09/13/26 23:45:37 - 0:20:32 - Epoch 385: train_loss=0.44505056738853455, train_acc= 85.39%
INFO - 09/13/26 23:45:37 - 0:20:32 - Epoch 385: val_loss=0.5390644669532776, val_acc= 83.55%,val_weighted_f1= 83.60,val_macro_f1= 80.63%
EarlyStopping counter: 3 out of 15
INFO - 09/13/26 23:45:37 - 0:20:32 - Epoch 386: train_loss=0.4385944902896881, train_acc= 85.04%
INFO - 09/13/26 23:45:37 - 0:20:33 - Epoch 387: train_loss=0.4397437274456024, train_acc= 85.39%
INFO - 09/13/26 23:45:37 - 0:20:33 - Epoch 388: train_loss=0.4452235996723175, train_acc= 85.44%
INFO - 09/13/26 23:45:37 - 0:20:33 - Epoch 389: train_loss=0.4450420141220093, train_acc= 85.32%
INFO - 09/13/26 23:45:38 - 0:20:33 - Epoch 390: train_loss=0.4468478560447693, train_acc= 85.02%
INFO - 09/13/26 23:45:38 - 0:20:33 - Epoch 390: val_loss=0.5356200933456421, val_acc= 83.80%,val_weighted_f1= 83.83,val_macro_f1= 80.91%
INFO - 09/13/26 23:45:38 - 0:20:34 - Epoch 391: train_loss=0.443066269159317, train_acc= 85.00%
INFO - 09/13/26 23:45:38 - 0:20:34 - Epoch 392: train_loss=0.4414442479610443, train_acc= 85.10%
INFO - 09/13/26 23:45:38 - 0:20:34 - Epoch 393: train_loss=0.4421737790107727, train_acc= 85.49%
INFO - 09/13/26 23:45:39 - 0:20:34 - Epoch 394: train_loss=0.44276952743530273, train_acc= 85.63%
INFO - 09/13/26 23:45:39 - 0:20:34 - Epoch 395: train_loss=0.4372301995754242, train_acc= 85.71%
INFO - 09/13/26 23:45:39 - 0:20:34 - Epoch 395: val_loss=0.536186158657074, val_acc= 83.85%,val_weighted_f1= 83.88,val_macro_f1= 80.90%
INFO - 09/13/26 23:45:39 - 0:20:35 - Epoch 396: train_loss=0.4423504173755646, train_acc= 85.24%
INFO - 09/13/26 23:45:39 - 0:20:35 - Epoch 397: train_loss=0.43467551469802856, train_acc= 85.43%
INFO - 09/13/26 23:45:39 - 0:20:35 - Epoch 398: train_loss=0.44179096817970276, train_acc= 85.30%
INFO - 09/13/26 23:45:40 - 0:20:35 - Epoch 399: train_loss=0.43863755464553833, train_acc= 85.47%
INFO - 09/13/26 23:45:40 - 0:20:35 - Epoch 400: train_loss=0.4388948678970337, train_acc= 85.56%
INFO - 09/13/26 23:45:40 - 0:20:35 - Epoch 400: val_loss=0.535193681716919, val_acc= 83.76%,val_weighted_f1= 83.79,val_macro_f1= 80.75%
EarlyStopping counter: 1 out of 15
INFO - 09/13/26 23:45:40 - 0:20:36 - Epoch 401: train_loss=0.4364551305770874, train_acc= 85.60%
INFO - 09/13/26 23:45:40 - 0:20:36 - Epoch 402: train_loss=0.4307861626148224, train_acc= 85.90%
INFO - 09/13/26 23:45:41 - 0:20:36 - Epoch 403: train_loss=0.4391535818576813, train_acc= 85.34%
INFO - 09/13/26 23:45:41 - 0:20:36 - Epoch 404: train_loss=0.43531209230422974, train_acc= 85.71%
INFO - 09/13/26 23:45:41 - 0:20:36 - Epoch 405: train_loss=0.43264979124069214, train_acc= 85.86%
INFO - 09/13/26 23:45:41 - 0:20:37 - Epoch 405: val_loss=0.5332527756690979, val_acc= 83.85%,val_weighted_f1= 83.86,val_macro_f1= 80.82%
INFO - 09/13/26 23:45:41 - 0:20:37 - Epoch 406: train_loss=0.4347066283226013, train_acc= 85.63%
INFO - 09/13/26 23:45:41 - 0:20:37 - Epoch 407: train_loss=0.43530529737472534, train_acc= 85.42%
INFO - 09/13/26 23:45:42 - 0:20:37 - Epoch 408: train_loss=0.4367750883102417, train_acc= 85.64%
INFO - 09/13/26 23:45:42 - 0:20:37 - Epoch 409: train_loss=0.4373169243335724, train_acc= 85.57%
INFO - 09/13/26 23:45:42 - 0:20:38 - Epoch 410: train_loss=0.43242987990379333, train_acc= 85.69%
INFO - 09/13/26 23:45:42 - 0:20:38 - Epoch 410: val_loss=0.5333563089370728, val_acc= 83.89%,val_weighted_f1= 83.92,val_macro_f1= 80.94%
INFO - 09/13/26 23:45:42 - 0:20:38 - Epoch 411: train_loss=0.43339353799819946, train_acc= 85.73%
INFO - 09/13/26 23:45:43 - 0:20:38 - Epoch 412: train_loss=0.43711158633232117, train_acc= 85.57%
INFO - 09/13/26 23:45:43 - 0:20:38 - Epoch 413: train_loss=0.43775686621665955, train_acc= 85.76%
INFO - 09/13/26 23:45:43 - 0:20:38 - Epoch 414: train_loss=0.4327014982700348, train_acc= 85.76%
INFO - 09/13/26 23:45:43 - 0:20:39 - Epoch 415: train_loss=0.4291386306285858, train_acc= 86.20%
INFO - 09/13/26 23:45:43 - 0:20:39 - Epoch 415: val_loss=0.5353495478630066, val_acc= 83.72%,val_weighted_f1= 83.77,val_macro_f1= 80.93%
EarlyStopping counter: 1 out of 15
INFO - 09/13/26 23:45:43 - 0:20:39 - Epoch 416: train_loss=0.4240710735321045, train_acc= 86.36%
INFO - 09/13/26 23:45:44 - 0:20:39 - Epoch 417: train_loss=0.4275675117969513, train_acc= 85.86%
INFO - 09/13/26 23:45:44 - 0:20:39 - Epoch 418: train_loss=0.4297756254673004, train_acc= 85.77%
INFO - 09/13/26 23:45:44 - 0:20:39 - Epoch 419: train_loss=0.4304320216178894, train_acc= 85.98%
INFO - 09/13/26 23:45:44 - 0:20:40 - Epoch 420: train_loss=0.4260731339454651, train_acc= 85.93%
INFO - 09/13/26 23:45:44 - 0:20:40 - Epoch 420: val_loss=0.5322316884994507, val_acc= 83.93%,val_weighted_f1= 83.97,val_macro_f1= 81.04%
INFO - 09/13/26 23:45:44 - 0:20:40 - Epoch 421: train_loss=0.43089964985847473, train_acc= 85.84%
INFO - 09/13/26 23:45:45 - 0:20:40 - Epoch 422: train_loss=0.4281509518623352, train_acc= 85.84%
INFO - 09/13/26 23:45:45 - 0:20:40 - Epoch 423: train_loss=0.42245739698410034, train_acc= 85.83%
INFO - 09/13/26 23:45:45 - 0:20:41 - Epoch 424: train_loss=0.4280601739883423, train_acc= 85.84%
INFO - 09/13/26 23:45:45 - 0:20:41 - Epoch 425: train_loss=0.4271561801433563, train_acc= 85.83%
INFO - 09/13/26 23:45:45 - 0:20:41 - Epoch 425: val_loss=0.5329236388206482, val_acc= 83.76%,val_weighted_f1= 83.82,val_macro_f1= 81.06%
EarlyStopping counter: 1 out of 15
INFO - 09/13/26 23:45:46 - 0:20:41 - Epoch 426: train_loss=0.4279167354106903, train_acc= 85.56%
INFO - 09/13/26 23:45:46 - 0:20:41 - Epoch 427: train_loss=0.4291692078113556, train_acc= 85.91%
INFO - 09/13/26 23:45:46 - 0:20:41 - Epoch 428: train_loss=0.4280741810798645, train_acc= 85.64%
INFO - 09/13/26 23:45:46 - 0:20:42 - Epoch 429: train_loss=0.4224947988986969, train_acc= 85.98%
INFO - 09/13/26 23:45:46 - 0:20:42 - Epoch 430: train_loss=0.42449119687080383, train_acc= 85.97%
INFO - 09/13/26 23:45:46 - 0:20:42 - Epoch 430: val_loss=0.5338426232337952, val_acc= 83.80%,val_weighted_f1= 83.86,val_macro_f1= 81.10%
EarlyStopping counter: 2 out of 15
INFO - 09/13/26 23:45:47 - 0:20:42 - Epoch 431: train_loss=0.41753315925598145, train_acc= 85.90%
INFO - 09/13/26 23:45:47 - 0:20:42 - Epoch 432: train_loss=0.41768527030944824, train_acc= 85.93%
INFO - 09/13/26 23:45:47 - 0:20:42 - Epoch 433: train_loss=0.42141228914260864, train_acc= 86.26%
INFO - 09/13/26 23:45:47 - 0:20:43 - Epoch 434: train_loss=0.41774922609329224, train_acc= 86.26%
INFO - 09/13/26 23:45:47 - 0:20:43 - Epoch 435: train_loss=0.42150720953941345, train_acc= 86.18%
INFO - 09/13/26 23:45:47 - 0:20:43 - Epoch 435: val_loss=0.5337817668914795, val_acc= 83.93%,val_weighted_f1= 84.00,val_macro_f1= 81.12%
INFO - 09/13/26 23:45:48 - 0:20:43 - Epoch 436: train_loss=0.417582631111145, train_acc= 85.93%
INFO - 09/13/26 23:45:48 - 0:20:43 - Epoch 437: train_loss=0.42189598083496094, train_acc= 85.89%
INFO - 09/13/26 23:45:48 - 0:20:44 - Epoch 438: train_loss=0.4105829894542694, train_acc= 86.48%
INFO - 09/13/26 23:45:48 - 0:20:44 - Epoch 439: train_loss=0.4152145981788635, train_acc= 86.34%
INFO - 09/13/26 23:45:48 - 0:20:44 - Epoch 440: train_loss=0.41669607162475586, train_acc= 86.34%
INFO - 09/13/26 23:45:49 - 0:20:44 - Epoch 440: val_loss=0.532192051410675, val_acc= 83.97%,val_weighted_f1= 84.02,val_macro_f1= 81.23%
INFO - 09/13/26 23:45:49 - 0:20:44 - Epoch 441: train_loss=0.41676846146583557, train_acc= 85.63%
INFO - 09/13/26 23:45:49 - 0:20:44 - Epoch 442: train_loss=0.4184891879558563, train_acc= 86.08%
INFO - 09/13/26 23:45:49 - 0:20:45 - Epoch 443: train_loss=0.4159865975379944, train_acc= 86.13%
INFO - 09/13/26 23:45:49 - 0:20:45 - Epoch 444: train_loss=0.416286826133728, train_acc= 86.07%
INFO - 09/13/26 23:45:50 - 0:20:45 - Epoch 445: train_loss=0.4130959212779999, train_acc= 86.33%
INFO - 09/13/26 23:45:50 - 0:20:45 - Epoch 445: val_loss=0.536273181438446, val_acc= 83.85%,val_weighted_f1= 83.90,val_macro_f1= 81.08%
EarlyStopping counter: 1 out of 15
INFO - 09/13/26 23:45:50 - 0:20:45 - Epoch 446: train_loss=0.41473445296287537, train_acc= 86.70%
INFO - 09/13/26 23:45:50 - 0:20:46 - Epoch 447: train_loss=0.4119916260242462, train_acc= 86.14%
INFO - 09/13/26 23:45:50 - 0:20:46 - Epoch 448: train_loss=0.4142088294029236, train_acc= 86.50%
INFO - 09/13/26 23:45:50 - 0:20:46 - Epoch 449: train_loss=0.4190376400947571, train_acc= 86.07%
INFO - 09/13/26 23:45:51 - 0:20:46 - Epoch 450: train_loss=0.4170263707637787, train_acc= 86.04%
INFO - 09/13/26 23:45:51 - 0:20:46 - Epoch 450: val_loss=0.5351168513298035, val_acc= 83.97%,val_weighted_f1= 84.01,val_macro_f1= 81.19%
INFO - 09/13/26 23:45:51 - 0:20:46 - Epoch 451: train_loss=0.4138767123222351, train_acc= 86.57%
INFO - 09/13/26 23:45:51 - 0:20:47 - Epoch 452: train_loss=0.4115222692489624, train_acc= 86.27%
INFO - 09/13/26 23:45:51 - 0:20:47 - Epoch 453: train_loss=0.4159078598022461, train_acc= 86.30%
INFO - 09/13/26 23:45:52 - 0:20:47 - Epoch 454: train_loss=0.416231244802475, train_acc= 86.04%
INFO - 09/13/26 23:45:52 - 0:20:47 - Epoch 455: train_loss=0.41806861758232117, train_acc= 86.10%
INFO - 09/13/26 23:45:52 - 0:20:47 - Epoch 455: val_loss=0.5366494059562683, val_acc= 84.02%,val_weighted_f1= 84.09,val_macro_f1= 81.25%
INFO - 09/13/26 23:45:52 - 0:20:47 - Epoch 456: train_loss=0.4105767607688904, train_acc= 86.68%
INFO - 09/13/26 23:45:52 - 0:20:48 - Epoch 457: train_loss=0.4065500497817993, train_acc= 86.68%
INFO - 09/13/26 23:45:52 - 0:20:48 - Epoch 458: train_loss=0.406985342502594, train_acc= 86.71%
INFO - 09/13/26 23:45:53 - 0:20:48 - Epoch 459: train_loss=0.40806886553764343, train_acc= 86.45%
INFO - 09/13/26 23:45:53 - 0:20:48 - Epoch 460: train_loss=0.4100402891635895, train_acc= 86.83%
INFO - 09/13/26 23:45:53 - 0:20:48 - Epoch 460: val_loss=0.5340590476989746, val_acc= 84.02%,val_weighted_f1= 84.07,val_macro_f1= 81.16%
INFO - 09/13/26 23:45:53 - 0:20:49 - Epoch 461: train_loss=0.4097471833229065, train_acc= 86.36%
INFO - 09/13/26 23:45:53 - 0:20:49 - Epoch 462: train_loss=0.41591522097587585, train_acc= 86.21%
INFO - 09/13/26 23:45:53 - 0:20:49 - Epoch 463: train_loss=0.40724122524261475, train_acc= 86.71%
INFO - 09/13/26 23:45:54 - 0:20:49 - Epoch 464: train_loss=0.4003041684627533, train_acc= 86.65%
INFO - 09/13/26 23:45:54 - 0:20:49 - Epoch 465: train_loss=0.39990290999412537, train_acc= 87.02%
INFO - 09/13/26 23:45:54 - 0:20:49 - Epoch 465: val_loss=0.5356091856956482, val_acc= 83.80%,val_weighted_f1= 83.88,val_macro_f1= 81.03%
EarlyStopping counter: 1 out of 15
INFO - 09/13/26 23:45:54 - 0:20:50 - Epoch 466: train_loss=0.41073834896087646, train_acc= 86.04%
INFO - 09/13/26 23:45:54 - 0:20:50 - Epoch 467: train_loss=0.40528371930122375, train_acc= 86.44%
INFO - 09/13/26 23:45:55 - 0:20:50 - Epoch 468: train_loss=0.41205164790153503, train_acc= 86.50%
INFO - 09/13/26 23:45:55 - 0:20:50 - Epoch 469: train_loss=0.40712955594062805, train_acc= 86.53%
INFO - 09/13/26 23:45:55 - 0:20:50 - Epoch 470: train_loss=0.40130138397216797, train_acc= 86.55%
INFO - 09/13/26 23:45:55 - 0:20:51 - Epoch 470: val_loss=0.5368524193763733, val_acc= 83.93%,val_weighted_f1= 83.99,val_macro_f1= 81.14%
EarlyStopping counter: 2 out of 15
INFO - 09/13/26 23:45:55 - 0:20:51 - Epoch 471: train_loss=0.40293726325035095, train_acc= 86.60%
INFO - 09/13/26 23:45:55 - 0:20:51 - Epoch 472: train_loss=0.40200603008270264, train_acc= 86.88%
INFO - 09/13/26 23:45:56 - 0:20:51 - Epoch 473: train_loss=0.40110984444618225, train_acc= 86.78%
INFO - 09/13/26 23:45:56 - 0:20:51 - Epoch 474: train_loss=0.4058316946029663, train_acc= 87.00%
INFO - 09/13/26 23:45:56 - 0:20:51 - Epoch 475: train_loss=0.40363895893096924, train_acc= 86.61%
INFO - 09/13/26 23:45:56 - 0:20:52 - Epoch 475: val_loss=0.5344163775444031, val_acc= 84.02%,val_weighted_f1= 84.08,val_macro_f1= 81.16%
INFO - 09/13/26 23:45:56 - 0:20:52 - Epoch 476: train_loss=0.40316832065582275, train_acc= 86.61%
INFO - 09/13/26 23:45:57 - 0:20:52 - Epoch 477: train_loss=0.4027898609638214, train_acc= 86.41%
INFO - 09/13/26 23:45:57 - 0:20:52 - Epoch 478: train_loss=0.4054983854293823, train_acc= 86.73%
INFO - 09/13/26 23:45:57 - 0:20:52 - Epoch 479: train_loss=0.40439316630363464, train_acc= 86.74%
INFO - 09/13/26 23:45:57 - 0:20:53 - Epoch 480: train_loss=0.3970701992511749, train_acc= 86.91%
INFO - 09/13/26 23:45:57 - 0:20:53 - Epoch 480: val_loss=0.5321536064147949, val_acc= 83.97%,val_weighted_f1= 84.04,val_macro_f1= 81.20%
EarlyStopping counter: 1 out of 15
INFO - 09/13/26 23:45:57 - 0:20:53 - Epoch 481: train_loss=0.4021180272102356, train_acc= 86.67%
INFO - 09/13/26 23:45:58 - 0:20:53 - Epoch 482: train_loss=0.40422889590263367, train_acc= 86.38%
INFO - 09/13/26 23:45:58 - 0:20:53 - Epoch 483: train_loss=0.39386045932769775, train_acc= 86.87%
INFO - 09/13/26 23:45:58 - 0:20:53 - Epoch 484: train_loss=0.4073764681816101, train_acc= 86.71%
INFO - 09/13/26 23:45:58 - 0:20:54 - Epoch 485: train_loss=0.40304747223854065, train_acc= 86.67%
INFO - 09/13/26 23:45:58 - 0:20:54 - Epoch 485: val_loss=0.5295917987823486, val_acc= 84.23%,val_weighted_f1= 84.26,val_macro_f1= 81.39%
INFO - 09/13/26 23:45:58 - 0:20:54 - Epoch 486: train_loss=0.3995802700519562, train_acc= 87.01%
INFO - 09/13/26 23:45:59 - 0:20:54 - Epoch 487: train_loss=0.3976157009601593, train_acc= 86.67%
INFO - 09/13/26 23:45:59 - 0:20:54 - Epoch 488: train_loss=0.4010511040687561, train_acc= 86.63%
INFO - 09/13/26 23:45:59 - 0:20:55 - Epoch 489: train_loss=0.4013258218765259, train_acc= 86.90%
INFO - 09/13/26 23:45:59 - 0:20:55 - Epoch 490: train_loss=0.3952983021736145, train_acc= 86.85%
INFO - 09/13/26 23:45:59 - 0:20:55 - Epoch 490: val_loss=0.528852641582489, val_acc= 84.15%,val_weighted_f1= 84.20,val_macro_f1= 81.27%
EarlyStopping counter: 1 out of 15
INFO - 09/13/26 23:46:00 - 0:20:55 - Epoch 491: train_loss=0.39025405049324036, train_acc= 87.30%
INFO - 09/13/26 23:46:00 - 0:20:55 - Epoch 492: train_loss=0.3976784348487854, train_acc= 86.38%
INFO - 09/13/26 23:46:00 - 0:20:55 - Epoch 493: train_loss=0.3978343904018402, train_acc= 86.95%
INFO - 09/13/26 23:46:00 - 0:20:56 - Epoch 494: train_loss=0.3945118188858032, train_acc= 87.10%
INFO - 09/13/26 23:46:00 - 0:20:56 - Epoch 495: train_loss=0.3981471359729767, train_acc= 87.07%
INFO - 09/13/26 23:46:00 - 0:20:56 - Epoch 495: val_loss=0.5280615091323853, val_acc= 84.27%,val_weighted_f1= 84.32,val_macro_f1= 81.54%
INFO - 09/13/26 23:46:01 - 0:20:56 - Epoch 496: train_loss=0.39815208315849304, train_acc= 87.05%
INFO - 09/13/26 23:46:01 - 0:20:56 - Epoch 497: train_loss=0.39041444659233093, train_acc= 86.97%
INFO - 09/13/26 23:46:01 - 0:20:56 - Epoch 498: train_loss=0.3954722285270691, train_acc= 86.78%
INFO - 09/13/26 23:46:01 - 0:20:57 - Epoch 499: train_loss=0.3914514482021332, train_acc= 87.05%
INFO - 09/13/26 23:46:01 - 0:20:57 - Epoch 500: train_loss=0.3930663764476776, train_acc= 87.20%
INFO - 09/13/26 23:46:01 - 0:20:57 - Epoch 500: val_loss=0.5256543159484863, val_acc= 84.15%,val_weighted_f1= 84.18,val_macro_f1= 81.33%
EarlyStopping counter: 1 out of 15
INFO - 09/13/26 23:46:02 - 0:20:57 - Epoch 501: train_loss=0.39363065361976624, train_acc= 86.98%
INFO - 09/13/26 23:46:02 - 0:20:57 - Epoch 502: train_loss=0.3927302956581116, train_acc= 87.04%
INFO - 09/13/26 23:46:02 - 0:20:58 - Epoch 503: train_loss=0.391478955745697, train_acc= 86.87%
INFO - 09/13/26 23:46:02 - 0:20:58 - Epoch 504: train_loss=0.3920847177505493, train_acc= 87.11%
INFO - 09/13/26 23:46:02 - 0:20:58 - Epoch 505: train_loss=0.39165595173835754, train_acc= 87.14%
INFO - 09/13/26 23:46:03 - 0:20:58 - Epoch 505: val_loss=0.5267716646194458, val_acc= 84.23%,val_weighted_f1= 84.26,val_macro_f1= 81.40%
EarlyStopping counter: 2 out of 15
INFO - 09/13/26 23:46:03 - 0:20:58 - Epoch 506: train_loss=0.38605740666389465, train_acc= 87.22%
INFO - 09/13/26 23:46:03 - 0:20:58 - Epoch 507: train_loss=0.39410918951034546, train_acc= 86.98%
INFO - 09/13/26 23:46:03 - 0:20:59 - Epoch 508: train_loss=0.3845230042934418, train_acc= 87.10%
INFO - 09/13/26 23:46:03 - 0:20:59 - Epoch 509: train_loss=0.3873303234577179, train_acc= 87.17%
INFO - 09/13/26 23:46:04 - 0:20:59 - Epoch 510: train_loss=0.38734179735183716, train_acc= 87.07%
INFO - 09/13/26 23:46:04 - 0:20:59 - Epoch 510: val_loss=0.5289985537528992, val_acc= 83.97%,val_weighted_f1= 84.03,val_macro_f1= 81.23%
EarlyStopping counter: 3 out of 15
INFO - 09/13/26 23:46:04 - 0:20:59 - Epoch 511: train_loss=0.39065036177635193, train_acc= 87.12%
INFO - 09/13/26 23:46:04 - 0:21:00 - Epoch 512: train_loss=0.3810291588306427, train_acc= 87.31%
INFO - 09/13/26 23:46:04 - 0:21:00 - Epoch 513: train_loss=0.39015379548072815, train_acc= 87.22%
INFO - 09/13/26 23:46:04 - 0:21:00 - Epoch 514: train_loss=0.3877262473106384, train_acc= 87.02%
INFO - 09/13/26 23:46:05 - 0:21:00 - Epoch 515: train_loss=0.3815891742706299, train_acc= 87.57%
INFO - 09/13/26 23:46:05 - 0:21:00 - Epoch 515: val_loss=0.5308636426925659, val_acc= 83.85%,val_weighted_f1= 83.93,val_macro_f1= 81.16%
EarlyStopping counter: 4 out of 15
INFO - 09/13/26 23:46:05 - 0:21:00 - Epoch 516: train_loss=0.38518545031547546, train_acc= 87.17%
INFO - 09/13/26 23:46:05 - 0:21:01 - Epoch 517: train_loss=0.38719886541366577, train_acc= 87.04%
INFO - 09/13/26 23:46:05 - 0:21:01 - Epoch 518: train_loss=0.38700389862060547, train_acc= 87.35%
INFO - 09/13/26 23:46:05 - 0:21:01 - Epoch 519: train_loss=0.38425102829933167, train_acc= 87.47%
INFO - 09/13/26 23:46:06 - 0:21:01 - Epoch 520: train_loss=0.38685908913612366, train_acc= 87.14%
INFO - 09/13/26 23:46:06 - 0:21:01 - Epoch 520: val_loss=0.5330365300178528, val_acc= 84.02%,val_weighted_f1= 84.08,val_macro_f1= 81.26%
EarlyStopping counter: 5 out of 15
INFO - 09/13/26 23:46:06 - 0:21:02 - Epoch 521: train_loss=0.38135823607444763, train_acc= 87.27%
INFO - 09/13/26 23:46:06 - 0:21:02 - Epoch 522: train_loss=0.385612428188324, train_acc= 87.18%
INFO - 09/13/26 23:46:06 - 0:21:02 - Epoch 523: train_loss=0.3857455551624298, train_acc= 87.64%
INFO - 09/13/26 23:46:07 - 0:21:02 - Epoch 524: train_loss=0.3856741786003113, train_acc= 87.17%
INFO - 09/13/26 23:46:07 - 0:21:02 - Epoch 525: train_loss=0.3817508816719055, train_acc= 87.44%
INFO - 09/13/26 23:46:07 - 0:21:02 - Epoch 525: val_loss=0.5288364291191101, val_acc= 84.10%,val_weighted_f1= 84.15,val_macro_f1= 81.45%
EarlyStopping counter: 6 out of 15
INFO - 09/13/26 23:46:07 - 0:21:03 - Epoch 526: train_loss=0.3824787735939026, train_acc= 87.37%
INFO - 09/13/26 23:46:07 - 0:21:03 - Epoch 527: train_loss=0.3827677071094513, train_acc= 87.34%
INFO - 09/13/26 23:46:07 - 0:21:03 - Epoch 528: train_loss=0.3801281154155731, train_acc= 87.30%
INFO - 09/13/26 23:46:08 - 0:21:03 - Epoch 529: train_loss=0.3842437267303467, train_acc= 87.37%
INFO - 09/13/26 23:46:08 - 0:21:03 - Epoch 530: train_loss=0.3819030821323395, train_acc= 87.42%
INFO - 09/13/26 23:46:08 - 0:21:04 - Epoch 530: val_loss=0.530744194984436, val_acc= 84.06%,val_weighted_f1= 84.11,val_macro_f1= 81.20%
EarlyStopping counter: 7 out of 15
INFO - 09/13/26 23:46:08 - 0:21:04 - Epoch 531: train_loss=0.37981855869293213, train_acc= 87.69%
INFO - 09/13/26 23:46:08 - 0:21:04 - Epoch 532: train_loss=0.38189172744750977, train_acc= 87.32%
INFO - 09/13/26 23:46:08 - 0:21:04 - Epoch 533: train_loss=0.38013091683387756, train_acc= 87.27%
INFO - 09/13/26 23:46:09 - 0:21:04 - Epoch 534: train_loss=0.37795254588127136, train_acc= 87.61%
INFO - 09/13/26 23:46:09 - 0:21:04 - Epoch 535: train_loss=0.37783539295196533, train_acc= 87.82%
INFO - 09/13/26 23:46:09 - 0:21:05 - Epoch 535: val_loss=0.5308208465576172, val_acc= 83.93%,val_weighted_f1= 84.00,val_macro_f1= 81.19%
EarlyStopping counter: 8 out of 15
INFO - 09/13/26 23:46:09 - 0:21:05 - Epoch 536: train_loss=0.3754713535308838, train_acc= 87.55%
INFO - 09/13/26 23:46:09 - 0:21:05 - Epoch 537: train_loss=0.3765304386615753, train_acc= 87.68%
INFO - 09/13/26 23:46:10 - 0:21:05 - Epoch 538: train_loss=0.373085081577301, train_acc= 87.42%
INFO - 09/13/26 23:46:10 - 0:21:05 - Epoch 539: train_loss=0.3781903088092804, train_acc= 87.22%
INFO - 09/13/26 23:46:10 - 0:21:06 - Epoch 540: train_loss=0.38081514835357666, train_acc= 87.34%
INFO - 09/13/26 23:46:10 - 0:21:06 - Epoch 540: val_loss=0.527107834815979, val_acc= 84.10%,val_weighted_f1= 84.16,val_macro_f1= 81.36%
EarlyStopping counter: 9 out of 15
INFO - 09/13/26 23:46:10 - 0:21:06 - Epoch 541: train_loss=0.37899526953697205, train_acc= 87.38%
INFO - 09/13/26 23:46:10 - 0:21:06 - Epoch 542: train_loss=0.37456804513931274, train_acc= 87.58%
INFO - 09/13/26 23:46:11 - 0:21:06 - Epoch 543: train_loss=0.3696432411670685, train_acc= 87.67%
INFO - 09/13/26 23:46:11 - 0:21:06 - Epoch 544: train_loss=0.37440669536590576, train_acc= 87.61%
INFO - 09/13/26 23:46:11 - 0:21:07 - Epoch 545: train_loss=0.3744160234928131, train_acc= 87.58%
INFO - 09/13/26 23:46:11 - 0:21:07 - Epoch 545: val_loss=0.5313735008239746, val_acc= 83.97%,val_weighted_f1= 84.04,val_macro_f1= 81.03%
EarlyStopping counter: 10 out of 15
INFO - 09/13/26 23:46:11 - 0:21:07 - Epoch 546: train_loss=0.3797720968723297, train_acc= 87.64%
INFO - 09/13/26 23:46:12 - 0:21:07 - Epoch 547: train_loss=0.38153204321861267, train_acc= 87.32%
INFO - 09/13/26 23:46:12 - 0:21:07 - Epoch 548: train_loss=0.37292736768722534, train_acc= 87.65%
INFO - 09/13/26 23:46:12 - 0:21:08 - Epoch 549: train_loss=0.3737342357635498, train_acc= 87.58%
INFO - 09/13/26 23:46:12 - 0:21:08 - Epoch 550: train_loss=0.36973023414611816, train_acc= 87.85%
INFO - 09/13/26 23:46:12 - 0:21:08 - Epoch 550: val_loss=0.5297389030456543, val_acc= 84.10%,val_weighted_f1= 84.16,val_macro_f1= 81.32%
EarlyStopping counter: 11 out of 15
INFO - 09/13/26 23:46:12 - 0:21:08 - Epoch 551: train_loss=0.36880189180374146, train_acc= 87.59%
INFO - 09/13/26 23:46:13 - 0:21:08 - Epoch 552: train_loss=0.3754027485847473, train_acc= 87.58%
INFO - 09/13/26 23:46:13 - 0:21:08 - Epoch 553: train_loss=0.36939743161201477, train_acc= 87.77%
INFO - 09/13/26 23:46:13 - 0:21:09 - Epoch 554: train_loss=0.37217873334884644, train_acc= 87.57%
INFO - 09/13/26 23:46:13 - 0:21:09 - Epoch 555: train_loss=0.3732238709926605, train_acc= 87.57%
INFO - 09/13/26 23:46:13 - 0:21:09 - Epoch 555: val_loss=0.5287676453590393, val_acc= 84.15%,val_weighted_f1= 84.20,val_macro_f1= 81.24%
EarlyStopping counter: 12 out of 15
INFO - 09/13/26 23:46:13 - 0:21:09 - Epoch 556: train_loss=0.37447744607925415, train_acc= 87.67%
INFO - 09/13/26 23:46:14 - 0:21:09 - Epoch 557: train_loss=0.3728583753108978, train_acc= 87.30%
INFO - 09/13/26 23:46:14 - 0:21:09 - Epoch 558: train_loss=0.3725869357585907, train_acc= 87.81%
INFO - 09/13/26 23:46:14 - 0:21:10 - Epoch 559: train_loss=0.3705138862133026, train_acc= 87.99%
INFO - 09/13/26 23:46:14 - 0:21:10 - Epoch 560: train_loss=0.36714065074920654, train_acc= 87.57%
INFO - 09/13/26 23:46:14 - 0:21:10 - Epoch 560: val_loss=0.529716968536377, val_acc= 84.19%,val_weighted_f1= 84.26,val_macro_f1= 81.36%
EarlyStopping counter: 13 out of 15
INFO - 09/13/26 23:46:15 - 0:21:10 - Epoch 561: train_loss=0.3633427917957306, train_acc= 87.89%
INFO - 09/13/26 23:46:15 - 0:21:10 - Epoch 562: train_loss=0.36705800890922546, train_acc= 87.59%
INFO - 09/13/26 23:46:15 - 0:21:11 - Epoch 563: train_loss=0.36681538820266724, train_acc= 87.91%
INFO - 09/13/26 23:46:15 - 0:21:11 - Epoch 564: train_loss=0.3620469868183136, train_acc= 88.01%
INFO - 09/13/26 23:46:15 - 0:21:11 - Epoch 565: train_loss=0.370013564825058, train_acc= 87.64%
INFO - 09/13/26 23:46:15 - 0:21:11 - Epoch 565: val_loss=0.5266572833061218, val_acc= 84.36%,val_weighted_f1= 84.41,val_macro_f1= 81.52%
INFO - 09/13/26 23:46:16 - 0:21:11 - Epoch 566: train_loss=0.36575847864151, train_acc= 87.89%
INFO - 09/13/26 23:46:16 - 0:21:11 - Epoch 567: train_loss=0.37120699882507324, train_acc= 88.05%
INFO - 09/13/26 23:46:16 - 0:21:12 - Epoch 568: train_loss=0.36012572050094604, train_acc= 88.12%
INFO - 09/13/26 23:46:16 - 0:21:12 - Epoch 569: train_loss=0.3664288818836212, train_acc= 87.81%
INFO - 09/13/26 23:46:16 - 0:21:12 - Epoch 570: train_loss=0.3694664239883423, train_acc= 88.04%
INFO - 09/13/26 23:46:17 - 0:21:12 - Epoch 570: val_loss=0.5256726145744324, val_acc= 84.44%,val_weighted_f1= 84.49,val_macro_f1= 81.52%
INFO - 09/13/26 23:46:17 - 0:21:12 - Epoch 571: train_loss=0.3618200123310089, train_acc= 87.98%
INFO - 09/13/26 23:46:17 - 0:21:12 - Epoch 572: train_loss=0.3673914670944214, train_acc= 87.71%
INFO - 09/13/26 23:46:17 - 0:21:13 - Epoch 573: train_loss=0.3600119352340698, train_acc= 87.85%
INFO - 09/13/26 23:46:17 - 0:21:13 - Epoch 574: train_loss=0.36358287930488586, train_acc= 88.12%
INFO - 09/13/26 23:46:17 - 0:21:13 - Epoch 575: train_loss=0.3552156090736389, train_acc= 88.31%
INFO - 09/13/26 23:46:18 - 0:21:13 - Epoch 575: val_loss=0.5307806730270386, val_acc= 84.06%,val_weighted_f1= 84.14,val_macro_f1= 81.30%
EarlyStopping counter: 1 out of 15
INFO - 09/13/26 23:46:18 - 0:21:13 - Epoch 576: train_loss=0.36404767632484436, train_acc= 87.92%
INFO - 09/13/26 23:46:18 - 0:21:14 - Epoch 577: train_loss=0.3614170253276825, train_acc= 87.94%
INFO - 09/13/26 23:46:18 - 0:21:14 - Epoch 578: train_loss=0.36477425694465637, train_acc= 88.16%
INFO - 09/13/26 23:46:18 - 0:21:14 - Epoch 579: train_loss=0.36125102639198303, train_acc= 87.96%
INFO - 09/13/26 23:46:19 - 0:21:14 - Epoch 580: train_loss=0.360282838344574, train_acc= 87.94%
INFO - 09/13/26 23:46:19 - 0:21:14 - Epoch 580: val_loss=0.529591977596283, val_acc= 84.27%,val_weighted_f1= 84.30,val_macro_f1= 81.41%
EarlyStopping counter: 2 out of 15
INFO - 09/13/26 23:46:19 - 0:21:14 - Epoch 581: train_loss=0.35923147201538086, train_acc= 88.02%
INFO - 09/13/26 23:46:19 - 0:21:15 - Epoch 582: train_loss=0.3578803241252899, train_acc= 88.12%
INFO - 09/13/26 23:46:19 - 0:21:15 - Epoch 583: train_loss=0.358388215303421, train_acc= 88.08%
INFO - 09/13/26 23:46:19 - 0:21:15 - Epoch 584: train_loss=0.3656577467918396, train_acc= 87.96%
INFO - 09/13/26 23:46:20 - 0:21:15 - Epoch 585: train_loss=0.35963085293769836, train_acc= 88.01%
INFO - 09/13/26 23:46:20 - 0:21:15 - Epoch 585: val_loss=0.5281206965446472, val_acc= 84.10%,val_weighted_f1= 84.14,val_macro_f1= 81.31%
EarlyStopping counter: 3 out of 15
INFO - 09/13/26 23:46:20 - 0:21:16 - Epoch 586: train_loss=0.3608000874519348, train_acc= 88.04%
INFO - 09/13/26 23:46:20 - 0:21:16 - Epoch 587: train_loss=0.36272838711738586, train_acc= 88.11%
INFO - 09/13/26 23:46:20 - 0:21:16 - Epoch 588: train_loss=0.359749436378479, train_acc= 88.06%
INFO - 09/13/26 23:46:20 - 0:21:16 - Epoch 589: train_loss=0.357192724943161, train_acc= 87.77%
INFO - 09/13/26 23:46:21 - 0:21:16 - Epoch 590: train_loss=0.3571227490901947, train_acc= 88.33%
INFO - 09/13/26 23:46:21 - 0:21:16 - Epoch 590: val_loss=0.5304442048072815, val_acc= 84.23%,val_weighted_f1= 84.28,val_macro_f1= 81.41%
EarlyStopping counter: 4 out of 15
INFO - 09/13/26 23:46:21 - 0:21:17 - Epoch 591: train_loss=0.352173388004303, train_acc= 88.25%
INFO - 09/13/26 23:46:21 - 0:21:17 - Epoch 592: train_loss=0.3572206199169159, train_acc= 88.14%
INFO - 09/13/26 23:46:21 - 0:21:17 - Epoch 593: train_loss=0.35741397738456726, train_acc= 88.06%
INFO - 09/13/26 23:46:22 - 0:21:17 - Epoch 594: train_loss=0.3550092577934265, train_acc= 88.31%
INFO - 09/13/26 23:46:22 - 0:21:17 - Epoch 595: train_loss=0.35957685112953186, train_acc= 88.21%
INFO - 09/13/26 23:46:22 - 0:21:17 - Epoch 595: val_loss=0.5315273404121399, val_acc= 84.36%,val_weighted_f1= 84.37,val_macro_f1= 81.59%
EarlyStopping counter: 5 out of 15
INFO - 09/13/26 23:46:22 - 0:21:18 - Epoch 596: train_loss=0.353659451007843, train_acc= 87.91%
INFO - 09/13/26 23:46:22 - 0:21:18 - Epoch 597: train_loss=0.35548973083496094, train_acc= 88.14%
INFO - 09/13/26 23:46:22 - 0:21:18 - Epoch 598: train_loss=0.352222740650177, train_acc= 88.49%
INFO - 09/13/26 23:46:23 - 0:21:18 - Epoch 599: train_loss=0.3496387004852295, train_acc= 88.62%
INFO - 09/13/26 23:46:23 - 0:21:18 - Epoch 600: train_loss=0.3583469092845917, train_acc= 88.18%
INFO - 09/13/26 23:46:23 - 0:21:19 - Epoch 600: val_loss=0.5318517684936523, val_acc= 84.15%,val_weighted_f1= 84.22,val_macro_f1= 81.33%
EarlyStopping counter: 6 out of 15
INFO - 09/13/26 23:46:23 - 0:21:19 - Epoch 601: train_loss=0.3558051288127899, train_acc= 88.22%
INFO - 09/13/26 23:46:23 - 0:21:19 - Epoch 602: train_loss=0.35085904598236084, train_acc= 88.58%
INFO - 09/13/26 23:46:24 - 0:21:19 - Epoch 603: train_loss=0.35078829526901245, train_acc= 88.41%
INFO - 09/13/26 23:46:24 - 0:21:19 - Epoch 604: train_loss=0.3500173091888428, train_acc= 88.28%
INFO - 09/13/26 23:46:24 - 0:21:20 - Epoch 605: train_loss=0.3547792434692383, train_acc= 88.14%
INFO - 09/13/26 23:46:24 - 0:21:20 - Epoch 605: val_loss=0.5269172787666321, val_acc= 84.36%,val_weighted_f1= 84.41,val_macro_f1= 81.43%
EarlyStopping counter: 7 out of 15
INFO - 09/13/26 23:46:24 - 0:21:20 - Epoch 606: train_loss=0.3510243594646454, train_acc= 88.12%
INFO - 09/13/26 23:46:24 - 0:21:20 - Epoch 607: train_loss=0.3502427637577057, train_acc= 88.59%
INFO - 09/13/26 23:46:25 - 0:21:20 - Epoch 608: train_loss=0.34944868087768555, train_acc= 88.05%
INFO - 09/13/26 23:46:25 - 0:21:20 - Epoch 609: train_loss=0.3511236310005188, train_acc= 88.52%
INFO - 09/13/26 23:46:25 - 0:21:21 - Epoch 610: train_loss=0.3469292223453522, train_acc= 88.61%
INFO - 09/13/26 23:46:25 - 0:21:21 - Epoch 610: val_loss=0.5305037498474121, val_acc= 84.53%,val_weighted_f1= 84.59,val_macro_f1= 81.77%
INFO - 09/13/26 23:46:25 - 0:21:21 - Epoch 611: train_loss=0.34776514768600464, train_acc= 88.59%
INFO - 09/13/26 23:46:26 - 0:21:21 - Epoch 612: train_loss=0.3458153009414673, train_acc= 88.25%
INFO - 09/13/26 23:46:26 - 0:21:21 - Epoch 613: train_loss=0.35170677304267883, train_acc= 88.29%
INFO - 09/13/26 23:46:26 - 0:21:21 - Epoch 614: train_loss=0.3511597216129303, train_acc= 88.28%
INFO - 09/13/26 23:46:26 - 0:21:22 - Epoch 615: train_loss=0.34703534841537476, train_acc= 88.61%
INFO - 09/13/26 23:46:26 - 0:21:22 - Epoch 615: val_loss=0.5318136811256409, val_acc= 84.36%,val_weighted_f1= 84.48,val_macro_f1= 81.56%
EarlyStopping counter: 1 out of 15
INFO - 09/13/26 23:46:26 - 0:21:22 - Epoch 616: train_loss=0.3469238877296448, train_acc= 88.35%
INFO - 09/13/26 23:46:27 - 0:21:22 - Epoch 617: train_loss=0.34392109513282776, train_acc= 88.76%
INFO - 09/13/26 23:46:27 - 0:21:22 - Epoch 618: train_loss=0.3407706916332245, train_acc= 88.51%
INFO - 09/13/26 23:46:27 - 0:21:23 - Epoch 619: train_loss=0.35011252760887146, train_acc= 88.43%
INFO - 09/13/26 23:46:27 - 0:21:23 - Epoch 620: train_loss=0.34818482398986816, train_acc= 88.68%
INFO - 09/13/26 23:46:27 - 0:21:23 - Epoch 620: val_loss=0.5260969400405884, val_acc= 84.74%,val_weighted_f1= 84.77,val_macro_f1= 81.82%
INFO - 09/13/26 23:46:28 - 0:21:23 - Epoch 621: train_loss=0.3417211174964905, train_acc= 88.42%
INFO - 09/13/26 23:46:28 - 0:21:23 - Epoch 622: train_loss=0.3448520302772522, train_acc= 88.59%
INFO - 09/13/26 23:46:28 - 0:21:23 - Epoch 623: train_loss=0.34418821334838867, train_acc= 88.48%
INFO - 09/13/26 23:46:28 - 0:21:24 - Epoch 624: train_loss=0.34169909358024597, train_acc= 88.78%
INFO - 09/13/26 23:46:28 - 0:21:24 - Epoch 625: train_loss=0.3448181748390198, train_acc= 88.61%
INFO - 09/13/26 23:46:28 - 0:21:24 - Epoch 625: val_loss=0.5318602323532104, val_acc= 84.49%,val_weighted_f1= 84.56,val_macro_f1= 81.68%
EarlyStopping counter: 1 out of 15
INFO - 09/13/26 23:46:29 - 0:21:24 - Epoch 626: train_loss=0.34658968448638916, train_acc= 88.58%
INFO - 09/13/26 23:46:29 - 0:21:24 - Epoch 627: train_loss=0.33863770961761475, train_acc= 89.02%
INFO - 09/13/26 23:46:29 - 0:21:25 - Epoch 628: train_loss=0.34163400530815125, train_acc= 88.49%
INFO - 09/13/26 23:46:29 - 0:21:25 - Epoch 629: train_loss=0.33902958035469055, train_acc= 88.75%
INFO - 09/13/26 23:46:29 - 0:21:25 - Epoch 630: train_loss=0.3422812223434448, train_acc= 88.65%
INFO - 09/13/26 23:46:30 - 0:21:25 - Epoch 630: val_loss=0.5285941958427429, val_acc= 84.53%,val_weighted_f1= 84.57,val_macro_f1= 81.75%
EarlyStopping counter: 2 out of 15
INFO - 09/13/26 23:46:30 - 0:21:25 - Epoch 631: train_loss=0.3356027901172638, train_acc= 89.02%
INFO - 09/13/26 23:46:30 - 0:21:25 - Epoch 632: train_loss=0.34042736887931824, train_acc= 88.73%
INFO - 09/13/26 23:46:30 - 0:21:26 - Epoch 633: train_loss=0.34050437808036804, train_acc= 88.53%
INFO - 09/13/26 23:46:30 - 0:21:26 - Epoch 634: train_loss=0.3378168046474457, train_acc= 88.65%
INFO - 09/13/26 23:46:31 - 0:21:26 - Epoch 635: train_loss=0.3368103802204132, train_acc= 88.65%
INFO - 09/13/26 23:46:31 - 0:21:26 - Epoch 635: val_loss=0.529281497001648, val_acc= 84.44%,val_weighted_f1= 84.49,val_macro_f1= 81.65%
EarlyStopping counter: 3 out of 15
INFO - 09/13/26 23:46:31 - 0:21:26 - Epoch 636: train_loss=0.34095898270606995, train_acc= 88.86%
INFO - 09/13/26 23:46:31 - 0:21:26 - Epoch 637: train_loss=0.34028831124305725, train_acc= 88.90%
INFO - 09/13/26 23:46:31 - 0:21:27 - Epoch 638: train_loss=0.333999365568161, train_acc= 89.16%
INFO - 09/13/26 23:46:31 - 0:21:27 - Epoch 639: train_loss=0.3333568274974823, train_acc= 88.82%
INFO - 09/13/26 23:46:32 - 0:21:27 - Epoch 640: train_loss=0.3378295600414276, train_acc= 88.76%
INFO - 09/13/26 23:46:32 - 0:21:27 - Epoch 640: val_loss=0.529890775680542, val_acc= 84.70%,val_weighted_f1= 84.74,val_macro_f1= 81.91%
EarlyStopping counter: 4 out of 15
INFO - 09/13/26 23:46:32 - 0:21:27 - Epoch 641: train_loss=0.3372580111026764, train_acc= 88.88%
INFO - 09/13/26 23:46:32 - 0:21:28 - Epoch 642: train_loss=0.3342628479003906, train_acc= 88.89%
INFO - 09/13/26 23:46:32 - 0:21:28 - Epoch 643: train_loss=0.3384614586830139, train_acc= 89.00%
INFO - 09/13/26 23:46:32 - 0:21:28 - Epoch 644: train_loss=0.3355797529220581, train_acc= 88.99%
INFO - 09/13/26 23:46:33 - 0:21:28 - Epoch 645: train_loss=0.33311396837234497, train_acc= 88.96%
INFO - 09/13/26 23:46:33 - 0:21:28 - Epoch 645: val_loss=0.5306158065795898, val_acc= 84.79%,val_weighted_f1= 84.86,val_macro_f1= 81.94%
INFO - 09/13/26 23:46:33 - 0:21:28 - Epoch 646: train_loss=0.3389974534511566, train_acc= 88.82%
INFO - 09/13/26 23:46:33 - 0:21:29 - Epoch 647: train_loss=0.33284181356430054, train_acc= 89.20%
INFO - 09/13/26 23:46:33 - 0:21:29 - Epoch 648: train_loss=0.33032605051994324, train_acc= 89.10%
INFO - 09/13/26 23:46:34 - 0:21:29 - Epoch 649: train_loss=0.33187025785446167, train_acc= 88.93%
INFO - 09/13/26 23:46:34 - 0:21:29 - Epoch 650: train_loss=0.33332309126853943, train_acc= 89.06%
INFO - 09/13/26 23:46:34 - 0:21:29 - Epoch 650: val_loss=0.5355550646781921, val_acc= 84.57%,val_weighted_f1= 84.68,val_macro_f1= 81.82%
EarlyStopping counter: 1 out of 15
INFO - 09/13/26 23:46:34 - 0:21:29 - Epoch 651: train_loss=0.3317261040210724, train_acc= 89.13%
INFO - 09/13/26 23:46:34 - 0:21:30 - Epoch 652: train_loss=0.3342364728450775, train_acc= 88.92%
INFO - 09/13/26 23:46:34 - 0:21:30 - Epoch 653: train_loss=0.3398624658584595, train_acc= 88.82%
INFO - 09/13/26 23:46:35 - 0:21:30 - Epoch 654: train_loss=0.32888633012771606, train_acc= 88.99%
INFO - 09/13/26 23:46:35 - 0:21:30 - Epoch 655: train_loss=0.3357369601726532, train_acc= 89.05%
INFO - 09/13/26 23:46:35 - 0:21:30 - Epoch 655: val_loss=0.5303103923797607, val_acc= 84.57%,val_weighted_f1= 84.62,val_macro_f1= 81.68%
EarlyStopping counter: 2 out of 15
INFO - 09/13/26 23:46:35 - 0:21:31 - Epoch 656: train_loss=0.3377872109413147, train_acc= 88.71%
INFO - 09/13/26 23:46:35 - 0:21:31 - Epoch 657: train_loss=0.33213943243026733, train_acc= 88.99%
INFO - 09/13/26 23:46:36 - 0:21:31 - Epoch 658: train_loss=0.33371391892433167, train_acc= 89.05%
INFO - 09/13/26 23:46:36 - 0:21:31 - Epoch 659: train_loss=0.3307926058769226, train_acc= 88.92%
INFO - 09/13/26 23:46:36 - 0:21:31 - Epoch 660: train_loss=0.33271917700767517, train_acc= 88.62%
INFO - 09/13/26 23:46:36 - 0:21:31 - Epoch 660: val_loss=0.5354985594749451, val_acc= 84.53%,val_weighted_f1= 84.60,val_macro_f1= 81.62%
EarlyStopping counter: 3 out of 15
INFO - 09/13/26 23:46:36 - 0:21:32 - Epoch 661: train_loss=0.3298875689506531, train_acc= 89.36%
INFO - 09/13/26 23:46:36 - 0:21:32 - Epoch 662: train_loss=0.3293627202510834, train_acc= 89.06%
INFO - 09/13/26 23:46:37 - 0:21:32 - Epoch 663: train_loss=0.3280961513519287, train_acc= 89.19%
INFO - 09/13/26 23:46:37 - 0:21:32 - Epoch 664: train_loss=0.33696043491363525, train_acc= 88.68%
INFO - 09/13/26 23:46:37 - 0:21:32 - Epoch 665: train_loss=0.32297828793525696, train_acc= 89.37%
INFO - 09/13/26 23:46:37 - 0:21:33 - Epoch 665: val_loss=0.5430803894996643, val_acc= 84.36%,val_weighted_f1= 84.43,val_macro_f1= 81.69%
EarlyStopping counter: 4 out of 15
INFO - 09/13/26 23:46:37 - 0:21:33 - Epoch 666: train_loss=0.331843763589859, train_acc= 88.93%
INFO - 09/13/26 23:46:37 - 0:21:33 - Epoch 667: train_loss=0.3317425549030304, train_acc= 88.95%
INFO - 09/13/26 23:46:38 - 0:21:33 - Epoch 668: train_loss=0.3272647559642792, train_acc= 88.95%
INFO - 09/13/26 23:46:38 - 0:21:33 - Epoch 669: train_loss=0.328537255525589, train_acc= 89.42%
INFO - 09/13/26 23:46:38 - 0:21:34 - Epoch 670: train_loss=0.32907307147979736, train_acc= 89.05%
INFO - 09/13/26 23:46:38 - 0:21:34 - Epoch 670: val_loss=0.5373505353927612, val_acc= 84.40%,val_weighted_f1= 84.45,val_macro_f1= 81.75%
EarlyStopping counter: 5 out of 15
INFO - 09/13/26 23:46:38 - 0:21:34 - Epoch 671: train_loss=0.32955142855644226, train_acc= 89.13%
INFO - 09/13/26 23:46:39 - 0:21:34 - Epoch 672: train_loss=0.32263416051864624, train_acc= 89.13%
INFO - 09/13/26 23:46:39 - 0:21:34 - Epoch 673: train_loss=0.3259541392326355, train_acc= 89.09%
INFO - 09/13/26 23:46:39 - 0:21:34 - Epoch 674: train_loss=0.31955403089523315, train_acc= 89.72%
INFO - 09/13/26 23:46:39 - 0:21:35 - Epoch 675: train_loss=0.32236969470977783, train_acc= 89.08%
INFO - 09/13/26 23:46:39 - 0:21:35 - Epoch 675: val_loss=0.539283275604248, val_acc= 84.40%,val_weighted_f1= 84.48,val_macro_f1= 81.64%
EarlyStopping counter: 6 out of 15
INFO - 09/13/26 23:46:39 - 0:21:35 - Epoch 676: train_loss=0.31913453340530396, train_acc= 89.49%
INFO - 09/13/26 23:46:40 - 0:21:35 - Epoch 677: train_loss=0.3302406668663025, train_acc= 89.02%
INFO - 09/13/26 23:46:40 - 0:21:35 - Epoch 678: train_loss=0.32021430134773254, train_acc= 89.70%
INFO - 09/13/26 23:46:40 - 0:21:35 - Epoch 679: train_loss=0.32254910469055176, train_acc= 88.79%
INFO - 09/13/26 23:46:40 - 0:21:36 - Epoch 680: train_loss=0.3259161412715912, train_acc= 88.78%
INFO - 09/13/26 23:46:40 - 0:21:36 - Epoch 680: val_loss=0.5443580746650696, val_acc= 84.27%,val_weighted_f1= 84.36,val_macro_f1= 81.69%
EarlyStopping counter: 7 out of 15
INFO - 09/13/26 23:46:40 - 0:21:36 - Epoch 681: train_loss=0.31638193130493164, train_acc= 89.69%
INFO - 09/13/26 23:46:41 - 0:21:36 - Epoch 682: train_loss=0.3307512700557709, train_acc= 89.08%
INFO - 09/13/26 23:46:41 - 0:21:36 - Epoch 683: train_loss=0.31911271810531616, train_acc= 89.52%
INFO - 09/13/26 23:46:41 - 0:21:37 - Epoch 684: train_loss=0.3277915418148041, train_acc= 89.53%
INFO - 09/13/26 23:46:41 - 0:21:37 - Epoch 685: train_loss=0.31340742111206055, train_acc= 89.59%
INFO - 09/13/26 23:46:41 - 0:21:37 - Epoch 685: val_loss=0.5415071249008179, val_acc= 84.62%,val_weighted_f1= 84.68,val_macro_f1= 82.04%
EarlyStopping counter: 8 out of 15
INFO - 09/13/26 23:46:42 - 0:21:37 - Epoch 686: train_loss=0.31799840927124023, train_acc= 89.39%
INFO - 09/13/26 23:46:42 - 0:21:37 - Epoch 687: train_loss=0.3213497996330261, train_acc= 89.52%
INFO - 09/13/26 23:46:42 - 0:21:37 - Epoch 688: train_loss=0.32299208641052246, train_acc= 89.06%
INFO - 09/13/26 23:46:42 - 0:21:38 - Epoch 689: train_loss=0.31536951661109924, train_acc= 89.60%
INFO - 09/13/26 23:46:42 - 0:21:38 - Epoch 690: train_loss=0.3175205886363983, train_acc= 89.35%
INFO - 09/13/26 23:46:42 - 0:21:38 - Epoch 690: val_loss=0.5443297028541565, val_acc= 84.36%,val_weighted_f1= 84.47,val_macro_f1= 81.70%
EarlyStopping counter: 9 out of 15
INFO - 09/13/26 23:46:43 - 0:21:38 - Epoch 691: train_loss=0.32215622067451477, train_acc= 89.30%
INFO - 09/13/26 23:46:43 - 0:21:38 - Epoch 692: train_loss=0.31947246193885803, train_acc= 89.39%
INFO - 09/13/26 23:46:43 - 0:21:38 - Epoch 693: train_loss=0.31281501054763794, train_acc= 89.70%
INFO - 09/13/26 23:46:43 - 0:21:39 - Epoch 694: train_loss=0.3132276237010956, train_acc= 89.57%
INFO - 09/13/26 23:46:43 - 0:21:39 - Epoch 695: train_loss=0.31507688760757446, train_acc= 89.37%
INFO - 09/13/26 23:46:43 - 0:21:39 - Epoch 695: val_loss=0.5376611948013306, val_acc= 84.57%,val_weighted_f1= 84.64,val_macro_f1= 82.11%
EarlyStopping counter: 10 out of 15
INFO - 09/13/26 23:46:44 - 0:21:39 - Epoch 696: train_loss=0.3168950080871582, train_acc= 89.33%
INFO - 09/13/26 23:46:44 - 0:21:39 - Epoch 697: train_loss=0.31800299882888794, train_acc= 89.39%
INFO - 09/13/26 23:46:44 - 0:21:40 - Epoch 698: train_loss=0.31967970728874207, train_acc= 89.36%
INFO - 09/13/26 23:46:44 - 0:21:40 - Epoch 699: train_loss=0.3125908672809601, train_acc= 89.62%
INFO - 09/13/26 23:46:44 - 0:21:40 - Epoch 700: train_loss=0.3220537602901459, train_acc= 89.09%
INFO - 09/13/26 23:46:45 - 0:21:40 - Epoch 700: val_loss=0.5363590121269226, val_acc= 84.53%,val_weighted_f1= 84.56,val_macro_f1= 81.79%
EarlyStopping counter: 11 out of 15
INFO - 09/13/26 23:46:45 - 0:21:40 - Epoch 701: train_loss=0.31554314494132996, train_acc= 89.42%
INFO - 09/13/26 23:46:45 - 0:21:40 - Epoch 702: train_loss=0.3119664192199707, train_acc= 89.49%
INFO - 09/13/26 23:46:45 - 0:21:41 - Epoch 703: train_loss=0.31737637519836426, train_acc= 89.69%
INFO - 09/13/26 23:46:45 - 0:21:41 - Epoch 704: train_loss=0.3152117431163788, train_acc= 89.67%
INFO - 09/13/26 23:46:46 - 0:21:41 - Epoch 705: train_loss=0.31519463658332825, train_acc= 89.39%
INFO - 09/13/26 23:46:46 - 0:21:41 - Epoch 705: val_loss=0.536309003829956, val_acc= 84.74%,val_weighted_f1= 84.80,val_macro_f1= 82.16%
EarlyStopping counter: 12 out of 15
INFO - 09/13/26 23:46:46 - 0:21:41 - Epoch 706: train_loss=0.3147154748439789, train_acc= 89.66%
INFO - 09/13/26 23:46:46 - 0:21:42 - Epoch 707: train_loss=0.31525951623916626, train_acc= 89.66%
INFO - 09/13/26 23:46:46 - 0:21:42 - Epoch 708: train_loss=0.310479998588562, train_acc= 89.80%
INFO - 09/13/26 23:46:46 - 0:21:42 - Epoch 709: train_loss=0.3166179358959198, train_acc= 89.22%
INFO - 09/13/26 23:46:47 - 0:21:42 - Epoch 710: train_loss=0.30772942304611206, train_acc= 89.59%
INFO - 09/13/26 23:46:47 - 0:21:42 - Epoch 710: val_loss=0.5378073453903198, val_acc= 84.70%,val_weighted_f1= 84.74,val_macro_f1= 82.00%
EarlyStopping counter: 13 out of 15
INFO - 09/13/26 23:46:47 - 0:21:42 - Epoch 711: train_loss=0.30222052335739136, train_acc= 89.97%
INFO - 09/13/26 23:46:47 - 0:21:43 - Epoch 712: train_loss=0.3067828118801117, train_acc= 89.62%
INFO - 09/13/26 23:46:47 - 0:21:43 - Epoch 713: train_loss=0.30831751227378845, train_acc= 89.73%
INFO - 09/13/26 23:46:48 - 0:21:43 - Epoch 714: train_loss=0.30939388275146484, train_acc= 89.47%
INFO - 09/13/26 23:46:48 - 0:21:43 - Epoch 715: train_loss=0.3136430084705353, train_acc= 89.76%
INFO - 09/13/26 23:46:48 - 0:21:43 - Epoch 715: val_loss=0.5366368889808655, val_acc= 84.57%,val_weighted_f1= 84.61,val_macro_f1= 81.72%
EarlyStopping counter: 14 out of 15
INFO - 09/13/26 23:46:48 - 0:21:43 - Epoch 716: train_loss=0.3101474642753601, train_acc= 89.46%
INFO - 09/13/26 23:46:48 - 0:21:44 - Epoch 717: train_loss=0.3099999725818634, train_acc= 89.53%
INFO - 09/13/26 23:46:48 - 0:21:44 - Epoch 718: train_loss=0.3128575086593628, train_acc= 89.62%
INFO - 09/13/26 23:46:49 - 0:21:44 - Epoch 719: train_loss=0.3068961501121521, train_acc= 90.00%
INFO - 09/13/26 23:46:49 - 0:21:44 - Epoch 720: train_loss=0.30731210112571716, train_acc= 89.77%
INFO - 09/13/26 23:46:49 - 0:21:44 - Epoch 720: val_loss=0.5435516834259033, val_acc= 84.79%,val_weighted_f1= 84.87,val_macro_f1= 82.15%
INFO - 09/13/26 23:46:49 - 0:21:45 - Epoch 721: train_loss=0.3065536618232727, train_acc= 89.75%
INFO - 09/13/26 23:46:49 - 0:21:45 - Epoch 722: train_loss=0.30789700150489807, train_acc= 89.73%
INFO - 09/13/26 23:46:49 - 0:21:45 - Epoch 723: train_loss=0.3059108257293701, train_acc= 89.86%
INFO - 09/13/26 23:46:50 - 0:21:45 - Epoch 724: train_loss=0.3055332899093628, train_acc= 90.06%
INFO - 09/13/26 23:46:50 - 0:21:45 - Epoch 725: train_loss=0.3018973767757416, train_acc= 90.10%
INFO - 09/13/26 23:46:50 - 0:21:45 - Epoch 725: val_loss=0.5398610234260559, val_acc= 84.49%,val_weighted_f1= 84.55,val_macro_f1= 81.81%
EarlyStopping counter: 1 out of 15
INFO - 09/13/26 23:46:50 - 0:21:46 - Epoch 726: train_loss=0.30603376030921936, train_acc= 89.97%
INFO - 09/13/26 23:46:50 - 0:21:46 - Epoch 727: train_loss=0.3146430552005768, train_acc= 89.60%
INFO - 09/13/26 23:46:51 - 0:21:46 - Epoch 728: train_loss=0.303567111492157, train_acc= 89.72%
INFO - 09/13/26 23:46:51 - 0:21:46 - Epoch 729: train_loss=0.303287535905838, train_acc= 89.76%
INFO - 09/13/26 23:46:51 - 0:21:46 - Epoch 730: train_loss=0.30180802941322327, train_acc= 90.03%
INFO - 09/13/26 23:46:51 - 0:21:47 - Epoch 730: val_loss=0.5446121692657471, val_acc= 84.70%,val_weighted_f1= 84.74,val_macro_f1= 82.04%
EarlyStopping counter: 2 out of 15
INFO - 09/13/26 23:46:51 - 0:21:47 - Epoch 731: train_loss=0.3055785596370697, train_acc= 89.77%
INFO - 09/13/26 23:46:51 - 0:21:47 - Epoch 732: train_loss=0.300902783870697, train_acc= 90.03%
INFO - 09/13/26 23:46:52 - 0:21:47 - Epoch 733: train_loss=0.30294451117515564, train_acc= 90.03%
INFO - 09/13/26 23:46:52 - 0:21:47 - Epoch 734: train_loss=0.29821035265922546, train_acc= 90.13%
INFO - 09/13/26 23:46:52 - 0:21:48 - Epoch 735: train_loss=0.3063780963420868, train_acc= 89.75%
INFO - 09/13/26 23:46:52 - 0:21:48 - Epoch 735: val_loss=0.5407147407531738, val_acc= 84.83%,val_weighted_f1= 84.90,val_macro_f1= 82.01%
INFO - 09/13/26 23:46:52 - 0:21:48 - Epoch 736: train_loss=0.3004606068134308, train_acc= 90.02%
INFO - 09/13/26 23:46:52 - 0:21:48 - Epoch 737: train_loss=0.30616021156311035, train_acc= 89.76%
INFO - 09/13/26 23:46:53 - 0:21:48 - Epoch 738: train_loss=0.2995791435241699, train_acc= 89.90%
INFO - 09/13/26 23:46:53 - 0:21:48 - Epoch 739: train_loss=0.29606398940086365, train_acc= 90.12%
INFO - 09/13/26 23:46:53 - 0:21:49 - Epoch 740: train_loss=0.2959485948085785, train_acc= 90.40%
INFO - 09/13/26 23:46:53 - 0:21:49 - Epoch 740: val_loss=0.543443500995636, val_acc= 84.62%,val_weighted_f1= 84.66,val_macro_f1= 81.82%
EarlyStopping counter: 1 out of 15
INFO - 09/13/26 23:46:53 - 0:21:49 - Epoch 741: train_loss=0.30318665504455566, train_acc= 89.87%
INFO - 09/13/26 23:46:54 - 0:21:49 - Epoch 742: train_loss=0.29508909583091736, train_acc= 90.41%
INFO - 09/13/26 23:46:54 - 0:21:49 - Epoch 743: train_loss=0.30268770456314087, train_acc= 89.84%
INFO - 09/13/26 23:46:54 - 0:21:50 - Epoch 744: train_loss=0.29671594500541687, train_acc= 90.46%
INFO - 09/13/26 23:46:54 - 0:21:50 - Epoch 745: train_loss=0.3012843728065491, train_acc= 90.19%
INFO - 09/13/26 23:46:54 - 0:21:50 - Epoch 745: val_loss=0.5381059050559998, val_acc= 84.70%,val_weighted_f1= 84.75,val_macro_f1= 81.96%
EarlyStopping counter: 2 out of 15
INFO - 09/13/26 23:46:54 - 0:21:50 - Epoch 746: train_loss=0.2991095185279846, train_acc= 90.23%
INFO - 09/13/26 23:46:55 - 0:21:50 - Epoch 747: train_loss=0.294271856546402, train_acc= 90.39%
INFO - 09/13/26 23:46:55 - 0:21:50 - Epoch 748: train_loss=0.2989787757396698, train_acc= 90.10%
INFO - 09/13/26 23:46:55 - 0:21:51 - Epoch 749: train_loss=0.2985423505306244, train_acc= 90.03%
INFO - 09/13/26 23:46:55 - 0:21:51 - Epoch 750: train_loss=0.3017342686653137, train_acc= 90.06%
INFO - 09/13/26 23:46:55 - 0:21:51 - Epoch 750: val_loss=0.5491983890533447, val_acc= 84.49%,val_weighted_f1= 84.56,val_macro_f1= 81.70%
EarlyStopping counter: 3 out of 15
INFO - 09/13/26 23:46:56 - 0:21:51 - Epoch 751: train_loss=0.3019465506076813, train_acc= 90.04%
INFO - 09/13/26 23:46:56 - 0:21:51 - Epoch 752: train_loss=0.2968941330909729, train_acc= 90.16%
INFO - 09/13/26 23:46:56 - 0:21:52 - Epoch 753: train_loss=0.2976701557636261, train_acc= 89.99%
INFO - 09/13/26 23:46:56 - 0:21:52 - Epoch 754: train_loss=0.29446086287498474, train_acc= 90.19%
INFO - 09/13/26 23:46:56 - 0:21:52 - Epoch 755: train_loss=0.2993778586387634, train_acc= 89.94%
INFO - 09/13/26 23:46:56 - 0:21:52 - Epoch 755: val_loss=0.5457547307014465, val_acc= 84.53%,val_weighted_f1= 84.59,val_macro_f1= 81.81%
EarlyStopping counter: 4 out of 15
INFO - 09/13/26 23:46:57 - 0:21:52 - Epoch 756: train_loss=0.29266610741615295, train_acc= 90.29%
INFO - 09/13/26 23:46:57 - 0:21:52 - Epoch 757: train_loss=0.29813840985298157, train_acc= 90.16%
INFO - 09/13/26 23:46:57 - 0:21:53 - Epoch 758: train_loss=0.301554411649704, train_acc= 89.89%
INFO - 09/13/26 23:46:57 - 0:21:53 - Epoch 759: train_loss=0.2988693416118622, train_acc= 90.00%
INFO - 09/13/26 23:46:57 - 0:21:53 - Epoch 760: train_loss=0.2987600862979889, train_acc= 89.99%
INFO - 09/13/26 23:46:57 - 0:21:53 - Epoch 760: val_loss=0.5438308119773865, val_acc= 84.70%,val_weighted_f1= 84.71,val_macro_f1= 82.01%
EarlyStopping counter: 5 out of 15
INFO - 09/13/26 23:46:58 - 0:21:53 - Epoch 761: train_loss=0.29575058817863464, train_acc= 90.17%
INFO - 09/13/26 23:46:58 - 0:21:53 - Epoch 762: train_loss=0.3000320792198181, train_acc= 90.14%
INFO - 09/13/26 23:46:58 - 0:21:54 - Epoch 763: train_loss=0.2955968976020813, train_acc= 90.40%
INFO - 09/13/26 23:46:58 - 0:21:54 - Epoch 764: train_loss=0.2956033945083618, train_acc= 90.31%
INFO - 09/13/26 23:46:58 - 0:21:54 - Epoch 765: train_loss=0.28969937562942505, train_acc= 90.31%
INFO - 09/13/26 23:46:59 - 0:21:54 - Epoch 765: val_loss=0.5450125336647034, val_acc= 84.70%,val_weighted_f1= 84.73,val_macro_f1= 81.83%
EarlyStopping counter: 6 out of 15
INFO - 09/13/26 23:46:59 - 0:21:54 - Epoch 766: train_loss=0.29300522804260254, train_acc= 90.37%
INFO - 09/13/26 23:46:59 - 0:21:55 - Epoch 767: train_loss=0.2943888008594513, train_acc= 90.50%
INFO - 09/13/26 23:46:59 - 0:21:55 - Epoch 768: train_loss=0.295840859413147, train_acc= 90.13%
INFO - 09/13/26 23:46:59 - 0:21:55 - Epoch 769: train_loss=0.293852299451828, train_acc= 90.20%
INFO - 09/13/26 23:47:00 - 0:21:55 - Epoch 770: train_loss=0.2920207679271698, train_acc= 90.17%
INFO - 09/13/26 23:47:00 - 0:21:55 - Epoch 770: val_loss=0.549072265625, val_acc= 84.74%,val_weighted_f1= 84.80,val_macro_f1= 82.00%
EarlyStopping counter: 7 out of 15
INFO - 09/13/26 23:47:00 - 0:21:55 - Epoch 771: train_loss=0.281826913356781, train_acc= 90.43%
INFO - 09/13/26 23:47:00 - 0:21:56 - Epoch 772: train_loss=0.2939812242984772, train_acc= 90.34%
INFO - 09/13/26 23:47:00 - 0:21:56 - Epoch 773: train_loss=0.29740607738494873, train_acc= 90.04%
INFO - 09/13/26 23:47:00 - 0:21:56 - Epoch 774: train_loss=0.2915559709072113, train_acc= 90.36%
INFO - 09/13/26 23:47:01 - 0:21:56 - Epoch 775: train_loss=0.28992295265197754, train_acc= 90.26%
INFO - 09/13/26 23:47:01 - 0:21:56 - Epoch 775: val_loss=0.5543859601020813, val_acc= 84.36%,val_weighted_f1= 84.44,val_macro_f1= 81.63%
EarlyStopping counter: 8 out of 15
INFO - 09/13/26 23:47:01 - 0:21:57 - Epoch 776: train_loss=0.29232722520828247, train_acc= 90.34%
INFO - 09/13/26 23:47:01 - 0:21:57 - Epoch 777: train_loss=0.2876145839691162, train_acc= 90.33%
INFO - 09/13/26 23:47:01 - 0:21:57 - Epoch 778: train_loss=0.2902837097644806, train_acc= 90.31%
INFO - 09/13/26 23:47:02 - 0:21:57 - Epoch 779: train_loss=0.28804677724838257, train_acc= 90.22%
INFO - 09/13/26 23:47:02 - 0:21:57 - Epoch 780: train_loss=0.2886910140514374, train_acc= 90.33%
INFO - 09/13/26 23:47:02 - 0:21:57 - Epoch 780: val_loss=0.557636022567749, val_acc= 84.87%,val_weighted_f1= 84.98,val_macro_f1= 82.27%
INFO - 09/13/26 23:47:02 - 0:21:58 - Epoch 781: train_loss=0.2828308939933777, train_acc= 90.66%
INFO - 09/13/26 23:47:02 - 0:21:58 - Epoch 782: train_loss=0.2833201587200165, train_acc= 90.46%
INFO - 09/13/26 23:47:02 - 0:21:58 - Epoch 783: train_loss=0.2891831398010254, train_acc= 90.27%
INFO - 09/13/26 23:47:03 - 0:21:58 - Epoch 784: train_loss=0.28912433981895447, train_acc= 90.70%
INFO - 09/13/26 23:47:03 - 0:21:58 - Epoch 785: train_loss=0.295663446187973, train_acc= 89.99%
INFO - 09/13/26 23:47:03 - 0:21:58 - Epoch 785: val_loss=0.5467437505722046, val_acc= 84.66%,val_weighted_f1= 84.70,val_macro_f1= 81.89%
EarlyStopping counter: 1 out of 15
INFO - 09/13/26 23:47:03 - 0:21:59 - Epoch 786: train_loss=0.28152158856391907, train_acc= 90.70%
INFO - 09/13/26 23:47:03 - 0:21:59 - Epoch 787: train_loss=0.2916857600212097, train_acc= 90.22%
INFO - 09/13/26 23:47:03 - 0:21:59 - Epoch 788: train_loss=0.28650379180908203, train_acc= 90.34%
INFO - 09/13/26 23:47:04 - 0:21:59 - Epoch 789: train_loss=0.28479844331741333, train_acc= 90.43%
INFO - 09/13/26 23:47:04 - 0:21:59 - Epoch 790: train_loss=0.2869945466518402, train_acc= 90.37%
INFO - 09/13/26 23:47:04 - 0:22:00 - Epoch 790: val_loss=0.5544774532318115, val_acc= 84.62%,val_weighted_f1= 84.62,val_macro_f1= 81.98%
EarlyStopping counter: 2 out of 15
INFO - 09/13/26 23:47:04 - 0:22:00 - Epoch 791: train_loss=0.2818901240825653, train_acc= 90.44%
INFO - 09/13/26 23:47:04 - 0:22:00 - Epoch 792: train_loss=0.2859029769897461, train_acc= 90.73%
INFO - 09/13/26 23:47:05 - 0:22:00 - Epoch 793: train_loss=0.2847908139228821, train_acc= 90.76%
INFO - 09/13/26 23:47:05 - 0:22:00 - Epoch 794: train_loss=0.28220710158348083, train_acc= 90.59%
INFO - 09/13/26 23:47:05 - 0:22:01 - Epoch 795: train_loss=0.28084510564804077, train_acc= 90.23%
INFO - 09/13/26 23:47:05 - 0:22:01 - Epoch 795: val_loss=0.5503198504447937, val_acc= 84.44%,val_weighted_f1= 84.48,val_macro_f1= 81.78%
EarlyStopping counter: 3 out of 15
INFO - 09/13/26 23:47:05 - 0:22:01 - Epoch 796: train_loss=0.2771924138069153, train_acc= 91.01%
INFO - 09/13/26 23:47:05 - 0:22:01 - Epoch 797: train_loss=0.2760370373725891, train_acc= 90.94%
INFO - 09/13/26 23:47:06 - 0:22:01 - Epoch 798: train_loss=0.27854445576667786, train_acc= 90.86%
INFO - 09/13/26 23:47:06 - 0:22:01 - Epoch 799: train_loss=0.28426533937454224, train_acc= 90.83%
INFO - 09/13/26 23:47:06 - 0:22:02 - Epoch 800: train_loss=0.2765597701072693, train_acc= 91.08%
INFO - 09/13/26 23:47:06 - 0:22:02 - Epoch 800: val_loss=0.559245228767395, val_acc= 84.40%,val_weighted_f1= 84.48,val_macro_f1= 81.75%
EarlyStopping counter: 4 out of 15
INFO - 09/13/26 23:47:06 - 0:22:02 - Epoch 801: train_loss=0.28574568033218384, train_acc= 90.43%
INFO - 09/13/26 23:47:06 - 0:22:02 - Epoch 802: train_loss=0.27837133407592773, train_acc= 91.03%
INFO - 09/13/26 23:47:07 - 0:22:02 - Epoch 803: train_loss=0.2792094945907593, train_acc= 90.76%
INFO - 09/13/26 23:47:07 - 0:22:02 - Epoch 804: train_loss=0.2774254381656647, train_acc= 90.60%
INFO - 09/13/26 23:47:07 - 0:22:03 - Epoch 805: train_loss=0.28442686796188354, train_acc= 90.67%
INFO - 09/13/26 23:47:07 - 0:22:03 - Epoch 805: val_loss=0.5619531869888306, val_acc= 84.32%,val_weighted_f1= 84.37,val_macro_f1= 81.95%
EarlyStopping counter: 5 out of 15
INFO - 09/13/26 23:47:07 - 0:22:03 - Epoch 806: train_loss=0.2846742570400238, train_acc= 90.66%
INFO - 09/13/26 23:47:08 - 0:22:03 - Epoch 807: train_loss=0.27559277415275574, train_acc= 91.06%
INFO - 09/13/26 23:47:08 - 0:22:03 - Epoch 808: train_loss=0.2680516242980957, train_acc= 91.37%
INFO - 09/13/26 23:47:08 - 0:22:04 - Epoch 809: train_loss=0.28155314922332764, train_acc= 90.63%
INFO - 09/13/26 23:47:08 - 0:22:04 - Epoch 810: train_loss=0.27697718143463135, train_acc= 90.41%
INFO - 09/13/26 23:47:08 - 0:22:04 - Epoch 810: val_loss=0.5582562685012817, val_acc= 84.62%,val_weighted_f1= 84.65,val_macro_f1= 81.95%
EarlyStopping counter: 6 out of 15
INFO - 09/13/26 23:47:08 - 0:22:04 - Epoch 811: train_loss=0.27714574337005615, train_acc= 91.06%
INFO - 09/13/26 23:47:09 - 0:22:04 - Epoch 812: train_loss=0.27304843068122864, train_acc= 91.16%
INFO - 09/13/26 23:47:09 - 0:22:04 - Epoch 813: train_loss=0.2689349353313446, train_acc= 91.21%
INFO - 09/13/26 23:47:09 - 0:22:05 - Epoch 814: train_loss=0.2732013463973999, train_acc= 91.25%
INFO - 09/13/26 23:47:09 - 0:22:05 - Epoch 815: train_loss=0.27862876653671265, train_acc= 90.60%
INFO - 09/13/26 23:47:09 - 0:22:05 - Epoch 815: val_loss=0.5598723888397217, val_acc= 84.53%,val_weighted_f1= 84.61,val_macro_f1= 81.85%
EarlyStopping counter: 7 out of 15
INFO - 09/13/26 23:47:09 - 0:22:05 - Epoch 816: train_loss=0.2744816243648529, train_acc= 91.14%
INFO - 09/13/26 23:47:10 - 0:22:05 - Epoch 817: train_loss=0.27718669176101685, train_acc= 91.03%
INFO - 09/13/26 23:47:10 - 0:22:06 - Epoch 818: train_loss=0.26578855514526367, train_acc= 91.16%
INFO - 09/13/26 23:47:10 - 0:22:06 - Epoch 819: train_loss=0.275074303150177, train_acc= 90.78%
INFO - 09/13/26 23:47:10 - 0:22:06 - Epoch 820: train_loss=0.26797717809677124, train_acc= 91.04%
INFO - 09/13/26 23:47:10 - 0:22:06 - Epoch 820: val_loss=0.5708110928535461, val_acc= 84.27%,val_weighted_f1= 84.33,val_macro_f1= 81.84%
EarlyStopping counter: 8 out of 15
INFO - 09/13/26 23:47:11 - 0:22:06 - Epoch 821: train_loss=0.2747200131416321, train_acc= 90.84%
INFO - 09/13/26 23:47:11 - 0:22:06 - Epoch 822: train_loss=0.27550458908081055, train_acc= 91.21%
INFO - 09/13/26 23:47:11 - 0:22:07 - Epoch 823: train_loss=0.274016410112381, train_acc= 90.96%
INFO - 09/13/26 23:47:11 - 0:22:07 - Epoch 824: train_loss=0.2778092622756958, train_acc= 90.53%
INFO - 09/13/26 23:47:11 - 0:22:07 - Epoch 825: train_loss=0.2693668305873871, train_acc= 91.17%
INFO - 09/13/26 23:47:11 - 0:22:07 - Epoch 825: val_loss=0.5678858757019043, val_acc= 84.36%,val_weighted_f1= 84.45,val_macro_f1= 81.89%
EarlyStopping counter: 9 out of 15
INFO - 09/13/26 23:47:12 - 0:22:07 - Epoch 826: train_loss=0.2753138840198517, train_acc= 90.80%
INFO - 09/13/26 23:47:12 - 0:22:07 - Epoch 827: train_loss=0.2699134051799774, train_acc= 91.48%
INFO - 09/13/26 23:47:12 - 0:22:08 - Epoch 828: train_loss=0.26679864525794983, train_acc= 91.18%
INFO - 09/13/26 23:47:12 - 0:22:08 - Epoch 829: train_loss=0.2750575840473175, train_acc= 90.94%
INFO - 09/13/26 23:47:12 - 0:22:08 - Epoch 830: train_loss=0.26458555459976196, train_acc= 91.28%
INFO - 09/13/26 23:47:13 - 0:22:08 - Epoch 830: val_loss=0.5662152171134949, val_acc= 84.36%,val_weighted_f1= 84.41,val_macro_f1= 81.82%
EarlyStopping counter: 10 out of 15
INFO - 09/13/26 23:47:13 - 0:22:08 - Epoch 831: train_loss=0.26407551765441895, train_acc= 91.21%
INFO - 09/13/26 23:47:13 - 0:22:09 - Epoch 832: train_loss=0.26483267545700073, train_acc= 91.16%
INFO - 09/13/26 23:47:13 - 0:22:09 - Epoch 833: train_loss=0.268269419670105, train_acc= 91.13%
INFO - 09/13/26 23:47:13 - 0:22:09 - Epoch 834: train_loss=0.2715110182762146, train_acc= 91.00%
INFO - 09/13/26 23:47:14 - 0:22:09 - Epoch 835: train_loss=0.2639167010784149, train_acc= 91.24%
INFO - 09/13/26 23:47:14 - 0:22:09 - Epoch 835: val_loss=0.5626254677772522, val_acc= 84.36%,val_weighted_f1= 84.42,val_macro_f1= 81.68%
EarlyStopping counter: 11 out of 15
INFO - 09/13/26 23:47:14 - 0:22:09 - Epoch 836: train_loss=0.26482251286506653, train_acc= 91.28%
INFO - 09/13/26 23:47:14 - 0:22:10 - Epoch 837: train_loss=0.27109530568122864, train_acc= 90.88%
INFO - 09/13/26 23:47:14 - 0:22:10 - Epoch 838: train_loss=0.2655777037143707, train_acc= 90.98%
INFO - 09/13/26 23:47:14 - 0:22:10 - Epoch 839: train_loss=0.2687065005302429, train_acc= 91.03%
INFO - 09/13/26 23:47:15 - 0:22:10 - Epoch 840: train_loss=0.2658975422382355, train_acc= 90.97%
INFO - 09/13/26 23:47:15 - 0:22:10 - Epoch 840: val_loss=0.562099814414978, val_acc= 84.49%,val_weighted_f1= 84.57,val_macro_f1= 81.73%
EarlyStopping counter: 12 out of 15
INFO - 09/13/26 23:47:15 - 0:22:10 - Epoch 841: train_loss=0.2684164047241211, train_acc= 90.88%
INFO - 09/13/26 23:47:15 - 0:22:11 - Epoch 842: train_loss=0.2643343508243561, train_acc= 91.13%
INFO - 09/13/26 23:47:15 - 0:22:11 - Epoch 843: train_loss=0.26536232233047485, train_acc= 91.28%
INFO - 09/13/26 23:47:16 - 0:22:11 - Epoch 844: train_loss=0.258957177400589, train_acc= 91.71%
INFO - 09/13/26 23:47:16 - 0:22:11 - Epoch 845: train_loss=0.25820261240005493, train_acc= 91.51%
INFO - 09/13/26 23:47:16 - 0:22:11 - Epoch 845: val_loss=0.5685303211212158, val_acc= 84.32%,val_weighted_f1= 84.38,val_macro_f1= 81.68%
EarlyStopping counter: 13 out of 15
INFO - 09/13/26 23:47:16 - 0:22:12 - Epoch 846: train_loss=0.26761138439178467, train_acc= 91.16%
INFO - 09/13/26 23:47:16 - 0:22:12 - Epoch 847: train_loss=0.2663167417049408, train_acc= 91.24%
INFO - 09/13/26 23:47:16 - 0:22:12 - Epoch 848: train_loss=0.26015231013298035, train_acc= 91.27%
INFO - 09/13/26 23:47:17 - 0:22:12 - Epoch 849: train_loss=0.2636522352695465, train_acc= 91.18%
INFO - 09/13/26 23:47:17 - 0:22:12 - Epoch 850: train_loss=0.265386164188385, train_acc= 91.14%
INFO - 09/13/26 23:47:17 - 0:22:12 - Epoch 850: val_loss=0.567037045955658, val_acc= 84.32%,val_weighted_f1= 84.38,val_macro_f1= 81.81%
EarlyStopping counter: 14 out of 15
INFO - 09/13/26 23:47:17 - 0:22:13 - Epoch 851: train_loss=0.2596231997013092, train_acc= 91.34%
INFO - 09/13/26 23:47:17 - 0:22:13 - Epoch 852: train_loss=0.26273977756500244, train_acc= 91.41%
INFO - 09/13/26 23:47:18 - 0:22:13 - Epoch 853: train_loss=0.25912773609161377, train_acc= 91.31%
INFO - 09/13/26 23:47:18 - 0:22:13 - Epoch 854: train_loss=0.25511083006858826, train_acc= 91.41%
INFO - 09/13/26 23:47:18 - 0:22:13 - Epoch 855: train_loss=0.26806455850601196, train_acc= 90.90%
INFO - 09/13/26 23:47:18 - 0:22:13 - Epoch 855: val_loss=0.5702803730964661, val_acc= 84.70%,val_weighted_f1= 84.73,val_macro_f1= 82.21%
EarlyStopping counter: 15 out of 15
---------Early stopping--------
INFO - 09/13/26 23:47:18 - 0:22:13 - --------------Testing--------------------
INFO - 09/13/26 23:47:18 - 0:22:13 - --------------Loading from ./checkpoints/NC_WikiCS_model.pt--------------------
INFO - 09/13/26 23:47:18 - 0:22:14 - test_acc= 84.23%, weighted_f1= 84.23,macro_f1= 82.41%
INFO - 09/13/26 23:47:18 - 0:22:14 - test_acc= 84.23%, weighted_f1= 84.23,macro_f1= 82.41%
INFO - 09/13/26 23:47:18 - 0:22:14 - Epoch 0: train_loss=2.619612455368042, train_acc= 6.32%
INFO - 09/13/26 23:47:18 - 0:22:14 - Epoch 0: val_loss=2.499396800994873, val_acc= 7.14%,val_weighted_f1= 1.47,val_macro_f1= 1.61%
INFO - 09/13/26 23:47:19 - 0:22:14 - Epoch 1: train_loss=2.5204081535339355, train_acc= 6.78%
INFO - 09/13/26 23:47:19 - 0:22:14 - Epoch 2: train_loss=2.4334259033203125, train_acc= 7.53%
INFO - 09/13/26 23:47:19 - 0:22:14 - Epoch 3: train_loss=2.3621838092803955, train_acc= 9.44%
INFO - 09/13/26 23:47:19 - 0:22:15 - Epoch 4: train_loss=2.2936043739318848, train_acc= 12.15%
INFO - 09/13/26 23:47:19 - 0:22:15 - Epoch 5: train_loss=2.238032579421997, train_acc= 14.17%
INFO - 09/13/26 23:47:20 - 0:22:15 - Epoch 5: val_loss=2.1577086448669434, val_acc= 17.74%,val_weighted_f1= 10.62,val_macro_f1= 6.44%
INFO - 09/13/26 23:47:20 - 0:22:15 - Epoch 6: train_loss=2.1912362575531006, train_acc= 16.71%
INFO - 09/13/26 23:47:20 - 0:22:15 - Epoch 7: train_loss=2.1436984539031982, train_acc= 20.97%
INFO - 09/13/26 23:47:20 - 0:22:16 - Epoch 8: train_loss=2.116142749786377, train_acc= 23.81%
INFO - 09/13/26 23:47:20 - 0:22:16 - Epoch 9: train_loss=2.0861470699310303, train_acc= 25.84%
INFO - 09/13/26 23:47:20 - 0:22:16 - Epoch 10: train_loss=2.068168878555298, train_acc= 27.90%
INFO - 09/13/26 23:47:21 - 0:22:16 - Epoch 10: val_loss=2.0377700328826904, val_acc= 28.16%,val_weighted_f1= 15.92,val_macro_f1= 7.85%
INFO - 09/13/26 23:47:21 - 0:22:16 - Epoch 11: train_loss=2.056422472000122, train_acc= 27.33%
INFO - 09/13/26 23:47:21 - 0:22:16 - Epoch 12: train_loss=2.0391876697540283, train_acc= 27.96%
INFO - 09/13/26 23:47:21 - 0:22:17 - Epoch 13: train_loss=2.0346176624298096, train_acc= 27.70%
INFO - 09/13/26 23:47:21 - 0:22:17 - Epoch 14: train_loss=2.022714138031006, train_acc= 28.19%
INFO - 09/13/26 23:47:22 - 0:22:17 - Epoch 15: train_loss=2.01415753364563, train_acc= 29.04%
INFO - 09/13/26 23:47:22 - 0:22:17 - Epoch 15: val_loss=2.000563383102417, val_acc= 28.16%,val_weighted_f1= 16.13,val_macro_f1= 8.01%
INFO - 09/13/26 23:47:22 - 0:22:17 - Epoch 16: train_loss=2.0051238536834717, train_acc= 29.63%
INFO - 09/13/26 23:47:22 - 0:22:18 - Epoch 17: train_loss=1.995360016822815, train_acc= 30.57%
INFO - 09/13/26 23:47:22 - 0:22:18 - Epoch 18: train_loss=1.9891610145568848, train_acc= 30.68%
INFO - 09/13/26 23:47:22 - 0:22:18 - Epoch 19: train_loss=1.9809902906417847, train_acc= 32.06%
INFO - 09/13/26 23:47:23 - 0:22:18 - Epoch 20: train_loss=1.9722864627838135, train_acc= 32.72%
INFO - 09/13/26 23:47:23 - 0:22:18 - Epoch 20: val_loss=1.958409309387207, val_acc= 32.69%,val_weighted_f1= 22.05,val_macro_f1= 11.33%
INFO - 09/13/26 23:47:23 - 0:22:18 - Epoch 21: train_loss=1.9629853963851929, train_acc= 33.68%
INFO - 09/13/26 23:47:23 - 0:22:19 - Epoch 22: train_loss=1.9568488597869873, train_acc= 34.28%
INFO - 09/13/26 23:47:23 - 0:22:19 - Epoch 23: train_loss=1.9488307237625122, train_acc= 34.23%
INFO - 09/13/26 23:47:24 - 0:22:19 - Epoch 24: train_loss=1.939132809638977, train_acc= 35.44%
INFO - 09/13/26 23:47:24 - 0:22:19 - Epoch 25: train_loss=1.9284688234329224, train_acc= 35.64%
INFO - 09/13/26 23:47:24 - 0:22:19 - Epoch 25: val_loss=1.9067378044128418, val_acc= 36.50%,val_weighted_f1= 28.06,val_macro_f1= 15.10%
INFO - 09/13/26 23:47:24 - 0:22:19 - Epoch 26: train_loss=1.9166691303253174, train_acc= 36.08%
INFO - 09/13/26 23:47:24 - 0:22:20 - Epoch 27: train_loss=1.9061777591705322, train_acc= 35.96%
INFO - 09/13/26 23:47:24 - 0:22:20 - Epoch 28: train_loss=1.901216983795166, train_acc= 36.68%
INFO - 09/13/26 23:47:25 - 0:22:20 - Epoch 29: train_loss=1.8884975910186768, train_acc= 37.25%
INFO - 09/13/26 23:47:25 - 0:22:20 - Epoch 30: train_loss=1.8782665729522705, train_acc= 37.46%
INFO - 09/13/26 23:47:25 - 0:22:20 - Epoch 30: val_loss=1.8515733480453491, val_acc= 38.25%,val_weighted_f1= 30.54,val_macro_f1= 16.82%
INFO - 09/13/26 23:47:25 - 0:22:21 - Epoch 31: train_loss=1.8673800230026245, train_acc= 37.96%
INFO - 09/13/26 23:47:25 - 0:22:21 - Epoch 32: train_loss=1.8580503463745117, train_acc= 38.40%
INFO - 09/13/26 23:47:25 - 0:22:21 - Epoch 33: train_loss=1.846022367477417, train_acc= 39.15%
INFO - 09/13/26 23:47:26 - 0:22:21 - Epoch 34: train_loss=1.8356941938400269, train_acc= 39.70%
INFO - 09/13/26 23:47:26 - 0:22:21 - Epoch 35: train_loss=1.828792929649353, train_acc= 39.72%
INFO - 09/13/26 23:47:26 - 0:22:21 - Epoch 35: val_loss=1.796582818031311, val_acc= 42.44%,val_weighted_f1= 35.18,val_macro_f1= 19.77%
INFO - 09/13/26 23:47:26 - 0:22:22 - Epoch 36: train_loss=1.8203214406967163, train_acc= 41.25%
INFO - 09/13/26 23:47:26 - 0:22:22 - Epoch 37: train_loss=1.806064486503601, train_acc= 42.14%
INFO - 09/13/26 23:47:27 - 0:22:22 - Epoch 38: train_loss=1.7997660636901855, train_acc= 42.63%
INFO - 09/13/26 23:47:27 - 0:22:22 - Epoch 39: train_loss=1.786685585975647, train_acc= 43.81%
INFO - 09/13/26 23:47:27 - 0:22:22 - Epoch 40: train_loss=1.7751569747924805, train_acc= 44.21%
INFO - 09/13/26 23:47:27 - 0:22:22 - Epoch 40: val_loss=1.7389429807662964, val_acc= 46.84%,val_weighted_f1= 39.26,val_macro_f1= 22.33%
INFO - 09/13/26 23:47:27 - 0:22:23 - Epoch 41: train_loss=1.7640128135681152, train_acc= 45.36%
INFO - 09/13/26 23:47:27 - 0:22:23 - Epoch 42: train_loss=1.7526072263717651, train_acc= 46.02%
INFO - 09/13/26 23:47:28 - 0:22:23 - Epoch 43: train_loss=1.7433888912200928, train_acc= 47.09%
INFO - 09/13/26 23:47:28 - 0:22:23 - Epoch 44: train_loss=1.732598066329956, train_acc= 46.90%
INFO - 09/13/26 23:47:28 - 0:22:23 - Epoch 45: train_loss=1.7184144258499146, train_acc= 48.18%
INFO - 09/13/26 23:47:28 - 0:22:24 - Epoch 45: val_loss=1.6783822774887085, val_acc= 50.17%,val_weighted_f1= 42.15,val_macro_f1= 24.15%
INFO - 09/13/26 23:47:28 - 0:22:24 - Epoch 46: train_loss=1.7061247825622559, train_acc= 48.23%
INFO - 09/13/26 23:47:28 - 0:22:24 - Epoch 47: train_loss=1.6931266784667969, train_acc= 48.74%
INFO - 09/13/26 23:47:29 - 0:22:24 - Epoch 48: train_loss=1.6787959337234497, train_acc= 49.20%
INFO - 09/13/26 23:47:29 - 0:22:24 - Epoch 49: train_loss=1.6692858934402466, train_acc= 49.49%
INFO - 09/13/26 23:47:29 - 0:22:25 - Epoch 50: train_loss=1.6567435264587402, train_acc= 50.58%
INFO - 09/13/26 23:47:29 - 0:22:25 - Epoch 50: val_loss=1.6130146980285645, val_acc= 51.75%,val_weighted_f1= 43.43,val_macro_f1= 24.96%
INFO - 09/13/26 23:47:29 - 0:22:25 - Epoch 51: train_loss=1.6424230337142944, train_acc= 50.49%
INFO - 09/13/26 23:47:30 - 0:22:25 - Epoch 52: train_loss=1.629175066947937, train_acc= 51.12%
INFO - 09/13/26 23:47:30 - 0:22:25 - Epoch 53: train_loss=1.6173101663589478, train_acc= 51.09%
INFO - 09/13/26 23:47:30 - 0:22:25 - Epoch 54: train_loss=1.6035966873168945, train_acc= 51.39%
INFO - 09/13/26 23:47:30 - 0:22:26 - Epoch 55: train_loss=1.5852272510528564, train_acc= 52.20%
INFO - 09/13/26 23:47:30 - 0:22:26 - Epoch 55: val_loss=1.5407469272613525, val_acc= 53.59%,val_weighted_f1= 44.83,val_macro_f1= 25.80%
INFO - 09/13/26 23:47:30 - 0:22:26 - Epoch 56: train_loss=1.5706326961517334, train_acc= 52.40%
INFO - 09/13/26 23:47:31 - 0:22:26 - Epoch 57: train_loss=1.5572593212127686, train_acc= 52.83%
INFO - 09/13/26 23:47:31 - 0:22:26 - Epoch 58: train_loss=1.5459870100021362, train_acc= 52.54%
INFO - 09/13/26 23:47:31 - 0:22:27 - Epoch 59: train_loss=1.5279061794281006, train_acc= 53.67%
INFO - 09/13/26 23:47:31 - 0:22:27 - Epoch 60: train_loss=1.5169893503189087, train_acc= 53.38%
INFO - 09/13/26 23:47:31 - 0:22:27 - Epoch 60: val_loss=1.4638326168060303, val_acc= 54.57%,val_weighted_f1= 45.56,val_macro_f1= 26.26%
INFO - 09/13/26 23:47:32 - 0:22:27 - Epoch 61: train_loss=1.4983488321304321, train_acc= 53.74%
INFO - 09/13/26 23:47:32 - 0:22:27 - Epoch 62: train_loss=1.4852954149246216, train_acc= 54.15%
INFO - 09/13/26 23:47:32 - 0:22:27 - Epoch 63: train_loss=1.4758543968200684, train_acc= 54.51%
INFO - 09/13/26 23:47:32 - 0:22:28 - Epoch 64: train_loss=1.4547553062438965, train_acc= 54.62%
INFO - 09/13/26 23:47:32 - 0:22:28 - Epoch 65: train_loss=1.4377284049987793, train_acc= 54.75%
INFO - 09/13/26 23:47:32 - 0:22:28 - Epoch 65: val_loss=1.3843860626220703, val_acc= 55.98%,val_weighted_f1= 46.69,val_macro_f1= 26.98%
INFO - 09/13/26 23:47:33 - 0:22:28 - Epoch 66: train_loss=1.4289618730545044, train_acc= 55.12%
INFO - 09/13/26 23:47:33 - 0:22:28 - Epoch 67: train_loss=1.4104547500610352, train_acc= 55.39%
INFO - 09/13/26 23:47:33 - 0:22:28 - Epoch 68: train_loss=1.3984402418136597, train_acc= 55.56%
INFO - 09/13/26 23:47:33 - 0:22:29 - Epoch 69: train_loss=1.3848997354507446, train_acc= 55.82%
INFO - 09/13/26 23:47:33 - 0:22:29 - Epoch 70: train_loss=1.3652299642562866, train_acc= 55.89%
INFO - 09/13/26 23:47:33 - 0:22:29 - Epoch 70: val_loss=1.3086439371109009, val_acc= 56.84%,val_weighted_f1= 47.47,val_macro_f1= 27.56%
INFO - 09/13/26 23:47:34 - 0:22:29 - Epoch 71: train_loss=1.3524107933044434, train_acc= 56.53%
INFO - 09/13/26 23:47:34 - 0:22:29 - Epoch 72: train_loss=1.3376888036727905, train_acc= 56.32%
INFO - 09/13/26 23:47:34 - 0:22:30 - Epoch 73: train_loss=1.3217679262161255, train_acc= 56.72%
INFO - 09/13/26 23:47:34 - 0:22:30 - Epoch 74: train_loss=1.3119938373565674, train_acc= 57.34%
INFO - 09/13/26 23:47:34 - 0:22:30 - Epoch 75: train_loss=1.2978899478912354, train_acc= 57.74%
INFO - 09/13/26 23:47:35 - 0:22:30 - Epoch 75: val_loss=1.2383314371109009, val_acc= 57.86%,val_weighted_f1= 49.02,val_macro_f1= 29.21%
INFO - 09/13/26 23:47:35 - 0:22:30 - Epoch 76: train_loss=1.2813102006912231, train_acc= 57.63%
INFO - 09/13/26 23:47:35 - 0:22:30 - Epoch 77: train_loss=1.272086262702942, train_acc= 57.88%
INFO - 09/13/26 23:47:35 - 0:22:31 - Epoch 78: train_loss=1.2517496347427368, train_acc= 58.55%
INFO - 09/13/26 23:47:35 - 0:22:31 - Epoch 79: train_loss=1.2447943687438965, train_acc= 58.62%
INFO - 09/13/26 23:47:36 - 0:22:31 - Epoch 80: train_loss=1.2325371503829956, train_acc= 58.54%
INFO - 09/13/26 23:47:36 - 0:22:31 - Epoch 80: val_loss=1.1734957695007324, val_acc= 59.57%,val_weighted_f1= 51.72,val_macro_f1= 32.63%
INFO - 09/13/26 23:47:36 - 0:22:31 - Epoch 81: train_loss=1.216843843460083, train_acc= 58.91%
INFO - 09/13/26 23:47:36 - 0:22:31 - Epoch 82: train_loss=1.2091518640518188, train_acc= 59.25%
INFO - 09/13/26 23:47:36 - 0:22:32 - Epoch 83: train_loss=1.1957310438156128, train_acc= 59.83%
INFO - 09/13/26 23:47:36 - 0:22:32 - Epoch 84: train_loss=1.1835086345672607, train_acc= 60.43%
INFO - 09/13/26 23:47:37 - 0:22:32 - Epoch 85: train_loss=1.1715888977050781, train_acc= 60.58%
INFO - 09/13/26 23:47:37 - 0:22:32 - Epoch 85: val_loss=1.1194034814834595, val_acc= 61.71%,val_weighted_f1= 55.20,val_macro_f1= 37.00%
INFO - 09/13/26 23:47:37 - 0:22:32 - Epoch 86: train_loss=1.163830041885376, train_acc= 61.79%
INFO - 09/13/26 23:47:37 - 0:22:33 - Epoch 87: train_loss=1.1481317281723022, train_acc= 61.81%
INFO - 09/13/26 23:47:37 - 0:22:33 - Epoch 88: train_loss=1.1343448162078857, train_acc= 62.23%
INFO - 09/13/26 23:47:37 - 0:22:33 - Epoch 89: train_loss=1.1338218450546265, train_acc= 62.17%
INFO - 09/13/26 23:47:38 - 0:22:33 - Epoch 90: train_loss=1.1154285669326782, train_acc= 62.53%
INFO - 09/13/26 23:47:38 - 0:22:33 - Epoch 90: val_loss=1.0708104372024536, val_acc= 62.69%,val_weighted_f1= 56.97,val_macro_f1= 39.51%
INFO - 09/13/26 23:47:38 - 0:22:33 - Epoch 91: train_loss=1.112019658088684, train_acc= 62.87%
INFO - 09/13/26 23:47:38 - 0:22:34 - Epoch 92: train_loss=1.102374792098999, train_acc= 62.61%
INFO - 09/13/26 23:47:38 - 0:22:34 - Epoch 93: train_loss=1.0865213871002197, train_acc= 63.87%
INFO - 09/13/26 23:47:39 - 0:22:34 - Epoch 94: train_loss=1.085734486579895, train_acc= 63.98%
INFO - 09/13/26 23:47:39 - 0:22:34 - Epoch 95: train_loss=1.0753463506698608, train_acc= 64.02%
INFO - 09/13/26 23:47:39 - 0:22:34 - Epoch 95: val_loss=1.0273851156234741, val_acc= 64.32%,val_weighted_f1= 59.18,val_macro_f1= 42.15%
INFO - 09/13/26 23:47:39 - 0:22:35 - Epoch 96: train_loss=1.0667128562927246, train_acc= 64.75%
INFO - 09/13/26 23:47:39 - 0:22:35 - Epoch 97: train_loss=1.053909420967102, train_acc= 64.93%
INFO - 09/13/26 23:47:39 - 0:22:35 - Epoch 98: train_loss=1.0457983016967773, train_acc= 65.38%
INFO - 09/13/26 23:47:40 - 0:22:35 - Epoch 99: train_loss=1.0402750968933105, train_acc= 65.26%
INFO - 09/13/26 23:47:40 - 0:22:35 - Epoch 100: train_loss=1.0244327783584595, train_acc= 66.16%
INFO - 09/13/26 23:47:40 - 0:22:35 - Epoch 100: val_loss=0.9877852201461792, val_acc= 65.98%,val_weighted_f1= 61.65,val_macro_f1= 45.49%
INFO - 09/13/26 23:47:40 - 0:22:36 - Epoch 101: train_loss=1.0207576751708984, train_acc= 66.44%
INFO - 09/13/26 23:47:40 - 0:22:36 - Epoch 102: train_loss=1.0122917890548706, train_acc= 67.16%
INFO - 09/13/26 23:47:41 - 0:22:36 - Epoch 103: train_loss=1.0093785524368286, train_acc= 66.63%
INFO - 09/13/26 23:47:41 - 0:22:36 - Epoch 104: train_loss=1.0010435581207275, train_acc= 67.24%
INFO - 09/13/26 23:47:41 - 0:22:36 - Epoch 105: train_loss=0.9920989274978638, train_acc= 67.18%
INFO - 09/13/26 23:47:41 - 0:22:37 - Epoch 105: val_loss=0.9508742094039917, val_acc= 67.56%,val_weighted_f1= 63.94,val_macro_f1= 48.71%
INFO - 09/13/26 23:47:41 - 0:22:37 - Epoch 106: train_loss=0.982020914554596, train_acc= 67.92%
INFO - 09/13/26 23:47:41 - 0:22:37 - Epoch 107: train_loss=0.9754926562309265, train_acc= 68.18%
INFO - 09/13/26 23:47:42 - 0:22:37 - Epoch 108: train_loss=0.97370845079422, train_acc= 67.85%
INFO - 09/13/26 23:47:42 - 0:22:37 - Epoch 109: train_loss=0.9567275643348694, train_acc= 68.74%
INFO - 09/13/26 23:47:42 - 0:22:38 - Epoch 110: train_loss=0.9607306718826294, train_acc= 68.68%
INFO - 09/13/26 23:47:42 - 0:22:38 - Epoch 110: val_loss=0.9162753224372864, val_acc= 69.44%,val_weighted_f1= 66.64,val_macro_f1= 53.23%
INFO - 09/13/26 23:47:42 - 0:22:38 - Epoch 111: train_loss=0.9463096261024475, train_acc= 69.33%
INFO - 09/13/26 23:47:42 - 0:22:38 - Epoch 112: train_loss=0.937280535697937, train_acc= 69.95%
INFO - 09/13/26 23:47:43 - 0:22:38 - Epoch 113: train_loss=0.9316473603248596, train_acc= 69.28%
INFO - 09/13/26 23:47:43 - 0:22:38 - Epoch 114: train_loss=0.9301181435585022, train_acc= 70.13%
INFO - 09/13/26 23:47:43 - 0:22:39 - Epoch 115: train_loss=0.9157886505126953, train_acc= 70.10%
INFO - 09/13/26 23:47:43 - 0:22:39 - Epoch 115: val_loss=0.8830689787864685, val_acc= 71.11%,val_weighted_f1= 68.71,val_macro_f1= 56.08%
INFO - 09/13/26 23:47:43 - 0:22:39 - Epoch 116: train_loss=0.9197681546211243, train_acc= 70.09%
INFO - 09/13/26 23:47:44 - 0:22:39 - Epoch 117: train_loss=0.9134517908096313, train_acc= 70.84%
INFO - 09/13/26 23:47:44 - 0:22:39 - Epoch 118: train_loss=0.905841052532196, train_acc= 70.67%
INFO - 09/13/26 23:47:44 - 0:22:40 - Epoch 119: train_loss=0.9043726921081543, train_acc= 70.55%
INFO - 09/13/26 23:47:44 - 0:22:40 - Epoch 120: train_loss=0.8905457258224487, train_acc= 71.20%
INFO - 09/13/26 23:47:44 - 0:22:40 - Epoch 120: val_loss=0.851945161819458, val_acc= 72.05%,val_weighted_f1= 70.07,val_macro_f1= 59.10%
INFO - 09/13/26 23:47:44 - 0:22:40 - Epoch 121: train_loss=0.8812050223350525, train_acc= 71.74%
INFO - 09/13/26 23:47:45 - 0:22:40 - Epoch 122: train_loss=0.881712794303894, train_acc= 71.20%
INFO - 09/13/26 23:47:45 - 0:22:40 - Epoch 123: train_loss=0.8742256760597229, train_acc= 72.07%
INFO - 09/13/26 23:47:45 - 0:22:41 - Epoch 124: train_loss=0.8661497831344604, train_acc= 72.13%
INFO - 09/13/26 23:47:45 - 0:22:41 - Epoch 125: train_loss=0.8600640892982483, train_acc= 72.77%
INFO - 09/13/26 23:47:45 - 0:22:41 - Epoch 125: val_loss=0.8249709010124207, val_acc= 73.72%,val_weighted_f1= 72.27,val_macro_f1= 63.43%
INFO - 09/13/26 23:47:46 - 0:22:41 - Epoch 126: train_loss=0.8615859746932983, train_acc= 72.45%
INFO - 09/13/26 23:47:46 - 0:22:41 - Epoch 127: train_loss=0.8494551777839661, train_acc= 72.77%
INFO - 09/13/26 23:47:46 - 0:22:41 - Epoch 128: train_loss=0.8405003547668457, train_acc= 73.24%
INFO - 09/13/26 23:47:46 - 0:22:42 - Epoch 129: train_loss=0.8419122099876404, train_acc= 72.98%
INFO - 09/13/26 23:47:46 - 0:22:42 - Epoch 130: train_loss=0.83404541015625, train_acc= 73.29%
INFO - 09/13/26 23:47:46 - 0:22:42 - Epoch 130: val_loss=0.7981398105621338, val_acc= 74.70%,val_weighted_f1= 73.64,val_macro_f1= 66.42%
INFO - 09/13/26 23:47:47 - 0:22:42 - Epoch 131: train_loss=0.8304939270019531, train_acc= 73.15%
INFO - 09/13/26 23:47:47 - 0:22:42 - Epoch 132: train_loss=0.8270902037620544, train_acc= 73.49%
INFO - 09/13/26 23:47:47 - 0:22:43 - Epoch 133: train_loss=0.8218291997909546, train_acc= 73.72%
INFO - 09/13/26 23:47:47 - 0:22:43 - Epoch 134: train_loss=0.8162623047828674, train_acc= 73.79%
INFO - 09/13/26 23:47:47 - 0:22:43 - Epoch 135: train_loss=0.8079383969306946, train_acc= 74.43%
INFO - 09/13/26 23:47:47 - 0:22:43 - Epoch 135: val_loss=0.7762437462806702, val_acc= 75.51%,val_weighted_f1= 74.67,val_macro_f1= 68.81%
INFO - 09/13/26 23:47:48 - 0:22:43 - Epoch 136: train_loss=0.8054864406585693, train_acc= 74.36%
INFO - 09/13/26 23:47:48 - 0:22:43 - Epoch 137: train_loss=0.7937455773353577, train_acc= 74.78%
INFO - 09/13/26 23:47:48 - 0:22:44 - Epoch 138: train_loss=0.7922678589820862, train_acc= 74.55%
INFO - 09/13/26 23:47:48 - 0:22:44 - Epoch 139: train_loss=0.7913966774940491, train_acc= 74.52%
INFO - 09/13/26 23:47:48 - 0:22:44 - Epoch 140: train_loss=0.7864667177200317, train_acc= 74.69%
INFO - 09/13/26 23:47:49 - 0:22:44 - Epoch 140: val_loss=0.75341796875, val_acc= 76.28%,val_weighted_f1= 75.67,val_macro_f1= 70.97%
INFO - 09/13/26 23:47:49 - 0:22:44 - Epoch 141: train_loss=0.7847360372543335, train_acc= 74.60%
INFO - 09/13/26 23:47:49 - 0:22:45 - Epoch 142: train_loss=0.777283787727356, train_acc= 75.33%
INFO - 09/13/26 23:47:49 - 0:22:45 - Epoch 143: train_loss=0.7763108611106873, train_acc= 75.79%
INFO - 09/13/26 23:47:49 - 0:22:45 - Epoch 144: train_loss=0.7701082825660706, train_acc= 75.42%
INFO - 09/13/26 23:47:50 - 0:22:45 - Epoch 145: train_loss=0.767590343952179, train_acc= 75.66%
INFO - 09/13/26 23:47:50 - 0:22:45 - Epoch 145: val_loss=0.7343586683273315, val_acc= 77.44%,val_weighted_f1= 76.93,val_macro_f1= 72.78%
INFO - 09/13/26 23:47:50 - 0:22:45 - Epoch 146: train_loss=0.759494423866272, train_acc= 75.86%
INFO - 09/13/26 23:47:50 - 0:22:46 - Epoch 147: train_loss=0.7557098269462585, train_acc= 75.83%
INFO - 09/13/26 23:47:50 - 0:22:46 - Epoch 148: train_loss=0.7505117654800415, train_acc= 76.03%
INFO - 09/13/26 23:47:50 - 0:22:46 - Epoch 149: train_loss=0.7493290305137634, train_acc= 76.27%
INFO - 09/13/26 23:47:51 - 0:22:46 - Epoch 150: train_loss=0.7456104159355164, train_acc= 76.57%
INFO - 09/13/26 23:47:51 - 0:22:46 - Epoch 150: val_loss=0.7171025276184082, val_acc= 78.03%,val_weighted_f1= 77.58,val_macro_f1= 73.77%
INFO - 09/13/26 23:47:51 - 0:22:46 - Epoch 151: train_loss=0.7398175001144409, train_acc= 76.77%
INFO - 09/13/26 23:47:51 - 0:22:47 - Epoch 152: train_loss=0.7354775071144104, train_acc= 76.56%
INFO - 09/13/26 23:47:51 - 0:22:47 - Epoch 153: train_loss=0.7376121282577515, train_acc= 76.39%
INFO - 09/13/26 23:47:51 - 0:22:47 - Epoch 154: train_loss=0.7331429719924927, train_acc= 76.73%
INFO - 09/13/26 23:47:52 - 0:22:47 - Epoch 155: train_loss=0.7275114059448242, train_acc= 76.71%
INFO - 09/13/26 23:47:52 - 0:22:47 - Epoch 155: val_loss=0.7026344537734985, val_acc= 78.46%,val_weighted_f1= 78.09,val_macro_f1= 74.74%
INFO - 09/13/26 23:47:52 - 0:22:48 - Epoch 156: train_loss=0.7251990437507629, train_acc= 76.64%
INFO - 09/13/26 23:47:52 - 0:22:48 - Epoch 157: train_loss=0.7271679639816284, train_acc= 76.93%
INFO - 09/13/26 23:47:52 - 0:22:48 - Epoch 158: train_loss=0.7134115695953369, train_acc= 77.00%
INFO - 09/13/26 23:47:53 - 0:22:48 - Epoch 159: train_loss=0.7144383788108826, train_acc= 77.08%
INFO - 09/13/26 23:47:53 - 0:22:48 - Epoch 160: train_loss=0.7109484076499939, train_acc= 77.41%
INFO - 09/13/26 23:47:53 - 0:22:48 - Epoch 160: val_loss=0.6881548166275024, val_acc= 79.10%,val_weighted_f1= 78.80,val_macro_f1= 75.43%
INFO - 09/13/26 23:47:53 - 0:22:49 - Epoch 161: train_loss=0.709355354309082, train_acc= 77.72%
INFO - 09/13/26 23:47:53 - 0:22:49 - Epoch 162: train_loss=0.7095485329627991, train_acc= 77.64%
INFO - 09/13/26 23:47:53 - 0:22:49 - Epoch 163: train_loss=0.7037546634674072, train_acc= 77.62%
INFO - 09/13/26 23:47:54 - 0:22:49 - Epoch 164: train_loss=0.6986613869667053, train_acc= 77.65%
INFO - 09/13/26 23:47:54 - 0:22:49 - Epoch 165: train_loss=0.6951408386230469, train_acc= 77.65%
INFO - 09/13/26 23:47:54 - 0:22:50 - Epoch 165: val_loss=0.6768308877944946, val_acc= 79.32%,val_weighted_f1= 79.06,val_macro_f1= 75.90%
INFO - 09/13/26 23:47:54 - 0:22:50 - Epoch 166: train_loss=0.6875547766685486, train_acc= 77.92%
INFO - 09/13/26 23:47:54 - 0:22:50 - Epoch 167: train_loss=0.6868495941162109, train_acc= 77.87%
INFO - 09/13/26 23:47:55 - 0:22:50 - Epoch 168: train_loss=0.6855677366256714, train_acc= 77.82%
INFO - 09/13/26 23:47:55 - 0:22:50 - Epoch 169: train_loss=0.6770162582397461, train_acc= 78.11%
INFO - 09/13/26 23:47:55 - 0:22:50 - Epoch 170: train_loss=0.6774283647537231, train_acc= 78.69%
INFO - 09/13/26 23:47:55 - 0:22:51 - Epoch 170: val_loss=0.6621004939079285, val_acc= 79.62%,val_weighted_f1= 79.34,val_macro_f1= 76.26%
INFO - 09/13/26 23:47:55 - 0:22:51 - Epoch 171: train_loss=0.6734679937362671, train_acc= 78.61%
INFO - 09/13/26 23:47:55 - 0:22:51 - Epoch 172: train_loss=0.6731849908828735, train_acc= 78.75%
INFO - 09/13/26 23:47:56 - 0:22:51 - Epoch 173: train_loss=0.6681337952613831, train_acc= 78.48%
INFO - 09/13/26 23:47:56 - 0:22:51 - Epoch 174: train_loss=0.6687911748886108, train_acc= 78.66%
INFO - 09/13/26 23:47:56 - 0:22:52 - Epoch 175: train_loss=0.6665730476379395, train_acc= 78.56%
INFO - 09/13/26 23:47:56 - 0:22:52 - Epoch 175: val_loss=0.6508479118347168, val_acc= 79.87%,val_weighted_f1= 79.66,val_macro_f1= 76.69%
INFO - 09/13/26 23:47:56 - 0:22:52 - Epoch 176: train_loss=0.6560559272766113, train_acc= 78.85%
INFO - 09/13/26 23:47:56 - 0:22:52 - Epoch 177: train_loss=0.6587070822715759, train_acc= 78.76%
INFO - 09/13/26 23:47:57 - 0:22:52 - Epoch 178: train_loss=0.6571089029312134, train_acc= 78.44%
INFO - 09/13/26 23:47:57 - 0:22:52 - Epoch 179: train_loss=0.6581577062606812, train_acc= 78.62%
INFO - 09/13/26 23:47:57 - 0:22:53 - Epoch 180: train_loss=0.6566153168678284, train_acc= 78.82%
INFO - 09/13/26 23:47:57 - 0:22:53 - Epoch 180: val_loss=0.6426472663879395, val_acc= 80.17%,val_weighted_f1= 79.94,val_macro_f1= 77.01%
INFO - 09/13/26 23:47:57 - 0:22:53 - Epoch 181: train_loss=0.6476334929466248, train_acc= 78.93%
INFO - 09/13/26 23:47:58 - 0:22:53 - Epoch 182: train_loss=0.655398964881897, train_acc= 78.98%
INFO - 09/13/26 23:47:58 - 0:22:53 - Epoch 183: train_loss=0.6443601846694946, train_acc= 78.99%
INFO - 09/13/26 23:47:58 - 0:22:54 - Epoch 184: train_loss=0.6456719636917114, train_acc= 79.13%
INFO - 09/13/26 23:47:58 - 0:22:54 - Epoch 185: train_loss=0.6414530277252197, train_acc= 78.86%
INFO - 09/13/26 23:47:58 - 0:22:54 - Epoch 185: val_loss=0.6325623989105225, val_acc= 80.47%,val_weighted_f1= 80.31,val_macro_f1= 77.45%
INFO - 09/13/26 23:47:58 - 0:22:54 - Epoch 186: train_loss=0.640156626701355, train_acc= 79.33%
INFO - 09/13/26 23:47:59 - 0:22:54 - Epoch 187: train_loss=0.640923798084259, train_acc= 79.18%
INFO - 09/13/26 23:47:59 - 0:22:54 - Epoch 188: train_loss=0.6352447271347046, train_acc= 79.65%
INFO - 09/13/26 23:47:59 - 0:22:55 - Epoch 189: train_loss=0.6279836297035217, train_acc= 79.68%
INFO - 09/13/26 23:47:59 - 0:22:55 - Epoch 190: train_loss=0.6286044120788574, train_acc= 79.32%
INFO - 09/13/26 23:47:59 - 0:22:55 - Epoch 190: val_loss=0.625898003578186, val_acc= 80.30%,val_weighted_f1= 80.13,val_macro_f1= 77.27%
EarlyStopping counter: 1 out of 15
INFO - 09/13/26 23:47:59 - 0:22:55 - Epoch 191: train_loss=0.6307141780853271, train_acc= 79.93%
INFO - 09/13/26 23:48:00 - 0:22:55 - Epoch 192: train_loss=0.6326582431793213, train_acc= 79.43%
INFO - 09/13/26 23:48:00 - 0:22:55 - Epoch 193: train_loss=0.620116114616394, train_acc= 80.13%
INFO - 09/13/26 23:48:00 - 0:22:56 - Epoch 194: train_loss=0.6218018531799316, train_acc= 80.05%
INFO - 09/13/26 23:48:00 - 0:22:56 - Epoch 195: train_loss=0.6219862103462219, train_acc= 79.53%
INFO - 09/13/26 23:48:00 - 0:22:56 - Epoch 195: val_loss=0.6167702078819275, val_acc= 80.68%,val_weighted_f1= 80.46,val_macro_f1= 77.49%
INFO - 09/13/26 23:48:01 - 0:22:56 - Epoch 196: train_loss=0.6198202967643738, train_acc= 79.95%
INFO - 09/13/26 23:48:01 - 0:22:56 - Epoch 197: train_loss=0.6178556084632874, train_acc= 79.82%
INFO - 09/13/26 23:48:01 - 0:22:57 - Epoch 198: train_loss=0.615386962890625, train_acc= 80.23%
INFO - 09/13/26 23:48:01 - 0:22:57 - Epoch 199: train_loss=0.6163504719734192, train_acc= 80.16%
INFO - 09/13/26 23:48:01 - 0:22:57 - Epoch 200: train_loss=0.6113992929458618, train_acc= 80.12%
INFO - 09/13/26 23:48:01 - 0:22:57 - Epoch 200: val_loss=0.6108162999153137, val_acc= 80.47%,val_weighted_f1= 80.31,val_macro_f1= 77.56%
EarlyStopping counter: 1 out of 15
INFO - 09/13/26 23:48:02 - 0:22:57 - Epoch 201: train_loss=0.6126174926757812, train_acc= 79.66%
INFO - 09/13/26 23:48:02 - 0:22:57 - Epoch 202: train_loss=0.6096557974815369, train_acc= 80.07%
INFO - 09/13/26 23:48:02 - 0:22:58 - Epoch 203: train_loss=0.6033538579940796, train_acc= 80.40%
INFO - 09/13/26 23:48:02 - 0:22:58 - Epoch 204: train_loss=0.6061956882476807, train_acc= 80.12%
INFO - 09/13/26 23:48:02 - 0:22:58 - Epoch 205: train_loss=0.6021808385848999, train_acc= 80.44%
INFO - 09/13/26 23:48:03 - 0:22:58 - Epoch 205: val_loss=0.6054489016532898, val_acc= 80.68%,val_weighted_f1= 80.52,val_macro_f1= 77.78%
INFO - 09/13/26 23:48:03 - 0:22:58 - Epoch 206: train_loss=0.6009178757667542, train_acc= 80.87%
INFO - 09/13/26 23:48:03 - 0:22:59 - Epoch 207: train_loss=0.5952780842781067, train_acc= 80.80%
INFO - 09/13/26 23:48:03 - 0:22:59 - Epoch 208: train_loss=0.5994508266448975, train_acc= 80.40%
INFO - 09/13/26 23:48:03 - 0:22:59 - Epoch 209: train_loss=0.5950896739959717, train_acc= 80.94%
INFO - 09/13/26 23:48:04 - 0:22:59 - Epoch 210: train_loss=0.59421706199646, train_acc= 80.79%
INFO - 09/13/26 23:48:04 - 0:22:59 - Epoch 210: val_loss=0.5989534258842468, val_acc= 81.07%,val_weighted_f1= 80.94,val_macro_f1= 78.09%
INFO - 09/13/26 23:48:04 - 0:22:59 - Epoch 211: train_loss=0.5978333353996277, train_acc= 80.64%
INFO - 09/13/26 23:48:04 - 0:23:00 - Epoch 212: train_loss=0.594767153263092, train_acc= 80.54%
INFO - 09/13/26 23:48:04 - 0:23:00 - Epoch 213: train_loss=0.592070996761322, train_acc= 80.39%
INFO - 09/13/26 23:48:04 - 0:23:00 - Epoch 214: train_loss=0.5879148840904236, train_acc= 80.99%
INFO - 09/13/26 23:48:05 - 0:23:00 - Epoch 215: train_loss=0.5908483266830444, train_acc= 80.91%
INFO - 09/13/26 23:48:05 - 0:23:00 - Epoch 215: val_loss=0.5962038636207581, val_acc= 80.94%,val_weighted_f1= 80.78,val_macro_f1= 77.93%
EarlyStopping counter: 1 out of 15
INFO - 09/13/26 23:48:05 - 0:23:00 - Epoch 216: train_loss=0.5917873978614807, train_acc= 80.91%
INFO - 09/13/26 23:48:05 - 0:23:01 - Epoch 217: train_loss=0.5865267515182495, train_acc= 81.07%
INFO - 09/13/26 23:48:05 - 0:23:01 - Epoch 218: train_loss=0.5833179354667664, train_acc= 80.81%
INFO - 09/13/26 23:48:06 - 0:23:01 - Epoch 219: train_loss=0.585011899471283, train_acc= 80.69%
INFO - 09/13/26 23:48:06 - 0:23:01 - Epoch 220: train_loss=0.5836529731750488, train_acc= 81.21%
INFO - 09/13/26 23:48:06 - 0:23:01 - Epoch 220: val_loss=0.5897960662841797, val_acc= 81.32%,val_weighted_f1= 81.20,val_macro_f1= 78.33%
INFO - 09/13/26 23:48:06 - 0:23:02 - Epoch 221: train_loss=0.5801268815994263, train_acc= 81.20%
INFO - 09/13/26 23:48:06 - 0:23:02 - Epoch 222: train_loss=0.5776954293251038, train_acc= 81.28%
INFO - 09/13/26 23:48:06 - 0:23:02 - Epoch 223: train_loss=0.5762362480163574, train_acc= 81.19%
INFO - 09/13/26 23:48:07 - 0:23:02 - Epoch 224: train_loss=0.5761813521385193, train_acc= 81.01%
INFO - 09/13/26 23:48:07 - 0:23:02 - Epoch 225: train_loss=0.5772350430488586, train_acc= 81.24%
INFO - 09/13/26 23:48:07 - 0:23:02 - Epoch 225: val_loss=0.5840475559234619, val_acc= 81.37%,val_weighted_f1= 81.24,val_macro_f1= 78.56%
INFO - 09/13/26 23:48:07 - 0:23:03 - Epoch 226: train_loss=0.5743290185928345, train_acc= 81.38%
INFO - 09/13/26 23:48:07 - 0:23:03 - Epoch 227: train_loss=0.5700454711914062, train_acc= 81.60%
INFO - 09/13/26 23:48:08 - 0:23:03 - Epoch 228: train_loss=0.5711480975151062, train_acc= 81.38%
INFO - 09/13/26 23:48:08 - 0:23:03 - Epoch 229: train_loss=0.5682666301727295, train_acc= 81.53%
INFO - 09/13/26 23:48:08 - 0:23:03 - Epoch 230: train_loss=0.5702460408210754, train_acc= 81.37%
INFO - 09/13/26 23:48:08 - 0:23:03 - Epoch 230: val_loss=0.579244077205658, val_acc= 81.50%,val_weighted_f1= 81.32,val_macro_f1= 78.57%
INFO - 09/13/26 23:48:08 - 0:23:04 - Epoch 231: train_loss=0.566163182258606, train_acc= 81.51%
INFO - 09/13/26 23:48:08 - 0:23:04 - Epoch 232: train_loss=0.56795734167099, train_acc= 81.34%
INFO - 09/13/26 23:48:09 - 0:23:04 - Epoch 233: train_loss=0.5667937994003296, train_acc= 81.88%
INFO - 09/13/26 23:48:09 - 0:23:04 - Epoch 234: train_loss=0.5657652616500854, train_acc= 81.54%
INFO - 09/13/26 23:48:09 - 0:23:04 - Epoch 235: train_loss=0.5678446888923645, train_acc= 81.75%
INFO - 09/13/26 23:48:09 - 0:23:05 - Epoch 235: val_loss=0.5753699541091919, val_acc= 81.79%,val_weighted_f1= 81.71,val_macro_f1= 78.99%
INFO - 09/13/26 23:48:09 - 0:23:05 - Epoch 236: train_loss=0.5675761699676514, train_acc= 81.60%
INFO - 09/13/26 23:48:09 - 0:23:05 - Epoch 237: train_loss=0.5632538199424744, train_acc= 81.73%
INFO - 09/13/26 23:48:10 - 0:23:05 - Epoch 238: train_loss=0.5629979372024536, train_acc= 81.48%
INFO - 09/13/26 23:48:10 - 0:23:05 - Epoch 239: train_loss=0.5623674988746643, train_acc= 82.32%
INFO - 09/13/26 23:48:10 - 0:23:06 - Epoch 240: train_loss=0.5508314967155457, train_acc= 82.13%
INFO - 09/13/26 23:48:10 - 0:23:06 - Epoch 240: val_loss=0.5724560022354126, val_acc= 81.88%,val_weighted_f1= 81.78,val_macro_f1= 79.18%
INFO - 09/13/26 23:48:10 - 0:23:06 - Epoch 241: train_loss=0.5596800446510315, train_acc= 81.70%
INFO - 09/13/26 23:48:11 - 0:23:06 - Epoch 242: train_loss=0.5545471906661987, train_acc= 82.37%
INFO - 09/13/26 23:48:11 - 0:23:06 - Epoch 243: train_loss=0.5561370253562927, train_acc= 81.93%
INFO - 09/13/26 23:48:11 - 0:23:06 - Epoch 244: train_loss=0.5540630221366882, train_acc= 81.80%
INFO - 09/13/26 23:48:11 - 0:23:07 - Epoch 245: train_loss=0.5526958107948303, train_acc= 82.04%
INFO - 09/13/26 23:48:11 - 0:23:07 - Epoch 245: val_loss=0.5696791410446167, val_acc= 82.14%,val_weighted_f1= 82.02,val_macro_f1= 79.41%
INFO - 09/13/26 23:48:11 - 0:23:07 - Epoch 246: train_loss=0.5528448820114136, train_acc= 81.71%
INFO - 09/13/26 23:48:12 - 0:23:07 - Epoch 247: train_loss=0.5539525151252747, train_acc= 82.30%
INFO - 09/13/26 23:48:12 - 0:23:07 - Epoch 248: train_loss=0.548418402671814, train_acc= 81.95%
INFO - 09/13/26 23:48:12 - 0:23:07 - Epoch 249: train_loss=0.5449393391609192, train_acc= 82.25%
INFO - 09/13/26 23:48:12 - 0:23:08 - Epoch 250: train_loss=0.5485962629318237, train_acc= 81.94%
INFO - 09/13/26 23:48:12 - 0:23:08 - Epoch 250: val_loss=0.5657857656478882, val_acc= 82.22%,val_weighted_f1= 82.10,val_macro_f1= 79.42%
INFO - 09/13/26 23:48:13 - 0:23:08 - Epoch 251: train_loss=0.5422409772872925, train_acc= 82.87%
INFO - 09/13/26 23:48:13 - 0:23:08 - Epoch 252: train_loss=0.5475339889526367, train_acc= 82.62%
INFO - 09/13/26 23:48:13 - 0:23:08 - Epoch 253: train_loss=0.5516295433044434, train_acc= 82.07%
INFO - 09/13/26 23:48:13 - 0:23:09 - Epoch 254: train_loss=0.5437671542167664, train_acc= 82.31%
INFO - 09/13/26 23:48:13 - 0:23:09 - Epoch 255: train_loss=0.5371103286743164, train_acc= 82.51%
INFO - 09/13/26 23:48:13 - 0:23:09 - Epoch 255: val_loss=0.5639444589614868, val_acc= 82.05%,val_weighted_f1= 81.94,val_macro_f1= 79.28%
EarlyStopping counter: 1 out of 15
INFO - 09/13/26 23:48:14 - 0:23:09 - Epoch 256: train_loss=0.5431808233261108, train_acc= 82.27%
INFO - 09/13/26 23:48:14 - 0:23:09 - Epoch 257: train_loss=0.5439155697822571, train_acc= 82.40%
INFO - 09/13/26 23:48:14 - 0:23:09 - Epoch 258: train_loss=0.5389881730079651, train_acc= 82.74%
INFO - 09/13/26 23:48:14 - 0:23:10 - Epoch 259: train_loss=0.5394166111946106, train_acc= 82.41%
INFO - 09/13/26 23:48:14 - 0:23:10 - Epoch 260: train_loss=0.5371835231781006, train_acc= 82.50%
INFO - 09/13/26 23:48:14 - 0:23:10 - Epoch 260: val_loss=0.5651043057441711, val_acc= 81.97%,val_weighted_f1= 81.86,val_macro_f1= 79.32%
EarlyStopping counter: 2 out of 15
INFO - 09/13/26 23:48:15 - 0:23:10 - Epoch 261: train_loss=0.5354444980621338, train_acc= 82.30%
INFO - 09/13/26 23:48:15 - 0:23:10 - Epoch 262: train_loss=0.5323847532272339, train_acc= 82.47%
INFO - 09/13/26 23:48:15 - 0:23:11 - Epoch 263: train_loss=0.5358856916427612, train_acc= 82.45%
INFO - 09/13/26 23:48:15 - 0:23:11 - Epoch 264: train_loss=0.5373305082321167, train_acc= 82.41%
INFO - 09/13/26 23:48:15 - 0:23:11 - Epoch 265: train_loss=0.5343498587608337, train_acc= 82.67%
INFO - 09/13/26 23:48:16 - 0:23:11 - Epoch 265: val_loss=0.5602412819862366, val_acc= 81.88%,val_weighted_f1= 81.79,val_macro_f1= 79.24%
EarlyStopping counter: 3 out of 15
INFO - 09/13/26 23:48:16 - 0:23:11 - Epoch 266: train_loss=0.5363344550132751, train_acc= 82.61%
INFO - 09/13/26 23:48:16 - 0:23:11 - Epoch 267: train_loss=0.530715823173523, train_acc= 82.81%
INFO - 09/13/26 23:48:16 - 0:23:12 - Epoch 268: train_loss=0.5291881561279297, train_acc= 82.91%
INFO - 09/13/26 23:48:16 - 0:23:12 - Epoch 269: train_loss=0.5264702439308167, train_acc= 82.64%
INFO - 09/13/26 23:48:17 - 0:23:12 - Epoch 270: train_loss=0.5289179682731628, train_acc= 82.54%
INFO - 09/13/26 23:48:17 - 0:23:12 - Epoch 270: val_loss=0.5563832521438599, val_acc= 82.01%,val_weighted_f1= 81.91,val_macro_f1= 79.34%
EarlyStopping counter: 4 out of 15
INFO - 09/13/26 23:48:17 - 0:23:12 - Epoch 271: train_loss=0.5280925631523132, train_acc= 82.88%
INFO - 09/13/26 23:48:17 - 0:23:12 - Epoch 272: train_loss=0.5289549231529236, train_acc= 82.95%
INFO - 09/13/26 23:48:17 - 0:23:13 - Epoch 273: train_loss=0.5293603539466858, train_acc= 82.78%
INFO - 09/13/26 23:48:17 - 0:23:13 - Epoch 274: train_loss=0.5264006853103638, train_acc= 82.95%
INFO - 09/13/26 23:48:18 - 0:23:13 - Epoch 275: train_loss=0.5293869972229004, train_acc= 82.79%
INFO - 09/13/26 23:48:18 - 0:23:13 - Epoch 275: val_loss=0.5535323023796082, val_acc= 82.26%,val_weighted_f1= 82.17,val_macro_f1= 79.53%
INFO - 09/13/26 23:48:18 - 0:23:13 - Epoch 276: train_loss=0.523810863494873, train_acc= 82.51%
INFO - 09/13/26 23:48:18 - 0:23:14 - Epoch 277: train_loss=0.5210369229316711, train_acc= 83.15%
INFO - 09/13/26 23:48:18 - 0:23:14 - Epoch 278: train_loss=0.5244335532188416, train_acc= 82.57%
INFO - 09/13/26 23:48:18 - 0:23:14 - Epoch 279: train_loss=0.523204505443573, train_acc= 82.87%
INFO - 09/13/26 23:48:19 - 0:23:14 - Epoch 280: train_loss=0.527482271194458, train_acc= 83.04%
INFO - 09/13/26 23:48:19 - 0:23:14 - Epoch 280: val_loss=0.5513101816177368, val_acc= 82.05%,val_weighted_f1= 81.96,val_macro_f1= 79.26%
EarlyStopping counter: 1 out of 15
INFO - 09/13/26 23:48:19 - 0:23:14 - Epoch 281: train_loss=0.5279961824417114, train_acc= 82.62%
INFO - 09/13/26 23:48:19 - 0:23:15 - Epoch 282: train_loss=0.5163483023643494, train_acc= 83.16%
INFO - 09/13/26 23:48:19 - 0:23:15 - Epoch 283: train_loss=0.5191172361373901, train_acc= 82.97%
INFO - 09/13/26 23:48:20 - 0:23:15 - Epoch 284: train_loss=0.5147106647491455, train_acc= 83.41%
INFO - 09/13/26 23:48:20 - 0:23:15 - Epoch 285: train_loss=0.5201672911643982, train_acc= 83.01%
INFO - 09/13/26 23:48:20 - 0:23:15 - Epoch 285: val_loss=0.5515030026435852, val_acc= 82.26%,val_weighted_f1= 82.14,val_macro_f1= 79.72%
INFO - 09/13/26 23:48:20 - 0:23:16 - Epoch 286: train_loss=0.5153124332427979, train_acc= 83.38%
INFO - 09/13/26 23:48:20 - 0:23:16 - Epoch 287: train_loss=0.5203513503074646, train_acc= 83.01%
INFO - 09/13/26 23:48:20 - 0:23:16 - Epoch 288: train_loss=0.5170309543609619, train_acc= 83.24%
INFO - 09/13/26 23:48:21 - 0:23:16 - Epoch 289: train_loss=0.5098279118537903, train_acc= 83.32%
INFO - 09/13/26 23:48:21 - 0:23:16 - Epoch 290: train_loss=0.5141203999519348, train_acc= 83.31%
INFO - 09/13/26 23:48:21 - 0:23:16 - Epoch 290: val_loss=0.5494495630264282, val_acc= 82.18%,val_weighted_f1= 82.06,val_macro_f1= 79.65%
EarlyStopping counter: 1 out of 15
INFO - 09/13/26 23:48:21 - 0:23:17 - Epoch 291: train_loss=0.5109691619873047, train_acc= 83.41%
INFO - 09/13/26 23:48:21 - 0:23:17 - Epoch 292: train_loss=0.5106242299079895, train_acc= 83.18%
INFO - 09/13/26 23:48:22 - 0:23:17 - Epoch 293: train_loss=0.5167885422706604, train_acc= 83.29%
INFO - 09/13/26 23:48:22 - 0:23:17 - Epoch 294: train_loss=0.512800931930542, train_acc= 83.31%
INFO - 09/13/26 23:48:22 - 0:23:17 - Epoch 295: train_loss=0.5136460661888123, train_acc= 83.48%
INFO - 09/13/26 23:48:22 - 0:23:17 - Epoch 295: val_loss=0.5489339828491211, val_acc= 82.48%,val_weighted_f1= 82.35,val_macro_f1= 79.97%
INFO - 09/13/26 23:48:22 - 0:23:18 - Epoch 296: train_loss=0.5141053795814514, train_acc= 83.44%
INFO - 09/13/26 23:48:22 - 0:23:18 - Epoch 297: train_loss=0.509806215763092, train_acc= 83.48%
INFO - 09/13/26 23:48:23 - 0:23:18 - Epoch 298: train_loss=0.5136339664459229, train_acc= 83.24%
INFO - 09/13/26 23:48:23 - 0:23:18 - Epoch 299: train_loss=0.5099402070045471, train_acc= 83.28%
INFO - 09/13/26 23:48:23 - 0:23:18 - Epoch 300: train_loss=0.5051029920578003, train_acc= 83.68%
INFO - 09/13/26 23:48:23 - 0:23:19 - Epoch 300: val_loss=0.5458340048789978, val_acc= 82.09%,val_weighted_f1= 82.00,val_macro_f1= 79.38%
EarlyStopping counter: 1 out of 15
INFO - 09/13/26 23:48:23 - 0:23:19 - Epoch 301: train_loss=0.5073066353797913, train_acc= 83.36%
INFO - 09/13/26 23:48:23 - 0:23:19 - Epoch 302: train_loss=0.5081433057785034, train_acc= 83.49%
INFO - 09/13/26 23:48:24 - 0:23:19 - Epoch 303: train_loss=0.5015842318534851, train_acc= 83.85%
INFO - 09/13/26 23:48:24 - 0:23:19 - Epoch 304: train_loss=0.5070929527282715, train_acc= 83.85%
INFO - 09/13/26 23:48:24 - 0:23:20 - Epoch 305: train_loss=0.509385883808136, train_acc= 83.28%
INFO - 09/13/26 23:48:24 - 0:23:20 - Epoch 305: val_loss=0.5420145988464355, val_acc= 82.44%,val_weighted_f1= 82.35,val_macro_f1= 79.77%
EarlyStopping counter: 2 out of 15
INFO - 09/13/26 23:48:24 - 0:23:20 - Epoch 306: train_loss=0.50271075963974, train_acc= 83.45%
INFO - 09/13/26 23:48:25 - 0:23:20 - Epoch 307: train_loss=0.5021913051605225, train_acc= 84.16%
INFO - 09/13/26 23:48:25 - 0:23:20 - Epoch 308: train_loss=0.5045005679130554, train_acc= 83.86%
INFO - 09/13/26 23:48:25 - 0:23:20 - Epoch 309: train_loss=0.5023913383483887, train_acc= 83.75%
INFO - 09/13/26 23:48:25 - 0:23:21 - Epoch 310: train_loss=0.4954470694065094, train_acc= 83.93%
INFO - 09/13/26 23:48:25 - 0:23:21 - Epoch 310: val_loss=0.536690354347229, val_acc= 82.39%,val_weighted_f1= 82.30,val_macro_f1= 79.80%
EarlyStopping counter: 3 out of 15
INFO - 09/13/26 23:48:25 - 0:23:21 - Epoch 311: train_loss=0.5003870725631714, train_acc= 83.89%
INFO - 09/13/26 23:48:26 - 0:23:21 - Epoch 312: train_loss=0.5054029226303101, train_acc= 83.69%
INFO - 09/13/26 23:48:26 - 0:23:21 - Epoch 313: train_loss=0.5026794672012329, train_acc= 83.73%
INFO - 09/13/26 23:48:26 - 0:23:21 - Epoch 314: train_loss=0.5004088282585144, train_acc= 83.69%
INFO - 09/13/26 23:48:26 - 0:23:22 - Epoch 315: train_loss=0.5026485919952393, train_acc= 83.42%
INFO - 09/13/26 23:48:26 - 0:23:22 - Epoch 315: val_loss=0.5364372134208679, val_acc= 82.48%,val_weighted_f1= 82.40,val_macro_f1= 79.94%
INFO - 09/13/26 23:48:27 - 0:23:22 - Epoch 316: train_loss=0.4920102059841156, train_acc= 84.15%
INFO - 09/13/26 23:48:27 - 0:23:22 - Epoch 317: train_loss=0.4971295893192291, train_acc= 83.55%
INFO - 09/13/26 23:48:27 - 0:23:22 - Epoch 318: train_loss=0.4951668381690979, train_acc= 83.89%
INFO - 09/13/26 23:48:27 - 0:23:23 - Epoch 319: train_loss=0.5066127777099609, train_acc= 83.61%
INFO - 09/13/26 23:48:27 - 0:23:23 - Epoch 320: train_loss=0.49249565601348877, train_acc= 84.05%
INFO - 09/13/26 23:48:27 - 0:23:23 - Epoch 320: val_loss=0.5379753112792969, val_acc= 82.61%,val_weighted_f1= 82.50,val_macro_f1= 80.13%
INFO - 09/13/26 23:48:28 - 0:23:23 - Epoch 321: train_loss=0.49723148345947266, train_acc= 84.10%
INFO - 09/13/26 23:48:28 - 0:23:23 - Epoch 322: train_loss=0.4924912452697754, train_acc= 84.10%
INFO - 09/13/26 23:48:28 - 0:23:23 - Epoch 323: train_loss=0.4904313087463379, train_acc= 84.28%
INFO - 09/13/26 23:48:28 - 0:23:24 - Epoch 324: train_loss=0.494284451007843, train_acc= 83.86%
INFO - 09/13/26 23:48:28 - 0:23:24 - Epoch 325: train_loss=0.4934244155883789, train_acc= 84.15%
INFO - 09/13/26 23:48:28 - 0:23:24 - Epoch 325: val_loss=0.5348080992698669, val_acc= 82.61%,val_weighted_f1= 82.54,val_macro_f1= 80.13%
INFO - 09/13/26 23:48:29 - 0:23:24 - Epoch 326: train_loss=0.4869614541530609, train_acc= 84.56%
INFO - 09/13/26 23:48:29 - 0:23:24 - Epoch 327: train_loss=0.4914667010307312, train_acc= 83.79%
INFO - 09/13/26 23:48:29 - 0:23:25 - Epoch 328: train_loss=0.49533942341804504, train_acc= 83.89%
INFO - 09/13/26 23:48:29 - 0:23:25 - Epoch 329: train_loss=0.4864512085914612, train_acc= 84.23%
INFO - 09/13/26 23:48:29 - 0:23:25 - Epoch 330: train_loss=0.4916972815990448, train_acc= 84.02%
INFO - 09/13/26 23:48:30 - 0:23:25 - Epoch 330: val_loss=0.5330544710159302, val_acc= 82.74%,val_weighted_f1= 82.63,val_macro_f1= 80.19%
INFO - 09/13/26 23:48:30 - 0:23:25 - Epoch 331: train_loss=0.4884233772754669, train_acc= 84.45%
INFO - 09/13/26 23:48:30 - 0:23:25 - Epoch 332: train_loss=0.48847541213035583, train_acc= 84.05%
INFO - 09/13/26 23:48:30 - 0:23:26 - Epoch 333: train_loss=0.48849397897720337, train_acc= 84.01%
INFO - 09/13/26 23:48:30 - 0:23:26 - Epoch 334: train_loss=0.48737770318984985, train_acc= 84.12%
INFO - 09/13/26 23:48:31 - 0:23:26 - Epoch 335: train_loss=0.48098990321159363, train_acc= 84.18%
INFO - 09/13/26 23:48:31 - 0:23:26 - Epoch 335: val_loss=0.5348601341247559, val_acc= 82.61%,val_weighted_f1= 82.55,val_macro_f1= 80.07%
EarlyStopping counter: 1 out of 15
INFO - 09/13/26 23:48:31 - 0:23:26 - Epoch 336: train_loss=0.48667874932289124, train_acc= 84.30%
INFO - 09/13/26 23:48:31 - 0:23:27 - Epoch 337: train_loss=0.4813033938407898, train_acc= 84.38%
INFO - 09/13/26 23:48:31 - 0:23:27 - Epoch 338: train_loss=0.48440173268318176, train_acc= 84.22%
INFO - 09/13/26 23:48:31 - 0:23:27 - Epoch 339: train_loss=0.48140740394592285, train_acc= 84.52%
INFO - 09/13/26 23:48:32 - 0:23:27 - Epoch 340: train_loss=0.48264625668525696, train_acc= 84.25%
INFO - 09/13/26 23:48:32 - 0:23:27 - Epoch 340: val_loss=0.529420018196106, val_acc= 82.95%,val_weighted_f1= 82.87,val_macro_f1= 80.49%
INFO - 09/13/26 23:48:32 - 0:23:27 - Epoch 341: train_loss=0.4826723337173462, train_acc= 84.25%
INFO - 09/13/26 23:48:32 - 0:23:28 - Epoch 342: train_loss=0.4797196388244629, train_acc= 84.57%
INFO - 09/13/26 23:48:32 - 0:23:28 - Epoch 343: train_loss=0.4798126220703125, train_acc= 84.50%
INFO - 09/13/26 23:48:32 - 0:23:28 - Epoch 344: train_loss=0.48058655858039856, train_acc= 84.62%
INFO - 09/13/26 23:48:33 - 0:23:28 - Epoch 345: train_loss=0.4791211187839508, train_acc= 84.53%
INFO - 09/13/26 23:48:33 - 0:23:28 - Epoch 345: val_loss=0.5277430415153503, val_acc= 83.08%,val_weighted_f1= 83.01,val_macro_f1= 80.56%
INFO - 09/13/26 23:48:33 - 0:23:29 - Epoch 346: train_loss=0.48232558369636536, train_acc= 84.38%
INFO - 09/13/26 23:48:33 - 0:23:29 - Epoch 347: train_loss=0.47420141100883484, train_acc= 84.83%
INFO - 09/13/26 23:48:33 - 0:23:29 - Epoch 348: train_loss=0.4803384840488434, train_acc= 84.40%
INFO - 09/13/26 23:48:34 - 0:23:29 - Epoch 349: train_loss=0.47438862919807434, train_acc= 84.53%
INFO - 09/13/26 23:48:34 - 0:23:29 - Epoch 350: train_loss=0.4734301269054413, train_acc= 84.69%
INFO - 09/13/26 23:48:34 - 0:23:29 - Epoch 350: val_loss=0.527772068977356, val_acc= 82.86%,val_weighted_f1= 82.81,val_macro_f1= 80.34%
EarlyStopping counter: 1 out of 15
INFO - 09/13/26 23:48:34 - 0:23:30 - Epoch 351: train_loss=0.47581541538238525, train_acc= 84.59%
INFO - 09/13/26 23:48:34 - 0:23:30 - Epoch 352: train_loss=0.4788423180580139, train_acc= 84.01%
INFO - 09/13/26 23:48:34 - 0:23:30 - Epoch 353: train_loss=0.4709574282169342, train_acc= 84.82%
INFO - 09/13/26 23:48:35 - 0:23:30 - Epoch 354: train_loss=0.4723193049430847, train_acc= 84.42%
INFO - 09/13/26 23:48:35 - 0:23:30 - Epoch 355: train_loss=0.4692519009113312, train_acc= 84.55%
INFO - 09/13/26 23:48:35 - 0:23:30 - Epoch 355: val_loss=0.5267555713653564, val_acc= 82.95%,val_weighted_f1= 82.88,val_macro_f1= 80.45%
EarlyStopping counter: 2 out of 15
INFO - 09/13/26 23:48:35 - 0:23:31 - Epoch 356: train_loss=0.47258269786834717, train_acc= 84.90%
INFO - 09/13/26 23:48:35 - 0:23:31 - Epoch 357: train_loss=0.4701595902442932, train_acc= 84.73%
INFO - 09/13/26 23:48:35 - 0:23:31 - Epoch 358: train_loss=0.4718378782272339, train_acc= 84.70%
INFO - 09/13/26 23:48:36 - 0:23:31 - Epoch 359: train_loss=0.46948403120040894, train_acc= 84.48%
INFO - 09/13/26 23:48:36 - 0:23:31 - Epoch 360: train_loss=0.47702160477638245, train_acc= 84.59%
INFO - 09/13/26 23:48:36 - 0:23:32 - Epoch 360: val_loss=0.5253904461860657, val_acc= 82.95%,val_weighted_f1= 82.86,val_macro_f1= 80.45%
EarlyStopping counter: 3 out of 15
INFO - 09/13/26 23:48:36 - 0:23:32 - Epoch 361: train_loss=0.4761788845062256, train_acc= 84.46%
INFO - 09/13/26 23:48:36 - 0:23:32 - Epoch 362: train_loss=0.465533584356308, train_acc= 85.14%
INFO - 09/13/26 23:48:37 - 0:23:32 - Epoch 363: train_loss=0.4740031659603119, train_acc= 84.53%
INFO - 09/13/26 23:48:37 - 0:23:32 - Epoch 364: train_loss=0.4656118154525757, train_acc= 84.73%
INFO - 09/13/26 23:48:37 - 0:23:33 - Epoch 365: train_loss=0.46827051043510437, train_acc= 84.75%
INFO - 09/13/26 23:48:37 - 0:23:33 - Epoch 365: val_loss=0.5224421620368958, val_acc= 83.08%,val_weighted_f1= 83.04,val_macro_f1= 80.84%
INFO - 09/13/26 23:48:37 - 0:23:33 - Epoch 366: train_loss=0.46243545413017273, train_acc= 85.04%
INFO - 09/13/26 23:48:37 - 0:23:33 - Epoch 367: train_loss=0.4702566862106323, train_acc= 84.73%
INFO - 09/13/26 23:48:38 - 0:23:33 - Epoch 368: train_loss=0.46750539541244507, train_acc= 84.69%
INFO - 09/13/26 23:48:38 - 0:23:33 - Epoch 369: train_loss=0.4706525206565857, train_acc= 84.50%
INFO - 09/13/26 23:48:38 - 0:23:34 - Epoch 370: train_loss=0.46452614665031433, train_acc= 84.79%
INFO - 09/13/26 23:48:38 - 0:23:34 - Epoch 370: val_loss=0.5242410898208618, val_acc= 83.16%,val_weighted_f1= 83.09,val_macro_f1= 80.69%
INFO - 09/13/26 23:48:38 - 0:23:34 - Epoch 371: train_loss=0.46507009863853455, train_acc= 84.87%
INFO - 09/13/26 23:48:39 - 0:23:34 - Epoch 372: train_loss=0.467990517616272, train_acc= 84.60%
INFO - 09/13/26 23:48:39 - 0:23:34 - Epoch 373: train_loss=0.4601592421531677, train_acc= 85.06%
INFO - 09/13/26 23:48:39 - 0:23:35 - Epoch 374: train_loss=0.4626189172267914, train_acc= 85.19%
INFO - 09/13/26 23:48:39 - 0:23:35 - Epoch 375: train_loss=0.46278953552246094, train_acc= 85.14%
INFO - 09/13/26 23:48:39 - 0:23:35 - Epoch 375: val_loss=0.5204958915710449, val_acc= 83.42%,val_weighted_f1= 83.38,val_macro_f1= 81.08%
INFO - 09/13/26 23:48:39 - 0:23:35 - Epoch 376: train_loss=0.4693009555339813, train_acc= 84.56%
INFO - 09/13/26 23:48:40 - 0:23:35 - Epoch 377: train_loss=0.4652823805809021, train_acc= 84.86%
INFO - 09/13/26 23:48:40 - 0:23:35 - Epoch 378: train_loss=0.46008431911468506, train_acc= 85.42%
INFO - 09/13/26 23:48:40 - 0:23:36 - Epoch 379: train_loss=0.45965203642845154, train_acc= 84.95%
INFO - 09/13/26 23:48:40 - 0:23:36 - Epoch 380: train_loss=0.4614521265029907, train_acc= 84.92%
INFO - 09/13/26 23:48:40 - 0:23:36 - Epoch 380: val_loss=0.5218353867530823, val_acc= 83.42%,val_weighted_f1= 83.32,val_macro_f1= 80.88%
INFO - 09/13/26 23:48:40 - 0:23:36 - Epoch 381: train_loss=0.46318918466567993, train_acc= 85.07%
INFO - 09/13/26 23:48:41 - 0:23:36 - Epoch 382: train_loss=0.4577418267726898, train_acc= 85.04%
INFO - 09/13/26 23:48:41 - 0:23:36 - Epoch 383: train_loss=0.4599607288837433, train_acc= 85.17%
INFO - 09/13/26 23:48:41 - 0:23:37 - Epoch 384: train_loss=0.45997893810272217, train_acc= 85.16%
INFO - 09/13/26 23:48:41 - 0:23:37 - Epoch 385: train_loss=0.4547361433506012, train_acc= 85.09%
INFO - 09/13/26 23:48:41 - 0:23:37 - Epoch 385: val_loss=0.5183096528053284, val_acc= 83.68%,val_weighted_f1= 83.60,val_macro_f1= 81.24%
INFO - 09/13/26 23:48:42 - 0:23:37 - Epoch 386: train_loss=0.4572359621524811, train_acc= 85.27%
INFO - 09/13/26 23:48:42 - 0:23:37 - Epoch 387: train_loss=0.4590141773223877, train_acc= 85.34%
INFO - 09/13/26 23:48:42 - 0:23:38 - Epoch 388: train_loss=0.45743343234062195, train_acc= 85.29%
INFO - 09/13/26 23:48:42 - 0:23:38 - Epoch 389: train_loss=0.4584120810031891, train_acc= 84.89%
INFO - 09/13/26 23:48:42 - 0:23:38 - Epoch 390: train_loss=0.45652443170547485, train_acc= 84.96%
INFO - 09/13/26 23:48:42 - 0:23:38 - Epoch 390: val_loss=0.5192781090736389, val_acc= 83.55%,val_weighted_f1= 83.49,val_macro_f1= 81.25%
EarlyStopping counter: 1 out of 15
INFO - 09/13/26 23:48:43 - 0:23:38 - Epoch 391: train_loss=0.45104342699050903, train_acc= 85.14%
INFO - 09/13/26 23:48:43 - 0:23:38 - Epoch 392: train_loss=0.45509472489356995, train_acc= 85.19%
INFO - 09/13/26 23:48:43 - 0:23:39 - Epoch 393: train_loss=0.4618707299232483, train_acc= 84.80%
INFO - 09/13/26 23:48:43 - 0:23:39 - Epoch 394: train_loss=0.45890966057777405, train_acc= 85.19%
INFO - 09/13/26 23:48:43 - 0:23:39 - Epoch 395: train_loss=0.45244815945625305, train_acc= 85.26%
INFO - 09/13/26 23:48:43 - 0:23:39 - Epoch 395: val_loss=0.5209828019142151, val_acc= 83.16%,val_weighted_f1= 83.12,val_macro_f1= 81.00%
EarlyStopping counter: 2 out of 15
INFO - 09/13/26 23:48:44 - 0:23:39 - Epoch 396: train_loss=0.45488423109054565, train_acc= 85.42%
INFO - 09/13/26 23:48:44 - 0:23:39 - Epoch 397: train_loss=0.4563392400741577, train_acc= 84.83%
INFO - 09/13/26 23:48:44 - 0:23:40 - Epoch 398: train_loss=0.4514564275741577, train_acc= 85.46%
INFO - 09/13/26 23:48:44 - 0:23:40 - Epoch 399: train_loss=0.4549400508403778, train_acc= 85.42%
INFO - 09/13/26 23:48:44 - 0:23:40 - Epoch 400: train_loss=0.4522000849246979, train_acc= 85.07%
INFO - 09/13/26 23:48:45 - 0:23:40 - Epoch 400: val_loss=0.5139642953872681, val_acc= 83.21%,val_weighted_f1= 83.16,val_macro_f1= 80.87%
EarlyStopping counter: 3 out of 15
INFO - 09/13/26 23:48:45 - 0:23:40 - Epoch 401: train_loss=0.45661336183547974, train_acc= 84.95%
INFO - 09/13/26 23:48:45 - 0:23:41 - Epoch 402: train_loss=0.44842150807380676, train_acc= 85.26%
INFO - 09/13/26 23:48:45 - 0:23:41 - Epoch 403: train_loss=0.45044034719467163, train_acc= 85.04%
INFO - 09/13/26 23:48:45 - 0:23:41 - Epoch 404: train_loss=0.4532751142978668, train_acc= 85.24%
INFO - 09/13/26 23:48:46 - 0:23:41 - Epoch 405: train_loss=0.44679686427116394, train_acc= 85.56%
INFO - 09/13/26 23:48:46 - 0:23:41 - Epoch 405: val_loss=0.5152708292007446, val_acc= 83.55%,val_weighted_f1= 83.46,val_macro_f1= 81.31%
EarlyStopping counter: 4 out of 15
INFO - 09/13/26 23:48:46 - 0:23:41 - Epoch 406: train_loss=0.44575923681259155, train_acc= 84.99%
INFO - 09/13/26 23:48:46 - 0:23:42 - Epoch 407: train_loss=0.4493447542190552, train_acc= 85.50%
INFO - 09/13/26 23:48:46 - 0:23:42 - Epoch 408: train_loss=0.44848665595054626, train_acc= 85.56%
INFO - 09/13/26 23:48:46 - 0:23:42 - Epoch 409: train_loss=0.4457154870033264, train_acc= 85.29%
INFO - 09/13/26 23:48:47 - 0:23:42 - Epoch 410: train_loss=0.4505635201931, train_acc= 85.33%
INFO - 09/13/26 23:48:47 - 0:23:42 - Epoch 410: val_loss=0.5177405476570129, val_acc= 83.38%,val_weighted_f1= 83.34,val_macro_f1= 81.29%
EarlyStopping counter: 5 out of 15
INFO - 09/13/26 23:48:47 - 0:23:42 - Epoch 411: train_loss=0.4472515881061554, train_acc= 85.84%
INFO - 09/13/26 23:48:47 - 0:23:43 - Epoch 412: train_loss=0.4461527168750763, train_acc= 85.32%
INFO - 09/13/26 23:48:47 - 0:23:43 - Epoch 413: train_loss=0.44295963644981384, train_acc= 85.83%
INFO - 09/13/26 23:48:47 - 0:23:43 - Epoch 414: train_loss=0.44417524337768555, train_acc= 85.74%
INFO - 09/13/26 23:48:48 - 0:23:43 - Epoch 415: train_loss=0.44618988037109375, train_acc= 85.57%
INFO - 09/13/26 23:48:48 - 0:23:43 - Epoch 415: val_loss=0.5145819783210754, val_acc= 83.89%,val_weighted_f1= 83.82,val_macro_f1= 81.76%
INFO - 09/13/26 23:48:48 - 0:23:44 - Epoch 416: train_loss=0.44291090965270996, train_acc= 85.06%
INFO - 09/13/26 23:48:48 - 0:23:44 - Epoch 417: train_loss=0.4405416250228882, train_acc= 85.34%
INFO - 09/13/26 23:48:48 - 0:23:44 - Epoch 418: train_loss=0.44242751598358154, train_acc= 85.51%
INFO - 09/13/26 23:48:49 - 0:23:44 - Epoch 419: train_loss=0.44407394528388977, train_acc= 85.90%
INFO - 09/13/26 23:48:49 - 0:23:44 - Epoch 420: train_loss=0.44418421387672424, train_acc= 85.67%
INFO - 09/13/26 23:48:49 - 0:23:44 - Epoch 420: val_loss=0.5130065679550171, val_acc= 83.89%,val_weighted_f1= 83.84,val_macro_f1= 81.63%
INFO - 09/13/26 23:48:49 - 0:23:45 - Epoch 421: train_loss=0.44085684418678284, train_acc= 85.44%
INFO - 09/13/26 23:48:49 - 0:23:45 - Epoch 422: train_loss=0.4391745924949646, train_acc= 85.57%
INFO - 09/13/26 23:48:49 - 0:23:45 - Epoch 423: train_loss=0.44541457295417786, train_acc= 85.29%
INFO - 09/13/26 23:48:50 - 0:23:45 - Epoch 424: train_loss=0.4401211142539978, train_acc= 85.60%
INFO - 09/13/26 23:48:50 - 0:23:45 - Epoch 425: train_loss=0.43825218081474304, train_acc= 85.57%
INFO - 09/13/26 23:48:50 - 0:23:46 - Epoch 425: val_loss=0.5159552097320557, val_acc= 83.63%,val_weighted_f1= 83.58,val_macro_f1= 81.37%
EarlyStopping counter: 1 out of 15
INFO - 09/13/26 23:48:50 - 0:23:46 - Epoch 426: train_loss=0.440097838640213, train_acc= 85.87%
INFO - 09/13/26 23:48:50 - 0:23:46 - Epoch 427: train_loss=0.4414588212966919, train_acc= 86.08%
INFO - 09/13/26 23:48:51 - 0:23:46 - Epoch 428: train_loss=0.4355509877204895, train_acc= 85.67%
INFO - 09/13/26 23:48:51 - 0:23:46 - Epoch 429: train_loss=0.43882033228874207, train_acc= 85.81%
INFO - 09/13/26 23:48:51 - 0:23:47 - Epoch 430: train_loss=0.43894484639167786, train_acc= 85.51%
INFO - 09/13/26 23:48:51 - 0:23:47 - Epoch 430: val_loss=0.5093228220939636, val_acc= 83.55%,val_weighted_f1= 83.47,val_macro_f1= 81.46%
EarlyStopping counter: 2 out of 15
INFO - 09/13/26 23:48:51 - 0:23:47 - Epoch 431: train_loss=0.4392254650592804, train_acc= 85.66%
INFO - 09/13/26 23:48:51 - 0:23:47 - Epoch 432: train_loss=0.43301165103912354, train_acc= 85.77%
INFO - 09/13/26 23:48:52 - 0:23:47 - Epoch 433: train_loss=0.4310681223869324, train_acc= 85.96%
INFO - 09/13/26 23:48:52 - 0:23:47 - Epoch 434: train_loss=0.4369538426399231, train_acc= 85.70%
INFO - 09/13/26 23:48:52 - 0:23:48 - Epoch 435: train_loss=0.4379281997680664, train_acc= 86.01%
INFO - 09/13/26 23:48:52 - 0:23:48 - Epoch 435: val_loss=0.5122511982917786, val_acc= 83.59%,val_weighted_f1= 83.56,val_macro_f1= 81.28%
EarlyStopping counter: 3 out of 15
INFO - 09/13/26 23:48:52 - 0:23:48 - Epoch 436: train_loss=0.43726298213005066, train_acc= 85.73%
INFO - 09/13/26 23:48:53 - 0:23:48 - Epoch 437: train_loss=0.4355776011943817, train_acc= 85.79%
INFO - 09/13/26 23:48:53 - 0:23:48 - Epoch 438: train_loss=0.434047132730484, train_acc= 85.50%
INFO - 09/13/26 23:48:53 - 0:23:48 - Epoch 439: train_loss=0.43308839201927185, train_acc= 85.71%
INFO - 09/13/26 23:48:53 - 0:23:49 - Epoch 440: train_loss=0.43497273325920105, train_acc= 85.71%
INFO - 09/13/26 23:48:53 - 0:23:49 - Epoch 440: val_loss=0.5128592252731323, val_acc= 83.63%,val_weighted_f1= 83.56,val_macro_f1= 81.47%
EarlyStopping counter: 4 out of 15
INFO - 09/13/26 23:48:53 - 0:23:49 - Epoch 441: train_loss=0.43453168869018555, train_acc= 85.77%
INFO - 09/13/26 23:48:54 - 0:23:49 - Epoch 442: train_loss=0.435317724943161, train_acc= 85.47%
INFO - 09/13/26 23:48:54 - 0:23:49 - Epoch 443: train_loss=0.43407142162323, train_acc= 85.91%
INFO - 09/13/26 23:48:54 - 0:23:50 - Epoch 444: train_loss=0.42976945638656616, train_acc= 86.07%
INFO - 09/13/26 23:48:54 - 0:23:50 - Epoch 445: train_loss=0.4319767951965332, train_acc= 85.60%
INFO - 09/13/26 23:48:54 - 0:23:50 - Epoch 445: val_loss=0.5081291198730469, val_acc= 83.93%,val_weighted_f1= 83.89,val_macro_f1= 81.78%
INFO - 09/13/26 23:48:55 - 0:23:50 - Epoch 446: train_loss=0.4359878599643707, train_acc= 85.69%
INFO - 09/13/26 23:48:55 - 0:23:50 - Epoch 447: train_loss=0.43106457591056824, train_acc= 85.91%
INFO - 09/13/26 23:48:55 - 0:23:50 - Epoch 448: train_loss=0.4252716600894928, train_acc= 86.36%
INFO - 09/13/26 23:48:55 - 0:23:51 - Epoch 449: train_loss=0.43154415488243103, train_acc= 85.91%
INFO - 09/13/26 23:48:55 - 0:23:51 - Epoch 450: train_loss=0.43056321144104004, train_acc= 85.80%
INFO - 09/13/26 23:48:55 - 0:23:51 - Epoch 450: val_loss=0.510219156742096, val_acc= 83.80%,val_weighted_f1= 83.75,val_macro_f1= 81.62%
EarlyStopping counter: 1 out of 15
INFO - 09/13/26 23:48:56 - 0:23:51 - Epoch 451: train_loss=0.4302779734134674, train_acc= 85.96%
INFO - 09/13/26 23:48:56 - 0:23:51 - Epoch 452: train_loss=0.43057161569595337, train_acc= 85.93%
INFO - 09/13/26 23:48:56 - 0:23:52 - Epoch 453: train_loss=0.42884424328804016, train_acc= 85.97%
INFO - 09/13/26 23:48:56 - 0:23:52 - Epoch 454: train_loss=0.4257148206233978, train_acc= 86.17%
INFO - 09/13/26 23:48:56 - 0:23:52 - Epoch 455: train_loss=0.42761746048927307, train_acc= 86.03%
INFO - 09/13/26 23:48:57 - 0:23:52 - Epoch 455: val_loss=0.5075986385345459, val_acc= 83.80%,val_weighted_f1= 83.72,val_macro_f1= 81.67%
EarlyStopping counter: 2 out of 15
INFO - 09/13/26 23:48:57 - 0:23:52 - Epoch 456: train_loss=0.43079710006713867, train_acc= 85.54%
INFO - 09/13/26 23:48:57 - 0:23:52 - Epoch 457: train_loss=0.4273150861263275, train_acc= 86.04%
INFO - 09/13/26 23:48:57 - 0:23:53 - Epoch 458: train_loss=0.4266471862792969, train_acc= 85.90%
INFO - 09/13/26 23:48:57 - 0:23:53 - Epoch 459: train_loss=0.42657479643821716, train_acc= 85.80%
INFO - 09/13/26 23:48:58 - 0:23:53 - Epoch 460: train_loss=0.42770808935165405, train_acc= 85.70%
INFO - 09/13/26 23:48:58 - 0:23:53 - Epoch 460: val_loss=0.5095465779304504, val_acc= 83.89%,val_weighted_f1= 83.80,val_macro_f1= 81.81%
EarlyStopping counter: 3 out of 15
INFO - 09/13/26 23:48:58 - 0:23:53 - Epoch 461: train_loss=0.42693397402763367, train_acc= 85.77%
INFO - 09/13/26 23:48:58 - 0:23:53 - Epoch 462: train_loss=0.4234568774700165, train_acc= 86.13%
INFO - 09/13/26 23:48:58 - 0:23:54 - Epoch 463: train_loss=0.4253878593444824, train_acc= 86.04%
INFO - 09/13/26 23:48:58 - 0:23:54 - Epoch 464: train_loss=0.4240746796131134, train_acc= 85.93%
INFO - 09/13/26 23:48:59 - 0:23:54 - Epoch 465: train_loss=0.4188070595264435, train_acc= 86.21%
INFO - 09/13/26 23:48:59 - 0:23:54 - Epoch 465: val_loss=0.509138286113739, val_acc= 84.10%,val_weighted_f1= 84.07,val_macro_f1= 81.91%
INFO - 09/13/26 23:48:59 - 0:23:54 - Epoch 466: train_loss=0.4238314926624298, train_acc= 86.18%
INFO - 09/13/26 23:48:59 - 0:23:55 - Epoch 467: train_loss=0.42108309268951416, train_acc= 86.24%
INFO - 09/13/26 23:48:59 - 0:23:55 - Epoch 468: train_loss=0.422302782535553, train_acc= 86.50%
INFO - 09/13/26 23:48:59 - 0:23:55 - Epoch 469: train_loss=0.42279696464538574, train_acc= 86.16%
INFO - 09/13/26 23:49:00 - 0:23:55 - Epoch 470: train_loss=0.4216374456882477, train_acc= 86.07%
INFO - 09/13/26 23:49:00 - 0:23:55 - Epoch 470: val_loss=0.5069239139556885, val_acc= 84.19%,val_weighted_f1= 84.15,val_macro_f1= 81.96%
INFO - 09/13/26 23:49:00 - 0:23:55 - Epoch 471: train_loss=0.42255881428718567, train_acc= 86.06%
INFO - 09/13/26 23:49:00 - 0:23:56 - Epoch 472: train_loss=0.422639936208725, train_acc= 86.16%
INFO - 09/13/26 23:49:00 - 0:23:56 - Epoch 473: train_loss=0.42163732647895813, train_acc= 86.11%
INFO - 09/13/26 23:49:01 - 0:23:56 - Epoch 474: train_loss=0.4153294265270233, train_acc= 86.47%
INFO - 09/13/26 23:49:01 - 0:23:56 - Epoch 475: train_loss=0.4240368604660034, train_acc= 86.37%
INFO - 09/13/26 23:49:01 - 0:23:56 - Epoch 475: val_loss=0.50274258852005, val_acc= 84.06%,val_weighted_f1= 83.97,val_macro_f1= 81.85%
EarlyStopping counter: 1 out of 15
INFO - 09/13/26 23:49:01 - 0:23:56 - Epoch 476: train_loss=0.42044705152511597, train_acc= 86.14%
INFO - 09/13/26 23:49:01 - 0:23:57 - Epoch 477: train_loss=0.4169362485408783, train_acc= 86.13%
INFO - 09/13/26 23:49:01 - 0:23:57 - Epoch 478: train_loss=0.4200425446033478, train_acc= 86.00%
INFO - 09/13/26 23:49:02 - 0:23:57 - Epoch 479: train_loss=0.41973650455474854, train_acc= 86.43%
INFO - 09/13/26 23:49:02 - 0:23:57 - Epoch 480: train_loss=0.4227715730667114, train_acc= 86.23%
INFO - 09/13/26 23:49:02 - 0:23:57 - Epoch 480: val_loss=0.5081508159637451, val_acc= 84.36%,val_weighted_f1= 84.28,val_macro_f1= 82.15%
INFO - 09/13/26 23:49:02 - 0:23:58 - Epoch 481: train_loss=0.41788116097450256, train_acc= 86.60%
INFO - 09/13/26 23:49:02 - 0:23:58 - Epoch 482: train_loss=0.4133331775665283, train_acc= 86.65%
INFO - 09/13/26 23:49:03 - 0:23:58 - Epoch 483: train_loss=0.4139813780784607, train_acc= 86.28%
INFO - 09/13/26 23:49:03 - 0:23:58 - Epoch 484: train_loss=0.41556257009506226, train_acc= 86.60%
INFO - 09/13/26 23:49:03 - 0:23:58 - Epoch 485: train_loss=0.4202619194984436, train_acc= 86.37%
INFO - 09/13/26 23:49:03 - 0:23:58 - Epoch 485: val_loss=0.5025917291641235, val_acc= 84.10%,val_weighted_f1= 84.06,val_macro_f1= 81.95%
EarlyStopping counter: 1 out of 15
INFO - 09/13/26 23:49:03 - 0:23:59 - Epoch 486: train_loss=0.41225939989089966, train_acc= 86.68%
INFO - 09/13/26 23:49:03 - 0:23:59 - Epoch 487: train_loss=0.4123474955558777, train_acc= 86.71%
INFO - 09/13/26 23:49:04 - 0:23:59 - Epoch 488: train_loss=0.41657695174217224, train_acc= 86.34%
INFO - 09/13/26 23:49:04 - 0:23:59 - Epoch 489: train_loss=0.4185783863067627, train_acc= 86.33%
INFO - 09/13/26 23:49:04 - 0:23:59 - Epoch 490: train_loss=0.41068992018699646, train_acc= 86.73%
INFO - 09/13/26 23:49:04 - 0:24:00 - Epoch 490: val_loss=0.5023199915885925, val_acc= 84.02%,val_weighted_f1= 83.98,val_macro_f1= 81.86%
EarlyStopping counter: 2 out of 15
INFO - 09/13/26 23:49:04 - 0:24:00 - Epoch 491: train_loss=0.41259124875068665, train_acc= 86.36%
INFO - 09/13/26 23:49:04 - 0:24:00 - Epoch 492: train_loss=0.4149249792098999, train_acc= 86.34%
INFO - 09/13/26 23:49:05 - 0:24:00 - Epoch 493: train_loss=0.41144928336143494, train_acc= 86.17%
INFO - 09/13/26 23:49:05 - 0:24:00 - Epoch 494: train_loss=0.4106392562389374, train_acc= 86.68%
INFO - 09/13/26 23:49:05 - 0:24:01 - Epoch 495: train_loss=0.4091772437095642, train_acc= 86.63%
INFO - 09/13/26 23:49:05 - 0:24:01 - Epoch 495: val_loss=0.5042856335639954, val_acc= 84.44%,val_weighted_f1= 84.39,val_macro_f1= 82.47%
INFO - 09/13/26 23:49:05 - 0:24:01 - Epoch 496: train_loss=0.4093601703643799, train_acc= 86.55%
INFO - 09/13/26 23:49:06 - 0:24:01 - Epoch 497: train_loss=0.41090014576911926, train_acc= 86.63%
INFO - 09/13/26 23:49:06 - 0:24:01 - Epoch 498: train_loss=0.41075143218040466, train_acc= 86.51%
INFO - 09/13/26 23:49:06 - 0:24:01 - Epoch 499: train_loss=0.40705376863479614, train_acc= 86.95%
INFO - 09/13/26 23:49:06 - 0:24:02 - Epoch 500: train_loss=0.4048665165901184, train_acc= 86.63%
INFO - 09/13/26 23:49:06 - 0:24:02 - Epoch 500: val_loss=0.5031132102012634, val_acc= 84.36%,val_weighted_f1= 84.31,val_macro_f1= 82.33%
EarlyStopping counter: 1 out of 15
INFO - 09/13/26 23:49:06 - 0:24:02 - Epoch 501: train_loss=0.40835660696029663, train_acc= 86.67%
INFO - 09/13/26 23:49:07 - 0:24:02 - Epoch 502: train_loss=0.4129416346549988, train_acc= 86.23%
INFO - 09/13/26 23:49:07 - 0:24:02 - Epoch 503: train_loss=0.40729475021362305, train_acc= 86.60%
INFO - 09/13/26 23:49:07 - 0:24:02 - Epoch 504: train_loss=0.40741854906082153, train_acc= 86.80%
INFO - 09/13/26 23:49:07 - 0:24:03 - Epoch 505: train_loss=0.4038461148738861, train_acc= 86.67%
INFO - 09/13/26 23:49:07 - 0:24:03 - Epoch 505: val_loss=0.4990769624710083, val_acc= 84.32%,val_weighted_f1= 84.25,val_macro_f1= 82.27%
EarlyStopping counter: 2 out of 15
INFO - 09/13/26 23:49:07 - 0:24:03 - Epoch 506: train_loss=0.41578084230422974, train_acc= 86.33%
INFO - 09/13/26 23:49:08 - 0:24:03 - Epoch 507: train_loss=0.40388643741607666, train_acc= 86.94%
INFO - 09/13/26 23:49:08 - 0:24:03 - Epoch 508: train_loss=0.4054000675678253, train_acc= 86.81%
INFO - 09/13/26 23:49:08 - 0:24:04 - Epoch 509: train_loss=0.40852516889572144, train_acc= 86.71%
INFO - 09/13/26 23:49:08 - 0:24:04 - Epoch 510: train_loss=0.4040619432926178, train_acc= 86.85%
INFO - 09/13/26 23:49:08 - 0:24:04 - Epoch 510: val_loss=0.5018941164016724, val_acc= 84.66%,val_weighted_f1= 84.60,val_macro_f1= 82.80%
INFO - 09/13/26 23:49:09 - 0:24:04 - Epoch 511: train_loss=0.4091281294822693, train_acc= 86.71%
INFO - 09/13/26 23:49:09 - 0:24:04 - Epoch 512: train_loss=0.40494218468666077, train_acc= 86.48%
INFO - 09/13/26 23:49:09 - 0:24:04 - Epoch 513: train_loss=0.40639060735702515, train_acc= 86.55%
INFO - 09/13/26 23:49:09 - 0:24:05 - Epoch 514: train_loss=0.4015583097934723, train_acc= 86.73%
INFO - 09/13/26 23:49:09 - 0:24:05 - Epoch 515: train_loss=0.400313138961792, train_acc= 86.80%
INFO - 09/13/26 23:49:09 - 0:24:05 - Epoch 515: val_loss=0.5030868053436279, val_acc= 84.62%,val_weighted_f1= 84.57,val_macro_f1= 82.67%
EarlyStopping counter: 1 out of 15
INFO - 09/13/26 23:49:10 - 0:24:05 - Epoch 516: train_loss=0.4054921865463257, train_acc= 86.75%
INFO - 09/13/26 23:49:10 - 0:24:05 - Epoch 517: train_loss=0.40213239192962646, train_acc= 86.95%
INFO - 09/13/26 23:49:10 - 0:24:05 - Epoch 518: train_loss=0.4042843282222748, train_acc= 86.90%
INFO - 09/13/26 23:49:10 - 0:24:06 - Epoch 519: train_loss=0.3969327509403229, train_acc= 87.25%
INFO - 09/13/26 23:49:10 - 0:24:06 - Epoch 520: train_loss=0.4020148813724518, train_acc= 86.67%
INFO - 09/13/26 23:49:10 - 0:24:06 - Epoch 520: val_loss=0.5022323131561279, val_acc= 84.66%,val_weighted_f1= 84.63,val_macro_f1= 82.44%
INFO - 09/13/26 23:49:11 - 0:24:06 - Epoch 521: train_loss=0.39956289529800415, train_acc= 86.75%
INFO - 09/13/26 23:49:11 - 0:24:06 - Epoch 522: train_loss=0.40021032094955444, train_acc= 86.73%
INFO - 09/13/26 23:49:11 - 0:24:07 - Epoch 523: train_loss=0.40173467993736267, train_acc= 86.98%
INFO - 09/13/26 23:49:11 - 0:24:07 - Epoch 524: train_loss=0.40081673860549927, train_acc= 86.87%
INFO - 09/13/26 23:49:11 - 0:24:07 - Epoch 525: train_loss=0.39873379468917847, train_acc= 87.15%
INFO - 09/13/26 23:49:12 - 0:24:07 - Epoch 525: val_loss=0.49803152680397034, val_acc= 84.57%,val_weighted_f1= 84.51,val_macro_f1= 82.60%
EarlyStopping counter: 1 out of 15
INFO - 09/13/26 23:49:12 - 0:24:07 - Epoch 526: train_loss=0.3992847502231598, train_acc= 86.90%
INFO - 09/13/26 23:49:12 - 0:24:07 - Epoch 527: train_loss=0.39661064743995667, train_acc= 87.14%
INFO - 09/13/26 23:49:12 - 0:24:08 - Epoch 528: train_loss=0.39910033345222473, train_acc= 87.01%
INFO - 09/13/26 23:49:12 - 0:24:08 - Epoch 529: train_loss=0.39585936069488525, train_acc= 87.11%
INFO - 09/13/26 23:49:13 - 0:24:08 - Epoch 530: train_loss=0.39757171273231506, train_acc= 86.84%
INFO - 09/13/26 23:49:13 - 0:24:08 - Epoch 530: val_loss=0.503104567527771, val_acc= 84.66%,val_weighted_f1= 84.61,val_macro_f1= 82.65%
INFO - 09/13/26 23:49:13 - 0:24:08 - Epoch 531: train_loss=0.39808890223503113, train_acc= 87.01%
INFO - 09/13/26 23:49:13 - 0:24:09 - Epoch 532: train_loss=0.40165191888809204, train_acc= 86.97%
INFO - 09/13/26 23:49:13 - 0:24:09 - Epoch 533: train_loss=0.3941940665245056, train_acc= 87.14%
INFO - 09/13/26 23:49:13 - 0:24:09 - Epoch 534: train_loss=0.3922472596168518, train_acc= 86.92%
INFO - 09/13/26 23:49:14 - 0:24:09 - Epoch 535: train_loss=0.39428770542144775, train_acc= 86.97%
INFO - 09/13/26 23:49:14 - 0:24:09 - Epoch 535: val_loss=0.4964737892150879, val_acc= 84.70%,val_weighted_f1= 84.64,val_macro_f1= 82.73%
INFO - 09/13/26 23:49:14 - 0:24:09 - Epoch 536: train_loss=0.39722195267677307, train_acc= 87.07%
INFO - 09/13/26 23:49:14 - 0:24:10 - Epoch 537: train_loss=0.39627915620803833, train_acc= 86.80%
INFO - 09/13/26 23:49:14 - 0:24:10 - Epoch 538: train_loss=0.3923020362854004, train_acc= 87.21%
INFO - 09/13/26 23:49:15 - 0:24:10 - Epoch 539: train_loss=0.4022786319255829, train_acc= 86.87%
INFO - 09/13/26 23:49:15 - 0:24:10 - Epoch 540: train_loss=0.3910759389400482, train_acc= 87.31%
INFO - 09/13/26 23:49:15 - 0:24:10 - Epoch 540: val_loss=0.4992586672306061, val_acc= 84.79%,val_weighted_f1= 84.73,val_macro_f1= 82.68%
INFO - 09/13/26 23:49:15 - 0:24:10 - Epoch 541: train_loss=0.38421931862831116, train_acc= 87.57%
INFO - 09/13/26 23:49:15 - 0:24:11 - Epoch 542: train_loss=0.39412596821784973, train_acc= 87.15%
INFO - 09/13/26 23:49:15 - 0:24:11 - Epoch 543: train_loss=0.3940099775791168, train_acc= 87.04%
INFO - 09/13/26 23:49:16 - 0:24:11 - Epoch 544: train_loss=0.38992056250572205, train_acc= 87.65%
INFO - 09/13/26 23:49:16 - 0:24:11 - Epoch 545: train_loss=0.3923487365245819, train_acc= 87.00%
INFO - 09/13/26 23:49:16 - 0:24:11 - Epoch 545: val_loss=0.4992987811565399, val_acc= 84.74%,val_weighted_f1= 84.68,val_macro_f1= 82.69%
EarlyStopping counter: 1 out of 15
INFO - 09/13/26 23:49:16 - 0:24:12 - Epoch 546: train_loss=0.3894111216068268, train_acc= 87.01%
INFO - 09/13/26 23:49:16 - 0:24:12 - Epoch 547: train_loss=0.39555397629737854, train_acc= 86.88%
INFO - 09/13/26 23:49:16 - 0:24:12 - Epoch 548: train_loss=0.3904314339160919, train_acc= 87.05%
INFO - 09/13/26 23:49:17 - 0:24:12 - Epoch 549: train_loss=0.3869876265525818, train_acc= 87.10%
INFO - 09/13/26 23:49:17 - 0:24:12 - Epoch 550: train_loss=0.390683114528656, train_acc= 87.17%
INFO - 09/13/26 23:49:17 - 0:24:12 - Epoch 550: val_loss=0.4982462525367737, val_acc= 84.62%,val_weighted_f1= 84.55,val_macro_f1= 82.58%
EarlyStopping counter: 2 out of 15
INFO - 09/13/26 23:49:17 - 0:24:13 - Epoch 551: train_loss=0.3870973289012909, train_acc= 87.20%
INFO - 09/13/26 23:49:17 - 0:24:13 - Epoch 552: train_loss=0.38514024019241333, train_acc= 87.44%
INFO - 09/13/26 23:49:18 - 0:24:13 - Epoch 553: train_loss=0.3885076642036438, train_acc= 87.10%
INFO - 09/13/26 23:49:18 - 0:24:13 - Epoch 554: train_loss=0.3883363604545593, train_acc= 87.25%
INFO - 09/13/26 23:49:18 - 0:24:13 - Epoch 555: train_loss=0.38856688141822815, train_acc= 87.11%
INFO - 09/13/26 23:49:18 - 0:24:14 - Epoch 555: val_loss=0.49876025319099426, val_acc= 84.66%,val_weighted_f1= 84.61,val_macro_f1= 82.68%
EarlyStopping counter: 3 out of 15
INFO - 09/13/26 23:49:18 - 0:24:14 - Epoch 556: train_loss=0.3875153064727783, train_acc= 87.38%
INFO - 09/13/26 23:49:18 - 0:24:14 - Epoch 557: train_loss=0.38575994968414307, train_acc= 87.25%
INFO - 09/13/26 23:49:19 - 0:24:14 - Epoch 558: train_loss=0.39119988679885864, train_acc= 86.81%
INFO - 09/13/26 23:49:19 - 0:24:14 - Epoch 559: train_loss=0.3809770345687866, train_acc= 87.41%
INFO - 09/13/26 23:49:19 - 0:24:15 - Epoch 560: train_loss=0.38353320956230164, train_acc= 87.35%
INFO - 09/13/26 23:49:19 - 0:24:15 - Epoch 560: val_loss=0.49934959411621094, val_acc= 84.57%,val_weighted_f1= 84.51,val_macro_f1= 82.46%
EarlyStopping counter: 4 out of 15
INFO - 09/13/26 23:49:19 - 0:24:15 - Epoch 561: train_loss=0.38401803374290466, train_acc= 87.27%
INFO - 09/13/26 23:49:19 - 0:24:15 - Epoch 562: train_loss=0.3882328271865845, train_acc= 87.15%
INFO - 09/13/26 23:49:20 - 0:24:15 - Epoch 563: train_loss=0.3794151246547699, train_acc= 87.48%
INFO - 09/13/26 23:49:20 - 0:24:15 - Epoch 564: train_loss=0.3914862275123596, train_acc= 87.34%
INFO - 09/13/26 23:49:20 - 0:24:16 - Epoch 565: train_loss=0.3795105814933777, train_acc= 87.57%
INFO - 09/13/26 23:49:20 - 0:24:16 - Epoch 565: val_loss=0.49812883138656616, val_acc= 84.70%,val_weighted_f1= 84.63,val_macro_f1= 82.65%
EarlyStopping counter: 5 out of 15
INFO - 09/13/26 23:49:20 - 0:24:16 - Epoch 566: train_loss=0.37921103835105896, train_acc= 87.68%
INFO - 09/13/26 23:49:21 - 0:24:16 - Epoch 567: train_loss=0.38482892513275146, train_acc= 87.72%
INFO - 09/13/26 23:49:21 - 0:24:16 - Epoch 568: train_loss=0.3828705847263336, train_acc= 87.10%
INFO - 09/13/26 23:49:21 - 0:24:17 - Epoch 569: train_loss=0.3775273561477661, train_acc= 87.55%
INFO - 09/13/26 23:49:21 - 0:24:17 - Epoch 570: train_loss=0.3799060881137848, train_acc= 87.42%
INFO - 09/13/26 23:49:21 - 0:24:17 - Epoch 570: val_loss=0.49934473633766174, val_acc= 84.87%,val_weighted_f1= 84.82,val_macro_f1= 82.79%
INFO - 09/13/26 23:49:21 - 0:24:17 - Epoch 571: train_loss=0.37711381912231445, train_acc= 87.38%
INFO - 09/13/26 23:49:22 - 0:24:17 - Epoch 572: train_loss=0.3859810531139374, train_acc= 87.21%
INFO - 09/13/26 23:49:22 - 0:24:17 - Epoch 573: train_loss=0.3832995295524597, train_acc= 87.37%
INFO - 09/13/26 23:49:22 - 0:24:18 - Epoch 574: train_loss=0.38141685724258423, train_acc= 87.39%
INFO - 09/13/26 23:49:22 - 0:24:18 - Epoch 575: train_loss=0.37720850110054016, train_acc= 87.22%
INFO - 09/13/26 23:49:22 - 0:24:18 - Epoch 575: val_loss=0.49964937567710876, val_acc= 84.96%,val_weighted_f1= 84.91,val_macro_f1= 83.07%
INFO - 09/13/26 23:49:23 - 0:24:18 - Epoch 576: train_loss=0.38237521052360535, train_acc= 87.44%
INFO - 09/13/26 23:49:23 - 0:24:18 - Epoch 577: train_loss=0.37807536125183105, train_acc= 87.94%
INFO - 09/13/26 23:49:23 - 0:24:19 - Epoch 578: train_loss=0.3780228793621063, train_acc= 87.88%
INFO - 09/13/26 23:49:23 - 0:24:19 - Epoch 579: train_loss=0.3801402747631073, train_acc= 87.24%
INFO - 09/13/26 23:49:23 - 0:24:19 - Epoch 580: train_loss=0.3729170560836792, train_acc= 87.65%
INFO - 09/13/26 23:49:23 - 0:24:19 - Epoch 580: val_loss=0.49920883774757385, val_acc= 84.96%,val_weighted_f1= 84.90,val_macro_f1= 83.00%
INFO - 09/13/26 23:49:24 - 0:24:19 - Epoch 581: train_loss=0.3801340162754059, train_acc= 87.41%
INFO - 09/13/26 23:49:24 - 0:24:19 - Epoch 582: train_loss=0.3792533278465271, train_acc= 87.61%
INFO - 09/13/26 23:49:24 - 0:24:20 - Epoch 583: train_loss=0.3749333322048187, train_acc= 87.54%
INFO - 09/13/26 23:49:24 - 0:24:20 - Epoch 584: train_loss=0.3753378391265869, train_acc= 87.64%
INFO - 09/13/26 23:49:24 - 0:24:20 - Epoch 585: train_loss=0.37463539838790894, train_acc= 87.79%
INFO - 09/13/26 23:49:24 - 0:24:20 - Epoch 585: val_loss=0.4936050772666931, val_acc= 84.87%,val_weighted_f1= 84.79,val_macro_f1= 82.83%
EarlyStopping counter: 1 out of 15
INFO - 09/13/26 23:49:25 - 0:24:20 - Epoch 586: train_loss=0.3770153820514679, train_acc= 87.54%
INFO - 09/13/26 23:49:25 - 0:24:20 - Epoch 587: train_loss=0.3750756084918976, train_acc= 87.69%
INFO - 09/13/26 23:49:25 - 0:24:21 - Epoch 588: train_loss=0.37379828095436096, train_acc= 87.68%
INFO - 09/13/26 23:49:25 - 0:24:21 - Epoch 589: train_loss=0.3732715845108032, train_acc= 87.99%
INFO - 09/13/26 23:49:25 - 0:24:21 - Epoch 590: train_loss=0.37125346064567566, train_acc= 87.85%
INFO - 09/13/26 23:49:26 - 0:24:21 - Epoch 590: val_loss=0.4992077946662903, val_acc= 84.91%,val_weighted_f1= 84.88,val_macro_f1= 82.98%
EarlyStopping counter: 2 out of 15
INFO - 09/13/26 23:49:26 - 0:24:21 - Epoch 591: train_loss=0.37630683183670044, train_acc= 87.62%
INFO - 09/13/26 23:49:26 - 0:24:22 - Epoch 592: train_loss=0.37014925479888916, train_acc= 87.67%
INFO - 09/13/26 23:49:26 - 0:24:22 - Epoch 593: train_loss=0.37099602818489075, train_acc= 87.99%
INFO - 09/13/26 23:49:26 - 0:24:22 - Epoch 594: train_loss=0.36908474564552307, train_acc= 87.91%
INFO - 09/13/26 23:49:27 - 0:24:22 - Epoch 595: train_loss=0.3748307526111603, train_acc= 87.44%
INFO - 09/13/26 23:49:27 - 0:24:22 - Epoch 595: val_loss=0.49549055099487305, val_acc= 84.83%,val_weighted_f1= 84.75,val_macro_f1= 82.81%
EarlyStopping counter: 3 out of 15
INFO - 09/13/26 23:49:27 - 0:24:22 - Epoch 596: train_loss=0.3730514347553253, train_acc= 87.64%
INFO - 09/13/26 23:49:27 - 0:24:23 - Epoch 597: train_loss=0.37250977754592896, train_acc= 87.71%
INFO - 09/13/26 23:49:27 - 0:24:23 - Epoch 598: train_loss=0.3721490502357483, train_acc= 88.04%
INFO - 09/13/26 23:49:27 - 0:24:23 - Epoch 599: train_loss=0.37023016810417175, train_acc= 87.55%
INFO - 09/13/26 23:49:28 - 0:24:23 - Epoch 600: train_loss=0.37130841612815857, train_acc= 87.92%
INFO - 09/13/26 23:49:28 - 0:24:23 - Epoch 600: val_loss=0.4996761083602905, val_acc= 85.00%,val_weighted_f1= 84.94,val_macro_f1= 83.06%
INFO - 09/13/26 23:49:28 - 0:24:24 - Epoch 601: train_loss=0.37329792976379395, train_acc= 87.84%
INFO - 09/13/26 23:49:28 - 0:24:24 - Epoch 602: train_loss=0.37317946553230286, train_acc= 87.94%
INFO - 09/13/26 23:49:28 - 0:24:24 - Epoch 603: train_loss=0.3710136413574219, train_acc= 87.88%
INFO - 09/13/26 23:49:29 - 0:24:24 - Epoch 604: train_loss=0.3682798445224762, train_acc= 87.91%
INFO - 09/13/26 23:49:29 - 0:24:24 - Epoch 605: train_loss=0.36628374457359314, train_acc= 88.19%
INFO - 09/13/26 23:49:29 - 0:24:24 - Epoch 605: val_loss=0.500360369682312, val_acc= 85.00%,val_weighted_f1= 84.94,val_macro_f1= 83.13%
INFO - 09/13/26 23:49:29 - 0:24:25 - Epoch 606: train_loss=0.3648968040943146, train_acc= 87.99%
INFO - 09/13/26 23:49:29 - 0:24:25 - Epoch 607: train_loss=0.36361852288246155, train_acc= 87.98%
INFO - 09/13/26 23:49:29 - 0:24:25 - Epoch 608: train_loss=0.3671005964279175, train_acc= 87.81%
INFO - 09/13/26 23:49:30 - 0:24:25 - Epoch 609: train_loss=0.3659413456916809, train_acc= 88.04%
INFO - 09/13/26 23:49:30 - 0:24:25 - Epoch 610: train_loss=0.3714175522327423, train_acc= 87.81%
INFO - 09/13/26 23:49:30 - 0:24:25 - Epoch 610: val_loss=0.5027312636375427, val_acc= 84.83%,val_weighted_f1= 84.78,val_macro_f1= 82.95%
EarlyStopping counter: 1 out of 15
INFO - 09/13/26 23:49:30 - 0:24:26 - Epoch 611: train_loss=0.3747780919075012, train_acc= 87.65%
INFO - 09/13/26 23:49:30 - 0:24:26 - Epoch 612: train_loss=0.3640441298484802, train_acc= 88.04%
INFO - 09/13/26 23:49:30 - 0:24:26 - Epoch 613: train_loss=0.36523857712745667, train_acc= 87.91%
INFO - 09/13/26 23:49:31 - 0:24:26 - Epoch 614: train_loss=0.3657214343547821, train_acc= 87.96%
INFO - 09/13/26 23:49:31 - 0:24:26 - Epoch 615: train_loss=0.3653204143047333, train_acc= 87.86%
INFO - 09/13/26 23:49:31 - 0:24:27 - Epoch 615: val_loss=0.49990302324295044, val_acc= 84.91%,val_weighted_f1= 84.85,val_macro_f1= 82.94%
EarlyStopping counter: 2 out of 15
INFO - 09/13/26 23:49:31 - 0:24:27 - Epoch 616: train_loss=0.3677465319633484, train_acc= 87.84%
INFO - 09/13/26 23:49:31 - 0:24:27 - Epoch 617: train_loss=0.36099666357040405, train_acc= 87.92%
INFO - 09/13/26 23:49:32 - 0:24:27 - Epoch 618: train_loss=0.3665843904018402, train_acc= 88.06%
INFO - 09/13/26 23:49:32 - 0:24:27 - Epoch 619: train_loss=0.3682885468006134, train_acc= 87.85%
INFO - 09/13/26 23:49:32 - 0:24:28 - Epoch 620: train_loss=0.357919305562973, train_acc= 88.45%
INFO - 09/13/26 23:49:32 - 0:24:28 - Epoch 620: val_loss=0.49693161249160767, val_acc= 85.04%,val_weighted_f1= 85.01,val_macro_f1= 83.25%
INFO - 09/13/26 23:49:32 - 0:24:28 - Epoch 621: train_loss=0.3578813672065735, train_acc= 88.04%
INFO - 09/13/26 23:49:32 - 0:24:28 - Epoch 622: train_loss=0.3622153103351593, train_acc= 87.94%
INFO - 09/13/26 23:49:33 - 0:24:28 - Epoch 623: train_loss=0.3612924814224243, train_acc= 87.92%
INFO - 09/13/26 23:49:33 - 0:24:28 - Epoch 624: train_loss=0.36334240436553955, train_acc= 88.14%
INFO - 09/13/26 23:49:33 - 0:24:29 - Epoch 625: train_loss=0.3583369851112366, train_acc= 87.99%
INFO - 09/13/26 23:49:33 - 0:24:29 - Epoch 625: val_loss=0.4988251030445099, val_acc= 85.04%,val_weighted_f1= 84.99,val_macro_f1= 83.12%
INFO - 09/13/26 23:49:33 - 0:24:29 - Epoch 626: train_loss=0.36066538095474243, train_acc= 88.38%
INFO - 09/13/26 23:49:33 - 0:24:29 - Epoch 627: train_loss=0.3627760708332062, train_acc= 87.75%
INFO - 09/13/26 23:49:34 - 0:24:29 - Epoch 628: train_loss=0.36593887209892273, train_acc= 87.88%
INFO - 09/13/26 23:49:34 - 0:24:29 - Epoch 629: train_loss=0.362691730260849, train_acc= 87.88%
INFO - 09/13/26 23:49:34 - 0:24:30 - Epoch 630: train_loss=0.36343568563461304, train_acc= 88.14%
INFO - 09/13/26 23:49:34 - 0:24:30 - Epoch 630: val_loss=0.5005099177360535, val_acc= 85.04%,val_weighted_f1= 84.97,val_macro_f1= 83.18%
INFO - 09/13/26 23:49:34 - 0:24:30 - Epoch 631: train_loss=0.36078593134880066, train_acc= 88.01%
INFO - 09/13/26 23:49:35 - 0:24:30 - Epoch 632: train_loss=0.3615868091583252, train_acc= 87.78%
INFO - 09/13/26 23:49:35 - 0:24:30 - Epoch 633: train_loss=0.3536860942840576, train_acc= 88.45%
INFO - 09/13/26 23:49:35 - 0:24:31 - Epoch 634: train_loss=0.36703240871429443, train_acc= 87.99%
INFO - 09/13/26 23:49:35 - 0:24:31 - Epoch 635: train_loss=0.3596656918525696, train_acc= 88.21%
INFO - 09/13/26 23:49:35 - 0:24:31 - Epoch 635: val_loss=0.4941847622394562, val_acc= 85.04%,val_weighted_f1= 84.99,val_macro_f1= 83.13%
INFO - 09/13/26 23:49:35 - 0:24:31 - Epoch 636: train_loss=0.3621562719345093, train_acc= 87.81%
INFO - 09/13/26 23:49:36 - 0:24:31 - Epoch 637: train_loss=0.3569723665714264, train_acc= 88.09%
INFO - 09/13/26 23:49:36 - 0:24:31 - Epoch 638: train_loss=0.3629329204559326, train_acc= 88.18%
INFO - 09/13/26 23:49:36 - 0:24:32 - Epoch 639: train_loss=0.3579380512237549, train_acc= 88.12%
INFO - 09/13/26 23:49:36 - 0:24:32 - Epoch 640: train_loss=0.35970422625541687, train_acc= 87.99%
INFO - 09/13/26 23:49:36 - 0:24:32 - Epoch 640: val_loss=0.49496445059776306, val_acc= 85.13%,val_weighted_f1= 85.08,val_macro_f1= 83.12%
INFO - 09/13/26 23:49:37 - 0:24:32 - Epoch 641: train_loss=0.3533022701740265, train_acc= 88.24%
INFO - 09/13/26 23:49:37 - 0:24:32 - Epoch 642: train_loss=0.35188227891921997, train_acc= 88.33%
INFO - 09/13/26 23:49:37 - 0:24:32 - Epoch 643: train_loss=0.3616054058074951, train_acc= 88.15%
INFO - 09/13/26 23:49:37 - 0:24:33 - Epoch 644: train_loss=0.3609955906867981, train_acc= 88.08%
INFO - 09/13/26 23:49:37 - 0:24:33 - Epoch 645: train_loss=0.36201971769332886, train_acc= 88.32%
INFO - 09/13/26 23:49:37 - 0:24:33 - Epoch 645: val_loss=0.49836796522140503, val_acc= 85.04%,val_weighted_f1= 85.00,val_macro_f1= 83.08%
EarlyStopping counter: 1 out of 15
INFO - 09/13/26 23:49:38 - 0:24:33 - Epoch 646: train_loss=0.3511334955692291, train_acc= 88.52%
INFO - 09/13/26 23:49:38 - 0:24:33 - Epoch 647: train_loss=0.351571649312973, train_acc= 88.46%
INFO - 09/13/26 23:49:38 - 0:24:34 - Epoch 648: train_loss=0.3560831546783447, train_acc= 88.11%
INFO - 09/13/26 23:49:38 - 0:24:34 - Epoch 649: train_loss=0.35215404629707336, train_acc= 88.43%
INFO - 09/13/26 23:49:38 - 0:24:34 - Epoch 650: train_loss=0.3586377501487732, train_acc= 88.09%
INFO - 09/13/26 23:49:38 - 0:24:34 - Epoch 650: val_loss=0.4988407492637634, val_acc= 85.00%,val_weighted_f1= 84.97,val_macro_f1= 83.00%
EarlyStopping counter: 2 out of 15
INFO - 09/13/26 23:49:39 - 0:24:34 - Epoch 651: train_loss=0.3504149913787842, train_acc= 88.56%
INFO - 09/13/26 23:49:39 - 0:24:34 - Epoch 652: train_loss=0.3470328748226166, train_acc= 88.46%
INFO - 09/13/26 23:49:39 - 0:24:35 - Epoch 653: train_loss=0.3558354079723358, train_acc= 88.33%
INFO - 09/13/26 23:49:39 - 0:24:35 - Epoch 654: train_loss=0.35307440161705017, train_acc= 88.45%
INFO - 09/13/26 23:49:39 - 0:24:35 - Epoch 655: train_loss=0.35355091094970703, train_acc= 88.12%
INFO - 09/13/26 23:49:40 - 0:24:35 - Epoch 655: val_loss=0.49678516387939453, val_acc= 85.00%,val_weighted_f1= 84.93,val_macro_f1= 83.04%
EarlyStopping counter: 3 out of 15
INFO - 09/13/26 23:49:40 - 0:24:35 - Epoch 656: train_loss=0.3501034080982208, train_acc= 88.33%
INFO - 09/13/26 23:49:40 - 0:24:36 - Epoch 657: train_loss=0.3522060811519623, train_acc= 88.22%
INFO - 09/13/26 23:49:40 - 0:24:36 - Epoch 658: train_loss=0.3520898222923279, train_acc= 88.31%
INFO - 09/13/26 23:49:40 - 0:24:36 - Epoch 659: train_loss=0.34456101059913635, train_acc= 88.32%
INFO - 09/13/26 23:49:41 - 0:24:36 - Epoch 660: train_loss=0.35388338565826416, train_acc= 88.29%
INFO - 09/13/26 23:49:41 - 0:24:36 - Epoch 660: val_loss=0.4952095150947571, val_acc= 85.09%,val_weighted_f1= 85.06,val_macro_f1= 83.26%
EarlyStopping counter: 4 out of 15
INFO - 09/13/26 23:49:41 - 0:24:36 - Epoch 661: train_loss=0.35048913955688477, train_acc= 88.43%
INFO - 09/13/26 23:49:41 - 0:24:37 - Epoch 662: train_loss=0.3453039228916168, train_acc= 88.52%
INFO - 09/13/26 23:49:41 - 0:24:37 - Epoch 663: train_loss=0.3463265001773834, train_acc= 88.43%
INFO - 09/13/26 23:49:41 - 0:24:37 - Epoch 664: train_loss=0.3497181832790375, train_acc= 88.51%
INFO - 09/13/26 23:49:42 - 0:24:37 - Epoch 665: train_loss=0.349637508392334, train_acc= 88.53%
INFO - 09/13/26 23:49:42 - 0:24:37 - Epoch 665: val_loss=0.49835968017578125, val_acc= 84.96%,val_weighted_f1= 84.93,val_macro_f1= 83.16%
EarlyStopping counter: 5 out of 15
INFO - 09/13/26 23:49:42 - 0:24:37 - Epoch 666: train_loss=0.345160573720932, train_acc= 88.61%
INFO - 09/13/26 23:49:42 - 0:24:38 - Epoch 667: train_loss=0.3398948907852173, train_acc= 88.79%
INFO - 09/13/26 23:49:42 - 0:24:38 - Epoch 668: train_loss=0.3447115421295166, train_acc= 88.62%
INFO - 09/13/26 23:49:43 - 0:24:38 - Epoch 669: train_loss=0.3505747616291046, train_acc= 88.28%
INFO - 09/13/26 23:49:43 - 0:24:38 - Epoch 670: train_loss=0.34480178356170654, train_acc= 88.35%
INFO - 09/13/26 23:49:43 - 0:24:38 - Epoch 670: val_loss=0.49508509039878845, val_acc= 84.83%,val_weighted_f1= 84.76,val_macro_f1= 82.94%
EarlyStopping counter: 6 out of 15
INFO - 09/13/26 23:49:43 - 0:24:39 - Epoch 671: train_loss=0.3457843065261841, train_acc= 88.52%
INFO - 09/13/26 23:49:43 - 0:24:39 - Epoch 672: train_loss=0.3423217833042145, train_acc= 88.58%
INFO - 09/13/26 23:49:43 - 0:24:39 - Epoch 673: train_loss=0.3493340015411377, train_acc= 88.51%
INFO - 09/13/26 23:49:44 - 0:24:39 - Epoch 674: train_loss=0.3463788330554962, train_acc= 88.71%
INFO - 09/13/26 23:49:44 - 0:24:39 - Epoch 675: train_loss=0.3450413644313812, train_acc= 88.73%
INFO - 09/13/26 23:49:44 - 0:24:39 - Epoch 675: val_loss=0.49993541836738586, val_acc= 84.87%,val_weighted_f1= 84.86,val_macro_f1= 82.89%
EarlyStopping counter: 7 out of 15
INFO - 09/13/26 23:49:44 - 0:24:40 - Epoch 676: train_loss=0.34117308259010315, train_acc= 88.53%
INFO - 09/13/26 23:49:44 - 0:24:40 - Epoch 677: train_loss=0.3406001627445221, train_acc= 88.53%
INFO - 09/13/26 23:49:45 - 0:24:40 - Epoch 678: train_loss=0.347303569316864, train_acc= 88.49%
INFO - 09/13/26 23:49:45 - 0:24:40 - Epoch 679: train_loss=0.3429543673992157, train_acc= 88.66%
INFO - 09/13/26 23:49:45 - 0:24:40 - Epoch 680: train_loss=0.3423932194709778, train_acc= 88.39%
INFO - 09/13/26 23:49:45 - 0:24:40 - Epoch 680: val_loss=0.49891430139541626, val_acc= 85.13%,val_weighted_f1= 85.10,val_macro_f1= 83.18%
INFO - 09/13/26 23:49:45 - 0:24:41 - Epoch 681: train_loss=0.34035253524780273, train_acc= 88.88%
INFO - 09/13/26 23:49:45 - 0:24:41 - Epoch 682: train_loss=0.3452131450176239, train_acc= 88.63%
INFO - 09/13/26 23:49:46 - 0:24:41 - Epoch 683: train_loss=0.3434840440750122, train_acc= 88.56%
INFO - 09/13/26 23:49:46 - 0:24:41 - Epoch 684: train_loss=0.34197863936424255, train_acc= 88.83%
INFO - 09/13/26 23:49:46 - 0:24:41 - Epoch 685: train_loss=0.33844485878944397, train_acc= 88.81%
INFO - 09/13/26 23:49:46 - 0:24:42 - Epoch 685: val_loss=0.49825945496559143, val_acc= 84.79%,val_weighted_f1= 84.73,val_macro_f1= 82.86%
EarlyStopping counter: 1 out of 15
INFO - 09/13/26 23:49:46 - 0:24:42 - Epoch 686: train_loss=0.34251338243484497, train_acc= 88.69%
INFO - 09/13/26 23:49:47 - 0:24:42 - Epoch 687: train_loss=0.3440801799297333, train_acc= 88.25%
INFO - 09/13/26 23:49:47 - 0:24:42 - Epoch 688: train_loss=0.33687660098075867, train_acc= 88.66%
INFO - 09/13/26 23:49:47 - 0:24:42 - Epoch 689: train_loss=0.33890631794929504, train_acc= 88.72%
INFO - 09/13/26 23:49:47 - 0:24:43 - Epoch 690: train_loss=0.33803319931030273, train_acc= 88.49%
INFO - 09/13/26 23:49:47 - 0:24:43 - Epoch 690: val_loss=0.5046932101249695, val_acc= 85.04%,val_weighted_f1= 85.01,val_macro_f1= 83.24%
EarlyStopping counter: 2 out of 15
INFO - 09/13/26 23:49:47 - 0:24:43 - Epoch 691: train_loss=0.33797720074653625, train_acc= 88.73%
INFO - 09/13/26 23:49:48 - 0:24:43 - Epoch 692: train_loss=0.3421359658241272, train_acc= 88.51%
INFO - 09/13/26 23:49:48 - 0:24:43 - Epoch 693: train_loss=0.3396761417388916, train_acc= 88.95%
INFO - 09/13/26 23:49:48 - 0:24:43 - Epoch 694: train_loss=0.33684319257736206, train_acc= 88.78%
INFO - 09/13/26 23:49:48 - 0:24:44 - Epoch 695: train_loss=0.3388573229312897, train_acc= 88.93%
INFO - 09/13/26 23:49:48 - 0:24:44 - Epoch 695: val_loss=0.5025061964988708, val_acc= 84.83%,val_weighted_f1= 84.76,val_macro_f1= 82.87%
EarlyStopping counter: 3 out of 15
INFO - 09/13/26 23:49:48 - 0:24:44 - Epoch 696: train_loss=0.34325385093688965, train_acc= 88.69%
INFO - 09/13/26 23:49:49 - 0:24:44 - Epoch 697: train_loss=0.33930787444114685, train_acc= 88.81%
INFO - 09/13/26 23:49:49 - 0:24:44 - Epoch 698: train_loss=0.3371921181678772, train_acc= 89.09%
INFO - 09/13/26 23:49:49 - 0:24:45 - Epoch 699: train_loss=0.33782732486724854, train_acc= 88.92%
INFO - 09/13/26 23:49:49 - 0:24:45 - Epoch 700: train_loss=0.3379620909690857, train_acc= 88.98%
INFO - 09/13/26 23:49:49 - 0:24:45 - Epoch 700: val_loss=0.4970099627971649, val_acc= 84.83%,val_weighted_f1= 84.80,val_macro_f1= 82.80%
EarlyStopping counter: 4 out of 15
INFO - 09/13/26 23:49:50 - 0:24:45 - Epoch 701: train_loss=0.3306809365749359, train_acc= 88.92%
INFO - 09/13/26 23:49:50 - 0:24:45 - Epoch 702: train_loss=0.34463730454444885, train_acc= 88.59%
INFO - 09/13/26 23:49:50 - 0:24:45 - Epoch 703: train_loss=0.33797717094421387, train_acc= 88.83%
INFO - 09/13/26 23:49:50 - 0:24:46 - Epoch 704: train_loss=0.33692821860313416, train_acc= 88.76%
INFO - 09/13/26 23:49:50 - 0:24:46 - Epoch 705: train_loss=0.3301890194416046, train_acc= 89.12%
INFO - 09/13/26 23:49:50 - 0:24:46 - Epoch 705: val_loss=0.4963129460811615, val_acc= 85.13%,val_weighted_f1= 85.09,val_macro_f1= 83.23%
INFO - 09/13/26 23:49:51 - 0:24:46 - Epoch 706: train_loss=0.3307897448539734, train_acc= 88.93%
INFO - 09/13/26 23:49:51 - 0:24:46 - Epoch 707: train_loss=0.33183810114860535, train_acc= 89.19%
INFO - 09/13/26 23:49:51 - 0:24:46 - Epoch 708: train_loss=0.3330548107624054, train_acc= 88.98%
INFO - 09/13/26 23:49:51 - 0:24:47 - Epoch 709: train_loss=0.3366971015930176, train_acc= 88.82%
INFO - 09/13/26 23:49:51 - 0:24:47 - Epoch 710: train_loss=0.32769566774368286, train_acc= 89.05%
INFO - 09/13/26 23:49:51 - 0:24:47 - Epoch 710: val_loss=0.49751701951026917, val_acc= 85.21%,val_weighted_f1= 85.16,val_macro_f1= 83.18%
INFO - 09/13/26 23:49:52 - 0:24:47 - Epoch 711: train_loss=0.333773136138916, train_acc= 88.98%
INFO - 09/13/26 23:49:52 - 0:24:47 - Epoch 712: train_loss=0.32806941866874695, train_acc= 89.30%
INFO - 09/13/26 23:49:52 - 0:24:48 - Epoch 713: train_loss=0.3293607234954834, train_acc= 89.37%
INFO - 09/13/26 23:49:52 - 0:24:48 - Epoch 714: train_loss=0.3285105228424072, train_acc= 88.86%
INFO - 09/13/26 23:49:52 - 0:24:48 - Epoch 715: train_loss=0.334274023771286, train_acc= 88.95%
INFO - 09/13/26 23:49:53 - 0:24:48 - Epoch 715: val_loss=0.4961850941181183, val_acc= 85.09%,val_weighted_f1= 85.07,val_macro_f1= 83.12%
EarlyStopping counter: 1 out of 15
INFO - 09/13/26 23:49:53 - 0:24:48 - Epoch 716: train_loss=0.3322606682777405, train_acc= 88.90%
INFO - 09/13/26 23:49:53 - 0:24:48 - Epoch 717: train_loss=0.330998033285141, train_acc= 88.85%
INFO - 09/13/26 23:49:53 - 0:24:49 - Epoch 718: train_loss=0.3337235748767853, train_acc= 88.95%
INFO - 09/13/26 23:49:53 - 0:24:49 - Epoch 719: train_loss=0.3285909593105316, train_acc= 88.81%
INFO - 09/13/26 23:49:54 - 0:24:49 - Epoch 720: train_loss=0.32523074746131897, train_acc= 89.16%
INFO - 09/13/26 23:49:54 - 0:24:49 - Epoch 720: val_loss=0.49894216656684875, val_acc= 84.87%,val_weighted_f1= 84.84,val_macro_f1= 82.90%
EarlyStopping counter: 2 out of 15
INFO - 09/13/26 23:49:54 - 0:24:49 - Epoch 721: train_loss=0.3300713002681732, train_acc= 89.20%
INFO - 09/13/26 23:49:54 - 0:24:49 - Epoch 722: train_loss=0.32523876428604126, train_acc= 89.15%
INFO - 09/13/26 23:49:54 - 0:24:50 - Epoch 723: train_loss=0.32750868797302246, train_acc= 88.99%
INFO - 09/13/26 23:49:54 - 0:24:50 - Epoch 724: train_loss=0.32708820700645447, train_acc= 89.25%
INFO - 09/13/26 23:49:55 - 0:24:50 - Epoch 725: train_loss=0.3242031931877136, train_acc= 89.53%
INFO - 09/13/26 23:49:55 - 0:24:50 - Epoch 725: val_loss=0.5012585520744324, val_acc= 84.87%,val_weighted_f1= 84.85,val_macro_f1= 82.88%
EarlyStopping counter: 3 out of 15
INFO - 09/13/26 23:49:55 - 0:24:50 - Epoch 726: train_loss=0.3262622356414795, train_acc= 89.30%
INFO - 09/13/26 23:49:55 - 0:24:51 - Epoch 727: train_loss=0.3208322823047638, train_acc= 89.39%
INFO - 09/13/26 23:49:55 - 0:24:51 - Epoch 728: train_loss=0.32990285754203796, train_acc= 89.00%
INFO - 09/13/26 23:49:55 - 0:24:51 - Epoch 729: train_loss=0.3202066719532013, train_acc= 89.36%
INFO - 09/13/26 23:49:56 - 0:24:51 - Epoch 730: train_loss=0.3250967264175415, train_acc= 88.88%
INFO - 09/13/26 23:49:56 - 0:24:51 - Epoch 730: val_loss=0.4998461604118347, val_acc= 84.70%,val_weighted_f1= 84.66,val_macro_f1= 82.69%
EarlyStopping counter: 4 out of 15
INFO - 09/13/26 23:49:56 - 0:24:51 - Epoch 731: train_loss=0.3209441900253296, train_acc= 89.43%
INFO - 09/13/26 23:49:56 - 0:24:52 - Epoch 732: train_loss=0.3200034499168396, train_acc= 89.53%
INFO - 09/13/26 23:49:56 - 0:24:52 - Epoch 733: train_loss=0.3220292627811432, train_acc= 89.43%
INFO - 09/13/26 23:49:57 - 0:24:52 - Epoch 734: train_loss=0.3226744830608368, train_acc= 89.23%
INFO - 09/13/26 23:49:57 - 0:24:52 - Epoch 735: train_loss=0.3164236843585968, train_acc= 89.26%
INFO - 09/13/26 23:49:57 - 0:24:52 - Epoch 735: val_loss=0.5016911625862122, val_acc= 84.96%,val_weighted_f1= 84.90,val_macro_f1= 82.91%
EarlyStopping counter: 5 out of 15
INFO - 09/13/26 23:49:57 - 0:24:53 - Epoch 736: train_loss=0.3214452266693115, train_acc= 89.29%
INFO - 09/13/26 23:49:57 - 0:24:53 - Epoch 737: train_loss=0.31794974207878113, train_acc= 89.47%
INFO - 09/13/26 23:49:57 - 0:24:53 - Epoch 738: train_loss=0.32357722520828247, train_acc= 89.42%
INFO - 09/13/26 23:49:58 - 0:24:53 - Epoch 739: train_loss=0.3250669240951538, train_acc= 89.20%
INFO - 09/13/26 23:49:58 - 0:24:53 - Epoch 740: train_loss=0.3185584843158722, train_acc= 89.49%
INFO - 09/13/26 23:49:58 - 0:24:53 - Epoch 740: val_loss=0.49971505999565125, val_acc= 84.79%,val_weighted_f1= 84.76,val_macro_f1= 82.80%
EarlyStopping counter: 6 out of 15
INFO - 09/13/26 23:49:58 - 0:24:54 - Epoch 741: train_loss=0.31791776418685913, train_acc= 89.43%
INFO - 09/13/26 23:49:58 - 0:24:54 - Epoch 742: train_loss=0.31721916794776917, train_acc= 89.62%
INFO - 09/13/26 23:49:59 - 0:24:54 - Epoch 743: train_loss=0.31831321120262146, train_acc= 89.30%
INFO - 09/13/26 23:49:59 - 0:24:54 - Epoch 744: train_loss=0.31832242012023926, train_acc= 89.65%
INFO - 09/13/26 23:49:59 - 0:24:54 - Epoch 745: train_loss=0.3164779245853424, train_acc= 89.79%
INFO - 09/13/26 23:49:59 - 0:24:54 - Epoch 745: val_loss=0.5000813007354736, val_acc= 84.96%,val_weighted_f1= 84.90,val_macro_f1= 82.87%
EarlyStopping counter: 7 out of 15
INFO - 09/13/26 23:49:59 - 0:24:55 - Epoch 746: train_loss=0.31863388419151306, train_acc= 89.30%
INFO - 09/13/26 23:49:59 - 0:24:55 - Epoch 747: train_loss=0.3200913071632385, train_acc= 89.42%
INFO - 09/13/26 23:50:00 - 0:24:55 - Epoch 748: train_loss=0.3161812424659729, train_acc= 89.60%
INFO - 09/13/26 23:50:00 - 0:24:55 - Epoch 749: train_loss=0.3155498206615448, train_acc= 89.26%
INFO - 09/13/26 23:50:00 - 0:24:55 - Epoch 750: train_loss=0.3185684382915497, train_acc= 89.33%
INFO - 09/13/26 23:50:00 - 0:24:56 - Epoch 750: val_loss=0.5039407014846802, val_acc= 84.91%,val_weighted_f1= 84.90,val_macro_f1= 83.04%
EarlyStopping counter: 8 out of 15
INFO - 09/13/26 23:50:00 - 0:24:56 - Epoch 751: train_loss=0.31940892338752747, train_acc= 89.25%
INFO - 09/13/26 23:50:00 - 0:24:56 - Epoch 752: train_loss=0.31825366616249084, train_acc= 89.37%
INFO - 09/13/26 23:50:01 - 0:24:56 - Epoch 753: train_loss=0.3152533173561096, train_acc= 89.40%
INFO - 09/13/26 23:50:01 - 0:24:56 - Epoch 754: train_loss=0.31638023257255554, train_acc= 89.53%
INFO - 09/13/26 23:50:01 - 0:24:57 - Epoch 755: train_loss=0.3127571940422058, train_acc= 89.83%
INFO - 09/13/26 23:50:01 - 0:24:57 - Epoch 755: val_loss=0.501682460308075, val_acc= 85.13%,val_weighted_f1= 85.11,val_macro_f1= 83.09%
EarlyStopping counter: 9 out of 15
INFO - 09/13/26 23:50:01 - 0:24:57 - Epoch 756: train_loss=0.31293219327926636, train_acc= 89.72%
INFO - 09/13/26 23:50:02 - 0:24:57 - Epoch 757: train_loss=0.3141912519931793, train_acc= 89.53%
INFO - 09/13/26 23:50:02 - 0:24:57 - Epoch 758: train_loss=0.31497323513031006, train_acc= 89.46%
INFO - 09/13/26 23:50:02 - 0:24:57 - Epoch 759: train_loss=0.31073081493377686, train_acc= 89.45%
INFO - 09/13/26 23:50:02 - 0:24:58 - Epoch 760: train_loss=0.3196582794189453, train_acc= 89.39%
INFO - 09/13/26 23:50:02 - 0:24:58 - Epoch 760: val_loss=0.5063867568969727, val_acc= 84.91%,val_weighted_f1= 84.89,val_macro_f1= 83.20%
EarlyStopping counter: 10 out of 15
INFO - 09/13/26 23:50:02 - 0:24:58 - Epoch 761: train_loss=0.3148089349269867, train_acc= 89.63%
INFO - 09/13/26 23:50:03 - 0:24:58 - Epoch 762: train_loss=0.31819775700569153, train_acc= 89.42%
INFO - 09/13/26 23:50:03 - 0:24:58 - Epoch 763: train_loss=0.3123955726623535, train_acc= 89.80%
INFO - 09/13/26 23:50:03 - 0:24:58 - Epoch 764: train_loss=0.31243419647216797, train_acc= 89.62%
INFO - 09/13/26 23:50:03 - 0:24:59 - Epoch 765: train_loss=0.30764704942703247, train_acc= 89.97%
INFO - 09/13/26 23:50:03 - 0:24:59 - Epoch 765: val_loss=0.5028905868530273, val_acc= 85.00%,val_weighted_f1= 84.97,val_macro_f1= 83.06%
EarlyStopping counter: 11 out of 15
INFO - 09/13/26 23:50:04 - 0:24:59 - Epoch 766: train_loss=0.31035730242729187, train_acc= 89.72%
INFO - 09/13/26 23:50:04 - 0:24:59 - Epoch 767: train_loss=0.3127955496311188, train_acc= 89.56%
INFO - 09/13/26 23:50:04 - 0:24:59 - Epoch 768: train_loss=0.31252521276474, train_acc= 89.52%
INFO - 09/13/26 23:50:04 - 0:25:00 - Epoch 769: train_loss=0.30888375639915466, train_acc= 89.80%
INFO - 09/13/26 23:50:04 - 0:25:00 - Epoch 770: train_loss=0.31235817074775696, train_acc= 89.80%
INFO - 09/13/26 23:50:04 - 0:25:00 - Epoch 770: val_loss=0.5065762996673584, val_acc= 84.91%,val_weighted_f1= 84.90,val_macro_f1= 82.71%
EarlyStopping counter: 12 out of 15
INFO - 09/13/26 23:50:05 - 0:25:00 - Epoch 771: train_loss=0.3142278790473938, train_acc= 89.62%
INFO - 09/13/26 23:50:05 - 0:25:00 - Epoch 772: train_loss=0.3070165514945984, train_acc= 90.06%
INFO - 09/13/26 23:50:05 - 0:25:00 - Epoch 773: train_loss=0.3080250322818756, train_acc= 89.60%
INFO - 09/13/26 23:50:05 - 0:25:01 - Epoch 774: train_loss=0.3107610046863556, train_acc= 89.84%
INFO - 09/13/26 23:50:05 - 0:25:01 - Epoch 775: train_loss=0.30405324697494507, train_acc= 89.97%
INFO - 09/13/26 23:50:05 - 0:25:01 - Epoch 775: val_loss=0.5104501843452454, val_acc= 85.09%,val_weighted_f1= 85.05,val_macro_f1= 83.19%
EarlyStopping counter: 13 out of 15
INFO - 09/13/26 23:50:06 - 0:25:01 - Epoch 776: train_loss=0.3068046271800995, train_acc= 89.80%
INFO - 09/13/26 23:50:06 - 0:25:01 - Epoch 777: train_loss=0.30359360575675964, train_acc= 89.99%
INFO - 09/13/26 23:50:06 - 0:25:02 - Epoch 778: train_loss=0.3049638867378235, train_acc= 89.96%
INFO - 09/13/26 23:50:06 - 0:25:02 - Epoch 779: train_loss=0.3117411136627197, train_acc= 89.70%
INFO - 09/13/26 23:50:06 - 0:25:02 - Epoch 780: train_loss=0.3103211224079132, train_acc= 89.79%
INFO - 09/13/26 23:50:07 - 0:25:02 - Epoch 780: val_loss=0.5058534145355225, val_acc= 85.04%,val_weighted_f1= 85.00,val_macro_f1= 83.12%
EarlyStopping counter: 14 out of 15
INFO - 09/13/26 23:50:07 - 0:25:02 - Epoch 781: train_loss=0.3058314919471741, train_acc= 89.94%
INFO - 09/13/26 23:50:07 - 0:25:02 - Epoch 782: train_loss=0.312090665102005, train_acc= 89.77%
INFO - 09/13/26 23:50:07 - 0:25:03 - Epoch 783: train_loss=0.312154620885849, train_acc= 89.69%
INFO - 09/13/26 23:50:07 - 0:25:03 - Epoch 784: train_loss=0.3088361620903015, train_acc= 89.66%
INFO - 09/13/26 23:50:08 - 0:25:03 - Epoch 785: train_loss=0.30878543853759766, train_acc= 89.79%
INFO - 09/13/26 23:50:08 - 0:25:03 - Epoch 785: val_loss=0.5094141960144043, val_acc= 85.04%,val_weighted_f1= 85.03,val_macro_f1= 83.02%
EarlyStopping counter: 15 out of 15
---------Early stopping--------
INFO - 09/13/26 23:50:08 - 0:25:03 - --------------Testing--------------------
INFO - 09/13/26 23:50:08 - 0:25:03 - --------------Loading from ./checkpoints/NC_WikiCS_model.pt--------------------
INFO - 09/13/26 23:50:08 - 0:25:03 - test_acc= 84.19%, weighted_f1= 84.11,macro_f1= 81.97%
INFO - 09/13/26 23:50:08 - 0:25:03 - test_acc= 84.19%, weighted_f1= 84.11,macro_f1= 81.97%
INFO - 09/13/26 23:50:08 - 0:25:03 - Epoch 0: train_loss=2.5956802368164062, train_acc= 9.97%
INFO - 09/13/26 23:50:08 - 0:25:04 - Epoch 0: val_loss=2.481358289718628, val_acc= 17.52%,val_weighted_f1= 5.57,val_macro_f1= 3.46%
INFO - 09/13/26 23:50:08 - 0:25:04 - Epoch 1: train_loss=2.500981092453003, train_acc= 12.02%
INFO - 09/13/26 23:50:08 - 0:25:04 - Epoch 2: train_loss=2.419147491455078, train_acc= 13.10%
INFO - 09/13/26 23:50:09 - 0:25:04 - Epoch 3: train_loss=2.3430371284484863, train_acc= 14.29%
INFO - 09/13/26 23:50:09 - 0:25:04 - Epoch 4: train_loss=2.2746174335479736, train_acc= 16.64%
INFO - 09/13/26 23:50:09 - 0:25:05 - Epoch 5: train_loss=2.2213733196258545, train_acc= 19.01%
INFO - 09/13/26 23:50:09 - 0:25:05 - Epoch 5: val_loss=2.153691053390503, val_acc= 23.72%,val_weighted_f1= 13.93,val_macro_f1= 6.98%
INFO - 09/13/26 23:50:09 - 0:25:05 - Epoch 6: train_loss=2.1744351387023926, train_acc= 22.82%
INFO - 09/13/26 23:50:09 - 0:25:05 - Epoch 7: train_loss=2.135636329650879, train_acc= 24.51%
INFO - 09/13/26 23:50:10 - 0:25:05 - Epoch 8: train_loss=2.1071505546569824, train_acc= 25.72%
INFO - 09/13/26 23:50:10 - 0:25:05 - Epoch 9: train_loss=2.0827691555023193, train_acc= 26.83%
INFO - 09/13/26 23:50:10 - 0:25:06 - Epoch 10: train_loss=2.0647995471954346, train_acc= 27.39%
INFO - 09/13/26 23:50:10 - 0:25:06 - Epoch 10: val_loss=2.0471184253692627, val_acc= 27.69%,val_weighted_f1= 16.55,val_macro_f1= 8.29%
INFO - 09/13/26 23:50:10 - 0:25:06 - Epoch 11: train_loss=2.0493361949920654, train_acc= 28.59%
INFO - 09/13/26 23:50:11 - 0:25:06 - Epoch 12: train_loss=2.037083387374878, train_acc= 29.33%
INFO - 09/13/26 23:50:11 - 0:25:06 - Epoch 13: train_loss=2.0260050296783447, train_acc= 30.18%
INFO - 09/13/26 23:50:11 - 0:25:07 - Epoch 14: train_loss=2.0178842544555664, train_acc= 29.70%
INFO - 09/13/26 23:50:11 - 0:25:07 - Epoch 15: train_loss=2.004046678543091, train_acc= 31.38%
INFO - 09/13/26 23:50:11 - 0:25:07 - Epoch 15: val_loss=1.998140573501587, val_acc= 29.36%,val_weighted_f1= 18.83,val_macro_f1= 9.57%
INFO - 09/13/26 23:50:11 - 0:25:07 - Epoch 16: train_loss=1.9985408782958984, train_acc= 31.36%
INFO - 09/13/26 23:50:12 - 0:25:07 - Epoch 17: train_loss=1.9879251718521118, train_acc= 32.46%
INFO - 09/13/26 23:50:12 - 0:25:07 - Epoch 18: train_loss=1.9795095920562744, train_acc= 33.37%
INFO - 09/13/26 23:50:12 - 0:25:08 - Epoch 19: train_loss=1.968773603439331, train_acc= 34.18%
INFO - 09/13/26 23:50:12 - 0:25:08 - Epoch 20: train_loss=1.9558780193328857, train_acc= 35.69%
INFO - 09/13/26 23:50:12 - 0:25:08 - Epoch 20: val_loss=1.9479652643203735, val_acc= 36.62%,val_weighted_f1= 27.97,val_macro_f1= 14.67%
INFO - 09/13/26 23:50:13 - 0:25:08 - Epoch 21: train_loss=1.9489843845367432, train_acc= 35.94%
INFO - 09/13/26 23:50:13 - 0:25:08 - Epoch 22: train_loss=1.9433434009552002, train_acc= 36.26%
INFO - 09/13/26 23:50:13 - 0:25:08 - Epoch 23: train_loss=1.9295058250427246, train_acc= 37.33%
INFO - 09/13/26 23:50:13 - 0:25:09 - Epoch 24: train_loss=1.9205244779586792, train_acc= 37.63%
INFO - 09/13/26 23:50:13 - 0:25:09 - Epoch 25: train_loss=1.9119833707809448, train_acc= 38.01%
INFO - 09/13/26 23:50:13 - 0:25:09 - Epoch 25: val_loss=1.8941489458084106, val_acc= 38.55%,val_weighted_f1= 30.20,val_macro_f1= 16.18%
INFO - 09/13/26 23:50:14 - 0:25:09 - Epoch 26: train_loss=1.9013298749923706, train_acc= 38.27%
INFO - 09/13/26 23:50:14 - 0:25:09 - Epoch 27: train_loss=1.8887919187545776, train_acc= 38.56%
INFO - 09/13/26 23:50:14 - 0:25:10 - Epoch 28: train_loss=1.878491759300232, train_acc= 38.43%
INFO - 09/13/26 23:50:14 - 0:25:10 - Epoch 29: train_loss=1.8687926530838013, train_acc= 39.07%
INFO - 09/13/26 23:50:14 - 0:25:10 - Epoch 30: train_loss=1.860724687576294, train_acc= 39.47%
INFO - 09/13/26 23:50:14 - 0:25:10 - Epoch 30: val_loss=1.837856650352478, val_acc= 39.36%,val_weighted_f1= 31.14,val_macro_f1= 16.92%
INFO - 09/13/26 23:50:15 - 0:25:10 - Epoch 31: train_loss=1.844066858291626, train_acc= 40.12%
INFO - 09/13/26 23:50:15 - 0:25:10 - Epoch 32: train_loss=1.8365627527236938, train_acc= 40.89%
INFO - 09/13/26 23:50:15 - 0:25:11 - Epoch 33: train_loss=1.8263171911239624, train_acc= 40.92%
INFO - 09/13/26 23:50:15 - 0:25:11 - Epoch 34: train_loss=1.8131722211837769, train_acc= 42.24%
INFO - 09/13/26 23:50:15 - 0:25:11 - Epoch 35: train_loss=1.8060603141784668, train_acc= 42.32%
INFO - 09/13/26 23:50:16 - 0:25:11 - Epoch 35: val_loss=1.7770200967788696, val_acc= 44.32%,val_weighted_f1= 36.21,val_macro_f1= 20.08%
INFO - 09/13/26 23:50:16 - 0:25:11 - Epoch 36: train_loss=1.7891569137573242, train_acc= 43.75%
INFO - 09/13/26 23:50:16 - 0:25:12 - Epoch 37: train_loss=1.779261589050293, train_acc= 44.72%
INFO - 09/13/26 23:50:16 - 0:25:12 - Epoch 38: train_loss=1.7657055854797363, train_acc= 45.48%
INFO - 09/13/26 23:50:16 - 0:25:12 - Epoch 39: train_loss=1.7529873847961426, train_acc= 46.70%
INFO - 09/13/26 23:50:17 - 0:25:12 - Epoch 40: train_loss=1.740481972694397, train_acc= 46.50%
INFO - 09/13/26 23:50:17 - 0:25:12 - Epoch 40: val_loss=1.712727427482605, val_acc= 47.95%,val_weighted_f1= 39.62,val_macro_f1= 22.52%
INFO - 09/13/26 23:50:17 - 0:25:12 - Epoch 41: train_loss=1.7309155464172363, train_acc= 47.19%
INFO - 09/13/26 23:50:17 - 0:25:13 - Epoch 42: train_loss=1.7166770696640015, train_acc= 47.86%
INFO - 09/13/26 23:50:17 - 0:25:13 - Epoch 43: train_loss=1.7071607112884521, train_acc= 48.92%
INFO - 09/13/26 23:50:17 - 0:25:13 - Epoch 44: train_loss=1.6917754411697388, train_acc= 48.98%
INFO - 09/13/26 23:50:18 - 0:25:13 - Epoch 45: train_loss=1.680808663368225, train_acc= 49.99%
INFO - 09/13/26 23:50:18 - 0:25:13 - Epoch 45: val_loss=1.644959807395935, val_acc= 51.37%,val_weighted_f1= 42.75,val_macro_f1= 24.56%
INFO - 09/13/26 23:50:18 - 0:25:13 - Epoch 46: train_loss=1.6667684316635132, train_acc= 50.31%
INFO - 09/13/26 23:50:18 - 0:25:14 - Epoch 47: train_loss=1.655152678489685, train_acc= 50.55%
INFO - 09/13/26 23:50:18 - 0:25:14 - Epoch 48: train_loss=1.6348111629486084, train_acc= 51.02%
INFO - 09/13/26 23:50:18 - 0:25:14 - Epoch 49: train_loss=1.6257046461105347, train_acc= 51.65%
INFO - 09/13/26 23:50:19 - 0:25:14 - Epoch 50: train_loss=1.6110830307006836, train_acc= 52.37%
INFO - 09/13/26 23:50:19 - 0:25:14 - Epoch 50: val_loss=1.5715491771697998, val_acc= 53.46%,val_weighted_f1= 44.46,val_macro_f1= 25.63%
INFO - 09/13/26 23:50:19 - 0:25:15 - Epoch 51: train_loss=1.595139503479004, train_acc= 52.17%
INFO - 09/13/26 23:50:19 - 0:25:15 - Epoch 52: train_loss=1.5819236040115356, train_acc= 52.37%
INFO - 09/13/26 23:50:19 - 0:25:15 - Epoch 53: train_loss=1.5654748678207397, train_acc= 53.10%
INFO - 09/13/26 23:50:20 - 0:25:15 - Epoch 54: train_loss=1.550079107284546, train_acc= 52.90%
INFO - 09/13/26 23:50:20 - 0:25:15 - Epoch 55: train_loss=1.539778232574463, train_acc= 53.35%
INFO - 09/13/26 23:50:20 - 0:25:15 - Epoch 55: val_loss=1.4929922819137573, val_acc= 54.83%,val_weighted_f1= 45.50,val_macro_f1= 26.43%
INFO - 09/13/26 23:50:20 - 0:25:16 - Epoch 56: train_loss=1.5223544836044312, train_acc= 53.64%
INFO - 09/13/26 23:50:20 - 0:25:16 - Epoch 57: train_loss=1.504056692123413, train_acc= 53.92%
INFO - 09/13/26 23:50:20 - 0:25:16 - Epoch 58: train_loss=1.4947969913482666, train_acc= 54.34%
INFO - 09/13/26 23:50:21 - 0:25:16 - Epoch 59: train_loss=1.4744380712509155, train_acc= 54.38%
INFO - 09/13/26 23:50:21 - 0:25:16 - Epoch 60: train_loss=1.4655112028121948, train_acc= 54.47%
INFO - 09/13/26 23:50:21 - 0:25:16 - Epoch 60: val_loss=1.4133003950119019, val_acc= 55.81%,val_weighted_f1= 46.31,val_macro_f1= 26.86%
INFO - 09/13/26 23:50:21 - 0:25:17 - Epoch 61: train_loss=1.4412716627120972, train_acc= 55.19%
INFO - 09/13/26 23:50:21 - 0:25:17 - Epoch 62: train_loss=1.4327245950698853, train_acc= 55.03%
INFO - 09/13/26 23:50:22 - 0:25:17 - Epoch 63: train_loss=1.413628101348877, train_acc= 55.45%
INFO - 09/13/26 23:50:22 - 0:25:17 - Epoch 64: train_loss=1.3984867334365845, train_acc= 55.78%
INFO - 09/13/26 23:50:22 - 0:25:17 - Epoch 65: train_loss=1.3839040994644165, train_acc= 55.97%
INFO - 09/13/26 23:50:22 - 0:25:18 - Epoch 65: val_loss=1.3347896337509155, val_acc= 56.71%,val_weighted_f1= 47.44,val_macro_f1= 28.07%
INFO - 09/13/26 23:50:22 - 0:25:18 - Epoch 66: train_loss=1.3723986148834229, train_acc= 56.53%
INFO - 09/13/26 23:50:22 - 0:25:18 - Epoch 67: train_loss=1.353596806526184, train_acc= 56.25%
INFO - 09/13/26 23:50:23 - 0:25:18 - Epoch 68: train_loss=1.340113878250122, train_acc= 56.53%
INFO - 09/13/26 23:50:23 - 0:25:18 - Epoch 69: train_loss=1.3215714693069458, train_acc= 57.37%
INFO - 09/13/26 23:50:23 - 0:25:19 - Epoch 70: train_loss=1.311972975730896, train_acc= 57.47%
INFO - 09/13/26 23:50:23 - 0:25:19 - Epoch 70: val_loss=1.258885383605957, val_acc= 57.99%,val_weighted_f1= 49.34,val_macro_f1= 30.27%
INFO - 09/13/26 23:50:23 - 0:25:19 - Epoch 71: train_loss=1.2961795330047607, train_acc= 58.00%
INFO - 09/13/26 23:50:23 - 0:25:19 - Epoch 72: train_loss=1.2824636697769165, train_acc= 57.98%
INFO - 09/13/26 23:50:24 - 0:25:19 - Epoch 73: train_loss=1.2727643251419067, train_acc= 58.40%
INFO - 09/13/26 23:50:24 - 0:25:19 - Epoch 74: train_loss=1.2591084241867065, train_acc= 58.84%
INFO - 09/13/26 23:50:24 - 0:25:20 - Epoch 75: train_loss=1.2477636337280273, train_acc= 59.14%
INFO - 09/13/26 23:50:24 - 0:25:20 - Epoch 75: val_loss=1.1889711618423462, val_acc= 59.66%,val_weighted_f1= 52.00,val_macro_f1= 33.35%
INFO - 09/13/26 23:50:24 - 0:25:20 - Epoch 76: train_loss=1.2309356927871704, train_acc= 59.34%
INFO - 09/13/26 23:50:25 - 0:25:20 - Epoch 77: train_loss=1.2231342792510986, train_acc= 59.79%
INFO - 09/13/26 23:50:25 - 0:25:20 - Epoch 78: train_loss=1.2071967124938965, train_acc= 60.18%
INFO - 09/13/26 23:50:25 - 0:25:21 - Epoch 79: train_loss=1.195217490196228, train_acc= 60.25%
INFO - 09/13/26 23:50:25 - 0:25:21 - Epoch 80: train_loss=1.1774555444717407, train_acc= 61.00%
INFO - 09/13/26 23:50:25 - 0:25:21 - Epoch 80: val_loss=1.1254099607467651, val_acc= 61.71%,val_weighted_f1= 55.24,val_macro_f1= 37.25%
INFO - 09/13/26 23:50:25 - 0:25:21 - Epoch 81: train_loss=1.1719043254852295, train_acc= 61.07%
INFO - 09/13/26 23:50:26 - 0:25:21 - Epoch 82: train_loss=1.1608985662460327, train_acc= 61.19%
INFO - 09/13/26 23:50:26 - 0:25:21 - Epoch 83: train_loss=1.1486350297927856, train_acc= 62.27%
INFO - 09/13/26 23:50:26 - 0:25:22 - Epoch 84: train_loss=1.1367727518081665, train_acc= 62.40%
INFO - 09/13/26 23:50:26 - 0:25:22 - Epoch 85: train_loss=1.1237331628799438, train_acc= 63.22%
INFO - 09/13/26 23:50:26 - 0:25:22 - Epoch 85: val_loss=1.0685319900512695, val_acc= 64.23%,val_weighted_f1= 58.82,val_macro_f1= 41.49%
INFO - 09/13/26 23:50:26 - 0:25:22 - Epoch 86: train_loss=1.1120127439498901, train_acc= 63.55%
INFO - 09/13/26 23:50:27 - 0:25:22 - Epoch 87: train_loss=1.0992056131362915, train_acc= 63.87%
INFO - 09/13/26 23:50:27 - 0:25:22 - Epoch 88: train_loss=1.0965973138809204, train_acc= 63.77%
INFO - 09/13/26 23:50:27 - 0:25:23 - Epoch 89: train_loss=1.085697889328003, train_acc= 63.95%
INFO - 09/13/26 23:50:27 - 0:25:23 - Epoch 90: train_loss=1.0761220455169678, train_acc= 64.73%
INFO - 09/13/26 23:50:27 - 0:25:23 - Epoch 90: val_loss=1.0169727802276611, val_acc= 66.03%,val_weighted_f1= 61.40,val_macro_f1= 45.03%
INFO - 09/13/26 23:50:28 - 0:25:23 - Epoch 91: train_loss=1.064001441001892, train_acc= 64.85%
INFO - 09/13/26 23:50:28 - 0:25:23 - Epoch 92: train_loss=1.0600028038024902, train_acc= 65.22%
INFO - 09/13/26 23:50:28 - 0:25:24 - Epoch 93: train_loss=1.0504692792892456, train_acc= 65.67%
INFO - 09/13/26 23:50:28 - 0:25:24 - Epoch 94: train_loss=1.0386403799057007, train_acc= 65.97%
INFO - 09/13/26 23:50:28 - 0:25:24 - Epoch 95: train_loss=1.0328989028930664, train_acc= 65.99%
INFO - 09/13/26 23:50:28 - 0:25:24 - Epoch 95: val_loss=0.972069263458252, val_acc= 67.39%,val_weighted_f1= 63.32,val_macro_f1= 47.39%
INFO - 09/13/26 23:50:29 - 0:25:24 - Epoch 96: train_loss=1.020581841468811, train_acc= 66.39%
INFO - 09/13/26 23:50:29 - 0:25:24 - Epoch 97: train_loss=1.0109996795654297, train_acc= 66.73%
INFO - 09/13/26 23:50:29 - 0:25:25 - Epoch 98: train_loss=1.0045723915100098, train_acc= 66.98%
INFO - 09/13/26 23:50:29 - 0:25:25 - Epoch 99: train_loss=0.9923843145370483, train_acc= 67.24%
INFO - 09/13/26 23:50:29 - 0:25:25 - Epoch 100: train_loss=0.9838486909866333, train_acc= 67.74%
INFO - 09/13/26 23:50:30 - 0:25:25 - Epoch 100: val_loss=0.9313346147537231, val_acc= 68.97%,val_weighted_f1= 65.43,val_macro_f1= 50.22%
INFO - 09/13/26 23:50:30 - 0:25:25 - Epoch 101: train_loss=0.9843859672546387, train_acc= 68.10%
INFO - 09/13/26 23:50:30 - 0:25:26 - Epoch 102: train_loss=0.9766923189163208, train_acc= 68.05%
INFO - 09/13/26 23:50:30 - 0:25:26 - Epoch 103: train_loss=0.9675233364105225, train_acc= 68.86%
INFO - 09/13/26 23:50:30 - 0:25:26 - Epoch 104: train_loss=0.9570841193199158, train_acc= 68.89%
INFO - 09/13/26 23:50:31 - 0:25:26 - Epoch 105: train_loss=0.9475728273391724, train_acc= 68.94%
INFO - 09/13/26 23:50:31 - 0:25:26 - Epoch 105: val_loss=0.8940350413322449, val_acc= 70.47%,val_weighted_f1= 67.48,val_macro_f1= 53.53%
INFO - 09/13/26 23:50:31 - 0:25:26 - Epoch 106: train_loss=0.9423373937606812, train_acc= 68.96%
INFO - 09/13/26 23:50:31 - 0:25:27 - Epoch 107: train_loss=0.9357019066810608, train_acc= 69.31%
INFO - 09/13/26 23:50:31 - 0:25:27 - Epoch 108: train_loss=0.9283956289291382, train_acc= 69.86%
INFO - 09/13/26 23:50:31 - 0:25:27 - Epoch 109: train_loss=0.9230384230613708, train_acc= 69.90%
INFO - 09/13/26 23:50:32 - 0:25:27 - Epoch 110: train_loss=0.9156090617179871, train_acc= 70.19%
INFO - 09/13/26 23:50:32 - 0:25:27 - Epoch 110: val_loss=0.861522912979126, val_acc= 72.22%,val_weighted_f1= 70.08,val_macro_f1= 58.42%
INFO - 09/13/26 23:50:32 - 0:25:27 - Epoch 111: train_loss=0.9079986810684204, train_acc= 70.45%
INFO - 09/13/26 23:50:32 - 0:25:28 - Epoch 112: train_loss=0.8986513614654541, train_acc= 70.74%
INFO - 09/13/26 23:50:32 - 0:25:28 - Epoch 113: train_loss=0.8903881311416626, train_acc= 70.72%
INFO - 09/13/26 23:50:33 - 0:25:28 - Epoch 114: train_loss=0.8849374651908875, train_acc= 71.16%
INFO - 09/13/26 23:50:33 - 0:25:28 - Epoch 115: train_loss=0.8804072737693787, train_acc= 71.14%
INFO - 09/13/26 23:50:33 - 0:25:28 - Epoch 115: val_loss=0.8315273523330688, val_acc= 73.89%,val_weighted_f1= 72.42,val_macro_f1= 62.97%
INFO - 09/13/26 23:50:33 - 0:25:29 - Epoch 116: train_loss=0.8807306885719299, train_acc= 71.21%
INFO - 09/13/26 23:50:33 - 0:25:29 - Epoch 117: train_loss=0.8708828687667847, train_acc= 71.93%
INFO - 09/13/26 23:50:33 - 0:25:29 - Epoch 118: train_loss=0.8621941208839417, train_acc= 72.20%
INFO - 09/13/26 23:50:34 - 0:25:29 - Epoch 119: train_loss=0.8569502830505371, train_acc= 72.48%
INFO - 09/13/26 23:50:34 - 0:25:29 - Epoch 120: train_loss=0.8613891005516052, train_acc= 72.25%
INFO - 09/13/26 23:50:34 - 0:25:29 - Epoch 120: val_loss=0.8057997226715088, val_acc= 74.40%,val_weighted_f1= 73.28,val_macro_f1= 65.03%
INFO - 09/13/26 23:50:34 - 0:25:30 - Epoch 121: train_loss=0.8497421145439148, train_acc= 72.72%
INFO - 09/13/26 23:50:34 - 0:25:30 - Epoch 122: train_loss=0.8428584933280945, train_acc= 73.17%
INFO - 09/13/26 23:50:35 - 0:25:30 - Epoch 123: train_loss=0.8389246463775635, train_acc= 72.92%
INFO - 09/13/26 23:50:35 - 0:25:30 - Epoch 124: train_loss=0.8289051055908203, train_acc= 73.54%
INFO - 09/13/26 23:50:35 - 0:25:30 - Epoch 125: train_loss=0.8254881501197815, train_acc= 73.66%
INFO - 09/13/26 23:50:35 - 0:25:30 - Epoch 125: val_loss=0.7834250926971436, val_acc= 75.43%,val_weighted_f1= 74.58,val_macro_f1= 67.29%
INFO - 09/13/26 23:50:35 - 0:25:31 - Epoch 126: train_loss=0.8235936164855957, train_acc= 73.47%
INFO - 09/13/26 23:50:35 - 0:25:31 - Epoch 127: train_loss=0.8186172246932983, train_acc= 73.99%
INFO - 09/13/26 23:50:36 - 0:25:31 - Epoch 128: train_loss=0.8101043105125427, train_acc= 74.06%
INFO - 09/13/26 23:50:36 - 0:25:31 - Epoch 129: train_loss=0.8038095831871033, train_acc= 74.18%
INFO - 09/13/26 23:50:36 - 0:25:31 - Epoch 130: train_loss=0.8028219938278198, train_acc= 74.28%
INFO - 09/13/26 23:50:36 - 0:25:32 - Epoch 130: val_loss=0.759548008441925, val_acc= 76.07%,val_weighted_f1= 75.46,val_macro_f1= 69.39%
INFO - 09/13/26 23:50:36 - 0:25:32 - Epoch 131: train_loss=0.7942742109298706, train_acc= 74.62%
INFO - 09/13/26 23:50:36 - 0:25:32 - Epoch 132: train_loss=0.7976117730140686, train_acc= 74.85%
INFO - 09/13/26 23:50:37 - 0:25:32 - Epoch 133: train_loss=0.7857558727264404, train_acc= 75.07%
INFO - 09/13/26 23:50:37 - 0:25:32 - Epoch 134: train_loss=0.7867177724838257, train_acc= 74.52%
INFO - 09/13/26 23:50:37 - 0:25:33 - Epoch 135: train_loss=0.7771481275558472, train_acc= 75.46%
INFO - 09/13/26 23:50:37 - 0:25:33 - Epoch 135: val_loss=0.743573784828186, val_acc= 76.62%,val_weighted_f1= 76.12,val_macro_f1= 70.64%
INFO - 09/13/26 23:50:37 - 0:25:33 - Epoch 136: train_loss=0.7786393165588379, train_acc= 74.92%
INFO - 09/13/26 23:50:38 - 0:25:33 - Epoch 137: train_loss=0.7749949097633362, train_acc= 75.45%
INFO - 09/13/26 23:50:38 - 0:25:33 - Epoch 138: train_loss=0.7693624496459961, train_acc= 75.25%
INFO - 09/13/26 23:50:38 - 0:25:33 - Epoch 139: train_loss=0.7589641213417053, train_acc= 75.94%
INFO - 09/13/26 23:50:38 - 0:25:34 - Epoch 140: train_loss=0.7614869475364685, train_acc= 76.14%
INFO - 09/13/26 23:50:38 - 0:25:34 - Epoch 140: val_loss=0.7264879941940308, val_acc= 77.22%,val_weighted_f1= 76.90,val_macro_f1= 72.18%
INFO - 09/13/26 23:50:38 - 0:25:34 - Epoch 141: train_loss=0.7589495182037354, train_acc= 75.92%
INFO - 09/13/26 23:50:39 - 0:25:34 - Epoch 142: train_loss=0.7529633641242981, train_acc= 75.82%
INFO - 09/13/26 23:50:39 - 0:25:34 - Epoch 143: train_loss=0.7504256963729858, train_acc= 76.13%
INFO - 09/13/26 23:50:39 - 0:25:34 - Epoch 144: train_loss=0.7410250306129456, train_acc= 76.04%
INFO - 09/13/26 23:50:39 - 0:25:35 - Epoch 145: train_loss=0.7460311651229858, train_acc= 75.93%
INFO - 09/13/26 23:50:39 - 0:25:35 - Epoch 145: val_loss=0.7124395370483398, val_acc= 77.65%,val_weighted_f1= 77.34,val_macro_f1= 72.82%
INFO - 09/13/26 23:50:40 - 0:25:35 - Epoch 146: train_loss=0.7373451590538025, train_acc= 76.57%
INFO - 09/13/26 23:50:40 - 0:25:35 - Epoch 147: train_loss=0.7376739978790283, train_acc= 76.46%
INFO - 09/13/26 23:50:40 - 0:25:35 - Epoch 148: train_loss=0.7260717749595642, train_acc= 76.41%
INFO - 09/13/26 23:50:40 - 0:25:36 - Epoch 149: train_loss=0.7266585230827332, train_acc= 76.51%
INFO - 09/13/26 23:50:40 - 0:25:36 - Epoch 150: train_loss=0.7254579067230225, train_acc= 76.95%
INFO - 09/13/26 23:50:40 - 0:25:36 - Epoch 150: val_loss=0.6972820162773132, val_acc= 78.33%,val_weighted_f1= 78.10,val_macro_f1= 73.91%
INFO - 09/13/26 23:50:41 - 0:25:36 - Epoch 151: train_loss=0.7265745401382446, train_acc= 76.77%
INFO - 09/13/26 23:50:41 - 0:25:36 - Epoch 152: train_loss=0.7154741883277893, train_acc= 77.01%
INFO - 09/13/26 23:50:41 - 0:25:36 - Epoch 153: train_loss=0.7165026664733887, train_acc= 77.01%
INFO - 09/13/26 23:50:41 - 0:25:37 - Epoch 154: train_loss=0.7168849110603333, train_acc= 76.98%
INFO - 09/13/26 23:50:41 - 0:25:37 - Epoch 155: train_loss=0.7074248194694519, train_acc= 77.10%
INFO - 09/13/26 23:50:41 - 0:25:37 - Epoch 155: val_loss=0.6854886412620544, val_acc= 78.85%,val_weighted_f1= 78.65,val_macro_f1= 74.65%
INFO - 09/13/26 23:50:42 - 0:25:37 - Epoch 156: train_loss=0.7086712121963501, train_acc= 77.25%
INFO - 09/13/26 23:50:42 - 0:25:37 - Epoch 157: train_loss=0.700345516204834, train_acc= 77.67%
INFO - 09/13/26 23:50:42 - 0:25:38 - Epoch 158: train_loss=0.7014603614807129, train_acc= 77.45%
INFO - 09/13/26 23:50:42 - 0:25:38 - Epoch 159: train_loss=0.6934846043586731, train_acc= 77.95%
INFO - 09/13/26 23:50:42 - 0:25:38 - Epoch 160: train_loss=0.6891822218894958, train_acc= 78.04%
INFO - 09/13/26 23:50:43 - 0:25:38 - Epoch 160: val_loss=0.6725667715072632, val_acc= 79.10%,val_weighted_f1= 78.90,val_macro_f1= 74.91%
INFO - 09/13/26 23:50:43 - 0:25:38 - Epoch 161: train_loss=0.6946927309036255, train_acc= 77.61%
INFO - 09/13/26 23:50:43 - 0:25:38 - Epoch 162: train_loss=0.6818963289260864, train_acc= 78.42%
INFO - 09/13/26 23:50:43 - 0:25:39 - Epoch 163: train_loss=0.6899374127388, train_acc= 78.45%
INFO - 09/13/26 23:50:43 - 0:25:39 - Epoch 164: train_loss=0.6879174709320068, train_acc= 77.65%
INFO - 09/13/26 23:50:44 - 0:25:39 - Epoch 165: train_loss=0.682119607925415, train_acc= 78.19%
INFO - 09/13/26 23:50:44 - 0:25:39 - Epoch 165: val_loss=0.6621910929679871, val_acc= 79.23%,val_weighted_f1= 79.11,val_macro_f1= 75.33%
INFO - 09/13/26 23:50:44 - 0:25:39 - Epoch 166: train_loss=0.6754381060600281, train_acc= 78.46%
INFO - 09/13/26 23:50:44 - 0:25:39 - Epoch 167: train_loss=0.6724574565887451, train_acc= 78.31%
INFO - 09/13/26 23:50:44 - 0:25:40 - Epoch 168: train_loss=0.6667471528053284, train_acc= 78.75%
INFO - 09/13/26 23:50:44 - 0:25:40 - Epoch 169: train_loss=0.6726323962211609, train_acc= 77.98%
INFO - 09/13/26 23:50:45 - 0:25:40 - Epoch 170: train_loss=0.667958676815033, train_acc= 78.79%
INFO - 09/13/26 23:50:45 - 0:25:40 - Epoch 170: val_loss=0.6539895534515381, val_acc= 79.36%,val_weighted_f1= 79.26,val_macro_f1= 75.68%
INFO - 09/13/26 23:50:45 - 0:25:40 - Epoch 171: train_loss=0.6609346270561218, train_acc= 78.74%
INFO - 09/13/26 23:50:45 - 0:25:41 - Epoch 172: train_loss=0.6634010672569275, train_acc= 78.44%
INFO - 09/13/26 23:50:45 - 0:25:41 - Epoch 173: train_loss=0.6650822758674622, train_acc= 78.82%
INFO - 09/13/26 23:50:45 - 0:25:41 - Epoch 174: train_loss=0.6622086763381958, train_acc= 78.89%
INFO - 09/13/26 23:50:46 - 0:25:41 - Epoch 175: train_loss=0.6559288501739502, train_acc= 79.03%
INFO - 09/13/26 23:50:46 - 0:25:41 - Epoch 175: val_loss=0.6466243267059326, val_acc= 79.83%,val_weighted_f1= 79.71,val_macro_f1= 75.94%
INFO - 09/13/26 23:50:46 - 0:25:41 - Epoch 176: train_loss=0.650693416595459, train_acc= 78.62%
INFO - 09/13/26 23:50:46 - 0:25:42 - Epoch 177: train_loss=0.6528140902519226, train_acc= 78.78%
INFO - 09/13/26 23:50:46 - 0:25:42 - Epoch 178: train_loss=0.653788149356842, train_acc= 79.05%
INFO - 09/13/26 23:50:47 - 0:25:42 - Epoch 179: train_loss=0.646241307258606, train_acc= 79.16%
INFO - 09/13/26 23:50:47 - 0:25:42 - Epoch 180: train_loss=0.6447368860244751, train_acc= 79.05%
INFO - 09/13/26 23:50:47 - 0:25:42 - Epoch 180: val_loss=0.6378735303878784, val_acc= 80.09%,val_weighted_f1= 79.98,val_macro_f1= 76.47%
INFO - 09/13/26 23:50:47 - 0:25:43 - Epoch 181: train_loss=0.641086757183075, train_acc= 79.03%
INFO - 09/13/26 23:50:47 - 0:25:43 - Epoch 182: train_loss=0.6437578201293945, train_acc= 78.99%
INFO - 09/13/26 23:50:47 - 0:25:43 - Epoch 183: train_loss=0.6393890976905823, train_acc= 79.21%
INFO - 09/13/26 23:50:48 - 0:25:43 - Epoch 184: train_loss=0.6424850225448608, train_acc= 79.32%
INFO - 09/13/26 23:50:48 - 0:25:43 - Epoch 185: train_loss=0.637553870677948, train_acc= 79.32%
INFO - 09/13/26 23:50:48 - 0:25:43 - Epoch 185: val_loss=0.632286787033081, val_acc= 80.17%,val_weighted_f1= 80.12,val_macro_f1= 76.67%
INFO - 09/13/26 23:50:48 - 0:25:44 - Epoch 186: train_loss=0.6361921429634094, train_acc= 79.42%
INFO - 09/13/26 23:50:48 - 0:25:44 - Epoch 187: train_loss=0.6343481540679932, train_acc= 79.58%
INFO - 09/13/26 23:50:49 - 0:25:44 - Epoch 188: train_loss=0.6337510347366333, train_acc= 79.05%
INFO - 09/13/26 23:50:49 - 0:25:44 - Epoch 189: train_loss=0.6323935985565186, train_acc= 79.50%
INFO - 09/13/26 23:50:49 - 0:25:44 - Epoch 190: train_loss=0.6270653009414673, train_acc= 79.80%
INFO - 09/13/26 23:50:49 - 0:25:44 - Epoch 190: val_loss=0.6276199221611023, val_acc= 79.96%,val_weighted_f1= 79.91,val_macro_f1= 76.53%
EarlyStopping counter: 1 out of 15
INFO - 09/13/26 23:50:49 - 0:25:45 - Epoch 191: train_loss=0.6247065663337708, train_acc= 79.83%
INFO - 09/13/26 23:50:49 - 0:25:45 - Epoch 192: train_loss=0.6296857595443726, train_acc= 79.77%
INFO - 09/13/26 23:50:50 - 0:25:45 - Epoch 193: train_loss=0.6218538880348206, train_acc= 79.75%
INFO - 09/13/26 23:50:50 - 0:25:45 - Epoch 194: train_loss=0.6206488609313965, train_acc= 79.85%
INFO - 09/13/26 23:50:50 - 0:25:45 - Epoch 195: train_loss=0.6174038052558899, train_acc= 79.72%
INFO - 09/13/26 23:50:50 - 0:25:46 - Epoch 195: val_loss=0.620969295501709, val_acc= 80.09%,val_weighted_f1= 80.01,val_macro_f1= 76.56%
EarlyStopping counter: 2 out of 15
INFO - 09/13/26 23:50:50 - 0:25:46 - Epoch 196: train_loss=0.6200476288795471, train_acc= 79.85%
INFO - 09/13/26 23:50:50 - 0:25:46 - Epoch 197: train_loss=0.616488516330719, train_acc= 79.95%
INFO - 09/13/26 23:50:51 - 0:25:46 - Epoch 198: train_loss=0.617957592010498, train_acc= 79.93%
INFO - 09/13/26 23:50:51 - 0:25:46 - Epoch 199: train_loss=0.6127500534057617, train_acc= 80.29%
INFO - 09/13/26 23:50:51 - 0:25:47 - Epoch 200: train_loss=0.6133818626403809, train_acc= 79.92%
INFO - 09/13/26 23:50:51 - 0:25:47 - Epoch 200: val_loss=0.6143072843551636, val_acc= 80.34%,val_weighted_f1= 80.30,val_macro_f1= 76.90%
INFO - 09/13/26 23:50:51 - 0:25:47 - Epoch 201: train_loss=0.6100409626960754, train_acc= 80.39%
INFO - 09/13/26 23:50:52 - 0:25:47 - Epoch 202: train_loss=0.6071531772613525, train_acc= 80.29%
INFO - 09/13/26 23:50:52 - 0:25:47 - Epoch 203: train_loss=0.6086583733558655, train_acc= 80.22%
INFO - 09/13/26 23:50:52 - 0:25:47 - Epoch 204: train_loss=0.611956775188446, train_acc= 79.99%
INFO - 09/13/26 23:50:52 - 0:25:48 - Epoch 205: train_loss=0.6103174090385437, train_acc= 80.24%
INFO - 09/13/26 23:50:52 - 0:25:48 - Epoch 205: val_loss=0.6107023358345032, val_acc= 80.81%,val_weighted_f1= 80.76,val_macro_f1= 77.75%
INFO - 09/13/26 23:50:52 - 0:25:48 - Epoch 206: train_loss=0.608540952205658, train_acc= 80.15%
INFO - 09/13/26 23:50:53 - 0:25:48 - Epoch 207: train_loss=0.6024811863899231, train_acc= 80.53%
INFO - 09/13/26 23:50:53 - 0:25:48 - Epoch 208: train_loss=0.597174882888794, train_acc= 80.87%
INFO - 09/13/26 23:50:53 - 0:25:48 - Epoch 209: train_loss=0.6006081700325012, train_acc= 80.69%
INFO - 09/13/26 23:50:53 - 0:25:49 - Epoch 210: train_loss=0.5973541140556335, train_acc= 80.26%
INFO - 09/13/26 23:50:53 - 0:25:49 - Epoch 210: val_loss=0.6075151562690735, val_acc= 81.11%,val_weighted_f1= 81.08,val_macro_f1= 78.06%
INFO - 09/13/26 23:50:53 - 0:25:49 - Epoch 211: train_loss=0.601934552192688, train_acc= 80.32%
INFO - 09/13/26 23:50:54 - 0:25:49 - Epoch 212: train_loss=0.5940688848495483, train_acc= 80.87%
INFO - 09/13/26 23:50:54 - 0:25:49 - Epoch 213: train_loss=0.5894397497177124, train_acc= 81.01%
INFO - 09/13/26 23:50:54 - 0:25:50 - Epoch 214: train_loss=0.5915780067443848, train_acc= 80.57%
INFO - 09/13/26 23:50:54 - 0:25:50 - Epoch 215: train_loss=0.5952177047729492, train_acc= 80.67%
INFO - 09/13/26 23:50:54 - 0:25:50 - Epoch 215: val_loss=0.5994179248809814, val_acc= 81.03%,val_weighted_f1= 81.01,val_macro_f1= 78.15%
EarlyStopping counter: 1 out of 15
INFO - 09/13/26 23:50:55 - 0:25:50 - Epoch 216: train_loss=0.5955126881599426, train_acc= 80.24%
INFO - 09/13/26 23:50:55 - 0:25:50 - Epoch 217: train_loss=0.5918653607368469, train_acc= 80.74%
INFO - 09/13/26 23:50:55 - 0:25:50 - Epoch 218: train_loss=0.587347686290741, train_acc= 80.99%
INFO - 09/13/26 23:50:55 - 0:25:51 - Epoch 219: train_loss=0.5817573666572571, train_acc= 81.37%
INFO - 09/13/26 23:50:55 - 0:25:51 - Epoch 220: train_loss=0.5896986722946167, train_acc= 80.89%
INFO - 09/13/26 23:50:55 - 0:25:51 - Epoch 220: val_loss=0.5985743403434753, val_acc= 81.20%,val_weighted_f1= 81.12,val_macro_f1= 78.23%
INFO - 09/13/26 23:50:56 - 0:25:51 - Epoch 221: train_loss=0.588432788848877, train_acc= 81.04%
INFO - 09/13/26 23:50:56 - 0:25:51 - Epoch 222: train_loss=0.5838455557823181, train_acc= 81.11%
INFO - 09/13/26 23:50:56 - 0:25:52 - Epoch 223: train_loss=0.5847460627555847, train_acc= 81.01%
INFO - 09/13/26 23:50:56 - 0:25:52 - Epoch 224: train_loss=0.5792319178581238, train_acc= 81.20%
INFO - 09/13/26 23:50:56 - 0:25:52 - Epoch 225: train_loss=0.5833871960639954, train_acc= 80.91%
INFO - 09/13/26 23:50:56 - 0:25:52 - Epoch 225: val_loss=0.5907331705093384, val_acc= 81.54%,val_weighted_f1= 81.51,val_macro_f1= 78.66%
INFO - 09/13/26 23:50:57 - 0:25:52 - Epoch 226: train_loss=0.581483006477356, train_acc= 80.77%
INFO - 09/13/26 23:50:57 - 0:25:52 - Epoch 227: train_loss=0.5823865532875061, train_acc= 80.67%
INFO - 09/13/26 23:50:57 - 0:25:53 - Epoch 228: train_loss=0.579870879650116, train_acc= 81.03%
INFO - 09/13/26 23:50:57 - 0:25:53 - Epoch 229: train_loss=0.5725702047348022, train_acc= 81.20%
INFO - 09/13/26 23:50:58 - 0:25:53 - Epoch 230: train_loss=0.5738767981529236, train_acc= 81.40%
INFO - 09/13/26 23:50:58 - 0:25:53 - Epoch 230: val_loss=0.5911134481430054, val_acc= 81.54%,val_weighted_f1= 81.51,val_macro_f1= 78.50%
INFO - 09/13/26 23:50:58 - 0:25:53 - Epoch 231: train_loss=0.5761032700538635, train_acc= 81.23%
INFO - 09/13/26 23:50:58 - 0:25:54 - Epoch 232: train_loss=0.5779672265052795, train_acc= 81.30%
INFO - 09/13/26 23:50:58 - 0:25:54 - Epoch 233: train_loss=0.5714988708496094, train_acc= 81.68%
INFO - 09/13/26 23:50:58 - 0:25:54 - Epoch 234: train_loss=0.5716411471366882, train_acc= 81.28%
INFO - 09/13/26 23:50:59 - 0:25:54 - Epoch 235: train_loss=0.5732937455177307, train_acc= 81.11%
INFO - 09/13/26 23:50:59 - 0:25:54 - Epoch 235: val_loss=0.5866068601608276, val_acc= 81.88%,val_weighted_f1= 81.88,val_macro_f1= 79.24%
INFO - 09/13/26 23:50:59 - 0:25:54 - Epoch 236: train_loss=0.566163182258606, train_acc= 81.48%
INFO - 09/13/26 23:50:59 - 0:25:55 - Epoch 237: train_loss=0.5686942338943481, train_acc= 81.54%
INFO - 09/13/26 23:50:59 - 0:25:55 - Epoch 238: train_loss=0.5685634016990662, train_acc= 81.21%
INFO - 09/13/26 23:50:59 - 0:25:55 - Epoch 239: train_loss=0.5680338144302368, train_acc= 81.64%
INFO - 09/13/26 23:51:00 - 0:25:55 - Epoch 240: train_loss=0.5666661858558655, train_acc= 81.41%
INFO - 09/13/26 23:51:00 - 0:25:55 - Epoch 240: val_loss=0.5830256342887878, val_acc= 82.05%,val_weighted_f1= 82.03,val_macro_f1= 79.34%
INFO - 09/13/26 23:51:00 - 0:25:56 - Epoch 241: train_loss=0.5689424872398376, train_acc= 80.99%
INFO - 09/13/26 23:51:00 - 0:25:56 - Epoch 242: train_loss=0.5712550282478333, train_acc= 81.26%
INFO - 09/13/26 23:51:00 - 0:25:56 - Epoch 243: train_loss=0.5643315315246582, train_acc= 81.73%
INFO - 09/13/26 23:51:01 - 0:25:56 - Epoch 244: train_loss=0.5649368762969971, train_acc= 81.84%
INFO - 09/13/26 23:51:01 - 0:25:56 - Epoch 245: train_loss=0.5631809234619141, train_acc= 81.93%
INFO - 09/13/26 23:51:01 - 0:25:56 - Epoch 245: val_loss=0.5790314078330994, val_acc= 82.01%,val_weighted_f1= 82.02,val_macro_f1= 79.44%
EarlyStopping counter: 1 out of 15
INFO - 09/13/26 23:51:01 - 0:25:57 - Epoch 246: train_loss=0.5623353719711304, train_acc= 81.73%
INFO - 09/13/26 23:51:01 - 0:25:57 - Epoch 247: train_loss=0.5530882477760315, train_acc= 81.88%
INFO - 09/13/26 23:51:01 - 0:25:57 - Epoch 248: train_loss=0.5589473843574524, train_acc= 81.63%
INFO - 09/13/26 23:51:02 - 0:25:57 - Epoch 249: train_loss=0.5569501519203186, train_acc= 81.74%
INFO - 09/13/26 23:51:02 - 0:25:57 - Epoch 250: train_loss=0.5562185049057007, train_acc= 81.73%
INFO - 09/13/26 23:51:02 - 0:25:57 - Epoch 250: val_loss=0.5789154171943665, val_acc= 81.84%,val_weighted_f1= 81.80,val_macro_f1= 79.04%
EarlyStopping counter: 2 out of 15
INFO - 09/13/26 23:51:02 - 0:25:58 - Epoch 251: train_loss=0.5491594672203064, train_acc= 82.00%
INFO - 09/13/26 23:51:02 - 0:25:58 - Epoch 252: train_loss=0.5544019341468811, train_acc= 81.90%
INFO - 09/13/26 23:51:02 - 0:25:58 - Epoch 253: train_loss=0.5540680885314941, train_acc= 81.63%
INFO - 09/13/26 23:51:03 - 0:25:58 - Epoch 254: train_loss=0.5563571453094482, train_acc= 81.94%
INFO - 09/13/26 23:51:03 - 0:25:58 - Epoch 255: train_loss=0.5517647862434387, train_acc= 82.22%
INFO - 09/13/26 23:51:03 - 0:25:59 - Epoch 255: val_loss=0.5729035139083862, val_acc= 81.97%,val_weighted_f1= 81.97,val_macro_f1= 79.18%
EarlyStopping counter: 3 out of 15
INFO - 09/13/26 23:51:03 - 0:25:59 - Epoch 256: train_loss=0.5554050803184509, train_acc= 81.97%
INFO - 09/13/26 23:51:03 - 0:25:59 - Epoch 257: train_loss=0.5512444376945496, train_acc= 81.78%
INFO - 09/13/26 23:51:04 - 0:25:59 - Epoch 258: train_loss=0.5568235516548157, train_acc= 81.58%
INFO - 09/13/26 23:51:04 - 0:25:59 - Epoch 259: train_loss=0.5499345064163208, train_acc= 81.85%
INFO - 09/13/26 23:51:04 - 0:26:00 - Epoch 260: train_loss=0.5520731806755066, train_acc= 81.80%
INFO - 09/13/26 23:51:04 - 0:26:00 - Epoch 260: val_loss=0.5719833970069885, val_acc= 82.56%,val_weighted_f1= 82.58,val_macro_f1= 80.05%
INFO - 09/13/26 23:51:04 - 0:26:00 - Epoch 261: train_loss=0.5483906269073486, train_acc= 82.22%
INFO - 09/13/26 23:51:04 - 0:26:00 - Epoch 262: train_loss=0.5526489615440369, train_acc= 81.81%
INFO - 09/13/26 23:51:05 - 0:26:00 - Epoch 263: train_loss=0.537460446357727, train_acc= 82.30%
INFO - 09/13/26 23:51:05 - 0:26:00 - Epoch 264: train_loss=0.543390154838562, train_acc= 82.35%
INFO - 09/13/26 23:51:05 - 0:26:01 - Epoch 265: train_loss=0.5429611206054688, train_acc= 82.35%
INFO - 09/13/26 23:51:05 - 0:26:01 - Epoch 265: val_loss=0.5688177943229675, val_acc= 82.44%,val_weighted_f1= 82.47,val_macro_f1= 79.89%
EarlyStopping counter: 1 out of 15
INFO - 09/13/26 23:51:05 - 0:26:01 - Epoch 266: train_loss=0.5430374145507812, train_acc= 82.69%
INFO - 09/13/26 23:51:05 - 0:26:01 - Epoch 267: train_loss=0.5403309464454651, train_acc= 82.51%
INFO - 09/13/26 23:51:06 - 0:26:01 - Epoch 268: train_loss=0.544224202632904, train_acc= 81.93%
INFO - 09/13/26 23:51:06 - 0:26:02 - Epoch 269: train_loss=0.5438735485076904, train_acc= 82.15%
INFO - 09/13/26 23:51:06 - 0:26:02 - Epoch 270: train_loss=0.5345041751861572, train_acc= 82.52%
INFO - 09/13/26 23:51:06 - 0:26:02 - Epoch 270: val_loss=0.5670071840286255, val_acc= 82.44%,val_weighted_f1= 82.44,val_macro_f1= 79.89%
EarlyStopping counter: 2 out of 15
INFO - 09/13/26 23:51:06 - 0:26:02 - Epoch 271: train_loss=0.5408076047897339, train_acc= 82.47%
INFO - 09/13/26 23:51:07 - 0:26:02 - Epoch 272: train_loss=0.5379452705383301, train_acc= 82.65%
INFO - 09/13/26 23:51:07 - 0:26:02 - Epoch 273: train_loss=0.5390825867652893, train_acc= 82.48%
INFO - 09/13/26 23:51:07 - 0:26:03 - Epoch 274: train_loss=0.5409033894538879, train_acc= 82.42%
INFO - 09/13/26 23:51:07 - 0:26:03 - Epoch 275: train_loss=0.5330334901809692, train_acc= 82.30%
INFO - 09/13/26 23:51:07 - 0:26:03 - Epoch 275: val_loss=0.5646215081214905, val_acc= 82.44%,val_weighted_f1= 82.45,val_macro_f1= 79.82%
EarlyStopping counter: 3 out of 15
INFO - 09/13/26 23:51:07 - 0:26:03 - Epoch 276: train_loss=0.5392248630523682, train_acc= 82.68%
INFO - 09/13/26 23:51:08 - 0:26:03 - Epoch 277: train_loss=0.5364952683448792, train_acc= 82.32%
INFO - 09/13/26 23:51:08 - 0:26:03 - Epoch 278: train_loss=0.5402847528457642, train_acc= 82.44%
INFO - 09/13/26 23:51:08 - 0:26:04 - Epoch 279: train_loss=0.526604175567627, train_acc= 82.85%
INFO - 09/13/26 23:51:08 - 0:26:04 - Epoch 280: train_loss=0.5371896624565125, train_acc= 82.27%
INFO - 09/13/26 23:51:08 - 0:26:04 - Epoch 280: val_loss=0.5602021813392639, val_acc= 82.39%,val_weighted_f1= 82.39,val_macro_f1= 79.95%
EarlyStopping counter: 4 out of 15
INFO - 09/13/26 23:51:09 - 0:26:04 - Epoch 281: train_loss=0.5285314917564392, train_acc= 82.72%
INFO - 09/13/26 23:51:09 - 0:26:04 - Epoch 282: train_loss=0.5290313959121704, train_acc= 82.85%
INFO - 09/13/26 23:51:09 - 0:26:05 - Epoch 283: train_loss=0.5267736911773682, train_acc= 82.64%
INFO - 09/13/26 23:51:09 - 0:26:05 - Epoch 284: train_loss=0.5331215262413025, train_acc= 82.72%
INFO - 09/13/26 23:51:09 - 0:26:05 - Epoch 285: train_loss=0.5276250243186951, train_acc= 83.11%
INFO - 09/13/26 23:51:09 - 0:26:05 - Epoch 285: val_loss=0.5576796531677246, val_acc= 82.35%,val_weighted_f1= 82.34,val_macro_f1= 80.00%
EarlyStopping counter: 5 out of 15
INFO - 09/13/26 23:51:10 - 0:26:05 - Epoch 286: train_loss=0.5284890532493591, train_acc= 82.91%
INFO - 09/13/26 23:51:10 - 0:26:05 - Epoch 287: train_loss=0.5257402658462524, train_acc= 82.85%
INFO - 09/13/26 23:51:10 - 0:26:06 - Epoch 288: train_loss=0.52201908826828, train_acc= 83.18%
INFO - 09/13/26 23:51:10 - 0:26:06 - Epoch 289: train_loss=0.5201656222343445, train_acc= 83.26%
INFO - 09/13/26 23:51:10 - 0:26:06 - Epoch 290: train_loss=0.5253327488899231, train_acc= 83.01%
INFO - 09/13/26 23:51:10 - 0:26:06 - Epoch 290: val_loss=0.5549176335334778, val_acc= 82.39%,val_weighted_f1= 82.37,val_macro_f1= 79.99%
EarlyStopping counter: 6 out of 15
INFO - 09/13/26 23:51:11 - 0:26:06 - Epoch 291: train_loss=0.5229038596153259, train_acc= 82.65%
INFO - 09/13/26 23:51:11 - 0:26:06 - Epoch 292: train_loss=0.5274861454963684, train_acc= 82.85%
INFO - 09/13/26 23:51:11 - 0:26:07 - Epoch 293: train_loss=0.5192751288414001, train_acc= 82.82%
INFO - 09/13/26 23:51:11 - 0:26:07 - Epoch 294: train_loss=0.5305880904197693, train_acc= 82.68%
INFO - 09/13/26 23:51:11 - 0:26:07 - Epoch 295: train_loss=0.5223442316055298, train_acc= 83.08%
INFO - 09/13/26 23:51:12 - 0:26:07 - Epoch 295: val_loss=0.5546796321868896, val_acc= 82.39%,val_weighted_f1= 82.40,val_macro_f1= 80.08%
EarlyStopping counter: 7 out of 15
INFO - 09/13/26 23:51:12 - 0:26:07 - Epoch 296: train_loss=0.5180412530899048, train_acc= 83.15%
INFO - 09/13/26 23:51:12 - 0:26:08 - Epoch 297: train_loss=0.520650327205658, train_acc= 82.84%
INFO - 09/13/26 23:51:12 - 0:26:08 - Epoch 298: train_loss=0.5215966701507568, train_acc= 82.81%
INFO - 09/13/26 23:51:12 - 0:26:08 - Epoch 299: train_loss=0.5182087421417236, train_acc= 83.44%
INFO - 09/13/26 23:51:13 - 0:26:08 - Epoch 300: train_loss=0.5171516537666321, train_acc= 83.12%
INFO - 09/13/26 23:51:13 - 0:26:08 - Epoch 300: val_loss=0.5517177581787109, val_acc= 82.61%,val_weighted_f1= 82.59,val_macro_f1= 80.29%
INFO - 09/13/26 23:51:13 - 0:26:08 - Epoch 301: train_loss=0.5227754712104797, train_acc= 82.97%
INFO - 09/13/26 23:51:13 - 0:26:09 - Epoch 302: train_loss=0.5200700163841248, train_acc= 83.07%
INFO - 09/13/26 23:51:13 - 0:26:09 - Epoch 303: train_loss=0.5178539156913757, train_acc= 83.02%
INFO - 09/13/26 23:51:13 - 0:26:09 - Epoch 304: train_loss=0.5180655121803284, train_acc= 83.55%
INFO - 09/13/26 23:51:14 - 0:26:09 - Epoch 305: train_loss=0.5149332880973816, train_acc= 83.22%
INFO - 09/13/26 23:51:14 - 0:26:09 - Epoch 305: val_loss=0.5503003001213074, val_acc= 82.95%,val_weighted_f1= 82.98,val_macro_f1= 80.61%
INFO - 09/13/26 23:51:14 - 0:26:10 - Epoch 306: train_loss=0.5153311491012573, train_acc= 83.07%
INFO - 09/13/26 23:51:14 - 0:26:10 - Epoch 307: train_loss=0.5198901891708374, train_acc= 83.12%
INFO - 09/13/26 23:51:14 - 0:26:10 - Epoch 308: train_loss=0.5083597302436829, train_acc= 83.42%
INFO - 09/13/26 23:51:14 - 0:26:10 - Epoch 309: train_loss=0.5128248929977417, train_acc= 83.18%
INFO - 09/13/26 23:51:15 - 0:26:10 - Epoch 310: train_loss=0.5146475434303284, train_acc= 83.32%
INFO - 09/13/26 23:51:15 - 0:26:10 - Epoch 310: val_loss=0.5499272346496582, val_acc= 82.78%,val_weighted_f1= 82.80,val_macro_f1= 80.49%
EarlyStopping counter: 1 out of 15
INFO - 09/13/26 23:51:15 - 0:26:11 - Epoch 311: train_loss=0.5184521675109863, train_acc= 83.28%
INFO - 09/13/26 23:51:15 - 0:26:11 - Epoch 312: train_loss=0.5092315077781677, train_acc= 83.49%
INFO - 09/13/26 23:51:15 - 0:26:11 - Epoch 313: train_loss=0.509078323841095, train_acc= 83.52%
INFO - 09/13/26 23:51:16 - 0:26:11 - Epoch 314: train_loss=0.5097265243530273, train_acc= 83.51%
INFO - 09/13/26 23:51:16 - 0:26:11 - Epoch 315: train_loss=0.5038458108901978, train_acc= 83.72%
INFO - 09/13/26 23:51:16 - 0:26:11 - Epoch 315: val_loss=0.5500250458717346, val_acc= 82.91%,val_weighted_f1= 82.94,val_macro_f1= 80.57%
EarlyStopping counter: 2 out of 15
INFO - 09/13/26 23:51:16 - 0:26:12 - Epoch 316: train_loss=0.5043571591377258, train_acc= 83.38%
INFO - 09/13/26 23:51:16 - 0:26:12 - Epoch 317: train_loss=0.5071492195129395, train_acc= 83.52%
INFO - 09/13/26 23:51:16 - 0:26:12 - Epoch 318: train_loss=0.5128784775733948, train_acc= 83.21%
INFO - 09/13/26 23:51:17 - 0:26:12 - Epoch 319: train_loss=0.5073316693305969, train_acc= 83.29%
INFO - 09/13/26 23:51:17 - 0:26:12 - Epoch 320: train_loss=0.5026305913925171, train_acc= 83.56%
INFO - 09/13/26 23:51:17 - 0:26:13 - Epoch 320: val_loss=0.5465595722198486, val_acc= 82.95%,val_weighted_f1= 82.98,val_macro_f1= 80.74%
INFO - 09/13/26 23:51:17 - 0:26:13 - Epoch 321: train_loss=0.5058453679084778, train_acc= 83.54%
INFO - 09/13/26 23:51:17 - 0:26:13 - Epoch 322: train_loss=0.5034328103065491, train_acc= 83.83%
INFO - 09/13/26 23:51:18 - 0:26:13 - Epoch 323: train_loss=0.5025455951690674, train_acc= 83.38%
INFO - 09/13/26 23:51:18 - 0:26:13 - Epoch 324: train_loss=0.5047664046287537, train_acc= 84.03%
INFO - 09/13/26 23:51:18 - 0:26:14 - Epoch 325: train_loss=0.510745644569397, train_acc= 83.48%
INFO - 09/13/26 23:51:18 - 0:26:14 - Epoch 325: val_loss=0.5435897707939148, val_acc= 83.03%,val_weighted_f1= 83.05,val_macro_f1= 80.86%
INFO - 09/13/26 23:51:18 - 0:26:14 - Epoch 326: train_loss=0.5042838454246521, train_acc= 83.76%
INFO - 09/13/26 23:51:18 - 0:26:14 - Epoch 327: train_loss=0.5002589821815491, train_acc= 83.79%
INFO - 09/13/26 23:51:19 - 0:26:14 - Epoch 328: train_loss=0.4973314702510834, train_acc= 83.92%
INFO - 09/13/26 23:51:19 - 0:26:14 - Epoch 329: train_loss=0.5013037323951721, train_acc= 83.52%
INFO - 09/13/26 23:51:19 - 0:26:15 - Epoch 330: train_loss=0.5011462569236755, train_acc= 83.72%
INFO - 09/13/26 23:51:19 - 0:26:15 - Epoch 330: val_loss=0.5407527089118958, val_acc= 83.16%,val_weighted_f1= 83.20,val_macro_f1= 81.02%
INFO - 09/13/26 23:51:19 - 0:26:15 - Epoch 331: train_loss=0.4961282014846802, train_acc= 83.98%
INFO - 09/13/26 23:51:20 - 0:26:15 - Epoch 332: train_loss=0.49822428822517395, train_acc= 83.68%
INFO - 09/13/26 23:51:20 - 0:26:15 - Epoch 333: train_loss=0.504817545413971, train_acc= 83.52%
INFO - 09/13/26 23:51:20 - 0:26:15 - Epoch 334: train_loss=0.4978083074092865, train_acc= 83.46%
INFO - 09/13/26 23:51:20 - 0:26:16 - Epoch 335: train_loss=0.5003103017807007, train_acc= 83.65%
INFO - 09/13/26 23:51:20 - 0:26:16 - Epoch 335: val_loss=0.5407294631004333, val_acc= 83.16%,val_weighted_f1= 83.21,val_macro_f1= 81.01%
INFO - 09/13/26 23:51:20 - 0:26:16 - Epoch 336: train_loss=0.4988553524017334, train_acc= 83.83%
INFO - 09/13/26 23:51:21 - 0:26:16 - Epoch 337: train_loss=0.4997890889644623, train_acc= 83.63%
INFO - 09/13/26 23:51:21 - 0:26:16 - Epoch 338: train_loss=0.49987363815307617, train_acc= 83.73%
INFO - 09/13/26 23:51:21 - 0:26:17 - Epoch 339: train_loss=0.4894050657749176, train_acc= 83.91%
INFO - 09/13/26 23:51:21 - 0:26:17 - Epoch 340: train_loss=0.48945939540863037, train_acc= 83.85%
INFO - 09/13/26 23:51:21 - 0:26:17 - Epoch 340: val_loss=0.5400725603103638, val_acc= 83.21%,val_weighted_f1= 83.22,val_macro_f1= 81.00%
INFO - 09/13/26 23:51:22 - 0:26:17 - Epoch 341: train_loss=0.49746689200401306, train_acc= 83.44%
INFO - 09/13/26 23:51:22 - 0:26:17 - Epoch 342: train_loss=0.4955539405345917, train_acc= 83.75%
INFO - 09/13/26 23:51:22 - 0:26:17 - Epoch 343: train_loss=0.49053245782852173, train_acc= 84.12%
INFO - 09/13/26 23:51:22 - 0:26:18 - Epoch 344: train_loss=0.4939659535884857, train_acc= 84.13%
INFO - 09/13/26 23:51:22 - 0:26:18 - Epoch 345: train_loss=0.49283573031425476, train_acc= 83.92%
INFO - 09/13/26 23:51:22 - 0:26:18 - Epoch 345: val_loss=0.5371756553649902, val_acc= 83.25%,val_weighted_f1= 83.30,val_macro_f1= 81.09%
INFO - 09/13/26 23:51:23 - 0:26:18 - Epoch 346: train_loss=0.49162620306015015, train_acc= 83.93%
INFO - 09/13/26 23:51:23 - 0:26:18 - Epoch 347: train_loss=0.4881676435470581, train_acc= 84.10%
INFO - 09/13/26 23:51:23 - 0:26:19 - Epoch 348: train_loss=0.48689812421798706, train_acc= 83.82%
INFO - 09/13/26 23:51:23 - 0:26:19 - Epoch 349: train_loss=0.49335479736328125, train_acc= 83.76%
INFO - 09/13/26 23:51:23 - 0:26:19 - Epoch 350: train_loss=0.4903259873390198, train_acc= 84.19%
INFO - 09/13/26 23:51:24 - 0:26:19 - Epoch 350: val_loss=0.5395024418830872, val_acc= 83.12%,val_weighted_f1= 83.15,val_macro_f1= 80.95%
EarlyStopping counter: 1 out of 15
INFO - 09/13/26 23:51:24 - 0:26:19 - Epoch 351: train_loss=0.489898145198822, train_acc= 84.06%
INFO - 09/13/26 23:51:24 - 0:26:19 - Epoch 352: train_loss=0.48666882514953613, train_acc= 84.26%
INFO - 09/13/26 23:51:24 - 0:26:20 - Epoch 353: train_loss=0.48455390334129333, train_acc= 84.29%
INFO - 09/13/26 23:51:24 - 0:26:20 - Epoch 354: train_loss=0.49203574657440186, train_acc= 83.89%
INFO - 09/13/26 23:51:24 - 0:26:20 - Epoch 355: train_loss=0.4838871955871582, train_acc= 84.05%
INFO - 09/13/26 23:51:25 - 0:26:20 - Epoch 355: val_loss=0.5369283556938171, val_acc= 83.33%,val_weighted_f1= 83.37,val_macro_f1= 81.04%
INFO - 09/13/26 23:51:25 - 0:26:20 - Epoch 356: train_loss=0.48481765389442444, train_acc= 83.93%
INFO - 09/13/26 23:51:25 - 0:26:20 - Epoch 357: train_loss=0.48261895775794983, train_acc= 84.03%
INFO - 09/13/26 23:51:25 - 0:26:21 - Epoch 358: train_loss=0.4886751174926758, train_acc= 83.93%
INFO - 09/13/26 23:51:25 - 0:26:21 - Epoch 359: train_loss=0.48905178904533386, train_acc= 84.20%
INFO - 09/13/26 23:51:26 - 0:26:21 - Epoch 360: train_loss=0.4793526232242584, train_acc= 84.46%
INFO - 09/13/26 23:51:26 - 0:26:21 - Epoch 360: val_loss=0.5348950028419495, val_acc= 83.38%,val_weighted_f1= 83.41,val_macro_f1= 81.24%
INFO - 09/13/26 23:51:26 - 0:26:21 - Epoch 361: train_loss=0.4850887358188629, train_acc= 84.06%
INFO - 09/13/26 23:51:26 - 0:26:22 - Epoch 362: train_loss=0.48530513048171997, train_acc= 84.32%
INFO - 09/13/26 23:51:26 - 0:26:22 - Epoch 363: train_loss=0.48273730278015137, train_acc= 84.08%
INFO - 09/13/26 23:51:26 - 0:26:22 - Epoch 364: train_loss=0.48304855823516846, train_acc= 84.18%
INFO - 09/13/26 23:51:27 - 0:26:22 - Epoch 365: train_loss=0.4755302965641022, train_acc= 84.90%
INFO - 09/13/26 23:51:27 - 0:26:22 - Epoch 365: val_loss=0.5349419713020325, val_acc= 83.55%,val_weighted_f1= 83.57,val_macro_f1= 81.27%
INFO - 09/13/26 23:51:27 - 0:26:22 - Epoch 366: train_loss=0.4837265908718109, train_acc= 84.12%
INFO - 09/13/26 23:51:27 - 0:26:23 - Epoch 367: train_loss=0.4822893440723419, train_acc= 84.02%
INFO - 09/13/26 23:51:27 - 0:26:23 - Epoch 368: train_loss=0.4787044823169708, train_acc= 84.49%
INFO - 09/13/26 23:51:28 - 0:26:23 - Epoch 369: train_loss=0.47898924350738525, train_acc= 84.45%
INFO - 09/13/26 23:51:28 - 0:26:23 - Epoch 370: train_loss=0.4742399752140045, train_acc= 84.30%
INFO - 09/13/26 23:51:28 - 0:26:23 - Epoch 370: val_loss=0.5318024158477783, val_acc= 83.46%,val_weighted_f1= 83.50,val_macro_f1= 81.36%
EarlyStopping counter: 1 out of 15
INFO - 09/13/26 23:51:28 - 0:26:23 - Epoch 371: train_loss=0.4779581129550934, train_acc= 84.26%
INFO - 09/13/26 23:51:28 - 0:26:24 - Epoch 372: train_loss=0.4808896780014038, train_acc= 84.32%
INFO - 09/13/26 23:51:28 - 0:26:24 - Epoch 373: train_loss=0.47508642077445984, train_acc= 84.52%
INFO - 09/13/26 23:51:29 - 0:26:24 - Epoch 374: train_loss=0.4794643819332123, train_acc= 84.18%
INFO - 09/13/26 23:51:29 - 0:26:24 - Epoch 375: train_loss=0.4749644696712494, train_acc= 84.25%
INFO - 09/13/26 23:51:29 - 0:26:24 - Epoch 375: val_loss=0.5307589769363403, val_acc= 83.55%,val_weighted_f1= 83.56,val_macro_f1= 81.40%
INFO - 09/13/26 23:51:29 - 0:26:25 - Epoch 376: train_loss=0.47328925132751465, train_acc= 84.09%
INFO - 09/13/26 23:51:29 - 0:26:25 - Epoch 377: train_loss=0.4734079837799072, train_acc= 84.69%
INFO - 09/13/26 23:51:29 - 0:26:25 - Epoch 378: train_loss=0.4756994843482971, train_acc= 84.36%
INFO - 09/13/26 23:51:30 - 0:26:25 - Epoch 379: train_loss=0.4802975654602051, train_acc= 84.33%
INFO - 09/13/26 23:51:30 - 0:26:25 - Epoch 380: train_loss=0.4741785526275635, train_acc= 84.73%
INFO - 09/13/26 23:51:30 - 0:26:25 - Epoch 380: val_loss=0.5298451781272888, val_acc= 83.85%,val_weighted_f1= 83.87,val_macro_f1= 81.80%
INFO - 09/13/26 23:51:30 - 0:26:26 - Epoch 381: train_loss=0.4687138497829437, train_acc= 84.75%
INFO - 09/13/26 23:51:30 - 0:26:26 - Epoch 382: train_loss=0.468789666891098, train_acc= 84.76%
INFO - 09/13/26 23:51:31 - 0:26:26 - Epoch 383: train_loss=0.4706842005252838, train_acc= 84.85%
INFO - 09/13/26 23:51:31 - 0:26:26 - Epoch 384: train_loss=0.4698115587234497, train_acc= 84.60%
INFO - 09/13/26 23:51:31 - 0:26:26 - Epoch 385: train_loss=0.4695160388946533, train_acc= 84.53%
INFO - 09/13/26 23:51:31 - 0:26:27 - Epoch 385: val_loss=0.5287453532218933, val_acc= 83.76%,val_weighted_f1= 83.77,val_macro_f1= 81.65%
EarlyStopping counter: 1 out of 15
INFO - 09/13/26 23:51:31 - 0:26:27 - Epoch 386: train_loss=0.4684118330478668, train_acc= 84.70%
INFO - 09/13/26 23:51:31 - 0:26:27 - Epoch 387: train_loss=0.4768978953361511, train_acc= 84.55%
INFO - 09/13/26 23:51:32 - 0:26:27 - Epoch 388: train_loss=0.46884116530418396, train_acc= 85.00%
INFO - 09/13/26 23:51:32 - 0:26:27 - Epoch 389: train_loss=0.47205212712287903, train_acc= 84.48%
INFO - 09/13/26 23:51:32 - 0:26:28 - Epoch 390: train_loss=0.4717917740345001, train_acc= 84.62%
INFO - 09/13/26 23:51:32 - 0:26:28 - Epoch 390: val_loss=0.5280342698097229, val_acc= 83.80%,val_weighted_f1= 83.83,val_macro_f1= 81.75%
EarlyStopping counter: 2 out of 15
INFO - 09/13/26 23:51:32 - 0:26:28 - Epoch 391: train_loss=0.472152978181839, train_acc= 84.59%
INFO - 09/13/26 23:51:33 - 0:26:28 - Epoch 392: train_loss=0.47038766741752625, train_acc= 84.33%
INFO - 09/13/26 23:51:33 - 0:26:28 - Epoch 393: train_loss=0.4729216992855072, train_acc= 84.46%
INFO - 09/13/26 23:51:33 - 0:26:28 - Epoch 394: train_loss=0.4666835069656372, train_acc= 84.80%
INFO - 09/13/26 23:51:33 - 0:26:29 - Epoch 395: train_loss=0.467705100774765, train_acc= 84.86%
INFO - 09/13/26 23:51:33 - 0:26:29 - Epoch 395: val_loss=0.5253599286079407, val_acc= 83.72%,val_weighted_f1= 83.76,val_macro_f1= 81.63%
EarlyStopping counter: 3 out of 15
INFO - 09/13/26 23:51:33 - 0:26:29 - Epoch 396: train_loss=0.46430572867393494, train_acc= 84.79%
INFO - 09/13/26 23:51:34 - 0:26:29 - Epoch 397: train_loss=0.46207863092422485, train_acc= 85.23%
INFO - 09/13/26 23:51:34 - 0:26:29 - Epoch 398: train_loss=0.466749906539917, train_acc= 84.70%
INFO - 09/13/26 23:51:34 - 0:26:29 - Epoch 399: train_loss=0.4641457796096802, train_acc= 84.73%
INFO - 09/13/26 23:51:34 - 0:26:30 - Epoch 400: train_loss=0.46175020933151245, train_acc= 85.02%
INFO - 09/13/26 23:51:34 - 0:26:30 - Epoch 400: val_loss=0.5247948169708252, val_acc= 83.85%,val_weighted_f1= 83.86,val_macro_f1= 81.85%
INFO - 09/13/26 23:51:34 - 0:26:30 - Epoch 401: train_loss=0.4569898247718811, train_acc= 84.87%
INFO - 09/13/26 23:51:35 - 0:26:30 - Epoch 402: train_loss=0.46278730034828186, train_acc= 84.86%
INFO - 09/13/26 23:51:35 - 0:26:30 - Epoch 403: train_loss=0.4646323323249817, train_acc= 84.95%
INFO - 09/13/26 23:51:35 - 0:26:31 - Epoch 404: train_loss=0.4607352316379547, train_acc= 84.82%
INFO - 09/13/26 23:51:35 - 0:26:31 - Epoch 405: train_loss=0.4609072506427765, train_acc= 85.10%
INFO - 09/13/26 23:51:35 - 0:26:31 - Epoch 405: val_loss=0.5247049927711487, val_acc= 83.93%,val_weighted_f1= 83.96,val_macro_f1= 81.90%
INFO - 09/13/26 23:51:36 - 0:26:31 - Epoch 406: train_loss=0.4580690860748291, train_acc= 84.79%
INFO - 09/13/26 23:51:36 - 0:26:31 - Epoch 407: train_loss=0.457044780254364, train_acc= 85.24%
INFO - 09/13/26 23:51:36 - 0:26:31 - Epoch 408: train_loss=0.46386465430259705, train_acc= 84.79%
INFO - 09/13/26 23:51:36 - 0:26:32 - Epoch 409: train_loss=0.45851314067840576, train_acc= 84.89%
INFO - 09/13/26 23:51:36 - 0:26:32 - Epoch 410: train_loss=0.45653295516967773, train_acc= 85.10%
INFO - 09/13/26 23:51:36 - 0:26:32 - Epoch 410: val_loss=0.5261465311050415, val_acc= 83.85%,val_weighted_f1= 83.88,val_macro_f1= 81.82%
EarlyStopping counter: 1 out of 15
INFO - 09/13/26 23:51:37 - 0:26:32 - Epoch 411: train_loss=0.4574611485004425, train_acc= 85.07%
INFO - 09/13/26 23:51:37 - 0:26:32 - Epoch 412: train_loss=0.4581957161426544, train_acc= 85.16%
INFO - 09/13/26 23:51:37 - 0:26:32 - Epoch 413: train_loss=0.4563109576702118, train_acc= 85.12%
INFO - 09/13/26 23:51:37 - 0:26:33 - Epoch 414: train_loss=0.46074220538139343, train_acc= 85.22%
INFO - 09/13/26 23:51:37 - 0:26:33 - Epoch 415: train_loss=0.4530198574066162, train_acc= 85.44%
INFO - 09/13/26 23:51:37 - 0:26:33 - Epoch 415: val_loss=0.5252040028572083, val_acc= 84.19%,val_weighted_f1= 84.23,val_macro_f1= 82.07%
INFO - 09/13/26 23:51:38 - 0:26:33 - Epoch 416: train_loss=0.45327675342559814, train_acc= 84.83%
INFO - 09/13/26 23:51:38 - 0:26:33 - Epoch 417: train_loss=0.45310401916503906, train_acc= 85.12%
INFO - 09/13/26 23:51:38 - 0:26:34 - Epoch 418: train_loss=0.45890137553215027, train_acc= 84.62%
INFO - 09/13/26 23:51:38 - 0:26:34 - Epoch 419: train_loss=0.460210919380188, train_acc= 85.20%
INFO - 09/13/26 23:51:38 - 0:26:34 - Epoch 420: train_loss=0.4516047239303589, train_acc= 85.39%
INFO - 09/13/26 23:51:39 - 0:26:34 - Epoch 420: val_loss=0.5205520391464233, val_acc= 83.97%,val_weighted_f1= 83.99,val_macro_f1= 81.90%
EarlyStopping counter: 1 out of 15
INFO - 09/13/26 23:51:39 - 0:26:34 - Epoch 421: train_loss=0.45674410462379456, train_acc= 84.77%
INFO - 09/13/26 23:51:39 - 0:26:34 - Epoch 422: train_loss=0.44892290234565735, train_acc= 84.99%
INFO - 09/13/26 23:51:39 - 0:26:35 - Epoch 423: train_loss=0.4568130373954773, train_acc= 85.03%
INFO - 09/13/26 23:51:39 - 0:26:35 - Epoch 424: train_loss=0.44973114132881165, train_acc= 85.06%
INFO - 09/13/26 23:51:40 - 0:26:35 - Epoch 425: train_loss=0.4539012610912323, train_acc= 85.19%
INFO - 09/13/26 23:51:40 - 0:26:35 - Epoch 425: val_loss=0.5194780826568604, val_acc= 84.02%,val_weighted_f1= 84.04,val_macro_f1= 81.97%
EarlyStopping counter: 2 out of 15
INFO - 09/13/26 23:51:40 - 0:26:35 - Epoch 426: train_loss=0.44662556052207947, train_acc= 85.36%
INFO - 09/13/26 23:51:40 - 0:26:35 - Epoch 427: train_loss=0.45104628801345825, train_acc= 85.34%
INFO - 09/13/26 23:51:40 - 0:26:36 - Epoch 428: train_loss=0.45130932331085205, train_acc= 84.95%
INFO - 09/13/26 23:51:40 - 0:26:36 - Epoch 429: train_loss=0.45313555002212524, train_acc= 85.00%
INFO - 09/13/26 23:51:41 - 0:26:36 - Epoch 430: train_loss=0.45218196511268616, train_acc= 85.09%
INFO - 09/13/26 23:51:41 - 0:26:36 - Epoch 430: val_loss=0.5178382992744446, val_acc= 83.93%,val_weighted_f1= 83.94,val_macro_f1= 82.03%
EarlyStopping counter: 3 out of 15
INFO - 09/13/26 23:51:41 - 0:26:36 - Epoch 431: train_loss=0.4405958950519562, train_acc= 85.47%
INFO - 09/13/26 23:51:41 - 0:26:37 - Epoch 432: train_loss=0.4488846957683563, train_acc= 85.29%
INFO - 09/13/26 23:51:41 - 0:26:37 - Epoch 433: train_loss=0.44445163011550903, train_acc= 85.39%
INFO - 09/13/26 23:51:42 - 0:26:37 - Epoch 434: train_loss=0.44643309712409973, train_acc= 85.42%
INFO - 09/13/26 23:51:42 - 0:26:37 - Epoch 435: train_loss=0.4459182918071747, train_acc= 85.33%
INFO - 09/13/26 23:51:42 - 0:26:37 - Epoch 435: val_loss=0.5141924619674683, val_acc= 84.10%,val_weighted_f1= 84.11,val_macro_f1= 82.10%
EarlyStopping counter: 4 out of 15
INFO - 09/13/26 23:51:42 - 0:26:37 - Epoch 436: train_loss=0.44869133830070496, train_acc= 85.22%
INFO - 09/13/26 23:51:42 - 0:26:38 - Epoch 437: train_loss=0.45001962780952454, train_acc= 85.19%
INFO - 09/13/26 23:51:42 - 0:26:38 - Epoch 438: train_loss=0.4478600323200226, train_acc= 85.30%
INFO - 09/13/26 23:51:43 - 0:26:38 - Epoch 439: train_loss=0.4457359313964844, train_acc= 85.42%
INFO - 09/13/26 23:51:43 - 0:26:38 - Epoch 440: train_loss=0.44243741035461426, train_acc= 85.20%
INFO - 09/13/26 23:51:43 - 0:26:38 - Epoch 440: val_loss=0.5152311325073242, val_acc= 83.97%,val_weighted_f1= 83.98,val_macro_f1= 82.02%
EarlyStopping counter: 5 out of 15
INFO - 09/13/26 23:51:43 - 0:26:39 - Epoch 441: train_loss=0.4512234330177307, train_acc= 84.85%
INFO - 09/13/26 23:51:43 - 0:26:39 - Epoch 442: train_loss=0.44219857454299927, train_acc= 85.49%
INFO - 09/13/26 23:51:43 - 0:26:39 - Epoch 443: train_loss=0.4451029598712921, train_acc= 85.57%
INFO - 09/13/26 23:51:44 - 0:26:39 - Epoch 444: train_loss=0.4430144131183624, train_acc= 85.03%
INFO - 09/13/26 23:51:44 - 0:26:39 - Epoch 445: train_loss=0.443056583404541, train_acc= 85.27%
INFO - 09/13/26 23:51:44 - 0:26:39 - Epoch 445: val_loss=0.5147133469581604, val_acc= 84.02%,val_weighted_f1= 84.02,val_macro_f1= 82.02%
EarlyStopping counter: 6 out of 15
INFO - 09/13/26 23:51:44 - 0:26:40 - Epoch 446: train_loss=0.4468896985054016, train_acc= 85.10%
INFO - 09/13/26 23:51:44 - 0:26:40 - Epoch 447: train_loss=0.4394804835319519, train_acc= 85.47%
INFO - 09/13/26 23:51:45 - 0:26:40 - Epoch 448: train_loss=0.43838632106781006, train_acc= 85.51%
INFO - 09/13/26 23:51:45 - 0:26:40 - Epoch 449: train_loss=0.4382849633693695, train_acc= 85.81%
INFO - 09/13/26 23:51:45 - 0:26:40 - Epoch 450: train_loss=0.43739673495292664, train_acc= 85.57%
INFO - 09/13/26 23:51:45 - 0:26:41 - Epoch 450: val_loss=0.5146119594573975, val_acc= 84.15%,val_weighted_f1= 84.17,val_macro_f1= 82.21%
EarlyStopping counter: 7 out of 15
INFO - 09/13/26 23:51:45 - 0:26:41 - Epoch 451: train_loss=0.4385102689266205, train_acc= 85.32%
INFO - 09/13/26 23:51:45 - 0:26:41 - Epoch 452: train_loss=0.43707913160324097, train_acc= 85.34%
INFO - 09/13/26 23:51:46 - 0:26:41 - Epoch 453: train_loss=0.4444924294948578, train_acc= 85.34%
INFO - 09/13/26 23:51:46 - 0:26:41 - Epoch 454: train_loss=0.4379655122756958, train_acc= 85.33%
INFO - 09/13/26 23:51:46 - 0:26:42 - Epoch 455: train_loss=0.44143766164779663, train_acc= 85.56%
INFO - 09/13/26 23:51:46 - 0:26:42 - Epoch 455: val_loss=0.5119645595550537, val_acc= 84.32%,val_weighted_f1= 84.33,val_macro_f1= 82.45%
INFO - 09/13/26 23:51:46 - 0:26:42 - Epoch 456: train_loss=0.43655478954315186, train_acc= 85.60%
INFO - 09/13/26 23:51:46 - 0:26:42 - Epoch 457: train_loss=0.43545758724212646, train_acc= 85.76%
INFO - 09/13/26 23:51:47 - 0:26:42 - Epoch 458: train_loss=0.43622642755508423, train_acc= 85.54%
INFO - 09/13/26 23:51:47 - 0:26:42 - Epoch 459: train_loss=0.4342576265335083, train_acc= 85.70%
INFO - 09/13/26 23:51:47 - 0:26:43 - Epoch 460: train_loss=0.4414171576499939, train_acc= 85.24%
INFO - 09/13/26 23:51:47 - 0:26:43 - Epoch 460: val_loss=0.5115700364112854, val_acc= 84.19%,val_weighted_f1= 84.19,val_macro_f1= 82.19%
EarlyStopping counter: 1 out of 15
INFO - 09/13/26 23:51:47 - 0:26:43 - Epoch 461: train_loss=0.43077096343040466, train_acc= 86.14%
INFO - 09/13/26 23:51:48 - 0:26:43 - Epoch 462: train_loss=0.4358495771884918, train_acc= 85.71%
INFO - 09/13/26 23:51:48 - 0:26:43 - Epoch 463: train_loss=0.4348750710487366, train_acc= 85.40%
INFO - 09/13/26 23:51:48 - 0:26:44 - Epoch 464: train_loss=0.43394485116004944, train_acc= 85.56%
INFO - 09/13/26 23:51:48 - 0:26:44 - Epoch 465: train_loss=0.43873319029808044, train_acc= 85.71%
INFO - 09/13/26 23:51:48 - 0:26:44 - Epoch 465: val_loss=0.5117472410202026, val_acc= 84.40%,val_weighted_f1= 84.39,val_macro_f1= 82.43%
INFO - 09/13/26 23:51:48 - 0:26:44 - Epoch 466: train_loss=0.4316827654838562, train_acc= 85.93%
INFO - 09/13/26 23:51:49 - 0:26:44 - Epoch 467: train_loss=0.4359765350818634, train_acc= 85.50%
INFO - 09/13/26 23:51:49 - 0:26:44 - Epoch 468: train_loss=0.43982577323913574, train_acc= 85.34%
INFO - 09/13/26 23:51:49 - 0:26:45 - Epoch 469: train_loss=0.43551409244537354, train_acc= 85.53%
INFO - 09/13/26 23:51:49 - 0:26:45 - Epoch 470: train_loss=0.43214449286460876, train_acc= 85.81%
INFO - 09/13/26 23:51:49 - 0:26:45 - Epoch 470: val_loss=0.5115659832954407, val_acc= 84.23%,val_weighted_f1= 84.25,val_macro_f1= 82.32%
EarlyStopping counter: 1 out of 15
INFO - 09/13/26 23:51:50 - 0:26:45 - Epoch 471: train_loss=0.4325444996356964, train_acc= 85.69%
INFO - 09/13/26 23:51:50 - 0:26:45 - Epoch 472: train_loss=0.4303913414478302, train_acc= 85.94%
INFO - 09/13/26 23:51:50 - 0:26:45 - Epoch 473: train_loss=0.4313521385192871, train_acc= 85.61%
INFO - 09/13/26 23:51:50 - 0:26:46 - Epoch 474: train_loss=0.430499404668808, train_acc= 85.64%
INFO - 09/13/26 23:51:50 - 0:26:46 - Epoch 475: train_loss=0.42998337745666504, train_acc= 85.90%
INFO - 09/13/26 23:51:50 - 0:26:46 - Epoch 475: val_loss=0.5123233199119568, val_acc= 84.57%,val_weighted_f1= 84.58,val_macro_f1= 82.70%
INFO - 09/13/26 23:51:51 - 0:26:46 - Epoch 476: train_loss=0.42803335189819336, train_acc= 85.86%
INFO - 09/13/26 23:51:51 - 0:26:46 - Epoch 477: train_loss=0.43098172545433044, train_acc= 85.57%
INFO - 09/13/26 23:51:51 - 0:26:47 - Epoch 478: train_loss=0.4280726909637451, train_acc= 86.21%
INFO - 09/13/26 23:51:51 - 0:26:47 - Epoch 479: train_loss=0.4245368242263794, train_acc= 86.18%
INFO - 09/13/26 23:51:51 - 0:26:47 - Epoch 480: train_loss=0.4294229745864868, train_acc= 85.54%
INFO - 09/13/26 23:51:51 - 0:26:47 - Epoch 480: val_loss=0.5116752982139587, val_acc= 84.36%,val_weighted_f1= 84.38,val_macro_f1= 82.46%
EarlyStopping counter: 1 out of 15
INFO - 09/13/26 23:51:52 - 0:26:47 - Epoch 481: train_loss=0.42229175567626953, train_acc= 86.20%
INFO - 09/13/26 23:51:52 - 0:26:47 - Epoch 482: train_loss=0.42595261335372925, train_acc= 85.97%
INFO - 09/13/26 23:51:52 - 0:26:48 - Epoch 483: train_loss=0.42362889647483826, train_acc= 86.01%
INFO - 09/13/26 23:51:52 - 0:26:48 - Epoch 484: train_loss=0.43078896403312683, train_acc= 85.67%
INFO - 09/13/26 23:51:52 - 0:26:48 - Epoch 485: train_loss=0.418684720993042, train_acc= 85.97%
INFO - 09/13/26 23:51:53 - 0:26:48 - Epoch 485: val_loss=0.5138269662857056, val_acc= 84.40%,val_weighted_f1= 84.44,val_macro_f1= 82.61%
EarlyStopping counter: 2 out of 15
INFO - 09/13/26 23:51:53 - 0:26:48 - Epoch 486: train_loss=0.42144259810447693, train_acc= 86.47%
INFO - 09/13/26 23:51:53 - 0:26:49 - Epoch 487: train_loss=0.4233967959880829, train_acc= 86.01%
INFO - 09/13/26 23:51:53 - 0:26:49 - Epoch 488: train_loss=0.42370086908340454, train_acc= 85.97%
INFO - 09/13/26 23:51:53 - 0:26:49 - Epoch 489: train_loss=0.4281010329723358, train_acc= 86.14%
INFO - 09/13/26 23:51:54 - 0:26:49 - Epoch 490: train_loss=0.4236659109592438, train_acc= 86.08%
INFO - 09/13/26 23:51:54 - 0:26:49 - Epoch 490: val_loss=0.5086970329284668, val_acc= 84.57%,val_weighted_f1= 84.59,val_macro_f1= 82.73%
INFO - 09/13/26 23:51:54 - 0:26:49 - Epoch 491: train_loss=0.4220980405807495, train_acc= 85.90%
INFO - 09/13/26 23:51:54 - 0:26:50 - Epoch 492: train_loss=0.4258663058280945, train_acc= 85.93%
INFO - 09/13/26 23:51:54 - 0:26:50 - Epoch 493: train_loss=0.41894274950027466, train_acc= 86.04%
INFO - 09/13/26 23:51:54 - 0:26:50 - Epoch 494: train_loss=0.422761470079422, train_acc= 85.84%
INFO - 09/13/26 23:51:55 - 0:26:50 - Epoch 495: train_loss=0.4207626283168793, train_acc= 86.33%
INFO - 09/13/26 23:51:55 - 0:26:50 - Epoch 495: val_loss=0.5117110013961792, val_acc= 84.53%,val_weighted_f1= 84.54,val_macro_f1= 82.60%
EarlyStopping counter: 1 out of 15
INFO - 09/13/26 23:51:55 - 0:26:50 - Epoch 496: train_loss=0.4250151216983795, train_acc= 86.07%
INFO - 09/13/26 23:51:55 - 0:26:51 - Epoch 497: train_loss=0.419575572013855, train_acc= 86.20%
INFO - 09/13/26 23:51:55 - 0:26:51 - Epoch 498: train_loss=0.4214727580547333, train_acc= 86.01%
INFO - 09/13/26 23:51:55 - 0:26:51 - Epoch 499: train_loss=0.4246790111064911, train_acc= 86.10%
INFO - 09/13/26 23:51:56 - 0:26:51 - Epoch 500: train_loss=0.4165811836719513, train_acc= 86.10%
INFO - 09/13/26 23:51:56 - 0:26:51 - Epoch 500: val_loss=0.5075306296348572, val_acc= 84.44%,val_weighted_f1= 84.46,val_macro_f1= 82.62%
EarlyStopping counter: 2 out of 15
INFO - 09/13/26 23:51:56 - 0:26:52 - Epoch 501: train_loss=0.4179808795452118, train_acc= 86.36%
INFO - 09/13/26 23:51:56 - 0:26:52 - Epoch 502: train_loss=0.4165288805961609, train_acc= 86.30%
INFO - 09/13/26 23:51:56 - 0:26:52 - Epoch 503: train_loss=0.41183120012283325, train_acc= 86.44%
INFO - 09/13/26 23:51:57 - 0:26:52 - Epoch 504: train_loss=0.42069873213768005, train_acc= 86.07%
INFO - 09/13/26 23:51:57 - 0:26:52 - Epoch 505: train_loss=0.41791832447052, train_acc= 86.44%
INFO - 09/13/26 23:51:57 - 0:26:52 - Epoch 505: val_loss=0.5075489282608032, val_acc= 84.83%,val_weighted_f1= 84.85,val_macro_f1= 82.91%
INFO - 09/13/26 23:51:57 - 0:26:53 - Epoch 506: train_loss=0.4215187728404999, train_acc= 86.11%
INFO - 09/13/26 23:51:57 - 0:26:53 - Epoch 507: train_loss=0.4145705997943878, train_acc= 86.40%
INFO - 09/13/26 23:51:57 - 0:26:53 - Epoch 508: train_loss=0.41399258375167847, train_acc= 86.43%
INFO - 09/13/26 23:51:58 - 0:26:53 - Epoch 509: train_loss=0.4146553874015808, train_acc= 86.31%
INFO - 09/13/26 23:51:58 - 0:26:53 - Epoch 510: train_loss=0.42260822653770447, train_acc= 86.10%
INFO - 09/13/26 23:51:58 - 0:26:54 - Epoch 510: val_loss=0.507777988910675, val_acc= 84.49%,val_weighted_f1= 84.51,val_macro_f1= 82.49%
EarlyStopping counter: 1 out of 15
INFO - 09/13/26 23:51:58 - 0:26:54 - Epoch 511: train_loss=0.4143001437187195, train_acc= 86.20%
INFO - 09/13/26 23:51:58 - 0:26:54 - Epoch 512: train_loss=0.41428142786026, train_acc= 86.54%
INFO - 09/13/26 23:51:59 - 0:26:54 - Epoch 513: train_loss=0.4187172055244446, train_acc= 86.26%
INFO - 09/13/26 23:51:59 - 0:26:54 - Epoch 514: train_loss=0.4093881845474243, train_acc= 86.24%
INFO - 09/13/26 23:51:59 - 0:26:54 - Epoch 515: train_loss=0.41126877069473267, train_acc= 86.44%
INFO - 09/13/26 23:51:59 - 0:26:55 - Epoch 515: val_loss=0.5077469348907471, val_acc= 84.70%,val_weighted_f1= 84.71,val_macro_f1= 82.81%
EarlyStopping counter: 2 out of 15
INFO - 09/13/26 23:51:59 - 0:26:55 - Epoch 516: train_loss=0.4164084792137146, train_acc= 86.23%
INFO - 09/13/26 23:51:59 - 0:26:55 - Epoch 517: train_loss=0.4109549820423126, train_acc= 86.23%
INFO - 09/13/26 23:52:00 - 0:26:55 - Epoch 518: train_loss=0.41037845611572266, train_acc= 86.55%
INFO - 09/13/26 23:52:00 - 0:26:55 - Epoch 519: train_loss=0.41685888171195984, train_acc= 85.87%
INFO - 09/13/26 23:52:00 - 0:26:56 - Epoch 520: train_loss=0.41498133540153503, train_acc= 86.14%
INFO - 09/13/26 23:52:00 - 0:26:56 - Epoch 520: val_loss=0.5080191493034363, val_acc= 84.74%,val_weighted_f1= 84.76,val_macro_f1= 82.86%
EarlyStopping counter: 3 out of 15
INFO - 09/13/26 23:52:00 - 0:26:56 - Epoch 521: train_loss=0.41560953855514526, train_acc= 86.33%
INFO - 09/13/26 23:52:00 - 0:26:56 - Epoch 522: train_loss=0.4022045135498047, train_acc= 86.97%
INFO - 09/13/26 23:52:01 - 0:26:56 - Epoch 523: train_loss=0.40955692529678345, train_acc= 86.54%
INFO - 09/13/26 23:52:01 - 0:26:56 - Epoch 524: train_loss=0.4057930111885071, train_acc= 86.54%
INFO - 09/13/26 23:52:01 - 0:26:57 - Epoch 525: train_loss=0.4102555513381958, train_acc= 86.30%
INFO - 09/13/26 23:52:01 - 0:26:57 - Epoch 525: val_loss=0.5077040195465088, val_acc= 84.70%,val_weighted_f1= 84.71,val_macro_f1= 82.82%
EarlyStopping counter: 4 out of 15
INFO - 09/13/26 23:52:01 - 0:26:57 - Epoch 526: train_loss=0.40801936388015747, train_acc= 86.83%
INFO - 09/13/26 23:52:02 - 0:26:57 - Epoch 527: train_loss=0.4058975279331207, train_acc= 86.41%
INFO - 09/13/26 23:52:02 - 0:26:57 - Epoch 528: train_loss=0.40502867102622986, train_acc= 86.57%
INFO - 09/13/26 23:52:02 - 0:26:58 - Epoch 529: train_loss=0.40879133343696594, train_acc= 86.31%
INFO - 09/13/26 23:52:02 - 0:26:58 - Epoch 530: train_loss=0.4042072296142578, train_acc= 86.90%
INFO - 09/13/26 23:52:02 - 0:26:58 - Epoch 530: val_loss=0.5070768594741821, val_acc= 84.49%,val_weighted_f1= 84.51,val_macro_f1= 82.63%
EarlyStopping counter: 5 out of 15
INFO - 09/13/26 23:52:02 - 0:26:58 - Epoch 531: train_loss=0.3999324440956116, train_acc= 86.68%
INFO - 09/13/26 23:52:03 - 0:26:58 - Epoch 532: train_loss=0.4092710018157959, train_acc= 86.28%
INFO - 09/13/26 23:52:03 - 0:26:58 - Epoch 533: train_loss=0.4118863344192505, train_acc= 86.34%
INFO - 09/13/26 23:52:03 - 0:26:59 - Epoch 534: train_loss=0.4034389555454254, train_acc= 86.64%
INFO - 09/13/26 23:52:03 - 0:26:59 - Epoch 535: train_loss=0.40226227045059204, train_acc= 86.71%
INFO - 09/13/26 23:52:03 - 0:26:59 - Epoch 535: val_loss=0.5081326961517334, val_acc= 84.66%,val_weighted_f1= 84.69,val_macro_f1= 82.98%
EarlyStopping counter: 6 out of 15
INFO - 09/13/26 23:52:03 - 0:26:59 - Epoch 536: train_loss=0.40211474895477295, train_acc= 86.94%
INFO - 09/13/26 23:52:04 - 0:26:59 - Epoch 537: train_loss=0.40426409244537354, train_acc= 86.57%
INFO - 09/13/26 23:52:04 - 0:26:59 - Epoch 538: train_loss=0.4043669104576111, train_acc= 86.65%
INFO - 09/13/26 23:52:04 - 0:27:00 - Epoch 539: train_loss=0.3988890051841736, train_acc= 87.02%
INFO - 09/13/26 23:52:04 - 0:27:00 - Epoch 540: train_loss=0.40654030442237854, train_acc= 86.48%
INFO - 09/13/26 23:52:04 - 0:27:00 - Epoch 540: val_loss=0.5076019167900085, val_acc= 84.40%,val_weighted_f1= 84.41,val_macro_f1= 82.41%
EarlyStopping counter: 7 out of 15
INFO - 09/13/26 23:52:05 - 0:27:00 - Epoch 541: train_loss=0.40226057171821594, train_acc= 86.57%
INFO - 09/13/26 23:52:05 - 0:27:00 - Epoch 542: train_loss=0.3990876078605652, train_acc= 86.98%
INFO - 09/13/26 23:52:05 - 0:27:01 - Epoch 543: train_loss=0.40295079350471497, train_acc= 86.65%
INFO - 09/13/26 23:52:05 - 0:27:01 - Epoch 544: train_loss=0.4029603898525238, train_acc= 86.54%
INFO - 09/13/26 23:52:05 - 0:27:01 - Epoch 545: train_loss=0.4020618200302124, train_acc= 86.53%
INFO - 09/13/26 23:52:05 - 0:27:01 - Epoch 545: val_loss=0.5058361887931824, val_acc= 84.87%,val_weighted_f1= 84.91,val_macro_f1= 83.15%
INFO - 09/13/26 23:52:06 - 0:27:01 - Epoch 546: train_loss=0.3964694142341614, train_acc= 86.73%
INFO - 09/13/26 23:52:06 - 0:27:01 - Epoch 547: train_loss=0.4026625454425812, train_acc= 86.68%
INFO - 09/13/26 23:52:06 - 0:27:02 - Epoch 548: train_loss=0.39781510829925537, train_acc= 86.90%
INFO - 09/13/26 23:52:06 - 0:27:02 - Epoch 549: train_loss=0.39992377161979675, train_acc= 86.68%
INFO - 09/13/26 23:52:06 - 0:27:02 - Epoch 550: train_loss=0.4051128625869751, train_acc= 86.92%
INFO - 09/13/26 23:52:07 - 0:27:02 - Epoch 550: val_loss=0.5061307549476624, val_acc= 84.62%,val_weighted_f1= 84.63,val_macro_f1= 82.76%
EarlyStopping counter: 1 out of 15
INFO - 09/13/26 23:52:07 - 0:27:02 - Epoch 551: train_loss=0.39810848236083984, train_acc= 86.81%
INFO - 09/13/26 23:52:07 - 0:27:03 - Epoch 552: train_loss=0.4037814438343048, train_acc= 86.63%
INFO - 09/13/26 23:52:07 - 0:27:03 - Epoch 553: train_loss=0.40197640657424927, train_acc= 86.54%
INFO - 09/13/26 23:52:07 - 0:27:03 - Epoch 554: train_loss=0.40205416083335876, train_acc= 86.67%
INFO - 09/13/26 23:52:08 - 0:27:03 - Epoch 555: train_loss=0.3918572962284088, train_acc= 87.22%
INFO - 09/13/26 23:52:08 - 0:27:03 - Epoch 555: val_loss=0.5121061205863953, val_acc= 84.62%,val_weighted_f1= 84.66,val_macro_f1= 82.77%
EarlyStopping counter: 2 out of 15
INFO - 09/13/26 23:52:08 - 0:27:03 - Epoch 556: train_loss=0.39813145995140076, train_acc= 86.67%
INFO - 09/13/26 23:52:08 - 0:27:04 - Epoch 557: train_loss=0.3999815881252289, train_acc= 87.15%
INFO - 09/13/26 23:52:08 - 0:27:04 - Epoch 558: train_loss=0.3939882814884186, train_acc= 86.71%
INFO - 09/13/26 23:52:08 - 0:27:04 - Epoch 559: train_loss=0.3996543288230896, train_acc= 86.94%
INFO - 09/13/26 23:52:09 - 0:27:04 - Epoch 560: train_loss=0.39521530270576477, train_acc= 86.98%
INFO - 09/13/26 23:52:09 - 0:27:04 - Epoch 560: val_loss=0.50801020860672, val_acc= 84.44%,val_weighted_f1= 84.49,val_macro_f1= 82.72%
EarlyStopping counter: 3 out of 15
INFO - 09/13/26 23:52:09 - 0:27:04 - Epoch 561: train_loss=0.3960670232772827, train_acc= 87.02%
INFO - 09/13/26 23:52:09 - 0:27:05 - Epoch 562: train_loss=0.3945227265357971, train_acc= 86.92%
INFO - 09/13/26 23:52:09 - 0:27:05 - Epoch 563: train_loss=0.39718014001846313, train_acc= 86.94%
INFO - 09/13/26 23:52:10 - 0:27:05 - Epoch 564: train_loss=0.3978796601295471, train_acc= 86.84%
INFO - 09/13/26 23:52:10 - 0:27:05 - Epoch 565: train_loss=0.3931504487991333, train_acc= 86.90%
INFO - 09/13/26 23:52:10 - 0:27:05 - Epoch 565: val_loss=0.5118054747581482, val_acc= 84.23%,val_weighted_f1= 84.27,val_macro_f1= 82.26%
EarlyStopping counter: 4 out of 15
INFO - 09/13/26 23:52:10 - 0:27:06 - Epoch 566: train_loss=0.3958788812160492, train_acc= 86.57%
INFO - 09/13/26 23:52:10 - 0:27:06 - Epoch 567: train_loss=0.3920482099056244, train_acc= 87.37%
INFO - 09/13/26 23:52:10 - 0:27:06 - Epoch 568: train_loss=0.39641281962394714, train_acc= 86.73%
INFO - 09/13/26 23:52:11 - 0:27:06 - Epoch 569: train_loss=0.39902520179748535, train_acc= 86.88%
INFO - 09/13/26 23:52:11 - 0:27:06 - Epoch 570: train_loss=0.3896213471889496, train_acc= 86.98%
INFO - 09/13/26 23:52:11 - 0:27:06 - Epoch 570: val_loss=0.5108378529548645, val_acc= 84.23%,val_weighted_f1= 84.27,val_macro_f1= 82.34%
EarlyStopping counter: 5 out of 15
INFO - 09/13/26 23:52:11 - 0:27:07 - Epoch 571: train_loss=0.39472725987434387, train_acc= 86.54%
INFO - 09/13/26 23:52:11 - 0:27:07 - Epoch 572: train_loss=0.3857116103172302, train_acc= 87.05%
INFO - 09/13/26 23:52:12 - 0:27:07 - Epoch 573: train_loss=0.39286649227142334, train_acc= 87.02%
INFO - 09/13/26 23:52:12 - 0:27:07 - Epoch 574: train_loss=0.3945232629776001, train_acc= 86.63%
INFO - 09/13/26 23:52:12 - 0:27:07 - Epoch 575: train_loss=0.3915547728538513, train_acc= 87.18%
INFO - 09/13/26 23:52:12 - 0:27:07 - Epoch 575: val_loss=0.5112372040748596, val_acc= 84.62%,val_weighted_f1= 84.65,val_macro_f1= 82.93%
EarlyStopping counter: 6 out of 15
INFO - 09/13/26 23:52:12 - 0:27:08 - Epoch 576: train_loss=0.396558940410614, train_acc= 86.84%
INFO - 09/13/26 23:52:12 - 0:27:08 - Epoch 577: train_loss=0.38609954714775085, train_acc= 87.07%
INFO - 09/13/26 23:52:13 - 0:27:08 - Epoch 578: train_loss=0.38458770513534546, train_acc= 87.34%
INFO - 09/13/26 23:52:13 - 0:27:08 - Epoch 579: train_loss=0.39134395122528076, train_acc= 87.12%
INFO - 09/13/26 23:52:13 - 0:27:08 - Epoch 580: train_loss=0.3902588486671448, train_acc= 87.20%
INFO - 09/13/26 23:52:13 - 0:27:09 - Epoch 580: val_loss=0.5100534558296204, val_acc= 84.53%,val_weighted_f1= 84.57,val_macro_f1= 82.71%
EarlyStopping counter: 7 out of 15
INFO - 09/13/26 23:52:13 - 0:27:09 - Epoch 581: train_loss=0.3920503556728363, train_acc= 87.07%
INFO - 09/13/26 23:52:13 - 0:27:09 - Epoch 582: train_loss=0.390704482793808, train_acc= 86.83%
INFO - 09/13/26 23:52:14 - 0:27:09 - Epoch 583: train_loss=0.38489383459091187, train_acc= 86.87%
INFO - 09/13/26 23:52:14 - 0:27:09 - Epoch 584: train_loss=0.3875037133693695, train_acc= 87.11%
INFO - 09/13/26 23:52:14 - 0:27:10 - Epoch 585: train_loss=0.38244903087615967, train_acc= 87.20%
INFO - 09/13/26 23:52:14 - 0:27:10 - Epoch 585: val_loss=0.5065013766288757, val_acc= 84.53%,val_weighted_f1= 84.56,val_macro_f1= 82.74%
EarlyStopping counter: 8 out of 15
INFO - 09/13/26 23:52:14 - 0:27:10 - Epoch 586: train_loss=0.38546404242515564, train_acc= 87.37%
INFO - 09/13/26 23:52:15 - 0:27:10 - Epoch 587: train_loss=0.38593193888664246, train_acc= 87.37%
INFO - 09/13/26 23:52:15 - 0:27:10 - Epoch 588: train_loss=0.3822534680366516, train_acc= 87.38%
INFO - 09/13/26 23:52:15 - 0:27:10 - Epoch 589: train_loss=0.3839777410030365, train_acc= 86.97%
INFO - 09/13/26 23:52:15 - 0:27:11 - Epoch 590: train_loss=0.38279855251312256, train_acc= 87.61%
INFO - 09/13/26 23:52:15 - 0:27:11 - Epoch 590: val_loss=0.506919264793396, val_acc= 84.62%,val_weighted_f1= 84.66,val_macro_f1= 82.76%
EarlyStopping counter: 9 out of 15
INFO - 09/13/26 23:52:15 - 0:27:11 - Epoch 591: train_loss=0.3826984167098999, train_acc= 87.44%
INFO - 09/13/26 23:52:16 - 0:27:11 - Epoch 592: train_loss=0.3851303160190582, train_acc= 87.21%
INFO - 09/13/26 23:52:16 - 0:27:11 - Epoch 593: train_loss=0.3842788338661194, train_acc= 87.34%
INFO - 09/13/26 23:52:16 - 0:27:11 - Epoch 594: train_loss=0.38340455293655396, train_acc= 87.32%
INFO - 09/13/26 23:52:16 - 0:27:12 - Epoch 595: train_loss=0.3837740123271942, train_acc= 87.48%
INFO - 09/13/26 23:52:16 - 0:27:12 - Epoch 595: val_loss=0.5044218897819519, val_acc= 84.87%,val_weighted_f1= 84.89,val_macro_f1= 83.01%
INFO - 09/13/26 23:52:17 - 0:27:12 - Epoch 596: train_loss=0.3777787983417511, train_acc= 87.67%
INFO - 09/13/26 23:52:17 - 0:27:12 - Epoch 597: train_loss=0.3796840012073517, train_acc= 87.31%
INFO - 09/13/26 23:52:17 - 0:27:12 - Epoch 598: train_loss=0.3834197521209717, train_acc= 87.39%
INFO - 09/13/26 23:52:17 - 0:27:13 - Epoch 599: train_loss=0.38363006711006165, train_acc= 87.38%
INFO - 09/13/26 23:52:17 - 0:27:13 - Epoch 600: train_loss=0.38241100311279297, train_acc= 87.41%
INFO - 09/13/26 23:52:17 - 0:27:13 - Epoch 600: val_loss=0.5034540295600891, val_acc= 84.87%,val_weighted_f1= 84.89,val_macro_f1= 83.02%
INFO - 09/13/26 23:52:18 - 0:27:13 - Epoch 601: train_loss=0.37838447093963623, train_acc= 87.21%
INFO - 09/13/26 23:52:18 - 0:27:13 - Epoch 602: train_loss=0.37651607394218445, train_acc= 87.37%
INFO - 09/13/26 23:52:18 - 0:27:13 - Epoch 603: train_loss=0.38361817598342896, train_acc= 87.28%
INFO - 09/13/26 23:52:18 - 0:27:14 - Epoch 604: train_loss=0.3814117908477783, train_acc= 87.34%
INFO - 09/13/26 23:52:18 - 0:27:14 - Epoch 605: train_loss=0.382601261138916, train_acc= 87.61%
INFO - 09/13/26 23:52:18 - 0:27:14 - Epoch 605: val_loss=0.5025827288627625, val_acc= 84.96%,val_weighted_f1= 84.97,val_macro_f1= 83.07%
INFO - 09/13/26 23:52:19 - 0:27:14 - Epoch 606: train_loss=0.37736400961875916, train_acc= 87.22%
INFO - 09/13/26 23:52:19 - 0:27:14 - Epoch 607: train_loss=0.38119402527809143, train_acc= 87.57%
INFO - 09/13/26 23:52:19 - 0:27:15 - Epoch 608: train_loss=0.3785706162452698, train_acc= 87.67%
INFO - 09/13/26 23:52:19 - 0:27:15 - Epoch 609: train_loss=0.374813437461853, train_acc= 87.65%
INFO - 09/13/26 23:52:19 - 0:27:15 - Epoch 610: train_loss=0.37823382019996643, train_acc= 87.34%
INFO - 09/13/26 23:52:20 - 0:27:15 - Epoch 610: val_loss=0.5014742016792297, val_acc= 84.96%,val_weighted_f1= 84.96,val_macro_f1= 83.10%
INFO - 09/13/26 23:52:20 - 0:27:15 - Epoch 611: train_loss=0.3764457404613495, train_acc= 87.61%
INFO - 09/13/26 23:52:20 - 0:27:15 - Epoch 612: train_loss=0.3789779841899872, train_acc= 87.81%
INFO - 09/13/26 23:52:20 - 0:27:16 - Epoch 613: train_loss=0.3729853928089142, train_acc= 87.85%
INFO - 09/13/26 23:52:20 - 0:27:16 - Epoch 614: train_loss=0.3788168728351593, train_acc= 87.47%
INFO - 09/13/26 23:52:21 - 0:27:16 - Epoch 615: train_loss=0.3727426826953888, train_acc= 87.89%
INFO - 09/13/26 23:52:21 - 0:27:16 - Epoch 615: val_loss=0.5038431286811829, val_acc= 84.96%,val_weighted_f1= 84.97,val_macro_f1= 82.99%
INFO - 09/13/26 23:52:21 - 0:27:16 - Epoch 616: train_loss=0.37496358156204224, train_acc= 87.61%
INFO - 09/13/26 23:52:21 - 0:27:16 - Epoch 617: train_loss=0.3768776059150696, train_acc= 87.45%
INFO - 09/13/26 23:52:21 - 0:27:17 - Epoch 618: train_loss=0.3739801347255707, train_acc= 87.64%
INFO - 09/13/26 23:52:21 - 0:27:17 - Epoch 619: train_loss=0.37515994906425476, train_acc= 87.78%
INFO - 09/13/26 23:52:22 - 0:27:17 - Epoch 620: train_loss=0.3764888346195221, train_acc= 87.39%
INFO - 09/13/26 23:52:22 - 0:27:17 - Epoch 620: val_loss=0.4983641505241394, val_acc= 84.91%,val_weighted_f1= 84.91,val_macro_f1= 83.03%
EarlyStopping counter: 1 out of 15
INFO - 09/13/26 23:52:22 - 0:27:17 - Epoch 621: train_loss=0.37421923875808716, train_acc= 87.78%
INFO - 09/13/26 23:52:22 - 0:27:18 - Epoch 622: train_loss=0.3791603744029999, train_acc= 87.30%
INFO - 09/13/26 23:52:22 - 0:27:18 - Epoch 623: train_loss=0.3721403479576111, train_acc= 87.78%
INFO - 09/13/26 23:52:22 - 0:27:18 - Epoch 624: train_loss=0.3762264847755432, train_acc= 87.62%
INFO - 09/13/26 23:52:23 - 0:27:18 - Epoch 625: train_loss=0.3674764633178711, train_acc= 87.72%
INFO - 09/13/26 23:52:23 - 0:27:18 - Epoch 625: val_loss=0.5012202858924866, val_acc= 84.87%,val_weighted_f1= 84.88,val_macro_f1= 83.04%
EarlyStopping counter: 2 out of 15
INFO - 09/13/26 23:52:23 - 0:27:18 - Epoch 626: train_loss=0.37169578671455383, train_acc= 87.44%
INFO - 09/13/26 23:52:23 - 0:27:19 - Epoch 627: train_loss=0.36937442421913147, train_acc= 87.74%
INFO - 09/13/26 23:52:23 - 0:27:19 - Epoch 628: train_loss=0.3699261546134949, train_acc= 87.92%
INFO - 09/13/26 23:52:24 - 0:27:19 - Epoch 629: train_loss=0.3704570531845093, train_acc= 88.02%
INFO - 09/13/26 23:52:24 - 0:27:19 - Epoch 630: train_loss=0.3689548671245575, train_acc= 87.82%
INFO - 09/13/26 23:52:24 - 0:27:19 - Epoch 630: val_loss=0.4995097219944, val_acc= 84.91%,val_weighted_f1= 84.91,val_macro_f1= 82.86%
EarlyStopping counter: 3 out of 15
INFO - 09/13/26 23:52:24 - 0:27:20 - Epoch 631: train_loss=0.36758819222450256, train_acc= 87.55%
INFO - 09/13/26 23:52:24 - 0:27:20 - Epoch 632: train_loss=0.3630308210849762, train_acc= 87.99%
INFO - 09/13/26 23:52:24 - 0:27:20 - Epoch 633: train_loss=0.36503085494041443, train_acc= 87.89%
INFO - 09/13/26 23:52:25 - 0:27:20 - Epoch 634: train_loss=0.36624956130981445, train_acc= 87.67%
INFO - 09/13/26 23:52:25 - 0:27:20 - Epoch 635: train_loss=0.3760956823825836, train_acc= 87.35%
INFO - 09/13/26 23:52:25 - 0:27:20 - Epoch 635: val_loss=0.500666618347168, val_acc= 85.04%,val_weighted_f1= 85.06,val_macro_f1= 83.11%
INFO - 09/13/26 23:52:25 - 0:27:21 - Epoch 636: train_loss=0.37235864996910095, train_acc= 87.55%
INFO - 09/13/26 23:52:25 - 0:27:21 - Epoch 637: train_loss=0.3646720051765442, train_acc= 87.96%
INFO - 09/13/26 23:52:26 - 0:27:21 - Epoch 638: train_loss=0.3747601807117462, train_acc= 87.51%
INFO - 09/13/26 23:52:26 - 0:27:21 - Epoch 639: train_loss=0.36505451798439026, train_acc= 87.84%
INFO - 09/13/26 23:52:26 - 0:27:21 - Epoch 640: train_loss=0.3708013892173767, train_acc= 87.59%
INFO - 09/13/26 23:52:26 - 0:27:21 - Epoch 640: val_loss=0.500135064125061, val_acc= 85.26%,val_weighted_f1= 85.24,val_macro_f1= 83.42%
INFO - 09/13/26 23:52:26 - 0:27:22 - Epoch 641: train_loss=0.3687511086463928, train_acc= 87.71%
INFO - 09/13/26 23:52:26 - 0:27:22 - Epoch 642: train_loss=0.3678211271762848, train_acc= 87.72%
INFO - 09/13/26 23:52:27 - 0:27:22 - Epoch 643: train_loss=0.37038466334342957, train_acc= 87.68%
INFO - 09/13/26 23:52:27 - 0:27:22 - Epoch 644: train_loss=0.369313508272171, train_acc= 88.14%
INFO - 09/13/26 23:52:27 - 0:27:22 - Epoch 645: train_loss=0.36824384331703186, train_acc= 87.69%
INFO - 09/13/26 23:52:27 - 0:27:23 - Epoch 645: val_loss=0.4989665746688843, val_acc= 85.09%,val_weighted_f1= 85.06,val_macro_f1= 83.20%
EarlyStopping counter: 1 out of 15
INFO - 09/13/26 23:52:27 - 0:27:23 - Epoch 646: train_loss=0.3691902458667755, train_acc= 87.81%
INFO - 09/13/26 23:52:27 - 0:27:23 - Epoch 647: train_loss=0.36421284079551697, train_acc= 87.86%
INFO - 09/13/26 23:52:28 - 0:27:23 - Epoch 648: train_loss=0.3690442144870758, train_acc= 87.99%
INFO - 09/13/26 23:52:28 - 0:27:23 - Epoch 649: train_loss=0.3647366762161255, train_acc= 87.88%
INFO - 09/13/26 23:52:28 - 0:27:24 - Epoch 650: train_loss=0.3646402060985565, train_acc= 87.86%
INFO - 09/13/26 23:52:28 - 0:27:24 - Epoch 650: val_loss=0.4996989965438843, val_acc= 85.13%,val_weighted_f1= 85.13,val_macro_f1= 83.18%
EarlyStopping counter: 2 out of 15
INFO - 09/13/26 23:52:28 - 0:27:24 - Epoch 651: train_loss=0.3665146231651306, train_acc= 87.85%
INFO - 09/13/26 23:52:29 - 0:27:24 - Epoch 652: train_loss=0.3609373867511749, train_acc= 88.28%
INFO - 09/13/26 23:52:29 - 0:27:24 - Epoch 653: train_loss=0.365543007850647, train_acc= 87.99%
INFO - 09/13/26 23:52:29 - 0:27:24 - Epoch 654: train_loss=0.3592417538166046, train_acc= 87.98%
INFO - 09/13/26 23:52:29 - 0:27:25 - Epoch 655: train_loss=0.36569860577583313, train_acc= 87.69%
INFO - 09/13/26 23:52:29 - 0:27:25 - Epoch 655: val_loss=0.5017686486244202, val_acc= 84.79%,val_weighted_f1= 84.79,val_macro_f1= 82.85%
EarlyStopping counter: 3 out of 15
INFO - 09/13/26 23:52:29 - 0:27:25 - Epoch 656: train_loss=0.35985076427459717, train_acc= 88.04%
INFO - 09/13/26 23:52:30 - 0:27:25 - Epoch 657: train_loss=0.3567970395088196, train_acc= 88.01%
INFO - 09/13/26 23:52:30 - 0:27:25 - Epoch 658: train_loss=0.3578365743160248, train_acc= 88.11%
INFO - 09/13/26 23:52:30 - 0:27:25 - Epoch 659: train_loss=0.359090656042099, train_acc= 88.14%
INFO - 09/13/26 23:52:30 - 0:27:26 - Epoch 660: train_loss=0.36330702900886536, train_acc= 88.05%
INFO - 09/13/26 23:52:30 - 0:27:26 - Epoch 660: val_loss=0.5021125674247742, val_acc= 84.83%,val_weighted_f1= 84.85,val_macro_f1= 83.07%
EarlyStopping counter: 4 out of 15
INFO - 09/13/26 23:52:30 - 0:27:26 - Epoch 661: train_loss=0.35797062516212463, train_acc= 88.31%
INFO - 09/13/26 23:52:31 - 0:27:26 - Epoch 662: train_loss=0.35836902260780334, train_acc= 88.25%
INFO - 09/13/26 23:52:31 - 0:27:26 - Epoch 663: train_loss=0.3596029579639435, train_acc= 88.32%
INFO - 09/13/26 23:52:31 - 0:27:27 - Epoch 664: train_loss=0.35980284214019775, train_acc= 88.28%
INFO - 09/13/26 23:52:31 - 0:27:27 - Epoch 665: train_loss=0.356967031955719, train_acc= 88.35%
INFO - 09/13/26 23:52:31 - 0:27:27 - Epoch 665: val_loss=0.5009495615959167, val_acc= 85.00%,val_weighted_f1= 85.01,val_macro_f1= 83.16%
EarlyStopping counter: 5 out of 15
INFO - 09/13/26 23:52:32 - 0:27:27 - Epoch 666: train_loss=0.35980966687202454, train_acc= 87.88%
INFO - 09/13/26 23:52:32 - 0:27:27 - Epoch 667: train_loss=0.3584631383419037, train_acc= 88.15%
INFO - 09/13/26 23:52:32 - 0:27:27 - Epoch 668: train_loss=0.365556001663208, train_acc= 87.99%
INFO - 09/13/26 23:52:32 - 0:27:28 - Epoch 669: train_loss=0.3528614640235901, train_acc= 88.29%
INFO - 09/13/26 23:52:32 - 0:27:28 - Epoch 670: train_loss=0.36315634846687317, train_acc= 87.91%
INFO - 09/13/26 23:52:32 - 0:27:28 - Epoch 670: val_loss=0.5014069676399231, val_acc= 85.09%,val_weighted_f1= 85.05,val_macro_f1= 83.14%
EarlyStopping counter: 6 out of 15
INFO - 09/13/26 23:52:33 - 0:27:28 - Epoch 671: train_loss=0.351218044757843, train_acc= 88.42%
INFO - 09/13/26 23:52:33 - 0:27:28 - Epoch 672: train_loss=0.3616892993450165, train_acc= 88.24%
INFO - 09/13/26 23:52:33 - 0:27:29 - Epoch 673: train_loss=0.35965901613235474, train_acc= 88.01%
INFO - 09/13/26 23:52:33 - 0:27:29 - Epoch 674: train_loss=0.35551145672798157, train_acc= 88.29%
INFO - 09/13/26 23:52:33 - 0:27:29 - Epoch 675: train_loss=0.3589899241924286, train_acc= 88.22%
INFO - 09/13/26 23:52:34 - 0:27:29 - Epoch 675: val_loss=0.5003159642219543, val_acc= 84.96%,val_weighted_f1= 84.96,val_macro_f1= 83.10%
EarlyStopping counter: 7 out of 15
INFO - 09/13/26 23:52:34 - 0:27:29 - Epoch 676: train_loss=0.3501896262168884, train_acc= 88.28%
INFO - 09/13/26 23:52:34 - 0:27:29 - Epoch 677: train_loss=0.3507116138935089, train_acc= 88.24%
INFO - 09/13/26 23:52:34 - 0:27:30 - Epoch 678: train_loss=0.3553740382194519, train_acc= 88.12%
INFO - 09/13/26 23:52:34 - 0:27:30 - Epoch 679: train_loss=0.35249292850494385, train_acc= 88.11%
INFO - 09/13/26 23:52:35 - 0:27:30 - Epoch 680: train_loss=0.3547380268573761, train_acc= 88.25%
INFO - 09/13/26 23:52:35 - 0:27:30 - Epoch 680: val_loss=0.5003902912139893, val_acc= 85.13%,val_weighted_f1= 85.11,val_macro_f1= 83.30%
EarlyStopping counter: 8 out of 15
INFO - 09/13/26 23:52:35 - 0:27:30 - Epoch 681: train_loss=0.3567523658275604, train_acc= 88.11%
INFO - 09/13/26 23:52:35 - 0:27:31 - Epoch 682: train_loss=0.3513794541358948, train_acc= 88.25%
INFO - 09/13/26 23:52:35 - 0:27:31 - Epoch 683: train_loss=0.34975457191467285, train_acc= 88.66%
INFO - 09/13/26 23:52:35 - 0:27:31 - Epoch 684: train_loss=0.36029425263404846, train_acc= 88.36%
INFO - 09/13/26 23:52:36 - 0:27:31 - Epoch 685: train_loss=0.34796270728111267, train_acc= 88.73%
INFO - 09/13/26 23:52:36 - 0:27:31 - Epoch 685: val_loss=0.5016279220581055, val_acc= 85.26%,val_weighted_f1= 85.24,val_macro_f1= 83.36%
INFO - 09/13/26 23:52:36 - 0:27:31 - Epoch 686: train_loss=0.35444554686546326, train_acc= 88.29%
INFO - 09/13/26 23:52:36 - 0:27:32 - Epoch 687: train_loss=0.3500587046146393, train_acc= 88.04%
INFO - 09/13/26 23:52:36 - 0:27:32 - Epoch 688: train_loss=0.35044777393341064, train_acc= 88.63%
INFO - 09/13/26 23:52:36 - 0:27:32 - Epoch 689: train_loss=0.35238492488861084, train_acc= 88.12%
INFO - 09/13/26 23:52:37 - 0:27:32 - Epoch 690: train_loss=0.345765620470047, train_acc= 88.55%
INFO - 09/13/26 23:52:37 - 0:27:32 - Epoch 690: val_loss=0.502955973148346, val_acc= 85.04%,val_weighted_f1= 85.08,val_macro_f1= 83.28%
EarlyStopping counter: 1 out of 15
INFO - 09/13/26 23:52:37 - 0:27:33 - Epoch 691: train_loss=0.3489682078361511, train_acc= 88.36%
INFO - 09/13/26 23:52:37 - 0:27:33 - Epoch 692: train_loss=0.34953585267066956, train_acc= 88.11%
INFO - 09/13/26 23:52:37 - 0:27:33 - Epoch 693: train_loss=0.3482266366481781, train_acc= 88.43%
INFO - 09/13/26 23:52:38 - 0:27:33 - Epoch 694: train_loss=0.3473842144012451, train_acc= 88.61%
INFO - 09/13/26 23:52:38 - 0:27:33 - Epoch 695: train_loss=0.35106754302978516, train_acc= 88.16%
INFO - 09/13/26 23:52:38 - 0:27:33 - Epoch 695: val_loss=0.5011595487594604, val_acc= 85.56%,val_weighted_f1= 85.55,val_macro_f1= 83.70%
INFO - 09/13/26 23:52:38 - 0:27:34 - Epoch 696: train_loss=0.34844157099723816, train_acc= 88.52%
INFO - 09/13/26 23:52:38 - 0:27:34 - Epoch 697: train_loss=0.35003599524497986, train_acc= 88.24%
INFO - 09/13/26 23:52:38 - 0:27:34 - Epoch 698: train_loss=0.35155320167541504, train_acc= 88.35%
INFO - 09/13/26 23:52:39 - 0:27:34 - Epoch 699: train_loss=0.34895944595336914, train_acc= 88.53%
INFO - 09/13/26 23:52:39 - 0:27:34 - Epoch 700: train_loss=0.3460250496864319, train_acc= 88.41%
INFO - 09/13/26 23:52:39 - 0:27:34 - Epoch 700: val_loss=0.5017956495285034, val_acc= 85.17%,val_weighted_f1= 85.18,val_macro_f1= 83.32%
EarlyStopping counter: 1 out of 15
INFO - 09/13/26 23:52:39 - 0:27:35 - Epoch 701: train_loss=0.3492538630962372, train_acc= 88.51%
INFO - 09/13/26 23:52:39 - 0:27:35 - Epoch 702: train_loss=0.3461734354496002, train_acc= 88.52%
INFO - 09/13/26 23:52:39 - 0:27:35 - Epoch 703: train_loss=0.3496406674385071, train_acc= 88.21%
INFO - 09/13/26 23:52:40 - 0:27:35 - Epoch 704: train_loss=0.34699341654777527, train_acc= 88.19%
INFO - 09/13/26 23:52:40 - 0:27:35 - Epoch 705: train_loss=0.34911397099494934, train_acc= 88.71%
INFO - 09/13/26 23:52:40 - 0:27:36 - Epoch 705: val_loss=0.4994865357875824, val_acc= 84.96%,val_weighted_f1= 84.95,val_macro_f1= 83.20%
EarlyStopping counter: 2 out of 15
INFO - 09/13/26 23:52:40 - 0:27:36 - Epoch 706: train_loss=0.3502000868320465, train_acc= 88.31%
INFO - 09/13/26 23:52:40 - 0:27:36 - Epoch 707: train_loss=0.34441161155700684, train_acc= 88.78%
INFO - 09/13/26 23:52:41 - 0:27:36 - Epoch 708: train_loss=0.344551682472229, train_acc= 88.72%
INFO - 09/13/26 23:52:41 - 0:27:36 - Epoch 709: train_loss=0.34098389744758606, train_acc= 88.89%
INFO - 09/13/26 23:52:41 - 0:27:37 - Epoch 710: train_loss=0.336967408657074, train_acc= 88.71%
INFO - 09/13/26 23:52:41 - 0:27:37 - Epoch 710: val_loss=0.5040992498397827, val_acc= 84.96%,val_weighted_f1= 84.94,val_macro_f1= 83.10%
EarlyStopping counter: 3 out of 15
INFO - 09/13/26 23:52:41 - 0:27:37 - Epoch 711: train_loss=0.3453996181488037, train_acc= 88.65%
INFO - 09/13/26 23:52:41 - 0:27:37 - Epoch 712: train_loss=0.3438359498977661, train_acc= 88.53%
INFO - 09/13/26 23:52:42 - 0:27:37 - Epoch 713: train_loss=0.33783796429634094, train_acc= 88.78%
INFO - 09/13/26 23:52:42 - 0:27:37 - Epoch 714: train_loss=0.34289121627807617, train_acc= 88.39%
INFO - 09/13/26 23:52:42 - 0:27:38 - Epoch 715: train_loss=0.3398037850856781, train_acc= 88.78%
INFO - 09/13/26 23:52:42 - 0:27:38 - Epoch 715: val_loss=0.499369353055954, val_acc= 85.00%,val_weighted_f1= 85.00,val_macro_f1= 83.11%
EarlyStopping counter: 4 out of 15
INFO - 09/13/26 23:52:42 - 0:27:38 - Epoch 716: train_loss=0.34171614050865173, train_acc= 88.32%
INFO - 09/13/26 23:52:42 - 0:27:38 - Epoch 717: train_loss=0.3394022583961487, train_acc= 88.72%
INFO - 09/13/26 23:52:43 - 0:27:38 - Epoch 718: train_loss=0.33913105726242065, train_acc= 88.82%
INFO - 09/13/26 23:52:43 - 0:27:39 - Epoch 719: train_loss=0.3448121249675751, train_acc= 88.66%
INFO - 09/13/26 23:52:43 - 0:27:39 - Epoch 720: train_loss=0.3309246599674225, train_acc= 89.23%
INFO - 09/13/26 23:52:43 - 0:27:39 - Epoch 720: val_loss=0.5033770203590393, val_acc= 84.91%,val_weighted_f1= 84.93,val_macro_f1= 82.94%
EarlyStopping counter: 5 out of 15
INFO - 09/13/26 23:52:43 - 0:27:39 - Epoch 721: train_loss=0.33889132738113403, train_acc= 88.62%
INFO - 09/13/26 23:52:44 - 0:27:39 - Epoch 722: train_loss=0.33963292837142944, train_acc= 88.89%
INFO - 09/13/26 23:52:44 - 0:27:39 - Epoch 723: train_loss=0.3402726948261261, train_acc= 88.55%
INFO - 09/13/26 23:52:44 - 0:27:40 - Epoch 724: train_loss=0.34013423323631287, train_acc= 88.68%
INFO - 09/13/26 23:52:44 - 0:27:40 - Epoch 725: train_loss=0.3425297737121582, train_acc= 88.58%
INFO - 09/13/26 23:52:44 - 0:27:40 - Epoch 725: val_loss=0.5056030750274658, val_acc= 84.83%,val_weighted_f1= 84.84,val_macro_f1= 83.12%
EarlyStopping counter: 6 out of 15
INFO - 09/13/26 23:52:44 - 0:27:40 - Epoch 726: train_loss=0.333010733127594, train_acc= 88.99%
INFO - 09/13/26 23:52:45 - 0:27:40 - Epoch 727: train_loss=0.3351198434829712, train_acc= 89.20%
INFO - 09/13/26 23:52:45 - 0:27:40 - Epoch 728: train_loss=0.336005300283432, train_acc= 89.16%
INFO - 09/13/26 23:52:45 - 0:27:41 - Epoch 729: train_loss=0.3411495089530945, train_acc= 88.55%
INFO - 09/13/26 23:52:45 - 0:27:41 - Epoch 730: train_loss=0.3357239365577698, train_acc= 89.09%
INFO - 09/13/26 23:52:45 - 0:27:41 - Epoch 730: val_loss=0.5091322064399719, val_acc= 84.96%,val_weighted_f1= 84.98,val_macro_f1= 83.06%
EarlyStopping counter: 7 out of 15
INFO - 09/13/26 23:52:46 - 0:27:41 - Epoch 731: train_loss=0.3346377909183502, train_acc= 88.81%
INFO - 09/13/26 23:52:46 - 0:27:41 - Epoch 732: train_loss=0.34290075302124023, train_acc= 88.55%
INFO - 09/13/26 23:52:46 - 0:27:42 - Epoch 733: train_loss=0.3336959779262543, train_acc= 88.96%
INFO - 09/13/26 23:52:46 - 0:27:42 - Epoch 734: train_loss=0.33266687393188477, train_acc= 88.83%
INFO - 09/13/26 23:52:46 - 0:27:42 - Epoch 735: train_loss=0.33851733803749084, train_acc= 88.58%
INFO - 09/13/26 23:52:46 - 0:27:42 - Epoch 735: val_loss=0.5102945566177368, val_acc= 84.83%,val_weighted_f1= 84.86,val_macro_f1= 83.00%
EarlyStopping counter: 8 out of 15
INFO - 09/13/26 23:52:47 - 0:27:42 - Epoch 736: train_loss=0.3283676505088806, train_acc= 89.06%
INFO - 09/13/26 23:52:47 - 0:27:42 - Epoch 737: train_loss=0.3356233239173889, train_acc= 88.93%
INFO - 09/13/26 23:52:47 - 0:27:43 - Epoch 738: train_loss=0.3322483003139496, train_acc= 88.88%
INFO - 09/13/26 23:52:47 - 0:27:43 - Epoch 739: train_loss=0.3366362154483795, train_acc= 88.55%
INFO - 09/13/26 23:52:47 - 0:27:43 - Epoch 740: train_loss=0.33442819118499756, train_acc= 89.32%
INFO - 09/13/26 23:52:47 - 0:27:43 - Epoch 740: val_loss=0.5060880184173584, val_acc= 84.66%,val_weighted_f1= 84.70,val_macro_f1= 82.94%
EarlyStopping counter: 9 out of 15
INFO - 09/13/26 23:52:48 - 0:27:43 - Epoch 741: train_loss=0.33478641510009766, train_acc= 88.85%
INFO - 09/13/26 23:52:48 - 0:27:43 - Epoch 742: train_loss=0.3308155834674835, train_acc= 89.00%
INFO - 09/13/26 23:52:48 - 0:27:44 - Epoch 743: train_loss=0.3293563723564148, train_acc= 89.20%
INFO - 09/13/26 23:52:48 - 0:27:44 - Epoch 744: train_loss=0.33172163367271423, train_acc= 89.20%
INFO - 09/13/26 23:52:48 - 0:27:44 - Epoch 745: train_loss=0.33622369170188904, train_acc= 88.92%
INFO - 09/13/26 23:52:49 - 0:27:44 - Epoch 745: val_loss=0.5093204379081726, val_acc= 84.91%,val_weighted_f1= 84.96,val_macro_f1= 83.04%
EarlyStopping counter: 10 out of 15
INFO - 09/13/26 23:52:49 - 0:27:44 - Epoch 746: train_loss=0.3305246829986572, train_acc= 89.02%
INFO - 09/13/26 23:52:49 - 0:27:45 - Epoch 747: train_loss=0.33499202132225037, train_acc= 88.81%
INFO - 09/13/26 23:52:49 - 0:27:45 - Epoch 748: train_loss=0.3300907611846924, train_acc= 88.93%
INFO - 09/13/26 23:52:49 - 0:27:45 - Epoch 749: train_loss=0.32911211252212524, train_acc= 89.16%
INFO - 09/13/26 23:52:50 - 0:27:45 - Epoch 750: train_loss=0.3273351192474365, train_acc= 89.30%
INFO - 09/13/26 23:52:50 - 0:27:45 - Epoch 750: val_loss=0.5036987662315369, val_acc= 85.09%,val_weighted_f1= 85.10,val_macro_f1= 83.21%
EarlyStopping counter: 11 out of 15
INFO - 09/13/26 23:52:50 - 0:27:45 - Epoch 751: train_loss=0.328540176153183, train_acc= 88.99%
INFO - 09/13/26 23:52:50 - 0:27:46 - Epoch 752: train_loss=0.3295789957046509, train_acc= 88.83%
INFO - 09/13/26 23:52:50 - 0:27:46 - Epoch 753: train_loss=0.33006712794303894, train_acc= 88.79%
INFO - 09/13/26 23:52:50 - 0:27:46 - Epoch 754: train_loss=0.32378140091896057, train_acc= 88.93%
INFO - 09/13/26 23:52:51 - 0:27:46 - Epoch 755: train_loss=0.3314891457557678, train_acc= 89.09%
INFO - 09/13/26 23:52:51 - 0:27:46 - Epoch 755: val_loss=0.5053421258926392, val_acc= 85.30%,val_weighted_f1= 85.31,val_macro_f1= 83.51%
EarlyStopping counter: 12 out of 15
INFO - 09/13/26 23:52:51 - 0:27:47 - Epoch 756: train_loss=0.3272571861743927, train_acc= 89.06%
INFO - 09/13/26 23:52:51 - 0:27:47 - Epoch 757: train_loss=0.3302963674068451, train_acc= 89.23%
INFO - 09/13/26 23:52:51 - 0:27:47 - Epoch 758: train_loss=0.32643648982048035, train_acc= 89.19%
INFO - 09/13/26 23:52:51 - 0:27:47 - Epoch 759: train_loss=0.32477205991744995, train_acc= 88.99%
INFO - 09/13/26 23:52:52 - 0:27:47 - Epoch 760: train_loss=0.3325027823448181, train_acc= 88.86%
INFO - 09/13/26 23:52:52 - 0:27:47 - Epoch 760: val_loss=0.5091592669487, val_acc= 85.00%,val_weighted_f1= 85.04,val_macro_f1= 83.35%
EarlyStopping counter: 13 out of 15
INFO - 09/13/26 23:52:52 - 0:27:48 - Epoch 761: train_loss=0.33113762736320496, train_acc= 89.09%
INFO - 09/13/26 23:52:52 - 0:27:48 - Epoch 762: train_loss=0.3248406946659088, train_acc= 89.56%
INFO - 09/13/26 23:52:52 - 0:27:48 - Epoch 763: train_loss=0.3288159668445587, train_acc= 88.86%
INFO - 09/13/26 23:52:53 - 0:27:48 - Epoch 764: train_loss=0.3305521011352539, train_acc= 88.96%
INFO - 09/13/26 23:52:53 - 0:27:48 - Epoch 765: train_loss=0.32508164644241333, train_acc= 89.30%
INFO - 09/13/26 23:52:53 - 0:27:48 - Epoch 765: val_loss=0.5156676173210144, val_acc= 84.49%,val_weighted_f1= 84.52,val_macro_f1= 82.63%
EarlyStopping counter: 14 out of 15
INFO - 09/13/26 23:52:53 - 0:27:49 - Epoch 766: train_loss=0.33391472697257996, train_acc= 88.99%
INFO - 09/13/26 23:52:53 - 0:27:49 - Epoch 767: train_loss=0.32156234979629517, train_acc= 89.42%
INFO - 09/13/26 23:52:53 - 0:27:49 - Epoch 768: train_loss=0.32454413175582886, train_acc= 89.19%
INFO - 09/13/26 23:52:54 - 0:27:49 - Epoch 769: train_loss=0.3255020081996918, train_acc= 89.05%
INFO - 09/13/26 23:52:54 - 0:27:49 - Epoch 770: train_loss=0.31664615869522095, train_acc= 89.62%
INFO - 09/13/26 23:52:54 - 0:27:50 - Epoch 770: val_loss=0.5076498985290527, val_acc= 84.91%,val_weighted_f1= 84.95,val_macro_f1= 83.23%
EarlyStopping counter: 15 out of 15
---------Early stopping--------
INFO - 09/13/26 23:52:54 - 0:27:50 - --------------Testing--------------------
INFO - 09/13/26 23:52:54 - 0:27:50 - --------------Loading from ./checkpoints/NC_WikiCS_model.pt--------------------
INFO - 09/13/26 23:52:54 - 0:27:50 - test_acc= 86.24%, weighted_f1= 86.21,macro_f1= 84.48%
INFO - 09/13/26 23:52:54 - 0:27:50 - test_acc= 86.24%, weighted_f1= 86.21,macro_f1= 84.48%
INFO - 09/13/26 23:52:54 - 0:27:50 - Best ACCs: [84.91, 84.87, 85.73, 83.93, 84.96, 84.53, 85.51, 84.23, 84.19, 86.24]
                                     Evaluation Acc is  84.91% ±  0.70%
                                     
[repro] exit_code=0
[repro] runtime_seconds=1674
[repro] finished_at=2026-09-13T23:52:55+08:00
