[repro] paper=gbn
[repro] started_at=2026-09-13T23:52:57+08:00
[repro] run_id=20260913_235257_official_computers_r10_pid309356
[repro] repo_commit=72ad3692916ecc60f2c78d5bd01a55d7c6297a4f
[repro] env=dtgb cwd=/home/lab_user/project/lzc/repro/gbn
[repro] command=python main.py --task NC --dataset computers
[repro] resource_cap_ratio=85 threads=17
[repro] python=3.10.20 torch=2.2.1+cu121 cuda=True gpu=NVIDIA GeForce RTX 3090
[cap] cores=17/20 CPUQuota=1700% MemoryMax=55139365888 cuda_fraction=0.85 mps=85 gpu_gov=1
Running as unit: run-p309427-i285685.scope; invocation ID: 1fef1f7084f94f0591fa5b511229cb18
Loading config file: ./configs/NC/computers.json
Log path: ./logs//NC_computers_NL3_HD512_DP0.2_ACTgelu_NORMln_BTrue_LRNC3e-05_LRT0.001.log
INFO - 09/13/26 23:53:02 - 0:00:00 - {'task': 'NC', 'dataset': 'computers', 'root_path': './datasets', 'val_every': 5, 'exp_iters': 10, 'log_dir': './logs/', 'result_dir': './results/', 'task_model_path': 'NC_computers_model.pt', 'checkpoints': './checkpoints/', 'add_self_loop': False, 'n_layers': 3, 'hid_dim': 512, 'embed_dim': 512, 'dropout': 0.2, 'act': 'gelu', 'input_act': 'gelu', 'norm': 'ln', 'bias': True, 'tau': 1.0, 'lr_nc': 3e-05, 'weight_decay_nc': 0, 'epochs_nc': 2000, 'patience_nc': 15, 'additional_layers': 0, 'distance_list': [50, 10, 5, 3], 'lr_trans': 0.001, 'weight_decay_trans': 0, 'epochs_trans': 2000, 'patience_trans': 10, 'use_gpu': True, 'gpu': 0, 'devices': '0', 'layer_wise': True, 'log_path': './logs//NC_computers_NL3_HD512_DP0.2_ACTgelu_NORMln_BTrue_LRNC3e-05_LRT0.001.log', 'result_path': './results//NC_computers.txt'}
INFO - 09/13/26 23:53:02 - 0:00:00 - --------------------------Training Start-------------------------
INFO - 09/13/26 23:53:03 - 0:00:01 - Epoch 0: train_loss=2.28841495513916, train_acc= 10.13%
INFO - 09/13/26 23:53:03 - 0:00:01 - Epoch 0: val_loss=2.167393684387207, val_acc= 20.07%,val_weighted_f1= 17.23,val_macro_f1= 6.91%
INFO - 09/13/26 23:53:03 - 0:00:01 - Epoch 1: train_loss=2.1873555183410645, train_acc= 18.31%
INFO - 09/13/26 23:53:03 - 0:00:01 - Epoch 2: train_loss=2.100404739379883, train_acc= 26.66%
INFO - 09/13/26 23:53:03 - 0:00:01 - Epoch 3: train_loss=2.0378124713897705, train_acc= 31.99%
INFO - 09/13/26 23:53:04 - 0:00:02 - Epoch 4: train_loss=1.9890317916870117, train_acc= 35.29%
INFO - 09/13/26 23:53:04 - 0:00:02 - Epoch 5: train_loss=1.9507416486740112, train_acc= 36.38%
INFO - 09/13/26 23:53:04 - 0:00:02 - Epoch 5: val_loss=1.9407975673675537, val_acc= 36.47%,val_weighted_f1= 20.10,val_macro_f1= 5.75%
INFO - 09/13/26 23:53:04 - 0:00:02 - Epoch 6: train_loss=1.9236634969711304, train_acc= 36.86%
INFO - 09/13/26 23:53:04 - 0:00:02 - Epoch 7: train_loss=1.8902837038040161, train_acc= 37.95%
INFO - 09/13/26 23:53:05 - 0:00:03 - Epoch 8: train_loss=1.858919382095337, train_acc= 38.78%
INFO - 09/13/26 23:53:05 - 0:00:03 - Epoch 9: train_loss=1.8401011228561401, train_acc= 38.95%
INFO - 09/13/26 23:53:05 - 0:00:03 - Epoch 10: train_loss=1.8188384771347046, train_acc= 39.89%
INFO - 09/13/26 23:53:05 - 0:00:03 - Epoch 10: val_loss=1.8139820098876953, val_acc= 38.91%,val_weighted_f1= 24.74,val_macro_f1= 8.35%
INFO - 09/13/26 23:53:05 - 0:00:03 - Epoch 11: train_loss=1.8001008033752441, train_acc= 40.37%
INFO - 09/13/26 23:53:06 - 0:00:04 - Epoch 12: train_loss=1.776023268699646, train_acc= 41.72%
INFO - 09/13/26 23:53:06 - 0:00:04 - Epoch 13: train_loss=1.752756953239441, train_acc= 42.61%
INFO - 09/13/26 23:53:06 - 0:00:04 - Epoch 14: train_loss=1.7337373495101929, train_acc= 43.25%
INFO - 09/13/26 23:53:06 - 0:00:04 - Epoch 15: train_loss=1.7236533164978027, train_acc= 43.41%
INFO - 09/13/26 23:53:06 - 0:00:04 - Epoch 15: val_loss=1.6982595920562744, val_acc= 42.47%,val_weighted_f1= 30.84,val_macro_f1= 12.39%
INFO - 09/13/26 23:53:07 - 0:00:05 - Epoch 16: train_loss=1.7010997533798218, train_acc= 43.98%
INFO - 09/13/26 23:53:07 - 0:00:05 - Epoch 17: train_loss=1.6788725852966309, train_acc= 44.53%
INFO - 09/13/26 23:53:07 - 0:00:05 - Epoch 18: train_loss=1.6564741134643555, train_acc= 45.35%
INFO - 09/13/26 23:53:07 - 0:00:05 - Epoch 19: train_loss=1.6415746212005615, train_acc= 45.44%
INFO - 09/13/26 23:53:07 - 0:00:05 - Epoch 20: train_loss=1.618220329284668, train_acc= 45.96%
INFO - 09/13/26 23:53:07 - 0:00:06 - Epoch 20: val_loss=1.591275691986084, val_acc= 45.42%,val_weighted_f1= 35.57,val_macro_f1= 15.91%
INFO - 09/13/26 23:53:08 - 0:00:06 - Epoch 21: train_loss=1.594408392906189, train_acc= 47.25%
INFO - 09/13/26 23:53:08 - 0:00:06 - Epoch 22: train_loss=1.5760645866394043, train_acc= 47.78%
INFO - 09/13/26 23:53:08 - 0:00:06 - Epoch 23: train_loss=1.5614469051361084, train_acc= 48.16%
INFO - 09/13/26 23:53:08 - 0:00:06 - Epoch 24: train_loss=1.5327097177505493, train_acc= 49.70%
INFO - 09/13/26 23:53:09 - 0:00:07 - Epoch 25: train_loss=1.5161635875701904, train_acc= 50.55%
INFO - 09/13/26 23:53:09 - 0:00:07 - Epoch 25: val_loss=1.4726203680038452, val_acc= 51.09%,val_weighted_f1= 42.93,val_macro_f1= 20.49%
INFO - 09/13/26 23:53:09 - 0:00:07 - Epoch 26: train_loss=1.4918901920318604, train_acc= 51.81%
INFO - 09/13/26 23:53:09 - 0:00:07 - Epoch 27: train_loss=1.4737446308135986, train_acc= 52.61%
INFO - 09/13/26 23:53:09 - 0:00:07 - Epoch 28: train_loss=1.450485348701477, train_acc= 54.00%
INFO - 09/13/26 23:53:10 - 0:00:08 - Epoch 29: train_loss=1.4343163967132568, train_acc= 54.05%
INFO - 09/13/26 23:53:10 - 0:00:08 - Epoch 30: train_loss=1.4148335456848145, train_acc= 54.98%
INFO - 09/13/26 23:53:10 - 0:00:08 - Epoch 30: val_loss=1.3546338081359863, val_acc= 56.25%,val_weighted_f1= 48.59,val_macro_f1= 24.10%
INFO - 09/13/26 23:53:10 - 0:00:08 - Epoch 31: train_loss=1.385790467262268, train_acc= 55.87%
INFO - 09/13/26 23:53:10 - 0:00:08 - Epoch 32: train_loss=1.3666646480560303, train_acc= 56.93%
INFO - 09/13/26 23:53:11 - 0:00:09 - Epoch 33: train_loss=1.3423362970352173, train_acc= 57.67%
INFO - 09/13/26 23:53:11 - 0:00:09 - Epoch 34: train_loss=1.3204197883605957, train_acc= 58.43%
INFO - 09/13/26 23:53:11 - 0:00:09 - Epoch 35: train_loss=1.2955093383789062, train_acc= 60.11%
INFO - 09/13/26 23:53:11 - 0:00:09 - Epoch 35: val_loss=1.23145592212677, val_acc= 61.42%,val_weighted_f1= 54.36,val_macro_f1= 28.41%
INFO - 09/13/26 23:53:11 - 0:00:09 - Epoch 36: train_loss=1.2709945440292358, train_acc= 60.83%
INFO - 09/13/26 23:53:12 - 0:00:10 - Epoch 37: train_loss=1.251346468925476, train_acc= 61.86%
INFO - 09/13/26 23:53:12 - 0:00:10 - Epoch 38: train_loss=1.230112075805664, train_acc= 62.36%
INFO - 09/13/26 23:53:12 - 0:00:10 - Epoch 39: train_loss=1.2083144187927246, train_acc= 63.60%
INFO - 09/13/26 23:53:12 - 0:00:10 - Epoch 40: train_loss=1.1844098567962646, train_acc= 64.06%
INFO - 09/13/26 23:53:12 - 0:00:10 - Epoch 40: val_loss=1.1155811548233032, val_acc= 66.07%,val_weighted_f1= 59.84,val_macro_f1= 33.61%
INFO - 09/13/26 23:53:12 - 0:00:11 - Epoch 41: train_loss=1.1641765832901, train_acc= 64.99%
INFO - 09/13/26 23:53:13 - 0:00:11 - Epoch 42: train_loss=1.1358892917633057, train_acc= 65.73%
INFO - 09/13/26 23:53:13 - 0:00:11 - Epoch 43: train_loss=1.1161041259765625, train_acc= 66.55%
INFO - 09/13/26 23:53:13 - 0:00:11 - Epoch 44: train_loss=1.098945140838623, train_acc= 66.66%
INFO - 09/13/26 23:53:13 - 0:00:11 - Epoch 45: train_loss=1.0789207220077515, train_acc= 67.67%
INFO - 09/13/26 23:53:13 - 0:00:12 - Epoch 45: val_loss=1.0085053443908691, val_acc= 69.49%,val_weighted_f1= 63.35,val_macro_f1= 36.11%
INFO - 09/13/26 23:53:14 - 0:00:12 - Epoch 46: train_loss=1.0581302642822266, train_acc= 68.44%
INFO - 09/13/26 23:53:14 - 0:00:12 - Epoch 47: train_loss=1.0301547050476074, train_acc= 69.22%
INFO - 09/13/26 23:53:14 - 0:00:12 - Epoch 48: train_loss=1.0177379846572876, train_acc= 69.62%
INFO - 09/13/26 23:53:14 - 0:00:12 - Epoch 49: train_loss=0.9945281744003296, train_acc= 69.97%
INFO - 09/13/26 23:53:15 - 0:00:13 - Epoch 50: train_loss=0.9782620072364807, train_acc= 70.53%
INFO - 09/13/26 23:53:15 - 0:00:13 - Epoch 50: val_loss=0.9139761924743652, val_acc= 71.71%,val_weighted_f1= 65.67,val_macro_f1= 38.10%
INFO - 09/13/26 23:53:15 - 0:00:13 - Epoch 51: train_loss=0.9570401310920715, train_acc= 70.65%
INFO - 09/13/26 23:53:15 - 0:00:13 - Epoch 52: train_loss=0.9346674680709839, train_acc= 71.55%
INFO - 09/13/26 23:53:15 - 0:00:13 - Epoch 53: train_loss=0.922550618648529, train_acc= 72.03%
INFO - 09/13/26 23:53:16 - 0:00:14 - Epoch 54: train_loss=0.9019832611083984, train_acc= 72.37%
INFO - 09/13/26 23:53:16 - 0:00:14 - Epoch 55: train_loss=0.8812347054481506, train_acc= 72.71%
INFO - 09/13/26 23:53:16 - 0:00:14 - Epoch 55: val_loss=0.8260044455528259, val_acc= 74.15%,val_weighted_f1= 69.15,val_macro_f1= 44.39%
INFO - 09/13/26 23:53:16 - 0:00:14 - Epoch 56: train_loss=0.8665634393692017, train_acc= 73.56%
INFO - 09/13/26 23:53:16 - 0:00:14 - Epoch 57: train_loss=0.853979766368866, train_acc= 73.90%
INFO - 09/13/26 23:53:16 - 0:00:15 - Epoch 58: train_loss=0.8359466195106506, train_acc= 74.48%
INFO - 09/13/26 23:53:17 - 0:00:15 - Epoch 59: train_loss=0.8206504583358765, train_acc= 74.66%
INFO - 09/13/26 23:53:17 - 0:00:15 - Epoch 60: train_loss=0.8021275997161865, train_acc= 75.33%
INFO - 09/13/26 23:53:17 - 0:00:15 - Epoch 60: val_loss=0.751680314540863, val_acc= 76.36%,val_weighted_f1= 72.17,val_macro_f1= 50.25%
INFO - 09/13/26 23:53:17 - 0:00:15 - Epoch 61: train_loss=0.7933980226516724, train_acc= 75.63%
INFO - 09/13/26 23:53:17 - 0:00:16 - Epoch 62: train_loss=0.7814904451370239, train_acc= 75.58%
INFO - 09/13/26 23:53:18 - 0:00:16 - Epoch 63: train_loss=0.7628573179244995, train_acc= 76.27%
INFO - 09/13/26 23:53:18 - 0:00:16 - Epoch 64: train_loss=0.7465018033981323, train_acc= 76.85%
INFO - 09/13/26 23:53:18 - 0:00:16 - Epoch 65: train_loss=0.7355379462242126, train_acc= 77.41%
INFO - 09/13/26 23:53:18 - 0:00:16 - Epoch 65: val_loss=0.6852205991744995, val_acc= 77.96%,val_weighted_f1= 74.29,val_macro_f1= 54.73%
INFO - 09/13/26 23:53:18 - 0:00:17 - Epoch 66: train_loss=0.7232983112335205, train_acc= 77.62%
INFO - 09/13/26 23:53:19 - 0:00:17 - Epoch 67: train_loss=0.7123036980628967, train_acc= 77.86%
INFO - 09/13/26 23:53:19 - 0:00:17 - Epoch 68: train_loss=0.7005905508995056, train_acc= 78.53%
INFO - 09/13/26 23:53:19 - 0:00:17 - Epoch 69: train_loss=0.684432327747345, train_acc= 78.62%
INFO - 09/13/26 23:53:19 - 0:00:17 - Epoch 70: train_loss=0.6707633137702942, train_acc= 78.93%
INFO - 09/13/26 23:53:19 - 0:00:18 - Epoch 70: val_loss=0.6269587278366089, val_acc= 80.11%,val_weighted_f1= 77.35,val_macro_f1= 62.27%
INFO - 09/13/26 23:53:20 - 0:00:18 - Epoch 71: train_loss=0.6607105135917664, train_acc= 79.69%
INFO - 09/13/26 23:53:20 - 0:00:18 - Epoch 72: train_loss=0.6526261568069458, train_acc= 80.00%
INFO - 09/13/26 23:53:20 - 0:00:18 - Epoch 73: train_loss=0.6429561972618103, train_acc= 80.17%
INFO - 09/13/26 23:53:20 - 0:00:18 - Epoch 74: train_loss=0.6318631768226624, train_acc= 80.42%
INFO - 09/13/26 23:53:21 - 0:00:19 - Epoch 75: train_loss=0.6182196736335754, train_acc= 80.65%
INFO - 09/13/26 23:53:21 - 0:00:19 - Epoch 75: val_loss=0.5801289677619934, val_acc= 81.27%,val_weighted_f1= 79.00,val_macro_f1= 66.02%
INFO - 09/13/26 23:53:21 - 0:00:19 - Epoch 76: train_loss=0.61019366979599, train_acc= 80.60%
INFO - 09/13/26 23:53:21 - 0:00:19 - Epoch 77: train_loss=0.6056851148605347, train_acc= 80.88%
INFO - 09/13/26 23:53:21 - 0:00:19 - Epoch 78: train_loss=0.593991756439209, train_acc= 81.39%
INFO - 09/13/26 23:53:21 - 0:00:20 - Epoch 79: train_loss=0.5810893177986145, train_acc= 81.92%
INFO - 09/13/26 23:53:22 - 0:00:20 - Epoch 80: train_loss=0.5720252394676208, train_acc= 82.25%
INFO - 09/13/26 23:53:22 - 0:00:20 - Epoch 80: val_loss=0.5393857359886169, val_acc= 82.62%,val_weighted_f1= 80.74,val_macro_f1= 70.05%
INFO - 09/13/26 23:53:22 - 0:00:20 - Epoch 81: train_loss=0.5649727582931519, train_acc= 82.36%
INFO - 09/13/26 23:53:22 - 0:00:20 - Epoch 82: train_loss=0.5624558329582214, train_acc= 82.46%
INFO - 09/13/26 23:53:22 - 0:00:21 - Epoch 83: train_loss=0.5459264516830444, train_acc= 83.47%
INFO - 09/13/26 23:53:23 - 0:00:21 - Epoch 84: train_loss=0.5410889983177185, train_acc= 83.49%
INFO - 09/13/26 23:53:23 - 0:00:21 - Epoch 85: train_loss=0.5370466113090515, train_acc= 83.41%
INFO - 09/13/26 23:53:23 - 0:00:21 - Epoch 85: val_loss=0.5060754418373108, val_acc= 83.31%,val_weighted_f1= 81.67,val_macro_f1= 71.98%
INFO - 09/13/26 23:53:23 - 0:00:21 - Epoch 86: train_loss=0.5262928009033203, train_acc= 83.69%
INFO - 09/13/26 23:53:23 - 0:00:22 - Epoch 87: train_loss=0.5224992036819458, train_acc= 83.96%
INFO - 09/13/26 23:53:24 - 0:00:22 - Epoch 88: train_loss=0.5112306475639343, train_acc= 84.23%
INFO - 09/13/26 23:53:24 - 0:00:22 - Epoch 89: train_loss=0.5102884769439697, train_acc= 84.05%
INFO - 09/13/26 23:53:24 - 0:00:22 - Epoch 90: train_loss=0.5012375116348267, train_acc= 84.63%
INFO - 09/13/26 23:53:24 - 0:00:22 - Epoch 90: val_loss=0.4763390123844147, val_acc= 84.11%,val_weighted_f1= 82.70,val_macro_f1= 74.22%
INFO - 09/13/26 23:53:24 - 0:00:23 - Epoch 91: train_loss=0.491070419549942, train_acc= 85.02%
INFO - 09/13/26 23:53:25 - 0:00:23 - Epoch 92: train_loss=0.4906414747238159, train_acc= 84.80%
INFO - 09/13/26 23:53:25 - 0:00:23 - Epoch 93: train_loss=0.478453129529953, train_acc= 85.48%
INFO - 09/13/26 23:53:25 - 0:00:23 - Epoch 94: train_loss=0.4790663421154022, train_acc= 85.26%
INFO - 09/13/26 23:53:25 - 0:00:23 - Epoch 95: train_loss=0.47123631834983826, train_acc= 85.51%
INFO - 09/13/26 23:53:25 - 0:00:24 - Epoch 95: val_loss=0.4539957046508789, val_acc= 84.58%,val_weighted_f1= 83.27,val_macro_f1= 75.29%
INFO - 09/13/26 23:53:26 - 0:00:24 - Epoch 96: train_loss=0.46391651034355164, train_acc= 85.69%
INFO - 09/13/26 23:53:26 - 0:00:24 - Epoch 97: train_loss=0.46150144934654236, train_acc= 85.91%
INFO - 09/13/26 23:53:26 - 0:00:24 - Epoch 98: train_loss=0.448599249124527, train_acc= 86.56%
INFO - 09/13/26 23:53:26 - 0:00:24 - Epoch 99: train_loss=0.44989094138145447, train_acc= 86.43%
INFO - 09/13/26 23:53:26 - 0:00:25 - Epoch 100: train_loss=0.4458584487438202, train_acc= 86.38%
INFO - 09/13/26 23:53:27 - 0:00:25 - Epoch 100: val_loss=0.43415796756744385, val_acc= 85.13%,val_weighted_f1= 83.96,val_macro_f1= 76.99%
INFO - 09/13/26 23:53:27 - 0:00:25 - Epoch 101: train_loss=0.4411795437335968, train_acc= 86.68%
INFO - 09/13/26 23:53:27 - 0:00:25 - Epoch 102: train_loss=0.43500304222106934, train_acc= 86.92%
INFO - 09/13/26 23:53:27 - 0:00:25 - Epoch 103: train_loss=0.4282081127166748, train_acc= 86.94%
INFO - 09/13/26 23:53:27 - 0:00:26 - Epoch 104: train_loss=0.42521604895591736, train_acc= 87.00%
INFO - 09/13/26 23:53:28 - 0:00:26 - Epoch 105: train_loss=0.42073875665664673, train_acc= 87.13%
INFO - 09/13/26 23:53:28 - 0:00:26 - Epoch 105: val_loss=0.41762349009513855, val_acc= 85.85%,val_weighted_f1= 84.82,val_macro_f1= 78.89%
INFO - 09/13/26 23:53:28 - 0:00:26 - Epoch 106: train_loss=0.41850394010543823, train_acc= 87.11%
INFO - 09/13/26 23:53:28 - 0:00:26 - Epoch 107: train_loss=0.4136953055858612, train_acc= 87.23%
INFO - 09/13/26 23:53:28 - 0:00:27 - Epoch 108: train_loss=0.4103826880455017, train_acc= 87.66%
INFO - 09/13/26 23:53:29 - 0:00:27 - Epoch 109: train_loss=0.4064987897872925, train_acc= 87.80%
INFO - 09/13/26 23:53:29 - 0:00:27 - Epoch 110: train_loss=0.3980538249015808, train_acc= 87.45%
INFO - 09/13/26 23:53:29 - 0:00:27 - Epoch 110: val_loss=0.40303343534469604, val_acc= 86.40%,val_weighted_f1= 85.57,val_macro_f1= 80.30%
INFO - 09/13/26 23:53:29 - 0:00:27 - Epoch 111: train_loss=0.39562541246414185, train_acc= 87.85%
INFO - 09/13/26 23:53:29 - 0:00:28 - Epoch 112: train_loss=0.3968399465084076, train_acc= 88.54%
INFO - 09/13/26 23:53:30 - 0:00:28 - Epoch 113: train_loss=0.39612096548080444, train_acc= 88.21%
INFO - 09/13/26 23:53:30 - 0:00:28 - Epoch 114: train_loss=0.3876122236251831, train_acc= 88.14%
INFO - 09/13/26 23:53:30 - 0:00:28 - Epoch 115: train_loss=0.3834296762943268, train_acc= 88.52%
INFO - 09/13/26 23:53:30 - 0:00:28 - Epoch 115: val_loss=0.39032724499702454, val_acc= 86.87%,val_weighted_f1= 86.05,val_macro_f1= 81.15%
INFO - 09/13/26 23:53:30 - 0:00:29 - Epoch 116: train_loss=0.3804079592227936, train_acc= 88.55%
INFO - 09/13/26 23:53:31 - 0:00:29 - Epoch 117: train_loss=0.3797140419483185, train_acc= 88.52%
INFO - 09/13/26 23:53:31 - 0:00:29 - Epoch 118: train_loss=0.37008002400398254, train_acc= 88.85%
INFO - 09/13/26 23:53:31 - 0:00:29 - Epoch 119: train_loss=0.3723847568035126, train_acc= 88.75%
INFO - 09/13/26 23:53:31 - 0:00:29 - Epoch 120: train_loss=0.36983898282051086, train_acc= 88.91%
INFO - 09/13/26 23:53:31 - 0:00:29 - Epoch 120: val_loss=0.3762350380420685, val_acc= 87.24%,val_weighted_f1= 86.61,val_macro_f1= 82.23%
INFO - 09/13/26 23:53:32 - 0:00:30 - Epoch 121: train_loss=0.3669796586036682, train_acc= 89.18%
INFO - 09/13/26 23:53:32 - 0:00:30 - Epoch 122: train_loss=0.36312419176101685, train_acc= 89.13%
INFO - 09/13/26 23:53:32 - 0:00:30 - Epoch 123: train_loss=0.36045658588409424, train_acc= 89.07%
INFO - 09/13/26 23:53:32 - 0:00:30 - Epoch 124: train_loss=0.36067473888397217, train_acc= 88.96%
INFO - 09/13/26 23:53:32 - 0:00:31 - Epoch 125: train_loss=0.3527619540691376, train_acc= 89.36%
INFO - 09/13/26 23:53:33 - 0:00:31 - Epoch 125: val_loss=0.36727169156074524, val_acc= 87.71%,val_weighted_f1= 87.10,val_macro_f1= 82.89%
INFO - 09/13/26 23:53:33 - 0:00:31 - Epoch 126: train_loss=0.3459751009941101, train_acc= 89.76%
INFO - 09/13/26 23:53:33 - 0:00:31 - Epoch 127: train_loss=0.3489255905151367, train_acc= 89.48%
INFO - 09/13/26 23:53:33 - 0:00:31 - Epoch 128: train_loss=0.3472897410392761, train_acc= 89.49%
INFO - 09/13/26 23:53:33 - 0:00:32 - Epoch 129: train_loss=0.3453289866447449, train_acc= 89.69%
INFO - 09/13/26 23:53:34 - 0:00:32 - Epoch 130: train_loss=0.3412359952926636, train_acc= 89.81%
INFO - 09/13/26 23:53:34 - 0:00:32 - Epoch 130: val_loss=0.3616189956665039, val_acc= 87.82%,val_weighted_f1= 87.15,val_macro_f1= 82.94%
INFO - 09/13/26 23:53:34 - 0:00:32 - Epoch 131: train_loss=0.34079834818840027, train_acc= 89.55%
INFO - 09/13/26 23:53:34 - 0:00:32 - Epoch 132: train_loss=0.33468449115753174, train_acc= 89.75%
INFO - 09/13/26 23:53:34 - 0:00:33 - Epoch 133: train_loss=0.3297151029109955, train_acc= 89.74%
INFO - 09/13/26 23:53:35 - 0:00:33 - Epoch 134: train_loss=0.328581839799881, train_acc= 90.18%
INFO - 09/13/26 23:53:35 - 0:00:33 - Epoch 135: train_loss=0.32881566882133484, train_acc= 90.01%
INFO - 09/13/26 23:53:35 - 0:00:33 - Epoch 135: val_loss=0.3547751307487488, val_acc= 87.89%,val_weighted_f1= 87.23,val_macro_f1= 83.02%
INFO - 09/13/26 23:53:35 - 0:00:33 - Epoch 136: train_loss=0.32575520873069763, train_acc= 90.38%
INFO - 09/13/26 23:53:35 - 0:00:34 - Epoch 137: train_loss=0.3269411325454712, train_acc= 89.77%
INFO - 09/13/26 23:53:36 - 0:00:34 - Epoch 138: train_loss=0.32061848044395447, train_acc= 90.26%
INFO - 09/13/26 23:53:36 - 0:00:34 - Epoch 139: train_loss=0.3182062804698944, train_acc= 90.35%
INFO - 09/13/26 23:53:36 - 0:00:34 - Epoch 140: train_loss=0.31835341453552246, train_acc= 90.34%
INFO - 09/13/26 23:53:36 - 0:00:34 - Epoch 140: val_loss=0.34593522548675537, val_acc= 88.33%,val_weighted_f1= 87.87,val_macro_f1= 84.51%
INFO - 09/13/26 23:53:36 - 0:00:34 - Epoch 141: train_loss=0.3119076192378998, train_acc= 90.62%
INFO - 09/13/26 23:53:37 - 0:00:35 - Epoch 142: train_loss=0.3109966218471527, train_acc= 90.63%
INFO - 09/13/26 23:53:37 - 0:00:35 - Epoch 143: train_loss=0.3131360411643982, train_acc= 90.38%
INFO - 09/13/26 23:53:37 - 0:00:35 - Epoch 144: train_loss=0.31106579303741455, train_acc= 90.54%
INFO - 09/13/26 23:53:37 - 0:00:35 - Epoch 145: train_loss=0.31347984075546265, train_acc= 90.45%
INFO - 09/13/26 23:53:37 - 0:00:35 - Epoch 145: val_loss=0.339968204498291, val_acc= 88.62%,val_weighted_f1= 88.16,val_macro_f1= 84.84%
INFO - 09/13/26 23:53:38 - 0:00:36 - Epoch 146: train_loss=0.3033582270145416, train_acc= 90.94%
INFO - 09/13/26 23:53:38 - 0:00:36 - Epoch 147: train_loss=0.30493879318237305, train_acc= 90.92%
INFO - 09/13/26 23:53:38 - 0:00:36 - Epoch 148: train_loss=0.3028503358364105, train_acc= 90.49%
INFO - 09/13/26 23:53:38 - 0:00:36 - Epoch 149: train_loss=0.3041670322418213, train_acc= 90.86%
INFO - 09/13/26 23:53:38 - 0:00:37 - Epoch 150: train_loss=0.2982112765312195, train_acc= 90.74%
INFO - 09/13/26 23:53:39 - 0:00:37 - Epoch 150: val_loss=0.33413344621658325, val_acc= 88.65%,val_weighted_f1= 88.22,val_macro_f1= 85.20%
INFO - 09/13/26 23:53:39 - 0:00:37 - Epoch 151: train_loss=0.2956109642982483, train_acc= 91.14%
INFO - 09/13/26 23:53:39 - 0:00:37 - Epoch 152: train_loss=0.29317766427993774, train_acc= 90.95%
INFO - 09/13/26 23:53:39 - 0:00:37 - Epoch 153: train_loss=0.2926486134529114, train_acc= 91.13%
INFO - 09/13/26 23:53:39 - 0:00:38 - Epoch 154: train_loss=0.29015493392944336, train_acc= 90.87%
INFO - 09/13/26 23:53:40 - 0:00:38 - Epoch 155: train_loss=0.28538641333580017, train_acc= 91.43%
INFO - 09/13/26 23:53:40 - 0:00:38 - Epoch 155: val_loss=0.33593428134918213, val_acc= 88.62%,val_weighted_f1= 88.07,val_macro_f1= 84.79%
EarlyStopping counter: 1 out of 15
INFO - 09/13/26 23:53:40 - 0:00:38 - Epoch 156: train_loss=0.2865718603134155, train_acc= 91.44%
INFO - 09/13/26 23:53:40 - 0:00:38 - Epoch 157: train_loss=0.28402966260910034, train_acc= 91.58%
INFO - 09/13/26 23:53:40 - 0:00:39 - Epoch 158: train_loss=0.2847253978252411, train_acc= 91.26%
INFO - 09/13/26 23:53:41 - 0:00:39 - Epoch 159: train_loss=0.28180602192878723, train_acc= 91.23%
INFO - 09/13/26 23:53:41 - 0:00:39 - Epoch 160: train_loss=0.28173285722732544, train_acc= 91.43%
INFO - 09/13/26 23:53:41 - 0:00:39 - Epoch 160: val_loss=0.3338986933231354, val_acc= 88.47%,val_weighted_f1= 87.87,val_macro_f1= 84.37%
EarlyStopping counter: 2 out of 15
INFO - 09/13/26 23:53:41 - 0:00:39 - Epoch 161: train_loss=0.28349238634109497, train_acc= 90.96%
INFO - 09/13/26 23:53:41 - 0:00:39 - Epoch 162: train_loss=0.27827730774879456, train_acc= 91.15%
INFO - 09/13/26 23:53:42 - 0:00:40 - Epoch 163: train_loss=0.27897465229034424, train_acc= 91.63%
INFO - 09/13/26 23:53:42 - 0:00:40 - Epoch 164: train_loss=0.27495867013931274, train_acc= 91.35%
INFO - 09/13/26 23:53:42 - 0:00:40 - Epoch 165: train_loss=0.2721959054470062, train_acc= 91.86%
INFO - 09/13/26 23:53:42 - 0:00:40 - Epoch 165: val_loss=0.33033236861228943, val_acc= 88.91%,val_weighted_f1= 88.30,val_macro_f1= 85.01%
INFO - 09/13/26 23:53:42 - 0:00:40 - Epoch 166: train_loss=0.26947957277297974, train_acc= 91.52%
INFO - 09/13/26 23:53:43 - 0:00:41 - Epoch 167: train_loss=0.26895397901535034, train_acc= 91.60%
INFO - 09/13/26 23:53:43 - 0:00:41 - Epoch 168: train_loss=0.2693217992782593, train_acc= 91.82%
INFO - 09/13/26 23:53:43 - 0:00:41 - Epoch 169: train_loss=0.2674546539783478, train_acc= 91.88%
INFO - 09/13/26 23:53:43 - 0:00:41 - Epoch 170: train_loss=0.26929566264152527, train_acc= 91.67%
INFO - 09/13/26 23:53:43 - 0:00:41 - Epoch 170: val_loss=0.325881689786911, val_acc= 89.16%,val_weighted_f1= 88.73,val_macro_f1= 85.93%
INFO - 09/13/26 23:53:44 - 0:00:42 - Epoch 171: train_loss=0.2672717273235321, train_acc= 91.76%
INFO - 09/13/26 23:53:44 - 0:00:42 - Epoch 172: train_loss=0.2666289210319519, train_acc= 92.04%
INFO - 09/13/26 23:53:44 - 0:00:42 - Epoch 173: train_loss=0.2669776380062103, train_acc= 91.64%
INFO - 09/13/26 23:53:44 - 0:00:42 - Epoch 174: train_loss=0.26234519481658936, train_acc= 92.09%
INFO - 09/13/26 23:53:45 - 0:00:43 - Epoch 175: train_loss=0.26415616273880005, train_acc= 91.90%
INFO - 09/13/26 23:53:45 - 0:00:43 - Epoch 175: val_loss=0.32226309180259705, val_acc= 89.31%,val_weighted_f1= 88.92,val_macro_f1= 86.34%
INFO - 09/13/26 23:53:45 - 0:00:43 - Epoch 176: train_loss=0.25484728813171387, train_acc= 92.23%
INFO - 09/13/26 23:53:45 - 0:00:43 - Epoch 177: train_loss=0.2591497004032135, train_acc= 92.18%
INFO - 09/13/26 23:53:45 - 0:00:43 - Epoch 178: train_loss=0.2604614496231079, train_acc= 92.11%
INFO - 09/13/26 23:53:45 - 0:00:44 - Epoch 179: train_loss=0.2538681626319885, train_acc= 92.09%
INFO - 09/13/26 23:53:46 - 0:00:44 - Epoch 180: train_loss=0.2552092969417572, train_acc= 92.07%
INFO - 09/13/26 23:53:46 - 0:00:44 - Epoch 180: val_loss=0.3196086585521698, val_acc= 89.24%,val_weighted_f1= 88.82,val_macro_f1= 86.12%
EarlyStopping counter: 1 out of 15
INFO - 09/13/26 23:53:46 - 0:00:44 - Epoch 181: train_loss=0.25089043378829956, train_acc= 92.12%
INFO - 09/13/26 23:53:46 - 0:00:44 - Epoch 182: train_loss=0.25355908274650574, train_acc= 92.22%
INFO - 09/13/26 23:53:46 - 0:00:45 - Epoch 183: train_loss=0.253644734621048, train_acc= 92.29%
INFO - 09/13/26 23:53:47 - 0:00:45 - Epoch 184: train_loss=0.24767552316188812, train_acc= 92.30%
INFO - 09/13/26 23:53:47 - 0:00:45 - Epoch 185: train_loss=0.24758155643939972, train_acc= 92.12%
INFO - 09/13/26 23:53:47 - 0:00:45 - Epoch 185: val_loss=0.3146411180496216, val_acc= 89.42%,val_weighted_f1= 89.06,val_macro_f1= 86.58%
INFO - 09/13/26 23:53:47 - 0:00:45 - Epoch 186: train_loss=0.24784858524799347, train_acc= 92.52%
INFO - 09/13/26 23:53:47 - 0:00:46 - Epoch 187: train_loss=0.24585255980491638, train_acc= 92.33%
INFO - 09/13/26 23:53:48 - 0:00:46 - Epoch 188: train_loss=0.243624746799469, train_acc= 92.72%
INFO - 09/13/26 23:53:48 - 0:00:46 - Epoch 189: train_loss=0.24611490964889526, train_acc= 92.27%
INFO - 09/13/26 23:53:48 - 0:00:46 - Epoch 190: train_loss=0.24504582583904266, train_acc= 92.52%
INFO - 09/13/26 23:53:48 - 0:00:46 - Epoch 190: val_loss=0.3128465414047241, val_acc= 89.45%,val_weighted_f1= 89.12,val_macro_f1= 86.80%
INFO - 09/13/26 23:53:48 - 0:00:47 - Epoch 191: train_loss=0.2433667629957199, train_acc= 92.37%
INFO - 09/13/26 23:53:49 - 0:00:47 - Epoch 192: train_loss=0.24370981752872467, train_acc= 92.40%
INFO - 09/13/26 23:53:49 - 0:00:47 - Epoch 193: train_loss=0.24070335924625397, train_acc= 92.63%
INFO - 09/13/26 23:53:49 - 0:00:47 - Epoch 194: train_loss=0.24000230431556702, train_acc= 92.50%
INFO - 09/13/26 23:53:49 - 0:00:47 - Epoch 195: train_loss=0.23941276967525482, train_acc= 92.66%
INFO - 09/13/26 23:53:49 - 0:00:48 - Epoch 195: val_loss=0.30957603454589844, val_acc= 89.60%,val_weighted_f1= 89.29,val_macro_f1= 87.14%
INFO - 09/13/26 23:53:50 - 0:00:48 - Epoch 196: train_loss=0.24167564511299133, train_acc= 92.60%
INFO - 09/13/26 23:53:50 - 0:00:48 - Epoch 197: train_loss=0.23388101160526276, train_acc= 92.57%
INFO - 09/13/26 23:53:50 - 0:00:48 - Epoch 198: train_loss=0.23643729090690613, train_acc= 92.77%
INFO - 09/13/26 23:53:50 - 0:00:48 - Epoch 199: train_loss=0.23183055222034454, train_acc= 92.81%
INFO - 09/13/26 23:53:51 - 0:00:49 - Epoch 200: train_loss=0.23006092011928558, train_acc= 93.19%
INFO - 09/13/26 23:53:51 - 0:00:49 - Epoch 200: val_loss=0.3083846867084503, val_acc= 89.64%,val_weighted_f1= 89.32,val_macro_f1= 87.19%
INFO - 09/13/26 23:53:51 - 0:00:49 - Epoch 201: train_loss=0.23235291242599487, train_acc= 92.80%
INFO - 09/13/26 23:53:51 - 0:00:49 - Epoch 202: train_loss=0.23207473754882812, train_acc= 92.67%
INFO - 09/13/26 23:53:51 - 0:00:49 - Epoch 203: train_loss=0.22980248928070068, train_acc= 93.02%
INFO - 09/13/26 23:53:51 - 0:00:50 - Epoch 204: train_loss=0.2280409187078476, train_acc= 92.73%
INFO - 09/13/26 23:53:52 - 0:00:50 - Epoch 205: train_loss=0.22906959056854248, train_acc= 93.13%
INFO - 09/13/26 23:53:52 - 0:00:50 - Epoch 205: val_loss=0.31074291467666626, val_acc= 89.60%,val_weighted_f1= 89.27,val_macro_f1= 87.21%
EarlyStopping counter: 1 out of 15
INFO - 09/13/26 23:53:52 - 0:00:50 - Epoch 206: train_loss=0.2282487154006958, train_acc= 93.10%
INFO - 09/13/26 23:53:52 - 0:00:50 - Epoch 207: train_loss=0.22355994582176208, train_acc= 93.07%
INFO - 09/13/26 23:53:52 - 0:00:51 - Epoch 208: train_loss=0.22775611281394958, train_acc= 93.07%
INFO - 09/13/26 23:53:53 - 0:00:51 - Epoch 209: train_loss=0.22396504878997803, train_acc= 93.07%
INFO - 09/13/26 23:53:53 - 0:00:51 - Epoch 210: train_loss=0.22291095554828644, train_acc= 93.13%
INFO - 09/13/26 23:53:53 - 0:00:51 - Epoch 210: val_loss=0.30448687076568604, val_acc= 89.71%,val_weighted_f1= 89.45,val_macro_f1= 87.53%
INFO - 09/13/26 23:53:53 - 0:00:51 - Epoch 211: train_loss=0.22188632190227509, train_acc= 93.21%
INFO - 09/13/26 23:53:53 - 0:00:52 - Epoch 212: train_loss=0.21879339218139648, train_acc= 93.37%
INFO - 09/13/26 23:53:54 - 0:00:52 - Epoch 213: train_loss=0.21856185793876648, train_acc= 93.14%
INFO - 09/13/26 23:53:54 - 0:00:52 - Epoch 214: train_loss=0.21904702484607697, train_acc= 93.36%
INFO - 09/13/26 23:53:54 - 0:00:52 - Epoch 215: train_loss=0.22147363424301147, train_acc= 93.29%
INFO - 09/13/26 23:53:54 - 0:00:52 - Epoch 215: val_loss=0.29929792881011963, val_acc= 90.00%,val_weighted_f1= 89.78,val_macro_f1= 87.94%
INFO - 09/13/26 23:53:54 - 0:00:53 - Epoch 216: train_loss=0.21599270403385162, train_acc= 93.59%
INFO - 09/13/26 23:53:55 - 0:00:53 - Epoch 217: train_loss=0.2182212471961975, train_acc= 93.35%
INFO - 09/13/26 23:53:55 - 0:00:53 - Epoch 218: train_loss=0.21690092980861664, train_acc= 93.44%
INFO - 09/13/26 23:53:55 - 0:00:53 - Epoch 219: train_loss=0.2127942591905594, train_acc= 93.41%
INFO - 09/13/26 23:53:55 - 0:00:53 - Epoch 220: train_loss=0.21376851201057434, train_acc= 93.61%
INFO - 09/13/26 23:53:55 - 0:00:53 - Epoch 220: val_loss=0.2989349067211151, val_acc= 90.00%,val_weighted_f1= 89.81,val_macro_f1= 88.09%
INFO - 09/13/26 23:53:56 - 0:00:54 - Epoch 221: train_loss=0.21545808017253876, train_acc= 93.31%
INFO - 09/13/26 23:53:56 - 0:00:54 - Epoch 222: train_loss=0.21434935927391052, train_acc= 93.35%
INFO - 09/13/26 23:53:56 - 0:00:54 - Epoch 223: train_loss=0.20978665351867676, train_acc= 93.49%
INFO - 09/13/26 23:53:56 - 0:00:54 - Epoch 224: train_loss=0.2114839404821396, train_acc= 93.60%
INFO - 09/13/26 23:53:56 - 0:00:55 - Epoch 225: train_loss=0.20916369557380676, train_acc= 93.53%
INFO - 09/13/26 23:53:57 - 0:00:55 - Epoch 225: val_loss=0.30032604932785034, val_acc= 90.07%,val_weighted_f1= 89.87,val_macro_f1= 88.16%
INFO - 09/13/26 23:53:57 - 0:00:55 - Epoch 226: train_loss=0.2086905539035797, train_acc= 93.47%
INFO - 09/13/26 23:53:57 - 0:00:55 - Epoch 227: train_loss=0.20816202461719513, train_acc= 93.69%
INFO - 09/13/26 23:53:57 - 0:00:55 - Epoch 228: train_loss=0.20612117648124695, train_acc= 93.78%
INFO - 09/13/26 23:53:57 - 0:00:56 - Epoch 229: train_loss=0.20431303977966309, train_acc= 93.81%
INFO - 09/13/26 23:53:58 - 0:00:56 - Epoch 230: train_loss=0.20870286226272583, train_acc= 93.48%
INFO - 09/13/26 23:53:58 - 0:00:56 - Epoch 230: val_loss=0.3019765615463257, val_acc= 90.07%,val_weighted_f1= 89.86,val_macro_f1= 88.22%
INFO - 09/13/26 23:53:58 - 0:00:56 - Epoch 231: train_loss=0.20583003759384155, train_acc= 93.75%
INFO - 09/13/26 23:53:58 - 0:00:56 - Epoch 232: train_loss=0.20375420153141022, train_acc= 93.82%
INFO - 09/13/26 23:53:58 - 0:00:57 - Epoch 233: train_loss=0.2068653106689453, train_acc= 93.55%
INFO - 09/13/26 23:53:59 - 0:00:57 - Epoch 234: train_loss=0.20313946902751923, train_acc= 93.80%
INFO - 09/13/26 23:53:59 - 0:00:57 - Epoch 235: train_loss=0.20104698836803436, train_acc= 93.92%
INFO - 09/13/26 23:53:59 - 0:00:57 - Epoch 235: val_loss=0.3005320727825165, val_acc= 90.29%,val_weighted_f1= 90.08,val_macro_f1= 88.34%
INFO - 09/13/26 23:53:59 - 0:00:57 - Epoch 236: train_loss=0.2021816521883011, train_acc= 93.81%
INFO - 09/13/26 23:53:59 - 0:00:58 - Epoch 237: train_loss=0.19819828867912292, train_acc= 94.17%
INFO - 09/13/26 23:54:00 - 0:00:58 - Epoch 238: train_loss=0.20001810789108276, train_acc= 93.99%
INFO - 09/13/26 23:54:00 - 0:00:58 - Epoch 239: train_loss=0.19870057702064514, train_acc= 94.03%
INFO - 09/13/26 23:54:00 - 0:00:58 - Epoch 240: train_loss=0.19974005222320557, train_acc= 93.92%
INFO - 09/13/26 23:54:00 - 0:00:58 - Epoch 240: val_loss=0.2981886863708496, val_acc= 90.22%,val_weighted_f1= 90.04,val_macro_f1= 88.38%
EarlyStopping counter: 1 out of 15
INFO - 09/13/26 23:54:00 - 0:00:59 - Epoch 241: train_loss=0.19610056281089783, train_acc= 94.00%
INFO - 09/13/26 23:54:01 - 0:00:59 - Epoch 242: train_loss=0.1979091912508011, train_acc= 94.05%
INFO - 09/13/26 23:54:01 - 0:00:59 - Epoch 243: train_loss=0.19550292193889618, train_acc= 93.95%
INFO - 09/13/26 23:54:01 - 0:00:59 - Epoch 244: train_loss=0.19412212073802948, train_acc= 94.09%
INFO - 09/13/26 23:54:01 - 0:00:59 - Epoch 245: train_loss=0.1923271268606186, train_acc= 94.11%
INFO - 09/13/26 23:54:01 - 0:00:59 - Epoch 245: val_loss=0.2974240481853485, val_acc= 90.33%,val_weighted_f1= 90.16,val_macro_f1= 88.62%
INFO - 09/13/26 23:54:02 - 0:01:00 - Epoch 246: train_loss=0.19414405524730682, train_acc= 94.32%
INFO - 09/13/26 23:54:02 - 0:01:00 - Epoch 247: train_loss=0.1902444064617157, train_acc= 94.40%
INFO - 09/13/26 23:54:02 - 0:01:00 - Epoch 248: train_loss=0.19060665369033813, train_acc= 94.38%
INFO - 09/13/26 23:54:02 - 0:01:00 - Epoch 249: train_loss=0.19282478094100952, train_acc= 94.16%
INFO - 09/13/26 23:54:02 - 0:01:01 - Epoch 250: train_loss=0.18899907171726227, train_acc= 94.38%
INFO - 09/13/26 23:54:03 - 0:01:01 - Epoch 250: val_loss=0.3019148111343384, val_acc= 90.22%,val_weighted_f1= 90.04,val_macro_f1= 88.42%
EarlyStopping counter: 1 out of 15
INFO - 09/13/26 23:54:03 - 0:01:01 - Epoch 251: train_loss=0.18978582322597504, train_acc= 94.10%
INFO - 09/13/26 23:54:03 - 0:01:01 - Epoch 252: train_loss=0.19117581844329834, train_acc= 94.32%
INFO - 09/13/26 23:54:03 - 0:01:01 - Epoch 253: train_loss=0.1911657303571701, train_acc= 94.07%
INFO - 09/13/26 23:54:03 - 0:01:02 - Epoch 254: train_loss=0.19432111084461212, train_acc= 94.03%
INFO - 09/13/26 23:54:04 - 0:01:02 - Epoch 255: train_loss=0.18520019948482513, train_acc= 94.45%
INFO - 09/13/26 23:54:04 - 0:01:02 - Epoch 255: val_loss=0.3018687963485718, val_acc= 90.44%,val_weighted_f1= 90.25,val_macro_f1= 88.66%
INFO - 09/13/26 23:54:04 - 0:01:02 - Epoch 256: train_loss=0.18423964083194733, train_acc= 94.62%
INFO - 09/13/26 23:54:04 - 0:01:02 - Epoch 257: train_loss=0.18701325356960297, train_acc= 94.57%
INFO - 09/13/26 23:54:04 - 0:01:03 - Epoch 258: train_loss=0.18132349848747253, train_acc= 94.41%
INFO - 09/13/26 23:54:05 - 0:01:03 - Epoch 259: train_loss=0.18686719238758087, train_acc= 94.29%
INFO - 09/13/26 23:54:05 - 0:01:03 - Epoch 260: train_loss=0.18069274723529816, train_acc= 94.53%
INFO - 09/13/26 23:54:05 - 0:01:03 - Epoch 260: val_loss=0.29688653349876404, val_acc= 90.40%,val_weighted_f1= 90.24,val_macro_f1= 88.53%
EarlyStopping counter: 1 out of 15
INFO - 09/13/26 23:54:05 - 0:01:03 - Epoch 261: train_loss=0.18351970613002777, train_acc= 94.53%
INFO - 09/13/26 23:54:05 - 0:01:04 - Epoch 262: train_loss=0.17783531546592712, train_acc= 94.81%
INFO - 09/13/26 23:54:06 - 0:01:04 - Epoch 263: train_loss=0.18223553895950317, train_acc= 94.51%
INFO - 09/13/26 23:54:06 - 0:01:04 - Epoch 264: train_loss=0.1797826588153839, train_acc= 94.46%
INFO - 09/13/26 23:54:06 - 0:01:04 - Epoch 265: train_loss=0.1782269924879074, train_acc= 94.63%
INFO - 09/13/26 23:54:06 - 0:01:04 - Epoch 265: val_loss=0.29876601696014404, val_acc= 90.40%,val_weighted_f1= 90.25,val_macro_f1= 88.70%
EarlyStopping counter: 2 out of 15
INFO - 09/13/26 23:54:06 - 0:01:04 - Epoch 266: train_loss=0.17961536347866058, train_acc= 94.70%
INFO - 09/13/26 23:54:07 - 0:01:05 - Epoch 267: train_loss=0.17782674729824066, train_acc= 94.69%
INFO - 09/13/26 23:54:07 - 0:01:05 - Epoch 268: train_loss=0.17775295674800873, train_acc= 94.50%
INFO - 09/13/26 23:54:07 - 0:01:05 - Epoch 269: train_loss=0.18072064220905304, train_acc= 94.46%
INFO - 09/13/26 23:54:07 - 0:01:05 - Epoch 270: train_loss=0.17512018978595734, train_acc= 95.01%
INFO - 09/13/26 23:54:07 - 0:01:05 - Epoch 270: val_loss=0.2963261604309082, val_acc= 90.44%,val_weighted_f1= 90.29,val_macro_f1= 88.88%
INFO - 09/13/26 23:54:08 - 0:01:06 - Epoch 271: train_loss=0.18002335727214813, train_acc= 94.52%
INFO - 09/13/26 23:54:08 - 0:01:06 - Epoch 272: train_loss=0.1764317899942398, train_acc= 94.91%
INFO - 09/13/26 23:54:08 - 0:01:06 - Epoch 273: train_loss=0.17575307190418243, train_acc= 94.70%
INFO - 09/13/26 23:54:08 - 0:01:06 - Epoch 274: train_loss=0.17318864166736603, train_acc= 94.73%
INFO - 09/13/26 23:54:08 - 0:01:07 - Epoch 275: train_loss=0.17416664958000183, train_acc= 94.83%
INFO - 09/13/26 23:54:09 - 0:01:07 - Epoch 275: val_loss=0.3037419319152832, val_acc= 90.40%,val_weighted_f1= 90.22,val_macro_f1= 88.71%
EarlyStopping counter: 1 out of 15
INFO - 09/13/26 23:54:09 - 0:01:07 - Epoch 276: train_loss=0.17669983208179474, train_acc= 94.67%
INFO - 09/13/26 23:54:09 - 0:01:07 - Epoch 277: train_loss=0.17613939940929413, train_acc= 94.83%
INFO - 09/13/26 23:54:09 - 0:01:07 - Epoch 278: train_loss=0.17243623733520508, train_acc= 94.80%
INFO - 09/13/26 23:54:09 - 0:01:08 - Epoch 279: train_loss=0.17154212296009064, train_acc= 95.01%
INFO - 09/13/26 23:54:10 - 0:01:08 - Epoch 280: train_loss=0.16969172656536102, train_acc= 95.15%
INFO - 09/13/26 23:54:10 - 0:01:08 - Epoch 280: val_loss=0.30558761954307556, val_acc= 90.25%,val_weighted_f1= 90.06,val_macro_f1= 88.48%
EarlyStopping counter: 2 out of 15
INFO - 09/13/26 23:54:10 - 0:01:08 - Epoch 281: train_loss=0.1685858815908432, train_acc= 95.01%
INFO - 09/13/26 23:54:10 - 0:01:08 - Epoch 282: train_loss=0.1683705747127533, train_acc= 95.03%
INFO - 09/13/26 23:54:10 - 0:01:08 - Epoch 283: train_loss=0.16793213784694672, train_acc= 95.03%
INFO - 09/13/26 23:54:11 - 0:01:09 - Epoch 284: train_loss=0.1673794388771057, train_acc= 94.97%
INFO - 09/13/26 23:54:11 - 0:01:09 - Epoch 285: train_loss=0.16767725348472595, train_acc= 95.01%
INFO - 09/13/26 23:54:11 - 0:01:09 - Epoch 285: val_loss=0.29911741614341736, val_acc= 90.69%,val_weighted_f1= 90.55,val_macro_f1= 89.19%
INFO - 09/13/26 23:54:11 - 0:01:09 - Epoch 286: train_loss=0.1669701337814331, train_acc= 94.97%
INFO - 09/13/26 23:54:11 - 0:01:09 - Epoch 287: train_loss=0.1677490472793579, train_acc= 94.96%
INFO - 09/13/26 23:54:12 - 0:01:10 - Epoch 288: train_loss=0.16735196113586426, train_acc= 94.89%
INFO - 09/13/26 23:54:12 - 0:01:10 - Epoch 289: train_loss=0.1635945439338684, train_acc= 95.08%
INFO - 09/13/26 23:54:12 - 0:01:10 - Epoch 290: train_loss=0.1661623865365982, train_acc= 95.09%
INFO - 09/13/26 23:54:12 - 0:01:10 - Epoch 290: val_loss=0.303034245967865, val_acc= 90.62%,val_weighted_f1= 90.44,val_macro_f1= 88.92%
EarlyStopping counter: 1 out of 15
INFO - 09/13/26 23:54:12 - 0:01:10 - Epoch 291: train_loss=0.16261665523052216, train_acc= 95.20%
INFO - 09/13/26 23:54:13 - 0:01:11 - Epoch 292: train_loss=0.16480658948421478, train_acc= 95.04%
INFO - 09/13/26 23:54:13 - 0:01:11 - Epoch 293: train_loss=0.16434426605701447, train_acc= 95.03%
INFO - 09/13/26 23:54:13 - 0:01:11 - Epoch 294: train_loss=0.1627463400363922, train_acc= 95.19%
INFO - 09/13/26 23:54:13 - 0:01:11 - Epoch 295: train_loss=0.16084171831607819, train_acc= 95.18%
INFO - 09/13/26 23:54:13 - 0:01:11 - Epoch 295: val_loss=0.30625900626182556, val_acc= 90.40%,val_weighted_f1= 90.20,val_macro_f1= 88.45%
EarlyStopping counter: 2 out of 15
INFO - 09/13/26 23:54:14 - 0:01:12 - Epoch 296: train_loss=0.15866748988628387, train_acc= 95.18%
INFO - 09/13/26 23:54:14 - 0:01:12 - Epoch 297: train_loss=0.16282053291797638, train_acc= 95.09%
INFO - 09/13/26 23:54:14 - 0:01:12 - Epoch 298: train_loss=0.1599506288766861, train_acc= 95.15%
INFO - 09/13/26 23:54:14 - 0:01:12 - Epoch 299: train_loss=0.16093985736370087, train_acc= 95.35%
INFO - 09/13/26 23:54:14 - 0:01:13 - Epoch 300: train_loss=0.158932626247406, train_acc= 95.27%
INFO - 09/13/26 23:54:15 - 0:01:13 - Epoch 300: val_loss=0.30438897013664246, val_acc= 90.40%,val_weighted_f1= 90.21,val_macro_f1= 88.47%
EarlyStopping counter: 3 out of 15
INFO - 09/13/26 23:54:15 - 0:01:13 - Epoch 301: train_loss=0.15242190659046173, train_acc= 95.41%
INFO - 09/13/26 23:54:15 - 0:01:13 - Epoch 302: train_loss=0.15738101303577423, train_acc= 95.31%
INFO - 09/13/26 23:54:15 - 0:01:13 - Epoch 303: train_loss=0.15619921684265137, train_acc= 95.38%
INFO - 09/13/26 23:54:15 - 0:01:14 - Epoch 304: train_loss=0.154743492603302, train_acc= 95.36%
INFO - 09/13/26 23:54:16 - 0:01:14 - Epoch 305: train_loss=0.15504668653011322, train_acc= 95.52%
INFO - 09/13/26 23:54:16 - 0:01:14 - Epoch 305: val_loss=0.3078421652317047, val_acc= 90.40%,val_weighted_f1= 90.20,val_macro_f1= 88.60%
EarlyStopping counter: 4 out of 15
INFO - 09/13/26 23:54:16 - 0:01:14 - Epoch 306: train_loss=0.15558336675167084, train_acc= 95.43%
INFO - 09/13/26 23:54:16 - 0:01:14 - Epoch 307: train_loss=0.15224751830101013, train_acc= 95.63%
INFO - 09/13/26 23:54:16 - 0:01:14 - Epoch 308: train_loss=0.15450474619865417, train_acc= 95.49%
INFO - 09/13/26 23:54:17 - 0:01:15 - Epoch 309: train_loss=0.15530312061309814, train_acc= 95.46%
INFO - 09/13/26 23:54:17 - 0:01:15 - Epoch 310: train_loss=0.15143389999866486, train_acc= 95.41%
INFO - 09/13/26 23:54:17 - 0:01:15 - Epoch 310: val_loss=0.3133964240550995, val_acc= 90.25%,val_weighted_f1= 90.05,val_macro_f1= 88.49%
EarlyStopping counter: 5 out of 15
INFO - 09/13/26 23:54:17 - 0:01:15 - Epoch 311: train_loss=0.15438881516456604, train_acc= 95.49%
INFO - 09/13/26 23:54:17 - 0:01:15 - Epoch 312: train_loss=0.15392199158668518, train_acc= 95.43%
INFO - 09/13/26 23:54:18 - 0:01:16 - Epoch 313: train_loss=0.1492128223180771, train_acc= 95.67%
INFO - 09/13/26 23:54:18 - 0:01:16 - Epoch 314: train_loss=0.15146084129810333, train_acc= 95.58%
INFO - 09/13/26 23:54:18 - 0:01:16 - Epoch 315: train_loss=0.15216821432113647, train_acc= 95.56%
INFO - 09/13/26 23:54:18 - 0:01:16 - Epoch 315: val_loss=0.3060862720012665, val_acc= 90.62%,val_weighted_f1= 90.49,val_macro_f1= 89.27%
EarlyStopping counter: 6 out of 15
INFO - 09/13/26 23:54:18 - 0:01:16 - Epoch 316: train_loss=0.14817409217357635, train_acc= 95.88%
INFO - 09/13/26 23:54:19 - 0:01:17 - Epoch 317: train_loss=0.15081170201301575, train_acc= 95.43%
INFO - 09/13/26 23:54:19 - 0:01:17 - Epoch 318: train_loss=0.14773261547088623, train_acc= 95.64%
INFO - 09/13/26 23:54:19 - 0:01:17 - Epoch 319: train_loss=0.14735238254070282, train_acc= 95.66%
INFO - 09/13/26 23:54:19 - 0:01:17 - Epoch 320: train_loss=0.1456747204065323, train_acc= 95.61%
INFO - 09/13/26 23:54:19 - 0:01:17 - Epoch 320: val_loss=0.30774742364883423, val_acc= 90.58%,val_weighted_f1= 90.43,val_macro_f1= 89.01%
EarlyStopping counter: 7 out of 15
INFO - 09/13/26 23:54:19 - 0:01:18 - Epoch 321: train_loss=0.1474749743938446, train_acc= 95.47%
INFO - 09/13/26 23:54:20 - 0:01:18 - Epoch 322: train_loss=0.1481943130493164, train_acc= 95.77%
INFO - 09/13/26 23:54:20 - 0:01:18 - Epoch 323: train_loss=0.14458531141281128, train_acc= 95.94%
INFO - 09/13/26 23:54:20 - 0:01:18 - Epoch 324: train_loss=0.1455141305923462, train_acc= 95.73%
INFO - 09/13/26 23:54:20 - 0:01:18 - Epoch 325: train_loss=0.14280898869037628, train_acc= 95.92%
INFO - 09/13/26 23:54:20 - 0:01:19 - Epoch 325: val_loss=0.3126053810119629, val_acc= 90.36%,val_weighted_f1= 90.21,val_macro_f1= 88.83%
EarlyStopping counter: 8 out of 15
INFO - 09/13/26 23:54:21 - 0:01:19 - Epoch 326: train_loss=0.1404377967119217, train_acc= 95.95%
INFO - 09/13/26 23:54:21 - 0:01:19 - Epoch 327: train_loss=0.14173853397369385, train_acc= 95.83%
INFO - 09/13/26 23:54:21 - 0:01:19 - Epoch 328: train_loss=0.141964390873909, train_acc= 95.79%
INFO - 09/13/26 23:54:21 - 0:01:19 - Epoch 329: train_loss=0.14293940365314484, train_acc= 95.84%
INFO - 09/13/26 23:54:22 - 0:01:20 - Epoch 330: train_loss=0.1390959918498993, train_acc= 96.06%
INFO - 09/13/26 23:54:22 - 0:01:20 - Epoch 330: val_loss=0.3175550103187561, val_acc= 90.47%,val_weighted_f1= 90.32,val_macro_f1= 88.94%
EarlyStopping counter: 9 out of 15
INFO - 09/13/26 23:54:22 - 0:01:20 - Epoch 331: train_loss=0.14218586683273315, train_acc= 95.79%
INFO - 09/13/26 23:54:22 - 0:01:20 - Epoch 332: train_loss=0.1408376693725586, train_acc= 96.06%
INFO - 09/13/26 23:54:22 - 0:01:20 - Epoch 333: train_loss=0.13993041217327118, train_acc= 95.98%
INFO - 09/13/26 23:54:23 - 0:01:21 - Epoch 334: train_loss=0.13792045414447784, train_acc= 96.16%
INFO - 09/13/26 23:54:23 - 0:01:21 - Epoch 335: train_loss=0.1397135853767395, train_acc= 96.05%
INFO - 09/13/26 23:54:23 - 0:01:21 - Epoch 335: val_loss=0.31656602025032043, val_acc= 90.58%,val_weighted_f1= 90.47,val_macro_f1= 89.30%
EarlyStopping counter: 10 out of 15
INFO - 09/13/26 23:54:23 - 0:01:21 - Epoch 336: train_loss=0.13713689148426056, train_acc= 95.96%
INFO - 09/13/26 23:54:23 - 0:01:21 - Epoch 337: train_loss=0.1375153511762619, train_acc= 96.01%
INFO - 09/13/26 23:54:24 - 0:01:22 - Epoch 338: train_loss=0.1408846527338028, train_acc= 95.73%
INFO - 09/13/26 23:54:24 - 0:01:22 - Epoch 339: train_loss=0.13768179714679718, train_acc= 96.00%
INFO - 09/13/26 23:54:24 - 0:01:22 - Epoch 340: train_loss=0.13743583858013153, train_acc= 96.13%
INFO - 09/13/26 23:54:24 - 0:01:22 - Epoch 340: val_loss=0.3173138201236725, val_acc= 90.47%,val_weighted_f1= 90.38,val_macro_f1= 89.26%
EarlyStopping counter: 11 out of 15
INFO - 09/13/26 23:54:24 - 0:01:22 - Epoch 341: train_loss=0.13767260313034058, train_acc= 95.99%
INFO - 09/13/26 23:54:25 - 0:01:23 - Epoch 342: train_loss=0.1347830593585968, train_acc= 95.89%
INFO - 09/13/26 23:54:25 - 0:01:23 - Epoch 343: train_loss=0.13494765758514404, train_acc= 96.03%
INFO - 09/13/26 23:54:25 - 0:01:23 - Epoch 344: train_loss=0.13445599377155304, train_acc= 96.03%
INFO - 09/13/26 23:54:25 - 0:01:23 - Epoch 345: train_loss=0.12922534346580505, train_acc= 96.36%
INFO - 09/13/26 23:54:25 - 0:01:23 - Epoch 345: val_loss=0.3155825734138489, val_acc= 90.55%,val_weighted_f1= 90.44,val_macro_f1= 89.28%
EarlyStopping counter: 12 out of 15
INFO - 09/13/26 23:54:25 - 0:01:24 - Epoch 346: train_loss=0.13521504402160645, train_acc= 96.12%
INFO - 09/13/26 23:54:26 - 0:01:24 - Epoch 347: train_loss=0.13230249285697937, train_acc= 96.05%
INFO - 09/13/26 23:54:26 - 0:01:24 - Epoch 348: train_loss=0.1352522224187851, train_acc= 96.11%
INFO - 09/13/26 23:54:26 - 0:01:24 - Epoch 349: train_loss=0.13264884054660797, train_acc= 96.16%
INFO - 09/13/26 23:54:26 - 0:01:24 - Epoch 350: train_loss=0.13052049279212952, train_acc= 96.30%
INFO - 09/13/26 23:54:26 - 0:01:25 - Epoch 350: val_loss=0.3174123764038086, val_acc= 90.58%,val_weighted_f1= 90.46,val_macro_f1= 89.20%
EarlyStopping counter: 13 out of 15
INFO - 09/13/26 23:54:27 - 0:01:25 - Epoch 351: train_loss=0.12934601306915283, train_acc= 96.34%
INFO - 09/13/26 23:54:27 - 0:01:25 - Epoch 352: train_loss=0.12996870279312134, train_acc= 96.46%
INFO - 09/13/26 23:54:27 - 0:01:25 - Epoch 353: train_loss=0.13164429366588593, train_acc= 96.22%
INFO - 09/13/26 23:54:27 - 0:01:25 - Epoch 354: train_loss=0.13188384473323822, train_acc= 96.28%
INFO - 09/13/26 23:54:28 - 0:01:26 - Epoch 355: train_loss=0.1315697878599167, train_acc= 96.06%
INFO - 09/13/26 23:54:28 - 0:01:26 - Epoch 355: val_loss=0.31902751326560974, val_acc= 90.58%,val_weighted_f1= 90.47,val_macro_f1= 89.29%
EarlyStopping counter: 14 out of 15
INFO - 09/13/26 23:54:28 - 0:01:26 - Epoch 356: train_loss=0.1288914978504181, train_acc= 96.44%
INFO - 09/13/26 23:54:28 - 0:01:26 - Epoch 357: train_loss=0.12980693578720093, train_acc= 96.38%
INFO - 09/13/26 23:54:28 - 0:01:26 - Epoch 358: train_loss=0.12840791046619415, train_acc= 96.19%
INFO - 09/13/26 23:54:29 - 0:01:27 - Epoch 359: train_loss=0.1259355992078781, train_acc= 96.50%
INFO - 09/13/26 23:54:29 - 0:01:27 - Epoch 360: train_loss=0.1292230784893036, train_acc= 96.13%
INFO - 09/13/26 23:54:29 - 0:01:27 - Epoch 360: val_loss=0.3240971863269806, val_acc= 90.69%,val_weighted_f1= 90.57,val_macro_f1= 89.28%
INFO - 09/13/26 23:54:29 - 0:01:27 - Epoch 361: train_loss=0.1279115229845047, train_acc= 96.26%
INFO - 09/13/26 23:54:29 - 0:01:27 - Epoch 362: train_loss=0.13040629029273987, train_acc= 96.12%
INFO - 09/13/26 23:54:30 - 0:01:28 - Epoch 363: train_loss=0.12317062169313431, train_acc= 96.38%
INFO - 09/13/26 23:54:30 - 0:01:28 - Epoch 364: train_loss=0.12473847717046738, train_acc= 96.46%
INFO - 09/13/26 23:54:30 - 0:01:28 - Epoch 365: train_loss=0.1263730525970459, train_acc= 96.45%
INFO - 09/13/26 23:54:30 - 0:01:28 - Epoch 365: val_loss=0.32979968190193176, val_acc= 90.62%,val_weighted_f1= 90.50,val_macro_f1= 89.34%
EarlyStopping counter: 1 out of 15
INFO - 09/13/26 23:54:30 - 0:01:28 - Epoch 366: train_loss=0.12303654849529266, train_acc= 96.52%
INFO - 09/13/26 23:54:31 - 0:01:29 - Epoch 367: train_loss=0.12410879135131836, train_acc= 96.44%
INFO - 09/13/26 23:54:31 - 0:01:29 - Epoch 368: train_loss=0.11956820636987686, train_acc= 96.50%
INFO - 09/13/26 23:54:31 - 0:01:29 - Epoch 369: train_loss=0.12284061312675476, train_acc= 96.64%
INFO - 09/13/26 23:54:31 - 0:01:29 - Epoch 370: train_loss=0.12249480187892914, train_acc= 96.59%
INFO - 09/13/26 23:54:31 - 0:01:29 - Epoch 370: val_loss=0.326558381319046, val_acc= 90.58%,val_weighted_f1= 90.48,val_macro_f1= 89.34%
EarlyStopping counter: 2 out of 15
INFO - 09/13/26 23:54:32 - 0:01:30 - Epoch 371: train_loss=0.11773531883955002, train_acc= 96.74%
INFO - 09/13/26 23:54:32 - 0:01:30 - Epoch 372: train_loss=0.12052013725042343, train_acc= 96.47%
INFO - 09/13/26 23:54:32 - 0:01:30 - Epoch 373: train_loss=0.11725089699029922, train_acc= 96.87%
INFO - 09/13/26 23:54:32 - 0:01:30 - Epoch 374: train_loss=0.11801492422819138, train_acc= 96.67%
INFO - 09/13/26 23:54:32 - 0:01:30 - Epoch 375: train_loss=0.12255247682332993, train_acc= 96.66%
INFO - 09/13/26 23:54:33 - 0:01:31 - Epoch 375: val_loss=0.3285196125507355, val_acc= 90.44%,val_weighted_f1= 90.35,val_macro_f1= 89.26%
EarlyStopping counter: 3 out of 15
INFO - 09/13/26 23:54:33 - 0:01:31 - Epoch 376: train_loss=0.11716119945049286, train_acc= 96.72%
INFO - 09/13/26 23:54:33 - 0:01:31 - Epoch 377: train_loss=0.12186434864997864, train_acc= 96.64%
INFO - 09/13/26 23:54:33 - 0:01:31 - Epoch 378: train_loss=0.12055954337120056, train_acc= 96.46%
INFO - 09/13/26 23:54:33 - 0:01:31 - Epoch 379: train_loss=0.11827166378498077, train_acc= 96.64%
INFO - 09/13/26 23:54:34 - 0:01:32 - Epoch 380: train_loss=0.11712872982025146, train_acc= 96.69%
INFO - 09/13/26 23:54:34 - 0:01:32 - Epoch 380: val_loss=0.3296699821949005, val_acc= 90.44%,val_weighted_f1= 90.34,val_macro_f1= 89.08%
EarlyStopping counter: 4 out of 15
INFO - 09/13/26 23:54:34 - 0:01:32 - Epoch 381: train_loss=0.11610090732574463, train_acc= 96.83%
INFO - 09/13/26 23:54:34 - 0:01:32 - Epoch 382: train_loss=0.11762825399637222, train_acc= 96.73%
INFO - 09/13/26 23:54:34 - 0:01:32 - Epoch 383: train_loss=0.11455950886011124, train_acc= 96.80%
INFO - 09/13/26 23:54:35 - 0:01:33 - Epoch 384: train_loss=0.11763115972280502, train_acc= 96.51%
INFO - 09/13/26 23:54:35 - 0:01:33 - Epoch 385: train_loss=0.10976357758045197, train_acc= 96.90%
INFO - 09/13/26 23:54:35 - 0:01:33 - Epoch 385: val_loss=0.3310791850090027, val_acc= 90.51%,val_weighted_f1= 90.41,val_macro_f1= 89.27%
EarlyStopping counter: 5 out of 15
INFO - 09/13/26 23:54:35 - 0:01:33 - Epoch 386: train_loss=0.11005077511072159, train_acc= 96.81%
INFO - 09/13/26 23:54:35 - 0:01:33 - Epoch 387: train_loss=0.11622269451618195, train_acc= 96.83%
INFO - 09/13/26 23:54:36 - 0:01:34 - Epoch 388: train_loss=0.11216040700674057, train_acc= 96.90%
INFO - 09/13/26 23:54:36 - 0:01:34 - Epoch 389: train_loss=0.11102782934904099, train_acc= 96.89%
INFO - 09/13/26 23:54:36 - 0:01:34 - Epoch 390: train_loss=0.11134213954210281, train_acc= 96.95%
INFO - 09/13/26 23:54:36 - 0:01:34 - Epoch 390: val_loss=0.33912259340286255, val_acc= 90.29%,val_weighted_f1= 90.20,val_macro_f1= 89.21%
EarlyStopping counter: 6 out of 15
INFO - 09/13/26 23:54:36 - 0:01:34 - Epoch 391: train_loss=0.1113106980919838, train_acc= 97.06%
INFO - 09/13/26 23:54:37 - 0:01:35 - Epoch 392: train_loss=0.11162234842777252, train_acc= 96.87%
INFO - 09/13/26 23:54:37 - 0:01:35 - Epoch 393: train_loss=0.11463972181081772, train_acc= 96.84%
INFO - 09/13/26 23:54:37 - 0:01:35 - Epoch 394: train_loss=0.11288425326347351, train_acc= 96.72%
INFO - 09/13/26 23:54:37 - 0:01:35 - Epoch 395: train_loss=0.10870566219091415, train_acc= 96.89%
INFO - 09/13/26 23:54:37 - 0:01:35 - Epoch 395: val_loss=0.3423648178577423, val_acc= 90.15%,val_weighted_f1= 90.06,val_macro_f1= 88.94%
EarlyStopping counter: 7 out of 15
INFO - 09/13/26 23:54:38 - 0:01:36 - Epoch 396: train_loss=0.11216991394758224, train_acc= 96.83%
INFO - 09/13/26 23:54:38 - 0:01:36 - Epoch 397: train_loss=0.10841953009366989, train_acc= 96.81%
INFO - 09/13/26 23:54:38 - 0:01:36 - Epoch 398: train_loss=0.11232147365808487, train_acc= 96.97%
INFO - 09/13/26 23:54:38 - 0:01:36 - Epoch 399: train_loss=0.11089570075273514, train_acc= 96.78%
INFO - 09/13/26 23:54:38 - 0:01:37 - Epoch 400: train_loss=0.10951761901378632, train_acc= 96.84%
INFO - 09/13/26 23:54:38 - 0:01:37 - Epoch 400: val_loss=0.34588077664375305, val_acc= 90.29%,val_weighted_f1= 90.18,val_macro_f1= 89.04%
EarlyStopping counter: 8 out of 15
INFO - 09/13/26 23:54:39 - 0:01:37 - Epoch 401: train_loss=0.1066826656460762, train_acc= 96.96%
INFO - 09/13/26 23:54:39 - 0:01:37 - Epoch 402: train_loss=0.1097920835018158, train_acc= 97.08%
INFO - 09/13/26 23:54:39 - 0:01:37 - Epoch 403: train_loss=0.10723800957202911, train_acc= 97.08%
INFO - 09/13/26 23:54:39 - 0:01:37 - Epoch 404: train_loss=0.10833690315485, train_acc= 97.12%
INFO - 09/13/26 23:54:40 - 0:01:38 - Epoch 405: train_loss=0.10566343367099762, train_acc= 97.07%
INFO - 09/13/26 23:54:40 - 0:01:38 - Epoch 405: val_loss=0.33759206533432007, val_acc= 90.44%,val_weighted_f1= 90.33,val_macro_f1= 89.06%
EarlyStopping counter: 9 out of 15
INFO - 09/13/26 23:54:40 - 0:01:38 - Epoch 406: train_loss=0.10299015045166016, train_acc= 97.21%
INFO - 09/13/26 23:54:40 - 0:01:38 - Epoch 407: train_loss=0.10483962297439575, train_acc= 97.12%
INFO - 09/13/26 23:54:40 - 0:01:38 - Epoch 408: train_loss=0.10293523222208023, train_acc= 97.25%
INFO - 09/13/26 23:54:41 - 0:01:39 - Epoch 409: train_loss=0.1037856787443161, train_acc= 97.07%
INFO - 09/13/26 23:54:41 - 0:01:39 - Epoch 410: train_loss=0.10546880215406418, train_acc= 96.92%
INFO - 09/13/26 23:54:41 - 0:01:39 - Epoch 410: val_loss=0.3521308898925781, val_acc= 90.40%,val_weighted_f1= 90.27,val_macro_f1= 88.87%
EarlyStopping counter: 10 out of 15
INFO - 09/13/26 23:54:41 - 0:01:39 - Epoch 411: train_loss=0.10645785927772522, train_acc= 96.93%
INFO - 09/13/26 23:54:41 - 0:01:39 - Epoch 412: train_loss=0.10868830978870392, train_acc= 96.87%
INFO - 09/13/26 23:54:42 - 0:01:40 - Epoch 413: train_loss=0.10703086107969284, train_acc= 96.70%
INFO - 09/13/26 23:54:42 - 0:01:40 - Epoch 414: train_loss=0.10395561158657074, train_acc= 97.09%
INFO - 09/13/26 23:54:42 - 0:01:40 - Epoch 415: train_loss=0.10333126783370972, train_acc= 97.06%
INFO - 09/13/26 23:54:42 - 0:01:40 - Epoch 415: val_loss=0.3462437391281128, val_acc= 90.40%,val_weighted_f1= 90.31,val_macro_f1= 89.14%
EarlyStopping counter: 11 out of 15
INFO - 09/13/26 23:54:42 - 0:01:40 - Epoch 416: train_loss=0.1035248339176178, train_acc= 96.99%
INFO - 09/13/26 23:54:43 - 0:01:41 - Epoch 417: train_loss=0.10248257964849472, train_acc= 97.26%
INFO - 09/13/26 23:54:43 - 0:01:41 - Epoch 418: train_loss=0.09959395974874496, train_acc= 97.13%
INFO - 09/13/26 23:54:43 - 0:01:41 - Epoch 419: train_loss=0.10227058827877045, train_acc= 97.25%
INFO - 09/13/26 23:54:43 - 0:01:41 - Epoch 420: train_loss=0.10234954953193665, train_acc= 97.25%
INFO - 09/13/26 23:54:43 - 0:01:41 - Epoch 420: val_loss=0.344032883644104, val_acc= 90.44%,val_weighted_f1= 90.35,val_macro_f1= 89.15%
EarlyStopping counter: 12 out of 15
INFO - 09/13/26 23:54:44 - 0:01:42 - Epoch 421: train_loss=0.10209564119577408, train_acc= 97.16%
INFO - 09/13/26 23:54:44 - 0:01:42 - Epoch 422: train_loss=0.09737470000982285, train_acc= 97.32%
INFO - 09/13/26 23:54:44 - 0:01:42 - Epoch 423: train_loss=0.09946729987859726, train_acc= 97.25%
INFO - 09/13/26 23:54:44 - 0:01:42 - Epoch 424: train_loss=0.09667956084012985, train_acc= 97.26%
INFO - 09/13/26 23:54:44 - 0:01:43 - Epoch 425: train_loss=0.09759391099214554, train_acc= 97.36%
INFO - 09/13/26 23:54:44 - 0:01:43 - Epoch 425: val_loss=0.34974798560142517, val_acc= 90.51%,val_weighted_f1= 90.42,val_macro_f1= 89.25%
EarlyStopping counter: 13 out of 15
INFO - 09/13/26 23:54:45 - 0:01:43 - Epoch 426: train_loss=0.09461010247468948, train_acc= 97.49%
INFO - 09/13/26 23:54:45 - 0:01:43 - Epoch 427: train_loss=0.09617862850427628, train_acc= 97.47%
INFO - 09/13/26 23:54:45 - 0:01:43 - Epoch 428: train_loss=0.10034191608428955, train_acc= 97.25%
INFO - 09/13/26 23:54:45 - 0:01:43 - Epoch 429: train_loss=0.09379967302083969, train_acc= 97.44%
INFO - 09/13/26 23:54:46 - 0:01:44 - Epoch 430: train_loss=0.09647738188505173, train_acc= 97.32%
INFO - 09/13/26 23:54:46 - 0:01:44 - Epoch 430: val_loss=0.35824882984161377, val_acc= 90.29%,val_weighted_f1= 90.19,val_macro_f1= 89.13%
EarlyStopping counter: 14 out of 15
INFO - 09/13/26 23:54:46 - 0:01:44 - Epoch 431: train_loss=0.0979485809803009, train_acc= 97.12%
INFO - 09/13/26 23:54:46 - 0:01:44 - Epoch 432: train_loss=0.09512057900428772, train_acc= 97.36%
INFO - 09/13/26 23:54:46 - 0:01:44 - Epoch 433: train_loss=0.09377264976501465, train_acc= 97.43%
INFO - 09/13/26 23:54:47 - 0:01:45 - Epoch 434: train_loss=0.09170014411211014, train_acc= 97.41%
INFO - 09/13/26 23:54:47 - 0:01:45 - Epoch 435: train_loss=0.09603330492973328, train_acc= 97.37%
INFO - 09/13/26 23:54:47 - 0:01:45 - Epoch 435: val_loss=0.35845947265625, val_acc= 90.40%,val_weighted_f1= 90.30,val_macro_f1= 89.21%
EarlyStopping counter: 15 out of 15
---------Early stopping--------
INFO - 09/13/26 23:54:47 - 0:01:45 - --------------Testing--------------------
INFO - 09/13/26 23:54:47 - 0:01:45 - --------------Loading from ./checkpoints/NC_computers_model.pt--------------------
INFO - 09/13/26 23:54:47 - 0:01:45 - test_acc= 91.64%, weighted_f1= 91.53,macro_f1= 90.22%
INFO - 09/13/26 23:54:47 - 0:01:45 - test_acc= 91.64%, weighted_f1= 91.53,macro_f1= 90.22%
INFO - 09/13/26 23:54:47 - 0:01:45 - Epoch 0: train_loss=2.361043691635132, train_acc= 7.26%
INFO - 09/13/26 23:54:47 - 0:01:45 - Epoch 0: val_loss=2.225623607635498, val_acc= 12.80%,val_weighted_f1= 11.90,val_macro_f1= 5.31%
INFO - 09/13/26 23:54:48 - 0:01:46 - Epoch 1: train_loss=2.2470855712890625, train_acc= 13.58%
INFO - 09/13/26 23:54:48 - 0:01:46 - Epoch 2: train_loss=2.139434576034546, train_acc= 22.50%
INFO - 09/13/26 23:54:48 - 0:01:46 - Epoch 3: train_loss=2.060786247253418, train_acc= 29.31%
INFO - 09/13/26 23:54:48 - 0:01:46 - Epoch 4: train_loss=2.000748872756958, train_acc= 33.59%
INFO - 09/13/26 23:54:48 - 0:01:47 - Epoch 5: train_loss=1.9531711339950562, train_acc= 36.11%
INFO - 09/13/26 23:54:48 - 0:01:47 - Epoch 5: val_loss=1.9579533338546753, val_acc= 36.18%,val_weighted_f1= 19.84,val_macro_f1= 5.57%
INFO - 09/13/26 23:54:49 - 0:01:47 - Epoch 6: train_loss=1.9193792343139648, train_acc= 36.91%
INFO - 09/13/26 23:54:49 - 0:01:47 - Epoch 7: train_loss=1.8902602195739746, train_acc= 38.00%
INFO - 09/13/26 23:54:49 - 0:01:47 - Epoch 8: train_loss=1.8648916482925415, train_acc= 38.57%
INFO - 09/13/26 23:54:49 - 0:01:47 - Epoch 9: train_loss=1.8400726318359375, train_acc= 38.55%
INFO - 09/13/26 23:54:50 - 0:01:48 - Epoch 10: train_loss=1.8193150758743286, train_acc= 39.84%
INFO - 09/13/26 23:54:50 - 0:01:48 - Epoch 10: val_loss=1.8606466054916382, val_acc= 38.73%,val_weighted_f1= 24.32,val_macro_f1= 8.19%
INFO - 09/13/26 23:54:50 - 0:01:48 - Epoch 11: train_loss=1.803629994392395, train_acc= 40.81%
INFO - 09/13/26 23:54:50 - 0:01:48 - Epoch 12: train_loss=1.7840951681137085, train_acc= 41.35%
INFO - 09/13/26 23:54:50 - 0:01:48 - Epoch 13: train_loss=1.7617040872573853, train_acc= 42.11%
INFO - 09/13/26 23:54:51 - 0:01:49 - Epoch 14: train_loss=1.7451014518737793, train_acc= 43.12%
INFO - 09/13/26 23:54:51 - 0:01:49 - Epoch 15: train_loss=1.7205671072006226, train_acc= 43.78%
INFO - 09/13/26 23:54:51 - 0:01:49 - Epoch 15: val_loss=1.751965045928955, val_acc= 42.73%,val_weighted_f1= 31.18,val_macro_f1= 12.36%
INFO - 09/13/26 23:54:51 - 0:01:49 - Epoch 16: train_loss=1.6998182535171509, train_acc= 44.61%
INFO - 09/13/26 23:54:51 - 0:01:49 - Epoch 17: train_loss=1.679398536682129, train_acc= 44.52%
INFO - 09/13/26 23:54:52 - 0:01:50 - Epoch 18: train_loss=1.6548182964324951, train_acc= 45.30%
INFO - 09/13/26 23:54:52 - 0:01:50 - Epoch 19: train_loss=1.6360183954238892, train_acc= 45.69%
INFO - 09/13/26 23:54:52 - 0:01:50 - Epoch 20: train_loss=1.6163352727890015, train_acc= 45.79%
INFO - 09/13/26 23:54:52 - 0:01:50 - Epoch 20: val_loss=1.6325078010559082, val_acc= 45.56%,val_weighted_f1= 35.52,val_macro_f1= 15.92%
INFO - 09/13/26 23:54:52 - 0:01:50 - Epoch 21: train_loss=1.599401831626892, train_acc= 46.84%
INFO - 09/13/26 23:54:53 - 0:01:51 - Epoch 22: train_loss=1.5763270854949951, train_acc= 47.15%
INFO - 09/13/26 23:54:53 - 0:01:51 - Epoch 23: train_loss=1.5549246072769165, train_acc= 48.35%
INFO - 09/13/26 23:54:53 - 0:01:51 - Epoch 24: train_loss=1.5377274751663208, train_acc= 48.95%
INFO - 09/13/26 23:54:53 - 0:01:51 - Epoch 25: train_loss=1.5147645473480225, train_acc= 50.06%
INFO - 09/13/26 23:54:53 - 0:01:51 - Epoch 25: val_loss=1.508150577545166, val_acc= 49.93%,val_weighted_f1= 41.42,val_macro_f1= 19.78%
INFO - 09/13/26 23:54:54 - 0:01:52 - Epoch 26: train_loss=1.4958628416061401, train_acc= 51.39%
INFO - 09/13/26 23:54:54 - 0:01:52 - Epoch 27: train_loss=1.4738547801971436, train_acc= 52.51%
INFO - 09/13/26 23:54:54 - 0:01:52 - Epoch 28: train_loss=1.4525479078292847, train_acc= 52.73%
INFO - 09/13/26 23:54:54 - 0:01:52 - Epoch 29: train_loss=1.4281333684921265, train_acc= 53.94%
INFO - 09/13/26 23:54:54 - 0:01:53 - Epoch 30: train_loss=1.4117299318313599, train_acc= 54.18%
INFO - 09/13/26 23:54:54 - 0:01:53 - Epoch 30: val_loss=1.3925200700759888, val_acc= 54.22%,val_weighted_f1= 46.13,val_macro_f1= 22.70%
INFO - 09/13/26 23:54:55 - 0:01:53 - Epoch 31: train_loss=1.38442862033844, train_acc= 55.50%
INFO - 09/13/26 23:54:55 - 0:01:53 - Epoch 32: train_loss=1.3675497770309448, train_acc= 56.12%
INFO - 09/13/26 23:54:55 - 0:01:53 - Epoch 33: train_loss=1.3376994132995605, train_acc= 57.23%
INFO - 09/13/26 23:54:55 - 0:01:53 - Epoch 34: train_loss=1.3194196224212646, train_acc= 57.86%
INFO - 09/13/26 23:54:56 - 0:01:54 - Epoch 35: train_loss=1.2961862087249756, train_acc= 58.77%
INFO - 09/13/26 23:54:56 - 0:01:54 - Epoch 35: val_loss=1.2837966680526733, val_acc= 58.00%,val_weighted_f1= 49.89,val_macro_f1= 24.70%
INFO - 09/13/26 23:54:56 - 0:01:54 - Epoch 36: train_loss=1.2797107696533203, train_acc= 59.78%
INFO - 09/13/26 23:54:56 - 0:01:54 - Epoch 37: train_loss=1.2555632591247559, train_acc= 60.49%
INFO - 09/13/26 23:54:56 - 0:01:54 - Epoch 38: train_loss=1.2292851209640503, train_acc= 61.97%
INFO - 09/13/26 23:54:57 - 0:01:55 - Epoch 39: train_loss=1.2032302618026733, train_acc= 62.01%
INFO - 09/13/26 23:54:57 - 0:01:55 - Epoch 40: train_loss=1.1852153539657593, train_acc= 62.95%
INFO - 09/13/26 23:54:57 - 0:01:55 - Epoch 40: val_loss=1.1692156791687012, val_acc= 60.95%,val_weighted_f1= 52.94,val_macro_f1= 26.24%
INFO - 09/13/26 23:54:57 - 0:01:55 - Epoch 41: train_loss=1.1696664094924927, train_acc= 63.60%
INFO - 09/13/26 23:54:57 - 0:01:55 - Epoch 42: train_loss=1.1429637670516968, train_acc= 64.63%
INFO - 09/13/26 23:54:58 - 0:01:56 - Epoch 43: train_loss=1.124684453010559, train_acc= 64.94%
INFO - 09/13/26 23:54:58 - 0:01:56 - Epoch 44: train_loss=1.1009303331375122, train_acc= 66.25%
INFO - 09/13/26 23:54:58 - 0:01:56 - Epoch 45: train_loss=1.083274483680725, train_acc= 66.24%
INFO - 09/13/26 23:54:58 - 0:01:56 - Epoch 45: val_loss=1.0570167303085327, val_acc= 64.36%,val_weighted_f1= 57.71,val_macro_f1= 31.26%
INFO - 09/13/26 23:54:58 - 0:01:56 - Epoch 46: train_loss=1.0604289770126343, train_acc= 67.10%
INFO - 09/13/26 23:54:59 - 0:01:57 - Epoch 47: train_loss=1.0434476137161255, train_acc= 67.95%
INFO - 09/13/26 23:54:59 - 0:01:57 - Epoch 48: train_loss=1.021430253982544, train_acc= 68.95%
INFO - 09/13/26 23:54:59 - 0:01:57 - Epoch 49: train_loss=1.0066791772842407, train_acc= 69.09%
INFO - 09/13/26 23:54:59 - 0:01:57 - Epoch 50: train_loss=0.9857854843139648, train_acc= 69.47%
INFO - 09/13/26 23:54:59 - 0:01:57 - Epoch 50: val_loss=0.960231363773346, val_acc= 68.18%,val_weighted_f1= 62.64,val_macro_f1= 37.48%
INFO - 09/13/26 23:54:59 - 0:01:58 - Epoch 51: train_loss=0.970523476600647, train_acc= 70.30%
INFO - 09/13/26 23:55:00 - 0:01:58 - Epoch 52: train_loss=0.9470536708831787, train_acc= 70.65%
INFO - 09/13/26 23:55:00 - 0:01:58 - Epoch 53: train_loss=0.9313898682594299, train_acc= 71.44%
INFO - 09/13/26 23:55:00 - 0:01:58 - Epoch 54: train_loss=0.9146212339401245, train_acc= 71.57%
INFO - 09/13/26 23:55:00 - 0:01:58 - Epoch 55: train_loss=0.897194504737854, train_acc= 72.30%
INFO - 09/13/26 23:55:00 - 0:01:59 - Epoch 55: val_loss=0.8790529370307922, val_acc= 70.95%,val_weighted_f1= 66.26,val_macro_f1= 43.54%
INFO - 09/13/26 23:55:01 - 0:01:59 - Epoch 56: train_loss=0.8798125982284546, train_acc= 72.84%
INFO - 09/13/26 23:55:01 - 0:01:59 - Epoch 57: train_loss=0.8632460832595825, train_acc= 73.24%
INFO - 09/13/26 23:55:01 - 0:01:59 - Epoch 58: train_loss=0.8484432697296143, train_acc= 74.14%
INFO - 09/13/26 23:55:01 - 0:01:59 - Epoch 59: train_loss=0.836081326007843, train_acc= 74.58%
INFO - 09/13/26 23:55:02 - 0:02:00 - Epoch 60: train_loss=0.8148852586746216, train_acc= 75.10%
INFO - 09/13/26 23:55:02 - 0:02:00 - Epoch 60: val_loss=0.796477735042572, val_acc= 74.29%,val_weighted_f1= 70.25,val_macro_f1= 50.03%
INFO - 09/13/26 23:55:02 - 0:02:00 - Epoch 61: train_loss=0.8025347590446472, train_acc= 75.36%
INFO - 09/13/26 23:55:02 - 0:02:00 - Epoch 62: train_loss=0.7929163575172424, train_acc= 75.80%
INFO - 09/13/26 23:55:02 - 0:02:00 - Epoch 63: train_loss=0.7718116044998169, train_acc= 76.75%
INFO - 09/13/26 23:55:03 - 0:02:01 - Epoch 64: train_loss=0.7557814717292786, train_acc= 77.44%
INFO - 09/13/26 23:55:03 - 0:02:01 - Epoch 65: train_loss=0.7405356168746948, train_acc= 77.63%
INFO - 09/13/26 23:55:03 - 0:02:01 - Epoch 65: val_loss=0.7237021923065186, val_acc= 76.62%,val_weighted_f1= 73.02,val_macro_f1= 55.33%
INFO - 09/13/26 23:55:03 - 0:02:01 - Epoch 66: train_loss=0.7289736270904541, train_acc= 78.01%
INFO - 09/13/26 23:55:03 - 0:02:01 - Epoch 67: train_loss=0.719474732875824, train_acc= 78.17%
INFO - 09/13/26 23:55:04 - 0:02:02 - Epoch 68: train_loss=0.7078787088394165, train_acc= 78.71%
INFO - 09/13/26 23:55:04 - 0:02:02 - Epoch 69: train_loss=0.6985412836074829, train_acc= 79.05%
INFO - 09/13/26 23:55:04 - 0:02:02 - Epoch 70: train_loss=0.6864545941352844, train_acc= 78.79%
INFO - 09/13/26 23:55:04 - 0:02:02 - Epoch 70: val_loss=0.6644955277442932, val_acc= 78.29%,val_weighted_f1= 75.02,val_macro_f1= 58.90%
INFO - 09/13/26 23:55:04 - 0:02:02 - Epoch 71: train_loss=0.6727631688117981, train_acc= 79.52%
INFO - 09/13/26 23:55:04 - 0:02:03 - Epoch 72: train_loss=0.6607726812362671, train_acc= 79.94%
INFO - 09/13/26 23:55:05 - 0:02:03 - Epoch 73: train_loss=0.6524919867515564, train_acc= 80.13%
INFO - 09/13/26 23:55:05 - 0:02:03 - Epoch 74: train_loss=0.6401644349098206, train_acc= 80.62%
INFO - 09/13/26 23:55:05 - 0:02:03 - Epoch 75: train_loss=0.6335820555686951, train_acc= 80.51%
INFO - 09/13/26 23:55:05 - 0:02:03 - Epoch 75: val_loss=0.6101948022842407, val_acc= 79.96%,val_weighted_f1= 77.11,val_macro_f1= 63.29%
INFO - 09/13/26 23:55:05 - 0:02:04 - Epoch 76: train_loss=0.6194397211074829, train_acc= 81.00%
INFO - 09/13/26 23:55:06 - 0:02:04 - Epoch 77: train_loss=0.6076427698135376, train_acc= 81.51%
INFO - 09/13/26 23:55:06 - 0:02:04 - Epoch 78: train_loss=0.6051154136657715, train_acc= 81.45%
INFO - 09/13/26 23:55:06 - 0:02:04 - Epoch 79: train_loss=0.59059077501297, train_acc= 82.33%
INFO - 09/13/26 23:55:06 - 0:02:04 - Epoch 80: train_loss=0.582329511642456, train_acc= 82.22%
INFO - 09/13/26 23:55:06 - 0:02:05 - Epoch 80: val_loss=0.5663456320762634, val_acc= 81.05%,val_weighted_f1= 78.32,val_macro_f1= 65.12%
INFO - 09/13/26 23:55:07 - 0:02:05 - Epoch 81: train_loss=0.5772682428359985, train_acc= 82.22%
INFO - 09/13/26 23:55:07 - 0:02:05 - Epoch 82: train_loss=0.5711807012557983, train_acc= 82.62%
INFO - 09/13/26 23:55:07 - 0:02:05 - Epoch 83: train_loss=0.5619696974754333, train_acc= 82.43%
INFO - 09/13/26 23:55:07 - 0:02:05 - Epoch 84: train_loss=0.5510196089744568, train_acc= 82.91%
INFO - 09/13/26 23:55:08 - 0:02:06 - Epoch 85: train_loss=0.5461639761924744, train_acc= 83.24%
INFO - 09/13/26 23:55:08 - 0:02:06 - Epoch 85: val_loss=0.5305303931236267, val_acc= 82.04%,val_weighted_f1= 79.69,val_macro_f1= 67.73%
INFO - 09/13/26 23:55:08 - 0:02:06 - Epoch 86: train_loss=0.5377068519592285, train_acc= 83.40%
INFO - 09/13/26 23:55:08 - 0:02:06 - Epoch 87: train_loss=0.5289278030395508, train_acc= 83.56%
INFO - 09/13/26 23:55:08 - 0:02:06 - Epoch 88: train_loss=0.5196088552474976, train_acc= 83.93%
INFO - 09/13/26 23:55:09 - 0:02:07 - Epoch 89: train_loss=0.5161598920822144, train_acc= 83.75%
INFO - 09/13/26 23:55:09 - 0:02:07 - Epoch 90: train_loss=0.5125573873519897, train_acc= 83.66%
INFO - 09/13/26 23:55:09 - 0:02:07 - Epoch 90: val_loss=0.49914902448654175, val_acc= 82.91%,val_weighted_f1= 80.89,val_macro_f1= 70.18%
INFO - 09/13/26 23:55:09 - 0:02:07 - Epoch 91: train_loss=0.5037575364112854, train_acc= 84.16%
INFO - 09/13/26 23:55:09 - 0:02:07 - Epoch 92: train_loss=0.4974484145641327, train_acc= 84.40%
INFO - 09/13/26 23:55:09 - 0:02:08 - Epoch 93: train_loss=0.4910576045513153, train_acc= 84.65%
INFO - 09/13/26 23:55:10 - 0:02:08 - Epoch 94: train_loss=0.4889591336250305, train_acc= 84.72%
INFO - 09/13/26 23:55:10 - 0:02:08 - Epoch 95: train_loss=0.4848615527153015, train_acc= 84.78%
INFO - 09/13/26 23:55:10 - 0:02:08 - Epoch 95: val_loss=0.47148624062538147, val_acc= 83.96%,val_weighted_f1= 82.39,val_macro_f1= 73.37%
INFO - 09/13/26 23:55:10 - 0:02:08 - Epoch 96: train_loss=0.47566547989845276, train_acc= 85.01%
INFO - 09/13/26 23:55:10 - 0:02:09 - Epoch 97: train_loss=0.47167545557022095, train_acc= 85.31%
INFO - 09/13/26 23:55:11 - 0:02:09 - Epoch 98: train_loss=0.46665260195732117, train_acc= 85.36%
INFO - 09/13/26 23:55:11 - 0:02:09 - Epoch 99: train_loss=0.45747414231300354, train_acc= 86.02%
INFO - 09/13/26 23:55:11 - 0:02:09 - Epoch 100: train_loss=0.4547126293182373, train_acc= 85.66%
INFO - 09/13/26 23:55:11 - 0:02:09 - Epoch 100: val_loss=0.45142996311187744, val_acc= 84.47%,val_weighted_f1= 83.01,val_macro_f1= 74.68%
INFO - 09/13/26 23:55:11 - 0:02:10 - Epoch 101: train_loss=0.4524998366832733, train_acc= 85.60%
INFO - 09/13/26 23:55:12 - 0:02:10 - Epoch 102: train_loss=0.44250643253326416, train_acc= 86.09%
INFO - 09/13/26 23:55:12 - 0:02:10 - Epoch 103: train_loss=0.4404216408729553, train_acc= 86.32%
INFO - 09/13/26 23:55:12 - 0:02:10 - Epoch 104: train_loss=0.4351661205291748, train_acc= 86.74%
INFO - 09/13/26 23:55:12 - 0:02:10 - Epoch 105: train_loss=0.432839035987854, train_acc= 86.66%
INFO - 09/13/26 23:55:12 - 0:02:11 - Epoch 105: val_loss=0.4329845905303955, val_acc= 84.80%,val_weighted_f1= 83.40,val_macro_f1= 75.21%
INFO - 09/13/26 23:55:13 - 0:02:11 - Epoch 106: train_loss=0.42937812209129333, train_acc= 86.61%
INFO - 09/13/26 23:55:13 - 0:02:11 - Epoch 107: train_loss=0.4269694983959198, train_acc= 86.51%
INFO - 09/13/26 23:55:13 - 0:02:11 - Epoch 108: train_loss=0.4169362485408783, train_acc= 87.17%
INFO - 09/13/26 23:55:13 - 0:02:11 - Epoch 109: train_loss=0.41640186309814453, train_acc= 86.82%
INFO - 09/13/26 23:55:14 - 0:02:12 - Epoch 110: train_loss=0.4138696491718292, train_acc= 87.07%
INFO - 09/13/26 23:55:14 - 0:02:12 - Epoch 110: val_loss=0.4147135615348816, val_acc= 85.60%,val_weighted_f1= 84.39,val_macro_f1= 76.90%
INFO - 09/13/26 23:55:14 - 0:02:12 - Epoch 111: train_loss=0.4118061661720276, train_acc= 87.28%
INFO - 09/13/26 23:55:14 - 0:02:12 - Epoch 112: train_loss=0.4033862352371216, train_acc= 87.36%
INFO - 09/13/26 23:55:14 - 0:02:12 - Epoch 113: train_loss=0.39995110034942627, train_acc= 87.60%
INFO - 09/13/26 23:55:15 - 0:02:13 - Epoch 114: train_loss=0.3972976803779602, train_acc= 87.31%
INFO - 09/13/26 23:55:15 - 0:02:13 - Epoch 115: train_loss=0.3962842524051666, train_acc= 87.69%
INFO - 09/13/26 23:55:15 - 0:02:13 - Epoch 115: val_loss=0.3995111286640167, val_acc= 86.33%,val_weighted_f1= 85.36,val_macro_f1= 79.01%
INFO - 09/13/26 23:55:15 - 0:02:13 - Epoch 116: train_loss=0.39683064818382263, train_acc= 87.76%
INFO - 09/13/26 23:55:15 - 0:02:13 - Epoch 117: train_loss=0.389401376247406, train_acc= 87.89%
INFO - 09/13/26 23:55:16 - 0:02:14 - Epoch 118: train_loss=0.3886750638484955, train_acc= 87.72%
INFO - 09/13/26 23:55:16 - 0:02:14 - Epoch 119: train_loss=0.3826563060283661, train_acc= 88.08%
INFO - 09/13/26 23:55:16 - 0:02:14 - Epoch 120: train_loss=0.3791109621524811, train_acc= 88.27%
INFO - 09/13/26 23:55:16 - 0:02:14 - Epoch 120: val_loss=0.38900208473205566, val_acc= 86.84%,val_weighted_f1= 85.83,val_macro_f1= 79.57%
INFO - 09/13/26 23:55:16 - 0:02:14 - Epoch 121: train_loss=0.37623196840286255, train_acc= 88.28%
INFO - 09/13/26 23:55:17 - 0:02:15 - Epoch 122: train_loss=0.37307456135749817, train_acc= 88.11%
INFO - 09/13/26 23:55:17 - 0:02:15 - Epoch 123: train_loss=0.3739202618598938, train_acc= 88.40%
INFO - 09/13/26 23:55:17 - 0:02:15 - Epoch 124: train_loss=0.3645712733268738, train_acc= 88.73%
INFO - 09/13/26 23:55:17 - 0:02:15 - Epoch 125: train_loss=0.3679649829864502, train_acc= 88.69%
INFO - 09/13/26 23:55:17 - 0:02:15 - Epoch 125: val_loss=0.3768009543418884, val_acc= 87.31%,val_weighted_f1= 86.42,val_macro_f1= 80.72%
INFO - 09/13/26 23:55:18 - 0:02:16 - Epoch 126: train_loss=0.36509230732917786, train_acc= 88.78%
INFO - 09/13/26 23:55:18 - 0:02:16 - Epoch 127: train_loss=0.3656386137008667, train_acc= 88.62%
INFO - 09/13/26 23:55:18 - 0:02:16 - Epoch 128: train_loss=0.3542408049106598, train_acc= 89.15%
INFO - 09/13/26 23:55:18 - 0:02:16 - Epoch 129: train_loss=0.35436904430389404, train_acc= 89.30%
INFO - 09/13/26 23:55:18 - 0:02:17 - Epoch 130: train_loss=0.35626304149627686, train_acc= 88.98%
INFO - 09/13/26 23:55:19 - 0:02:17 - Epoch 130: val_loss=0.3680546283721924, val_acc= 87.85%,val_weighted_f1= 87.08,val_macro_f1= 81.92%
INFO - 09/13/26 23:55:19 - 0:02:17 - Epoch 131: train_loss=0.3497178256511688, train_acc= 89.41%
INFO - 09/13/26 23:55:19 - 0:02:17 - Epoch 132: train_loss=0.34650564193725586, train_acc= 89.41%
INFO - 09/13/26 23:55:19 - 0:02:17 - Epoch 133: train_loss=0.347129225730896, train_acc= 89.53%
INFO - 09/13/26 23:55:19 - 0:02:18 - Epoch 134: train_loss=0.3422940671443939, train_acc= 89.58%
INFO - 09/13/26 23:55:20 - 0:02:18 - Epoch 135: train_loss=0.3407081365585327, train_acc= 89.51%
INFO - 09/13/26 23:55:20 - 0:02:18 - Epoch 135: val_loss=0.35935676097869873, val_acc= 88.11%,val_weighted_f1= 87.24,val_macro_f1= 81.93%
INFO - 09/13/26 23:55:20 - 0:02:18 - Epoch 136: train_loss=0.33561766147613525, train_acc= 89.63%
INFO - 09/13/26 23:55:20 - 0:02:18 - Epoch 137: train_loss=0.33606159687042236, train_acc= 90.04%
INFO - 09/13/26 23:55:21 - 0:02:19 - Epoch 138: train_loss=0.33323705196380615, train_acc= 89.80%
INFO - 09/13/26 23:55:21 - 0:02:19 - Epoch 139: train_loss=0.33106979727745056, train_acc= 89.84%
INFO - 09/13/26 23:55:21 - 0:02:19 - Epoch 140: train_loss=0.32837238907814026, train_acc= 89.88%
INFO - 09/13/26 23:55:21 - 0:02:19 - Epoch 140: val_loss=0.35092389583587646, val_acc= 88.58%,val_weighted_f1= 87.83,val_macro_f1= 83.08%
INFO - 09/13/26 23:55:21 - 0:02:19 - Epoch 141: train_loss=0.3258097171783447, train_acc= 90.21%
INFO - 09/13/26 23:55:22 - 0:02:20 - Epoch 142: train_loss=0.3287692070007324, train_acc= 89.89%
INFO - 09/13/26 23:55:22 - 0:02:20 - Epoch 143: train_loss=0.3238700032234192, train_acc= 90.23%
INFO - 09/13/26 23:55:22 - 0:02:20 - Epoch 144: train_loss=0.32288187742233276, train_acc= 89.93%
INFO - 09/13/26 23:55:22 - 0:02:20 - Epoch 145: train_loss=0.32204630970954895, train_acc= 89.98%
INFO - 09/13/26 23:55:22 - 0:02:20 - Epoch 145: val_loss=0.34296566247940063, val_acc= 88.98%,val_weighted_f1= 88.46,val_macro_f1= 84.75%
INFO - 09/13/26 23:55:22 - 0:02:21 - Epoch 146: train_loss=0.3183458745479584, train_acc= 90.46%
INFO - 09/13/26 23:55:23 - 0:02:21 - Epoch 147: train_loss=0.31882405281066895, train_acc= 90.23%
INFO - 09/13/26 23:55:23 - 0:02:21 - Epoch 148: train_loss=0.3146156668663025, train_acc= 90.87%
INFO - 09/13/26 23:55:23 - 0:02:21 - Epoch 149: train_loss=0.3147657513618469, train_acc= 90.63%
INFO - 09/13/26 23:55:23 - 0:02:21 - Epoch 150: train_loss=0.3083888590335846, train_acc= 90.91%
INFO - 09/13/26 23:55:23 - 0:02:22 - Epoch 150: val_loss=0.33682411909103394, val_acc= 89.02%,val_weighted_f1= 88.47,val_macro_f1= 84.60%
INFO - 09/13/26 23:55:24 - 0:02:22 - Epoch 151: train_loss=0.3064539134502411, train_acc= 90.97%
INFO - 09/13/26 23:55:24 - 0:02:22 - Epoch 152: train_loss=0.3043709993362427, train_acc= 90.66%
INFO - 09/13/26 23:55:24 - 0:02:22 - Epoch 153: train_loss=0.30364152789115906, train_acc= 90.81%
INFO - 09/13/26 23:55:24 - 0:02:22 - Epoch 154: train_loss=0.3004404306411743, train_acc= 90.86%
INFO - 09/13/26 23:55:25 - 0:02:23 - Epoch 155: train_loss=0.30372896790504456, train_acc= 90.74%
INFO - 09/13/26 23:55:25 - 0:02:23 - Epoch 155: val_loss=0.3305385410785675, val_acc= 89.49%,val_weighted_f1= 89.07,val_macro_f1= 85.77%
INFO - 09/13/26 23:55:25 - 0:02:23 - Epoch 156: train_loss=0.29704466462135315, train_acc= 90.90%
INFO - 09/13/26 23:55:25 - 0:02:23 - Epoch 157: train_loss=0.2986314296722412, train_acc= 91.12%
INFO - 09/13/26 23:55:25 - 0:02:24 - Epoch 158: train_loss=0.29551878571510315, train_acc= 90.96%
INFO - 09/13/26 23:55:26 - 0:02:24 - Epoch 159: train_loss=0.29440125823020935, train_acc= 91.20%
INFO - 09/13/26 23:55:26 - 0:02:24 - Epoch 160: train_loss=0.289387047290802, train_acc= 91.31%
INFO - 09/13/26 23:55:26 - 0:02:24 - Epoch 160: val_loss=0.32340875267982483, val_acc= 89.78%,val_weighted_f1= 89.46,val_macro_f1= 86.71%
INFO - 09/13/26 23:55:26 - 0:02:24 - Epoch 161: train_loss=0.2916640341281891, train_acc= 91.38%
INFO - 09/13/26 23:55:26 - 0:02:25 - Epoch 162: train_loss=0.29045477509498596, train_acc= 91.19%
INFO - 09/13/26 23:55:27 - 0:02:25 - Epoch 163: train_loss=0.2882757782936096, train_acc= 91.36%
INFO - 09/13/26 23:55:27 - 0:02:25 - Epoch 164: train_loss=0.2846519649028778, train_acc= 91.43%
INFO - 09/13/26 23:55:27 - 0:02:25 - Epoch 165: train_loss=0.28790098428726196, train_acc= 91.31%
INFO - 09/13/26 23:55:27 - 0:02:25 - Epoch 165: val_loss=0.3208409249782562, val_acc= 89.71%,val_weighted_f1= 89.25,val_macro_f1= 86.12%
EarlyStopping counter: 1 out of 15
INFO - 09/13/26 23:55:27 - 0:02:26 - Epoch 166: train_loss=0.2875843644142151, train_acc= 91.08%
INFO - 09/13/26 23:55:28 - 0:02:26 - Epoch 167: train_loss=0.2810203433036804, train_acc= 91.49%
INFO - 09/13/26 23:55:28 - 0:02:26 - Epoch 168: train_loss=0.2779923677444458, train_acc= 91.40%
INFO - 09/13/26 23:55:28 - 0:02:26 - Epoch 169: train_loss=0.27860039472579956, train_acc= 91.66%
INFO - 09/13/26 23:55:28 - 0:02:26 - Epoch 170: train_loss=0.27807316184043884, train_acc= 91.65%
INFO - 09/13/26 23:55:28 - 0:02:26 - Epoch 170: val_loss=0.31787794828414917, val_acc= 89.78%,val_weighted_f1= 89.31,val_macro_f1= 86.06%
INFO - 09/13/26 23:55:29 - 0:02:27 - Epoch 171: train_loss=0.2739594578742981, train_acc= 91.80%
INFO - 09/13/26 23:55:29 - 0:02:27 - Epoch 172: train_loss=0.27400511503219604, train_acc= 91.47%
INFO - 09/13/26 23:55:29 - 0:02:27 - Epoch 173: train_loss=0.2733508050441742, train_acc= 91.86%
INFO - 09/13/26 23:55:29 - 0:02:27 - Epoch 174: train_loss=0.2747049629688263, train_acc= 91.94%
INFO - 09/13/26 23:55:30 - 0:02:28 - Epoch 175: train_loss=0.26613369584083557, train_acc= 91.81%
INFO - 09/13/26 23:55:30 - 0:02:28 - Epoch 175: val_loss=0.3125069737434387, val_acc= 90.11%,val_weighted_f1= 89.76,val_macro_f1= 87.28%
INFO - 09/13/26 23:55:30 - 0:02:28 - Epoch 176: train_loss=0.26857060194015503, train_acc= 91.93%
INFO - 09/13/26 23:55:30 - 0:02:28 - Epoch 177: train_loss=0.26707759499549866, train_acc= 92.07%
INFO - 09/13/26 23:55:30 - 0:02:28 - Epoch 178: train_loss=0.26701855659484863, train_acc= 91.78%
INFO - 09/13/26 23:55:31 - 0:02:29 - Epoch 179: train_loss=0.2624567449092865, train_acc= 92.26%
INFO - 09/13/26 23:55:31 - 0:02:29 - Epoch 180: train_loss=0.26247891783714294, train_acc= 92.03%
INFO - 09/13/26 23:55:31 - 0:02:29 - Epoch 180: val_loss=0.3077162504196167, val_acc= 90.33%,val_weighted_f1= 90.05,val_macro_f1= 87.81%
INFO - 09/13/26 23:55:31 - 0:02:29 - Epoch 181: train_loss=0.2634432315826416, train_acc= 92.00%
INFO - 09/13/26 23:55:31 - 0:02:29 - Epoch 182: train_loss=0.26141661405563354, train_acc= 92.22%
INFO - 09/13/26 23:55:32 - 0:02:30 - Epoch 183: train_loss=0.25795456767082214, train_acc= 92.51%
INFO - 09/13/26 23:55:32 - 0:02:30 - Epoch 184: train_loss=0.2611566185951233, train_acc= 92.26%
INFO - 09/13/26 23:55:32 - 0:02:30 - Epoch 185: train_loss=0.25794920325279236, train_acc= 92.14%
INFO - 09/13/26 23:55:32 - 0:02:30 - Epoch 185: val_loss=0.30824124813079834, val_acc= 90.29%,val_weighted_f1= 89.94,val_macro_f1= 87.39%
EarlyStopping counter: 1 out of 15
INFO - 09/13/26 23:55:32 - 0:02:30 - Epoch 186: train_loss=0.25263214111328125, train_acc= 92.39%
INFO - 09/13/26 23:55:33 - 0:02:31 - Epoch 187: train_loss=0.25391125679016113, train_acc= 92.41%
INFO - 09/13/26 23:55:33 - 0:02:31 - Epoch 188: train_loss=0.2520642578601837, train_acc= 92.24%
INFO - 09/13/26 23:55:33 - 0:02:31 - Epoch 189: train_loss=0.25017049908638, train_acc= 92.57%
INFO - 09/13/26 23:55:33 - 0:02:31 - Epoch 190: train_loss=0.25186270475387573, train_acc= 92.37%
INFO - 09/13/26 23:55:33 - 0:02:31 - Epoch 190: val_loss=0.30437323451042175, val_acc= 90.55%,val_weighted_f1= 90.20,val_macro_f1= 87.61%
INFO - 09/13/26 23:55:34 - 0:02:32 - Epoch 191: train_loss=0.25135061144828796, train_acc= 92.43%
INFO - 09/13/26 23:55:34 - 0:02:32 - Epoch 192: train_loss=0.2500664293766022, train_acc= 92.56%
INFO - 09/13/26 23:55:34 - 0:02:32 - Epoch 193: train_loss=0.24727007746696472, train_acc= 92.74%
INFO - 09/13/26 23:55:34 - 0:02:32 - Epoch 194: train_loss=0.24601590633392334, train_acc= 92.72%
INFO - 09/13/26 23:55:34 - 0:02:33 - Epoch 195: train_loss=0.2430565357208252, train_acc= 92.43%
INFO - 09/13/26 23:55:35 - 0:02:33 - Epoch 195: val_loss=0.29681849479675293, val_acc= 90.84%,val_weighted_f1= 90.58,val_macro_f1= 88.38%
INFO - 09/13/26 23:55:35 - 0:02:33 - Epoch 196: train_loss=0.24450334906578064, train_acc= 92.62%
INFO - 09/13/26 23:55:35 - 0:02:33 - Epoch 197: train_loss=0.2424411028623581, train_acc= 92.64%
INFO - 09/13/26 23:55:35 - 0:02:33 - Epoch 198: train_loss=0.24483591318130493, train_acc= 92.63%
INFO - 09/13/26 23:55:35 - 0:02:34 - Epoch 199: train_loss=0.24194644391536713, train_acc= 92.55%
INFO - 09/13/26 23:55:36 - 0:02:34 - Epoch 200: train_loss=0.23953145742416382, train_acc= 92.83%
INFO - 09/13/26 23:55:36 - 0:02:34 - Epoch 200: val_loss=0.2965461313724518, val_acc= 90.65%,val_weighted_f1= 90.37,val_macro_f1= 88.16%
EarlyStopping counter: 1 out of 15
INFO - 09/13/26 23:55:36 - 0:02:34 - Epoch 201: train_loss=0.2376726120710373, train_acc= 93.07%
INFO - 09/13/26 23:55:36 - 0:02:34 - Epoch 202: train_loss=0.24283431470394135, train_acc= 92.47%
INFO - 09/13/26 23:55:36 - 0:02:35 - Epoch 203: train_loss=0.23917070031166077, train_acc= 92.86%
INFO - 09/13/26 23:55:37 - 0:02:35 - Epoch 204: train_loss=0.23875397443771362, train_acc= 93.12%
INFO - 09/13/26 23:55:37 - 0:02:35 - Epoch 205: train_loss=0.23629291355609894, train_acc= 92.68%
INFO - 09/13/26 23:55:37 - 0:02:35 - Epoch 205: val_loss=0.29895249009132385, val_acc= 90.55%,val_weighted_f1= 90.21,val_macro_f1= 87.83%
EarlyStopping counter: 2 out of 15
INFO - 09/13/26 23:55:37 - 0:02:35 - Epoch 206: train_loss=0.2328546792268753, train_acc= 92.92%
INFO - 09/13/26 23:55:37 - 0:02:36 - Epoch 207: train_loss=0.23223674297332764, train_acc= 93.31%
INFO - 09/13/26 23:55:38 - 0:02:36 - Epoch 208: train_loss=0.23066531121730804, train_acc= 93.10%
INFO - 09/13/26 23:55:38 - 0:02:36 - Epoch 209: train_loss=0.2302543818950653, train_acc= 92.96%
INFO - 09/13/26 23:55:38 - 0:02:36 - Epoch 210: train_loss=0.2307746261358261, train_acc= 92.81%
INFO - 09/13/26 23:55:38 - 0:02:36 - Epoch 210: val_loss=0.28933602571487427, val_acc= 91.13%,val_weighted_f1= 90.91,val_macro_f1= 88.93%
INFO - 09/13/26 23:55:38 - 0:02:37 - Epoch 211: train_loss=0.22802449762821198, train_acc= 93.12%
INFO - 09/13/26 23:55:39 - 0:02:37 - Epoch 212: train_loss=0.23145723342895508, train_acc= 92.90%
INFO - 09/13/26 23:55:39 - 0:02:37 - Epoch 213: train_loss=0.23048430681228638, train_acc= 93.01%
INFO - 09/13/26 23:55:39 - 0:02:37 - Epoch 214: train_loss=0.2259998917579651, train_acc= 93.31%
INFO - 09/13/26 23:55:39 - 0:02:37 - Epoch 215: train_loss=0.22608217597007751, train_acc= 93.18%
INFO - 09/13/26 23:55:39 - 0:02:37 - Epoch 215: val_loss=0.29171451926231384, val_acc= 90.91%,val_weighted_f1= 90.58,val_macro_f1= 88.03%
EarlyStopping counter: 1 out of 15
INFO - 09/13/26 23:55:40 - 0:02:38 - Epoch 216: train_loss=0.2252465784549713, train_acc= 93.27%
INFO - 09/13/26 23:55:40 - 0:02:38 - Epoch 217: train_loss=0.22613024711608887, train_acc= 93.24%
INFO - 09/13/26 23:55:40 - 0:02:38 - Epoch 218: train_loss=0.2236560583114624, train_acc= 93.48%
INFO - 09/13/26 23:55:40 - 0:02:38 - Epoch 219: train_loss=0.22377832233905792, train_acc= 93.18%
INFO - 09/13/26 23:55:41 - 0:02:39 - Epoch 220: train_loss=0.2202771157026291, train_acc= 93.32%
INFO - 09/13/26 23:55:41 - 0:02:39 - Epoch 220: val_loss=0.2943042814731598, val_acc= 90.55%,val_weighted_f1= 90.20,val_macro_f1= 87.72%
EarlyStopping counter: 2 out of 15
INFO - 09/13/26 23:55:41 - 0:02:39 - Epoch 221: train_loss=0.22134731709957123, train_acc= 93.42%
INFO - 09/13/26 23:55:41 - 0:02:39 - Epoch 222: train_loss=0.21781107783317566, train_acc= 93.19%
INFO - 09/13/26 23:55:41 - 0:02:39 - Epoch 223: train_loss=0.22142092883586884, train_acc= 93.19%
INFO - 09/13/26 23:55:42 - 0:02:40 - Epoch 224: train_loss=0.21770034730434418, train_acc= 93.53%
INFO - 09/13/26 23:55:42 - 0:02:40 - Epoch 225: train_loss=0.21747641265392303, train_acc= 93.36%
INFO - 09/13/26 23:55:42 - 0:02:40 - Epoch 225: val_loss=0.2858940362930298, val_acc= 91.27%,val_weighted_f1= 91.05,val_macro_f1= 89.01%
INFO - 09/13/26 23:55:42 - 0:02:40 - Epoch 226: train_loss=0.21654750406742096, train_acc= 93.60%
INFO - 09/13/26 23:55:42 - 0:02:40 - Epoch 227: train_loss=0.2151300311088562, train_acc= 93.44%
INFO - 09/13/26 23:55:42 - 0:02:41 - Epoch 228: train_loss=0.21331287920475006, train_acc= 93.58%
INFO - 09/13/26 23:55:43 - 0:02:41 - Epoch 229: train_loss=0.2181016355752945, train_acc= 93.33%
INFO - 09/13/26 23:55:43 - 0:02:41 - Epoch 230: train_loss=0.21107444167137146, train_acc= 93.54%
INFO - 09/13/26 23:55:43 - 0:02:41 - Epoch 230: val_loss=0.28236278891563416, val_acc= 91.53%,val_weighted_f1= 91.41,val_macro_f1= 90.05%
INFO - 09/13/26 23:55:43 - 0:02:41 - Epoch 231: train_loss=0.21602144837379456, train_acc= 93.48%
INFO - 09/13/26 23:55:43 - 0:02:42 - Epoch 232: train_loss=0.21327504515647888, train_acc= 93.76%
INFO - 09/13/26 23:55:44 - 0:02:42 - Epoch 233: train_loss=0.21318788826465607, train_acc= 93.33%
INFO - 09/13/26 23:55:44 - 0:02:42 - Epoch 234: train_loss=0.2087046056985855, train_acc= 93.83%
INFO - 09/13/26 23:55:44 - 0:02:42 - Epoch 235: train_loss=0.2090580016374588, train_acc= 93.80%
INFO - 09/13/26 23:55:44 - 0:02:42 - Epoch 235: val_loss=0.2878098785877228, val_acc= 90.95%,val_weighted_f1= 90.70,val_macro_f1= 88.52%
EarlyStopping counter: 1 out of 15
INFO - 09/13/26 23:55:44 - 0:02:43 - Epoch 236: train_loss=0.21007287502288818, train_acc= 93.70%
INFO - 09/13/26 23:55:45 - 0:02:43 - Epoch 237: train_loss=0.20672045648097992, train_acc= 93.70%
INFO - 09/13/26 23:55:45 - 0:02:43 - Epoch 238: train_loss=0.20745021104812622, train_acc= 93.87%
INFO - 09/13/26 23:55:45 - 0:02:43 - Epoch 239: train_loss=0.2071257382631302, train_acc= 93.81%
INFO - 09/13/26 23:55:45 - 0:02:43 - Epoch 240: train_loss=0.2063162922859192, train_acc= 93.81%
INFO - 09/13/26 23:55:45 - 0:02:44 - Epoch 240: val_loss=0.28741806745529175, val_acc= 91.05%,val_weighted_f1= 90.82,val_macro_f1= 88.72%
EarlyStopping counter: 2 out of 15
INFO - 09/13/26 23:55:46 - 0:02:44 - Epoch 241: train_loss=0.2056143879890442, train_acc= 93.86%
INFO - 09/13/26 23:55:46 - 0:02:44 - Epoch 242: train_loss=0.2074497938156128, train_acc= 93.44%
INFO - 09/13/26 23:55:46 - 0:02:44 - Epoch 243: train_loss=0.20396804809570312, train_acc= 93.82%
INFO - 09/13/26 23:55:46 - 0:02:44 - Epoch 244: train_loss=0.20369139313697815, train_acc= 93.88%
INFO - 09/13/26 23:55:47 - 0:02:45 - Epoch 245: train_loss=0.1986871063709259, train_acc= 94.00%
INFO - 09/13/26 23:55:47 - 0:02:45 - Epoch 245: val_loss=0.2834540009498596, val_acc= 91.35%,val_weighted_f1= 91.17,val_macro_f1= 89.53%
EarlyStopping counter: 3 out of 15
INFO - 09/13/26 23:55:47 - 0:02:45 - Epoch 246: train_loss=0.2009710967540741, train_acc= 93.99%
INFO - 09/13/26 23:55:47 - 0:02:45 - Epoch 247: train_loss=0.19980871677398682, train_acc= 94.06%
INFO - 09/13/26 23:55:47 - 0:02:45 - Epoch 248: train_loss=0.19997043907642365, train_acc= 93.92%
INFO - 09/13/26 23:55:48 - 0:02:46 - Epoch 249: train_loss=0.20098955929279327, train_acc= 93.95%
INFO - 09/13/26 23:55:48 - 0:02:46 - Epoch 250: train_loss=0.19934941828250885, train_acc= 94.07%
INFO - 09/13/26 23:55:48 - 0:02:46 - Epoch 250: val_loss=0.28235381841659546, val_acc= 91.45%,val_weighted_f1= 91.26,val_macro_f1= 89.37%
EarlyStopping counter: 4 out of 15
INFO - 09/13/26 23:55:48 - 0:02:46 - Epoch 251: train_loss=0.19873148202896118, train_acc= 94.03%
INFO - 09/13/26 23:55:48 - 0:02:46 - Epoch 252: train_loss=0.2000504434108734, train_acc= 93.90%
INFO - 09/13/26 23:55:48 - 0:02:47 - Epoch 253: train_loss=0.1942903995513916, train_acc= 93.99%
INFO - 09/13/26 23:55:49 - 0:02:47 - Epoch 254: train_loss=0.19569452106952667, train_acc= 94.01%
INFO - 09/13/26 23:55:49 - 0:02:47 - Epoch 255: train_loss=0.1952386051416397, train_acc= 94.26%
INFO - 09/13/26 23:55:49 - 0:02:47 - Epoch 255: val_loss=0.27939802408218384, val_acc= 91.67%,val_weighted_f1= 91.52,val_macro_f1= 89.92%
INFO - 09/13/26 23:55:49 - 0:02:47 - Epoch 256: train_loss=0.1953078806400299, train_acc= 94.04%
INFO - 09/13/26 23:55:49 - 0:02:48 - Epoch 257: train_loss=0.1929890215396881, train_acc= 94.18%
INFO - 09/13/26 23:55:50 - 0:02:48 - Epoch 258: train_loss=0.19449469447135925, train_acc= 94.11%
INFO - 09/13/26 23:55:50 - 0:02:48 - Epoch 259: train_loss=0.19267341494560242, train_acc= 94.30%
INFO - 09/13/26 23:55:50 - 0:02:48 - Epoch 260: train_loss=0.19408893585205078, train_acc= 94.15%
INFO - 09/13/26 23:55:50 - 0:02:48 - Epoch 260: val_loss=0.2829625904560089, val_acc= 91.35%,val_weighted_f1= 91.18,val_macro_f1= 89.49%
EarlyStopping counter: 1 out of 15
INFO - 09/13/26 23:55:50 - 0:02:49 - Epoch 261: train_loss=0.19069048762321472, train_acc= 94.23%
INFO - 09/13/26 23:55:51 - 0:02:49 - Epoch 262: train_loss=0.18944445252418518, train_acc= 94.21%
INFO - 09/13/26 23:55:51 - 0:02:49 - Epoch 263: train_loss=0.19472096860408783, train_acc= 94.21%
INFO - 09/13/26 23:55:51 - 0:02:49 - Epoch 264: train_loss=0.1880749762058258, train_acc= 94.47%
INFO - 09/13/26 23:55:51 - 0:02:49 - Epoch 265: train_loss=0.18696288764476776, train_acc= 94.35%
INFO - 09/13/26 23:55:51 - 0:02:50 - Epoch 265: val_loss=0.28349313139915466, val_acc= 91.38%,val_weighted_f1= 91.21,val_macro_f1= 89.60%
EarlyStopping counter: 2 out of 15
INFO - 09/13/26 23:55:52 - 0:02:50 - Epoch 266: train_loss=0.1919405162334442, train_acc= 94.12%
INFO - 09/13/26 23:55:52 - 0:02:50 - Epoch 267: train_loss=0.19015011191368103, train_acc= 94.23%
INFO - 09/13/26 23:55:52 - 0:02:50 - Epoch 268: train_loss=0.18740549683570862, train_acc= 94.63%
INFO - 09/13/26 23:55:52 - 0:02:50 - Epoch 269: train_loss=0.18613247573375702, train_acc= 94.47%
INFO - 09/13/26 23:55:52 - 0:02:51 - Epoch 270: train_loss=0.18438898026943207, train_acc= 94.63%
INFO - 09/13/26 23:55:53 - 0:02:51 - Epoch 270: val_loss=0.2776685357093811, val_acc= 91.71%,val_weighted_f1= 91.59,val_macro_f1= 90.11%
INFO - 09/13/26 23:55:53 - 0:02:51 - Epoch 271: train_loss=0.185302734375, train_acc= 94.45%
INFO - 09/13/26 23:55:53 - 0:02:51 - Epoch 272: train_loss=0.18333521485328674, train_acc= 94.56%
INFO - 09/13/26 23:55:53 - 0:02:51 - Epoch 273: train_loss=0.18379893898963928, train_acc= 94.49%
INFO - 09/13/26 23:55:53 - 0:02:52 - Epoch 274: train_loss=0.17962554097175598, train_acc= 94.76%
INFO - 09/13/26 23:55:54 - 0:02:52 - Epoch 275: train_loss=0.18156921863555908, train_acc= 94.49%
INFO - 09/13/26 23:55:54 - 0:02:52 - Epoch 275: val_loss=0.28057560324668884, val_acc= 91.35%,val_weighted_f1= 91.19,val_macro_f1= 89.59%
EarlyStopping counter: 1 out of 15
INFO - 09/13/26 23:55:54 - 0:02:52 - Epoch 276: train_loss=0.18042737245559692, train_acc= 94.51%
INFO - 09/13/26 23:55:54 - 0:02:52 - Epoch 277: train_loss=0.1801835596561432, train_acc= 94.50%
INFO - 09/13/26 23:55:54 - 0:02:53 - Epoch 278: train_loss=0.1818705052137375, train_acc= 94.70%
INFO - 09/13/26 23:55:55 - 0:02:53 - Epoch 279: train_loss=0.18081450462341309, train_acc= 94.47%
INFO - 09/13/26 23:55:55 - 0:02:53 - Epoch 280: train_loss=0.1795559972524643, train_acc= 94.52%
INFO - 09/13/26 23:55:55 - 0:02:53 - Epoch 280: val_loss=0.27932828664779663, val_acc= 91.53%,val_weighted_f1= 91.37,val_macro_f1= 89.72%
EarlyStopping counter: 2 out of 15
INFO - 09/13/26 23:55:55 - 0:02:53 - Epoch 281: train_loss=0.1764427274465561, train_acc= 94.69%
INFO - 09/13/26 23:55:55 - 0:02:54 - Epoch 282: train_loss=0.17902685701847076, train_acc= 94.47%
INFO - 09/13/26 23:55:56 - 0:02:54 - Epoch 283: train_loss=0.17836619913578033, train_acc= 94.73%
INFO - 09/13/26 23:55:56 - 0:02:54 - Epoch 284: train_loss=0.17845813930034637, train_acc= 94.68%
INFO - 09/13/26 23:55:56 - 0:02:54 - Epoch 285: train_loss=0.1764291226863861, train_acc= 94.66%
INFO - 09/13/26 23:55:56 - 0:02:54 - Epoch 285: val_loss=0.2797633707523346, val_acc= 91.60%,val_weighted_f1= 91.44,val_macro_f1= 89.76%
EarlyStopping counter: 3 out of 15
INFO - 09/13/26 23:55:56 - 0:02:55 - Epoch 286: train_loss=0.17514409124851227, train_acc= 94.76%
INFO - 09/13/26 23:55:57 - 0:02:55 - Epoch 287: train_loss=0.17686821520328522, train_acc= 94.78%
INFO - 09/13/26 23:55:57 - 0:02:55 - Epoch 288: train_loss=0.1732722818851471, train_acc= 94.80%
INFO - 09/13/26 23:55:57 - 0:02:55 - Epoch 289: train_loss=0.17531365156173706, train_acc= 94.74%
INFO - 09/13/26 23:55:57 - 0:02:55 - Epoch 290: train_loss=0.1728731244802475, train_acc= 95.03%
INFO - 09/13/26 23:55:57 - 0:02:56 - Epoch 290: val_loss=0.2871176600456238, val_acc= 90.91%,val_weighted_f1= 90.66,val_macro_f1= 88.56%
EarlyStopping counter: 4 out of 15
INFO - 09/13/26 23:55:58 - 0:02:56 - Epoch 291: train_loss=0.1784442663192749, train_acc= 94.70%
INFO - 09/13/26 23:55:58 - 0:02:56 - Epoch 292: train_loss=0.1703805923461914, train_acc= 95.03%
INFO - 09/13/26 23:55:58 - 0:02:56 - Epoch 293: train_loss=0.1725873500108719, train_acc= 94.58%
INFO - 09/13/26 23:55:58 - 0:02:56 - Epoch 294: train_loss=0.17275306582450867, train_acc= 95.01%
INFO - 09/13/26 23:55:58 - 0:02:57 - Epoch 295: train_loss=0.1733822524547577, train_acc= 94.98%
INFO - 09/13/26 23:55:59 - 0:02:57 - Epoch 295: val_loss=0.27926191687583923, val_acc= 91.35%,val_weighted_f1= 91.22,val_macro_f1= 89.76%
EarlyStopping counter: 5 out of 15
INFO - 09/13/26 23:55:59 - 0:02:57 - Epoch 296: train_loss=0.17048868536949158, train_acc= 94.87%
INFO - 09/13/26 23:55:59 - 0:02:57 - Epoch 297: train_loss=0.16893155872821808, train_acc= 94.96%
INFO - 09/13/26 23:55:59 - 0:02:57 - Epoch 298: train_loss=0.1691167801618576, train_acc= 95.13%
INFO - 09/13/26 23:55:59 - 0:02:58 - Epoch 299: train_loss=0.16574396193027496, train_acc= 95.30%
INFO - 09/13/26 23:56:00 - 0:02:58 - Epoch 300: train_loss=0.16441157460212708, train_acc= 95.10%
INFO - 09/13/26 23:56:00 - 0:02:58 - Epoch 300: val_loss=0.28081730008125305, val_acc= 91.53%,val_weighted_f1= 91.37,val_macro_f1= 89.81%
EarlyStopping counter: 6 out of 15
INFO - 09/13/26 23:56:00 - 0:02:58 - Epoch 301: train_loss=0.16902299225330353, train_acc= 95.14%
INFO - 09/13/26 23:56:00 - 0:02:58 - Epoch 302: train_loss=0.1696532964706421, train_acc= 94.79%
INFO - 09/13/26 23:56:00 - 0:02:59 - Epoch 303: train_loss=0.1631968468427658, train_acc= 95.15%
INFO - 09/13/26 23:56:01 - 0:02:59 - Epoch 304: train_loss=0.16740353405475616, train_acc= 95.14%
INFO - 09/13/26 23:56:01 - 0:02:59 - Epoch 305: train_loss=0.1633017510175705, train_acc= 95.06%
INFO - 09/13/26 23:56:01 - 0:02:59 - Epoch 305: val_loss=0.2831893265247345, val_acc= 91.13%,val_weighted_f1= 90.95,val_macro_f1= 89.27%
EarlyStopping counter: 7 out of 15
INFO - 09/13/26 23:56:01 - 0:02:59 - Epoch 306: train_loss=0.16622312366962433, train_acc= 94.98%
INFO - 09/13/26 23:56:01 - 0:03:00 - Epoch 307: train_loss=0.1662185937166214, train_acc= 95.08%
INFO - 09/13/26 23:56:02 - 0:03:00 - Epoch 308: train_loss=0.16546092927455902, train_acc= 95.08%
INFO - 09/13/26 23:56:02 - 0:03:00 - Epoch 309: train_loss=0.16113591194152832, train_acc= 95.26%
INFO - 09/13/26 23:56:02 - 0:03:00 - Epoch 310: train_loss=0.16036835312843323, train_acc= 95.10%
INFO - 09/13/26 23:56:02 - 0:03:00 - Epoch 310: val_loss=0.28233280777931213, val_acc= 91.16%,val_weighted_f1= 91.05,val_macro_f1= 89.76%
EarlyStopping counter: 8 out of 15
INFO - 09/13/26 23:56:02 - 0:03:00 - Epoch 311: train_loss=0.16178524494171143, train_acc= 95.12%
INFO - 09/13/26 23:56:03 - 0:03:01 - Epoch 312: train_loss=0.16189220547676086, train_acc= 95.40%
INFO - 09/13/26 23:56:03 - 0:03:01 - Epoch 313: train_loss=0.16249562799930573, train_acc= 95.15%
INFO - 09/13/26 23:56:03 - 0:03:01 - Epoch 314: train_loss=0.16423684358596802, train_acc= 95.01%
INFO - 09/13/26 23:56:03 - 0:03:01 - Epoch 315: train_loss=0.15784379839897156, train_acc= 95.35%
INFO - 09/13/26 23:56:03 - 0:03:01 - Epoch 315: val_loss=0.28237098455429077, val_acc= 91.53%,val_weighted_f1= 91.41,val_macro_f1= 90.13%
EarlyStopping counter: 9 out of 15
INFO - 09/13/26 23:56:04 - 0:03:02 - Epoch 316: train_loss=0.15656210482120514, train_acc= 95.35%
INFO - 09/13/26 23:56:04 - 0:03:02 - Epoch 317: train_loss=0.15891031920909882, train_acc= 95.33%
INFO - 09/13/26 23:56:04 - 0:03:02 - Epoch 318: train_loss=0.16009575128555298, train_acc= 95.32%
INFO - 09/13/26 23:56:04 - 0:03:02 - Epoch 319: train_loss=0.1616528183221817, train_acc= 95.25%
INFO - 09/13/26 23:56:04 - 0:03:03 - Epoch 320: train_loss=0.16145603358745575, train_acc= 95.19%
INFO - 09/13/26 23:56:05 - 0:03:03 - Epoch 320: val_loss=0.28127285838127136, val_acc= 91.53%,val_weighted_f1= 91.45,val_macro_f1= 90.36%
EarlyStopping counter: 10 out of 15
INFO - 09/13/26 23:56:05 - 0:03:03 - Epoch 321: train_loss=0.15842469036579132, train_acc= 95.15%
INFO - 09/13/26 23:56:05 - 0:03:03 - Epoch 322: train_loss=0.15745897591114044, train_acc= 95.16%
INFO - 09/13/26 23:56:05 - 0:03:03 - Epoch 323: train_loss=0.1567653864622116, train_acc= 95.35%
INFO - 09/13/26 23:56:05 - 0:03:04 - Epoch 324: train_loss=0.15915608406066895, train_acc= 95.20%
INFO - 09/13/26 23:56:06 - 0:03:04 - Epoch 325: train_loss=0.15602557361125946, train_acc= 95.36%
INFO - 09/13/26 23:56:06 - 0:03:04 - Epoch 325: val_loss=0.28516629338264465, val_acc= 91.27%,val_weighted_f1= 91.20,val_macro_f1= 90.21%
EarlyStopping counter: 11 out of 15
INFO - 09/13/26 23:56:06 - 0:03:04 - Epoch 326: train_loss=0.1553150862455368, train_acc= 95.16%
INFO - 09/13/26 23:56:06 - 0:03:04 - Epoch 327: train_loss=0.1536189168691635, train_acc= 95.35%
INFO - 09/13/26 23:56:06 - 0:03:05 - Epoch 328: train_loss=0.1533982753753662, train_acc= 95.54%
INFO - 09/13/26 23:56:07 - 0:03:05 - Epoch 329: train_loss=0.1557462066411972, train_acc= 95.24%
INFO - 09/13/26 23:56:07 - 0:03:05 - Epoch 330: train_loss=0.1512867510318756, train_acc= 95.55%
INFO - 09/13/26 23:56:07 - 0:03:05 - Epoch 330: val_loss=0.2812126576900482, val_acc= 91.67%,val_weighted_f1= 91.61,val_macro_f1= 90.65%
EarlyStopping counter: 12 out of 15
INFO - 09/13/26 23:56:07 - 0:03:05 - Epoch 331: train_loss=0.1533513069152832, train_acc= 95.42%
INFO - 09/13/26 23:56:07 - 0:03:06 - Epoch 332: train_loss=0.15165430307388306, train_acc= 95.55%
INFO - 09/13/26 23:56:08 - 0:03:06 - Epoch 333: train_loss=0.1517646461725235, train_acc= 95.55%
INFO - 09/13/26 23:56:08 - 0:03:06 - Epoch 334: train_loss=0.15044493973255157, train_acc= 95.59%
INFO - 09/13/26 23:56:08 - 0:03:06 - Epoch 335: train_loss=0.15246640145778656, train_acc= 95.50%
INFO - 09/13/26 23:56:08 - 0:03:06 - Epoch 335: val_loss=0.28426849842071533, val_acc= 91.24%,val_weighted_f1= 91.15,val_macro_f1= 89.93%
EarlyStopping counter: 13 out of 15
INFO - 09/13/26 23:56:08 - 0:03:06 - Epoch 336: train_loss=0.14889764785766602, train_acc= 95.54%
INFO - 09/13/26 23:56:09 - 0:03:07 - Epoch 337: train_loss=0.15186743438243866, train_acc= 95.41%
INFO - 09/13/26 23:56:09 - 0:03:07 - Epoch 338: train_loss=0.14949558675289154, train_acc= 95.61%
INFO - 09/13/26 23:56:09 - 0:03:07 - Epoch 339: train_loss=0.15073513984680176, train_acc= 95.60%
INFO - 09/13/26 23:56:09 - 0:03:07 - Epoch 340: train_loss=0.14655117690563202, train_acc= 95.61%
INFO - 09/13/26 23:56:09 - 0:03:07 - Epoch 340: val_loss=0.292286217212677, val_acc= 91.09%,val_weighted_f1= 90.96,val_macro_f1= 89.60%
EarlyStopping counter: 14 out of 15
INFO - 09/13/26 23:56:10 - 0:03:08 - Epoch 341: train_loss=0.14860397577285767, train_acc= 95.56%
INFO - 09/13/26 23:56:10 - 0:03:08 - Epoch 342: train_loss=0.15089274942874908, train_acc= 95.49%
INFO - 09/13/26 23:56:10 - 0:03:08 - Epoch 343: train_loss=0.14654819667339325, train_acc= 95.54%
INFO - 09/13/26 23:56:10 - 0:03:08 - Epoch 344: train_loss=0.14985433220863342, train_acc= 95.50%
INFO - 09/13/26 23:56:11 - 0:03:09 - Epoch 345: train_loss=0.14561232924461365, train_acc= 95.66%
INFO - 09/13/26 23:56:11 - 0:03:09 - Epoch 345: val_loss=0.2889823615550995, val_acc= 91.27%,val_weighted_f1= 91.17,val_macro_f1= 89.88%
EarlyStopping counter: 15 out of 15
---------Early stopping--------
INFO - 09/13/26 23:56:11 - 0:03:09 - --------------Testing--------------------
INFO - 09/13/26 23:56:11 - 0:03:09 - --------------Loading from ./checkpoints/NC_computers_model.pt--------------------
INFO - 09/13/26 23:56:11 - 0:03:09 - test_acc= 90.36%, weighted_f1= 90.22,macro_f1= 88.88%
INFO - 09/13/26 23:56:11 - 0:03:09 - test_acc= 90.36%, weighted_f1= 90.22,macro_f1= 88.88%
INFO - 09/13/26 23:56:11 - 0:03:09 - Epoch 0: train_loss=2.505312442779541, train_acc= 5.15%
INFO - 09/13/26 23:56:11 - 0:03:09 - Epoch 0: val_loss=2.327857494354248, val_acc= 11.93%,val_weighted_f1= 14.28,val_macro_f1= 7.51%
INFO - 09/13/26 23:56:11 - 0:03:09 - Epoch 1: train_loss=2.3549671173095703, train_acc= 11.33%
INFO - 09/13/26 23:56:11 - 0:03:10 - Epoch 2: train_loss=2.2308013439178467, train_acc= 20.15%
INFO - 09/13/26 23:56:12 - 0:03:10 - Epoch 3: train_loss=2.121619701385498, train_acc= 29.45%
INFO - 09/13/26 23:56:12 - 0:03:10 - Epoch 4: train_loss=2.0477051734924316, train_acc= 34.42%
INFO - 09/13/26 23:56:12 - 0:03:10 - Epoch 5: train_loss=1.9889532327651978, train_acc= 36.38%
INFO - 09/13/26 23:56:12 - 0:03:10 - Epoch 5: val_loss=1.952624797821045, val_acc= 36.29%,val_weighted_f1= 19.51,val_macro_f1= 5.46%
INFO - 09/13/26 23:56:12 - 0:03:11 - Epoch 6: train_loss=1.9484171867370605, train_acc= 37.20%
INFO - 09/13/26 23:56:13 - 0:03:11 - Epoch 7: train_loss=1.9206123352050781, train_acc= 37.64%
INFO - 09/13/26 23:56:13 - 0:03:11 - Epoch 8: train_loss=1.8980573415756226, train_acc= 37.65%
INFO - 09/13/26 23:56:13 - 0:03:11 - Epoch 9: train_loss=1.872749924659729, train_acc= 37.89%
INFO - 09/13/26 23:56:13 - 0:03:11 - Epoch 10: train_loss=1.851603388786316, train_acc= 38.25%
INFO - 09/13/26 23:56:13 - 0:03:12 - Epoch 10: val_loss=1.8804008960723877, val_acc= 36.51%,val_weighted_f1= 19.96,val_macro_f1= 5.74%
INFO - 09/13/26 23:56:14 - 0:03:12 - Epoch 11: train_loss=1.8317111730575562, train_acc= 38.56%
INFO - 09/13/26 23:56:14 - 0:03:12 - Epoch 12: train_loss=1.8115813732147217, train_acc= 39.20%
INFO - 09/13/26 23:56:14 - 0:03:12 - Epoch 13: train_loss=1.798219084739685, train_acc= 39.64%
INFO - 09/13/26 23:56:14 - 0:03:12 - Epoch 14: train_loss=1.7800637483596802, train_acc= 40.62%
INFO - 09/13/26 23:56:15 - 0:03:13 - Epoch 15: train_loss=1.764535665512085, train_acc= 41.24%
INFO - 09/13/26 23:56:15 - 0:03:13 - Epoch 15: val_loss=1.7843478918075562, val_acc= 42.15%,val_weighted_f1= 30.85,val_macro_f1= 12.18%
INFO - 09/13/26 23:56:15 - 0:03:13 - Epoch 16: train_loss=1.7527283430099487, train_acc= 42.27%
INFO - 09/13/26 23:56:15 - 0:03:13 - Epoch 17: train_loss=1.731929063796997, train_acc= 43.36%
INFO - 09/13/26 23:56:15 - 0:03:13 - Epoch 18: train_loss=1.7187623977661133, train_acc= 43.63%
INFO - 09/13/26 23:56:16 - 0:03:14 - Epoch 19: train_loss=1.7005846500396729, train_acc= 43.66%
INFO - 09/13/26 23:56:16 - 0:03:14 - Epoch 20: train_loss=1.676287293434143, train_acc= 44.98%
INFO - 09/13/26 23:56:16 - 0:03:14 - Epoch 20: val_loss=1.6889663934707642, val_acc= 44.95%,val_weighted_f1= 34.63,val_macro_f1= 15.17%
INFO - 09/13/26 23:56:16 - 0:03:14 - Epoch 21: train_loss=1.6622651815414429, train_acc= 45.19%
INFO - 09/13/26 23:56:16 - 0:03:14 - Epoch 22: train_loss=1.6438153982162476, train_acc= 44.76%
INFO - 09/13/26 23:56:17 - 0:03:15 - Epoch 23: train_loss=1.6261504888534546, train_acc= 45.48%
INFO - 09/13/26 23:56:17 - 0:03:15 - Epoch 24: train_loss=1.6079710721969604, train_acc= 45.87%
INFO - 09/13/26 23:56:17 - 0:03:15 - Epoch 25: train_loss=1.5808117389678955, train_acc= 47.07%
INFO - 09/13/26 23:56:17 - 0:03:15 - Epoch 25: val_loss=1.588148593902588, val_acc= 45.85%,val_weighted_f1= 35.23,val_macro_f1= 15.79%
INFO - 09/13/26 23:56:17 - 0:03:15 - Epoch 26: train_loss=1.5676571130752563, train_acc= 47.35%
INFO - 09/13/26 23:56:17 - 0:03:16 - Epoch 27: train_loss=1.5545263290405273, train_acc= 47.92%
INFO - 09/13/26 23:56:18 - 0:03:16 - Epoch 28: train_loss=1.5320439338684082, train_acc= 48.53%
INFO - 09/13/26 23:56:18 - 0:03:16 - Epoch 29: train_loss=1.5160273313522339, train_acc= 49.67%
INFO - 09/13/26 23:56:18 - 0:03:16 - Epoch 30: train_loss=1.4943662881851196, train_acc= 50.75%
INFO - 09/13/26 23:56:18 - 0:03:16 - Epoch 30: val_loss=1.4645713567733765, val_acc= 52.07%,val_weighted_f1= 43.58,val_macro_f1= 21.74%
INFO - 09/13/26 23:56:18 - 0:03:17 - Epoch 31: train_loss=1.4756391048431396, train_acc= 52.14%
INFO - 09/13/26 23:56:19 - 0:03:17 - Epoch 32: train_loss=1.4485522508621216, train_acc= 53.81%
INFO - 09/13/26 23:56:19 - 0:03:17 - Epoch 33: train_loss=1.4310331344604492, train_acc= 53.95%
INFO - 09/13/26 23:56:19 - 0:03:17 - Epoch 34: train_loss=1.4131723642349243, train_acc= 54.94%
INFO - 09/13/26 23:56:19 - 0:03:17 - Epoch 35: train_loss=1.3949202299118042, train_acc= 56.14%
INFO - 09/13/26 23:56:19 - 0:03:18 - Epoch 35: val_loss=1.3466185331344604, val_acc= 56.62%,val_weighted_f1= 48.85,val_macro_f1= 25.31%
INFO - 09/13/26 23:56:20 - 0:03:18 - Epoch 36: train_loss=1.3710651397705078, train_acc= 56.48%
INFO - 09/13/26 23:56:20 - 0:03:18 - Epoch 37: train_loss=1.3479291200637817, train_acc= 57.45%
INFO - 09/13/26 23:56:20 - 0:03:18 - Epoch 38: train_loss=1.3301312923431396, train_acc= 57.66%
INFO - 09/13/26 23:56:20 - 0:03:18 - Epoch 39: train_loss=1.3145411014556885, train_acc= 58.68%
INFO - 09/13/26 23:56:21 - 0:03:19 - Epoch 40: train_loss=1.2873510122299194, train_acc= 59.54%
INFO - 09/13/26 23:56:21 - 0:03:19 - Epoch 40: val_loss=1.2333825826644897, val_acc= 61.60%,val_weighted_f1= 54.15,val_macro_f1= 29.34%
INFO - 09/13/26 23:56:21 - 0:03:19 - Epoch 41: train_loss=1.2626134157180786, train_acc= 60.80%
INFO - 09/13/26 23:56:21 - 0:03:19 - Epoch 42: train_loss=1.2483211755752563, train_acc= 61.32%
INFO - 09/13/26 23:56:21 - 0:03:19 - Epoch 43: train_loss=1.2264608144760132, train_acc= 62.22%
INFO - 09/13/26 23:56:21 - 0:03:20 - Epoch 44: train_loss=1.19602632522583, train_acc= 63.48%
INFO - 09/13/26 23:56:22 - 0:03:20 - Epoch 45: train_loss=1.1805427074432373, train_acc= 64.07%
INFO - 09/13/26 23:56:22 - 0:03:20 - Epoch 45: val_loss=1.1191262006759644, val_acc= 65.31%,val_weighted_f1= 58.41,val_macro_f1= 33.05%
INFO - 09/13/26 23:56:22 - 0:03:20 - Epoch 46: train_loss=1.1599305868148804, train_acc= 64.81%
INFO - 09/13/26 23:56:22 - 0:03:20 - Epoch 47: train_loss=1.1372263431549072, train_acc= 65.51%
INFO - 09/13/26 23:56:22 - 0:03:21 - Epoch 48: train_loss=1.1152578592300415, train_acc= 66.42%
INFO - 09/13/26 23:56:23 - 0:03:21 - Epoch 49: train_loss=1.0943379402160645, train_acc= 67.06%
INFO - 09/13/26 23:56:23 - 0:03:21 - Epoch 50: train_loss=1.0732938051223755, train_acc= 66.55%
INFO - 09/13/26 23:56:23 - 0:03:21 - Epoch 50: val_loss=1.0180577039718628, val_acc= 68.22%,val_weighted_f1= 61.66,val_macro_f1= 36.44%
INFO - 09/13/26 23:56:23 - 0:03:21 - Epoch 51: train_loss=1.0615829229354858, train_acc= 68.04%
INFO - 09/13/26 23:56:23 - 0:03:22 - Epoch 52: train_loss=1.0389059782028198, train_acc= 68.41%
INFO - 09/13/26 23:56:24 - 0:03:22 - Epoch 53: train_loss=1.021512508392334, train_acc= 68.77%
INFO - 09/13/26 23:56:24 - 0:03:22 - Epoch 54: train_loss=1.0009843111038208, train_acc= 69.37%
INFO - 09/13/26 23:56:24 - 0:03:22 - Epoch 55: train_loss=0.9843923449516296, train_acc= 69.97%
INFO - 09/13/26 23:56:24 - 0:03:22 - Epoch 55: val_loss=0.923803985118866, val_acc= 70.55%,val_weighted_f1= 64.58,val_macro_f1= 40.57%
INFO - 09/13/26 23:56:24 - 0:03:23 - Epoch 56: train_loss=0.963703453540802, train_acc= 70.76%
INFO - 09/13/26 23:56:25 - 0:03:23 - Epoch 57: train_loss=0.9434611201286316, train_acc= 71.38%
INFO - 09/13/26 23:56:25 - 0:03:23 - Epoch 58: train_loss=0.9263411164283752, train_acc= 71.61%
INFO - 09/13/26 23:56:25 - 0:03:23 - Epoch 59: train_loss=0.9140399694442749, train_acc= 71.95%
INFO - 09/13/26 23:56:25 - 0:03:23 - Epoch 60: train_loss=0.9000957012176514, train_acc= 72.47%
INFO - 09/13/26 23:56:25 - 0:03:24 - Epoch 60: val_loss=0.8415954113006592, val_acc= 72.87%,val_weighted_f1= 67.74,val_macro_f1= 45.92%
INFO - 09/13/26 23:56:26 - 0:03:24 - Epoch 61: train_loss=0.8829506039619446, train_acc= 73.24%
INFO - 09/13/26 23:56:26 - 0:03:24 - Epoch 62: train_loss=0.860451340675354, train_acc= 74.02%
INFO - 09/13/26 23:56:26 - 0:03:24 - Epoch 63: train_loss=0.8488596677780151, train_acc= 73.91%
INFO - 09/13/26 23:56:26 - 0:03:24 - Epoch 64: train_loss=0.8314293622970581, train_acc= 74.77%
INFO - 09/13/26 23:56:27 - 0:03:25 - Epoch 65: train_loss=0.8188248872756958, train_acc= 75.06%
INFO - 09/13/26 23:56:27 - 0:03:25 - Epoch 65: val_loss=0.7669875621795654, val_acc= 75.60%,val_weighted_f1= 71.25,val_macro_f1= 52.26%
INFO - 09/13/26 23:56:27 - 0:03:25 - Epoch 66: train_loss=0.8063951730728149, train_acc= 75.13%
INFO - 09/13/26 23:56:27 - 0:03:25 - Epoch 67: train_loss=0.7949290871620178, train_acc= 75.75%
INFO - 09/13/26 23:56:27 - 0:03:25 - Epoch 68: train_loss=0.7725768685340881, train_acc= 75.91%
INFO - 09/13/26 23:56:27 - 0:03:26 - Epoch 69: train_loss=0.7614200115203857, train_acc= 76.76%
INFO - 09/13/26 23:56:28 - 0:03:26 - Epoch 70: train_loss=0.7479053139686584, train_acc= 76.56%
INFO - 09/13/26 23:56:28 - 0:03:26 - Epoch 70: val_loss=0.702462375164032, val_acc= 77.20%,val_weighted_f1= 73.22,val_macro_f1= 55.49%
INFO - 09/13/26 23:56:28 - 0:03:26 - Epoch 71: train_loss=0.7352187633514404, train_acc= 77.17%
INFO - 09/13/26 23:56:28 - 0:03:26 - Epoch 72: train_loss=0.7207613587379456, train_acc= 77.90%
INFO - 09/13/26 23:56:28 - 0:03:27 - Epoch 73: train_loss=0.7112293243408203, train_acc= 77.85%
INFO - 09/13/26 23:56:29 - 0:03:27 - Epoch 74: train_loss=0.7001532316207886, train_acc= 78.39%
INFO - 09/13/26 23:56:29 - 0:03:27 - Epoch 75: train_loss=0.6861626505851746, train_acc= 78.65%
INFO - 09/13/26 23:56:29 - 0:03:27 - Epoch 75: val_loss=0.6476828455924988, val_acc= 78.51%,val_weighted_f1= 75.02,val_macro_f1= 58.95%
INFO - 09/13/26 23:56:29 - 0:03:27 - Epoch 76: train_loss=0.676496684551239, train_acc= 79.16%
INFO - 09/13/26 23:56:29 - 0:03:28 - Epoch 77: train_loss=0.666011393070221, train_acc= 79.73%
INFO - 09/13/26 23:56:30 - 0:03:28 - Epoch 78: train_loss=0.6508663296699524, train_acc= 79.69%
INFO - 09/13/26 23:56:30 - 0:03:28 - Epoch 79: train_loss=0.6440014243125916, train_acc= 79.88%
INFO - 09/13/26 23:56:30 - 0:03:28 - Epoch 80: train_loss=0.6359497904777527, train_acc= 80.26%
INFO - 09/13/26 23:56:30 - 0:03:28 - Epoch 80: val_loss=0.5975116491317749, val_acc= 80.36%,val_weighted_f1= 77.51,val_macro_f1= 63.95%
INFO - 09/13/26 23:56:30 - 0:03:29 - Epoch 81: train_loss=0.6312369108200073, train_acc= 80.20%
INFO - 09/13/26 23:56:31 - 0:03:29 - Epoch 82: train_loss=0.6163036823272705, train_acc= 80.66%
INFO - 09/13/26 23:56:31 - 0:03:29 - Epoch 83: train_loss=0.6040457487106323, train_acc= 81.53%
INFO - 09/13/26 23:56:31 - 0:03:29 - Epoch 84: train_loss=0.5993267297744751, train_acc= 81.42%
INFO - 09/13/26 23:56:31 - 0:03:29 - Epoch 85: train_loss=0.584604024887085, train_acc= 81.85%
INFO - 09/13/26 23:56:31 - 0:03:29 - Epoch 85: val_loss=0.5568068027496338, val_acc= 81.85%,val_weighted_f1= 79.53,val_macro_f1= 68.62%
INFO - 09/13/26 23:56:32 - 0:03:30 - Epoch 86: train_loss=0.5779306292533875, train_acc= 82.27%
INFO - 09/13/26 23:56:32 - 0:03:30 - Epoch 87: train_loss=0.5720759034156799, train_acc= 82.56%
INFO - 09/13/26 23:56:32 - 0:03:30 - Epoch 88: train_loss=0.5608232021331787, train_acc= 82.78%
INFO - 09/13/26 23:56:32 - 0:03:30 - Epoch 89: train_loss=0.5487024188041687, train_acc= 83.53%
INFO - 09/13/26 23:56:32 - 0:03:31 - Epoch 90: train_loss=0.5468156337738037, train_acc= 82.96%
INFO - 09/13/26 23:56:33 - 0:03:31 - Epoch 90: val_loss=0.5257511734962463, val_acc= 82.58%,val_weighted_f1= 80.47,val_macro_f1= 70.52%
INFO - 09/13/26 23:56:33 - 0:03:31 - Epoch 91: train_loss=0.5357134938240051, train_acc= 83.74%
INFO - 09/13/26 23:56:33 - 0:03:31 - Epoch 92: train_loss=0.5306350588798523, train_acc= 83.57%
INFO - 09/13/26 23:56:33 - 0:03:31 - Epoch 93: train_loss=0.5262999534606934, train_acc= 84.16%
INFO - 09/13/26 23:56:33 - 0:03:32 - Epoch 94: train_loss=0.5164255499839783, train_acc= 83.82%
INFO - 09/13/26 23:56:34 - 0:03:32 - Epoch 95: train_loss=0.510150671005249, train_acc= 84.20%
INFO - 09/13/26 23:56:34 - 0:03:32 - Epoch 95: val_loss=0.49719348549842834, val_acc= 83.56%,val_weighted_f1= 81.77,val_macro_f1= 73.56%
INFO - 09/13/26 23:56:34 - 0:03:32 - Epoch 96: train_loss=0.4994671642780304, train_acc= 84.69%
INFO - 09/13/26 23:56:34 - 0:03:32 - Epoch 97: train_loss=0.5017725229263306, train_acc= 84.72%
INFO - 09/13/26 23:56:34 - 0:03:33 - Epoch 98: train_loss=0.4958783686161041, train_acc= 84.84%
INFO - 09/13/26 23:56:35 - 0:03:33 - Epoch 99: train_loss=0.49199432134628296, train_acc= 84.90%
INFO - 09/13/26 23:56:35 - 0:03:33 - Epoch 100: train_loss=0.48252248764038086, train_acc= 85.32%
INFO - 09/13/26 23:56:35 - 0:03:33 - Epoch 100: val_loss=0.4723079204559326, val_acc= 84.15%,val_weighted_f1= 82.58,val_macro_f1= 75.58%
INFO - 09/13/26 23:56:35 - 0:03:33 - Epoch 101: train_loss=0.480122834444046, train_acc= 85.17%
INFO - 09/13/26 23:56:35 - 0:03:34 - Epoch 102: train_loss=0.47559547424316406, train_acc= 85.37%
INFO - 09/13/26 23:56:36 - 0:03:34 - Epoch 103: train_loss=0.466659277677536, train_acc= 85.45%
INFO - 09/13/26 23:56:36 - 0:03:34 - Epoch 104: train_loss=0.46051687002182007, train_acc= 85.89%
INFO - 09/13/26 23:56:36 - 0:03:34 - Epoch 105: train_loss=0.4572584331035614, train_acc= 86.02%
INFO - 09/13/26 23:56:36 - 0:03:34 - Epoch 105: val_loss=0.4535980522632599, val_acc= 84.51%,val_weighted_f1= 82.91,val_macro_f1= 76.32%
INFO - 09/13/26 23:56:36 - 0:03:35 - Epoch 106: train_loss=0.45123472809791565, train_acc= 86.54%
INFO - 09/13/26 23:56:37 - 0:03:35 - Epoch 107: train_loss=0.44712522625923157, train_acc= 86.62%
INFO - 09/13/26 23:56:37 - 0:03:35 - Epoch 108: train_loss=0.44330108165740967, train_acc= 86.69%
INFO - 09/13/26 23:56:37 - 0:03:35 - Epoch 109: train_loss=0.4334697723388672, train_acc= 86.80%
INFO - 09/13/26 23:56:37 - 0:03:35 - Epoch 110: train_loss=0.4346483647823334, train_acc= 86.48%
INFO - 09/13/26 23:56:37 - 0:03:36 - Epoch 110: val_loss=0.43698960542678833, val_acc= 85.20%,val_weighted_f1= 83.76,val_macro_f1= 77.78%
INFO - 09/13/26 23:56:38 - 0:03:36 - Epoch 111: train_loss=0.42880702018737793, train_acc= 86.90%
INFO - 09/13/26 23:56:38 - 0:03:36 - Epoch 112: train_loss=0.42309629917144775, train_acc= 87.19%
INFO - 09/13/26 23:56:38 - 0:03:36 - Epoch 113: train_loss=0.4174720346927643, train_acc= 87.40%
INFO - 09/13/26 23:56:38 - 0:03:36 - Epoch 114: train_loss=0.4198465645313263, train_acc= 87.25%
INFO - 09/13/26 23:56:39 - 0:03:37 - Epoch 115: train_loss=0.41616886854171753, train_acc= 86.98%
INFO - 09/13/26 23:56:39 - 0:03:37 - Epoch 115: val_loss=0.4234859347343445, val_acc= 85.78%,val_weighted_f1= 84.52,val_macro_f1= 79.31%
INFO - 09/13/26 23:56:39 - 0:03:37 - Epoch 116: train_loss=0.4096130132675171, train_acc= 87.48%
INFO - 09/13/26 23:56:39 - 0:03:37 - Epoch 117: train_loss=0.41113683581352234, train_acc= 87.63%
INFO - 09/13/26 23:56:39 - 0:03:37 - Epoch 118: train_loss=0.40624484419822693, train_acc= 87.59%
INFO - 09/13/26 23:56:40 - 0:03:38 - Epoch 119: train_loss=0.4004109799861908, train_acc= 87.87%
INFO - 09/13/26 23:56:40 - 0:03:38 - Epoch 120: train_loss=0.3955404460430145, train_acc= 88.05%
INFO - 09/13/26 23:56:40 - 0:03:38 - Epoch 120: val_loss=0.41203102469444275, val_acc= 86.29%,val_weighted_f1= 84.97,val_macro_f1= 80.06%
INFO - 09/13/26 23:56:40 - 0:03:38 - Epoch 121: train_loss=0.3941226005554199, train_acc= 88.03%
INFO - 09/13/26 23:56:40 - 0:03:38 - Epoch 122: train_loss=0.3907112181186676, train_acc= 87.60%
INFO - 09/13/26 23:56:41 - 0:03:39 - Epoch 123: train_loss=0.38731712102890015, train_acc= 88.12%
INFO - 09/13/26 23:56:41 - 0:03:39 - Epoch 124: train_loss=0.38315489888191223, train_acc= 88.38%
INFO - 09/13/26 23:56:41 - 0:03:39 - Epoch 125: train_loss=0.37786129117012024, train_acc= 88.52%
INFO - 09/13/26 23:56:41 - 0:03:39 - Epoch 125: val_loss=0.4012914299964905, val_acc= 86.62%,val_weighted_f1= 85.47,val_macro_f1= 81.15%
INFO - 09/13/26 23:56:41 - 0:03:39 - Epoch 126: train_loss=0.3785945773124695, train_acc= 88.56%
INFO - 09/13/26 23:56:42 - 0:03:40 - Epoch 127: train_loss=0.37529256939888, train_acc= 88.94%
INFO - 09/13/26 23:56:42 - 0:03:40 - Epoch 128: train_loss=0.37429946660995483, train_acc= 88.77%
INFO - 09/13/26 23:56:42 - 0:03:40 - Epoch 129: train_loss=0.36912786960601807, train_acc= 88.80%
INFO - 09/13/26 23:56:42 - 0:03:40 - Epoch 130: train_loss=0.36566460132598877, train_acc= 89.17%
INFO - 09/13/26 23:56:42 - 0:03:40 - Epoch 130: val_loss=0.3893319368362427, val_acc= 86.95%,val_weighted_f1= 85.82,val_macro_f1= 81.42%
INFO - 09/13/26 23:56:43 - 0:03:41 - Epoch 131: train_loss=0.3667807877063751, train_acc= 88.84%
INFO - 09/13/26 23:56:43 - 0:03:41 - Epoch 132: train_loss=0.3645012080669403, train_acc= 88.55%
INFO - 09/13/26 23:56:43 - 0:03:41 - Epoch 133: train_loss=0.35842326283454895, train_acc= 89.01%
INFO - 09/13/26 23:56:43 - 0:03:41 - Epoch 134: train_loss=0.3627074062824249, train_acc= 89.01%
INFO - 09/13/26 23:56:43 - 0:03:42 - Epoch 135: train_loss=0.3509272336959839, train_acc= 89.44%
INFO - 09/13/26 23:56:44 - 0:03:42 - Epoch 135: val_loss=0.3808525502681732, val_acc= 87.35%,val_weighted_f1= 86.34,val_macro_f1= 82.23%
INFO - 09/13/26 23:56:44 - 0:03:42 - Epoch 136: train_loss=0.35059618949890137, train_acc= 89.37%
INFO - 09/13/26 23:56:44 - 0:03:42 - Epoch 137: train_loss=0.3474302887916565, train_acc= 89.19%
INFO - 09/13/26 23:56:44 - 0:03:42 - Epoch 138: train_loss=0.3489571809768677, train_acc= 89.35%
INFO - 09/13/26 23:56:44 - 0:03:43 - Epoch 139: train_loss=0.34500113129615784, train_acc= 89.20%
INFO - 09/13/26 23:56:45 - 0:03:43 - Epoch 140: train_loss=0.34416982531547546, train_acc= 89.31%
INFO - 09/13/26 23:56:45 - 0:03:43 - Epoch 140: val_loss=0.3739400804042816, val_acc= 87.42%,val_weighted_f1= 86.41,val_macro_f1= 82.42%
INFO - 09/13/26 23:56:45 - 0:03:43 - Epoch 141: train_loss=0.3414050042629242, train_acc= 89.52%
INFO - 09/13/26 23:56:45 - 0:03:43 - Epoch 142: train_loss=0.3375028073787689, train_acc= 89.65%
INFO - 09/13/26 23:56:45 - 0:03:44 - Epoch 143: train_loss=0.3365682065486908, train_acc= 89.91%
INFO - 09/13/26 23:56:46 - 0:03:44 - Epoch 144: train_loss=0.33256828784942627, train_acc= 89.99%
INFO - 09/13/26 23:56:46 - 0:03:44 - Epoch 145: train_loss=0.33537593483924866, train_acc= 89.95%
INFO - 09/13/26 23:56:46 - 0:03:44 - Epoch 145: val_loss=0.36708423495292664, val_acc= 87.71%,val_weighted_f1= 86.77,val_macro_f1= 83.02%
INFO - 09/13/26 23:56:46 - 0:03:44 - Epoch 146: train_loss=0.3319774866104126, train_acc= 89.95%
INFO - 09/13/26 23:56:46 - 0:03:45 - Epoch 147: train_loss=0.32611358165740967, train_acc= 90.11%
INFO - 09/13/26 23:56:47 - 0:03:45 - Epoch 148: train_loss=0.33007338643074036, train_acc= 90.12%
INFO - 09/13/26 23:56:47 - 0:03:45 - Epoch 149: train_loss=0.3247390389442444, train_acc= 90.08%
INFO - 09/13/26 23:56:47 - 0:03:45 - Epoch 150: train_loss=0.321747362613678, train_acc= 90.34%
INFO - 09/13/26 23:56:47 - 0:03:45 - Epoch 150: val_loss=0.3610668480396271, val_acc= 88.04%,val_weighted_f1= 87.13,val_macro_f1= 83.77%
INFO - 09/13/26 23:56:47 - 0:03:46 - Epoch 151: train_loss=0.3200363218784332, train_acc= 90.38%
INFO - 09/13/26 23:56:48 - 0:03:46 - Epoch 152: train_loss=0.32009610533714294, train_acc= 90.23%
INFO - 09/13/26 23:56:48 - 0:03:46 - Epoch 153: train_loss=0.3175654411315918, train_acc= 90.54%
INFO - 09/13/26 23:56:48 - 0:03:46 - Epoch 154: train_loss=0.3160886764526367, train_acc= 90.28%
INFO - 09/13/26 23:56:48 - 0:03:46 - Epoch 155: train_loss=0.31268903613090515, train_acc= 90.34%
INFO - 09/13/26 23:56:48 - 0:03:47 - Epoch 155: val_loss=0.3568337559700012, val_acc= 88.22%,val_weighted_f1= 87.23,val_macro_f1= 83.66%
INFO - 09/13/26 23:56:49 - 0:03:47 - Epoch 156: train_loss=0.3111324906349182, train_acc= 90.66%
INFO - 09/13/26 23:56:49 - 0:03:47 - Epoch 157: train_loss=0.30870315432548523, train_acc= 90.50%
INFO - 09/13/26 23:56:49 - 0:03:47 - Epoch 158: train_loss=0.3089461326599121, train_acc= 90.66%
INFO - 09/13/26 23:56:49 - 0:03:47 - Epoch 159: train_loss=0.3061274588108063, train_acc= 90.52%
INFO - 09/13/26 23:56:50 - 0:03:48 - Epoch 160: train_loss=0.3068435788154602, train_acc= 90.66%
INFO - 09/13/26 23:56:50 - 0:03:48 - Epoch 160: val_loss=0.35059234499931335, val_acc= 88.62%,val_weighted_f1= 87.72,val_macro_f1= 84.33%
INFO - 09/13/26 23:56:50 - 0:03:48 - Epoch 161: train_loss=0.3059898018836975, train_acc= 90.48%
INFO - 09/13/26 23:56:50 - 0:03:48 - Epoch 162: train_loss=0.3037359118461609, train_acc= 90.51%
INFO - 09/13/26 23:56:50 - 0:03:48 - Epoch 163: train_loss=0.3033105134963989, train_acc= 90.68%
INFO - 09/13/26 23:56:51 - 0:03:49 - Epoch 164: train_loss=0.29953092336654663, train_acc= 90.74%
INFO - 09/13/26 23:56:51 - 0:03:49 - Epoch 165: train_loss=0.29660511016845703, train_acc= 91.17%
INFO - 09/13/26 23:56:51 - 0:03:49 - Epoch 165: val_loss=0.3422788679599762, val_acc= 89.05%,val_weighted_f1= 88.26,val_macro_f1= 85.30%
INFO - 09/13/26 23:56:51 - 0:03:49 - Epoch 166: train_loss=0.2966499626636505, train_acc= 90.92%
INFO - 09/13/26 23:56:51 - 0:03:49 - Epoch 167: train_loss=0.2962018549442291, train_acc= 91.06%
INFO - 09/13/26 23:56:52 - 0:03:50 - Epoch 168: train_loss=0.2921741306781769, train_acc= 91.07%
INFO - 09/13/26 23:56:52 - 0:03:50 - Epoch 169: train_loss=0.29127392172813416, train_acc= 90.92%
INFO - 09/13/26 23:56:52 - 0:03:50 - Epoch 170: train_loss=0.28869232535362244, train_acc= 91.34%
INFO - 09/13/26 23:56:52 - 0:03:50 - Epoch 170: val_loss=0.34147676825523376, val_acc= 89.02%,val_weighted_f1= 88.10,val_macro_f1= 84.96%
EarlyStopping counter: 1 out of 15
INFO - 09/13/26 23:56:52 - 0:03:50 - Epoch 171: train_loss=0.2914550304412842, train_acc= 91.07%
INFO - 09/13/26 23:56:53 - 0:03:51 - Epoch 172: train_loss=0.2878308594226837, train_acc= 91.14%
INFO - 09/13/26 23:56:53 - 0:03:51 - Epoch 173: train_loss=0.2850961983203888, train_acc= 91.31%
INFO - 09/13/26 23:56:53 - 0:03:51 - Epoch 174: train_loss=0.2846793234348297, train_acc= 91.34%
INFO - 09/13/26 23:56:53 - 0:03:51 - Epoch 175: train_loss=0.28392118215560913, train_acc= 91.64%
INFO - 09/13/26 23:56:53 - 0:03:51 - Epoch 175: val_loss=0.3450961112976074, val_acc= 88.91%,val_weighted_f1= 87.83,val_macro_f1= 84.31%
EarlyStopping counter: 2 out of 15
INFO - 09/13/26 23:56:54 - 0:03:52 - Epoch 176: train_loss=0.28204241394996643, train_acc= 91.07%
INFO - 09/13/26 23:56:54 - 0:03:52 - Epoch 177: train_loss=0.27769342064857483, train_acc= 91.57%
INFO - 09/13/26 23:56:54 - 0:03:52 - Epoch 178: train_loss=0.27917349338531494, train_acc= 91.47%
INFO - 09/13/26 23:56:54 - 0:03:52 - Epoch 179: train_loss=0.27759793400764465, train_acc= 91.63%
INFO - 09/13/26 23:56:54 - 0:03:53 - Epoch 180: train_loss=0.2787546217441559, train_acc= 91.44%
INFO - 09/13/26 23:56:55 - 0:03:53 - Epoch 180: val_loss=0.3396499752998352, val_acc= 88.98%,val_weighted_f1= 87.97,val_macro_f1= 84.57%
EarlyStopping counter: 3 out of 15
INFO - 09/13/26 23:56:55 - 0:03:53 - Epoch 181: train_loss=0.2751855254173279, train_acc= 91.47%
INFO - 09/13/26 23:56:55 - 0:03:53 - Epoch 182: train_loss=0.272944837808609, train_acc= 91.53%
INFO - 09/13/26 23:56:55 - 0:03:53 - Epoch 183: train_loss=0.27323609590530396, train_acc= 91.81%
INFO - 09/13/26 23:56:55 - 0:03:54 - Epoch 184: train_loss=0.26717543601989746, train_acc= 91.89%
INFO - 09/13/26 23:56:56 - 0:03:54 - Epoch 185: train_loss=0.27003157138824463, train_acc= 91.65%
INFO - 09/13/26 23:56:56 - 0:03:54 - Epoch 185: val_loss=0.32602229714393616, val_acc= 89.42%,val_weighted_f1= 88.77,val_macro_f1= 86.24%
INFO - 09/13/26 23:56:56 - 0:03:54 - Epoch 186: train_loss=0.26962462067604065, train_acc= 91.98%
INFO - 09/13/26 23:56:56 - 0:03:54 - Epoch 187: train_loss=0.2726270258426666, train_acc= 91.71%
INFO - 09/13/26 23:56:56 - 0:03:55 - Epoch 188: train_loss=0.26400262117385864, train_acc= 92.00%
INFO - 09/13/26 23:56:57 - 0:03:55 - Epoch 189: train_loss=0.26634523272514343, train_acc= 91.94%
INFO - 09/13/26 23:56:57 - 0:03:55 - Epoch 190: train_loss=0.26480919122695923, train_acc= 92.00%
INFO - 09/13/26 23:56:57 - 0:03:55 - Epoch 190: val_loss=0.3235640227794647, val_acc= 89.53%,val_weighted_f1= 88.88,val_macro_f1= 86.43%
INFO - 09/13/26 23:56:57 - 0:03:55 - Epoch 191: train_loss=0.2625071406364441, train_acc= 92.04%
INFO - 09/13/26 23:56:57 - 0:03:55 - Epoch 192: train_loss=0.26468804478645325, train_acc= 92.06%
INFO - 09/13/26 23:56:58 - 0:03:56 - Epoch 193: train_loss=0.2630932331085205, train_acc= 92.06%
INFO - 09/13/26 23:56:58 - 0:03:56 - Epoch 194: train_loss=0.2572163939476013, train_acc= 92.26%
INFO - 09/13/26 23:56:58 - 0:03:56 - Epoch 195: train_loss=0.2562604248523712, train_acc= 92.28%
INFO - 09/13/26 23:56:58 - 0:03:56 - Epoch 195: val_loss=0.31956246495246887, val_acc= 89.75%,val_weighted_f1= 89.23,val_macro_f1= 87.08%
INFO - 09/13/26 23:56:58 - 0:03:56 - Epoch 196: train_loss=0.25993508100509644, train_acc= 92.20%
INFO - 09/13/26 23:56:59 - 0:03:57 - Epoch 197: train_loss=0.2574293911457062, train_acc= 92.32%
INFO - 09/13/26 23:56:59 - 0:03:57 - Epoch 198: train_loss=0.2563706338405609, train_acc= 92.28%
INFO - 09/13/26 23:56:59 - 0:03:57 - Epoch 199: train_loss=0.2526518404483795, train_acc= 92.33%
INFO - 09/13/26 23:56:59 - 0:03:57 - Epoch 200: train_loss=0.2514170706272125, train_acc= 92.51%
INFO - 09/13/26 23:56:59 - 0:03:57 - Epoch 200: val_loss=0.32012996077537537, val_acc= 89.64%,val_weighted_f1= 89.07,val_macro_f1= 86.85%
EarlyStopping counter: 1 out of 15
INFO - 09/13/26 23:57:00 - 0:03:58 - Epoch 201: train_loss=0.25338706374168396, train_acc= 92.28%
INFO - 09/13/26 23:57:00 - 0:03:58 - Epoch 202: train_loss=0.2511492669582367, train_acc= 92.52%
INFO - 09/13/26 23:57:00 - 0:03:58 - Epoch 203: train_loss=0.2512931227684021, train_acc= 92.21%
INFO - 09/13/26 23:57:00 - 0:03:58 - Epoch 204: train_loss=0.2471213936805725, train_acc= 92.49%
INFO - 09/13/26 23:57:00 - 0:03:59 - Epoch 205: train_loss=0.24630801379680634, train_acc= 92.56%
INFO - 09/13/26 23:57:01 - 0:03:59 - Epoch 205: val_loss=0.3195854723453522, val_acc= 89.85%,val_weighted_f1= 89.29,val_macro_f1= 86.89%
INFO - 09/13/26 23:57:01 - 0:03:59 - Epoch 206: train_loss=0.24945104122161865, train_acc= 92.45%
INFO - 09/13/26 23:57:01 - 0:03:59 - Epoch 207: train_loss=0.24826598167419434, train_acc= 92.60%
INFO - 09/13/26 23:57:01 - 0:03:59 - Epoch 208: train_loss=0.2455132156610489, train_acc= 92.70%
INFO - 09/13/26 23:57:01 - 0:04:00 - Epoch 209: train_loss=0.24530379474163055, train_acc= 92.49%
INFO - 09/13/26 23:57:02 - 0:04:00 - Epoch 210: train_loss=0.24430176615715027, train_acc= 92.64%
INFO - 09/13/26 23:57:02 - 0:04:00 - Epoch 210: val_loss=0.3207245171070099, val_acc= 89.67%,val_weighted_f1= 89.03,val_macro_f1= 86.43%
EarlyStopping counter: 1 out of 15
INFO - 09/13/26 23:57:02 - 0:04:00 - Epoch 211: train_loss=0.24060533940792084, train_acc= 92.63%
INFO - 09/13/26 23:57:02 - 0:04:00 - Epoch 212: train_loss=0.2437421679496765, train_acc= 92.58%
INFO - 09/13/26 23:57:02 - 0:04:01 - Epoch 213: train_loss=0.2412736713886261, train_acc= 92.79%
INFO - 09/13/26 23:57:03 - 0:04:01 - Epoch 214: train_loss=0.24032355844974518, train_acc= 92.67%
INFO - 09/13/26 23:57:03 - 0:04:01 - Epoch 215: train_loss=0.23835140466690063, train_acc= 92.77%
INFO - 09/13/26 23:57:03 - 0:04:01 - Epoch 215: val_loss=0.3168821632862091, val_acc= 89.82%,val_weighted_f1= 89.17,val_macro_f1= 86.66%
EarlyStopping counter: 2 out of 15
INFO - 09/13/26 23:57:03 - 0:04:01 - Epoch 216: train_loss=0.23760046064853668, train_acc= 92.84%
INFO - 09/13/26 23:57:03 - 0:04:02 - Epoch 217: train_loss=0.2383786290884018, train_acc= 92.75%
INFO - 09/13/26 23:57:04 - 0:04:02 - Epoch 218: train_loss=0.2387237250804901, train_acc= 92.72%
INFO - 09/13/26 23:57:04 - 0:04:02 - Epoch 219: train_loss=0.23708438873291016, train_acc= 92.84%
INFO - 09/13/26 23:57:04 - 0:04:02 - Epoch 220: train_loss=0.23310965299606323, train_acc= 92.66%
INFO - 09/13/26 23:57:04 - 0:04:02 - Epoch 220: val_loss=0.310075581073761, val_acc= 90.00%,val_weighted_f1= 89.58,val_macro_f1= 87.68%
INFO - 09/13/26 23:57:04 - 0:04:03 - Epoch 221: train_loss=0.2330724447965622, train_acc= 93.07%
INFO - 09/13/26 23:57:05 - 0:04:03 - Epoch 222: train_loss=0.23135529458522797, train_acc= 93.07%
INFO - 09/13/26 23:57:05 - 0:04:03 - Epoch 223: train_loss=0.2320946753025055, train_acc= 92.91%
INFO - 09/13/26 23:57:05 - 0:04:03 - Epoch 224: train_loss=0.2342967987060547, train_acc= 92.63%
INFO - 09/13/26 23:57:05 - 0:04:03 - Epoch 225: train_loss=0.23072198033332825, train_acc= 93.01%
INFO - 09/13/26 23:57:05 - 0:04:04 - Epoch 225: val_loss=0.3096219003200531, val_acc= 90.11%,val_weighted_f1= 89.67,val_macro_f1= 87.69%
INFO - 09/13/26 23:57:06 - 0:04:04 - Epoch 226: train_loss=0.22885212302207947, train_acc= 93.25%
INFO - 09/13/26 23:57:06 - 0:04:04 - Epoch 227: train_loss=0.22788269817829132, train_acc= 93.00%
INFO - 09/13/26 23:57:06 - 0:04:04 - Epoch 228: train_loss=0.22783169150352478, train_acc= 93.09%
INFO - 09/13/26 23:57:06 - 0:04:04 - Epoch 229: train_loss=0.2275582104921341, train_acc= 93.08%
INFO - 09/13/26 23:57:07 - 0:04:05 - Epoch 230: train_loss=0.22340743243694305, train_acc= 93.41%
INFO - 09/13/26 23:57:07 - 0:04:05 - Epoch 230: val_loss=0.3116069734096527, val_acc= 90.11%,val_weighted_f1= 89.62,val_macro_f1= 87.53%
INFO - 09/13/26 23:57:07 - 0:04:05 - Epoch 231: train_loss=0.22795799374580383, train_acc= 92.86%
INFO - 09/13/26 23:57:07 - 0:04:05 - Epoch 232: train_loss=0.2245257943868637, train_acc= 93.13%
INFO - 09/13/26 23:57:07 - 0:04:05 - Epoch 233: train_loss=0.22480536997318268, train_acc= 93.13%
INFO - 09/13/26 23:57:08 - 0:04:06 - Epoch 234: train_loss=0.22280345857143402, train_acc= 93.23%
INFO - 09/13/26 23:57:08 - 0:04:06 - Epoch 235: train_loss=0.22274993360042572, train_acc= 93.13%
INFO - 09/13/26 23:57:08 - 0:04:06 - Epoch 235: val_loss=0.3129827082157135, val_acc= 90.22%,val_weighted_f1= 89.68,val_macro_f1= 87.52%
INFO - 09/13/26 23:57:08 - 0:04:06 - Epoch 236: train_loss=0.21995627880096436, train_acc= 93.35%
INFO - 09/13/26 23:57:08 - 0:04:06 - Epoch 237: train_loss=0.22267527878284454, train_acc= 93.27%
INFO - 09/13/26 23:57:09 - 0:04:07 - Epoch 238: train_loss=0.21922126412391663, train_acc= 93.46%
INFO - 09/13/26 23:57:09 - 0:04:07 - Epoch 239: train_loss=0.2168685644865036, train_acc= 93.48%
INFO - 09/13/26 23:57:09 - 0:04:07 - Epoch 240: train_loss=0.22000004351139069, train_acc= 93.37%
INFO - 09/13/26 23:57:09 - 0:04:07 - Epoch 240: val_loss=0.30855318903923035, val_acc= 90.33%,val_weighted_f1= 89.88,val_macro_f1= 87.96%
INFO - 09/13/26 23:57:09 - 0:04:07 - Epoch 241: train_loss=0.21611258387565613, train_acc= 93.29%
INFO - 09/13/26 23:57:10 - 0:04:08 - Epoch 242: train_loss=0.21615563333034515, train_acc= 93.43%
INFO - 09/13/26 23:57:10 - 0:04:08 - Epoch 243: train_loss=0.21342644095420837, train_acc= 93.36%
INFO - 09/13/26 23:57:10 - 0:04:08 - Epoch 244: train_loss=0.2120116651058197, train_acc= 93.52%
INFO - 09/13/26 23:57:10 - 0:04:08 - Epoch 245: train_loss=0.2123565673828125, train_acc= 93.54%
INFO - 09/13/26 23:57:10 - 0:04:08 - Epoch 245: val_loss=0.30704522132873535, val_acc= 90.33%,val_weighted_f1= 89.94,val_macro_f1= 88.12%
INFO - 09/13/26 23:57:11 - 0:04:09 - Epoch 246: train_loss=0.21242785453796387, train_acc= 93.77%
INFO - 09/13/26 23:57:11 - 0:04:09 - Epoch 247: train_loss=0.21306642889976501, train_acc= 93.26%
INFO - 09/13/26 23:57:11 - 0:04:09 - Epoch 248: train_loss=0.2111004889011383, train_acc= 93.48%
INFO - 09/13/26 23:57:11 - 0:04:09 - Epoch 249: train_loss=0.21237662434577942, train_acc= 93.31%
INFO - 09/13/26 23:57:11 - 0:04:10 - Epoch 250: train_loss=0.21100811660289764, train_acc= 93.80%
INFO - 09/13/26 23:57:11 - 0:04:10 - Epoch 250: val_loss=0.3079056739807129, val_acc= 90.36%,val_weighted_f1= 89.91,val_macro_f1= 88.04%
INFO - 09/13/26 23:57:12 - 0:04:10 - Epoch 251: train_loss=0.2089841365814209, train_acc= 93.82%
INFO - 09/13/26 23:57:12 - 0:04:10 - Epoch 252: train_loss=0.20864419639110565, train_acc= 93.63%
INFO - 09/13/26 23:57:12 - 0:04:10 - Epoch 253: train_loss=0.2066538780927658, train_acc= 93.59%
INFO - 09/13/26 23:57:12 - 0:04:11 - Epoch 254: train_loss=0.20444467663764954, train_acc= 93.77%
INFO - 09/13/26 23:57:13 - 0:04:11 - Epoch 255: train_loss=0.20710472762584686, train_acc= 93.67%
INFO - 09/13/26 23:57:13 - 0:04:11 - Epoch 255: val_loss=0.30436262488365173, val_acc= 90.33%,val_weighted_f1= 89.90,val_macro_f1= 87.93%
EarlyStopping counter: 1 out of 15
INFO - 09/13/26 23:57:13 - 0:04:11 - Epoch 256: train_loss=0.20533138513565063, train_acc= 93.90%
INFO - 09/13/26 23:57:13 - 0:04:11 - Epoch 257: train_loss=0.205195814371109, train_acc= 93.69%
INFO - 09/13/26 23:57:13 - 0:04:12 - Epoch 258: train_loss=0.20625846087932587, train_acc= 93.89%
INFO - 09/13/26 23:57:14 - 0:04:12 - Epoch 259: train_loss=0.20713897049427032, train_acc= 93.54%
INFO - 09/13/26 23:57:14 - 0:04:12 - Epoch 260: train_loss=0.20491059124469757, train_acc= 93.76%
INFO - 09/13/26 23:57:14 - 0:04:12 - Epoch 260: val_loss=0.3006567656993866, val_acc= 90.55%,val_weighted_f1= 90.22,val_macro_f1= 88.55%
INFO - 09/13/26 23:57:14 - 0:04:12 - Epoch 261: train_loss=0.19938591122627258, train_acc= 94.12%
INFO - 09/13/26 23:57:14 - 0:04:13 - Epoch 262: train_loss=0.20491868257522583, train_acc= 93.82%
INFO - 09/13/26 23:57:15 - 0:04:13 - Epoch 263: train_loss=0.19881248474121094, train_acc= 94.13%
INFO - 09/13/26 23:57:15 - 0:04:13 - Epoch 264: train_loss=0.20323632657527924, train_acc= 93.73%
INFO - 09/13/26 23:57:15 - 0:04:13 - Epoch 265: train_loss=0.1973899006843567, train_acc= 93.83%
INFO - 09/13/26 23:57:15 - 0:04:13 - Epoch 265: val_loss=0.3116612136363983, val_acc= 90.18%,val_weighted_f1= 89.68,val_macro_f1= 87.55%
EarlyStopping counter: 1 out of 15
INFO - 09/13/26 23:57:15 - 0:04:14 - Epoch 266: train_loss=0.20054608583450317, train_acc= 93.64%
INFO - 09/13/26 23:57:16 - 0:04:14 - Epoch 267: train_loss=0.20063118636608124, train_acc= 93.89%
INFO - 09/13/26 23:57:16 - 0:04:14 - Epoch 268: train_loss=0.19829341769218445, train_acc= 93.95%
INFO - 09/13/26 23:57:16 - 0:04:14 - Epoch 269: train_loss=0.19797638058662415, train_acc= 93.89%
INFO - 09/13/26 23:57:16 - 0:04:14 - Epoch 270: train_loss=0.1976226419210434, train_acc= 93.70%
INFO - 09/13/26 23:57:16 - 0:04:14 - Epoch 270: val_loss=0.29804879426956177, val_acc= 90.58%,val_weighted_f1= 90.32,val_macro_f1= 88.92%
INFO - 09/13/26 23:57:17 - 0:04:15 - Epoch 271: train_loss=0.1963745355606079, train_acc= 94.17%
INFO - 09/13/26 23:57:17 - 0:04:15 - Epoch 272: train_loss=0.1935613602399826, train_acc= 93.95%
INFO - 09/13/26 23:57:17 - 0:04:15 - Epoch 273: train_loss=0.19497212767601013, train_acc= 94.20%
INFO - 09/13/26 23:57:17 - 0:04:15 - Epoch 274: train_loss=0.19717727601528168, train_acc= 94.27%
INFO - 09/13/26 23:57:17 - 0:04:16 - Epoch 275: train_loss=0.19439144432544708, train_acc= 94.10%
INFO - 09/13/26 23:57:18 - 0:04:16 - Epoch 275: val_loss=0.3004164695739746, val_acc= 90.62%,val_weighted_f1= 90.28,val_macro_f1= 88.78%
INFO - 09/13/26 23:57:18 - 0:04:16 - Epoch 276: train_loss=0.1938203126192093, train_acc= 94.10%
INFO - 09/13/26 23:57:18 - 0:04:16 - Epoch 277: train_loss=0.19102729856967926, train_acc= 94.21%
INFO - 09/13/26 23:57:18 - 0:04:16 - Epoch 278: train_loss=0.19849556684494019, train_acc= 93.99%
INFO - 09/13/26 23:57:18 - 0:04:17 - Epoch 279: train_loss=0.19013576209545135, train_acc= 94.46%
INFO - 09/13/26 23:57:19 - 0:04:17 - Epoch 280: train_loss=0.19526249170303345, train_acc= 93.92%
INFO - 09/13/26 23:57:19 - 0:04:17 - Epoch 280: val_loss=0.31564557552337646, val_acc= 90.25%,val_weighted_f1= 89.61,val_macro_f1= 87.37%
EarlyStopping counter: 1 out of 15
INFO - 09/13/26 23:57:19 - 0:04:17 - Epoch 281: train_loss=0.19050735235214233, train_acc= 94.21%
INFO - 09/13/26 23:57:19 - 0:04:17 - Epoch 282: train_loss=0.19523495435714722, train_acc= 93.84%
INFO - 09/13/26 23:57:19 - 0:04:18 - Epoch 283: train_loss=0.1920216977596283, train_acc= 94.17%
INFO - 09/13/26 23:57:20 - 0:04:18 - Epoch 284: train_loss=0.19105856120586395, train_acc= 93.90%
INFO - 09/13/26 23:57:20 - 0:04:18 - Epoch 285: train_loss=0.1893085241317749, train_acc= 94.11%
INFO - 09/13/26 23:57:20 - 0:04:18 - Epoch 285: val_loss=0.3197189271450043, val_acc= 90.07%,val_weighted_f1= 89.42,val_macro_f1= 87.06%
EarlyStopping counter: 2 out of 15
INFO - 09/13/26 23:57:20 - 0:04:18 - Epoch 286: train_loss=0.19184349477291107, train_acc= 93.88%
INFO - 09/13/26 23:57:20 - 0:04:19 - Epoch 287: train_loss=0.18732669949531555, train_acc= 94.27%
INFO - 09/13/26 23:57:21 - 0:04:19 - Epoch 288: train_loss=0.18938295543193817, train_acc= 94.33%
INFO - 09/13/26 23:57:21 - 0:04:19 - Epoch 289: train_loss=0.18863625824451447, train_acc= 94.23%
INFO - 09/13/26 23:57:21 - 0:04:19 - Epoch 290: train_loss=0.18563073873519897, train_acc= 94.34%
INFO - 09/13/26 23:57:21 - 0:04:19 - Epoch 290: val_loss=0.3039231300354004, val_acc= 90.69%,val_weighted_f1= 90.32,val_macro_f1= 88.67%
INFO - 09/13/26 23:57:21 - 0:04:19 - Epoch 291: train_loss=0.1832687109708786, train_acc= 94.47%
INFO - 09/13/26 23:57:22 - 0:04:20 - Epoch 292: train_loss=0.1854105144739151, train_acc= 94.29%
INFO - 09/13/26 23:57:22 - 0:04:20 - Epoch 293: train_loss=0.18401169776916504, train_acc= 94.41%
INFO - 09/13/26 23:57:22 - 0:04:20 - Epoch 294: train_loss=0.18843725323677063, train_acc= 94.21%
INFO - 09/13/26 23:57:22 - 0:04:20 - Epoch 295: train_loss=0.1829957365989685, train_acc= 94.52%
INFO - 09/13/26 23:57:22 - 0:04:20 - Epoch 295: val_loss=0.29544341564178467, val_acc= 91.02%,val_weighted_f1= 90.85,val_macro_f1= 89.95%
INFO - 09/13/26 23:57:23 - 0:04:21 - Epoch 296: train_loss=0.18195699155330658, train_acc= 94.20%
INFO - 09/13/26 23:57:23 - 0:04:21 - Epoch 297: train_loss=0.1807999610900879, train_acc= 94.57%
INFO - 09/13/26 23:57:23 - 0:04:21 - Epoch 298: train_loss=0.1808944195508957, train_acc= 94.43%
INFO - 09/13/26 23:57:23 - 0:04:21 - Epoch 299: train_loss=0.17964695394039154, train_acc= 94.97%
INFO - 09/13/26 23:57:23 - 0:04:22 - Epoch 300: train_loss=0.18012358248233795, train_acc= 94.39%
INFO - 09/13/26 23:57:24 - 0:04:22 - Epoch 300: val_loss=0.2989835739135742, val_acc= 90.73%,val_weighted_f1= 90.46,val_macro_f1= 89.30%
EarlyStopping counter: 1 out of 15
INFO - 09/13/26 23:57:24 - 0:04:22 - Epoch 301: train_loss=0.17937172949314117, train_acc= 94.60%
INFO - 09/13/26 23:57:24 - 0:04:22 - Epoch 302: train_loss=0.17629992961883545, train_acc= 94.72%
INFO - 09/13/26 23:57:24 - 0:04:22 - Epoch 303: train_loss=0.17941293120384216, train_acc= 94.43%
INFO - 09/13/26 23:57:24 - 0:04:23 - Epoch 304: train_loss=0.17708465456962585, train_acc= 94.50%
INFO - 09/13/26 23:57:25 - 0:04:23 - Epoch 305: train_loss=0.18248355388641357, train_acc= 94.44%
INFO - 09/13/26 23:57:25 - 0:04:23 - Epoch 305: val_loss=0.2994825541973114, val_acc= 90.65%,val_weighted_f1= 90.35,val_macro_f1= 89.05%
EarlyStopping counter: 2 out of 15
INFO - 09/13/26 23:57:25 - 0:04:23 - Epoch 306: train_loss=0.17383690178394318, train_acc= 94.92%
INFO - 09/13/26 23:57:25 - 0:04:23 - Epoch 307: train_loss=0.17863766849040985, train_acc= 94.66%
INFO - 09/13/26 23:57:25 - 0:04:24 - Epoch 308: train_loss=0.17688268423080444, train_acc= 94.53%
INFO - 09/13/26 23:57:26 - 0:04:24 - Epoch 309: train_loss=0.17448066174983978, train_acc= 94.60%
INFO - 09/13/26 23:57:26 - 0:04:24 - Epoch 310: train_loss=0.17360477149486542, train_acc= 94.72%
INFO - 09/13/26 23:57:26 - 0:04:24 - Epoch 310: val_loss=0.3063688576221466, val_acc= 90.62%,val_weighted_f1= 90.26,val_macro_f1= 88.78%
EarlyStopping counter: 3 out of 15
INFO - 09/13/26 23:57:26 - 0:04:24 - Epoch 311: train_loss=0.1726299226284027, train_acc= 94.87%
INFO - 09/13/26 23:57:26 - 0:04:24 - Epoch 312: train_loss=0.17393390834331512, train_acc= 94.78%
INFO - 09/13/26 23:57:27 - 0:04:25 - Epoch 313: train_loss=0.17368097603321075, train_acc= 94.86%
INFO - 09/13/26 23:57:27 - 0:04:25 - Epoch 314: train_loss=0.17396561801433563, train_acc= 94.76%
INFO - 09/13/26 23:57:27 - 0:04:25 - Epoch 315: train_loss=0.17013153433799744, train_acc= 94.72%
INFO - 09/13/26 23:57:27 - 0:04:25 - Epoch 315: val_loss=0.3122810423374176, val_acc= 90.29%,val_weighted_f1= 89.79,val_macro_f1= 87.92%
EarlyStopping counter: 4 out of 15
INFO - 09/13/26 23:57:27 - 0:04:25 - Epoch 316: train_loss=0.17194759845733643, train_acc= 94.70%
INFO - 09/13/26 23:57:28 - 0:04:26 - Epoch 317: train_loss=0.17089688777923584, train_acc= 94.96%
INFO - 09/13/26 23:57:28 - 0:04:26 - Epoch 318: train_loss=0.17369511723518372, train_acc= 94.87%
INFO - 09/13/26 23:57:28 - 0:04:26 - Epoch 319: train_loss=0.17048777639865875, train_acc= 95.04%
INFO - 09/13/26 23:57:28 - 0:04:26 - Epoch 320: train_loss=0.16858771443367004, train_acc= 94.95%
INFO - 09/13/26 23:57:28 - 0:04:26 - Epoch 320: val_loss=0.304505854845047, val_acc= 90.65%,val_weighted_f1= 90.35,val_macro_f1= 89.02%
EarlyStopping counter: 5 out of 15
INFO - 09/13/26 23:57:29 - 0:04:27 - Epoch 321: train_loss=0.16962262988090515, train_acc= 95.08%
INFO - 09/13/26 23:57:29 - 0:04:27 - Epoch 322: train_loss=0.17069503664970398, train_acc= 94.98%
INFO - 09/13/26 23:57:29 - 0:04:27 - Epoch 323: train_loss=0.17008723318576813, train_acc= 94.89%
INFO - 09/13/26 23:57:29 - 0:04:27 - Epoch 324: train_loss=0.16867534816265106, train_acc= 95.02%
INFO - 09/13/26 23:57:29 - 0:04:28 - Epoch 325: train_loss=0.16626673936843872, train_acc= 95.00%
INFO - 09/13/26 23:57:30 - 0:04:28 - Epoch 325: val_loss=0.3012418746948242, val_acc= 90.84%,val_weighted_f1= 90.59,val_macro_f1= 89.44%
EarlyStopping counter: 6 out of 15
INFO - 09/13/26 23:57:30 - 0:04:28 - Epoch 326: train_loss=0.16462300717830658, train_acc= 95.10%
INFO - 09/13/26 23:57:30 - 0:04:28 - Epoch 327: train_loss=0.16795791685581207, train_acc= 95.10%
INFO - 09/13/26 23:57:30 - 0:04:28 - Epoch 328: train_loss=0.16473296284675598, train_acc= 94.96%
INFO - 09/13/26 23:57:30 - 0:04:29 - Epoch 329: train_loss=0.16724510490894318, train_acc= 94.89%
INFO - 09/13/26 23:57:31 - 0:04:29 - Epoch 330: train_loss=0.16115906834602356, train_acc= 95.16%
INFO - 09/13/26 23:57:31 - 0:04:29 - Epoch 330: val_loss=0.3038811683654785, val_acc= 90.62%,val_weighted_f1= 90.36,val_macro_f1= 89.22%
EarlyStopping counter: 7 out of 15
INFO - 09/13/26 23:57:31 - 0:04:29 - Epoch 331: train_loss=0.16498462855815887, train_acc= 95.19%
INFO - 09/13/26 23:57:31 - 0:04:29 - Epoch 332: train_loss=0.16564993560314178, train_acc= 94.92%
INFO - 09/13/26 23:57:31 - 0:04:29 - Epoch 333: train_loss=0.16389493644237518, train_acc= 94.95%
INFO - 09/13/26 23:57:32 - 0:04:30 - Epoch 334: train_loss=0.1631777584552765, train_acc= 95.23%
INFO - 09/13/26 23:57:32 - 0:04:30 - Epoch 335: train_loss=0.16238060593605042, train_acc= 95.00%
INFO - 09/13/26 23:57:32 - 0:04:30 - Epoch 335: val_loss=0.30918237566947937, val_acc= 90.65%,val_weighted_f1= 90.34,val_macro_f1= 89.05%
EarlyStopping counter: 8 out of 15
INFO - 09/13/26 23:57:32 - 0:04:30 - Epoch 336: train_loss=0.16443651914596558, train_acc= 95.03%
INFO - 09/13/26 23:57:32 - 0:04:30 - Epoch 337: train_loss=0.1654665470123291, train_acc= 95.08%
INFO - 09/13/26 23:57:33 - 0:04:31 - Epoch 338: train_loss=0.15931376814842224, train_acc= 95.20%
INFO - 09/13/26 23:57:33 - 0:04:31 - Epoch 339: train_loss=0.15818585455417633, train_acc= 95.30%
INFO - 09/13/26 23:57:33 - 0:04:31 - Epoch 340: train_loss=0.15975448489189148, train_acc= 95.14%
INFO - 09/13/26 23:57:33 - 0:04:31 - Epoch 340: val_loss=0.31004559993743896, val_acc= 90.58%,val_weighted_f1= 90.25,val_macro_f1= 89.00%
EarlyStopping counter: 9 out of 15
INFO - 09/13/26 23:57:33 - 0:04:31 - Epoch 341: train_loss=0.16104060411453247, train_acc= 94.98%
INFO - 09/13/26 23:57:34 - 0:04:32 - Epoch 342: train_loss=0.15897086262702942, train_acc= 95.35%
INFO - 09/13/26 23:57:34 - 0:04:32 - Epoch 343: train_loss=0.1553117334842682, train_acc= 95.38%
INFO - 09/13/26 23:57:34 - 0:04:32 - Epoch 344: train_loss=0.16056522727012634, train_acc= 95.03%
INFO - 09/13/26 23:57:34 - 0:04:32 - Epoch 345: train_loss=0.16007855534553528, train_acc= 95.15%
INFO - 09/13/26 23:57:34 - 0:04:32 - Epoch 345: val_loss=0.30883413553237915, val_acc= 90.65%,val_weighted_f1= 90.36,val_macro_f1= 89.18%
EarlyStopping counter: 10 out of 15
INFO - 09/13/26 23:57:35 - 0:04:33 - Epoch 346: train_loss=0.1594310849905014, train_acc= 95.00%
INFO - 09/13/26 23:57:35 - 0:04:33 - Epoch 347: train_loss=0.15550817549228668, train_acc= 95.43%
INFO - 09/13/26 23:57:35 - 0:04:33 - Epoch 348: train_loss=0.15858225524425507, train_acc= 95.26%
INFO - 09/13/26 23:57:35 - 0:04:33 - Epoch 349: train_loss=0.15875568985939026, train_acc= 95.37%
INFO - 09/13/26 23:57:35 - 0:04:33 - Epoch 350: train_loss=0.15667685866355896, train_acc= 95.24%
INFO - 09/13/26 23:57:35 - 0:04:34 - Epoch 350: val_loss=0.3009890913963318, val_acc= 90.98%,val_weighted_f1= 90.79,val_macro_f1= 89.83%
EarlyStopping counter: 11 out of 15
INFO - 09/13/26 23:57:36 - 0:04:34 - Epoch 351: train_loss=0.15816493332386017, train_acc= 95.26%
INFO - 09/13/26 23:57:36 - 0:04:34 - Epoch 352: train_loss=0.15905722975730896, train_acc= 95.41%
INFO - 09/13/26 23:57:36 - 0:04:34 - Epoch 353: train_loss=0.1567813903093338, train_acc= 95.24%
INFO - 09/13/26 23:57:36 - 0:04:34 - Epoch 354: train_loss=0.15486879646778107, train_acc= 95.44%
INFO - 09/13/26 23:57:37 - 0:04:35 - Epoch 355: train_loss=0.15409132838249207, train_acc= 95.35%
INFO - 09/13/26 23:57:37 - 0:04:35 - Epoch 355: val_loss=0.30426478385925293, val_acc= 90.87%,val_weighted_f1= 90.70,val_macro_f1= 89.86%
EarlyStopping counter: 12 out of 15
INFO - 09/13/26 23:57:37 - 0:04:35 - Epoch 356: train_loss=0.1573534607887268, train_acc= 95.02%
INFO - 09/13/26 23:57:37 - 0:04:35 - Epoch 357: train_loss=0.1530020385980606, train_acc= 95.30%
INFO - 09/13/26 23:57:37 - 0:04:35 - Epoch 358: train_loss=0.15305057168006897, train_acc= 95.36%
INFO - 09/13/26 23:57:38 - 0:04:36 - Epoch 359: train_loss=0.15459755063056946, train_acc= 95.40%
INFO - 09/13/26 23:57:38 - 0:04:36 - Epoch 360: train_loss=0.1563853621482849, train_acc= 95.32%
INFO - 09/13/26 23:57:38 - 0:04:36 - Epoch 360: val_loss=0.31014856696128845, val_acc= 90.55%,val_weighted_f1= 90.30,val_macro_f1= 89.24%
EarlyStopping counter: 13 out of 15
INFO - 09/13/26 23:57:38 - 0:04:36 - Epoch 361: train_loss=0.153856098651886, train_acc= 95.56%
INFO - 09/13/26 23:57:38 - 0:04:36 - Epoch 362: train_loss=0.1518281102180481, train_acc= 95.26%
INFO - 09/13/26 23:57:39 - 0:04:37 - Epoch 363: train_loss=0.15428782999515533, train_acc= 95.50%
INFO - 09/13/26 23:57:39 - 0:04:37 - Epoch 364: train_loss=0.15116506814956665, train_acc= 95.44%
INFO - 09/13/26 23:57:39 - 0:04:37 - Epoch 365: train_loss=0.1490502804517746, train_acc= 95.76%
INFO - 09/13/26 23:57:39 - 0:04:37 - Epoch 365: val_loss=0.3171989917755127, val_acc= 90.69%,val_weighted_f1= 90.38,val_macro_f1= 89.18%
EarlyStopping counter: 14 out of 15
INFO - 09/13/26 23:57:39 - 0:04:37 - Epoch 366: train_loss=0.15049242973327637, train_acc= 95.38%
INFO - 09/13/26 23:57:40 - 0:04:38 - Epoch 367: train_loss=0.14796029031276703, train_acc= 95.66%
INFO - 09/13/26 23:57:40 - 0:04:38 - Epoch 368: train_loss=0.14765119552612305, train_acc= 95.81%
INFO - 09/13/26 23:57:40 - 0:04:38 - Epoch 369: train_loss=0.14843161404132843, train_acc= 95.69%
INFO - 09/13/26 23:57:40 - 0:04:38 - Epoch 370: train_loss=0.14596572518348694, train_acc= 95.67%
INFO - 09/13/26 23:57:40 - 0:04:38 - Epoch 370: val_loss=0.3166664242744446, val_acc= 90.69%,val_weighted_f1= 90.40,val_macro_f1= 89.19%
EarlyStopping counter: 15 out of 15
---------Early stopping--------
INFO - 09/13/26 23:57:40 - 0:04:38 - --------------Testing--------------------
INFO - 09/13/26 23:57:40 - 0:04:38 - --------------Loading from ./checkpoints/NC_computers_model.pt--------------------
INFO - 09/13/26 23:57:40 - 0:04:38 - test_acc= 91.24%, weighted_f1= 91.15,macro_f1= 89.19%
INFO - 09/13/26 23:57:40 - 0:04:38 - test_acc= 91.24%, weighted_f1= 91.15,macro_f1= 89.19%
INFO - 09/13/26 23:57:41 - 0:04:39 - Epoch 0: train_loss=2.5046401023864746, train_acc= 9.55%
INFO - 09/13/26 23:57:41 - 0:04:39 - Epoch 0: val_loss=2.353241205215454, val_acc= 13.49%,val_weighted_f1= 10.48,val_macro_f1= 6.35%
INFO - 09/13/26 23:57:41 - 0:04:39 - Epoch 1: train_loss=2.3636038303375244, train_acc= 12.38%
INFO - 09/13/26 23:57:41 - 0:04:39 - Epoch 2: train_loss=2.2435383796691895, train_acc= 17.30%
INFO - 09/13/26 23:57:41 - 0:04:39 - Epoch 3: train_loss=2.156506061553955, train_acc= 23.82%
INFO - 09/13/26 23:57:42 - 0:04:40 - Epoch 4: train_loss=2.085597515106201, train_acc= 28.51%
INFO - 09/13/26 23:57:42 - 0:04:40 - Epoch 5: train_loss=2.038301944732666, train_acc= 31.82%
INFO - 09/13/26 23:57:42 - 0:04:40 - Epoch 5: val_loss=2.0008597373962402, val_acc= 34.98%,val_weighted_f1= 23.24,val_macro_f1= 7.98%
INFO - 09/13/26 23:57:42 - 0:04:40 - Epoch 6: train_loss=1.9961820840835571, train_acc= 33.86%
INFO - 09/13/26 23:57:42 - 0:04:40 - Epoch 7: train_loss=1.9626295566558838, train_acc= 35.42%
INFO - 09/13/26 23:57:43 - 0:04:41 - Epoch 8: train_loss=1.9392822980880737, train_acc= 36.42%
INFO - 09/13/26 23:57:43 - 0:04:41 - Epoch 9: train_loss=1.9108129739761353, train_acc= 37.08%
INFO - 09/13/26 23:57:43 - 0:04:41 - Epoch 10: train_loss=1.8883358240127563, train_acc= 37.71%
INFO - 09/13/26 23:57:43 - 0:04:41 - Epoch 10: val_loss=1.8634757995605469, val_acc= 38.36%,val_weighted_f1= 25.31,val_macro_f1= 8.46%
INFO - 09/13/26 23:57:43 - 0:04:41 - Epoch 11: train_loss=1.8741706609725952, train_acc= 38.51%
INFO - 09/13/26 23:57:44 - 0:04:42 - Epoch 12: train_loss=1.8449311256408691, train_acc= 39.77%
INFO - 09/13/26 23:57:44 - 0:04:42 - Epoch 13: train_loss=1.8258086442947388, train_acc= 40.54%
INFO - 09/13/26 23:57:44 - 0:04:42 - Epoch 14: train_loss=1.8076367378234863, train_acc= 40.86%
INFO - 09/13/26 23:57:44 - 0:04:42 - Epoch 15: train_loss=1.7785829305648804, train_acc= 41.51%
INFO - 09/13/26 23:57:44 - 0:04:42 - Epoch 15: val_loss=1.7258803844451904, val_acc= 42.95%,val_weighted_f1= 31.46,val_macro_f1= 11.69%
INFO - 09/13/26 23:57:45 - 0:04:43 - Epoch 16: train_loss=1.7604222297668457, train_acc= 42.06%
INFO - 09/13/26 23:57:45 - 0:04:43 - Epoch 17: train_loss=1.7409403324127197, train_acc= 42.86%
INFO - 09/13/26 23:57:45 - 0:04:43 - Epoch 18: train_loss=1.7173552513122559, train_acc= 43.30%
INFO - 09/13/26 23:57:45 - 0:04:43 - Epoch 19: train_loss=1.700330138206482, train_acc= 44.29%
INFO - 09/13/26 23:57:45 - 0:04:43 - Epoch 20: train_loss=1.6793752908706665, train_acc= 44.47%
INFO - 09/13/26 23:57:46 - 0:04:44 - Epoch 20: val_loss=1.6245675086975098, val_acc= 42.73%,val_weighted_f1= 31.02,val_macro_f1= 11.74%
EarlyStopping counter: 1 out of 15
INFO - 09/13/26 23:57:46 - 0:04:44 - Epoch 21: train_loss=1.6670379638671875, train_acc= 44.40%
INFO - 09/13/26 23:57:46 - 0:04:44 - Epoch 22: train_loss=1.647444248199463, train_acc= 44.87%
INFO - 09/13/26 23:57:46 - 0:04:44 - Epoch 23: train_loss=1.6314862966537476, train_acc= 45.60%
INFO - 09/13/26 23:57:46 - 0:04:44 - Epoch 24: train_loss=1.6090257167816162, train_acc= 46.29%
INFO - 09/13/26 23:57:47 - 0:04:45 - Epoch 25: train_loss=1.593113660812378, train_acc= 46.91%
INFO - 09/13/26 23:57:47 - 0:04:45 - Epoch 25: val_loss=1.524077296257019, val_acc= 46.84%,val_weighted_f1= 37.19,val_macro_f1= 15.66%
INFO - 09/13/26 23:57:47 - 0:04:45 - Epoch 26: train_loss=1.570885181427002, train_acc= 48.15%
INFO - 09/13/26 23:57:47 - 0:04:45 - Epoch 27: train_loss=1.5525189638137817, train_acc= 48.98%
INFO - 09/13/26 23:57:47 - 0:04:45 - Epoch 28: train_loss=1.5345760583877563, train_acc= 49.98%
INFO - 09/13/26 23:57:48 - 0:04:46 - Epoch 29: train_loss=1.5189708471298218, train_acc= 50.18%
INFO - 09/13/26 23:57:48 - 0:04:46 - Epoch 30: train_loss=1.494877815246582, train_acc= 51.70%
INFO - 09/13/26 23:57:48 - 0:04:46 - Epoch 30: val_loss=1.4148236513137817, val_acc= 51.67%,val_weighted_f1= 43.33,val_macro_f1= 19.50%
INFO - 09/13/26 23:57:48 - 0:04:46 - Epoch 31: train_loss=1.4767017364501953, train_acc= 52.12%
INFO - 09/13/26 23:57:48 - 0:04:46 - Epoch 32: train_loss=1.4571772813796997, train_acc= 52.56%
INFO - 09/13/26 23:57:49 - 0:04:47 - Epoch 33: train_loss=1.4388127326965332, train_acc= 53.71%
INFO - 09/13/26 23:57:49 - 0:04:47 - Epoch 34: train_loss=1.4108096361160278, train_acc= 54.69%
INFO - 09/13/26 23:57:49 - 0:04:47 - Epoch 35: train_loss=1.3924853801727295, train_acc= 55.00%
INFO - 09/13/26 23:57:49 - 0:04:47 - Epoch 35: val_loss=1.3068935871124268, val_acc= 56.58%,val_weighted_f1= 49.50,val_macro_f1= 23.93%
INFO - 09/13/26 23:57:49 - 0:04:47 - Epoch 36: train_loss=1.3758654594421387, train_acc= 56.57%
INFO - 09/13/26 23:57:50 - 0:04:48 - Epoch 37: train_loss=1.347137212753296, train_acc= 57.10%
INFO - 09/13/26 23:57:50 - 0:04:48 - Epoch 38: train_loss=1.3257856369018555, train_acc= 58.66%
INFO - 09/13/26 23:57:50 - 0:04:48 - Epoch 39: train_loss=1.3057665824890137, train_acc= 59.49%
INFO - 09/13/26 23:57:50 - 0:04:48 - Epoch 40: train_loss=1.292311429977417, train_acc= 60.37%
INFO - 09/13/26 23:57:50 - 0:04:48 - Epoch 40: val_loss=1.1907237768173218, val_acc= 62.76%,val_weighted_f1= 56.29,val_macro_f1= 29.14%
INFO - 09/13/26 23:57:51 - 0:04:49 - Epoch 41: train_loss=1.2636637687683105, train_acc= 61.68%
INFO - 09/13/26 23:57:51 - 0:04:49 - Epoch 42: train_loss=1.2374217510223389, train_acc= 62.94%
INFO - 09/13/26 23:57:51 - 0:04:49 - Epoch 43: train_loss=1.2197269201278687, train_acc= 62.94%
INFO - 09/13/26 23:57:51 - 0:04:49 - Epoch 44: train_loss=1.1996105909347534, train_acc= 63.79%
INFO - 09/13/26 23:57:51 - 0:04:50 - Epoch 45: train_loss=1.1755702495574951, train_acc= 65.09%
INFO - 09/13/26 23:57:52 - 0:04:50 - Epoch 45: val_loss=1.0807684659957886, val_acc= 66.73%,val_weighted_f1= 60.80,val_macro_f1= 33.24%
INFO - 09/13/26 23:57:52 - 0:04:50 - Epoch 46: train_loss=1.1559951305389404, train_acc= 64.92%
INFO - 09/13/26 23:57:52 - 0:04:50 - Epoch 47: train_loss=1.1311384439468384, train_acc= 66.07%
INFO - 09/13/26 23:57:52 - 0:04:50 - Epoch 48: train_loss=1.1113239526748657, train_acc= 67.22%
INFO - 09/13/26 23:57:52 - 0:04:51 - Epoch 49: train_loss=1.0859564542770386, train_acc= 67.46%
INFO - 09/13/26 23:57:53 - 0:04:51 - Epoch 50: train_loss=1.0717285871505737, train_acc= 67.63%
INFO - 09/13/26 23:57:53 - 0:04:51 - Epoch 50: val_loss=0.9785571098327637, val_acc= 69.67%,val_weighted_f1= 64.45,val_macro_f1= 38.08%
INFO - 09/13/26 23:57:53 - 0:04:51 - Epoch 51: train_loss=1.0480459928512573, train_acc= 68.21%
INFO - 09/13/26 23:57:53 - 0:04:51 - Epoch 52: train_loss=1.029056429862976, train_acc= 68.99%
INFO - 09/13/26 23:57:53 - 0:04:52 - Epoch 53: train_loss=1.0093306303024292, train_acc= 69.63%
INFO - 09/13/26 23:57:54 - 0:04:52 - Epoch 54: train_loss=0.9894123673439026, train_acc= 69.95%
INFO - 09/13/26 23:57:54 - 0:04:52 - Epoch 55: train_loss=0.9721523523330688, train_acc= 70.67%
INFO - 09/13/26 23:57:54 - 0:04:52 - Epoch 55: val_loss=0.8864164352416992, val_acc= 72.11%,val_weighted_f1= 67.60,val_macro_f1= 43.12%
INFO - 09/13/26 23:57:54 - 0:04:52 - Epoch 56: train_loss=0.9529381990432739, train_acc= 70.84%
INFO - 09/13/26 23:57:54 - 0:04:52 - Epoch 57: train_loss=0.9340980052947998, train_acc= 71.91%
INFO - 09/13/26 23:57:55 - 0:04:53 - Epoch 58: train_loss=0.9197417497634888, train_acc= 71.98%
INFO - 09/13/26 23:57:55 - 0:04:53 - Epoch 59: train_loss=0.8976759314537048, train_acc= 72.41%
INFO - 09/13/26 23:57:55 - 0:04:53 - Epoch 60: train_loss=0.8853492736816406, train_acc= 73.11%
INFO - 09/13/26 23:57:55 - 0:04:53 - Epoch 60: val_loss=0.808254063129425, val_acc= 74.18%,val_weighted_f1= 70.21,val_macro_f1= 47.97%
INFO - 09/13/26 23:57:55 - 0:04:53 - Epoch 61: train_loss=0.8684415221214294, train_acc= 73.38%
INFO - 09/13/26 23:57:56 - 0:04:54 - Epoch 62: train_loss=0.8495576977729797, train_acc= 74.29%
INFO - 09/13/26 23:57:56 - 0:04:54 - Epoch 63: train_loss=0.8377560377120972, train_acc= 74.58%
INFO - 09/13/26 23:57:56 - 0:04:54 - Epoch 64: train_loss=0.8182210922241211, train_acc= 75.04%
INFO - 09/13/26 23:57:56 - 0:04:54 - Epoch 65: train_loss=0.8030169010162354, train_acc= 75.65%
INFO - 09/13/26 23:57:56 - 0:04:54 - Epoch 65: val_loss=0.7396359443664551, val_acc= 75.96%,val_weighted_f1= 72.50,val_macro_f1= 52.97%
INFO - 09/13/26 23:57:57 - 0:04:55 - Epoch 66: train_loss=0.7900441884994507, train_acc= 75.71%
INFO - 09/13/26 23:57:57 - 0:04:55 - Epoch 67: train_loss=0.7736028432846069, train_acc= 76.31%
INFO - 09/13/26 23:57:57 - 0:04:55 - Epoch 68: train_loss=0.7592957019805908, train_acc= 77.04%
INFO - 09/13/26 23:57:57 - 0:04:55 - Epoch 69: train_loss=0.7498119473457336, train_acc= 77.08%
INFO - 09/13/26 23:57:57 - 0:04:56 - Epoch 70: train_loss=0.7338361740112305, train_acc= 77.54%
INFO - 09/13/26 23:57:58 - 0:04:56 - Epoch 70: val_loss=0.6796131730079651, val_acc= 77.78%,val_weighted_f1= 74.62,val_macro_f1= 56.84%
INFO - 09/13/26 23:57:58 - 0:04:56 - Epoch 71: train_loss=0.7219619154930115, train_acc= 77.80%
INFO - 09/13/26 23:57:58 - 0:04:56 - Epoch 72: train_loss=0.7106799483299255, train_acc= 77.96%
INFO - 09/13/26 23:57:58 - 0:04:56 - Epoch 73: train_loss=0.6931774616241455, train_acc= 78.93%
INFO - 09/13/26 23:57:59 - 0:04:57 - Epoch 74: train_loss=0.6839646100997925, train_acc= 79.14%
INFO - 09/13/26 23:57:59 - 0:04:57 - Epoch 75: train_loss=0.6751668453216553, train_acc= 78.84%
INFO - 09/13/26 23:57:59 - 0:04:57 - Epoch 75: val_loss=0.6276788115501404, val_acc= 79.13%,val_weighted_f1= 76.51,val_macro_f1= 61.46%
INFO - 09/13/26 23:57:59 - 0:04:57 - Epoch 76: train_loss=0.6680144667625427, train_acc= 79.39%
INFO - 09/13/26 23:57:59 - 0:04:57 - Epoch 77: train_loss=0.6518948674201965, train_acc= 79.93%
INFO - 09/13/26 23:57:59 - 0:04:58 - Epoch 78: train_loss=0.6355326771736145, train_acc= 80.26%
INFO - 09/13/26 23:58:00 - 0:04:58 - Epoch 79: train_loss=0.6311374306678772, train_acc= 80.54%
INFO - 09/13/26 23:58:00 - 0:04:58 - Epoch 80: train_loss=0.6223840713500977, train_acc= 80.65%
INFO - 09/13/26 23:58:00 - 0:04:58 - Epoch 80: val_loss=0.5860855579376221, val_acc= 80.29%,val_weighted_f1= 78.07,val_macro_f1= 64.93%
INFO - 09/13/26 23:58:00 - 0:04:58 - Epoch 81: train_loss=0.6145082116127014, train_acc= 80.56%
INFO - 09/13/26 23:58:00 - 0:04:59 - Epoch 82: train_loss=0.6061134934425354, train_acc= 80.99%
INFO - 09/13/26 23:58:01 - 0:04:59 - Epoch 83: train_loss=0.5944684147834778, train_acc= 81.36%
INFO - 09/13/26 23:58:01 - 0:04:59 - Epoch 84: train_loss=0.5845410227775574, train_acc= 81.50%
INFO - 09/13/26 23:58:01 - 0:04:59 - Epoch 85: train_loss=0.5786490440368652, train_acc= 82.00%
INFO - 09/13/26 23:58:01 - 0:04:59 - Epoch 85: val_loss=0.5501272678375244, val_acc= 81.67%,val_weighted_f1= 79.77,val_macro_f1= 68.51%
INFO - 09/13/26 23:58:01 - 0:05:00 - Epoch 86: train_loss=0.5770738124847412, train_acc= 81.69%
INFO - 09/13/26 23:58:02 - 0:05:00 - Epoch 87: train_loss=0.5564873814582825, train_acc= 82.76%
INFO - 09/13/26 23:58:02 - 0:05:00 - Epoch 88: train_loss=0.55736243724823, train_acc= 82.57%
INFO - 09/13/26 23:58:02 - 0:05:00 - Epoch 89: train_loss=0.5443670153617859, train_acc= 82.80%
INFO - 09/13/26 23:58:02 - 0:05:01 - Epoch 90: train_loss=0.5423557162284851, train_acc= 83.28%
INFO - 09/13/26 23:58:02 - 0:05:01 - Epoch 90: val_loss=0.519557774066925, val_acc= 82.62%,val_weighted_f1= 81.12,val_macro_f1= 71.82%
INFO - 09/13/26 23:58:03 - 0:05:01 - Epoch 91: train_loss=0.5365474820137024, train_acc= 83.23%
INFO - 09/13/26 23:58:03 - 0:05:01 - Epoch 92: train_loss=0.5307241082191467, train_acc= 83.14%
INFO - 09/13/26 23:58:03 - 0:05:01 - Epoch 93: train_loss=0.5217900276184082, train_acc= 83.39%
INFO - 09/13/26 23:58:03 - 0:05:02 - Epoch 94: train_loss=0.5184372663497925, train_acc= 83.92%
INFO - 09/13/26 23:58:04 - 0:05:02 - Epoch 95: train_loss=0.5084112286567688, train_acc= 83.89%
INFO - 09/13/26 23:58:04 - 0:05:02 - Epoch 95: val_loss=0.49589577317237854, val_acc= 83.49%,val_weighted_f1= 82.18,val_macro_f1= 73.89%
INFO - 09/13/26 23:58:04 - 0:05:02 - Epoch 96: train_loss=0.5024637579917908, train_acc= 84.36%
INFO - 09/13/26 23:58:04 - 0:05:02 - Epoch 97: train_loss=0.4928037226200104, train_acc= 84.44%
INFO - 09/13/26 23:58:04 - 0:05:03 - Epoch 98: train_loss=0.4891672134399414, train_acc= 85.01%
INFO - 09/13/26 23:58:05 - 0:05:03 - Epoch 99: train_loss=0.48410937190055847, train_acc= 84.92%
INFO - 09/13/26 23:58:05 - 0:05:03 - Epoch 100: train_loss=0.47978729009628296, train_acc= 85.14%
INFO - 09/13/26 23:58:05 - 0:05:03 - Epoch 100: val_loss=0.47443434596061707, val_acc= 84.40%,val_weighted_f1= 83.26,val_macro_f1= 75.71%
INFO - 09/13/26 23:58:05 - 0:05:03 - Epoch 101: train_loss=0.47023868560791016, train_acc= 85.49%
INFO - 09/13/26 23:58:05 - 0:05:03 - Epoch 102: train_loss=0.4703110158443451, train_acc= 85.47%
INFO - 09/13/26 23:58:06 - 0:05:04 - Epoch 103: train_loss=0.46836841106414795, train_acc= 85.53%
INFO - 09/13/26 23:58:06 - 0:05:04 - Epoch 104: train_loss=0.4596269130706787, train_acc= 85.60%
INFO - 09/13/26 23:58:06 - 0:05:04 - Epoch 105: train_loss=0.45719510316848755, train_acc= 86.04%
INFO - 09/13/26 23:58:06 - 0:05:04 - Epoch 105: val_loss=0.45754536986351013, val_acc= 85.42%,val_weighted_f1= 84.38,val_macro_f1= 77.29%
INFO - 09/13/26 23:58:06 - 0:05:04 - Epoch 106: train_loss=0.45046696066856384, train_acc= 85.94%
INFO - 09/13/26 23:58:07 - 0:05:05 - Epoch 107: train_loss=0.4434415400028229, train_acc= 85.97%
INFO - 09/13/26 23:58:07 - 0:05:05 - Epoch 108: train_loss=0.4426426291465759, train_acc= 86.67%
INFO - 09/13/26 23:58:07 - 0:05:05 - Epoch 109: train_loss=0.43640053272247314, train_acc= 86.44%
INFO - 09/13/26 23:58:07 - 0:05:05 - Epoch 110: train_loss=0.43444228172302246, train_acc= 86.48%
INFO - 09/13/26 23:58:07 - 0:05:05 - Epoch 110: val_loss=0.44388142228126526, val_acc= 85.75%,val_weighted_f1= 84.93,val_macro_f1= 78.97%
INFO - 09/13/26 23:58:08 - 0:05:06 - Epoch 111: train_loss=0.42679423093795776, train_acc= 87.03%
INFO - 09/13/26 23:58:08 - 0:05:06 - Epoch 112: train_loss=0.41948312520980835, train_acc= 86.94%
INFO - 09/13/26 23:58:08 - 0:05:06 - Epoch 113: train_loss=0.41727152466773987, train_acc= 86.73%
INFO - 09/13/26 23:58:08 - 0:05:06 - Epoch 114: train_loss=0.41486528515815735, train_acc= 87.24%
INFO - 09/13/26 23:58:09 - 0:05:07 - Epoch 115: train_loss=0.4104827642440796, train_acc= 87.24%
INFO - 09/13/26 23:58:09 - 0:05:07 - Epoch 115: val_loss=0.4316210150718689, val_acc= 86.18%,val_weighted_f1= 85.35,val_macro_f1= 79.74%
INFO - 09/13/26 23:58:09 - 0:05:07 - Epoch 116: train_loss=0.41154009103775024, train_acc= 87.11%
INFO - 09/13/26 23:58:09 - 0:05:07 - Epoch 117: train_loss=0.40722134709358215, train_acc= 87.23%
INFO - 09/13/26 23:58:09 - 0:05:07 - Epoch 118: train_loss=0.40154924988746643, train_acc= 87.38%
INFO - 09/13/26 23:58:09 - 0:05:08 - Epoch 119: train_loss=0.4017096161842346, train_acc= 87.51%
INFO - 09/13/26 23:58:10 - 0:05:08 - Epoch 120: train_loss=0.3922604024410248, train_acc= 87.86%
INFO - 09/13/26 23:58:10 - 0:05:08 - Epoch 120: val_loss=0.41810232400894165, val_acc= 86.91%,val_weighted_f1= 86.24,val_macro_f1= 81.36%
INFO - 09/13/26 23:58:10 - 0:05:08 - Epoch 121: train_loss=0.3965538740158081, train_acc= 87.59%
INFO - 09/13/26 23:58:10 - 0:05:08 - Epoch 122: train_loss=0.3929656445980072, train_acc= 87.55%
INFO - 09/13/26 23:58:10 - 0:05:09 - Epoch 123: train_loss=0.38804692029953003, train_acc= 87.74%
INFO - 09/13/26 23:58:11 - 0:05:09 - Epoch 124: train_loss=0.38520482182502747, train_acc= 87.91%
INFO - 09/13/26 23:58:11 - 0:05:09 - Epoch 125: train_loss=0.37600353360176086, train_acc= 88.32%
INFO - 09/13/26 23:58:11 - 0:05:09 - Epoch 125: val_loss=0.406649112701416, val_acc= 87.09%,val_weighted_f1= 86.44,val_macro_f1= 81.54%
INFO - 09/13/26 23:58:11 - 0:05:09 - Epoch 126: train_loss=0.37972402572631836, train_acc= 87.97%
INFO - 09/13/26 23:58:11 - 0:05:10 - Epoch 127: train_loss=0.3752281069755554, train_acc= 88.61%
INFO - 09/13/26 23:58:12 - 0:05:10 - Epoch 128: train_loss=0.3699413537979126, train_acc= 88.52%
INFO - 09/13/26 23:58:12 - 0:05:10 - Epoch 129: train_loss=0.37028446793556213, train_acc= 88.57%
INFO - 09/13/26 23:58:12 - 0:05:10 - Epoch 130: train_loss=0.3661925494670868, train_acc= 88.66%
INFO - 09/13/26 23:58:12 - 0:05:10 - Epoch 130: val_loss=0.39888209104537964, val_acc= 87.31%,val_weighted_f1= 86.68,val_macro_f1= 82.20%
INFO - 09/13/26 23:58:12 - 0:05:11 - Epoch 131: train_loss=0.3671191334724426, train_acc= 88.58%
INFO - 09/13/26 23:58:13 - 0:05:11 - Epoch 132: train_loss=0.3596879839897156, train_acc= 89.09%
INFO - 09/13/26 23:58:13 - 0:05:11 - Epoch 133: train_loss=0.3589378297328949, train_acc= 88.71%
INFO - 09/13/26 23:58:13 - 0:05:11 - Epoch 134: train_loss=0.3528246283531189, train_acc= 88.97%
INFO - 09/13/26 23:58:13 - 0:05:12 - Epoch 135: train_loss=0.3510359823703766, train_acc= 89.29%
INFO - 09/13/26 23:58:14 - 0:05:12 - Epoch 135: val_loss=0.39493489265441895, val_acc= 87.53%,val_weighted_f1= 86.90,val_macro_f1= 82.53%
INFO - 09/13/26 23:58:14 - 0:05:12 - Epoch 136: train_loss=0.3495672643184662, train_acc= 89.23%
INFO - 09/13/26 23:58:14 - 0:05:12 - Epoch 137: train_loss=0.3454993963241577, train_acc= 89.26%
INFO - 09/13/26 23:58:14 - 0:05:12 - Epoch 138: train_loss=0.3441961109638214, train_acc= 89.55%
INFO - 09/13/26 23:58:14 - 0:05:12 - Epoch 139: train_loss=0.34205833077430725, train_acc= 89.34%
INFO - 09/13/26 23:58:15 - 0:05:13 - Epoch 140: train_loss=0.3396306037902832, train_acc= 89.28%
INFO - 09/13/26 23:58:15 - 0:05:13 - Epoch 140: val_loss=0.3877943754196167, val_acc= 87.67%,val_weighted_f1= 87.08,val_macro_f1= 82.95%
INFO - 09/13/26 23:58:15 - 0:05:13 - Epoch 141: train_loss=0.33925262093544006, train_acc= 89.64%
INFO - 09/13/26 23:58:15 - 0:05:13 - Epoch 142: train_loss=0.3352004289627075, train_acc= 89.52%
INFO - 09/13/26 23:58:15 - 0:05:13 - Epoch 143: train_loss=0.3341201841831207, train_acc= 89.80%
INFO - 09/13/26 23:58:16 - 0:05:14 - Epoch 144: train_loss=0.3313273787498474, train_acc= 90.06%
INFO - 09/13/26 23:58:16 - 0:05:14 - Epoch 145: train_loss=0.3303169012069702, train_acc= 89.80%
INFO - 09/13/26 23:58:16 - 0:05:14 - Epoch 145: val_loss=0.37971585988998413, val_acc= 88.00%,val_weighted_f1= 87.48,val_macro_f1= 83.80%
INFO - 09/13/26 23:58:16 - 0:05:14 - Epoch 146: train_loss=0.32513701915740967, train_acc= 90.12%
INFO - 09/13/26 23:58:16 - 0:05:14 - Epoch 147: train_loss=0.3262783885002136, train_acc= 89.95%
INFO - 09/13/26 23:58:17 - 0:05:15 - Epoch 148: train_loss=0.32168105244636536, train_acc= 90.05%
INFO - 09/13/26 23:58:17 - 0:05:15 - Epoch 149: train_loss=0.3221205770969391, train_acc= 90.21%
INFO - 09/13/26 23:58:17 - 0:05:15 - Epoch 150: train_loss=0.32208365201950073, train_acc= 89.93%
INFO - 09/13/26 23:58:17 - 0:05:15 - Epoch 150: val_loss=0.37291771173477173, val_acc= 88.36%,val_weighted_f1= 87.94,val_macro_f1= 84.69%
INFO - 09/13/26 23:58:17 - 0:05:15 - Epoch 151: train_loss=0.31444302201271057, train_acc= 90.52%
INFO - 09/13/26 23:58:18 - 0:05:16 - Epoch 152: train_loss=0.3150502145290375, train_acc= 90.35%
INFO - 09/13/26 23:58:18 - 0:05:16 - Epoch 153: train_loss=0.3149990737438202, train_acc= 90.39%
INFO - 09/13/26 23:58:18 - 0:05:16 - Epoch 154: train_loss=0.3131827712059021, train_acc= 90.18%
INFO - 09/13/26 23:58:18 - 0:05:16 - Epoch 155: train_loss=0.30977368354797363, train_acc= 90.39%
INFO - 09/13/26 23:58:18 - 0:05:17 - Epoch 155: val_loss=0.36711108684539795, val_acc= 88.51%,val_weighted_f1= 88.04,val_macro_f1= 84.64%
INFO - 09/13/26 23:58:19 - 0:05:17 - Epoch 156: train_loss=0.3050491213798523, train_acc= 90.45%
INFO - 09/13/26 23:58:19 - 0:05:17 - Epoch 157: train_loss=0.30551913380622864, train_acc= 90.57%
INFO - 09/13/26 23:58:19 - 0:05:17 - Epoch 158: train_loss=0.30126461386680603, train_acc= 90.61%
INFO - 09/13/26 23:58:19 - 0:05:17 - Epoch 159: train_loss=0.30074381828308105, train_acc= 90.79%
INFO - 09/13/26 23:58:19 - 0:05:18 - Epoch 160: train_loss=0.30050110816955566, train_acc= 90.37%
INFO - 09/13/26 23:58:20 - 0:05:18 - Epoch 160: val_loss=0.3620518147945404, val_acc= 88.84%,val_weighted_f1= 88.48,val_macro_f1= 85.58%
INFO - 09/13/26 23:58:20 - 0:05:18 - Epoch 161: train_loss=0.2994634807109833, train_acc= 90.83%
INFO - 09/13/26 23:58:20 - 0:05:18 - Epoch 162: train_loss=0.2972486615180969, train_acc= 90.79%
INFO - 09/13/26 23:58:20 - 0:05:18 - Epoch 163: train_loss=0.29322853684425354, train_acc= 90.95%
INFO - 09/13/26 23:58:20 - 0:05:19 - Epoch 164: train_loss=0.29475852847099304, train_acc= 90.80%
INFO - 09/13/26 23:58:21 - 0:05:19 - Epoch 165: train_loss=0.28979840874671936, train_acc= 91.37%
INFO - 09/13/26 23:58:21 - 0:05:19 - Epoch 165: val_loss=0.35973674058914185, val_acc= 88.91%,val_weighted_f1= 88.49,val_macro_f1= 85.40%
INFO - 09/13/26 23:58:21 - 0:05:19 - Epoch 166: train_loss=0.2899007201194763, train_acc= 91.00%
INFO - 09/13/26 23:58:21 - 0:05:19 - Epoch 167: train_loss=0.28806814551353455, train_acc= 91.06%
INFO - 09/13/26 23:58:21 - 0:05:20 - Epoch 168: train_loss=0.2859804928302765, train_acc= 91.08%
INFO - 09/13/26 23:58:22 - 0:05:20 - Epoch 169: train_loss=0.28435075283050537, train_acc= 91.15%
INFO - 09/13/26 23:58:22 - 0:05:20 - Epoch 170: train_loss=0.28281164169311523, train_acc= 91.48%
INFO - 09/13/26 23:58:22 - 0:05:20 - Epoch 170: val_loss=0.35606300830841064, val_acc= 89.02%,val_weighted_f1= 88.62,val_macro_f1= 85.68%
INFO - 09/13/26 23:58:22 - 0:05:20 - Epoch 171: train_loss=0.28169336915016174, train_acc= 91.31%
INFO - 09/13/26 23:58:22 - 0:05:21 - Epoch 172: train_loss=0.2855076491832733, train_acc= 90.80%
INFO - 09/13/26 23:58:23 - 0:05:21 - Epoch 173: train_loss=0.28036150336265564, train_acc= 91.37%
INFO - 09/13/26 23:58:23 - 0:05:21 - Epoch 174: train_loss=0.27821820974349976, train_acc= 91.08%
INFO - 09/13/26 23:58:23 - 0:05:21 - Epoch 175: train_loss=0.27849316596984863, train_acc= 91.24%
INFO - 09/13/26 23:58:23 - 0:05:21 - Epoch 175: val_loss=0.3503481447696686, val_acc= 89.24%,val_weighted_f1= 88.96,val_macro_f1= 86.35%
INFO - 09/13/26 23:58:24 - 0:05:22 - Epoch 176: train_loss=0.2734614312648773, train_acc= 91.60%
INFO - 09/13/26 23:58:24 - 0:05:22 - Epoch 177: train_loss=0.2727038264274597, train_acc= 91.72%
INFO - 09/13/26 23:58:24 - 0:05:22 - Epoch 178: train_loss=0.27548202872276306, train_acc= 91.52%
INFO - 09/13/26 23:58:24 - 0:05:22 - Epoch 179: train_loss=0.2715091109275818, train_acc= 91.42%
INFO - 09/13/26 23:58:24 - 0:05:22 - Epoch 180: train_loss=0.27316462993621826, train_acc= 91.80%
INFO - 09/13/26 23:58:24 - 0:05:23 - Epoch 180: val_loss=0.3449867367744446, val_acc= 89.56%,val_weighted_f1= 89.40,val_macro_f1= 87.42%
INFO - 09/13/26 23:58:25 - 0:05:23 - Epoch 181: train_loss=0.26715219020843506, train_acc= 91.83%
INFO - 09/13/26 23:58:25 - 0:05:23 - Epoch 182: train_loss=0.27058231830596924, train_acc= 91.70%
INFO - 09/13/26 23:58:25 - 0:05:23 - Epoch 183: train_loss=0.26782506704330444, train_acc= 91.84%
INFO - 09/13/26 23:58:25 - 0:05:23 - Epoch 184: train_loss=0.26425614953041077, train_acc= 91.83%
INFO - 09/13/26 23:58:26 - 0:05:24 - Epoch 185: train_loss=0.2629294991493225, train_acc= 92.09%
INFO - 09/13/26 23:58:26 - 0:05:24 - Epoch 185: val_loss=0.341616690158844, val_acc= 89.75%,val_weighted_f1= 89.56,val_macro_f1= 87.54%
INFO - 09/13/26 23:58:26 - 0:05:24 - Epoch 186: train_loss=0.26031702756881714, train_acc= 91.86%
INFO - 09/13/26 23:58:26 - 0:05:24 - Epoch 187: train_loss=0.25997668504714966, train_acc= 92.01%
INFO - 09/13/26 23:58:26 - 0:05:24 - Epoch 188: train_loss=0.25689712166786194, train_acc= 92.35%
INFO - 09/13/26 23:58:27 - 0:05:25 - Epoch 189: train_loss=0.25853198766708374, train_acc= 92.21%
INFO - 09/13/26 23:58:27 - 0:05:25 - Epoch 190: train_loss=0.2556958496570587, train_acc= 92.29%
INFO - 09/13/26 23:58:27 - 0:05:25 - Epoch 190: val_loss=0.3395514190196991, val_acc= 89.67%,val_weighted_f1= 89.51,val_macro_f1= 87.48%
EarlyStopping counter: 1 out of 15
INFO - 09/13/26 23:58:27 - 0:05:25 - Epoch 191: train_loss=0.2573115825653076, train_acc= 92.29%
INFO - 09/13/26 23:58:27 - 0:05:25 - Epoch 192: train_loss=0.2529980540275574, train_acc= 92.17%
INFO - 09/13/26 23:58:28 - 0:05:26 - Epoch 193: train_loss=0.25269973278045654, train_acc= 92.23%
INFO - 09/13/26 23:58:28 - 0:05:26 - Epoch 194: train_loss=0.2517513632774353, train_acc= 92.40%
INFO - 09/13/26 23:58:28 - 0:05:26 - Epoch 195: train_loss=0.24916060268878937, train_acc= 92.06%
INFO - 09/13/26 23:58:28 - 0:05:26 - Epoch 195: val_loss=0.3380454182624817, val_acc= 89.67%,val_weighted_f1= 89.52,val_macro_f1= 87.57%
EarlyStopping counter: 2 out of 15
INFO - 09/13/26 23:58:28 - 0:05:26 - Epoch 196: train_loss=0.2543778121471405, train_acc= 92.03%
INFO - 09/13/26 23:58:29 - 0:05:27 - Epoch 197: train_loss=0.2507975399494171, train_acc= 92.04%
INFO - 09/13/26 23:58:29 - 0:05:27 - Epoch 198: train_loss=0.2489044964313507, train_acc= 92.21%
INFO - 09/13/26 23:58:29 - 0:05:27 - Epoch 199: train_loss=0.2470102608203888, train_acc= 92.60%
INFO - 09/13/26 23:58:29 - 0:05:27 - Epoch 200: train_loss=0.24556513130664825, train_acc= 92.46%
INFO - 09/13/26 23:58:29 - 0:05:27 - Epoch 200: val_loss=0.33548852801322937, val_acc= 89.93%,val_weighted_f1= 89.77,val_macro_f1= 87.87%
INFO - 09/13/26 23:58:30 - 0:05:28 - Epoch 201: train_loss=0.24473214149475098, train_acc= 92.56%
INFO - 09/13/26 23:58:30 - 0:05:28 - Epoch 202: train_loss=0.24357491731643677, train_acc= 92.52%
INFO - 09/13/26 23:58:30 - 0:05:28 - Epoch 203: train_loss=0.24579118192195892, train_acc= 92.47%
INFO - 09/13/26 23:58:30 - 0:05:28 - Epoch 204: train_loss=0.2402002513408661, train_acc= 92.79%
INFO - 09/13/26 23:58:30 - 0:05:29 - Epoch 205: train_loss=0.2405560314655304, train_acc= 92.73%
INFO - 09/13/26 23:58:31 - 0:05:29 - Epoch 205: val_loss=0.3332640826702118, val_acc= 90.00%,val_weighted_f1= 89.85,val_macro_f1= 87.97%
INFO - 09/13/26 23:58:31 - 0:05:29 - Epoch 206: train_loss=0.24093081057071686, train_acc= 92.73%
INFO - 09/13/26 23:58:31 - 0:05:29 - Epoch 207: train_loss=0.23638787865638733, train_acc= 92.95%
INFO - 09/13/26 23:58:31 - 0:05:29 - Epoch 208: train_loss=0.23828865587711334, train_acc= 92.64%
INFO - 09/13/26 23:58:31 - 0:05:30 - Epoch 209: train_loss=0.236175999045372, train_acc= 92.79%
INFO - 09/13/26 23:58:32 - 0:05:30 - Epoch 210: train_loss=0.23699820041656494, train_acc= 92.97%
INFO - 09/13/26 23:58:32 - 0:05:30 - Epoch 210: val_loss=0.33757340908050537, val_acc= 90.04%,val_weighted_f1= 89.87,val_macro_f1= 88.07%
INFO - 09/13/26 23:58:32 - 0:05:30 - Epoch 211: train_loss=0.23659220337867737, train_acc= 92.83%
INFO - 09/13/26 23:58:32 - 0:05:30 - Epoch 212: train_loss=0.23266981542110443, train_acc= 92.89%
INFO - 09/13/26 23:58:32 - 0:05:31 - Epoch 213: train_loss=0.2338724285364151, train_acc= 92.86%
INFO - 09/13/26 23:58:33 - 0:05:31 - Epoch 214: train_loss=0.23005583882331848, train_acc= 92.87%
INFO - 09/13/26 23:58:33 - 0:05:31 - Epoch 215: train_loss=0.2338777631521225, train_acc= 92.73%
INFO - 09/13/26 23:58:33 - 0:05:31 - Epoch 215: val_loss=0.3400270342826843, val_acc= 89.82%,val_weighted_f1= 89.53,val_macro_f1= 87.18%
EarlyStopping counter: 1 out of 15
INFO - 09/13/26 23:58:33 - 0:05:31 - Epoch 216: train_loss=0.2328788936138153, train_acc= 92.52%
INFO - 09/13/26 23:58:33 - 0:05:32 - Epoch 217: train_loss=0.2282339185476303, train_acc= 93.00%
INFO - 09/13/26 23:58:34 - 0:05:32 - Epoch 218: train_loss=0.2270604819059372, train_acc= 93.03%
INFO - 09/13/26 23:58:34 - 0:05:32 - Epoch 219: train_loss=0.22822155058383942, train_acc= 93.07%
INFO - 09/13/26 23:58:34 - 0:05:32 - Epoch 220: train_loss=0.22421889007091522, train_acc= 93.09%
INFO - 09/13/26 23:58:34 - 0:05:32 - Epoch 220: val_loss=0.33329254388809204, val_acc= 89.93%,val_weighted_f1= 89.62,val_macro_f1= 87.18%
EarlyStopping counter: 2 out of 15
INFO - 09/13/26 23:58:34 - 0:05:33 - Epoch 221: train_loss=0.22547535598278046, train_acc= 93.14%
INFO - 09/13/26 23:58:35 - 0:05:33 - Epoch 222: train_loss=0.2277504801750183, train_acc= 92.95%
INFO - 09/13/26 23:58:35 - 0:05:33 - Epoch 223: train_loss=0.22290508449077606, train_acc= 92.96%
INFO - 09/13/26 23:58:35 - 0:05:33 - Epoch 224: train_loss=0.22675809264183044, train_acc= 93.00%
INFO - 09/13/26 23:58:35 - 0:05:33 - Epoch 225: train_loss=0.2228926569223404, train_acc= 93.29%
INFO - 09/13/26 23:58:35 - 0:05:33 - Epoch 225: val_loss=0.3269593417644501, val_acc= 90.29%,val_weighted_f1= 90.06,val_macro_f1= 87.98%
INFO - 09/13/26 23:58:36 - 0:05:34 - Epoch 226: train_loss=0.21980680525302887, train_acc= 93.37%
INFO - 09/13/26 23:58:36 - 0:05:34 - Epoch 227: train_loss=0.2192145735025406, train_acc= 93.47%
INFO - 09/13/26 23:58:36 - 0:05:34 - Epoch 228: train_loss=0.22195427119731903, train_acc= 93.27%
INFO - 09/13/26 23:58:36 - 0:05:34 - Epoch 229: train_loss=0.21828722953796387, train_acc= 93.33%
INFO - 09/13/26 23:58:37 - 0:05:35 - Epoch 230: train_loss=0.2137659639120102, train_acc= 93.60%
INFO - 09/13/26 23:58:37 - 0:05:35 - Epoch 230: val_loss=0.3264264166355133, val_acc= 90.40%,val_weighted_f1= 90.23,val_macro_f1= 88.51%
INFO - 09/13/26 23:58:37 - 0:05:35 - Epoch 231: train_loss=0.21695370972156525, train_acc= 93.29%
INFO - 09/13/26 23:58:37 - 0:05:35 - Epoch 232: train_loss=0.2155914008617401, train_acc= 93.46%
INFO - 09/13/26 23:58:37 - 0:05:35 - Epoch 233: train_loss=0.2168128788471222, train_acc= 93.52%
INFO - 09/13/26 23:58:38 - 0:05:36 - Epoch 234: train_loss=0.21306753158569336, train_acc= 93.53%
INFO - 09/13/26 23:58:38 - 0:05:36 - Epoch 235: train_loss=0.2156621664762497, train_acc= 93.52%
INFO - 09/13/26 23:58:38 - 0:05:36 - Epoch 235: val_loss=0.3299693763256073, val_acc= 90.18%,val_weighted_f1= 90.04,val_macro_f1= 88.44%
EarlyStopping counter: 1 out of 15
INFO - 09/13/26 23:58:38 - 0:05:36 - Epoch 236: train_loss=0.21525435149669647, train_acc= 93.43%
INFO - 09/13/26 23:58:38 - 0:05:36 - Epoch 237: train_loss=0.20925147831439972, train_acc= 93.67%
INFO - 09/13/26 23:58:38 - 0:05:37 - Epoch 238: train_loss=0.21346239745616913, train_acc= 93.26%
INFO - 09/13/26 23:58:39 - 0:05:37 - Epoch 239: train_loss=0.2113153487443924, train_acc= 93.55%
INFO - 09/13/26 23:58:39 - 0:05:37 - Epoch 240: train_loss=0.21101029217243195, train_acc= 93.60%
INFO - 09/13/26 23:58:39 - 0:05:37 - Epoch 240: val_loss=0.32971587777137756, val_acc= 90.07%,val_weighted_f1= 89.97,val_macro_f1= 88.42%
EarlyStopping counter: 2 out of 15
INFO - 09/13/26 23:58:39 - 0:05:37 - Epoch 241: train_loss=0.21046090126037598, train_acc= 93.49%
INFO - 09/13/26 23:58:39 - 0:05:38 - Epoch 242: train_loss=0.20716334879398346, train_acc= 93.90%
INFO - 09/13/26 23:58:40 - 0:05:38 - Epoch 243: train_loss=0.20742464065551758, train_acc= 93.63%
INFO - 09/13/26 23:58:40 - 0:05:38 - Epoch 244: train_loss=0.2074502557516098, train_acc= 93.95%
INFO - 09/13/26 23:58:40 - 0:05:38 - Epoch 245: train_loss=0.2051515281200409, train_acc= 93.67%
INFO - 09/13/26 23:58:40 - 0:05:38 - Epoch 245: val_loss=0.32369500398635864, val_acc= 90.04%,val_weighted_f1= 89.99,val_macro_f1= 88.53%
EarlyStopping counter: 3 out of 15
INFO - 09/13/26 23:58:40 - 0:05:39 - Epoch 246: train_loss=0.20725791156291962, train_acc= 93.75%
INFO - 09/13/26 23:58:41 - 0:05:39 - Epoch 247: train_loss=0.20313160121440887, train_acc= 93.81%
INFO - 09/13/26 23:58:41 - 0:05:39 - Epoch 248: train_loss=0.20080681145191193, train_acc= 93.90%
INFO - 09/13/26 23:58:41 - 0:05:39 - Epoch 249: train_loss=0.20287062227725983, train_acc= 93.80%
INFO - 09/13/26 23:58:41 - 0:05:39 - Epoch 250: train_loss=0.19965492188930511, train_acc= 93.78%
INFO - 09/13/26 23:58:41 - 0:05:40 - Epoch 250: val_loss=0.324177086353302, val_acc= 90.22%,val_weighted_f1= 90.09,val_macro_f1= 88.42%
EarlyStopping counter: 4 out of 15
INFO - 09/13/26 23:58:42 - 0:05:40 - Epoch 251: train_loss=0.20233571529388428, train_acc= 93.93%
INFO - 09/13/26 23:58:42 - 0:05:40 - Epoch 252: train_loss=0.20113696157932281, train_acc= 94.11%
INFO - 09/13/26 23:58:42 - 0:05:40 - Epoch 253: train_loss=0.1982087790966034, train_acc= 94.07%
INFO - 09/13/26 23:58:42 - 0:05:40 - Epoch 254: train_loss=0.20001612603664398, train_acc= 93.98%
INFO - 09/13/26 23:58:43 - 0:05:41 - Epoch 255: train_loss=0.1988150030374527, train_acc= 93.92%
INFO - 09/13/26 23:58:43 - 0:05:41 - Epoch 255: val_loss=0.3279692828655243, val_acc= 90.25%,val_weighted_f1= 90.09,val_macro_f1= 88.39%
EarlyStopping counter: 5 out of 15
INFO - 09/13/26 23:58:43 - 0:05:41 - Epoch 256: train_loss=0.19963786005973816, train_acc= 94.03%
INFO - 09/13/26 23:58:43 - 0:05:41 - Epoch 257: train_loss=0.19705833494663239, train_acc= 94.11%
INFO - 09/13/26 23:58:43 - 0:05:41 - Epoch 258: train_loss=0.1939828246831894, train_acc= 94.20%
INFO - 09/13/26 23:58:44 - 0:05:42 - Epoch 259: train_loss=0.1953272521495819, train_acc= 93.89%
INFO - 09/13/26 23:58:44 - 0:05:42 - Epoch 260: train_loss=0.19443930685520172, train_acc= 94.11%
INFO - 09/13/26 23:58:44 - 0:05:42 - Epoch 260: val_loss=0.33162397146224976, val_acc= 90.29%,val_weighted_f1= 90.05,val_macro_f1= 87.94%
EarlyStopping counter: 6 out of 15
INFO - 09/13/26 23:58:44 - 0:05:42 - Epoch 261: train_loss=0.19797803461551666, train_acc= 93.99%
INFO - 09/13/26 23:58:44 - 0:05:42 - Epoch 262: train_loss=0.19158954918384552, train_acc= 94.16%
INFO - 09/13/26 23:58:44 - 0:05:43 - Epoch 263: train_loss=0.19567102193832397, train_acc= 93.89%
INFO - 09/13/26 23:58:45 - 0:05:43 - Epoch 264: train_loss=0.19196881353855133, train_acc= 94.07%
INFO - 09/13/26 23:58:45 - 0:05:43 - Epoch 265: train_loss=0.1932905912399292, train_acc= 94.09%
INFO - 09/13/26 23:58:45 - 0:05:43 - Epoch 265: val_loss=0.32516032457351685, val_acc= 90.29%,val_weighted_f1= 90.10,val_macro_f1= 88.23%
EarlyStopping counter: 7 out of 15
INFO - 09/13/26 23:58:45 - 0:05:43 - Epoch 266: train_loss=0.18926593661308289, train_acc= 94.28%
INFO - 09/13/26 23:58:45 - 0:05:44 - Epoch 267: train_loss=0.1903267502784729, train_acc= 94.38%
INFO - 09/13/26 23:58:46 - 0:05:44 - Epoch 268: train_loss=0.18744570016860962, train_acc= 94.18%
INFO - 09/13/26 23:58:46 - 0:05:44 - Epoch 269: train_loss=0.19007395207881927, train_acc= 94.33%
INFO - 09/13/26 23:58:46 - 0:05:44 - Epoch 270: train_loss=0.18758779764175415, train_acc= 94.30%
INFO - 09/13/26 23:58:46 - 0:05:44 - Epoch 270: val_loss=0.3214656114578247, val_acc= 90.29%,val_weighted_f1= 90.19,val_macro_f1= 88.55%
EarlyStopping counter: 8 out of 15
INFO - 09/13/26 23:58:46 - 0:05:45 - Epoch 271: train_loss=0.18832814693450928, train_acc= 94.13%
INFO - 09/13/26 23:58:47 - 0:05:45 - Epoch 272: train_loss=0.19066183269023895, train_acc= 94.17%
INFO - 09/13/26 23:58:47 - 0:05:45 - Epoch 273: train_loss=0.1884145885705948, train_acc= 94.28%
INFO - 09/13/26 23:58:47 - 0:05:45 - Epoch 274: train_loss=0.18701039254665375, train_acc= 94.30%
INFO - 09/13/26 23:58:47 - 0:05:45 - Epoch 275: train_loss=0.18293990194797516, train_acc= 94.79%
INFO - 09/13/26 23:58:47 - 0:05:46 - Epoch 275: val_loss=0.32363736629486084, val_acc= 90.25%,val_weighted_f1= 90.11,val_macro_f1= 88.30%
EarlyStopping counter: 9 out of 15
INFO - 09/13/26 23:58:48 - 0:05:46 - Epoch 276: train_loss=0.1879250705242157, train_acc= 94.30%
INFO - 09/13/26 23:58:48 - 0:05:46 - Epoch 277: train_loss=0.18475209176540375, train_acc= 94.40%
INFO - 09/13/26 23:58:48 - 0:05:46 - Epoch 278: train_loss=0.1857706606388092, train_acc= 94.35%
INFO - 09/13/26 23:58:48 - 0:05:46 - Epoch 279: train_loss=0.1855146884918213, train_acc= 94.20%
INFO - 09/13/26 23:58:48 - 0:05:47 - Epoch 280: train_loss=0.1811186969280243, train_acc= 94.68%
INFO - 09/13/26 23:58:49 - 0:05:47 - Epoch 280: val_loss=0.3255283236503601, val_acc= 90.22%,val_weighted_f1= 90.11,val_macro_f1= 88.47%
EarlyStopping counter: 10 out of 15
INFO - 09/13/26 23:58:49 - 0:05:47 - Epoch 281: train_loss=0.1841391772031784, train_acc= 94.38%
INFO - 09/13/26 23:58:49 - 0:05:47 - Epoch 282: train_loss=0.18328025937080383, train_acc= 94.27%
INFO - 09/13/26 23:58:49 - 0:05:47 - Epoch 283: train_loss=0.18172337114810944, train_acc= 94.46%
INFO - 09/13/26 23:58:49 - 0:05:48 - Epoch 284: train_loss=0.18088123202323914, train_acc= 94.38%
INFO - 09/13/26 23:58:50 - 0:05:48 - Epoch 285: train_loss=0.18107613921165466, train_acc= 94.50%
INFO - 09/13/26 23:58:50 - 0:05:48 - Epoch 285: val_loss=0.32751238346099854, val_acc= 90.29%,val_weighted_f1= 90.18,val_macro_f1= 88.59%
EarlyStopping counter: 11 out of 15
INFO - 09/13/26 23:58:50 - 0:05:48 - Epoch 286: train_loss=0.18261171877384186, train_acc= 94.34%
INFO - 09/13/26 23:58:50 - 0:05:48 - Epoch 287: train_loss=0.1795976459980011, train_acc= 94.53%
INFO - 09/13/26 23:58:50 - 0:05:49 - Epoch 288: train_loss=0.17932945489883423, train_acc= 94.78%
INFO - 09/13/26 23:58:51 - 0:05:49 - Epoch 289: train_loss=0.17753542959690094, train_acc= 94.67%
INFO - 09/13/26 23:58:51 - 0:05:49 - Epoch 290: train_loss=0.17802107334136963, train_acc= 94.64%
INFO - 09/13/26 23:58:51 - 0:05:49 - Epoch 290: val_loss=0.33141085505485535, val_acc= 90.40%,val_weighted_f1= 90.23,val_macro_f1= 88.47%
INFO - 09/13/26 23:58:51 - 0:05:49 - Epoch 291: train_loss=0.1769639104604721, train_acc= 94.44%
INFO - 09/13/26 23:58:51 - 0:05:50 - Epoch 292: train_loss=0.17753253877162933, train_acc= 94.64%
INFO - 09/13/26 23:58:52 - 0:05:50 - Epoch 293: train_loss=0.1742498129606247, train_acc= 94.84%
INFO - 09/13/26 23:58:52 - 0:05:50 - Epoch 294: train_loss=0.17364919185638428, train_acc= 94.81%
INFO - 09/13/26 23:58:52 - 0:05:50 - Epoch 295: train_loss=0.17284730076789856, train_acc= 94.79%
INFO - 09/13/26 23:58:52 - 0:05:50 - Epoch 295: val_loss=0.3228280544281006, val_acc= 90.36%,val_weighted_f1= 90.26,val_macro_f1= 88.57%
EarlyStopping counter: 1 out of 15
INFO - 09/13/26 23:58:52 - 0:05:51 - Epoch 296: train_loss=0.1735692322254181, train_acc= 94.66%
INFO - 09/13/26 23:58:53 - 0:05:51 - Epoch 297: train_loss=0.1714402437210083, train_acc= 94.75%
INFO - 09/13/26 23:58:53 - 0:05:51 - Epoch 298: train_loss=0.17364726960659027, train_acc= 94.80%
INFO - 09/13/26 23:58:53 - 0:05:51 - Epoch 299: train_loss=0.17245617508888245, train_acc= 94.83%
INFO - 09/13/26 23:58:53 - 0:05:51 - Epoch 300: train_loss=0.1730247288942337, train_acc= 94.85%
INFO - 09/13/26 23:58:53 - 0:05:52 - Epoch 300: val_loss=0.3226563036441803, val_acc= 90.25%,val_weighted_f1= 90.19,val_macro_f1= 88.74%
EarlyStopping counter: 2 out of 15
INFO - 09/13/26 23:58:54 - 0:05:52 - Epoch 301: train_loss=0.17235979437828064, train_acc= 94.70%
INFO - 09/13/26 23:58:54 - 0:05:52 - Epoch 302: train_loss=0.1673535406589508, train_acc= 94.90%
INFO - 09/13/26 23:58:54 - 0:05:52 - Epoch 303: train_loss=0.16927097737789154, train_acc= 95.10%
INFO - 09/13/26 23:58:54 - 0:05:52 - Epoch 304: train_loss=0.16897451877593994, train_acc= 94.64%
INFO - 09/13/26 23:58:54 - 0:05:53 - Epoch 305: train_loss=0.16810937225818634, train_acc= 94.62%
INFO - 09/13/26 23:58:55 - 0:05:53 - Epoch 305: val_loss=0.33057835698127747, val_acc= 90.36%,val_weighted_f1= 90.19,val_macro_f1= 88.35%
EarlyStopping counter: 3 out of 15
INFO - 09/13/26 23:58:55 - 0:05:53 - Epoch 306: train_loss=0.16794231534004211, train_acc= 95.07%
INFO - 09/13/26 23:58:55 - 0:05:53 - Epoch 307: train_loss=0.1671351194381714, train_acc= 95.25%
INFO - 09/13/26 23:58:55 - 0:05:53 - Epoch 308: train_loss=0.1689092516899109, train_acc= 94.69%
INFO - 09/13/26 23:58:55 - 0:05:54 - Epoch 309: train_loss=0.1631459891796112, train_acc= 95.07%
INFO - 09/13/26 23:58:56 - 0:05:54 - Epoch 310: train_loss=0.16511817276477814, train_acc= 95.09%
INFO - 09/13/26 23:58:56 - 0:05:54 - Epoch 310: val_loss=0.3313220143318176, val_acc= 90.44%,val_weighted_f1= 90.30,val_macro_f1= 88.66%
INFO - 09/13/26 23:58:56 - 0:05:54 - Epoch 311: train_loss=0.16335435211658478, train_acc= 95.08%
INFO - 09/13/26 23:58:56 - 0:05:54 - Epoch 312: train_loss=0.1627843976020813, train_acc= 95.09%
INFO - 09/13/26 23:58:56 - 0:05:55 - Epoch 313: train_loss=0.16573427617549896, train_acc= 95.15%
INFO - 09/13/26 23:58:57 - 0:05:55 - Epoch 314: train_loss=0.1652134358882904, train_acc= 94.90%
INFO - 09/13/26 23:58:57 - 0:05:55 - Epoch 315: train_loss=0.1653214991092682, train_acc= 95.12%
INFO - 09/13/26 23:58:57 - 0:05:55 - Epoch 315: val_loss=0.32454368472099304, val_acc= 90.47%,val_weighted_f1= 90.41,val_macro_f1= 88.91%
INFO - 09/13/26 23:58:57 - 0:05:55 - Epoch 316: train_loss=0.16335429251194, train_acc= 95.03%
INFO - 09/13/26 23:58:57 - 0:05:56 - Epoch 317: train_loss=0.15889514982700348, train_acc= 95.37%
INFO - 09/13/26 23:58:58 - 0:05:56 - Epoch 318: train_loss=0.1599576324224472, train_acc= 95.06%
INFO - 09/13/26 23:58:58 - 0:05:56 - Epoch 319: train_loss=0.15910910069942474, train_acc= 95.41%
INFO - 09/13/26 23:58:58 - 0:05:56 - Epoch 320: train_loss=0.15944485366344452, train_acc= 95.13%
INFO - 09/13/26 23:58:58 - 0:05:56 - Epoch 320: val_loss=0.32741567492485046, val_acc= 90.47%,val_weighted_f1= 90.40,val_macro_f1= 89.00%
INFO - 09/13/26 23:58:58 - 0:05:57 - Epoch 321: train_loss=0.1623130589723587, train_acc= 95.10%
INFO - 09/13/26 23:58:59 - 0:05:57 - Epoch 322: train_loss=0.15926764905452728, train_acc= 95.19%
INFO - 09/13/26 23:58:59 - 0:05:57 - Epoch 323: train_loss=0.16014094650745392, train_acc= 95.04%
INFO - 09/13/26 23:58:59 - 0:05:57 - Epoch 324: train_loss=0.15709960460662842, train_acc= 95.37%
INFO - 09/13/26 23:58:59 - 0:05:57 - Epoch 325: train_loss=0.15873801708221436, train_acc= 95.27%
INFO - 09/13/26 23:58:59 - 0:05:57 - Epoch 325: val_loss=0.331285297870636, val_acc= 90.33%,val_weighted_f1= 90.23,val_macro_f1= 88.69%
EarlyStopping counter: 1 out of 15
INFO - 09/13/26 23:59:00 - 0:05:58 - Epoch 326: train_loss=0.1568506509065628, train_acc= 95.26%
INFO - 09/13/26 23:59:00 - 0:05:58 - Epoch 327: train_loss=0.159026637673378, train_acc= 95.26%
INFO - 09/13/26 23:59:00 - 0:05:58 - Epoch 328: train_loss=0.15669043362140656, train_acc= 95.40%
INFO - 09/13/26 23:59:00 - 0:05:58 - Epoch 329: train_loss=0.15530258417129517, train_acc= 95.33%
INFO - 09/13/26 23:59:00 - 0:05:59 - Epoch 330: train_loss=0.1527632772922516, train_acc= 95.42%
INFO - 09/13/26 23:59:01 - 0:05:59 - Epoch 330: val_loss=0.3396373987197876, val_acc= 90.36%,val_weighted_f1= 90.23,val_macro_f1= 88.64%
EarlyStopping counter: 2 out of 15
INFO - 09/13/26 23:59:01 - 0:05:59 - Epoch 331: train_loss=0.15230108797550201, train_acc= 95.42%
INFO - 09/13/26 23:59:01 - 0:05:59 - Epoch 332: train_loss=0.15522296726703644, train_acc= 95.25%
INFO - 09/13/26 23:59:01 - 0:05:59 - Epoch 333: train_loss=0.15191461145877838, train_acc= 95.47%
INFO - 09/13/26 23:59:01 - 0:06:00 - Epoch 334: train_loss=0.1555945873260498, train_acc= 95.33%
INFO - 09/13/26 23:59:02 - 0:06:00 - Epoch 335: train_loss=0.1513572484254837, train_acc= 95.36%
INFO - 09/13/26 23:59:02 - 0:06:00 - Epoch 335: val_loss=0.33380326628685, val_acc= 90.51%,val_weighted_f1= 90.38,val_macro_f1= 88.75%
INFO - 09/13/26 23:59:02 - 0:06:00 - Epoch 336: train_loss=0.1506604701280594, train_acc= 95.60%
INFO - 09/13/26 23:59:02 - 0:06:00 - Epoch 337: train_loss=0.1529725342988968, train_acc= 95.42%
INFO - 09/13/26 23:59:02 - 0:06:01 - Epoch 338: train_loss=0.1500910073518753, train_acc= 95.50%
INFO - 09/13/26 23:59:03 - 0:06:01 - Epoch 339: train_loss=0.15066243708133698, train_acc= 95.59%
INFO - 09/13/26 23:59:03 - 0:06:01 - Epoch 340: train_loss=0.148028165102005, train_acc= 95.48%
INFO - 09/13/26 23:59:03 - 0:06:01 - Epoch 340: val_loss=0.34059929847717285, val_acc= 90.25%,val_weighted_f1= 90.10,val_macro_f1= 88.28%
EarlyStopping counter: 1 out of 15
INFO - 09/13/26 23:59:03 - 0:06:01 - Epoch 341: train_loss=0.14799731969833374, train_acc= 95.77%
INFO - 09/13/26 23:59:03 - 0:06:02 - Epoch 342: train_loss=0.14932429790496826, train_acc= 95.69%
INFO - 09/13/26 23:59:04 - 0:06:02 - Epoch 343: train_loss=0.14725926518440247, train_acc= 95.70%
INFO - 09/13/26 23:59:04 - 0:06:02 - Epoch 344: train_loss=0.1472533494234085, train_acc= 95.64%
INFO - 09/13/26 23:59:04 - 0:06:02 - Epoch 345: train_loss=0.14777357876300812, train_acc= 95.59%
INFO - 09/13/26 23:59:04 - 0:06:02 - Epoch 345: val_loss=0.3330501317977905, val_acc= 90.36%,val_weighted_f1= 90.29,val_macro_f1= 88.87%
EarlyStopping counter: 2 out of 15
INFO - 09/13/26 23:59:04 - 0:06:02 - Epoch 346: train_loss=0.14688104391098022, train_acc= 95.81%
INFO - 09/13/26 23:59:05 - 0:06:03 - Epoch 347: train_loss=0.14549796283245087, train_acc= 95.63%
INFO - 09/13/26 23:59:05 - 0:06:03 - Epoch 348: train_loss=0.14601542055606842, train_acc= 95.53%
INFO - 09/13/26 23:59:05 - 0:06:03 - Epoch 349: train_loss=0.1446835845708847, train_acc= 95.60%
INFO - 09/13/26 23:59:05 - 0:06:03 - Epoch 350: train_loss=0.14487363398075104, train_acc= 95.88%
INFO - 09/13/26 23:59:05 - 0:06:03 - Epoch 350: val_loss=0.330788254737854, val_acc= 90.40%,val_weighted_f1= 90.37,val_macro_f1= 89.04%
EarlyStopping counter: 3 out of 15
INFO - 09/13/26 23:59:06 - 0:06:04 - Epoch 351: train_loss=0.14374972879886627, train_acc= 95.73%
INFO - 09/13/26 23:59:06 - 0:06:04 - Epoch 352: train_loss=0.14173518121242523, train_acc= 95.94%
INFO - 09/13/26 23:59:06 - 0:06:04 - Epoch 353: train_loss=0.14631089568138123, train_acc= 95.65%
INFO - 09/13/26 23:59:06 - 0:06:04 - Epoch 354: train_loss=0.14575733244419098, train_acc= 95.73%
INFO - 09/13/26 23:59:06 - 0:06:05 - Epoch 355: train_loss=0.14545437693595886, train_acc= 95.79%
INFO - 09/13/26 23:59:07 - 0:06:05 - Epoch 355: val_loss=0.3357568383216858, val_acc= 90.40%,val_weighted_f1= 90.33,val_macro_f1= 89.01%
EarlyStopping counter: 4 out of 15
INFO - 09/13/26 23:59:07 - 0:06:05 - Epoch 356: train_loss=0.14130271971225739, train_acc= 95.83%
INFO - 09/13/26 23:59:07 - 0:06:05 - Epoch 357: train_loss=0.145120769739151, train_acc= 95.96%
INFO - 09/13/26 23:59:07 - 0:06:05 - Epoch 358: train_loss=0.13967035710811615, train_acc= 95.89%
INFO - 09/13/26 23:59:07 - 0:06:06 - Epoch 359: train_loss=0.1399925947189331, train_acc= 95.96%
INFO - 09/13/26 23:59:08 - 0:06:06 - Epoch 360: train_loss=0.1402623951435089, train_acc= 95.89%
INFO - 09/13/26 23:59:08 - 0:06:06 - Epoch 360: val_loss=0.3445732593536377, val_acc= 90.22%,val_weighted_f1= 90.07,val_macro_f1= 88.30%
EarlyStopping counter: 5 out of 15
INFO - 09/13/26 23:59:08 - 0:06:06 - Epoch 361: train_loss=0.13901370763778687, train_acc= 95.93%
INFO - 09/13/26 23:59:08 - 0:06:06 - Epoch 362: train_loss=0.1397956907749176, train_acc= 96.04%
INFO - 09/13/26 23:59:08 - 0:06:07 - Epoch 363: train_loss=0.14186303317546844, train_acc= 95.70%
INFO - 09/13/26 23:59:09 - 0:06:07 - Epoch 364: train_loss=0.1370367854833603, train_acc= 95.99%
INFO - 09/13/26 23:59:09 - 0:06:07 - Epoch 365: train_loss=0.13949279487133026, train_acc= 95.87%
INFO - 09/13/26 23:59:09 - 0:06:07 - Epoch 365: val_loss=0.34301626682281494, val_acc= 90.33%,val_weighted_f1= 90.21,val_macro_f1= 88.57%
EarlyStopping counter: 6 out of 15
INFO - 09/13/26 23:59:09 - 0:06:07 - Epoch 366: train_loss=0.13414299488067627, train_acc= 96.05%
INFO - 09/13/26 23:59:09 - 0:06:07 - Epoch 367: train_loss=0.1342969536781311, train_acc= 95.95%
INFO - 09/13/26 23:59:10 - 0:06:08 - Epoch 368: train_loss=0.1371736079454422, train_acc= 95.82%
INFO - 09/13/26 23:59:10 - 0:06:08 - Epoch 369: train_loss=0.136935293674469, train_acc= 95.94%
INFO - 09/13/26 23:59:10 - 0:06:08 - Epoch 370: train_loss=0.1353389173746109, train_acc= 96.04%
INFO - 09/13/26 23:59:10 - 0:06:08 - Epoch 370: val_loss=0.3384174108505249, val_acc= 90.36%,val_weighted_f1= 90.33,val_macro_f1= 89.03%
EarlyStopping counter: 7 out of 15
INFO - 09/13/26 23:59:10 - 0:06:08 - Epoch 371: train_loss=0.13349606096744537, train_acc= 96.16%
INFO - 09/13/26 23:59:11 - 0:06:09 - Epoch 372: train_loss=0.13459357619285583, train_acc= 95.86%
INFO - 09/13/26 23:59:11 - 0:06:09 - Epoch 373: train_loss=0.13551637530326843, train_acc= 96.00%
INFO - 09/13/26 23:59:11 - 0:06:09 - Epoch 374: train_loss=0.13939569890499115, train_acc= 95.71%
INFO - 09/13/26 23:59:11 - 0:06:09 - Epoch 375: train_loss=0.13669481873512268, train_acc= 95.96%
INFO - 09/13/26 23:59:11 - 0:06:09 - Epoch 375: val_loss=0.3381146192550659, val_acc= 90.44%,val_weighted_f1= 90.41,val_macro_f1= 89.08%
EarlyStopping counter: 8 out of 15
INFO - 09/13/26 23:59:12 - 0:06:10 - Epoch 376: train_loss=0.1364721655845642, train_acc= 95.96%
INFO - 09/13/26 23:59:12 - 0:06:10 - Epoch 377: train_loss=0.12945173680782318, train_acc= 96.30%
INFO - 09/13/26 23:59:12 - 0:06:10 - Epoch 378: train_loss=0.13602453470230103, train_acc= 95.93%
INFO - 09/13/26 23:59:12 - 0:06:10 - Epoch 379: train_loss=0.1319432258605957, train_acc= 96.17%
INFO - 09/13/26 23:59:12 - 0:06:11 - Epoch 380: train_loss=0.1333482563495636, train_acc= 95.95%
INFO - 09/13/26 23:59:13 - 0:06:11 - Epoch 380: val_loss=0.3432846963405609, val_acc= 90.33%,val_weighted_f1= 90.27,val_macro_f1= 88.86%
EarlyStopping counter: 9 out of 15
INFO - 09/13/26 23:59:13 - 0:06:11 - Epoch 381: train_loss=0.13121984899044037, train_acc= 96.24%
INFO - 09/13/26 23:59:13 - 0:06:11 - Epoch 382: train_loss=0.13503630459308624, train_acc= 96.11%
INFO - 09/13/26 23:59:13 - 0:06:11 - Epoch 383: train_loss=0.12859775125980377, train_acc= 96.39%
INFO - 09/13/26 23:59:13 - 0:06:12 - Epoch 384: train_loss=0.12997624278068542, train_acc= 96.00%
INFO - 09/13/26 23:59:14 - 0:06:12 - Epoch 385: train_loss=0.1276019811630249, train_acc= 96.36%
INFO - 09/13/26 23:59:14 - 0:06:12 - Epoch 385: val_loss=0.3504762649536133, val_acc= 90.18%,val_weighted_f1= 90.04,val_macro_f1= 88.34%
EarlyStopping counter: 10 out of 15
INFO - 09/13/26 23:59:14 - 0:06:12 - Epoch 386: train_loss=0.12983137369155884, train_acc= 96.12%
INFO - 09/13/26 23:59:14 - 0:06:12 - Epoch 387: train_loss=0.12927107512950897, train_acc= 96.21%
INFO - 09/13/26 23:59:14 - 0:06:12 - Epoch 388: train_loss=0.12820947170257568, train_acc= 96.19%
INFO - 09/13/26 23:59:15 - 0:06:13 - Epoch 389: train_loss=0.12389732152223587, train_acc= 96.26%
INFO - 09/13/26 23:59:15 - 0:06:13 - Epoch 390: train_loss=0.12602052092552185, train_acc= 96.29%
INFO - 09/13/26 23:59:15 - 0:06:13 - Epoch 390: val_loss=0.3564402759075165, val_acc= 90.04%,val_weighted_f1= 89.86,val_macro_f1= 87.92%
EarlyStopping counter: 11 out of 15
INFO - 09/13/26 23:59:15 - 0:06:13 - Epoch 391: train_loss=0.12912261486053467, train_acc= 96.01%
INFO - 09/13/26 23:59:15 - 0:06:13 - Epoch 392: train_loss=0.12201748788356781, train_acc= 96.52%
INFO - 09/13/26 23:59:16 - 0:06:14 - Epoch 393: train_loss=0.12418309599161148, train_acc= 96.51%
INFO - 09/13/26 23:59:16 - 0:06:14 - Epoch 394: train_loss=0.1263081282377243, train_acc= 96.24%
INFO - 09/13/26 23:59:16 - 0:06:14 - Epoch 395: train_loss=0.12509995698928833, train_acc= 96.32%
INFO - 09/13/26 23:59:16 - 0:06:14 - Epoch 395: val_loss=0.357541561126709, val_acc= 90.11%,val_weighted_f1= 89.93,val_macro_f1= 88.06%
EarlyStopping counter: 12 out of 15
INFO - 09/13/26 23:59:16 - 0:06:14 - Epoch 396: train_loss=0.1236032024025917, train_acc= 96.24%
INFO - 09/13/26 23:59:17 - 0:06:15 - Epoch 397: train_loss=0.12477917224168777, train_acc= 96.40%
INFO - 09/13/26 23:59:17 - 0:06:15 - Epoch 398: train_loss=0.12315306067466736, train_acc= 96.29%
INFO - 09/13/26 23:59:17 - 0:06:15 - Epoch 399: train_loss=0.12177590280771255, train_acc= 96.28%
INFO - 09/13/26 23:59:17 - 0:06:15 - Epoch 400: train_loss=0.11875317245721817, train_acc= 96.68%
INFO - 09/13/26 23:59:17 - 0:06:15 - Epoch 400: val_loss=0.3585135042667389, val_acc= 90.18%,val_weighted_f1= 90.04,val_macro_f1= 88.19%
EarlyStopping counter: 13 out of 15
INFO - 09/13/26 23:59:18 - 0:06:16 - Epoch 401: train_loss=0.12123865634202957, train_acc= 96.43%
INFO - 09/13/26 23:59:18 - 0:06:16 - Epoch 402: train_loss=0.12543609738349915, train_acc= 96.22%
INFO - 09/13/26 23:59:18 - 0:06:16 - Epoch 403: train_loss=0.12152093648910522, train_acc= 96.57%
INFO - 09/13/26 23:59:18 - 0:06:16 - Epoch 404: train_loss=0.12004680931568146, train_acc= 96.45%
INFO - 09/13/26 23:59:18 - 0:06:17 - Epoch 405: train_loss=0.12070316076278687, train_acc= 96.45%
INFO - 09/13/26 23:59:18 - 0:06:17 - Epoch 405: val_loss=0.3566978871822357, val_acc= 90.25%,val_weighted_f1= 90.15,val_macro_f1= 88.57%
EarlyStopping counter: 14 out of 15
INFO - 09/13/26 23:59:19 - 0:06:17 - Epoch 406: train_loss=0.11867925524711609, train_acc= 96.70%
INFO - 09/13/26 23:59:19 - 0:06:17 - Epoch 407: train_loss=0.12143309414386749, train_acc= 96.38%
INFO - 09/13/26 23:59:19 - 0:06:17 - Epoch 408: train_loss=0.11983828246593475, train_acc= 96.49%
INFO - 09/13/26 23:59:19 - 0:06:17 - Epoch 409: train_loss=0.1197858676314354, train_acc= 96.59%
INFO - 09/13/26 23:59:20 - 0:06:18 - Epoch 410: train_loss=0.1180189698934555, train_acc= 96.30%
INFO - 09/13/26 23:59:20 - 0:06:18 - Epoch 410: val_loss=0.36636433005332947, val_acc= 90.11%,val_weighted_f1= 89.98,val_macro_f1= 88.36%
EarlyStopping counter: 15 out of 15
---------Early stopping--------
INFO - 09/13/26 23:59:20 - 0:06:18 - --------------Testing--------------------
INFO - 09/13/26 23:59:20 - 0:06:18 - --------------Loading from ./checkpoints/NC_computers_model.pt--------------------
INFO - 09/13/26 23:59:20 - 0:06:18 - test_acc= 91.09%, weighted_f1= 90.97,macro_f1= 89.78%
INFO - 09/13/26 23:59:20 - 0:06:18 - test_acc= 91.09%, weighted_f1= 90.97,macro_f1= 89.78%
INFO - 09/13/26 23:59:20 - 0:06:18 - Epoch 0: train_loss=2.562741279602051, train_acc= 3.56%
INFO - 09/13/26 23:59:20 - 0:06:18 - Epoch 0: val_loss=2.3969650268554688, val_acc= 5.13%,val_weighted_f1= 4.99,val_macro_f1= 4.56%
INFO - 09/13/26 23:59:20 - 0:06:18 - Epoch 1: train_loss=2.4186458587646484, train_acc= 5.96%
INFO - 09/13/26 23:59:21 - 0:06:19 - Epoch 2: train_loss=2.300088882446289, train_acc= 10.87%
INFO - 09/13/26 23:59:21 - 0:06:19 - Epoch 3: train_loss=2.1919140815734863, train_acc= 19.98%
INFO - 09/13/26 23:59:21 - 0:06:19 - Epoch 4: train_loss=2.1003832817077637, train_acc= 27.92%
INFO - 09/13/26 23:59:21 - 0:06:19 - Epoch 5: train_loss=2.0403106212615967, train_acc= 32.25%
INFO - 09/13/26 23:59:21 - 0:06:19 - Epoch 5: val_loss=1.971391201019287, val_acc= 35.67%,val_weighted_f1= 19.43,val_macro_f1= 5.32%
INFO - 09/13/26 23:59:22 - 0:06:20 - Epoch 6: train_loss=1.9897550344467163, train_acc= 35.13%
INFO - 09/13/26 23:59:22 - 0:06:20 - Epoch 7: train_loss=1.9514063596725464, train_acc= 36.61%
INFO - 09/13/26 23:59:22 - 0:06:20 - Epoch 8: train_loss=1.9240965843200684, train_acc= 37.24%
INFO - 09/13/26 23:59:22 - 0:06:20 - Epoch 9: train_loss=1.8942649364471436, train_acc= 37.69%
INFO - 09/13/26 23:59:22 - 0:06:21 - Epoch 10: train_loss=1.8715373277664185, train_acc= 37.98%
INFO - 09/13/26 23:59:23 - 0:06:21 - Epoch 10: val_loss=1.832746148109436, val_acc= 36.91%,val_weighted_f1= 20.36,val_macro_f1= 5.76%
INFO - 09/13/26 23:59:23 - 0:06:21 - Epoch 11: train_loss=1.8470016717910767, train_acc= 38.38%
INFO - 09/13/26 23:59:23 - 0:06:21 - Epoch 12: train_loss=1.822013020515442, train_acc= 39.07%
INFO - 09/13/26 23:59:23 - 0:06:21 - Epoch 13: train_loss=1.8094367980957031, train_acc= 39.63%
INFO - 09/13/26 23:59:23 - 0:06:22 - Epoch 14: train_loss=1.7881073951721191, train_acc= 40.74%
INFO - 09/13/26 23:59:24 - 0:06:22 - Epoch 15: train_loss=1.776160717010498, train_acc= 41.84%
INFO - 09/13/26 23:59:24 - 0:06:22 - Epoch 15: val_loss=1.7246659994125366, val_acc= 43.67%,val_weighted_f1= 32.35,val_macro_f1= 13.59%
INFO - 09/13/26 23:59:24 - 0:06:22 - Epoch 16: train_loss=1.7622319459915161, train_acc= 41.89%
INFO - 09/13/26 23:59:24 - 0:06:22 - Epoch 17: train_loss=1.7440258264541626, train_acc= 42.78%
INFO - 09/13/26 23:59:24 - 0:06:22 - Epoch 18: train_loss=1.7227696180343628, train_acc= 44.30%
INFO - 09/13/26 23:59:25 - 0:06:23 - Epoch 19: train_loss=1.7071071863174438, train_acc= 44.51%
INFO - 09/13/26 23:59:25 - 0:06:23 - Epoch 20: train_loss=1.6874613761901855, train_acc= 44.28%
INFO - 09/13/26 23:59:25 - 0:06:23 - Epoch 20: val_loss=1.6369527578353882, val_acc= 45.56%,val_weighted_f1= 34.61,val_macro_f1= 15.21%
INFO - 09/13/26 23:59:25 - 0:06:23 - Epoch 21: train_loss=1.6677278280258179, train_acc= 45.23%
INFO - 09/13/26 23:59:25 - 0:06:23 - Epoch 22: train_loss=1.649985909461975, train_acc= 45.20%
INFO - 09/13/26 23:59:26 - 0:06:24 - Epoch 23: train_loss=1.6355706453323364, train_acc= 45.64%
INFO - 09/13/26 23:59:26 - 0:06:24 - Epoch 24: train_loss=1.6077256202697754, train_acc= 46.22%
INFO - 09/13/26 23:59:26 - 0:06:24 - Epoch 25: train_loss=1.599934697151184, train_acc= 45.67%
INFO - 09/13/26 23:59:26 - 0:06:24 - Epoch 25: val_loss=1.5467878580093384, val_acc= 46.40%,val_weighted_f1= 35.70,val_macro_f1= 16.02%
INFO - 09/13/26 23:59:26 - 0:06:24 - Epoch 26: train_loss=1.5773042440414429, train_acc= 46.85%
INFO - 09/13/26 23:59:27 - 0:06:25 - Epoch 27: train_loss=1.559515118598938, train_acc= 47.59%
INFO - 09/13/26 23:59:27 - 0:06:25 - Epoch 28: train_loss=1.5394014120101929, train_acc= 48.52%
INFO - 09/13/26 23:59:27 - 0:06:25 - Epoch 29: train_loss=1.5200903415679932, train_acc= 49.95%
INFO - 09/13/26 23:59:27 - 0:06:25 - Epoch 30: train_loss=1.49857497215271, train_acc= 51.01%
INFO - 09/13/26 23:59:27 - 0:06:25 - Epoch 30: val_loss=1.4300601482391357, val_acc= 51.78%,val_weighted_f1= 42.38,val_macro_f1= 20.14%
INFO - 09/13/26 23:59:28 - 0:06:26 - Epoch 31: train_loss=1.4836605787277222, train_acc= 51.96%
INFO - 09/13/26 23:59:28 - 0:06:26 - Epoch 32: train_loss=1.4627741575241089, train_acc= 53.38%
INFO - 09/13/26 23:59:28 - 0:06:26 - Epoch 33: train_loss=1.4446558952331543, train_acc= 53.91%
INFO - 09/13/26 23:59:28 - 0:06:26 - Epoch 34: train_loss=1.422897219657898, train_acc= 55.32%
INFO - 09/13/26 23:59:28 - 0:06:27 - Epoch 35: train_loss=1.39958918094635, train_acc= 55.43%
INFO - 09/13/26 23:59:29 - 0:06:27 - Epoch 35: val_loss=1.3161323070526123, val_acc= 56.65%,val_weighted_f1= 48.30,val_macro_f1= 23.93%
INFO - 09/13/26 23:59:29 - 0:06:27 - Epoch 36: train_loss=1.3821276426315308, train_acc= 56.68%
INFO - 09/13/26 23:59:29 - 0:06:27 - Epoch 37: train_loss=1.3539332151412964, train_acc= 57.57%
INFO - 09/13/26 23:59:29 - 0:06:27 - Epoch 38: train_loss=1.3419537544250488, train_acc= 58.01%
INFO - 09/13/26 23:59:29 - 0:06:28 - Epoch 39: train_loss=1.314353585243225, train_acc= 58.76%
INFO - 09/13/26 23:59:30 - 0:06:28 - Epoch 40: train_loss=1.292919635772705, train_acc= 59.20%
INFO - 09/13/26 23:59:30 - 0:06:28 - Epoch 40: val_loss=1.2050094604492188, val_acc= 59.96%,val_weighted_f1= 52.16,val_macro_f1= 26.16%
INFO - 09/13/26 23:59:30 - 0:06:28 - Epoch 41: train_loss=1.2715907096862793, train_acc= 60.23%
INFO - 09/13/26 23:59:30 - 0:06:28 - Epoch 42: train_loss=1.2482874393463135, train_acc= 61.23%
INFO - 09/13/26 23:59:30 - 0:06:29 - Epoch 43: train_loss=1.2245088815689087, train_acc= 62.49%
INFO - 09/13/26 23:59:31 - 0:06:29 - Epoch 44: train_loss=1.199790358543396, train_acc= 62.91%
INFO - 09/13/26 23:59:31 - 0:06:29 - Epoch 45: train_loss=1.1863893270492554, train_acc= 63.49%
INFO - 09/13/26 23:59:31 - 0:06:29 - Epoch 45: val_loss=1.0860806703567505, val_acc= 64.84%,val_weighted_f1= 57.80,val_macro_f1= 30.31%
INFO - 09/13/26 23:59:31 - 0:06:29 - Epoch 46: train_loss=1.1563355922698975, train_acc= 64.52%
INFO - 09/13/26 23:59:31 - 0:06:30 - Epoch 47: train_loss=1.1398003101348877, train_acc= 64.88%
INFO - 09/13/26 23:59:32 - 0:06:30 - Epoch 48: train_loss=1.1173019409179688, train_acc= 65.39%
INFO - 09/13/26 23:59:32 - 0:06:30 - Epoch 49: train_loss=1.0992876291275024, train_acc= 65.67%
INFO - 09/13/26 23:59:32 - 0:06:30 - Epoch 50: train_loss=1.0786161422729492, train_acc= 66.47%
INFO - 09/13/26 23:59:32 - 0:06:30 - Epoch 50: val_loss=0.9834445118904114, val_acc= 68.07%,val_weighted_f1= 61.86,val_macro_f1= 34.59%
INFO - 09/13/26 23:59:32 - 0:06:30 - Epoch 51: train_loss=1.0569138526916504, train_acc= 67.12%
INFO - 09/13/26 23:59:33 - 0:06:31 - Epoch 52: train_loss=1.0359971523284912, train_acc= 68.09%
INFO - 09/13/26 23:59:33 - 0:06:31 - Epoch 53: train_loss=1.0172829627990723, train_acc= 68.46%
INFO - 09/13/26 23:59:33 - 0:06:31 - Epoch 54: train_loss=0.9974200129508972, train_acc= 69.21%
INFO - 09/13/26 23:59:33 - 0:06:31 - Epoch 55: train_loss=0.9829957485198975, train_acc= 69.68%
INFO - 09/13/26 23:59:33 - 0:06:31 - Epoch 55: val_loss=0.8876891732215881, val_acc= 71.24%,val_weighted_f1= 65.76,val_macro_f1= 39.44%
INFO - 09/13/26 23:59:34 - 0:06:32 - Epoch 56: train_loss=0.9571986198425293, train_acc= 70.89%
INFO - 09/13/26 23:59:34 - 0:06:32 - Epoch 57: train_loss=0.9384689331054688, train_acc= 70.81%
INFO - 09/13/26 23:59:34 - 0:06:32 - Epoch 58: train_loss=0.9278414249420166, train_acc= 71.47%
INFO - 09/13/26 23:59:34 - 0:06:32 - Epoch 59: train_loss=0.905531644821167, train_acc= 71.73%
INFO - 09/13/26 23:59:34 - 0:06:33 - Epoch 60: train_loss=0.8882425427436829, train_acc= 72.09%
INFO - 09/13/26 23:59:35 - 0:06:33 - Epoch 60: val_loss=0.8077189922332764, val_acc= 73.60%,val_weighted_f1= 69.09,val_macro_f1= 45.23%
INFO - 09/13/26 23:59:35 - 0:06:33 - Epoch 61: train_loss=0.8702945113182068, train_acc= 72.71%
INFO - 09/13/26 23:59:35 - 0:06:33 - Epoch 62: train_loss=0.8537046313285828, train_acc= 73.47%
INFO - 09/13/26 23:59:35 - 0:06:33 - Epoch 63: train_loss=0.8415054678916931, train_acc= 73.90%
INFO - 09/13/26 23:59:35 - 0:06:34 - Epoch 64: train_loss=0.826984167098999, train_acc= 74.52%
INFO - 09/13/26 23:59:36 - 0:06:34 - Epoch 65: train_loss=0.8103197813034058, train_acc= 74.68%
INFO - 09/13/26 23:59:36 - 0:06:34 - Epoch 65: val_loss=0.7339909672737122, val_acc= 75.60%,val_weighted_f1= 71.74,val_macro_f1= 50.02%
INFO - 09/13/26 23:59:36 - 0:06:34 - Epoch 66: train_loss=0.7984743714332581, train_acc= 75.32%
INFO - 09/13/26 23:59:36 - 0:06:34 - Epoch 67: train_loss=0.7784783840179443, train_acc= 76.15%
INFO - 09/13/26 23:59:36 - 0:06:35 - Epoch 68: train_loss=0.7688427567481995, train_acc= 76.22%
INFO - 09/13/26 23:59:37 - 0:06:35 - Epoch 69: train_loss=0.7540837526321411, train_acc= 76.19%
INFO - 09/13/26 23:59:37 - 0:06:35 - Epoch 70: train_loss=0.742754340171814, train_acc= 76.84%
INFO - 09/13/26 23:59:37 - 0:06:35 - Epoch 70: val_loss=0.6710085868835449, val_acc= 77.20%,val_weighted_f1= 73.95,val_macro_f1= 54.13%
INFO - 09/13/26 23:59:37 - 0:06:35 - Epoch 71: train_loss=0.728195309638977, train_acc= 77.27%
INFO - 09/13/26 23:59:37 - 0:06:36 - Epoch 72: train_loss=0.7154167294502258, train_acc= 77.30%
INFO - 09/13/26 23:59:38 - 0:06:36 - Epoch 73: train_loss=0.7024233341217041, train_acc= 78.28%
INFO - 09/13/26 23:59:38 - 0:06:36 - Epoch 74: train_loss=0.6921043395996094, train_acc= 78.16%
INFO - 09/13/26 23:59:38 - 0:06:36 - Epoch 75: train_loss=0.6833783984184265, train_acc= 78.56%
INFO - 09/13/26 23:59:38 - 0:06:36 - Epoch 75: val_loss=0.617848813533783, val_acc= 79.31%,val_weighted_f1= 76.85,val_macro_f1= 61.03%
INFO - 09/13/26 23:59:38 - 0:06:36 - Epoch 76: train_loss=0.670957088470459, train_acc= 79.04%
INFO - 09/13/26 23:59:39 - 0:06:37 - Epoch 77: train_loss=0.6576046347618103, train_acc= 79.46%
INFO - 09/13/26 23:59:39 - 0:06:37 - Epoch 78: train_loss=0.6439870595932007, train_acc= 80.02%
INFO - 09/13/26 23:59:39 - 0:06:37 - Epoch 79: train_loss=0.6378917694091797, train_acc= 80.26%
INFO - 09/13/26 23:59:39 - 0:06:37 - Epoch 80: train_loss=0.627720057964325, train_acc= 80.54%
INFO - 09/13/26 23:59:39 - 0:06:37 - Epoch 80: val_loss=0.5699720978736877, val_acc= 81.09%,val_weighted_f1= 79.08,val_macro_f1= 65.34%
INFO - 09/13/26 23:59:40 - 0:06:38 - Epoch 81: train_loss=0.616783857345581, train_acc= 80.74%
INFO - 09/13/26 23:59:40 - 0:06:38 - Epoch 82: train_loss=0.6110056638717651, train_acc= 81.19%
INFO - 09/13/26 23:59:40 - 0:06:38 - Epoch 83: train_loss=0.5987188220024109, train_acc= 80.99%
INFO - 09/13/26 23:59:40 - 0:06:38 - Epoch 84: train_loss=0.5870473980903625, train_acc= 81.82%
INFO - 09/13/26 23:59:40 - 0:06:39 - Epoch 85: train_loss=0.5814511179924011, train_acc= 81.65%
INFO - 09/13/26 23:59:41 - 0:06:39 - Epoch 85: val_loss=0.532272219657898, val_acc= 82.18%,val_weighted_f1= 80.47,val_macro_f1= 68.45%
INFO - 09/13/26 23:59:41 - 0:06:39 - Epoch 86: train_loss=0.5735524892807007, train_acc= 82.16%
INFO - 09/13/26 23:59:41 - 0:06:39 - Epoch 87: train_loss=0.5657583475112915, train_acc= 82.33%
INFO - 09/13/26 23:59:41 - 0:06:39 - Epoch 88: train_loss=0.558871328830719, train_acc= 82.37%
INFO - 09/13/26 23:59:41 - 0:06:40 - Epoch 89: train_loss=0.551081120967865, train_acc= 82.27%
INFO - 09/13/26 23:59:42 - 0:06:40 - Epoch 90: train_loss=0.5431874990463257, train_acc= 82.73%
INFO - 09/13/26 23:59:42 - 0:06:40 - Epoch 90: val_loss=0.502383828163147, val_acc= 83.27%,val_weighted_f1= 81.85,val_macro_f1= 71.68%
INFO - 09/13/26 23:59:42 - 0:06:40 - Epoch 91: train_loss=0.5361769795417786, train_acc= 83.48%
INFO - 09/13/26 23:59:42 - 0:06:40 - Epoch 92: train_loss=0.5309457778930664, train_acc= 83.30%
INFO - 09/13/26 23:59:42 - 0:06:40 - Epoch 93: train_loss=0.5241044163703918, train_acc= 83.66%
INFO - 09/13/26 23:59:43 - 0:06:41 - Epoch 94: train_loss=0.5197052955627441, train_acc= 83.94%
INFO - 09/13/26 23:59:43 - 0:06:41 - Epoch 95: train_loss=0.5099033713340759, train_acc= 83.96%
INFO - 09/13/26 23:59:43 - 0:06:41 - Epoch 95: val_loss=0.47783762216567993, val_acc= 83.96%,val_weighted_f1= 82.74,val_macro_f1= 73.47%
INFO - 09/13/26 23:59:43 - 0:06:41 - Epoch 96: train_loss=0.5046310424804688, train_acc= 83.82%
INFO - 09/13/26 23:59:43 - 0:06:41 - Epoch 97: train_loss=0.4929659068584442, train_acc= 84.73%
INFO - 09/13/26 23:59:44 - 0:06:42 - Epoch 98: train_loss=0.4898882508277893, train_acc= 84.77%
INFO - 09/13/26 23:59:44 - 0:06:42 - Epoch 99: train_loss=0.4875760078430176, train_acc= 84.91%
INFO - 09/13/26 23:59:44 - 0:06:42 - Epoch 100: train_loss=0.4804341495037079, train_acc= 85.12%
INFO - 09/13/26 23:59:44 - 0:06:42 - Epoch 100: val_loss=0.4543669521808624, val_acc= 84.65%,val_weighted_f1= 83.49,val_macro_f1= 75.07%
INFO - 09/13/26 23:59:44 - 0:06:42 - Epoch 101: train_loss=0.4735797941684723, train_acc= 85.37%
INFO - 09/13/26 23:59:45 - 0:06:43 - Epoch 102: train_loss=0.47373247146606445, train_acc= 85.36%
INFO - 09/13/26 23:59:45 - 0:06:43 - Epoch 103: train_loss=0.46894708275794983, train_acc= 85.43%
INFO - 09/13/26 23:59:45 - 0:06:43 - Epoch 104: train_loss=0.463260293006897, train_acc= 85.69%
INFO - 09/13/26 23:59:45 - 0:06:43 - Epoch 105: train_loss=0.45688679814338684, train_acc= 85.64%
INFO - 09/13/26 23:59:45 - 0:06:43 - Epoch 105: val_loss=0.4352649450302124, val_acc= 85.56%,val_weighted_f1= 84.60,val_macro_f1= 77.13%
INFO - 09/13/26 23:59:46 - 0:06:44 - Epoch 106: train_loss=0.4514803886413574, train_acc= 86.22%
INFO - 09/13/26 23:59:46 - 0:06:44 - Epoch 107: train_loss=0.4456784725189209, train_acc= 86.32%
INFO - 09/13/26 23:59:46 - 0:06:44 - Epoch 108: train_loss=0.44328773021698, train_acc= 86.32%
INFO - 09/13/26 23:59:46 - 0:06:44 - Epoch 109: train_loss=0.4396798312664032, train_acc= 86.46%
INFO - 09/13/26 23:59:46 - 0:06:45 - Epoch 110: train_loss=0.4338350296020508, train_acc= 86.37%
INFO - 09/13/26 23:59:47 - 0:06:45 - Epoch 110: val_loss=0.4203709661960602, val_acc= 86.07%,val_weighted_f1= 85.14,val_macro_f1= 78.39%
INFO - 09/13/26 23:59:47 - 0:06:45 - Epoch 111: train_loss=0.4309280514717102, train_acc= 86.66%
INFO - 09/13/26 23:59:47 - 0:06:45 - Epoch 112: train_loss=0.42723578214645386, train_acc= 86.78%
INFO - 09/13/26 23:59:47 - 0:06:45 - Epoch 113: train_loss=0.42179957032203674, train_acc= 87.19%
INFO - 09/13/26 23:59:47 - 0:06:46 - Epoch 114: train_loss=0.4209756553173065, train_acc= 87.03%
INFO - 09/13/26 23:59:48 - 0:06:46 - Epoch 115: train_loss=0.41585347056388855, train_acc= 87.24%
INFO - 09/13/26 23:59:48 - 0:06:46 - Epoch 115: val_loss=0.4069727063179016, val_acc= 86.58%,val_weighted_f1= 85.69,val_macro_f1= 79.50%
INFO - 09/13/26 23:59:48 - 0:06:46 - Epoch 116: train_loss=0.4095940887928009, train_acc= 87.36%
INFO - 09/13/26 23:59:48 - 0:06:46 - Epoch 117: train_loss=0.40737393498420715, train_acc= 87.57%
INFO - 09/13/26 23:59:48 - 0:06:46 - Epoch 118: train_loss=0.4048423171043396, train_acc= 87.51%
INFO - 09/13/26 23:59:49 - 0:06:47 - Epoch 119: train_loss=0.39941298961639404, train_acc= 87.85%
INFO - 09/13/26 23:59:49 - 0:06:47 - Epoch 120: train_loss=0.3975248336791992, train_acc= 87.77%
INFO - 09/13/26 23:59:49 - 0:06:47 - Epoch 120: val_loss=0.3955380320549011, val_acc= 87.05%,val_weighted_f1= 86.31,val_macro_f1= 80.78%
INFO - 09/13/26 23:59:49 - 0:06:47 - Epoch 121: train_loss=0.3929077386856079, train_acc= 87.70%
INFO - 09/13/26 23:59:49 - 0:06:47 - Epoch 122: train_loss=0.39106354117393494, train_acc= 87.81%
INFO - 09/13/26 23:59:50 - 0:06:48 - Epoch 123: train_loss=0.3880723714828491, train_acc= 88.37%
INFO - 09/13/26 23:59:50 - 0:06:48 - Epoch 124: train_loss=0.390522837638855, train_acc= 87.85%
INFO - 09/13/26 23:59:50 - 0:06:48 - Epoch 125: train_loss=0.38643839955329895, train_acc= 88.12%
INFO - 09/13/26 23:59:50 - 0:06:48 - Epoch 125: val_loss=0.38503190875053406, val_acc= 87.45%,val_weighted_f1= 86.67,val_macro_f1= 81.36%
INFO - 09/13/26 23:59:50 - 0:06:48 - Epoch 126: train_loss=0.3821244537830353, train_acc= 88.26%
INFO - 09/13/26 23:59:51 - 0:06:49 - Epoch 127: train_loss=0.3790237307548523, train_acc= 88.18%
INFO - 09/13/26 23:59:51 - 0:06:49 - Epoch 128: train_loss=0.37420201301574707, train_acc= 88.28%
INFO - 09/13/26 23:59:51 - 0:06:49 - Epoch 129: train_loss=0.37381207942962646, train_acc= 88.54%
INFO - 09/13/26 23:59:51 - 0:06:49 - Epoch 130: train_loss=0.3705480992794037, train_acc= 88.71%
INFO - 09/13/26 23:59:51 - 0:06:49 - Epoch 130: val_loss=0.3742973208427429, val_acc= 87.75%,val_weighted_f1= 87.03,val_macro_f1= 82.03%
INFO - 09/13/26 23:59:52 - 0:06:50 - Epoch 131: train_loss=0.3639729619026184, train_acc= 88.95%
INFO - 09/13/26 23:59:52 - 0:06:50 - Epoch 132: train_loss=0.3632466495037079, train_acc= 89.07%
INFO - 09/13/26 23:59:52 - 0:06:50 - Epoch 133: train_loss=0.3590584099292755, train_acc= 89.08%
INFO - 09/13/26 23:59:52 - 0:06:50 - Epoch 134: train_loss=0.3635992705821991, train_acc= 88.91%
INFO - 09/13/26 23:59:52 - 0:06:50 - Epoch 135: train_loss=0.35593560338020325, train_acc= 88.83%
INFO - 09/13/26 23:59:52 - 0:06:51 - Epoch 135: val_loss=0.36591997742652893, val_acc= 88.00%,val_weighted_f1= 87.37,val_macro_f1= 82.91%
INFO - 09/13/26 23:59:53 - 0:06:51 - Epoch 136: train_loss=0.3538793623447418, train_acc= 88.91%
INFO - 09/13/26 23:59:53 - 0:06:51 - Epoch 137: train_loss=0.34918078780174255, train_acc= 89.53%
INFO - 09/13/26 23:59:53 - 0:06:51 - Epoch 138: train_loss=0.3488888442516327, train_acc= 89.18%
INFO - 09/13/26 23:59:53 - 0:06:51 - Epoch 139: train_loss=0.35291969776153564, train_acc= 88.89%
INFO - 09/13/26 23:59:54 - 0:06:52 - Epoch 140: train_loss=0.3462771475315094, train_acc= 89.06%
INFO - 09/13/26 23:59:54 - 0:06:52 - Epoch 140: val_loss=0.3572476804256439, val_acc= 88.44%,val_weighted_f1= 87.82,val_macro_f1= 83.64%
INFO - 09/13/26 23:59:54 - 0:06:52 - Epoch 141: train_loss=0.342157244682312, train_acc= 89.70%
INFO - 09/13/26 23:59:54 - 0:06:52 - Epoch 142: train_loss=0.3426033854484558, train_acc= 89.66%
INFO - 09/13/26 23:59:54 - 0:06:52 - Epoch 143: train_loss=0.3389763832092285, train_acc= 89.58%
INFO - 09/13/26 23:59:55 - 0:06:53 - Epoch 144: train_loss=0.3373401165008545, train_acc= 89.60%
INFO - 09/13/26 23:59:55 - 0:06:53 - Epoch 145: train_loss=0.3328422009944916, train_acc= 89.95%
INFO - 09/13/26 23:59:55 - 0:06:53 - Epoch 145: val_loss=0.3514958918094635, val_acc= 88.58%,val_weighted_f1= 87.97,val_macro_f1= 83.91%
INFO - 09/13/26 23:59:55 - 0:06:53 - Epoch 146: train_loss=0.3336891829967499, train_acc= 89.71%
INFO - 09/13/26 23:59:55 - 0:06:53 - Epoch 147: train_loss=0.3318575620651245, train_acc= 89.84%
INFO - 09/13/26 23:59:56 - 0:06:54 - Epoch 148: train_loss=0.32843390107154846, train_acc= 89.84%
INFO - 09/13/26 23:59:56 - 0:06:54 - Epoch 149: train_loss=0.3251050114631653, train_acc= 90.34%
INFO - 09/13/26 23:59:56 - 0:06:54 - Epoch 150: train_loss=0.3234925866127014, train_acc= 90.16%
INFO - 09/13/26 23:59:56 - 0:06:54 - Epoch 150: val_loss=0.3453322649002075, val_acc= 88.87%,val_weighted_f1= 88.31,val_macro_f1= 84.55%
INFO - 09/13/26 23:59:56 - 0:06:54 - Epoch 151: train_loss=0.32347849011421204, train_acc= 89.87%
INFO - 09/13/26 23:59:57 - 0:06:55 - Epoch 152: train_loss=0.3224247694015503, train_acc= 90.18%
INFO - 09/13/26 23:59:57 - 0:06:55 - Epoch 153: train_loss=0.3175487220287323, train_acc= 90.24%
INFO - 09/13/26 23:59:57 - 0:06:55 - Epoch 154: train_loss=0.31928738951683044, train_acc= 90.39%
INFO - 09/13/26 23:59:57 - 0:06:55 - Epoch 155: train_loss=0.31485089659690857, train_acc= 90.58%
INFO - 09/13/26 23:59:57 - 0:06:55 - Epoch 155: val_loss=0.33813977241516113, val_acc= 88.98%,val_weighted_f1= 88.40,val_macro_f1= 84.61%
INFO - 09/13/26 23:59:58 - 0:06:56 - Epoch 156: train_loss=0.3161675035953522, train_acc= 90.18%
INFO - 09/13/26 23:59:58 - 0:06:56 - Epoch 157: train_loss=0.31322726607322693, train_acc= 90.21%
INFO - 09/13/26 23:59:58 - 0:06:56 - Epoch 158: train_loss=0.3061930239200592, train_acc= 90.58%
INFO - 09/13/26 23:59:58 - 0:06:56 - Epoch 159: train_loss=0.3084012269973755, train_acc= 90.29%
INFO - 09/13/26 23:59:58 - 0:06:56 - Epoch 160: train_loss=0.30444881319999695, train_acc= 90.79%
INFO - 09/13/26 23:59:58 - 0:06:57 - Epoch 160: val_loss=0.3330594301223755, val_acc= 89.27%,val_weighted_f1= 88.75,val_macro_f1= 85.34%
INFO - 09/13/26 23:59:59 - 0:06:57 - Epoch 161: train_loss=0.30482786893844604, train_acc= 90.67%
INFO - 09/13/26 23:59:59 - 0:06:57 - Epoch 162: train_loss=0.30219659209251404, train_acc= 90.80%
INFO - 09/13/26 23:59:59 - 0:06:57 - Epoch 163: train_loss=0.30386024713516235, train_acc= 90.62%
INFO - 09/13/26 23:59:59 - 0:06:57 - Epoch 164: train_loss=0.30290594696998596, train_acc= 90.84%
INFO - 09/14/26 00:00:00 - 0:06:58 - Epoch 165: train_loss=0.301326185464859, train_acc= 90.58%
INFO - 09/14/26 00:00:00 - 0:06:58 - Epoch 165: val_loss=0.32867178320884705, val_acc= 89.49%,val_weighted_f1= 88.95,val_macro_f1= 85.53%
INFO - 09/14/26 00:00:00 - 0:06:58 - Epoch 166: train_loss=0.2970721125602722, train_acc= 90.75%
INFO - 09/14/26 00:00:00 - 0:06:58 - Epoch 167: train_loss=0.2978237271308899, train_acc= 90.85%
INFO - 09/14/26 00:00:00 - 0:06:58 - Epoch 168: train_loss=0.29259371757507324, train_acc= 91.03%
INFO - 09/14/26 00:00:01 - 0:06:59 - Epoch 169: train_loss=0.29148757457733154, train_acc= 91.15%
INFO - 09/14/26 00:00:01 - 0:06:59 - Epoch 170: train_loss=0.29153770208358765, train_acc= 91.12%
INFO - 09/14/26 00:00:01 - 0:06:59 - Epoch 170: val_loss=0.32439935207366943, val_acc= 89.75%,val_weighted_f1= 89.26,val_macro_f1= 86.02%
INFO - 09/14/26 00:00:01 - 0:06:59 - Epoch 171: train_loss=0.28915736079216003, train_acc= 91.42%
INFO - 09/14/26 00:00:01 - 0:06:59 - Epoch 172: train_loss=0.2868945300579071, train_acc= 91.23%
INFO - 09/14/26 00:00:02 - 0:07:00 - Epoch 173: train_loss=0.2864204943180084, train_acc= 91.31%
INFO - 09/14/26 00:00:02 - 0:07:00 - Epoch 174: train_loss=0.2836552560329437, train_acc= 91.48%
INFO - 09/14/26 00:00:02 - 0:07:00 - Epoch 175: train_loss=0.28261467814445496, train_acc= 91.44%
INFO - 09/14/26 00:00:02 - 0:07:00 - Epoch 175: val_loss=0.3189544379711151, val_acc= 89.89%,val_weighted_f1= 89.48,val_macro_f1= 86.73%
INFO - 09/14/26 00:00:02 - 0:07:00 - Epoch 176: train_loss=0.28198784589767456, train_acc= 91.34%
INFO - 09/14/26 00:00:02 - 0:07:01 - Epoch 177: train_loss=0.28107601404190063, train_acc= 91.53%
INFO - 09/14/26 00:00:03 - 0:07:01 - Epoch 178: train_loss=0.27978259325027466, train_acc= 91.26%
INFO - 09/14/26 00:00:03 - 0:07:01 - Epoch 179: train_loss=0.2819840610027313, train_acc= 91.71%
INFO - 09/14/26 00:00:03 - 0:07:01 - Epoch 180: train_loss=0.2768605947494507, train_acc= 91.64%
INFO - 09/14/26 00:00:03 - 0:07:01 - Epoch 180: val_loss=0.31531664729118347, val_acc= 90.00%,val_weighted_f1= 89.63,val_macro_f1= 87.10%
INFO - 09/14/26 00:00:03 - 0:07:02 - Epoch 181: train_loss=0.27772819995880127, train_acc= 91.58%
INFO - 09/14/26 00:00:04 - 0:07:02 - Epoch 182: train_loss=0.27760064601898193, train_acc= 91.61%
INFO - 09/14/26 00:00:04 - 0:07:02 - Epoch 183: train_loss=0.27680230140686035, train_acc= 91.65%
INFO - 09/14/26 00:00:04 - 0:07:02 - Epoch 184: train_loss=0.27300095558166504, train_acc= 91.60%
INFO - 09/14/26 00:00:04 - 0:07:02 - Epoch 185: train_loss=0.27144861221313477, train_acc= 91.63%
INFO - 09/14/26 00:00:04 - 0:07:03 - Epoch 185: val_loss=0.3132745027542114, val_acc= 89.89%,val_weighted_f1= 89.43,val_macro_f1= 86.46%
EarlyStopping counter: 1 out of 15
INFO - 09/14/26 00:00:05 - 0:07:03 - Epoch 186: train_loss=0.2694149315357208, train_acc= 91.86%
INFO - 09/14/26 00:00:05 - 0:07:03 - Epoch 187: train_loss=0.2700115144252777, train_acc= 91.90%
INFO - 09/14/26 00:00:05 - 0:07:03 - Epoch 188: train_loss=0.27087682485580444, train_acc= 91.65%
INFO - 09/14/26 00:00:05 - 0:07:03 - Epoch 189: train_loss=0.26827216148376465, train_acc= 91.80%
INFO - 09/14/26 00:00:06 - 0:07:04 - Epoch 190: train_loss=0.2638770043849945, train_acc= 92.01%
INFO - 09/14/26 00:00:06 - 0:07:04 - Epoch 190: val_loss=0.31260910630226135, val_acc= 90.11%,val_weighted_f1= 89.66,val_macro_f1= 86.89%
INFO - 09/14/26 00:00:06 - 0:07:04 - Epoch 191: train_loss=0.26634570956230164, train_acc= 91.71%
INFO - 09/14/26 00:00:06 - 0:07:04 - Epoch 192: train_loss=0.2665785849094391, train_acc= 91.86%
INFO - 09/14/26 00:00:06 - 0:07:04 - Epoch 193: train_loss=0.26006895303726196, train_acc= 92.14%
INFO - 09/14/26 00:00:07 - 0:07:05 - Epoch 194: train_loss=0.263854444026947, train_acc= 91.84%
INFO - 09/14/26 00:00:07 - 0:07:05 - Epoch 195: train_loss=0.25991004705429077, train_acc= 92.07%
INFO - 09/14/26 00:00:07 - 0:07:05 - Epoch 195: val_loss=0.30930763483047485, val_acc= 90.18%,val_weighted_f1= 89.74,val_macro_f1= 86.96%
INFO - 09/14/26 00:00:07 - 0:07:05 - Epoch 196: train_loss=0.2592034339904785, train_acc= 92.00%
INFO - 09/14/26 00:00:07 - 0:07:05 - Epoch 197: train_loss=0.2543788254261017, train_acc= 92.39%
INFO - 09/14/26 00:00:07 - 0:07:06 - Epoch 198: train_loss=0.2577337920665741, train_acc= 92.26%
INFO - 09/14/26 00:00:08 - 0:07:06 - Epoch 199: train_loss=0.2597637176513672, train_acc= 92.16%
INFO - 09/14/26 00:00:08 - 0:07:06 - Epoch 200: train_loss=0.2555456757545471, train_acc= 92.32%
INFO - 09/14/26 00:00:08 - 0:07:06 - Epoch 200: val_loss=0.30263105034828186, val_acc= 90.58%,val_weighted_f1= 90.33,val_macro_f1= 88.52%
INFO - 09/14/26 00:00:08 - 0:07:06 - Epoch 201: train_loss=0.252986878156662, train_acc= 92.10%
INFO - 09/14/26 00:00:08 - 0:07:07 - Epoch 202: train_loss=0.25352880358695984, train_acc= 92.47%
INFO - 09/14/26 00:00:09 - 0:07:07 - Epoch 203: train_loss=0.2528119683265686, train_acc= 92.30%
INFO - 09/14/26 00:00:09 - 0:07:07 - Epoch 204: train_loss=0.24655616283416748, train_acc= 92.30%
INFO - 09/14/26 00:00:09 - 0:07:07 - Epoch 205: train_loss=0.2521766424179077, train_acc= 92.49%
INFO - 09/14/26 00:00:09 - 0:07:07 - Epoch 205: val_loss=0.2996119558811188, val_acc= 90.51%,val_weighted_f1= 90.36,val_macro_f1= 88.75%
EarlyStopping counter: 1 out of 15
INFO - 09/14/26 00:00:09 - 0:07:08 - Epoch 206: train_loss=0.25083234906196594, train_acc= 92.21%
INFO - 09/14/26 00:00:10 - 0:07:08 - Epoch 207: train_loss=0.2477574646472931, train_acc= 92.22%
INFO - 09/14/26 00:00:10 - 0:07:08 - Epoch 208: train_loss=0.24549785256385803, train_acc= 92.33%
INFO - 09/14/26 00:00:10 - 0:07:08 - Epoch 209: train_loss=0.2468423843383789, train_acc= 92.32%
INFO - 09/14/26 00:00:10 - 0:07:08 - Epoch 210: train_loss=0.24815762042999268, train_acc= 92.40%
INFO - 09/14/26 00:00:10 - 0:07:09 - Epoch 210: val_loss=0.29871949553489685, val_acc= 90.47%,val_weighted_f1= 90.21,val_macro_f1= 88.31%
EarlyStopping counter: 2 out of 15
INFO - 09/14/26 00:00:11 - 0:07:09 - Epoch 211: train_loss=0.24011972546577454, train_acc= 92.68%
INFO - 09/14/26 00:00:11 - 0:07:09 - Epoch 212: train_loss=0.2468404471874237, train_acc= 92.47%
INFO - 09/14/26 00:00:11 - 0:07:09 - Epoch 213: train_loss=0.2429947853088379, train_acc= 92.66%
INFO - 09/14/26 00:00:11 - 0:07:09 - Epoch 214: train_loss=0.2389310896396637, train_acc= 92.69%
INFO - 09/14/26 00:00:12 - 0:07:10 - Epoch 215: train_loss=0.24068009853363037, train_acc= 92.68%
INFO - 09/14/26 00:00:12 - 0:07:10 - Epoch 215: val_loss=0.30071648955345154, val_acc= 90.15%,val_weighted_f1= 89.70,val_macro_f1= 87.01%
EarlyStopping counter: 3 out of 15
INFO - 09/14/26 00:00:12 - 0:07:10 - Epoch 216: train_loss=0.2400663197040558, train_acc= 92.44%
INFO - 09/14/26 00:00:12 - 0:07:10 - Epoch 217: train_loss=0.23950766026973724, train_acc= 92.80%
INFO - 09/14/26 00:00:12 - 0:07:10 - Epoch 218: train_loss=0.23793399333953857, train_acc= 92.69%
INFO - 09/14/26 00:00:13 - 0:07:11 - Epoch 219: train_loss=0.2350303828716278, train_acc= 92.84%
INFO - 09/14/26 00:00:13 - 0:07:11 - Epoch 220: train_loss=0.2372255027294159, train_acc= 92.67%
INFO - 09/14/26 00:00:13 - 0:07:11 - Epoch 220: val_loss=0.2985204756259918, val_acc= 90.44%,val_weighted_f1= 90.12,val_macro_f1= 87.87%
EarlyStopping counter: 4 out of 15
INFO - 09/14/26 00:00:13 - 0:07:11 - Epoch 221: train_loss=0.23105403780937195, train_acc= 93.06%
INFO - 09/14/26 00:00:13 - 0:07:11 - Epoch 222: train_loss=0.23558591306209564, train_acc= 92.80%
INFO - 09/14/26 00:00:14 - 0:07:12 - Epoch 223: train_loss=0.23079809546470642, train_acc= 93.01%
INFO - 09/14/26 00:00:14 - 0:07:12 - Epoch 224: train_loss=0.23045779764652252, train_acc= 93.21%
INFO - 09/14/26 00:00:14 - 0:07:12 - Epoch 225: train_loss=0.23142680525779724, train_acc= 92.95%
INFO - 09/14/26 00:00:14 - 0:07:12 - Epoch 225: val_loss=0.2952689230442047, val_acc= 90.69%,val_weighted_f1= 90.46,val_macro_f1= 88.68%
INFO - 09/14/26 00:00:14 - 0:07:12 - Epoch 226: train_loss=0.22778339684009552, train_acc= 92.92%
INFO - 09/14/26 00:00:15 - 0:07:13 - Epoch 227: train_loss=0.2265297770500183, train_acc= 93.15%
INFO - 09/14/26 00:00:15 - 0:07:13 - Epoch 228: train_loss=0.22748233377933502, train_acc= 92.85%
INFO - 09/14/26 00:00:15 - 0:07:13 - Epoch 229: train_loss=0.22711487114429474, train_acc= 93.00%
INFO - 09/14/26 00:00:15 - 0:07:13 - Epoch 230: train_loss=0.22621943056583405, train_acc= 93.23%
INFO - 09/14/26 00:00:15 - 0:07:13 - Epoch 230: val_loss=0.29185959696769714, val_acc= 90.87%,val_weighted_f1= 90.72,val_macro_f1= 89.21%
INFO - 09/14/26 00:00:15 - 0:07:14 - Epoch 231: train_loss=0.22724589705467224, train_acc= 93.01%
INFO - 09/14/26 00:00:16 - 0:07:14 - Epoch 232: train_loss=0.22460821270942688, train_acc= 93.25%
INFO - 09/14/26 00:00:16 - 0:07:14 - Epoch 233: train_loss=0.22238187491893768, train_acc= 93.25%
INFO - 09/14/26 00:00:16 - 0:07:14 - Epoch 234: train_loss=0.2256607860326767, train_acc= 93.19%
INFO - 09/14/26 00:00:16 - 0:07:14 - Epoch 235: train_loss=0.22459955513477325, train_acc= 93.15%
INFO - 09/14/26 00:00:16 - 0:07:15 - Epoch 235: val_loss=0.2916029393672943, val_acc= 90.84%,val_weighted_f1= 90.62,val_macro_f1= 88.93%
EarlyStopping counter: 1 out of 15
INFO - 09/14/26 00:00:17 - 0:07:15 - Epoch 236: train_loss=0.2223317176103592, train_acc= 93.36%
INFO - 09/14/26 00:00:17 - 0:07:15 - Epoch 237: train_loss=0.21976129710674286, train_acc= 93.42%
INFO - 09/14/26 00:00:17 - 0:07:15 - Epoch 238: train_loss=0.21925337612628937, train_acc= 93.52%
INFO - 09/14/26 00:00:17 - 0:07:15 - Epoch 239: train_loss=0.22324523329734802, train_acc= 93.07%
INFO - 09/14/26 00:00:18 - 0:07:16 - Epoch 240: train_loss=0.21788521111011505, train_acc= 93.43%
INFO - 09/14/26 00:00:18 - 0:07:16 - Epoch 240: val_loss=0.28978896141052246, val_acc= 90.80%,val_weighted_f1= 90.62,val_macro_f1= 88.97%
EarlyStopping counter: 2 out of 15
INFO - 09/14/26 00:00:18 - 0:07:16 - Epoch 241: train_loss=0.21417663991451263, train_acc= 93.54%
INFO - 09/14/26 00:00:18 - 0:07:16 - Epoch 242: train_loss=0.21709810197353363, train_acc= 93.32%
INFO - 09/14/26 00:00:18 - 0:07:16 - Epoch 243: train_loss=0.215876966714859, train_acc= 93.31%
INFO - 09/14/26 00:00:19 - 0:07:17 - Epoch 244: train_loss=0.21547017991542816, train_acc= 93.55%
INFO - 09/14/26 00:00:19 - 0:07:17 - Epoch 245: train_loss=0.2187134474515915, train_acc= 93.30%
INFO - 09/14/26 00:00:19 - 0:07:17 - Epoch 245: val_loss=0.2869248688220978, val_acc= 90.87%,val_weighted_f1= 90.76,val_macro_f1= 89.51%
INFO - 09/14/26 00:00:19 - 0:07:17 - Epoch 246: train_loss=0.21672984957695007, train_acc= 93.29%
INFO - 09/14/26 00:00:19 - 0:07:17 - Epoch 247: train_loss=0.21573881804943085, train_acc= 93.31%
INFO - 09/14/26 00:00:20 - 0:07:18 - Epoch 248: train_loss=0.21374626457691193, train_acc= 93.54%
INFO - 09/14/26 00:00:20 - 0:07:18 - Epoch 249: train_loss=0.21047534048557281, train_acc= 93.42%
INFO - 09/14/26 00:00:20 - 0:07:18 - Epoch 250: train_loss=0.21272030472755432, train_acc= 93.75%
INFO - 09/14/26 00:00:20 - 0:07:18 - Epoch 250: val_loss=0.29088956117630005, val_acc= 90.87%,val_weighted_f1= 90.66,val_macro_f1= 88.87%
INFO - 09/14/26 00:00:20 - 0:07:18 - Epoch 251: train_loss=0.21395143866539001, train_acc= 93.49%
INFO - 09/14/26 00:00:21 - 0:07:19 - Epoch 252: train_loss=0.20940721035003662, train_acc= 93.50%
INFO - 09/14/26 00:00:21 - 0:07:19 - Epoch 253: train_loss=0.21212561428546906, train_acc= 93.48%
INFO - 09/14/26 00:00:21 - 0:07:19 - Epoch 254: train_loss=0.2089475840330124, train_acc= 93.86%
INFO - 09/14/26 00:00:21 - 0:07:19 - Epoch 255: train_loss=0.20845554769039154, train_acc= 93.83%
INFO - 09/14/26 00:00:21 - 0:07:19 - Epoch 255: val_loss=0.28874388337135315, val_acc= 90.84%,val_weighted_f1= 90.70,val_macro_f1= 89.11%
EarlyStopping counter: 1 out of 15
INFO - 09/14/26 00:00:21 - 0:07:20 - Epoch 256: train_loss=0.20511691272258759, train_acc= 93.57%
INFO - 09/14/26 00:00:22 - 0:07:20 - Epoch 257: train_loss=0.20899201929569244, train_acc= 93.48%
INFO - 09/14/26 00:00:22 - 0:07:20 - Epoch 258: train_loss=0.20684295892715454, train_acc= 93.86%
INFO - 09/14/26 00:00:22 - 0:07:20 - Epoch 259: train_loss=0.20342561602592468, train_acc= 93.92%
INFO - 09/14/26 00:00:22 - 0:07:20 - Epoch 260: train_loss=0.2029048502445221, train_acc= 93.88%
INFO - 09/14/26 00:00:22 - 0:07:21 - Epoch 260: val_loss=0.2880415618419647, val_acc= 90.98%,val_weighted_f1= 90.84,val_macro_f1= 89.27%
INFO - 09/14/26 00:00:23 - 0:07:21 - Epoch 261: train_loss=0.20594245195388794, train_acc= 93.58%
INFO - 09/14/26 00:00:23 - 0:07:21 - Epoch 262: train_loss=0.20500843226909637, train_acc= 93.61%
INFO - 09/14/26 00:00:23 - 0:07:21 - Epoch 263: train_loss=0.2021317183971405, train_acc= 94.01%
INFO - 09/14/26 00:00:23 - 0:07:21 - Epoch 264: train_loss=0.20109976828098297, train_acc= 93.99%
INFO - 09/14/26 00:00:24 - 0:07:22 - Epoch 265: train_loss=0.19887250661849976, train_acc= 93.93%
INFO - 09/14/26 00:00:24 - 0:07:22 - Epoch 265: val_loss=0.2935722768306732, val_acc= 90.91%,val_weighted_f1= 90.70,val_macro_f1= 89.03%
EarlyStopping counter: 1 out of 15
INFO - 09/14/26 00:00:24 - 0:07:22 - Epoch 266: train_loss=0.2015913724899292, train_acc= 94.09%
INFO - 09/14/26 00:00:24 - 0:07:22 - Epoch 267: train_loss=0.2028180956840515, train_acc= 93.67%
INFO - 09/14/26 00:00:24 - 0:07:22 - Epoch 268: train_loss=0.19875909388065338, train_acc= 94.23%
INFO - 09/14/26 00:00:25 - 0:07:23 - Epoch 269: train_loss=0.19920282065868378, train_acc= 94.04%
INFO - 09/14/26 00:00:25 - 0:07:23 - Epoch 270: train_loss=0.1972731351852417, train_acc= 94.06%
INFO - 09/14/26 00:00:25 - 0:07:23 - Epoch 270: val_loss=0.29106247425079346, val_acc= 90.91%,val_weighted_f1= 90.77,val_macro_f1= 89.23%
EarlyStopping counter: 2 out of 15
INFO - 09/14/26 00:00:25 - 0:07:23 - Epoch 271: train_loss=0.19722214341163635, train_acc= 93.90%
INFO - 09/14/26 00:00:25 - 0:07:23 - Epoch 272: train_loss=0.19651992619037628, train_acc= 94.00%
INFO - 09/14/26 00:00:25 - 0:07:24 - Epoch 273: train_loss=0.19684675335884094, train_acc= 94.00%
INFO - 09/14/26 00:00:26 - 0:07:24 - Epoch 274: train_loss=0.1970556527376175, train_acc= 94.00%
INFO - 09/14/26 00:00:26 - 0:07:24 - Epoch 275: train_loss=0.19240619242191315, train_acc= 94.52%
INFO - 09/14/26 00:00:26 - 0:07:24 - Epoch 275: val_loss=0.28874471783638, val_acc= 90.95%,val_weighted_f1= 90.80,val_macro_f1= 89.28%
EarlyStopping counter: 3 out of 15
INFO - 09/14/26 00:00:26 - 0:07:24 - Epoch 276: train_loss=0.1940152794122696, train_acc= 94.11%
INFO - 09/14/26 00:00:26 - 0:07:25 - Epoch 277: train_loss=0.19487696886062622, train_acc= 94.22%
INFO - 09/14/26 00:00:27 - 0:07:25 - Epoch 278: train_loss=0.1925378143787384, train_acc= 94.33%
INFO - 09/14/26 00:00:27 - 0:07:25 - Epoch 279: train_loss=0.19406253099441528, train_acc= 93.94%
INFO - 09/14/26 00:00:27 - 0:07:25 - Epoch 280: train_loss=0.19134891033172607, train_acc= 94.13%
INFO - 09/14/26 00:00:27 - 0:07:25 - Epoch 280: val_loss=0.2847006618976593, val_acc= 91.02%,val_weighted_f1= 90.91,val_macro_f1= 89.54%
INFO - 09/14/26 00:00:27 - 0:07:26 - Epoch 281: train_loss=0.19102981686592102, train_acc= 94.30%
INFO - 09/14/26 00:00:28 - 0:07:26 - Epoch 282: train_loss=0.18895088136196136, train_acc= 94.43%
INFO - 09/14/26 00:00:28 - 0:07:26 - Epoch 283: train_loss=0.1917448490858078, train_acc= 94.22%
INFO - 09/14/26 00:00:28 - 0:07:26 - Epoch 284: train_loss=0.1886884868144989, train_acc= 94.50%
INFO - 09/14/26 00:00:28 - 0:07:27 - Epoch 285: train_loss=0.19014328718185425, train_acc= 94.22%
INFO - 09/14/26 00:00:28 - 0:07:27 - Epoch 285: val_loss=0.28541451692581177, val_acc= 91.02%,val_weighted_f1= 90.89,val_macro_f1= 89.42%
INFO - 09/14/26 00:00:29 - 0:07:27 - Epoch 286: train_loss=0.18682090938091278, train_acc= 94.47%
INFO - 09/14/26 00:00:29 - 0:07:27 - Epoch 287: train_loss=0.18971964716911316, train_acc= 94.28%
INFO - 09/14/26 00:00:29 - 0:07:27 - Epoch 288: train_loss=0.18620780110359192, train_acc= 94.43%
INFO - 09/14/26 00:00:29 - 0:07:28 - Epoch 289: train_loss=0.18571439385414124, train_acc= 94.52%
INFO - 09/14/26 00:00:30 - 0:07:28 - Epoch 290: train_loss=0.18288180232048035, train_acc= 94.51%
INFO - 09/14/26 00:00:30 - 0:07:28 - Epoch 290: val_loss=0.2880820333957672, val_acc= 91.05%,val_weighted_f1= 90.90,val_macro_f1= 89.49%
INFO - 09/14/26 00:00:30 - 0:07:28 - Epoch 291: train_loss=0.18306417763233185, train_acc= 94.49%
INFO - 09/14/26 00:00:30 - 0:07:28 - Epoch 292: train_loss=0.18289266526699066, train_acc= 94.70%
INFO - 09/14/26 00:00:30 - 0:07:28 - Epoch 293: train_loss=0.1843090057373047, train_acc= 94.52%
INFO - 09/14/26 00:00:31 - 0:07:29 - Epoch 294: train_loss=0.18263892829418182, train_acc= 94.51%
INFO - 09/14/26 00:00:31 - 0:07:29 - Epoch 295: train_loss=0.18080154061317444, train_acc= 94.41%
INFO - 09/14/26 00:00:31 - 0:07:29 - Epoch 295: val_loss=0.2837839722633362, val_acc= 91.27%,val_weighted_f1= 91.23,val_macro_f1= 90.28%
INFO - 09/14/26 00:00:31 - 0:07:29 - Epoch 296: train_loss=0.18017001450061798, train_acc= 94.79%
INFO - 09/14/26 00:00:31 - 0:07:29 - Epoch 297: train_loss=0.1797662377357483, train_acc= 94.57%
INFO - 09/14/26 00:00:32 - 0:07:30 - Epoch 298: train_loss=0.18320327997207642, train_acc= 94.47%
INFO - 09/14/26 00:00:32 - 0:07:30 - Epoch 299: train_loss=0.1778944730758667, train_acc= 95.01%
INFO - 09/14/26 00:00:32 - 0:07:30 - Epoch 300: train_loss=0.18185754120349884, train_acc= 94.52%
INFO - 09/14/26 00:00:32 - 0:07:30 - Epoch 300: val_loss=0.28862643241882324, val_acc= 90.95%,val_weighted_f1= 90.80,val_macro_f1= 89.48%
EarlyStopping counter: 1 out of 15
INFO - 09/14/26 00:00:32 - 0:07:30 - Epoch 301: train_loss=0.1770942360162735, train_acc= 94.89%
INFO - 09/14/26 00:00:33 - 0:07:31 - Epoch 302: train_loss=0.17673321068286896, train_acc= 94.66%
INFO - 09/14/26 00:00:33 - 0:07:31 - Epoch 303: train_loss=0.17912372946739197, train_acc= 94.63%
INFO - 09/14/26 00:00:33 - 0:07:31 - Epoch 304: train_loss=0.17581743001937866, train_acc= 94.69%
INFO - 09/14/26 00:00:33 - 0:07:31 - Epoch 305: train_loss=0.17671406269073486, train_acc= 94.70%
INFO - 09/14/26 00:00:33 - 0:07:31 - Epoch 305: val_loss=0.28541624546051025, val_acc= 91.27%,val_weighted_f1= 91.18,val_macro_f1= 89.98%
INFO - 09/14/26 00:00:34 - 0:07:32 - Epoch 306: train_loss=0.17612923681735992, train_acc= 94.76%
INFO - 09/14/26 00:00:34 - 0:07:32 - Epoch 307: train_loss=0.17577140033245087, train_acc= 94.70%
INFO - 09/14/26 00:00:34 - 0:07:32 - Epoch 308: train_loss=0.17416994273662567, train_acc= 94.93%
INFO - 09/14/26 00:00:34 - 0:07:32 - Epoch 309: train_loss=0.17454253137111664, train_acc= 94.52%
INFO - 09/14/26 00:00:34 - 0:07:33 - Epoch 310: train_loss=0.17357082664966583, train_acc= 94.74%
INFO - 09/14/26 00:00:35 - 0:07:33 - Epoch 310: val_loss=0.28859156370162964, val_acc= 90.98%,val_weighted_f1= 90.86,val_macro_f1= 89.51%
EarlyStopping counter: 1 out of 15
INFO - 09/14/26 00:00:35 - 0:07:33 - Epoch 311: train_loss=0.17321988940238953, train_acc= 94.73%
INFO - 09/14/26 00:00:35 - 0:07:33 - Epoch 312: train_loss=0.17717298865318298, train_acc= 94.90%
INFO - 09/14/26 00:00:35 - 0:07:33 - Epoch 313: train_loss=0.17278741300106049, train_acc= 94.87%
INFO - 09/14/26 00:00:35 - 0:07:34 - Epoch 314: train_loss=0.17400218546390533, train_acc= 94.85%
INFO - 09/14/26 00:00:36 - 0:07:34 - Epoch 315: train_loss=0.17239026725292206, train_acc= 94.90%
INFO - 09/14/26 00:00:36 - 0:07:34 - Epoch 315: val_loss=0.28922581672668457, val_acc= 91.20%,val_weighted_f1= 91.08,val_macro_f1= 89.78%
EarlyStopping counter: 2 out of 15
INFO - 09/14/26 00:00:36 - 0:07:34 - Epoch 316: train_loss=0.1697537750005722, train_acc= 94.96%
INFO - 09/14/26 00:00:36 - 0:07:34 - Epoch 317: train_loss=0.16916826367378235, train_acc= 94.95%
INFO - 09/14/26 00:00:36 - 0:07:34 - Epoch 318: train_loss=0.17142485082149506, train_acc= 94.97%
INFO - 09/14/26 00:00:37 - 0:07:35 - Epoch 319: train_loss=0.17098252475261688, train_acc= 94.87%
INFO - 09/14/26 00:00:37 - 0:07:35 - Epoch 320: train_loss=0.17077331244945526, train_acc= 95.10%
INFO - 09/14/26 00:00:37 - 0:07:35 - Epoch 320: val_loss=0.2901644706726074, val_acc= 91.13%,val_weighted_f1= 91.02,val_macro_f1= 89.67%
EarlyStopping counter: 3 out of 15
INFO - 09/14/26 00:00:37 - 0:07:35 - Epoch 321: train_loss=0.1668989062309265, train_acc= 95.09%
INFO - 09/14/26 00:00:37 - 0:07:35 - Epoch 322: train_loss=0.16864603757858276, train_acc= 94.84%
INFO - 09/14/26 00:00:38 - 0:07:36 - Epoch 323: train_loss=0.16762712597846985, train_acc= 95.09%
INFO - 09/14/26 00:00:38 - 0:07:36 - Epoch 324: train_loss=0.16680875420570374, train_acc= 95.00%
INFO - 09/14/26 00:00:38 - 0:07:36 - Epoch 325: train_loss=0.1695413589477539, train_acc= 94.89%
INFO - 09/14/26 00:00:38 - 0:07:36 - Epoch 325: val_loss=0.2919498085975647, val_acc= 91.45%,val_weighted_f1= 91.39,val_macro_f1= 90.32%
INFO - 09/14/26 00:00:38 - 0:07:36 - Epoch 326: train_loss=0.1629319190979004, train_acc= 95.27%
INFO - 09/14/26 00:00:39 - 0:07:37 - Epoch 327: train_loss=0.1677478849887848, train_acc= 95.06%
INFO - 09/14/26 00:00:39 - 0:07:37 - Epoch 328: train_loss=0.1665216088294983, train_acc= 95.00%
INFO - 09/14/26 00:00:39 - 0:07:37 - Epoch 329: train_loss=0.16720198094844818, train_acc= 94.91%
INFO - 09/14/26 00:00:39 - 0:07:37 - Epoch 330: train_loss=0.16405940055847168, train_acc= 95.06%
INFO - 09/14/26 00:00:39 - 0:07:37 - Epoch 330: val_loss=0.28872811794281006, val_acc= 91.45%,val_weighted_f1= 91.45,val_macro_f1= 90.86%
INFO - 09/14/26 00:00:40 - 0:07:38 - Epoch 331: train_loss=0.1686270833015442, train_acc= 95.14%
INFO - 09/14/26 00:00:40 - 0:07:38 - Epoch 332: train_loss=0.16589494049549103, train_acc= 94.86%
INFO - 09/14/26 00:00:40 - 0:07:38 - Epoch 333: train_loss=0.1638302505016327, train_acc= 95.16%
INFO - 09/14/26 00:00:40 - 0:07:38 - Epoch 334: train_loss=0.16351374983787537, train_acc= 95.23%
INFO - 09/14/26 00:00:40 - 0:07:38 - Epoch 335: train_loss=0.16316282749176025, train_acc= 95.07%
INFO - 09/14/26 00:00:40 - 0:07:39 - Epoch 335: val_loss=0.30016037821769714, val_acc= 91.16%,val_weighted_f1= 91.00,val_macro_f1= 89.75%
EarlyStopping counter: 1 out of 15
INFO - 09/14/26 00:00:41 - 0:07:39 - Epoch 336: train_loss=0.16169185936450958, train_acc= 94.83%
INFO - 09/14/26 00:00:41 - 0:07:39 - Epoch 337: train_loss=0.162248894572258, train_acc= 95.09%
INFO - 09/14/26 00:00:41 - 0:07:39 - Epoch 338: train_loss=0.15772603452205658, train_acc= 95.42%
INFO - 09/14/26 00:00:41 - 0:07:39 - Epoch 339: train_loss=0.16139636933803558, train_acc= 95.10%
INFO - 09/14/26 00:00:42 - 0:07:40 - Epoch 340: train_loss=0.1589241772890091, train_acc= 95.33%
INFO - 09/14/26 00:00:42 - 0:07:40 - Epoch 340: val_loss=0.29850059747695923, val_acc= 91.38%,val_weighted_f1= 91.23,val_macro_f1= 90.04%
EarlyStopping counter: 2 out of 15
INFO - 09/14/26 00:00:42 - 0:07:40 - Epoch 341: train_loss=0.15881523489952087, train_acc= 95.04%
INFO - 09/14/26 00:00:42 - 0:07:40 - Epoch 342: train_loss=0.15797565877437592, train_acc= 95.37%
INFO - 09/14/26 00:00:42 - 0:07:40 - Epoch 343: train_loss=0.15953946113586426, train_acc= 95.35%
INFO - 09/14/26 00:00:43 - 0:07:41 - Epoch 344: train_loss=0.15847209095954895, train_acc= 95.04%
INFO - 09/14/26 00:00:43 - 0:07:41 - Epoch 345: train_loss=0.15510082244873047, train_acc= 95.42%
INFO - 09/14/26 00:00:43 - 0:07:41 - Epoch 345: val_loss=0.29188674688339233, val_acc= 91.53%,val_weighted_f1= 91.49,val_macro_f1= 90.76%
INFO - 09/14/26 00:00:43 - 0:07:41 - Epoch 346: train_loss=0.1563577800989151, train_acc= 95.55%
INFO - 09/14/26 00:00:43 - 0:07:41 - Epoch 347: train_loss=0.15335923433303833, train_acc= 95.54%
INFO - 09/14/26 00:00:44 - 0:07:42 - Epoch 348: train_loss=0.15396222472190857, train_acc= 95.43%
INFO - 09/14/26 00:00:44 - 0:07:42 - Epoch 349: train_loss=0.15327493846416473, train_acc= 95.65%
INFO - 09/14/26 00:00:44 - 0:07:42 - Epoch 350: train_loss=0.15583764016628265, train_acc= 95.31%
INFO - 09/14/26 00:00:44 - 0:07:42 - Epoch 350: val_loss=0.29313215613365173, val_acc= 91.13%,val_weighted_f1= 91.03,val_macro_f1= 90.01%
EarlyStopping counter: 1 out of 15
INFO - 09/14/26 00:00:44 - 0:07:42 - Epoch 351: train_loss=0.15344451367855072, train_acc= 95.44%
INFO - 09/14/26 00:00:45 - 0:07:43 - Epoch 352: train_loss=0.15092365443706512, train_acc= 95.58%
INFO - 09/14/26 00:00:45 - 0:07:43 - Epoch 353: train_loss=0.1537720412015915, train_acc= 95.58%
INFO - 09/14/26 00:00:45 - 0:07:43 - Epoch 354: train_loss=0.1507887840270996, train_acc= 95.38%
INFO - 09/14/26 00:00:45 - 0:07:43 - Epoch 355: train_loss=0.15049171447753906, train_acc= 95.59%
INFO - 09/14/26 00:00:45 - 0:07:43 - Epoch 355: val_loss=0.29516059160232544, val_acc= 91.38%,val_weighted_f1= 91.31,val_macro_f1= 90.56%
EarlyStopping counter: 2 out of 15
INFO - 09/14/26 00:00:46 - 0:07:44 - Epoch 356: train_loss=0.14731380343437195, train_acc= 95.66%
INFO - 09/14/26 00:00:46 - 0:07:44 - Epoch 357: train_loss=0.15078014135360718, train_acc= 95.56%
INFO - 09/14/26 00:00:46 - 0:07:44 - Epoch 358: train_loss=0.14859043061733246, train_acc= 95.44%
INFO - 09/14/26 00:00:46 - 0:07:44 - Epoch 359: train_loss=0.1481477916240692, train_acc= 95.75%
INFO - 09/14/26 00:00:46 - 0:07:45 - Epoch 360: train_loss=0.14530348777770996, train_acc= 95.77%
INFO - 09/14/26 00:00:47 - 0:07:45 - Epoch 360: val_loss=0.29625535011291504, val_acc= 91.38%,val_weighted_f1= 91.29,val_macro_f1= 90.37%
EarlyStopping counter: 3 out of 15
INFO - 09/14/26 00:00:47 - 0:07:45 - Epoch 361: train_loss=0.14978961646556854, train_acc= 95.70%
INFO - 09/14/26 00:00:47 - 0:07:45 - Epoch 362: train_loss=0.1481143981218338, train_acc= 95.70%
INFO - 09/14/26 00:00:47 - 0:07:45 - Epoch 363: train_loss=0.14966140687465668, train_acc= 95.82%
INFO - 09/14/26 00:00:47 - 0:07:46 - Epoch 364: train_loss=0.1433931440114975, train_acc= 96.00%
INFO - 09/14/26 00:00:48 - 0:07:46 - Epoch 365: train_loss=0.148600235581398, train_acc= 95.38%
INFO - 09/14/26 00:00:48 - 0:07:46 - Epoch 365: val_loss=0.29735586047172546, val_acc= 91.45%,val_weighted_f1= 91.41,val_macro_f1= 90.66%
EarlyStopping counter: 4 out of 15
INFO - 09/14/26 00:00:48 - 0:07:46 - Epoch 366: train_loss=0.14803935587406158, train_acc= 95.65%
INFO - 09/14/26 00:00:48 - 0:07:46 - Epoch 367: train_loss=0.14711594581604004, train_acc= 95.66%
INFO - 09/14/26 00:00:48 - 0:07:47 - Epoch 368: train_loss=0.14319783449172974, train_acc= 95.89%
INFO - 09/14/26 00:00:49 - 0:07:47 - Epoch 369: train_loss=0.14292332530021667, train_acc= 95.88%
INFO - 09/14/26 00:00:49 - 0:07:47 - Epoch 370: train_loss=0.1432855874300003, train_acc= 96.04%
INFO - 09/14/26 00:00:49 - 0:07:47 - Epoch 370: val_loss=0.2948845326900482, val_acc= 91.38%,val_weighted_f1= 91.34,val_macro_f1= 90.84%
EarlyStopping counter: 5 out of 15
INFO - 09/14/26 00:00:49 - 0:07:47 - Epoch 371: train_loss=0.14338162541389465, train_acc= 95.79%
INFO - 09/14/26 00:00:49 - 0:07:48 - Epoch 372: train_loss=0.14371132850646973, train_acc= 95.66%
INFO - 09/14/26 00:00:50 - 0:07:48 - Epoch 373: train_loss=0.1433047503232956, train_acc= 95.77%
INFO - 09/14/26 00:00:50 - 0:07:48 - Epoch 374: train_loss=0.14192380011081696, train_acc= 95.89%
INFO - 09/14/26 00:00:50 - 0:07:48 - Epoch 375: train_loss=0.14086385071277618, train_acc= 96.03%
INFO - 09/14/26 00:00:50 - 0:07:48 - Epoch 375: val_loss=0.29572564363479614, val_acc= 91.45%,val_weighted_f1= 91.41,val_macro_f1= 90.81%
EarlyStopping counter: 6 out of 15
INFO - 09/14/26 00:00:50 - 0:07:48 - Epoch 376: train_loss=0.14025352895259857, train_acc= 96.12%
INFO - 09/14/26 00:00:51 - 0:07:49 - Epoch 377: train_loss=0.14043398201465607, train_acc= 95.86%
INFO - 09/14/26 00:00:51 - 0:07:49 - Epoch 378: train_loss=0.1418195515871048, train_acc= 95.73%
INFO - 09/14/26 00:00:51 - 0:07:49 - Epoch 379: train_loss=0.14175693690776825, train_acc= 95.70%
INFO - 09/14/26 00:00:51 - 0:07:49 - Epoch 380: train_loss=0.13906227052211761, train_acc= 95.95%
INFO - 09/14/26 00:00:51 - 0:07:49 - Epoch 380: val_loss=0.3065663278102875, val_acc= 91.31%,val_weighted_f1= 91.18,val_macro_f1= 90.24%
EarlyStopping counter: 7 out of 15
INFO - 09/14/26 00:00:52 - 0:07:50 - Epoch 381: train_loss=0.13929390907287598, train_acc= 95.70%
INFO - 09/14/26 00:00:52 - 0:07:50 - Epoch 382: train_loss=0.13693253695964813, train_acc= 96.03%
INFO - 09/14/26 00:00:52 - 0:07:50 - Epoch 383: train_loss=0.144429549574852, train_acc= 95.75%
INFO - 09/14/26 00:00:52 - 0:07:50 - Epoch 384: train_loss=0.13816682994365692, train_acc= 95.98%
INFO - 09/14/26 00:00:52 - 0:07:51 - Epoch 385: train_loss=0.13935212790966034, train_acc= 95.78%
INFO - 09/14/26 00:00:53 - 0:07:51 - Epoch 385: val_loss=0.2974890470504761, val_acc= 91.56%,val_weighted_f1= 91.56,val_macro_f1= 91.07%
INFO - 09/14/26 00:00:53 - 0:07:51 - Epoch 386: train_loss=0.13673634827136993, train_acc= 95.98%
INFO - 09/14/26 00:00:53 - 0:07:51 - Epoch 387: train_loss=0.13670814037322998, train_acc= 96.18%
INFO - 09/14/26 00:00:53 - 0:07:51 - Epoch 388: train_loss=0.13675175607204437, train_acc= 95.73%
INFO - 09/14/26 00:00:53 - 0:07:52 - Epoch 389: train_loss=0.13654206693172455, train_acc= 95.98%
INFO - 09/14/26 00:00:54 - 0:07:52 - Epoch 390: train_loss=0.13692420721054077, train_acc= 95.89%
INFO - 09/14/26 00:00:54 - 0:07:52 - Epoch 390: val_loss=0.2996598482131958, val_acc= 91.60%,val_weighted_f1= 91.58,val_macro_f1= 91.02%
INFO - 09/14/26 00:00:54 - 0:07:52 - Epoch 391: train_loss=0.13209256529808044, train_acc= 96.19%
INFO - 09/14/26 00:00:54 - 0:07:52 - Epoch 392: train_loss=0.1357698142528534, train_acc= 95.93%
INFO - 09/14/26 00:00:54 - 0:07:53 - Epoch 393: train_loss=0.13492082059383392, train_acc= 96.04%
INFO - 09/14/26 00:00:55 - 0:07:53 - Epoch 394: train_loss=0.13073091208934784, train_acc= 96.30%
INFO - 09/14/26 00:00:55 - 0:07:53 - Epoch 395: train_loss=0.1351204514503479, train_acc= 95.98%
INFO - 09/14/26 00:00:55 - 0:07:53 - Epoch 395: val_loss=0.3029169738292694, val_acc= 91.35%,val_weighted_f1= 91.26,val_macro_f1= 90.45%
EarlyStopping counter: 1 out of 15
INFO - 09/14/26 00:00:55 - 0:07:53 - Epoch 396: train_loss=0.13069859147071838, train_acc= 96.29%
INFO - 09/14/26 00:00:55 - 0:07:53 - Epoch 397: train_loss=0.13466094434261322, train_acc= 96.09%
INFO - 09/14/26 00:00:56 - 0:07:54 - Epoch 398: train_loss=0.13319537043571472, train_acc= 96.21%
INFO - 09/14/26 00:00:56 - 0:07:54 - Epoch 399: train_loss=0.13682381808757782, train_acc= 96.10%
INFO - 09/14/26 00:00:56 - 0:07:54 - Epoch 400: train_loss=0.12933240830898285, train_acc= 96.24%
INFO - 09/14/26 00:00:56 - 0:07:54 - Epoch 400: val_loss=0.31621092557907104, val_acc= 91.24%,val_weighted_f1= 91.05,val_macro_f1= 89.77%
EarlyStopping counter: 2 out of 15
INFO - 09/14/26 00:00:56 - 0:07:54 - Epoch 401: train_loss=0.13417357206344604, train_acc= 95.93%
INFO - 09/14/26 00:00:57 - 0:07:55 - Epoch 402: train_loss=0.1295921802520752, train_acc= 96.27%
INFO - 09/14/26 00:00:57 - 0:07:55 - Epoch 403: train_loss=0.13173924386501312, train_acc= 96.19%
INFO - 09/14/26 00:00:57 - 0:07:55 - Epoch 404: train_loss=0.13148514926433563, train_acc= 96.28%
INFO - 09/14/26 00:00:57 - 0:07:55 - Epoch 405: train_loss=0.12697507441043854, train_acc= 96.49%
INFO - 09/14/26 00:00:57 - 0:07:55 - Epoch 405: val_loss=0.3129923641681671, val_acc= 91.35%,val_weighted_f1= 91.23,val_macro_f1= 90.26%
EarlyStopping counter: 3 out of 15
INFO - 09/14/26 00:00:58 - 0:07:56 - Epoch 406: train_loss=0.13174313306808472, train_acc= 96.07%
INFO - 09/14/26 00:00:58 - 0:07:56 - Epoch 407: train_loss=0.12874835729599, train_acc= 96.23%
INFO - 09/14/26 00:00:58 - 0:07:56 - Epoch 408: train_loss=0.12853607535362244, train_acc= 96.39%
INFO - 09/14/26 00:00:58 - 0:07:56 - Epoch 409: train_loss=0.12571440637111664, train_acc= 96.51%
INFO - 09/14/26 00:00:58 - 0:07:57 - Epoch 410: train_loss=0.12949238717556, train_acc= 96.27%
INFO - 09/14/26 00:00:59 - 0:07:57 - Epoch 410: val_loss=0.307569682598114, val_acc= 91.35%,val_weighted_f1= 91.26,val_macro_f1= 90.28%
EarlyStopping counter: 4 out of 15
INFO - 09/14/26 00:00:59 - 0:07:57 - Epoch 411: train_loss=0.1258898228406906, train_acc= 96.36%
INFO - 09/14/26 00:00:59 - 0:07:57 - Epoch 412: train_loss=0.1259000152349472, train_acc= 96.40%
INFO - 09/14/26 00:00:59 - 0:07:57 - Epoch 413: train_loss=0.12474296241998672, train_acc= 96.41%
INFO - 09/14/26 00:00:59 - 0:07:58 - Epoch 414: train_loss=0.12717308104038239, train_acc= 96.23%
INFO - 09/14/26 00:01:00 - 0:07:58 - Epoch 415: train_loss=0.12392767518758774, train_acc= 96.53%
INFO - 09/14/26 00:01:00 - 0:07:58 - Epoch 415: val_loss=0.30509358644485474, val_acc= 91.53%,val_weighted_f1= 91.52,val_macro_f1= 91.00%
EarlyStopping counter: 5 out of 15
INFO - 09/14/26 00:01:00 - 0:07:58 - Epoch 416: train_loss=0.12817691266536713, train_acc= 96.32%
INFO - 09/14/26 00:01:00 - 0:07:58 - Epoch 417: train_loss=0.12426337599754333, train_acc= 96.24%
INFO - 09/14/26 00:01:00 - 0:07:58 - Epoch 418: train_loss=0.124333955347538, train_acc= 96.38%
INFO - 09/14/26 00:01:01 - 0:07:59 - Epoch 419: train_loss=0.12247125804424286, train_acc= 96.40%
INFO - 09/14/26 00:01:01 - 0:07:59 - Epoch 420: train_loss=0.11965610086917877, train_acc= 96.67%
INFO - 09/14/26 00:01:01 - 0:07:59 - Epoch 420: val_loss=0.310863196849823, val_acc= 91.35%,val_weighted_f1= 91.33,val_macro_f1= 90.80%
EarlyStopping counter: 6 out of 15
INFO - 09/14/26 00:01:01 - 0:07:59 - Epoch 421: train_loss=0.12323971837759018, train_acc= 96.52%
INFO - 09/14/26 00:01:01 - 0:07:59 - Epoch 422: train_loss=0.12156626582145691, train_acc= 96.49%
INFO - 09/14/26 00:01:02 - 0:08:00 - Epoch 423: train_loss=0.12114425748586655, train_acc= 96.43%
INFO - 09/14/26 00:01:02 - 0:08:00 - Epoch 424: train_loss=0.11975724250078201, train_acc= 96.61%
INFO - 09/14/26 00:01:02 - 0:08:00 - Epoch 425: train_loss=0.12060756236314774, train_acc= 96.53%
INFO - 09/14/26 00:01:02 - 0:08:00 - Epoch 425: val_loss=0.3125004172325134, val_acc= 91.35%,val_weighted_f1= 91.28,val_macro_f1= 90.50%
EarlyStopping counter: 7 out of 15
INFO - 09/14/26 00:01:02 - 0:08:00 - Epoch 426: train_loss=0.11983955651521683, train_acc= 96.68%
INFO - 09/14/26 00:01:03 - 0:08:01 - Epoch 427: train_loss=0.11954125016927719, train_acc= 96.38%
INFO - 09/14/26 00:01:03 - 0:08:01 - Epoch 428: train_loss=0.12030809372663498, train_acc= 96.64%
INFO - 09/14/26 00:01:03 - 0:08:01 - Epoch 429: train_loss=0.11746913939714432, train_acc= 96.74%
INFO - 09/14/26 00:01:03 - 0:08:01 - Epoch 430: train_loss=0.11721254140138626, train_acc= 96.70%
INFO - 09/14/26 00:01:03 - 0:08:01 - Epoch 430: val_loss=0.3147079646587372, val_acc= 91.35%,val_weighted_f1= 91.27,val_macro_f1= 90.39%
EarlyStopping counter: 8 out of 15
INFO - 09/14/26 00:01:04 - 0:08:02 - Epoch 431: train_loss=0.11787346750497818, train_acc= 96.46%
INFO - 09/14/26 00:01:04 - 0:08:02 - Epoch 432: train_loss=0.11416845768690109, train_acc= 96.72%
INFO - 09/14/26 00:01:04 - 0:08:02 - Epoch 433: train_loss=0.12048240005970001, train_acc= 96.30%
INFO - 09/14/26 00:01:04 - 0:08:02 - Epoch 434: train_loss=0.11686944216489792, train_acc= 96.62%
INFO - 09/14/26 00:01:04 - 0:08:03 - Epoch 435: train_loss=0.11471731960773468, train_acc= 96.72%
INFO - 09/14/26 00:01:05 - 0:08:03 - Epoch 435: val_loss=0.31420931220054626, val_acc= 91.31%,val_weighted_f1= 91.29,val_macro_f1= 90.77%
EarlyStopping counter: 9 out of 15
INFO - 09/14/26 00:01:05 - 0:08:03 - Epoch 436: train_loss=0.11301709711551666, train_acc= 96.84%
INFO - 09/14/26 00:01:05 - 0:08:03 - Epoch 437: train_loss=0.11841292679309845, train_acc= 96.69%
INFO - 09/14/26 00:01:05 - 0:08:03 - Epoch 438: train_loss=0.11384427547454834, train_acc= 96.58%
INFO - 09/14/26 00:01:05 - 0:08:04 - Epoch 439: train_loss=0.11553029716014862, train_acc= 96.68%
INFO - 09/14/26 00:01:06 - 0:08:04 - Epoch 440: train_loss=0.11410482227802277, train_acc= 96.70%
INFO - 09/14/26 00:01:06 - 0:08:04 - Epoch 440: val_loss=0.31548407673835754, val_acc= 91.38%,val_weighted_f1= 91.36,val_macro_f1= 90.74%
EarlyStopping counter: 10 out of 15
INFO - 09/14/26 00:01:06 - 0:08:04 - Epoch 441: train_loss=0.11034071445465088, train_acc= 96.91%
INFO - 09/14/26 00:01:06 - 0:08:04 - Epoch 442: train_loss=0.11142899096012115, train_acc= 96.81%
INFO - 09/14/26 00:01:06 - 0:08:05 - Epoch 443: train_loss=0.11268548667430878, train_acc= 96.76%
INFO - 09/14/26 00:01:07 - 0:08:05 - Epoch 444: train_loss=0.11568713933229446, train_acc= 96.59%
INFO - 09/14/26 00:01:07 - 0:08:05 - Epoch 445: train_loss=0.11489139497280121, train_acc= 96.63%
INFO - 09/14/26 00:01:07 - 0:08:05 - Epoch 445: val_loss=0.3269386291503906, val_acc= 91.24%,val_weighted_f1= 91.15,val_macro_f1= 90.21%
EarlyStopping counter: 11 out of 15
INFO - 09/14/26 00:01:07 - 0:08:05 - Epoch 446: train_loss=0.11356820166110992, train_acc= 96.58%
INFO - 09/14/26 00:01:07 - 0:08:06 - Epoch 447: train_loss=0.11448720097541809, train_acc= 96.78%
INFO - 09/14/26 00:01:08 - 0:08:06 - Epoch 448: train_loss=0.11140048503875732, train_acc= 96.95%
INFO - 09/14/26 00:01:08 - 0:08:06 - Epoch 449: train_loss=0.1095876470208168, train_acc= 96.90%
INFO - 09/14/26 00:01:08 - 0:08:06 - Epoch 450: train_loss=0.11598791927099228, train_acc= 96.50%
INFO - 09/14/26 00:01:08 - 0:08:06 - Epoch 450: val_loss=0.31759512424468994, val_acc= 91.45%,val_weighted_f1= 91.45,val_macro_f1= 90.86%
EarlyStopping counter: 12 out of 15
INFO - 09/14/26 00:01:08 - 0:08:07 - Epoch 451: train_loss=0.11113505065441132, train_acc= 96.84%
INFO - 09/14/26 00:01:09 - 0:08:07 - Epoch 452: train_loss=0.10823892056941986, train_acc= 96.83%
INFO - 09/14/26 00:01:09 - 0:08:07 - Epoch 453: train_loss=0.10986938327550888, train_acc= 96.78%
INFO - 09/14/26 00:01:09 - 0:08:07 - Epoch 454: train_loss=0.10969706624746323, train_acc= 96.87%
INFO - 09/14/26 00:01:09 - 0:08:07 - Epoch 455: train_loss=0.1082797572016716, train_acc= 97.01%
INFO - 09/14/26 00:01:09 - 0:08:07 - Epoch 455: val_loss=0.3201044201850891, val_acc= 91.31%,val_weighted_f1= 91.31,val_macro_f1= 90.80%
EarlyStopping counter: 13 out of 15
INFO - 09/14/26 00:01:10 - 0:08:08 - Epoch 456: train_loss=0.10742757469415665, train_acc= 97.04%
INFO - 09/14/26 00:01:10 - 0:08:08 - Epoch 457: train_loss=0.10903657972812653, train_acc= 96.95%
INFO - 09/14/26 00:01:10 - 0:08:08 - Epoch 458: train_loss=0.1093677431344986, train_acc= 96.93%
INFO - 09/14/26 00:01:10 - 0:08:08 - Epoch 459: train_loss=0.10578897595405579, train_acc= 96.95%
INFO - 09/14/26 00:01:10 - 0:08:09 - Epoch 460: train_loss=0.10516770929098129, train_acc= 96.93%
INFO - 09/14/26 00:01:11 - 0:08:09 - Epoch 460: val_loss=0.32094645500183105, val_acc= 91.35%,val_weighted_f1= 91.34,val_macro_f1= 90.86%
EarlyStopping counter: 14 out of 15
INFO - 09/14/26 00:01:11 - 0:08:09 - Epoch 461: train_loss=0.10988059639930725, train_acc= 96.90%
INFO - 09/14/26 00:01:11 - 0:08:09 - Epoch 462: train_loss=0.10764231532812119, train_acc= 96.76%
INFO - 09/14/26 00:01:11 - 0:08:09 - Epoch 463: train_loss=0.10765877366065979, train_acc= 96.96%
INFO - 09/14/26 00:01:11 - 0:08:10 - Epoch 464: train_loss=0.10781734436750412, train_acc= 96.91%
INFO - 09/14/26 00:01:12 - 0:08:10 - Epoch 465: train_loss=0.10855229943990707, train_acc= 96.76%
INFO - 09/14/26 00:01:12 - 0:08:10 - Epoch 465: val_loss=0.3342558741569519, val_acc= 91.09%,val_weighted_f1= 91.00,val_macro_f1= 90.01%
EarlyStopping counter: 15 out of 15
---------Early stopping--------
INFO - 09/14/26 00:01:12 - 0:08:10 - --------------Testing--------------------
INFO - 09/14/26 00:01:12 - 0:08:10 - --------------Loading from ./checkpoints/NC_computers_model.pt--------------------
INFO - 09/14/26 00:01:12 - 0:08:10 - test_acc= 91.60%, weighted_f1= 91.57,macro_f1= 90.76%
INFO - 09/14/26 00:01:12 - 0:08:10 - test_acc= 91.60%, weighted_f1= 91.57,macro_f1= 90.76%
INFO - 09/14/26 00:01:12 - 0:08:10 - Epoch 0: train_loss=2.574955463409424, train_acc= 5.45%
INFO - 09/14/26 00:01:12 - 0:08:10 - Epoch 0: val_loss=2.429563283920288, val_acc= 8.98%,val_weighted_f1= 10.29,val_macro_f1= 5.65%
INFO - 09/14/26 00:01:13 - 0:08:11 - Epoch 1: train_loss=2.436302423477173, train_acc= 9.77%
INFO - 09/14/26 00:01:13 - 0:08:11 - Epoch 2: train_loss=2.3143463134765625, train_acc= 16.52%
INFO - 09/14/26 00:01:13 - 0:08:11 - Epoch 3: train_loss=2.2135064601898193, train_acc= 23.42%
INFO - 09/14/26 00:01:13 - 0:08:11 - Epoch 4: train_loss=2.1373283863067627, train_acc= 28.13%
INFO - 09/14/26 00:01:13 - 0:08:12 - Epoch 5: train_loss=2.0707883834838867, train_acc= 32.06%
INFO - 09/14/26 00:01:13 - 0:08:12 - Epoch 5: val_loss=1.9959406852722168, val_acc= 36.51%,val_weighted_f1= 23.65,val_macro_f1= 7.58%
INFO - 09/14/26 00:01:14 - 0:08:12 - Epoch 6: train_loss=2.0133440494537354, train_acc= 34.82%
INFO - 09/14/26 00:01:14 - 0:08:12 - Epoch 7: train_loss=1.9793298244476318, train_acc= 35.65%
INFO - 09/14/26 00:01:14 - 0:08:12 - Epoch 8: train_loss=1.9407870769500732, train_acc= 37.07%
INFO - 09/14/26 00:01:14 - 0:08:12 - Epoch 9: train_loss=1.9064024686813354, train_acc= 37.75%
INFO - 09/14/26 00:01:15 - 0:08:13 - Epoch 10: train_loss=1.8756998777389526, train_acc= 38.51%
INFO - 09/14/26 00:01:15 - 0:08:13 - Epoch 10: val_loss=1.8440381288528442, val_acc= 40.58%,val_weighted_f1= 27.41,val_macro_f1= 9.37%
INFO - 09/14/26 00:01:15 - 0:08:13 - Epoch 11: train_loss=1.8539754152297974, train_acc= 39.03%
INFO - 09/14/26 00:01:15 - 0:08:13 - Epoch 12: train_loss=1.8338221311569214, train_acc= 40.29%
INFO - 09/14/26 00:01:15 - 0:08:13 - Epoch 13: train_loss=1.810206413269043, train_acc= 41.40%
INFO - 09/14/26 00:01:16 - 0:08:14 - Epoch 14: train_loss=1.7880308628082275, train_acc= 42.57%
INFO - 09/14/26 00:01:16 - 0:08:14 - Epoch 15: train_loss=1.7754708528518677, train_acc= 43.15%
INFO - 09/14/26 00:01:16 - 0:08:14 - Epoch 15: val_loss=1.7532151937484741, val_acc= 45.67%,val_weighted_f1= 35.04,val_macro_f1= 13.78%
INFO - 09/14/26 00:01:16 - 0:08:14 - Epoch 16: train_loss=1.7576396465301514, train_acc= 44.15%
INFO - 09/14/26 00:01:16 - 0:08:14 - Epoch 17: train_loss=1.7369358539581299, train_acc= 44.61%
INFO - 09/14/26 00:01:17 - 0:08:15 - Epoch 18: train_loss=1.7171823978424072, train_acc= 44.97%
INFO - 09/14/26 00:01:17 - 0:08:15 - Epoch 19: train_loss=1.7015902996063232, train_acc= 44.86%
INFO - 09/14/26 00:01:17 - 0:08:15 - Epoch 20: train_loss=1.6822879314422607, train_acc= 45.56%
INFO - 09/14/26 00:01:17 - 0:08:15 - Epoch 20: val_loss=1.6576040983200073, val_acc= 46.73%,val_weighted_f1= 36.29,val_macro_f1= 15.11%
INFO - 09/14/26 00:01:17 - 0:08:15 - Epoch 21: train_loss=1.6629612445831299, train_acc= 45.55%
INFO - 09/14/26 00:01:18 - 0:08:16 - Epoch 22: train_loss=1.6480153799057007, train_acc= 45.77%
INFO - 09/14/26 00:01:18 - 0:08:16 - Epoch 23: train_loss=1.624883770942688, train_acc= 46.87%
INFO - 09/14/26 00:01:18 - 0:08:16 - Epoch 24: train_loss=1.6086777448654175, train_acc= 47.33%
INFO - 09/14/26 00:01:18 - 0:08:16 - Epoch 25: train_loss=1.5856221914291382, train_acc= 48.33%
INFO - 09/14/26 00:01:18 - 0:08:16 - Epoch 25: val_loss=1.5507265329360962, val_acc= 50.80%,val_weighted_f1= 41.73,val_macro_f1= 18.71%
INFO - 09/14/26 00:01:18 - 0:08:17 - Epoch 26: train_loss=1.5687474012374878, train_acc= 48.86%
INFO - 09/14/26 00:01:19 - 0:08:17 - Epoch 27: train_loss=1.5490562915802002, train_acc= 50.32%
INFO - 09/14/26 00:01:19 - 0:08:17 - Epoch 28: train_loss=1.529130458831787, train_acc= 50.97%
INFO - 09/14/26 00:01:19 - 0:08:17 - Epoch 29: train_loss=1.510674238204956, train_acc= 52.41%
INFO - 09/14/26 00:01:19 - 0:08:17 - Epoch 30: train_loss=1.4904944896697998, train_acc= 53.26%
INFO - 09/14/26 00:01:19 - 0:08:18 - Epoch 30: val_loss=1.4348065853118896, val_acc= 55.53%,val_weighted_f1= 47.61,val_macro_f1= 22.69%
INFO - 09/14/26 00:01:20 - 0:08:18 - Epoch 31: train_loss=1.468892216682434, train_acc= 54.24%
INFO - 09/14/26 00:01:20 - 0:08:18 - Epoch 32: train_loss=1.451237440109253, train_acc= 54.94%
INFO - 09/14/26 00:01:20 - 0:08:18 - Epoch 33: train_loss=1.4286551475524902, train_acc= 55.73%
INFO - 09/14/26 00:01:20 - 0:08:18 - Epoch 34: train_loss=1.4093608856201172, train_acc= 56.19%
INFO - 09/14/26 00:01:21 - 0:08:19 - Epoch 35: train_loss=1.387961983680725, train_acc= 57.37%
INFO - 09/14/26 00:01:21 - 0:08:19 - Epoch 35: val_loss=1.3195596933364868, val_acc= 59.13%,val_weighted_f1= 51.40,val_macro_f1= 25.53%
INFO - 09/14/26 00:01:21 - 0:08:19 - Epoch 36: train_loss=1.3675788640975952, train_acc= 58.06%
INFO - 09/14/26 00:01:21 - 0:08:19 - Epoch 37: train_loss=1.3487498760223389, train_acc= 58.86%
INFO - 09/14/26 00:01:21 - 0:08:19 - Epoch 38: train_loss=1.3227403163909912, train_acc= 59.85%
INFO - 09/14/26 00:01:22 - 0:08:20 - Epoch 39: train_loss=1.298120141029358, train_acc= 60.74%
INFO - 09/14/26 00:01:22 - 0:08:20 - Epoch 40: train_loss=1.2834099531173706, train_acc= 61.45%
INFO - 09/14/26 00:01:22 - 0:08:20 - Epoch 40: val_loss=1.2052242755889893, val_acc= 63.82%,val_weighted_f1= 56.33,val_macro_f1= 28.72%
INFO - 09/14/26 00:01:22 - 0:08:20 - Epoch 41: train_loss=1.2617818117141724, train_acc= 62.34%
INFO - 09/14/26 00:01:22 - 0:08:20 - Epoch 42: train_loss=1.2388496398925781, train_acc= 62.98%
INFO - 09/14/26 00:01:23 - 0:08:21 - Epoch 43: train_loss=1.2184871435165405, train_acc= 64.11%
INFO - 09/14/26 00:01:23 - 0:08:21 - Epoch 44: train_loss=1.1973873376846313, train_acc= 64.55%
INFO - 09/14/26 00:01:23 - 0:08:21 - Epoch 45: train_loss=1.1800302267074585, train_acc= 65.06%
INFO - 09/14/26 00:01:23 - 0:08:21 - Epoch 45: val_loss=1.0990335941314697, val_acc= 66.36%,val_weighted_f1= 59.47,val_macro_f1= 31.61%
INFO - 09/14/26 00:01:23 - 0:08:21 - Epoch 46: train_loss=1.1545580625534058, train_acc= 65.61%
INFO - 09/14/26 00:01:24 - 0:08:22 - Epoch 47: train_loss=1.1362262964248657, train_acc= 66.15%
INFO - 09/14/26 00:01:24 - 0:08:22 - Epoch 48: train_loss=1.1191203594207764, train_acc= 66.77%
INFO - 09/14/26 00:01:24 - 0:08:22 - Epoch 49: train_loss=1.0957812070846558, train_acc= 67.45%
INFO - 09/14/26 00:01:24 - 0:08:22 - Epoch 50: train_loss=1.0707861185073853, train_acc= 68.19%
INFO - 09/14/26 00:01:24 - 0:08:22 - Epoch 50: val_loss=1.000472068786621, val_acc= 69.42%,val_weighted_f1= 63.08,val_macro_f1= 34.95%
INFO - 09/14/26 00:01:25 - 0:08:23 - Epoch 51: train_loss=1.0540918111801147, train_acc= 68.60%
INFO - 09/14/26 00:01:25 - 0:08:23 - Epoch 52: train_loss=1.0382006168365479, train_acc= 68.93%
INFO - 09/14/26 00:01:25 - 0:08:23 - Epoch 53: train_loss=1.0160523653030396, train_acc= 69.74%
INFO - 09/14/26 00:01:25 - 0:08:23 - Epoch 54: train_loss=1.0035009384155273, train_acc= 70.12%
INFO - 09/14/26 00:01:25 - 0:08:24 - Epoch 55: train_loss=0.9804643392562866, train_acc= 70.29%
INFO - 09/14/26 00:01:26 - 0:08:24 - Epoch 55: val_loss=0.9134601354598999, val_acc= 71.71%,val_weighted_f1= 65.62,val_macro_f1= 37.53%
INFO - 09/14/26 00:01:26 - 0:08:24 - Epoch 56: train_loss=0.9647511839866638, train_acc= 70.52%
INFO - 09/14/26 00:01:26 - 0:08:24 - Epoch 57: train_loss=0.9431378841400146, train_acc= 71.47%
INFO - 09/14/26 00:01:26 - 0:08:24 - Epoch 58: train_loss=0.9304916262626648, train_acc= 71.61%
INFO - 09/14/26 00:01:26 - 0:08:25 - Epoch 59: train_loss=0.9153870940208435, train_acc= 71.91%
INFO - 09/14/26 00:01:27 - 0:08:25 - Epoch 60: train_loss=0.8980570435523987, train_acc= 72.49%
INFO - 09/14/26 00:01:27 - 0:08:25 - Epoch 60: val_loss=0.8318486213684082, val_acc= 73.49%,val_weighted_f1= 67.83,val_macro_f1= 40.19%
INFO - 09/14/26 00:01:27 - 0:08:25 - Epoch 61: train_loss=0.8811444044113159, train_acc= 73.01%
INFO - 09/14/26 00:01:27 - 0:08:25 - Epoch 62: train_loss=0.8681101202964783, train_acc= 73.78%
INFO - 09/14/26 00:01:27 - 0:08:26 - Epoch 63: train_loss=0.8485410213470459, train_acc= 74.14%
INFO - 09/14/26 00:01:28 - 0:08:26 - Epoch 64: train_loss=0.8348115682601929, train_acc= 74.05%
INFO - 09/14/26 00:01:28 - 0:08:26 - Epoch 65: train_loss=0.8212887048721313, train_acc= 74.67%
INFO - 09/14/26 00:01:28 - 0:08:26 - Epoch 65: val_loss=0.7583320140838623, val_acc= 75.60%,val_weighted_f1= 70.90,val_macro_f1= 45.92%
INFO - 09/14/26 00:01:28 - 0:08:26 - Epoch 66: train_loss=0.8088907599449158, train_acc= 75.40%
INFO - 09/14/26 00:01:28 - 0:08:27 - Epoch 67: train_loss=0.7967075705528259, train_acc= 75.78%
INFO - 09/14/26 00:01:29 - 0:08:27 - Epoch 68: train_loss=0.7805280089378357, train_acc= 75.75%
INFO - 09/14/26 00:01:29 - 0:08:27 - Epoch 69: train_loss=0.7678625583648682, train_acc= 76.15%
INFO - 09/14/26 00:01:29 - 0:08:27 - Epoch 70: train_loss=0.7522076964378357, train_acc= 76.81%
INFO - 09/14/26 00:01:29 - 0:08:27 - Epoch 70: val_loss=0.6946424841880798, val_acc= 77.27%,val_weighted_f1= 73.27,val_macro_f1= 50.72%
INFO - 09/14/26 00:01:29 - 0:08:28 - Epoch 71: train_loss=0.7430130243301392, train_acc= 77.24%
INFO - 09/14/26 00:01:30 - 0:08:28 - Epoch 72: train_loss=0.7297136187553406, train_acc= 77.80%
INFO - 09/14/26 00:01:30 - 0:08:28 - Epoch 73: train_loss=0.7190724611282349, train_acc= 77.98%
INFO - 09/14/26 00:01:30 - 0:08:28 - Epoch 74: train_loss=0.7121628522872925, train_acc= 78.08%
INFO - 09/14/26 00:01:30 - 0:08:28 - Epoch 75: train_loss=0.6989968419075012, train_acc= 78.64%
INFO - 09/14/26 00:01:30 - 0:08:28 - Epoch 75: val_loss=0.6407015323638916, val_acc= 79.45%,val_weighted_f1= 76.03,val_macro_f1= 56.39%
INFO - 09/14/26 00:01:31 - 0:08:29 - Epoch 76: train_loss=0.6894461512565613, train_acc= 78.76%
INFO - 09/14/26 00:01:31 - 0:08:29 - Epoch 77: train_loss=0.6713764667510986, train_acc= 79.40%
INFO - 09/14/26 00:01:31 - 0:08:29 - Epoch 78: train_loss=0.6682225465774536, train_acc= 79.35%
INFO - 09/14/26 00:01:31 - 0:08:29 - Epoch 79: train_loss=0.6554957032203674, train_acc= 79.68%
INFO - 09/14/26 00:01:31 - 0:08:30 - Epoch 80: train_loss=0.6437334418296814, train_acc= 80.07%
INFO - 09/14/26 00:01:32 - 0:08:30 - Epoch 80: val_loss=0.5934284925460815, val_acc= 81.20%,val_weighted_f1= 78.44,val_macro_f1= 62.95%
INFO - 09/14/26 00:01:32 - 0:08:30 - Epoch 81: train_loss=0.636867105960846, train_acc= 80.67%
INFO - 09/14/26 00:01:32 - 0:08:30 - Epoch 82: train_loss=0.6277782917022705, train_acc= 80.72%
INFO - 09/14/26 00:01:32 - 0:08:30 - Epoch 83: train_loss=0.6200110912322998, train_acc= 81.00%
INFO - 09/14/26 00:01:32 - 0:08:31 - Epoch 84: train_loss=0.6081280708312988, train_acc= 81.52%
INFO - 09/14/26 00:01:33 - 0:08:31 - Epoch 85: train_loss=0.6023082733154297, train_acc= 81.64%
INFO - 09/14/26 00:01:33 - 0:08:31 - Epoch 85: val_loss=0.5520959496498108, val_acc= 82.44%,val_weighted_f1= 80.21,val_macro_f1= 67.31%
INFO - 09/14/26 00:01:33 - 0:08:31 - Epoch 86: train_loss=0.5867059230804443, train_acc= 82.00%
INFO - 09/14/26 00:01:33 - 0:08:31 - Epoch 87: train_loss=0.5866798758506775, train_acc= 82.49%
INFO - 09/14/26 00:01:33 - 0:08:32 - Epoch 88: train_loss=0.5779001712799072, train_acc= 82.33%
INFO - 09/14/26 00:01:34 - 0:08:32 - Epoch 89: train_loss=0.5655171871185303, train_acc= 82.99%
INFO - 09/14/26 00:01:34 - 0:08:32 - Epoch 90: train_loss=0.5625587701797485, train_acc= 82.93%
INFO - 09/14/26 00:01:34 - 0:08:32 - Epoch 90: val_loss=0.5191022753715515, val_acc= 83.31%,val_weighted_f1= 81.27,val_macro_f1= 69.22%
INFO - 09/14/26 00:01:34 - 0:08:32 - Epoch 91: train_loss=0.553042471408844, train_acc= 83.30%
INFO - 09/14/26 00:01:34 - 0:08:32 - Epoch 92: train_loss=0.5486800074577332, train_acc= 83.40%
INFO - 09/14/26 00:01:35 - 0:08:33 - Epoch 93: train_loss=0.5391814708709717, train_acc= 83.85%
INFO - 09/14/26 00:01:35 - 0:08:33 - Epoch 94: train_loss=0.5316222310066223, train_acc= 84.26%
INFO - 09/14/26 00:01:35 - 0:08:33 - Epoch 95: train_loss=0.5262380242347717, train_acc= 84.19%
INFO - 09/14/26 00:01:35 - 0:08:33 - Epoch 95: val_loss=0.49086669087409973, val_acc= 84.29%,val_weighted_f1= 82.50,val_macro_f1= 71.84%
INFO - 09/14/26 00:01:35 - 0:08:33 - Epoch 96: train_loss=0.5213245749473572, train_acc= 84.31%
INFO - 09/14/26 00:01:36 - 0:08:34 - Epoch 97: train_loss=0.5154438018798828, train_acc= 84.25%
INFO - 09/14/26 00:01:36 - 0:08:34 - Epoch 98: train_loss=0.5040788054466248, train_acc= 84.73%
INFO - 09/14/26 00:01:36 - 0:08:34 - Epoch 99: train_loss=0.49773842096328735, train_acc= 84.95%
INFO - 09/14/26 00:01:36 - 0:08:34 - Epoch 100: train_loss=0.49456360936164856, train_acc= 85.18%
INFO - 09/14/26 00:01:36 - 0:08:34 - Epoch 100: val_loss=0.4660557508468628, val_acc= 85.16%,val_weighted_f1= 83.64,val_macro_f1= 74.83%
INFO - 09/14/26 00:01:37 - 0:08:35 - Epoch 101: train_loss=0.49411240220069885, train_acc= 84.86%
INFO - 09/14/26 00:01:37 - 0:08:35 - Epoch 102: train_loss=0.4818369448184967, train_acc= 85.49%
INFO - 09/14/26 00:01:37 - 0:08:35 - Epoch 103: train_loss=0.4792286157608032, train_acc= 85.42%
INFO - 09/14/26 00:01:37 - 0:08:35 - Epoch 104: train_loss=0.47432559728622437, train_acc= 85.80%
INFO - 09/14/26 00:01:37 - 0:08:36 - Epoch 105: train_loss=0.47165346145629883, train_acc= 85.66%
INFO - 09/14/26 00:01:38 - 0:08:36 - Epoch 105: val_loss=0.448460191488266, val_acc= 85.45%,val_weighted_f1= 83.93,val_macro_f1= 75.18%
INFO - 09/14/26 00:01:38 - 0:08:36 - Epoch 106: train_loss=0.4651497006416321, train_acc= 85.72%
INFO - 09/14/26 00:01:38 - 0:08:36 - Epoch 107: train_loss=0.46009546518325806, train_acc= 86.34%
INFO - 09/14/26 00:01:38 - 0:08:36 - Epoch 108: train_loss=0.4557441174983978, train_acc= 86.33%
INFO - 09/14/26 00:01:38 - 0:08:37 - Epoch 109: train_loss=0.4492149353027344, train_acc= 86.52%
INFO - 09/14/26 00:01:39 - 0:08:37 - Epoch 110: train_loss=0.44685208797454834, train_acc= 86.73%
INFO - 09/14/26 00:01:39 - 0:08:37 - Epoch 110: val_loss=0.4302620589733124, val_acc= 85.89%,val_weighted_f1= 84.45,val_macro_f1= 76.39%
INFO - 09/14/26 00:01:39 - 0:08:37 - Epoch 111: train_loss=0.4428291916847229, train_acc= 86.86%
INFO - 09/14/26 00:01:39 - 0:08:37 - Epoch 112: train_loss=0.43903428316116333, train_acc= 87.09%
INFO - 09/14/26 00:01:39 - 0:08:38 - Epoch 113: train_loss=0.4359252154827118, train_acc= 86.96%
INFO - 09/14/26 00:01:40 - 0:08:38 - Epoch 114: train_loss=0.4311574399471283, train_acc= 86.80%
INFO - 09/14/26 00:01:40 - 0:08:38 - Epoch 115: train_loss=0.4223940074443817, train_acc= 86.92%
INFO - 09/14/26 00:01:40 - 0:08:38 - Epoch 115: val_loss=0.41486456990242004, val_acc= 86.36%,val_weighted_f1= 85.09,val_macro_f1= 77.78%
INFO - 09/14/26 00:01:40 - 0:08:38 - Epoch 116: train_loss=0.42205724120140076, train_acc= 87.23%
INFO - 09/14/26 00:01:40 - 0:08:38 - Epoch 117: train_loss=0.41914674639701843, train_acc= 87.31%
INFO - 09/14/26 00:01:41 - 0:08:39 - Epoch 118: train_loss=0.41622623801231384, train_acc= 87.28%
INFO - 09/14/26 00:01:41 - 0:08:39 - Epoch 119: train_loss=0.4136029779911041, train_acc= 87.13%
INFO - 09/14/26 00:01:41 - 0:08:39 - Epoch 120: train_loss=0.4110659062862396, train_acc= 87.45%
INFO - 09/14/26 00:01:41 - 0:08:39 - Epoch 120: val_loss=0.4048630893230438, val_acc= 86.69%,val_weighted_f1= 85.33,val_macro_f1= 78.04%
INFO - 09/14/26 00:01:41 - 0:08:40 - Epoch 121: train_loss=0.40801799297332764, train_acc= 87.48%
INFO - 09/14/26 00:01:42 - 0:08:40 - Epoch 122: train_loss=0.39930757880210876, train_acc= 87.82%
INFO - 09/14/26 00:01:42 - 0:08:40 - Epoch 123: train_loss=0.3998863697052002, train_acc= 87.98%
INFO - 09/14/26 00:01:42 - 0:08:40 - Epoch 124: train_loss=0.39679160714149475, train_acc= 88.08%
INFO - 09/14/26 00:01:42 - 0:08:40 - Epoch 125: train_loss=0.39038968086242676, train_acc= 88.37%
INFO - 09/14/26 00:01:42 - 0:08:41 - Epoch 125: val_loss=0.39190539717674255, val_acc= 87.16%,val_weighted_f1= 85.96,val_macro_f1= 79.73%
INFO - 09/14/26 00:01:43 - 0:08:41 - Epoch 126: train_loss=0.3915436267852783, train_acc= 88.11%
INFO - 09/14/26 00:01:43 - 0:08:41 - Epoch 127: train_loss=0.3806212842464447, train_acc= 88.62%
INFO - 09/14/26 00:01:43 - 0:08:41 - Epoch 128: train_loss=0.3857877552509308, train_acc= 88.23%
INFO - 09/14/26 00:01:43 - 0:08:41 - Epoch 129: train_loss=0.3811095952987671, train_acc= 88.50%
INFO - 09/14/26 00:01:43 - 0:08:42 - Epoch 130: train_loss=0.37963199615478516, train_acc= 88.41%
INFO - 09/14/26 00:01:44 - 0:08:42 - Epoch 130: val_loss=0.38163551688194275, val_acc= 87.64%,val_weighted_f1= 86.53,val_macro_f1= 81.18%
INFO - 09/14/26 00:01:44 - 0:08:42 - Epoch 131: train_loss=0.3753708004951477, train_acc= 88.46%
INFO - 09/14/26 00:01:44 - 0:08:42 - Epoch 132: train_loss=0.37615254521369934, train_acc= 88.75%
INFO - 09/14/26 00:01:44 - 0:08:42 - Epoch 133: train_loss=0.36550092697143555, train_acc= 88.97%
INFO - 09/14/26 00:01:44 - 0:08:43 - Epoch 134: train_loss=0.3648184537887573, train_acc= 89.01%
INFO - 09/14/26 00:01:45 - 0:08:43 - Epoch 135: train_loss=0.3636046051979065, train_acc= 89.08%
INFO - 09/14/26 00:01:45 - 0:08:43 - Epoch 135: val_loss=0.37376776337623596, val_acc= 87.78%,val_weighted_f1= 86.66,val_macro_f1= 81.23%
INFO - 09/14/26 00:01:45 - 0:08:43 - Epoch 136: train_loss=0.3608659505844116, train_acc= 89.12%
INFO - 09/14/26 00:01:45 - 0:08:43 - Epoch 137: train_loss=0.35822606086730957, train_acc= 89.14%
INFO - 09/14/26 00:01:45 - 0:08:44 - Epoch 138: train_loss=0.3560951054096222, train_acc= 89.47%
INFO - 09/14/26 00:01:46 - 0:08:44 - Epoch 139: train_loss=0.3517814874649048, train_acc= 89.61%
INFO - 09/14/26 00:01:46 - 0:08:44 - Epoch 140: train_loss=0.3534366190433502, train_acc= 89.59%
INFO - 09/14/26 00:01:46 - 0:08:44 - Epoch 140: val_loss=0.36651936173439026, val_acc= 87.96%,val_weighted_f1= 86.78,val_macro_f1= 81.47%
INFO - 09/14/26 00:01:46 - 0:08:44 - Epoch 141: train_loss=0.3469083607196808, train_acc= 89.71%
INFO - 09/14/26 00:01:46 - 0:08:45 - Epoch 142: train_loss=0.3459049463272095, train_acc= 89.44%
INFO - 09/14/26 00:01:47 - 0:08:45 - Epoch 143: train_loss=0.34193533658981323, train_acc= 89.61%
INFO - 09/14/26 00:01:47 - 0:08:45 - Epoch 144: train_loss=0.3448941707611084, train_acc= 89.72%
INFO - 09/14/26 00:01:47 - 0:08:45 - Epoch 145: train_loss=0.3436102569103241, train_acc= 89.69%
INFO - 09/14/26 00:01:47 - 0:08:45 - Epoch 145: val_loss=0.3605767488479614, val_acc= 88.22%,val_weighted_f1= 87.16,val_macro_f1= 82.23%
INFO - 09/14/26 00:01:47 - 0:08:46 - Epoch 146: train_loss=0.33523130416870117, train_acc= 89.95%
INFO - 09/14/26 00:01:48 - 0:08:46 - Epoch 147: train_loss=0.3336164653301239, train_acc= 89.82%
INFO - 09/14/26 00:01:48 - 0:08:46 - Epoch 148: train_loss=0.33673030138015747, train_acc= 89.72%
INFO - 09/14/26 00:01:48 - 0:08:46 - Epoch 149: train_loss=0.3330082297325134, train_acc= 89.89%
INFO - 09/14/26 00:01:48 - 0:08:46 - Epoch 150: train_loss=0.33004066348075867, train_acc= 89.86%
INFO - 09/14/26 00:01:48 - 0:08:47 - Epoch 150: val_loss=0.35200759768486023, val_acc= 88.58%,val_weighted_f1= 87.59,val_macro_f1= 82.98%
INFO - 09/14/26 00:01:49 - 0:08:47 - Epoch 151: train_loss=0.3272427022457123, train_acc= 90.12%
INFO - 09/14/26 00:01:49 - 0:08:47 - Epoch 152: train_loss=0.3261736035346985, train_acc= 90.00%
INFO - 09/14/26 00:01:49 - 0:08:47 - Epoch 153: train_loss=0.32197707891464233, train_acc= 90.43%
INFO - 09/14/26 00:01:49 - 0:08:47 - Epoch 154: train_loss=0.32406118512153625, train_acc= 90.09%
INFO - 09/14/26 00:01:50 - 0:08:48 - Epoch 155: train_loss=0.3202703595161438, train_acc= 90.28%
INFO - 09/14/26 00:01:50 - 0:08:48 - Epoch 155: val_loss=0.34771597385406494, val_acc= 88.84%,val_weighted_f1= 87.83,val_macro_f1= 83.25%
INFO - 09/14/26 00:01:50 - 0:08:48 - Epoch 156: train_loss=0.3200286328792572, train_acc= 90.08%
INFO - 09/14/26 00:01:50 - 0:08:48 - Epoch 157: train_loss=0.31765031814575195, train_acc= 90.22%
INFO - 09/14/26 00:01:50 - 0:08:48 - Epoch 158: train_loss=0.3152860403060913, train_acc= 90.63%
INFO - 09/14/26 00:01:51 - 0:08:49 - Epoch 159: train_loss=0.31545311212539673, train_acc= 90.50%
INFO - 09/14/26 00:01:51 - 0:08:49 - Epoch 160: train_loss=0.3096730709075928, train_acc= 90.39%
INFO - 09/14/26 00:01:51 - 0:08:49 - Epoch 160: val_loss=0.34191593527793884, val_acc= 88.80%,val_weighted_f1= 87.83,val_macro_f1= 83.46%
EarlyStopping counter: 1 out of 15
INFO - 09/14/26 00:01:51 - 0:08:49 - Epoch 161: train_loss=0.3101749122142792, train_acc= 90.57%
INFO - 09/14/26 00:01:51 - 0:08:49 - Epoch 162: train_loss=0.3083725869655609, train_acc= 90.55%
INFO - 09/14/26 00:01:52 - 0:08:50 - Epoch 163: train_loss=0.30426016449928284, train_acc= 91.17%
INFO - 09/14/26 00:01:52 - 0:08:50 - Epoch 164: train_loss=0.3080047369003296, train_acc= 90.78%
INFO - 09/14/26 00:01:52 - 0:08:50 - Epoch 165: train_loss=0.3047013282775879, train_acc= 90.51%
INFO - 09/14/26 00:01:52 - 0:08:50 - Epoch 165: val_loss=0.335874080657959, val_acc= 89.16%,val_weighted_f1= 88.20,val_macro_f1= 83.86%
INFO - 09/14/26 00:01:52 - 0:08:50 - Epoch 166: train_loss=0.30222681164741516, train_acc= 90.86%
INFO - 09/14/26 00:01:52 - 0:08:51 - Epoch 167: train_loss=0.3018834590911865, train_acc= 90.77%
INFO - 09/14/26 00:01:53 - 0:08:51 - Epoch 168: train_loss=0.30020543932914734, train_acc= 91.03%
INFO - 09/14/26 00:01:53 - 0:08:51 - Epoch 169: train_loss=0.29721665382385254, train_acc= 90.90%
INFO - 09/14/26 00:01:53 - 0:08:51 - Epoch 170: train_loss=0.29604655504226685, train_acc= 90.68%
INFO - 09/14/26 00:01:53 - 0:08:51 - Epoch 170: val_loss=0.3310989737510681, val_acc= 89.05%,val_weighted_f1= 88.19,val_macro_f1= 84.12%
EarlyStopping counter: 1 out of 15
INFO - 09/14/26 00:01:53 - 0:08:52 - Epoch 171: train_loss=0.2949097752571106, train_acc= 90.92%
INFO - 09/14/26 00:01:54 - 0:08:52 - Epoch 172: train_loss=0.29263725876808167, train_acc= 91.06%
INFO - 09/14/26 00:01:54 - 0:08:52 - Epoch 173: train_loss=0.29301345348358154, train_acc= 91.24%
INFO - 09/14/26 00:01:54 - 0:08:52 - Epoch 174: train_loss=0.2919975221157074, train_acc= 91.06%
INFO - 09/14/26 00:01:54 - 0:08:52 - Epoch 175: train_loss=0.2864946126937866, train_acc= 91.26%
INFO - 09/14/26 00:01:54 - 0:08:53 - Epoch 175: val_loss=0.32571130990982056, val_acc= 89.45%,val_weighted_f1= 88.62,val_macro_f1= 84.78%
INFO - 09/14/26 00:01:55 - 0:08:53 - Epoch 176: train_loss=0.28981342911720276, train_acc= 90.92%
INFO - 09/14/26 00:01:55 - 0:08:53 - Epoch 177: train_loss=0.2844727635383606, train_acc= 91.55%
INFO - 09/14/26 00:01:55 - 0:08:53 - Epoch 178: train_loss=0.2813670039176941, train_acc= 91.55%
INFO - 09/14/26 00:01:55 - 0:08:53 - Epoch 179: train_loss=0.27936458587646484, train_acc= 91.42%
INFO - 09/14/26 00:01:56 - 0:08:54 - Epoch 180: train_loss=0.28000688552856445, train_acc= 91.60%
INFO - 09/14/26 00:01:56 - 0:08:54 - Epoch 180: val_loss=0.3227050006389618, val_acc= 89.71%,val_weighted_f1= 88.85,val_macro_f1= 84.99%
INFO - 09/14/26 00:01:56 - 0:08:54 - Epoch 181: train_loss=0.27799859642982483, train_acc= 91.46%
INFO - 09/14/26 00:01:56 - 0:08:54 - Epoch 182: train_loss=0.2809356451034546, train_acc= 91.30%
INFO - 09/14/26 00:01:56 - 0:08:55 - Epoch 183: train_loss=0.27917417883872986, train_acc= 91.65%
INFO - 09/14/26 00:01:57 - 0:08:55 - Epoch 184: train_loss=0.2762264311313629, train_acc= 91.49%
INFO - 09/14/26 00:01:57 - 0:08:55 - Epoch 185: train_loss=0.27610155940055847, train_acc= 91.59%
INFO - 09/14/26 00:01:57 - 0:08:55 - Epoch 185: val_loss=0.3121787905693054, val_acc= 90.07%,val_weighted_f1= 89.60,val_macro_f1= 86.88%
INFO - 09/14/26 00:01:57 - 0:08:55 - Epoch 186: train_loss=0.27128976583480835, train_acc= 91.98%
INFO - 09/14/26 00:01:57 - 0:08:55 - Epoch 187: train_loss=0.27386361360549927, train_acc= 91.72%
INFO - 09/14/26 00:01:58 - 0:08:56 - Epoch 188: train_loss=0.2725389003753662, train_acc= 91.57%
INFO - 09/14/26 00:01:58 - 0:08:56 - Epoch 189: train_loss=0.2706688940525055, train_acc= 91.81%
INFO - 09/14/26 00:01:58 - 0:08:56 - Epoch 190: train_loss=0.2685043215751648, train_acc= 92.00%
INFO - 09/14/26 00:01:58 - 0:08:56 - Epoch 190: val_loss=0.3108876943588257, val_acc= 90.33%,val_weighted_f1= 89.79,val_macro_f1= 86.81%
INFO - 09/14/26 00:01:58 - 0:08:56 - Epoch 191: train_loss=0.2657249867916107, train_acc= 91.86%
INFO - 09/14/26 00:01:59 - 0:08:57 - Epoch 192: train_loss=0.26649218797683716, train_acc= 91.97%
INFO - 09/14/26 00:01:59 - 0:08:57 - Epoch 193: train_loss=0.2654077708721161, train_acc= 92.03%
INFO - 09/14/26 00:01:59 - 0:08:57 - Epoch 194: train_loss=0.2638028562068939, train_acc= 91.82%
INFO - 09/14/26 00:01:59 - 0:08:57 - Epoch 195: train_loss=0.26217764616012573, train_acc= 91.93%
INFO - 09/14/26 00:01:59 - 0:08:57 - Epoch 195: val_loss=0.30910226702690125, val_acc= 90.47%,val_weighted_f1= 89.90,val_macro_f1= 86.84%
INFO - 09/14/26 00:02:00 - 0:08:58 - Epoch 196: train_loss=0.26053792238235474, train_acc= 92.15%
INFO - 09/14/26 00:02:00 - 0:08:58 - Epoch 197: train_loss=0.2608467638492584, train_acc= 92.23%
INFO - 09/14/26 00:02:00 - 0:08:58 - Epoch 198: train_loss=0.25797146558761597, train_acc= 92.21%
INFO - 09/14/26 00:02:00 - 0:08:58 - Epoch 199: train_loss=0.2603013515472412, train_acc= 92.11%
INFO - 09/14/26 00:02:00 - 0:08:59 - Epoch 200: train_loss=0.2558422088623047, train_acc= 92.30%
INFO - 09/14/26 00:02:01 - 0:08:59 - Epoch 200: val_loss=0.3075977861881256, val_acc= 90.44%,val_weighted_f1= 89.87,val_macro_f1= 86.84%
EarlyStopping counter: 1 out of 15
INFO - 09/14/26 00:02:01 - 0:08:59 - Epoch 201: train_loss=0.2581471800804138, train_acc= 92.37%
INFO - 09/14/26 00:02:01 - 0:08:59 - Epoch 202: train_loss=0.255039244890213, train_acc= 92.49%
INFO - 09/14/26 00:02:01 - 0:08:59 - Epoch 203: train_loss=0.2547031044960022, train_acc= 92.22%
INFO - 09/14/26 00:02:01 - 0:09:00 - Epoch 204: train_loss=0.2506556510925293, train_acc= 92.55%
INFO - 09/14/26 00:02:02 - 0:09:00 - Epoch 205: train_loss=0.25020289421081543, train_acc= 92.51%
INFO - 09/14/26 00:02:02 - 0:09:00 - Epoch 205: val_loss=0.3042769730091095, val_acc= 90.65%,val_weighted_f1= 90.12,val_macro_f1= 87.22%
INFO - 09/14/26 00:02:02 - 0:09:00 - Epoch 206: train_loss=0.2490551471710205, train_acc= 92.81%
INFO - 09/14/26 00:02:02 - 0:09:00 - Epoch 207: train_loss=0.25337713956832886, train_acc= 92.06%
INFO - 09/14/26 00:02:02 - 0:09:01 - Epoch 208: train_loss=0.24488908052444458, train_acc= 92.84%
INFO - 09/14/26 00:02:03 - 0:09:01 - Epoch 209: train_loss=0.24595308303833008, train_acc= 92.61%
INFO - 09/14/26 00:02:03 - 0:09:01 - Epoch 210: train_loss=0.24759118258953094, train_acc= 92.52%
INFO - 09/14/26 00:02:03 - 0:09:01 - Epoch 210: val_loss=0.305891752243042, val_acc= 90.55%,val_weighted_f1= 89.97,val_macro_f1= 86.99%
EarlyStopping counter: 1 out of 15
INFO - 09/14/26 00:02:03 - 0:09:01 - Epoch 211: train_loss=0.24115191400051117, train_acc= 92.67%
INFO - 09/14/26 00:02:03 - 0:09:01 - Epoch 212: train_loss=0.24594274163246155, train_acc= 92.81%
INFO - 09/14/26 00:02:04 - 0:09:02 - Epoch 213: train_loss=0.24050432443618774, train_acc= 92.69%
INFO - 09/14/26 00:02:04 - 0:09:02 - Epoch 214: train_loss=0.24106092751026154, train_acc= 92.83%
INFO - 09/14/26 00:02:04 - 0:09:02 - Epoch 215: train_loss=0.24156512320041656, train_acc= 92.79%
INFO - 09/14/26 00:02:04 - 0:09:02 - Epoch 215: val_loss=0.30071085691452026, val_acc= 90.62%,val_weighted_f1= 90.17,val_macro_f1= 87.53%
EarlyStopping counter: 2 out of 15
INFO - 09/14/26 00:02:04 - 0:09:02 - Epoch 216: train_loss=0.24125432968139648, train_acc= 92.66%
INFO - 09/14/26 00:02:05 - 0:09:03 - Epoch 217: train_loss=0.2373422384262085, train_acc= 92.83%
INFO - 09/14/26 00:02:05 - 0:09:03 - Epoch 218: train_loss=0.23535552620887756, train_acc= 92.87%
INFO - 09/14/26 00:02:05 - 0:09:03 - Epoch 219: train_loss=0.23423108458518982, train_acc= 92.89%
INFO - 09/14/26 00:02:05 - 0:09:03 - Epoch 220: train_loss=0.23082667589187622, train_acc= 92.91%
INFO - 09/14/26 00:02:05 - 0:09:03 - Epoch 220: val_loss=0.3013524115085602, val_acc= 90.76%,val_weighted_f1= 90.24,val_macro_f1= 87.33%
INFO - 09/14/26 00:02:06 - 0:09:04 - Epoch 221: train_loss=0.23891901969909668, train_acc= 92.87%
INFO - 09/14/26 00:02:06 - 0:09:04 - Epoch 222: train_loss=0.23583102226257324, train_acc= 92.98%
INFO - 09/14/26 00:02:06 - 0:09:04 - Epoch 223: train_loss=0.23459331691265106, train_acc= 92.84%
INFO - 09/14/26 00:02:06 - 0:09:04 - Epoch 224: train_loss=0.23163343966007233, train_acc= 93.06%
INFO - 09/14/26 00:02:06 - 0:09:05 - Epoch 225: train_loss=0.23508290946483612, train_acc= 92.91%
INFO - 09/14/26 00:02:06 - 0:09:05 - Epoch 225: val_loss=0.29938051104545593, val_acc= 90.84%,val_weighted_f1= 90.33,val_macro_f1= 87.57%
INFO - 09/14/26 00:02:07 - 0:09:05 - Epoch 226: train_loss=0.23289790749549866, train_acc= 92.84%
INFO - 09/14/26 00:02:07 - 0:09:05 - Epoch 227: train_loss=0.22915254533290863, train_acc= 93.00%
INFO - 09/14/26 00:02:07 - 0:09:05 - Epoch 228: train_loss=0.22884654998779297, train_acc= 93.13%
INFO - 09/14/26 00:02:07 - 0:09:05 - Epoch 229: train_loss=0.22933943569660187, train_acc= 93.04%
INFO - 09/14/26 00:02:08 - 0:09:06 - Epoch 230: train_loss=0.22414138913154602, train_acc= 93.43%
INFO - 09/14/26 00:02:08 - 0:09:06 - Epoch 230: val_loss=0.3027256429195404, val_acc= 90.69%,val_weighted_f1= 90.15,val_macro_f1= 87.36%
EarlyStopping counter: 1 out of 15
INFO - 09/14/26 00:02:08 - 0:09:06 - Epoch 231: train_loss=0.22953367233276367, train_acc= 93.09%
INFO - 09/14/26 00:02:08 - 0:09:06 - Epoch 232: train_loss=0.22368671000003815, train_acc= 93.44%
INFO - 09/14/26 00:02:08 - 0:09:06 - Epoch 233: train_loss=0.22151903808116913, train_acc= 93.41%
INFO - 09/14/26 00:02:09 - 0:09:07 - Epoch 234: train_loss=0.22287611663341522, train_acc= 93.19%
INFO - 09/14/26 00:02:09 - 0:09:07 - Epoch 235: train_loss=0.22442924976348877, train_acc= 93.30%
INFO - 09/14/26 00:02:09 - 0:09:07 - Epoch 235: val_loss=0.2932513356208801, val_acc= 91.20%,val_weighted_f1= 90.84,val_macro_f1= 88.54%
INFO - 09/14/26 00:02:09 - 0:09:07 - Epoch 236: train_loss=0.2232384979724884, train_acc= 93.29%
INFO - 09/14/26 00:02:09 - 0:09:07 - Epoch 237: train_loss=0.21965698897838593, train_acc= 93.38%
INFO - 09/14/26 00:02:10 - 0:09:08 - Epoch 238: train_loss=0.22044707834720612, train_acc= 93.32%
INFO - 09/14/26 00:02:10 - 0:09:08 - Epoch 239: train_loss=0.22114041447639465, train_acc= 93.38%
INFO - 09/14/26 00:02:10 - 0:09:08 - Epoch 240: train_loss=0.21906524896621704, train_acc= 93.61%
INFO - 09/14/26 00:02:10 - 0:09:08 - Epoch 240: val_loss=0.289998322725296, val_acc= 91.24%,val_weighted_f1= 90.95,val_macro_f1= 88.90%
INFO - 09/14/26 00:02:10 - 0:09:08 - Epoch 241: train_loss=0.21372367441654205, train_acc= 93.61%
INFO - 09/14/26 00:02:11 - 0:09:09 - Epoch 242: train_loss=0.21902011334896088, train_acc= 93.26%
INFO - 09/14/26 00:02:11 - 0:09:09 - Epoch 243: train_loss=0.21461310982704163, train_acc= 93.59%
INFO - 09/14/26 00:02:11 - 0:09:09 - Epoch 244: train_loss=0.21795512735843658, train_acc= 93.17%
INFO - 09/14/26 00:02:11 - 0:09:09 - Epoch 245: train_loss=0.2167573869228363, train_acc= 93.35%
INFO - 09/14/26 00:02:11 - 0:09:09 - Epoch 245: val_loss=0.3014209568500519, val_acc= 90.62%,val_weighted_f1= 90.10,val_macro_f1= 87.42%
EarlyStopping counter: 1 out of 15
INFO - 09/14/26 00:02:12 - 0:09:10 - Epoch 246: train_loss=0.2136179357767105, train_acc= 93.72%
INFO - 09/14/26 00:02:12 - 0:09:10 - Epoch 247: train_loss=0.211493581533432, train_acc= 93.78%
INFO - 09/14/26 00:02:12 - 0:09:10 - Epoch 248: train_loss=0.2159116566181183, train_acc= 93.64%
INFO - 09/14/26 00:02:12 - 0:09:10 - Epoch 249: train_loss=0.21192581951618195, train_acc= 93.64%
INFO - 09/14/26 00:02:12 - 0:09:11 - Epoch 250: train_loss=0.21079121530056, train_acc= 93.46%
INFO - 09/14/26 00:02:13 - 0:09:11 - Epoch 250: val_loss=0.28850114345550537, val_acc= 91.31%,val_weighted_f1= 91.06,val_macro_f1= 89.09%
INFO - 09/14/26 00:02:13 - 0:09:11 - Epoch 251: train_loss=0.21365970373153687, train_acc= 93.73%
INFO - 09/14/26 00:02:13 - 0:09:11 - Epoch 252: train_loss=0.20808608829975128, train_acc= 93.92%
INFO - 09/14/26 00:02:13 - 0:09:11 - Epoch 253: train_loss=0.2071092128753662, train_acc= 93.78%
INFO - 09/14/26 00:02:13 - 0:09:12 - Epoch 254: train_loss=0.21037600934505463, train_acc= 93.70%
INFO - 09/14/26 00:02:14 - 0:09:12 - Epoch 255: train_loss=0.2074040323495865, train_acc= 93.70%
INFO - 09/14/26 00:02:14 - 0:09:12 - Epoch 255: val_loss=0.2904503643512726, val_acc= 91.13%,val_weighted_f1= 90.78,val_macro_f1= 88.40%
EarlyStopping counter: 1 out of 15
INFO - 09/14/26 00:02:14 - 0:09:12 - Epoch 256: train_loss=0.2058826982975006, train_acc= 93.86%
INFO - 09/14/26 00:02:14 - 0:09:12 - Epoch 257: train_loss=0.20907755196094513, train_acc= 93.63%
INFO - 09/14/26 00:02:14 - 0:09:13 - Epoch 258: train_loss=0.20569577813148499, train_acc= 93.77%
INFO - 09/14/26 00:02:15 - 0:09:13 - Epoch 259: train_loss=0.20512697100639343, train_acc= 94.00%
INFO - 09/14/26 00:02:15 - 0:09:13 - Epoch 260: train_loss=0.20476052165031433, train_acc= 94.18%
INFO - 09/14/26 00:02:15 - 0:09:13 - Epoch 260: val_loss=0.29456740617752075, val_acc= 90.95%,val_weighted_f1= 90.55,val_macro_f1= 88.04%
EarlyStopping counter: 2 out of 15
INFO - 09/14/26 00:02:15 - 0:09:13 - Epoch 261: train_loss=0.20204661786556244, train_acc= 93.82%
INFO - 09/14/26 00:02:15 - 0:09:14 - Epoch 262: train_loss=0.2030315399169922, train_acc= 93.89%
INFO - 09/14/26 00:02:16 - 0:09:14 - Epoch 263: train_loss=0.20182101428508759, train_acc= 94.01%
INFO - 09/14/26 00:02:16 - 0:09:14 - Epoch 264: train_loss=0.19967886805534363, train_acc= 94.01%
INFO - 09/14/26 00:02:16 - 0:09:14 - Epoch 265: train_loss=0.20329856872558594, train_acc= 94.22%
INFO - 09/14/26 00:02:16 - 0:09:14 - Epoch 265: val_loss=0.2869277894496918, val_acc= 91.42%,val_weighted_f1= 91.19,val_macro_f1= 89.38%
INFO - 09/14/26 00:02:16 - 0:09:15 - Epoch 266: train_loss=0.1995535045862198, train_acc= 94.15%
INFO - 09/14/26 00:02:17 - 0:09:15 - Epoch 267: train_loss=0.20091493427753448, train_acc= 94.03%
INFO - 09/14/26 00:02:17 - 0:09:15 - Epoch 268: train_loss=0.19829446077346802, train_acc= 93.75%
INFO - 09/14/26 00:02:17 - 0:09:15 - Epoch 269: train_loss=0.19773730635643005, train_acc= 94.00%
INFO - 09/14/26 00:02:17 - 0:09:15 - Epoch 270: train_loss=0.19883818924427032, train_acc= 94.03%
INFO - 09/14/26 00:02:17 - 0:09:15 - Epoch 270: val_loss=0.2894706130027771, val_acc= 91.13%,val_weighted_f1= 90.82,val_macro_f1= 88.53%
EarlyStopping counter: 1 out of 15
INFO - 09/14/26 00:02:18 - 0:09:16 - Epoch 271: train_loss=0.1993951052427292, train_acc= 94.03%
INFO - 09/14/26 00:02:18 - 0:09:16 - Epoch 272: train_loss=0.1944006383419037, train_acc= 94.11%
INFO - 09/14/26 00:02:18 - 0:09:16 - Epoch 273: train_loss=0.19746005535125732, train_acc= 94.06%
INFO - 09/14/26 00:02:18 - 0:09:16 - Epoch 274: train_loss=0.19298440217971802, train_acc= 94.21%
INFO - 09/14/26 00:02:18 - 0:09:17 - Epoch 275: train_loss=0.19372697174549103, train_acc= 94.29%
INFO - 09/14/26 00:02:19 - 0:09:17 - Epoch 275: val_loss=0.289359986782074, val_acc= 91.13%,val_weighted_f1= 90.83,val_macro_f1= 88.75%
EarlyStopping counter: 2 out of 15
INFO - 09/14/26 00:02:19 - 0:09:17 - Epoch 276: train_loss=0.1935892254114151, train_acc= 94.24%
INFO - 09/14/26 00:02:19 - 0:09:17 - Epoch 277: train_loss=0.19260390102863312, train_acc= 94.21%
INFO - 09/14/26 00:02:19 - 0:09:17 - Epoch 278: train_loss=0.1933608055114746, train_acc= 94.12%
INFO - 09/14/26 00:02:19 - 0:09:18 - Epoch 279: train_loss=0.19368185102939606, train_acc= 94.35%
INFO - 09/14/26 00:02:20 - 0:09:18 - Epoch 280: train_loss=0.19220328330993652, train_acc= 94.16%
INFO - 09/14/26 00:02:20 - 0:09:18 - Epoch 280: val_loss=0.2966041564941406, val_acc= 90.69%,val_weighted_f1= 90.28,val_macro_f1= 87.91%
EarlyStopping counter: 3 out of 15
INFO - 09/14/26 00:02:20 - 0:09:18 - Epoch 281: train_loss=0.18880079686641693, train_acc= 94.28%
INFO - 09/14/26 00:02:20 - 0:09:18 - Epoch 282: train_loss=0.1869857907295227, train_acc= 94.51%
INFO - 09/14/26 00:02:20 - 0:09:19 - Epoch 283: train_loss=0.1913897842168808, train_acc= 94.34%
INFO - 09/14/26 00:02:21 - 0:09:19 - Epoch 284: train_loss=0.18663516640663147, train_acc= 94.28%
INFO - 09/14/26 00:02:21 - 0:09:19 - Epoch 285: train_loss=0.19067971408367157, train_acc= 94.37%
INFO - 09/14/26 00:02:21 - 0:09:19 - Epoch 285: val_loss=0.28677091002464294, val_acc= 91.38%,val_weighted_f1= 91.18,val_macro_f1= 89.42%
EarlyStopping counter: 4 out of 15
INFO - 09/14/26 00:02:21 - 0:09:19 - Epoch 286: train_loss=0.18704399466514587, train_acc= 94.38%
INFO - 09/14/26 00:02:21 - 0:09:20 - Epoch 287: train_loss=0.1851767897605896, train_acc= 94.47%
INFO - 09/14/26 00:02:22 - 0:09:20 - Epoch 288: train_loss=0.18379750847816467, train_acc= 94.57%
INFO - 09/14/26 00:02:22 - 0:09:20 - Epoch 289: train_loss=0.1864759773015976, train_acc= 94.53%
INFO - 09/14/26 00:02:22 - 0:09:20 - Epoch 290: train_loss=0.18388837575912476, train_acc= 94.60%
INFO - 09/14/26 00:02:22 - 0:09:20 - Epoch 290: val_loss=0.2845958173274994, val_acc= 91.45%,val_weighted_f1= 91.27,val_macro_f1= 89.44%
INFO - 09/14/26 00:02:22 - 0:09:20 - Epoch 291: train_loss=0.18748387694358826, train_acc= 94.43%
INFO - 09/14/26 00:02:23 - 0:09:21 - Epoch 292: train_loss=0.18467721343040466, train_acc= 94.33%
INFO - 09/14/26 00:02:23 - 0:09:21 - Epoch 293: train_loss=0.18455110490322113, train_acc= 94.39%
INFO - 09/14/26 00:02:23 - 0:09:21 - Epoch 294: train_loss=0.18281884491443634, train_acc= 94.49%
INFO - 09/14/26 00:02:23 - 0:09:21 - Epoch 295: train_loss=0.18016596138477325, train_acc= 94.69%
INFO - 09/14/26 00:02:23 - 0:09:21 - Epoch 295: val_loss=0.2995646595954895, val_acc= 90.73%,val_weighted_f1= 90.28,val_macro_f1= 87.52%
EarlyStopping counter: 1 out of 15
INFO - 09/14/26 00:02:24 - 0:09:22 - Epoch 296: train_loss=0.18259645998477936, train_acc= 94.51%
INFO - 09/14/26 00:02:24 - 0:09:22 - Epoch 297: train_loss=0.18372732400894165, train_acc= 94.52%
INFO - 09/14/26 00:02:24 - 0:09:22 - Epoch 298: train_loss=0.17999255657196045, train_acc= 94.50%
INFO - 09/14/26 00:02:24 - 0:09:22 - Epoch 299: train_loss=0.17509694397449493, train_acc= 94.69%
INFO - 09/14/26 00:02:24 - 0:09:23 - Epoch 300: train_loss=0.17918477952480316, train_acc= 94.72%
INFO - 09/14/26 00:02:25 - 0:09:23 - Epoch 300: val_loss=0.29531294107437134, val_acc= 91.05%,val_weighted_f1= 90.70,val_macro_f1= 88.29%
EarlyStopping counter: 2 out of 15
INFO - 09/14/26 00:02:25 - 0:09:23 - Epoch 301: train_loss=0.18118993937969208, train_acc= 94.49%
INFO - 09/14/26 00:02:25 - 0:09:23 - Epoch 302: train_loss=0.17533275485038757, train_acc= 94.53%
INFO - 09/14/26 00:02:25 - 0:09:23 - Epoch 303: train_loss=0.18111121654510498, train_acc= 94.58%
INFO - 09/14/26 00:02:25 - 0:09:24 - Epoch 304: train_loss=0.1784072369337082, train_acc= 94.69%
INFO - 09/14/26 00:02:26 - 0:09:24 - Epoch 305: train_loss=0.17793947458267212, train_acc= 94.74%
INFO - 09/14/26 00:02:26 - 0:09:24 - Epoch 305: val_loss=0.2868926525115967, val_acc= 91.35%,val_weighted_f1= 91.19,val_macro_f1= 89.45%
EarlyStopping counter: 3 out of 15
INFO - 09/14/26 00:02:26 - 0:09:24 - Epoch 306: train_loss=0.1761236935853958, train_acc= 94.85%
INFO - 09/14/26 00:02:26 - 0:09:24 - Epoch 307: train_loss=0.17621555924415588, train_acc= 94.76%
INFO - 09/14/26 00:02:26 - 0:09:25 - Epoch 308: train_loss=0.17508642375469208, train_acc= 94.79%
INFO - 09/14/26 00:02:27 - 0:09:25 - Epoch 309: train_loss=0.17428651452064514, train_acc= 94.96%
INFO - 09/14/26 00:02:27 - 0:09:25 - Epoch 310: train_loss=0.17459163069725037, train_acc= 94.93%
INFO - 09/14/26 00:02:27 - 0:09:25 - Epoch 310: val_loss=0.2938188910484314, val_acc= 91.13%,val_weighted_f1= 90.86,val_macro_f1= 88.70%
EarlyStopping counter: 4 out of 15
INFO - 09/14/26 00:02:27 - 0:09:25 - Epoch 311: train_loss=0.17154891788959503, train_acc= 95.01%
INFO - 09/14/26 00:02:27 - 0:09:26 - Epoch 312: train_loss=0.17127400636672974, train_acc= 94.91%
INFO - 09/14/26 00:02:28 - 0:09:26 - Epoch 313: train_loss=0.1710178554058075, train_acc= 94.98%
INFO - 09/14/26 00:02:28 - 0:09:26 - Epoch 314: train_loss=0.16729503870010376, train_acc= 95.04%
INFO - 09/14/26 00:02:28 - 0:09:26 - Epoch 315: train_loss=0.17194269597530365, train_acc= 94.84%
INFO - 09/14/26 00:02:28 - 0:09:26 - Epoch 315: val_loss=0.300213098526001, val_acc= 90.76%,val_weighted_f1= 90.34,val_macro_f1= 87.75%
EarlyStopping counter: 5 out of 15
INFO - 09/14/26 00:02:28 - 0:09:26 - Epoch 316: train_loss=0.16981197893619537, train_acc= 95.07%
INFO - 09/14/26 00:02:29 - 0:09:27 - Epoch 317: train_loss=0.16832153499126434, train_acc= 95.02%
INFO - 09/14/26 00:02:29 - 0:09:27 - Epoch 318: train_loss=0.16998735070228577, train_acc= 94.91%
INFO - 09/14/26 00:02:29 - 0:09:27 - Epoch 319: train_loss=0.16844674944877625, train_acc= 95.12%
INFO - 09/14/26 00:02:29 - 0:09:27 - Epoch 320: train_loss=0.1692400723695755, train_acc= 95.04%
INFO - 09/14/26 00:02:29 - 0:09:27 - Epoch 320: val_loss=0.2937749922275543, val_acc= 91.13%,val_weighted_f1= 90.86,val_macro_f1= 88.78%
EarlyStopping counter: 6 out of 15
INFO - 09/14/26 00:02:30 - 0:09:28 - Epoch 321: train_loss=0.1697850078344345, train_acc= 94.97%
INFO - 09/14/26 00:02:30 - 0:09:28 - Epoch 322: train_loss=0.1713777482509613, train_acc= 94.84%
INFO - 09/14/26 00:02:30 - 0:09:28 - Epoch 323: train_loss=0.16883818805217743, train_acc= 94.87%
INFO - 09/14/26 00:02:30 - 0:09:28 - Epoch 324: train_loss=0.1640966236591339, train_acc= 95.23%
INFO - 09/14/26 00:02:30 - 0:09:29 - Epoch 325: train_loss=0.1652548909187317, train_acc= 95.07%
INFO - 09/14/26 00:02:31 - 0:09:29 - Epoch 325: val_loss=0.2904917895793915, val_acc= 91.27%,val_weighted_f1= 91.13,val_macro_f1= 89.71%
EarlyStopping counter: 7 out of 15
INFO - 09/14/26 00:02:31 - 0:09:29 - Epoch 326: train_loss=0.16431023180484772, train_acc= 95.15%
INFO - 09/14/26 00:02:31 - 0:09:29 - Epoch 327: train_loss=0.16466890275478363, train_acc= 94.97%
INFO - 09/14/26 00:02:31 - 0:09:29 - Epoch 328: train_loss=0.1657971739768982, train_acc= 94.84%
INFO - 09/14/26 00:02:31 - 0:09:30 - Epoch 329: train_loss=0.16583475470542908, train_acc= 95.08%
INFO - 09/14/26 00:02:32 - 0:09:30 - Epoch 330: train_loss=0.1652279645204544, train_acc= 94.89%
INFO - 09/14/26 00:02:32 - 0:09:30 - Epoch 330: val_loss=0.2934538722038269, val_acc= 91.31%,val_weighted_f1= 91.13,val_macro_f1= 89.40%
EarlyStopping counter: 8 out of 15
INFO - 09/14/26 00:02:32 - 0:09:30 - Epoch 331: train_loss=0.16354984045028687, train_acc= 95.08%
INFO - 09/14/26 00:02:32 - 0:09:30 - Epoch 332: train_loss=0.162716343998909, train_acc= 95.15%
INFO - 09/14/26 00:02:32 - 0:09:30 - Epoch 333: train_loss=0.16029302775859833, train_acc= 95.31%
INFO - 09/14/26 00:02:33 - 0:09:31 - Epoch 334: train_loss=0.16055826842784882, train_acc= 95.13%
INFO - 09/14/26 00:02:33 - 0:09:31 - Epoch 335: train_loss=0.16148048639297485, train_acc= 95.24%
INFO - 09/14/26 00:02:33 - 0:09:31 - Epoch 335: val_loss=0.2883409261703491, val_acc= 91.24%,val_weighted_f1= 91.11,val_macro_f1= 89.64%
EarlyStopping counter: 9 out of 15
INFO - 09/14/26 00:02:33 - 0:09:31 - Epoch 336: train_loss=0.162050262093544, train_acc= 95.44%
INFO - 09/14/26 00:02:33 - 0:09:31 - Epoch 337: train_loss=0.16222842037677765, train_acc= 95.20%
INFO - 09/14/26 00:02:34 - 0:09:32 - Epoch 338: train_loss=0.15757004916667938, train_acc= 95.15%
INFO - 09/14/26 00:02:34 - 0:09:32 - Epoch 339: train_loss=0.16027949750423431, train_acc= 95.15%
INFO - 09/14/26 00:02:34 - 0:09:32 - Epoch 340: train_loss=0.15770991146564484, train_acc= 95.38%
INFO - 09/14/26 00:02:34 - 0:09:32 - Epoch 340: val_loss=0.30974236130714417, val_acc= 90.69%,val_weighted_f1= 90.32,val_macro_f1= 87.84%
EarlyStopping counter: 10 out of 15
INFO - 09/14/26 00:02:34 - 0:09:32 - Epoch 341: train_loss=0.16027778387069702, train_acc= 95.13%
INFO - 09/14/26 00:02:35 - 0:09:33 - Epoch 342: train_loss=0.1561325341463089, train_acc= 95.46%
INFO - 09/14/26 00:02:35 - 0:09:33 - Epoch 343: train_loss=0.16117894649505615, train_acc= 95.26%
INFO - 09/14/26 00:02:35 - 0:09:33 - Epoch 344: train_loss=0.1546667516231537, train_acc= 95.41%
INFO - 09/14/26 00:02:35 - 0:09:33 - Epoch 345: train_loss=0.1574849784374237, train_acc= 95.27%
INFO - 09/14/26 00:02:35 - 0:09:33 - Epoch 345: val_loss=0.2924189269542694, val_acc= 91.27%,val_weighted_f1= 91.15,val_macro_f1= 89.70%
EarlyStopping counter: 11 out of 15
INFO - 09/14/26 00:02:36 - 0:09:34 - Epoch 346: train_loss=0.1539572924375534, train_acc= 95.58%
INFO - 09/14/26 00:02:36 - 0:09:34 - Epoch 347: train_loss=0.1542193442583084, train_acc= 95.44%
INFO - 09/14/26 00:02:36 - 0:09:34 - Epoch 348: train_loss=0.1551811844110489, train_acc= 95.24%
INFO - 09/14/26 00:02:36 - 0:09:34 - Epoch 349: train_loss=0.15386363863945007, train_acc= 95.52%
INFO - 09/14/26 00:02:36 - 0:09:35 - Epoch 350: train_loss=0.15473265945911407, train_acc= 95.50%
INFO - 09/14/26 00:02:37 - 0:09:35 - Epoch 350: val_loss=0.2937747836112976, val_acc= 91.24%,val_weighted_f1= 91.11,val_macro_f1= 89.75%
EarlyStopping counter: 12 out of 15
INFO - 09/14/26 00:02:37 - 0:09:35 - Epoch 351: train_loss=0.1512397974729538, train_acc= 95.55%
INFO - 09/14/26 00:02:37 - 0:09:35 - Epoch 352: train_loss=0.15434129536151886, train_acc= 95.36%
INFO - 09/14/26 00:02:37 - 0:09:35 - Epoch 353: train_loss=0.15361246466636658, train_acc= 95.43%
INFO - 09/14/26 00:02:37 - 0:09:35 - Epoch 354: train_loss=0.15229742228984833, train_acc= 95.59%
INFO - 09/14/26 00:02:38 - 0:09:36 - Epoch 355: train_loss=0.15187984704971313, train_acc= 95.60%
INFO - 09/14/26 00:02:38 - 0:09:36 - Epoch 355: val_loss=0.30135053396224976, val_acc= 90.73%,val_weighted_f1= 90.41,val_macro_f1= 88.25%
EarlyStopping counter: 13 out of 15
INFO - 09/14/26 00:02:38 - 0:09:36 - Epoch 356: train_loss=0.15221649408340454, train_acc= 95.33%
INFO - 09/14/26 00:02:38 - 0:09:36 - Epoch 357: train_loss=0.1476583182811737, train_acc= 95.82%
INFO - 09/14/26 00:02:38 - 0:09:36 - Epoch 358: train_loss=0.15019719302654266, train_acc= 95.54%
INFO - 09/14/26 00:02:39 - 0:09:37 - Epoch 359: train_loss=0.14827407896518707, train_acc= 95.48%
INFO - 09/14/26 00:02:39 - 0:09:37 - Epoch 360: train_loss=0.15103547275066376, train_acc= 95.83%
INFO - 09/14/26 00:02:39 - 0:09:37 - Epoch 360: val_loss=0.297069251537323, val_acc= 91.20%,val_weighted_f1= 91.08,val_macro_f1= 89.49%
EarlyStopping counter: 14 out of 15
INFO - 09/14/26 00:02:39 - 0:09:37 - Epoch 361: train_loss=0.14743605256080627, train_acc= 95.60%
INFO - 09/14/26 00:02:39 - 0:09:37 - Epoch 362: train_loss=0.14853240549564362, train_acc= 95.41%
INFO - 09/14/26 00:02:40 - 0:09:38 - Epoch 363: train_loss=0.14628805220127106, train_acc= 95.60%
INFO - 09/14/26 00:02:40 - 0:09:38 - Epoch 364: train_loss=0.1456793248653412, train_acc= 95.67%
INFO - 09/14/26 00:02:40 - 0:09:38 - Epoch 365: train_loss=0.14335350692272186, train_acc= 95.81%
INFO - 09/14/26 00:02:40 - 0:09:38 - Epoch 365: val_loss=0.3098740577697754, val_acc= 90.73%,val_weighted_f1= 90.40,val_macro_f1= 88.09%
EarlyStopping counter: 15 out of 15
---------Early stopping--------
INFO - 09/14/26 00:02:40 - 0:09:38 - --------------Testing--------------------
INFO - 09/14/26 00:02:40 - 0:09:38 - --------------Loading from ./checkpoints/NC_computers_model.pt--------------------
INFO - 09/14/26 00:02:40 - 0:09:38 - test_acc= 91.05%, weighted_f1= 90.93,macro_f1= 89.38%
INFO - 09/14/26 00:02:40 - 0:09:38 - test_acc= 91.05%, weighted_f1= 90.93,macro_f1= 89.38%
INFO - 09/14/26 00:02:41 - 0:09:39 - Epoch 0: train_loss=2.484398365020752, train_acc= 6.51%
INFO - 09/14/26 00:02:41 - 0:09:39 - Epoch 0: val_loss=2.3226308822631836, val_acc= 8.91%,val_weighted_f1= 8.00,val_macro_f1= 6.93%
INFO - 09/14/26 00:02:41 - 0:09:39 - Epoch 1: train_loss=2.345881938934326, train_acc= 9.50%
INFO - 09/14/26 00:02:41 - 0:09:39 - Epoch 2: train_loss=2.229187488555908, train_acc= 15.09%
INFO - 09/14/26 00:02:41 - 0:09:39 - Epoch 3: train_loss=2.1353600025177, train_acc= 21.92%
INFO - 09/14/26 00:02:41 - 0:09:40 - Epoch 4: train_loss=2.0669283866882324, train_acc= 28.11%
INFO - 09/14/26 00:02:42 - 0:09:40 - Epoch 5: train_loss=2.012632369995117, train_acc= 31.82%
INFO - 09/14/26 00:02:42 - 0:09:40 - Epoch 5: val_loss=1.962125539779663, val_acc= 34.95%,val_weighted_f1= 20.96,val_macro_f1= 6.62%
INFO - 09/14/26 00:02:42 - 0:09:40 - Epoch 6: train_loss=1.972568392753601, train_acc= 34.65%
INFO - 09/14/26 00:02:42 - 0:09:40 - Epoch 7: train_loss=1.939194917678833, train_acc= 36.08%
INFO - 09/14/26 00:02:42 - 0:09:41 - Epoch 8: train_loss=1.9195393323898315, train_acc= 36.21%
INFO - 09/14/26 00:02:43 - 0:09:41 - Epoch 9: train_loss=1.8946534395217896, train_acc= 37.41%
INFO - 09/14/26 00:02:43 - 0:09:41 - Epoch 10: train_loss=1.871238350868225, train_acc= 37.34%
INFO - 09/14/26 00:02:43 - 0:09:41 - Epoch 10: val_loss=1.8604769706726074, val_acc= 37.24%,val_weighted_f1= 21.67,val_macro_f1= 6.57%
INFO - 09/14/26 00:02:43 - 0:09:41 - Epoch 11: train_loss=1.845581293106079, train_acc= 38.45%
INFO - 09/14/26 00:02:43 - 0:09:42 - Epoch 12: train_loss=1.8234103918075562, train_acc= 39.34%
INFO - 09/14/26 00:02:44 - 0:09:42 - Epoch 13: train_loss=1.8080511093139648, train_acc= 40.39%
INFO - 09/14/26 00:02:44 - 0:09:42 - Epoch 14: train_loss=1.7825701236724854, train_acc= 41.42%
INFO - 09/14/26 00:02:44 - 0:09:42 - Epoch 15: train_loss=1.7663381099700928, train_acc= 42.07%
INFO - 09/14/26 00:02:44 - 0:09:42 - Epoch 15: val_loss=1.7468969821929932, val_acc= 42.65%,val_weighted_f1= 30.90,val_macro_f1= 12.02%
INFO - 09/14/26 00:02:44 - 0:09:43 - Epoch 16: train_loss=1.753234624862671, train_acc= 42.86%
INFO - 09/14/26 00:02:45 - 0:09:43 - Epoch 17: train_loss=1.7326990365982056, train_acc= 43.52%
INFO - 09/14/26 00:02:45 - 0:09:43 - Epoch 18: train_loss=1.721049189567566, train_acc= 43.84%
INFO - 09/14/26 00:02:45 - 0:09:43 - Epoch 19: train_loss=1.6948580741882324, train_acc= 45.44%
INFO - 09/14/26 00:02:45 - 0:09:43 - Epoch 20: train_loss=1.6759856939315796, train_acc= 45.66%
INFO - 09/14/26 00:02:45 - 0:09:44 - Epoch 20: val_loss=1.6507707834243774, val_acc= 45.64%,val_weighted_f1= 35.69,val_macro_f1= 15.85%
INFO - 09/14/26 00:02:46 - 0:09:44 - Epoch 21: train_loss=1.6609492301940918, train_acc= 45.98%
INFO - 09/14/26 00:02:46 - 0:09:44 - Epoch 22: train_loss=1.63860023021698, train_acc= 45.89%
INFO - 09/14/26 00:02:46 - 0:09:44 - Epoch 23: train_loss=1.6211694478988647, train_acc= 46.38%
INFO - 09/14/26 00:02:46 - 0:09:44 - Epoch 24: train_loss=1.5966546535491943, train_acc= 46.78%
INFO - 09/14/26 00:02:47 - 0:09:45 - Epoch 25: train_loss=1.5769293308258057, train_acc= 47.07%
INFO - 09/14/26 00:02:47 - 0:09:45 - Epoch 25: val_loss=1.5509817600250244, val_acc= 46.73%,val_weighted_f1= 36.97,val_macro_f1= 16.75%
INFO - 09/14/26 00:02:47 - 0:09:45 - Epoch 26: train_loss=1.5595693588256836, train_acc= 47.90%
INFO - 09/14/26 00:02:47 - 0:09:45 - Epoch 27: train_loss=1.5426716804504395, train_acc= 48.67%
INFO - 09/14/26 00:02:47 - 0:09:45 - Epoch 28: train_loss=1.5262525081634521, train_acc= 49.45%
INFO - 09/14/26 00:02:48 - 0:09:46 - Epoch 29: train_loss=1.4985976219177246, train_acc= 50.56%
INFO - 09/14/26 00:02:48 - 0:09:46 - Epoch 30: train_loss=1.4810608625411987, train_acc= 51.67%
INFO - 09/14/26 00:02:48 - 0:09:46 - Epoch 30: val_loss=1.4320428371429443, val_acc= 52.29%,val_weighted_f1= 44.53,val_macro_f1= 22.56%
INFO - 09/14/26 00:02:48 - 0:09:46 - Epoch 31: train_loss=1.4594132900238037, train_acc= 52.97%
INFO - 09/14/26 00:02:48 - 0:09:46 - Epoch 32: train_loss=1.4354779720306396, train_acc= 54.48%
INFO - 09/14/26 00:02:49 - 0:09:47 - Epoch 33: train_loss=1.41963529586792, train_acc= 54.92%
INFO - 09/14/26 00:02:49 - 0:09:47 - Epoch 34: train_loss=1.395237922668457, train_acc= 56.20%
INFO - 09/14/26 00:02:49 - 0:09:47 - Epoch 35: train_loss=1.370404839515686, train_acc= 57.39%
INFO - 09/14/26 00:02:49 - 0:09:47 - Epoch 35: val_loss=1.3129924535751343, val_acc= 58.51%,val_weighted_f1= 51.51,val_macro_f1= 27.04%
INFO - 09/14/26 00:02:49 - 0:09:47 - Epoch 36: train_loss=1.346683144569397, train_acc= 58.48%
INFO - 09/14/26 00:02:50 - 0:09:48 - Epoch 37: train_loss=1.3286552429199219, train_acc= 58.79%
INFO - 09/14/26 00:02:50 - 0:09:48 - Epoch 38: train_loss=1.3058604001998901, train_acc= 59.86%
INFO - 09/14/26 00:02:50 - 0:09:48 - Epoch 39: train_loss=1.2802608013153076, train_acc= 60.49%
INFO - 09/14/26 00:02:50 - 0:09:48 - Epoch 40: train_loss=1.2584431171417236, train_acc= 61.48%
INFO - 09/14/26 00:02:50 - 0:09:48 - Epoch 40: val_loss=1.1937130689620972, val_acc= 62.65%,val_weighted_f1= 55.86,val_macro_f1= 30.17%
INFO - 09/14/26 00:02:51 - 0:09:49 - Epoch 41: train_loss=1.2345677614212036, train_acc= 62.66%
INFO - 09/14/26 00:02:51 - 0:09:49 - Epoch 42: train_loss=1.2120786905288696, train_acc= 63.48%
INFO - 09/14/26 00:02:51 - 0:09:49 - Epoch 43: train_loss=1.1923719644546509, train_acc= 64.19%
INFO - 09/14/26 00:02:51 - 0:09:49 - Epoch 44: train_loss=1.171432375907898, train_acc= 64.92%
INFO - 09/14/26 00:02:51 - 0:09:50 - Epoch 45: train_loss=1.1389915943145752, train_acc= 66.42%
INFO - 09/14/26 00:02:52 - 0:09:50 - Epoch 45: val_loss=1.0743056535720825, val_acc= 66.73%,val_weighted_f1= 60.68,val_macro_f1= 34.84%
INFO - 09/14/26 00:02:52 - 0:09:50 - Epoch 46: train_loss=1.120513677597046, train_acc= 66.81%
INFO - 09/14/26 00:02:52 - 0:09:50 - Epoch 47: train_loss=1.1042832136154175, train_acc= 67.06%
INFO - 09/14/26 00:02:52 - 0:09:50 - Epoch 48: train_loss=1.0839763879776, train_acc= 67.86%
INFO - 09/14/26 00:02:52 - 0:09:51 - Epoch 49: train_loss=1.0565160512924194, train_acc= 68.59%
INFO - 09/14/26 00:02:53 - 0:09:51 - Epoch 50: train_loss=1.0335294008255005, train_acc= 69.69%
INFO - 09/14/26 00:02:53 - 0:09:51 - Epoch 50: val_loss=0.9701251983642578, val_acc= 70.22%,val_weighted_f1= 64.56,val_macro_f1= 38.96%
INFO - 09/14/26 00:02:53 - 0:09:51 - Epoch 51: train_loss=1.016927719116211, train_acc= 69.52%
INFO - 09/14/26 00:02:53 - 0:09:51 - Epoch 52: train_loss=0.9941149353981018, train_acc= 70.36%
INFO - 09/14/26 00:02:53 - 0:09:52 - Epoch 53: train_loss=0.9728528261184692, train_acc= 71.35%
INFO - 09/14/26 00:02:54 - 0:09:52 - Epoch 54: train_loss=0.9585646986961365, train_acc= 71.06%
INFO - 09/14/26 00:02:54 - 0:09:52 - Epoch 55: train_loss=0.9414588809013367, train_acc= 71.83%
INFO - 09/14/26 00:02:54 - 0:09:52 - Epoch 55: val_loss=0.878808856010437, val_acc= 72.04%,val_weighted_f1= 66.75,val_macro_f1= 41.49%
INFO - 09/14/26 00:02:54 - 0:09:52 - Epoch 56: train_loss=0.9193166494369507, train_acc= 72.35%
INFO - 09/14/26 00:02:54 - 0:09:53 - Epoch 57: train_loss=0.901555597782135, train_acc= 72.73%
INFO - 09/14/26 00:02:55 - 0:09:53 - Epoch 58: train_loss=0.8915636539459229, train_acc= 73.17%
INFO - 09/14/26 00:02:55 - 0:09:53 - Epoch 59: train_loss=0.8694747090339661, train_acc= 73.68%
INFO - 09/14/26 00:02:55 - 0:09:53 - Epoch 60: train_loss=0.8528285026550293, train_acc= 74.19%
INFO - 09/14/26 00:02:55 - 0:09:53 - Epoch 60: val_loss=0.8002797365188599, val_acc= 74.29%,val_weighted_f1= 69.50,val_macro_f1= 45.37%
INFO - 09/14/26 00:02:55 - 0:09:54 - Epoch 61: train_loss=0.8343108296394348, train_acc= 74.82%
INFO - 09/14/26 00:02:56 - 0:09:54 - Epoch 62: train_loss=0.8248836994171143, train_acc= 75.15%
INFO - 09/14/26 00:02:56 - 0:09:54 - Epoch 63: train_loss=0.8059622049331665, train_acc= 75.45%
INFO - 09/14/26 00:02:56 - 0:09:54 - Epoch 64: train_loss=0.7919066548347473, train_acc= 75.84%
INFO - 09/14/26 00:02:56 - 0:09:54 - Epoch 65: train_loss=0.7782031297683716, train_acc= 76.42%
INFO - 09/14/26 00:02:56 - 0:09:55 - Epoch 65: val_loss=0.7299674153327942, val_acc= 76.33%,val_weighted_f1= 72.05,val_macro_f1= 49.36%
INFO - 09/14/26 00:02:57 - 0:09:55 - Epoch 66: train_loss=0.763414740562439, train_acc= 76.53%
INFO - 09/14/26 00:02:57 - 0:09:55 - Epoch 67: train_loss=0.747776210308075, train_acc= 77.58%
INFO - 09/14/26 00:02:57 - 0:09:55 - Epoch 68: train_loss=0.7370242476463318, train_acc= 77.45%
INFO - 09/14/26 00:02:57 - 0:09:55 - Epoch 69: train_loss=0.7251489758491516, train_acc= 77.80%
INFO - 09/14/26 00:02:58 - 0:09:56 - Epoch 70: train_loss=0.7107288837432861, train_acc= 78.30%
INFO - 09/14/26 00:02:58 - 0:09:56 - Epoch 70: val_loss=0.6686050295829773, val_acc= 78.07%,val_weighted_f1= 74.70,val_macro_f1= 55.79%
INFO - 09/14/26 00:02:58 - 0:09:56 - Epoch 71: train_loss=0.6985123157501221, train_acc= 78.13%
INFO - 09/14/26 00:02:58 - 0:09:56 - Epoch 72: train_loss=0.6885954141616821, train_acc= 78.67%
INFO - 09/14/26 00:02:58 - 0:09:56 - Epoch 73: train_loss=0.6781257390975952, train_acc= 79.37%
INFO - 09/14/26 00:02:59 - 0:09:57 - Epoch 74: train_loss=0.6629278659820557, train_acc= 79.96%
INFO - 09/14/26 00:02:59 - 0:09:57 - Epoch 75: train_loss=0.6544208526611328, train_acc= 80.07%
INFO - 09/14/26 00:02:59 - 0:09:57 - Epoch 75: val_loss=0.6157041192054749, val_acc= 79.60%,val_weighted_f1= 76.79,val_macro_f1= 61.03%
INFO - 09/14/26 00:02:59 - 0:09:57 - Epoch 76: train_loss=0.6446080803871155, train_acc= 80.55%
INFO - 09/14/26 00:02:59 - 0:09:57 - Epoch 77: train_loss=0.633790135383606, train_acc= 80.67%
INFO - 09/14/26 00:03:00 - 0:09:58 - Epoch 78: train_loss=0.6200637817382812, train_acc= 81.01%
INFO - 09/14/26 00:03:00 - 0:09:58 - Epoch 79: train_loss=0.6145557165145874, train_acc= 81.05%
INFO - 09/14/26 00:03:00 - 0:09:58 - Epoch 80: train_loss=0.6040084362030029, train_acc= 81.30%
INFO - 09/14/26 00:03:00 - 0:09:58 - Epoch 80: val_loss=0.5719665884971619, val_acc= 80.76%,val_weighted_f1= 78.38,val_macro_f1= 64.67%
INFO - 09/14/26 00:03:00 - 0:09:58 - Epoch 81: train_loss=0.5968225598335266, train_acc= 81.69%
INFO - 09/14/26 00:03:01 - 0:09:59 - Epoch 82: train_loss=0.5877974033355713, train_acc= 81.96%
INFO - 09/14/26 00:03:01 - 0:09:59 - Epoch 83: train_loss=0.5785987377166748, train_acc= 82.59%
INFO - 09/14/26 00:03:01 - 0:09:59 - Epoch 84: train_loss=0.5740463733673096, train_acc= 82.50%
INFO - 09/14/26 00:03:01 - 0:09:59 - Epoch 85: train_loss=0.560404896736145, train_acc= 82.84%
INFO - 09/14/26 00:03:01 - 0:09:59 - Epoch 85: val_loss=0.5366286635398865, val_acc= 81.64%,val_weighted_f1= 79.52,val_macro_f1= 67.29%
INFO - 09/14/26 00:03:02 - 0:10:00 - Epoch 86: train_loss=0.559884786605835, train_acc= 82.95%
INFO - 09/14/26 00:03:02 - 0:10:00 - Epoch 87: train_loss=0.5484616160392761, train_acc= 83.35%
INFO - 09/14/26 00:03:02 - 0:10:00 - Epoch 88: train_loss=0.541290283203125, train_acc= 83.49%
INFO - 09/14/26 00:03:02 - 0:10:00 - Epoch 89: train_loss=0.5309014320373535, train_acc= 83.69%
INFO - 09/14/26 00:03:02 - 0:10:01 - Epoch 90: train_loss=0.5285816192626953, train_acc= 83.74%
INFO - 09/14/26 00:03:03 - 0:10:01 - Epoch 90: val_loss=0.5052736401557922, val_acc= 82.87%,val_weighted_f1= 81.12,val_macro_f1= 71.11%
INFO - 09/14/26 00:03:03 - 0:10:01 - Epoch 91: train_loss=0.5173894166946411, train_acc= 84.26%
INFO - 09/14/26 00:03:03 - 0:10:01 - Epoch 92: train_loss=0.5150745511054993, train_acc= 84.23%
INFO - 09/14/26 00:03:03 - 0:10:01 - Epoch 93: train_loss=0.5090624690055847, train_acc= 84.25%
INFO - 09/14/26 00:03:03 - 0:10:02 - Epoch 94: train_loss=0.5026634335517883, train_acc= 84.52%
INFO - 09/14/26 00:03:04 - 0:10:02 - Epoch 95: train_loss=0.4951745569705963, train_acc= 84.55%
INFO - 09/14/26 00:03:04 - 0:10:02 - Epoch 95: val_loss=0.47848352789878845, val_acc= 84.00%,val_weighted_f1= 82.57,val_macro_f1= 74.28%
INFO - 09/14/26 00:03:04 - 0:10:02 - Epoch 96: train_loss=0.4890435039997101, train_acc= 85.35%
INFO - 09/14/26 00:03:04 - 0:10:02 - Epoch 97: train_loss=0.4841681122779846, train_acc= 85.41%
INFO - 09/14/26 00:03:04 - 0:10:03 - Epoch 98: train_loss=0.4844728410243988, train_acc= 85.26%
INFO - 09/14/26 00:03:05 - 0:10:03 - Epoch 99: train_loss=0.4761713147163391, train_acc= 85.25%
INFO - 09/14/26 00:03:05 - 0:10:03 - Epoch 100: train_loss=0.46838629245758057, train_acc= 85.20%
INFO - 09/14/26 00:03:05 - 0:10:03 - Epoch 100: val_loss=0.45959582924842834, val_acc= 84.51%,val_weighted_f1= 82.98,val_macro_f1= 74.82%
INFO - 09/14/26 00:03:05 - 0:10:03 - Epoch 101: train_loss=0.4627079367637634, train_acc= 85.68%
INFO - 09/14/26 00:03:05 - 0:10:04 - Epoch 102: train_loss=0.46017986536026, train_acc= 85.77%
INFO - 09/14/26 00:03:06 - 0:10:04 - Epoch 103: train_loss=0.45225006341934204, train_acc= 86.62%
INFO - 09/14/26 00:03:06 - 0:10:04 - Epoch 104: train_loss=0.4456356167793274, train_acc= 86.11%
INFO - 09/14/26 00:03:06 - 0:10:04 - Epoch 105: train_loss=0.44419023394584656, train_acc= 86.33%
INFO - 09/14/26 00:03:06 - 0:10:04 - Epoch 105: val_loss=0.44087108969688416, val_acc= 84.91%,val_weighted_f1= 83.63,val_macro_f1= 76.63%
INFO - 09/14/26 00:03:06 - 0:10:05 - Epoch 106: train_loss=0.439010351896286, train_acc= 86.72%
INFO - 09/14/26 00:03:07 - 0:10:05 - Epoch 107: train_loss=0.43182501196861267, train_acc= 86.78%
INFO - 09/14/26 00:03:07 - 0:10:05 - Epoch 108: train_loss=0.436874121427536, train_acc= 86.61%
INFO - 09/14/26 00:03:07 - 0:10:05 - Epoch 109: train_loss=0.42635735869407654, train_acc= 87.07%
INFO - 09/14/26 00:03:07 - 0:10:05 - Epoch 110: train_loss=0.4251248836517334, train_acc= 86.90%
INFO - 09/14/26 00:03:07 - 0:10:06 - Epoch 110: val_loss=0.42590370774269104, val_acc= 85.53%,val_weighted_f1= 84.23,val_macro_f1= 77.71%
INFO - 09/14/26 00:03:08 - 0:10:06 - Epoch 111: train_loss=0.4190370738506317, train_acc= 87.09%
INFO - 09/14/26 00:03:08 - 0:10:06 - Epoch 112: train_loss=0.4136832058429718, train_acc= 87.45%
INFO - 09/14/26 00:03:08 - 0:10:06 - Epoch 113: train_loss=0.4125339388847351, train_acc= 87.24%
INFO - 09/14/26 00:03:08 - 0:10:06 - Epoch 114: train_loss=0.4071236252784729, train_acc= 87.49%
INFO - 09/14/26 00:03:09 - 0:10:07 - Epoch 115: train_loss=0.403982937335968, train_acc= 87.70%
INFO - 09/14/26 00:03:09 - 0:10:07 - Epoch 115: val_loss=0.41182729601860046, val_acc= 85.96%,val_weighted_f1= 84.92,val_macro_f1= 79.37%
INFO - 09/14/26 00:03:09 - 0:10:07 - Epoch 116: train_loss=0.3998948633670807, train_acc= 87.77%
INFO - 09/14/26 00:03:09 - 0:10:07 - Epoch 117: train_loss=0.39872869849205017, train_acc= 87.89%
INFO - 09/14/26 00:03:09 - 0:10:07 - Epoch 118: train_loss=0.3970286250114441, train_acc= 87.82%
INFO - 09/14/26 00:03:10 - 0:10:08 - Epoch 119: train_loss=0.39312323927879333, train_acc= 87.75%
INFO - 09/14/26 00:03:10 - 0:10:08 - Epoch 120: train_loss=0.3923020660877228, train_acc= 87.66%
INFO - 09/14/26 00:03:10 - 0:10:08 - Epoch 120: val_loss=0.39954638481140137, val_acc= 86.29%,val_weighted_f1= 85.29,val_macro_f1= 80.07%
INFO - 09/14/26 00:03:10 - 0:10:08 - Epoch 121: train_loss=0.3893197178840637, train_acc= 88.22%
INFO - 09/14/26 00:03:10 - 0:10:08 - Epoch 122: train_loss=0.3814084827899933, train_acc= 88.28%
INFO - 09/14/26 00:03:11 - 0:10:09 - Epoch 123: train_loss=0.38231807947158813, train_acc= 88.23%
INFO - 09/14/26 00:03:11 - 0:10:09 - Epoch 124: train_loss=0.37540191411972046, train_acc= 88.66%
INFO - 09/14/26 00:03:11 - 0:10:09 - Epoch 125: train_loss=0.3761087954044342, train_acc= 88.54%
INFO - 09/14/26 00:03:11 - 0:10:09 - Epoch 125: val_loss=0.3900432884693146, val_acc= 86.58%,val_weighted_f1= 85.75,val_macro_f1= 81.13%
INFO - 09/14/26 00:03:11 - 0:10:09 - Epoch 126: train_loss=0.37120458483695984, train_acc= 88.50%
INFO - 09/14/26 00:03:12 - 0:10:10 - Epoch 127: train_loss=0.36991456151008606, train_acc= 88.50%
INFO - 09/14/26 00:03:12 - 0:10:10 - Epoch 128: train_loss=0.36762645840644836, train_acc= 88.74%
INFO - 09/14/26 00:03:12 - 0:10:10 - Epoch 129: train_loss=0.3628722131252289, train_acc= 88.85%
INFO - 09/14/26 00:03:12 - 0:10:10 - Epoch 130: train_loss=0.36026838421821594, train_acc= 88.91%
INFO - 09/14/26 00:03:12 - 0:10:10 - Epoch 130: val_loss=0.38297727704048157, val_acc= 87.05%,val_weighted_f1= 86.06,val_macro_f1= 81.66%
INFO - 09/14/26 00:03:13 - 0:10:11 - Epoch 131: train_loss=0.3640225827693939, train_acc= 88.67%
INFO - 09/14/26 00:03:13 - 0:10:11 - Epoch 132: train_loss=0.35613083839416504, train_acc= 89.26%
INFO - 09/14/26 00:03:13 - 0:10:11 - Epoch 133: train_loss=0.3534162938594818, train_acc= 89.44%
INFO - 09/14/26 00:03:13 - 0:10:11 - Epoch 134: train_loss=0.35070157051086426, train_acc= 89.40%
INFO - 09/14/26 00:03:13 - 0:10:12 - Epoch 135: train_loss=0.34830552339553833, train_acc= 89.36%
INFO - 09/14/26 00:03:14 - 0:10:12 - Epoch 135: val_loss=0.3745462894439697, val_acc= 87.38%,val_weighted_f1= 86.40,val_macro_f1= 82.32%
INFO - 09/14/26 00:03:14 - 0:10:12 - Epoch 136: train_loss=0.34642067551612854, train_acc= 89.51%
INFO - 09/14/26 00:03:14 - 0:10:12 - Epoch 137: train_loss=0.344099760055542, train_acc= 89.46%
INFO - 09/14/26 00:03:14 - 0:10:12 - Epoch 138: train_loss=0.34069669246673584, train_acc= 89.72%
INFO - 09/14/26 00:03:14 - 0:10:13 - Epoch 139: train_loss=0.3410738408565521, train_acc= 89.57%
INFO - 09/14/26 00:03:15 - 0:10:13 - Epoch 140: train_loss=0.3374668061733246, train_acc= 89.83%
INFO - 09/14/26 00:03:15 - 0:10:13 - Epoch 140: val_loss=0.3670043647289276, val_acc= 87.85%,val_weighted_f1= 87.05,val_macro_f1= 83.59%
INFO - 09/14/26 00:03:15 - 0:10:13 - Epoch 141: train_loss=0.3367295563220978, train_acc= 89.68%
INFO - 09/14/26 00:03:15 - 0:10:13 - Epoch 142: train_loss=0.33426201343536377, train_acc= 89.75%
INFO - 09/14/26 00:03:15 - 0:10:14 - Epoch 143: train_loss=0.33080920577049255, train_acc= 89.89%
INFO - 09/14/26 00:03:16 - 0:10:14 - Epoch 144: train_loss=0.32972252368927, train_acc= 89.87%
INFO - 09/14/26 00:03:16 - 0:10:14 - Epoch 145: train_loss=0.329377144575119, train_acc= 89.77%
INFO - 09/14/26 00:03:16 - 0:10:14 - Epoch 145: val_loss=0.3611152768135071, val_acc= 87.75%,val_weighted_f1= 86.86,val_macro_f1= 83.27%
EarlyStopping counter: 1 out of 15
INFO - 09/14/26 00:03:16 - 0:10:14 - Epoch 146: train_loss=0.32352614402770996, train_acc= 90.03%
INFO - 09/14/26 00:03:16 - 0:10:14 - Epoch 147: train_loss=0.3213854432106018, train_acc= 90.20%
INFO - 09/14/26 00:03:17 - 0:10:15 - Epoch 148: train_loss=0.32079118490219116, train_acc= 90.16%
INFO - 09/14/26 00:03:17 - 0:10:15 - Epoch 149: train_loss=0.31841328740119934, train_acc= 90.23%
INFO - 09/14/26 00:03:17 - 0:10:15 - Epoch 150: train_loss=0.31523001194000244, train_acc= 90.61%
INFO - 09/14/26 00:03:17 - 0:10:15 - Epoch 150: val_loss=0.3550077974796295, val_acc= 88.07%,val_weighted_f1= 87.30,val_macro_f1= 84.14%
INFO - 09/14/26 00:03:17 - 0:10:15 - Epoch 151: train_loss=0.316040575504303, train_acc= 90.38%
INFO - 09/14/26 00:03:18 - 0:10:16 - Epoch 152: train_loss=0.3150811791419983, train_acc= 90.44%
INFO - 09/14/26 00:03:18 - 0:10:16 - Epoch 153: train_loss=0.3152867257595062, train_acc= 90.17%
INFO - 09/14/26 00:03:18 - 0:10:16 - Epoch 154: train_loss=0.30769604444503784, train_acc= 90.60%
INFO - 09/14/26 00:03:18 - 0:10:16 - Epoch 155: train_loss=0.31053128838539124, train_acc= 90.32%
INFO - 09/14/26 00:03:18 - 0:10:16 - Epoch 155: val_loss=0.34980955719947815, val_acc= 88.15%,val_weighted_f1= 87.40,val_macro_f1= 84.30%
INFO - 09/14/26 00:03:19 - 0:10:17 - Epoch 156: train_loss=0.3102622628211975, train_acc= 90.52%
INFO - 09/14/26 00:03:19 - 0:10:17 - Epoch 157: train_loss=0.3041834235191345, train_acc= 90.78%
INFO - 09/14/26 00:03:19 - 0:10:17 - Epoch 158: train_loss=0.30286484956741333, train_acc= 90.81%
INFO - 09/14/26 00:03:19 - 0:10:17 - Epoch 159: train_loss=0.3014950156211853, train_acc= 90.49%
INFO - 09/14/26 00:03:19 - 0:10:18 - Epoch 160: train_loss=0.3016643822193146, train_acc= 90.71%
INFO - 09/14/26 00:03:20 - 0:10:18 - Epoch 160: val_loss=0.3431338965892792, val_acc= 88.25%,val_weighted_f1= 87.52,val_macro_f1= 84.46%
INFO - 09/14/26 00:03:20 - 0:10:18 - Epoch 161: train_loss=0.3008919656276703, train_acc= 90.74%
INFO - 09/14/26 00:03:20 - 0:10:18 - Epoch 162: train_loss=0.29705411195755005, train_acc= 90.64%
INFO - 09/14/26 00:03:20 - 0:10:18 - Epoch 163: train_loss=0.2978641390800476, train_acc= 90.90%
INFO - 09/14/26 00:03:20 - 0:10:19 - Epoch 164: train_loss=0.292337566614151, train_acc= 91.25%
INFO - 09/14/26 00:03:21 - 0:10:19 - Epoch 165: train_loss=0.2908134162425995, train_acc= 91.08%
INFO - 09/14/26 00:03:21 - 0:10:19 - Epoch 165: val_loss=0.33702558279037476, val_acc= 88.47%,val_weighted_f1= 87.86,val_macro_f1= 85.07%
INFO - 09/14/26 00:03:21 - 0:10:19 - Epoch 166: train_loss=0.29372668266296387, train_acc= 91.18%
INFO - 09/14/26 00:03:21 - 0:10:19 - Epoch 167: train_loss=0.29025208950042725, train_acc= 91.02%
INFO - 09/14/26 00:03:21 - 0:10:19 - Epoch 168: train_loss=0.2902510166168213, train_acc= 90.84%
INFO - 09/14/26 00:03:22 - 0:10:20 - Epoch 169: train_loss=0.28927189111709595, train_acc= 91.17%
INFO - 09/14/26 00:03:22 - 0:10:20 - Epoch 170: train_loss=0.2856085002422333, train_acc= 91.34%
INFO - 09/14/26 00:03:22 - 0:10:20 - Epoch 170: val_loss=0.33322903513908386, val_acc= 88.55%,val_weighted_f1= 87.99,val_macro_f1= 85.35%
INFO - 09/14/26 00:03:22 - 0:10:20 - Epoch 171: train_loss=0.2849879264831543, train_acc= 91.24%
INFO - 09/14/26 00:03:22 - 0:10:20 - Epoch 172: train_loss=0.2825111448764801, train_acc= 91.25%
INFO - 09/14/26 00:03:23 - 0:10:21 - Epoch 173: train_loss=0.2806773781776428, train_acc= 91.48%
INFO - 09/14/26 00:03:23 - 0:10:21 - Epoch 174: train_loss=0.27642905712127686, train_acc= 91.29%
INFO - 09/14/26 00:03:23 - 0:10:21 - Epoch 175: train_loss=0.27721622586250305, train_acc= 91.67%
INFO - 09/14/26 00:03:23 - 0:10:21 - Epoch 175: val_loss=0.32968735694885254, val_acc= 88.65%,val_weighted_f1= 88.07,val_macro_f1= 85.31%
INFO - 09/14/26 00:03:23 - 0:10:21 - Epoch 176: train_loss=0.2777648866176605, train_acc= 91.40%
INFO - 09/14/26 00:03:24 - 0:10:22 - Epoch 177: train_loss=0.2754988670349121, train_acc= 91.77%
INFO - 09/14/26 00:03:24 - 0:10:22 - Epoch 178: train_loss=0.2738519310951233, train_acc= 91.42%
INFO - 09/14/26 00:03:24 - 0:10:22 - Epoch 179: train_loss=0.27009865641593933, train_acc= 91.72%
INFO - 09/14/26 00:03:24 - 0:10:22 - Epoch 180: train_loss=0.2689582407474518, train_acc= 91.53%
INFO - 09/14/26 00:03:24 - 0:10:22 - Epoch 180: val_loss=0.3278408348560333, val_acc= 88.65%,val_weighted_f1= 88.04,val_macro_f1= 85.22%
INFO - 09/14/26 00:03:25 - 0:10:23 - Epoch 181: train_loss=0.27064061164855957, train_acc= 91.53%
INFO - 09/14/26 00:03:25 - 0:10:23 - Epoch 182: train_loss=0.26877838373184204, train_acc= 91.67%
INFO - 09/14/26 00:03:25 - 0:10:23 - Epoch 183: train_loss=0.2632034420967102, train_acc= 91.67%
INFO - 09/14/26 00:03:25 - 0:10:23 - Epoch 184: train_loss=0.26524993777275085, train_acc= 91.93%
INFO - 09/14/26 00:03:25 - 0:10:24 - Epoch 185: train_loss=0.26776203513145447, train_acc= 91.88%
INFO - 09/14/26 00:03:26 - 0:10:24 - Epoch 185: val_loss=0.3232084810733795, val_acc= 88.91%,val_weighted_f1= 88.37,val_macro_f1= 85.74%
INFO - 09/14/26 00:03:26 - 0:10:24 - Epoch 186: train_loss=0.26093173027038574, train_acc= 92.01%
INFO - 09/14/26 00:03:26 - 0:10:24 - Epoch 187: train_loss=0.26047223806381226, train_acc= 91.99%
INFO - 09/14/26 00:03:26 - 0:10:24 - Epoch 188: train_loss=0.2622046172618866, train_acc= 91.93%
INFO - 09/14/26 00:03:26 - 0:10:25 - Epoch 189: train_loss=0.26254716515541077, train_acc= 91.74%
INFO - 09/14/26 00:03:27 - 0:10:25 - Epoch 190: train_loss=0.2570078670978546, train_acc= 92.17%
INFO - 09/14/26 00:03:27 - 0:10:25 - Epoch 190: val_loss=0.32342374324798584, val_acc= 88.91%,val_weighted_f1= 88.34,val_macro_f1= 85.78%
INFO - 09/14/26 00:03:27 - 0:10:25 - Epoch 191: train_loss=0.2556667923927307, train_acc= 91.99%
INFO - 09/14/26 00:03:27 - 0:10:25 - Epoch 192: train_loss=0.25399407744407654, train_acc= 92.41%
INFO - 09/14/26 00:03:28 - 0:10:26 - Epoch 193: train_loss=0.25339192152023315, train_acc= 92.15%
INFO - 09/14/26 00:03:28 - 0:10:26 - Epoch 194: train_loss=0.2531096339225769, train_acc= 92.29%
INFO - 09/14/26 00:03:28 - 0:10:26 - Epoch 195: train_loss=0.2520119249820709, train_acc= 92.62%
INFO - 09/14/26 00:03:28 - 0:10:26 - Epoch 195: val_loss=0.3233639597892761, val_acc= 88.98%,val_weighted_f1= 88.32,val_macro_f1= 85.40%
INFO - 09/14/26 00:03:28 - 0:10:26 - Epoch 196: train_loss=0.25276896357536316, train_acc= 92.04%
INFO - 09/14/26 00:03:29 - 0:10:27 - Epoch 197: train_loss=0.2518864572048187, train_acc= 92.24%
INFO - 09/14/26 00:03:29 - 0:10:27 - Epoch 198: train_loss=0.2538677752017975, train_acc= 92.14%
INFO - 09/14/26 00:03:29 - 0:10:27 - Epoch 199: train_loss=0.24618931114673615, train_acc= 92.51%
INFO - 09/14/26 00:03:29 - 0:10:27 - Epoch 200: train_loss=0.24680326879024506, train_acc= 92.44%
INFO - 09/14/26 00:03:29 - 0:10:27 - Epoch 200: val_loss=0.3188808262348175, val_acc= 89.20%,val_weighted_f1= 88.60,val_macro_f1= 85.93%
INFO - 09/14/26 00:03:29 - 0:10:28 - Epoch 201: train_loss=0.2461337447166443, train_acc= 92.50%
INFO - 09/14/26 00:03:30 - 0:10:28 - Epoch 202: train_loss=0.24705787003040314, train_acc= 92.54%
INFO - 09/14/26 00:03:30 - 0:10:28 - Epoch 203: train_loss=0.23981785774230957, train_acc= 92.51%
INFO - 09/14/26 00:03:30 - 0:10:28 - Epoch 204: train_loss=0.23946908116340637, train_acc= 92.50%
INFO - 09/14/26 00:03:30 - 0:10:28 - Epoch 205: train_loss=0.24225573241710663, train_acc= 92.44%
INFO - 09/14/26 00:03:30 - 0:10:29 - Epoch 205: val_loss=0.31801971793174744, val_acc= 89.27%,val_weighted_f1= 88.69,val_macro_f1= 86.18%
INFO - 09/14/26 00:03:31 - 0:10:29 - Epoch 206: train_loss=0.24240714311599731, train_acc= 92.57%
INFO - 09/14/26 00:03:31 - 0:10:29 - Epoch 207: train_loss=0.24135632812976837, train_acc= 92.57%
INFO - 09/14/26 00:03:31 - 0:10:29 - Epoch 208: train_loss=0.2373487800359726, train_acc= 92.69%
INFO - 09/14/26 00:03:31 - 0:10:29 - Epoch 209: train_loss=0.23664183914661407, train_acc= 92.67%
INFO - 09/14/26 00:03:32 - 0:10:30 - Epoch 210: train_loss=0.2338283807039261, train_acc= 92.85%
INFO - 09/14/26 00:03:32 - 0:10:30 - Epoch 210: val_loss=0.3116353452205658, val_acc= 89.49%,val_weighted_f1= 89.14,val_macro_f1= 87.35%
INFO - 09/14/26 00:03:32 - 0:10:30 - Epoch 211: train_loss=0.2365337312221527, train_acc= 92.62%
INFO - 09/14/26 00:03:32 - 0:10:30 - Epoch 212: train_loss=0.23196499049663544, train_acc= 92.94%
INFO - 09/14/26 00:03:32 - 0:10:30 - Epoch 213: train_loss=0.23383580148220062, train_acc= 92.50%
INFO - 09/14/26 00:03:33 - 0:10:31 - Epoch 214: train_loss=0.23141272366046906, train_acc= 92.77%
INFO - 09/14/26 00:03:33 - 0:10:31 - Epoch 215: train_loss=0.22951413691043854, train_acc= 92.63%
INFO - 09/14/26 00:03:33 - 0:10:31 - Epoch 215: val_loss=0.3126072585582733, val_acc= 89.42%,val_weighted_f1= 88.95,val_macro_f1= 86.85%
EarlyStopping counter: 1 out of 15
INFO - 09/14/26 00:03:33 - 0:10:31 - Epoch 216: train_loss=0.22783716022968292, train_acc= 92.98%
INFO - 09/14/26 00:03:33 - 0:10:31 - Epoch 217: train_loss=0.22940382361412048, train_acc= 92.81%
INFO - 09/14/26 00:03:34 - 0:10:32 - Epoch 218: train_loss=0.2274717539548874, train_acc= 92.87%
INFO - 09/14/26 00:03:34 - 0:10:32 - Epoch 219: train_loss=0.22826814651489258, train_acc= 92.87%
INFO - 09/14/26 00:03:34 - 0:10:32 - Epoch 220: train_loss=0.22873680293560028, train_acc= 92.95%
INFO - 09/14/26 00:03:34 - 0:10:32 - Epoch 220: val_loss=0.3189055621623993, val_acc= 89.05%,val_weighted_f1= 88.40,val_macro_f1= 85.76%
EarlyStopping counter: 2 out of 15
INFO - 09/14/26 00:03:34 - 0:10:32 - Epoch 221: train_loss=0.22451376914978027, train_acc= 93.14%
INFO - 09/14/26 00:03:35 - 0:10:33 - Epoch 222: train_loss=0.22546856105327606, train_acc= 92.97%
INFO - 09/14/26 00:03:35 - 0:10:33 - Epoch 223: train_loss=0.22455516457557678, train_acc= 93.02%
INFO - 09/14/26 00:03:35 - 0:10:33 - Epoch 224: train_loss=0.2222757637500763, train_acc= 93.12%
INFO - 09/14/26 00:03:35 - 0:10:33 - Epoch 225: train_loss=0.22094784677028656, train_acc= 93.29%
INFO - 09/14/26 00:03:35 - 0:10:33 - Epoch 225: val_loss=0.3131290078163147, val_acc= 89.38%,val_weighted_f1= 88.85,val_macro_f1= 86.43%
EarlyStopping counter: 3 out of 15
INFO - 09/14/26 00:03:35 - 0:10:34 - Epoch 226: train_loss=0.2214885652065277, train_acc= 93.12%
INFO - 09/14/26 00:03:36 - 0:10:34 - Epoch 227: train_loss=0.2190965861082077, train_acc= 93.14%
INFO - 09/14/26 00:03:36 - 0:10:34 - Epoch 228: train_loss=0.21569925546646118, train_acc= 93.25%
INFO - 09/14/26 00:03:36 - 0:10:34 - Epoch 229: train_loss=0.220554918050766, train_acc= 93.21%
INFO - 09/14/26 00:03:36 - 0:10:34 - Epoch 230: train_loss=0.2194533348083496, train_acc= 93.08%
INFO - 09/14/26 00:03:36 - 0:10:35 - Epoch 230: val_loss=0.3067229688167572, val_acc= 89.67%,val_weighted_f1= 89.25,val_macro_f1= 87.26%
INFO - 09/14/26 00:03:37 - 0:10:35 - Epoch 231: train_loss=0.2157982587814331, train_acc= 93.10%
INFO - 09/14/26 00:03:37 - 0:10:35 - Epoch 232: train_loss=0.21451380848884583, train_acc= 93.32%
INFO - 09/14/26 00:03:37 - 0:10:35 - Epoch 233: train_loss=0.21497304737567902, train_acc= 93.43%
INFO - 09/14/26 00:03:37 - 0:10:35 - Epoch 234: train_loss=0.21553754806518555, train_acc= 93.46%
INFO - 09/14/26 00:03:38 - 0:10:36 - Epoch 235: train_loss=0.21288613975048065, train_acc= 93.58%
INFO - 09/14/26 00:03:38 - 0:10:36 - Epoch 235: val_loss=0.3029446303844452, val_acc= 89.93%,val_weighted_f1= 89.62,val_macro_f1= 88.11%
INFO - 09/14/26 00:03:38 - 0:10:36 - Epoch 236: train_loss=0.21261759102344513, train_acc= 93.55%
INFO - 09/14/26 00:03:38 - 0:10:36 - Epoch 237: train_loss=0.2103085219860077, train_acc= 93.29%
INFO - 09/14/26 00:03:38 - 0:10:36 - Epoch 238: train_loss=0.21360982954502106, train_acc= 93.50%
INFO - 09/14/26 00:03:39 - 0:10:37 - Epoch 239: train_loss=0.21036718785762787, train_acc= 93.57%
INFO - 09/14/26 00:03:39 - 0:10:37 - Epoch 240: train_loss=0.2073100507259369, train_acc= 93.59%
INFO - 09/14/26 00:03:39 - 0:10:37 - Epoch 240: val_loss=0.31594619154930115, val_acc= 89.38%,val_weighted_f1= 88.83,val_macro_f1= 86.51%
EarlyStopping counter: 1 out of 15
INFO - 09/14/26 00:03:39 - 0:10:37 - Epoch 241: train_loss=0.2046736180782318, train_acc= 93.59%
INFO - 09/14/26 00:03:39 - 0:10:37 - Epoch 242: train_loss=0.20950283110141754, train_acc= 93.36%
INFO - 09/14/26 00:03:39 - 0:10:38 - Epoch 243: train_loss=0.20667815208435059, train_acc= 93.78%
INFO - 09/14/26 00:03:40 - 0:10:38 - Epoch 244: train_loss=0.204069122672081, train_acc= 93.41%
INFO - 09/14/26 00:03:40 - 0:10:38 - Epoch 245: train_loss=0.20748382806777954, train_acc= 93.53%
INFO - 09/14/26 00:03:40 - 0:10:38 - Epoch 245: val_loss=0.3062545359134674, val_acc= 89.75%,val_weighted_f1= 89.35,val_macro_f1= 87.41%
EarlyStopping counter: 2 out of 15
INFO - 09/14/26 00:03:40 - 0:10:38 - Epoch 246: train_loss=0.20331615209579468, train_acc= 93.84%
INFO - 09/14/26 00:03:40 - 0:10:39 - Epoch 247: train_loss=0.2068975269794464, train_acc= 93.50%
INFO - 09/14/26 00:03:41 - 0:10:39 - Epoch 248: train_loss=0.20319682359695435, train_acc= 93.72%
INFO - 09/14/26 00:03:41 - 0:10:39 - Epoch 249: train_loss=0.20486967265605927, train_acc= 93.73%
INFO - 09/14/26 00:03:41 - 0:10:39 - Epoch 250: train_loss=0.2042362540960312, train_acc= 93.70%
INFO - 09/14/26 00:03:41 - 0:10:39 - Epoch 250: val_loss=0.3036300241947174, val_acc= 90.04%,val_weighted_f1= 89.69,val_macro_f1= 87.97%
INFO - 09/14/26 00:03:41 - 0:10:40 - Epoch 251: train_loss=0.1984144002199173, train_acc= 93.83%
INFO - 09/14/26 00:03:42 - 0:10:40 - Epoch 252: train_loss=0.19848278164863586, train_acc= 93.97%
INFO - 09/14/26 00:03:42 - 0:10:40 - Epoch 253: train_loss=0.1968156397342682, train_acc= 93.97%
INFO - 09/14/26 00:03:42 - 0:10:40 - Epoch 254: train_loss=0.19407418370246887, train_acc= 93.90%
INFO - 09/14/26 00:03:42 - 0:10:40 - Epoch 255: train_loss=0.19545838236808777, train_acc= 94.01%
INFO - 09/14/26 00:03:42 - 0:10:41 - Epoch 255: val_loss=0.3092171549797058, val_acc= 89.78%,val_weighted_f1= 89.31,val_macro_f1= 87.17%
EarlyStopping counter: 1 out of 15
INFO - 09/14/26 00:03:43 - 0:10:41 - Epoch 256: train_loss=0.1955205500125885, train_acc= 94.12%
INFO - 09/14/26 00:03:43 - 0:10:41 - Epoch 257: train_loss=0.19654038548469543, train_acc= 94.17%
INFO - 09/14/26 00:03:43 - 0:10:41 - Epoch 258: train_loss=0.1949891895055771, train_acc= 94.22%
INFO - 09/14/26 00:03:43 - 0:10:41 - Epoch 259: train_loss=0.19885174930095673, train_acc= 93.86%
INFO - 09/14/26 00:03:44 - 0:10:42 - Epoch 260: train_loss=0.1938423365354538, train_acc= 94.24%
INFO - 09/14/26 00:03:44 - 0:10:42 - Epoch 260: val_loss=0.30614203214645386, val_acc= 90.00%,val_weighted_f1= 89.55,val_macro_f1= 87.53%
EarlyStopping counter: 2 out of 15
INFO - 09/14/26 00:03:44 - 0:10:42 - Epoch 261: train_loss=0.19094589352607727, train_acc= 94.37%
INFO - 09/14/26 00:03:44 - 0:10:42 - Epoch 262: train_loss=0.1950034648180008, train_acc= 94.12%
INFO - 09/14/26 00:03:44 - 0:10:42 - Epoch 263: train_loss=0.18633496761322021, train_acc= 94.33%
INFO - 09/14/26 00:03:45 - 0:10:43 - Epoch 264: train_loss=0.19272643327713013, train_acc= 94.23%
INFO - 09/14/26 00:03:45 - 0:10:43 - Epoch 265: train_loss=0.18687157332897186, train_acc= 94.45%
INFO - 09/14/26 00:03:45 - 0:10:43 - Epoch 265: val_loss=0.306282639503479, val_acc= 90.07%,val_weighted_f1= 89.68,val_macro_f1= 87.75%
INFO - 09/14/26 00:03:45 - 0:10:43 - Epoch 266: train_loss=0.18906448781490326, train_acc= 94.22%
INFO - 09/14/26 00:03:45 - 0:10:43 - Epoch 267: train_loss=0.18798817694187164, train_acc= 94.39%
INFO - 09/14/26 00:03:45 - 0:10:44 - Epoch 268: train_loss=0.1896282285451889, train_acc= 94.13%
INFO - 09/14/26 00:03:46 - 0:10:44 - Epoch 269: train_loss=0.1875266283750534, train_acc= 94.34%
INFO - 09/14/26 00:03:46 - 0:10:44 - Epoch 270: train_loss=0.18387460708618164, train_acc= 94.53%
INFO - 09/14/26 00:03:46 - 0:10:44 - Epoch 270: val_loss=0.31114256381988525, val_acc= 90.11%,val_weighted_f1= 89.69,val_macro_f1= 87.65%
INFO - 09/14/26 00:03:46 - 0:10:44 - Epoch 271: train_loss=0.1867949664592743, train_acc= 94.43%
INFO - 09/14/26 00:03:46 - 0:10:45 - Epoch 272: train_loss=0.1834290623664856, train_acc= 94.50%
INFO - 09/14/26 00:03:47 - 0:10:45 - Epoch 273: train_loss=0.18848344683647156, train_acc= 94.61%
INFO - 09/14/26 00:03:47 - 0:10:45 - Epoch 274: train_loss=0.1847955882549286, train_acc= 94.33%
INFO - 09/14/26 00:03:47 - 0:10:45 - Epoch 275: train_loss=0.18232542276382446, train_acc= 94.73%
INFO - 09/14/26 00:03:47 - 0:10:45 - Epoch 275: val_loss=0.3001180589199066, val_acc= 90.47%,val_weighted_f1= 90.21,val_macro_f1= 88.67%
INFO - 09/14/26 00:03:47 - 0:10:46 - Epoch 276: train_loss=0.18347403407096863, train_acc= 94.34%
INFO - 09/14/26 00:03:48 - 0:10:46 - Epoch 277: train_loss=0.1836271584033966, train_acc= 94.41%
INFO - 09/14/26 00:03:48 - 0:10:46 - Epoch 278: train_loss=0.1819969266653061, train_acc= 94.51%
INFO - 09/14/26 00:03:48 - 0:10:46 - Epoch 279: train_loss=0.17982999980449677, train_acc= 94.75%
INFO - 09/14/26 00:03:48 - 0:10:46 - Epoch 280: train_loss=0.1816849708557129, train_acc= 94.43%
INFO - 09/14/26 00:03:48 - 0:10:47 - Epoch 280: val_loss=0.3140927255153656, val_acc= 90.00%,val_weighted_f1= 89.51,val_macro_f1= 87.27%
EarlyStopping counter: 1 out of 15
INFO - 09/14/26 00:03:49 - 0:10:47 - Epoch 281: train_loss=0.18041369318962097, train_acc= 94.58%
INFO - 09/14/26 00:03:49 - 0:10:47 - Epoch 282: train_loss=0.1790752410888672, train_acc= 94.41%
INFO - 09/14/26 00:03:49 - 0:10:47 - Epoch 283: train_loss=0.17721740901470184, train_acc= 94.79%
INFO - 09/14/26 00:03:49 - 0:10:47 - Epoch 284: train_loss=0.1763867288827896, train_acc= 94.67%
INFO - 09/14/26 00:03:49 - 0:10:48 - Epoch 285: train_loss=0.1801750659942627, train_acc= 94.47%
INFO - 09/14/26 00:03:50 - 0:10:48 - Epoch 285: val_loss=0.3121434152126312, val_acc= 90.15%,val_weighted_f1= 89.76,val_macro_f1= 87.85%
EarlyStopping counter: 2 out of 15
INFO - 09/14/26 00:03:50 - 0:10:48 - Epoch 286: train_loss=0.17906257510185242, train_acc= 94.40%
INFO - 09/14/26 00:03:50 - 0:10:48 - Epoch 287: train_loss=0.17770303785800934, train_acc= 94.61%
INFO - 09/14/26 00:03:50 - 0:10:48 - Epoch 288: train_loss=0.17591829597949982, train_acc= 94.79%
INFO - 09/14/26 00:03:50 - 0:10:49 - Epoch 289: train_loss=0.17528079450130463, train_acc= 94.58%
INFO - 09/14/26 00:03:51 - 0:10:49 - Epoch 290: train_loss=0.17511868476867676, train_acc= 94.84%
INFO - 09/14/26 00:03:51 - 0:10:49 - Epoch 290: val_loss=0.304198294878006, val_acc= 90.40%,val_weighted_f1= 90.14,val_macro_f1= 88.60%
EarlyStopping counter: 3 out of 15
INFO - 09/14/26 00:03:51 - 0:10:49 - Epoch 291: train_loss=0.1718500554561615, train_acc= 94.92%
INFO - 09/14/26 00:03:51 - 0:10:49 - Epoch 292: train_loss=0.17005005478858948, train_acc= 94.93%
INFO - 09/14/26 00:03:51 - 0:10:50 - Epoch 293: train_loss=0.17137891054153442, train_acc= 95.10%
INFO - 09/14/26 00:03:52 - 0:10:50 - Epoch 294: train_loss=0.17026129364967346, train_acc= 95.08%
INFO - 09/14/26 00:03:52 - 0:10:50 - Epoch 295: train_loss=0.17109601199626923, train_acc= 94.75%
INFO - 09/14/26 00:03:52 - 0:10:50 - Epoch 295: val_loss=0.31005117297172546, val_acc= 90.33%,val_weighted_f1= 89.99,val_macro_f1= 88.22%
EarlyStopping counter: 4 out of 15
INFO - 09/14/26 00:03:52 - 0:10:50 - Epoch 296: train_loss=0.1686396300792694, train_acc= 94.92%
INFO - 09/14/26 00:03:52 - 0:10:51 - Epoch 297: train_loss=0.17192746698856354, train_acc= 94.84%
INFO - 09/14/26 00:03:53 - 0:10:51 - Epoch 298: train_loss=0.171660378575325, train_acc= 94.78%
INFO - 09/14/26 00:03:53 - 0:10:51 - Epoch 299: train_loss=0.16815105080604553, train_acc= 94.90%
INFO - 09/14/26 00:03:53 - 0:10:51 - Epoch 300: train_loss=0.16646213829517365, train_acc= 95.04%
INFO - 09/14/26 00:03:53 - 0:10:51 - Epoch 300: val_loss=0.31187859177589417, val_acc= 90.33%,val_weighted_f1= 89.97,val_macro_f1= 88.13%
EarlyStopping counter: 5 out of 15
INFO - 09/14/26 00:03:53 - 0:10:52 - Epoch 301: train_loss=0.16911515593528748, train_acc= 94.78%
INFO - 09/14/26 00:03:54 - 0:10:52 - Epoch 302: train_loss=0.16582585871219635, train_acc= 94.93%
INFO - 09/14/26 00:03:54 - 0:10:52 - Epoch 303: train_loss=0.16823416948318481, train_acc= 94.95%
INFO - 09/14/26 00:03:54 - 0:10:52 - Epoch 304: train_loss=0.16624444723129272, train_acc= 94.85%
INFO - 09/14/26 00:03:54 - 0:10:52 - Epoch 305: train_loss=0.16465502977371216, train_acc= 94.97%
INFO - 09/14/26 00:03:54 - 0:10:53 - Epoch 305: val_loss=0.30729085206985474, val_acc= 90.55%,val_weighted_f1= 90.24,val_macro_f1= 88.62%
INFO - 09/14/26 00:03:55 - 0:10:53 - Epoch 306: train_loss=0.16607198119163513, train_acc= 95.14%
INFO - 09/14/26 00:03:55 - 0:10:53 - Epoch 307: train_loss=0.1622781902551651, train_acc= 95.12%
INFO - 09/14/26 00:03:55 - 0:10:53 - Epoch 308: train_loss=0.1634649634361267, train_acc= 94.87%
INFO - 09/14/26 00:03:55 - 0:10:53 - Epoch 309: train_loss=0.16516591608524323, train_acc= 95.04%
INFO - 09/14/26 00:03:55 - 0:10:54 - Epoch 310: train_loss=0.16303181648254395, train_acc= 95.06%
INFO - 09/14/26 00:03:56 - 0:10:54 - Epoch 310: val_loss=0.31319648027420044, val_acc= 90.29%,val_weighted_f1= 89.94,val_macro_f1= 88.15%
EarlyStopping counter: 1 out of 15
INFO - 09/14/26 00:03:56 - 0:10:54 - Epoch 311: train_loss=0.165327250957489, train_acc= 94.93%
INFO - 09/14/26 00:03:56 - 0:10:54 - Epoch 312: train_loss=0.1592428982257843, train_acc= 95.31%
INFO - 09/14/26 00:03:56 - 0:10:54 - Epoch 313: train_loss=0.16104240715503693, train_acc= 95.09%
INFO - 09/14/26 00:03:56 - 0:10:55 - Epoch 314: train_loss=0.1626257449388504, train_acc= 95.14%
INFO - 09/14/26 00:03:57 - 0:10:55 - Epoch 315: train_loss=0.15899883210659027, train_acc= 95.26%
INFO - 09/14/26 00:03:57 - 0:10:55 - Epoch 315: val_loss=0.3045904040336609, val_acc= 90.65%,val_weighted_f1= 90.48,val_macro_f1= 89.45%
INFO - 09/14/26 00:03:57 - 0:10:55 - Epoch 316: train_loss=0.1575351506471634, train_acc= 95.36%
INFO - 09/14/26 00:03:57 - 0:10:55 - Epoch 317: train_loss=0.1612446904182434, train_acc= 95.00%
INFO - 09/14/26 00:03:57 - 0:10:56 - Epoch 318: train_loss=0.15971307456493378, train_acc= 95.09%
INFO - 09/14/26 00:03:58 - 0:10:56 - Epoch 319: train_loss=0.15661926567554474, train_acc= 95.26%
INFO - 09/14/26 00:03:58 - 0:10:56 - Epoch 320: train_loss=0.15500566363334656, train_acc= 95.49%
INFO - 09/14/26 00:03:58 - 0:10:56 - Epoch 320: val_loss=0.3206399083137512, val_acc= 90.33%,val_weighted_f1= 89.95,val_macro_f1= 88.29%
EarlyStopping counter: 1 out of 15
INFO - 09/14/26 00:03:58 - 0:10:56 - Epoch 321: train_loss=0.15994946658611298, train_acc= 95.12%
INFO - 09/14/26 00:03:58 - 0:10:57 - Epoch 322: train_loss=0.15378674864768982, train_acc= 95.23%
INFO - 09/14/26 00:03:59 - 0:10:57 - Epoch 323: train_loss=0.15467457473278046, train_acc= 95.46%
INFO - 09/14/26 00:03:59 - 0:10:57 - Epoch 324: train_loss=0.1566561907529831, train_acc= 95.42%
INFO - 09/14/26 00:03:59 - 0:10:57 - Epoch 325: train_loss=0.15800298750400543, train_acc= 95.10%
INFO - 09/14/26 00:03:59 - 0:10:57 - Epoch 325: val_loss=0.31532081961631775, val_acc= 90.69%,val_weighted_f1= 90.45,val_macro_f1= 89.29%
INFO - 09/14/26 00:03:59 - 0:10:58 - Epoch 326: train_loss=0.15330485999584198, train_acc= 95.41%
INFO - 09/14/26 00:04:00 - 0:10:58 - Epoch 327: train_loss=0.15462742745876312, train_acc= 95.63%
INFO - 09/14/26 00:04:00 - 0:10:58 - Epoch 328: train_loss=0.14791803061962128, train_acc= 95.75%
INFO - 09/14/26 00:04:00 - 0:10:58 - Epoch 329: train_loss=0.15222829580307007, train_acc= 95.55%
INFO - 09/14/26 00:04:00 - 0:10:58 - Epoch 330: train_loss=0.1523239016532898, train_acc= 95.73%
INFO - 09/14/26 00:04:00 - 0:10:58 - Epoch 330: val_loss=0.31145668029785156, val_acc= 90.84%,val_weighted_f1= 90.67,val_macro_f1= 89.74%
INFO - 09/14/26 00:04:01 - 0:10:59 - Epoch 331: train_loss=0.15267935395240784, train_acc= 95.56%
INFO - 09/14/26 00:04:01 - 0:10:59 - Epoch 332: train_loss=0.14865534007549286, train_acc= 95.56%
INFO - 09/14/26 00:04:01 - 0:10:59 - Epoch 333: train_loss=0.150394469499588, train_acc= 95.56%
INFO - 09/14/26 00:04:01 - 0:10:59 - Epoch 334: train_loss=0.15036503970623016, train_acc= 95.48%
INFO - 09/14/26 00:04:01 - 0:11:00 - Epoch 335: train_loss=0.14823618531227112, train_acc= 95.54%
INFO - 09/14/26 00:04:02 - 0:11:00 - Epoch 335: val_loss=0.32565829157829285, val_acc= 90.25%,val_weighted_f1= 89.93,val_macro_f1= 88.59%
EarlyStopping counter: 1 out of 15
INFO - 09/14/26 00:04:02 - 0:11:00 - Epoch 336: train_loss=0.14912651479244232, train_acc= 95.40%
INFO - 09/14/26 00:04:02 - 0:11:00 - Epoch 337: train_loss=0.1480342298746109, train_acc= 95.82%
INFO - 09/14/26 00:04:02 - 0:11:00 - Epoch 338: train_loss=0.14813601970672607, train_acc= 95.83%
INFO - 09/14/26 00:04:02 - 0:11:01 - Epoch 339: train_loss=0.14839832484722137, train_acc= 95.52%
INFO - 09/14/26 00:04:03 - 0:11:01 - Epoch 340: train_loss=0.1470688432455063, train_acc= 95.69%
INFO - 09/14/26 00:04:03 - 0:11:01 - Epoch 340: val_loss=0.3191555440425873, val_acc= 90.80%,val_weighted_f1= 90.60,val_macro_f1= 89.67%
EarlyStopping counter: 2 out of 15
INFO - 09/14/26 00:04:03 - 0:11:01 - Epoch 341: train_loss=0.14714501798152924, train_acc= 95.75%
INFO - 09/14/26 00:04:03 - 0:11:01 - Epoch 342: train_loss=0.14595414698123932, train_acc= 95.54%
INFO - 09/14/26 00:04:03 - 0:11:02 - Epoch 343: train_loss=0.1470692902803421, train_acc= 95.63%
INFO - 09/14/26 00:04:04 - 0:11:02 - Epoch 344: train_loss=0.1442333310842514, train_acc= 95.87%
INFO - 09/14/26 00:04:04 - 0:11:02 - Epoch 345: train_loss=0.14602361619472504, train_acc= 95.86%
INFO - 09/14/26 00:04:04 - 0:11:02 - Epoch 345: val_loss=0.3177012801170349, val_acc= 90.76%,val_weighted_f1= 90.54,val_macro_f1= 89.45%
EarlyStopping counter: 3 out of 15
INFO - 09/14/26 00:04:04 - 0:11:02 - Epoch 346: train_loss=0.14332029223442078, train_acc= 95.72%
INFO - 09/14/26 00:04:04 - 0:11:03 - Epoch 347: train_loss=0.1421605497598648, train_acc= 95.67%
INFO - 09/14/26 00:04:05 - 0:11:03 - Epoch 348: train_loss=0.1416500061750412, train_acc= 95.78%
INFO - 09/14/26 00:04:05 - 0:11:03 - Epoch 349: train_loss=0.1463119238615036, train_acc= 95.67%
INFO - 09/14/26 00:04:05 - 0:11:03 - Epoch 350: train_loss=0.14058302342891693, train_acc= 95.86%
INFO - 09/14/26 00:04:05 - 0:11:03 - Epoch 350: val_loss=0.32016387581825256, val_acc= 90.84%,val_weighted_f1= 90.65,val_macro_f1= 89.69%
INFO - 09/14/26 00:04:05 - 0:11:03 - Epoch 351: train_loss=0.13828915357589722, train_acc= 95.89%
INFO - 09/14/26 00:04:06 - 0:11:04 - Epoch 352: train_loss=0.13917744159698486, train_acc= 96.09%
INFO - 09/14/26 00:04:06 - 0:11:04 - Epoch 353: train_loss=0.14106734097003937, train_acc= 95.82%
INFO - 09/14/26 00:04:06 - 0:11:04 - Epoch 354: train_loss=0.13882945477962494, train_acc= 95.87%
INFO - 09/14/26 00:04:06 - 0:11:04 - Epoch 355: train_loss=0.14073725044727325, train_acc= 95.96%
INFO - 09/14/26 00:04:06 - 0:11:04 - Epoch 355: val_loss=0.3342772126197815, val_acc= 90.40%,val_weighted_f1= 90.01,val_macro_f1= 88.47%
EarlyStopping counter: 1 out of 15
INFO - 09/14/26 00:04:07 - 0:11:05 - Epoch 356: train_loss=0.14151586592197418, train_acc= 95.78%
INFO - 09/14/26 00:04:07 - 0:11:05 - Epoch 357: train_loss=0.14017614722251892, train_acc= 95.82%
INFO - 09/14/26 00:04:07 - 0:11:05 - Epoch 358: train_loss=0.14047735929489136, train_acc= 95.79%
INFO - 09/14/26 00:04:07 - 0:11:05 - Epoch 359: train_loss=0.13664597272872925, train_acc= 96.15%
INFO - 09/14/26 00:04:07 - 0:11:06 - Epoch 360: train_loss=0.13953463733196259, train_acc= 95.96%
INFO - 09/14/26 00:04:08 - 0:11:06 - Epoch 360: val_loss=0.32103464007377625, val_acc= 90.87%,val_weighted_f1= 90.70,val_macro_f1= 89.79%
INFO - 09/14/26 00:04:08 - 0:11:06 - Epoch 361: train_loss=0.1339723765850067, train_acc= 96.03%
INFO - 09/14/26 00:04:08 - 0:11:06 - Epoch 362: train_loss=0.139340341091156, train_acc= 95.95%
INFO - 09/14/26 00:04:08 - 0:11:06 - Epoch 363: train_loss=0.1347295641899109, train_acc= 96.00%
INFO - 09/14/26 00:04:08 - 0:11:07 - Epoch 364: train_loss=0.1336286962032318, train_acc= 96.01%
INFO - 09/14/26 00:04:09 - 0:11:07 - Epoch 365: train_loss=0.13594509661197662, train_acc= 96.06%
INFO - 09/14/26 00:04:09 - 0:11:07 - Epoch 365: val_loss=0.32352644205093384, val_acc= 90.76%,val_weighted_f1= 90.60,val_macro_f1= 89.87%
EarlyStopping counter: 1 out of 15
INFO - 09/14/26 00:04:09 - 0:11:07 - Epoch 366: train_loss=0.13466885685920715, train_acc= 95.86%
INFO - 09/14/26 00:04:09 - 0:11:07 - Epoch 367: train_loss=0.13765889406204224, train_acc= 95.83%
INFO - 09/14/26 00:04:09 - 0:11:07 - Epoch 368: train_loss=0.13342677056789398, train_acc= 96.16%
INFO - 09/14/26 00:04:10 - 0:11:08 - Epoch 369: train_loss=0.1338597536087036, train_acc= 96.15%
INFO - 09/14/26 00:04:10 - 0:11:08 - Epoch 370: train_loss=0.13406123220920563, train_acc= 96.12%
INFO - 09/14/26 00:04:10 - 0:11:08 - Epoch 370: val_loss=0.32947561144828796, val_acc= 90.69%,val_weighted_f1= 90.49,val_macro_f1= 89.67%
EarlyStopping counter: 2 out of 15
INFO - 09/14/26 00:04:10 - 0:11:08 - Epoch 371: train_loss=0.1318904012441635, train_acc= 96.26%
INFO - 09/14/26 00:04:10 - 0:11:08 - Epoch 372: train_loss=0.130077064037323, train_acc= 96.13%
INFO - 09/14/26 00:04:11 - 0:11:09 - Epoch 373: train_loss=0.1297459602355957, train_acc= 95.98%
INFO - 09/14/26 00:04:11 - 0:11:09 - Epoch 374: train_loss=0.13087035715579987, train_acc= 96.10%
INFO - 09/14/26 00:04:11 - 0:11:09 - Epoch 375: train_loss=0.13164526224136353, train_acc= 96.18%
INFO - 09/14/26 00:04:11 - 0:11:09 - Epoch 375: val_loss=0.34101560711860657, val_acc= 90.25%,val_weighted_f1= 89.99,val_macro_f1= 88.94%
EarlyStopping counter: 3 out of 15
INFO - 09/14/26 00:04:11 - 0:11:09 - Epoch 376: train_loss=0.1314844936132431, train_acc= 96.17%
INFO - 09/14/26 00:04:12 - 0:11:10 - Epoch 377: train_loss=0.1292671114206314, train_acc= 96.36%
INFO - 09/14/26 00:04:12 - 0:11:10 - Epoch 378: train_loss=0.12824270129203796, train_acc= 96.24%
INFO - 09/14/26 00:04:12 - 0:11:10 - Epoch 379: train_loss=0.1303057223558426, train_acc= 96.16%
INFO - 09/14/26 00:04:12 - 0:11:10 - Epoch 380: train_loss=0.12885668873786926, train_acc= 96.21%
INFO - 09/14/26 00:04:12 - 0:11:10 - Epoch 380: val_loss=0.33318719267845154, val_acc= 90.65%,val_weighted_f1= 90.49,val_macro_f1= 89.77%
EarlyStopping counter: 4 out of 15
INFO - 09/14/26 00:04:13 - 0:11:11 - Epoch 381: train_loss=0.12929444015026093, train_acc= 96.19%
INFO - 09/14/26 00:04:13 - 0:11:11 - Epoch 382: train_loss=0.12907855212688446, train_acc= 96.39%
INFO - 09/14/26 00:04:13 - 0:11:11 - Epoch 383: train_loss=0.12631744146347046, train_acc= 96.29%
INFO - 09/14/26 00:04:13 - 0:11:11 - Epoch 384: train_loss=0.1256083995103836, train_acc= 96.43%
INFO - 09/14/26 00:04:13 - 0:11:12 - Epoch 385: train_loss=0.12886619567871094, train_acc= 96.30%
INFO - 09/14/26 00:04:14 - 0:11:12 - Epoch 385: val_loss=0.3381686508655548, val_acc= 90.69%,val_weighted_f1= 90.50,val_macro_f1= 89.90%
EarlyStopping counter: 5 out of 15
INFO - 09/14/26 00:04:14 - 0:11:12 - Epoch 386: train_loss=0.12440423667430878, train_acc= 96.43%
INFO - 09/14/26 00:04:14 - 0:11:12 - Epoch 387: train_loss=0.12325119972229004, train_acc= 96.40%
INFO - 09/14/26 00:04:14 - 0:11:12 - Epoch 388: train_loss=0.1262325942516327, train_acc= 96.45%
INFO - 09/14/26 00:04:14 - 0:11:13 - Epoch 389: train_loss=0.1220797672867775, train_acc= 96.45%
INFO - 09/14/26 00:04:15 - 0:11:13 - Epoch 390: train_loss=0.1240217536687851, train_acc= 96.50%
INFO - 09/14/26 00:04:15 - 0:11:13 - Epoch 390: val_loss=0.3494110107421875, val_acc= 90.36%,val_weighted_f1= 90.12,val_macro_f1= 89.34%
EarlyStopping counter: 6 out of 15
INFO - 09/14/26 00:04:15 - 0:11:13 - Epoch 391: train_loss=0.12480641901493073, train_acc= 96.35%
INFO - 09/14/26 00:04:15 - 0:11:13 - Epoch 392: train_loss=0.1220349669456482, train_acc= 96.70%
INFO - 09/14/26 00:04:15 - 0:11:13 - Epoch 393: train_loss=0.12404222041368484, train_acc= 96.33%
INFO - 09/14/26 00:04:16 - 0:11:14 - Epoch 394: train_loss=0.12066322565078735, train_acc= 96.69%
INFO - 09/14/26 00:04:16 - 0:11:14 - Epoch 395: train_loss=0.12172875553369522, train_acc= 96.53%
INFO - 09/14/26 00:04:16 - 0:11:14 - Epoch 395: val_loss=0.3370739817619324, val_acc= 90.33%,val_weighted_f1= 90.17,val_macro_f1= 89.74%
EarlyStopping counter: 7 out of 15
INFO - 09/14/26 00:04:16 - 0:11:14 - Epoch 396: train_loss=0.12317085266113281, train_acc= 96.34%
INFO - 09/14/26 00:04:16 - 0:11:14 - Epoch 397: train_loss=0.11947902292013168, train_acc= 96.86%
INFO - 09/14/26 00:04:17 - 0:11:15 - Epoch 398: train_loss=0.12123160809278488, train_acc= 96.53%
INFO - 09/14/26 00:04:17 - 0:11:15 - Epoch 399: train_loss=0.1195560023188591, train_acc= 96.66%
INFO - 09/14/26 00:04:17 - 0:11:15 - Epoch 400: train_loss=0.11769604682922363, train_acc= 96.67%
INFO - 09/14/26 00:04:17 - 0:11:15 - Epoch 400: val_loss=0.34469011425971985, val_acc= 90.33%,val_weighted_f1= 90.16,val_macro_f1= 89.64%
EarlyStopping counter: 8 out of 15
INFO - 09/14/26 00:04:17 - 0:11:15 - Epoch 401: train_loss=0.1196693703532219, train_acc= 96.64%
INFO - 09/14/26 00:04:18 - 0:11:16 - Epoch 402: train_loss=0.11882974952459335, train_acc= 96.38%
INFO - 09/14/26 00:04:18 - 0:11:16 - Epoch 403: train_loss=0.12097475677728653, train_acc= 96.53%
INFO - 09/14/26 00:04:18 - 0:11:16 - Epoch 404: train_loss=0.11798274517059326, train_acc= 96.62%
INFO - 09/14/26 00:04:18 - 0:11:16 - Epoch 405: train_loss=0.11896489560604095, train_acc= 96.66%
INFO - 09/14/26 00:04:18 - 0:11:16 - Epoch 405: val_loss=0.35121622681617737, val_acc= 90.04%,val_weighted_f1= 89.75,val_macro_f1= 88.84%
EarlyStopping counter: 9 out of 15
INFO - 09/14/26 00:04:19 - 0:11:17 - Epoch 406: train_loss=0.1186114251613617, train_acc= 96.63%
INFO - 09/14/26 00:04:19 - 0:11:17 - Epoch 407: train_loss=0.11742928624153137, train_acc= 96.62%
INFO - 09/14/26 00:04:19 - 0:11:17 - Epoch 408: train_loss=0.1165146753191948, train_acc= 96.79%
INFO - 09/14/26 00:04:19 - 0:11:17 - Epoch 409: train_loss=0.11823178827762604, train_acc= 96.68%
INFO - 09/14/26 00:04:19 - 0:11:18 - Epoch 410: train_loss=0.11519712954759598, train_acc= 96.51%
INFO - 09/14/26 00:04:20 - 0:11:18 - Epoch 410: val_loss=0.3427044451236725, val_acc= 90.36%,val_weighted_f1= 90.14,val_macro_f1= 89.32%
EarlyStopping counter: 10 out of 15
INFO - 09/14/26 00:04:20 - 0:11:18 - Epoch 411: train_loss=0.11815193295478821, train_acc= 96.63%
INFO - 09/14/26 00:04:20 - 0:11:18 - Epoch 412: train_loss=0.11460092663764954, train_acc= 96.63%
INFO - 09/14/26 00:04:20 - 0:11:18 - Epoch 413: train_loss=0.11596830934286118, train_acc= 96.63%
INFO - 09/14/26 00:04:20 - 0:11:19 - Epoch 414: train_loss=0.11391481757164001, train_acc= 96.68%
INFO - 09/14/26 00:04:21 - 0:11:19 - Epoch 415: train_loss=0.11621781438589096, train_acc= 96.59%
INFO - 09/14/26 00:04:21 - 0:11:19 - Epoch 415: val_loss=0.3463157117366791, val_acc= 90.15%,val_weighted_f1= 89.94,val_macro_f1= 89.25%
EarlyStopping counter: 11 out of 15
INFO - 09/14/26 00:04:21 - 0:11:19 - Epoch 416: train_loss=0.11694531887769699, train_acc= 96.76%
INFO - 09/14/26 00:04:21 - 0:11:19 - Epoch 417: train_loss=0.11380843818187714, train_acc= 96.51%
INFO - 09/14/26 00:04:21 - 0:11:20 - Epoch 418: train_loss=0.11190449446439743, train_acc= 96.72%
INFO - 09/14/26 00:04:22 - 0:11:20 - Epoch 419: train_loss=0.11368373781442642, train_acc= 96.74%
INFO - 09/14/26 00:04:22 - 0:11:20 - Epoch 420: train_loss=0.11207187920808792, train_acc= 96.75%
INFO - 09/14/26 00:04:22 - 0:11:20 - Epoch 420: val_loss=0.3484838306903839, val_acc= 90.15%,val_weighted_f1= 89.98,val_macro_f1= 89.37%
EarlyStopping counter: 12 out of 15
INFO - 09/14/26 00:04:22 - 0:11:20 - Epoch 421: train_loss=0.10963079333305359, train_acc= 97.10%
INFO - 09/14/26 00:04:22 - 0:11:21 - Epoch 422: train_loss=0.11098886281251907, train_acc= 96.89%
INFO - 09/14/26 00:04:23 - 0:11:21 - Epoch 423: train_loss=0.11250501126050949, train_acc= 96.85%
INFO - 09/14/26 00:04:23 - 0:11:21 - Epoch 424: train_loss=0.10901294648647308, train_acc= 97.04%
INFO - 09/14/26 00:04:23 - 0:11:21 - Epoch 425: train_loss=0.11195935308933258, train_acc= 96.66%
INFO - 09/14/26 00:04:23 - 0:11:21 - Epoch 425: val_loss=0.3623354732990265, val_acc= 89.78%,val_weighted_f1= 89.48,val_macro_f1= 88.48%
EarlyStopping counter: 13 out of 15
INFO - 09/14/26 00:04:23 - 0:11:22 - Epoch 426: train_loss=0.1094464510679245, train_acc= 97.04%
INFO - 09/14/26 00:04:24 - 0:11:22 - Epoch 427: train_loss=0.1097567230463028, train_acc= 96.78%
INFO - 09/14/26 00:04:24 - 0:11:22 - Epoch 428: train_loss=0.10769207775592804, train_acc= 97.02%
INFO - 09/14/26 00:04:24 - 0:11:22 - Epoch 429: train_loss=0.10866223275661469, train_acc= 96.85%
INFO - 09/14/26 00:04:24 - 0:11:22 - Epoch 430: train_loss=0.10838646441698074, train_acc= 97.08%
INFO - 09/14/26 00:04:24 - 0:11:22 - Epoch 430: val_loss=0.34874433279037476, val_acc= 90.33%,val_weighted_f1= 90.19,val_macro_f1= 89.77%
EarlyStopping counter: 14 out of 15
INFO - 09/14/26 00:04:25 - 0:11:23 - Epoch 431: train_loss=0.10941657423973083, train_acc= 96.97%
INFO - 09/14/26 00:04:25 - 0:11:23 - Epoch 432: train_loss=0.10490669310092926, train_acc= 97.29%
INFO - 09/14/26 00:04:25 - 0:11:23 - Epoch 433: train_loss=0.10887806862592697, train_acc= 96.89%
INFO - 09/14/26 00:04:25 - 0:11:23 - Epoch 434: train_loss=0.10804292559623718, train_acc= 96.78%
INFO - 09/14/26 00:04:25 - 0:11:24 - Epoch 435: train_loss=0.10734380781650543, train_acc= 97.06%
INFO - 09/14/26 00:04:26 - 0:11:24 - Epoch 435: val_loss=0.3600643277168274, val_acc= 90.00%,val_weighted_f1= 89.79,val_macro_f1= 89.06%
EarlyStopping counter: 15 out of 15
---------Early stopping--------
INFO - 09/14/26 00:04:26 - 0:11:24 - --------------Testing--------------------
INFO - 09/14/26 00:04:26 - 0:11:24 - --------------Loading from ./checkpoints/NC_computers_model.pt--------------------
INFO - 09/14/26 00:04:26 - 0:11:24 - test_acc= 90.95%, weighted_f1= 90.85,macro_f1= 88.83%
INFO - 09/14/26 00:04:26 - 0:11:24 - test_acc= 90.95%, weighted_f1= 90.85,macro_f1= 88.83%
INFO - 09/14/26 00:04:26 - 0:11:24 - Epoch 0: train_loss=2.4727280139923096, train_acc= 8.77%
INFO - 09/14/26 00:04:26 - 0:11:24 - Epoch 0: val_loss=2.308297872543335, val_acc= 14.80%,val_weighted_f1= 15.67,val_macro_f1= 8.14%
INFO - 09/14/26 00:04:26 - 0:11:24 - Epoch 1: train_loss=2.3440074920654297, train_acc= 13.32%
INFO - 09/14/26 00:04:27 - 0:11:25 - Epoch 2: train_loss=2.2279863357543945, train_acc= 18.88%
INFO - 09/14/26 00:04:27 - 0:11:25 - Epoch 3: train_loss=2.1468539237976074, train_acc= 23.99%
INFO - 09/14/26 00:04:27 - 0:11:25 - Epoch 4: train_loss=2.0794031620025635, train_acc= 27.96%
INFO - 09/14/26 00:04:27 - 0:11:25 - Epoch 5: train_loss=2.036463737487793, train_acc= 31.36%
INFO - 09/14/26 00:04:27 - 0:11:25 - Epoch 5: val_loss=1.9480702877044678, val_acc= 37.67%,val_weighted_f1= 23.93,val_macro_f1= 7.36%
INFO - 09/14/26 00:04:28 - 0:11:26 - Epoch 6: train_loss=1.998866081237793, train_acc= 33.56%
INFO - 09/14/26 00:04:28 - 0:11:26 - Epoch 7: train_loss=1.9688829183578491, train_acc= 34.82%
INFO - 09/14/26 00:04:28 - 0:11:26 - Epoch 8: train_loss=1.9490925073623657, train_acc= 35.79%
INFO - 09/14/26 00:04:28 - 0:11:26 - Epoch 9: train_loss=1.9239962100982666, train_acc= 36.37%
INFO - 09/14/26 00:04:28 - 0:11:27 - Epoch 10: train_loss=1.8985953330993652, train_acc= 37.14%
INFO - 09/14/26 00:04:29 - 0:11:27 - Epoch 10: val_loss=1.8229897022247314, val_acc= 40.80%,val_weighted_f1= 25.85,val_macro_f1= 7.90%
INFO - 09/14/26 00:04:29 - 0:11:27 - Epoch 11: train_loss=1.8744759559631348, train_acc= 37.82%
INFO - 09/14/26 00:04:29 - 0:11:27 - Epoch 12: train_loss=1.8576035499572754, train_acc= 39.28%
INFO - 09/14/26 00:04:29 - 0:11:27 - Epoch 13: train_loss=1.8363838195800781, train_acc= 40.58%
INFO - 09/14/26 00:04:29 - 0:11:28 - Epoch 14: train_loss=1.8175684213638306, train_acc= 40.94%
INFO - 09/14/26 00:04:30 - 0:11:28 - Epoch 15: train_loss=1.7992384433746338, train_acc= 41.84%
INFO - 09/14/26 00:04:30 - 0:11:28 - Epoch 15: val_loss=1.7067445516586304, val_acc= 45.20%,val_weighted_f1= 32.80,val_macro_f1= 11.95%
INFO - 09/14/26 00:04:30 - 0:11:28 - Epoch 16: train_loss=1.7770389318466187, train_acc= 42.86%
INFO - 09/14/26 00:04:30 - 0:11:28 - Epoch 17: train_loss=1.7552127838134766, train_acc= 43.18%
INFO - 09/14/26 00:04:30 - 0:11:29 - Epoch 18: train_loss=1.731895923614502, train_acc= 43.77%
INFO - 09/14/26 00:04:31 - 0:11:29 - Epoch 19: train_loss=1.7107698917388916, train_acc= 44.00%
INFO - 09/14/26 00:04:31 - 0:11:29 - Epoch 20: train_loss=1.6907612085342407, train_acc= 44.35%
INFO - 09/14/26 00:04:31 - 0:11:29 - Epoch 20: val_loss=1.5918599367141724, val_acc= 45.85%,val_weighted_f1= 33.59,val_macro_f1= 12.60%
INFO - 09/14/26 00:04:31 - 0:11:29 - Epoch 21: train_loss=1.6700806617736816, train_acc= 45.00%
INFO - 09/14/26 00:04:31 - 0:11:30 - Epoch 22: train_loss=1.6512876749038696, train_acc= 44.74%
INFO - 09/14/26 00:04:32 - 0:11:30 - Epoch 23: train_loss=1.6306710243225098, train_acc= 45.48%
INFO - 09/14/26 00:04:32 - 0:11:30 - Epoch 24: train_loss=1.6130021810531616, train_acc= 46.26%
INFO - 09/14/26 00:04:32 - 0:11:30 - Epoch 25: train_loss=1.59238862991333, train_acc= 47.03%
INFO - 09/14/26 00:04:32 - 0:11:30 - Epoch 25: val_loss=1.4766933917999268, val_acc= 50.44%,val_weighted_f1= 40.53,val_macro_f1= 17.20%
INFO - 09/14/26 00:04:32 - 0:11:31 - Epoch 26: train_loss=1.5707144737243652, train_acc= 48.33%
INFO - 09/14/26 00:04:33 - 0:11:31 - Epoch 27: train_loss=1.5488507747650146, train_acc= 49.21%
INFO - 09/14/26 00:04:33 - 0:11:31 - Epoch 28: train_loss=1.53395676612854, train_acc= 50.25%
INFO - 09/14/26 00:04:33 - 0:11:31 - Epoch 29: train_loss=1.5149285793304443, train_acc= 51.10%
INFO - 09/14/26 00:04:33 - 0:11:31 - Epoch 30: train_loss=1.4938688278198242, train_acc= 51.89%
INFO - 09/14/26 00:04:33 - 0:11:32 - Epoch 30: val_loss=1.3630365133285522, val_acc= 56.00%,val_weighted_f1= 48.23,val_macro_f1= 22.84%
INFO - 09/14/26 00:04:34 - 0:11:32 - Epoch 31: train_loss=1.4745020866394043, train_acc= 52.62%
INFO - 09/14/26 00:04:34 - 0:11:32 - Epoch 32: train_loss=1.4597574472427368, train_acc= 52.88%
INFO - 09/14/26 00:04:34 - 0:11:32 - Epoch 33: train_loss=1.4341752529144287, train_acc= 54.16%
INFO - 09/14/26 00:04:34 - 0:11:32 - Epoch 34: train_loss=1.4059629440307617, train_acc= 55.53%
INFO - 09/14/26 00:04:35 - 0:11:33 - Epoch 35: train_loss=1.3869479894638062, train_acc= 56.08%
INFO - 09/14/26 00:04:35 - 0:11:33 - Epoch 35: val_loss=1.2482690811157227, val_acc= 59.82%,val_weighted_f1= 52.35,val_macro_f1= 25.58%
INFO - 09/14/26 00:04:35 - 0:11:33 - Epoch 36: train_loss=1.3636283874511719, train_acc= 56.76%
INFO - 09/14/26 00:04:35 - 0:11:33 - Epoch 37: train_loss=1.3479111194610596, train_acc= 56.99%
INFO - 09/14/26 00:04:35 - 0:11:33 - Epoch 38: train_loss=1.3204240798950195, train_acc= 58.79%
INFO - 09/14/26 00:04:36 - 0:11:34 - Epoch 39: train_loss=1.300704836845398, train_acc= 59.21%
INFO - 09/14/26 00:04:36 - 0:11:34 - Epoch 40: train_loss=1.2778445482254028, train_acc= 60.25%
INFO - 09/14/26 00:04:36 - 0:11:34 - Epoch 40: val_loss=1.1314327716827393, val_acc= 64.36%,val_weighted_f1= 57.06,val_macro_f1= 28.38%
INFO - 09/14/26 00:04:36 - 0:11:34 - Epoch 41: train_loss=1.256981611251831, train_acc= 61.21%
INFO - 09/14/26 00:04:36 - 0:11:34 - Epoch 42: train_loss=1.2345221042633057, train_acc= 61.33%
INFO - 09/14/26 00:04:37 - 0:11:35 - Epoch 43: train_loss=1.212636113166809, train_acc= 62.77%
INFO - 09/14/26 00:04:37 - 0:11:35 - Epoch 44: train_loss=1.1889615058898926, train_acc= 63.25%
INFO - 09/14/26 00:04:37 - 0:11:35 - Epoch 45: train_loss=1.1651155948638916, train_acc= 63.67%
INFO - 09/14/26 00:04:37 - 0:11:35 - Epoch 45: val_loss=1.021738886833191, val_acc= 67.13%,val_weighted_f1= 60.38,val_macro_f1= 31.09%
INFO - 09/14/26 00:04:37 - 0:11:35 - Epoch 46: train_loss=1.142907977104187, train_acc= 64.84%
INFO - 09/14/26 00:04:38 - 0:11:36 - Epoch 47: train_loss=1.128990888595581, train_acc= 65.18%
INFO - 09/14/26 00:04:38 - 0:11:36 - Epoch 48: train_loss=1.1039791107177734, train_acc= 65.81%
INFO - 09/14/26 00:04:38 - 0:11:36 - Epoch 49: train_loss=1.0815868377685547, train_acc= 66.20%
INFO - 09/14/26 00:04:38 - 0:11:36 - Epoch 50: train_loss=1.0567458868026733, train_acc= 67.79%
INFO - 09/14/26 00:04:38 - 0:11:36 - Epoch 50: val_loss=0.9194023609161377, val_acc= 70.44%,val_weighted_f1= 64.66,val_macro_f1= 36.27%
INFO - 09/14/26 00:04:39 - 0:11:37 - Epoch 51: train_loss=1.0445057153701782, train_acc= 67.49%
INFO - 09/14/26 00:04:39 - 0:11:37 - Epoch 52: train_loss=1.0169291496276855, train_acc= 68.47%
INFO - 09/14/26 00:04:39 - 0:11:37 - Epoch 53: train_loss=1.0037238597869873, train_acc= 69.41%
INFO - 09/14/26 00:04:39 - 0:11:37 - Epoch 54: train_loss=0.9808281660079956, train_acc= 69.72%
INFO - 09/14/26 00:04:39 - 0:11:38 - Epoch 55: train_loss=0.960509181022644, train_acc= 70.15%
INFO - 09/14/26 00:04:40 - 0:11:38 - Epoch 55: val_loss=0.8314374089241028, val_acc= 72.95%,val_weighted_f1= 68.09,val_macro_f1= 42.48%
INFO - 09/14/26 00:04:40 - 0:11:38 - Epoch 56: train_loss=0.9455735087394714, train_acc= 70.50%
INFO - 09/14/26 00:04:40 - 0:11:38 - Epoch 57: train_loss=0.9291340708732605, train_acc= 71.27%
INFO - 09/14/26 00:04:40 - 0:11:38 - Epoch 58: train_loss=0.9144811630249023, train_acc= 71.73%
INFO - 09/14/26 00:04:40 - 0:11:39 - Epoch 59: train_loss=0.8920219540596008, train_acc= 72.56%
INFO - 09/14/26 00:04:41 - 0:11:39 - Epoch 60: train_loss=0.8804910778999329, train_acc= 72.65%
INFO - 09/14/26 00:04:41 - 0:11:39 - Epoch 60: val_loss=0.7555084228515625, val_acc= 75.82%,val_weighted_f1= 71.94,val_macro_f1= 50.59%
INFO - 09/14/26 00:04:41 - 0:11:39 - Epoch 61: train_loss=0.8624106049537659, train_acc= 73.13%
INFO - 09/14/26 00:04:41 - 0:11:39 - Epoch 62: train_loss=0.8471132516860962, train_acc= 73.99%
INFO - 09/14/26 00:04:41 - 0:11:40 - Epoch 63: train_loss=0.8312307596206665, train_acc= 74.54%
INFO - 09/14/26 00:04:42 - 0:11:40 - Epoch 64: train_loss=0.8175792694091797, train_acc= 74.70%
INFO - 09/14/26 00:04:42 - 0:11:40 - Epoch 65: train_loss=0.8039746880531311, train_acc= 75.22%
INFO - 09/14/26 00:04:42 - 0:11:40 - Epoch 65: val_loss=0.6908555030822754, val_acc= 77.93%,val_weighted_f1= 74.42,val_macro_f1= 55.08%
INFO - 09/14/26 00:04:42 - 0:11:40 - Epoch 66: train_loss=0.7928851842880249, train_acc= 75.61%
INFO - 09/14/26 00:04:42 - 0:11:41 - Epoch 67: train_loss=0.7710877060890198, train_acc= 76.20%
INFO - 09/14/26 00:04:43 - 0:11:41 - Epoch 68: train_loss=0.7624924778938293, train_acc= 76.35%
INFO - 09/14/26 00:04:43 - 0:11:41 - Epoch 69: train_loss=0.749763011932373, train_acc= 77.13%
INFO - 09/14/26 00:04:43 - 0:11:41 - Epoch 70: train_loss=0.7333179116249084, train_acc= 77.51%
INFO - 09/14/26 00:04:43 - 0:11:41 - Epoch 70: val_loss=0.6335053443908691, val_acc= 79.49%,val_weighted_f1= 76.45,val_macro_f1= 59.18%
INFO - 09/14/26 00:04:43 - 0:11:42 - Epoch 71: train_loss=0.7235643863677979, train_acc= 77.96%
INFO - 09/14/26 00:04:44 - 0:11:42 - Epoch 72: train_loss=0.7133470773696899, train_acc= 78.02%
INFO - 09/14/26 00:04:44 - 0:11:42 - Epoch 73: train_loss=0.7010366320610046, train_acc= 78.39%
INFO - 09/14/26 00:04:44 - 0:11:42 - Epoch 74: train_loss=0.691493809223175, train_acc= 78.87%
INFO - 09/14/26 00:04:44 - 0:11:42 - Epoch 75: train_loss=0.6807623505592346, train_acc= 79.23%
INFO - 09/14/26 00:04:44 - 0:11:43 - Epoch 75: val_loss=0.5835504531860352, val_acc= 81.27%,val_weighted_f1= 78.54,val_macro_f1= 62.25%
INFO - 09/14/26 00:04:45 - 0:11:43 - Epoch 76: train_loss=0.6712637543678284, train_acc= 79.57%
INFO - 09/14/26 00:04:45 - 0:11:43 - Epoch 77: train_loss=0.6565996408462524, train_acc= 80.00%
INFO - 09/14/26 00:04:45 - 0:11:43 - Epoch 78: train_loss=0.6510345935821533, train_acc= 80.17%
INFO - 09/14/26 00:04:45 - 0:11:43 - Epoch 79: train_loss=0.6383486986160278, train_acc= 80.51%
INFO - 09/14/26 00:04:46 - 0:11:44 - Epoch 80: train_loss=0.6270443797111511, train_acc= 80.74%
INFO - 09/14/26 00:04:46 - 0:11:44 - Epoch 80: val_loss=0.5429491400718689, val_acc= 82.69%,val_weighted_f1= 80.48,val_macro_f1= 66.98%
INFO - 09/14/26 00:04:46 - 0:11:44 - Epoch 81: train_loss=0.6165505647659302, train_acc= 81.17%
INFO - 09/14/26 00:04:46 - 0:11:44 - Epoch 82: train_loss=0.6096999049186707, train_acc= 81.37%
INFO - 09/14/26 00:04:46 - 0:11:44 - Epoch 83: train_loss=0.5981641411781311, train_acc= 81.69%
INFO - 09/14/26 00:04:47 - 0:11:45 - Epoch 84: train_loss=0.5946069955825806, train_acc= 81.39%
INFO - 09/14/26 00:04:47 - 0:11:45 - Epoch 85: train_loss=0.587805449962616, train_acc= 82.13%
INFO - 09/14/26 00:04:47 - 0:11:45 - Epoch 85: val_loss=0.5068026185035706, val_acc= 83.82%,val_weighted_f1= 81.93,val_macro_f1= 70.09%
INFO - 09/14/26 00:04:47 - 0:11:45 - Epoch 86: train_loss=0.5748562812805176, train_acc= 82.10%
INFO - 09/14/26 00:04:47 - 0:11:45 - Epoch 87: train_loss=0.568571925163269, train_acc= 82.27%
INFO - 09/14/26 00:04:48 - 0:11:46 - Epoch 88: train_loss=0.5612528324127197, train_acc= 82.88%
INFO - 09/14/26 00:04:48 - 0:11:46 - Epoch 89: train_loss=0.5597966909408569, train_acc= 82.67%
INFO - 09/14/26 00:04:48 - 0:11:46 - Epoch 90: train_loss=0.5459631681442261, train_acc= 82.95%
INFO - 09/14/26 00:04:48 - 0:11:46 - Epoch 90: val_loss=0.47686612606048584, val_acc= 84.76%,val_weighted_f1= 83.26,val_macro_f1= 73.15%
INFO - 09/14/26 00:04:48 - 0:11:46 - Epoch 91: train_loss=0.5363913178443909, train_acc= 83.64%
INFO - 09/14/26 00:04:49 - 0:11:47 - Epoch 92: train_loss=0.5313042402267456, train_acc= 83.79%
INFO - 09/14/26 00:04:49 - 0:11:47 - Epoch 93: train_loss=0.525838315486908, train_acc= 84.03%
INFO - 09/14/26 00:04:49 - 0:11:47 - Epoch 94: train_loss=0.5193971991539001, train_acc= 83.82%
INFO - 09/14/26 00:04:49 - 0:11:47 - Epoch 95: train_loss=0.5120032429695129, train_acc= 84.19%
INFO - 09/14/26 00:04:49 - 0:11:47 - Epoch 95: val_loss=0.45184996724128723, val_acc= 85.78%,val_weighted_f1= 84.55,val_macro_f1= 75.96%
INFO - 09/14/26 00:04:49 - 0:11:48 - Epoch 96: train_loss=0.5038876533508301, train_acc= 84.55%
INFO - 09/14/26 00:04:50 - 0:11:48 - Epoch 97: train_loss=0.50311279296875, train_acc= 84.44%
INFO - 09/14/26 00:04:50 - 0:11:48 - Epoch 98: train_loss=0.4950404167175293, train_acc= 84.71%
INFO - 09/14/26 00:04:50 - 0:11:48 - Epoch 99: train_loss=0.49426472187042236, train_acc= 84.34%
INFO - 09/14/26 00:04:50 - 0:11:48 - Epoch 100: train_loss=0.4867934286594391, train_acc= 84.94%
INFO - 09/14/26 00:04:50 - 0:11:49 - Epoch 100: val_loss=0.4311666488647461, val_acc= 86.44%,val_weighted_f1= 85.44,val_macro_f1= 77.86%
INFO - 09/14/26 00:04:51 - 0:11:49 - Epoch 101: train_loss=0.4801430106163025, train_acc= 85.01%
INFO - 09/14/26 00:04:51 - 0:11:49 - Epoch 102: train_loss=0.4757966697216034, train_acc= 85.29%
INFO - 09/14/26 00:04:51 - 0:11:49 - Epoch 103: train_loss=0.4750434458255768, train_acc= 85.29%
INFO - 09/14/26 00:04:51 - 0:11:49 - Epoch 104: train_loss=0.4655883312225342, train_acc= 85.52%
INFO - 09/14/26 00:04:52 - 0:11:50 - Epoch 105: train_loss=0.4624297618865967, train_acc= 85.70%
INFO - 09/14/26 00:04:52 - 0:11:50 - Epoch 105: val_loss=0.4151669442653656, val_acc= 86.95%,val_weighted_f1= 85.99,val_macro_f1= 78.81%
INFO - 09/14/26 00:04:52 - 0:11:50 - Epoch 106: train_loss=0.4540359675884247, train_acc= 86.08%
INFO - 09/14/26 00:04:52 - 0:11:50 - Epoch 107: train_loss=0.4543721675872803, train_acc= 85.75%
INFO - 09/14/26 00:04:52 - 0:11:50 - Epoch 108: train_loss=0.44647714495658875, train_acc= 86.25%
INFO - 09/14/26 00:04:53 - 0:11:51 - Epoch 109: train_loss=0.4440750479698181, train_acc= 86.38%
INFO - 09/14/26 00:04:53 - 0:11:51 - Epoch 110: train_loss=0.4371488690376282, train_acc= 86.39%
INFO - 09/14/26 00:04:53 - 0:11:51 - Epoch 110: val_loss=0.3999539613723755, val_acc= 87.38%,val_weighted_f1= 86.59,val_macro_f1= 80.06%
INFO - 09/14/26 00:04:53 - 0:11:51 - Epoch 111: train_loss=0.4357549548149109, train_acc= 86.45%
INFO - 09/14/26 00:04:53 - 0:11:51 - Epoch 112: train_loss=0.4325307607650757, train_acc= 86.91%
INFO - 09/14/26 00:04:53 - 0:11:52 - Epoch 113: train_loss=0.42595645785331726, train_acc= 87.03%
INFO - 09/14/26 00:04:54 - 0:11:52 - Epoch 114: train_loss=0.42264893651008606, train_acc= 86.91%
INFO - 09/14/26 00:04:54 - 0:11:52 - Epoch 115: train_loss=0.4216429889202118, train_acc= 87.14%
INFO - 09/14/26 00:04:54 - 0:11:52 - Epoch 115: val_loss=0.38635537028312683, val_acc= 87.64%,val_weighted_f1= 86.92,val_macro_f1= 81.03%
INFO - 09/14/26 00:04:54 - 0:11:52 - Epoch 116: train_loss=0.41722217202186584, train_acc= 87.35%
INFO - 09/14/26 00:04:54 - 0:11:53 - Epoch 117: train_loss=0.4175753891468048, train_acc= 86.95%
INFO - 09/14/26 00:04:55 - 0:11:53 - Epoch 118: train_loss=0.40827634930610657, train_acc= 87.60%
INFO - 09/14/26 00:04:55 - 0:11:53 - Epoch 119: train_loss=0.40738970041275024, train_acc= 87.63%
INFO - 09/14/26 00:04:55 - 0:11:53 - Epoch 120: train_loss=0.4002612233161926, train_acc= 87.59%
INFO - 09/14/26 00:04:55 - 0:11:53 - Epoch 120: val_loss=0.3748766779899597, val_acc= 88.04%,val_weighted_f1= 87.34,val_macro_f1= 81.75%
INFO - 09/14/26 00:04:55 - 0:11:54 - Epoch 121: train_loss=0.3933306336402893, train_acc= 88.08%
INFO - 09/14/26 00:04:56 - 0:11:54 - Epoch 122: train_loss=0.3976435363292694, train_acc= 88.02%
INFO - 09/14/26 00:04:56 - 0:11:54 - Epoch 123: train_loss=0.39078181982040405, train_acc= 87.92%
INFO - 09/14/26 00:04:56 - 0:11:54 - Epoch 124: train_loss=0.3907758295536041, train_acc= 88.18%
INFO - 09/14/26 00:04:56 - 0:11:54 - Epoch 125: train_loss=0.38551366329193115, train_acc= 88.17%
INFO - 09/14/26 00:04:56 - 0:11:55 - Epoch 125: val_loss=0.3643188178539276, val_acc= 88.33%,val_weighted_f1= 87.75,val_macro_f1= 82.71%
INFO - 09/14/26 00:04:57 - 0:11:55 - Epoch 126: train_loss=0.38307517766952515, train_acc= 88.50%
INFO - 09/14/26 00:04:57 - 0:11:55 - Epoch 127: train_loss=0.3801776170730591, train_acc= 88.31%
INFO - 09/14/26 00:04:57 - 0:11:55 - Epoch 128: train_loss=0.3797031342983246, train_acc= 88.44%
INFO - 09/14/26 00:04:57 - 0:11:55 - Epoch 129: train_loss=0.3725080192089081, train_acc= 88.89%
INFO - 09/14/26 00:04:58 - 0:11:56 - Epoch 130: train_loss=0.36961451172828674, train_acc= 88.73%
INFO - 09/14/26 00:04:58 - 0:11:56 - Epoch 130: val_loss=0.354767382144928, val_acc= 88.76%,val_weighted_f1= 88.29,val_macro_f1= 83.77%
INFO - 09/14/26 00:04:58 - 0:11:56 - Epoch 131: train_loss=0.372727632522583, train_acc= 88.75%
INFO - 09/14/26 00:04:58 - 0:11:56 - Epoch 132: train_loss=0.3667013943195343, train_acc= 89.00%
INFO - 09/14/26 00:04:58 - 0:11:56 - Epoch 133: train_loss=0.36555901169776917, train_acc= 88.68%
INFO - 09/14/26 00:04:59 - 0:11:57 - Epoch 134: train_loss=0.362400621175766, train_acc= 88.95%
INFO - 09/14/26 00:04:59 - 0:11:57 - Epoch 135: train_loss=0.35994774103164673, train_acc= 88.89%
INFO - 09/14/26 00:04:59 - 0:11:57 - Epoch 135: val_loss=0.3488232493400574, val_acc= 88.73%,val_weighted_f1= 88.18,val_macro_f1= 83.41%
EarlyStopping counter: 1 out of 15
INFO - 09/14/26 00:04:59 - 0:11:57 - Epoch 136: train_loss=0.3560945689678192, train_acc= 89.24%
INFO - 09/14/26 00:04:59 - 0:11:57 - Epoch 137: train_loss=0.3523367643356323, train_acc= 89.36%
INFO - 09/14/26 00:04:59 - 0:11:58 - Epoch 138: train_loss=0.352276086807251, train_acc= 89.28%
INFO - 09/14/26 00:05:00 - 0:11:58 - Epoch 139: train_loss=0.345729798078537, train_acc= 89.55%
INFO - 09/14/26 00:05:00 - 0:11:58 - Epoch 140: train_loss=0.3517448902130127, train_acc= 89.20%
INFO - 09/14/26 00:05:00 - 0:11:58 - Epoch 140: val_loss=0.3419247567653656, val_acc= 88.98%,val_weighted_f1= 88.48,val_macro_f1= 84.13%
INFO - 09/14/26 00:05:00 - 0:11:58 - Epoch 141: train_loss=0.3467346131801605, train_acc= 89.48%
INFO - 09/14/26 00:05:00 - 0:11:59 - Epoch 142: train_loss=0.3423665761947632, train_acc= 89.68%
INFO - 09/14/26 00:05:01 - 0:11:59 - Epoch 143: train_loss=0.3425358235836029, train_acc= 89.63%
INFO - 09/14/26 00:05:01 - 0:11:59 - Epoch 144: train_loss=0.33882489800453186, train_acc= 89.74%
INFO - 09/14/26 00:05:01 - 0:11:59 - Epoch 145: train_loss=0.33317458629608154, train_acc= 90.03%
INFO - 09/14/26 00:05:01 - 0:11:59 - Epoch 145: val_loss=0.3364269435405731, val_acc= 89.31%,val_weighted_f1= 88.83,val_macro_f1= 84.65%
INFO - 09/14/26 00:05:01 - 0:12:00 - Epoch 146: train_loss=0.33426329493522644, train_acc= 90.09%
INFO - 09/14/26 00:05:02 - 0:12:00 - Epoch 147: train_loss=0.33325129747390747, train_acc= 90.24%
INFO - 09/14/26 00:05:02 - 0:12:00 - Epoch 148: train_loss=0.3302612006664276, train_acc= 89.91%
INFO - 09/14/26 00:05:02 - 0:12:00 - Epoch 149: train_loss=0.3268057703971863, train_acc= 89.84%
INFO - 09/14/26 00:05:02 - 0:12:00 - Epoch 150: train_loss=0.32334432005882263, train_acc= 90.28%
INFO - 09/14/26 00:05:02 - 0:12:01 - Epoch 150: val_loss=0.3323075771331787, val_acc= 89.53%,val_weighted_f1= 89.04,val_macro_f1= 84.93%
INFO - 09/14/26 00:05:03 - 0:12:01 - Epoch 151: train_loss=0.3264889717102051, train_acc= 89.97%
INFO - 09/14/26 00:05:03 - 0:12:01 - Epoch 152: train_loss=0.32080933451652527, train_acc= 90.48%
INFO - 09/14/26 00:05:03 - 0:12:01 - Epoch 153: train_loss=0.32180631160736084, train_acc= 90.35%
INFO - 09/14/26 00:05:03 - 0:12:01 - Epoch 154: train_loss=0.31353703141212463, train_acc= 90.73%
INFO - 09/14/26 00:05:04 - 0:12:02 - Epoch 155: train_loss=0.3157598674297333, train_acc= 90.32%
INFO - 09/14/26 00:05:04 - 0:12:02 - Epoch 155: val_loss=0.3285069167613983, val_acc= 89.53%,val_weighted_f1= 88.97,val_macro_f1= 84.71%
INFO - 09/14/26 00:05:04 - 0:12:02 - Epoch 156: train_loss=0.31423208117485046, train_acc= 90.28%
INFO - 09/14/26 00:05:04 - 0:12:02 - Epoch 157: train_loss=0.31438642740249634, train_acc= 90.46%
INFO - 09/14/26 00:05:04 - 0:12:02 - Epoch 158: train_loss=0.31502223014831543, train_acc= 90.33%
INFO - 09/14/26 00:05:05 - 0:12:03 - Epoch 159: train_loss=0.3069866895675659, train_acc= 90.62%
INFO - 09/14/26 00:05:05 - 0:12:03 - Epoch 160: train_loss=0.3075352609157562, train_acc= 90.46%
INFO - 09/14/26 00:05:05 - 0:12:03 - Epoch 160: val_loss=0.31988799571990967, val_acc= 89.82%,val_weighted_f1= 89.49,val_macro_f1= 86.23%
INFO - 09/14/26 00:05:05 - 0:12:03 - Epoch 161: train_loss=0.3096245229244232, train_acc= 90.71%
INFO - 09/14/26 00:05:05 - 0:12:03 - Epoch 162: train_loss=0.30676692724227905, train_acc= 90.54%
INFO - 09/14/26 00:05:06 - 0:12:04 - Epoch 163: train_loss=0.29928767681121826, train_acc= 91.14%
INFO - 09/14/26 00:05:06 - 0:12:04 - Epoch 164: train_loss=0.30423322319984436, train_acc= 90.46%
INFO - 09/14/26 00:05:06 - 0:12:04 - Epoch 165: train_loss=0.3017920255661011, train_acc= 91.02%
INFO - 09/14/26 00:05:06 - 0:12:04 - Epoch 165: val_loss=0.3156501352787018, val_acc= 89.85%,val_weighted_f1= 89.53,val_macro_f1= 86.38%
INFO - 09/14/26 00:05:06 - 0:12:04 - Epoch 166: train_loss=0.2992376387119293, train_acc= 91.06%
INFO - 09/14/26 00:05:07 - 0:12:05 - Epoch 167: train_loss=0.2991352379322052, train_acc= 90.94%
INFO - 09/14/26 00:05:07 - 0:12:05 - Epoch 168: train_loss=0.2951391935348511, train_acc= 91.20%
INFO - 09/14/26 00:05:07 - 0:12:05 - Epoch 169: train_loss=0.29255375266075134, train_acc= 91.17%
INFO - 09/14/26 00:05:07 - 0:12:05 - Epoch 170: train_loss=0.29113149642944336, train_acc= 91.27%
INFO - 09/14/26 00:05:07 - 0:12:05 - Epoch 170: val_loss=0.3111160695552826, val_acc= 89.93%,val_weighted_f1= 89.62,val_macro_f1= 86.59%
INFO - 09/14/26 00:05:07 - 0:12:06 - Epoch 171: train_loss=0.2912549078464508, train_acc= 91.17%
INFO - 09/14/26 00:05:08 - 0:12:06 - Epoch 172: train_loss=0.2902950942516327, train_acc= 91.14%
INFO - 09/14/26 00:05:08 - 0:12:06 - Epoch 173: train_loss=0.2883310914039612, train_acc= 91.12%
INFO - 09/14/26 00:05:08 - 0:12:06 - Epoch 174: train_loss=0.28600138425827026, train_acc= 91.25%
INFO - 09/14/26 00:05:08 - 0:12:06 - Epoch 175: train_loss=0.28317946195602417, train_acc= 91.65%
INFO - 09/14/26 00:05:08 - 0:12:07 - Epoch 175: val_loss=0.3099040389060974, val_acc= 90.18%,val_weighted_f1= 89.83,val_macro_f1= 86.71%
INFO - 09/14/26 00:05:09 - 0:12:07 - Epoch 176: train_loss=0.28166094422340393, train_acc= 91.64%
INFO - 09/14/26 00:05:09 - 0:12:07 - Epoch 177: train_loss=0.27911150455474854, train_acc= 91.67%
INFO - 09/14/26 00:05:09 - 0:12:07 - Epoch 178: train_loss=0.2799835801124573, train_acc= 91.61%
INFO - 09/14/26 00:05:09 - 0:12:07 - Epoch 179: train_loss=0.28104081749916077, train_acc= 91.35%
INFO - 09/14/26 00:05:10 - 0:12:08 - Epoch 180: train_loss=0.28146061301231384, train_acc= 91.40%
INFO - 09/14/26 00:05:10 - 0:12:08 - Epoch 180: val_loss=0.3084847629070282, val_acc= 90.22%,val_weighted_f1= 89.86,val_macro_f1= 86.77%
INFO - 09/14/26 00:05:10 - 0:12:08 - Epoch 181: train_loss=0.27693286538124084, train_acc= 91.53%
INFO - 09/14/26 00:05:10 - 0:12:08 - Epoch 182: train_loss=0.27938318252563477, train_acc= 91.75%
INFO - 09/14/26 00:05:10 - 0:12:09 - Epoch 183: train_loss=0.2773924767971039, train_acc= 91.69%
INFO - 09/14/26 00:05:11 - 0:12:09 - Epoch 184: train_loss=0.27168944478034973, train_acc= 91.87%
INFO - 09/14/26 00:05:11 - 0:12:09 - Epoch 185: train_loss=0.272510826587677, train_acc= 91.84%
INFO - 09/14/26 00:05:11 - 0:12:09 - Epoch 185: val_loss=0.3057699203491211, val_acc= 90.25%,val_weighted_f1= 89.90,val_macro_f1= 86.84%
INFO - 09/14/26 00:05:11 - 0:12:09 - Epoch 186: train_loss=0.2735642194747925, train_acc= 91.71%
INFO - 09/14/26 00:05:11 - 0:12:10 - Epoch 187: train_loss=0.26943328976631165, train_acc= 91.84%
INFO - 09/14/26 00:05:12 - 0:12:10 - Epoch 188: train_loss=0.2655433118343353, train_acc= 91.81%
INFO - 09/14/26 00:05:12 - 0:12:10 - Epoch 189: train_loss=0.2657165825366974, train_acc= 91.90%
INFO - 09/14/26 00:05:12 - 0:12:10 - Epoch 190: train_loss=0.266255646944046, train_acc= 92.01%
INFO - 09/14/26 00:05:12 - 0:12:10 - Epoch 190: val_loss=0.3001548945903778, val_acc= 90.40%,val_weighted_f1= 90.09,val_macro_f1= 87.12%
INFO - 09/14/26 00:05:12 - 0:12:10 - Epoch 191: train_loss=0.2681580185890198, train_acc= 91.81%
INFO - 09/14/26 00:05:13 - 0:12:11 - Epoch 192: train_loss=0.2619856894016266, train_acc= 92.12%
INFO - 09/14/26 00:05:13 - 0:12:11 - Epoch 193: train_loss=0.26052427291870117, train_acc= 92.00%
INFO - 09/14/26 00:05:13 - 0:12:11 - Epoch 194: train_loss=0.2618122100830078, train_acc= 92.11%
INFO - 09/14/26 00:05:13 - 0:12:11 - Epoch 195: train_loss=0.2582060992717743, train_acc= 91.98%
INFO - 09/14/26 00:05:13 - 0:12:11 - Epoch 195: val_loss=0.2976571321487427, val_acc= 90.40%,val_weighted_f1= 90.10,val_macro_f1= 87.13%
INFO - 09/14/26 00:05:14 - 0:12:12 - Epoch 196: train_loss=0.2578067183494568, train_acc= 92.05%
INFO - 09/14/26 00:05:14 - 0:12:12 - Epoch 197: train_loss=0.2574288249015808, train_acc= 92.03%
INFO - 09/14/26 00:05:14 - 0:12:12 - Epoch 198: train_loss=0.25501739978790283, train_acc= 92.34%
INFO - 09/14/26 00:05:14 - 0:12:12 - Epoch 199: train_loss=0.25443166494369507, train_acc= 92.37%
INFO - 09/14/26 00:05:14 - 0:12:13 - Epoch 200: train_loss=0.25038114190101624, train_acc= 92.44%
INFO - 09/14/26 00:05:15 - 0:12:13 - Epoch 200: val_loss=0.2949398458003998, val_acc= 90.44%,val_weighted_f1= 90.12,val_macro_f1= 87.14%
INFO - 09/14/26 00:05:15 - 0:12:13 - Epoch 201: train_loss=0.25290194153785706, train_acc= 92.32%
INFO - 09/14/26 00:05:15 - 0:12:13 - Epoch 202: train_loss=0.253827840089798, train_acc= 92.17%
INFO - 09/14/26 00:05:15 - 0:12:13 - Epoch 203: train_loss=0.2490033209323883, train_acc= 92.46%
INFO - 09/14/26 00:05:16 - 0:12:14 - Epoch 204: train_loss=0.24770118296146393, train_acc= 92.23%
INFO - 09/14/26 00:05:16 - 0:12:14 - Epoch 205: train_loss=0.250595360994339, train_acc= 92.18%
INFO - 09/14/26 00:05:16 - 0:12:14 - Epoch 205: val_loss=0.2950115203857422, val_acc= 90.47%,val_weighted_f1= 90.16,val_macro_f1= 87.14%
INFO - 09/14/26 00:05:16 - 0:12:14 - Epoch 206: train_loss=0.24822299182415009, train_acc= 92.17%
INFO - 09/14/26 00:05:16 - 0:12:14 - Epoch 207: train_loss=0.24585601687431335, train_acc= 92.61%
INFO - 09/14/26 00:05:17 - 0:12:15 - Epoch 208: train_loss=0.24499745666980743, train_acc= 92.70%
INFO - 09/14/26 00:05:17 - 0:12:15 - Epoch 209: train_loss=0.24562294781208038, train_acc= 92.35%
INFO - 09/14/26 00:05:17 - 0:12:15 - Epoch 210: train_loss=0.24134255945682526, train_acc= 92.77%
INFO - 09/14/26 00:05:17 - 0:12:15 - Epoch 210: val_loss=0.2929147183895111, val_acc= 90.76%,val_weighted_f1= 90.45,val_macro_f1= 87.51%
INFO - 09/14/26 00:05:17 - 0:12:15 - Epoch 211: train_loss=0.2411336898803711, train_acc= 92.51%
INFO - 09/14/26 00:05:17 - 0:12:16 - Epoch 212: train_loss=0.24274441599845886, train_acc= 92.74%
INFO - 09/14/26 00:05:18 - 0:12:16 - Epoch 213: train_loss=0.23827633261680603, train_acc= 92.84%
INFO - 09/14/26 00:05:18 - 0:12:16 - Epoch 214: train_loss=0.23939211666584015, train_acc= 92.89%
INFO - 09/14/26 00:05:18 - 0:12:16 - Epoch 215: train_loss=0.23655565083026886, train_acc= 92.92%
INFO - 09/14/26 00:05:18 - 0:12:16 - Epoch 215: val_loss=0.2897551357746124, val_acc= 90.76%,val_weighted_f1= 90.49,val_macro_f1= 87.77%
INFO - 09/14/26 00:05:18 - 0:12:17 - Epoch 216: train_loss=0.23607906699180603, train_acc= 92.87%
INFO - 09/14/26 00:05:19 - 0:12:17 - Epoch 217: train_loss=0.23766648769378662, train_acc= 92.84%
INFO - 09/14/26 00:05:19 - 0:12:17 - Epoch 218: train_loss=0.23674044013023376, train_acc= 93.04%
INFO - 09/14/26 00:05:19 - 0:12:17 - Epoch 219: train_loss=0.23254245519638062, train_acc= 92.90%
INFO - 09/14/26 00:05:19 - 0:12:18 - Epoch 220: train_loss=0.23192089796066284, train_acc= 93.14%
INFO - 09/14/26 00:05:19 - 0:12:18 - Epoch 220: val_loss=0.28878888487815857, val_acc= 90.73%,val_weighted_f1= 90.43,val_macro_f1= 87.55%
EarlyStopping counter: 1 out of 15
INFO - 09/14/26 00:05:20 - 0:12:18 - Epoch 221: train_loss=0.23164306581020355, train_acc= 93.03%
INFO - 09/14/26 00:05:20 - 0:12:18 - Epoch 222: train_loss=0.22910040616989136, train_acc= 93.10%
INFO - 09/14/26 00:05:20 - 0:12:18 - Epoch 223: train_loss=0.2290085256099701, train_acc= 93.09%
INFO - 09/14/26 00:05:20 - 0:12:19 - Epoch 224: train_loss=0.22980599105358124, train_acc= 93.13%
INFO - 09/14/26 00:05:21 - 0:12:19 - Epoch 225: train_loss=0.2289678305387497, train_acc= 93.19%
INFO - 09/14/26 00:05:21 - 0:12:19 - Epoch 225: val_loss=0.28909358382225037, val_acc= 90.58%,val_weighted_f1= 90.27,val_macro_f1= 87.34%
EarlyStopping counter: 2 out of 15
INFO - 09/14/26 00:05:21 - 0:12:19 - Epoch 226: train_loss=0.22735194861888885, train_acc= 93.29%
INFO - 09/14/26 00:05:21 - 0:12:19 - Epoch 227: train_loss=0.22616912424564362, train_acc= 93.06%
INFO - 09/14/26 00:05:21 - 0:12:20 - Epoch 228: train_loss=0.22692391276359558, train_acc= 93.12%
INFO - 09/14/26 00:05:22 - 0:12:20 - Epoch 229: train_loss=0.22080662846565247, train_acc= 93.82%
INFO - 09/14/26 00:05:22 - 0:12:20 - Epoch 230: train_loss=0.2263154685497284, train_acc= 92.97%
INFO - 09/14/26 00:05:22 - 0:12:20 - Epoch 230: val_loss=0.2869040369987488, val_acc= 90.76%,val_weighted_f1= 90.46,val_macro_f1= 87.57%
INFO - 09/14/26 00:05:22 - 0:12:20 - Epoch 231: train_loss=0.22116415202617645, train_acc= 93.38%
INFO - 09/14/26 00:05:22 - 0:12:20 - Epoch 232: train_loss=0.21873067319393158, train_acc= 93.60%
INFO - 09/14/26 00:05:23 - 0:12:21 - Epoch 233: train_loss=0.2202034741640091, train_acc= 93.43%
INFO - 09/14/26 00:05:23 - 0:12:21 - Epoch 234: train_loss=0.21940018236637115, train_acc= 93.41%
INFO - 09/14/26 00:05:23 - 0:12:21 - Epoch 235: train_loss=0.21858249604701996, train_acc= 93.43%
INFO - 09/14/26 00:05:23 - 0:12:21 - Epoch 235: val_loss=0.286662220954895, val_acc= 90.76%,val_weighted_f1= 90.46,val_macro_f1= 87.54%
INFO - 09/14/26 00:05:23 - 0:12:22 - Epoch 236: train_loss=0.21881677210330963, train_acc= 93.48%
INFO - 09/14/26 00:05:24 - 0:12:22 - Epoch 237: train_loss=0.2175760716199875, train_acc= 93.46%
INFO - 09/14/26 00:05:24 - 0:12:22 - Epoch 238: train_loss=0.2155512124300003, train_acc= 93.65%
INFO - 09/14/26 00:05:24 - 0:12:22 - Epoch 239: train_loss=0.2154819518327713, train_acc= 93.52%
INFO - 09/14/26 00:05:24 - 0:12:22 - Epoch 240: train_loss=0.21407145261764526, train_acc= 93.61%
INFO - 09/14/26 00:05:24 - 0:12:23 - Epoch 240: val_loss=0.2870863974094391, val_acc= 90.76%,val_weighted_f1= 90.47,val_macro_f1= 87.62%
INFO - 09/14/26 00:05:25 - 0:12:23 - Epoch 241: train_loss=0.21583624184131622, train_acc= 93.46%
INFO - 09/14/26 00:05:25 - 0:12:23 - Epoch 242: train_loss=0.2134028822183609, train_acc= 93.69%
INFO - 09/14/26 00:05:25 - 0:12:23 - Epoch 243: train_loss=0.21209046244621277, train_acc= 93.86%
INFO - 09/14/26 00:05:25 - 0:12:23 - Epoch 244: train_loss=0.21201223134994507, train_acc= 93.71%
INFO - 09/14/26 00:05:26 - 0:12:24 - Epoch 245: train_loss=0.20976927876472473, train_acc= 93.76%
INFO - 09/14/26 00:05:26 - 0:12:24 - Epoch 245: val_loss=0.2828732132911682, val_acc= 91.20%,val_weighted_f1= 91.01,val_macro_f1= 88.80%
INFO - 09/14/26 00:05:26 - 0:12:24 - Epoch 246: train_loss=0.21011342108249664, train_acc= 93.65%
INFO - 09/14/26 00:05:26 - 0:12:24 - Epoch 247: train_loss=0.20741280913352966, train_acc= 93.83%
INFO - 09/14/26 00:05:26 - 0:12:24 - Epoch 248: train_loss=0.20744702219963074, train_acc= 93.57%
INFO - 09/14/26 00:05:27 - 0:12:25 - Epoch 249: train_loss=0.2095348834991455, train_acc= 94.13%
INFO - 09/14/26 00:05:27 - 0:12:25 - Epoch 250: train_loss=0.2067452371120453, train_acc= 93.86%
INFO - 09/14/26 00:05:27 - 0:12:25 - Epoch 250: val_loss=0.28785592317581177, val_acc= 91.05%,val_weighted_f1= 90.81,val_macro_f1= 88.45%
EarlyStopping counter: 1 out of 15
INFO - 09/14/26 00:05:27 - 0:12:25 - Epoch 251: train_loss=0.21257561445236206, train_acc= 93.57%
INFO - 09/14/26 00:05:27 - 0:12:25 - Epoch 252: train_loss=0.20603258907794952, train_acc= 93.82%
INFO - 09/14/26 00:05:27 - 0:12:26 - Epoch 253: train_loss=0.20551268756389618, train_acc= 93.82%
INFO - 09/14/26 00:05:28 - 0:12:26 - Epoch 254: train_loss=0.20398879051208496, train_acc= 93.71%
INFO - 09/14/26 00:05:28 - 0:12:26 - Epoch 255: train_loss=0.20280589163303375, train_acc= 93.90%
INFO - 09/14/26 00:05:28 - 0:12:26 - Epoch 255: val_loss=0.2820952534675598, val_acc= 91.27%,val_weighted_f1= 91.11,val_macro_f1= 89.11%
INFO - 09/14/26 00:05:28 - 0:12:26 - Epoch 256: train_loss=0.20557190477848053, train_acc= 93.63%
INFO - 09/14/26 00:05:28 - 0:12:27 - Epoch 257: train_loss=0.20459583401679993, train_acc= 93.92%
INFO - 09/14/26 00:05:29 - 0:12:27 - Epoch 258: train_loss=0.20406568050384521, train_acc= 93.50%
INFO - 09/14/26 00:05:29 - 0:12:27 - Epoch 259: train_loss=0.20140014588832855, train_acc= 94.00%
INFO - 09/14/26 00:05:29 - 0:12:27 - Epoch 260: train_loss=0.1974012404680252, train_acc= 94.33%
INFO - 09/14/26 00:05:29 - 0:12:27 - Epoch 260: val_loss=0.28666651248931885, val_acc= 91.05%,val_weighted_f1= 90.84,val_macro_f1= 88.53%
EarlyStopping counter: 1 out of 15
INFO - 09/14/26 00:05:29 - 0:12:28 - Epoch 261: train_loss=0.1981683373451233, train_acc= 94.17%
INFO - 09/14/26 00:05:30 - 0:12:28 - Epoch 262: train_loss=0.1966255009174347, train_acc= 94.09%
INFO - 09/14/26 00:05:30 - 0:12:28 - Epoch 263: train_loss=0.1972801685333252, train_acc= 94.34%
INFO - 09/14/26 00:05:30 - 0:12:28 - Epoch 264: train_loss=0.19551293551921844, train_acc= 94.35%
INFO - 09/14/26 00:05:30 - 0:12:29 - Epoch 265: train_loss=0.19889788329601288, train_acc= 94.12%
INFO - 09/14/26 00:05:31 - 0:12:29 - Epoch 265: val_loss=0.2834978401660919, val_acc= 91.24%,val_weighted_f1= 91.08,val_macro_f1= 89.19%
EarlyStopping counter: 2 out of 15
INFO - 09/14/26 00:05:31 - 0:12:29 - Epoch 266: train_loss=0.19636620581150055, train_acc= 94.16%
INFO - 09/14/26 00:05:31 - 0:12:29 - Epoch 267: train_loss=0.1949797421693802, train_acc= 94.11%
INFO - 09/14/26 00:05:31 - 0:12:29 - Epoch 268: train_loss=0.19352391362190247, train_acc= 94.10%
INFO - 09/14/26 00:05:31 - 0:12:30 - Epoch 269: train_loss=0.1951168030500412, train_acc= 94.10%
INFO - 09/14/26 00:05:32 - 0:12:30 - Epoch 270: train_loss=0.19288650155067444, train_acc= 94.20%
INFO - 09/14/26 00:05:32 - 0:12:30 - Epoch 270: val_loss=0.2839852273464203, val_acc= 91.20%,val_weighted_f1= 91.03,val_macro_f1= 89.05%
EarlyStopping counter: 3 out of 15
INFO - 09/14/26 00:05:32 - 0:12:30 - Epoch 271: train_loss=0.19117289781570435, train_acc= 94.15%
INFO - 09/14/26 00:05:32 - 0:12:30 - Epoch 272: train_loss=0.18845422565937042, train_acc= 94.47%
INFO - 09/14/26 00:05:32 - 0:12:30 - Epoch 273: train_loss=0.19129204750061035, train_acc= 94.11%
INFO - 09/14/26 00:05:33 - 0:12:31 - Epoch 274: train_loss=0.18919040262699127, train_acc= 94.55%
INFO - 09/14/26 00:05:33 - 0:12:31 - Epoch 275: train_loss=0.19100910425186157, train_acc= 94.13%
INFO - 09/14/26 00:05:33 - 0:12:31 - Epoch 275: val_loss=0.2869713604450226, val_acc= 91.20%,val_weighted_f1= 91.00,val_macro_f1= 88.82%
EarlyStopping counter: 4 out of 15
INFO - 09/14/26 00:05:33 - 0:12:31 - Epoch 276: train_loss=0.18966513872146606, train_acc= 94.32%
INFO - 09/14/26 00:05:33 - 0:12:31 - Epoch 277: train_loss=0.18646448850631714, train_acc= 94.38%
INFO - 09/14/26 00:05:34 - 0:12:32 - Epoch 278: train_loss=0.1842891126871109, train_acc= 94.47%
INFO - 09/14/26 00:05:34 - 0:12:32 - Epoch 279: train_loss=0.18931376934051514, train_acc= 94.43%
INFO - 09/14/26 00:05:34 - 0:12:32 - Epoch 280: train_loss=0.18190620839595795, train_acc= 94.51%
INFO - 09/14/26 00:05:34 - 0:12:32 - Epoch 280: val_loss=0.2857748866081238, val_acc= 91.31%,val_weighted_f1= 91.12,val_macro_f1= 89.08%
INFO - 09/14/26 00:05:34 - 0:12:32 - Epoch 281: train_loss=0.18590980768203735, train_acc= 94.38%
INFO - 09/14/26 00:05:35 - 0:12:33 - Epoch 282: train_loss=0.1836645007133484, train_acc= 94.37%
INFO - 09/14/26 00:05:35 - 0:12:33 - Epoch 283: train_loss=0.18330787122249603, train_acc= 94.57%
INFO - 09/14/26 00:05:35 - 0:12:33 - Epoch 284: train_loss=0.18119531869888306, train_acc= 94.49%
INFO - 09/14/26 00:05:35 - 0:12:33 - Epoch 285: train_loss=0.18391147255897522, train_acc= 94.49%
INFO - 09/14/26 00:05:35 - 0:12:33 - Epoch 285: val_loss=0.28564274311065674, val_acc= 91.20%,val_weighted_f1= 91.02,val_macro_f1= 89.10%
EarlyStopping counter: 1 out of 15
INFO - 09/14/26 00:05:36 - 0:12:34 - Epoch 286: train_loss=0.18154612183570862, train_acc= 94.66%
INFO - 09/14/26 00:05:36 - 0:12:34 - Epoch 287: train_loss=0.1805979460477829, train_acc= 94.34%
INFO - 09/14/26 00:05:36 - 0:12:34 - Epoch 288: train_loss=0.18280141055583954, train_acc= 94.61%
INFO - 09/14/26 00:05:36 - 0:12:34 - Epoch 289: train_loss=0.18552596867084503, train_acc= 94.37%
INFO - 09/14/26 00:05:36 - 0:12:35 - Epoch 290: train_loss=0.17992739379405975, train_acc= 94.75%
INFO - 09/14/26 00:05:37 - 0:12:35 - Epoch 290: val_loss=0.2889215052127838, val_acc= 91.16%,val_weighted_f1= 90.99,val_macro_f1= 89.01%
EarlyStopping counter: 2 out of 15
INFO - 09/14/26 00:05:37 - 0:12:35 - Epoch 291: train_loss=0.18231864273548126, train_acc= 94.56%
INFO - 09/14/26 00:05:37 - 0:12:35 - Epoch 292: train_loss=0.17877355217933655, train_acc= 94.85%
INFO - 09/14/26 00:05:37 - 0:12:35 - Epoch 293: train_loss=0.17951373755931854, train_acc= 94.63%
INFO - 09/14/26 00:05:37 - 0:12:36 - Epoch 294: train_loss=0.17731612920761108, train_acc= 94.50%
INFO - 09/14/26 00:05:38 - 0:12:36 - Epoch 295: train_loss=0.17885740101337433, train_acc= 94.61%
INFO - 09/14/26 00:05:38 - 0:12:36 - Epoch 295: val_loss=0.2865564823150635, val_acc= 91.49%,val_weighted_f1= 91.38,val_macro_f1= 89.80%
INFO - 09/14/26 00:05:38 - 0:12:36 - Epoch 296: train_loss=0.1754203885793686, train_acc= 94.79%
INFO - 09/14/26 00:05:38 - 0:12:36 - Epoch 297: train_loss=0.17701175808906555, train_acc= 94.67%
INFO - 09/14/26 00:05:38 - 0:12:36 - Epoch 298: train_loss=0.17196735739707947, train_acc= 94.78%
INFO - 09/14/26 00:05:39 - 0:12:37 - Epoch 299: train_loss=0.17626124620437622, train_acc= 94.78%
INFO - 09/14/26 00:05:39 - 0:12:37 - Epoch 300: train_loss=0.17557618021965027, train_acc= 94.70%
INFO - 09/14/26 00:05:39 - 0:12:37 - Epoch 300: val_loss=0.28867200016975403, val_acc= 91.24%,val_weighted_f1= 91.06,val_macro_f1= 89.17%
EarlyStopping counter: 1 out of 15
INFO - 09/14/26 00:05:39 - 0:12:37 - Epoch 301: train_loss=0.17630989849567413, train_acc= 94.73%
INFO - 09/14/26 00:05:39 - 0:12:37 - Epoch 302: train_loss=0.17273440957069397, train_acc= 95.01%
INFO - 09/14/26 00:05:40 - 0:12:38 - Epoch 303: train_loss=0.17196403443813324, train_acc= 94.95%
INFO - 09/14/26 00:05:40 - 0:12:38 - Epoch 304: train_loss=0.17175187170505524, train_acc= 95.15%
INFO - 09/14/26 00:05:40 - 0:12:38 - Epoch 305: train_loss=0.16950103640556335, train_acc= 94.90%
INFO - 09/14/26 00:05:40 - 0:12:38 - Epoch 305: val_loss=0.2898927927017212, val_acc= 91.38%,val_weighted_f1= 91.20,val_macro_f1= 89.26%
EarlyStopping counter: 2 out of 15
INFO - 09/14/26 00:05:40 - 0:12:38 - Epoch 306: train_loss=0.16904765367507935, train_acc= 95.21%
INFO - 09/14/26 00:05:41 - 0:12:39 - Epoch 307: train_loss=0.16951720416545868, train_acc= 94.89%
INFO - 09/14/26 00:05:41 - 0:12:39 - Epoch 308: train_loss=0.1683584451675415, train_acc= 94.91%
INFO - 09/14/26 00:05:41 - 0:12:39 - Epoch 309: train_loss=0.16889849305152893, train_acc= 94.92%
INFO - 09/14/26 00:05:41 - 0:12:39 - Epoch 310: train_loss=0.1681794971227646, train_acc= 95.13%
INFO - 09/14/26 00:05:41 - 0:12:39 - Epoch 310: val_loss=0.2916756868362427, val_acc= 91.35%,val_weighted_f1= 91.15,val_macro_f1= 89.24%
EarlyStopping counter: 3 out of 15
INFO - 09/14/26 00:05:41 - 0:12:40 - Epoch 311: train_loss=0.1673794984817505, train_acc= 95.08%
INFO - 09/14/26 00:05:42 - 0:12:40 - Epoch 312: train_loss=0.1682644784450531, train_acc= 94.95%
INFO - 09/14/26 00:05:42 - 0:12:40 - Epoch 313: train_loss=0.16453343629837036, train_acc= 95.01%
INFO - 09/14/26 00:05:42 - 0:12:40 - Epoch 314: train_loss=0.1647198349237442, train_acc= 94.97%
INFO - 09/14/26 00:05:42 - 0:12:40 - Epoch 315: train_loss=0.16708385944366455, train_acc= 95.14%
INFO - 09/14/26 00:05:42 - 0:12:41 - Epoch 315: val_loss=0.28969526290893555, val_acc= 91.45%,val_weighted_f1= 91.29,val_macro_f1= 89.53%
EarlyStopping counter: 4 out of 15
INFO - 09/14/26 00:05:43 - 0:12:41 - Epoch 316: train_loss=0.16765263676643372, train_acc= 95.21%
INFO - 09/14/26 00:05:43 - 0:12:41 - Epoch 317: train_loss=0.1618674397468567, train_acc= 95.19%
INFO - 09/14/26 00:05:43 - 0:12:41 - Epoch 318: train_loss=0.1651679277420044, train_acc= 95.23%
INFO - 09/14/26 00:05:43 - 0:12:41 - Epoch 319: train_loss=0.16551296412944794, train_acc= 95.21%
INFO - 09/14/26 00:05:44 - 0:12:42 - Epoch 320: train_loss=0.16366009414196014, train_acc= 95.03%
INFO - 09/14/26 00:05:44 - 0:12:42 - Epoch 320: val_loss=0.2947535216808319, val_acc= 91.42%,val_weighted_f1= 91.23,val_macro_f1= 89.39%
EarlyStopping counter: 5 out of 15
INFO - 09/14/26 00:05:44 - 0:12:42 - Epoch 321: train_loss=0.1651880145072937, train_acc= 95.23%
INFO - 09/14/26 00:05:44 - 0:12:42 - Epoch 322: train_loss=0.16433343291282654, train_acc= 95.18%
INFO - 09/14/26 00:05:44 - 0:12:42 - Epoch 323: train_loss=0.16368263959884644, train_acc= 95.33%
INFO - 09/14/26 00:05:45 - 0:12:43 - Epoch 324: train_loss=0.16505444049835205, train_acc= 95.06%
INFO - 09/14/26 00:05:45 - 0:12:43 - Epoch 325: train_loss=0.16556011140346527, train_acc= 95.13%
INFO - 09/14/26 00:05:45 - 0:12:43 - Epoch 325: val_loss=0.289894163608551, val_acc= 91.64%,val_weighted_f1= 91.55,val_macro_f1= 90.14%
INFO - 09/14/26 00:05:45 - 0:12:43 - Epoch 326: train_loss=0.16040682792663574, train_acc= 95.37%
INFO - 09/14/26 00:05:45 - 0:12:43 - Epoch 327: train_loss=0.16017648577690125, train_acc= 95.18%
INFO - 09/14/26 00:05:46 - 0:12:44 - Epoch 328: train_loss=0.15994688868522644, train_acc= 95.29%
INFO - 09/14/26 00:05:46 - 0:12:44 - Epoch 329: train_loss=0.16119323670864105, train_acc= 95.46%
INFO - 09/14/26 00:05:46 - 0:12:44 - Epoch 330: train_loss=0.15980122983455658, train_acc= 95.16%
INFO - 09/14/26 00:05:46 - 0:12:44 - Epoch 330: val_loss=0.2993769943714142, val_acc= 91.35%,val_weighted_f1= 91.16,val_macro_f1= 89.26%
EarlyStopping counter: 1 out of 15
INFO - 09/14/26 00:05:46 - 0:12:44 - Epoch 331: train_loss=0.15699122846126556, train_acc= 95.43%
INFO - 09/14/26 00:05:47 - 0:12:45 - Epoch 332: train_loss=0.15629388391971588, train_acc= 95.36%
INFO - 09/14/26 00:05:47 - 0:12:45 - Epoch 333: train_loss=0.160556361079216, train_acc= 95.15%
INFO - 09/14/26 00:05:47 - 0:12:45 - Epoch 334: train_loss=0.15842580795288086, train_acc= 95.18%
INFO - 09/14/26 00:05:47 - 0:12:45 - Epoch 335: train_loss=0.1581643670797348, train_acc= 95.21%
INFO - 09/14/26 00:05:47 - 0:12:45 - Epoch 335: val_loss=0.29481232166290283, val_acc= 91.49%,val_weighted_f1= 91.33,val_macro_f1= 89.69%
EarlyStopping counter: 2 out of 15
INFO - 09/14/26 00:05:47 - 0:12:46 - Epoch 336: train_loss=0.15242503583431244, train_acc= 95.61%
INFO - 09/14/26 00:05:48 - 0:12:46 - Epoch 337: train_loss=0.15683795511722565, train_acc= 95.37%
INFO - 09/14/26 00:05:48 - 0:12:46 - Epoch 338: train_loss=0.15314237773418427, train_acc= 95.58%
INFO - 09/14/26 00:05:48 - 0:12:46 - Epoch 339: train_loss=0.15520383417606354, train_acc= 95.43%
INFO - 09/14/26 00:05:48 - 0:12:46 - Epoch 340: train_loss=0.15475346148014069, train_acc= 95.46%
INFO - 09/14/26 00:05:48 - 0:12:47 - Epoch 340: val_loss=0.29223793745040894, val_acc= 91.71%,val_weighted_f1= 91.63,val_macro_f1= 90.52%
INFO - 09/14/26 00:05:49 - 0:12:47 - Epoch 341: train_loss=0.1548604816198349, train_acc= 95.32%
INFO - 09/14/26 00:05:49 - 0:12:47 - Epoch 342: train_loss=0.15379200875759125, train_acc= 95.56%
INFO - 09/14/26 00:05:49 - 0:12:47 - Epoch 343: train_loss=0.1544492542743683, train_acc= 95.35%
INFO - 09/14/26 00:05:49 - 0:12:47 - Epoch 344: train_loss=0.15145254135131836, train_acc= 95.52%
INFO - 09/14/26 00:05:50 - 0:12:48 - Epoch 345: train_loss=0.1538316160440445, train_acc= 95.36%
INFO - 09/14/26 00:05:50 - 0:12:48 - Epoch 345: val_loss=0.3025580048561096, val_acc= 91.45%,val_weighted_f1= 91.27,val_macro_f1= 89.59%
EarlyStopping counter: 1 out of 15
INFO - 09/14/26 00:05:50 - 0:12:48 - Epoch 346: train_loss=0.1493949145078659, train_acc= 95.63%
INFO - 09/14/26 00:05:50 - 0:12:48 - Epoch 347: train_loss=0.15009170770645142, train_acc= 95.52%
INFO - 09/14/26 00:05:50 - 0:12:48 - Epoch 348: train_loss=0.1489843875169754, train_acc= 96.01%
INFO - 09/14/26 00:05:51 - 0:12:49 - Epoch 349: train_loss=0.15197831392288208, train_acc= 95.42%
INFO - 09/14/26 00:05:51 - 0:12:49 - Epoch 350: train_loss=0.1503380686044693, train_acc= 95.54%
INFO - 09/14/26 00:05:51 - 0:12:49 - Epoch 350: val_loss=0.3016132712364197, val_acc= 91.45%,val_weighted_f1= 91.29,val_macro_f1= 89.70%
EarlyStopping counter: 2 out of 15
INFO - 09/14/26 00:05:51 - 0:12:49 - Epoch 351: train_loss=0.14615285396575928, train_acc= 95.79%
INFO - 09/14/26 00:05:51 - 0:12:49 - Epoch 352: train_loss=0.1449480652809143, train_acc= 95.83%
INFO - 09/14/26 00:05:52 - 0:12:50 - Epoch 353: train_loss=0.14609064161777496, train_acc= 95.82%
INFO - 09/14/26 00:05:52 - 0:12:50 - Epoch 354: train_loss=0.14800162613391876, train_acc= 95.54%
INFO - 09/14/26 00:05:52 - 0:12:50 - Epoch 355: train_loss=0.1484898328781128, train_acc= 95.56%
INFO - 09/14/26 00:05:52 - 0:12:50 - Epoch 355: val_loss=0.2995670735836029, val_acc= 91.53%,val_weighted_f1= 91.39,val_macro_f1= 89.97%
EarlyStopping counter: 3 out of 15
INFO - 09/14/26 00:05:52 - 0:12:50 - Epoch 356: train_loss=0.14547711610794067, train_acc= 95.99%
INFO - 09/14/26 00:05:53 - 0:12:51 - Epoch 357: train_loss=0.1473229080438614, train_acc= 95.67%
INFO - 09/14/26 00:05:53 - 0:12:51 - Epoch 358: train_loss=0.14315269887447357, train_acc= 95.98%
INFO - 09/14/26 00:05:53 - 0:12:51 - Epoch 359: train_loss=0.14554275572299957, train_acc= 95.82%
INFO - 09/14/26 00:05:53 - 0:12:51 - Epoch 360: train_loss=0.14429865777492523, train_acc= 95.83%
INFO - 09/14/26 00:05:53 - 0:12:51 - Epoch 360: val_loss=0.3008030652999878, val_acc= 91.53%,val_weighted_f1= 91.39,val_macro_f1= 89.98%
EarlyStopping counter: 4 out of 15
INFO - 09/14/26 00:05:54 - 0:12:52 - Epoch 361: train_loss=0.1425168514251709, train_acc= 96.05%
INFO - 09/14/26 00:05:54 - 0:12:52 - Epoch 362: train_loss=0.14336350560188293, train_acc= 95.69%
INFO - 09/14/26 00:05:54 - 0:12:52 - Epoch 363: train_loss=0.14416781067848206, train_acc= 95.73%
INFO - 09/14/26 00:05:54 - 0:12:52 - Epoch 364: train_loss=0.14010539650917053, train_acc= 96.01%
INFO - 09/14/26 00:05:54 - 0:12:52 - Epoch 365: train_loss=0.14287005364894867, train_acc= 95.70%
INFO - 09/14/26 00:05:55 - 0:12:53 - Epoch 365: val_loss=0.30187371373176575, val_acc= 91.56%,val_weighted_f1= 91.46,val_macro_f1= 90.13%
EarlyStopping counter: 5 out of 15
INFO - 09/14/26 00:05:55 - 0:12:53 - Epoch 366: train_loss=0.1398225724697113, train_acc= 95.95%
INFO - 09/14/26 00:05:55 - 0:12:53 - Epoch 367: train_loss=0.13893839716911316, train_acc= 96.01%
INFO - 09/14/26 00:05:55 - 0:12:53 - Epoch 368: train_loss=0.14315670728683472, train_acc= 95.78%
INFO - 09/14/26 00:05:55 - 0:12:53 - Epoch 369: train_loss=0.13570018112659454, train_acc= 95.96%
INFO - 09/14/26 00:05:56 - 0:12:54 - Epoch 370: train_loss=0.13985197246074677, train_acc= 96.03%
INFO - 09/14/26 00:05:56 - 0:12:54 - Epoch 370: val_loss=0.3038595914840698, val_acc= 91.56%,val_weighted_f1= 91.47,val_macro_f1= 90.20%
EarlyStopping counter: 6 out of 15
INFO - 09/14/26 00:05:56 - 0:12:54 - Epoch 371: train_loss=0.139005646109581, train_acc= 96.00%
INFO - 09/14/26 00:05:56 - 0:12:54 - Epoch 372: train_loss=0.13776446878910065, train_acc= 95.98%
INFO - 09/14/26 00:05:56 - 0:12:54 - Epoch 373: train_loss=0.13582678139209747, train_acc= 96.22%
INFO - 09/14/26 00:05:57 - 0:12:55 - Epoch 374: train_loss=0.1410861760377884, train_acc= 95.81%
INFO - 09/14/26 00:05:57 - 0:12:55 - Epoch 375: train_loss=0.13900689780712128, train_acc= 95.96%
INFO - 09/14/26 00:05:57 - 0:12:55 - Epoch 375: val_loss=0.30994024872779846, val_acc= 91.27%,val_weighted_f1= 91.11,val_macro_f1= 89.43%
EarlyStopping counter: 7 out of 15
INFO - 09/14/26 00:05:57 - 0:12:55 - Epoch 376: train_loss=0.13703274726867676, train_acc= 96.15%
INFO - 09/14/26 00:05:57 - 0:12:55 - Epoch 377: train_loss=0.13475701212882996, train_acc= 96.05%
INFO - 09/14/26 00:05:58 - 0:12:56 - Epoch 378: train_loss=0.14033935964107513, train_acc= 95.81%
INFO - 09/14/26 00:05:58 - 0:12:56 - Epoch 379: train_loss=0.13742204010486603, train_acc= 96.07%
INFO - 09/14/26 00:05:58 - 0:12:56 - Epoch 380: train_loss=0.1348859816789627, train_acc= 96.12%
INFO - 09/14/26 00:05:58 - 0:12:56 - Epoch 380: val_loss=0.3126688599586487, val_acc= 91.42%,val_weighted_f1= 91.25,val_macro_f1= 89.51%
EarlyStopping counter: 8 out of 15
INFO - 09/14/26 00:05:58 - 0:12:56 - Epoch 381: train_loss=0.13397642970085144, train_acc= 96.40%
INFO - 09/14/26 00:05:59 - 0:12:57 - Epoch 382: train_loss=0.13375559449195862, train_acc= 96.13%
INFO - 09/14/26 00:05:59 - 0:12:57 - Epoch 383: train_loss=0.13272328674793243, train_acc= 96.32%
INFO - 09/14/26 00:05:59 - 0:12:57 - Epoch 384: train_loss=0.13366849720478058, train_acc= 96.27%
INFO - 09/14/26 00:05:59 - 0:12:57 - Epoch 385: train_loss=0.13282547891139984, train_acc= 96.16%
INFO - 09/14/26 00:05:59 - 0:12:57 - Epoch 385: val_loss=0.3125343918800354, val_acc= 91.27%,val_weighted_f1= 91.10,val_macro_f1= 89.29%
EarlyStopping counter: 9 out of 15
INFO - 09/14/26 00:06:00 - 0:12:58 - Epoch 386: train_loss=0.13421928882598877, train_acc= 96.05%
INFO - 09/14/26 00:06:00 - 0:12:58 - Epoch 387: train_loss=0.13261500000953674, train_acc= 96.15%
INFO - 09/14/26 00:06:00 - 0:12:58 - Epoch 388: train_loss=0.13301481306552887, train_acc= 96.03%
INFO - 09/14/26 00:06:00 - 0:12:58 - Epoch 389: train_loss=0.1330106407403946, train_acc= 96.17%
INFO - 09/14/26 00:06:00 - 0:12:59 - Epoch 390: train_loss=0.1313270926475525, train_acc= 96.15%
INFO - 09/14/26 00:06:00 - 0:12:59 - Epoch 390: val_loss=0.3128545880317688, val_acc= 91.64%,val_weighted_f1= 91.52,val_macro_f1= 90.27%
EarlyStopping counter: 10 out of 15
INFO - 09/14/26 00:06:01 - 0:12:59 - Epoch 391: train_loss=0.13224062323570251, train_acc= 96.07%
INFO - 09/14/26 00:06:01 - 0:12:59 - Epoch 392: train_loss=0.12985914945602417, train_acc= 96.18%
INFO - 09/14/26 00:06:01 - 0:12:59 - Epoch 393: train_loss=0.13285210728645325, train_acc= 96.03%
INFO - 09/14/26 00:06:01 - 0:12:59 - Epoch 394: train_loss=0.12787958979606628, train_acc= 96.32%
INFO - 09/14/26 00:06:02 - 0:13:00 - Epoch 395: train_loss=0.12610624730587006, train_acc= 96.39%
INFO - 09/14/26 00:06:02 - 0:13:00 - Epoch 395: val_loss=0.3216913938522339, val_acc= 91.05%,val_weighted_f1= 90.87,val_macro_f1= 89.21%
EarlyStopping counter: 11 out of 15
INFO - 09/14/26 00:06:02 - 0:13:00 - Epoch 396: train_loss=0.12985830008983612, train_acc= 96.33%
INFO - 09/14/26 00:06:02 - 0:13:00 - Epoch 397: train_loss=0.127079576253891, train_acc= 96.45%
INFO - 09/14/26 00:06:02 - 0:13:00 - Epoch 398: train_loss=0.13061630725860596, train_acc= 96.17%
INFO - 09/14/26 00:06:03 - 0:13:01 - Epoch 399: train_loss=0.12328153848648071, train_acc= 96.58%
INFO - 09/14/26 00:06:03 - 0:13:01 - Epoch 400: train_loss=0.12928536534309387, train_acc= 96.32%
INFO - 09/14/26 00:06:03 - 0:13:01 - Epoch 400: val_loss=0.3166998326778412, val_acc= 91.35%,val_weighted_f1= 91.23,val_macro_f1= 89.88%
EarlyStopping counter: 12 out of 15
INFO - 09/14/26 00:06:03 - 0:13:01 - Epoch 401: train_loss=0.1253398060798645, train_acc= 96.44%
INFO - 09/14/26 00:06:03 - 0:13:01 - Epoch 402: train_loss=0.12515291571617126, train_acc= 96.41%
INFO - 09/14/26 00:06:04 - 0:13:02 - Epoch 403: train_loss=0.12863874435424805, train_acc= 96.39%
INFO - 09/14/26 00:06:04 - 0:13:02 - Epoch 404: train_loss=0.12626689672470093, train_acc= 96.24%
INFO - 09/14/26 00:06:04 - 0:13:02 - Epoch 405: train_loss=0.1253356784582138, train_acc= 96.29%
INFO - 09/14/26 00:06:04 - 0:13:02 - Epoch 405: val_loss=0.3172033131122589, val_acc= 91.45%,val_weighted_f1= 91.34,val_macro_f1= 90.01%
EarlyStopping counter: 13 out of 15
INFO - 09/14/26 00:06:04 - 0:13:02 - Epoch 406: train_loss=0.12612870335578918, train_acc= 96.43%
INFO - 09/14/26 00:06:05 - 0:13:03 - Epoch 407: train_loss=0.12511323392391205, train_acc= 96.36%
INFO - 09/14/26 00:06:05 - 0:13:03 - Epoch 408: train_loss=0.12346011400222778, train_acc= 96.38%
INFO - 09/14/26 00:06:05 - 0:13:03 - Epoch 409: train_loss=0.12362014502286911, train_acc= 96.40%
INFO - 09/14/26 00:06:05 - 0:13:03 - Epoch 410: train_loss=0.1244649738073349, train_acc= 96.21%
INFO - 09/14/26 00:06:05 - 0:13:03 - Epoch 410: val_loss=0.31985971331596375, val_acc= 91.38%,val_weighted_f1= 91.26,val_macro_f1= 89.96%
EarlyStopping counter: 14 out of 15
INFO - 09/14/26 00:06:06 - 0:13:04 - Epoch 411: train_loss=0.12319528311491013, train_acc= 96.30%
INFO - 09/14/26 00:06:06 - 0:13:04 - Epoch 412: train_loss=0.12374378740787506, train_acc= 96.50%
INFO - 09/14/26 00:06:06 - 0:13:04 - Epoch 413: train_loss=0.12331008911132812, train_acc= 96.29%
INFO - 09/14/26 00:06:06 - 0:13:04 - Epoch 414: train_loss=0.12386782467365265, train_acc= 96.57%
INFO - 09/14/26 00:06:06 - 0:13:05 - Epoch 415: train_loss=0.12161584943532944, train_acc= 96.52%
INFO - 09/14/26 00:06:06 - 0:13:05 - Epoch 415: val_loss=0.32501092553138733, val_acc= 91.13%,val_weighted_f1= 90.99,val_macro_f1= 89.46%
EarlyStopping counter: 15 out of 15
---------Early stopping--------
INFO - 09/14/26 00:06:06 - 0:13:05 - --------------Testing--------------------
INFO - 09/14/26 00:06:06 - 0:13:05 - --------------Loading from ./checkpoints/NC_computers_model.pt--------------------
INFO - 09/14/26 00:06:07 - 0:13:05 - test_acc= 91.38%, weighted_f1= 91.23,macro_f1= 89.73%
INFO - 09/14/26 00:06:07 - 0:13:05 - test_acc= 91.38%, weighted_f1= 91.23,macro_f1= 89.73%
INFO - 09/14/26 00:06:07 - 0:13:05 - Epoch 0: train_loss=2.407329797744751, train_acc= 6.93%
INFO - 09/14/26 00:06:07 - 0:13:05 - Epoch 0: val_loss=2.260587453842163, val_acc= 15.27%,val_weighted_f1= 14.09,val_macro_f1= 4.79%
INFO - 09/14/26 00:06:07 - 0:13:05 - Epoch 1: train_loss=2.2975821495056152, train_acc= 13.75%
INFO - 09/14/26 00:06:07 - 0:13:06 - Epoch 2: train_loss=2.1921210289001465, train_acc= 22.49%
INFO - 09/14/26 00:06:08 - 0:13:06 - Epoch 3: train_loss=2.117262840270996, train_acc= 28.79%
INFO - 09/14/26 00:06:08 - 0:13:06 - Epoch 4: train_loss=2.057904005050659, train_acc= 32.73%
INFO - 09/14/26 00:06:08 - 0:13:06 - Epoch 5: train_loss=2.006218433380127, train_acc= 35.13%
INFO - 09/14/26 00:06:08 - 0:13:06 - Epoch 5: val_loss=1.925529956817627, val_acc= 37.71%,val_weighted_f1= 21.49,val_macro_f1= 5.62%
INFO - 09/14/26 00:06:08 - 0:13:07 - Epoch 6: train_loss=1.959389567375183, train_acc= 36.68%
INFO - 09/14/26 00:06:09 - 0:13:07 - Epoch 7: train_loss=1.9334050416946411, train_acc= 37.65%
INFO - 09/14/26 00:06:09 - 0:13:07 - Epoch 8: train_loss=1.9060845375061035, train_acc= 37.81%
INFO - 09/14/26 00:06:09 - 0:13:07 - Epoch 9: train_loss=1.87911856174469, train_acc= 38.97%
INFO - 09/14/26 00:06:09 - 0:13:07 - Epoch 10: train_loss=1.8478482961654663, train_acc= 39.88%
INFO - 09/14/26 00:06:09 - 0:13:08 - Epoch 10: val_loss=1.793959379196167, val_acc= 42.58%,val_weighted_f1= 29.30,val_macro_f1= 9.82%
INFO - 09/14/26 00:06:10 - 0:13:08 - Epoch 11: train_loss=1.833916425704956, train_acc= 40.34%
INFO - 09/14/26 00:06:10 - 0:13:08 - Epoch 12: train_loss=1.811224341392517, train_acc= 41.11%
INFO - 09/14/26 00:06:10 - 0:13:08 - Epoch 13: train_loss=1.791381597518921, train_acc= 41.70%
INFO - 09/14/26 00:06:10 - 0:13:08 - Epoch 14: train_loss=1.770772933959961, train_acc= 42.39%
INFO - 09/14/26 00:06:11 - 0:13:09 - Epoch 15: train_loss=1.7467466592788696, train_acc= 42.58%
INFO - 09/14/26 00:06:11 - 0:13:09 - Epoch 15: val_loss=1.6881940364837646, val_acc= 44.44%,val_weighted_f1= 32.30,val_macro_f1= 11.71%
INFO - 09/14/26 00:06:11 - 0:13:09 - Epoch 16: train_loss=1.7355551719665527, train_acc= 43.35%
INFO - 09/14/26 00:06:11 - 0:13:09 - Epoch 17: train_loss=1.710629940032959, train_acc= 44.07%
INFO - 09/14/26 00:06:11 - 0:13:09 - Epoch 18: train_loss=1.6908389329910278, train_acc= 43.93%
INFO - 09/14/26 00:06:11 - 0:13:10 - Epoch 19: train_loss=1.6755856275558472, train_acc= 44.21%
INFO - 09/14/26 00:06:12 - 0:13:10 - Epoch 20: train_loss=1.650646448135376, train_acc= 45.30%
INFO - 09/14/26 00:06:12 - 0:13:10 - Epoch 20: val_loss=1.5861961841583252, val_acc= 47.56%,val_weighted_f1= 37.23,val_macro_f1= 15.53%
INFO - 09/14/26 00:06:12 - 0:13:10 - Epoch 21: train_loss=1.6356903314590454, train_acc= 45.96%
INFO - 09/14/26 00:06:12 - 0:13:10 - Epoch 22: train_loss=1.613776683807373, train_acc= 47.09%
INFO - 09/14/26 00:06:12 - 0:13:11 - Epoch 23: train_loss=1.595940113067627, train_acc= 47.33%
INFO - 09/14/26 00:06:13 - 0:13:11 - Epoch 24: train_loss=1.5761809349060059, train_acc= 49.04%
INFO - 09/14/26 00:06:13 - 0:13:11 - Epoch 25: train_loss=1.5494400262832642, train_acc= 49.72%
INFO - 09/14/26 00:06:13 - 0:13:11 - Epoch 25: val_loss=1.4753109216690063, val_acc= 53.53%,val_weighted_f1= 45.47,val_macro_f1= 21.08%
INFO - 09/14/26 00:06:13 - 0:13:11 - Epoch 26: train_loss=1.532915472984314, train_acc= 50.05%
INFO - 09/14/26 00:06:13 - 0:13:12 - Epoch 27: train_loss=1.5151346921920776, train_acc= 50.95%
INFO - 09/14/26 00:06:14 - 0:13:12 - Epoch 28: train_loss=1.492211937904358, train_acc= 52.07%
INFO - 09/14/26 00:06:14 - 0:13:12 - Epoch 29: train_loss=1.4647603034973145, train_acc= 53.07%
INFO - 09/14/26 00:06:14 - 0:13:12 - Epoch 30: train_loss=1.4514480829238892, train_acc= 53.74%
INFO - 09/14/26 00:06:14 - 0:13:12 - Epoch 30: val_loss=1.3616594076156616, val_acc= 58.04%,val_weighted_f1= 50.68,val_macro_f1= 24.67%
INFO - 09/14/26 00:06:14 - 0:13:13 - Epoch 31: train_loss=1.425942301750183, train_acc= 54.40%
INFO - 09/14/26 00:06:15 - 0:13:13 - Epoch 32: train_loss=1.4078164100646973, train_acc= 55.40%
INFO - 09/14/26 00:06:15 - 0:13:13 - Epoch 33: train_loss=1.3826942443847656, train_acc= 56.24%
INFO - 09/14/26 00:06:15 - 0:13:13 - Epoch 34: train_loss=1.366271734237671, train_acc= 57.42%
INFO - 09/14/26 00:06:15 - 0:13:13 - Epoch 35: train_loss=1.3383384943008423, train_acc= 58.34%
INFO - 09/14/26 00:06:15 - 0:13:14 - Epoch 35: val_loss=1.2448318004608154, val_acc= 62.00%,val_weighted_f1= 54.95,val_macro_f1= 27.54%
INFO - 09/14/26 00:06:16 - 0:13:14 - Epoch 36: train_loss=1.3137556314468384, train_acc= 60.07%
INFO - 09/14/26 00:06:16 - 0:13:14 - Epoch 37: train_loss=1.297518014907837, train_acc= 60.34%
INFO - 09/14/26 00:06:16 - 0:13:14 - Epoch 38: train_loss=1.272735834121704, train_acc= 61.43%
INFO - 09/14/26 00:06:16 - 0:13:14 - Epoch 39: train_loss=1.2504600286483765, train_acc= 62.28%
INFO - 09/14/26 00:06:16 - 0:13:15 - Epoch 40: train_loss=1.2256873846054077, train_acc= 63.45%
INFO - 09/14/26 00:06:17 - 0:13:15 - Epoch 40: val_loss=1.136347770690918, val_acc= 65.93%,val_weighted_f1= 59.29,val_macro_f1= 31.06%
INFO - 09/14/26 00:06:17 - 0:13:15 - Epoch 41: train_loss=1.2067530155181885, train_acc= 63.98%
INFO - 09/14/26 00:06:17 - 0:13:15 - Epoch 42: train_loss=1.191678524017334, train_acc= 64.20%
INFO - 09/14/26 00:06:17 - 0:13:15 - Epoch 43: train_loss=1.1693425178527832, train_acc= 64.76%
INFO - 09/14/26 00:06:17 - 0:13:16 - Epoch 44: train_loss=1.1398859024047852, train_acc= 66.23%
INFO - 09/14/26 00:06:18 - 0:13:16 - Epoch 45: train_loss=1.1226052045822144, train_acc= 66.93%
INFO - 09/14/26 00:06:18 - 0:13:16 - Epoch 45: val_loss=1.0389364957809448, val_acc= 68.95%,val_weighted_f1= 62.87,val_macro_f1= 35.05%
INFO - 09/14/26 00:06:18 - 0:13:16 - Epoch 46: train_loss=1.1031805276870728, train_acc= 66.87%
INFO - 09/14/26 00:06:18 - 0:13:16 - Epoch 47: train_loss=1.0819270610809326, train_acc= 67.41%
INFO - 09/14/26 00:06:18 - 0:13:17 - Epoch 48: train_loss=1.0599628686904907, train_acc= 68.42%
INFO - 09/14/26 00:06:19 - 0:13:17 - Epoch 49: train_loss=1.0426799058914185, train_acc= 68.35%
INFO - 09/14/26 00:06:19 - 0:13:17 - Epoch 50: train_loss=1.0257607698440552, train_acc= 69.03%
INFO - 09/14/26 00:06:19 - 0:13:17 - Epoch 50: val_loss=0.9490146636962891, val_acc= 71.02%,val_weighted_f1= 65.27,val_macro_f1= 37.77%
INFO - 09/14/26 00:06:19 - 0:13:17 - Epoch 51: train_loss=1.002894639968872, train_acc= 69.90%
INFO - 09/14/26 00:06:19 - 0:13:18 - Epoch 52: train_loss=0.9805796146392822, train_acc= 70.36%
INFO - 09/14/26 00:06:20 - 0:13:18 - Epoch 53: train_loss=0.9629996418952942, train_acc= 70.76%
INFO - 09/14/26 00:06:20 - 0:13:18 - Epoch 54: train_loss=0.948418140411377, train_acc= 71.47%
INFO - 09/14/26 00:06:20 - 0:13:18 - Epoch 55: train_loss=0.9271323084831238, train_acc= 71.70%
INFO - 09/14/26 00:06:20 - 0:13:18 - Epoch 55: val_loss=0.8643505573272705, val_acc= 72.69%,val_weighted_f1= 67.47,val_macro_f1= 41.12%
INFO - 09/14/26 00:06:20 - 0:13:19 - Epoch 56: train_loss=0.9096298217773438, train_acc= 72.37%
INFO - 09/14/26 00:06:21 - 0:13:19 - Epoch 57: train_loss=0.8940709233283997, train_acc= 72.82%
INFO - 09/14/26 00:06:21 - 0:13:19 - Epoch 58: train_loss=0.879682719707489, train_acc= 72.99%
INFO - 09/14/26 00:06:21 - 0:13:19 - Epoch 59: train_loss=0.8595025539398193, train_acc= 73.63%
INFO - 09/14/26 00:06:21 - 0:13:19 - Epoch 60: train_loss=0.8449793457984924, train_acc= 74.21%
INFO - 09/14/26 00:06:21 - 0:13:19 - Epoch 60: val_loss=0.7856149673461914, val_acc= 74.84%,val_weighted_f1= 70.37,val_macro_f1= 46.81%
INFO - 09/14/26 00:06:22 - 0:13:20 - Epoch 61: train_loss=0.8209390044212341, train_acc= 75.00%
INFO - 09/14/26 00:06:22 - 0:13:20 - Epoch 62: train_loss=0.8124022483825684, train_acc= 75.32%
INFO - 09/14/26 00:06:22 - 0:13:20 - Epoch 63: train_loss=0.7973395586013794, train_acc= 75.67%
INFO - 09/14/26 00:06:22 - 0:13:20 - Epoch 64: train_loss=0.7799564599990845, train_acc= 76.09%
INFO - 09/14/26 00:06:22 - 0:13:21 - Epoch 65: train_loss=0.7639723420143127, train_acc= 76.84%
INFO - 09/14/26 00:06:23 - 0:13:21 - Epoch 65: val_loss=0.716192364692688, val_acc= 76.55%,val_weighted_f1= 72.61,val_macro_f1= 50.89%
INFO - 09/14/26 00:06:23 - 0:13:21 - Epoch 66: train_loss=0.750214695930481, train_acc= 77.23%
INFO - 09/14/26 00:06:23 - 0:13:21 - Epoch 67: train_loss=0.7355632781982422, train_acc= 77.36%
INFO - 09/14/26 00:06:23 - 0:13:21 - Epoch 68: train_loss=0.7249102592468262, train_acc= 77.62%
INFO - 09/14/26 00:06:23 - 0:13:22 - Epoch 69: train_loss=0.7126355171203613, train_acc= 78.09%
INFO - 09/14/26 00:06:24 - 0:13:22 - Epoch 70: train_loss=0.6992737054824829, train_acc= 78.53%
INFO - 09/14/26 00:06:24 - 0:13:22 - Epoch 70: val_loss=0.6563843488693237, val_acc= 78.18%,val_weighted_f1= 74.67,val_macro_f1= 54.95%
INFO - 09/14/26 00:06:24 - 0:13:22 - Epoch 71: train_loss=0.6874392032623291, train_acc= 79.04%
INFO - 09/14/26 00:06:24 - 0:13:22 - Epoch 72: train_loss=0.6724221110343933, train_acc= 79.40%
INFO - 09/14/26 00:06:24 - 0:13:23 - Epoch 73: train_loss=0.6650053262710571, train_acc= 79.59%
INFO - 09/14/26 00:06:25 - 0:13:23 - Epoch 74: train_loss=0.6560870409011841, train_acc= 79.94%
INFO - 09/14/26 00:06:25 - 0:13:23 - Epoch 75: train_loss=0.639412522315979, train_acc= 80.65%
INFO - 09/14/26 00:06:25 - 0:13:23 - Epoch 75: val_loss=0.6032456755638123, val_acc= 79.71%,val_weighted_f1= 76.95,val_macro_f1= 60.50%
INFO - 09/14/26 00:06:25 - 0:13:23 - Epoch 76: train_loss=0.628777027130127, train_acc= 80.50%
INFO - 09/14/26 00:06:25 - 0:13:24 - Epoch 77: train_loss=0.6184380054473877, train_acc= 80.82%
INFO - 09/14/26 00:06:26 - 0:13:24 - Epoch 78: train_loss=0.6065676212310791, train_acc= 81.03%
INFO - 09/14/26 00:06:26 - 0:13:24 - Epoch 79: train_loss=0.595650315284729, train_acc= 81.87%
INFO - 09/14/26 00:06:26 - 0:13:24 - Epoch 80: train_loss=0.5912611484527588, train_acc= 81.92%
INFO - 09/14/26 00:06:26 - 0:13:24 - Epoch 80: val_loss=0.5585353970527649, val_acc= 81.24%,val_weighted_f1= 79.15,val_macro_f1= 65.39%
INFO - 09/14/26 00:06:26 - 0:13:24 - Epoch 81: train_loss=0.5808827877044678, train_acc= 82.48%
INFO - 09/14/26 00:06:27 - 0:13:25 - Epoch 82: train_loss=0.576694667339325, train_acc= 82.16%
INFO - 09/14/26 00:06:27 - 0:13:25 - Epoch 83: train_loss=0.5648850798606873, train_acc= 82.78%
INFO - 09/14/26 00:06:27 - 0:13:25 - Epoch 84: train_loss=0.5593623518943787, train_acc= 83.26%
INFO - 09/14/26 00:06:27 - 0:13:25 - Epoch 85: train_loss=0.5499800443649292, train_acc= 83.24%
INFO - 09/14/26 00:06:27 - 0:13:25 - Epoch 85: val_loss=0.5247282385826111, val_acc= 82.22%,val_weighted_f1= 80.28,val_macro_f1= 68.53%
INFO - 09/14/26 00:06:28 - 0:13:26 - Epoch 86: train_loss=0.5384371280670166, train_acc= 83.81%
INFO - 09/14/26 00:06:28 - 0:13:26 - Epoch 87: train_loss=0.5344603657722473, train_acc= 83.69%
INFO - 09/14/26 00:06:28 - 0:13:26 - Epoch 88: train_loss=0.5224547982215881, train_acc= 84.10%
INFO - 09/14/26 00:06:28 - 0:13:26 - Epoch 89: train_loss=0.5173444151878357, train_acc= 84.29%
INFO - 09/14/26 00:06:28 - 0:13:27 - Epoch 90: train_loss=0.5087911486625671, train_acc= 84.60%
INFO - 09/14/26 00:06:29 - 0:13:27 - Epoch 90: val_loss=0.49468347430229187, val_acc= 83.24%,val_weighted_f1= 81.75,val_macro_f1= 72.33%
INFO - 09/14/26 00:06:29 - 0:13:27 - Epoch 91: train_loss=0.5039824843406677, train_acc= 84.92%
INFO - 09/14/26 00:06:29 - 0:13:27 - Epoch 92: train_loss=0.5007599592208862, train_acc= 85.14%
INFO - 09/14/26 00:06:29 - 0:13:27 - Epoch 93: train_loss=0.4901902377605438, train_acc= 85.17%
INFO - 09/14/26 00:06:29 - 0:13:28 - Epoch 94: train_loss=0.48516398668289185, train_acc= 85.34%
INFO - 09/14/26 00:06:30 - 0:13:28 - Epoch 95: train_loss=0.4843757450580597, train_acc= 85.57%
INFO - 09/14/26 00:06:30 - 0:13:28 - Epoch 95: val_loss=0.46917960047721863, val_acc= 84.40%,val_weighted_f1= 83.18,val_macro_f1= 75.33%
INFO - 09/14/26 00:06:30 - 0:13:28 - Epoch 96: train_loss=0.47604453563690186, train_acc= 85.26%
INFO - 09/14/26 00:06:30 - 0:13:28 - Epoch 97: train_loss=0.4677755534648895, train_acc= 85.89%
INFO - 09/14/26 00:06:30 - 0:13:29 - Epoch 98: train_loss=0.46153727173805237, train_acc= 85.99%
INFO - 09/14/26 00:06:31 - 0:13:29 - Epoch 99: train_loss=0.4578074514865875, train_acc= 85.94%
INFO - 09/14/26 00:06:31 - 0:13:29 - Epoch 100: train_loss=0.4548727571964264, train_acc= 86.48%
INFO - 09/14/26 00:06:31 - 0:13:29 - Epoch 100: val_loss=0.449161171913147, val_acc= 85.24%,val_weighted_f1= 84.12,val_macro_f1= 77.31%
INFO - 09/14/26 00:06:31 - 0:13:29 - Epoch 101: train_loss=0.4506610333919525, train_acc= 86.45%
INFO - 09/14/26 00:06:31 - 0:13:30 - Epoch 102: train_loss=0.4447959363460541, train_acc= 86.52%
INFO - 09/14/26 00:06:32 - 0:13:30 - Epoch 103: train_loss=0.43864813446998596, train_acc= 86.60%
INFO - 09/14/26 00:06:32 - 0:13:30 - Epoch 104: train_loss=0.43606138229370117, train_acc= 86.88%
INFO - 09/14/26 00:06:32 - 0:13:30 - Epoch 105: train_loss=0.4286942481994629, train_acc= 87.25%
INFO - 09/14/26 00:06:32 - 0:13:30 - Epoch 105: val_loss=0.43394312262535095, val_acc= 85.78%,val_weighted_f1= 84.73,val_macro_f1= 78.69%
INFO - 09/14/26 00:06:32 - 0:13:30 - Epoch 106: train_loss=0.42634961009025574, train_acc= 86.86%
INFO - 09/14/26 00:06:33 - 0:13:31 - Epoch 107: train_loss=0.42457351088523865, train_acc= 87.30%
INFO - 09/14/26 00:06:33 - 0:13:31 - Epoch 108: train_loss=0.41741740703582764, train_acc= 87.22%
INFO - 09/14/26 00:06:33 - 0:13:31 - Epoch 109: train_loss=0.4137926995754242, train_acc= 87.34%
INFO - 09/14/26 00:06:33 - 0:13:31 - Epoch 110: train_loss=0.4092588722705841, train_acc= 87.94%
INFO - 09/14/26 00:06:33 - 0:13:31 - Epoch 110: val_loss=0.4181857705116272, val_acc= 86.47%,val_weighted_f1= 85.66,val_macro_f1= 80.59%
INFO - 09/14/26 00:06:34 - 0:13:32 - Epoch 111: train_loss=0.4049573838710785, train_acc= 87.49%
INFO - 09/14/26 00:06:34 - 0:13:32 - Epoch 112: train_loss=0.40508145093917847, train_acc= 87.83%
INFO - 09/14/26 00:06:34 - 0:13:32 - Epoch 113: train_loss=0.3985641300678253, train_acc= 88.27%
INFO - 09/14/26 00:06:34 - 0:13:32 - Epoch 114: train_loss=0.3922370970249176, train_acc= 88.46%
INFO - 09/14/26 00:06:34 - 0:13:33 - Epoch 115: train_loss=0.3891086280345917, train_acc= 88.39%
INFO - 09/14/26 00:06:35 - 0:13:33 - Epoch 115: val_loss=0.4050649404525757, val_acc= 86.84%,val_weighted_f1= 86.07,val_macro_f1= 81.54%
INFO - 09/14/26 00:06:35 - 0:13:33 - Epoch 116: train_loss=0.38929903507232666, train_acc= 88.11%
INFO - 09/14/26 00:06:35 - 0:13:33 - Epoch 117: train_loss=0.38640332221984863, train_acc= 88.27%
INFO - 09/14/26 00:06:35 - 0:13:33 - Epoch 118: train_loss=0.3813772201538086, train_acc= 88.66%
INFO - 09/14/26 00:06:35 - 0:13:34 - Epoch 119: train_loss=0.3758595287799835, train_acc= 88.71%
INFO - 09/14/26 00:06:36 - 0:13:34 - Epoch 120: train_loss=0.3713672459125519, train_acc= 88.61%
INFO - 09/14/26 00:06:36 - 0:13:34 - Epoch 120: val_loss=0.3941110074520111, val_acc= 87.20%,val_weighted_f1= 86.53,val_macro_f1= 82.46%
INFO - 09/14/26 00:06:36 - 0:13:34 - Epoch 121: train_loss=0.37201961874961853, train_acc= 88.80%
INFO - 09/14/26 00:06:36 - 0:13:34 - Epoch 122: train_loss=0.3677918016910553, train_acc= 88.73%
INFO - 09/14/26 00:06:36 - 0:13:34 - Epoch 123: train_loss=0.3655257225036621, train_acc= 88.88%
INFO - 09/14/26 00:06:37 - 0:13:35 - Epoch 124: train_loss=0.3624257743358612, train_acc= 89.30%
INFO - 09/14/26 00:06:37 - 0:13:35 - Epoch 125: train_loss=0.3572550415992737, train_acc= 89.08%
INFO - 09/14/26 00:06:37 - 0:13:35 - Epoch 125: val_loss=0.3837265074253082, val_acc= 87.85%,val_weighted_f1= 87.26,val_macro_f1= 83.72%
INFO - 09/14/26 00:06:37 - 0:13:35 - Epoch 126: train_loss=0.35946187376976013, train_acc= 88.91%
INFO - 09/14/26 00:06:37 - 0:13:35 - Epoch 127: train_loss=0.35670357942581177, train_acc= 89.06%
INFO - 09/14/26 00:06:38 - 0:13:36 - Epoch 128: train_loss=0.34936022758483887, train_acc= 89.59%
INFO - 09/14/26 00:06:38 - 0:13:36 - Epoch 129: train_loss=0.34811440110206604, train_acc= 89.44%
INFO - 09/14/26 00:06:38 - 0:13:36 - Epoch 130: train_loss=0.3451908528804779, train_acc= 89.60%
INFO - 09/14/26 00:06:38 - 0:13:36 - Epoch 130: val_loss=0.3757343888282776, val_acc= 88.15%,val_weighted_f1= 87.59,val_macro_f1= 84.33%
INFO - 09/14/26 00:06:38 - 0:13:36 - Epoch 131: train_loss=0.3394108712673187, train_acc= 89.66%
INFO - 09/14/26 00:06:39 - 0:13:37 - Epoch 132: train_loss=0.3451738655567169, train_acc= 89.42%
INFO - 09/14/26 00:06:39 - 0:13:37 - Epoch 133: train_loss=0.33834555745124817, train_acc= 89.83%
INFO - 09/14/26 00:06:39 - 0:13:37 - Epoch 134: train_loss=0.33586806058883667, train_acc= 89.86%
INFO - 09/14/26 00:06:39 - 0:13:37 - Epoch 135: train_loss=0.33509621024131775, train_acc= 89.83%
INFO - 09/14/26 00:06:39 - 0:13:37 - Epoch 135: val_loss=0.3677184283733368, val_acc= 88.33%,val_weighted_f1= 87.80,val_macro_f1= 84.72%
INFO - 09/14/26 00:06:40 - 0:13:38 - Epoch 136: train_loss=0.3338579535484314, train_acc= 89.52%
INFO - 09/14/26 00:06:40 - 0:13:38 - Epoch 137: train_loss=0.32938992977142334, train_acc= 90.11%
INFO - 09/14/26 00:06:40 - 0:13:38 - Epoch 138: train_loss=0.33220621943473816, train_acc= 89.89%
INFO - 09/14/26 00:06:40 - 0:13:38 - Epoch 139: train_loss=0.32348352670669556, train_acc= 90.11%
INFO - 09/14/26 00:06:40 - 0:13:39 - Epoch 140: train_loss=0.32600706815719604, train_acc= 90.39%
INFO - 09/14/26 00:06:41 - 0:13:39 - Epoch 140: val_loss=0.36144039034843445, val_acc= 88.55%,val_weighted_f1= 87.98,val_macro_f1= 85.02%
INFO - 09/14/26 00:06:41 - 0:13:39 - Epoch 141: train_loss=0.3199092447757721, train_acc= 90.34%
INFO - 09/14/26 00:06:41 - 0:13:39 - Epoch 142: train_loss=0.3192782402038574, train_acc= 90.26%
INFO - 09/14/26 00:06:41 - 0:13:39 - Epoch 143: train_loss=0.3162877857685089, train_acc= 90.09%
INFO - 09/14/26 00:06:41 - 0:13:40 - Epoch 144: train_loss=0.31371235847473145, train_acc= 90.60%
INFO - 09/14/26 00:06:42 - 0:13:40 - Epoch 145: train_loss=0.3130531907081604, train_acc= 90.62%
INFO - 09/14/26 00:06:42 - 0:13:40 - Epoch 145: val_loss=0.35468724370002747, val_acc= 88.76%,val_weighted_f1= 88.25,val_macro_f1= 85.56%
INFO - 09/14/26 00:06:42 - 0:13:40 - Epoch 146: train_loss=0.3133261799812317, train_acc= 90.51%
INFO - 09/14/26 00:06:42 - 0:13:40 - Epoch 147: train_loss=0.30956271290779114, train_acc= 90.77%
INFO - 09/14/26 00:06:43 - 0:13:41 - Epoch 148: train_loss=0.3070235252380371, train_acc= 90.89%
INFO - 09/14/26 00:06:43 - 0:13:41 - Epoch 149: train_loss=0.308795303106308, train_acc= 90.81%
INFO - 09/14/26 00:06:43 - 0:13:41 - Epoch 150: train_loss=0.30441799759864807, train_acc= 90.77%
INFO - 09/14/26 00:06:43 - 0:13:41 - Epoch 150: val_loss=0.3490237593650818, val_acc= 88.76%,val_weighted_f1= 88.31,val_macro_f1= 85.77%
INFO - 09/14/26 00:06:43 - 0:13:41 - Epoch 151: train_loss=0.300234317779541, train_acc= 90.71%
INFO - 09/14/26 00:06:44 - 0:13:42 - Epoch 152: train_loss=0.30262520909309387, train_acc= 90.73%
INFO - 09/14/26 00:06:44 - 0:13:42 - Epoch 153: train_loss=0.29669472575187683, train_acc= 90.96%
INFO - 09/14/26 00:06:44 - 0:13:42 - Epoch 154: train_loss=0.29616227746009827, train_acc= 91.04%
INFO - 09/14/26 00:06:44 - 0:13:42 - Epoch 155: train_loss=0.29548317193984985, train_acc= 90.91%
INFO - 09/14/26 00:06:44 - 0:13:42 - Epoch 155: val_loss=0.3446125388145447, val_acc= 89.09%,val_weighted_f1= 88.62,val_macro_f1= 86.25%
INFO - 09/14/26 00:06:45 - 0:13:43 - Epoch 156: train_loss=0.29465675354003906, train_acc= 91.27%
INFO - 09/14/26 00:06:45 - 0:13:43 - Epoch 157: train_loss=0.2895904779434204, train_acc= 91.17%
INFO - 09/14/26 00:06:45 - 0:13:43 - Epoch 158: train_loss=0.2874772250652313, train_acc= 91.14%
INFO - 09/14/26 00:06:45 - 0:13:43 - Epoch 159: train_loss=0.28960302472114563, train_acc= 91.18%
INFO - 09/14/26 00:06:45 - 0:13:43 - Epoch 160: train_loss=0.2850649058818817, train_acc= 91.19%
INFO - 09/14/26 00:06:45 - 0:13:44 - Epoch 160: val_loss=0.33708077669143677, val_acc= 89.27%,val_weighted_f1= 88.98,val_macro_f1= 87.05%
INFO - 09/14/26 00:06:46 - 0:13:44 - Epoch 161: train_loss=0.2847084403038025, train_acc= 91.38%
INFO - 09/14/26 00:06:46 - 0:13:44 - Epoch 162: train_loss=0.28335198760032654, train_acc= 91.27%
INFO - 09/14/26 00:06:46 - 0:13:44 - Epoch 163: train_loss=0.28448665142059326, train_acc= 91.27%
INFO - 09/14/26 00:06:46 - 0:13:44 - Epoch 164: train_loss=0.2779535949230194, train_acc= 91.54%
INFO - 09/14/26 00:06:47 - 0:13:45 - Epoch 165: train_loss=0.2774830162525177, train_acc= 91.60%
INFO - 09/14/26 00:06:47 - 0:13:45 - Epoch 165: val_loss=0.3355940580368042, val_acc= 89.24%,val_weighted_f1= 88.82,val_macro_f1= 86.66%
EarlyStopping counter: 1 out of 15
INFO - 09/14/26 00:06:47 - 0:13:45 - Epoch 166: train_loss=0.2764523923397064, train_acc= 91.70%
INFO - 09/14/26 00:06:47 - 0:13:45 - Epoch 167: train_loss=0.27995702624320984, train_acc= 91.44%
INFO - 09/14/26 00:06:47 - 0:13:46 - Epoch 168: train_loss=0.27352428436279297, train_acc= 91.70%
INFO - 09/14/26 00:06:48 - 0:13:46 - Epoch 169: train_loss=0.2742675840854645, train_acc= 91.76%
INFO - 09/14/26 00:06:48 - 0:13:46 - Epoch 170: train_loss=0.2746576964855194, train_acc= 91.83%
INFO - 09/14/26 00:06:48 - 0:13:46 - Epoch 170: val_loss=0.3355565667152405, val_acc= 89.16%,val_weighted_f1= 88.68,val_macro_f1= 86.25%
EarlyStopping counter: 2 out of 15
INFO - 09/14/26 00:06:48 - 0:13:46 - Epoch 171: train_loss=0.2713119685649872, train_acc= 91.74%
INFO - 09/14/26 00:06:48 - 0:13:47 - Epoch 172: train_loss=0.2677864730358124, train_acc= 91.83%
INFO - 09/14/26 00:06:49 - 0:13:47 - Epoch 173: train_loss=0.26770663261413574, train_acc= 91.75%
INFO - 09/14/26 00:06:49 - 0:13:47 - Epoch 174: train_loss=0.26455211639404297, train_acc= 92.11%
INFO - 09/14/26 00:06:49 - 0:13:47 - Epoch 175: train_loss=0.26579728722572327, train_acc= 91.81%
INFO - 09/14/26 00:06:49 - 0:13:47 - Epoch 175: val_loss=0.3285413384437561, val_acc= 89.42%,val_weighted_f1= 89.11,val_macro_f1= 87.23%
INFO - 09/14/26 00:06:49 - 0:13:48 - Epoch 176: train_loss=0.2634722888469696, train_acc= 92.24%
INFO - 09/14/26 00:06:50 - 0:13:48 - Epoch 177: train_loss=0.26280689239501953, train_acc= 92.21%
INFO - 09/14/26 00:06:50 - 0:13:48 - Epoch 178: train_loss=0.26146551966667175, train_acc= 92.24%
INFO - 09/14/26 00:06:50 - 0:13:48 - Epoch 179: train_loss=0.259529173374176, train_acc= 92.15%
INFO - 09/14/26 00:06:50 - 0:13:48 - Epoch 180: train_loss=0.26354464888572693, train_acc= 92.04%
INFO - 09/14/26 00:06:50 - 0:13:48 - Epoch 180: val_loss=0.32616618275642395, val_acc= 89.31%,val_weighted_f1= 88.96,val_macro_f1= 86.99%
EarlyStopping counter: 1 out of 15
INFO - 09/14/26 00:06:51 - 0:13:49 - Epoch 181: train_loss=0.25626081228256226, train_acc= 91.83%
INFO - 09/14/26 00:06:51 - 0:13:49 - Epoch 182: train_loss=0.2563699781894684, train_acc= 92.21%
INFO - 09/14/26 00:06:51 - 0:13:49 - Epoch 183: train_loss=0.2570289075374603, train_acc= 92.22%
INFO - 09/14/26 00:06:51 - 0:13:49 - Epoch 184: train_loss=0.25258633494377136, train_acc= 92.29%
INFO - 09/14/26 00:06:51 - 0:13:50 - Epoch 185: train_loss=0.25408005714416504, train_acc= 92.40%
INFO - 09/14/26 00:06:52 - 0:13:50 - Epoch 185: val_loss=0.322397381067276, val_acc= 89.53%,val_weighted_f1= 89.25,val_macro_f1= 87.58%
INFO - 09/14/26 00:06:52 - 0:13:50 - Epoch 186: train_loss=0.2496042102575302, train_acc= 92.68%
INFO - 09/14/26 00:06:52 - 0:13:50 - Epoch 187: train_loss=0.25392377376556396, train_acc= 92.10%
INFO - 09/14/26 00:06:52 - 0:13:50 - Epoch 188: train_loss=0.24817202985286713, train_acc= 92.58%
INFO - 09/14/26 00:06:52 - 0:13:51 - Epoch 189: train_loss=0.24785666167736053, train_acc= 92.46%
INFO - 09/14/26 00:06:53 - 0:13:51 - Epoch 190: train_loss=0.24781805276870728, train_acc= 92.47%
INFO - 09/14/26 00:06:53 - 0:13:51 - Epoch 190: val_loss=0.3184652626514435, val_acc= 89.78%,val_weighted_f1= 89.57,val_macro_f1= 88.12%
INFO - 09/14/26 00:06:53 - 0:13:51 - Epoch 191: train_loss=0.24452325701713562, train_acc= 92.68%
INFO - 09/14/26 00:06:53 - 0:13:51 - Epoch 192: train_loss=0.24612322449684143, train_acc= 92.51%
INFO - 09/14/26 00:06:53 - 0:13:52 - Epoch 193: train_loss=0.2432539314031601, train_acc= 92.86%
INFO - 09/14/26 00:06:54 - 0:13:52 - Epoch 194: train_loss=0.24114716053009033, train_acc= 92.73%
INFO - 09/14/26 00:06:54 - 0:13:52 - Epoch 195: train_loss=0.24313659965991974, train_acc= 92.45%
INFO - 09/14/26 00:06:54 - 0:13:52 - Epoch 195: val_loss=0.3170348107814789, val_acc= 89.85%,val_weighted_f1= 89.63,val_macro_f1= 88.26%
INFO - 09/14/26 00:06:54 - 0:13:52 - Epoch 196: train_loss=0.24306364357471466, train_acc= 92.37%
INFO - 09/14/26 00:06:54 - 0:13:53 - Epoch 197: train_loss=0.240250363945961, train_acc= 92.58%
INFO - 09/14/26 00:06:55 - 0:13:53 - Epoch 198: train_loss=0.2392033338546753, train_acc= 92.92%
INFO - 09/14/26 00:06:55 - 0:13:53 - Epoch 199: train_loss=0.23951196670532227, train_acc= 92.91%
INFO - 09/14/26 00:06:55 - 0:13:53 - Epoch 200: train_loss=0.23720459640026093, train_acc= 93.18%
INFO - 09/14/26 00:06:55 - 0:13:53 - Epoch 200: val_loss=0.3212023377418518, val_acc= 89.38%,val_weighted_f1= 89.01,val_macro_f1= 87.09%
EarlyStopping counter: 1 out of 15
INFO - 09/14/26 00:06:55 - 0:13:54 - Epoch 201: train_loss=0.23560206592082977, train_acc= 92.72%
INFO - 09/14/26 00:06:56 - 0:13:54 - Epoch 202: train_loss=0.23414167761802673, train_acc= 92.94%
INFO - 09/14/26 00:06:56 - 0:13:54 - Epoch 203: train_loss=0.2357644885778427, train_acc= 92.89%
INFO - 09/14/26 00:06:56 - 0:13:54 - Epoch 204: train_loss=0.23137037456035614, train_acc= 93.08%
INFO - 09/14/26 00:06:56 - 0:13:54 - Epoch 205: train_loss=0.2335662692785263, train_acc= 92.96%
INFO - 09/14/26 00:06:56 - 0:13:54 - Epoch 205: val_loss=0.316562294960022, val_acc= 89.85%,val_weighted_f1= 89.65,val_macro_f1= 88.33%
INFO - 09/14/26 00:06:57 - 0:13:55 - Epoch 206: train_loss=0.23327849805355072, train_acc= 92.90%
INFO - 09/14/26 00:06:57 - 0:13:55 - Epoch 207: train_loss=0.23473790287971497, train_acc= 92.91%
INFO - 09/14/26 00:06:57 - 0:13:55 - Epoch 208: train_loss=0.22837993502616882, train_acc= 93.13%
INFO - 09/14/26 00:06:57 - 0:13:55 - Epoch 209: train_loss=0.23011358082294464, train_acc= 93.04%
INFO - 09/14/26 00:06:57 - 0:13:56 - Epoch 210: train_loss=0.2253725528717041, train_acc= 93.19%
INFO - 09/14/26 00:06:58 - 0:13:56 - Epoch 210: val_loss=0.3134821653366089, val_acc= 89.82%,val_weighted_f1= 89.59,val_macro_f1= 88.29%
EarlyStopping counter: 1 out of 15
INFO - 09/14/26 00:06:58 - 0:13:56 - Epoch 211: train_loss=0.22532784938812256, train_acc= 93.32%
INFO - 09/14/26 00:06:58 - 0:13:56 - Epoch 212: train_loss=0.22503286600112915, train_acc= 93.50%
INFO - 09/14/26 00:06:58 - 0:13:56 - Epoch 213: train_loss=0.2205439656972885, train_acc= 93.38%
INFO - 09/14/26 00:06:58 - 0:13:57 - Epoch 214: train_loss=0.22474808990955353, train_acc= 93.02%
INFO - 09/14/26 00:06:59 - 0:13:57 - Epoch 215: train_loss=0.22201070189476013, train_acc= 93.15%
INFO - 09/14/26 00:06:59 - 0:13:57 - Epoch 215: val_loss=0.310872882604599, val_acc= 89.96%,val_weighted_f1= 89.74,val_macro_f1= 88.30%
INFO - 09/14/26 00:06:59 - 0:13:57 - Epoch 216: train_loss=0.2212115079164505, train_acc= 93.30%
INFO - 09/14/26 00:06:59 - 0:13:57 - Epoch 217: train_loss=0.22114236652851105, train_acc= 93.17%
INFO - 09/14/26 00:06:59 - 0:13:58 - Epoch 218: train_loss=0.2220495492219925, train_acc= 93.49%
INFO - 09/14/26 00:07:00 - 0:13:58 - Epoch 219: train_loss=0.21931138634681702, train_acc= 93.08%
INFO - 09/14/26 00:07:00 - 0:13:58 - Epoch 220: train_loss=0.21965469419956207, train_acc= 93.53%
INFO - 09/14/26 00:07:00 - 0:13:58 - Epoch 220: val_loss=0.30858391523361206, val_acc= 90.00%,val_weighted_f1= 89.81,val_macro_f1= 88.59%
INFO - 09/14/26 00:07:00 - 0:13:58 - Epoch 221: train_loss=0.21849194169044495, train_acc= 93.65%
INFO - 09/14/26 00:07:00 - 0:13:58 - Epoch 222: train_loss=0.21700194478034973, train_acc= 93.35%
INFO - 09/14/26 00:07:01 - 0:13:59 - Epoch 223: train_loss=0.21811366081237793, train_acc= 93.48%
INFO - 09/14/26 00:07:01 - 0:13:59 - Epoch 224: train_loss=0.21290640532970428, train_acc= 93.53%
INFO - 09/14/26 00:07:01 - 0:13:59 - Epoch 225: train_loss=0.21567025780677795, train_acc= 93.60%
INFO - 09/14/26 00:07:01 - 0:13:59 - Epoch 225: val_loss=0.308524489402771, val_acc= 90.00%,val_weighted_f1= 89.79,val_macro_f1= 88.54%
INFO - 09/14/26 00:07:01 - 0:13:59 - Epoch 226: train_loss=0.21441124379634857, train_acc= 93.60%
INFO - 09/14/26 00:07:02 - 0:14:00 - Epoch 227: train_loss=0.21281057596206665, train_acc= 93.44%
INFO - 09/14/26 00:07:02 - 0:14:00 - Epoch 228: train_loss=0.20907236635684967, train_acc= 93.76%
INFO - 09/14/26 00:07:02 - 0:14:00 - Epoch 229: train_loss=0.21051405370235443, train_acc= 93.64%
INFO - 09/14/26 00:07:02 - 0:14:00 - Epoch 230: train_loss=0.21054218709468842, train_acc= 93.87%
INFO - 09/14/26 00:07:02 - 0:14:01 - Epoch 230: val_loss=0.3150646984577179, val_acc= 89.60%,val_weighted_f1= 89.30,val_macro_f1= 87.59%
EarlyStopping counter: 1 out of 15
INFO - 09/14/26 00:07:03 - 0:14:01 - Epoch 231: train_loss=0.20899176597595215, train_acc= 93.65%
INFO - 09/14/26 00:07:03 - 0:14:01 - Epoch 232: train_loss=0.20666998624801636, train_acc= 93.69%
INFO - 09/14/26 00:07:03 - 0:14:01 - Epoch 233: train_loss=0.208770290017128, train_acc= 93.78%
INFO - 09/14/26 00:07:03 - 0:14:01 - Epoch 234: train_loss=0.20713543891906738, train_acc= 93.81%
INFO - 09/14/26 00:07:04 - 0:14:02 - Epoch 235: train_loss=0.20982974767684937, train_acc= 93.77%
INFO - 09/14/26 00:07:04 - 0:14:02 - Epoch 235: val_loss=0.30596697330474854, val_acc= 90.22%,val_weighted_f1= 90.02,val_macro_f1= 88.79%
INFO - 09/14/26 00:07:04 - 0:14:02 - Epoch 236: train_loss=0.20487448573112488, train_acc= 93.89%
INFO - 09/14/26 00:07:04 - 0:14:02 - Epoch 237: train_loss=0.20771881937980652, train_acc= 93.88%
INFO - 09/14/26 00:07:04 - 0:14:02 - Epoch 238: train_loss=0.20152835547924042, train_acc= 94.00%
INFO - 09/14/26 00:07:05 - 0:14:03 - Epoch 239: train_loss=0.20224827527999878, train_acc= 94.01%
INFO - 09/14/26 00:07:05 - 0:14:03 - Epoch 240: train_loss=0.20332768559455872, train_acc= 94.04%
INFO - 09/14/26 00:07:05 - 0:14:03 - Epoch 240: val_loss=0.3072435259819031, val_acc= 90.25%,val_weighted_f1= 90.05,val_macro_f1= 88.80%
INFO - 09/14/26 00:07:05 - 0:14:03 - Epoch 241: train_loss=0.20202985405921936, train_acc= 93.83%
INFO - 09/14/26 00:07:05 - 0:14:03 - Epoch 242: train_loss=0.2012522667646408, train_acc= 93.98%
INFO - 09/14/26 00:07:05 - 0:14:04 - Epoch 243: train_loss=0.20420916378498077, train_acc= 93.75%
INFO - 09/14/26 00:07:06 - 0:14:04 - Epoch 244: train_loss=0.200362429022789, train_acc= 93.93%
INFO - 09/14/26 00:07:06 - 0:14:04 - Epoch 245: train_loss=0.20004317164421082, train_acc= 94.33%
INFO - 09/14/26 00:07:06 - 0:14:04 - Epoch 245: val_loss=0.30481913685798645, val_acc= 90.22%,val_weighted_f1= 90.04,val_macro_f1= 88.91%
EarlyStopping counter: 1 out of 15
INFO - 09/14/26 00:07:06 - 0:14:04 - Epoch 246: train_loss=0.2035505473613739, train_acc= 93.82%
INFO - 09/14/26 00:07:06 - 0:14:05 - Epoch 247: train_loss=0.20089399814605713, train_acc= 93.78%
INFO - 09/14/26 00:07:07 - 0:14:05 - Epoch 248: train_loss=0.19665874540805817, train_acc= 94.49%
INFO - 09/14/26 00:07:07 - 0:14:05 - Epoch 249: train_loss=0.19590169191360474, train_acc= 94.37%
INFO - 09/14/26 00:07:07 - 0:14:05 - Epoch 250: train_loss=0.19398517906665802, train_acc= 94.20%
INFO - 09/14/26 00:07:07 - 0:14:05 - Epoch 250: val_loss=0.30582863092422485, val_acc= 90.11%,val_weighted_f1= 89.95,val_macro_f1= 88.73%
EarlyStopping counter: 2 out of 15
INFO - 09/14/26 00:07:07 - 0:14:06 - Epoch 251: train_loss=0.19451525807380676, train_acc= 94.12%
INFO - 09/14/26 00:07:08 - 0:14:06 - Epoch 252: train_loss=0.19332851469516754, train_acc= 94.30%
INFO - 09/14/26 00:07:08 - 0:14:06 - Epoch 253: train_loss=0.19412022829055786, train_acc= 94.38%
INFO - 09/14/26 00:07:08 - 0:14:06 - Epoch 254: train_loss=0.19455544650554657, train_acc= 94.18%
INFO - 09/14/26 00:07:08 - 0:14:06 - Epoch 255: train_loss=0.19097651541233063, train_acc= 94.37%
INFO - 09/14/26 00:07:08 - 0:14:07 - Epoch 255: val_loss=0.30438026785850525, val_acc= 90.29%,val_weighted_f1= 90.12,val_macro_f1= 89.09%
INFO - 09/14/26 00:07:09 - 0:14:07 - Epoch 256: train_loss=0.19287468492984772, train_acc= 94.37%
INFO - 09/14/26 00:07:09 - 0:14:07 - Epoch 257: train_loss=0.19078850746154785, train_acc= 94.45%
INFO - 09/14/26 00:07:09 - 0:14:07 - Epoch 258: train_loss=0.19111692905426025, train_acc= 94.12%
INFO - 09/14/26 00:07:09 - 0:14:07 - Epoch 259: train_loss=0.1872415989637375, train_acc= 94.38%
INFO - 09/14/26 00:07:10 - 0:14:08 - Epoch 260: train_loss=0.18809963762760162, train_acc= 94.45%
INFO - 09/14/26 00:07:10 - 0:14:08 - Epoch 260: val_loss=0.305836945772171, val_acc= 90.15%,val_weighted_f1= 89.95,val_macro_f1= 88.60%
EarlyStopping counter: 1 out of 15
INFO - 09/14/26 00:07:10 - 0:14:08 - Epoch 261: train_loss=0.18940363824367523, train_acc= 94.68%
INFO - 09/14/26 00:07:10 - 0:14:08 - Epoch 262: train_loss=0.19191573560237885, train_acc= 94.18%
INFO - 09/14/26 00:07:10 - 0:14:08 - Epoch 263: train_loss=0.18641425669193268, train_acc= 94.41%
INFO - 09/14/26 00:07:10 - 0:14:09 - Epoch 264: train_loss=0.1832132339477539, train_acc= 94.52%
INFO - 09/14/26 00:07:11 - 0:14:09 - Epoch 265: train_loss=0.18652446568012238, train_acc= 94.20%
INFO - 09/14/26 00:07:11 - 0:14:09 - Epoch 265: val_loss=0.3033568859100342, val_acc= 90.33%,val_weighted_f1= 90.21,val_macro_f1= 89.22%
INFO - 09/14/26 00:07:11 - 0:14:09 - Epoch 266: train_loss=0.1839396059513092, train_acc= 94.46%
INFO - 09/14/26 00:07:11 - 0:14:09 - Epoch 267: train_loss=0.1842292696237564, train_acc= 94.52%
INFO - 09/14/26 00:07:11 - 0:14:10 - Epoch 268: train_loss=0.18591807782649994, train_acc= 94.37%
INFO - 09/14/26 00:07:12 - 0:14:10 - Epoch 269: train_loss=0.1834001988172531, train_acc= 94.44%
INFO - 09/14/26 00:07:12 - 0:14:10 - Epoch 270: train_loss=0.1829708218574524, train_acc= 94.79%
INFO - 09/14/26 00:07:12 - 0:14:10 - Epoch 270: val_loss=0.30980995297431946, val_acc= 90.11%,val_weighted_f1= 89.89,val_macro_f1= 88.69%
EarlyStopping counter: 1 out of 15
INFO - 09/14/26 00:07:12 - 0:14:10 - Epoch 271: train_loss=0.1804686188697815, train_acc= 94.67%
INFO - 09/14/26 00:07:12 - 0:14:11 - Epoch 272: train_loss=0.1817796528339386, train_acc= 94.72%
INFO - 09/14/26 00:07:13 - 0:14:11 - Epoch 273: train_loss=0.1812211275100708, train_acc= 94.66%
INFO - 09/14/26 00:07:13 - 0:14:11 - Epoch 274: train_loss=0.1798352301120758, train_acc= 94.56%
INFO - 09/14/26 00:07:13 - 0:14:11 - Epoch 275: train_loss=0.17974044382572174, train_acc= 94.57%
INFO - 09/14/26 00:07:13 - 0:14:11 - Epoch 275: val_loss=0.30577191710472107, val_acc= 90.33%,val_weighted_f1= 90.17,val_macro_f1= 89.27%
INFO - 09/14/26 00:07:13 - 0:14:12 - Epoch 276: train_loss=0.1801864355802536, train_acc= 94.47%
INFO - 09/14/26 00:07:14 - 0:14:12 - Epoch 277: train_loss=0.178324356675148, train_acc= 94.68%
INFO - 09/14/26 00:07:14 - 0:14:12 - Epoch 278: train_loss=0.18175218999385834, train_acc= 94.47%
INFO - 09/14/26 00:07:14 - 0:14:12 - Epoch 279: train_loss=0.1773289293050766, train_acc= 94.76%
INFO - 09/14/26 00:07:14 - 0:14:12 - Epoch 280: train_loss=0.17708157002925873, train_acc= 94.76%
INFO - 09/14/26 00:07:14 - 0:14:12 - Epoch 280: val_loss=0.30380722880363464, val_acc= 90.18%,val_weighted_f1= 90.08,val_macro_f1= 89.18%
EarlyStopping counter: 1 out of 15
INFO - 09/14/26 00:07:15 - 0:14:13 - Epoch 281: train_loss=0.17841556668281555, train_acc= 94.68%
INFO - 09/14/26 00:07:15 - 0:14:13 - Epoch 282: train_loss=0.1767617017030716, train_acc= 94.79%
INFO - 09/14/26 00:07:15 - 0:14:13 - Epoch 283: train_loss=0.17561329901218414, train_acc= 94.92%
INFO - 09/14/26 00:07:15 - 0:14:13 - Epoch 284: train_loss=0.17515932023525238, train_acc= 94.90%
INFO - 09/14/26 00:07:15 - 0:14:14 - Epoch 285: train_loss=0.176456481218338, train_acc= 94.79%
INFO - 09/14/26 00:07:16 - 0:14:14 - Epoch 285: val_loss=0.311496764421463, val_acc= 90.07%,val_weighted_f1= 89.89,val_macro_f1= 88.80%
EarlyStopping counter: 2 out of 15
INFO - 09/14/26 00:07:16 - 0:14:14 - Epoch 286: train_loss=0.17295119166374207, train_acc= 94.81%
INFO - 09/14/26 00:07:16 - 0:14:14 - Epoch 287: train_loss=0.17344366014003754, train_acc= 94.96%
INFO - 09/14/26 00:07:16 - 0:14:14 - Epoch 288: train_loss=0.1663382649421692, train_acc= 95.10%
INFO - 09/14/26 00:07:16 - 0:14:15 - Epoch 289: train_loss=0.17272023856639862, train_acc= 94.87%
INFO - 09/14/26 00:07:17 - 0:14:15 - Epoch 290: train_loss=0.1719054877758026, train_acc= 95.06%
INFO - 09/14/26 00:07:17 - 0:14:15 - Epoch 290: val_loss=0.3075302839279175, val_acc= 90.22%,val_weighted_f1= 90.08,val_macro_f1= 89.18%
EarlyStopping counter: 3 out of 15
INFO - 09/14/26 00:07:17 - 0:14:15 - Epoch 291: train_loss=0.16723594069480896, train_acc= 95.02%
INFO - 09/14/26 00:07:17 - 0:14:15 - Epoch 292: train_loss=0.16943395137786865, train_acc= 95.07%
INFO - 09/14/26 00:07:17 - 0:14:16 - Epoch 293: train_loss=0.17182369530200958, train_acc= 94.91%
INFO - 09/14/26 00:07:18 - 0:14:16 - Epoch 294: train_loss=0.16789452731609344, train_acc= 95.00%
INFO - 09/14/26 00:07:18 - 0:14:16 - Epoch 295: train_loss=0.16990803182125092, train_acc= 94.91%
INFO - 09/14/26 00:07:18 - 0:14:16 - Epoch 295: val_loss=0.30647310614585876, val_acc= 90.04%,val_weighted_f1= 89.93,val_macro_f1= 89.07%
EarlyStopping counter: 4 out of 15
INFO - 09/14/26 00:07:18 - 0:14:16 - Epoch 296: train_loss=0.16328804194927216, train_acc= 95.40%
INFO - 09/14/26 00:07:18 - 0:14:17 - Epoch 297: train_loss=0.16750839352607727, train_acc= 95.08%
INFO - 09/14/26 00:07:19 - 0:14:17 - Epoch 298: train_loss=0.16777914762496948, train_acc= 95.18%
INFO - 09/14/26 00:07:19 - 0:14:17 - Epoch 299: train_loss=0.16560494899749756, train_acc= 94.84%
INFO - 09/14/26 00:07:19 - 0:14:17 - Epoch 300: train_loss=0.16616439819335938, train_acc= 95.07%
INFO - 09/14/26 00:07:19 - 0:14:17 - Epoch 300: val_loss=0.3068583905696869, val_acc= 90.22%,val_weighted_f1= 90.12,val_macro_f1= 89.37%
EarlyStopping counter: 5 out of 15
INFO - 09/14/26 00:07:19 - 0:14:18 - Epoch 301: train_loss=0.16442807018756866, train_acc= 95.16%
INFO - 09/14/26 00:07:20 - 0:14:18 - Epoch 302: train_loss=0.16488130390644073, train_acc= 95.23%
INFO - 09/14/26 00:07:20 - 0:14:18 - Epoch 303: train_loss=0.1618291586637497, train_acc= 95.19%
INFO - 09/14/26 00:07:20 - 0:14:18 - Epoch 304: train_loss=0.165327787399292, train_acc= 94.93%
INFO - 09/14/26 00:07:20 - 0:14:18 - Epoch 305: train_loss=0.1624319851398468, train_acc= 95.15%
INFO - 09/14/26 00:07:20 - 0:14:18 - Epoch 305: val_loss=0.30972832441329956, val_acc= 90.40%,val_weighted_f1= 90.28,val_macro_f1= 89.52%
INFO - 09/14/26 00:07:21 - 0:14:19 - Epoch 306: train_loss=0.15877938270568848, train_acc= 95.49%
INFO - 09/14/26 00:07:21 - 0:14:19 - Epoch 307: train_loss=0.16113680601119995, train_acc= 95.27%
INFO - 09/14/26 00:07:21 - 0:14:19 - Epoch 308: train_loss=0.16074587404727936, train_acc= 95.31%
INFO - 09/14/26 00:07:21 - 0:14:19 - Epoch 309: train_loss=0.15900447964668274, train_acc= 95.44%
INFO - 09/14/26 00:07:21 - 0:14:20 - Epoch 310: train_loss=0.1589868813753128, train_acc= 95.48%
INFO - 09/14/26 00:07:22 - 0:14:20 - Epoch 310: val_loss=0.3105340898036957, val_acc= 90.22%,val_weighted_f1= 90.11,val_macro_f1= 89.20%
EarlyStopping counter: 1 out of 15
INFO - 09/14/26 00:07:22 - 0:14:20 - Epoch 311: train_loss=0.1591421216726303, train_acc= 95.33%
INFO - 09/14/26 00:07:22 - 0:14:20 - Epoch 312: train_loss=0.1540510654449463, train_acc= 95.43%
INFO - 09/14/26 00:07:22 - 0:14:20 - Epoch 313: train_loss=0.16184967756271362, train_acc= 95.20%
INFO - 09/14/26 00:07:22 - 0:14:21 - Epoch 314: train_loss=0.15434502065181732, train_acc= 95.42%
INFO - 09/14/26 00:07:23 - 0:14:21 - Epoch 315: train_loss=0.15636608004570007, train_acc= 95.31%
INFO - 09/14/26 00:07:23 - 0:14:21 - Epoch 315: val_loss=0.3122270405292511, val_acc= 90.18%,val_weighted_f1= 90.08,val_macro_f1= 89.21%
EarlyStopping counter: 2 out of 15
INFO - 09/14/26 00:07:23 - 0:14:21 - Epoch 316: train_loss=0.15769343078136444, train_acc= 95.50%
INFO - 09/14/26 00:07:23 - 0:14:21 - Epoch 317: train_loss=0.1548570841550827, train_acc= 95.46%
INFO - 09/14/26 00:07:23 - 0:14:22 - Epoch 318: train_loss=0.15471044182777405, train_acc= 95.42%
INFO - 09/14/26 00:07:24 - 0:14:22 - Epoch 319: train_loss=0.15316998958587646, train_acc= 95.61%
INFO - 09/14/26 00:07:24 - 0:14:22 - Epoch 320: train_loss=0.15266641974449158, train_acc= 95.52%
INFO - 09/14/26 00:07:24 - 0:14:22 - Epoch 320: val_loss=0.3100559413433075, val_acc= 90.33%,val_weighted_f1= 90.26,val_macro_f1= 89.79%
EarlyStopping counter: 3 out of 15
INFO - 09/14/26 00:07:24 - 0:14:22 - Epoch 321: train_loss=0.15510323643684387, train_acc= 95.47%
INFO - 09/14/26 00:07:24 - 0:14:22 - Epoch 322: train_loss=0.15600788593292236, train_acc= 95.31%
INFO - 09/14/26 00:07:25 - 0:14:23 - Epoch 323: train_loss=0.15443244576454163, train_acc= 95.43%
INFO - 09/14/26 00:07:25 - 0:14:23 - Epoch 324: train_loss=0.1515512466430664, train_acc= 95.58%
INFO - 09/14/26 00:07:25 - 0:14:23 - Epoch 325: train_loss=0.15309345722198486, train_acc= 95.38%
INFO - 09/14/26 00:07:25 - 0:14:23 - Epoch 325: val_loss=0.3173978924751282, val_acc= 90.07%,val_weighted_f1= 89.96,val_macro_f1= 89.37%
EarlyStopping counter: 4 out of 15
INFO - 09/14/26 00:07:25 - 0:14:23 - Epoch 326: train_loss=0.15179668366909027, train_acc= 95.59%
INFO - 09/14/26 00:07:26 - 0:14:24 - Epoch 327: train_loss=0.14792485535144806, train_acc= 95.77%
INFO - 09/14/26 00:07:26 - 0:14:24 - Epoch 328: train_loss=0.14903651177883148, train_acc= 95.63%
INFO - 09/14/26 00:07:26 - 0:14:24 - Epoch 329: train_loss=0.15025649964809418, train_acc= 95.66%
INFO - 09/14/26 00:07:26 - 0:14:24 - Epoch 330: train_loss=0.1493586003780365, train_acc= 95.66%
INFO - 09/14/26 00:07:26 - 0:14:24 - Epoch 330: val_loss=0.3143584728240967, val_acc= 90.15%,val_weighted_f1= 90.05,val_macro_f1= 89.37%
EarlyStopping counter: 5 out of 15
INFO - 09/14/26 00:07:27 - 0:14:25 - Epoch 331: train_loss=0.14972354471683502, train_acc= 95.67%
INFO - 09/14/26 00:07:27 - 0:14:25 - Epoch 332: train_loss=0.14901135861873627, train_acc= 95.64%
INFO - 09/14/26 00:07:27 - 0:14:25 - Epoch 333: train_loss=0.14744697511196136, train_acc= 95.63%
INFO - 09/14/26 00:07:27 - 0:14:25 - Epoch 334: train_loss=0.14651863276958466, train_acc= 95.58%
INFO - 09/14/26 00:07:27 - 0:14:26 - Epoch 335: train_loss=0.14431236684322357, train_acc= 95.84%
INFO - 09/14/26 00:07:28 - 0:14:26 - Epoch 335: val_loss=0.32144924998283386, val_acc= 89.93%,val_weighted_f1= 89.81,val_macro_f1= 89.07%
EarlyStopping counter: 6 out of 15
INFO - 09/14/26 00:07:28 - 0:14:26 - Epoch 336: train_loss=0.1462792307138443, train_acc= 95.70%
INFO - 09/14/26 00:07:28 - 0:14:26 - Epoch 337: train_loss=0.1455010324716568, train_acc= 95.88%
INFO - 09/14/26 00:07:28 - 0:14:26 - Epoch 338: train_loss=0.14647218585014343, train_acc= 95.64%
INFO - 09/14/26 00:07:28 - 0:14:27 - Epoch 339: train_loss=0.1492311954498291, train_acc= 95.43%
INFO - 09/14/26 00:07:29 - 0:14:27 - Epoch 340: train_loss=0.1432228982448578, train_acc= 95.72%
INFO - 09/14/26 00:07:29 - 0:14:27 - Epoch 340: val_loss=0.31918492913246155, val_acc= 90.04%,val_weighted_f1= 89.93,val_macro_f1= 89.22%
EarlyStopping counter: 7 out of 15
INFO - 09/14/26 00:07:29 - 0:14:27 - Epoch 341: train_loss=0.14358070492744446, train_acc= 95.77%
INFO - 09/14/26 00:07:29 - 0:14:27 - Epoch 342: train_loss=0.14228245615959167, train_acc= 95.87%
INFO - 09/14/26 00:07:29 - 0:14:28 - Epoch 343: train_loss=0.1429044008255005, train_acc= 96.03%
INFO - 09/14/26 00:07:30 - 0:14:28 - Epoch 344: train_loss=0.14368219673633575, train_acc= 95.84%
INFO - 09/14/26 00:07:30 - 0:14:28 - Epoch 345: train_loss=0.14110952615737915, train_acc= 95.94%
INFO - 09/14/26 00:07:30 - 0:14:28 - Epoch 345: val_loss=0.32008615136146545, val_acc= 90.04%,val_weighted_f1= 89.92,val_macro_f1= 89.13%
EarlyStopping counter: 8 out of 15
INFO - 09/14/26 00:07:30 - 0:14:28 - Epoch 346: train_loss=0.14033734798431396, train_acc= 95.72%
INFO - 09/14/26 00:07:30 - 0:14:28 - Epoch 347: train_loss=0.1416645348072052, train_acc= 95.90%
INFO - 09/14/26 00:07:31 - 0:14:29 - Epoch 348: train_loss=0.13929621875286102, train_acc= 95.93%
INFO - 09/14/26 00:07:31 - 0:14:29 - Epoch 349: train_loss=0.13862892985343933, train_acc= 95.96%
INFO - 09/14/26 00:07:31 - 0:14:29 - Epoch 350: train_loss=0.1386633664369583, train_acc= 95.78%
INFO - 09/14/26 00:07:31 - 0:14:29 - Epoch 350: val_loss=0.3272572159767151, val_acc= 89.93%,val_weighted_f1= 89.79,val_macro_f1= 89.07%
EarlyStopping counter: 9 out of 15
INFO - 09/14/26 00:07:31 - 0:14:29 - Epoch 351: train_loss=0.13744419813156128, train_acc= 96.03%
INFO - 09/14/26 00:07:32 - 0:14:30 - Epoch 352: train_loss=0.14091894030570984, train_acc= 95.92%
INFO - 09/14/26 00:07:32 - 0:14:30 - Epoch 353: train_loss=0.1376361846923828, train_acc= 96.16%
INFO - 09/14/26 00:07:32 - 0:14:30 - Epoch 354: train_loss=0.13815757632255554, train_acc= 96.03%
INFO - 09/14/26 00:07:32 - 0:14:30 - Epoch 355: train_loss=0.13642758131027222, train_acc= 96.28%
INFO - 09/14/26 00:07:32 - 0:14:30 - Epoch 355: val_loss=0.31590256094932556, val_acc= 90.47%,val_weighted_f1= 90.41,val_macro_f1= 89.99%
INFO - 09/14/26 00:07:33 - 0:14:31 - Epoch 356: train_loss=0.13720056414604187, train_acc= 95.86%
INFO - 09/14/26 00:07:33 - 0:14:31 - Epoch 357: train_loss=0.13443107903003693, train_acc= 96.04%
INFO - 09/14/26 00:07:33 - 0:14:31 - Epoch 358: train_loss=0.13668951392173767, train_acc= 96.01%
INFO - 09/14/26 00:07:33 - 0:14:31 - Epoch 359: train_loss=0.13406354188919067, train_acc= 96.26%
INFO - 09/14/26 00:07:33 - 0:14:32 - Epoch 360: train_loss=0.13465043902397156, train_acc= 96.09%
INFO - 09/14/26 00:07:34 - 0:14:32 - Epoch 360: val_loss=0.33275166153907776, val_acc= 89.78%,val_weighted_f1= 89.66,val_macro_f1= 88.94%
EarlyStopping counter: 1 out of 15
INFO - 09/14/26 00:07:34 - 0:14:32 - Epoch 361: train_loss=0.13617944717407227, train_acc= 96.23%
INFO - 09/14/26 00:07:34 - 0:14:32 - Epoch 362: train_loss=0.13392464816570282, train_acc= 96.16%
INFO - 09/14/26 00:07:34 - 0:14:32 - Epoch 363: train_loss=0.13678483664989471, train_acc= 95.98%
INFO - 09/14/26 00:07:34 - 0:14:33 - Epoch 364: train_loss=0.13123886287212372, train_acc= 96.23%
INFO - 09/14/26 00:07:35 - 0:14:33 - Epoch 365: train_loss=0.13198861479759216, train_acc= 96.10%
INFO - 09/14/26 00:07:35 - 0:14:33 - Epoch 365: val_loss=0.3227837383747101, val_acc= 90.11%,val_weighted_f1= 90.03,val_macro_f1= 89.38%
EarlyStopping counter: 2 out of 15
INFO - 09/14/26 00:07:35 - 0:14:33 - Epoch 366: train_loss=0.1313573718070984, train_acc= 96.34%
INFO - 09/14/26 00:07:35 - 0:14:33 - Epoch 367: train_loss=0.13282406330108643, train_acc= 96.06%
INFO - 09/14/26 00:07:35 - 0:14:34 - Epoch 368: train_loss=0.13131405413150787, train_acc= 96.12%
INFO - 09/14/26 00:07:36 - 0:14:34 - Epoch 369: train_loss=0.12948808073997498, train_acc= 96.18%
INFO - 09/14/26 00:07:36 - 0:14:34 - Epoch 370: train_loss=0.12989062070846558, train_acc= 96.18%
INFO - 09/14/26 00:07:36 - 0:14:34 - Epoch 370: val_loss=0.32383596897125244, val_acc= 90.22%,val_weighted_f1= 90.13,val_macro_f1= 89.46%
EarlyStopping counter: 3 out of 15
INFO - 09/14/26 00:07:36 - 0:14:34 - Epoch 371: train_loss=0.13465416431427002, train_acc= 96.03%
INFO - 09/14/26 00:07:36 - 0:14:35 - Epoch 372: train_loss=0.1274680197238922, train_acc= 96.44%
INFO - 09/14/26 00:07:37 - 0:14:35 - Epoch 373: train_loss=0.13026820123195648, train_acc= 96.27%
INFO - 09/14/26 00:07:37 - 0:14:35 - Epoch 374: train_loss=0.13057588040828705, train_acc= 96.27%
INFO - 09/14/26 00:07:37 - 0:14:35 - Epoch 375: train_loss=0.12577299773693085, train_acc= 96.51%
INFO - 09/14/26 00:07:37 - 0:14:35 - Epoch 375: val_loss=0.3396480083465576, val_acc= 89.67%,val_weighted_f1= 89.46,val_macro_f1= 88.45%
EarlyStopping counter: 4 out of 15
INFO - 09/14/26 00:07:37 - 0:14:36 - Epoch 376: train_loss=0.12907660007476807, train_acc= 96.26%
INFO - 09/14/26 00:07:38 - 0:14:36 - Epoch 377: train_loss=0.13198839128017426, train_acc= 96.18%
INFO - 09/14/26 00:07:38 - 0:14:36 - Epoch 378: train_loss=0.12943488359451294, train_acc= 96.18%
INFO - 09/14/26 00:07:38 - 0:14:36 - Epoch 379: train_loss=0.12835296988487244, train_acc= 96.29%
INFO - 09/14/26 00:07:38 - 0:14:36 - Epoch 380: train_loss=0.12840892374515533, train_acc= 96.40%
INFO - 09/14/26 00:07:38 - 0:14:37 - Epoch 380: val_loss=0.3355770409107208, val_acc= 89.78%,val_weighted_f1= 89.64,val_macro_f1= 88.83%
EarlyStopping counter: 5 out of 15
INFO - 09/14/26 00:07:39 - 0:14:37 - Epoch 381: train_loss=0.12364266067743301, train_acc= 96.41%
INFO - 09/14/26 00:07:39 - 0:14:37 - Epoch 382: train_loss=0.12831389904022217, train_acc= 96.30%
INFO - 09/14/26 00:07:39 - 0:14:37 - Epoch 383: train_loss=0.12422787398099899, train_acc= 96.36%
INFO - 09/14/26 00:07:39 - 0:14:37 - Epoch 384: train_loss=0.12339591234922409, train_acc= 96.49%
INFO - 09/14/26 00:07:39 - 0:14:38 - Epoch 385: train_loss=0.12374354898929596, train_acc= 96.45%
INFO - 09/14/26 00:07:40 - 0:14:38 - Epoch 385: val_loss=0.32852795720100403, val_acc= 90.22%,val_weighted_f1= 90.15,val_macro_f1= 89.70%
EarlyStopping counter: 6 out of 15
INFO - 09/14/26 00:07:40 - 0:14:38 - Epoch 386: train_loss=0.1258479803800583, train_acc= 96.30%
INFO - 09/14/26 00:07:40 - 0:14:38 - Epoch 387: train_loss=0.12509062886238098, train_acc= 96.50%
INFO - 09/14/26 00:07:40 - 0:14:38 - Epoch 388: train_loss=0.12524950504302979, train_acc= 96.34%
INFO - 09/14/26 00:07:40 - 0:14:39 - Epoch 389: train_loss=0.12109945714473724, train_acc= 96.40%
INFO - 09/14/26 00:07:41 - 0:14:39 - Epoch 390: train_loss=0.12356913834810257, train_acc= 96.53%
INFO - 09/14/26 00:07:41 - 0:14:39 - Epoch 390: val_loss=0.3330213129520416, val_acc= 89.78%,val_weighted_f1= 89.67,val_macro_f1= 88.99%
EarlyStopping counter: 7 out of 15
INFO - 09/14/26 00:07:41 - 0:14:39 - Epoch 391: train_loss=0.12024056911468506, train_acc= 96.57%
INFO - 09/14/26 00:07:41 - 0:14:39 - Epoch 392: train_loss=0.12194810807704926, train_acc= 96.53%
INFO - 09/14/26 00:07:41 - 0:14:40 - Epoch 393: train_loss=0.11849237978458405, train_acc= 96.67%
INFO - 09/14/26 00:07:42 - 0:14:40 - Epoch 394: train_loss=0.12060758471488953, train_acc= 96.58%
INFO - 09/14/26 00:07:42 - 0:14:40 - Epoch 395: train_loss=0.11969088762998581, train_acc= 96.53%
INFO - 09/14/26 00:07:42 - 0:14:40 - Epoch 395: val_loss=0.3450428247451782, val_acc= 89.78%,val_weighted_f1= 89.63,val_macro_f1= 88.90%
EarlyStopping counter: 8 out of 15
INFO - 09/14/26 00:07:42 - 0:14:40 - Epoch 396: train_loss=0.118181973695755, train_acc= 96.63%
INFO - 09/14/26 00:07:42 - 0:14:41 - Epoch 397: train_loss=0.12090997397899628, train_acc= 96.56%
INFO - 09/14/26 00:07:43 - 0:14:41 - Epoch 398: train_loss=0.11749550700187683, train_acc= 96.72%
INFO - 09/14/26 00:07:43 - 0:14:41 - Epoch 399: train_loss=0.11914721131324768, train_acc= 96.44%
INFO - 09/14/26 00:07:43 - 0:14:41 - Epoch 400: train_loss=0.11912474781274796, train_acc= 96.57%
INFO - 09/14/26 00:07:43 - 0:14:41 - Epoch 400: val_loss=0.34707507491111755, val_acc= 89.42%,val_weighted_f1= 89.26,val_macro_f1= 88.53%
EarlyStopping counter: 9 out of 15
INFO - 09/14/26 00:07:43 - 0:14:42 - Epoch 401: train_loss=0.11844547837972641, train_acc= 96.58%
INFO - 09/14/26 00:07:44 - 0:14:42 - Epoch 402: train_loss=0.11723349243402481, train_acc= 96.67%
INFO - 09/14/26 00:07:44 - 0:14:42 - Epoch 403: train_loss=0.11490009725093842, train_acc= 96.63%
INFO - 09/14/26 00:07:44 - 0:14:42 - Epoch 404: train_loss=0.11579517275094986, train_acc= 96.58%
INFO - 09/14/26 00:07:44 - 0:14:42 - Epoch 405: train_loss=0.11580817401409149, train_acc= 96.81%
INFO - 09/14/26 00:07:44 - 0:14:42 - Epoch 405: val_loss=0.33722615242004395, val_acc= 90.00%,val_weighted_f1= 89.96,val_macro_f1= 89.68%
EarlyStopping counter: 10 out of 15
INFO - 09/14/26 00:07:45 - 0:14:43 - Epoch 406: train_loss=0.11820553243160248, train_acc= 96.75%
INFO - 09/14/26 00:07:45 - 0:14:43 - Epoch 407: train_loss=0.11528044939041138, train_acc= 96.90%
INFO - 09/14/26 00:07:45 - 0:14:43 - Epoch 408: train_loss=0.11631719768047333, train_acc= 96.74%
INFO - 09/14/26 00:07:45 - 0:14:43 - Epoch 409: train_loss=0.11362211406230927, train_acc= 96.75%
INFO - 09/14/26 00:07:45 - 0:14:44 - Epoch 410: train_loss=0.11634689569473267, train_acc= 96.66%
INFO - 09/14/26 00:07:46 - 0:14:44 - Epoch 410: val_loss=0.3384668529033661, val_acc= 89.96%,val_weighted_f1= 89.90,val_macro_f1= 89.55%
EarlyStopping counter: 11 out of 15
INFO - 09/14/26 00:07:46 - 0:14:44 - Epoch 411: train_loss=0.1127723902463913, train_acc= 96.79%
INFO - 09/14/26 00:07:46 - 0:14:44 - Epoch 412: train_loss=0.11296630650758743, train_acc= 96.85%
INFO - 09/14/26 00:07:46 - 0:14:44 - Epoch 413: train_loss=0.11197111755609512, train_acc= 96.79%
INFO - 09/14/26 00:07:46 - 0:14:45 - Epoch 414: train_loss=0.11024180799722672, train_acc= 96.97%
INFO - 09/14/26 00:07:47 - 0:14:45 - Epoch 415: train_loss=0.11403165757656097, train_acc= 96.80%
INFO - 09/14/26 00:07:47 - 0:14:45 - Epoch 415: val_loss=0.34664231538772583, val_acc= 89.71%,val_weighted_f1= 89.60,val_macro_f1= 89.24%
EarlyStopping counter: 12 out of 15
INFO - 09/14/26 00:07:47 - 0:14:45 - Epoch 416: train_loss=0.11176057904958725, train_acc= 96.97%
INFO - 09/14/26 00:07:47 - 0:14:45 - Epoch 417: train_loss=0.10884474962949753, train_acc= 96.91%
INFO - 09/14/26 00:07:47 - 0:14:46 - Epoch 418: train_loss=0.11141299456357956, train_acc= 96.89%
INFO - 09/14/26 00:07:48 - 0:14:46 - Epoch 419: train_loss=0.1125246211886406, train_acc= 96.91%
INFO - 09/14/26 00:07:48 - 0:14:46 - Epoch 420: train_loss=0.10938718914985657, train_acc= 96.99%
INFO - 09/14/26 00:07:48 - 0:14:46 - Epoch 420: val_loss=0.34847724437713623, val_acc= 89.78%,val_weighted_f1= 89.68,val_macro_f1= 89.31%
EarlyStopping counter: 13 out of 15
INFO - 09/14/26 00:07:48 - 0:14:46 - Epoch 421: train_loss=0.11004161089658737, train_acc= 96.84%
INFO - 09/14/26 00:07:48 - 0:14:47 - Epoch 422: train_loss=0.10863558202981949, train_acc= 96.90%
INFO - 09/14/26 00:07:49 - 0:14:47 - Epoch 423: train_loss=0.1101979911327362, train_acc= 96.93%
INFO - 09/14/26 00:07:49 - 0:14:47 - Epoch 424: train_loss=0.10892149060964584, train_acc= 97.12%
INFO - 09/14/26 00:07:49 - 0:14:47 - Epoch 425: train_loss=0.10853724926710129, train_acc= 96.83%
INFO - 09/14/26 00:07:49 - 0:14:47 - Epoch 425: val_loss=0.3535534143447876, val_acc= 89.82%,val_weighted_f1= 89.72,val_macro_f1= 89.22%
EarlyStopping counter: 14 out of 15
INFO - 09/14/26 00:07:49 - 0:14:47 - Epoch 426: train_loss=0.1073203906416893, train_acc= 96.92%
INFO - 09/14/26 00:07:50 - 0:14:48 - Epoch 427: train_loss=0.10854033380746841, train_acc= 96.90%
INFO - 09/14/26 00:07:50 - 0:14:48 - Epoch 428: train_loss=0.10669945180416107, train_acc= 96.96%
INFO - 09/14/26 00:07:50 - 0:14:48 - Epoch 429: train_loss=0.10711082071065903, train_acc= 97.10%
INFO - 09/14/26 00:07:50 - 0:14:48 - Epoch 430: train_loss=0.10483057051897049, train_acc= 97.09%
INFO - 09/14/26 00:07:50 - 0:14:48 - Epoch 430: val_loss=0.3486647307872772, val_acc= 89.89%,val_weighted_f1= 89.81,val_macro_f1= 89.35%
EarlyStopping counter: 15 out of 15
---------Early stopping--------
INFO - 09/14/26 00:07:50 - 0:14:48 - --------------Testing--------------------
INFO - 09/14/26 00:07:50 - 0:14:48 - --------------Loading from ./checkpoints/NC_computers_model.pt--------------------
INFO - 09/14/26 00:07:50 - 0:14:49 - test_acc= 91.16%, weighted_f1= 91.09,macro_f1= 89.45%
INFO - 09/14/26 00:07:50 - 0:14:49 - test_acc= 91.16%, weighted_f1= 91.09,macro_f1= 89.45%
INFO - 09/14/26 00:07:51 - 0:14:49 - Epoch 0: train_loss=2.258683681488037, train_acc= 13.56%
INFO - 09/14/26 00:07:51 - 0:14:49 - Epoch 0: val_loss=2.1080729961395264, val_acc= 22.76%,val_weighted_f1= 18.70,val_macro_f1= 6.75%
INFO - 09/14/26 00:07:51 - 0:14:49 - Epoch 1: train_loss=2.1528210639953613, train_acc= 20.69%
INFO - 09/14/26 00:07:51 - 0:14:49 - Epoch 2: train_loss=2.0717642307281494, train_acc= 27.69%
INFO - 09/14/26 00:07:52 - 0:14:50 - Epoch 3: train_loss=2.0154104232788086, train_acc= 31.53%
INFO - 09/14/26 00:07:52 - 0:14:50 - Epoch 4: train_loss=1.9731128215789795, train_acc= 34.25%
INFO - 09/14/26 00:07:52 - 0:14:50 - Epoch 5: train_loss=1.9356236457824707, train_acc= 36.48%
INFO - 09/14/26 00:07:52 - 0:14:50 - Epoch 5: val_loss=1.9166145324707031, val_acc= 36.87%,val_weighted_f1= 21.35,val_macro_f1= 6.05%
INFO - 09/14/26 00:07:52 - 0:14:50 - Epoch 6: train_loss=1.911872148513794, train_acc= 36.71%
INFO - 09/14/26 00:07:53 - 0:14:51 - Epoch 7: train_loss=1.8785854578018188, train_acc= 37.65%
INFO - 09/14/26 00:07:53 - 0:14:51 - Epoch 8: train_loss=1.8531965017318726, train_acc= 38.10%
INFO - 09/14/26 00:07:53 - 0:14:51 - Epoch 9: train_loss=1.826676368713379, train_acc= 38.74%
INFO - 09/14/26 00:07:53 - 0:14:51 - Epoch 10: train_loss=1.805406093597412, train_acc= 39.82%
INFO - 09/14/26 00:07:53 - 0:14:51 - Epoch 10: val_loss=1.774394154548645, val_acc= 38.87%,val_weighted_f1= 24.36,val_macro_f1= 7.73%
INFO - 09/14/26 00:07:54 - 0:14:52 - Epoch 11: train_loss=1.7822836637496948, train_acc= 40.48%
INFO - 09/14/26 00:07:54 - 0:14:52 - Epoch 12: train_loss=1.7632302045822144, train_acc= 41.55%
INFO - 09/14/26 00:07:54 - 0:14:52 - Epoch 13: train_loss=1.7439929246902466, train_acc= 42.18%
INFO - 09/14/26 00:07:54 - 0:14:52 - Epoch 14: train_loss=1.7243613004684448, train_acc= 43.61%
INFO - 09/14/26 00:07:54 - 0:14:52 - Epoch 15: train_loss=1.7081807851791382, train_acc= 43.72%
INFO - 09/14/26 00:07:54 - 0:14:53 - Epoch 15: val_loss=1.667800784111023, val_acc= 44.98%,val_weighted_f1= 33.98,val_macro_f1= 14.16%
INFO - 09/14/26 00:07:55 - 0:14:53 - Epoch 16: train_loss=1.6866438388824463, train_acc= 44.55%
INFO - 09/14/26 00:07:55 - 0:14:53 - Epoch 17: train_loss=1.6689767837524414, train_acc= 45.26%
INFO - 09/14/26 00:07:55 - 0:14:53 - Epoch 18: train_loss=1.6489225625991821, train_acc= 45.35%
INFO - 09/14/26 00:07:55 - 0:14:53 - Epoch 19: train_loss=1.633949637413025, train_acc= 45.83%
INFO - 09/14/26 00:07:56 - 0:14:54 - Epoch 20: train_loss=1.6058754920959473, train_acc= 46.26%
INFO - 09/14/26 00:07:56 - 0:14:54 - Epoch 20: val_loss=1.571507453918457, val_acc= 45.49%,val_weighted_f1= 34.67,val_macro_f1= 14.61%
INFO - 09/14/26 00:07:56 - 0:14:54 - Epoch 21: train_loss=1.5944819450378418, train_acc= 46.26%
INFO - 09/14/26 00:07:56 - 0:14:54 - Epoch 22: train_loss=1.5744436979293823, train_acc= 46.61%
INFO - 09/14/26 00:07:56 - 0:14:54 - Epoch 23: train_loss=1.553409457206726, train_acc= 47.52%
INFO - 09/14/26 00:07:57 - 0:14:55 - Epoch 24: train_loss=1.528540849685669, train_acc= 48.73%
INFO - 09/14/26 00:07:57 - 0:14:55 - Epoch 25: train_loss=1.512650489807129, train_acc= 49.36%
INFO - 09/14/26 00:07:57 - 0:14:55 - Epoch 25: val_loss=1.4555206298828125, val_acc= 50.00%,val_weighted_f1= 40.40,val_macro_f1= 18.37%
INFO - 09/14/26 00:07:57 - 0:14:55 - Epoch 26: train_loss=1.4897241592407227, train_acc= 50.24%
INFO - 09/14/26 00:07:57 - 0:14:55 - Epoch 27: train_loss=1.4709346294403076, train_acc= 51.22%
INFO - 09/14/26 00:07:58 - 0:14:56 - Epoch 28: train_loss=1.4498236179351807, train_acc= 52.18%
INFO - 09/14/26 00:07:58 - 0:14:56 - Epoch 29: train_loss=1.4272464513778687, train_acc= 53.74%
INFO - 09/14/26 00:07:58 - 0:14:56 - Epoch 30: train_loss=1.4108948707580566, train_acc= 54.10%
INFO - 09/14/26 00:07:58 - 0:14:56 - Epoch 30: val_loss=1.3326247930526733, val_acc= 54.76%,val_weighted_f1= 46.49,val_macro_f1= 22.37%
INFO - 09/14/26 00:07:58 - 0:14:56 - Epoch 31: train_loss=1.3841928243637085, train_acc= 55.60%
INFO - 09/14/26 00:07:58 - 0:14:57 - Epoch 32: train_loss=1.3668785095214844, train_acc= 55.84%
INFO - 09/14/26 00:07:59 - 0:14:57 - Epoch 33: train_loss=1.3391932249069214, train_acc= 56.24%
INFO - 09/14/26 00:07:59 - 0:14:57 - Epoch 34: train_loss=1.3176054954528809, train_acc= 57.09%
INFO - 09/14/26 00:07:59 - 0:14:57 - Epoch 35: train_loss=1.2930208444595337, train_acc= 58.13%
INFO - 09/14/26 00:07:59 - 0:14:57 - Epoch 35: val_loss=1.2116845846176147, val_acc= 58.29%,val_weighted_f1= 50.76,val_macro_f1= 25.64%
INFO - 09/14/26 00:07:59 - 0:14:58 - Epoch 36: train_loss=1.2712962627410889, train_acc= 59.34%
INFO - 09/14/26 00:08:00 - 0:14:58 - Epoch 37: train_loss=1.2525919675827026, train_acc= 59.60%
INFO - 09/14/26 00:08:00 - 0:14:58 - Epoch 38: train_loss=1.226544737815857, train_acc= 60.68%
INFO - 09/14/26 00:08:00 - 0:14:58 - Epoch 39: train_loss=1.1997356414794922, train_acc= 61.44%
INFO - 09/14/26 00:08:00 - 0:14:58 - Epoch 40: train_loss=1.1772516965866089, train_acc= 62.94%
INFO - 09/14/26 00:08:00 - 0:14:59 - Epoch 40: val_loss=1.0886545181274414, val_acc= 63.24%,val_weighted_f1= 56.53,val_macro_f1= 29.89%
INFO - 09/14/26 00:08:01 - 0:14:59 - Epoch 41: train_loss=1.1575106382369995, train_acc= 63.57%
INFO - 09/14/26 00:08:01 - 0:14:59 - Epoch 42: train_loss=1.1313401460647583, train_acc= 64.63%
INFO - 09/14/26 00:08:01 - 0:14:59 - Epoch 43: train_loss=1.1115151643753052, train_acc= 65.06%
INFO - 09/14/26 00:08:01 - 0:14:59 - Epoch 44: train_loss=1.0885601043701172, train_acc= 66.01%
INFO - 09/14/26 00:08:02 - 0:15:00 - Epoch 45: train_loss=1.068617582321167, train_acc= 66.66%
INFO - 09/14/26 00:08:02 - 0:15:00 - Epoch 45: val_loss=0.9802737832069397, val_acc= 66.44%,val_weighted_f1= 60.42,val_macro_f1= 33.83%
INFO - 09/14/26 00:08:02 - 0:15:00 - Epoch 46: train_loss=1.044919729232788, train_acc= 67.27%
INFO - 09/14/26 00:08:02 - 0:15:00 - Epoch 47: train_loss=1.02505624294281, train_acc= 67.84%
INFO - 09/14/26 00:08:02 - 0:15:00 - Epoch 48: train_loss=1.0054720640182495, train_acc= 68.41%
INFO - 09/14/26 00:08:03 - 0:15:01 - Epoch 49: train_loss=0.9842990636825562, train_acc= 68.99%
INFO - 09/14/26 00:08:03 - 0:15:01 - Epoch 50: train_loss=0.9628212451934814, train_acc= 69.86%
INFO - 09/14/26 00:08:03 - 0:15:01 - Epoch 50: val_loss=0.8837109208106995, val_acc= 70.25%,val_weighted_f1= 65.08,val_macro_f1= 39.09%
INFO - 09/14/26 00:08:03 - 0:15:01 - Epoch 51: train_loss=0.9455788731575012, train_acc= 70.44%
INFO - 09/14/26 00:08:03 - 0:15:01 - Epoch 52: train_loss=0.9254122972488403, train_acc= 70.58%
INFO - 09/14/26 00:08:04 - 0:15:02 - Epoch 53: train_loss=0.9013781547546387, train_acc= 71.32%
INFO - 09/14/26 00:08:04 - 0:15:02 - Epoch 54: train_loss=0.8910726308822632, train_acc= 71.80%
INFO - 09/14/26 00:08:04 - 0:15:02 - Epoch 55: train_loss=0.8754337430000305, train_acc= 71.83%
INFO - 09/14/26 00:08:04 - 0:15:02 - Epoch 55: val_loss=0.7988353967666626, val_acc= 73.35%,val_weighted_f1= 69.22,val_macro_f1= 47.26%
INFO - 09/14/26 00:08:04 - 0:15:02 - Epoch 56: train_loss=0.8560783863067627, train_acc= 72.76%
INFO - 09/14/26 00:08:04 - 0:15:03 - Epoch 57: train_loss=0.8374049067497253, train_acc= 74.09%
INFO - 09/14/26 00:08:05 - 0:15:03 - Epoch 58: train_loss=0.8237572312355042, train_acc= 74.30%
INFO - 09/14/26 00:08:05 - 0:15:03 - Epoch 59: train_loss=0.8066033720970154, train_acc= 75.28%
INFO - 09/14/26 00:08:05 - 0:15:03 - Epoch 60: train_loss=0.7932160496711731, train_acc= 75.19%
INFO - 09/14/26 00:08:05 - 0:15:03 - Epoch 60: val_loss=0.7238340973854065, val_acc= 76.62%,val_weighted_f1= 73.32,val_macro_f1= 54.86%
INFO - 09/14/26 00:08:05 - 0:15:04 - Epoch 61: train_loss=0.7756946682929993, train_acc= 76.10%
INFO - 09/14/26 00:08:06 - 0:15:04 - Epoch 62: train_loss=0.7641242742538452, train_acc= 76.73%
INFO - 09/14/26 00:08:06 - 0:15:04 - Epoch 63: train_loss=0.7520453333854675, train_acc= 76.89%
INFO - 09/14/26 00:08:06 - 0:15:04 - Epoch 64: train_loss=0.7347421646118164, train_acc= 77.68%
INFO - 09/14/26 00:08:06 - 0:15:04 - Epoch 65: train_loss=0.7205789685249329, train_acc= 77.98%
INFO - 09/14/26 00:08:06 - 0:15:05 - Epoch 65: val_loss=0.6582633852958679, val_acc= 78.55%,val_weighted_f1= 75.80,val_macro_f1= 60.39%
INFO - 09/14/26 00:08:07 - 0:15:05 - Epoch 66: train_loss=0.7066209316253662, train_acc= 78.93%
INFO - 09/14/26 00:08:07 - 0:15:05 - Epoch 67: train_loss=0.6954607367515564, train_acc= 78.97%
INFO - 09/14/26 00:08:07 - 0:15:05 - Epoch 68: train_loss=0.6842653751373291, train_acc= 79.40%
INFO - 09/14/26 00:08:07 - 0:15:05 - Epoch 69: train_loss=0.6726194620132446, train_acc= 79.34%
INFO - 09/14/26 00:08:08 - 0:15:06 - Epoch 70: train_loss=0.662240207195282, train_acc= 80.05%
INFO - 09/14/26 00:08:08 - 0:15:06 - Epoch 70: val_loss=0.6044563055038452, val_acc= 79.78%,val_weighted_f1= 77.50,val_macro_f1= 64.41%
INFO - 09/14/26 00:08:08 - 0:15:06 - Epoch 71: train_loss=0.6482468843460083, train_acc= 80.11%
INFO - 09/14/26 00:08:08 - 0:15:06 - Epoch 72: train_loss=0.6337976455688477, train_acc= 80.90%
INFO - 09/14/26 00:08:08 - 0:15:06 - Epoch 73: train_loss=0.6240599155426025, train_acc= 81.53%
INFO - 09/14/26 00:08:09 - 0:15:07 - Epoch 74: train_loss=0.6140419840812683, train_acc= 81.81%
INFO - 09/14/26 00:08:09 - 0:15:07 - Epoch 75: train_loss=0.6057806015014648, train_acc= 81.98%
INFO - 09/14/26 00:08:09 - 0:15:07 - Epoch 75: val_loss=0.5575507879257202, val_acc= 81.67%,val_weighted_f1= 79.76,val_macro_f1= 68.57%
INFO - 09/14/26 00:08:09 - 0:15:07 - Epoch 76: train_loss=0.5942344665527344, train_acc= 82.17%
INFO - 09/14/26 00:08:09 - 0:15:07 - Epoch 77: train_loss=0.5814228057861328, train_acc= 82.85%
INFO - 09/14/26 00:08:09 - 0:15:08 - Epoch 78: train_loss=0.5755825042724609, train_acc= 82.71%
INFO - 09/14/26 00:08:10 - 0:15:08 - Epoch 79: train_loss=0.566927433013916, train_acc= 83.22%
INFO - 09/14/26 00:08:10 - 0:15:08 - Epoch 80: train_loss=0.5569486618041992, train_acc= 83.82%
INFO - 09/14/26 00:08:10 - 0:15:08 - Epoch 80: val_loss=0.5199507474899292, val_acc= 82.69%,val_weighted_f1= 81.13,val_macro_f1= 71.43%
INFO - 09/14/26 00:08:10 - 0:15:08 - Epoch 81: train_loss=0.549292266368866, train_acc= 83.68%
INFO - 09/14/26 00:08:10 - 0:15:09 - Epoch 82: train_loss=0.5400570034980774, train_acc= 83.65%
INFO - 09/14/26 00:08:11 - 0:15:09 - Epoch 83: train_loss=0.5343644022941589, train_acc= 84.00%
INFO - 09/14/26 00:08:11 - 0:15:09 - Epoch 84: train_loss=0.52330482006073, train_acc= 84.76%
INFO - 09/14/26 00:08:11 - 0:15:09 - Epoch 85: train_loss=0.5142982602119446, train_acc= 84.91%
INFO - 09/14/26 00:08:11 - 0:15:09 - Epoch 85: val_loss=0.48814111948013306, val_acc= 84.07%,val_weighted_f1= 82.80,val_macro_f1= 74.77%
INFO - 09/14/26 00:08:11 - 0:15:10 - Epoch 86: train_loss=0.5059041380882263, train_acc= 85.56%
INFO - 09/14/26 00:08:12 - 0:15:10 - Epoch 87: train_loss=0.5042585730552673, train_acc= 85.08%
INFO - 09/14/26 00:08:12 - 0:15:10 - Epoch 88: train_loss=0.4944086968898773, train_acc= 85.58%
INFO - 09/14/26 00:08:12 - 0:15:10 - Epoch 89: train_loss=0.48488301038742065, train_acc= 85.43%
INFO - 09/14/26 00:08:12 - 0:15:10 - Epoch 90: train_loss=0.48004207015037537, train_acc= 86.37%
INFO - 09/14/26 00:08:12 - 0:15:11 - Epoch 90: val_loss=0.4629305899143219, val_acc= 84.91%,val_weighted_f1= 83.78,val_macro_f1= 76.70%
INFO - 09/14/26 00:08:13 - 0:15:11 - Epoch 91: train_loss=0.47389471530914307, train_acc= 86.03%
INFO - 09/14/26 00:08:13 - 0:15:11 - Epoch 92: train_loss=0.4654550850391388, train_acc= 86.10%
INFO - 09/14/26 00:08:13 - 0:15:11 - Epoch 93: train_loss=0.4644538462162018, train_acc= 86.31%
INFO - 09/14/26 00:08:13 - 0:15:11 - Epoch 94: train_loss=0.4599304795265198, train_acc= 86.31%
INFO - 09/14/26 00:08:13 - 0:15:12 - Epoch 95: train_loss=0.45362430810928345, train_acc= 86.50%
INFO - 09/14/26 00:08:14 - 0:15:12 - Epoch 95: val_loss=0.4426746368408203, val_acc= 85.89%,val_weighted_f1= 85.08,val_macro_f1= 79.61%
INFO - 09/14/26 00:08:14 - 0:15:12 - Epoch 96: train_loss=0.4464908242225647, train_acc= 86.95%
INFO - 09/14/26 00:08:14 - 0:15:12 - Epoch 97: train_loss=0.44315657019615173, train_acc= 86.89%
INFO - 09/14/26 00:08:14 - 0:15:12 - Epoch 98: train_loss=0.43523964285850525, train_acc= 86.92%
INFO - 09/14/26 00:08:14 - 0:15:13 - Epoch 99: train_loss=0.431586354970932, train_acc= 87.20%
INFO - 09/14/26 00:08:15 - 0:15:13 - Epoch 100: train_loss=0.42860764265060425, train_acc= 87.17%
INFO - 09/14/26 00:08:15 - 0:15:13 - Epoch 100: val_loss=0.4255363941192627, val_acc= 86.47%,val_weighted_f1= 85.73,val_macro_f1= 80.96%
INFO - 09/14/26 00:08:15 - 0:15:13 - Epoch 101: train_loss=0.41936546564102173, train_acc= 87.59%
INFO - 09/14/26 00:08:15 - 0:15:13 - Epoch 102: train_loss=0.4171200096607208, train_acc= 87.55%
INFO - 09/14/26 00:08:15 - 0:15:14 - Epoch 103: train_loss=0.41013050079345703, train_acc= 87.82%
INFO - 09/14/26 00:08:16 - 0:15:14 - Epoch 104: train_loss=0.40758606791496277, train_acc= 88.22%
INFO - 09/14/26 00:08:16 - 0:15:14 - Epoch 105: train_loss=0.4008423089981079, train_acc= 88.25%
INFO - 09/14/26 00:08:16 - 0:15:14 - Epoch 105: val_loss=0.4115409255027771, val_acc= 87.02%,val_weighted_f1= 86.45,val_macro_f1= 82.16%
INFO - 09/14/26 00:08:16 - 0:15:14 - Epoch 106: train_loss=0.39761513471603394, train_acc= 88.14%
INFO - 09/14/26 00:08:16 - 0:15:15 - Epoch 107: train_loss=0.39102721214294434, train_acc= 88.56%
INFO - 09/14/26 00:08:17 - 0:15:15 - Epoch 108: train_loss=0.3930630683898926, train_acc= 88.55%
INFO - 09/14/26 00:08:17 - 0:15:15 - Epoch 109: train_loss=0.38669246435165405, train_acc= 88.72%
INFO - 09/14/26 00:08:17 - 0:15:15 - Epoch 110: train_loss=0.3858572840690613, train_acc= 88.48%
INFO - 09/14/26 00:08:17 - 0:15:15 - Epoch 110: val_loss=0.4014953076839447, val_acc= 87.42%,val_weighted_f1= 86.87,val_macro_f1= 82.81%
INFO - 09/14/26 00:08:17 - 0:15:16 - Epoch 111: train_loss=0.38117316365242004, train_acc= 88.72%
INFO - 09/14/26 00:08:18 - 0:15:16 - Epoch 112: train_loss=0.37604567408561707, train_acc= 88.79%
INFO - 09/14/26 00:08:18 - 0:15:16 - Epoch 113: train_loss=0.3740790784358978, train_acc= 88.84%
INFO - 09/14/26 00:08:18 - 0:15:16 - Epoch 114: train_loss=0.3714032471179962, train_acc= 89.00%
INFO - 09/14/26 00:08:18 - 0:15:16 - Epoch 115: train_loss=0.36756831407546997, train_acc= 89.14%
INFO - 09/14/26 00:08:18 - 0:15:17 - Epoch 115: val_loss=0.3913290202617645, val_acc= 87.71%,val_weighted_f1= 87.16,val_macro_f1= 83.11%
INFO - 09/14/26 00:08:19 - 0:15:17 - Epoch 116: train_loss=0.3653467893600464, train_acc= 89.14%
INFO - 09/14/26 00:08:19 - 0:15:17 - Epoch 117: train_loss=0.35969460010528564, train_acc= 89.21%
INFO - 09/14/26 00:08:19 - 0:15:17 - Epoch 118: train_loss=0.36083489656448364, train_acc= 89.47%
INFO - 09/14/26 00:08:19 - 0:15:17 - Epoch 119: train_loss=0.35162022709846497, train_acc= 89.41%
INFO - 09/14/26 00:08:20 - 0:15:18 - Epoch 120: train_loss=0.34979572892189026, train_acc= 89.77%
INFO - 09/14/26 00:08:20 - 0:15:18 - Epoch 120: val_loss=0.3835860788822174, val_acc= 87.89%,val_weighted_f1= 87.35,val_macro_f1= 83.41%
INFO - 09/14/26 00:08:20 - 0:15:18 - Epoch 121: train_loss=0.35234835743904114, train_acc= 89.44%
INFO - 09/14/26 00:08:20 - 0:15:18 - Epoch 122: train_loss=0.3438963294029236, train_acc= 89.76%
INFO - 09/14/26 00:08:20 - 0:15:18 - Epoch 123: train_loss=0.3439613878726959, train_acc= 89.82%
INFO - 09/14/26 00:08:21 - 0:15:19 - Epoch 124: train_loss=0.3412366807460785, train_acc= 89.98%
INFO - 09/14/26 00:08:21 - 0:15:19 - Epoch 125: train_loss=0.33982592821121216, train_acc= 89.89%
INFO - 09/14/26 00:08:21 - 0:15:19 - Epoch 125: val_loss=0.3795723617076874, val_acc= 88.04%,val_weighted_f1= 87.48,val_macro_f1= 83.46%
INFO - 09/14/26 00:08:21 - 0:15:19 - Epoch 126: train_loss=0.33527877926826477, train_acc= 89.75%
INFO - 09/14/26 00:08:21 - 0:15:19 - Epoch 127: train_loss=0.332966148853302, train_acc= 90.04%
INFO - 09/14/26 00:08:22 - 0:15:20 - Epoch 128: train_loss=0.3302752673625946, train_acc= 90.17%
INFO - 09/14/26 00:08:22 - 0:15:20 - Epoch 129: train_loss=0.3250178396701813, train_acc= 90.39%
INFO - 09/14/26 00:08:22 - 0:15:20 - Epoch 130: train_loss=0.3236244320869446, train_acc= 90.43%
INFO - 09/14/26 00:08:22 - 0:15:20 - Epoch 130: val_loss=0.37052538990974426, val_acc= 88.40%,val_weighted_f1= 87.89,val_macro_f1= 84.19%
INFO - 09/14/26 00:08:22 - 0:15:20 - Epoch 131: train_loss=0.32537737488746643, train_acc= 89.94%
INFO - 09/14/26 00:08:22 - 0:15:21 - Epoch 132: train_loss=0.3200324475765228, train_acc= 89.93%
INFO - 09/14/26 00:08:23 - 0:15:21 - Epoch 133: train_loss=0.31672403216362, train_acc= 90.34%
INFO - 09/14/26 00:08:23 - 0:15:21 - Epoch 134: train_loss=0.31392568349838257, train_acc= 90.72%
INFO - 09/14/26 00:08:23 - 0:15:21 - Epoch 135: train_loss=0.3150293827056885, train_acc= 90.52%
INFO - 09/14/26 00:08:23 - 0:15:21 - Epoch 135: val_loss=0.364734023809433, val_acc= 88.29%,val_weighted_f1= 87.81,val_macro_f1= 84.17%
EarlyStopping counter: 1 out of 15
INFO - 09/14/26 00:08:23 - 0:15:22 - Epoch 136: train_loss=0.31330761313438416, train_acc= 90.61%
INFO - 09/14/26 00:08:24 - 0:15:22 - Epoch 137: train_loss=0.31155717372894287, train_acc= 90.03%
INFO - 09/14/26 00:08:24 - 0:15:22 - Epoch 138: train_loss=0.3093923032283783, train_acc= 90.75%
INFO - 09/14/26 00:08:24 - 0:15:22 - Epoch 139: train_loss=0.3064832389354706, train_acc= 90.48%
INFO - 09/14/26 00:08:24 - 0:15:22 - Epoch 140: train_loss=0.30742546916007996, train_acc= 90.62%
INFO - 09/14/26 00:08:24 - 0:15:23 - Epoch 140: val_loss=0.3596532642841339, val_acc= 88.84%,val_weighted_f1= 88.38,val_macro_f1= 85.06%
INFO - 09/14/26 00:08:25 - 0:15:23 - Epoch 141: train_loss=0.30166640877723694, train_acc= 90.86%
INFO - 09/14/26 00:08:25 - 0:15:23 - Epoch 142: train_loss=0.3056604266166687, train_acc= 90.54%
INFO - 09/14/26 00:08:25 - 0:15:23 - Epoch 143: train_loss=0.3028685450553894, train_acc= 90.63%
INFO - 09/14/26 00:08:25 - 0:15:23 - Epoch 144: train_loss=0.29674631357192993, train_acc= 90.92%
INFO - 09/14/26 00:08:26 - 0:15:24 - Epoch 145: train_loss=0.29427847266197205, train_acc= 90.97%
INFO - 09/14/26 00:08:26 - 0:15:24 - Epoch 145: val_loss=0.35230553150177, val_acc= 88.98%,val_weighted_f1= 88.62,val_macro_f1= 85.56%
INFO - 09/14/26 00:08:26 - 0:15:24 - Epoch 146: train_loss=0.2920567989349365, train_acc= 91.17%
INFO - 09/14/26 00:08:26 - 0:15:24 - Epoch 147: train_loss=0.2891780436038971, train_acc= 91.42%
INFO - 09/14/26 00:08:26 - 0:15:25 - Epoch 148: train_loss=0.29052940011024475, train_acc= 90.96%
INFO - 09/14/26 00:08:27 - 0:15:25 - Epoch 149: train_loss=0.28852397203445435, train_acc= 91.13%
INFO - 09/14/26 00:08:27 - 0:15:25 - Epoch 150: train_loss=0.2869812250137329, train_acc= 91.14%
INFO - 09/14/26 00:08:27 - 0:15:25 - Epoch 150: val_loss=0.3490262031555176, val_acc= 88.98%,val_weighted_f1= 88.58,val_macro_f1= 85.52%
INFO - 09/14/26 00:08:27 - 0:15:25 - Epoch 151: train_loss=0.2880968451499939, train_acc= 91.20%
INFO - 09/14/26 00:08:27 - 0:15:25 - Epoch 152: train_loss=0.28649669885635376, train_acc= 91.02%
INFO - 09/14/26 00:08:28 - 0:15:26 - Epoch 153: train_loss=0.2862832546234131, train_acc= 91.55%
INFO - 09/14/26 00:08:28 - 0:15:26 - Epoch 154: train_loss=0.2828710675239563, train_acc= 91.42%
INFO - 09/14/26 00:08:28 - 0:15:26 - Epoch 155: train_loss=0.2798091471195221, train_acc= 91.53%
INFO - 09/14/26 00:08:28 - 0:15:26 - Epoch 155: val_loss=0.34676069021224976, val_acc= 88.98%,val_weighted_f1= 88.55,val_macro_f1= 85.32%
INFO - 09/14/26 00:08:28 - 0:15:26 - Epoch 156: train_loss=0.2758122384548187, train_acc= 91.60%
INFO - 09/14/26 00:08:29 - 0:15:27 - Epoch 157: train_loss=0.27402830123901367, train_acc= 91.67%
INFO - 09/14/26 00:08:29 - 0:15:27 - Epoch 158: train_loss=0.27766889333724976, train_acc= 91.36%
INFO - 09/14/26 00:08:29 - 0:15:27 - Epoch 159: train_loss=0.27578625082969666, train_acc= 91.71%
INFO - 09/14/26 00:08:29 - 0:15:27 - Epoch 160: train_loss=0.2688121497631073, train_acc= 91.92%
INFO - 09/14/26 00:08:29 - 0:15:27 - Epoch 160: val_loss=0.3455529510974884, val_acc= 89.09%,val_weighted_f1= 88.63,val_macro_f1= 85.45%
INFO - 09/14/26 00:08:30 - 0:15:28 - Epoch 161: train_loss=0.27101558446884155, train_acc= 91.57%
INFO - 09/14/26 00:08:30 - 0:15:28 - Epoch 162: train_loss=0.2717962861061096, train_acc= 91.59%
INFO - 09/14/26 00:08:30 - 0:15:28 - Epoch 163: train_loss=0.26898351311683655, train_acc= 91.89%
INFO - 09/14/26 00:08:30 - 0:15:28 - Epoch 164: train_loss=0.26586195826530457, train_acc= 91.76%
INFO - 09/14/26 00:08:31 - 0:15:29 - Epoch 165: train_loss=0.2629774212837219, train_acc= 91.72%
INFO - 09/14/26 00:08:31 - 0:15:29 - Epoch 165: val_loss=0.3386854827404022, val_acc= 89.49%,val_weighted_f1= 89.15,val_macro_f1= 86.50%
INFO - 09/14/26 00:08:31 - 0:15:29 - Epoch 166: train_loss=0.263653963804245, train_acc= 92.00%
INFO - 09/14/26 00:08:31 - 0:15:29 - Epoch 167: train_loss=0.26325523853302, train_acc= 91.80%
INFO - 09/14/26 00:08:31 - 0:15:29 - Epoch 168: train_loss=0.2632322907447815, train_acc= 91.90%
INFO - 09/14/26 00:08:32 - 0:15:30 - Epoch 169: train_loss=0.259647011756897, train_acc= 91.99%
INFO - 09/14/26 00:08:32 - 0:15:30 - Epoch 170: train_loss=0.26097381114959717, train_acc= 92.01%
INFO - 09/14/26 00:08:32 - 0:15:30 - Epoch 170: val_loss=0.3335907757282257, val_acc= 89.71%,val_weighted_f1= 89.41,val_macro_f1= 86.80%
INFO - 09/14/26 00:08:32 - 0:15:30 - Epoch 171: train_loss=0.2561703324317932, train_acc= 92.22%
INFO - 09/14/26 00:08:32 - 0:15:30 - Epoch 172: train_loss=0.25740596652030945, train_acc= 92.04%
INFO - 09/14/26 00:08:32 - 0:15:31 - Epoch 173: train_loss=0.25551944971084595, train_acc= 91.92%
INFO - 09/14/26 00:08:33 - 0:15:31 - Epoch 174: train_loss=0.2525458037853241, train_acc= 92.29%
INFO - 09/14/26 00:08:33 - 0:15:31 - Epoch 175: train_loss=0.2566699683666229, train_acc= 92.04%
INFO - 09/14/26 00:08:33 - 0:15:31 - Epoch 175: val_loss=0.3347686529159546, val_acc= 89.53%,val_weighted_f1= 89.16,val_macro_f1= 86.39%
EarlyStopping counter: 1 out of 15
INFO - 09/14/26 00:08:33 - 0:15:31 - Epoch 176: train_loss=0.25212088227272034, train_acc= 92.27%
INFO - 09/14/26 00:08:33 - 0:15:32 - Epoch 177: train_loss=0.25079771876335144, train_acc= 92.33%
INFO - 09/14/26 00:08:34 - 0:15:32 - Epoch 178: train_loss=0.251090943813324, train_acc= 91.98%
INFO - 09/14/26 00:08:34 - 0:15:32 - Epoch 179: train_loss=0.24888181686401367, train_acc= 92.18%
INFO - 09/14/26 00:08:34 - 0:15:32 - Epoch 180: train_loss=0.245534747838974, train_acc= 92.39%
INFO - 09/14/26 00:08:34 - 0:15:32 - Epoch 180: val_loss=0.33125412464141846, val_acc= 89.67%,val_weighted_f1= 89.34,val_macro_f1= 86.63%
EarlyStopping counter: 2 out of 15
INFO - 09/14/26 00:08:34 - 0:15:33 - Epoch 181: train_loss=0.24352841079235077, train_acc= 92.20%
INFO - 09/14/26 00:08:35 - 0:15:33 - Epoch 182: train_loss=0.24564228951931, train_acc= 92.28%
INFO - 09/14/26 00:08:35 - 0:15:33 - Epoch 183: train_loss=0.24211783707141876, train_acc= 92.64%
INFO - 09/14/26 00:08:35 - 0:15:33 - Epoch 184: train_loss=0.24144048988819122, train_acc= 92.40%
INFO - 09/14/26 00:08:35 - 0:15:33 - Epoch 185: train_loss=0.24135199189186096, train_acc= 92.37%
INFO - 09/14/26 00:08:35 - 0:15:34 - Epoch 185: val_loss=0.3250035345554352, val_acc= 89.89%,val_weighted_f1= 89.62,val_macro_f1= 87.03%
INFO - 09/14/26 00:08:36 - 0:15:34 - Epoch 186: train_loss=0.24086600542068481, train_acc= 92.64%
INFO - 09/14/26 00:08:36 - 0:15:34 - Epoch 187: train_loss=0.23677320778369904, train_acc= 92.89%
INFO - 09/14/26 00:08:36 - 0:15:34 - Epoch 188: train_loss=0.23940904438495636, train_acc= 92.38%
INFO - 09/14/26 00:08:36 - 0:15:34 - Epoch 189: train_loss=0.2364889234304428, train_acc= 92.67%
INFO - 09/14/26 00:08:37 - 0:15:35 - Epoch 190: train_loss=0.23609809577465057, train_acc= 92.66%
INFO - 09/14/26 00:08:37 - 0:15:35 - Epoch 190: val_loss=0.3237960636615753, val_acc= 90.11%,val_weighted_f1= 89.84,val_macro_f1= 87.49%
INFO - 09/14/26 00:08:37 - 0:15:35 - Epoch 191: train_loss=0.23371078073978424, train_acc= 92.77%
INFO - 09/14/26 00:08:37 - 0:15:35 - Epoch 192: train_loss=0.23772244155406952, train_acc= 92.61%
INFO - 09/14/26 00:08:37 - 0:15:35 - Epoch 193: train_loss=0.23410804569721222, train_acc= 92.57%
INFO - 09/14/26 00:08:38 - 0:15:36 - Epoch 194: train_loss=0.22982318699359894, train_acc= 93.04%
INFO - 09/14/26 00:08:38 - 0:15:36 - Epoch 195: train_loss=0.22837860882282257, train_acc= 92.87%
INFO - 09/14/26 00:08:38 - 0:15:36 - Epoch 195: val_loss=0.32732143998146057, val_acc= 89.67%,val_weighted_f1= 89.29,val_macro_f1= 86.38%
EarlyStopping counter: 1 out of 15
INFO - 09/14/26 00:08:38 - 0:15:36 - Epoch 196: train_loss=0.2285541445016861, train_acc= 93.07%
INFO - 09/14/26 00:08:38 - 0:15:36 - Epoch 197: train_loss=0.2255648374557495, train_acc= 93.12%
INFO - 09/14/26 00:08:38 - 0:15:37 - Epoch 198: train_loss=0.2250765711069107, train_acc= 93.32%
INFO - 09/14/26 00:08:39 - 0:15:37 - Epoch 199: train_loss=0.22664621472358704, train_acc= 93.04%
INFO - 09/14/26 00:08:39 - 0:15:37 - Epoch 200: train_loss=0.22719064354896545, train_acc= 92.91%
INFO - 09/14/26 00:08:39 - 0:15:37 - Epoch 200: val_loss=0.32128241658210754, val_acc= 89.89%,val_weighted_f1= 89.60,val_macro_f1= 86.94%
EarlyStopping counter: 2 out of 15
INFO - 09/14/26 00:08:39 - 0:15:37 - Epoch 201: train_loss=0.22222819924354553, train_acc= 93.32%
INFO - 09/14/26 00:08:39 - 0:15:38 - Epoch 202: train_loss=0.22218860685825348, train_acc= 93.26%
INFO - 09/14/26 00:08:40 - 0:15:38 - Epoch 203: train_loss=0.22018425166606903, train_acc= 93.24%
INFO - 09/14/26 00:08:40 - 0:15:38 - Epoch 204: train_loss=0.2218569964170456, train_acc= 93.07%
INFO - 09/14/26 00:08:40 - 0:15:38 - Epoch 205: train_loss=0.2182137668132782, train_acc= 93.08%
INFO - 09/14/26 00:08:40 - 0:15:38 - Epoch 205: val_loss=0.32079631090164185, val_acc= 90.00%,val_weighted_f1= 89.72,val_macro_f1= 87.19%
EarlyStopping counter: 3 out of 15
INFO - 09/14/26 00:08:40 - 0:15:39 - Epoch 206: train_loss=0.2192910611629486, train_acc= 93.35%
INFO - 09/14/26 00:08:41 - 0:15:39 - Epoch 207: train_loss=0.21811528503894806, train_acc= 93.19%
INFO - 09/14/26 00:08:41 - 0:15:39 - Epoch 208: train_loss=0.2176663726568222, train_acc= 93.21%
INFO - 09/14/26 00:08:41 - 0:15:39 - Epoch 209: train_loss=0.21518488228321075, train_acc= 93.60%
INFO - 09/14/26 00:08:41 - 0:15:39 - Epoch 210: train_loss=0.21515949070453644, train_acc= 93.48%
INFO - 09/14/26 00:08:41 - 0:15:40 - Epoch 210: val_loss=0.3201587498188019, val_acc= 90.15%,val_weighted_f1= 89.92,val_macro_f1= 87.66%
INFO - 09/14/26 00:08:42 - 0:15:40 - Epoch 211: train_loss=0.2152348905801773, train_acc= 93.43%
INFO - 09/14/26 00:08:42 - 0:15:40 - Epoch 212: train_loss=0.21253296732902527, train_acc= 93.33%
INFO - 09/14/26 00:08:42 - 0:15:40 - Epoch 213: train_loss=0.21199649572372437, train_acc= 93.44%
INFO - 09/14/26 00:08:42 - 0:15:40 - Epoch 214: train_loss=0.21588681638240814, train_acc= 93.24%
INFO - 09/14/26 00:08:42 - 0:15:41 - Epoch 215: train_loss=0.2108592689037323, train_acc= 93.49%
INFO - 09/14/26 00:08:43 - 0:15:41 - Epoch 215: val_loss=0.32456663250923157, val_acc= 89.78%,val_weighted_f1= 89.36,val_macro_f1= 86.33%
EarlyStopping counter: 1 out of 15
INFO - 09/14/26 00:08:43 - 0:15:41 - Epoch 216: train_loss=0.21043439209461212, train_acc= 93.44%
INFO - 09/14/26 00:08:43 - 0:15:41 - Epoch 217: train_loss=0.20777948200702667, train_acc= 93.61%
INFO - 09/14/26 00:08:43 - 0:15:41 - Epoch 218: train_loss=0.21073320508003235, train_acc= 93.46%
INFO - 09/14/26 00:08:43 - 0:15:42 - Epoch 219: train_loss=0.20922648906707764, train_acc= 93.78%
INFO - 09/14/26 00:08:44 - 0:15:42 - Epoch 220: train_loss=0.2038634717464447, train_acc= 93.65%
INFO - 09/14/26 00:08:44 - 0:15:42 - Epoch 220: val_loss=0.31443461775779724, val_acc= 90.29%,val_weighted_f1= 90.13,val_macro_f1= 88.06%
INFO - 09/14/26 00:08:44 - 0:15:42 - Epoch 221: train_loss=0.2079627811908722, train_acc= 93.88%
INFO - 09/14/26 00:08:44 - 0:15:42 - Epoch 222: train_loss=0.20345467329025269, train_acc= 93.89%
INFO - 09/14/26 00:08:44 - 0:15:43 - Epoch 223: train_loss=0.20280443131923676, train_acc= 93.76%
INFO - 09/14/26 00:08:45 - 0:15:43 - Epoch 224: train_loss=0.20410101115703583, train_acc= 93.77%
INFO - 09/14/26 00:08:45 - 0:15:43 - Epoch 225: train_loss=0.20313000679016113, train_acc= 93.95%
INFO - 09/14/26 00:08:45 - 0:15:43 - Epoch 225: val_loss=0.3153369724750519, val_acc= 90.18%,val_weighted_f1= 90.00,val_macro_f1= 87.86%
EarlyStopping counter: 1 out of 15
INFO - 09/14/26 00:08:45 - 0:15:43 - Epoch 226: train_loss=0.19900481402873993, train_acc= 94.11%
INFO - 09/14/26 00:08:45 - 0:15:44 - Epoch 227: train_loss=0.20316918194293976, train_acc= 93.69%
INFO - 09/14/26 00:08:46 - 0:15:44 - Epoch 228: train_loss=0.20253343880176544, train_acc= 93.73%
INFO - 09/14/26 00:08:46 - 0:15:44 - Epoch 229: train_loss=0.20062170922756195, train_acc= 94.03%
INFO - 09/14/26 00:08:46 - 0:15:44 - Epoch 230: train_loss=0.19629205763339996, train_acc= 94.03%
INFO - 09/14/26 00:08:46 - 0:15:44 - Epoch 230: val_loss=0.3305339515209198, val_acc= 89.85%,val_weighted_f1= 89.43,val_macro_f1= 86.32%
EarlyStopping counter: 2 out of 15
INFO - 09/14/26 00:08:46 - 0:15:45 - Epoch 231: train_loss=0.19954875111579895, train_acc= 93.58%
INFO - 09/14/26 00:08:47 - 0:15:45 - Epoch 232: train_loss=0.19373174011707306, train_acc= 94.12%
INFO - 09/14/26 00:08:47 - 0:15:45 - Epoch 233: train_loss=0.19695913791656494, train_acc= 94.03%
INFO - 09/14/26 00:08:47 - 0:15:45 - Epoch 234: train_loss=0.19743381440639496, train_acc= 93.78%
INFO - 09/14/26 00:08:47 - 0:15:45 - Epoch 235: train_loss=0.19696292281150818, train_acc= 94.07%
INFO - 09/14/26 00:08:47 - 0:15:46 - Epoch 235: val_loss=0.3203285336494446, val_acc= 90.00%,val_weighted_f1= 89.73,val_macro_f1= 87.37%
EarlyStopping counter: 3 out of 15
INFO - 09/14/26 00:08:48 - 0:15:46 - Epoch 236: train_loss=0.1949901431798935, train_acc= 94.04%
INFO - 09/14/26 00:08:48 - 0:15:46 - Epoch 237: train_loss=0.19321289658546448, train_acc= 94.09%
INFO - 09/14/26 00:08:48 - 0:15:46 - Epoch 238: train_loss=0.19367285072803497, train_acc= 94.16%
INFO - 09/14/26 00:08:48 - 0:15:46 - Epoch 239: train_loss=0.19354353845119476, train_acc= 93.98%
INFO - 09/14/26 00:08:48 - 0:15:47 - Epoch 240: train_loss=0.19272369146347046, train_acc= 94.13%
INFO - 09/14/26 00:08:49 - 0:15:47 - Epoch 240: val_loss=0.31112128496170044, val_acc= 90.55%,val_weighted_f1= 90.42,val_macro_f1= 88.58%
INFO - 09/14/26 00:08:49 - 0:15:47 - Epoch 241: train_loss=0.18974465131759644, train_acc= 94.10%
INFO - 09/14/26 00:08:49 - 0:15:47 - Epoch 242: train_loss=0.18868200480937958, train_acc= 94.29%
INFO - 09/14/26 00:08:49 - 0:15:47 - Epoch 243: train_loss=0.19159509241580963, train_acc= 94.17%
INFO - 09/14/26 00:08:49 - 0:15:48 - Epoch 244: train_loss=0.18625320494174957, train_acc= 94.26%
INFO - 09/14/26 00:08:50 - 0:15:48 - Epoch 245: train_loss=0.18773725628852844, train_acc= 94.39%
INFO - 09/14/26 00:08:50 - 0:15:48 - Epoch 245: val_loss=0.3213285505771637, val_acc= 90.15%,val_weighted_f1= 89.81,val_macro_f1= 87.16%
EarlyStopping counter: 1 out of 15
INFO - 09/14/26 00:08:50 - 0:15:48 - Epoch 246: train_loss=0.18732494115829468, train_acc= 94.20%
INFO - 09/14/26 00:08:50 - 0:15:48 - Epoch 247: train_loss=0.18790332973003387, train_acc= 94.26%
INFO - 09/14/26 00:08:50 - 0:15:49 - Epoch 248: train_loss=0.18603689968585968, train_acc= 94.40%
INFO - 09/14/26 00:08:51 - 0:15:49 - Epoch 249: train_loss=0.18315427005290985, train_acc= 94.49%
INFO - 09/14/26 00:08:51 - 0:15:49 - Epoch 250: train_loss=0.18539568781852722, train_acc= 94.27%
INFO - 09/14/26 00:08:51 - 0:15:49 - Epoch 250: val_loss=0.31587058305740356, val_acc= 90.44%,val_weighted_f1= 90.25,val_macro_f1= 88.21%
EarlyStopping counter: 2 out of 15
INFO - 09/14/26 00:08:51 - 0:15:49 - Epoch 251: train_loss=0.181549534201622, train_acc= 94.57%
INFO - 09/14/26 00:08:51 - 0:15:50 - Epoch 252: train_loss=0.18501253426074982, train_acc= 94.41%
INFO - 09/14/26 00:08:52 - 0:15:50 - Epoch 253: train_loss=0.18389075994491577, train_acc= 94.39%
INFO - 09/14/26 00:08:52 - 0:15:50 - Epoch 254: train_loss=0.18030457198619843, train_acc= 94.50%
INFO - 09/14/26 00:08:52 - 0:15:50 - Epoch 255: train_loss=0.1820114254951477, train_acc= 94.23%
INFO - 09/14/26 00:08:52 - 0:15:50 - Epoch 255: val_loss=0.31379759311676025, val_acc= 90.58%,val_weighted_f1= 90.44,val_macro_f1= 88.53%
INFO - 09/14/26 00:08:52 - 0:15:51 - Epoch 256: train_loss=0.1847292184829712, train_acc= 94.32%
INFO - 09/14/26 00:08:53 - 0:15:51 - Epoch 257: train_loss=0.17668890953063965, train_acc= 94.60%
INFO - 09/14/26 00:08:53 - 0:15:51 - Epoch 258: train_loss=0.17914916574954987, train_acc= 94.49%
INFO - 09/14/26 00:08:53 - 0:15:51 - Epoch 259: train_loss=0.17816023528575897, train_acc= 94.67%
INFO - 09/14/26 00:08:53 - 0:15:51 - Epoch 260: train_loss=0.18091419339179993, train_acc= 94.13%
INFO - 09/14/26 00:08:53 - 0:15:51 - Epoch 260: val_loss=0.3181937038898468, val_acc= 90.40%,val_weighted_f1= 90.18,val_macro_f1= 87.93%
EarlyStopping counter: 1 out of 15
INFO - 09/14/26 00:08:54 - 0:15:52 - Epoch 261: train_loss=0.1762128472328186, train_acc= 94.64%
INFO - 09/14/26 00:08:54 - 0:15:52 - Epoch 262: train_loss=0.17743131518363953, train_acc= 94.50%
INFO - 09/14/26 00:08:54 - 0:15:52 - Epoch 263: train_loss=0.17889657616615295, train_acc= 94.38%
INFO - 09/14/26 00:08:54 - 0:15:52 - Epoch 264: train_loss=0.1710921972990036, train_acc= 94.74%
INFO - 09/14/26 00:08:54 - 0:15:53 - Epoch 265: train_loss=0.17563976347446442, train_acc= 94.60%
INFO - 09/14/26 00:08:55 - 0:15:53 - Epoch 265: val_loss=0.3155927360057831, val_acc= 90.51%,val_weighted_f1= 90.29,val_macro_f1= 87.92%
EarlyStopping counter: 2 out of 15
INFO - 09/14/26 00:08:55 - 0:15:53 - Epoch 266: train_loss=0.1733824908733368, train_acc= 94.69%
INFO - 09/14/26 00:08:55 - 0:15:53 - Epoch 267: train_loss=0.17309178411960602, train_acc= 94.80%
INFO - 09/14/26 00:08:55 - 0:15:53 - Epoch 268: train_loss=0.17221508920192719, train_acc= 94.83%
INFO - 09/14/26 00:08:55 - 0:15:54 - Epoch 269: train_loss=0.17383721470832825, train_acc= 94.60%
INFO - 09/14/26 00:08:56 - 0:15:54 - Epoch 270: train_loss=0.1741054654121399, train_acc= 94.60%
INFO - 09/14/26 00:08:56 - 0:15:54 - Epoch 270: val_loss=0.3184719383716583, val_acc= 90.51%,val_weighted_f1= 90.26,val_macro_f1= 87.79%
EarlyStopping counter: 3 out of 15
INFO - 09/14/26 00:08:56 - 0:15:54 - Epoch 271: train_loss=0.16593539714813232, train_acc= 95.03%
INFO - 09/14/26 00:08:56 - 0:15:54 - Epoch 272: train_loss=0.17154577374458313, train_acc= 94.73%
INFO - 09/14/26 00:08:56 - 0:15:55 - Epoch 273: train_loss=0.17092621326446533, train_acc= 94.64%
INFO - 09/14/26 00:08:57 - 0:15:55 - Epoch 274: train_loss=0.17193542420864105, train_acc= 94.95%
INFO - 09/14/26 00:08:57 - 0:15:55 - Epoch 275: train_loss=0.17043852806091309, train_acc= 94.93%
INFO - 09/14/26 00:08:57 - 0:15:55 - Epoch 275: val_loss=0.33055856823921204, val_acc= 90.11%,val_weighted_f1= 89.72,val_macro_f1= 86.70%
EarlyStopping counter: 4 out of 15
INFO - 09/14/26 00:08:57 - 0:15:55 - Epoch 276: train_loss=0.16793321073055267, train_acc= 94.86%
INFO - 09/14/26 00:08:57 - 0:15:56 - Epoch 277: train_loss=0.1685858815908432, train_acc= 94.68%
INFO - 09/14/26 00:08:58 - 0:15:56 - Epoch 278: train_loss=0.16787368059158325, train_acc= 95.06%
INFO - 09/14/26 00:08:58 - 0:15:56 - Epoch 279: train_loss=0.16495223343372345, train_acc= 94.92%
INFO - 09/14/26 00:08:58 - 0:15:56 - Epoch 280: train_loss=0.16927671432495117, train_acc= 94.74%
INFO - 09/14/26 00:08:58 - 0:15:56 - Epoch 280: val_loss=0.3114929497241974, val_acc= 91.02%,val_weighted_f1= 90.96,val_macro_f1= 89.31%
INFO - 09/14/26 00:08:58 - 0:15:56 - Epoch 281: train_loss=0.17019332945346832, train_acc= 94.92%
INFO - 09/14/26 00:08:59 - 0:15:57 - Epoch 282: train_loss=0.16266968846321106, train_acc= 95.15%
INFO - 09/14/26 00:08:59 - 0:15:57 - Epoch 283: train_loss=0.16268441081047058, train_acc= 94.91%
INFO - 09/14/26 00:08:59 - 0:15:57 - Epoch 284: train_loss=0.1624186486005783, train_acc= 95.12%
INFO - 09/14/26 00:08:59 - 0:15:57 - Epoch 285: train_loss=0.16375109553337097, train_acc= 94.87%
INFO - 09/14/26 00:08:59 - 0:15:57 - Epoch 285: val_loss=0.3180508017539978, val_acc= 90.80%,val_weighted_f1= 90.64,val_macro_f1= 88.74%
EarlyStopping counter: 1 out of 15
INFO - 09/14/26 00:09:00 - 0:15:58 - Epoch 286: train_loss=0.16245509684085846, train_acc= 95.15%
INFO - 09/14/26 00:09:00 - 0:15:58 - Epoch 287: train_loss=0.16237685084342957, train_acc= 95.13%
INFO - 09/14/26 00:09:00 - 0:15:58 - Epoch 288: train_loss=0.16101382672786713, train_acc= 95.02%
INFO - 09/14/26 00:09:00 - 0:15:58 - Epoch 289: train_loss=0.16092416644096375, train_acc= 95.29%
INFO - 09/14/26 00:09:00 - 0:15:59 - Epoch 290: train_loss=0.16071367263793945, train_acc= 95.20%
INFO - 09/14/26 00:09:01 - 0:15:59 - Epoch 290: val_loss=0.3222019672393799, val_acc= 90.47%,val_weighted_f1= 90.23,val_macro_f1= 87.87%
EarlyStopping counter: 2 out of 15
INFO - 09/14/26 00:09:01 - 0:15:59 - Epoch 291: train_loss=0.16232368350028992, train_acc= 95.16%
INFO - 09/14/26 00:09:01 - 0:15:59 - Epoch 292: train_loss=0.16092798113822937, train_acc= 95.21%
INFO - 09/14/26 00:09:01 - 0:15:59 - Epoch 293: train_loss=0.1575246900320053, train_acc= 95.18%
INFO - 09/14/26 00:09:01 - 0:16:00 - Epoch 294: train_loss=0.15664365887641907, train_acc= 95.37%
INFO - 09/14/26 00:09:02 - 0:16:00 - Epoch 295: train_loss=0.15381096303462982, train_acc= 95.33%
INFO - 09/14/26 00:09:02 - 0:16:00 - Epoch 295: val_loss=0.3254055976867676, val_acc= 90.58%,val_weighted_f1= 90.34,val_macro_f1= 87.96%
EarlyStopping counter: 3 out of 15
INFO - 09/14/26 00:09:02 - 0:16:00 - Epoch 296: train_loss=0.15324078500270844, train_acc= 95.52%
INFO - 09/14/26 00:09:02 - 0:16:00 - Epoch 297: train_loss=0.1599401980638504, train_acc= 95.08%
INFO - 09/14/26 00:09:02 - 0:16:00 - Epoch 298: train_loss=0.15442676842212677, train_acc= 95.33%
INFO - 09/14/26 00:09:03 - 0:16:01 - Epoch 299: train_loss=0.15412048995494843, train_acc= 95.63%
INFO - 09/14/26 00:09:03 - 0:16:01 - Epoch 300: train_loss=0.15350231528282166, train_acc= 95.43%
INFO - 09/14/26 00:09:03 - 0:16:01 - Epoch 300: val_loss=0.31928232312202454, val_acc= 91.02%,val_weighted_f1= 90.90,val_macro_f1= 89.09%
INFO - 09/14/26 00:09:03 - 0:16:01 - Epoch 301: train_loss=0.15443706512451172, train_acc= 95.32%
INFO - 09/14/26 00:09:03 - 0:16:01 - Epoch 302: train_loss=0.154108926653862, train_acc= 95.15%
INFO - 09/14/26 00:09:04 - 0:16:02 - Epoch 303: train_loss=0.14958609640598297, train_acc= 95.54%
INFO - 09/14/26 00:09:04 - 0:16:02 - Epoch 304: train_loss=0.15165135264396667, train_acc= 95.48%
INFO - 09/14/26 00:09:04 - 0:16:02 - Epoch 305: train_loss=0.15218545496463776, train_acc= 95.29%
INFO - 09/14/26 00:09:04 - 0:16:02 - Epoch 305: val_loss=0.3277381956577301, val_acc= 90.62%,val_weighted_f1= 90.35,val_macro_f1= 87.93%
EarlyStopping counter: 1 out of 15
INFO - 09/14/26 00:09:04 - 0:16:02 - Epoch 306: train_loss=0.15064965188503265, train_acc= 95.40%
INFO - 09/14/26 00:09:05 - 0:16:03 - Epoch 307: train_loss=0.14748860895633698, train_acc= 95.65%
INFO - 09/14/26 00:09:05 - 0:16:03 - Epoch 308: train_loss=0.15054938197135925, train_acc= 95.48%
INFO - 09/14/26 00:09:05 - 0:16:03 - Epoch 309: train_loss=0.15117262303829193, train_acc= 95.58%
INFO - 09/14/26 00:09:05 - 0:16:03 - Epoch 310: train_loss=0.148002028465271, train_acc= 95.58%
INFO - 09/14/26 00:09:05 - 0:16:03 - Epoch 310: val_loss=0.32135701179504395, val_acc= 90.95%,val_weighted_f1= 90.81,val_macro_f1= 88.79%
EarlyStopping counter: 2 out of 15
INFO - 09/14/26 00:09:06 - 0:16:04 - Epoch 311: train_loss=0.1481129229068756, train_acc= 95.59%
INFO - 09/14/26 00:09:06 - 0:16:04 - Epoch 312: train_loss=0.14796361327171326, train_acc= 95.64%
INFO - 09/14/26 00:09:06 - 0:16:04 - Epoch 313: train_loss=0.14688950777053833, train_acc= 95.55%
INFO - 09/14/26 00:09:06 - 0:16:04 - Epoch 314: train_loss=0.1473202109336853, train_acc= 95.70%
INFO - 09/14/26 00:09:06 - 0:16:05 - Epoch 315: train_loss=0.14494077861309052, train_acc= 95.73%
INFO - 09/14/26 00:09:07 - 0:16:05 - Epoch 315: val_loss=0.3243526518344879, val_acc= 90.80%,val_weighted_f1= 90.65,val_macro_f1= 88.67%
EarlyStopping counter: 3 out of 15
INFO - 09/14/26 00:09:07 - 0:16:05 - Epoch 316: train_loss=0.14394263923168182, train_acc= 95.69%
INFO - 09/14/26 00:09:07 - 0:16:05 - Epoch 317: train_loss=0.14649710059165955, train_acc= 95.48%
INFO - 09/14/26 00:09:07 - 0:16:05 - Epoch 318: train_loss=0.14312958717346191, train_acc= 95.67%
INFO - 09/14/26 00:09:07 - 0:16:05 - Epoch 319: train_loss=0.14464282989501953, train_acc= 95.52%
INFO - 09/14/26 00:09:08 - 0:16:06 - Epoch 320: train_loss=0.14045214653015137, train_acc= 95.83%
INFO - 09/14/26 00:09:08 - 0:16:06 - Epoch 320: val_loss=0.33099478483200073, val_acc= 90.58%,val_weighted_f1= 90.40,val_macro_f1= 88.32%
EarlyStopping counter: 4 out of 15
INFO - 09/14/26 00:09:08 - 0:16:06 - Epoch 321: train_loss=0.14471641182899475, train_acc= 95.70%
INFO - 09/14/26 00:09:08 - 0:16:06 - Epoch 322: train_loss=0.14015443623065948, train_acc= 95.89%
INFO - 09/14/26 00:09:08 - 0:16:06 - Epoch 323: train_loss=0.13785623013973236, train_acc= 95.94%
INFO - 09/14/26 00:09:09 - 0:16:07 - Epoch 324: train_loss=0.1405295729637146, train_acc= 95.66%
INFO - 09/14/26 00:09:09 - 0:16:07 - Epoch 325: train_loss=0.14109152555465698, train_acc= 95.72%
INFO - 09/14/26 00:09:09 - 0:16:07 - Epoch 325: val_loss=0.3234405815601349, val_acc= 91.24%,val_weighted_f1= 91.13,val_macro_f1= 89.21%
INFO - 09/14/26 00:09:09 - 0:16:07 - Epoch 326: train_loss=0.1389576643705368, train_acc= 95.79%
INFO - 09/14/26 00:09:09 - 0:16:07 - Epoch 327: train_loss=0.14044247567653656, train_acc= 95.71%
INFO - 09/14/26 00:09:10 - 0:16:08 - Epoch 328: train_loss=0.13750101625919342, train_acc= 95.72%
INFO - 09/14/26 00:09:10 - 0:16:08 - Epoch 329: train_loss=0.1381530910730362, train_acc= 95.84%
INFO - 09/14/26 00:09:10 - 0:16:08 - Epoch 330: train_loss=0.13978712260723114, train_acc= 95.86%
INFO - 09/14/26 00:09:10 - 0:16:08 - Epoch 330: val_loss=0.3274306058883667, val_acc= 91.05%,val_weighted_f1= 90.85,val_macro_f1= 88.44%
EarlyStopping counter: 1 out of 15
INFO - 09/14/26 00:09:10 - 0:16:08 - Epoch 331: train_loss=0.13635602593421936, train_acc= 95.99%
INFO - 09/14/26 00:09:11 - 0:16:09 - Epoch 332: train_loss=0.13825322687625885, train_acc= 95.95%
INFO - 09/14/26 00:09:11 - 0:16:09 - Epoch 333: train_loss=0.13612234592437744, train_acc= 96.01%
INFO - 09/14/26 00:09:11 - 0:16:09 - Epoch 334: train_loss=0.13821780681610107, train_acc= 95.95%
INFO - 09/14/26 00:09:11 - 0:16:09 - Epoch 335: train_loss=0.1354922503232956, train_acc= 96.16%
INFO - 09/14/26 00:09:11 - 0:16:09 - Epoch 335: val_loss=0.34353676438331604, val_acc= 90.51%,val_weighted_f1= 90.25,val_macro_f1= 87.88%
EarlyStopping counter: 2 out of 15
INFO - 09/14/26 00:09:12 - 0:16:10 - Epoch 336: train_loss=0.13496534526348114, train_acc= 96.07%
INFO - 09/14/26 00:09:12 - 0:16:10 - Epoch 337: train_loss=0.1361701339483261, train_acc= 95.75%
INFO - 09/14/26 00:09:12 - 0:16:10 - Epoch 338: train_loss=0.13479351997375488, train_acc= 96.06%
INFO - 09/14/26 00:09:12 - 0:16:10 - Epoch 339: train_loss=0.13463781774044037, train_acc= 96.06%
INFO - 09/14/26 00:09:12 - 0:16:11 - Epoch 340: train_loss=0.13345512747764587, train_acc= 96.04%
INFO - 09/14/26 00:09:13 - 0:16:11 - Epoch 340: val_loss=0.32824254035949707, val_acc= 91.31%,val_weighted_f1= 91.23,val_macro_f1= 89.49%
INFO - 09/14/26 00:09:13 - 0:16:11 - Epoch 341: train_loss=0.13068559765815735, train_acc= 96.19%
INFO - 09/14/26 00:09:13 - 0:16:11 - Epoch 342: train_loss=0.13612611591815948, train_acc= 95.77%
INFO - 09/14/26 00:09:13 - 0:16:11 - Epoch 343: train_loss=0.13055141270160675, train_acc= 96.22%
INFO - 09/14/26 00:09:13 - 0:16:12 - Epoch 344: train_loss=0.13555508852005005, train_acc= 95.81%
INFO - 09/14/26 00:09:14 - 0:16:12 - Epoch 345: train_loss=0.12945841252803802, train_acc= 96.21%
INFO - 09/14/26 00:09:14 - 0:16:12 - Epoch 345: val_loss=0.3256542682647705, val_acc= 91.20%,val_weighted_f1= 91.16,val_macro_f1= 89.29%
EarlyStopping counter: 1 out of 15
INFO - 09/14/26 00:09:14 - 0:16:12 - Epoch 346: train_loss=0.1316017508506775, train_acc= 96.07%
INFO - 09/14/26 00:09:14 - 0:16:12 - Epoch 347: train_loss=0.12740112841129303, train_acc= 96.33%
INFO - 09/14/26 00:09:14 - 0:16:13 - Epoch 348: train_loss=0.13368789851665497, train_acc= 95.90%
INFO - 09/14/26 00:09:15 - 0:16:13 - Epoch 349: train_loss=0.12945246696472168, train_acc= 96.17%
INFO - 09/14/26 00:09:15 - 0:16:13 - Epoch 350: train_loss=0.13293512165546417, train_acc= 95.88%
INFO - 09/14/26 00:09:15 - 0:16:13 - Epoch 350: val_loss=0.33790501952171326, val_acc= 90.95%,val_weighted_f1= 90.83,val_macro_f1= 89.11%
EarlyStopping counter: 2 out of 15
INFO - 09/14/26 00:09:15 - 0:16:13 - Epoch 351: train_loss=0.12645167112350464, train_acc= 96.47%
INFO - 09/14/26 00:09:15 - 0:16:14 - Epoch 352: train_loss=0.1299966424703598, train_acc= 96.27%
INFO - 09/14/26 00:09:16 - 0:16:14 - Epoch 353: train_loss=0.12596264481544495, train_acc= 96.23%
INFO - 09/14/26 00:09:16 - 0:16:14 - Epoch 354: train_loss=0.12762503325939178, train_acc= 96.19%
INFO - 09/14/26 00:09:16 - 0:16:14 - Epoch 355: train_loss=0.12375064939260483, train_acc= 96.45%
INFO - 09/14/26 00:09:16 - 0:16:14 - Epoch 355: val_loss=0.3473655879497528, val_acc= 90.55%,val_weighted_f1= 90.28,val_macro_f1= 87.79%
EarlyStopping counter: 3 out of 15
INFO - 09/14/26 00:09:16 - 0:16:14 - Epoch 356: train_loss=0.12673208117485046, train_acc= 96.19%
INFO - 09/14/26 00:09:17 - 0:16:15 - Epoch 357: train_loss=0.12480581551790237, train_acc= 96.35%
INFO - 09/14/26 00:09:17 - 0:16:15 - Epoch 358: train_loss=0.12688754498958588, train_acc= 96.17%
INFO - 09/14/26 00:09:17 - 0:16:15 - Epoch 359: train_loss=0.12175223976373672, train_acc= 96.56%
INFO - 09/14/26 00:09:17 - 0:16:15 - Epoch 360: train_loss=0.12249789386987686, train_acc= 96.51%
INFO - 09/14/26 00:09:17 - 0:16:15 - Epoch 360: val_loss=0.3386361300945282, val_acc= 91.02%,val_weighted_f1= 90.88,val_macro_f1= 88.93%
EarlyStopping counter: 4 out of 15
INFO - 09/14/26 00:09:18 - 0:16:16 - Epoch 361: train_loss=0.12291132658720016, train_acc= 96.43%
INFO - 09/14/26 00:09:18 - 0:16:16 - Epoch 362: train_loss=0.11999677866697311, train_acc= 96.29%
INFO - 09/14/26 00:09:18 - 0:16:16 - Epoch 363: train_loss=0.12397056818008423, train_acc= 96.38%
INFO - 09/14/26 00:09:18 - 0:16:16 - Epoch 364: train_loss=0.12126602977514267, train_acc= 96.40%
INFO - 09/14/26 00:09:18 - 0:16:17 - Epoch 365: train_loss=0.11767305433750153, train_acc= 96.50%
INFO - 09/14/26 00:09:19 - 0:16:17 - Epoch 365: val_loss=0.3513309955596924, val_acc= 90.58%,val_weighted_f1= 90.37,val_macro_f1= 88.19%
EarlyStopping counter: 5 out of 15
INFO - 09/14/26 00:09:19 - 0:16:17 - Epoch 366: train_loss=0.12203557789325714, train_acc= 96.35%
INFO - 09/14/26 00:09:19 - 0:16:17 - Epoch 367: train_loss=0.11831874400377274, train_acc= 96.45%
INFO - 09/14/26 00:09:19 - 0:16:17 - Epoch 368: train_loss=0.11981365084648132, train_acc= 96.63%
INFO - 09/14/26 00:09:19 - 0:16:18 - Epoch 369: train_loss=0.11876658350229263, train_acc= 96.50%
INFO - 09/14/26 00:09:20 - 0:16:18 - Epoch 370: train_loss=0.12044896930456161, train_acc= 96.28%
INFO - 09/14/26 00:09:20 - 0:16:18 - Epoch 370: val_loss=0.3402455151081085, val_acc= 91.24%,val_weighted_f1= 91.11,val_macro_f1= 89.09%
EarlyStopping counter: 6 out of 15
INFO - 09/14/26 00:09:20 - 0:16:18 - Epoch 371: train_loss=0.11754223704338074, train_acc= 96.49%
INFO - 09/14/26 00:09:20 - 0:16:18 - Epoch 372: train_loss=0.11915002018213272, train_acc= 96.47%
INFO - 09/14/26 00:09:20 - 0:16:19 - Epoch 373: train_loss=0.11491195112466812, train_acc= 96.73%
INFO - 09/14/26 00:09:21 - 0:16:19 - Epoch 374: train_loss=0.11762604117393494, train_acc= 96.50%
INFO - 09/14/26 00:09:21 - 0:16:19 - Epoch 375: train_loss=0.11802493780851364, train_acc= 96.58%
INFO - 09/14/26 00:09:21 - 0:16:19 - Epoch 375: val_loss=0.3388415575027466, val_acc= 91.24%,val_weighted_f1= 91.12,val_macro_f1= 89.09%
EarlyStopping counter: 7 out of 15
INFO - 09/14/26 00:09:21 - 0:16:19 - Epoch 376: train_loss=0.1163959726691246, train_acc= 96.59%
INFO - 09/14/26 00:09:21 - 0:16:19 - Epoch 377: train_loss=0.11465628445148468, train_acc= 96.72%
INFO - 09/14/26 00:09:22 - 0:16:20 - Epoch 378: train_loss=0.1146983876824379, train_acc= 96.66%
INFO - 09/14/26 00:09:22 - 0:16:20 - Epoch 379: train_loss=0.11492136865854263, train_acc= 96.63%
INFO - 09/14/26 00:09:22 - 0:16:20 - Epoch 380: train_loss=0.11190973222255707, train_acc= 96.78%
INFO - 09/14/26 00:09:22 - 0:16:20 - Epoch 380: val_loss=0.34270375967025757, val_acc= 91.31%,val_weighted_f1= 91.23,val_macro_f1= 89.47%
INFO - 09/14/26 00:09:22 - 0:16:20 - Epoch 381: train_loss=0.11649400740861893, train_acc= 96.68%
INFO - 09/14/26 00:09:23 - 0:16:21 - Epoch 382: train_loss=0.1129303053021431, train_acc= 96.73%
INFO - 09/14/26 00:09:23 - 0:16:21 - Epoch 383: train_loss=0.11622437089681625, train_acc= 96.66%
INFO - 09/14/26 00:09:23 - 0:16:21 - Epoch 384: train_loss=0.11288245767354965, train_acc= 96.83%
INFO - 09/14/26 00:09:23 - 0:16:21 - Epoch 385: train_loss=0.11505088210105896, train_acc= 96.70%
INFO - 09/14/26 00:09:23 - 0:16:21 - Epoch 385: val_loss=0.3605416417121887, val_acc= 90.73%,val_weighted_f1= 90.52,val_macro_f1= 88.30%
EarlyStopping counter: 1 out of 15
INFO - 09/14/26 00:09:24 - 0:16:22 - Epoch 386: train_loss=0.11225711554288864, train_acc= 96.51%
INFO - 09/14/26 00:09:24 - 0:16:22 - Epoch 387: train_loss=0.10937386751174927, train_acc= 96.91%
INFO - 09/14/26 00:09:24 - 0:16:22 - Epoch 388: train_loss=0.11327101290225983, train_acc= 96.87%
INFO - 09/14/26 00:09:24 - 0:16:22 - Epoch 389: train_loss=0.10630630701780319, train_acc= 97.04%
INFO - 09/14/26 00:09:24 - 0:16:23 - Epoch 390: train_loss=0.1109742820262909, train_acc= 96.64%
INFO - 09/14/26 00:09:25 - 0:16:23 - Epoch 390: val_loss=0.36112427711486816, val_acc= 90.55%,val_weighted_f1= 90.29,val_macro_f1= 87.86%
EarlyStopping counter: 2 out of 15
INFO - 09/14/26 00:09:25 - 0:16:23 - Epoch 391: train_loss=0.10841260850429535, train_acc= 96.90%
INFO - 09/14/26 00:09:25 - 0:16:23 - Epoch 392: train_loss=0.10734904557466507, train_acc= 97.09%
INFO - 09/14/26 00:09:25 - 0:16:23 - Epoch 393: train_loss=0.10903169959783554, train_acc= 96.90%
INFO - 09/14/26 00:09:25 - 0:16:24 - Epoch 394: train_loss=0.10696739703416824, train_acc= 96.93%
INFO - 09/14/26 00:09:26 - 0:16:24 - Epoch 395: train_loss=0.10785549879074097, train_acc= 96.87%
INFO - 09/14/26 00:09:26 - 0:16:24 - Epoch 395: val_loss=0.35496267676353455, val_acc= 90.95%,val_weighted_f1= 90.80,val_macro_f1= 88.76%
EarlyStopping counter: 3 out of 15
INFO - 09/14/26 00:09:26 - 0:16:24 - Epoch 396: train_loss=0.10338197648525238, train_acc= 97.27%
INFO - 09/14/26 00:09:26 - 0:16:24 - Epoch 397: train_loss=0.10662488639354706, train_acc= 97.04%
INFO - 09/14/26 00:09:26 - 0:16:24 - Epoch 398: train_loss=0.10547170042991638, train_acc= 97.06%
INFO - 09/14/26 00:09:27 - 0:16:25 - Epoch 399: train_loss=0.10746672004461288, train_acc= 96.93%
INFO - 09/14/26 00:09:27 - 0:16:25 - Epoch 400: train_loss=0.1061583012342453, train_acc= 96.93%
INFO - 09/14/26 00:09:27 - 0:16:25 - Epoch 400: val_loss=0.3553319573402405, val_acc= 91.02%,val_weighted_f1= 90.88,val_macro_f1= 88.83%
EarlyStopping counter: 4 out of 15
INFO - 09/14/26 00:09:27 - 0:16:25 - Epoch 401: train_loss=0.10351166874170303, train_acc= 96.75%
INFO - 09/14/26 00:09:27 - 0:16:25 - Epoch 402: train_loss=0.10570507496595383, train_acc= 97.07%
INFO - 09/14/26 00:09:28 - 0:16:26 - Epoch 403: train_loss=0.10475320369005203, train_acc= 97.06%
INFO - 09/14/26 00:09:28 - 0:16:26 - Epoch 404: train_loss=0.101906917989254, train_acc= 97.10%
INFO - 09/14/26 00:09:28 - 0:16:26 - Epoch 405: train_loss=0.1024688184261322, train_acc= 97.20%
INFO - 09/14/26 00:09:28 - 0:16:26 - Epoch 405: val_loss=0.3560448884963989, val_acc= 91.02%,val_weighted_f1= 90.88,val_macro_f1= 88.96%
EarlyStopping counter: 5 out of 15
INFO - 09/14/26 00:09:28 - 0:16:26 - Epoch 406: train_loss=0.10247819125652313, train_acc= 97.21%
INFO - 09/14/26 00:09:29 - 0:16:27 - Epoch 407: train_loss=0.10106420516967773, train_acc= 97.25%
INFO - 09/14/26 00:09:29 - 0:16:27 - Epoch 408: train_loss=0.10007376223802567, train_acc= 97.21%
INFO - 09/14/26 00:09:29 - 0:16:27 - Epoch 409: train_loss=0.10072124004364014, train_acc= 97.27%
INFO - 09/14/26 00:09:29 - 0:16:27 - Epoch 410: train_loss=0.1019861027598381, train_acc= 97.09%
INFO - 09/14/26 00:09:29 - 0:16:27 - Epoch 410: val_loss=0.3686578571796417, val_acc= 90.47%,val_weighted_f1= 90.26,val_macro_f1= 88.04%
EarlyStopping counter: 6 out of 15
INFO - 09/14/26 00:09:30 - 0:16:28 - Epoch 411: train_loss=0.10194835066795349, train_acc= 97.03%
INFO - 09/14/26 00:09:30 - 0:16:28 - Epoch 412: train_loss=0.0990060567855835, train_acc= 97.27%
INFO - 09/14/26 00:09:30 - 0:16:28 - Epoch 413: train_loss=0.10428541898727417, train_acc= 96.92%
INFO - 09/14/26 00:09:30 - 0:16:28 - Epoch 414: train_loss=0.10297872871160507, train_acc= 97.07%
INFO - 09/14/26 00:09:30 - 0:16:29 - Epoch 415: train_loss=0.10039418190717697, train_acc= 97.29%
INFO - 09/14/26 00:09:30 - 0:16:29 - Epoch 415: val_loss=0.36163240671157837, val_acc= 91.16%,val_weighted_f1= 91.02,val_macro_f1= 89.10%
EarlyStopping counter: 7 out of 15
INFO - 09/14/26 00:09:31 - 0:16:29 - Epoch 416: train_loss=0.09990229457616806, train_acc= 97.14%
INFO - 09/14/26 00:09:31 - 0:16:29 - Epoch 417: train_loss=0.0953829362988472, train_acc= 97.31%
INFO - 09/14/26 00:09:31 - 0:16:29 - Epoch 418: train_loss=0.0952511876821518, train_acc= 97.35%
INFO - 09/14/26 00:09:31 - 0:16:29 - Epoch 419: train_loss=0.09677130728960037, train_acc= 97.38%
INFO - 09/14/26 00:09:32 - 0:16:30 - Epoch 420: train_loss=0.0943489596247673, train_acc= 97.38%
INFO - 09/14/26 00:09:32 - 0:16:30 - Epoch 420: val_loss=0.36862269043922424, val_acc= 90.87%,val_weighted_f1= 90.73,val_macro_f1= 88.79%
EarlyStopping counter: 8 out of 15
INFO - 09/14/26 00:09:32 - 0:16:30 - Epoch 421: train_loss=0.09800875186920166, train_acc= 97.15%
INFO - 09/14/26 00:09:32 - 0:16:30 - Epoch 422: train_loss=0.09895934164524078, train_acc= 97.09%
INFO - 09/14/26 00:09:32 - 0:16:30 - Epoch 423: train_loss=0.09536956995725632, train_acc= 97.31%
INFO - 09/14/26 00:09:33 - 0:16:31 - Epoch 424: train_loss=0.09520179033279419, train_acc= 97.43%
INFO - 09/14/26 00:09:33 - 0:16:31 - Epoch 425: train_loss=0.0959932953119278, train_acc= 97.20%
INFO - 09/14/26 00:09:33 - 0:16:31 - Epoch 425: val_loss=0.3804987072944641, val_acc= 90.47%,val_weighted_f1= 90.25,val_macro_f1= 88.07%
EarlyStopping counter: 9 out of 15
INFO - 09/14/26 00:09:33 - 0:16:31 - Epoch 426: train_loss=0.09509976953268051, train_acc= 97.43%
INFO - 09/14/26 00:09:33 - 0:16:31 - Epoch 427: train_loss=0.09394196420907974, train_acc= 97.44%
INFO - 09/14/26 00:09:34 - 0:16:32 - Epoch 428: train_loss=0.09265078604221344, train_acc= 97.49%
INFO - 09/14/26 00:09:34 - 0:16:32 - Epoch 429: train_loss=0.09453456103801727, train_acc= 97.20%
INFO - 09/14/26 00:09:34 - 0:16:32 - Epoch 430: train_loss=0.09417401254177094, train_acc= 97.30%
INFO - 09/14/26 00:09:34 - 0:16:32 - Epoch 430: val_loss=0.3638683259487152, val_acc= 91.31%,val_weighted_f1= 91.24,val_macro_f1= 89.78%
INFO - 09/14/26 00:09:34 - 0:16:32 - Epoch 431: train_loss=0.09129437804222107, train_acc= 97.31%
INFO - 09/14/26 00:09:35 - 0:16:33 - Epoch 432: train_loss=0.09029099345207214, train_acc= 97.69%
INFO - 09/14/26 00:09:35 - 0:16:33 - Epoch 433: train_loss=0.09338966012001038, train_acc= 97.32%
INFO - 09/14/26 00:09:35 - 0:16:33 - Epoch 434: train_loss=0.08814499527215958, train_acc= 97.75%
INFO - 09/14/26 00:09:35 - 0:16:33 - Epoch 435: train_loss=0.09100016951560974, train_acc= 97.39%
INFO - 09/14/26 00:09:35 - 0:16:33 - Epoch 435: val_loss=0.3739650547504425, val_acc= 90.98%,val_weighted_f1= 90.83,val_macro_f1= 88.85%
EarlyStopping counter: 1 out of 15
INFO - 09/14/26 00:09:35 - 0:16:34 - Epoch 436: train_loss=0.09408202767372131, train_acc= 97.43%
INFO - 09/14/26 00:09:36 - 0:16:34 - Epoch 437: train_loss=0.09103461354970932, train_acc= 97.50%
INFO - 09/14/26 00:09:36 - 0:16:34 - Epoch 438: train_loss=0.09002772718667984, train_acc= 97.58%
INFO - 09/14/26 00:09:36 - 0:16:34 - Epoch 439: train_loss=0.0892234519124031, train_acc= 97.44%
INFO - 09/14/26 00:09:36 - 0:16:34 - Epoch 440: train_loss=0.09010631591081619, train_acc= 97.54%
INFO - 09/14/26 00:09:36 - 0:16:35 - Epoch 440: val_loss=0.38848593831062317, val_acc= 90.36%,val_weighted_f1= 90.10,val_macro_f1= 87.63%
EarlyStopping counter: 2 out of 15
INFO - 09/14/26 00:09:37 - 0:16:35 - Epoch 441: train_loss=0.09113086760044098, train_acc= 97.47%
INFO - 09/14/26 00:09:37 - 0:16:35 - Epoch 442: train_loss=0.08734404295682907, train_acc= 97.53%
INFO - 09/14/26 00:09:37 - 0:16:35 - Epoch 443: train_loss=0.0868019312620163, train_acc= 97.58%
INFO - 09/14/26 00:09:37 - 0:16:35 - Epoch 444: train_loss=0.08792470395565033, train_acc= 97.41%
INFO - 09/14/26 00:09:38 - 0:16:36 - Epoch 445: train_loss=0.08584554493427277, train_acc= 97.55%
INFO - 09/14/26 00:09:38 - 0:16:36 - Epoch 445: val_loss=0.38181278109550476, val_acc= 90.98%,val_weighted_f1= 90.86,val_macro_f1= 89.20%
EarlyStopping counter: 3 out of 15
INFO - 09/14/26 00:09:38 - 0:16:36 - Epoch 446: train_loss=0.08919558674097061, train_acc= 97.54%
INFO - 09/14/26 00:09:38 - 0:16:36 - Epoch 447: train_loss=0.08743736892938614, train_acc= 97.54%
INFO - 09/14/26 00:09:38 - 0:16:36 - Epoch 448: train_loss=0.08707206696271896, train_acc= 97.52%
INFO - 09/14/26 00:09:39 - 0:16:37 - Epoch 449: train_loss=0.08430976420640945, train_acc= 97.73%
INFO - 09/14/26 00:09:39 - 0:16:37 - Epoch 450: train_loss=0.08507931977510452, train_acc= 97.62%
INFO - 09/14/26 00:09:39 - 0:16:37 - Epoch 450: val_loss=0.3989753723144531, val_acc= 90.51%,val_weighted_f1= 90.26,val_macro_f1= 88.17%
EarlyStopping counter: 4 out of 15
INFO - 09/14/26 00:09:39 - 0:16:37 - Epoch 451: train_loss=0.08501479774713516, train_acc= 97.48%
INFO - 09/14/26 00:09:39 - 0:16:37 - Epoch 452: train_loss=0.08599891513586044, train_acc= 97.56%
INFO - 09/14/26 00:09:40 - 0:16:38 - Epoch 453: train_loss=0.08343327790498734, train_acc= 97.87%
INFO - 09/14/26 00:09:40 - 0:16:38 - Epoch 454: train_loss=0.08777109533548355, train_acc= 97.62%
INFO - 09/14/26 00:09:40 - 0:16:38 - Epoch 455: train_loss=0.084567129611969, train_acc= 97.89%
INFO - 09/14/26 00:09:40 - 0:16:38 - Epoch 455: val_loss=0.39902281761169434, val_acc= 90.55%,val_weighted_f1= 90.24,val_macro_f1= 87.56%
EarlyStopping counter: 5 out of 15
INFO - 09/14/26 00:09:40 - 0:16:38 - Epoch 456: train_loss=0.08215311914682388, train_acc= 97.69%
INFO - 09/14/26 00:09:40 - 0:16:39 - Epoch 457: train_loss=0.08600617200136185, train_acc= 97.55%
INFO - 09/14/26 00:09:41 - 0:16:39 - Epoch 458: train_loss=0.08326099067926407, train_acc= 97.60%
INFO - 09/14/26 00:09:41 - 0:16:39 - Epoch 459: train_loss=0.08211541175842285, train_acc= 97.73%
INFO - 09/14/26 00:09:41 - 0:16:39 - Epoch 460: train_loss=0.07917825877666473, train_acc= 97.73%
INFO - 09/14/26 00:09:41 - 0:16:39 - Epoch 460: val_loss=0.3893080949783325, val_acc= 90.80%,val_weighted_f1= 90.64,val_macro_f1= 88.56%
EarlyStopping counter: 6 out of 15
INFO - 09/14/26 00:09:41 - 0:16:40 - Epoch 461: train_loss=0.08132727444171906, train_acc= 97.77%
INFO - 09/14/26 00:09:42 - 0:16:40 - Epoch 462: train_loss=0.08538337051868439, train_acc= 97.43%
INFO - 09/14/26 00:09:42 - 0:16:40 - Epoch 463: train_loss=0.07790491729974747, train_acc= 97.92%
INFO - 09/14/26 00:09:42 - 0:16:40 - Epoch 464: train_loss=0.07848600298166275, train_acc= 97.95%
INFO - 09/14/26 00:09:42 - 0:16:40 - Epoch 465: train_loss=0.08138041943311691, train_acc= 97.69%
INFO - 09/14/26 00:09:42 - 0:16:41 - Epoch 465: val_loss=0.3911897540092468, val_acc= 90.87%,val_weighted_f1= 90.77,val_macro_f1= 89.25%
EarlyStopping counter: 7 out of 15
INFO - 09/14/26 00:09:43 - 0:16:41 - Epoch 466: train_loss=0.08200069516897202, train_acc= 97.71%
INFO - 09/14/26 00:09:43 - 0:16:41 - Epoch 467: train_loss=0.08046209067106247, train_acc= 97.79%
INFO - 09/14/26 00:09:43 - 0:16:41 - Epoch 468: train_loss=0.08230914920568466, train_acc= 97.59%
INFO - 09/14/26 00:09:43 - 0:16:41 - Epoch 469: train_loss=0.07845227420330048, train_acc= 97.86%
INFO - 09/14/26 00:09:44 - 0:16:42 - Epoch 470: train_loss=0.08177588135004044, train_acc= 97.69%
INFO - 09/14/26 00:09:44 - 0:16:42 - Epoch 470: val_loss=0.40697628259658813, val_acc= 90.40%,val_weighted_f1= 90.15,val_macro_f1= 87.92%
EarlyStopping counter: 8 out of 15
INFO - 09/14/26 00:09:44 - 0:16:42 - Epoch 471: train_loss=0.07782454043626785, train_acc= 97.96%
INFO - 09/14/26 00:09:44 - 0:16:42 - Epoch 472: train_loss=0.07729760557413101, train_acc= 97.93%
INFO - 09/14/26 00:09:44 - 0:16:42 - Epoch 473: train_loss=0.08057666569948196, train_acc= 97.66%
INFO - 09/14/26 00:09:45 - 0:16:43 - Epoch 474: train_loss=0.07573810964822769, train_acc= 97.96%
INFO - 09/14/26 00:09:45 - 0:16:43 - Epoch 475: train_loss=0.07580149918794632, train_acc= 98.01%
INFO - 09/14/26 00:09:45 - 0:16:43 - Epoch 475: val_loss=0.40405139327049255, val_acc= 90.65%,val_weighted_f1= 90.46,val_macro_f1= 88.50%
EarlyStopping counter: 9 out of 15
INFO - 09/14/26 00:09:45 - 0:16:43 - Epoch 476: train_loss=0.07420719414949417, train_acc= 98.10%
INFO - 09/14/26 00:09:45 - 0:16:43 - Epoch 477: train_loss=0.07473491877317429, train_acc= 97.84%
INFO - 09/14/26 00:09:45 - 0:16:44 - Epoch 478: train_loss=0.07710715383291245, train_acc= 98.01%
INFO - 09/14/26 00:09:46 - 0:16:44 - Epoch 479: train_loss=0.07375399023294449, train_acc= 98.01%
INFO - 09/14/26 00:09:46 - 0:16:44 - Epoch 480: train_loss=0.07374825328588486, train_acc= 97.98%
INFO - 09/14/26 00:09:46 - 0:16:44 - Epoch 480: val_loss=0.4108213186264038, val_acc= 90.29%,val_weighted_f1= 90.03,val_macro_f1= 87.63%
EarlyStopping counter: 10 out of 15
INFO - 09/14/26 00:09:46 - 0:16:44 - Epoch 481: train_loss=0.07552766799926758, train_acc= 98.01%
INFO - 09/14/26 00:09:46 - 0:16:45 - Epoch 482: train_loss=0.07536953687667847, train_acc= 97.92%
INFO - 09/14/26 00:09:47 - 0:16:45 - Epoch 483: train_loss=0.07496830821037292, train_acc= 97.83%
INFO - 09/14/26 00:09:47 - 0:16:45 - Epoch 484: train_loss=0.07557864487171173, train_acc= 97.90%
INFO - 09/14/26 00:09:47 - 0:16:45 - Epoch 485: train_loss=0.07153498381376266, train_acc= 98.11%
INFO - 09/14/26 00:09:47 - 0:16:45 - Epoch 485: val_loss=0.3966319262981415, val_acc= 90.87%,val_weighted_f1= 90.78,val_macro_f1= 89.09%
EarlyStopping counter: 11 out of 15
INFO - 09/14/26 00:09:47 - 0:16:46 - Epoch 486: train_loss=0.07313859462738037, train_acc= 98.12%
INFO - 09/14/26 00:09:48 - 0:16:46 - Epoch 487: train_loss=0.07337473332881927, train_acc= 98.04%
INFO - 09/14/26 00:09:48 - 0:16:46 - Epoch 488: train_loss=0.0747280865907669, train_acc= 97.90%
INFO - 09/14/26 00:09:48 - 0:16:46 - Epoch 489: train_loss=0.07271012663841248, train_acc= 98.12%
INFO - 09/14/26 00:09:48 - 0:16:46 - Epoch 490: train_loss=0.0765964686870575, train_acc= 97.84%
INFO - 09/14/26 00:09:48 - 0:16:47 - Epoch 490: val_loss=0.41377273201942444, val_acc= 90.44%,val_weighted_f1= 90.25,val_macro_f1= 88.15%
EarlyStopping counter: 12 out of 15
INFO - 09/14/26 00:09:49 - 0:16:47 - Epoch 491: train_loss=0.07213626056909561, train_acc= 98.10%
INFO - 09/14/26 00:09:49 - 0:16:47 - Epoch 492: train_loss=0.07048299163579941, train_acc= 98.21%
INFO - 09/14/26 00:09:49 - 0:16:47 - Epoch 493: train_loss=0.07167115062475204, train_acc= 98.02%
INFO - 09/14/26 00:09:49 - 0:16:47 - Epoch 494: train_loss=0.07085826247930527, train_acc= 98.21%
INFO - 09/14/26 00:09:50 - 0:16:48 - Epoch 495: train_loss=0.07145357131958008, train_acc= 98.15%
INFO - 09/14/26 00:09:50 - 0:16:48 - Epoch 495: val_loss=0.4141225218772888, val_acc= 90.55%,val_weighted_f1= 90.41,val_macro_f1= 88.68%
EarlyStopping counter: 13 out of 15
INFO - 09/14/26 00:09:50 - 0:16:48 - Epoch 496: train_loss=0.06911364942789078, train_acc= 98.28%
INFO - 09/14/26 00:09:50 - 0:16:48 - Epoch 497: train_loss=0.06867381185293198, train_acc= 98.19%
INFO - 09/14/26 00:09:50 - 0:16:48 - Epoch 498: train_loss=0.07137623429298401, train_acc= 97.93%
INFO - 09/14/26 00:09:51 - 0:16:49 - Epoch 499: train_loss=0.07012853771448135, train_acc= 98.15%
INFO - 09/14/26 00:09:51 - 0:16:49 - Epoch 500: train_loss=0.06806423515081406, train_acc= 98.19%
INFO - 09/14/26 00:09:51 - 0:16:49 - Epoch 500: val_loss=0.4247453510761261, val_acc= 90.22%,val_weighted_f1= 89.95,val_macro_f1= 87.43%
EarlyStopping counter: 14 out of 15
INFO - 09/14/26 00:09:51 - 0:16:49 - Epoch 501: train_loss=0.06999430805444717, train_acc= 98.05%
INFO - 09/14/26 00:09:51 - 0:16:49 - Epoch 502: train_loss=0.06831931322813034, train_acc= 98.42%
INFO - 09/14/26 00:09:51 - 0:16:50 - Epoch 503: train_loss=0.06884472072124481, train_acc= 98.10%
INFO - 09/14/26 00:09:52 - 0:16:50 - Epoch 504: train_loss=0.06677103787660599, train_acc= 98.36%
INFO - 09/14/26 00:09:52 - 0:16:50 - Epoch 505: train_loss=0.0662880539894104, train_acc= 98.29%
INFO - 09/14/26 00:09:52 - 0:16:50 - Epoch 505: val_loss=0.40805917978286743, val_acc= 90.98%,val_weighted_f1= 90.86,val_macro_f1= 88.92%
EarlyStopping counter: 15 out of 15
---------Early stopping--------
INFO - 09/14/26 00:09:52 - 0:16:50 - --------------Testing--------------------
INFO - 09/14/26 00:09:52 - 0:16:50 - --------------Loading from ./checkpoints/NC_computers_model.pt--------------------
INFO - 09/14/26 00:09:52 - 0:16:50 - test_acc= 90.73%, weighted_f1= 90.70,macro_f1= 89.81%
INFO - 09/14/26 00:09:52 - 0:16:50 - test_acc= 90.73%, weighted_f1= 90.70,macro_f1= 89.81%
INFO - 09/14/26 00:09:52 - 0:16:50 - Best ACCs: [91.64, 90.36, 91.24, 91.09, 91.6, 91.05, 90.95, 91.38, 91.16, 90.73]
                                     Evaluation Acc is  91.12% ±  0.37%
                                     
[repro] exit_code=0
[repro] runtime_seconds=1015
[repro] finished_at=2026-09-14T00:09:53+08:00
