[repro] paper=gbn
[repro] started_at=2026-09-14T01:31:04+08:00
[repro] run_id=20260914_013104_ablate_gamma_all0_Amazon-ratings_r10_pid331173
[repro] repo_commit=72ad3692916ecc60f2c78d5bd01a55d7c6297a4f
[repro] env=dtgb cwd=/home/lab_user/project/lzc/repro/gbn
[repro] command=python main.py --task NC --dataset Amazon-ratings
[repro] resource_cap_ratio=85 threads=17
[repro] python=3.10.20 torch=2.2.1+cu121 cuda=True gpu=NVIDIA GeForce RTX 3090
[cap] cores=17/20 CPUQuota=1700% MemoryMax=55139365888 cuda_fraction=0.85 mps=85 gpu_gov=1
Running as unit: run-p331244-i351594.scope; invocation ID: fa221f0f31c745759f1f7221fde01ef7
Loading config file: ./configs/NC/Amazon-ratings.json
Log path: ./logs//NC_Amazon-ratings_NL5_HD512_DP0.15_ACTgelu_NORMbn_BTrue_LRNC0.0003_LRT0.001.log
INFO - 09/14/26 01:31:09 - 0:00:00 - {'task': 'NC', 'dataset': 'Amazon-ratings', 'root_path': './datasets', 'val_every': 5, 'exp_iters': 10, 'log_dir': './logs/', 'result_dir': './results/', 'task_model_path': 'NC_Amazon-ratings_model.pt', 'checkpoints': './checkpoints/', 'add_self_loop': False, 'n_layers': 5, 'hid_dim': 512, 'embed_dim': 512, 'dropout': 0.15, 'act': 'gelu', 'input_act': 'gelu', 'norm': 'bn', 'bias': True, 'tau': 1.0, 'lr_nc': 0.0003, 'weight_decay_nc': 0, 'epochs_nc': 2000, 'patience_nc': 15, 'additional_layers': 0, 'distance_list': [50, 10, 5, 3], 'lr_trans': 0.001, 'weight_decay_trans': 0, 'epochs_trans': 2000, 'patience_trans': 10, 'use_gpu': True, 'gpu': 0, 'devices': '0', 'layer_wise': True, 'ablate': 'gamma_all0', 'log_path': './logs//NC_Amazon-ratings_NL5_HD512_DP0.15_ACTgelu_NORMbn_BTrue_LRNC0.0003_LRT0.001.log', 'result_path': './results//NC_Amazon-ratings.txt'}
INFO - 09/14/26 01:31:09 - 0:00:00 - --------------------------Training Start-------------------------
INFO - 09/14/26 01:31:10 - 0:00:01 - Epoch 0: train_loss=1.712220549583435, train_acc= 19.89%
INFO - 09/14/26 01:31:10 - 0:00:01 - Epoch 0: val_loss=1.603623867034912, val_acc= 36.78%,val_weighted_f1= 19.78,val_macro_f1= 10.76%
INFO - 09/14/26 01:31:10 - 0:00:01 - Epoch 1: train_loss=1.7515283823013306, train_acc= 19.52%
INFO - 09/14/26 01:31:10 - 0:00:01 - Epoch 2: train_loss=1.7235969305038452, train_acc= 18.90%
INFO - 09/14/26 01:31:11 - 0:00:02 - Epoch 3: train_loss=1.7052608728408813, train_acc= 20.28%
INFO - 09/14/26 01:31:11 - 0:00:02 - Epoch 4: train_loss=1.700945258140564, train_acc= 20.11%
INFO - 09/14/26 01:31:11 - 0:00:02 - Epoch 5: train_loss=1.6973581314086914, train_acc= 20.37%
INFO - 09/14/26 01:31:11 - 0:00:02 - Epoch 5: val_loss=1.6011550426483154, val_acc= 36.78%,val_weighted_f1= 19.78,val_macro_f1= 10.76%
INFO - 09/14/26 01:31:12 - 0:00:02 - Epoch 6: train_loss=1.6808284521102905, train_acc= 21.26%
INFO - 09/14/26 01:31:12 - 0:00:03 - Epoch 7: train_loss=1.677013635635376, train_acc= 21.94%
INFO - 09/14/26 01:31:12 - 0:00:03 - Epoch 8: train_loss=1.6767656803131104, train_acc= 22.18%
INFO - 09/14/26 01:31:12 - 0:00:03 - Epoch 9: train_loss=1.673340082168579, train_acc= 22.45%
INFO - 09/14/26 01:31:13 - 0:00:04 - Epoch 10: train_loss=1.668390154838562, train_acc= 21.81%
INFO - 09/14/26 01:31:13 - 0:00:04 - Epoch 10: val_loss=1.5955512523651123, val_acc= 36.78%,val_weighted_f1= 19.78,val_macro_f1= 10.76%
INFO - 09/14/26 01:31:13 - 0:00:04 - Epoch 11: train_loss=1.6585524082183838, train_acc= 22.15%
INFO - 09/14/26 01:31:13 - 0:00:04 - Epoch 12: train_loss=1.6474884748458862, train_acc= 22.72%
INFO - 09/14/26 01:31:14 - 0:00:05 - Epoch 13: train_loss=1.6327464580535889, train_acc= 23.05%
INFO - 09/14/26 01:31:14 - 0:00:05 - Epoch 14: train_loss=1.6228896379470825, train_acc= 23.89%
INFO - 09/14/26 01:31:14 - 0:00:05 - Epoch 15: train_loss=1.612701177597046, train_acc= 24.29%
INFO - 09/14/26 01:31:14 - 0:00:05 - Epoch 15: val_loss=1.5936683416366577, val_acc= 36.81%,val_weighted_f1= 19.85,val_macro_f1= 10.81%
INFO - 09/14/26 01:31:15 - 0:00:05 - Epoch 16: train_loss=1.5939686298370361, train_acc= 25.11%
INFO - 09/14/26 01:31:15 - 0:00:06 - Epoch 17: train_loss=1.5889463424682617, train_acc= 26.20%
INFO - 09/14/26 01:31:15 - 0:00:06 - Epoch 18: train_loss=1.5830973386764526, train_acc= 29.01%
INFO - 09/14/26 01:31:16 - 0:00:06 - Epoch 19: train_loss=1.5745739936828613, train_acc= 30.34%
INFO - 09/14/26 01:31:16 - 0:00:07 - Epoch 20: train_loss=1.572171688079834, train_acc= 31.12%
INFO - 09/14/26 01:31:16 - 0:00:07 - Epoch 20: val_loss=1.5859944820404053, val_acc= 36.71%,val_weighted_f1= 21.57,val_macro_f1= 12.38%
EarlyStopping counter: 1 out of 15
INFO - 09/14/26 01:31:16 - 0:00:07 - Epoch 21: train_loss=1.568047046661377, train_acc= 31.88%
INFO - 09/14/26 01:31:16 - 0:00:07 - Epoch 22: train_loss=1.5662901401519775, train_acc= 33.54%
INFO - 09/14/26 01:31:17 - 0:00:07 - Epoch 23: train_loss=1.559739589691162, train_acc= 33.40%
INFO - 09/14/26 01:31:17 - 0:00:08 - Epoch 24: train_loss=1.559135913848877, train_acc= 33.80%
INFO - 09/14/26 01:31:17 - 0:00:08 - Epoch 25: train_loss=1.5515297651290894, train_acc= 34.81%
INFO - 09/14/26 01:31:17 - 0:00:08 - Epoch 25: val_loss=1.570622444152832, val_acc= 36.88%,val_weighted_f1= 20.92,val_macro_f1= 11.64%
INFO - 09/14/26 01:31:18 - 0:00:08 - Epoch 26: train_loss=1.5512146949768066, train_acc= 34.45%
INFO - 09/14/26 01:31:18 - 0:00:09 - Epoch 27: train_loss=1.5483710765838623, train_acc= 34.37%
INFO - 09/14/26 01:31:18 - 0:00:09 - Epoch 28: train_loss=1.5452269315719604, train_acc= 35.38%
INFO - 09/14/26 01:31:18 - 0:00:09 - Epoch 29: train_loss=1.544651746749878, train_acc= 35.58%
INFO - 09/14/26 01:31:19 - 0:00:10 - Epoch 30: train_loss=1.5370275974273682, train_acc= 36.27%
INFO - 09/14/26 01:31:19 - 0:00:10 - Epoch 30: val_loss=1.550233244895935, val_acc= 39.38%,val_weighted_f1= 30.23,val_macro_f1= 18.71%
INFO - 09/14/26 01:31:19 - 0:00:10 - Epoch 31: train_loss=1.5358246564865112, train_acc= 36.31%
INFO - 09/14/26 01:31:19 - 0:00:10 - Epoch 32: train_loss=1.5327194929122925, train_acc= 36.89%
INFO - 09/14/26 01:31:20 - 0:00:10 - Epoch 33: train_loss=1.5296499729156494, train_acc= 36.86%
INFO - 09/14/26 01:31:20 - 0:00:11 - Epoch 34: train_loss=1.5265153646469116, train_acc= 36.76%
INFO - 09/14/26 01:31:20 - 0:00:11 - Epoch 35: train_loss=1.5239129066467285, train_acc= 37.56%
INFO - 09/14/26 01:31:20 - 0:00:11 - Epoch 35: val_loss=1.5415815114974976, val_acc= 39.46%,val_weighted_f1= 30.38,val_macro_f1= 18.83%
INFO - 09/14/26 01:31:21 - 0:00:11 - Epoch 36: train_loss=1.5213234424591064, train_acc= 37.20%
INFO - 09/14/26 01:31:21 - 0:00:12 - Epoch 37: train_loss=1.5289711952209473, train_acc= 37.63%
INFO - 09/14/26 01:31:21 - 0:00:12 - Epoch 38: train_loss=1.5177037715911865, train_acc= 37.43%
INFO - 09/14/26 01:31:21 - 0:00:12 - Epoch 39: train_loss=1.514572024345398, train_acc= 37.74%
INFO - 09/14/26 01:31:22 - 0:00:12 - Epoch 40: train_loss=1.5134015083312988, train_acc= 37.70%
INFO - 09/14/26 01:31:22 - 0:00:13 - Epoch 40: val_loss=1.5280663967132568, val_acc= 39.07%,val_weighted_f1= 30.45,val_macro_f1= 19.17%
EarlyStopping counter: 1 out of 15
INFO - 09/14/26 01:31:22 - 0:00:13 - Epoch 41: train_loss=1.5112617015838623, train_acc= 37.73%
INFO - 09/14/26 01:31:22 - 0:00:13 - Epoch 42: train_loss=1.5081855058670044, train_acc= 37.30%
INFO - 09/14/26 01:31:23 - 0:00:13 - Epoch 43: train_loss=1.5083085298538208, train_acc= 37.77%
INFO - 09/14/26 01:31:23 - 0:00:14 - Epoch 44: train_loss=1.5003418922424316, train_acc= 37.86%
INFO - 09/14/26 01:31:23 - 0:00:14 - Epoch 45: train_loss=1.4961936473846436, train_acc= 38.47%
INFO - 09/14/26 01:31:23 - 0:00:14 - Epoch 45: val_loss=1.524459719657898, val_acc= 38.25%,val_weighted_f1= 29.51,val_macro_f1= 18.72%
EarlyStopping counter: 2 out of 15
INFO - 09/14/26 01:31:23 - 0:00:14 - Epoch 46: train_loss=1.4969366788864136, train_acc= 38.39%
INFO - 09/14/26 01:31:24 - 0:00:15 - Epoch 47: train_loss=1.4905380010604858, train_acc= 38.23%
INFO - 09/14/26 01:31:24 - 0:00:15 - Epoch 48: train_loss=1.48899507522583, train_acc= 38.63%
INFO - 09/14/26 01:31:24 - 0:00:15 - Epoch 49: train_loss=1.4866772890090942, train_acc= 38.92%
INFO - 09/14/26 01:31:25 - 0:00:15 - Epoch 50: train_loss=1.4896317720413208, train_acc= 38.62%
INFO - 09/14/26 01:31:25 - 0:00:15 - Epoch 50: val_loss=1.5097914934158325, val_acc= 39.41%,val_weighted_f1= 30.53,val_macro_f1= 19.38%
EarlyStopping counter: 3 out of 15
INFO - 09/14/26 01:31:25 - 0:00:16 - Epoch 51: train_loss=1.478173851966858, train_acc= 39.98%
INFO - 09/14/26 01:31:25 - 0:00:16 - Epoch 52: train_loss=1.474843978881836, train_acc= 39.87%
INFO - 09/14/26 01:31:25 - 0:00:16 - Epoch 53: train_loss=1.4749611616134644, train_acc= 39.69%
INFO - 09/14/26 01:31:26 - 0:00:16 - Epoch 54: train_loss=1.4747027158737183, train_acc= 39.74%
INFO - 09/14/26 01:31:26 - 0:00:17 - Epoch 55: train_loss=1.4647493362426758, train_acc= 40.05%
INFO - 09/14/26 01:31:26 - 0:00:17 - Epoch 55: val_loss=1.4977364540100098, val_acc= 37.19%,val_weighted_f1= 27.94,val_macro_f1= 17.93%
EarlyStopping counter: 4 out of 15
INFO - 09/14/26 01:31:26 - 0:00:17 - Epoch 56: train_loss=1.4676241874694824, train_acc= 40.03%
INFO - 09/14/26 01:31:27 - 0:00:17 - Epoch 57: train_loss=1.4687111377716064, train_acc= 39.92%
INFO - 09/14/26 01:31:27 - 0:00:18 - Epoch 58: train_loss=1.4587123394012451, train_acc= 40.08%
INFO - 09/14/26 01:31:27 - 0:00:18 - Epoch 59: train_loss=1.4584019184112549, train_acc= 40.34%
INFO - 09/14/26 01:31:27 - 0:00:18 - Epoch 60: train_loss=1.4549332857131958, train_acc= 40.37%
INFO - 09/14/26 01:31:27 - 0:00:18 - Epoch 60: val_loss=1.4900720119476318, val_acc= 36.71%,val_weighted_f1= 27.21,val_macro_f1= 17.53%
EarlyStopping counter: 5 out of 15
INFO - 09/14/26 01:31:28 - 0:00:18 - Epoch 61: train_loss=1.4515796899795532, train_acc= 40.96%
INFO - 09/14/26 01:31:28 - 0:00:19 - Epoch 62: train_loss=1.4496071338653564, train_acc= 40.81%
INFO - 09/14/26 01:31:28 - 0:00:19 - Epoch 63: train_loss=1.4500192403793335, train_acc= 40.75%
INFO - 09/14/26 01:31:28 - 0:00:19 - Epoch 64: train_loss=1.445433259010315, train_acc= 40.98%
INFO - 09/14/26 01:31:29 - 0:00:19 - Epoch 65: train_loss=1.445269227027893, train_acc= 40.33%
INFO - 09/14/26 01:31:29 - 0:00:20 - Epoch 65: val_loss=1.4854105710983276, val_acc= 41.61%,val_weighted_f1= 33.30,val_macro_f1= 21.26%
INFO - 09/14/26 01:31:29 - 0:00:20 - Epoch 66: train_loss=1.4404618740081787, train_acc= 40.92%
INFO - 09/14/26 01:31:29 - 0:00:20 - Epoch 67: train_loss=1.4401956796646118, train_acc= 40.62%
INFO - 09/14/26 01:31:30 - 0:00:20 - Epoch 68: train_loss=1.4326939582824707, train_acc= 41.83%
INFO - 09/14/26 01:31:30 - 0:00:21 - Epoch 69: train_loss=1.432956576347351, train_acc= 41.14%
INFO - 09/14/26 01:31:30 - 0:00:21 - Epoch 70: train_loss=1.4293144941329956, train_acc= 41.73%
INFO - 09/14/26 01:31:30 - 0:00:21 - Epoch 70: val_loss=1.4675358533859253, val_acc= 39.11%,val_weighted_f1= 29.93,val_macro_f1= 19.11%
EarlyStopping counter: 1 out of 15
INFO - 09/14/26 01:31:31 - 0:00:21 - Epoch 71: train_loss=1.4316372871398926, train_acc= 41.92%
INFO - 09/14/26 01:31:31 - 0:00:22 - Epoch 72: train_loss=1.4226303100585938, train_acc= 41.82%
INFO - 09/14/26 01:31:31 - 0:00:22 - Epoch 73: train_loss=1.4186720848083496, train_acc= 41.81%
INFO - 09/14/26 01:31:31 - 0:00:22 - Epoch 74: train_loss=1.4161913394927979, train_acc= 41.56%
INFO - 09/14/26 01:31:32 - 0:00:22 - Epoch 75: train_loss=1.4139626026153564, train_acc= 41.66%
INFO - 09/14/26 01:31:32 - 0:00:22 - Epoch 75: val_loss=1.4435837268829346, val_acc= 41.60%,val_weighted_f1= 32.36,val_macro_f1= 20.38%
EarlyStopping counter: 2 out of 15
INFO - 09/14/26 01:31:32 - 0:00:23 - Epoch 76: train_loss=1.405498743057251, train_acc= 42.55%
INFO - 09/14/26 01:31:32 - 0:00:23 - Epoch 77: train_loss=1.405409336090088, train_acc= 42.30%
INFO - 09/14/26 01:31:32 - 0:00:23 - Epoch 78: train_loss=1.4016720056533813, train_acc= 42.75%
INFO - 09/14/26 01:31:33 - 0:00:23 - Epoch 79: train_loss=1.4011346101760864, train_acc= 42.36%
INFO - 09/14/26 01:31:33 - 0:00:24 - Epoch 80: train_loss=1.3993339538574219, train_acc= 42.15%
INFO - 09/14/26 01:31:33 - 0:00:24 - Epoch 80: val_loss=1.4234440326690674, val_acc= 40.94%,val_weighted_f1= 31.80,val_macro_f1= 20.16%
EarlyStopping counter: 3 out of 15
INFO - 09/14/26 01:31:33 - 0:00:24 - Epoch 81: train_loss=1.397306203842163, train_acc= 42.18%
INFO - 09/14/26 01:31:34 - 0:00:24 - Epoch 82: train_loss=1.3915504217147827, train_acc= 42.59%
INFO - 09/14/26 01:31:34 - 0:00:25 - Epoch 83: train_loss=1.3860163688659668, train_acc= 42.76%
INFO - 09/14/26 01:31:34 - 0:00:25 - Epoch 84: train_loss=1.3877284526824951, train_acc= 42.82%
INFO - 09/14/26 01:31:34 - 0:00:25 - Epoch 85: train_loss=1.3882198333740234, train_acc= 43.30%
INFO - 09/14/26 01:31:34 - 0:00:25 - Epoch 85: val_loss=1.4223443269729614, val_acc= 40.62%,val_weighted_f1= 30.61,val_macro_f1= 18.88%
EarlyStopping counter: 4 out of 15
INFO - 09/14/26 01:31:35 - 0:00:26 - Epoch 86: train_loss=1.3849573135375977, train_acc= 43.09%
INFO - 09/14/26 01:31:35 - 0:00:26 - Epoch 87: train_loss=1.3849058151245117, train_acc= 42.52%
INFO - 09/14/26 01:31:35 - 0:00:26 - Epoch 88: train_loss=1.3809919357299805, train_acc= 42.79%
INFO - 09/14/26 01:31:35 - 0:00:26 - Epoch 89: train_loss=1.3720253705978394, train_acc= 43.21%
INFO - 09/14/26 01:31:36 - 0:00:27 - Epoch 90: train_loss=1.3791818618774414, train_acc= 43.50%
INFO - 09/14/26 01:31:36 - 0:00:27 - Epoch 90: val_loss=1.408431053161621, val_acc= 40.63%,val_weighted_f1= 31.46,val_macro_f1= 19.99%
EarlyStopping counter: 5 out of 15
INFO - 09/14/26 01:31:36 - 0:00:27 - Epoch 91: train_loss=1.3730658292770386, train_acc= 43.30%
INFO - 09/14/26 01:31:36 - 0:00:27 - Epoch 92: train_loss=1.3746823072433472, train_acc= 43.17%
INFO - 09/14/26 01:31:37 - 0:00:27 - Epoch 93: train_loss=1.3693162202835083, train_acc= 43.54%
INFO - 09/14/26 01:31:37 - 0:00:28 - Epoch 94: train_loss=1.36581289768219, train_acc= 43.43%
INFO - 09/14/26 01:31:37 - 0:00:28 - Epoch 95: train_loss=1.3611458539962769, train_acc= 43.75%
INFO - 09/14/26 01:31:37 - 0:00:28 - Epoch 95: val_loss=1.4365617036819458, val_acc= 38.23%,val_weighted_f1= 24.65,val_macro_f1= 14.40%
EarlyStopping counter: 6 out of 15
INFO - 09/14/26 01:31:37 - 0:00:28 - Epoch 96: train_loss=1.3591660261154175, train_acc= 43.65%
INFO - 09/14/26 01:31:38 - 0:00:28 - Epoch 97: train_loss=1.3616493940353394, train_acc= 43.30%
INFO - 09/14/26 01:31:38 - 0:00:29 - Epoch 98: train_loss=1.3589222431182861, train_acc= 43.28%
INFO - 09/14/26 01:31:38 - 0:00:29 - Epoch 99: train_loss=1.3521795272827148, train_acc= 43.14%
INFO - 09/14/26 01:31:38 - 0:00:29 - Epoch 100: train_loss=1.3602973222732544, train_acc= 43.02%
INFO - 09/14/26 01:31:39 - 0:00:29 - Epoch 100: val_loss=1.390921711921692, val_acc= 40.80%,val_weighted_f1= 31.29,val_macro_f1= 19.46%
EarlyStopping counter: 7 out of 15
INFO - 09/14/26 01:31:39 - 0:00:30 - Epoch 101: train_loss=1.35140860080719, train_acc= 43.64%
INFO - 09/14/26 01:31:39 - 0:00:30 - Epoch 102: train_loss=1.3563934564590454, train_acc= 43.42%
INFO - 09/14/26 01:31:39 - 0:00:30 - Epoch 103: train_loss=1.3448238372802734, train_acc= 43.46%
INFO - 09/14/26 01:31:40 - 0:00:30 - Epoch 104: train_loss=1.3456460237503052, train_acc= 43.82%
INFO - 09/14/26 01:31:40 - 0:00:31 - Epoch 105: train_loss=1.3481556177139282, train_acc= 44.10%
INFO - 09/14/26 01:31:40 - 0:00:31 - Epoch 105: val_loss=1.4049155712127686, val_acc= 40.93%,val_weighted_f1= 30.90,val_macro_f1= 19.08%
EarlyStopping counter: 8 out of 15
INFO - 09/14/26 01:31:40 - 0:00:31 - Epoch 106: train_loss=1.3403398990631104, train_acc= 44.44%
INFO - 09/14/26 01:31:41 - 0:00:31 - Epoch 107: train_loss=1.337459683418274, train_acc= 44.41%
INFO - 09/14/26 01:31:41 - 0:00:32 - Epoch 108: train_loss=1.3368033170700073, train_acc= 44.15%
INFO - 09/14/26 01:31:41 - 0:00:32 - Epoch 109: train_loss=1.330980658531189, train_acc= 44.00%
INFO - 09/14/26 01:31:41 - 0:00:32 - Epoch 110: train_loss=1.3355672359466553, train_acc= 43.86%
INFO - 09/14/26 01:31:41 - 0:00:32 - Epoch 110: val_loss=1.4148305654525757, val_acc= 40.14%,val_weighted_f1= 29.13,val_macro_f1= 17.73%
EarlyStopping counter: 9 out of 15
INFO - 09/14/26 01:31:42 - 0:00:33 - Epoch 111: train_loss=1.3304142951965332, train_acc= 43.85%
INFO - 09/14/26 01:31:42 - 0:00:33 - Epoch 112: train_loss=1.3287644386291504, train_acc= 43.92%
INFO - 09/14/26 01:31:42 - 0:00:33 - Epoch 113: train_loss=1.3284658193588257, train_acc= 43.82%
INFO - 09/14/26 01:31:42 - 0:00:33 - Epoch 114: train_loss=1.325364589691162, train_acc= 44.14%
INFO - 09/14/26 01:31:43 - 0:00:34 - Epoch 115: train_loss=1.3247978687286377, train_acc= 44.46%
INFO - 09/14/26 01:31:43 - 0:00:34 - Epoch 115: val_loss=1.4613404273986816, val_acc= 39.39%,val_weighted_f1= 27.62,val_macro_f1= 16.72%
EarlyStopping counter: 10 out of 15
INFO - 09/14/26 01:31:43 - 0:00:34 - Epoch 116: train_loss=1.3234379291534424, train_acc= 44.38%
INFO - 09/14/26 01:31:43 - 0:00:34 - Epoch 117: train_loss=1.321938157081604, train_acc= 44.33%
INFO - 09/14/26 01:31:44 - 0:00:34 - Epoch 118: train_loss=1.3185280561447144, train_acc= 44.74%
INFO - 09/14/26 01:31:44 - 0:00:35 - Epoch 119: train_loss=1.3162163496017456, train_acc= 44.56%
INFO - 09/14/26 01:31:44 - 0:00:35 - Epoch 120: train_loss=1.3163806200027466, train_acc= 44.32%
INFO - 09/14/26 01:31:44 - 0:00:35 - Epoch 120: val_loss=1.4371168613433838, val_acc= 40.83%,val_weighted_f1= 31.21,val_macro_f1= 19.47%
EarlyStopping counter: 11 out of 15
INFO - 09/14/26 01:31:45 - 0:00:35 - Epoch 121: train_loss=1.3128730058670044, train_acc= 44.44%
INFO - 09/14/26 01:31:45 - 0:00:36 - Epoch 122: train_loss=1.309219479560852, train_acc= 44.49%
INFO - 09/14/26 01:31:45 - 0:00:36 - Epoch 123: train_loss=1.3097374439239502, train_acc= 44.49%
INFO - 09/14/26 01:31:45 - 0:00:36 - Epoch 124: train_loss=1.3092386722564697, train_acc= 44.36%
INFO - 09/14/26 01:31:46 - 0:00:36 - Epoch 125: train_loss=1.3118234872817993, train_acc= 45.04%
INFO - 09/14/26 01:31:46 - 0:00:36 - Epoch 125: val_loss=1.4412245750427246, val_acc= 40.57%,val_weighted_f1= 30.02,val_macro_f1= 18.49%
EarlyStopping counter: 12 out of 15
INFO - 09/14/26 01:31:46 - 0:00:37 - Epoch 126: train_loss=1.3069063425064087, train_acc= 44.57%
INFO - 09/14/26 01:31:46 - 0:00:37 - Epoch 127: train_loss=1.3084838390350342, train_acc= 44.63%
INFO - 09/14/26 01:31:46 - 0:00:37 - Epoch 128: train_loss=1.3022736310958862, train_acc= 44.69%
INFO - 09/14/26 01:31:47 - 0:00:37 - Epoch 129: train_loss=1.302106499671936, train_acc= 44.68%
INFO - 09/14/26 01:31:47 - 0:00:38 - Epoch 130: train_loss=1.3053404092788696, train_acc= 44.75%
INFO - 09/14/26 01:31:47 - 0:00:38 - Epoch 130: val_loss=1.4737483263015747, val_acc= 40.55%,val_weighted_f1= 30.51,val_macro_f1= 18.95%
EarlyStopping counter: 13 out of 15
INFO - 09/14/26 01:31:47 - 0:00:38 - Epoch 131: train_loss=1.3008348941802979, train_acc= 44.68%
INFO - 09/14/26 01:31:48 - 0:00:38 - Epoch 132: train_loss=1.2988319396972656, train_acc= 44.90%
INFO - 09/14/26 01:31:48 - 0:00:39 - Epoch 133: train_loss=1.2975530624389648, train_acc= 44.81%
INFO - 09/14/26 01:31:48 - 0:00:39 - Epoch 134: train_loss=1.2992438077926636, train_acc= 44.19%
INFO - 09/14/26 01:31:48 - 0:00:39 - Epoch 135: train_loss=1.2948676347732544, train_acc= 44.63%
INFO - 09/14/26 01:31:48 - 0:00:39 - Epoch 135: val_loss=1.5103342533111572, val_acc= 39.78%,val_weighted_f1= 28.90,val_macro_f1= 17.74%
EarlyStopping counter: 14 out of 15
INFO - 09/14/26 01:31:49 - 0:00:39 - Epoch 136: train_loss=1.2947990894317627, train_acc= 44.84%
INFO - 09/14/26 01:31:49 - 0:00:40 - Epoch 137: train_loss=1.2961456775665283, train_acc= 44.72%
INFO - 09/14/26 01:31:49 - 0:00:40 - Epoch 138: train_loss=1.2945506572723389, train_acc= 44.60%
INFO - 09/14/26 01:31:49 - 0:00:40 - Epoch 139: train_loss=1.2892353534698486, train_acc= 45.10%
INFO - 09/14/26 01:31:50 - 0:00:41 - Epoch 140: train_loss=1.2898489236831665, train_acc= 44.69%
INFO - 09/14/26 01:31:50 - 0:00:41 - Epoch 140: val_loss=1.4656121730804443, val_acc= 40.62%,val_weighted_f1= 30.72,val_macro_f1= 19.09%
EarlyStopping counter: 15 out of 15
---------Early stopping--------
INFO - 09/14/26 01:31:50 - 0:00:41 - --------------Testing--------------------
INFO - 09/14/26 01:31:50 - 0:00:41 - --------------Loading from ./checkpoints/NC_Amazon-ratings_model.pt--------------------
INFO - 09/14/26 01:31:50 - 0:00:41 - test_acc= 40.99%, weighted_f1= 32.45,macro_f1= 20.68%
INFO - 09/14/26 01:31:50 - 0:00:41 - test_acc= 40.99%, weighted_f1= 32.45,macro_f1= 20.68%
INFO - 09/14/26 01:31:50 - 0:00:41 - Epoch 0: train_loss=1.7278486490249634, train_acc= 19.69%
INFO - 09/14/26 01:31:50 - 0:00:41 - Epoch 0: val_loss=1.6111704111099243, val_acc= 19.48%,val_weighted_f1= 10.53,val_macro_f1= 8.60%
INFO - 09/14/26 01:31:51 - 0:00:42 - Epoch 1: train_loss=1.7596745491027832, train_acc= 21.50%
INFO - 09/14/26 01:31:51 - 0:00:42 - Epoch 2: train_loss=1.7148720026016235, train_acc= 19.61%
INFO - 09/14/26 01:31:51 - 0:00:42 - Epoch 3: train_loss=1.7193191051483154, train_acc= 20.35%
INFO - 09/14/26 01:31:52 - 0:00:42 - Epoch 4: train_loss=1.7141804695129395, train_acc= 21.37%
INFO - 09/14/26 01:31:52 - 0:00:43 - Epoch 5: train_loss=1.690798282623291, train_acc= 20.74%
INFO - 09/14/26 01:31:52 - 0:00:43 - Epoch 5: val_loss=1.6076858043670654, val_acc= 26.78%,val_weighted_f1= 11.32,val_macro_f1= 8.45%
INFO - 09/14/26 01:31:52 - 0:00:43 - Epoch 6: train_loss=1.686255693435669, train_acc= 21.33%
INFO - 09/14/26 01:31:52 - 0:00:43 - Epoch 7: train_loss=1.6830885410308838, train_acc= 21.49%
INFO - 09/14/26 01:31:53 - 0:00:44 - Epoch 8: train_loss=1.678176999092102, train_acc= 21.46%
INFO - 09/14/26 01:31:53 - 0:00:44 - Epoch 9: train_loss=1.6723276376724243, train_acc= 22.25%
INFO - 09/14/26 01:31:53 - 0:00:44 - Epoch 10: train_loss=1.65792715549469, train_acc= 22.58%
INFO - 09/14/26 01:31:53 - 0:00:44 - Epoch 10: val_loss=1.6001838445663452, val_acc= 26.78%,val_weighted_f1= 11.32,val_macro_f1= 8.45%
INFO - 09/14/26 01:31:54 - 0:00:45 - Epoch 11: train_loss=1.6497676372528076, train_acc= 22.77%
INFO - 09/14/26 01:31:54 - 0:00:45 - Epoch 12: train_loss=1.637122631072998, train_acc= 23.54%
INFO - 09/14/26 01:31:54 - 0:00:45 - Epoch 13: train_loss=1.6229387521743774, train_acc= 23.18%
INFO - 09/14/26 01:31:54 - 0:00:45 - Epoch 14: train_loss=1.6097412109375, train_acc= 23.87%
INFO - 09/14/26 01:31:55 - 0:00:46 - Epoch 15: train_loss=1.601081132888794, train_acc= 24.50%
INFO - 09/14/26 01:31:55 - 0:00:46 - Epoch 15: val_loss=1.59286367893219, val_acc= 32.53%,val_weighted_f1= 25.11,val_macro_f1= 16.15%
INFO - 09/14/26 01:31:55 - 0:00:46 - Epoch 16: train_loss=1.593978762626648, train_acc= 25.93%
INFO - 09/14/26 01:31:55 - 0:00:46 - Epoch 17: train_loss=1.5915756225585938, train_acc= 26.78%
INFO - 09/14/26 01:31:56 - 0:00:47 - Epoch 18: train_loss=1.5850214958190918, train_acc= 28.40%
INFO - 09/14/26 01:31:56 - 0:00:47 - Epoch 19: train_loss=1.5819603204727173, train_acc= 29.59%
INFO - 09/14/26 01:31:56 - 0:00:47 - Epoch 20: train_loss=1.5809837579727173, train_acc= 30.68%
INFO - 09/14/26 01:31:56 - 0:00:47 - Epoch 20: val_loss=1.5890002250671387, val_acc= 35.95%,val_weighted_f1= 21.97,val_macro_f1= 12.86%
INFO - 09/14/26 01:31:57 - 0:00:47 - Epoch 21: train_loss=1.5736079216003418, train_acc= 30.57%
INFO - 09/14/26 01:31:57 - 0:00:48 - Epoch 22: train_loss=1.5748777389526367, train_acc= 30.90%
INFO - 09/14/26 01:31:57 - 0:00:48 - Epoch 23: train_loss=1.570064663887024, train_acc= 30.82%
INFO - 09/14/26 01:31:57 - 0:00:48 - Epoch 24: train_loss=1.5670421123504639, train_acc= 31.68%
INFO - 09/14/26 01:31:58 - 0:00:49 - Epoch 25: train_loss=1.5611039400100708, train_acc= 31.43%
INFO - 09/14/26 01:31:58 - 0:00:49 - Epoch 25: val_loss=1.5723206996917725, val_acc= 36.96%,val_weighted_f1= 21.56,val_macro_f1= 12.11%
INFO - 09/14/26 01:31:58 - 0:00:49 - Epoch 26: train_loss=1.5607445240020752, train_acc= 31.58%
INFO - 09/14/26 01:31:58 - 0:00:49 - Epoch 27: train_loss=1.5577136278152466, train_acc= 31.70%
INFO - 09/14/26 01:31:59 - 0:00:49 - Epoch 28: train_loss=1.5551414489746094, train_acc= 32.11%
INFO - 09/14/26 01:31:59 - 0:00:50 - Epoch 29: train_loss=1.5511016845703125, train_acc= 33.01%
INFO - 09/14/26 01:31:59 - 0:00:50 - Epoch 30: train_loss=1.5454174280166626, train_acc= 33.62%
INFO - 09/14/26 01:31:59 - 0:00:50 - Epoch 30: val_loss=1.5531560182571411, val_acc= 38.56%,val_weighted_f1= 29.38,val_macro_f1= 18.08%
INFO - 09/14/26 01:32:00 - 0:00:50 - Epoch 31: train_loss=1.545411467552185, train_acc= 33.55%
INFO - 09/14/26 01:32:00 - 0:00:51 - Epoch 32: train_loss=1.5439971685409546, train_acc= 33.97%
INFO - 09/14/26 01:32:00 - 0:00:51 - Epoch 33: train_loss=1.5396666526794434, train_acc= 34.34%
INFO - 09/14/26 01:32:00 - 0:00:51 - Epoch 34: train_loss=1.536351203918457, train_acc= 34.71%
INFO - 09/14/26 01:32:01 - 0:00:51 - Epoch 35: train_loss=1.534325361251831, train_acc= 35.12%
INFO - 09/14/26 01:32:01 - 0:00:52 - Epoch 35: val_loss=1.5411559343338013, val_acc= 36.80%,val_weighted_f1= 28.66,val_macro_f1= 18.00%
EarlyStopping counter: 1 out of 15
INFO - 09/14/26 01:32:01 - 0:00:52 - Epoch 36: train_loss=1.5302224159240723, train_acc= 35.32%
INFO - 09/14/26 01:32:01 - 0:00:52 - Epoch 37: train_loss=1.5274163484573364, train_acc= 35.91%
INFO - 09/14/26 01:32:02 - 0:00:52 - Epoch 38: train_loss=1.5222375392913818, train_acc= 36.28%
INFO - 09/14/26 01:32:02 - 0:00:53 - Epoch 39: train_loss=1.5220853090286255, train_acc= 36.37%
INFO - 09/14/26 01:32:02 - 0:00:53 - Epoch 40: train_loss=1.518835186958313, train_acc= 36.26%
INFO - 09/14/26 01:32:02 - 0:00:53 - Epoch 40: val_loss=1.5283541679382324, val_acc= 36.70%,val_weighted_f1= 28.55,val_macro_f1= 17.99%
EarlyStopping counter: 2 out of 15
INFO - 09/14/26 01:32:02 - 0:00:53 - Epoch 41: train_loss=1.509572982788086, train_acc= 37.18%
INFO - 09/14/26 01:32:03 - 0:00:54 - Epoch 42: train_loss=1.5091917514801025, train_acc= 37.36%
INFO - 09/14/26 01:32:03 - 0:00:54 - Epoch 43: train_loss=1.5085124969482422, train_acc= 37.46%
INFO - 09/14/26 01:32:03 - 0:00:54 - Epoch 44: train_loss=1.5109606981277466, train_acc= 37.28%
INFO - 09/14/26 01:32:04 - 0:00:54 - Epoch 45: train_loss=1.502351999282837, train_acc= 37.16%
INFO - 09/14/26 01:32:04 - 0:00:54 - Epoch 45: val_loss=1.520125389099121, val_acc= 37.76%,val_weighted_f1= 29.21,val_macro_f1= 18.49%
EarlyStopping counter: 3 out of 15
INFO - 09/14/26 01:32:04 - 0:00:55 - Epoch 46: train_loss=1.4962953329086304, train_acc= 38.12%
INFO - 09/14/26 01:32:04 - 0:00:55 - Epoch 47: train_loss=1.4952386617660522, train_acc= 38.10%
INFO - 09/14/26 01:32:04 - 0:00:55 - Epoch 48: train_loss=1.4907324314117432, train_acc= 38.14%
INFO - 09/14/26 01:32:05 - 0:00:56 - Epoch 49: train_loss=1.4869182109832764, train_acc= 38.70%
INFO - 09/14/26 01:32:05 - 0:00:56 - Epoch 50: train_loss=1.4827828407287598, train_acc= 38.62%
INFO - 09/14/26 01:32:05 - 0:00:56 - Epoch 50: val_loss=1.5140846967697144, val_acc= 36.37%,val_weighted_f1= 27.29,val_macro_f1= 17.48%
EarlyStopping counter: 4 out of 15
INFO - 09/14/26 01:32:05 - 0:00:56 - Epoch 51: train_loss=1.4785085916519165, train_acc= 39.20%
INFO - 09/14/26 01:32:06 - 0:00:56 - Epoch 52: train_loss=1.4748356342315674, train_acc= 39.47%
INFO - 09/14/26 01:32:06 - 0:00:57 - Epoch 53: train_loss=1.4707531929016113, train_acc= 39.74%
INFO - 09/14/26 01:32:06 - 0:00:57 - Epoch 54: train_loss=1.4680023193359375, train_acc= 40.04%
INFO - 09/14/26 01:32:06 - 0:00:57 - Epoch 55: train_loss=1.464058518409729, train_acc= 40.13%
INFO - 09/14/26 01:32:07 - 0:00:57 - Epoch 55: val_loss=1.5010403394699097, val_acc= 37.04%,val_weighted_f1= 27.78,val_macro_f1= 17.80%
EarlyStopping counter: 5 out of 15
INFO - 09/14/26 01:32:07 - 0:00:58 - Epoch 56: train_loss=1.46663498878479, train_acc= 40.45%
INFO - 09/14/26 01:32:07 - 0:00:58 - Epoch 57: train_loss=1.457597017288208, train_acc= 40.87%
INFO - 09/14/26 01:32:07 - 0:00:58 - Epoch 58: train_loss=1.4526586532592773, train_acc= 41.35%
INFO - 09/14/26 01:32:08 - 0:00:58 - Epoch 59: train_loss=1.450350284576416, train_acc= 41.56%
INFO - 09/14/26 01:32:08 - 0:00:59 - Epoch 60: train_loss=1.4474596977233887, train_acc= 41.91%
INFO - 09/14/26 01:32:08 - 0:00:59 - Epoch 60: val_loss=1.4880499839782715, val_acc= 39.31%,val_weighted_f1= 30.36,val_macro_f1= 19.35%
INFO - 09/14/26 01:32:08 - 0:00:59 - Epoch 61: train_loss=1.4439016580581665, train_acc= 41.95%
INFO - 09/14/26 01:32:09 - 0:00:59 - Epoch 62: train_loss=1.4392822980880737, train_acc= 41.87%
INFO - 09/14/26 01:32:09 - 0:01:00 - Epoch 63: train_loss=1.435234785079956, train_acc= 42.00%
INFO - 09/14/26 01:32:09 - 0:01:00 - Epoch 64: train_loss=1.432558298110962, train_acc= 42.19%
INFO - 09/14/26 01:32:09 - 0:01:00 - Epoch 65: train_loss=1.4346776008605957, train_acc= 42.64%
INFO - 09/14/26 01:32:10 - 0:01:00 - Epoch 65: val_loss=1.4763364791870117, val_acc= 39.28%,val_weighted_f1= 30.22,val_macro_f1= 19.31%
EarlyStopping counter: 1 out of 15
INFO - 09/14/26 01:32:10 - 0:01:01 - Epoch 66: train_loss=1.4292621612548828, train_acc= 42.28%
INFO - 09/14/26 01:32:10 - 0:01:01 - Epoch 67: train_loss=1.4298678636550903, train_acc= 42.18%
INFO - 09/14/26 01:32:10 - 0:01:01 - Epoch 68: train_loss=1.421817421913147, train_acc= 41.92%
INFO - 09/14/26 01:32:11 - 0:01:01 - Epoch 69: train_loss=1.4263598918914795, train_acc= 42.99%
INFO - 09/14/26 01:32:11 - 0:01:02 - Epoch 70: train_loss=1.4213671684265137, train_acc= 42.31%
INFO - 09/14/26 01:32:11 - 0:01:02 - Epoch 70: val_loss=1.4650799036026, val_acc= 40.70%,val_weighted_f1= 31.66,val_macro_f1= 20.11%
INFO - 09/14/26 01:32:11 - 0:01:02 - Epoch 71: train_loss=1.421720027923584, train_acc= 42.49%
INFO - 09/14/26 01:32:12 - 0:01:02 - Epoch 72: train_loss=1.4108967781066895, train_acc= 42.32%
INFO - 09/14/26 01:32:12 - 0:01:03 - Epoch 73: train_loss=1.4116144180297852, train_acc= 41.92%
INFO - 09/14/26 01:32:12 - 0:01:03 - Epoch 74: train_loss=1.4080394506454468, train_acc= 41.93%
INFO - 09/14/26 01:32:12 - 0:01:03 - Epoch 75: train_loss=1.4029756784439087, train_acc= 42.51%
INFO - 09/14/26 01:32:12 - 0:01:03 - Epoch 75: val_loss=1.468980312347412, val_acc= 41.22%,val_weighted_f1= 32.10,val_macro_f1= 20.38%
INFO - 09/14/26 01:32:13 - 0:01:04 - Epoch 76: train_loss=1.404158592224121, train_acc= 43.10%
INFO - 09/14/26 01:32:13 - 0:01:04 - Epoch 77: train_loss=1.4025357961654663, train_acc= 43.61%
INFO - 09/14/26 01:32:13 - 0:01:04 - Epoch 78: train_loss=1.3933907747268677, train_acc= 43.54%
INFO - 09/14/26 01:32:14 - 0:01:04 - Epoch 79: train_loss=1.3979802131652832, train_acc= 42.92%
INFO - 09/14/26 01:32:14 - 0:01:05 - Epoch 80: train_loss=1.3873883485794067, train_acc= 43.08%
INFO - 09/14/26 01:32:14 - 0:01:05 - Epoch 80: val_loss=1.4358192682266235, val_acc= 41.47%,val_weighted_f1= 32.32,val_macro_f1= 20.45%
INFO - 09/14/26 01:32:14 - 0:01:05 - Epoch 81: train_loss=1.3895237445831299, train_acc= 43.03%
INFO - 09/14/26 01:32:15 - 0:01:05 - Epoch 82: train_loss=1.384372591972351, train_acc= 43.38%
INFO - 09/14/26 01:32:15 - 0:01:06 - Epoch 83: train_loss=1.3852587938308716, train_acc= 43.53%
INFO - 09/14/26 01:32:15 - 0:01:06 - Epoch 84: train_loss=1.3780419826507568, train_acc= 43.42%
INFO - 09/14/26 01:32:15 - 0:01:06 - Epoch 85: train_loss=1.372921347618103, train_acc= 43.81%
INFO - 09/14/26 01:32:15 - 0:01:06 - Epoch 85: val_loss=1.447013258934021, val_acc= 41.25%,val_weighted_f1= 32.24,val_macro_f1= 20.34%
EarlyStopping counter: 1 out of 15
INFO - 09/14/26 01:32:16 - 0:01:07 - Epoch 86: train_loss=1.3763461112976074, train_acc= 43.70%
INFO - 09/14/26 01:32:16 - 0:01:07 - Epoch 87: train_loss=1.3756461143493652, train_acc= 43.64%
INFO - 09/14/26 01:32:16 - 0:01:07 - Epoch 88: train_loss=1.3702622652053833, train_acc= 43.89%
INFO - 09/14/26 01:32:17 - 0:01:07 - Epoch 89: train_loss=1.363813042640686, train_acc= 44.00%
INFO - 09/14/26 01:32:17 - 0:01:08 - Epoch 90: train_loss=1.3638935089111328, train_acc= 44.03%
INFO - 09/14/26 01:32:17 - 0:01:08 - Epoch 90: val_loss=1.462335228919983, val_acc= 41.21%,val_weighted_f1= 32.84,val_macro_f1= 20.81%
EarlyStopping counter: 2 out of 15
INFO - 09/14/26 01:32:17 - 0:01:08 - Epoch 91: train_loss=1.3608169555664062, train_acc= 44.55%
INFO - 09/14/26 01:32:17 - 0:01:08 - Epoch 92: train_loss=1.360621690750122, train_acc= 43.65%
INFO - 09/14/26 01:32:18 - 0:01:08 - Epoch 93: train_loss=1.357064962387085, train_acc= 44.28%
INFO - 09/14/26 01:32:18 - 0:01:09 - Epoch 94: train_loss=1.3571947813034058, train_acc= 44.23%
INFO - 09/14/26 01:32:18 - 0:01:09 - Epoch 95: train_loss=1.3532849550247192, train_acc= 44.27%
INFO - 09/14/26 01:32:18 - 0:01:09 - Epoch 95: val_loss=1.4593100547790527, val_acc= 41.50%,val_weighted_f1= 32.52,val_macro_f1= 20.50%
INFO - 09/14/26 01:32:19 - 0:01:09 - Epoch 96: train_loss=1.3504137992858887, train_acc= 44.03%
INFO - 09/14/26 01:32:19 - 0:01:10 - Epoch 97: train_loss=1.3509244918823242, train_acc= 44.20%
INFO - 09/14/26 01:32:19 - 0:01:10 - Epoch 98: train_loss=1.3475706577301025, train_acc= 44.25%
INFO - 09/14/26 01:32:19 - 0:01:10 - Epoch 99: train_loss=1.3469452857971191, train_acc= 44.35%
INFO - 09/14/26 01:32:20 - 0:01:11 - Epoch 100: train_loss=1.3471295833587646, train_acc= 44.35%
INFO - 09/14/26 01:32:20 - 0:01:11 - Epoch 100: val_loss=1.4730221033096313, val_acc= 41.25%,val_weighted_f1= 32.28,val_macro_f1= 20.28%
EarlyStopping counter: 1 out of 15
INFO - 09/14/26 01:32:20 - 0:01:11 - Epoch 101: train_loss=1.3448723554611206, train_acc= 44.22%
INFO - 09/14/26 01:32:20 - 0:01:11 - Epoch 102: train_loss=1.3461532592773438, train_acc= 44.03%
INFO - 09/14/26 01:32:21 - 0:01:11 - Epoch 103: train_loss=1.3413573503494263, train_acc= 44.67%
INFO - 09/14/26 01:32:21 - 0:01:12 - Epoch 104: train_loss=1.3384672403335571, train_acc= 44.55%
INFO - 09/14/26 01:32:21 - 0:01:12 - Epoch 105: train_loss=1.3480117321014404, train_acc= 44.10%
INFO - 09/14/26 01:32:21 - 0:01:12 - Epoch 105: val_loss=1.461324691772461, val_acc= 40.67%,val_weighted_f1= 31.17,val_macro_f1= 19.43%
EarlyStopping counter: 2 out of 15
INFO - 09/14/26 01:32:22 - 0:01:12 - Epoch 106: train_loss=1.336954951286316, train_acc= 44.46%
INFO - 09/14/26 01:32:22 - 0:01:13 - Epoch 107: train_loss=1.3348971605300903, train_acc= 44.15%
INFO - 09/14/26 01:32:22 - 0:01:13 - Epoch 108: train_loss=1.3361023664474487, train_acc= 43.79%
INFO - 09/14/26 01:32:22 - 0:01:13 - Epoch 109: train_loss=1.3306657075881958, train_acc= 44.77%
INFO - 09/14/26 01:32:23 - 0:01:13 - Epoch 110: train_loss=1.3310760259628296, train_acc= 44.90%
INFO - 09/14/26 01:32:23 - 0:01:14 - Epoch 110: val_loss=1.5689488649368286, val_acc= 40.60%,val_weighted_f1= 31.33,val_macro_f1= 19.57%
EarlyStopping counter: 3 out of 15
INFO - 09/14/26 01:32:23 - 0:01:14 - Epoch 111: train_loss=1.341728925704956, train_acc= 44.04%
INFO - 09/14/26 01:32:23 - 0:01:14 - Epoch 112: train_loss=1.3281835317611694, train_acc= 44.85%
INFO - 09/14/26 01:32:24 - 0:01:14 - Epoch 113: train_loss=1.326544165611267, train_acc= 44.57%
INFO - 09/14/26 01:32:24 - 0:01:15 - Epoch 114: train_loss=1.3218352794647217, train_acc= 44.99%
INFO - 09/14/26 01:32:24 - 0:01:15 - Epoch 115: train_loss=1.3264529705047607, train_acc= 44.90%
INFO - 09/14/26 01:32:24 - 0:01:15 - Epoch 115: val_loss=1.505211353302002, val_acc= 41.47%,val_weighted_f1= 32.87,val_macro_f1= 20.76%
EarlyStopping counter: 4 out of 15
INFO - 09/14/26 01:32:24 - 0:01:15 - Epoch 116: train_loss=1.323486328125, train_acc= 45.01%
INFO - 09/14/26 01:32:25 - 0:01:16 - Epoch 117: train_loss=1.3162845373153687, train_acc= 45.28%
INFO - 09/14/26 01:32:25 - 0:01:16 - Epoch 118: train_loss=1.318126916885376, train_acc= 44.82%
INFO - 09/14/26 01:32:25 - 0:01:16 - Epoch 119: train_loss=1.3193225860595703, train_acc= 44.66%
INFO - 09/14/26 01:32:26 - 0:01:16 - Epoch 120: train_loss=1.3125357627868652, train_acc= 44.90%
INFO - 09/14/26 01:32:26 - 0:01:16 - Epoch 120: val_loss=1.4924646615982056, val_acc= 41.04%,val_weighted_f1= 31.74,val_macro_f1= 19.82%
EarlyStopping counter: 5 out of 15
INFO - 09/14/26 01:32:26 - 0:01:17 - Epoch 121: train_loss=1.3134273290634155, train_acc= 45.42%
INFO - 09/14/26 01:32:26 - 0:01:17 - Epoch 122: train_loss=1.3111152648925781, train_acc= 45.26%
INFO - 09/14/26 01:32:26 - 0:01:17 - Epoch 123: train_loss=1.3099968433380127, train_acc= 45.27%
INFO - 09/14/26 01:32:27 - 0:01:17 - Epoch 124: train_loss=1.3109842538833618, train_acc= 45.26%
INFO - 09/14/26 01:32:27 - 0:01:18 - Epoch 125: train_loss=1.3043962717056274, train_acc= 45.44%
INFO - 09/14/26 01:32:27 - 0:01:18 - Epoch 125: val_loss=1.5247113704681396, val_acc= 41.78%,val_weighted_f1= 32.84,val_macro_f1= 20.80%
INFO - 09/14/26 01:32:27 - 0:01:18 - Epoch 126: train_loss=1.3081345558166504, train_acc= 45.38%
INFO - 09/14/26 01:32:28 - 0:01:18 - Epoch 127: train_loss=1.3039263486862183, train_acc= 45.36%
INFO - 09/14/26 01:32:28 - 0:01:19 - Epoch 128: train_loss=1.3046482801437378, train_acc= 45.53%
INFO - 09/14/26 01:32:28 - 0:01:19 - Epoch 129: train_loss=1.302457332611084, train_acc= 45.24%
INFO - 09/14/26 01:32:29 - 0:01:19 - Epoch 130: train_loss=1.300628423690796, train_acc= 45.41%
INFO - 09/14/26 01:32:29 - 0:01:19 - Epoch 130: val_loss=1.5805778503417969, val_acc= 41.73%,val_weighted_f1= 32.81,val_macro_f1= 20.66%
EarlyStopping counter: 1 out of 15
INFO - 09/14/26 01:32:29 - 0:01:20 - Epoch 131: train_loss=1.2972668409347534, train_acc= 45.44%
INFO - 09/14/26 01:32:29 - 0:01:20 - Epoch 132: train_loss=1.2989898920059204, train_acc= 45.40%
INFO - 09/14/26 01:32:29 - 0:01:20 - Epoch 133: train_loss=1.2947475910186768, train_acc= 45.83%
INFO - 09/14/26 01:32:30 - 0:01:20 - Epoch 134: train_loss=1.2975647449493408, train_acc= 45.50%
INFO - 09/14/26 01:32:30 - 0:01:21 - Epoch 135: train_loss=1.2930599451065063, train_acc= 45.52%
INFO - 09/14/26 01:32:30 - 0:01:21 - Epoch 135: val_loss=1.560276746749878, val_acc= 42.05%,val_weighted_f1= 34.50,val_macro_f1= 22.18%
INFO - 09/14/26 01:32:30 - 0:01:21 - Epoch 136: train_loss=1.290189504623413, train_acc= 45.63%
INFO - 09/14/26 01:32:31 - 0:01:21 - Epoch 137: train_loss=1.2913402318954468, train_acc= 45.55%
INFO - 09/14/26 01:32:31 - 0:01:22 - Epoch 138: train_loss=1.287886381149292, train_acc= 46.12%
INFO - 09/14/26 01:32:31 - 0:01:22 - Epoch 139: train_loss=1.2872369289398193, train_acc= 45.93%
INFO - 09/14/26 01:32:31 - 0:01:22 - Epoch 140: train_loss=1.285618782043457, train_acc= 46.03%
INFO - 09/14/26 01:32:32 - 0:01:22 - Epoch 140: val_loss=1.5384328365325928, val_acc= 41.68%,val_weighted_f1= 34.75,val_macro_f1= 22.40%
EarlyStopping counter: 1 out of 15
INFO - 09/14/26 01:32:32 - 0:01:23 - Epoch 141: train_loss=1.2851686477661133, train_acc= 45.61%
INFO - 09/14/26 01:32:32 - 0:01:23 - Epoch 142: train_loss=1.2862565517425537, train_acc= 45.79%
INFO - 09/14/26 01:32:32 - 0:01:23 - Epoch 143: train_loss=1.2842906713485718, train_acc= 45.74%
INFO - 09/14/26 01:32:33 - 0:01:23 - Epoch 144: train_loss=1.2829201221466064, train_acc= 45.63%
INFO - 09/14/26 01:32:33 - 0:01:24 - Epoch 145: train_loss=1.2796915769577026, train_acc= 45.80%
INFO - 09/14/26 01:32:33 - 0:01:24 - Epoch 145: val_loss=1.4766534566879272, val_acc= 41.45%,val_weighted_f1= 33.69,val_macro_f1= 21.65%
EarlyStopping counter: 2 out of 15
INFO - 09/14/26 01:32:33 - 0:01:24 - Epoch 146: train_loss=1.280350923538208, train_acc= 46.15%
INFO - 09/14/26 01:32:34 - 0:01:24 - Epoch 147: train_loss=1.2801321744918823, train_acc= 46.19%
INFO - 09/14/26 01:32:34 - 0:01:25 - Epoch 148: train_loss=1.2768946886062622, train_acc= 45.70%
INFO - 09/14/26 01:32:34 - 0:01:25 - Epoch 149: train_loss=1.278602957725525, train_acc= 45.91%
INFO - 09/14/26 01:32:34 - 0:01:25 - Epoch 150: train_loss=1.274932861328125, train_acc= 46.00%
INFO - 09/14/26 01:32:34 - 0:01:25 - Epoch 150: val_loss=1.5369536876678467, val_acc= 41.87%,val_weighted_f1= 34.33,val_macro_f1= 22.01%
EarlyStopping counter: 3 out of 15
INFO - 09/14/26 01:32:35 - 0:01:25 - Epoch 151: train_loss=1.2757686376571655, train_acc= 46.13%
INFO - 09/14/26 01:32:35 - 0:01:26 - Epoch 152: train_loss=1.2748451232910156, train_acc= 46.18%
INFO - 09/14/26 01:32:35 - 0:01:26 - Epoch 153: train_loss=1.269655466079712, train_acc= 46.38%
INFO - 09/14/26 01:32:36 - 0:01:26 - Epoch 154: train_loss=1.2741562128067017, train_acc= 46.32%
INFO - 09/14/26 01:32:36 - 0:01:27 - Epoch 155: train_loss=1.272621512413025, train_acc= 46.42%
INFO - 09/14/26 01:32:36 - 0:01:27 - Epoch 155: val_loss=1.533398151397705, val_acc= 41.60%,val_weighted_f1= 33.66,val_macro_f1= 21.43%
EarlyStopping counter: 4 out of 15
INFO - 09/14/26 01:32:36 - 0:01:27 - Epoch 156: train_loss=1.2698818445205688, train_acc= 46.64%
INFO - 09/14/26 01:32:36 - 0:01:27 - Epoch 157: train_loss=1.271345615386963, train_acc= 46.50%
INFO - 09/14/26 01:32:37 - 0:01:28 - Epoch 158: train_loss=1.2664415836334229, train_acc= 46.67%
INFO - 09/14/26 01:32:37 - 0:01:28 - Epoch 159: train_loss=1.2689486742019653, train_acc= 46.64%
INFO - 09/14/26 01:32:37 - 0:01:28 - Epoch 160: train_loss=1.268322229385376, train_acc= 46.68%
INFO - 09/14/26 01:32:37 - 0:01:28 - Epoch 160: val_loss=1.5355793237686157, val_acc= 41.81%,val_weighted_f1= 33.72,val_macro_f1= 21.47%
EarlyStopping counter: 5 out of 15
INFO - 09/14/26 01:32:38 - 0:01:28 - Epoch 161: train_loss=1.2657681703567505, train_acc= 46.50%
INFO - 09/14/26 01:32:38 - 0:01:29 - Epoch 162: train_loss=1.267588496208191, train_acc= 46.23%
INFO - 09/14/26 01:32:38 - 0:01:29 - Epoch 163: train_loss=1.264931559562683, train_acc= 46.15%
INFO - 09/14/26 01:32:38 - 0:01:29 - Epoch 164: train_loss=1.259769082069397, train_acc= 46.82%
INFO - 09/14/26 01:32:39 - 0:01:30 - Epoch 165: train_loss=1.2661712169647217, train_acc= 46.44%
INFO - 09/14/26 01:32:39 - 0:01:30 - Epoch 165: val_loss=1.4400359392166138, val_acc= 41.76%,val_weighted_f1= 33.41,val_macro_f1= 21.25%
EarlyStopping counter: 6 out of 15
INFO - 09/14/26 01:32:39 - 0:01:30 - Epoch 166: train_loss=1.2572848796844482, train_acc= 46.89%
INFO - 09/14/26 01:32:39 - 0:01:30 - Epoch 167: train_loss=1.260829210281372, train_acc= 46.48%
INFO - 09/14/26 01:32:40 - 0:01:30 - Epoch 168: train_loss=1.2544164657592773, train_acc= 46.37%
INFO - 09/14/26 01:32:40 - 0:01:31 - Epoch 169: train_loss=1.260404109954834, train_acc= 46.50%
INFO - 09/14/26 01:32:40 - 0:01:31 - Epoch 170: train_loss=1.2577651739120483, train_acc= 46.47%
INFO - 09/14/26 01:32:40 - 0:01:31 - Epoch 170: val_loss=1.433271050453186, val_acc= 41.30%,val_weighted_f1= 32.66,val_macro_f1= 20.69%
EarlyStopping counter: 7 out of 15
INFO - 09/14/26 01:32:41 - 0:01:31 - Epoch 171: train_loss=1.2591302394866943, train_acc= 46.18%
INFO - 09/14/26 01:32:41 - 0:01:32 - Epoch 172: train_loss=1.2552677392959595, train_acc= 46.75%
INFO - 09/14/26 01:32:41 - 0:01:32 - Epoch 173: train_loss=1.2536870241165161, train_acc= 46.99%
INFO - 09/14/26 01:32:41 - 0:01:32 - Epoch 174: train_loss=1.2531332969665527, train_acc= 46.99%
INFO - 09/14/26 01:32:42 - 0:01:33 - Epoch 175: train_loss=1.249845266342163, train_acc= 47.41%
INFO - 09/14/26 01:32:42 - 0:01:33 - Epoch 175: val_loss=1.4153590202331543, val_acc= 41.86%,val_weighted_f1= 33.87,val_macro_f1= 21.59%
EarlyStopping counter: 8 out of 15
INFO - 09/14/26 01:32:42 - 0:01:33 - Epoch 176: train_loss=1.250612735748291, train_acc= 46.76%
INFO - 09/14/26 01:32:42 - 0:01:33 - Epoch 177: train_loss=1.2575193643569946, train_acc= 47.11%
INFO - 09/14/26 01:32:43 - 0:01:33 - Epoch 178: train_loss=1.2505062818527222, train_acc= 46.74%
INFO - 09/14/26 01:32:43 - 0:01:34 - Epoch 179: train_loss=1.2508571147918701, train_acc= 46.62%
INFO - 09/14/26 01:32:43 - 0:01:34 - Epoch 180: train_loss=1.253458857536316, train_acc= 46.82%
INFO - 09/14/26 01:32:43 - 0:01:34 - Epoch 180: val_loss=1.4232691526412964, val_acc= 41.48%,val_weighted_f1= 33.00,val_macro_f1= 20.95%
EarlyStopping counter: 9 out of 15
INFO - 09/14/26 01:32:44 - 0:01:34 - Epoch 181: train_loss=1.2490044832229614, train_acc= 47.41%
INFO - 09/14/26 01:32:44 - 0:01:35 - Epoch 182: train_loss=1.2482072114944458, train_acc= 47.26%
INFO - 09/14/26 01:32:44 - 0:01:35 - Epoch 183: train_loss=1.242543339729309, train_acc= 47.29%
INFO - 09/14/26 01:32:44 - 0:01:35 - Epoch 184: train_loss=1.2466633319854736, train_acc= 46.86%
INFO - 09/14/26 01:32:45 - 0:01:36 - Epoch 185: train_loss=1.23981511592865, train_acc= 47.37%
INFO - 09/14/26 01:32:45 - 0:01:36 - Epoch 185: val_loss=1.4092793464660645, val_acc= 41.83%,val_weighted_f1= 34.20,val_macro_f1= 22.05%
EarlyStopping counter: 10 out of 15
INFO - 09/14/26 01:32:45 - 0:01:36 - Epoch 186: train_loss=1.239684820175171, train_acc= 47.27%
INFO - 09/14/26 01:32:45 - 0:01:36 - Epoch 187: train_loss=1.24019193649292, train_acc= 47.39%
INFO - 09/14/26 01:32:46 - 0:01:36 - Epoch 188: train_loss=1.2358407974243164, train_acc= 47.43%
INFO - 09/14/26 01:32:46 - 0:01:37 - Epoch 189: train_loss=1.2418137788772583, train_acc= 47.66%
INFO - 09/14/26 01:32:46 - 0:01:37 - Epoch 190: train_loss=1.2391377687454224, train_acc= 47.63%
INFO - 09/14/26 01:32:46 - 0:01:37 - Epoch 190: val_loss=1.413265347480774, val_acc= 41.40%,val_weighted_f1= 33.31,val_macro_f1= 21.36%
EarlyStopping counter: 11 out of 15
INFO - 09/14/26 01:32:46 - 0:01:37 - Epoch 191: train_loss=1.2393996715545654, train_acc= 47.62%
INFO - 09/14/26 01:32:47 - 0:01:38 - Epoch 192: train_loss=1.2338969707489014, train_acc= 47.58%
INFO - 09/14/26 01:32:47 - 0:01:38 - Epoch 193: train_loss=1.2396290302276611, train_acc= 47.48%
INFO - 09/14/26 01:32:47 - 0:01:38 - Epoch 194: train_loss=1.2338200807571411, train_acc= 47.66%
INFO - 09/14/26 01:32:48 - 0:01:38 - Epoch 195: train_loss=1.233736515045166, train_acc= 48.04%
INFO - 09/14/26 01:32:48 - 0:01:39 - Epoch 195: val_loss=1.4100286960601807, val_acc= 42.15%,val_weighted_f1= 35.60,val_macro_f1= 23.13%
INFO - 09/14/26 01:32:48 - 0:01:39 - Epoch 196: train_loss=1.2388501167297363, train_acc= 47.75%
INFO - 09/14/26 01:32:48 - 0:01:39 - Epoch 197: train_loss=1.2316720485687256, train_acc= 48.14%
INFO - 09/14/26 01:32:49 - 0:01:39 - Epoch 198: train_loss=1.238124132156372, train_acc= 47.03%
INFO - 09/14/26 01:32:49 - 0:01:40 - Epoch 199: train_loss=1.2348371744155884, train_acc= 47.50%
INFO - 09/14/26 01:32:49 - 0:01:40 - Epoch 200: train_loss=1.2410752773284912, train_acc= 47.28%
INFO - 09/14/26 01:32:49 - 0:01:40 - Epoch 200: val_loss=1.4214770793914795, val_acc= 41.50%,val_weighted_f1= 32.83,val_macro_f1= 20.81%
EarlyStopping counter: 1 out of 15
INFO - 09/14/26 01:32:49 - 0:01:40 - Epoch 201: train_loss=1.2330995798110962, train_acc= 47.66%
INFO - 09/14/26 01:32:50 - 0:01:41 - Epoch 202: train_loss=1.2360225915908813, train_acc= 47.43%
INFO - 09/14/26 01:32:50 - 0:01:41 - Epoch 203: train_loss=1.2274603843688965, train_acc= 48.12%
INFO - 09/14/26 01:32:50 - 0:01:41 - Epoch 204: train_loss=1.2311142683029175, train_acc= 48.24%
INFO - 09/14/26 01:32:51 - 0:01:41 - Epoch 205: train_loss=1.230266809463501, train_acc= 48.06%
INFO - 09/14/26 01:32:51 - 0:01:41 - Epoch 205: val_loss=1.417948842048645, val_acc= 41.52%,val_weighted_f1= 33.54,val_macro_f1= 21.47%
EarlyStopping counter: 2 out of 15
INFO - 09/14/26 01:32:51 - 0:01:42 - Epoch 206: train_loss=1.226086139678955, train_acc= 47.52%
INFO - 09/14/26 01:32:51 - 0:01:42 - Epoch 207: train_loss=1.2293381690979004, train_acc= 47.57%
INFO - 09/14/26 01:32:51 - 0:01:42 - Epoch 208: train_loss=1.224554419517517, train_acc= 47.77%
INFO - 09/14/26 01:32:52 - 0:01:43 - Epoch 209: train_loss=1.2220654487609863, train_acc= 47.79%
INFO - 09/14/26 01:32:52 - 0:01:43 - Epoch 210: train_loss=1.2225522994995117, train_acc= 48.35%
INFO - 09/14/26 01:32:52 - 0:01:43 - Epoch 210: val_loss=1.4041169881820679, val_acc= 41.79%,val_weighted_f1= 33.82,val_macro_f1= 21.75%
EarlyStopping counter: 3 out of 15
INFO - 09/14/26 01:32:52 - 0:01:43 - Epoch 211: train_loss=1.221510887145996, train_acc= 48.24%
INFO - 09/14/26 01:32:53 - 0:01:43 - Epoch 212: train_loss=1.2164674997329712, train_acc= 48.64%
INFO - 09/14/26 01:32:53 - 0:01:44 - Epoch 213: train_loss=1.2211589813232422, train_acc= 48.47%
INFO - 09/14/26 01:32:53 - 0:01:44 - Epoch 214: train_loss=1.2197611331939697, train_acc= 48.46%
INFO - 09/14/26 01:32:54 - 0:01:44 - Epoch 215: train_loss=1.2197526693344116, train_acc= 48.21%
INFO - 09/14/26 01:32:54 - 0:01:44 - Epoch 215: val_loss=1.3778716325759888, val_acc= 41.78%,val_weighted_f1= 35.53,val_macro_f1= 23.26%
EarlyStopping counter: 4 out of 15
INFO - 09/14/26 01:32:54 - 0:01:45 - Epoch 216: train_loss=1.2191429138183594, train_acc= 48.24%
INFO - 09/14/26 01:32:54 - 0:01:45 - Epoch 217: train_loss=1.2217013835906982, train_acc= 48.24%
INFO - 09/14/26 01:32:54 - 0:01:45 - Epoch 218: train_loss=1.217768669128418, train_acc= 48.37%
INFO - 09/14/26 01:32:55 - 0:01:46 - Epoch 219: train_loss=1.2143536806106567, train_acc= 48.54%
INFO - 09/14/26 01:32:55 - 0:01:46 - Epoch 220: train_loss=1.2166697978973389, train_acc= 48.60%
INFO - 09/14/26 01:32:55 - 0:01:46 - Epoch 220: val_loss=1.3964486122131348, val_acc= 41.70%,val_weighted_f1= 34.07,val_macro_f1= 22.01%
EarlyStopping counter: 5 out of 15
INFO - 09/14/26 01:32:55 - 0:01:46 - Epoch 221: train_loss=1.21540105342865, train_acc= 48.72%
INFO - 09/14/26 01:32:56 - 0:01:46 - Epoch 222: train_loss=1.2164987325668335, train_acc= 48.19%
INFO - 09/14/26 01:32:56 - 0:01:47 - Epoch 223: train_loss=1.214353084564209, train_acc= 48.40%
INFO - 09/14/26 01:32:56 - 0:01:47 - Epoch 224: train_loss=1.212899923324585, train_acc= 48.64%
INFO - 09/14/26 01:32:56 - 0:01:47 - Epoch 225: train_loss=1.209265112876892, train_acc= 48.85%
INFO - 09/14/26 01:32:57 - 0:01:47 - Epoch 225: val_loss=1.4410988092422485, val_acc= 41.45%,val_weighted_f1= 32.71,val_macro_f1= 20.80%
EarlyStopping counter: 6 out of 15
INFO - 09/14/26 01:32:57 - 0:01:48 - Epoch 226: train_loss=1.2196048498153687, train_acc= 48.65%
INFO - 09/14/26 01:32:57 - 0:01:48 - Epoch 227: train_loss=1.2083491086959839, train_acc= 48.82%
INFO - 09/14/26 01:32:57 - 0:01:48 - Epoch 228: train_loss=1.2147393226623535, train_acc= 48.81%
INFO - 09/14/26 01:32:58 - 0:01:48 - Epoch 229: train_loss=1.2133151292800903, train_acc= 48.82%
INFO - 09/14/26 01:32:58 - 0:01:49 - Epoch 230: train_loss=1.218664526939392, train_acc= 48.46%
INFO - 09/14/26 01:32:58 - 0:01:49 - Epoch 230: val_loss=1.4018900394439697, val_acc= 42.05%,val_weighted_f1= 35.33,val_macro_f1= 22.94%
EarlyStopping counter: 7 out of 15
INFO - 09/14/26 01:32:58 - 0:01:49 - Epoch 231: train_loss=1.2089852094650269, train_acc= 49.29%
INFO - 09/14/26 01:32:59 - 0:01:49 - Epoch 232: train_loss=1.2094135284423828, train_acc= 49.13%
INFO - 09/14/26 01:32:59 - 0:01:50 - Epoch 233: train_loss=1.2091021537780762, train_acc= 49.03%
INFO - 09/14/26 01:32:59 - 0:01:50 - Epoch 234: train_loss=1.2083210945129395, train_acc= 49.07%
INFO - 09/14/26 01:32:59 - 0:01:50 - Epoch 235: train_loss=1.2053709030151367, train_acc= 49.19%
INFO - 09/14/26 01:32:59 - 0:01:50 - Epoch 235: val_loss=1.3957462310791016, val_acc= 41.78%,val_weighted_f1= 35.10,val_macro_f1= 22.83%
EarlyStopping counter: 8 out of 15
INFO - 09/14/26 01:33:00 - 0:01:51 - Epoch 236: train_loss=1.2047944068908691, train_acc= 49.41%
INFO - 09/14/26 01:33:00 - 0:01:51 - Epoch 237: train_loss=1.2071149349212646, train_acc= 49.04%
INFO - 09/14/26 01:33:00 - 0:01:51 - Epoch 238: train_loss=1.205992579460144, train_acc= 49.16%
INFO - 09/14/26 01:33:01 - 0:01:51 - Epoch 239: train_loss=1.2024673223495483, train_acc= 49.18%
INFO - 09/14/26 01:33:01 - 0:01:52 - Epoch 240: train_loss=1.2073613405227661, train_acc= 49.32%
INFO - 09/14/26 01:33:01 - 0:01:52 - Epoch 240: val_loss=1.4613909721374512, val_acc= 41.92%,val_weighted_f1= 33.41,val_macro_f1= 21.28%
EarlyStopping counter: 9 out of 15
INFO - 09/14/26 01:33:01 - 0:01:52 - Epoch 241: train_loss=1.2042946815490723, train_acc= 49.08%
INFO - 09/14/26 01:33:01 - 0:01:52 - Epoch 242: train_loss=1.2037129402160645, train_acc= 49.04%
INFO - 09/14/26 01:33:02 - 0:01:53 - Epoch 243: train_loss=1.2007694244384766, train_acc= 49.47%
INFO - 09/14/26 01:33:02 - 0:01:53 - Epoch 244: train_loss=1.1991322040557861, train_acc= 49.56%
INFO - 09/14/26 01:33:02 - 0:01:53 - Epoch 245: train_loss=1.1983104944229126, train_acc= 49.22%
INFO - 09/14/26 01:33:02 - 0:01:53 - Epoch 245: val_loss=1.4348479509353638, val_acc= 41.86%,val_weighted_f1= 33.84,val_macro_f1= 21.68%
EarlyStopping counter: 10 out of 15
INFO - 09/14/26 01:33:03 - 0:01:53 - Epoch 246: train_loss=1.1961925029754639, train_acc= 49.86%
INFO - 09/14/26 01:33:03 - 0:01:54 - Epoch 247: train_loss=1.1949045658111572, train_acc= 49.86%
INFO - 09/14/26 01:33:03 - 0:01:54 - Epoch 248: train_loss=1.1942263841629028, train_acc= 49.90%
INFO - 09/14/26 01:33:03 - 0:01:54 - Epoch 249: train_loss=1.200251579284668, train_acc= 49.25%
INFO - 09/14/26 01:33:04 - 0:01:55 - Epoch 250: train_loss=1.191150188446045, train_acc= 49.91%
INFO - 09/14/26 01:33:04 - 0:01:55 - Epoch 250: val_loss=1.409564733505249, val_acc= 41.76%,val_weighted_f1= 35.60,val_macro_f1= 23.19%
EarlyStopping counter: 11 out of 15
INFO - 09/14/26 01:33:04 - 0:01:55 - Epoch 251: train_loss=1.192800521850586, train_acc= 49.62%
INFO - 09/14/26 01:33:04 - 0:01:55 - Epoch 252: train_loss=1.1916286945343018, train_acc= 49.67%
INFO - 09/14/26 01:33:05 - 0:01:55 - Epoch 253: train_loss=1.1948611736297607, train_acc= 49.72%
INFO - 09/14/26 01:33:05 - 0:01:56 - Epoch 254: train_loss=1.1904734373092651, train_acc= 49.76%
INFO - 09/14/26 01:33:05 - 0:01:56 - Epoch 255: train_loss=1.196000099182129, train_acc= 50.19%
INFO - 09/14/26 01:33:05 - 0:01:56 - Epoch 255: val_loss=1.3988416194915771, val_acc= 42.22%,val_weighted_f1= 35.69,val_macro_f1= 23.26%
INFO - 09/14/26 01:33:06 - 0:01:56 - Epoch 256: train_loss=1.190237283706665, train_acc= 49.99%
INFO - 09/14/26 01:33:06 - 0:01:57 - Epoch 257: train_loss=1.1956288814544678, train_acc= 49.80%
INFO - 09/14/26 01:33:06 - 0:01:57 - Epoch 258: train_loss=1.1912825107574463, train_acc= 49.79%
INFO - 09/14/26 01:33:06 - 0:01:57 - Epoch 259: train_loss=1.1858030557632446, train_acc= 50.36%
INFO - 09/14/26 01:33:07 - 0:01:58 - Epoch 260: train_loss=1.1983895301818848, train_acc= 49.33%
INFO - 09/14/26 01:33:07 - 0:01:58 - Epoch 260: val_loss=1.3941545486450195, val_acc= 42.61%,val_weighted_f1= 36.59,val_macro_f1= 24.14%
INFO - 09/14/26 01:33:07 - 0:01:58 - Epoch 261: train_loss=1.1988741159439087, train_acc= 49.38%
INFO - 09/14/26 01:33:07 - 0:01:58 - Epoch 262: train_loss=1.1920009851455688, train_acc= 49.76%
INFO - 09/14/26 01:33:08 - 0:01:59 - Epoch 263: train_loss=1.191040277481079, train_acc= 49.54%
INFO - 09/14/26 01:33:08 - 0:01:59 - Epoch 264: train_loss=1.189803957939148, train_acc= 49.93%
INFO - 09/14/26 01:33:08 - 0:01:59 - Epoch 265: train_loss=1.1909582614898682, train_acc= 50.01%
INFO - 09/14/26 01:33:08 - 0:01:59 - Epoch 265: val_loss=1.4263825416564941, val_acc= 42.04%,val_weighted_f1= 34.84,val_macro_f1= 22.54%
EarlyStopping counter: 1 out of 15
INFO - 09/14/26 01:33:09 - 0:01:59 - Epoch 266: train_loss=1.1859146356582642, train_acc= 50.11%
INFO - 09/14/26 01:33:09 - 0:02:00 - Epoch 267: train_loss=1.1881994009017944, train_acc= 49.80%
INFO - 09/14/26 01:33:09 - 0:02:00 - Epoch 268: train_loss=1.1888827085494995, train_acc= 49.80%
INFO - 09/14/26 01:33:09 - 0:02:00 - Epoch 269: train_loss=1.1810579299926758, train_acc= 50.04%
INFO - 09/14/26 01:33:10 - 0:02:00 - Epoch 270: train_loss=1.1844298839569092, train_acc= 50.14%
INFO - 09/14/26 01:33:10 - 0:02:01 - Epoch 270: val_loss=1.469265341758728, val_acc= 40.81%,val_weighted_f1= 33.09,val_macro_f1= 21.13%
EarlyStopping counter: 2 out of 15
INFO - 09/14/26 01:33:10 - 0:02:01 - Epoch 271: train_loss=1.184752345085144, train_acc= 50.31%
INFO - 09/14/26 01:33:10 - 0:02:01 - Epoch 272: train_loss=1.1845272779464722, train_acc= 50.33%
INFO - 09/14/26 01:33:11 - 0:02:01 - Epoch 273: train_loss=1.184683918952942, train_acc= 50.06%
INFO - 09/14/26 01:33:11 - 0:02:02 - Epoch 274: train_loss=1.1843701601028442, train_acc= 50.36%
INFO - 09/14/26 01:33:11 - 0:02:02 - Epoch 275: train_loss=1.1812081336975098, train_acc= 50.38%
INFO - 09/14/26 01:33:11 - 0:02:02 - Epoch 275: val_loss=1.4448524713516235, val_acc= 41.24%,val_weighted_f1= 33.69,val_macro_f1= 21.81%
EarlyStopping counter: 3 out of 15
INFO - 09/14/26 01:33:11 - 0:02:02 - Epoch 276: train_loss=1.1818000078201294, train_acc= 49.85%
INFO - 09/14/26 01:33:12 - 0:02:03 - Epoch 277: train_loss=1.1796202659606934, train_acc= 50.51%
INFO - 09/14/26 01:33:12 - 0:02:03 - Epoch 278: train_loss=1.1814547777175903, train_acc= 50.42%
INFO - 09/14/26 01:33:12 - 0:02:03 - Epoch 279: train_loss=1.1808722019195557, train_acc= 50.52%
INFO - 09/14/26 01:33:13 - 0:02:03 - Epoch 280: train_loss=1.1774073839187622, train_acc= 50.35%
INFO - 09/14/26 01:33:13 - 0:02:03 - Epoch 280: val_loss=1.3992520570755005, val_acc= 42.36%,val_weighted_f1= 35.79,val_macro_f1= 23.32%
EarlyStopping counter: 4 out of 15
INFO - 09/14/26 01:33:13 - 0:02:04 - Epoch 281: train_loss=1.1832400560379028, train_acc= 49.95%
INFO - 09/14/26 01:33:13 - 0:02:04 - Epoch 282: train_loss=1.1816751956939697, train_acc= 50.41%
INFO - 09/14/26 01:33:13 - 0:02:04 - Epoch 283: train_loss=1.174442172050476, train_acc= 50.97%
INFO - 09/14/26 01:33:14 - 0:02:05 - Epoch 284: train_loss=1.1765216588974, train_acc= 51.05%
INFO - 09/14/26 01:33:14 - 0:02:05 - Epoch 285: train_loss=1.1731325387954712, train_acc= 50.49%
INFO - 09/14/26 01:33:14 - 0:02:05 - Epoch 285: val_loss=1.4667586088180542, val_acc= 42.20%,val_weighted_f1= 34.54,val_macro_f1= 22.25%
EarlyStopping counter: 5 out of 15
INFO - 09/14/26 01:33:14 - 0:02:05 - Epoch 286: train_loss=1.173291802406311, train_acc= 50.69%
INFO - 09/14/26 01:33:15 - 0:02:05 - Epoch 287: train_loss=1.1785469055175781, train_acc= 50.52%
INFO - 09/14/26 01:33:15 - 0:02:06 - Epoch 288: train_loss=1.1709016561508179, train_acc= 50.87%
INFO - 09/14/26 01:33:15 - 0:02:06 - Epoch 289: train_loss=1.1762205362319946, train_acc= 50.78%
INFO - 09/14/26 01:33:16 - 0:02:06 - Epoch 290: train_loss=1.169336199760437, train_acc= 51.21%
INFO - 09/14/26 01:33:16 - 0:02:06 - Epoch 290: val_loss=1.472435474395752, val_acc= 41.74%,val_weighted_f1= 34.15,val_macro_f1= 21.94%
EarlyStopping counter: 6 out of 15
INFO - 09/14/26 01:33:16 - 0:02:07 - Epoch 291: train_loss=1.169137716293335, train_acc= 50.96%
INFO - 09/14/26 01:33:16 - 0:02:07 - Epoch 292: train_loss=1.1687648296356201, train_acc= 51.29%
INFO - 09/14/26 01:33:16 - 0:02:07 - Epoch 293: train_loss=1.1678223609924316, train_acc= 50.93%
INFO - 09/14/26 01:33:17 - 0:02:07 - Epoch 294: train_loss=1.168208122253418, train_acc= 50.87%
INFO - 09/14/26 01:33:17 - 0:02:08 - Epoch 295: train_loss=1.1731605529785156, train_acc= 50.62%
INFO - 09/14/26 01:33:17 - 0:02:08 - Epoch 295: val_loss=1.425801157951355, val_acc= 42.10%,val_weighted_f1= 35.05,val_macro_f1= 22.69%
EarlyStopping counter: 7 out of 15
INFO - 09/14/26 01:33:17 - 0:02:08 - Epoch 296: train_loss=1.1677165031433105, train_acc= 50.91%
INFO - 09/14/26 01:33:18 - 0:02:08 - Epoch 297: train_loss=1.1688708066940308, train_acc= 50.42%
INFO - 09/14/26 01:33:18 - 0:02:09 - Epoch 298: train_loss=1.1675405502319336, train_acc= 51.02%
INFO - 09/14/26 01:33:18 - 0:02:09 - Epoch 299: train_loss=1.1654244661331177, train_acc= 51.16%
INFO - 09/14/26 01:33:18 - 0:02:09 - Epoch 300: train_loss=1.1674398183822632, train_acc= 50.90%
INFO - 09/14/26 01:33:19 - 0:02:09 - Epoch 300: val_loss=1.4695740938186646, val_acc= 41.60%,val_weighted_f1= 34.73,val_macro_f1= 22.51%
EarlyStopping counter: 8 out of 15
INFO - 09/14/26 01:33:19 - 0:02:10 - Epoch 301: train_loss=1.1654518842697144, train_acc= 50.74%
INFO - 09/14/26 01:33:19 - 0:02:10 - Epoch 302: train_loss=1.1649458408355713, train_acc= 50.91%
INFO - 09/14/26 01:33:19 - 0:02:10 - Epoch 303: train_loss=1.1667282581329346, train_acc= 50.61%
INFO - 09/14/26 01:33:20 - 0:02:10 - Epoch 304: train_loss=1.1646207571029663, train_acc= 50.66%
INFO - 09/14/26 01:33:20 - 0:02:11 - Epoch 305: train_loss=1.1604671478271484, train_acc= 50.82%
INFO - 09/14/26 01:33:20 - 0:02:11 - Epoch 305: val_loss=1.5577253103256226, val_acc= 41.48%,val_weighted_f1= 33.25,val_macro_f1= 21.20%
EarlyStopping counter: 9 out of 15
INFO - 09/14/26 01:33:20 - 0:02:11 - Epoch 306: train_loss=1.1635897159576416, train_acc= 50.92%
INFO - 09/14/26 01:33:21 - 0:02:11 - Epoch 307: train_loss=1.163610816001892, train_acc= 51.22%
INFO - 09/14/26 01:33:21 - 0:02:12 - Epoch 308: train_loss=1.1607600450515747, train_acc= 51.02%
INFO - 09/14/26 01:33:21 - 0:02:12 - Epoch 309: train_loss=1.158955454826355, train_acc= 51.03%
INFO - 09/14/26 01:33:21 - 0:02:12 - Epoch 310: train_loss=1.164084553718567, train_acc= 50.80%
INFO - 09/14/26 01:33:22 - 0:02:12 - Epoch 310: val_loss=1.4791746139526367, val_acc= 41.60%,val_weighted_f1= 34.30,val_macro_f1= 22.10%
EarlyStopping counter: 10 out of 15
INFO - 09/14/26 01:33:22 - 0:02:13 - Epoch 311: train_loss=1.1638458967208862, train_acc= 51.36%
INFO - 09/14/26 01:33:22 - 0:02:13 - Epoch 312: train_loss=1.1585863828659058, train_acc= 51.05%
INFO - 09/14/26 01:33:22 - 0:02:13 - Epoch 313: train_loss=1.1601516008377075, train_acc= 51.28%
INFO - 09/14/26 01:33:23 - 0:02:13 - Epoch 314: train_loss=1.1524826288223267, train_acc= 51.51%
INFO - 09/14/26 01:33:23 - 0:02:14 - Epoch 315: train_loss=1.1566040515899658, train_acc= 51.07%
INFO - 09/14/26 01:33:23 - 0:02:14 - Epoch 315: val_loss=1.442543864250183, val_acc= 42.43%,val_weighted_f1= 36.09,val_macro_f1= 23.54%
EarlyStopping counter: 11 out of 15
INFO - 09/14/26 01:33:23 - 0:02:14 - Epoch 316: train_loss=1.1579171419143677, train_acc= 51.20%
INFO - 09/14/26 01:33:23 - 0:02:14 - Epoch 317: train_loss=1.1551593542099, train_acc= 51.32%
INFO - 09/14/26 01:33:24 - 0:02:15 - Epoch 318: train_loss=1.1599034070968628, train_acc= 50.93%
INFO - 09/14/26 01:33:24 - 0:02:15 - Epoch 319: train_loss=1.1557345390319824, train_acc= 51.15%
INFO - 09/14/26 01:33:24 - 0:02:15 - Epoch 320: train_loss=1.1597635746002197, train_acc= 51.01%
INFO - 09/14/26 01:33:24 - 0:02:15 - Epoch 320: val_loss=1.4764264822006226, val_acc= 41.68%,val_weighted_f1= 35.03,val_macro_f1= 22.75%
EarlyStopping counter: 12 out of 15
INFO - 09/14/26 01:33:25 - 0:02:16 - Epoch 321: train_loss=1.1530535221099854, train_acc= 51.64%
INFO - 09/14/26 01:33:25 - 0:02:16 - Epoch 322: train_loss=1.1573116779327393, train_acc= 51.22%
INFO - 09/14/26 01:33:25 - 0:02:16 - Epoch 323: train_loss=1.1532796621322632, train_acc= 50.97%
INFO - 09/14/26 01:33:25 - 0:02:16 - Epoch 324: train_loss=1.1536569595336914, train_acc= 51.27%
INFO - 09/14/26 01:33:26 - 0:02:17 - Epoch 325: train_loss=1.1559104919433594, train_acc= 51.20%
INFO - 09/14/26 01:33:26 - 0:02:17 - Epoch 325: val_loss=1.6222988367080688, val_acc= 41.58%,val_weighted_f1= 33.65,val_macro_f1= 21.53%
EarlyStopping counter: 13 out of 15
INFO - 09/14/26 01:33:26 - 0:02:17 - Epoch 326: train_loss=1.1522892713546753, train_acc= 51.10%
INFO - 09/14/26 01:33:26 - 0:02:17 - Epoch 327: train_loss=1.1509613990783691, train_acc= 51.48%
INFO - 09/14/26 01:33:27 - 0:02:17 - Epoch 328: train_loss=1.1546236276626587, train_acc= 51.25%
INFO - 09/14/26 01:33:27 - 0:02:18 - Epoch 329: train_loss=1.1523528099060059, train_acc= 51.14%
INFO - 09/14/26 01:33:27 - 0:02:18 - Epoch 330: train_loss=1.151559591293335, train_acc= 51.20%
INFO - 09/14/26 01:33:27 - 0:02:18 - Epoch 330: val_loss=1.5173105001449585, val_acc= 41.48%,val_weighted_f1= 34.36,val_macro_f1= 22.09%
EarlyStopping counter: 14 out of 15
INFO - 09/14/26 01:33:28 - 0:02:18 - Epoch 331: train_loss=1.1488415002822876, train_acc= 51.68%
INFO - 09/14/26 01:33:28 - 0:02:19 - Epoch 332: train_loss=1.1489858627319336, train_acc= 51.79%
INFO - 09/14/26 01:33:28 - 0:02:19 - Epoch 333: train_loss=1.1472190618515015, train_acc= 51.63%
INFO - 09/14/26 01:33:28 - 0:02:19 - Epoch 334: train_loss=1.1471951007843018, train_acc= 51.63%
INFO - 09/14/26 01:33:29 - 0:02:20 - Epoch 335: train_loss=1.1539130210876465, train_acc= 51.03%
INFO - 09/14/26 01:33:29 - 0:02:20 - Epoch 335: val_loss=1.528996229171753, val_acc= 41.87%,val_weighted_f1= 34.32,val_macro_f1= 22.03%
EarlyStopping counter: 15 out of 15
---------Early stopping--------
INFO - 09/14/26 01:33:29 - 0:02:20 - --------------Testing--------------------
INFO - 09/14/26 01:33:29 - 0:02:20 - --------------Loading from ./checkpoints/NC_Amazon-ratings_model.pt--------------------
INFO - 09/14/26 01:33:29 - 0:02:20 - test_acc= 42.02%, weighted_f1= 36.45,macro_f1= 24.23%
INFO - 09/14/26 01:33:29 - 0:02:20 - test_acc= 42.02%, weighted_f1= 36.45,macro_f1= 24.23%
INFO - 09/14/26 01:33:29 - 0:02:20 - Epoch 0: train_loss=1.7347177267074585, train_acc= 19.98%
INFO - 09/14/26 01:33:29 - 0:02:20 - Epoch 0: val_loss=1.610794186592102, val_acc= 8.90%,val_weighted_f1= 1.46,val_macro_f1= 3.27%
INFO - 09/14/26 01:33:30 - 0:02:21 - Epoch 1: train_loss=1.782824993133545, train_acc= 19.63%
INFO - 09/14/26 01:33:30 - 0:02:21 - Epoch 2: train_loss=1.729691743850708, train_acc= 19.90%
INFO - 09/14/26 01:33:30 - 0:02:21 - Epoch 3: train_loss=1.7225364446640015, train_acc= 19.92%
INFO - 09/14/26 01:33:30 - 0:02:21 - Epoch 4: train_loss=1.7172036170959473, train_acc= 20.27%
INFO - 09/14/26 01:33:31 - 0:02:22 - Epoch 5: train_loss=1.7115131616592407, train_acc= 20.28%
INFO - 09/14/26 01:33:31 - 0:02:22 - Epoch 5: val_loss=1.6087236404418945, val_acc= 23.19%,val_weighted_f1= 8.73,val_macro_f1= 7.53%
INFO - 09/14/26 01:33:31 - 0:02:22 - Epoch 6: train_loss=1.7008699178695679, train_acc= 20.65%
INFO - 09/14/26 01:33:31 - 0:02:22 - Epoch 7: train_loss=1.6843839883804321, train_acc= 21.57%
INFO - 09/14/26 01:33:32 - 0:02:23 - Epoch 8: train_loss=1.6819539070129395, train_acc= 21.60%
INFO - 09/14/26 01:33:32 - 0:02:23 - Epoch 9: train_loss=1.684575080871582, train_acc= 21.26%
INFO - 09/14/26 01:33:32 - 0:02:23 - Epoch 10: train_loss=1.6759324073791504, train_acc= 21.97%
INFO - 09/14/26 01:33:32 - 0:02:23 - Epoch 10: val_loss=1.6006457805633545, val_acc= 23.19%,val_weighted_f1= 8.73,val_macro_f1= 7.53%
INFO - 09/14/26 01:33:33 - 0:02:24 - Epoch 11: train_loss=1.6677370071411133, train_acc= 22.18%
INFO - 09/14/26 01:33:33 - 0:02:24 - Epoch 12: train_loss=1.6550865173339844, train_acc= 22.57%
INFO - 09/14/26 01:33:33 - 0:02:24 - Epoch 13: train_loss=1.6461091041564941, train_acc= 23.31%
INFO - 09/14/26 01:33:33 - 0:02:24 - Epoch 14: train_loss=1.640809416770935, train_acc= 24.02%
INFO - 09/14/26 01:33:34 - 0:02:25 - Epoch 15: train_loss=1.6311193704605103, train_acc= 23.62%
INFO - 09/14/26 01:33:34 - 0:02:25 - Epoch 15: val_loss=1.598270297050476, val_acc= 23.19%,val_weighted_f1= 8.73,val_macro_f1= 7.53%
INFO - 09/14/26 01:33:34 - 0:02:25 - Epoch 16: train_loss=1.6094008684158325, train_acc= 25.45%
INFO - 09/14/26 01:33:34 - 0:02:25 - Epoch 17: train_loss=1.6040705442428589, train_acc= 25.95%
INFO - 09/14/26 01:33:35 - 0:02:26 - Epoch 18: train_loss=1.59469735622406, train_acc= 27.32%
INFO - 09/14/26 01:33:35 - 0:02:26 - Epoch 19: train_loss=1.5832358598709106, train_acc= 29.51%
INFO - 09/14/26 01:33:35 - 0:02:26 - Epoch 20: train_loss=1.5746372938156128, train_acc= 31.55%
INFO - 09/14/26 01:33:35 - 0:02:26 - Epoch 20: val_loss=1.5867598056793213, val_acc= 26.91%,val_weighted_f1= 20.14,val_macro_f1= 13.51%
INFO - 09/14/26 01:33:36 - 0:02:27 - Epoch 21: train_loss=1.5711208581924438, train_acc= 33.22%
INFO - 09/14/26 01:33:36 - 0:02:27 - Epoch 22: train_loss=1.5695035457611084, train_acc= 33.99%
INFO - 09/14/26 01:33:36 - 0:02:27 - Epoch 23: train_loss=1.5630226135253906, train_acc= 34.93%
INFO - 09/14/26 01:33:37 - 0:02:27 - Epoch 24: train_loss=1.5614376068115234, train_acc= 35.28%
INFO - 09/14/26 01:33:37 - 0:02:28 - Epoch 25: train_loss=1.556870937347412, train_acc= 35.59%
INFO - 09/14/26 01:33:37 - 0:02:28 - Epoch 25: val_loss=1.564267635345459, val_acc= 34.56%,val_weighted_f1= 25.70,val_macro_f1= 15.79%
INFO - 09/14/26 01:33:37 - 0:02:28 - Epoch 26: train_loss=1.5563158988952637, train_acc= 35.77%
INFO - 09/14/26 01:33:38 - 0:02:28 - Epoch 27: train_loss=1.5546752214431763, train_acc= 35.93%
INFO - 09/14/26 01:33:38 - 0:02:29 - Epoch 28: train_loss=1.547171711921692, train_acc= 36.38%
INFO - 09/14/26 01:33:38 - 0:02:29 - Epoch 29: train_loss=1.5442640781402588, train_acc= 36.60%
INFO - 09/14/26 01:33:38 - 0:02:29 - Epoch 30: train_loss=1.545318365097046, train_acc= 36.59%
INFO - 09/14/26 01:33:38 - 0:02:29 - Epoch 30: val_loss=1.5584945678710938, val_acc= 38.23%,val_weighted_f1= 30.46,val_macro_f1= 19.28%
INFO - 09/14/26 01:33:39 - 0:02:30 - Epoch 31: train_loss=1.5376782417297363, train_acc= 37.37%
INFO - 09/14/26 01:33:39 - 0:02:30 - Epoch 32: train_loss=1.5365023612976074, train_acc= 37.12%
INFO - 09/14/26 01:33:39 - 0:02:30 - Epoch 33: train_loss=1.5372661352157593, train_acc= 37.39%
INFO - 09/14/26 01:33:40 - 0:02:31 - Epoch 34: train_loss=1.5316147804260254, train_acc= 37.48%
INFO - 09/14/26 01:33:40 - 0:02:31 - Epoch 35: train_loss=1.5261527299880981, train_acc= 37.54%
INFO - 09/14/26 01:33:40 - 0:02:31 - Epoch 35: val_loss=1.5459498167037964, val_acc= 38.58%,val_weighted_f1= 29.99,val_macro_f1= 18.86%
INFO - 09/14/26 01:33:40 - 0:02:31 - Epoch 36: train_loss=1.5277633666992188, train_acc= 37.68%
INFO - 09/14/26 01:33:41 - 0:02:31 - Epoch 37: train_loss=1.5180610418319702, train_acc= 37.59%
INFO - 09/14/26 01:33:41 - 0:02:32 - Epoch 38: train_loss=1.5192744731903076, train_acc= 37.69%
INFO - 09/14/26 01:33:41 - 0:02:32 - Epoch 39: train_loss=1.5133540630340576, train_acc= 37.51%
INFO - 09/14/26 01:33:42 - 0:02:32 - Epoch 40: train_loss=1.5118844509124756, train_acc= 37.35%
INFO - 09/14/26 01:33:42 - 0:02:32 - Epoch 40: val_loss=1.5381850004196167, val_acc= 38.76%,val_weighted_f1= 29.99,val_macro_f1= 18.95%
INFO - 09/14/26 01:33:42 - 0:02:33 - Epoch 41: train_loss=1.5068297386169434, train_acc= 37.61%
INFO - 09/14/26 01:33:42 - 0:02:33 - Epoch 42: train_loss=1.5003364086151123, train_acc= 37.98%
INFO - 09/14/26 01:33:43 - 0:02:33 - Epoch 43: train_loss=1.5017927885055542, train_acc= 38.25%
INFO - 09/14/26 01:33:43 - 0:02:34 - Epoch 44: train_loss=1.4977232217788696, train_acc= 38.42%
INFO - 09/14/26 01:33:43 - 0:02:34 - Epoch 45: train_loss=1.4972597360610962, train_acc= 38.38%
INFO - 09/14/26 01:33:43 - 0:02:34 - Epoch 45: val_loss=1.531764030456543, val_acc= 35.83%,val_weighted_f1= 26.53,val_macro_f1= 17.04%
EarlyStopping counter: 1 out of 15
INFO - 09/14/26 01:33:43 - 0:02:34 - Epoch 46: train_loss=1.4894882440567017, train_acc= 39.03%
INFO - 09/14/26 01:33:44 - 0:02:35 - Epoch 47: train_loss=1.4846314191818237, train_acc= 38.51%
INFO - 09/14/26 01:33:44 - 0:02:35 - Epoch 48: train_loss=1.4811365604400635, train_acc= 38.77%
INFO - 09/14/26 01:33:44 - 0:02:35 - Epoch 49: train_loss=1.4780011177062988, train_acc= 39.03%
INFO - 09/14/26 01:33:44 - 0:02:35 - Epoch 50: train_loss=1.477107048034668, train_acc= 39.53%
INFO - 09/14/26 01:33:45 - 0:02:35 - Epoch 50: val_loss=1.5147064924240112, val_acc= 38.54%,val_weighted_f1= 29.35,val_macro_f1= 18.70%
EarlyStopping counter: 2 out of 15
INFO - 09/14/26 01:33:45 - 0:02:36 - Epoch 51: train_loss=1.4732660055160522, train_acc= 39.95%
INFO - 09/14/26 01:33:45 - 0:02:36 - Epoch 52: train_loss=1.4712128639221191, train_acc= 40.20%
INFO - 09/14/26 01:33:45 - 0:02:36 - Epoch 53: train_loss=1.4694018363952637, train_acc= 39.95%
INFO - 09/14/26 01:33:46 - 0:02:36 - Epoch 54: train_loss=1.46725332736969, train_acc= 40.02%
INFO - 09/14/26 01:33:46 - 0:02:37 - Epoch 55: train_loss=1.4665929079055786, train_acc= 40.06%
INFO - 09/14/26 01:33:46 - 0:02:37 - Epoch 55: val_loss=1.5016231536865234, val_acc= 39.34%,val_weighted_f1= 30.06,val_macro_f1= 19.14%
INFO - 09/14/26 01:33:46 - 0:02:37 - Epoch 56: train_loss=1.4606138467788696, train_acc= 40.31%
INFO - 09/14/26 01:33:47 - 0:02:37 - Epoch 57: train_loss=1.4596668481826782, train_acc= 40.93%
INFO - 09/14/26 01:33:47 - 0:02:38 - Epoch 58: train_loss=1.455296277999878, train_acc= 40.32%
INFO - 09/14/26 01:33:47 - 0:02:38 - Epoch 59: train_loss=1.4514020681381226, train_acc= 41.03%
INFO - 09/14/26 01:33:48 - 0:02:38 - Epoch 60: train_loss=1.4532642364501953, train_acc= 40.93%
INFO - 09/14/26 01:33:48 - 0:02:38 - Epoch 60: val_loss=1.481117844581604, val_acc= 41.07%,val_weighted_f1= 31.81,val_macro_f1= 20.15%
INFO - 09/14/26 01:33:48 - 0:02:39 - Epoch 61: train_loss=1.4460381269454956, train_acc= 40.83%
INFO - 09/14/26 01:33:48 - 0:02:39 - Epoch 62: train_loss=1.4491419792175293, train_acc= 41.21%
INFO - 09/14/26 01:33:49 - 0:02:39 - Epoch 63: train_loss=1.4394277334213257, train_acc= 40.58%
INFO - 09/14/26 01:33:49 - 0:02:40 - Epoch 64: train_loss=1.4372035264968872, train_acc= 41.16%
INFO - 09/14/26 01:33:49 - 0:02:40 - Epoch 65: train_loss=1.4352494478225708, train_acc= 41.25%
INFO - 09/14/26 01:33:49 - 0:02:40 - Epoch 65: val_loss=1.4608525037765503, val_acc= 40.72%,val_weighted_f1= 31.48,val_macro_f1= 19.97%
EarlyStopping counter: 1 out of 15
INFO - 09/14/26 01:33:49 - 0:02:40 - Epoch 66: train_loss=1.4357715845108032, train_acc= 41.36%
INFO - 09/14/26 01:33:50 - 0:02:41 - Epoch 67: train_loss=1.4237805604934692, train_acc= 41.12%
INFO - 09/14/26 01:33:50 - 0:02:41 - Epoch 68: train_loss=1.4240045547485352, train_acc= 41.17%
INFO - 09/14/26 01:33:50 - 0:02:41 - Epoch 69: train_loss=1.4236323833465576, train_acc= 42.07%
INFO - 09/14/26 01:33:50 - 0:02:41 - Epoch 70: train_loss=1.4144084453582764, train_acc= 41.83%
INFO - 09/14/26 01:33:51 - 0:02:41 - Epoch 70: val_loss=1.4458746910095215, val_acc= 40.65%,val_weighted_f1= 31.42,val_macro_f1= 19.93%
EarlyStopping counter: 2 out of 15
INFO - 09/14/26 01:33:51 - 0:02:42 - Epoch 71: train_loss=1.4148848056793213, train_acc= 41.40%
INFO - 09/14/26 01:33:51 - 0:02:42 - Epoch 72: train_loss=1.4129918813705444, train_acc= 41.70%
INFO - 09/14/26 01:33:51 - 0:02:42 - Epoch 73: train_loss=1.406459927558899, train_acc= 42.55%
INFO - 09/14/26 01:33:52 - 0:02:42 - Epoch 74: train_loss=1.4030795097351074, train_acc= 42.10%
INFO - 09/14/26 01:33:52 - 0:02:43 - Epoch 75: train_loss=1.4039376974105835, train_acc= 42.09%
INFO - 09/14/26 01:33:52 - 0:02:43 - Epoch 75: val_loss=1.4364569187164307, val_acc= 41.16%,val_weighted_f1= 31.95,val_macro_f1= 20.21%
INFO - 09/14/26 01:33:52 - 0:02:43 - Epoch 76: train_loss=1.403528094291687, train_acc= 41.41%
INFO - 09/14/26 01:33:53 - 0:02:43 - Epoch 77: train_loss=1.396898627281189, train_acc= 42.19%
INFO - 09/14/26 01:33:53 - 0:02:44 - Epoch 78: train_loss=1.3935468196868896, train_acc= 42.36%
INFO - 09/14/26 01:33:53 - 0:02:44 - Epoch 79: train_loss=1.396762728691101, train_acc= 42.18%
INFO - 09/14/26 01:33:53 - 0:02:44 - Epoch 80: train_loss=1.3871973752975464, train_acc= 42.53%
INFO - 09/14/26 01:33:54 - 0:02:44 - Epoch 80: val_loss=1.4184739589691162, val_acc= 41.17%,val_weighted_f1= 31.98,val_macro_f1= 20.20%
INFO - 09/14/26 01:33:54 - 0:02:45 - Epoch 81: train_loss=1.3863551616668701, train_acc= 42.85%
INFO - 09/14/26 01:33:54 - 0:02:45 - Epoch 82: train_loss=1.3822051286697388, train_acc= 42.74%
INFO - 09/14/26 01:33:54 - 0:02:45 - Epoch 83: train_loss=1.3863630294799805, train_acc= 42.36%
INFO - 09/14/26 01:33:55 - 0:02:45 - Epoch 84: train_loss=1.374229073524475, train_acc= 42.96%
INFO - 09/14/26 01:33:55 - 0:02:46 - Epoch 85: train_loss=1.3750336170196533, train_acc= 43.25%
INFO - 09/14/26 01:33:55 - 0:02:46 - Epoch 85: val_loss=1.4159647226333618, val_acc= 40.91%,val_weighted_f1= 30.98,val_macro_f1= 19.22%
EarlyStopping counter: 1 out of 15
INFO - 09/14/26 01:33:55 - 0:02:46 - Epoch 86: train_loss=1.3807735443115234, train_acc= 43.12%
INFO - 09/14/26 01:33:56 - 0:02:46 - Epoch 87: train_loss=1.370136022567749, train_acc= 42.23%
INFO - 09/14/26 01:33:56 - 0:02:47 - Epoch 88: train_loss=1.3718523979187012, train_acc= 42.35%
INFO - 09/14/26 01:33:56 - 0:02:47 - Epoch 89: train_loss=1.362809419631958, train_acc= 43.18%
INFO - 09/14/26 01:33:56 - 0:02:47 - Epoch 90: train_loss=1.3629297018051147, train_acc= 43.41%
INFO - 09/14/26 01:33:56 - 0:02:47 - Epoch 90: val_loss=1.4123563766479492, val_acc= 40.19%,val_weighted_f1= 29.61,val_macro_f1= 18.17%
EarlyStopping counter: 2 out of 15
INFO - 09/14/26 01:33:57 - 0:02:48 - Epoch 91: train_loss=1.3583238124847412, train_acc= 43.58%
INFO - 09/14/26 01:33:57 - 0:02:48 - Epoch 92: train_loss=1.3598989248275757, train_acc= 42.76%
INFO - 09/14/26 01:33:57 - 0:02:48 - Epoch 93: train_loss=1.3560762405395508, train_acc= 43.48%
INFO - 09/14/26 01:33:58 - 0:02:48 - Epoch 94: train_loss=1.3509304523468018, train_acc= 43.30%
INFO - 09/14/26 01:33:58 - 0:02:49 - Epoch 95: train_loss=1.3464702367782593, train_acc= 43.50%
INFO - 09/14/26 01:33:58 - 0:02:49 - Epoch 95: val_loss=1.3812521696090698, val_acc= 41.19%,val_weighted_f1= 31.95,val_macro_f1= 20.29%
INFO - 09/14/26 01:33:58 - 0:02:49 - Epoch 96: train_loss=1.34651780128479, train_acc= 43.26%
INFO - 09/14/26 01:33:58 - 0:02:49 - Epoch 97: train_loss=1.3413231372833252, train_acc= 43.69%
INFO - 09/14/26 01:33:59 - 0:02:50 - Epoch 98: train_loss=1.3412364721298218, train_acc= 43.12%
INFO - 09/14/26 01:33:59 - 0:02:50 - Epoch 99: train_loss=1.343760371208191, train_acc= 43.88%
INFO - 09/14/26 01:33:59 - 0:02:50 - Epoch 100: train_loss=1.3361111879348755, train_acc= 43.60%
INFO - 09/14/26 01:33:59 - 0:02:50 - Epoch 100: val_loss=1.371860384941101, val_acc= 41.35%,val_weighted_f1= 32.17,val_macro_f1= 20.29%
INFO - 09/14/26 01:34:00 - 0:02:50 - Epoch 101: train_loss=1.3332217931747437, train_acc= 43.51%
INFO - 09/14/26 01:34:00 - 0:02:51 - Epoch 102: train_loss=1.3336387872695923, train_acc= 43.45%
INFO - 09/14/26 01:34:00 - 0:02:51 - Epoch 103: train_loss=1.3295460939407349, train_acc= 44.07%
INFO - 09/14/26 01:34:01 - 0:02:51 - Epoch 104: train_loss=1.332666277885437, train_acc= 44.04%
INFO - 09/14/26 01:34:01 - 0:02:52 - Epoch 105: train_loss=1.3293389081954956, train_acc= 44.10%
INFO - 09/14/26 01:34:01 - 0:02:52 - Epoch 105: val_loss=1.3861786127090454, val_acc= 39.47%,val_weighted_f1= 28.09,val_macro_f1= 17.03%
EarlyStopping counter: 1 out of 15
INFO - 09/14/26 01:34:01 - 0:02:52 - Epoch 106: train_loss=1.3297144174575806, train_acc= 43.39%
INFO - 09/14/26 01:34:01 - 0:02:52 - Epoch 107: train_loss=1.3237863779067993, train_acc= 44.20%
INFO - 09/14/26 01:34:02 - 0:02:53 - Epoch 108: train_loss=1.3250818252563477, train_acc= 43.51%
INFO - 09/14/26 01:34:02 - 0:02:53 - Epoch 109: train_loss=1.3170067071914673, train_acc= 43.88%
INFO - 09/14/26 01:34:02 - 0:02:53 - Epoch 110: train_loss=1.3172084093093872, train_acc= 44.19%
INFO - 09/14/26 01:34:02 - 0:02:53 - Epoch 110: val_loss=1.3659087419509888, val_acc= 41.01%,val_weighted_f1= 31.62,val_macro_f1= 19.79%
EarlyStopping counter: 2 out of 15
INFO - 09/14/26 01:34:03 - 0:02:53 - Epoch 111: train_loss=1.3150086402893066, train_acc= 44.46%
INFO - 09/14/26 01:34:03 - 0:02:54 - Epoch 112: train_loss=1.3177706003189087, train_acc= 44.00%
INFO - 09/14/26 01:34:03 - 0:02:54 - Epoch 113: train_loss=1.312343955039978, train_acc= 44.15%
INFO - 09/14/26 01:34:03 - 0:02:54 - Epoch 114: train_loss=1.3177992105484009, train_acc= 43.75%
INFO - 09/14/26 01:34:04 - 0:02:54 - Epoch 115: train_loss=1.310166358947754, train_acc= 44.01%
INFO - 09/14/26 01:34:04 - 0:02:55 - Epoch 115: val_loss=1.3688087463378906, val_acc= 41.11%,val_weighted_f1= 31.91,val_macro_f1= 20.08%
EarlyStopping counter: 3 out of 15
INFO - 09/14/26 01:34:04 - 0:02:55 - Epoch 116: train_loss=1.3171703815460205, train_acc= 43.97%
INFO - 09/14/26 01:34:04 - 0:02:55 - Epoch 117: train_loss=1.3087388277053833, train_acc= 44.47%
INFO - 09/14/26 01:34:05 - 0:02:55 - Epoch 118: train_loss=1.3096388578414917, train_acc= 44.30%
INFO - 09/14/26 01:34:05 - 0:02:56 - Epoch 119: train_loss=1.3074901103973389, train_acc= 44.10%
INFO - 09/14/26 01:34:05 - 0:02:56 - Epoch 120: train_loss=1.3035928010940552, train_acc= 44.31%
INFO - 09/14/26 01:34:05 - 0:02:56 - Epoch 120: val_loss=1.3581078052520752, val_acc= 40.99%,val_weighted_f1= 31.97,val_macro_f1= 20.16%
EarlyStopping counter: 4 out of 15
INFO - 09/14/26 01:34:05 - 0:02:56 - Epoch 121: train_loss=1.302018404006958, train_acc= 44.48%
INFO - 09/14/26 01:34:06 - 0:02:57 - Epoch 122: train_loss=1.302462100982666, train_acc= 44.27%
INFO - 09/14/26 01:34:06 - 0:02:57 - Epoch 123: train_loss=1.2979739904403687, train_acc= 44.35%
INFO - 09/14/26 01:34:06 - 0:02:57 - Epoch 124: train_loss=1.3013756275177002, train_acc= 43.93%
INFO - 09/14/26 01:34:07 - 0:02:57 - Epoch 125: train_loss=1.2961397171020508, train_acc= 44.51%
INFO - 09/14/26 01:34:07 - 0:02:57 - Epoch 125: val_loss=1.3580174446105957, val_acc= 40.86%,val_weighted_f1= 31.71,val_macro_f1= 19.94%
EarlyStopping counter: 5 out of 15
INFO - 09/14/26 01:34:07 - 0:02:58 - Epoch 126: train_loss=1.2980457544326782, train_acc= 44.30%
INFO - 09/14/26 01:34:07 - 0:02:58 - Epoch 127: train_loss=1.2938404083251953, train_acc= 44.60%
INFO - 09/14/26 01:34:07 - 0:02:58 - Epoch 128: train_loss=1.2934837341308594, train_acc= 44.35%
INFO - 09/14/26 01:34:08 - 0:02:59 - Epoch 129: train_loss=1.2907960414886475, train_acc= 44.43%
INFO - 09/14/26 01:34:08 - 0:02:59 - Epoch 130: train_loss=1.2929532527923584, train_acc= 44.21%
INFO - 09/14/26 01:34:08 - 0:02:59 - Epoch 130: val_loss=1.3526723384857178, val_acc= 40.73%,val_weighted_f1= 31.44,val_macro_f1= 19.68%
EarlyStopping counter: 6 out of 15
INFO - 09/14/26 01:34:08 - 0:02:59 - Epoch 131: train_loss=1.291184663772583, train_acc= 44.45%
INFO - 09/14/26 01:34:09 - 0:02:59 - Epoch 132: train_loss=1.286278486251831, train_acc= 44.35%
INFO - 09/14/26 01:34:09 - 0:03:00 - Epoch 133: train_loss=1.2878564596176147, train_acc= 44.23%
INFO - 09/14/26 01:34:09 - 0:03:00 - Epoch 134: train_loss=1.285812497138977, train_acc= 44.71%
INFO - 09/14/26 01:34:09 - 0:03:00 - Epoch 135: train_loss=1.2857701778411865, train_acc= 44.94%
INFO - 09/14/26 01:34:10 - 0:03:00 - Epoch 135: val_loss=1.349956750869751, val_acc= 40.73%,val_weighted_f1= 31.23,val_macro_f1= 19.47%
EarlyStopping counter: 7 out of 15
INFO - 09/14/26 01:34:10 - 0:03:01 - Epoch 136: train_loss=1.2833926677703857, train_acc= 44.44%
INFO - 09/14/26 01:34:10 - 0:03:01 - Epoch 137: train_loss=1.2889076471328735, train_acc= 44.41%
INFO - 09/14/26 01:34:10 - 0:03:01 - Epoch 138: train_loss=1.2836987972259521, train_acc= 44.40%
INFO - 09/14/26 01:34:11 - 0:03:01 - Epoch 139: train_loss=1.2970653772354126, train_acc= 43.40%
INFO - 09/14/26 01:34:11 - 0:03:02 - Epoch 140: train_loss=1.2812504768371582, train_acc= 44.40%
INFO - 09/14/26 01:34:11 - 0:03:02 - Epoch 140: val_loss=1.3490948677062988, val_acc= 40.93%,val_weighted_f1= 31.74,val_macro_f1= 19.94%
EarlyStopping counter: 8 out of 15
INFO - 09/14/26 01:34:11 - 0:03:02 - Epoch 141: train_loss=1.2855559587478638, train_acc= 43.94%
INFO - 09/14/26 01:34:12 - 0:03:02 - Epoch 142: train_loss=1.2845048904418945, train_acc= 44.68%
INFO - 09/14/26 01:34:12 - 0:03:03 - Epoch 143: train_loss=1.2836006879806519, train_acc= 44.36%
INFO - 09/14/26 01:34:12 - 0:03:03 - Epoch 144: train_loss=1.2779247760772705, train_acc= 44.31%
INFO - 09/14/26 01:34:12 - 0:03:03 - Epoch 145: train_loss=1.2807519435882568, train_acc= 44.16%
INFO - 09/14/26 01:34:12 - 0:03:03 - Epoch 145: val_loss=1.3767260313034058, val_acc= 40.57%,val_weighted_f1= 31.53,val_macro_f1= 20.10%
EarlyStopping counter: 9 out of 15
INFO - 09/14/26 01:34:13 - 0:03:04 - Epoch 146: train_loss=1.2790478467941284, train_acc= 44.21%
INFO - 09/14/26 01:34:13 - 0:03:04 - Epoch 147: train_loss=1.2773219347000122, train_acc= 44.48%
INFO - 09/14/26 01:34:13 - 0:03:04 - Epoch 148: train_loss=1.2765761613845825, train_acc= 44.68%
INFO - 09/14/26 01:34:13 - 0:03:04 - Epoch 149: train_loss=1.2778525352478027, train_acc= 44.50%
INFO - 09/14/26 01:34:14 - 0:03:05 - Epoch 150: train_loss=1.2724204063415527, train_acc= 44.54%
INFO - 09/14/26 01:34:14 - 0:03:05 - Epoch 150: val_loss=1.35325026512146, val_acc= 40.80%,val_weighted_f1= 32.37,val_macro_f1= 20.68%
EarlyStopping counter: 10 out of 15
INFO - 09/14/26 01:34:14 - 0:03:05 - Epoch 151: train_loss=1.2716078758239746, train_acc= 45.13%
INFO - 09/14/26 01:34:14 - 0:03:05 - Epoch 152: train_loss=1.2751659154891968, train_acc= 44.80%
INFO - 09/14/26 01:34:15 - 0:03:05 - Epoch 153: train_loss=1.2721261978149414, train_acc= 44.77%
INFO - 09/14/26 01:34:15 - 0:03:06 - Epoch 154: train_loss=1.2694251537322998, train_acc= 44.80%
INFO - 09/14/26 01:34:15 - 0:03:06 - Epoch 155: train_loss=1.267964243888855, train_acc= 44.87%
INFO - 09/14/26 01:34:15 - 0:03:06 - Epoch 155: val_loss=1.3453481197357178, val_acc= 40.36%,val_weighted_f1= 31.61,val_macro_f1= 19.89%
EarlyStopping counter: 11 out of 15
INFO - 09/14/26 01:34:16 - 0:03:06 - Epoch 156: train_loss=1.272329330444336, train_acc= 45.32%
INFO - 09/14/26 01:34:16 - 0:03:07 - Epoch 157: train_loss=1.2677873373031616, train_acc= 44.75%
INFO - 09/14/26 01:34:16 - 0:03:07 - Epoch 158: train_loss=1.2657486200332642, train_acc= 44.95%
INFO - 09/14/26 01:34:16 - 0:03:07 - Epoch 159: train_loss=1.2642526626586914, train_acc= 44.60%
INFO - 09/14/26 01:34:17 - 0:03:08 - Epoch 160: train_loss=1.262489676475525, train_acc= 45.13%
INFO - 09/14/26 01:34:17 - 0:03:08 - Epoch 160: val_loss=1.3527165651321411, val_acc= 40.96%,val_weighted_f1= 32.66,val_macro_f1= 20.85%
EarlyStopping counter: 12 out of 15
INFO - 09/14/26 01:34:17 - 0:03:08 - Epoch 161: train_loss=1.2663730382919312, train_acc= 45.23%
INFO - 09/14/26 01:34:17 - 0:03:08 - Epoch 162: train_loss=1.2601995468139648, train_acc= 45.15%
INFO - 09/14/26 01:34:18 - 0:03:08 - Epoch 163: train_loss=1.259022831916809, train_acc= 45.24%
INFO - 09/14/26 01:34:18 - 0:03:09 - Epoch 164: train_loss=1.2615739107131958, train_acc= 45.37%
INFO - 09/14/26 01:34:18 - 0:03:09 - Epoch 165: train_loss=1.2574992179870605, train_acc= 45.27%
INFO - 09/14/26 01:34:18 - 0:03:09 - Epoch 165: val_loss=1.3506495952606201, val_acc= 40.63%,val_weighted_f1= 32.42,val_macro_f1= 20.62%
EarlyStopping counter: 13 out of 15
INFO - 09/14/26 01:34:19 - 0:03:09 - Epoch 166: train_loss=1.2562482357025146, train_acc= 45.68%
INFO - 09/14/26 01:34:19 - 0:03:10 - Epoch 167: train_loss=1.2585501670837402, train_acc= 45.09%
INFO - 09/14/26 01:34:19 - 0:03:10 - Epoch 168: train_loss=1.2577261924743652, train_acc= 44.99%
INFO - 09/14/26 01:34:19 - 0:03:10 - Epoch 169: train_loss=1.256926417350769, train_acc= 45.17%
INFO - 09/14/26 01:34:20 - 0:03:11 - Epoch 170: train_loss=1.2564588785171509, train_acc= 45.33%
INFO - 09/14/26 01:34:20 - 0:03:11 - Epoch 170: val_loss=1.3480212688446045, val_acc= 40.63%,val_weighted_f1= 33.20,val_macro_f1= 21.29%
EarlyStopping counter: 14 out of 15
INFO - 09/14/26 01:34:20 - 0:03:11 - Epoch 171: train_loss=1.2511961460113525, train_acc= 45.57%
INFO - 09/14/26 01:34:20 - 0:03:11 - Epoch 172: train_loss=1.2555800676345825, train_acc= 45.03%
INFO - 09/14/26 01:34:21 - 0:03:11 - Epoch 173: train_loss=1.2556325197219849, train_acc= 45.57%
INFO - 09/14/26 01:34:21 - 0:03:12 - Epoch 174: train_loss=1.2506872415542603, train_acc= 45.43%
INFO - 09/14/26 01:34:21 - 0:03:12 - Epoch 175: train_loss=1.2514746189117432, train_acc= 45.43%
INFO - 09/14/26 01:34:21 - 0:03:12 - Epoch 175: val_loss=1.344521403312683, val_acc= 39.98%,val_weighted_f1= 32.20,val_macro_f1= 20.47%
EarlyStopping counter: 15 out of 15
---------Early stopping--------
INFO - 09/14/26 01:34:21 - 0:03:12 - --------------Testing--------------------
INFO - 09/14/26 01:34:21 - 0:03:12 - --------------Loading from ./checkpoints/NC_Amazon-ratings_model.pt--------------------
INFO - 09/14/26 01:34:21 - 0:03:12 - test_acc= 42.14%, weighted_f1= 32.74,macro_f1= 20.58%
INFO - 09/14/26 01:34:21 - 0:03:12 - test_acc= 42.14%, weighted_f1= 32.74,macro_f1= 20.58%
INFO - 09/14/26 01:34:22 - 0:03:13 - Epoch 0: train_loss=1.7420454025268555, train_acc= 20.12%
INFO - 09/14/26 01:34:22 - 0:03:13 - Epoch 0: val_loss=1.6192026138305664, val_acc= 7.06%,val_weighted_f1= 5.17,val_macro_f1= 4.34%
INFO - 09/14/26 01:34:22 - 0:03:13 - Epoch 1: train_loss=1.774075984954834, train_acc= 18.57%
INFO - 09/14/26 01:34:22 - 0:03:13 - Epoch 2: train_loss=1.734618902206421, train_acc= 19.78%
INFO - 09/14/26 01:34:23 - 0:03:13 - Epoch 3: train_loss=1.7108204364776611, train_acc= 20.83%
INFO - 09/14/26 01:34:23 - 0:03:14 - Epoch 4: train_loss=1.7145025730133057, train_acc= 20.73%
INFO - 09/14/26 01:34:23 - 0:03:14 - Epoch 5: train_loss=1.7103832960128784, train_acc= 21.09%
INFO - 09/14/26 01:34:23 - 0:03:14 - Epoch 5: val_loss=1.6186714172363281, val_acc= 11.11%,val_weighted_f1= 6.27,val_macro_f1= 5.86%
INFO - 09/14/26 01:34:24 - 0:03:14 - Epoch 6: train_loss=1.6964561939239502, train_acc= 21.52%
INFO - 09/14/26 01:34:24 - 0:03:15 - Epoch 7: train_loss=1.6899322271347046, train_acc= 21.85%
INFO - 09/14/26 01:34:24 - 0:03:15 - Epoch 8: train_loss=1.678816318511963, train_acc= 21.84%
INFO - 09/14/26 01:34:24 - 0:03:15 - Epoch 9: train_loss=1.6823060512542725, train_acc= 21.18%
INFO - 09/14/26 01:34:25 - 0:03:16 - Epoch 10: train_loss=1.6778876781463623, train_acc= 21.39%
INFO - 09/14/26 01:34:25 - 0:03:16 - Epoch 10: val_loss=1.6087024211883545, val_acc= 36.78%,val_weighted_f1= 19.78,val_macro_f1= 10.76%
INFO - 09/14/26 01:34:25 - 0:03:16 - Epoch 11: train_loss=1.6690495014190674, train_acc= 22.28%
INFO - 09/14/26 01:34:25 - 0:03:16 - Epoch 12: train_loss=1.656368374824524, train_acc= 22.37%
INFO - 09/14/26 01:34:26 - 0:03:16 - Epoch 13: train_loss=1.6360580921173096, train_acc= 24.33%
INFO - 09/14/26 01:34:26 - 0:03:17 - Epoch 14: train_loss=1.6332565546035767, train_acc= 23.49%
INFO - 09/14/26 01:34:26 - 0:03:17 - Epoch 15: train_loss=1.6127705574035645, train_acc= 24.72%
INFO - 09/14/26 01:34:26 - 0:03:17 - Epoch 15: val_loss=1.606836199760437, val_acc= 36.71%,val_weighted_f1= 19.76,val_macro_f1= 10.75%
EarlyStopping counter: 1 out of 15
INFO - 09/14/26 01:34:26 - 0:03:17 - Epoch 16: train_loss=1.6084460020065308, train_acc= 25.56%
INFO - 09/14/26 01:34:27 - 0:03:18 - Epoch 17: train_loss=1.5979464054107666, train_acc= 27.20%
INFO - 09/14/26 01:34:27 - 0:03:18 - Epoch 18: train_loss=1.589113712310791, train_acc= 29.41%
INFO - 09/14/26 01:34:27 - 0:03:18 - Epoch 19: train_loss=1.5826919078826904, train_acc= 30.78%
INFO - 09/14/26 01:34:28 - 0:03:18 - Epoch 20: train_loss=1.5781782865524292, train_acc= 32.28%
INFO - 09/14/26 01:34:28 - 0:03:18 - Epoch 20: val_loss=1.5971940755844116, val_acc= 36.60%,val_weighted_f1= 19.82,val_macro_f1= 10.85%
EarlyStopping counter: 2 out of 15
INFO - 09/14/26 01:34:28 - 0:03:19 - Epoch 21: train_loss=1.5705726146697998, train_acc= 33.84%
INFO - 09/14/26 01:34:28 - 0:03:19 - Epoch 22: train_loss=1.5705574750900269, train_acc= 34.15%
INFO - 09/14/26 01:34:28 - 0:03:19 - Epoch 23: train_loss=1.5629792213439941, train_acc= 35.35%
INFO - 09/14/26 01:34:29 - 0:03:20 - Epoch 24: train_loss=1.5677893161773682, train_acc= 35.50%
INFO - 09/14/26 01:34:29 - 0:03:20 - Epoch 25: train_loss=1.5609338283538818, train_acc= 35.57%
INFO - 09/14/26 01:34:29 - 0:03:20 - Epoch 25: val_loss=1.579872965812683, val_acc= 37.07%,val_weighted_f1= 22.75,val_macro_f1= 13.10%
INFO - 09/14/26 01:34:29 - 0:03:20 - Epoch 26: train_loss=1.5526162385940552, train_acc= 36.47%
INFO - 09/14/26 01:34:30 - 0:03:20 - Epoch 27: train_loss=1.5496820211410522, train_acc= 36.40%
INFO - 09/14/26 01:34:30 - 0:03:21 - Epoch 28: train_loss=1.5469379425048828, train_acc= 36.47%
INFO - 09/14/26 01:34:30 - 0:03:21 - Epoch 29: train_loss=1.5422420501708984, train_acc= 36.89%
INFO - 09/14/26 01:34:31 - 0:03:21 - Epoch 30: train_loss=1.539933204650879, train_acc= 36.95%
INFO - 09/14/26 01:34:31 - 0:03:21 - Epoch 30: val_loss=1.5646172761917114, val_acc= 38.76%,val_weighted_f1= 28.83,val_macro_f1= 17.65%
INFO - 09/14/26 01:34:31 - 0:03:22 - Epoch 31: train_loss=1.5307663679122925, train_acc= 37.02%
INFO - 09/14/26 01:34:31 - 0:03:22 - Epoch 32: train_loss=1.5300472974777222, train_acc= 36.79%
INFO - 09/14/26 01:34:31 - 0:03:22 - Epoch 33: train_loss=1.5276952981948853, train_acc= 36.71%
INFO - 09/14/26 01:34:32 - 0:03:23 - Epoch 34: train_loss=1.522443413734436, train_acc= 37.36%
INFO - 09/14/26 01:34:32 - 0:03:23 - Epoch 35: train_loss=1.5168498754501343, train_acc= 37.20%
INFO - 09/14/26 01:34:32 - 0:03:23 - Epoch 35: val_loss=1.5532282590866089, val_acc= 39.41%,val_weighted_f1= 30.54,val_macro_f1= 19.04%
INFO - 09/14/26 01:34:32 - 0:03:23 - Epoch 36: train_loss=1.5165055990219116, train_acc= 37.26%
INFO - 09/14/26 01:34:33 - 0:03:24 - Epoch 37: train_loss=1.5090646743774414, train_acc= 37.93%
INFO - 09/14/26 01:34:33 - 0:03:24 - Epoch 38: train_loss=1.5123827457427979, train_acc= 37.42%
INFO - 09/14/26 01:34:33 - 0:03:24 - Epoch 39: train_loss=1.5081249475479126, train_acc= 37.57%
INFO - 09/14/26 01:34:34 - 0:03:24 - Epoch 40: train_loss=1.5066088438034058, train_acc= 38.15%
INFO - 09/14/26 01:34:34 - 0:03:24 - Epoch 40: val_loss=1.5494860410690308, val_acc= 39.67%,val_weighted_f1= 31.29,val_macro_f1= 19.66%
INFO - 09/14/26 01:34:34 - 0:03:25 - Epoch 41: train_loss=1.4991579055786133, train_acc= 38.43%
INFO - 09/14/26 01:34:34 - 0:03:25 - Epoch 42: train_loss=1.49431574344635, train_acc= 39.56%
INFO - 09/14/26 01:34:34 - 0:03:25 - Epoch 43: train_loss=1.5002257823944092, train_acc= 39.69%
INFO - 09/14/26 01:34:35 - 0:03:25 - Epoch 44: train_loss=1.494788646697998, train_acc= 40.24%
INFO - 09/14/26 01:34:35 - 0:03:26 - Epoch 45: train_loss=1.4866400957107544, train_acc= 40.25%
INFO - 09/14/26 01:34:35 - 0:03:26 - Epoch 45: val_loss=1.5252419710159302, val_acc= 40.37%,val_weighted_f1= 32.11,val_macro_f1= 20.34%
INFO - 09/14/26 01:34:35 - 0:03:26 - Epoch 46: train_loss=1.4961886405944824, train_acc= 39.98%
INFO - 09/14/26 01:34:36 - 0:03:26 - Epoch 47: train_loss=1.4828225374221802, train_acc= 40.12%
INFO - 09/14/26 01:34:36 - 0:03:27 - Epoch 48: train_loss=1.4793686866760254, train_acc= 40.55%
INFO - 09/14/26 01:34:36 - 0:03:27 - Epoch 49: train_loss=1.4884488582611084, train_acc= 40.86%
INFO - 09/14/26 01:34:36 - 0:03:27 - Epoch 50: train_loss=1.4827539920806885, train_acc= 40.65%
INFO - 09/14/26 01:34:37 - 0:03:27 - Epoch 50: val_loss=1.502562165260315, val_acc= 40.85%,val_weighted_f1= 32.51,val_macro_f1= 20.64%
INFO - 09/14/26 01:34:37 - 0:03:28 - Epoch 51: train_loss=1.4714586734771729, train_acc= 40.63%
INFO - 09/14/26 01:34:37 - 0:03:28 - Epoch 52: train_loss=1.4682048559188843, train_acc= 40.58%
INFO - 09/14/26 01:34:37 - 0:03:28 - Epoch 53: train_loss=1.47068190574646, train_acc= 39.61%
INFO - 09/14/26 01:34:38 - 0:03:28 - Epoch 54: train_loss=1.4650673866271973, train_acc= 39.64%
INFO - 09/14/26 01:34:38 - 0:03:29 - Epoch 55: train_loss=1.4623794555664062, train_acc= 40.48%
INFO - 09/14/26 01:34:38 - 0:03:29 - Epoch 55: val_loss=1.491081953048706, val_acc= 40.65%,val_weighted_f1= 33.44,val_macro_f1= 21.92%
EarlyStopping counter: 1 out of 15
INFO - 09/14/26 01:34:38 - 0:03:29 - Epoch 56: train_loss=1.4569246768951416, train_acc= 40.85%
INFO - 09/14/26 01:34:39 - 0:03:29 - Epoch 57: train_loss=1.452236294746399, train_acc= 40.44%
INFO - 09/14/26 01:34:39 - 0:03:30 - Epoch 58: train_loss=1.4491136074066162, train_acc= 41.09%
INFO - 09/14/26 01:34:39 - 0:03:30 - Epoch 59: train_loss=1.4480818510055542, train_acc= 41.13%
INFO - 09/14/26 01:34:39 - 0:03:30 - Epoch 60: train_loss=1.4533190727233887, train_acc= 41.40%
INFO - 09/14/26 01:34:39 - 0:03:30 - Epoch 60: val_loss=1.4767835140228271, val_acc= 40.86%,val_weighted_f1= 32.79,val_macro_f1= 21.29%
INFO - 09/14/26 01:34:40 - 0:03:31 - Epoch 61: train_loss=1.4440287351608276, train_acc= 41.36%
INFO - 09/14/26 01:34:40 - 0:03:31 - Epoch 62: train_loss=1.4412931203842163, train_acc= 41.12%
INFO - 09/14/26 01:34:40 - 0:03:31 - Epoch 63: train_loss=1.4462966918945312, train_acc= 42.03%
INFO - 09/14/26 01:34:41 - 0:03:31 - Epoch 64: train_loss=1.432090401649475, train_acc= 41.70%
INFO - 09/14/26 01:34:41 - 0:03:32 - Epoch 65: train_loss=1.43263840675354, train_acc= 41.38%
INFO - 09/14/26 01:34:41 - 0:03:32 - Epoch 65: val_loss=1.5421063899993896, val_acc= 39.52%,val_weighted_f1= 29.77,val_macro_f1= 18.71%
EarlyStopping counter: 1 out of 15
INFO - 09/14/26 01:34:41 - 0:03:32 - Epoch 66: train_loss=1.430362343788147, train_acc= 41.74%
INFO - 09/14/26 01:34:42 - 0:03:32 - Epoch 67: train_loss=1.423234462738037, train_acc= 41.94%
INFO - 09/14/26 01:34:42 - 0:03:33 - Epoch 68: train_loss=1.4194903373718262, train_acc= 42.10%
INFO - 09/14/26 01:34:42 - 0:03:33 - Epoch 69: train_loss=1.4153436422348022, train_acc= 42.25%
INFO - 09/14/26 01:34:42 - 0:03:33 - Epoch 70: train_loss=1.4137766361236572, train_acc= 42.38%
INFO - 09/14/26 01:34:42 - 0:03:33 - Epoch 70: val_loss=1.4620329141616821, val_acc= 41.56%,val_weighted_f1= 34.05,val_macro_f1= 22.07%
INFO - 09/14/26 01:34:43 - 0:03:33 - Epoch 71: train_loss=1.409040093421936, train_acc= 42.45%
INFO - 09/14/26 01:34:43 - 0:03:34 - Epoch 72: train_loss=1.4072167873382568, train_acc= 42.54%
INFO - 09/14/26 01:34:43 - 0:03:34 - Epoch 73: train_loss=1.404841423034668, train_acc= 42.52%
INFO - 09/14/26 01:34:43 - 0:03:34 - Epoch 74: train_loss=1.4050707817077637, train_acc= 42.16%
INFO - 09/14/26 01:34:44 - 0:03:35 - Epoch 75: train_loss=1.3995394706726074, train_acc= 42.13%
INFO - 09/14/26 01:34:44 - 0:03:35 - Epoch 75: val_loss=1.5009233951568604, val_acc= 39.88%,val_weighted_f1= 28.96,val_macro_f1= 17.76%
EarlyStopping counter: 1 out of 15
INFO - 09/14/26 01:34:44 - 0:03:35 - Epoch 76: train_loss=1.3978790044784546, train_acc= 42.76%
INFO - 09/14/26 01:34:44 - 0:03:35 - Epoch 77: train_loss=1.3945224285125732, train_acc= 42.97%
INFO - 09/14/26 01:34:45 - 0:03:36 - Epoch 78: train_loss=1.392769455909729, train_acc= 43.12%
INFO - 09/14/26 01:34:45 - 0:03:36 - Epoch 79: train_loss=1.392746925354004, train_acc= 42.27%
INFO - 09/14/26 01:34:45 - 0:03:36 - Epoch 80: train_loss=1.386565923690796, train_acc= 42.66%
INFO - 09/14/26 01:34:45 - 0:03:36 - Epoch 80: val_loss=1.5417805910110474, val_acc= 39.62%,val_weighted_f1= 28.09,val_macro_f1= 17.04%
EarlyStopping counter: 2 out of 15
INFO - 09/14/26 01:34:46 - 0:03:36 - Epoch 81: train_loss=1.3871816396713257, train_acc= 43.11%
INFO - 09/14/26 01:34:46 - 0:03:37 - Epoch 82: train_loss=1.3839021921157837, train_acc= 43.30%
INFO - 09/14/26 01:34:46 - 0:03:37 - Epoch 83: train_loss=1.376997470855713, train_acc= 43.68%
INFO - 09/14/26 01:34:46 - 0:03:37 - Epoch 84: train_loss=1.3785474300384521, train_acc= 43.44%
INFO - 09/14/26 01:34:47 - 0:03:37 - Epoch 85: train_loss=1.3755971193313599, train_acc= 43.17%
INFO - 09/14/26 01:34:47 - 0:03:38 - Epoch 85: val_loss=1.5018807649612427, val_acc= 39.52%,val_weighted_f1= 27.83,val_macro_f1= 16.77%
EarlyStopping counter: 3 out of 15
INFO - 09/14/26 01:34:47 - 0:03:38 - Epoch 86: train_loss=1.3709275722503662, train_acc= 44.08%
INFO - 09/14/26 01:34:47 - 0:03:38 - Epoch 87: train_loss=1.3640276193618774, train_acc= 43.45%
INFO - 09/14/26 01:34:48 - 0:03:38 - Epoch 88: train_loss=1.3709403276443481, train_acc= 43.46%
INFO - 09/14/26 01:34:48 - 0:03:39 - Epoch 89: train_loss=1.3692271709442139, train_acc= 43.31%
INFO - 09/14/26 01:34:48 - 0:03:39 - Epoch 90: train_loss=1.3641234636306763, train_acc= 43.66%
INFO - 09/14/26 01:34:48 - 0:03:39 - Epoch 90: val_loss=1.5723549127578735, val_acc= 39.13%,val_weighted_f1= 27.07,val_macro_f1= 16.31%
EarlyStopping counter: 4 out of 15
INFO - 09/14/26 01:34:48 - 0:03:39 - Epoch 91: train_loss=1.3646992444992065, train_acc= 43.69%
INFO - 09/14/26 01:34:49 - 0:03:40 - Epoch 92: train_loss=1.3667309284210205, train_acc= 43.49%
INFO - 09/14/26 01:34:49 - 0:03:40 - Epoch 93: train_loss=1.3582279682159424, train_acc= 43.96%
INFO - 09/14/26 01:34:49 - 0:03:40 - Epoch 94: train_loss=1.3581652641296387, train_acc= 43.75%
INFO - 09/14/26 01:34:50 - 0:03:40 - Epoch 95: train_loss=1.355645775794983, train_acc= 43.48%
INFO - 09/14/26 01:34:50 - 0:03:41 - Epoch 95: val_loss=1.5715967416763306, val_acc= 39.26%,val_weighted_f1= 27.16,val_macro_f1= 16.28%
EarlyStopping counter: 5 out of 15
INFO - 09/14/26 01:34:50 - 0:03:41 - Epoch 96: train_loss=1.3524107933044434, train_acc= 43.36%
INFO - 09/14/26 01:34:50 - 0:03:41 - Epoch 97: train_loss=1.3565022945404053, train_acc= 43.70%
INFO - 09/14/26 01:34:50 - 0:03:41 - Epoch 98: train_loss=1.3510738611221313, train_acc= 44.19%
INFO - 09/14/26 01:34:51 - 0:03:42 - Epoch 99: train_loss=1.3501367568969727, train_acc= 43.92%
INFO - 09/14/26 01:34:51 - 0:03:42 - Epoch 100: train_loss=1.3465560674667358, train_acc= 43.91%
INFO - 09/14/26 01:34:51 - 0:03:42 - Epoch 100: val_loss=1.6630665063858032, val_acc= 38.25%,val_weighted_f1= 24.24,val_macro_f1= 14.18%
EarlyStopping counter: 6 out of 15
INFO - 09/14/26 01:34:51 - 0:03:42 - Epoch 101: train_loss=1.349825143814087, train_acc= 44.05%
INFO - 09/14/26 01:34:52 - 0:03:42 - Epoch 102: train_loss=1.3442237377166748, train_acc= 43.93%
INFO - 09/14/26 01:34:52 - 0:03:43 - Epoch 103: train_loss=1.3441251516342163, train_acc= 44.10%
INFO - 09/14/26 01:34:52 - 0:03:43 - Epoch 104: train_loss=1.3409690856933594, train_acc= 44.18%
INFO - 09/14/26 01:34:53 - 0:03:43 - Epoch 105: train_loss=1.3416160345077515, train_acc= 44.52%
INFO - 09/14/26 01:34:53 - 0:03:43 - Epoch 105: val_loss=1.4764058589935303, val_acc= 40.96%,val_weighted_f1= 31.20,val_macro_f1= 19.36%
EarlyStopping counter: 7 out of 15
INFO - 09/14/26 01:34:53 - 0:03:44 - Epoch 106: train_loss=1.3373713493347168, train_acc= 44.05%
INFO - 09/14/26 01:34:53 - 0:03:44 - Epoch 107: train_loss=1.3365767002105713, train_acc= 44.10%
INFO - 09/14/26 01:34:53 - 0:03:44 - Epoch 108: train_loss=1.331343412399292, train_acc= 43.85%
INFO - 09/14/26 01:34:54 - 0:03:44 - Epoch 109: train_loss=1.3307586908340454, train_acc= 43.84%
INFO - 09/14/26 01:34:54 - 0:03:45 - Epoch 110: train_loss=1.3334801197052002, train_acc= 44.19%
INFO - 09/14/26 01:34:54 - 0:03:45 - Epoch 110: val_loss=1.5446550846099854, val_acc= 40.45%,val_weighted_f1= 30.14,val_macro_f1= 18.53%
EarlyStopping counter: 8 out of 15
INFO - 09/14/26 01:34:54 - 0:03:45 - Epoch 111: train_loss=1.3253532648086548, train_acc= 44.42%
INFO - 09/14/26 01:34:55 - 0:03:45 - Epoch 112: train_loss=1.3275152444839478, train_acc= 44.49%
INFO - 09/14/26 01:34:55 - 0:03:46 - Epoch 113: train_loss=1.3244407176971436, train_acc= 44.19%
INFO - 09/14/26 01:34:55 - 0:03:46 - Epoch 114: train_loss=1.3240947723388672, train_acc= 44.49%
INFO - 09/14/26 01:34:55 - 0:03:46 - Epoch 115: train_loss=1.3231627941131592, train_acc= 44.65%
INFO - 09/14/26 01:34:56 - 0:03:46 - Epoch 115: val_loss=1.6236293315887451, val_acc= 38.51%,val_weighted_f1= 25.14,val_macro_f1= 14.77%
EarlyStopping counter: 9 out of 15
INFO - 09/14/26 01:34:56 - 0:03:47 - Epoch 116: train_loss=1.3216309547424316, train_acc= 44.17%
INFO - 09/14/26 01:34:56 - 0:03:47 - Epoch 117: train_loss=1.3159366846084595, train_acc= 44.60%
INFO - 09/14/26 01:34:56 - 0:03:47 - Epoch 118: train_loss=1.3211747407913208, train_acc= 44.41%
INFO - 09/14/26 01:34:57 - 0:03:47 - Epoch 119: train_loss=1.3169418573379517, train_acc= 44.32%
INFO - 09/14/26 01:34:57 - 0:03:48 - Epoch 120: train_loss=1.313420057296753, train_acc= 44.73%
INFO - 09/14/26 01:34:57 - 0:03:48 - Epoch 120: val_loss=1.8120554685592651, val_acc= 38.30%,val_weighted_f1= 24.57,val_macro_f1= 14.44%
EarlyStopping counter: 10 out of 15
INFO - 09/14/26 01:34:57 - 0:03:48 - Epoch 121: train_loss=1.313442349433899, train_acc= 44.83%
INFO - 09/14/26 01:34:58 - 0:03:48 - Epoch 122: train_loss=1.309688925743103, train_acc= 44.74%
INFO - 09/14/26 01:34:58 - 0:03:49 - Epoch 123: train_loss=1.3111830949783325, train_acc= 44.45%
INFO - 09/14/26 01:34:58 - 0:03:49 - Epoch 124: train_loss=1.3117531538009644, train_acc= 44.50%
INFO - 09/14/26 01:34:58 - 0:03:49 - Epoch 125: train_loss=1.3058773279190063, train_acc= 44.41%
INFO - 09/14/26 01:34:59 - 0:03:49 - Epoch 125: val_loss=1.5361310243606567, val_acc= 39.64%,val_weighted_f1= 28.83,val_macro_f1= 17.56%
EarlyStopping counter: 11 out of 15
INFO - 09/14/26 01:34:59 - 0:03:50 - Epoch 126: train_loss=1.3059228658676147, train_acc= 44.63%
INFO - 09/14/26 01:34:59 - 0:03:50 - Epoch 127: train_loss=1.3071807622909546, train_acc= 44.68%
INFO - 09/14/26 01:34:59 - 0:03:50 - Epoch 128: train_loss=1.3027092218399048, train_acc= 44.46%
INFO - 09/14/26 01:35:00 - 0:03:50 - Epoch 129: train_loss=1.3025634288787842, train_acc= 44.88%
INFO - 09/14/26 01:35:00 - 0:03:51 - Epoch 130: train_loss=1.302761435508728, train_acc= 44.71%
INFO - 09/14/26 01:35:00 - 0:03:51 - Epoch 130: val_loss=1.6561849117279053, val_acc= 38.72%,val_weighted_f1= 26.12,val_macro_f1= 15.61%
EarlyStopping counter: 12 out of 15
INFO - 09/14/26 01:35:00 - 0:03:51 - Epoch 131: train_loss=1.2987390756607056, train_acc= 44.77%
INFO - 09/14/26 01:35:00 - 0:03:51 - Epoch 132: train_loss=1.295499324798584, train_acc= 44.89%
INFO - 09/14/26 01:35:01 - 0:03:52 - Epoch 133: train_loss=1.2942670583724976, train_acc= 45.05%
INFO - 09/14/26 01:35:01 - 0:03:52 - Epoch 134: train_loss=1.2947574853897095, train_acc= 45.10%
INFO - 09/14/26 01:35:01 - 0:03:52 - Epoch 135: train_loss=1.2942280769348145, train_acc= 44.98%
INFO - 09/14/26 01:35:01 - 0:03:52 - Epoch 135: val_loss=1.5990954637527466, val_acc= 39.64%,val_weighted_f1= 28.98,val_macro_f1= 17.98%
EarlyStopping counter: 13 out of 15
INFO - 09/14/26 01:35:02 - 0:03:52 - Epoch 136: train_loss=1.293761134147644, train_acc= 45.01%
INFO - 09/14/26 01:35:02 - 0:03:53 - Epoch 137: train_loss=1.2884290218353271, train_acc= 45.12%
INFO - 09/14/26 01:35:02 - 0:03:53 - Epoch 138: train_loss=1.2900594472885132, train_acc= 45.01%
INFO - 09/14/26 01:35:02 - 0:03:53 - Epoch 139: train_loss=1.288948893547058, train_acc= 45.32%
INFO - 09/14/26 01:35:03 - 0:03:54 - Epoch 140: train_loss=1.2865570783615112, train_acc= 45.27%
INFO - 09/14/26 01:35:03 - 0:03:54 - Epoch 140: val_loss=1.5424553155899048, val_acc= 40.29%,val_weighted_f1= 31.03,val_macro_f1= 19.44%
EarlyStopping counter: 14 out of 15
INFO - 09/14/26 01:35:03 - 0:03:54 - Epoch 141: train_loss=1.2861109972000122, train_acc= 45.30%
INFO - 09/14/26 01:35:03 - 0:03:54 - Epoch 142: train_loss=1.2897191047668457, train_acc= 44.41%
INFO - 09/14/26 01:35:04 - 0:03:54 - Epoch 143: train_loss=1.2849633693695068, train_acc= 44.77%
INFO - 09/14/26 01:35:04 - 0:03:55 - Epoch 144: train_loss=1.280816674232483, train_acc= 45.19%
INFO - 09/14/26 01:35:04 - 0:03:55 - Epoch 145: train_loss=1.2842146158218384, train_acc= 45.21%
INFO - 09/14/26 01:35:04 - 0:03:55 - Epoch 145: val_loss=1.5814772844314575, val_acc= 39.78%,val_weighted_f1= 31.93,val_macro_f1= 20.33%
EarlyStopping counter: 15 out of 15
---------Early stopping--------
INFO - 09/14/26 01:35:04 - 0:03:55 - --------------Testing--------------------
INFO - 09/14/26 01:35:04 - 0:03:55 - --------------Loading from ./checkpoints/NC_Amazon-ratings_model.pt--------------------
INFO - 09/14/26 01:35:05 - 0:03:55 - test_acc= 41.12%, weighted_f1= 33.51,macro_f1= 21.67%
INFO - 09/14/26 01:35:05 - 0:03:55 - test_acc= 41.12%, weighted_f1= 33.51,macro_f1= 21.67%
INFO - 09/14/26 01:35:05 - 0:03:56 - Epoch 0: train_loss=1.730620265007019, train_acc= 20.11%
INFO - 09/14/26 01:35:05 - 0:03:56 - Epoch 0: val_loss=1.6122313737869263, val_acc= 26.78%,val_weighted_f1= 11.32,val_macro_f1= 8.45%
INFO - 09/14/26 01:35:05 - 0:03:56 - Epoch 1: train_loss=1.7950458526611328, train_acc= 19.07%
INFO - 09/14/26 01:35:06 - 0:03:56 - Epoch 2: train_loss=1.7261924743652344, train_acc= 19.41%
INFO - 09/14/26 01:35:06 - 0:03:57 - Epoch 3: train_loss=1.7147152423858643, train_acc= 20.65%
INFO - 09/14/26 01:35:06 - 0:03:57 - Epoch 4: train_loss=1.7261050939559937, train_acc= 20.59%
INFO - 09/14/26 01:35:06 - 0:03:57 - Epoch 5: train_loss=1.7161314487457275, train_acc= 21.08%
INFO - 09/14/26 01:35:07 - 0:03:57 - Epoch 5: val_loss=1.6110731363296509, val_acc= 26.70%,val_weighted_f1= 11.31,val_macro_f1= 8.45%
EarlyStopping counter: 1 out of 15
INFO - 09/14/26 01:35:07 - 0:03:58 - Epoch 6: train_loss=1.703505516052246, train_acc= 21.02%
INFO - 09/14/26 01:35:07 - 0:03:58 - Epoch 7: train_loss=1.6949676275253296, train_acc= 20.24%
INFO - 09/14/26 01:35:07 - 0:03:58 - Epoch 8: train_loss=1.6859817504882812, train_acc= 21.38%
INFO - 09/14/26 01:35:08 - 0:03:58 - Epoch 9: train_loss=1.686968445777893, train_acc= 21.46%
INFO - 09/14/26 01:35:08 - 0:03:59 - Epoch 10: train_loss=1.6810888051986694, train_acc= 21.37%
INFO - 09/14/26 01:35:08 - 0:03:59 - Epoch 10: val_loss=1.6039636135101318, val_acc= 26.78%,val_weighted_f1= 11.32,val_macro_f1= 8.45%
INFO - 09/14/26 01:35:08 - 0:03:59 - Epoch 11: train_loss=1.6728096008300781, train_acc= 21.43%
INFO - 09/14/26 01:35:08 - 0:03:59 - Epoch 12: train_loss=1.6591362953186035, train_acc= 23.17%
INFO - 09/14/26 01:35:09 - 0:04:00 - Epoch 13: train_loss=1.6450937986373901, train_acc= 23.84%
INFO - 09/14/26 01:35:09 - 0:04:00 - Epoch 14: train_loss=1.63909912109375, train_acc= 24.37%
INFO - 09/14/26 01:35:09 - 0:04:00 - Epoch 15: train_loss=1.6260467767715454, train_acc= 24.55%
INFO - 09/14/26 01:35:09 - 0:04:00 - Epoch 15: val_loss=1.6021004915237427, val_acc= 35.65%,val_weighted_f1= 28.03,val_macro_f1= 17.40%
INFO - 09/14/26 01:35:10 - 0:04:01 - Epoch 16: train_loss=1.610561490058899, train_acc= 25.08%
INFO - 09/14/26 01:35:10 - 0:04:01 - Epoch 17: train_loss=1.605017066001892, train_acc= 25.77%
INFO - 09/14/26 01:35:10 - 0:04:01 - Epoch 18: train_loss=1.5964866876602173, train_acc= 26.78%
INFO - 09/14/26 01:35:11 - 0:04:02 - Epoch 19: train_loss=1.5910552740097046, train_acc= 28.44%
INFO - 09/14/26 01:35:11 - 0:04:02 - Epoch 20: train_loss=1.5893553495407104, train_acc= 29.46%
INFO - 09/14/26 01:35:11 - 0:04:02 - Epoch 20: val_loss=1.6013691425323486, val_acc= 36.70%,val_weighted_f1= 21.58,val_macro_f1= 12.27%
INFO - 09/14/26 01:35:11 - 0:04:02 - Epoch 21: train_loss=1.5831859111785889, train_acc= 30.43%
INFO - 09/14/26 01:35:12 - 0:04:02 - Epoch 22: train_loss=1.5827656984329224, train_acc= 31.72%
INFO - 09/14/26 01:35:12 - 0:04:03 - Epoch 23: train_loss=1.5770903825759888, train_acc= 32.11%
INFO - 09/14/26 01:35:12 - 0:04:03 - Epoch 24: train_loss=1.5782268047332764, train_acc= 32.54%
INFO - 09/14/26 01:35:12 - 0:04:03 - Epoch 25: train_loss=1.573453664779663, train_acc= 32.94%
INFO - 09/14/26 01:35:12 - 0:04:03 - Epoch 25: val_loss=1.5708733797073364, val_acc= 37.15%,val_weighted_f1= 22.56,val_macro_f1= 12.87%
INFO - 09/14/26 01:35:13 - 0:04:04 - Epoch 26: train_loss=1.5682075023651123, train_acc= 33.15%
INFO - 09/14/26 01:35:13 - 0:04:04 - Epoch 27: train_loss=1.5683130025863647, train_acc= 33.21%
INFO - 09/14/26 01:35:13 - 0:04:04 - Epoch 28: train_loss=1.5613425970077515, train_acc= 33.59%
INFO - 09/14/26 01:35:14 - 0:04:05 - Epoch 29: train_loss=1.5610347986221313, train_acc= 33.90%
INFO - 09/14/26 01:35:14 - 0:04:05 - Epoch 30: train_loss=1.5595037937164307, train_acc= 34.78%
INFO - 09/14/26 01:35:14 - 0:04:05 - Epoch 30: val_loss=1.550059199333191, val_acc= 38.46%,val_weighted_f1= 28.77,val_macro_f1= 17.59%
INFO - 09/14/26 01:35:14 - 0:04:05 - Epoch 31: train_loss=1.5572197437286377, train_acc= 35.10%
INFO - 09/14/26 01:35:15 - 0:04:06 - Epoch 32: train_loss=1.5509270429611206, train_acc= 35.10%
INFO - 09/14/26 01:35:15 - 0:04:06 - Epoch 33: train_loss=1.5484164953231812, train_acc= 35.16%
INFO - 09/14/26 01:35:15 - 0:04:06 - Epoch 34: train_loss=1.5474354028701782, train_acc= 35.47%
INFO - 09/14/26 01:35:16 - 0:04:06 - Epoch 35: train_loss=1.542427897453308, train_acc= 36.22%
INFO - 09/14/26 01:35:16 - 0:04:07 - Epoch 35: val_loss=1.5445858240127563, val_acc= 38.35%,val_weighted_f1= 29.89,val_macro_f1= 18.66%
EarlyStopping counter: 1 out of 15
INFO - 09/14/26 01:35:16 - 0:04:07 - Epoch 36: train_loss=1.5384612083435059, train_acc= 36.38%
INFO - 09/14/26 01:35:16 - 0:04:07 - Epoch 37: train_loss=1.5382832288742065, train_acc= 36.67%
INFO - 09/14/26 01:35:16 - 0:04:07 - Epoch 38: train_loss=1.5320730209350586, train_acc= 36.49%
INFO - 09/14/26 01:35:17 - 0:04:08 - Epoch 39: train_loss=1.5307722091674805, train_acc= 37.07%
INFO - 09/14/26 01:35:17 - 0:04:08 - Epoch 40: train_loss=1.5274618864059448, train_acc= 36.71%
INFO - 09/14/26 01:35:17 - 0:04:08 - Epoch 40: val_loss=1.535799503326416, val_acc= 38.36%,val_weighted_f1= 29.93,val_macro_f1= 18.83%
EarlyStopping counter: 2 out of 15
INFO - 09/14/26 01:35:17 - 0:04:08 - Epoch 41: train_loss=1.5330071449279785, train_acc= 36.92%
INFO - 09/14/26 01:35:18 - 0:04:09 - Epoch 42: train_loss=1.526948094367981, train_acc= 37.11%
INFO - 09/14/26 01:35:18 - 0:04:09 - Epoch 43: train_loss=1.5243360996246338, train_acc= 37.25%
INFO - 09/14/26 01:35:18 - 0:04:09 - Epoch 44: train_loss=1.519569993019104, train_acc= 37.71%
INFO - 09/14/26 01:35:19 - 0:04:09 - Epoch 45: train_loss=1.515830159187317, train_acc= 37.82%
INFO - 09/14/26 01:35:19 - 0:04:09 - Epoch 45: val_loss=1.5230523347854614, val_acc= 39.15%,val_weighted_f1= 30.40,val_macro_f1= 18.96%
INFO - 09/14/26 01:35:19 - 0:04:10 - Epoch 46: train_loss=1.5174988508224487, train_acc= 37.59%
INFO - 09/14/26 01:35:19 - 0:04:10 - Epoch 47: train_loss=1.5119699239730835, train_acc= 37.93%
INFO - 09/14/26 01:35:20 - 0:04:10 - Epoch 48: train_loss=1.5087168216705322, train_acc= 37.99%
INFO - 09/14/26 01:35:20 - 0:04:11 - Epoch 49: train_loss=1.504045009613037, train_acc= 38.02%
INFO - 09/14/26 01:35:20 - 0:04:11 - Epoch 50: train_loss=1.511593222618103, train_acc= 38.20%
INFO - 09/14/26 01:35:20 - 0:04:11 - Epoch 50: val_loss=1.5204412937164307, val_acc= 39.59%,val_weighted_f1= 30.83,val_macro_f1= 19.46%
INFO - 09/14/26 01:35:20 - 0:04:11 - Epoch 51: train_loss=1.4974879026412964, train_acc= 38.65%
INFO - 09/14/26 01:35:21 - 0:04:12 - Epoch 52: train_loss=1.494881510734558, train_acc= 38.92%
INFO - 09/14/26 01:35:21 - 0:04:12 - Epoch 53: train_loss=1.4934109449386597, train_acc= 38.71%
INFO - 09/14/26 01:35:21 - 0:04:12 - Epoch 54: train_loss=1.49549400806427, train_acc= 39.08%
INFO - 09/14/26 01:35:22 - 0:04:12 - Epoch 55: train_loss=1.4863684177398682, train_acc= 39.21%
INFO - 09/14/26 01:35:22 - 0:04:13 - Epoch 55: val_loss=1.5122557878494263, val_acc= 39.31%,val_weighted_f1= 30.47,val_macro_f1= 19.39%
EarlyStopping counter: 1 out of 15
INFO - 09/14/26 01:35:22 - 0:04:13 - Epoch 56: train_loss=1.4796733856201172, train_acc= 39.16%
INFO - 09/14/26 01:35:22 - 0:04:13 - Epoch 57: train_loss=1.4827098846435547, train_acc= 39.77%
INFO - 09/14/26 01:35:23 - 0:04:13 - Epoch 58: train_loss=1.478806972503662, train_acc= 40.04%
INFO - 09/14/26 01:35:23 - 0:04:14 - Epoch 59: train_loss=1.4732543230056763, train_acc= 39.77%
INFO - 09/14/26 01:35:23 - 0:04:14 - Epoch 60: train_loss=1.4699664115905762, train_acc= 39.43%
INFO - 09/14/26 01:35:23 - 0:04:14 - Epoch 60: val_loss=1.5002882480621338, val_acc= 39.57%,val_weighted_f1= 30.65,val_macro_f1= 19.64%
EarlyStopping counter: 2 out of 15
INFO - 09/14/26 01:35:23 - 0:04:14 - Epoch 61: train_loss=1.4778650999069214, train_acc= 39.14%
INFO - 09/14/26 01:35:24 - 0:04:14 - Epoch 62: train_loss=1.462497591972351, train_acc= 40.20%
INFO - 09/14/26 01:35:24 - 0:04:15 - Epoch 63: train_loss=1.4624271392822266, train_acc= 40.85%
INFO - 09/14/26 01:35:24 - 0:04:15 - Epoch 64: train_loss=1.458224892616272, train_acc= 41.13%
INFO - 09/14/26 01:35:25 - 0:04:15 - Epoch 65: train_loss=1.4570950269699097, train_acc= 40.68%
INFO - 09/14/26 01:35:25 - 0:04:15 - Epoch 65: val_loss=1.4846231937408447, val_acc= 40.93%,val_weighted_f1= 32.00,val_macro_f1= 20.22%
INFO - 09/14/26 01:35:25 - 0:04:16 - Epoch 66: train_loss=1.4554646015167236, train_acc= 41.02%
INFO - 09/14/26 01:35:25 - 0:04:16 - Epoch 67: train_loss=1.4539220333099365, train_acc= 40.77%
INFO - 09/14/26 01:35:26 - 0:04:16 - Epoch 68: train_loss=1.4469375610351562, train_acc= 41.30%
INFO - 09/14/26 01:35:26 - 0:04:17 - Epoch 69: train_loss=1.4475386142730713, train_acc= 41.11%
INFO - 09/14/26 01:35:26 - 0:04:17 - Epoch 70: train_loss=1.4439882040023804, train_acc= 40.73%
INFO - 09/14/26 01:35:26 - 0:04:17 - Epoch 70: val_loss=1.471868634223938, val_acc= 41.01%,val_weighted_f1= 31.72,val_macro_f1= 20.15%
INFO - 09/14/26 01:35:27 - 0:04:17 - Epoch 71: train_loss=1.4368126392364502, train_acc= 41.30%
INFO - 09/14/26 01:35:27 - 0:04:18 - Epoch 72: train_loss=1.436195969581604, train_acc= 40.81%
INFO - 09/14/26 01:35:27 - 0:04:18 - Epoch 73: train_loss=1.4326790571212769, train_acc= 41.34%
INFO - 09/14/26 01:35:27 - 0:04:18 - Epoch 74: train_loss=1.4377940893173218, train_acc= 41.80%
INFO - 09/14/26 01:35:28 - 0:04:18 - Epoch 75: train_loss=1.4266926050186157, train_acc= 41.91%
INFO - 09/14/26 01:35:28 - 0:04:19 - Epoch 75: val_loss=1.4656767845153809, val_acc= 40.55%,val_weighted_f1= 30.69,val_macro_f1= 18.98%
EarlyStopping counter: 1 out of 15
INFO - 09/14/26 01:35:28 - 0:04:19 - Epoch 76: train_loss=1.425749659538269, train_acc= 42.32%
INFO - 09/14/26 01:35:28 - 0:04:19 - Epoch 77: train_loss=1.426390528678894, train_acc= 42.60%
INFO - 09/14/26 01:35:29 - 0:04:19 - Epoch 78: train_loss=1.4186235666275024, train_acc= 42.08%
INFO - 09/14/26 01:35:29 - 0:04:20 - Epoch 79: train_loss=1.420499563217163, train_acc= 41.17%
INFO - 09/14/26 01:35:29 - 0:04:20 - Epoch 80: train_loss=1.4148101806640625, train_acc= 42.07%
INFO - 09/14/26 01:35:29 - 0:04:20 - Epoch 80: val_loss=1.4546561241149902, val_acc= 40.60%,val_weighted_f1= 30.99,val_macro_f1= 19.23%
EarlyStopping counter: 2 out of 15
INFO - 09/14/26 01:35:29 - 0:04:20 - Epoch 81: train_loss=1.4136146306991577, train_acc= 42.09%
INFO - 09/14/26 01:35:30 - 0:04:20 - Epoch 82: train_loss=1.410486102104187, train_acc= 42.26%
INFO - 09/14/26 01:35:30 - 0:04:21 - Epoch 83: train_loss=1.4035700559616089, train_acc= 42.50%
INFO - 09/14/26 01:35:30 - 0:04:21 - Epoch 84: train_loss=1.4071505069732666, train_acc= 42.26%
INFO - 09/14/26 01:35:31 - 0:04:21 - Epoch 85: train_loss=1.4003292322158813, train_acc= 42.37%
INFO - 09/14/26 01:35:31 - 0:04:21 - Epoch 85: val_loss=1.433388352394104, val_acc= 41.12%,val_weighted_f1= 31.87,val_macro_f1= 19.94%
INFO - 09/14/26 01:35:31 - 0:04:22 - Epoch 86: train_loss=1.3984301090240479, train_acc= 42.16%
INFO - 09/14/26 01:35:31 - 0:04:22 - Epoch 87: train_loss=1.400187611579895, train_acc= 41.44%
INFO - 09/14/26 01:35:32 - 0:04:22 - Epoch 88: train_loss=1.3947677612304688, train_acc= 42.47%
INFO - 09/14/26 01:35:32 - 0:04:23 - Epoch 89: train_loss=1.3918037414550781, train_acc= 43.15%
INFO - 09/14/26 01:35:32 - 0:04:23 - Epoch 90: train_loss=1.3883986473083496, train_acc= 42.63%
INFO - 09/14/26 01:35:32 - 0:04:23 - Epoch 90: val_loss=1.4312843084335327, val_acc= 40.60%,val_weighted_f1= 30.80,val_macro_f1= 19.06%
EarlyStopping counter: 1 out of 15
INFO - 09/14/26 01:35:32 - 0:04:23 - Epoch 91: train_loss=1.3879647254943848, train_acc= 43.19%
INFO - 09/14/26 01:35:33 - 0:04:24 - Epoch 92: train_loss=1.3831980228424072, train_acc= 42.93%
INFO - 09/14/26 01:35:33 - 0:04:24 - Epoch 93: train_loss=1.3840100765228271, train_acc= 42.86%
INFO - 09/14/26 01:35:33 - 0:04:24 - Epoch 94: train_loss=1.3849073648452759, train_acc= 42.46%
INFO - 09/14/26 01:35:34 - 0:04:24 - Epoch 95: train_loss=1.3786532878875732, train_acc= 43.51%
INFO - 09/14/26 01:35:34 - 0:04:24 - Epoch 95: val_loss=1.4385071992874146, val_acc= 39.31%,val_weighted_f1= 28.15,val_macro_f1= 17.05%
EarlyStopping counter: 2 out of 15
INFO - 09/14/26 01:35:34 - 0:04:25 - Epoch 96: train_loss=1.3750888109207153, train_acc= 43.34%
INFO - 09/14/26 01:35:34 - 0:04:25 - Epoch 97: train_loss=1.373063564300537, train_acc= 42.99%
INFO - 09/14/26 01:35:34 - 0:04:25 - Epoch 98: train_loss=1.3717461824417114, train_acc= 42.78%
INFO - 09/14/26 01:35:35 - 0:04:26 - Epoch 99: train_loss=1.368619441986084, train_acc= 42.99%
INFO - 09/14/26 01:35:35 - 0:04:26 - Epoch 100: train_loss=1.3675546646118164, train_acc= 43.51%
INFO - 09/14/26 01:35:35 - 0:04:26 - Epoch 100: val_loss=1.4274842739105225, val_acc= 39.74%,val_weighted_f1= 29.07,val_macro_f1= 17.75%
EarlyStopping counter: 3 out of 15
INFO - 09/14/26 01:35:35 - 0:04:26 - Epoch 101: train_loss=1.367956519126892, train_acc= 43.55%
INFO - 09/14/26 01:35:36 - 0:04:26 - Epoch 102: train_loss=1.3615573644638062, train_acc= 43.74%
INFO - 09/14/26 01:35:36 - 0:04:27 - Epoch 103: train_loss=1.3570377826690674, train_acc= 43.93%
INFO - 09/14/26 01:35:36 - 0:04:27 - Epoch 104: train_loss=1.3557703495025635, train_acc= 43.31%
INFO - 09/14/26 01:35:36 - 0:04:27 - Epoch 105: train_loss=1.3520466089248657, train_acc= 43.81%
INFO - 09/14/26 01:35:37 - 0:04:27 - Epoch 105: val_loss=1.4153952598571777, val_acc= 39.56%,val_weighted_f1= 28.72,val_macro_f1= 17.47%
EarlyStopping counter: 4 out of 15
INFO - 09/14/26 01:35:37 - 0:04:28 - Epoch 106: train_loss=1.3516579866409302, train_acc= 43.51%
INFO - 09/14/26 01:35:37 - 0:04:28 - Epoch 107: train_loss=1.3497626781463623, train_acc= 43.87%
INFO - 09/14/26 01:35:37 - 0:04:28 - Epoch 108: train_loss=1.3490747213363647, train_acc= 43.45%
INFO - 09/14/26 01:35:38 - 0:04:28 - Epoch 109: train_loss=1.3433982133865356, train_acc= 43.76%
INFO - 09/14/26 01:35:38 - 0:04:29 - Epoch 110: train_loss=1.342940092086792, train_acc= 43.79%
INFO - 09/14/26 01:35:38 - 0:04:29 - Epoch 110: val_loss=1.409182071685791, val_acc= 39.26%,val_weighted_f1= 28.08,val_macro_f1= 16.98%
EarlyStopping counter: 5 out of 15
INFO - 09/14/26 01:35:38 - 0:04:29 - Epoch 111: train_loss=1.3414243459701538, train_acc= 43.46%
INFO - 09/14/26 01:35:39 - 0:04:29 - Epoch 112: train_loss=1.3395687341690063, train_acc= 44.19%
INFO - 09/14/26 01:35:39 - 0:04:30 - Epoch 113: train_loss=1.3408076763153076, train_acc= 43.57%
INFO - 09/14/26 01:35:39 - 0:04:30 - Epoch 114: train_loss=1.333660364151001, train_acc= 44.30%
INFO - 09/14/26 01:35:39 - 0:04:30 - Epoch 115: train_loss=1.3345667123794556, train_acc= 44.02%
INFO - 09/14/26 01:35:39 - 0:04:30 - Epoch 115: val_loss=1.4452913999557495, val_acc= 38.79%,val_weighted_f1= 26.83,val_macro_f1= 16.09%
EarlyStopping counter: 6 out of 15
INFO - 09/14/26 01:35:40 - 0:04:31 - Epoch 116: train_loss=1.3338218927383423, train_acc= 43.88%
INFO - 09/14/26 01:35:40 - 0:04:31 - Epoch 117: train_loss=1.3291734457015991, train_acc= 43.91%
INFO - 09/14/26 01:35:40 - 0:04:31 - Epoch 118: train_loss=1.3296951055526733, train_acc= 44.10%
INFO - 09/14/26 01:35:41 - 0:04:31 - Epoch 119: train_loss=1.337253212928772, train_acc= 44.06%
INFO - 09/14/26 01:35:41 - 0:04:32 - Epoch 120: train_loss=1.3396140336990356, train_acc= 43.95%
INFO - 09/14/26 01:35:41 - 0:04:32 - Epoch 120: val_loss=1.7263691425323486, val_acc= 36.75%,val_weighted_f1= 20.87,val_macro_f1= 11.63%
EarlyStopping counter: 7 out of 15
INFO - 09/14/26 01:35:41 - 0:04:32 - Epoch 121: train_loss=1.3516671657562256, train_acc= 43.15%
INFO - 09/14/26 01:35:41 - 0:04:32 - Epoch 122: train_loss=1.3384137153625488, train_acc= 43.87%
INFO - 09/14/26 01:35:42 - 0:04:32 - Epoch 123: train_loss=1.3301376104354858, train_acc= 44.13%
INFO - 09/14/26 01:35:42 - 0:04:33 - Epoch 124: train_loss=1.3308931589126587, train_acc= 43.57%
INFO - 09/14/26 01:35:42 - 0:04:33 - Epoch 125: train_loss=1.329194188117981, train_acc= 44.34%
INFO - 09/14/26 01:35:42 - 0:04:33 - Epoch 125: val_loss=1.400662899017334, val_acc= 39.54%,val_weighted_f1= 28.78,val_macro_f1= 17.52%
EarlyStopping counter: 8 out of 15
INFO - 09/14/26 01:35:43 - 0:04:33 - Epoch 126: train_loss=1.3252770900726318, train_acc= 44.47%
INFO - 09/14/26 01:35:43 - 0:04:34 - Epoch 127: train_loss=1.3278958797454834, train_acc= 44.23%
INFO - 09/14/26 01:35:43 - 0:04:34 - Epoch 128: train_loss=1.3287687301635742, train_acc= 44.44%
INFO - 09/14/26 01:35:43 - 0:04:34 - Epoch 129: train_loss=1.3198127746582031, train_acc= 44.48%
INFO - 09/14/26 01:35:44 - 0:04:35 - Epoch 130: train_loss=1.3191720247268677, train_acc= 44.20%
INFO - 09/14/26 01:35:44 - 0:04:35 - Epoch 130: val_loss=1.3735966682434082, val_acc= 39.29%,val_weighted_f1= 27.90,val_macro_f1= 16.83%
EarlyStopping counter: 9 out of 15
INFO - 09/14/26 01:35:44 - 0:04:35 - Epoch 131: train_loss=1.3194208145141602, train_acc= 43.93%
INFO - 09/14/26 01:35:44 - 0:04:35 - Epoch 132: train_loss=1.3144630193710327, train_acc= 44.51%
INFO - 09/14/26 01:35:45 - 0:04:35 - Epoch 133: train_loss=1.3124616146087646, train_acc= 44.43%
INFO - 09/14/26 01:35:45 - 0:04:36 - Epoch 134: train_loss=1.3134320974349976, train_acc= 44.52%
INFO - 09/14/26 01:35:45 - 0:04:36 - Epoch 135: train_loss=1.3124549388885498, train_acc= 44.70%
INFO - 09/14/26 01:35:45 - 0:04:36 - Epoch 135: val_loss=1.3918404579162598, val_acc= 38.23%,val_weighted_f1= 25.27,val_macro_f1= 14.88%
EarlyStopping counter: 10 out of 15
INFO - 09/14/26 01:35:46 - 0:04:36 - Epoch 136: train_loss=1.307732105255127, train_acc= 44.62%
INFO - 09/14/26 01:35:46 - 0:04:37 - Epoch 137: train_loss=1.3196154832839966, train_acc= 44.46%
INFO - 09/14/26 01:35:46 - 0:04:37 - Epoch 138: train_loss=1.3074676990509033, train_acc= 44.50%
INFO - 09/14/26 01:35:46 - 0:04:37 - Epoch 139: train_loss=1.3030412197113037, train_acc= 44.45%
INFO - 09/14/26 01:35:47 - 0:04:37 - Epoch 140: train_loss=1.3047266006469727, train_acc= 44.47%
INFO - 09/14/26 01:35:47 - 0:04:38 - Epoch 140: val_loss=1.4128196239471436, val_acc= 38.33%,val_weighted_f1= 25.30,val_macro_f1= 14.90%
EarlyStopping counter: 11 out of 15
INFO - 09/14/26 01:35:47 - 0:04:38 - Epoch 141: train_loss=1.3041844367980957, train_acc= 44.84%
INFO - 09/14/26 01:35:47 - 0:04:38 - Epoch 142: train_loss=1.2998775243759155, train_acc= 44.81%
INFO - 09/14/26 01:35:48 - 0:04:38 - Epoch 143: train_loss=1.3040560483932495, train_acc= 44.89%
INFO - 09/14/26 01:35:48 - 0:04:39 - Epoch 144: train_loss=1.3041256666183472, train_acc= 44.41%
INFO - 09/14/26 01:35:48 - 0:04:39 - Epoch 145: train_loss=1.2998707294464111, train_acc= 45.03%
INFO - 09/14/26 01:35:48 - 0:04:39 - Epoch 145: val_loss=1.415763020515442, val_acc= 37.50%,val_weighted_f1= 22.97,val_macro_f1= 13.17%
EarlyStopping counter: 12 out of 15
INFO - 09/14/26 01:35:49 - 0:04:39 - Epoch 146: train_loss=1.301563024520874, train_acc= 44.68%
INFO - 09/14/26 01:35:49 - 0:04:40 - Epoch 147: train_loss=1.2950628995895386, train_acc= 44.94%
INFO - 09/14/26 01:35:49 - 0:04:40 - Epoch 148: train_loss=1.293873906135559, train_acc= 44.73%
INFO - 09/14/26 01:35:49 - 0:04:40 - Epoch 149: train_loss=1.2937103509902954, train_acc= 45.30%
INFO - 09/14/26 01:35:50 - 0:04:40 - Epoch 150: train_loss=1.288008689880371, train_acc= 45.09%
INFO - 09/14/26 01:35:50 - 0:04:41 - Epoch 150: val_loss=1.3934862613677979, val_acc= 38.12%,val_weighted_f1= 24.94,val_macro_f1= 14.65%
EarlyStopping counter: 13 out of 15
INFO - 09/14/26 01:35:50 - 0:04:41 - Epoch 151: train_loss=1.2914549112319946, train_acc= 45.07%
INFO - 09/14/26 01:35:50 - 0:04:41 - Epoch 152: train_loss=1.2901197671890259, train_acc= 44.95%
INFO - 09/14/26 01:35:51 - 0:04:41 - Epoch 153: train_loss=1.2871302366256714, train_acc= 45.35%
INFO - 09/14/26 01:35:51 - 0:04:42 - Epoch 154: train_loss=1.2911622524261475, train_acc= 44.98%
INFO - 09/14/26 01:35:51 - 0:04:42 - Epoch 155: train_loss=1.285337209701538, train_acc= 44.87%
INFO - 09/14/26 01:35:51 - 0:04:42 - Epoch 155: val_loss=1.4034398794174194, val_acc= 38.36%,val_weighted_f1= 26.49,val_macro_f1= 15.97%
EarlyStopping counter: 14 out of 15
INFO - 09/14/26 01:35:51 - 0:04:42 - Epoch 156: train_loss=1.2813776731491089, train_acc= 45.17%
INFO - 09/14/26 01:35:52 - 0:04:43 - Epoch 157: train_loss=1.2850134372711182, train_acc= 45.05%
INFO - 09/14/26 01:35:52 - 0:04:43 - Epoch 158: train_loss=1.280185580253601, train_acc= 44.87%
INFO - 09/14/26 01:35:52 - 0:04:43 - Epoch 159: train_loss=1.2782230377197266, train_acc= 45.17%
INFO - 09/14/26 01:35:53 - 0:04:43 - Epoch 160: train_loss=1.2826117277145386, train_acc= 45.38%
INFO - 09/14/26 01:35:53 - 0:04:43 - Epoch 160: val_loss=1.3915345668792725, val_acc= 38.49%,val_weighted_f1= 27.07,val_macro_f1= 16.46%
EarlyStopping counter: 15 out of 15
---------Early stopping--------
INFO - 09/14/26 01:35:53 - 0:04:43 - --------------Testing--------------------
INFO - 09/14/26 01:35:53 - 0:04:43 - --------------Loading from ./checkpoints/NC_Amazon-ratings_model.pt--------------------
INFO - 09/14/26 01:35:53 - 0:04:44 - test_acc= 41.35%, weighted_f1= 32.10,macro_f1= 20.10%
INFO - 09/14/26 01:35:53 - 0:04:44 - test_acc= 41.35%, weighted_f1= 32.10,macro_f1= 20.10%
INFO - 09/14/26 01:35:53 - 0:04:44 - Epoch 0: train_loss=1.7138512134552002, train_acc= 20.08%
INFO - 09/14/26 01:35:53 - 0:04:44 - Epoch 0: val_loss=1.5973427295684814, val_acc= 36.80%,val_weighted_f1= 19.79,val_macro_f1= 10.76%
INFO - 09/14/26 01:35:53 - 0:04:44 - Epoch 1: train_loss=1.744881272315979, train_acc= 19.12%
INFO - 09/14/26 01:35:54 - 0:04:45 - Epoch 2: train_loss=1.70771324634552, train_acc= 19.26%
INFO - 09/14/26 01:35:54 - 0:04:45 - Epoch 3: train_loss=1.6883167028427124, train_acc= 20.90%
INFO - 09/14/26 01:35:54 - 0:04:45 - Epoch 4: train_loss=1.6919759511947632, train_acc= 20.18%
INFO - 09/14/26 01:35:55 - 0:04:45 - Epoch 5: train_loss=1.676581859588623, train_acc= 22.01%
INFO - 09/14/26 01:35:55 - 0:04:45 - Epoch 5: val_loss=1.5955946445465088, val_acc= 36.80%,val_weighted_f1= 19.79,val_macro_f1= 10.76%
INFO - 09/14/26 01:35:55 - 0:04:46 - Epoch 6: train_loss=1.668439269065857, train_acc= 22.69%
INFO - 09/14/26 01:35:55 - 0:04:46 - Epoch 7: train_loss=1.6677378416061401, train_acc= 22.30%
INFO - 09/14/26 01:35:56 - 0:04:46 - Epoch 8: train_loss=1.656491994857788, train_acc= 22.62%
INFO - 09/14/26 01:35:56 - 0:04:47 - Epoch 9: train_loss=1.6529649496078491, train_acc= 22.72%
INFO - 09/14/26 01:35:56 - 0:04:47 - Epoch 10: train_loss=1.6372125148773193, train_acc= 23.21%
INFO - 09/14/26 01:35:56 - 0:04:47 - Epoch 10: val_loss=1.588348150253296, val_acc= 36.80%,val_weighted_f1= 19.79,val_macro_f1= 10.76%
INFO - 09/14/26 01:35:57 - 0:04:47 - Epoch 11: train_loss=1.6283624172210693, train_acc= 23.04%
INFO - 09/14/26 01:35:57 - 0:04:48 - Epoch 12: train_loss=1.6106239557266235, train_acc= 24.22%
INFO - 09/14/26 01:35:57 - 0:04:48 - Epoch 13: train_loss=1.6001663208007812, train_acc= 25.39%
INFO - 09/14/26 01:35:57 - 0:04:48 - Epoch 14: train_loss=1.5914855003356934, train_acc= 26.63%
INFO - 09/14/26 01:35:58 - 0:04:49 - Epoch 15: train_loss=1.585423469543457, train_acc= 28.47%
INFO - 09/14/26 01:35:58 - 0:04:49 - Epoch 15: val_loss=1.587790608406067, val_acc= 36.63%,val_weighted_f1= 19.85,val_macro_f1= 10.83%
EarlyStopping counter: 1 out of 15
INFO - 09/14/26 01:35:58 - 0:04:49 - Epoch 16: train_loss=1.5778777599334717, train_acc= 29.23%
INFO - 09/14/26 01:35:58 - 0:04:49 - Epoch 17: train_loss=1.5734542608261108, train_acc= 31.27%
INFO - 09/14/26 01:35:59 - 0:04:49 - Epoch 18: train_loss=1.5738856792449951, train_acc= 31.89%
INFO - 09/14/26 01:35:59 - 0:04:50 - Epoch 19: train_loss=1.568315863609314, train_acc= 32.83%
INFO - 09/14/26 01:35:59 - 0:04:50 - Epoch 20: train_loss=1.560630440711975, train_acc= 32.95%
INFO - 09/14/26 01:35:59 - 0:04:50 - Epoch 20: val_loss=1.5762993097305298, val_acc= 36.53%,val_weighted_f1= 19.84,val_macro_f1= 10.84%
EarlyStopping counter: 2 out of 15
INFO - 09/14/26 01:35:59 - 0:04:50 - Epoch 21: train_loss=1.5597847700119019, train_acc= 33.08%
INFO - 09/14/26 01:36:00 - 0:04:51 - Epoch 22: train_loss=1.553298830986023, train_acc= 33.74%
INFO - 09/14/26 01:36:00 - 0:04:51 - Epoch 23: train_loss=1.5530983209609985, train_acc= 33.82%
INFO - 09/14/26 01:36:00 - 0:04:51 - Epoch 24: train_loss=1.5490258932113647, train_acc= 34.37%
INFO - 09/14/26 01:36:01 - 0:04:51 - Epoch 25: train_loss=1.5446698665618896, train_acc= 35.11%
INFO - 09/14/26 01:36:01 - 0:04:52 - Epoch 25: val_loss=1.5521557331085205, val_acc= 37.33%,val_weighted_f1= 22.55,val_macro_f1= 12.83%
INFO - 09/14/26 01:36:01 - 0:04:52 - Epoch 26: train_loss=1.5420571565628052, train_acc= 35.02%
INFO - 09/14/26 01:36:01 - 0:04:52 - Epoch 27: train_loss=1.5403023958206177, train_acc= 35.40%
INFO - 09/14/26 01:36:02 - 0:04:52 - Epoch 28: train_loss=1.5386731624603271, train_acc= 35.29%
INFO - 09/14/26 01:36:02 - 0:04:53 - Epoch 29: train_loss=1.5327048301696777, train_acc= 35.99%
INFO - 09/14/26 01:36:02 - 0:04:53 - Epoch 30: train_loss=1.5286633968353271, train_acc= 35.77%
INFO - 09/14/26 01:36:02 - 0:04:53 - Epoch 30: val_loss=1.5391390323638916, val_acc= 38.12%,val_weighted_f1= 29.70,val_macro_f1= 18.54%
INFO - 09/14/26 01:36:03 - 0:04:53 - Epoch 31: train_loss=1.5321072340011597, train_acc= 36.04%
INFO - 09/14/26 01:36:03 - 0:04:54 - Epoch 32: train_loss=1.5272337198257446, train_acc= 36.51%
INFO - 09/14/26 01:36:03 - 0:04:54 - Epoch 33: train_loss=1.5263073444366455, train_acc= 36.77%
INFO - 09/14/26 01:36:03 - 0:04:54 - Epoch 34: train_loss=1.5210120677947998, train_acc= 36.41%
INFO - 09/14/26 01:36:04 - 0:04:55 - Epoch 35: train_loss=1.5193270444869995, train_acc= 36.72%
INFO - 09/14/26 01:36:04 - 0:04:55 - Epoch 35: val_loss=1.5338711738586426, val_acc= 38.45%,val_weighted_f1= 29.95,val_macro_f1= 18.75%
INFO - 09/14/26 01:36:04 - 0:04:55 - Epoch 36: train_loss=1.5161724090576172, train_acc= 36.75%
INFO - 09/14/26 01:36:04 - 0:04:55 - Epoch 37: train_loss=1.5114550590515137, train_acc= 36.91%
INFO - 09/14/26 01:36:05 - 0:04:55 - Epoch 38: train_loss=1.5074589252471924, train_acc= 37.05%
INFO - 09/14/26 01:36:05 - 0:04:56 - Epoch 39: train_loss=1.503593921661377, train_acc= 37.24%
INFO - 09/14/26 01:36:05 - 0:04:56 - Epoch 40: train_loss=1.5048946142196655, train_acc= 37.02%
INFO - 09/14/26 01:36:05 - 0:04:56 - Epoch 40: val_loss=1.5277600288391113, val_acc= 38.71%,val_weighted_f1= 30.13,val_macro_f1= 18.87%
INFO - 09/14/26 01:36:06 - 0:04:56 - Epoch 41: train_loss=1.4979444742202759, train_acc= 37.69%
INFO - 09/14/26 01:36:06 - 0:04:57 - Epoch 42: train_loss=1.4962202310562134, train_acc= 37.16%
INFO - 09/14/26 01:36:06 - 0:04:57 - Epoch 43: train_loss=1.4934818744659424, train_acc= 37.87%
INFO - 09/14/26 01:36:06 - 0:04:57 - Epoch 44: train_loss=1.4894262552261353, train_acc= 38.01%
INFO - 09/14/26 01:36:07 - 0:04:57 - Epoch 45: train_loss=1.493363618850708, train_acc= 38.10%
INFO - 09/14/26 01:36:07 - 0:04:58 - Epoch 45: val_loss=1.5185497999191284, val_acc= 36.84%,val_weighted_f1= 27.90,val_macro_f1= 17.78%
EarlyStopping counter: 1 out of 15
INFO - 09/14/26 01:36:07 - 0:04:58 - Epoch 46: train_loss=1.4855711460113525, train_acc= 38.38%
INFO - 09/14/26 01:36:07 - 0:04:58 - Epoch 47: train_loss=1.4874703884124756, train_acc= 38.80%
INFO - 09/14/26 01:36:08 - 0:04:58 - Epoch 48: train_loss=1.4810148477554321, train_acc= 39.55%
INFO - 09/14/26 01:36:08 - 0:04:59 - Epoch 49: train_loss=1.4776548147201538, train_acc= 39.25%
INFO - 09/14/26 01:36:08 - 0:04:59 - Epoch 50: train_loss=1.4735454320907593, train_acc= 39.58%
INFO - 09/14/26 01:36:08 - 0:04:59 - Epoch 50: val_loss=1.5050853490829468, val_acc= 38.94%,val_weighted_f1= 30.01,val_macro_f1= 19.05%
INFO - 09/14/26 01:36:09 - 0:04:59 - Epoch 51: train_loss=1.4702250957489014, train_acc= 39.60%
INFO - 09/14/26 01:36:09 - 0:05:00 - Epoch 52: train_loss=1.463291883468628, train_acc= 39.92%
INFO - 09/14/26 01:36:09 - 0:05:00 - Epoch 53: train_loss=1.463424801826477, train_acc= 39.13%
INFO - 09/14/26 01:36:09 - 0:05:00 - Epoch 54: train_loss=1.4605191946029663, train_acc= 40.08%
INFO - 09/14/26 01:36:10 - 0:05:00 - Epoch 55: train_loss=1.4618853330612183, train_acc= 40.41%
INFO - 09/14/26 01:36:10 - 0:05:00 - Epoch 55: val_loss=1.5043889284133911, val_acc= 36.50%,val_weighted_f1= 27.09,val_macro_f1= 17.39%
EarlyStopping counter: 1 out of 15
INFO - 09/14/26 01:36:10 - 0:05:01 - Epoch 56: train_loss=1.4568654298782349, train_acc= 40.17%
INFO - 09/14/26 01:36:10 - 0:05:01 - Epoch 57: train_loss=1.45132577419281, train_acc= 40.08%
INFO - 09/14/26 01:36:10 - 0:05:01 - Epoch 58: train_loss=1.4560524225234985, train_acc= 39.57%
INFO - 09/14/26 01:36:11 - 0:05:02 - Epoch 59: train_loss=1.4458798170089722, train_acc= 40.79%
INFO - 09/14/26 01:36:11 - 0:05:02 - Epoch 60: train_loss=1.4427369832992554, train_acc= 40.94%
INFO - 09/14/26 01:36:11 - 0:05:02 - Epoch 60: val_loss=1.4849252700805664, val_acc= 38.89%,val_weighted_f1= 29.69,val_macro_f1= 18.94%
EarlyStopping counter: 2 out of 15
INFO - 09/14/26 01:36:11 - 0:05:02 - Epoch 61: train_loss=1.4483447074890137, train_acc= 41.57%
INFO - 09/14/26 01:36:12 - 0:05:02 - Epoch 62: train_loss=1.4400477409362793, train_acc= 41.94%
INFO - 09/14/26 01:36:12 - 0:05:03 - Epoch 63: train_loss=1.435220718383789, train_acc= 41.34%
INFO - 09/14/26 01:36:12 - 0:05:03 - Epoch 64: train_loss=1.4319305419921875, train_acc= 41.84%
INFO - 09/14/26 01:36:12 - 0:05:03 - Epoch 65: train_loss=1.4322481155395508, train_acc= 41.28%
INFO - 09/14/26 01:36:13 - 0:05:03 - Epoch 65: val_loss=1.4704235792160034, val_acc= 39.51%,val_weighted_f1= 30.32,val_macro_f1= 19.30%
INFO - 09/14/26 01:36:13 - 0:05:04 - Epoch 66: train_loss=1.4259545803070068, train_acc= 41.07%
INFO - 09/14/26 01:36:13 - 0:05:04 - Epoch 67: train_loss=1.4239606857299805, train_acc= 41.41%
INFO - 09/14/26 01:36:13 - 0:05:04 - Epoch 68: train_loss=1.4253612756729126, train_acc= 41.85%
INFO - 09/14/26 01:36:14 - 0:05:04 - Epoch 69: train_loss=1.4180564880371094, train_acc= 41.61%
INFO - 09/14/26 01:36:14 - 0:05:05 - Epoch 70: train_loss=1.4129458665847778, train_acc= 41.82%
INFO - 09/14/26 01:36:14 - 0:05:05 - Epoch 70: val_loss=1.4596110582351685, val_acc= 40.62%,val_weighted_f1= 31.14,val_macro_f1= 19.36%
INFO - 09/14/26 01:36:14 - 0:05:05 - Epoch 71: train_loss=1.4114296436309814, train_acc= 41.71%
INFO - 09/14/26 01:36:15 - 0:05:05 - Epoch 72: train_loss=1.4103484153747559, train_acc= 42.19%
INFO - 09/14/26 01:36:15 - 0:05:06 - Epoch 73: train_loss=1.405301809310913, train_acc= 42.25%
INFO - 09/14/26 01:36:15 - 0:05:06 - Epoch 74: train_loss=1.40055251121521, train_acc= 42.79%
INFO - 09/14/26 01:36:15 - 0:05:06 - Epoch 75: train_loss=1.3962527513504028, train_acc= 42.67%
INFO - 09/14/26 01:36:16 - 0:05:06 - Epoch 75: val_loss=1.4350720643997192, val_acc= 41.01%,val_weighted_f1= 31.91,val_macro_f1= 20.22%
INFO - 09/14/26 01:36:16 - 0:05:07 - Epoch 76: train_loss=1.396841049194336, train_acc= 42.46%
INFO - 09/14/26 01:36:16 - 0:05:07 - Epoch 77: train_loss=1.3938134908676147, train_acc= 43.01%
INFO - 09/14/26 01:36:16 - 0:05:07 - Epoch 78: train_loss=1.3873097896575928, train_acc= 42.86%
INFO - 09/14/26 01:36:17 - 0:05:07 - Epoch 79: train_loss=1.3816635608673096, train_acc= 43.44%
INFO - 09/14/26 01:36:17 - 0:05:08 - Epoch 80: train_loss=1.3861116170883179, train_acc= 43.29%
INFO - 09/14/26 01:36:17 - 0:05:08 - Epoch 80: val_loss=1.4179922342300415, val_acc= 41.24%,val_weighted_f1= 31.78,val_macro_f1= 19.82%
INFO - 09/14/26 01:36:17 - 0:05:08 - Epoch 81: train_loss=1.3826329708099365, train_acc= 42.71%
INFO - 09/14/26 01:36:18 - 0:05:08 - Epoch 82: train_loss=1.3773963451385498, train_acc= 43.11%
INFO - 09/14/26 01:36:18 - 0:05:09 - Epoch 83: train_loss=1.380073070526123, train_acc= 43.69%
INFO - 09/14/26 01:36:18 - 0:05:09 - Epoch 84: train_loss=1.3746812343597412, train_acc= 43.52%
INFO - 09/14/26 01:36:18 - 0:05:09 - Epoch 85: train_loss=1.380736231803894, train_acc= 42.28%
INFO - 09/14/26 01:36:19 - 0:05:09 - Epoch 85: val_loss=1.4111133813858032, val_acc= 41.24%,val_weighted_f1= 32.61,val_macro_f1= 20.73%
INFO - 09/14/26 01:36:19 - 0:05:10 - Epoch 86: train_loss=1.3736613988876343, train_acc= 42.69%
INFO - 09/14/26 01:36:19 - 0:05:10 - Epoch 87: train_loss=1.36803138256073, train_acc= 43.72%
INFO - 09/14/26 01:36:19 - 0:05:10 - Epoch 88: train_loss=1.3728430271148682, train_acc= 43.75%
INFO - 09/14/26 01:36:20 - 0:05:10 - Epoch 89: train_loss=1.3619176149368286, train_acc= 43.76%
INFO - 09/14/26 01:36:20 - 0:05:11 - Epoch 90: train_loss=1.365976333618164, train_acc= 43.15%
INFO - 09/14/26 01:36:20 - 0:05:11 - Epoch 90: val_loss=1.4070833921432495, val_acc= 40.57%,val_weighted_f1= 30.56,val_macro_f1= 18.86%
EarlyStopping counter: 1 out of 15
INFO - 09/14/26 01:36:20 - 0:05:11 - Epoch 91: train_loss=1.3586231470108032, train_acc= 43.21%
INFO - 09/14/26 01:36:21 - 0:05:11 - Epoch 92: train_loss=1.3639893531799316, train_acc= 43.08%
INFO - 09/14/26 01:36:21 - 0:05:12 - Epoch 93: train_loss=1.3581266403198242, train_acc= 43.91%
INFO - 09/14/26 01:36:21 - 0:05:12 - Epoch 94: train_loss=1.3597303628921509, train_acc= 43.92%
INFO - 09/14/26 01:36:21 - 0:05:12 - Epoch 95: train_loss=1.3547569513320923, train_acc= 43.69%
INFO - 09/14/26 01:36:21 - 0:05:12 - Epoch 95: val_loss=1.4015092849731445, val_acc= 41.19%,val_weighted_f1= 32.11,val_macro_f1= 20.27%
EarlyStopping counter: 2 out of 15
INFO - 09/14/26 01:36:22 - 0:05:13 - Epoch 96: train_loss=1.3507930040359497, train_acc= 43.93%
INFO - 09/14/26 01:36:22 - 0:05:13 - Epoch 97: train_loss=1.3465670347213745, train_acc= 44.09%
INFO - 09/14/26 01:36:22 - 0:05:13 - Epoch 98: train_loss=1.348899006843567, train_acc= 44.31%
INFO - 09/14/26 01:36:23 - 0:05:13 - Epoch 99: train_loss=1.346455454826355, train_acc= 44.05%
INFO - 09/14/26 01:36:23 - 0:05:14 - Epoch 100: train_loss=1.340124249458313, train_acc= 44.16%
INFO - 09/14/26 01:36:23 - 0:05:14 - Epoch 100: val_loss=1.4079079627990723, val_acc= 39.72%,val_weighted_f1= 29.35,val_macro_f1= 17.97%
EarlyStopping counter: 3 out of 15
INFO - 09/14/26 01:36:23 - 0:05:14 - Epoch 101: train_loss=1.3424251079559326, train_acc= 44.33%
INFO - 09/14/26 01:36:23 - 0:05:14 - Epoch 102: train_loss=1.3397289514541626, train_acc= 44.01%
INFO - 09/14/26 01:36:24 - 0:05:15 - Epoch 103: train_loss=1.3402600288391113, train_acc= 44.17%
INFO - 09/14/26 01:36:24 - 0:05:15 - Epoch 104: train_loss=1.3382105827331543, train_acc= 44.27%
INFO - 09/14/26 01:36:24 - 0:05:15 - Epoch 105: train_loss=1.3399783372879028, train_acc= 43.83%
INFO - 09/14/26 01:36:24 - 0:05:15 - Epoch 105: val_loss=1.4039196968078613, val_acc= 41.34%,val_weighted_f1= 31.94,val_macro_f1= 19.94%
INFO - 09/14/26 01:36:25 - 0:05:15 - Epoch 106: train_loss=1.3321330547332764, train_acc= 44.21%
INFO - 09/14/26 01:36:25 - 0:05:16 - Epoch 107: train_loss=1.3321681022644043, train_acc= 44.64%
INFO - 09/14/26 01:36:25 - 0:05:16 - Epoch 108: train_loss=1.3319759368896484, train_acc= 44.67%
INFO - 09/14/26 01:36:25 - 0:05:16 - Epoch 109: train_loss=1.3270230293273926, train_acc= 44.59%
INFO - 09/14/26 01:36:26 - 0:05:16 - Epoch 110: train_loss=1.3266448974609375, train_acc= 45.02%
INFO - 09/14/26 01:36:26 - 0:05:17 - Epoch 110: val_loss=1.428229808807373, val_acc= 40.39%,val_weighted_f1= 30.56,val_macro_f1= 18.89%
EarlyStopping counter: 1 out of 15
INFO - 09/14/26 01:36:26 - 0:05:17 - Epoch 111: train_loss=1.3262900114059448, train_acc= 44.51%
INFO - 09/14/26 01:36:26 - 0:05:17 - Epoch 112: train_loss=1.3249551057815552, train_acc= 44.55%
INFO - 09/14/26 01:36:27 - 0:05:17 - Epoch 113: train_loss=1.321618676185608, train_acc= 44.71%
INFO - 09/14/26 01:36:27 - 0:05:18 - Epoch 114: train_loss=1.321000099182129, train_acc= 44.80%
INFO - 09/14/26 01:36:27 - 0:05:18 - Epoch 115: train_loss=1.3202910423278809, train_acc= 44.55%
INFO - 09/14/26 01:36:27 - 0:05:18 - Epoch 115: val_loss=1.4295852184295654, val_acc= 40.68%,val_weighted_f1= 31.09,val_macro_f1= 19.30%
EarlyStopping counter: 2 out of 15
INFO - 09/14/26 01:36:27 - 0:05:18 - Epoch 116: train_loss=1.3159286975860596, train_acc= 45.01%
INFO - 09/14/26 01:36:28 - 0:05:19 - Epoch 117: train_loss=1.3151731491088867, train_acc= 44.96%
INFO - 09/14/26 01:36:28 - 0:05:19 - Epoch 118: train_loss=1.3154577016830444, train_acc= 44.96%
INFO - 09/14/26 01:36:28 - 0:05:19 - Epoch 119: train_loss=1.3178635835647583, train_acc= 44.66%
INFO - 09/14/26 01:36:29 - 0:05:19 - Epoch 120: train_loss=1.309842586517334, train_acc= 45.24%
INFO - 09/14/26 01:36:29 - 0:05:19 - Epoch 120: val_loss=1.4109125137329102, val_acc= 41.22%,val_weighted_f1= 32.27,val_macro_f1= 20.30%
EarlyStopping counter: 3 out of 15
INFO - 09/14/26 01:36:29 - 0:05:20 - Epoch 121: train_loss=1.3118844032287598, train_acc= 44.72%
INFO - 09/14/26 01:36:29 - 0:05:20 - Epoch 122: train_loss=1.3066927194595337, train_acc= 45.20%
INFO - 09/14/26 01:36:29 - 0:05:20 - Epoch 123: train_loss=1.3047858476638794, train_acc= 45.08%
INFO - 09/14/26 01:36:30 - 0:05:21 - Epoch 124: train_loss=1.3061000108718872, train_acc= 44.79%
INFO - 09/14/26 01:36:30 - 0:05:21 - Epoch 125: train_loss=1.307960033416748, train_acc= 45.22%
INFO - 09/14/26 01:36:30 - 0:05:21 - Epoch 125: val_loss=1.410095453262329, val_acc= 40.19%,val_weighted_f1= 29.97,val_macro_f1= 18.46%
EarlyStopping counter: 4 out of 15
INFO - 09/14/26 01:36:30 - 0:05:21 - Epoch 126: train_loss=1.3091340065002441, train_acc= 44.55%
INFO - 09/14/26 01:36:31 - 0:05:21 - Epoch 127: train_loss=1.3037775754928589, train_acc= 45.27%
INFO - 09/14/26 01:36:31 - 0:05:22 - Epoch 128: train_loss=1.3082143068313599, train_acc= 44.73%
INFO - 09/14/26 01:36:31 - 0:05:22 - Epoch 129: train_loss=1.305200457572937, train_acc= 45.12%
INFO - 09/14/26 01:36:32 - 0:05:22 - Epoch 130: train_loss=1.304824709892273, train_acc= 44.73%
INFO - 09/14/26 01:36:32 - 0:05:22 - Epoch 130: val_loss=1.401639461517334, val_acc= 40.73%,val_weighted_f1= 31.32,val_macro_f1= 19.54%
EarlyStopping counter: 5 out of 15
INFO - 09/14/26 01:36:32 - 0:05:23 - Epoch 131: train_loss=1.2937190532684326, train_acc= 45.61%
INFO - 09/14/26 01:36:32 - 0:05:23 - Epoch 132: train_loss=1.301085352897644, train_acc= 45.32%
INFO - 09/14/26 01:36:32 - 0:05:23 - Epoch 133: train_loss=1.3008531332015991, train_acc= 45.39%
INFO - 09/14/26 01:36:33 - 0:05:23 - Epoch 134: train_loss=1.2971668243408203, train_acc= 45.49%
INFO - 09/14/26 01:36:33 - 0:05:24 - Epoch 135: train_loss=1.2992013692855835, train_acc= 45.49%
INFO - 09/14/26 01:36:33 - 0:05:24 - Epoch 135: val_loss=1.3902899026870728, val_acc= 41.17%,val_weighted_f1= 32.09,val_macro_f1= 20.23%
EarlyStopping counter: 6 out of 15
INFO - 09/14/26 01:36:33 - 0:05:24 - Epoch 136: train_loss=1.2950562238693237, train_acc= 44.90%
INFO - 09/14/26 01:36:34 - 0:05:24 - Epoch 137: train_loss=1.2971197366714478, train_acc= 45.20%
INFO - 09/14/26 01:36:34 - 0:05:25 - Epoch 138: train_loss=1.2929102182388306, train_acc= 45.60%
INFO - 09/14/26 01:36:34 - 0:05:25 - Epoch 139: train_loss=1.2951314449310303, train_acc= 45.30%
INFO - 09/14/26 01:36:34 - 0:05:25 - Epoch 140: train_loss=1.293761968612671, train_acc= 45.74%
INFO - 09/14/26 01:36:35 - 0:05:25 - Epoch 140: val_loss=1.3756381273269653, val_acc= 41.37%,val_weighted_f1= 32.11,val_macro_f1= 20.20%
INFO - 09/14/26 01:36:35 - 0:05:26 - Epoch 141: train_loss=1.288797378540039, train_acc= 45.30%
INFO - 09/14/26 01:36:35 - 0:05:26 - Epoch 142: train_loss=1.2889796495437622, train_acc= 45.61%
INFO - 09/14/26 01:36:35 - 0:05:26 - Epoch 143: train_loss=1.2839587926864624, train_acc= 45.72%
INFO - 09/14/26 01:36:36 - 0:05:27 - Epoch 144: train_loss=1.2884644269943237, train_acc= 45.85%
INFO - 09/14/26 01:36:36 - 0:05:27 - Epoch 145: train_loss=1.2852551937103271, train_acc= 46.02%
INFO - 09/14/26 01:36:36 - 0:05:27 - Epoch 145: val_loss=1.381291151046753, val_acc= 40.89%,val_weighted_f1= 31.84,val_macro_f1= 19.99%
EarlyStopping counter: 1 out of 15
INFO - 09/14/26 01:36:36 - 0:05:27 - Epoch 146: train_loss=1.2801953554153442, train_acc= 45.57%
INFO - 09/14/26 01:36:37 - 0:05:27 - Epoch 147: train_loss=1.280208706855774, train_acc= 45.75%
INFO - 09/14/26 01:36:37 - 0:05:28 - Epoch 148: train_loss=1.284379243850708, train_acc= 45.41%
INFO - 09/14/26 01:36:37 - 0:05:28 - Epoch 149: train_loss=1.2794290781021118, train_acc= 45.72%
INFO - 09/14/26 01:36:37 - 0:05:28 - Epoch 150: train_loss=1.2736631631851196, train_acc= 46.25%
INFO - 09/14/26 01:36:38 - 0:05:28 - Epoch 150: val_loss=1.403339147567749, val_acc= 40.93%,val_weighted_f1= 32.40,val_macro_f1= 20.49%
EarlyStopping counter: 2 out of 15
INFO - 09/14/26 01:36:38 - 0:05:29 - Epoch 151: train_loss=1.28920316696167, train_acc= 45.27%
INFO - 09/14/26 01:36:38 - 0:05:29 - Epoch 152: train_loss=1.280373215675354, train_acc= 45.70%
INFO - 09/14/26 01:36:38 - 0:05:29 - Epoch 153: train_loss=1.275455355644226, train_acc= 45.69%
INFO - 09/14/26 01:36:39 - 0:05:29 - Epoch 154: train_loss=1.285929560661316, train_acc= 45.36%
INFO - 09/14/26 01:36:39 - 0:05:30 - Epoch 155: train_loss=1.2743746042251587, train_acc= 45.53%
INFO - 09/14/26 01:36:39 - 0:05:30 - Epoch 155: val_loss=1.397845983505249, val_acc= 40.06%,val_weighted_f1= 31.53,val_macro_f1= 20.42%
EarlyStopping counter: 3 out of 15
INFO - 09/14/26 01:36:39 - 0:05:30 - Epoch 156: train_loss=1.282666563987732, train_acc= 45.41%
INFO - 09/14/26 01:36:40 - 0:05:30 - Epoch 157: train_loss=1.2746696472167969, train_acc= 45.78%
INFO - 09/14/26 01:36:40 - 0:05:31 - Epoch 158: train_loss=1.272407054901123, train_acc= 45.66%
INFO - 09/14/26 01:36:40 - 0:05:31 - Epoch 159: train_loss=1.2737236022949219, train_acc= 45.70%
INFO - 09/14/26 01:36:40 - 0:05:31 - Epoch 160: train_loss=1.275842308998108, train_acc= 45.41%
INFO - 09/14/26 01:36:40 - 0:05:31 - Epoch 160: val_loss=1.3629895448684692, val_acc= 40.81%,val_weighted_f1= 32.14,val_macro_f1= 20.23%
EarlyStopping counter: 4 out of 15
INFO - 09/14/26 01:36:41 - 0:05:32 - Epoch 161: train_loss=1.2715682983398438, train_acc= 45.83%
INFO - 09/14/26 01:36:41 - 0:05:32 - Epoch 162: train_loss=1.2718995809555054, train_acc= 45.65%
INFO - 09/14/26 01:36:41 - 0:05:32 - Epoch 163: train_loss=1.2660107612609863, train_acc= 46.67%
INFO - 09/14/26 01:36:42 - 0:05:32 - Epoch 164: train_loss=1.2695051431655884, train_acc= 45.73%
INFO - 09/14/26 01:36:42 - 0:05:33 - Epoch 165: train_loss=1.2649637460708618, train_acc= 46.54%
INFO - 09/14/26 01:36:42 - 0:05:33 - Epoch 165: val_loss=1.377055048942566, val_acc= 39.85%,val_weighted_f1= 31.42,val_macro_f1= 19.97%
EarlyStopping counter: 5 out of 15
INFO - 09/14/26 01:36:42 - 0:05:33 - Epoch 166: train_loss=1.2657103538513184, train_acc= 46.06%
INFO - 09/14/26 01:36:42 - 0:05:33 - Epoch 167: train_loss=1.2676600217819214, train_acc= 46.47%
INFO - 09/14/26 01:36:43 - 0:05:33 - Epoch 168: train_loss=1.26383376121521, train_acc= 46.10%
INFO - 09/14/26 01:36:43 - 0:05:34 - Epoch 169: train_loss=1.2646931409835815, train_acc= 46.18%
INFO - 09/14/26 01:36:43 - 0:05:34 - Epoch 170: train_loss=1.261078119277954, train_acc= 46.19%
INFO - 09/14/26 01:36:43 - 0:05:34 - Epoch 170: val_loss=1.399966835975647, val_acc= 39.74%,val_weighted_f1= 32.52,val_macro_f1= 20.84%
EarlyStopping counter: 6 out of 15
INFO - 09/14/26 01:36:44 - 0:05:34 - Epoch 171: train_loss=1.2625617980957031, train_acc= 46.43%
INFO - 09/14/26 01:36:44 - 0:05:35 - Epoch 172: train_loss=1.2607978582382202, train_acc= 46.44%
INFO - 09/14/26 01:36:44 - 0:05:35 - Epoch 173: train_loss=1.25477933883667, train_acc= 46.72%
INFO - 09/14/26 01:36:44 - 0:05:35 - Epoch 174: train_loss=1.258867621421814, train_acc= 46.27%
INFO - 09/14/26 01:36:45 - 0:05:36 - Epoch 175: train_loss=1.2552133798599243, train_acc= 46.60%
INFO - 09/14/26 01:36:45 - 0:05:36 - Epoch 175: val_loss=1.3667231798171997, val_acc= 41.16%,val_weighted_f1= 34.38,val_macro_f1= 22.26%
EarlyStopping counter: 7 out of 15
INFO - 09/14/26 01:36:45 - 0:05:36 - Epoch 176: train_loss=1.254675030708313, train_acc= 46.15%
INFO - 09/14/26 01:36:45 - 0:05:36 - Epoch 177: train_loss=1.2568376064300537, train_acc= 46.54%
INFO - 09/14/26 01:36:46 - 0:05:37 - Epoch 178: train_loss=1.253229022026062, train_acc= 46.40%
INFO - 09/14/26 01:36:46 - 0:05:37 - Epoch 179: train_loss=1.2494736909866333, train_acc= 46.65%
INFO - 09/14/26 01:36:46 - 0:05:37 - Epoch 180: train_loss=1.251711368560791, train_acc= 46.41%
INFO - 09/14/26 01:36:46 - 0:05:37 - Epoch 180: val_loss=1.357389211654663, val_acc= 40.34%,val_weighted_f1= 34.78,val_macro_f1= 22.74%
EarlyStopping counter: 8 out of 15
INFO - 09/14/26 01:36:47 - 0:05:37 - Epoch 181: train_loss=1.2504994869232178, train_acc= 47.00%
INFO - 09/14/26 01:36:47 - 0:05:38 - Epoch 182: train_loss=1.2559168338775635, train_acc= 46.30%
INFO - 09/14/26 01:36:47 - 0:05:38 - Epoch 183: train_loss=1.2480788230895996, train_acc= 46.47%
INFO - 09/14/26 01:36:47 - 0:05:38 - Epoch 184: train_loss=1.2650327682495117, train_acc= 45.46%
INFO - 09/14/26 01:36:48 - 0:05:39 - Epoch 185: train_loss=1.2449787855148315, train_acc= 47.04%
INFO - 09/14/26 01:36:48 - 0:05:39 - Epoch 185: val_loss=1.3736646175384521, val_acc= 39.60%,val_weighted_f1= 35.97,val_macro_f1= 24.28%
EarlyStopping counter: 9 out of 15
INFO - 09/14/26 01:36:48 - 0:05:39 - Epoch 186: train_loss=1.248290777206421, train_acc= 46.67%
INFO - 09/14/26 01:36:48 - 0:05:39 - Epoch 187: train_loss=1.2505617141723633, train_acc= 46.76%
INFO - 09/14/26 01:36:49 - 0:05:40 - Epoch 188: train_loss=1.2426071166992188, train_acc= 47.21%
INFO - 09/14/26 01:36:49 - 0:05:40 - Epoch 189: train_loss=1.246819019317627, train_acc= 46.86%
INFO - 09/14/26 01:36:49 - 0:05:40 - Epoch 190: train_loss=1.2472929954528809, train_acc= 46.98%
INFO - 09/14/26 01:36:49 - 0:05:40 - Epoch 190: val_loss=1.346738338470459, val_acc= 40.86%,val_weighted_f1= 32.28,val_macro_f1= 20.39%
EarlyStopping counter: 10 out of 15
INFO - 09/14/26 01:36:50 - 0:05:41 - Epoch 191: train_loss=1.2423182725906372, train_acc= 47.31%
INFO - 09/14/26 01:36:50 - 0:05:41 - Epoch 192: train_loss=1.2396912574768066, train_acc= 47.35%
INFO - 09/14/26 01:36:50 - 0:05:41 - Epoch 193: train_loss=1.251732587814331, train_acc= 46.83%
INFO - 09/14/26 01:36:50 - 0:05:41 - Epoch 194: train_loss=1.239655613899231, train_acc= 47.62%
INFO - 09/14/26 01:36:51 - 0:05:42 - Epoch 195: train_loss=1.2410646677017212, train_acc= 46.99%
INFO - 09/14/26 01:36:51 - 0:05:42 - Epoch 195: val_loss=1.3394697904586792, val_acc= 41.16%,val_weighted_f1= 33.17,val_macro_f1= 21.20%
EarlyStopping counter: 11 out of 15
INFO - 09/14/26 01:36:51 - 0:05:42 - Epoch 196: train_loss=1.2390235662460327, train_acc= 46.98%
INFO - 09/14/26 01:36:51 - 0:05:42 - Epoch 197: train_loss=1.2385709285736084, train_acc= 47.33%
INFO - 09/14/26 01:36:52 - 0:05:43 - Epoch 198: train_loss=1.2356740236282349, train_acc= 47.57%
INFO - 09/14/26 01:36:52 - 0:05:43 - Epoch 199: train_loss=1.2351547479629517, train_acc= 46.81%
INFO - 09/14/26 01:36:52 - 0:05:43 - Epoch 200: train_loss=1.2397769689559937, train_acc= 46.74%
INFO - 09/14/26 01:36:52 - 0:05:43 - Epoch 200: val_loss=1.3461105823516846, val_acc= 40.80%,val_weighted_f1= 33.50,val_macro_f1= 21.49%
EarlyStopping counter: 12 out of 15
INFO - 09/14/26 01:36:53 - 0:05:43 - Epoch 201: train_loss=1.2333858013153076, train_acc= 47.33%
INFO - 09/14/26 01:36:53 - 0:05:44 - Epoch 202: train_loss=1.2323492765426636, train_acc= 47.40%
INFO - 09/14/26 01:36:53 - 0:05:44 - Epoch 203: train_loss=1.2300331592559814, train_acc= 47.58%
INFO - 09/14/26 01:36:53 - 0:05:44 - Epoch 204: train_loss=1.2310484647750854, train_acc= 47.63%
INFO - 09/14/26 01:36:54 - 0:05:44 - Epoch 205: train_loss=1.2293776273727417, train_acc= 47.63%
INFO - 09/14/26 01:36:54 - 0:05:45 - Epoch 205: val_loss=1.3525795936584473, val_acc= 40.31%,val_weighted_f1= 33.52,val_macro_f1= 21.62%
EarlyStopping counter: 13 out of 15
INFO - 09/14/26 01:36:54 - 0:05:45 - Epoch 206: train_loss=1.2317841053009033, train_acc= 47.18%
INFO - 09/14/26 01:36:54 - 0:05:45 - Epoch 207: train_loss=1.2271602153778076, train_acc= 47.46%
INFO - 09/14/26 01:36:55 - 0:05:45 - Epoch 208: train_loss=1.2257602214813232, train_acc= 47.57%
INFO - 09/14/26 01:36:55 - 0:05:46 - Epoch 209: train_loss=1.2286860942840576, train_acc= 47.62%
INFO - 09/14/26 01:36:55 - 0:05:46 - Epoch 210: train_loss=1.224474310874939, train_acc= 47.86%
INFO - 09/14/26 01:36:55 - 0:05:46 - Epoch 210: val_loss=1.3446117639541626, val_acc= 40.42%,val_weighted_f1= 33.91,val_macro_f1= 21.93%
EarlyStopping counter: 14 out of 15
INFO - 09/14/26 01:36:55 - 0:05:46 - Epoch 211: train_loss=1.2259790897369385, train_acc= 47.84%
INFO - 09/14/26 01:36:56 - 0:05:47 - Epoch 212: train_loss=1.2239947319030762, train_acc= 47.61%
INFO - 09/14/26 01:36:56 - 0:05:47 - Epoch 213: train_loss=1.2234103679656982, train_acc= 48.04%
INFO - 09/14/26 01:36:56 - 0:05:47 - Epoch 214: train_loss=1.2231630086898804, train_acc= 47.57%
INFO - 09/14/26 01:36:57 - 0:05:47 - Epoch 215: train_loss=1.2240321636199951, train_acc= 47.44%
INFO - 09/14/26 01:36:57 - 0:05:47 - Epoch 215: val_loss=1.3428999185562134, val_acc= 40.52%,val_weighted_f1= 34.42,val_macro_f1= 22.37%
EarlyStopping counter: 15 out of 15
---------Early stopping--------
INFO - 09/14/26 01:36:57 - 0:05:47 - --------------Testing--------------------
INFO - 09/14/26 01:36:57 - 0:05:47 - --------------Loading from ./checkpoints/NC_Amazon-ratings_model.pt--------------------
INFO - 09/14/26 01:36:57 - 0:05:48 - test_acc= 40.72%, weighted_f1= 31.56,macro_f1= 19.78%
INFO - 09/14/26 01:36:57 - 0:05:48 - test_acc= 40.72%, weighted_f1= 31.56,macro_f1= 19.78%
INFO - 09/14/26 01:36:57 - 0:05:48 - Epoch 0: train_loss=1.7172839641571045, train_acc= 19.84%
INFO - 09/14/26 01:36:57 - 0:05:48 - Epoch 0: val_loss=1.60834801197052, val_acc= 23.44%,val_weighted_f1= 9.52,val_macro_f1= 7.96%
INFO - 09/14/26 01:36:58 - 0:05:48 - Epoch 1: train_loss=1.7737394571304321, train_acc= 19.90%
INFO - 09/14/26 01:36:58 - 0:05:49 - Epoch 2: train_loss=1.7207366228103638, train_acc= 19.12%
INFO - 09/14/26 01:36:58 - 0:05:49 - Epoch 3: train_loss=1.7022584676742554, train_acc= 20.59%
INFO - 09/14/26 01:36:58 - 0:05:49 - Epoch 4: train_loss=1.7010252475738525, train_acc= 20.90%
INFO - 09/14/26 01:36:59 - 0:05:49 - Epoch 5: train_loss=1.6975957155227661, train_acc= 20.85%
INFO - 09/14/26 01:36:59 - 0:05:50 - Epoch 5: val_loss=1.6087992191314697, val_acc= 17.15%,val_weighted_f1= 9.14,val_macro_f1= 9.60%
EarlyStopping counter: 1 out of 15
INFO - 09/14/26 01:36:59 - 0:05:50 - Epoch 6: train_loss=1.6903735399246216, train_acc= 20.49%
INFO - 09/14/26 01:36:59 - 0:05:50 - Epoch 7: train_loss=1.6765742301940918, train_acc= 22.16%
INFO - 09/14/26 01:37:00 - 0:05:50 - Epoch 8: train_loss=1.6753493547439575, train_acc= 22.13%
INFO - 09/14/26 01:37:00 - 0:05:51 - Epoch 9: train_loss=1.6687309741973877, train_acc= 21.88%
INFO - 09/14/26 01:37:00 - 0:05:51 - Epoch 10: train_loss=1.6722781658172607, train_acc= 22.00%
INFO - 09/14/26 01:37:00 - 0:05:51 - Epoch 10: val_loss=1.5995523929595947, val_acc= 23.09%,val_weighted_f1= 9.42,val_macro_f1= 8.04%
EarlyStopping counter: 2 out of 15
INFO - 09/14/26 01:37:00 - 0:05:51 - Epoch 11: train_loss=1.6558326482772827, train_acc= 22.86%
INFO - 09/14/26 01:37:01 - 0:05:51 - Epoch 12: train_loss=1.6548954248428345, train_acc= 23.89%
INFO - 09/14/26 01:37:01 - 0:05:52 - Epoch 13: train_loss=1.6443759202957153, train_acc= 23.72%
INFO - 09/14/26 01:37:01 - 0:05:52 - Epoch 14: train_loss=1.643978476524353, train_acc= 23.40%
INFO - 09/14/26 01:37:02 - 0:05:52 - Epoch 15: train_loss=1.6335809230804443, train_acc= 24.20%
INFO - 09/14/26 01:37:02 - 0:05:52 - Epoch 15: val_loss=1.5965533256530762, val_acc= 26.98%,val_weighted_f1= 18.65,val_macro_f1= 12.86%
INFO - 09/14/26 01:37:02 - 0:05:53 - Epoch 16: train_loss=1.6246836185455322, train_acc= 24.27%
INFO - 09/14/26 01:37:02 - 0:05:53 - Epoch 17: train_loss=1.6096549034118652, train_acc= 24.98%
INFO - 09/14/26 01:37:03 - 0:05:53 - Epoch 18: train_loss=1.598538875579834, train_acc= 26.14%
INFO - 09/14/26 01:37:03 - 0:05:54 - Epoch 19: train_loss=1.586246132850647, train_acc= 28.09%
INFO - 09/14/26 01:37:03 - 0:05:54 - Epoch 20: train_loss=1.578356146812439, train_acc= 29.80%
INFO - 09/14/26 01:37:03 - 0:05:54 - Epoch 20: val_loss=1.5894907712936401, val_acc= 36.45%,val_weighted_f1= 22.15,val_macro_f1= 12.95%
INFO - 09/14/26 01:37:04 - 0:05:54 - Epoch 21: train_loss=1.5711512565612793, train_acc= 31.17%
INFO - 09/14/26 01:37:04 - 0:05:55 - Epoch 22: train_loss=1.5669267177581787, train_acc= 32.35%
INFO - 09/14/26 01:37:04 - 0:05:55 - Epoch 23: train_loss=1.564705491065979, train_acc= 33.66%
INFO - 09/14/26 01:37:04 - 0:05:55 - Epoch 24: train_loss=1.5637177228927612, train_acc= 34.20%
INFO - 09/14/26 01:37:05 - 0:05:55 - Epoch 25: train_loss=1.5537160634994507, train_acc= 35.17%
INFO - 09/14/26 01:37:05 - 0:05:56 - Epoch 25: val_loss=1.5716122388839722, val_acc= 37.66%,val_weighted_f1= 25.99,val_macro_f1= 15.61%
INFO - 09/14/26 01:37:05 - 0:05:56 - Epoch 26: train_loss=1.5516544580459595, train_acc= 35.32%
INFO - 09/14/26 01:37:05 - 0:05:56 - Epoch 27: train_loss=1.5502504110336304, train_acc= 35.06%
INFO - 09/14/26 01:37:06 - 0:05:56 - Epoch 28: train_loss=1.5453842878341675, train_acc= 35.72%
INFO - 09/14/26 01:37:06 - 0:05:57 - Epoch 29: train_loss=1.542306661605835, train_acc= 36.07%
INFO - 09/14/26 01:37:06 - 0:05:57 - Epoch 30: train_loss=1.5423001050949097, train_acc= 36.00%
INFO - 09/14/26 01:37:06 - 0:05:57 - Epoch 30: val_loss=1.5505989789962769, val_acc= 38.76%,val_weighted_f1= 30.00,val_macro_f1= 18.67%
INFO - 09/14/26 01:37:07 - 0:05:57 - Epoch 31: train_loss=1.5330010652542114, train_acc= 35.99%
INFO - 09/14/26 01:37:07 - 0:05:58 - Epoch 32: train_loss=1.5277771949768066, train_acc= 36.67%
INFO - 09/14/26 01:37:07 - 0:05:58 - Epoch 33: train_loss=1.5243875980377197, train_acc= 36.39%
INFO - 09/14/26 01:37:07 - 0:05:58 - Epoch 34: train_loss=1.5244665145874023, train_acc= 36.01%
INFO - 09/14/26 01:37:08 - 0:05:58 - Epoch 35: train_loss=1.5145678520202637, train_acc= 36.04%
INFO - 09/14/26 01:37:08 - 0:05:59 - Epoch 35: val_loss=1.5455584526062012, val_acc= 39.21%,val_weighted_f1= 30.86,val_macro_f1= 19.43%
INFO - 09/14/26 01:37:08 - 0:05:59 - Epoch 36: train_loss=1.5135037899017334, train_acc= 36.26%
INFO - 09/14/26 01:37:08 - 0:05:59 - Epoch 37: train_loss=1.51083505153656, train_acc= 36.70%
INFO - 09/14/26 01:37:09 - 0:05:59 - Epoch 38: train_loss=1.5093225240707397, train_acc= 36.58%
INFO - 09/14/26 01:37:09 - 0:06:00 - Epoch 39: train_loss=1.5045949220657349, train_acc= 37.08%
INFO - 09/14/26 01:37:09 - 0:06:00 - Epoch 40: train_loss=1.501633644104004, train_acc= 37.50%
INFO - 09/14/26 01:37:09 - 0:06:00 - Epoch 40: val_loss=1.5248894691467285, val_acc= 40.45%,val_weighted_f1= 33.01,val_macro_f1= 21.16%
INFO - 09/14/26 01:37:10 - 0:06:00 - Epoch 41: train_loss=1.5027905702590942, train_acc= 37.07%
INFO - 09/14/26 01:37:10 - 0:06:01 - Epoch 42: train_loss=1.4975898265838623, train_acc= 37.15%
INFO - 09/14/26 01:37:10 - 0:06:01 - Epoch 43: train_loss=1.498369574546814, train_acc= 36.71%
INFO - 09/14/26 01:37:10 - 0:06:01 - Epoch 44: train_loss=1.4977333545684814, train_acc= 37.97%
INFO - 09/14/26 01:37:11 - 0:06:02 - Epoch 45: train_loss=1.4888523817062378, train_acc= 37.98%
INFO - 09/14/26 01:37:11 - 0:06:02 - Epoch 45: val_loss=1.5060174465179443, val_acc= 38.90%,val_weighted_f1= 32.18,val_macro_f1= 21.37%
EarlyStopping counter: 1 out of 15
INFO - 09/14/26 01:37:11 - 0:06:02 - Epoch 46: train_loss=1.490472674369812, train_acc= 37.66%
INFO - 09/14/26 01:37:11 - 0:06:02 - Epoch 47: train_loss=1.484745979309082, train_acc= 38.13%
INFO - 09/14/26 01:37:12 - 0:06:02 - Epoch 48: train_loss=1.4846408367156982, train_acc= 38.96%
INFO - 09/14/26 01:37:12 - 0:06:03 - Epoch 49: train_loss=1.4779157638549805, train_acc= 39.06%
INFO - 09/14/26 01:37:12 - 0:06:03 - Epoch 50: train_loss=1.4793757200241089, train_acc= 38.90%
INFO - 09/14/26 01:37:12 - 0:06:03 - Epoch 50: val_loss=1.5031545162200928, val_acc= 40.49%,val_weighted_f1= 32.84,val_macro_f1= 21.35%
INFO - 09/14/26 01:37:13 - 0:06:03 - Epoch 51: train_loss=1.4751805067062378, train_acc= 39.06%
INFO - 09/14/26 01:37:13 - 0:06:04 - Epoch 52: train_loss=1.472127914428711, train_acc= 40.15%
INFO - 09/14/26 01:37:13 - 0:06:04 - Epoch 53: train_loss=1.4685935974121094, train_acc= 40.05%
INFO - 09/14/26 01:37:13 - 0:06:04 - Epoch 54: train_loss=1.4758189916610718, train_acc= 39.52%
INFO - 09/14/26 01:37:14 - 0:06:04 - Epoch 55: train_loss=1.464940071105957, train_acc= 39.64%
INFO - 09/14/26 01:37:14 - 0:06:05 - Epoch 55: val_loss=1.497924566268921, val_acc= 40.42%,val_weighted_f1= 32.69,val_macro_f1= 21.20%
EarlyStopping counter: 1 out of 15
INFO - 09/14/26 01:37:14 - 0:06:05 - Epoch 56: train_loss=1.4647771120071411, train_acc= 39.91%
INFO - 09/14/26 01:37:14 - 0:06:05 - Epoch 57: train_loss=1.465108871459961, train_acc= 40.58%
INFO - 09/14/26 01:37:15 - 0:06:05 - Epoch 58: train_loss=1.4640617370605469, train_acc= 40.92%
INFO - 09/14/26 01:37:15 - 0:06:06 - Epoch 59: train_loss=1.4583841562271118, train_acc= 40.25%
INFO - 09/14/26 01:37:15 - 0:06:06 - Epoch 60: train_loss=1.4703887701034546, train_acc= 39.98%
INFO - 09/14/26 01:37:15 - 0:06:06 - Epoch 60: val_loss=1.4787378311157227, val_acc= 40.98%,val_weighted_f1= 31.96,val_macro_f1= 20.35%
INFO - 09/14/26 01:37:16 - 0:06:06 - Epoch 61: train_loss=1.4508599042892456, train_acc= 40.74%
INFO - 09/14/26 01:37:16 - 0:06:07 - Epoch 62: train_loss=1.4500118494033813, train_acc= 41.07%
INFO - 09/14/26 01:37:16 - 0:06:07 - Epoch 63: train_loss=1.4473170042037964, train_acc= 41.12%
INFO - 09/14/26 01:37:16 - 0:06:07 - Epoch 64: train_loss=1.4462403059005737, train_acc= 41.07%
INFO - 09/14/26 01:37:17 - 0:06:07 - Epoch 65: train_loss=1.44113028049469, train_acc= 41.00%
INFO - 09/14/26 01:37:17 - 0:06:08 - Epoch 65: val_loss=1.4728256464004517, val_acc= 40.86%,val_weighted_f1= 33.08,val_macro_f1= 21.51%
EarlyStopping counter: 1 out of 15
INFO - 09/14/26 01:37:17 - 0:06:08 - Epoch 66: train_loss=1.4390841722488403, train_acc= 40.56%
INFO - 09/14/26 01:37:17 - 0:06:08 - Epoch 67: train_loss=1.4360175132751465, train_acc= 40.74%
INFO - 09/14/26 01:37:18 - 0:06:08 - Epoch 68: train_loss=1.4337939023971558, train_acc= 40.70%
INFO - 09/14/26 01:37:18 - 0:06:09 - Epoch 69: train_loss=1.4330471754074097, train_acc= 41.20%
INFO - 09/14/26 01:37:18 - 0:06:09 - Epoch 70: train_loss=1.4287035465240479, train_acc= 41.38%
INFO - 09/14/26 01:37:18 - 0:06:09 - Epoch 70: val_loss=1.465091586112976, val_acc= 40.39%,val_weighted_f1= 32.84,val_macro_f1= 21.50%
EarlyStopping counter: 2 out of 15
INFO - 09/14/26 01:37:18 - 0:06:09 - Epoch 71: train_loss=1.4261078834533691, train_acc= 40.60%
INFO - 09/14/26 01:37:19 - 0:06:09 - Epoch 72: train_loss=1.4215139150619507, train_acc= 41.12%
INFO - 09/14/26 01:37:19 - 0:06:10 - Epoch 73: train_loss=1.4233202934265137, train_acc= 41.58%
INFO - 09/14/26 01:37:19 - 0:06:10 - Epoch 74: train_loss=1.4174463748931885, train_acc= 42.36%
INFO - 09/14/26 01:37:20 - 0:06:10 - Epoch 75: train_loss=1.415941596031189, train_acc= 42.14%
INFO - 09/14/26 01:37:20 - 0:06:10 - Epoch 75: val_loss=1.4476394653320312, val_acc= 40.47%,val_weighted_f1= 31.31,val_macro_f1= 19.96%
EarlyStopping counter: 3 out of 15
INFO - 09/14/26 01:37:20 - 0:06:11 - Epoch 76: train_loss=1.4153858423233032, train_acc= 42.41%
INFO - 09/14/26 01:37:20 - 0:06:11 - Epoch 77: train_loss=1.4057729244232178, train_acc= 42.57%
INFO - 09/14/26 01:37:20 - 0:06:11 - Epoch 78: train_loss=1.4051593542099, train_acc= 42.38%
INFO - 09/14/26 01:37:21 - 0:06:12 - Epoch 79: train_loss=1.400295376777649, train_acc= 43.22%
INFO - 09/14/26 01:37:21 - 0:06:12 - Epoch 80: train_loss=1.4057013988494873, train_acc= 42.18%
INFO - 09/14/26 01:37:21 - 0:06:12 - Epoch 80: val_loss=1.4281132221221924, val_acc= 41.52%,val_weighted_f1= 32.27,val_macro_f1= 20.51%
INFO - 09/14/26 01:37:21 - 0:06:12 - Epoch 81: train_loss=1.3954248428344727, train_acc= 43.31%
INFO - 09/14/26 01:37:22 - 0:06:12 - Epoch 82: train_loss=1.4075630903244019, train_acc= 44.11%
INFO - 09/14/26 01:37:22 - 0:06:13 - Epoch 83: train_loss=1.390508770942688, train_acc= 43.46%
INFO - 09/14/26 01:37:22 - 0:06:13 - Epoch 84: train_loss=1.3898764848709106, train_acc= 43.35%
INFO - 09/14/26 01:37:22 - 0:06:13 - Epoch 85: train_loss=1.3887068033218384, train_acc= 43.48%
INFO - 09/14/26 01:37:23 - 0:06:13 - Epoch 85: val_loss=1.4286770820617676, val_acc= 39.49%,val_weighted_f1= 30.18,val_macro_f1= 19.25%
EarlyStopping counter: 1 out of 15
INFO - 09/14/26 01:37:23 - 0:06:14 - Epoch 86: train_loss=1.384502649307251, train_acc= 43.23%
INFO - 09/14/26 01:37:23 - 0:06:14 - Epoch 87: train_loss=1.3823834657669067, train_acc= 43.33%
INFO - 09/14/26 01:37:23 - 0:06:14 - Epoch 88: train_loss=1.380316972732544, train_acc= 43.16%
INFO - 09/14/26 01:37:24 - 0:06:14 - Epoch 89: train_loss=1.3754336833953857, train_acc= 43.34%
INFO - 09/14/26 01:37:24 - 0:06:15 - Epoch 90: train_loss=1.3723698854446411, train_acc= 43.48%
INFO - 09/14/26 01:37:24 - 0:06:15 - Epoch 90: val_loss=1.4068994522094727, val_acc= 41.68%,val_weighted_f1= 32.53,val_macro_f1= 20.53%
INFO - 09/14/26 01:37:24 - 0:06:15 - Epoch 91: train_loss=1.373666524887085, train_acc= 43.33%
INFO - 09/14/26 01:37:25 - 0:06:15 - Epoch 92: train_loss=1.3668220043182373, train_acc= 43.70%
INFO - 09/14/26 01:37:25 - 0:06:16 - Epoch 93: train_loss=1.3655189275741577, train_acc= 44.00%
INFO - 09/14/26 01:37:25 - 0:06:16 - Epoch 94: train_loss=1.3616360425949097, train_acc= 44.21%
INFO - 09/14/26 01:37:25 - 0:06:16 - Epoch 95: train_loss=1.3620572090148926, train_acc= 44.02%
INFO - 09/14/26 01:37:26 - 0:06:16 - Epoch 95: val_loss=1.3973482847213745, val_acc= 41.38%,val_weighted_f1= 32.16,val_macro_f1= 20.38%
EarlyStopping counter: 1 out of 15
INFO - 09/14/26 01:37:26 - 0:06:17 - Epoch 96: train_loss=1.358085036277771, train_acc= 44.06%
INFO - 09/14/26 01:37:26 - 0:06:17 - Epoch 97: train_loss=1.354671597480774, train_acc= 43.76%
INFO - 09/14/26 01:37:26 - 0:06:17 - Epoch 98: train_loss=1.348932147026062, train_acc= 44.23%
INFO - 09/14/26 01:37:27 - 0:06:17 - Epoch 99: train_loss=1.3493071794509888, train_acc= 44.43%
INFO - 09/14/26 01:37:27 - 0:06:18 - Epoch 100: train_loss=1.3437637090682983, train_acc= 44.28%
INFO - 09/14/26 01:37:27 - 0:06:18 - Epoch 100: val_loss=1.3920843601226807, val_acc= 40.72%,val_weighted_f1= 30.90,val_macro_f1= 19.15%
EarlyStopping counter: 2 out of 15
INFO - 09/14/26 01:37:27 - 0:06:18 - Epoch 101: train_loss=1.3442367315292358, train_acc= 43.76%
INFO - 09/14/26 01:37:27 - 0:06:18 - Epoch 102: train_loss=1.3430664539337158, train_acc= 44.39%
INFO - 09/14/26 01:37:28 - 0:06:19 - Epoch 103: train_loss=1.3430405855178833, train_acc= 44.55%
INFO - 09/14/26 01:37:28 - 0:06:19 - Epoch 104: train_loss=1.3430118560791016, train_acc= 44.50%
INFO - 09/14/26 01:37:28 - 0:06:19 - Epoch 105: train_loss=1.3383344411849976, train_acc= 44.09%
INFO - 09/14/26 01:37:28 - 0:06:19 - Epoch 105: val_loss=1.3860151767730713, val_acc= 41.16%,val_weighted_f1= 31.76,val_macro_f1= 19.85%
EarlyStopping counter: 3 out of 15
INFO - 09/14/26 01:37:29 - 0:06:19 - Epoch 106: train_loss=1.3370598554611206, train_acc= 44.17%
INFO - 09/14/26 01:37:29 - 0:06:20 - Epoch 107: train_loss=1.3323830366134644, train_acc= 44.14%
INFO - 09/14/26 01:37:29 - 0:06:20 - Epoch 108: train_loss=1.328537940979004, train_acc= 44.63%
INFO - 09/14/26 01:37:29 - 0:06:20 - Epoch 109: train_loss=1.331123948097229, train_acc= 44.59%
INFO - 09/14/26 01:37:30 - 0:06:21 - Epoch 110: train_loss=1.3247193098068237, train_acc= 44.47%
INFO - 09/14/26 01:37:30 - 0:06:21 - Epoch 110: val_loss=1.3807569742202759, val_acc= 41.43%,val_weighted_f1= 32.10,val_macro_f1= 20.12%
EarlyStopping counter: 4 out of 15
INFO - 09/14/26 01:37:30 - 0:06:21 - Epoch 111: train_loss=1.3279402256011963, train_acc= 44.33%
INFO - 09/14/26 01:37:30 - 0:06:21 - Epoch 112: train_loss=1.332742691040039, train_acc= 44.25%
INFO - 09/14/26 01:37:31 - 0:06:21 - Epoch 113: train_loss=1.3220856189727783, train_acc= 45.11%
INFO - 09/14/26 01:37:31 - 0:06:22 - Epoch 114: train_loss=1.3309344053268433, train_acc= 44.30%
INFO - 09/14/26 01:37:31 - 0:06:22 - Epoch 115: train_loss=1.3175543546676636, train_acc= 44.94%
INFO - 09/14/26 01:37:31 - 0:06:22 - Epoch 115: val_loss=1.432391881942749, val_acc= 38.61%,val_weighted_f1= 25.61,val_macro_f1= 15.17%
EarlyStopping counter: 5 out of 15
INFO - 09/14/26 01:37:32 - 0:06:22 - Epoch 116: train_loss=1.3252140283584595, train_acc= 44.44%
INFO - 09/14/26 01:37:32 - 0:06:23 - Epoch 117: train_loss=1.3143465518951416, train_acc= 44.57%
INFO - 09/14/26 01:37:32 - 0:06:23 - Epoch 118: train_loss=1.3188416957855225, train_acc= 44.09%
INFO - 09/14/26 01:37:32 - 0:06:23 - Epoch 119: train_loss=1.312098741531372, train_acc= 44.67%
INFO - 09/14/26 01:37:33 - 0:06:24 - Epoch 120: train_loss=1.3137404918670654, train_acc= 44.97%
INFO - 09/14/26 01:37:33 - 0:06:24 - Epoch 120: val_loss=1.3747838735580444, val_acc= 40.89%,val_weighted_f1= 31.42,val_macro_f1= 19.62%
EarlyStopping counter: 6 out of 15
INFO - 09/14/26 01:37:33 - 0:06:24 - Epoch 121: train_loss=1.3080066442489624, train_acc= 45.20%
INFO - 09/14/26 01:37:33 - 0:06:24 - Epoch 122: train_loss=1.3097082376480103, train_acc= 44.68%
INFO - 09/14/26 01:37:34 - 0:06:24 - Epoch 123: train_loss=1.3111940622329712, train_acc= 44.67%
INFO - 09/14/26 01:37:34 - 0:06:25 - Epoch 124: train_loss=1.3046313524246216, train_acc= 44.99%
INFO - 09/14/26 01:37:34 - 0:06:25 - Epoch 125: train_loss=1.3051514625549316, train_acc= 44.81%
INFO - 09/14/26 01:37:34 - 0:06:25 - Epoch 125: val_loss=1.374565601348877, val_acc= 41.43%,val_weighted_f1= 32.21,val_macro_f1= 20.25%
EarlyStopping counter: 7 out of 15
INFO - 09/14/26 01:37:35 - 0:06:25 - Epoch 126: train_loss=1.3043617010116577, train_acc= 44.98%
INFO - 09/14/26 01:37:35 - 0:06:26 - Epoch 127: train_loss=1.3055894374847412, train_acc= 44.41%
INFO - 09/14/26 01:37:35 - 0:06:26 - Epoch 128: train_loss=1.2992331981658936, train_acc= 44.54%
INFO - 09/14/26 01:37:35 - 0:06:26 - Epoch 129: train_loss=1.3005788326263428, train_acc= 44.76%
INFO - 09/14/26 01:37:36 - 0:06:27 - Epoch 130: train_loss=1.298891305923462, train_acc= 44.95%
INFO - 09/14/26 01:37:36 - 0:06:27 - Epoch 130: val_loss=1.3717044591903687, val_acc= 41.42%,val_weighted_f1= 32.23,val_macro_f1= 20.28%
EarlyStopping counter: 8 out of 15
INFO - 09/14/26 01:37:36 - 0:06:27 - Epoch 131: train_loss=1.2930701971054077, train_acc= 44.81%
INFO - 09/14/26 01:37:36 - 0:06:27 - Epoch 132: train_loss=1.2969822883605957, train_acc= 44.84%
INFO - 09/14/26 01:37:37 - 0:06:27 - Epoch 133: train_loss=1.2957634925842285, train_acc= 45.17%
INFO - 09/14/26 01:37:37 - 0:06:28 - Epoch 134: train_loss=1.2927969694137573, train_acc= 44.87%
INFO - 09/14/26 01:37:37 - 0:06:28 - Epoch 135: train_loss=1.2898796796798706, train_acc= 45.02%
INFO - 09/14/26 01:37:37 - 0:06:28 - Epoch 135: val_loss=1.3839229345321655, val_acc= 40.03%,val_weighted_f1= 29.90,val_macro_f1= 18.39%
EarlyStopping counter: 9 out of 15
INFO - 09/14/26 01:37:37 - 0:06:28 - Epoch 136: train_loss=1.2928725481033325, train_acc= 45.13%
INFO - 09/14/26 01:37:38 - 0:06:29 - Epoch 137: train_loss=1.2898657321929932, train_acc= 44.90%
INFO - 09/14/26 01:37:38 - 0:06:29 - Epoch 138: train_loss=1.287747859954834, train_acc= 44.71%
INFO - 09/14/26 01:37:38 - 0:06:29 - Epoch 139: train_loss=1.2886714935302734, train_acc= 45.26%
INFO - 09/14/26 01:37:39 - 0:06:29 - Epoch 140: train_loss=1.2847787141799927, train_acc= 44.95%
INFO - 09/14/26 01:37:39 - 0:06:30 - Epoch 140: val_loss=1.36925208568573, val_acc= 40.88%,val_weighted_f1= 31.46,val_macro_f1= 19.61%
EarlyStopping counter: 10 out of 15
INFO - 09/14/26 01:37:39 - 0:06:30 - Epoch 141: train_loss=1.2856712341308594, train_acc= 45.30%
INFO - 09/14/26 01:37:39 - 0:06:30 - Epoch 142: train_loss=1.2815589904785156, train_acc= 45.36%
INFO - 09/14/26 01:37:39 - 0:06:30 - Epoch 143: train_loss=1.2831581830978394, train_acc= 44.99%
INFO - 09/14/26 01:37:40 - 0:06:31 - Epoch 144: train_loss=1.2804179191589355, train_acc= 44.95%
INFO - 09/14/26 01:37:40 - 0:06:31 - Epoch 145: train_loss=1.2880566120147705, train_acc= 44.59%
INFO - 09/14/26 01:37:40 - 0:06:31 - Epoch 145: val_loss=1.366489291191101, val_acc= 41.42%,val_weighted_f1= 32.24,val_macro_f1= 20.36%
EarlyStopping counter: 11 out of 15
INFO - 09/14/26 01:37:40 - 0:06:31 - Epoch 146: train_loss=1.2786191701889038, train_acc= 45.26%
INFO - 09/14/26 01:37:41 - 0:06:32 - Epoch 147: train_loss=1.279598355293274, train_acc= 44.94%
INFO - 09/14/26 01:37:41 - 0:06:32 - Epoch 148: train_loss=1.2787139415740967, train_acc= 45.09%
INFO - 09/14/26 01:37:41 - 0:06:32 - Epoch 149: train_loss=1.2774571180343628, train_acc= 45.29%
INFO - 09/14/26 01:37:42 - 0:06:32 - Epoch 150: train_loss=1.273115634918213, train_acc= 45.61%
INFO - 09/14/26 01:37:42 - 0:06:33 - Epoch 150: val_loss=1.374056339263916, val_acc= 40.89%,val_weighted_f1= 31.69,val_macro_f1= 20.11%
EarlyStopping counter: 12 out of 15
INFO - 09/14/26 01:37:42 - 0:06:33 - Epoch 151: train_loss=1.278798222541809, train_acc= 44.79%
INFO - 09/14/26 01:37:42 - 0:06:33 - Epoch 152: train_loss=1.272894024848938, train_acc= 45.24%
INFO - 09/14/26 01:37:42 - 0:06:33 - Epoch 153: train_loss=1.2725993394851685, train_acc= 45.18%
INFO - 09/14/26 01:37:43 - 0:06:34 - Epoch 154: train_loss=1.2710226774215698, train_acc= 45.30%
INFO - 09/14/26 01:37:43 - 0:06:34 - Epoch 155: train_loss=1.2733289003372192, train_acc= 45.23%
INFO - 09/14/26 01:37:43 - 0:06:34 - Epoch 155: val_loss=1.3570612668991089, val_acc= 40.78%,val_weighted_f1= 31.41,val_macro_f1= 19.59%
EarlyStopping counter: 13 out of 15
INFO - 09/14/26 01:37:43 - 0:06:34 - Epoch 156: train_loss=1.2666089534759521, train_acc= 45.02%
INFO - 09/14/26 01:37:44 - 0:06:35 - Epoch 157: train_loss=1.2706563472747803, train_acc= 45.06%
INFO - 09/14/26 01:37:44 - 0:06:35 - Epoch 158: train_loss=1.2648204565048218, train_acc= 45.44%
INFO - 09/14/26 01:37:44 - 0:06:35 - Epoch 159: train_loss=1.2669551372528076, train_acc= 45.01%
INFO - 09/14/26 01:37:45 - 0:06:35 - Epoch 160: train_loss=1.2654036283493042, train_acc= 45.44%
INFO - 09/14/26 01:37:45 - 0:06:35 - Epoch 160: val_loss=1.3499845266342163, val_acc= 41.19%,val_weighted_f1= 32.54,val_macro_f1= 21.00%
EarlyStopping counter: 14 out of 15
INFO - 09/14/26 01:37:45 - 0:06:36 - Epoch 161: train_loss=1.2643275260925293, train_acc= 45.48%
INFO - 09/14/26 01:37:45 - 0:06:36 - Epoch 162: train_loss=1.265354871749878, train_acc= 45.47%
INFO - 09/14/26 01:37:46 - 0:06:36 - Epoch 163: train_loss=1.2639055252075195, train_acc= 45.91%
INFO - 09/14/26 01:37:46 - 0:06:37 - Epoch 164: train_loss=1.2623015642166138, train_acc= 45.39%
INFO - 09/14/26 01:37:46 - 0:06:37 - Epoch 165: train_loss=1.2604954242706299, train_acc= 45.57%
INFO - 09/14/26 01:37:46 - 0:06:37 - Epoch 165: val_loss=1.3616853952407837, val_acc= 39.87%,val_weighted_f1= 30.11,val_macro_f1= 18.62%
EarlyStopping counter: 15 out of 15
---------Early stopping--------
INFO - 09/14/26 01:37:46 - 0:06:37 - --------------Testing--------------------
INFO - 09/14/26 01:37:46 - 0:06:37 - --------------Loading from ./checkpoints/NC_Amazon-ratings_model.pt--------------------
INFO - 09/14/26 01:37:46 - 0:06:37 - test_acc= 41.83%, weighted_f1= 32.62,macro_f1= 20.54%
INFO - 09/14/26 01:37:46 - 0:06:37 - test_acc= 41.83%, weighted_f1= 32.62,macro_f1= 20.54%
INFO - 09/14/26 01:37:47 - 0:06:37 - Epoch 0: train_loss=1.7201523780822754, train_acc= 20.77%
INFO - 09/14/26 01:37:47 - 0:06:38 - Epoch 0: val_loss=1.603177547454834, val_acc= 28.97%,val_weighted_f1= 19.56,val_macro_f1= 12.86%
INFO - 09/14/26 01:37:47 - 0:06:38 - Epoch 1: train_loss=1.7711576223373413, train_acc= 20.31%
INFO - 09/14/26 01:37:47 - 0:06:38 - Epoch 2: train_loss=1.7143189907073975, train_acc= 20.65%
INFO - 09/14/26 01:37:48 - 0:06:38 - Epoch 3: train_loss=1.6952779293060303, train_acc= 21.31%
INFO - 09/14/26 01:37:48 - 0:06:39 - Epoch 4: train_loss=1.7118290662765503, train_acc= 21.15%
INFO - 09/14/26 01:37:48 - 0:06:39 - Epoch 5: train_loss=1.710831880569458, train_acc= 21.15%
INFO - 09/14/26 01:37:48 - 0:06:39 - Epoch 5: val_loss=1.6042330265045166, val_acc= 36.76%,val_weighted_f1= 19.81,val_macro_f1= 10.83%
INFO - 09/14/26 01:37:49 - 0:06:39 - Epoch 6: train_loss=1.6893690824508667, train_acc= 22.09%
INFO - 09/14/26 01:37:49 - 0:06:40 - Epoch 7: train_loss=1.6853210926055908, train_acc= 22.04%
INFO - 09/14/26 01:37:49 - 0:06:40 - Epoch 8: train_loss=1.6799918413162231, train_acc= 22.02%
INFO - 09/14/26 01:37:49 - 0:06:40 - Epoch 9: train_loss=1.6728911399841309, train_acc= 22.51%
INFO - 09/14/26 01:37:50 - 0:06:40 - Epoch 10: train_loss=1.6651556491851807, train_acc= 22.66%
INFO - 09/14/26 01:37:50 - 0:06:41 - Epoch 10: val_loss=1.5955955982208252, val_acc= 36.71%,val_weighted_f1= 19.80,val_macro_f1= 10.77%
EarlyStopping counter: 1 out of 15
INFO - 09/14/26 01:37:50 - 0:06:41 - Epoch 11: train_loss=1.6639946699142456, train_acc= 22.57%
INFO - 09/14/26 01:37:50 - 0:06:41 - Epoch 12: train_loss=1.6554889678955078, train_acc= 22.94%
INFO - 09/14/26 01:37:51 - 0:06:41 - Epoch 13: train_loss=1.6469322443008423, train_acc= 24.29%
INFO - 09/14/26 01:37:51 - 0:06:42 - Epoch 14: train_loss=1.6359608173370361, train_acc= 25.31%
INFO - 09/14/26 01:37:51 - 0:06:42 - Epoch 15: train_loss=1.627016544342041, train_acc= 25.44%
INFO - 09/14/26 01:37:51 - 0:06:42 - Epoch 15: val_loss=1.5918478965759277, val_acc= 36.78%,val_weighted_f1= 19.78,val_macro_f1= 10.76%
INFO - 09/14/26 01:37:52 - 0:06:42 - Epoch 16: train_loss=1.6147124767303467, train_acc= 26.42%
INFO - 09/14/26 01:37:52 - 0:06:43 - Epoch 17: train_loss=1.598997712135315, train_acc= 27.62%
INFO - 09/14/26 01:37:52 - 0:06:43 - Epoch 18: train_loss=1.5880569219589233, train_acc= 28.66%
INFO - 09/14/26 01:37:53 - 0:06:43 - Epoch 19: train_loss=1.576027750968933, train_acc= 29.63%
INFO - 09/14/26 01:37:53 - 0:06:44 - Epoch 20: train_loss=1.5642204284667969, train_acc= 31.81%
INFO - 09/14/26 01:37:53 - 0:06:44 - Epoch 20: val_loss=1.5730847120285034, val_acc= 36.75%,val_weighted_f1= 20.34,val_macro_f1= 11.23%
EarlyStopping counter: 1 out of 15
INFO - 09/14/26 01:37:53 - 0:06:44 - Epoch 21: train_loss=1.5626312494277954, train_acc= 32.97%
INFO - 09/14/26 01:37:53 - 0:06:44 - Epoch 22: train_loss=1.5593608617782593, train_acc= 34.52%
INFO - 09/14/26 01:37:54 - 0:06:44 - Epoch 23: train_loss=1.5525379180908203, train_acc= 35.45%
INFO - 09/14/26 01:37:54 - 0:06:45 - Epoch 24: train_loss=1.549274206161499, train_acc= 36.09%
INFO - 09/14/26 01:37:54 - 0:06:45 - Epoch 25: train_loss=1.5445259809494019, train_acc= 35.95%
INFO - 09/14/26 01:37:54 - 0:06:45 - Epoch 25: val_loss=1.553327202796936, val_acc= 38.43%,val_weighted_f1= 27.01,val_macro_f1= 16.19%
INFO - 09/14/26 01:37:55 - 0:06:45 - Epoch 26: train_loss=1.5426766872406006, train_acc= 36.13%
INFO - 09/14/26 01:37:55 - 0:06:46 - Epoch 27: train_loss=1.5406965017318726, train_acc= 36.93%
INFO - 09/14/26 01:37:55 - 0:06:46 - Epoch 28: train_loss=1.5371830463409424, train_acc= 37.24%
INFO - 09/14/26 01:37:55 - 0:06:46 - Epoch 29: train_loss=1.533997654914856, train_acc= 37.29%
INFO - 09/14/26 01:37:56 - 0:06:47 - Epoch 30: train_loss=1.5306768417358398, train_acc= 36.98%
INFO - 09/14/26 01:37:56 - 0:06:47 - Epoch 30: val_loss=1.53425931930542, val_acc= 39.36%,val_weighted_f1= 30.24,val_macro_f1= 18.77%
INFO - 09/14/26 01:37:56 - 0:06:47 - Epoch 31: train_loss=1.52646803855896, train_acc= 37.39%
INFO - 09/14/26 01:37:56 - 0:06:47 - Epoch 32: train_loss=1.5241063833236694, train_acc= 37.34%
INFO - 09/14/26 01:37:57 - 0:06:47 - Epoch 33: train_loss=1.5218170881271362, train_acc= 37.64%
INFO - 09/14/26 01:37:57 - 0:06:48 - Epoch 34: train_loss=1.519330620765686, train_acc= 38.01%
INFO - 09/14/26 01:37:57 - 0:06:48 - Epoch 35: train_loss=1.5135091543197632, train_acc= 37.86%
INFO - 09/14/26 01:37:57 - 0:06:48 - Epoch 35: val_loss=1.525671362876892, val_acc= 40.24%,val_weighted_f1= 31.18,val_macro_f1= 19.49%
INFO - 09/14/26 01:37:58 - 0:06:48 - Epoch 36: train_loss=1.5086337327957153, train_acc= 37.76%
INFO - 09/14/26 01:37:58 - 0:06:49 - Epoch 37: train_loss=1.5098024606704712, train_acc= 37.30%
INFO - 09/14/26 01:37:58 - 0:06:49 - Epoch 38: train_loss=1.506969928741455, train_acc= 37.38%
INFO - 09/14/26 01:37:59 - 0:06:49 - Epoch 39: train_loss=1.5015839338302612, train_acc= 37.62%
INFO - 09/14/26 01:37:59 - 0:06:50 - Epoch 40: train_loss=1.497751235961914, train_acc= 38.17%
INFO - 09/14/26 01:37:59 - 0:06:50 - Epoch 40: val_loss=1.5131291151046753, val_acc= 39.44%,val_weighted_f1= 30.49,val_macro_f1= 19.33%
EarlyStopping counter: 1 out of 15
INFO - 09/14/26 01:37:59 - 0:06:50 - Epoch 41: train_loss=1.493381142616272, train_acc= 38.42%
INFO - 09/14/26 01:37:59 - 0:06:50 - Epoch 42: train_loss=1.4933258295059204, train_acc= 38.80%
INFO - 09/14/26 01:38:00 - 0:06:51 - Epoch 43: train_loss=1.4888707399368286, train_acc= 38.62%
INFO - 09/14/26 01:38:00 - 0:06:51 - Epoch 44: train_loss=1.48686945438385, train_acc= 38.89%
INFO - 09/14/26 01:38:00 - 0:06:51 - Epoch 45: train_loss=1.4858691692352295, train_acc= 39.00%
INFO - 09/14/26 01:38:00 - 0:06:51 - Epoch 45: val_loss=1.501255989074707, val_acc= 39.39%,val_weighted_f1= 31.18,val_macro_f1= 20.07%
EarlyStopping counter: 2 out of 15
INFO - 09/14/26 01:38:01 - 0:06:51 - Epoch 46: train_loss=1.4855600595474243, train_acc= 38.29%
INFO - 09/14/26 01:38:01 - 0:06:52 - Epoch 47: train_loss=1.4825266599655151, train_acc= 38.49%
INFO - 09/14/26 01:38:01 - 0:06:52 - Epoch 48: train_loss=1.4788484573364258, train_acc= 38.70%
INFO - 09/14/26 01:38:01 - 0:06:52 - Epoch 49: train_loss=1.4767036437988281, train_acc= 39.55%
INFO - 09/14/26 01:38:02 - 0:06:52 - Epoch 50: train_loss=1.472488522529602, train_acc= 39.34%
INFO - 09/14/26 01:38:02 - 0:06:53 - Epoch 50: val_loss=1.4912463426589966, val_acc= 39.95%,val_weighted_f1= 32.09,val_macro_f1= 20.77%
EarlyStopping counter: 3 out of 15
INFO - 09/14/26 01:38:02 - 0:06:53 - Epoch 51: train_loss=1.4708659648895264, train_acc= 39.59%
INFO - 09/14/26 01:38:02 - 0:06:53 - Epoch 52: train_loss=1.4705383777618408, train_acc= 40.14%
INFO - 09/14/26 01:38:03 - 0:06:53 - Epoch 53: train_loss=1.466568112373352, train_acc= 39.91%
INFO - 09/14/26 01:38:03 - 0:06:54 - Epoch 54: train_loss=1.4669246673583984, train_acc= 40.21%
INFO - 09/14/26 01:38:03 - 0:06:54 - Epoch 55: train_loss=1.464633584022522, train_acc= 40.09%
INFO - 09/14/26 01:38:03 - 0:06:54 - Epoch 55: val_loss=1.4899238348007202, val_acc= 38.87%,val_weighted_f1= 30.13,val_macro_f1= 19.39%
EarlyStopping counter: 4 out of 15
INFO - 09/14/26 01:38:04 - 0:06:54 - Epoch 56: train_loss=1.4585148096084595, train_acc= 40.56%
INFO - 09/14/26 01:38:04 - 0:06:55 - Epoch 57: train_loss=1.4630722999572754, train_acc= 41.45%
INFO - 09/14/26 01:38:04 - 0:06:55 - Epoch 58: train_loss=1.4575085639953613, train_acc= 40.60%
INFO - 09/14/26 01:38:04 - 0:06:55 - Epoch 59: train_loss=1.4539412260055542, train_acc= 40.23%
INFO - 09/14/26 01:38:05 - 0:06:55 - Epoch 60: train_loss=1.4490052461624146, train_acc= 40.61%
INFO - 09/14/26 01:38:05 - 0:06:56 - Epoch 60: val_loss=1.483224868774414, val_acc= 40.89%,val_weighted_f1= 33.63,val_macro_f1= 21.73%
INFO - 09/14/26 01:38:05 - 0:06:56 - Epoch 61: train_loss=1.450865387916565, train_acc= 40.54%
INFO - 09/14/26 01:38:05 - 0:06:56 - Epoch 62: train_loss=1.4461125135421753, train_acc= 41.16%
INFO - 09/14/26 01:38:06 - 0:06:56 - Epoch 63: train_loss=1.443238377571106, train_acc= 41.22%
INFO - 09/14/26 01:38:06 - 0:06:57 - Epoch 64: train_loss=1.4439700841903687, train_acc= 41.36%
INFO - 09/14/26 01:38:06 - 0:06:57 - Epoch 65: train_loss=1.4376318454742432, train_acc= 40.83%
INFO - 09/14/26 01:38:06 - 0:06:57 - Epoch 65: val_loss=1.4817540645599365, val_acc= 40.26%,val_weighted_f1= 34.56,val_macro_f1= 22.66%
EarlyStopping counter: 1 out of 15
INFO - 09/14/26 01:38:07 - 0:06:57 - Epoch 66: train_loss=1.4366503953933716, train_acc= 41.21%
INFO - 09/14/26 01:38:07 - 0:06:58 - Epoch 67: train_loss=1.4349479675292969, train_acc= 40.75%
INFO - 09/14/26 01:38:07 - 0:06:58 - Epoch 68: train_loss=1.4327187538146973, train_acc= 40.53%
INFO - 09/14/26 01:38:07 - 0:06:58 - Epoch 69: train_loss=1.4273921251296997, train_acc= 41.81%
INFO - 09/14/26 01:38:08 - 0:06:58 - Epoch 70: train_loss=1.4313538074493408, train_acc= 41.67%
INFO - 09/14/26 01:38:08 - 0:06:59 - Epoch 70: val_loss=1.462865948677063, val_acc= 40.67%,val_weighted_f1= 32.45,val_macro_f1= 20.97%
EarlyStopping counter: 2 out of 15
INFO - 09/14/26 01:38:08 - 0:06:59 - Epoch 71: train_loss=1.4293887615203857, train_acc= 41.73%
INFO - 09/14/26 01:38:08 - 0:06:59 - Epoch 72: train_loss=1.4233336448669434, train_acc= 41.44%
INFO - 09/14/26 01:38:09 - 0:06:59 - Epoch 73: train_loss=1.4207634925842285, train_acc= 41.36%
INFO - 09/14/26 01:38:09 - 0:07:00 - Epoch 74: train_loss=1.4189127683639526, train_acc= 41.45%
INFO - 09/14/26 01:38:09 - 0:07:00 - Epoch 75: train_loss=1.4126527309417725, train_acc= 42.31%
INFO - 09/14/26 01:38:09 - 0:07:00 - Epoch 75: val_loss=1.448401689529419, val_acc= 41.92%,val_weighted_f1= 33.85,val_macro_f1= 21.80%
INFO - 09/14/26 01:38:09 - 0:07:00 - Epoch 76: train_loss=1.4223346710205078, train_acc= 43.07%
INFO - 09/14/26 01:38:10 - 0:07:01 - Epoch 77: train_loss=1.4090608358383179, train_acc= 42.64%
INFO - 09/14/26 01:38:10 - 0:07:01 - Epoch 78: train_loss=1.4129589796066284, train_acc= 41.81%
INFO - 09/14/26 01:38:10 - 0:07:01 - Epoch 79: train_loss=1.4014841318130493, train_acc= 42.96%
INFO - 09/14/26 01:38:10 - 0:07:01 - Epoch 80: train_loss=1.4058663845062256, train_acc= 42.22%
INFO - 09/14/26 01:38:11 - 0:07:01 - Epoch 80: val_loss=1.4495558738708496, val_acc= 40.50%,val_weighted_f1= 32.47,val_macro_f1= 20.61%
EarlyStopping counter: 1 out of 15
INFO - 09/14/26 01:38:11 - 0:07:02 - Epoch 81: train_loss=1.4112333059310913, train_acc= 42.92%
INFO - 09/14/26 01:38:11 - 0:07:02 - Epoch 82: train_loss=1.3941103219985962, train_acc= 42.68%
INFO - 09/14/26 01:38:11 - 0:07:02 - Epoch 83: train_loss=1.3980510234832764, train_acc= 42.51%
INFO - 09/14/26 01:38:12 - 0:07:03 - Epoch 84: train_loss=1.398544192314148, train_acc= 42.19%
INFO - 09/14/26 01:38:12 - 0:07:03 - Epoch 85: train_loss=1.387712836265564, train_acc= 42.63%
INFO - 09/14/26 01:38:12 - 0:07:03 - Epoch 85: val_loss=1.4281392097473145, val_acc= 42.05%,val_weighted_f1= 33.76,val_macro_f1= 21.56%
INFO - 09/14/26 01:38:12 - 0:07:03 - Epoch 86: train_loss=1.3905500173568726, train_acc= 43.15%
INFO - 09/14/26 01:38:13 - 0:07:03 - Epoch 87: train_loss=1.3891576528549194, train_acc= 42.66%
INFO - 09/14/26 01:38:13 - 0:07:04 - Epoch 88: train_loss=1.3826695680618286, train_acc= 43.11%
INFO - 09/14/26 01:38:13 - 0:07:04 - Epoch 89: train_loss=1.378922462463379, train_acc= 43.52%
INFO - 09/14/26 01:38:13 - 0:07:04 - Epoch 90: train_loss=1.3782066106796265, train_acc= 43.12%
INFO - 09/14/26 01:38:14 - 0:07:04 - Epoch 90: val_loss=1.4167410135269165, val_acc= 41.50%,val_weighted_f1= 32.68,val_macro_f1= 20.86%
EarlyStopping counter: 1 out of 15
INFO - 09/14/26 01:38:14 - 0:07:05 - Epoch 91: train_loss=1.3758947849273682, train_acc= 42.94%
INFO - 09/14/26 01:38:14 - 0:07:05 - Epoch 92: train_loss=1.3686727285385132, train_acc= 43.41%
INFO - 09/14/26 01:38:14 - 0:07:05 - Epoch 93: train_loss=1.3678656816482544, train_acc= 44.06%
INFO - 09/14/26 01:38:15 - 0:07:05 - Epoch 94: train_loss=1.370917558670044, train_acc= 44.10%
INFO - 09/14/26 01:38:15 - 0:07:06 - Epoch 95: train_loss=1.3644282817840576, train_acc= 43.70%
INFO - 09/14/26 01:38:15 - 0:07:06 - Epoch 95: val_loss=1.4009428024291992, val_acc= 41.91%,val_weighted_f1= 32.77,val_macro_f1= 20.73%
EarlyStopping counter: 2 out of 15
INFO - 09/14/26 01:38:15 - 0:07:06 - Epoch 96: train_loss=1.3617043495178223, train_acc= 44.18%
INFO - 09/14/26 01:38:16 - 0:07:06 - Epoch 97: train_loss=1.3606266975402832, train_acc= 44.10%
INFO - 09/14/26 01:38:16 - 0:07:07 - Epoch 98: train_loss=1.3613380193710327, train_acc= 44.32%
INFO - 09/14/26 01:38:16 - 0:07:07 - Epoch 99: train_loss=1.3549102544784546, train_acc= 44.12%
INFO - 09/14/26 01:38:16 - 0:07:07 - Epoch 100: train_loss=1.3524324893951416, train_acc= 44.31%
INFO - 09/14/26 01:38:16 - 0:07:07 - Epoch 100: val_loss=1.3962620496749878, val_acc= 41.53%,val_weighted_f1= 32.79,val_macro_f1= 20.70%
EarlyStopping counter: 3 out of 15
INFO - 09/14/26 01:38:17 - 0:07:08 - Epoch 101: train_loss=1.3567049503326416, train_acc= 43.88%
INFO - 09/14/26 01:38:17 - 0:07:08 - Epoch 102: train_loss=1.3517249822616577, train_acc= 44.12%
INFO - 09/14/26 01:38:17 - 0:07:08 - Epoch 103: train_loss=1.3543126583099365, train_acc= 44.58%
INFO - 09/14/26 01:38:17 - 0:07:08 - Epoch 104: train_loss=1.347422480583191, train_acc= 44.89%
INFO - 09/14/26 01:38:18 - 0:07:09 - Epoch 105: train_loss=1.3453147411346436, train_acc= 44.81%
INFO - 09/14/26 01:38:18 - 0:07:09 - Epoch 105: val_loss=1.3924423456192017, val_acc= 40.08%,val_weighted_f1= 30.35,val_macro_f1= 18.84%
EarlyStopping counter: 4 out of 15
INFO - 09/14/26 01:38:18 - 0:07:09 - Epoch 106: train_loss=1.3518118858337402, train_acc= 44.45%
INFO - 09/14/26 01:38:18 - 0:07:09 - Epoch 107: train_loss=1.3436983823776245, train_acc= 44.47%
INFO - 09/14/26 01:38:19 - 0:07:09 - Epoch 108: train_loss=1.3468778133392334, train_acc= 44.75%
INFO - 09/14/26 01:38:19 - 0:07:10 - Epoch 109: train_loss=1.3454855680465698, train_acc= 44.63%
INFO - 09/14/26 01:38:19 - 0:07:10 - Epoch 110: train_loss=1.3401750326156616, train_acc= 45.17%
INFO - 09/14/26 01:38:19 - 0:07:10 - Epoch 110: val_loss=1.385122537612915, val_acc= 40.83%,val_weighted_f1= 31.22,val_macro_f1= 19.42%
EarlyStopping counter: 5 out of 15
INFO - 09/14/26 01:38:20 - 0:07:10 - Epoch 111: train_loss=1.3394633531570435, train_acc= 44.23%
INFO - 09/14/26 01:38:20 - 0:07:11 - Epoch 112: train_loss=1.3463348150253296, train_acc= 44.09%
INFO - 09/14/26 01:38:20 - 0:07:11 - Epoch 113: train_loss=1.3315539360046387, train_acc= 44.59%
INFO - 09/14/26 01:38:20 - 0:07:11 - Epoch 114: train_loss=1.3427082300186157, train_acc= 44.10%
INFO - 09/14/26 01:38:21 - 0:07:12 - Epoch 115: train_loss=1.3349828720092773, train_acc= 44.58%
INFO - 09/14/26 01:38:21 - 0:07:12 - Epoch 115: val_loss=1.3821126222610474, val_acc= 41.52%,val_weighted_f1= 32.11,val_macro_f1= 20.10%
EarlyStopping counter: 6 out of 15
INFO - 09/14/26 01:38:21 - 0:07:12 - Epoch 116: train_loss=1.3280038833618164, train_acc= 45.17%
INFO - 09/14/26 01:38:21 - 0:07:12 - Epoch 117: train_loss=1.3293180465698242, train_acc= 44.48%
INFO - 09/14/26 01:38:22 - 0:07:12 - Epoch 118: train_loss=1.3336517810821533, train_acc= 44.35%
INFO - 09/14/26 01:38:22 - 0:07:13 - Epoch 119: train_loss=1.3276524543762207, train_acc= 44.64%
INFO - 09/14/26 01:38:22 - 0:07:13 - Epoch 120: train_loss=1.3208045959472656, train_acc= 45.01%
INFO - 09/14/26 01:38:22 - 0:07:13 - Epoch 120: val_loss=1.3781143426895142, val_acc= 41.21%,val_weighted_f1= 31.66,val_macro_f1= 19.74%
EarlyStopping counter: 7 out of 15
INFO - 09/14/26 01:38:23 - 0:07:13 - Epoch 121: train_loss=1.3234844207763672, train_acc= 44.82%
INFO - 09/14/26 01:38:23 - 0:07:14 - Epoch 122: train_loss=1.3152025938034058, train_acc= 45.39%
INFO - 09/14/26 01:38:23 - 0:07:14 - Epoch 123: train_loss=1.3188807964324951, train_acc= 45.16%
INFO - 09/14/26 01:38:23 - 0:07:14 - Epoch 124: train_loss=1.3128232955932617, train_acc= 45.16%
INFO - 09/14/26 01:38:24 - 0:07:15 - Epoch 125: train_loss=1.3132933378219604, train_acc= 44.68%
INFO - 09/14/26 01:38:24 - 0:07:15 - Epoch 125: val_loss=1.3806837797164917, val_acc= 41.61%,val_weighted_f1= 32.62,val_macro_f1= 20.68%
EarlyStopping counter: 8 out of 15
INFO - 09/14/26 01:38:24 - 0:07:15 - Epoch 126: train_loss=1.31662917137146, train_acc= 45.39%
INFO - 09/14/26 01:38:24 - 0:07:15 - Epoch 127: train_loss=1.3084874153137207, train_acc= 45.51%
INFO - 09/14/26 01:38:25 - 0:07:15 - Epoch 128: train_loss=1.3049179315567017, train_acc= 45.48%
INFO - 09/14/26 01:38:25 - 0:07:16 - Epoch 129: train_loss=1.3140945434570312, train_acc= 45.21%
INFO - 09/14/26 01:38:25 - 0:07:16 - Epoch 130: train_loss=1.3128279447555542, train_acc= 44.55%
INFO - 09/14/26 01:38:25 - 0:07:16 - Epoch 130: val_loss=1.3979356288909912, val_acc= 38.18%,val_weighted_f1= 25.15,val_macro_f1= 14.81%
EarlyStopping counter: 9 out of 15
INFO - 09/14/26 01:38:26 - 0:07:16 - Epoch 131: train_loss=1.3078875541687012, train_acc= 45.15%
INFO - 09/14/26 01:38:26 - 0:07:17 - Epoch 132: train_loss=1.3048585653305054, train_acc= 45.44%
INFO - 09/14/26 01:38:26 - 0:07:17 - Epoch 133: train_loss=1.3033721446990967, train_acc= 45.39%
INFO - 09/14/26 01:38:26 - 0:07:17 - Epoch 134: train_loss=1.3066126108169556, train_acc= 44.83%
INFO - 09/14/26 01:38:27 - 0:07:17 - Epoch 135: train_loss=1.3002088069915771, train_acc= 45.52%
INFO - 09/14/26 01:38:27 - 0:07:18 - Epoch 135: val_loss=1.368384838104248, val_acc= 40.09%,val_weighted_f1= 29.60,val_macro_f1= 18.22%
EarlyStopping counter: 10 out of 15
INFO - 09/14/26 01:38:27 - 0:07:18 - Epoch 136: train_loss=1.2991796731948853, train_acc= 45.72%
INFO - 09/14/26 01:38:27 - 0:07:18 - Epoch 137: train_loss=1.304404616355896, train_acc= 45.19%
INFO - 09/14/26 01:38:28 - 0:07:18 - Epoch 138: train_loss=1.2952431440353394, train_acc= 45.66%
INFO - 09/14/26 01:38:28 - 0:07:19 - Epoch 139: train_loss=1.3019360303878784, train_acc= 44.77%
INFO - 09/14/26 01:38:28 - 0:07:19 - Epoch 140: train_loss=1.297843098640442, train_acc= 45.52%
INFO - 09/14/26 01:38:28 - 0:07:19 - Epoch 140: val_loss=1.3801943063735962, val_acc= 38.53%,val_weighted_f1= 25.75,val_macro_f1= 15.29%
EarlyStopping counter: 11 out of 15
INFO - 09/14/26 01:38:28 - 0:07:19 - Epoch 141: train_loss=1.3047715425491333, train_acc= 44.94%
INFO - 09/14/26 01:38:29 - 0:07:20 - Epoch 142: train_loss=1.2968518733978271, train_acc= 45.37%
INFO - 09/14/26 01:38:29 - 0:07:20 - Epoch 143: train_loss=1.2910363674163818, train_acc= 45.72%
INFO - 09/14/26 01:38:29 - 0:07:20 - Epoch 144: train_loss=1.2951096296310425, train_acc= 45.38%
INFO - 09/14/26 01:38:30 - 0:07:20 - Epoch 145: train_loss=1.286787986755371, train_acc= 45.29%
INFO - 09/14/26 01:38:30 - 0:07:21 - Epoch 145: val_loss=1.385289192199707, val_acc= 38.76%,val_weighted_f1= 26.48,val_macro_f1= 15.88%
EarlyStopping counter: 12 out of 15
INFO - 09/14/26 01:38:30 - 0:07:21 - Epoch 146: train_loss=1.2873235940933228, train_acc= 45.52%
INFO - 09/14/26 01:38:30 - 0:07:21 - Epoch 147: train_loss=1.2910127639770508, train_acc= 45.39%
INFO - 09/14/26 01:38:30 - 0:07:21 - Epoch 148: train_loss=1.2846286296844482, train_acc= 45.21%
INFO - 09/14/26 01:38:31 - 0:07:22 - Epoch 149: train_loss=1.2843527793884277, train_acc= 45.44%
INFO - 09/14/26 01:38:31 - 0:07:22 - Epoch 150: train_loss=1.2820202112197876, train_acc= 45.66%
INFO - 09/14/26 01:38:31 - 0:07:22 - Epoch 150: val_loss=1.366032361984253, val_acc= 41.19%,val_weighted_f1= 31.96,val_macro_f1= 20.01%
EarlyStopping counter: 13 out of 15
INFO - 09/14/26 01:38:31 - 0:07:22 - Epoch 151: train_loss=1.285455584526062, train_acc= 45.93%
INFO - 09/14/26 01:38:32 - 0:07:23 - Epoch 152: train_loss=1.2812165021896362, train_acc= 45.59%
INFO - 09/14/26 01:38:32 - 0:07:23 - Epoch 153: train_loss=1.2826112508773804, train_acc= 45.58%
INFO - 09/14/26 01:38:32 - 0:07:23 - Epoch 154: train_loss=1.2733725309371948, train_acc= 45.83%
INFO - 09/14/26 01:38:33 - 0:07:23 - Epoch 155: train_loss=1.280722975730896, train_acc= 46.09%
INFO - 09/14/26 01:38:33 - 0:07:23 - Epoch 155: val_loss=1.3682206869125366, val_acc= 40.81%,val_weighted_f1= 31.72,val_macro_f1= 19.91%
EarlyStopping counter: 14 out of 15
INFO - 09/14/26 01:38:33 - 0:07:24 - Epoch 156: train_loss=1.2770402431488037, train_acc= 46.17%
INFO - 09/14/26 01:38:33 - 0:07:24 - Epoch 157: train_loss=1.2699800729751587, train_acc= 45.82%
INFO - 09/14/26 01:38:33 - 0:07:24 - Epoch 158: train_loss=1.2742668390274048, train_acc= 45.89%
INFO - 09/14/26 01:38:34 - 0:07:25 - Epoch 159: train_loss=1.2761642932891846, train_acc= 45.95%
INFO - 09/14/26 01:38:34 - 0:07:25 - Epoch 160: train_loss=1.2714264392852783, train_acc= 46.09%
INFO - 09/14/26 01:38:34 - 0:07:25 - Epoch 160: val_loss=1.3562337160110474, val_acc= 41.11%,val_weighted_f1= 32.23,val_macro_f1= 20.32%
EarlyStopping counter: 15 out of 15
---------Early stopping--------
INFO - 09/14/26 01:38:34 - 0:07:25 - --------------Testing--------------------
INFO - 09/14/26 01:38:34 - 0:07:25 - --------------Loading from ./checkpoints/NC_Amazon-ratings_model.pt--------------------
INFO - 09/14/26 01:38:34 - 0:07:25 - test_acc= 42.50%, weighted_f1= 34.12,macro_f1= 21.77%
INFO - 09/14/26 01:38:34 - 0:07:25 - test_acc= 42.50%, weighted_f1= 34.12,macro_f1= 21.77%
INFO - 09/14/26 01:38:35 - 0:07:25 - Epoch 0: train_loss=1.7281837463378906, train_acc= 19.43%
INFO - 09/14/26 01:38:35 - 0:07:25 - Epoch 0: val_loss=1.6138916015625, val_acc= 5.88%,val_weighted_f1= 1.83,val_macro_f1= 4.42%
INFO - 09/14/26 01:38:35 - 0:07:26 - Epoch 1: train_loss=1.7469590902328491, train_acc= 20.80%
INFO - 09/14/26 01:38:35 - 0:07:26 - Epoch 2: train_loss=1.7146587371826172, train_acc= 20.41%
INFO - 09/14/26 01:38:35 - 0:07:26 - Epoch 3: train_loss=1.7198833227157593, train_acc= 21.13%
INFO - 09/14/26 01:38:36 - 0:07:27 - Epoch 4: train_loss=1.714188575744629, train_acc= 20.68%
INFO - 09/14/26 01:38:36 - 0:07:27 - Epoch 5: train_loss=1.692026138305664, train_acc= 21.75%
INFO - 09/14/26 01:38:36 - 0:07:27 - Epoch 5: val_loss=1.6072603464126587, val_acc= 36.78%,val_weighted_f1= 19.78,val_macro_f1= 10.76%
INFO - 09/14/26 01:38:36 - 0:07:27 - Epoch 6: train_loss=1.6770274639129639, train_acc= 22.15%
INFO - 09/14/26 01:38:37 - 0:07:28 - Epoch 7: train_loss=1.6826940774917603, train_acc= 21.54%
INFO - 09/14/26 01:38:37 - 0:07:28 - Epoch 8: train_loss=1.6889399290084839, train_acc= 22.08%
INFO - 09/14/26 01:38:37 - 0:07:28 - Epoch 9: train_loss=1.664130449295044, train_acc= 23.31%
INFO - 09/14/26 01:38:38 - 0:07:28 - Epoch 10: train_loss=1.6630631685256958, train_acc= 23.26%
INFO - 09/14/26 01:38:38 - 0:07:28 - Epoch 10: val_loss=1.6026970148086548, val_acc= 36.78%,val_weighted_f1= 19.78,val_macro_f1= 10.76%
INFO - 09/14/26 01:38:38 - 0:07:29 - Epoch 11: train_loss=1.6554630994796753, train_acc= 23.73%
INFO - 09/14/26 01:38:38 - 0:07:29 - Epoch 12: train_loss=1.6488100290298462, train_acc= 24.01%
INFO - 09/14/26 01:38:38 - 0:07:29 - Epoch 13: train_loss=1.6268446445465088, train_acc= 24.50%
INFO - 09/14/26 01:38:39 - 0:07:29 - Epoch 14: train_loss=1.6121739149093628, train_acc= 25.46%
INFO - 09/14/26 01:38:39 - 0:07:30 - Epoch 15: train_loss=1.6004674434661865, train_acc= 26.29%
INFO - 09/14/26 01:38:39 - 0:07:30 - Epoch 15: val_loss=1.5983972549438477, val_acc= 36.81%,val_weighted_f1= 20.00,val_macro_f1= 10.95%
INFO - 09/14/26 01:38:39 - 0:07:30 - Epoch 16: train_loss=1.5931977033615112, train_acc= 27.25%
INFO - 09/14/26 01:38:40 - 0:07:30 - Epoch 17: train_loss=1.5826032161712646, train_acc= 29.13%
INFO - 09/14/26 01:38:40 - 0:07:31 - Epoch 18: train_loss=1.5732866525650024, train_acc= 32.31%
INFO - 09/14/26 01:38:40 - 0:07:31 - Epoch 19: train_loss=1.570547103881836, train_acc= 33.33%
INFO - 09/14/26 01:38:40 - 0:07:31 - Epoch 20: train_loss=1.5658971071243286, train_acc= 33.75%
INFO - 09/14/26 01:38:41 - 0:07:31 - Epoch 20: val_loss=1.6030064821243286, val_acc= 36.89%,val_weighted_f1= 20.78,val_macro_f1= 11.67%
INFO - 09/14/26 01:38:41 - 0:07:32 - Epoch 21: train_loss=1.5618470907211304, train_acc= 35.11%
INFO - 09/14/26 01:38:41 - 0:07:32 - Epoch 22: train_loss=1.5601153373718262, train_acc= 34.87%
INFO - 09/14/26 01:38:41 - 0:07:32 - Epoch 23: train_loss=1.5561729669570923, train_acc= 35.64%
INFO - 09/14/26 01:38:42 - 0:07:32 - Epoch 24: train_loss=1.5568873882293701, train_acc= 35.55%
INFO - 09/14/26 01:38:42 - 0:07:33 - Epoch 25: train_loss=1.5514090061187744, train_acc= 35.85%
INFO - 09/14/26 01:38:42 - 0:07:33 - Epoch 25: val_loss=1.5558041334152222, val_acc= 38.80%,val_weighted_f1= 28.89,val_macro_f1= 17.66%
INFO - 09/14/26 01:38:42 - 0:07:33 - Epoch 26: train_loss=1.5464534759521484, train_acc= 36.26%
INFO - 09/14/26 01:38:43 - 0:07:33 - Epoch 27: train_loss=1.5425752401351929, train_acc= 36.66%
INFO - 09/14/26 01:38:43 - 0:07:34 - Epoch 28: train_loss=1.5429980754852295, train_acc= 36.79%
INFO - 09/14/26 01:38:43 - 0:07:34 - Epoch 29: train_loss=1.536023736000061, train_acc= 36.76%
INFO - 09/14/26 01:38:43 - 0:07:34 - Epoch 30: train_loss=1.531282663345337, train_acc= 37.34%
INFO - 09/14/26 01:38:44 - 0:07:34 - Epoch 30: val_loss=1.5430684089660645, val_acc= 39.20%,val_weighted_f1= 30.51,val_macro_f1= 19.15%
INFO - 09/14/26 01:38:44 - 0:07:35 - Epoch 31: train_loss=1.5311875343322754, train_acc= 37.20%
INFO - 09/14/26 01:38:44 - 0:07:35 - Epoch 32: train_loss=1.5265566110610962, train_acc= 37.85%
INFO - 09/14/26 01:38:44 - 0:07:35 - Epoch 33: train_loss=1.523494005203247, train_acc= 37.91%
INFO - 09/14/26 01:38:45 - 0:07:35 - Epoch 34: train_loss=1.523770809173584, train_acc= 38.01%
INFO - 09/14/26 01:38:45 - 0:07:36 - Epoch 35: train_loss=1.5159727334976196, train_acc= 38.53%
INFO - 09/14/26 01:38:45 - 0:07:36 - Epoch 35: val_loss=1.5390621423721313, val_acc= 36.63%,val_weighted_f1= 27.59,val_macro_f1= 17.63%
EarlyStopping counter: 1 out of 15
INFO - 09/14/26 01:38:45 - 0:07:36 - Epoch 36: train_loss=1.5149117708206177, train_acc= 38.41%
INFO - 09/14/26 01:38:46 - 0:07:36 - Epoch 37: train_loss=1.5140618085861206, train_acc= 38.51%
INFO - 09/14/26 01:38:46 - 0:07:37 - Epoch 38: train_loss=1.5051573514938354, train_acc= 38.22%
INFO - 09/14/26 01:38:46 - 0:07:37 - Epoch 39: train_loss=1.50076425075531, train_acc= 38.82%
INFO - 09/14/26 01:38:46 - 0:07:37 - Epoch 40: train_loss=1.5045608282089233, train_acc= 38.46%
INFO - 09/14/26 01:38:46 - 0:07:37 - Epoch 40: val_loss=1.5269279479980469, val_acc= 37.40%,val_weighted_f1= 28.20,val_macro_f1= 18.02%
EarlyStopping counter: 2 out of 15
INFO - 09/14/26 01:38:47 - 0:07:37 - Epoch 41: train_loss=1.494998574256897, train_acc= 38.61%
INFO - 09/14/26 01:38:47 - 0:07:38 - Epoch 42: train_loss=1.4935340881347656, train_acc= 39.22%
INFO - 09/14/26 01:38:47 - 0:07:38 - Epoch 43: train_loss=1.4854135513305664, train_acc= 39.70%
INFO - 09/14/26 01:38:47 - 0:07:38 - Epoch 44: train_loss=1.4859719276428223, train_acc= 40.01%
INFO - 09/14/26 01:38:48 - 0:07:39 - Epoch 45: train_loss=1.4830598831176758, train_acc= 39.96%
INFO - 09/14/26 01:38:48 - 0:07:39 - Epoch 45: val_loss=1.5245496034622192, val_acc= 35.13%,val_weighted_f1= 25.52,val_macro_f1= 16.48%
EarlyStopping counter: 3 out of 15
INFO - 09/14/26 01:38:48 - 0:07:39 - Epoch 46: train_loss=1.4791611433029175, train_acc= 40.48%
INFO - 09/14/26 01:38:48 - 0:07:39 - Epoch 47: train_loss=1.4735124111175537, train_acc= 40.76%
INFO - 09/14/26 01:38:49 - 0:07:39 - Epoch 48: train_loss=1.4724005460739136, train_acc= 40.28%
INFO - 09/14/26 01:38:49 - 0:07:40 - Epoch 49: train_loss=1.4709151983261108, train_acc= 40.49%
INFO - 09/14/26 01:38:49 - 0:07:40 - Epoch 50: train_loss=1.467321753501892, train_acc= 40.51%
INFO - 09/14/26 01:38:49 - 0:07:40 - Epoch 50: val_loss=1.5000486373901367, val_acc= 38.90%,val_weighted_f1= 29.75,val_macro_f1= 18.95%
EarlyStopping counter: 4 out of 15
INFO - 09/14/26 01:38:50 - 0:07:40 - Epoch 51: train_loss=1.4632421731948853, train_acc= 40.55%
INFO - 09/14/26 01:38:50 - 0:07:41 - Epoch 52: train_loss=1.4576239585876465, train_acc= 40.95%
INFO - 09/14/26 01:38:50 - 0:07:41 - Epoch 53: train_loss=1.4561119079589844, train_acc= 40.85%
INFO - 09/14/26 01:38:50 - 0:07:41 - Epoch 54: train_loss=1.4546058177947998, train_acc= 41.39%
INFO - 09/14/26 01:38:51 - 0:07:41 - Epoch 55: train_loss=1.4513912200927734, train_acc= 41.39%
INFO - 09/14/26 01:38:51 - 0:07:42 - Epoch 55: val_loss=1.4860944747924805, val_acc= 39.70%,val_weighted_f1= 30.48,val_macro_f1= 19.40%
INFO - 09/14/26 01:38:51 - 0:07:42 - Epoch 56: train_loss=1.4472599029541016, train_acc= 41.42%
INFO - 09/14/26 01:38:51 - 0:07:42 - Epoch 57: train_loss=1.4441466331481934, train_acc= 41.91%
INFO - 09/14/26 01:38:52 - 0:07:42 - Epoch 58: train_loss=1.45718514919281, train_acc= 41.71%
INFO - 09/14/26 01:38:52 - 0:07:43 - Epoch 59: train_loss=1.4358329772949219, train_acc= 42.32%
INFO - 09/14/26 01:38:52 - 0:07:43 - Epoch 60: train_loss=1.4434268474578857, train_acc= 42.41%
INFO - 09/14/26 01:38:52 - 0:07:43 - Epoch 60: val_loss=1.4727389812469482, val_acc= 40.01%,val_weighted_f1= 30.77,val_macro_f1= 19.62%
INFO - 09/14/26 01:38:53 - 0:07:43 - Epoch 61: train_loss=1.4392138719558716, train_acc= 42.94%
INFO - 09/14/26 01:38:53 - 0:07:44 - Epoch 62: train_loss=1.434785008430481, train_acc= 42.71%
INFO - 09/14/26 01:38:53 - 0:07:44 - Epoch 63: train_loss=1.4256166219711304, train_acc= 42.32%
INFO - 09/14/26 01:38:53 - 0:07:44 - Epoch 64: train_loss=1.422085165977478, train_acc= 41.80%
INFO - 09/14/26 01:38:54 - 0:07:44 - Epoch 65: train_loss=1.4201961755752563, train_acc= 41.51%
INFO - 09/14/26 01:38:54 - 0:07:45 - Epoch 65: val_loss=1.447867512702942, val_acc= 41.79%,val_weighted_f1= 32.52,val_macro_f1= 20.52%
INFO - 09/14/26 01:38:54 - 0:07:45 - Epoch 66: train_loss=1.4226853847503662, train_acc= 41.95%
INFO - 09/14/26 01:38:54 - 0:07:45 - Epoch 67: train_loss=1.417479395866394, train_acc= 42.92%
INFO - 09/14/26 01:38:55 - 0:07:45 - Epoch 68: train_loss=1.4189900159835815, train_acc= 42.98%
INFO - 09/14/26 01:38:55 - 0:07:46 - Epoch 69: train_loss=1.4077391624450684, train_acc= 43.13%
INFO - 09/14/26 01:38:55 - 0:07:46 - Epoch 70: train_loss=1.4062968492507935, train_acc= 43.34%
INFO - 09/14/26 01:38:55 - 0:07:46 - Epoch 70: val_loss=1.4372488260269165, val_acc= 41.66%,val_weighted_f1= 32.33,val_macro_f1= 20.47%
EarlyStopping counter: 1 out of 15
INFO - 09/14/26 01:38:56 - 0:07:46 - Epoch 71: train_loss=1.4002821445465088, train_acc= 43.39%
INFO - 09/14/26 01:38:56 - 0:07:47 - Epoch 72: train_loss=1.4016344547271729, train_acc= 42.85%
INFO - 09/14/26 01:38:56 - 0:07:47 - Epoch 73: train_loss=1.4000625610351562, train_acc= 43.01%
INFO - 09/14/26 01:38:56 - 0:07:47 - Epoch 74: train_loss=1.3972793817520142, train_acc= 42.84%
INFO - 09/14/26 01:38:57 - 0:07:47 - Epoch 75: train_loss=1.3942745923995972, train_acc= 43.58%
INFO - 09/14/26 01:38:57 - 0:07:47 - Epoch 75: val_loss=1.4229737520217896, val_acc= 41.38%,val_weighted_f1= 32.08,val_macro_f1= 20.33%
EarlyStopping counter: 2 out of 15
INFO - 09/14/26 01:38:57 - 0:07:48 - Epoch 76: train_loss=1.3882683515548706, train_acc= 43.61%
INFO - 09/14/26 01:38:57 - 0:07:48 - Epoch 77: train_loss=1.3884613513946533, train_acc= 43.70%
INFO - 09/14/26 01:38:57 - 0:07:48 - Epoch 78: train_loss=1.3833426237106323, train_acc= 43.45%
INFO - 09/14/26 01:38:58 - 0:07:49 - Epoch 79: train_loss=1.3789368867874146, train_acc= 43.72%
INFO - 09/14/26 01:38:58 - 0:07:49 - Epoch 80: train_loss=1.373910665512085, train_acc= 44.12%
INFO - 09/14/26 01:38:58 - 0:07:49 - Epoch 80: val_loss=1.4185749292373657, val_acc= 40.81%,val_weighted_f1= 31.46,val_macro_f1= 20.00%
EarlyStopping counter: 3 out of 15
INFO - 09/14/26 01:38:58 - 0:07:49 - Epoch 81: train_loss=1.3728444576263428, train_acc= 43.64%
INFO - 09/14/26 01:38:59 - 0:07:49 - Epoch 82: train_loss=1.3709237575531006, train_acc= 43.97%
INFO - 09/14/26 01:38:59 - 0:07:50 - Epoch 83: train_loss=1.3721116781234741, train_acc= 44.17%
INFO - 09/14/26 01:38:59 - 0:07:50 - Epoch 84: train_loss=1.3687832355499268, train_acc= 43.91%
INFO - 09/14/26 01:38:59 - 0:07:50 - Epoch 85: train_loss=1.3664623498916626, train_acc= 44.28%
INFO - 09/14/26 01:39:00 - 0:07:50 - Epoch 85: val_loss=1.4001659154891968, val_acc= 41.32%,val_weighted_f1= 31.94,val_macro_f1= 19.98%
EarlyStopping counter: 4 out of 15
INFO - 09/14/26 01:39:00 - 0:07:51 - Epoch 86: train_loss=1.358644962310791, train_acc= 44.03%
INFO - 09/14/26 01:39:00 - 0:07:51 - Epoch 87: train_loss=1.364770770072937, train_acc= 44.05%
INFO - 09/14/26 01:39:00 - 0:07:51 - Epoch 88: train_loss=1.3550398349761963, train_acc= 44.35%
INFO - 09/14/26 01:39:01 - 0:07:51 - Epoch 89: train_loss=1.3535610437393188, train_acc= 44.13%
INFO - 09/14/26 01:39:01 - 0:07:52 - Epoch 90: train_loss=1.3505284786224365, train_acc= 43.94%
INFO - 09/14/26 01:39:01 - 0:07:52 - Epoch 90: val_loss=1.3884868621826172, val_acc= 41.79%,val_weighted_f1= 32.52,val_macro_f1= 20.46%
INFO - 09/14/26 01:39:01 - 0:07:52 - Epoch 91: train_loss=1.349887490272522, train_acc= 43.62%
INFO - 09/14/26 01:39:02 - 0:07:52 - Epoch 92: train_loss=1.3477635383605957, train_acc= 44.46%
INFO - 09/14/26 01:39:02 - 0:07:53 - Epoch 93: train_loss=1.3491287231445312, train_acc= 44.18%
INFO - 09/14/26 01:39:02 - 0:07:53 - Epoch 94: train_loss=1.3457149267196655, train_acc= 44.25%
INFO - 09/14/26 01:39:02 - 0:07:53 - Epoch 95: train_loss=1.341083288192749, train_acc= 43.72%
INFO - 09/14/26 01:39:03 - 0:07:53 - Epoch 95: val_loss=1.3941731452941895, val_acc= 41.06%,val_weighted_f1= 31.78,val_macro_f1= 20.17%
EarlyStopping counter: 1 out of 15
INFO - 09/14/26 01:39:03 - 0:07:54 - Epoch 96: train_loss=1.3412437438964844, train_acc= 44.28%
INFO - 09/14/26 01:39:03 - 0:07:54 - Epoch 97: train_loss=1.3416416645050049, train_acc= 44.06%
INFO - 09/14/26 01:39:03 - 0:07:54 - Epoch 98: train_loss=1.335033655166626, train_acc= 43.97%
INFO - 09/14/26 01:39:04 - 0:07:54 - Epoch 99: train_loss=1.3303371667861938, train_acc= 44.68%
INFO - 09/14/26 01:39:04 - 0:07:55 - Epoch 100: train_loss=1.3310545682907104, train_acc= 44.53%
INFO - 09/14/26 01:39:04 - 0:07:55 - Epoch 100: val_loss=1.376286268234253, val_acc= 41.73%,val_weighted_f1= 32.49,val_macro_f1= 20.52%
EarlyStopping counter: 2 out of 15
INFO - 09/14/26 01:39:04 - 0:07:55 - Epoch 101: train_loss=1.3259036540985107, train_acc= 44.30%
INFO - 09/14/26 01:39:04 - 0:07:55 - Epoch 102: train_loss=1.3246320486068726, train_acc= 44.44%
INFO - 09/14/26 01:39:05 - 0:07:56 - Epoch 103: train_loss=1.3245044946670532, train_acc= 44.21%
INFO - 09/14/26 01:39:05 - 0:07:56 - Epoch 104: train_loss=1.321402907371521, train_acc= 43.92%
INFO - 09/14/26 01:39:05 - 0:07:56 - Epoch 105: train_loss=1.3200985193252563, train_acc= 44.19%
INFO - 09/14/26 01:39:05 - 0:07:56 - Epoch 105: val_loss=1.3807353973388672, val_acc= 41.70%,val_weighted_f1= 32.43,val_macro_f1= 20.50%
EarlyStopping counter: 3 out of 15
INFO - 09/14/26 01:39:06 - 0:07:56 - Epoch 106: train_loss=1.314960241317749, train_acc= 44.92%
INFO - 09/14/26 01:39:06 - 0:07:57 - Epoch 107: train_loss=1.3130519390106201, train_acc= 45.17%
INFO - 09/14/26 01:39:06 - 0:07:57 - Epoch 108: train_loss=1.314741611480713, train_acc= 44.85%
INFO - 09/14/26 01:39:06 - 0:07:57 - Epoch 109: train_loss=1.3117808103561401, train_acc= 44.34%
INFO - 09/14/26 01:39:07 - 0:07:58 - Epoch 110: train_loss=1.3101913928985596, train_acc= 44.37%
INFO - 09/14/26 01:39:07 - 0:07:58 - Epoch 110: val_loss=1.3843814134597778, val_acc= 41.50%,val_weighted_f1= 32.17,val_macro_f1= 20.37%
EarlyStopping counter: 4 out of 15
INFO - 09/14/26 01:39:07 - 0:07:58 - Epoch 111: train_loss=1.3055213689804077, train_acc= 44.41%
INFO - 09/14/26 01:39:07 - 0:07:58 - Epoch 112: train_loss=1.3059624433517456, train_acc= 44.66%
INFO - 09/14/26 01:39:08 - 0:07:58 - Epoch 113: train_loss=1.3029134273529053, train_acc= 44.41%
INFO - 09/14/26 01:39:08 - 0:07:59 - Epoch 114: train_loss=1.3050423860549927, train_acc= 44.71%
INFO - 09/14/26 01:39:08 - 0:07:59 - Epoch 115: train_loss=1.2971878051757812, train_acc= 45.26%
INFO - 09/14/26 01:39:08 - 0:07:59 - Epoch 115: val_loss=1.376827597618103, val_acc= 41.73%,val_weighted_f1= 32.49,val_macro_f1= 20.54%
EarlyStopping counter: 5 out of 15
INFO - 09/14/26 01:39:09 - 0:07:59 - Epoch 116: train_loss=1.2975199222564697, train_acc= 44.77%
INFO - 09/14/26 01:39:09 - 0:08:00 - Epoch 117: train_loss=1.2972137928009033, train_acc= 44.37%
INFO - 09/14/26 01:39:09 - 0:08:00 - Epoch 118: train_loss=1.29652738571167, train_acc= 44.41%
INFO - 09/14/26 01:39:09 - 0:08:00 - Epoch 119: train_loss=1.2918974161148071, train_acc= 44.94%
INFO - 09/14/26 01:39:10 - 0:08:01 - Epoch 120: train_loss=1.2926243543624878, train_acc= 44.95%
INFO - 09/14/26 01:39:10 - 0:08:01 - Epoch 120: val_loss=1.3619921207427979, val_acc= 41.52%,val_weighted_f1= 32.34,val_macro_f1= 20.34%
EarlyStopping counter: 6 out of 15
INFO - 09/14/26 01:39:10 - 0:08:01 - Epoch 121: train_loss=1.290717363357544, train_acc= 45.30%
INFO - 09/14/26 01:39:10 - 0:08:01 - Epoch 122: train_loss=1.2887343168258667, train_acc= 45.17%
INFO - 09/14/26 01:39:11 - 0:08:02 - Epoch 123: train_loss=1.287637710571289, train_acc= 44.81%
INFO - 09/14/26 01:39:11 - 0:08:02 - Epoch 124: train_loss=1.2813163995742798, train_acc= 45.25%
INFO - 09/14/26 01:39:11 - 0:08:02 - Epoch 125: train_loss=1.2841051816940308, train_acc= 45.21%
INFO - 09/14/26 01:39:11 - 0:08:02 - Epoch 125: val_loss=1.3685624599456787, val_acc= 41.21%,val_weighted_f1= 32.08,val_macro_f1= 20.29%
EarlyStopping counter: 7 out of 15
INFO - 09/14/26 01:39:12 - 0:08:02 - Epoch 126: train_loss=1.2814218997955322, train_acc= 45.53%
INFO - 09/14/26 01:39:12 - 0:08:03 - Epoch 127: train_loss=1.2820314168930054, train_acc= 44.86%
INFO - 09/14/26 01:39:12 - 0:08:03 - Epoch 128: train_loss=1.278572678565979, train_acc= 45.26%
INFO - 09/14/26 01:39:12 - 0:08:03 - Epoch 129: train_loss=1.2785056829452515, train_acc= 45.28%
INFO - 09/14/26 01:39:13 - 0:08:04 - Epoch 130: train_loss=1.2765175104141235, train_acc= 44.99%
INFO - 09/14/26 01:39:13 - 0:08:04 - Epoch 130: val_loss=1.3519060611724854, val_acc= 41.37%,val_weighted_f1= 32.34,val_macro_f1= 20.44%
EarlyStopping counter: 8 out of 15
INFO - 09/14/26 01:39:13 - 0:08:04 - Epoch 131: train_loss=1.2754560708999634, train_acc= 45.46%
INFO - 09/14/26 01:39:13 - 0:08:04 - Epoch 132: train_loss=1.2715758085250854, train_acc= 45.61%
INFO - 09/14/26 01:39:14 - 0:08:04 - Epoch 133: train_loss=1.2705018520355225, train_acc= 45.53%
INFO - 09/14/26 01:39:14 - 0:08:05 - Epoch 134: train_loss=1.2694391012191772, train_acc= 45.41%
INFO - 09/14/26 01:39:14 - 0:08:05 - Epoch 135: train_loss=1.272271752357483, train_acc= 45.71%
INFO - 09/14/26 01:39:14 - 0:08:05 - Epoch 135: val_loss=1.3601844310760498, val_acc= 40.96%,val_weighted_f1= 32.11,val_macro_f1= 20.39%
EarlyStopping counter: 9 out of 15
INFO - 09/14/26 01:39:15 - 0:08:05 - Epoch 136: train_loss=1.270699381828308, train_acc= 45.35%
INFO - 09/14/26 01:39:15 - 0:08:06 - Epoch 137: train_loss=1.2733863592147827, train_acc= 45.62%
INFO - 09/14/26 01:39:15 - 0:08:06 - Epoch 138: train_loss=1.2677801847457886, train_acc= 45.44%
INFO - 09/14/26 01:39:15 - 0:08:06 - Epoch 139: train_loss=1.267686367034912, train_acc= 45.14%
INFO - 09/14/26 01:39:16 - 0:08:06 - Epoch 140: train_loss=1.2628259658813477, train_acc= 45.51%
INFO - 09/14/26 01:39:16 - 0:08:07 - Epoch 140: val_loss=1.340865135192871, val_acc= 40.98%,val_weighted_f1= 32.13,val_macro_f1= 20.24%
EarlyStopping counter: 10 out of 15
INFO - 09/14/26 01:39:16 - 0:08:07 - Epoch 141: train_loss=1.2610825300216675, train_acc= 45.59%
INFO - 09/14/26 01:39:16 - 0:08:07 - Epoch 142: train_loss=1.2608146667480469, train_acc= 45.92%
INFO - 09/14/26 01:39:17 - 0:08:07 - Epoch 143: train_loss=1.2604495286941528, train_acc= 45.73%
INFO - 09/14/26 01:39:17 - 0:08:08 - Epoch 144: train_loss=1.258948802947998, train_acc= 46.16%
INFO - 09/14/26 01:39:17 - 0:08:08 - Epoch 145: train_loss=1.2567973136901855, train_acc= 45.89%
INFO - 09/14/26 01:39:17 - 0:08:08 - Epoch 145: val_loss=1.3490077257156372, val_acc= 40.96%,val_weighted_f1= 32.20,val_macro_f1= 20.46%
EarlyStopping counter: 11 out of 15
INFO - 09/14/26 01:39:17 - 0:08:08 - Epoch 146: train_loss=1.2716056108474731, train_acc= 45.88%
INFO - 09/14/26 01:39:18 - 0:08:09 - Epoch 147: train_loss=1.2590718269348145, train_acc= 45.79%
INFO - 09/14/26 01:39:18 - 0:08:09 - Epoch 148: train_loss=1.2577481269836426, train_acc= 45.71%
INFO - 09/14/26 01:39:18 - 0:08:09 - Epoch 149: train_loss=1.253512978553772, train_acc= 46.12%
INFO - 09/14/26 01:39:19 - 0:08:09 - Epoch 150: train_loss=1.2566231489181519, train_acc= 45.93%
INFO - 09/14/26 01:39:19 - 0:08:10 - Epoch 150: val_loss=1.3553974628448486, val_acc= 40.88%,val_weighted_f1= 32.14,val_macro_f1= 20.49%
EarlyStopping counter: 12 out of 15
INFO - 09/14/26 01:39:19 - 0:08:10 - Epoch 151: train_loss=1.2590914964675903, train_acc= 45.63%
INFO - 09/14/26 01:39:19 - 0:08:10 - Epoch 152: train_loss=1.2525947093963623, train_acc= 45.79%
INFO - 09/14/26 01:39:19 - 0:08:10 - Epoch 153: train_loss=1.2542006969451904, train_acc= 45.78%
INFO - 09/14/26 01:39:20 - 0:08:11 - Epoch 154: train_loss=1.2519216537475586, train_acc= 46.11%
INFO - 09/14/26 01:39:20 - 0:08:11 - Epoch 155: train_loss=1.2552481889724731, train_acc= 45.69%
INFO - 09/14/26 01:39:20 - 0:08:11 - Epoch 155: val_loss=1.3534409999847412, val_acc= 40.99%,val_weighted_f1= 32.71,val_macro_f1= 20.90%
EarlyStopping counter: 13 out of 15
INFO - 09/14/26 01:39:20 - 0:08:11 - Epoch 156: train_loss=1.2485419511795044, train_acc= 46.37%
INFO - 09/14/26 01:39:21 - 0:08:12 - Epoch 157: train_loss=1.2547616958618164, train_acc= 46.06%
INFO - 09/14/26 01:39:21 - 0:08:12 - Epoch 158: train_loss=1.2438066005706787, train_acc= 46.40%
INFO - 09/14/26 01:39:21 - 0:08:12 - Epoch 159: train_loss=1.2518655061721802, train_acc= 45.80%
INFO - 09/14/26 01:39:22 - 0:08:12 - Epoch 160: train_loss=1.2476900815963745, train_acc= 46.82%
INFO - 09/14/26 01:39:22 - 0:08:12 - Epoch 160: val_loss=1.3347876071929932, val_acc= 40.36%,val_weighted_f1= 33.45,val_macro_f1= 21.47%
EarlyStopping counter: 14 out of 15
INFO - 09/14/26 01:39:22 - 0:08:13 - Epoch 161: train_loss=1.2454849481582642, train_acc= 46.18%
INFO - 09/14/26 01:39:22 - 0:08:13 - Epoch 162: train_loss=1.2508676052093506, train_acc= 45.94%
INFO - 09/14/26 01:39:22 - 0:08:13 - Epoch 163: train_loss=1.2450833320617676, train_acc= 46.45%
INFO - 09/14/26 01:39:23 - 0:08:14 - Epoch 164: train_loss=1.246702790260315, train_acc= 46.71%
INFO - 09/14/26 01:39:23 - 0:08:14 - Epoch 165: train_loss=1.2423007488250732, train_acc= 46.28%
INFO - 09/14/26 01:39:23 - 0:08:14 - Epoch 165: val_loss=1.3352653980255127, val_acc= 40.85%,val_weighted_f1= 33.48,val_macro_f1= 21.46%
EarlyStopping counter: 15 out of 15
---------Early stopping--------
INFO - 09/14/26 01:39:23 - 0:08:14 - --------------Testing--------------------
INFO - 09/14/26 01:39:23 - 0:08:14 - --------------Loading from ./checkpoints/NC_Amazon-ratings_model.pt--------------------
INFO - 09/14/26 01:39:23 - 0:08:14 - test_acc= 41.66%, weighted_f1= 32.39,macro_f1= 20.35%
INFO - 09/14/26 01:39:23 - 0:08:14 - test_acc= 41.66%, weighted_f1= 32.39,macro_f1= 20.35%
INFO - 09/14/26 01:39:24 - 0:08:14 - Epoch 0: train_loss=1.7361682653427124, train_acc= 19.62%
INFO - 09/14/26 01:39:24 - 0:08:14 - Epoch 0: val_loss=1.6174538135528564, val_acc= 16.61%,val_weighted_f1= 8.68,val_macro_f1= 9.38%
INFO - 09/14/26 01:39:24 - 0:08:15 - Epoch 1: train_loss=1.7978432178497314, train_acc= 18.33%
INFO - 09/14/26 01:39:24 - 0:08:15 - Epoch 2: train_loss=1.7316231727600098, train_acc= 18.84%
INFO - 09/14/26 01:39:24 - 0:08:15 - Epoch 3: train_loss=1.7043851613998413, train_acc= 21.27%
INFO - 09/14/26 01:39:25 - 0:08:16 - Epoch 4: train_loss=1.7194843292236328, train_acc= 20.38%
INFO - 09/14/26 01:39:25 - 0:08:16 - Epoch 5: train_loss=1.7147839069366455, train_acc= 20.06%
INFO - 09/14/26 01:39:25 - 0:08:16 - Epoch 5: val_loss=1.613342046737671, val_acc= 11.74%,val_weighted_f1= 6.39,val_macro_f1= 7.53%
EarlyStopping counter: 1 out of 15
INFO - 09/14/26 01:39:25 - 0:08:16 - Epoch 6: train_loss=1.6929672956466675, train_acc= 21.08%
INFO - 09/14/26 01:39:26 - 0:08:17 - Epoch 7: train_loss=1.684375286102295, train_acc= 21.15%
INFO - 09/14/26 01:39:26 - 0:08:17 - Epoch 8: train_loss=1.6803535223007202, train_acc= 22.22%
INFO - 09/14/26 01:39:26 - 0:08:17 - Epoch 9: train_loss=1.682952642440796, train_acc= 21.88%
INFO - 09/14/26 01:39:26 - 0:08:17 - Epoch 10: train_loss=1.6778466701507568, train_acc= 22.03%
INFO - 09/14/26 01:39:27 - 0:08:17 - Epoch 10: val_loss=1.6040552854537964, val_acc= 23.26%,val_weighted_f1= 8.98,val_macro_f1= 7.67%
INFO - 09/14/26 01:39:27 - 0:08:18 - Epoch 11: train_loss=1.661734700202942, train_acc= 22.13%
INFO - 09/14/26 01:39:27 - 0:08:18 - Epoch 12: train_loss=1.6501749753952026, train_acc= 23.50%
INFO - 09/14/26 01:39:27 - 0:08:18 - Epoch 13: train_loss=1.6403943300247192, train_acc= 22.90%
INFO - 09/14/26 01:39:28 - 0:08:18 - Epoch 14: train_loss=1.6249353885650635, train_acc= 23.58%
INFO - 09/14/26 01:39:28 - 0:08:19 - Epoch 15: train_loss=1.611383318901062, train_acc= 23.86%
INFO - 09/14/26 01:39:28 - 0:08:19 - Epoch 15: val_loss=1.5986440181732178, val_acc= 23.19%,val_weighted_f1= 8.73,val_macro_f1= 7.53%
EarlyStopping counter: 1 out of 15
INFO - 09/14/26 01:39:28 - 0:08:19 - Epoch 16: train_loss=1.6061327457427979, train_acc= 23.86%
INFO - 09/14/26 01:39:29 - 0:08:19 - Epoch 17: train_loss=1.5936472415924072, train_acc= 25.55%
INFO - 09/14/26 01:39:29 - 0:08:20 - Epoch 18: train_loss=1.587821125984192, train_acc= 27.56%
INFO - 09/14/26 01:39:29 - 0:08:20 - Epoch 19: train_loss=1.5836691856384277, train_acc= 29.10%
INFO - 09/14/26 01:39:29 - 0:08:20 - Epoch 20: train_loss=1.5785281658172607, train_acc= 30.35%
INFO - 09/14/26 01:39:30 - 0:08:20 - Epoch 20: val_loss=1.593759298324585, val_acc= 23.34%,val_weighted_f1= 9.18,val_macro_f1= 7.78%
INFO - 09/14/26 01:39:30 - 0:08:21 - Epoch 21: train_loss=1.5756372213363647, train_acc= 31.81%
INFO - 09/14/26 01:39:30 - 0:08:21 - Epoch 22: train_loss=1.5689629316329956, train_acc= 32.43%
INFO - 09/14/26 01:39:30 - 0:08:21 - Epoch 23: train_loss=1.563646912574768, train_acc= 32.66%
INFO - 09/14/26 01:39:31 - 0:08:21 - Epoch 24: train_loss=1.564010500907898, train_acc= 33.06%
INFO - 09/14/26 01:39:31 - 0:08:22 - Epoch 25: train_loss=1.5600669384002686, train_acc= 32.58%
INFO - 09/14/26 01:39:31 - 0:08:22 - Epoch 25: val_loss=1.575332760810852, val_acc= 36.89%,val_weighted_f1= 21.50,val_macro_f1= 12.09%
INFO - 09/14/26 01:39:31 - 0:08:22 - Epoch 26: train_loss=1.5581775903701782, train_acc= 33.38%
INFO - 09/14/26 01:39:32 - 0:08:22 - Epoch 27: train_loss=1.5525227785110474, train_acc= 33.68%
INFO - 09/14/26 01:39:32 - 0:08:23 - Epoch 28: train_loss=1.548774242401123, train_acc= 34.26%
INFO - 09/14/26 01:39:32 - 0:08:23 - Epoch 29: train_loss=1.545303225517273, train_acc= 34.49%
INFO - 09/14/26 01:39:32 - 0:08:23 - Epoch 30: train_loss=1.5407240390777588, train_acc= 35.16%
INFO - 09/14/26 01:39:33 - 0:08:23 - Epoch 30: val_loss=1.5520392656326294, val_acc= 38.82%,val_weighted_f1= 29.67,val_macro_f1= 18.33%
INFO - 09/14/26 01:39:33 - 0:08:24 - Epoch 31: train_loss=1.5356873273849487, train_acc= 35.15%
INFO - 09/14/26 01:39:33 - 0:08:24 - Epoch 32: train_loss=1.5320764780044556, train_acc= 34.97%
INFO - 09/14/26 01:39:33 - 0:08:24 - Epoch 33: train_loss=1.5308681726455688, train_acc= 35.71%
INFO - 09/14/26 01:39:34 - 0:08:24 - Epoch 34: train_loss=1.5277897119522095, train_acc= 36.22%
INFO - 09/14/26 01:39:34 - 0:08:25 - Epoch 35: train_loss=1.5230059623718262, train_acc= 36.37%
INFO - 09/14/26 01:39:34 - 0:08:25 - Epoch 35: val_loss=1.5382977724075317, val_acc= 37.24%,val_weighted_f1= 28.98,val_macro_f1= 18.29%
EarlyStopping counter: 1 out of 15
INFO - 09/14/26 01:39:34 - 0:08:25 - Epoch 36: train_loss=1.5237668752670288, train_acc= 36.32%
INFO - 09/14/26 01:39:35 - 0:08:25 - Epoch 37: train_loss=1.518147349357605, train_acc= 36.18%
INFO - 09/14/26 01:39:35 - 0:08:26 - Epoch 38: train_loss=1.5139436721801758, train_acc= 36.45%
INFO - 09/14/26 01:39:35 - 0:08:26 - Epoch 39: train_loss=1.5133886337280273, train_acc= 36.51%
INFO - 09/14/26 01:39:35 - 0:08:26 - Epoch 40: train_loss=1.5082825422286987, train_acc= 36.93%
INFO - 09/14/26 01:39:35 - 0:08:26 - Epoch 40: val_loss=1.5266919136047363, val_acc= 38.05%,val_weighted_f1= 29.68,val_macro_f1= 18.72%
EarlyStopping counter: 2 out of 15
INFO - 09/14/26 01:39:36 - 0:08:26 - Epoch 41: train_loss=1.5043693780899048, train_acc= 36.83%
INFO - 09/14/26 01:39:36 - 0:08:27 - Epoch 42: train_loss=1.5000566244125366, train_acc= 37.05%
INFO - 09/14/26 01:39:36 - 0:08:27 - Epoch 43: train_loss=1.499753475189209, train_acc= 37.64%
INFO - 09/14/26 01:39:36 - 0:08:27 - Epoch 44: train_loss=1.4940041303634644, train_acc= 37.63%
INFO - 09/14/26 01:39:37 - 0:08:28 - Epoch 45: train_loss=1.4913671016693115, train_acc= 37.71%
INFO - 09/14/26 01:39:37 - 0:08:28 - Epoch 45: val_loss=1.5103212594985962, val_acc= 38.30%,val_weighted_f1= 29.80,val_macro_f1= 18.84%
EarlyStopping counter: 3 out of 15
INFO - 09/14/26 01:39:37 - 0:08:28 - Epoch 46: train_loss=1.4897326231002808, train_acc= 37.98%
INFO - 09/14/26 01:39:37 - 0:08:28 - Epoch 47: train_loss=1.4836004972457886, train_acc= 38.54%
INFO - 09/14/26 01:39:38 - 0:08:28 - Epoch 48: train_loss=1.4832134246826172, train_acc= 38.30%
INFO - 09/14/26 01:39:38 - 0:08:29 - Epoch 49: train_loss=1.4782135486602783, train_acc= 38.51%
INFO - 09/14/26 01:39:38 - 0:08:29 - Epoch 50: train_loss=1.4770580530166626, train_acc= 39.21%
INFO - 09/14/26 01:39:38 - 0:08:29 - Epoch 50: val_loss=1.4981696605682373, val_acc= 38.07%,val_weighted_f1= 29.10,val_macro_f1= 18.55%
EarlyStopping counter: 4 out of 15
INFO - 09/14/26 01:39:39 - 0:08:29 - Epoch 51: train_loss=1.4695696830749512, train_acc= 39.43%
INFO - 09/14/26 01:39:39 - 0:08:30 - Epoch 52: train_loss=1.4665141105651855, train_acc= 39.19%
INFO - 09/14/26 01:39:39 - 0:08:30 - Epoch 53: train_loss=1.4629993438720703, train_acc= 39.93%
INFO - 09/14/26 01:39:39 - 0:08:30 - Epoch 54: train_loss=1.4622608423233032, train_acc= 39.92%
INFO - 09/14/26 01:39:40 - 0:08:30 - Epoch 55: train_loss=1.455230951309204, train_acc= 39.88%
INFO - 09/14/26 01:39:40 - 0:08:31 - Epoch 55: val_loss=1.4825780391693115, val_acc= 37.50%,val_weighted_f1= 28.23,val_macro_f1= 18.13%
EarlyStopping counter: 5 out of 15
INFO - 09/14/26 01:39:40 - 0:08:31 - Epoch 56: train_loss=1.4548770189285278, train_acc= 40.75%
INFO - 09/14/26 01:39:40 - 0:08:31 - Epoch 57: train_loss=1.4503350257873535, train_acc= 40.58%
INFO - 09/14/26 01:39:41 - 0:08:31 - Epoch 58: train_loss=1.4475493431091309, train_acc= 40.62%
INFO - 09/14/26 01:39:41 - 0:08:32 - Epoch 59: train_loss=1.4441713094711304, train_acc= 40.99%
INFO - 09/14/26 01:39:41 - 0:08:32 - Epoch 60: train_loss=1.4436345100402832, train_acc= 41.32%
INFO - 09/14/26 01:39:41 - 0:08:32 - Epoch 60: val_loss=1.4692304134368896, val_acc= 38.98%,val_weighted_f1= 29.87,val_macro_f1= 19.10%
INFO - 09/14/26 01:39:42 - 0:08:32 - Epoch 61: train_loss=1.4370790719985962, train_acc= 41.32%
INFO - 09/14/26 01:39:42 - 0:08:33 - Epoch 62: train_loss=1.4359153509140015, train_acc= 41.33%
INFO - 09/14/26 01:39:42 - 0:08:33 - Epoch 63: train_loss=1.4312407970428467, train_acc= 41.03%
INFO - 09/14/26 01:39:42 - 0:08:33 - Epoch 64: train_loss=1.430189847946167, train_acc= 41.34%
INFO - 09/14/26 01:39:43 - 0:08:33 - Epoch 65: train_loss=1.4267935752868652, train_acc= 41.47%
INFO - 09/14/26 01:39:43 - 0:08:34 - Epoch 65: val_loss=1.4582641124725342, val_acc= 41.09%,val_weighted_f1= 32.13,val_macro_f1= 20.52%
INFO - 09/14/26 01:39:43 - 0:08:34 - Epoch 66: train_loss=1.4223735332489014, train_acc= 41.52%
INFO - 09/14/26 01:39:43 - 0:08:34 - Epoch 67: train_loss=1.4207050800323486, train_acc= 41.72%
INFO - 09/14/26 01:39:44 - 0:08:34 - Epoch 68: train_loss=1.4211901426315308, train_acc= 41.81%
INFO - 09/14/26 01:39:44 - 0:08:35 - Epoch 69: train_loss=1.413251280784607, train_acc= 42.16%
INFO - 09/14/26 01:39:44 - 0:08:35 - Epoch 70: train_loss=1.4140703678131104, train_acc= 42.63%
INFO - 09/14/26 01:39:44 - 0:08:35 - Epoch 70: val_loss=1.4720407724380493, val_acc= 40.80%,val_weighted_f1= 30.85,val_macro_f1= 19.09%
EarlyStopping counter: 1 out of 15
INFO - 09/14/26 01:39:45 - 0:08:35 - Epoch 71: train_loss=1.407387137413025, train_acc= 42.03%
INFO - 09/14/26 01:39:45 - 0:08:36 - Epoch 72: train_loss=1.4089435338974, train_acc= 42.19%
INFO - 09/14/26 01:39:45 - 0:08:36 - Epoch 73: train_loss=1.405631184577942, train_acc= 42.62%
INFO - 09/14/26 01:39:45 - 0:08:36 - Epoch 74: train_loss=1.4071751832962036, train_acc= 42.80%
INFO - 09/14/26 01:39:46 - 0:08:36 - Epoch 75: train_loss=1.397720217704773, train_acc= 42.89%
INFO - 09/14/26 01:39:46 - 0:08:36 - Epoch 75: val_loss=1.440495252609253, val_acc= 41.14%,val_weighted_f1= 31.87,val_macro_f1= 19.96%
INFO - 09/14/26 01:39:46 - 0:08:37 - Epoch 76: train_loss=1.3934820890426636, train_acc= 42.41%
INFO - 09/14/26 01:39:46 - 0:08:37 - Epoch 77: train_loss=1.3919059038162231, train_acc= 42.44%
INFO - 09/14/26 01:39:47 - 0:08:37 - Epoch 78: train_loss=1.3876787424087524, train_acc= 42.51%
INFO - 09/14/26 01:39:47 - 0:08:38 - Epoch 79: train_loss=1.3885999917984009, train_acc= 42.90%
INFO - 09/14/26 01:39:47 - 0:08:38 - Epoch 80: train_loss=1.3820128440856934, train_acc= 43.25%
INFO - 09/14/26 01:39:47 - 0:08:38 - Epoch 80: val_loss=1.438215970993042, val_acc= 41.32%,val_weighted_f1= 32.21,val_macro_f1= 20.27%
INFO - 09/14/26 01:39:47 - 0:08:38 - Epoch 81: train_loss=1.3832958936691284, train_acc= 42.90%
INFO - 09/14/26 01:39:48 - 0:08:39 - Epoch 82: train_loss=1.3783771991729736, train_acc= 42.94%
INFO - 09/14/26 01:39:48 - 0:08:39 - Epoch 83: train_loss=1.3778616189956665, train_acc= 42.84%
INFO - 09/14/26 01:39:48 - 0:08:39 - Epoch 84: train_loss=1.3751140832901, train_acc= 43.37%
INFO - 09/14/26 01:39:48 - 0:08:39 - Epoch 85: train_loss=1.374302864074707, train_acc= 43.24%
INFO - 09/14/26 01:39:49 - 0:08:39 - Epoch 85: val_loss=1.42950439453125, val_acc= 41.30%,val_weighted_f1= 32.21,val_macro_f1= 20.28%
EarlyStopping counter: 1 out of 15
INFO - 09/14/26 01:39:49 - 0:08:40 - Epoch 86: train_loss=1.370609998703003, train_acc= 43.48%
INFO - 09/14/26 01:39:49 - 0:08:40 - Epoch 87: train_loss=1.3660951852798462, train_acc= 43.74%
INFO - 09/14/26 01:39:49 - 0:08:40 - Epoch 88: train_loss=1.3692190647125244, train_acc= 43.48%
INFO - 09/14/26 01:39:50 - 0:08:40 - Epoch 89: train_loss=1.366121768951416, train_acc= 42.87%
INFO - 09/14/26 01:39:50 - 0:08:41 - Epoch 90: train_loss=1.361401915550232, train_acc= 43.43%
INFO - 09/14/26 01:39:50 - 0:08:41 - Epoch 90: val_loss=1.5010942220687866, val_acc= 40.42%,val_weighted_f1= 30.40,val_macro_f1= 18.77%
EarlyStopping counter: 2 out of 15
INFO - 09/14/26 01:39:50 - 0:08:41 - Epoch 91: train_loss=1.3677709102630615, train_acc= 43.50%
INFO - 09/14/26 01:39:51 - 0:08:41 - Epoch 92: train_loss=1.3649815320968628, train_acc= 43.82%
INFO - 09/14/26 01:39:51 - 0:08:42 - Epoch 93: train_loss=1.363186001777649, train_acc= 43.24%
INFO - 09/14/26 01:39:51 - 0:08:42 - Epoch 94: train_loss=1.3588913679122925, train_acc= 43.43%
INFO - 09/14/26 01:39:51 - 0:08:42 - Epoch 95: train_loss=1.35546875, train_acc= 43.92%
INFO - 09/14/26 01:39:52 - 0:08:42 - Epoch 95: val_loss=1.5772504806518555, val_acc= 37.84%,val_weighted_f1= 24.70,val_macro_f1= 14.48%
EarlyStopping counter: 3 out of 15
INFO - 09/14/26 01:39:52 - 0:08:43 - Epoch 96: train_loss=1.3548707962036133, train_acc= 44.07%
INFO - 09/14/26 01:39:52 - 0:08:43 - Epoch 97: train_loss=1.3569416999816895, train_acc= 43.71%
INFO - 09/14/26 01:39:52 - 0:08:43 - Epoch 98: train_loss=1.3512617349624634, train_acc= 43.61%
INFO - 09/14/26 01:39:53 - 0:08:43 - Epoch 99: train_loss=1.3512226343154907, train_acc= 43.81%
INFO - 09/14/26 01:39:53 - 0:08:44 - Epoch 100: train_loss=1.3498657941818237, train_acc= 43.53%
INFO - 09/14/26 01:39:53 - 0:08:44 - Epoch 100: val_loss=1.483597755432129, val_acc= 40.93%,val_weighted_f1= 31.05,val_macro_f1= 19.38%
EarlyStopping counter: 4 out of 15
INFO - 09/14/26 01:39:53 - 0:08:44 - Epoch 101: train_loss=1.3456412553787231, train_acc= 43.55%
INFO - 09/14/26 01:39:53 - 0:08:44 - Epoch 102: train_loss=1.3415780067443848, train_acc= 44.24%
INFO - 09/14/26 01:39:54 - 0:08:45 - Epoch 103: train_loss=1.337243914604187, train_acc= 44.20%
INFO - 09/14/26 01:39:54 - 0:08:45 - Epoch 104: train_loss=1.3416506052017212, train_acc= 44.37%
INFO - 09/14/26 01:39:54 - 0:08:45 - Epoch 105: train_loss=1.3380177021026611, train_acc= 44.53%
INFO - 09/14/26 01:39:54 - 0:08:45 - Epoch 105: val_loss=1.623760461807251, val_acc= 38.66%,val_weighted_f1= 26.56,val_macro_f1= 15.86%
EarlyStopping counter: 5 out of 15
INFO - 09/14/26 01:39:55 - 0:08:45 - Epoch 106: train_loss=1.3388464450836182, train_acc= 44.24%
INFO - 09/14/26 01:39:55 - 0:08:46 - Epoch 107: train_loss=1.332923173904419, train_acc= 44.43%
INFO - 09/14/26 01:39:55 - 0:08:46 - Epoch 108: train_loss=1.3323768377304077, train_acc= 44.41%
INFO - 09/14/26 01:39:55 - 0:08:46 - Epoch 109: train_loss=1.3269529342651367, train_acc= 44.41%
INFO - 09/14/26 01:39:56 - 0:08:47 - Epoch 110: train_loss=1.3282268047332764, train_acc= 44.37%
INFO - 09/14/26 01:39:56 - 0:08:47 - Epoch 110: val_loss=1.6450812816619873, val_acc= 39.31%,val_weighted_f1= 28.45,val_macro_f1= 17.30%
EarlyStopping counter: 6 out of 15
INFO - 09/14/26 01:39:56 - 0:08:47 - Epoch 111: train_loss=1.3260565996170044, train_acc= 44.67%
INFO - 09/14/26 01:39:56 - 0:08:47 - Epoch 112: train_loss=1.3244699239730835, train_acc= 44.68%
INFO - 09/14/26 01:39:57 - 0:08:47 - Epoch 113: train_loss=1.3285905122756958, train_acc= 44.70%
INFO - 09/14/26 01:39:57 - 0:08:48 - Epoch 114: train_loss=1.3211894035339355, train_acc= 44.59%
INFO - 09/14/26 01:39:57 - 0:08:48 - Epoch 115: train_loss=1.3253604173660278, train_acc= 44.67%
INFO - 09/14/26 01:39:57 - 0:08:48 - Epoch 115: val_loss=1.8332370519638062, val_acc= 38.36%,val_weighted_f1= 25.94,val_macro_f1= 15.40%
EarlyStopping counter: 7 out of 15
INFO - 09/14/26 01:39:58 - 0:08:48 - Epoch 116: train_loss=1.3202073574066162, train_acc= 44.75%
INFO - 09/14/26 01:39:58 - 0:08:49 - Epoch 117: train_loss=1.318480372428894, train_acc= 45.09%
INFO - 09/14/26 01:39:58 - 0:08:49 - Epoch 118: train_loss=1.3179911375045776, train_acc= 44.62%
INFO - 09/14/26 01:39:58 - 0:08:49 - Epoch 119: train_loss=1.3141955137252808, train_acc= 44.74%
INFO - 09/14/26 01:39:59 - 0:08:50 - Epoch 120: train_loss=1.316554307937622, train_acc= 44.68%
INFO - 09/14/26 01:39:59 - 0:08:50 - Epoch 120: val_loss=1.6853137016296387, val_acc= 39.41%,val_weighted_f1= 28.54,val_macro_f1= 17.41%
EarlyStopping counter: 8 out of 15
INFO - 09/14/26 01:39:59 - 0:08:50 - Epoch 121: train_loss=1.315677523612976, train_acc= 44.65%
INFO - 09/14/26 01:39:59 - 0:08:50 - Epoch 122: train_loss=1.3124393224716187, train_acc= 45.12%
INFO - 09/14/26 01:40:00 - 0:08:50 - Epoch 123: train_loss=1.308577537536621, train_acc= 45.18%
INFO - 09/14/26 01:40:00 - 0:08:51 - Epoch 124: train_loss=1.31153404712677, train_acc= 44.96%
INFO - 09/14/26 01:40:00 - 0:08:51 - Epoch 125: train_loss=1.3083689212799072, train_acc= 45.02%
INFO - 09/14/26 01:40:00 - 0:08:51 - Epoch 125: val_loss=1.8228530883789062, val_acc= 38.13%,val_weighted_f1= 24.67,val_macro_f1= 14.43%
EarlyStopping counter: 9 out of 15
INFO - 09/14/26 01:40:01 - 0:08:51 - Epoch 126: train_loss=1.3112643957138062, train_acc= 44.68%
INFO - 09/14/26 01:40:01 - 0:08:52 - Epoch 127: train_loss=1.3062171936035156, train_acc= 44.99%
INFO - 09/14/26 01:40:01 - 0:08:52 - Epoch 128: train_loss=1.302223563194275, train_acc= 44.87%
INFO - 09/14/26 01:40:01 - 0:08:52 - Epoch 129: train_loss=1.3044263124465942, train_acc= 44.82%
INFO - 09/14/26 01:40:02 - 0:08:53 - Epoch 130: train_loss=1.3030322790145874, train_acc= 44.81%
INFO - 09/14/26 01:40:02 - 0:08:53 - Epoch 130: val_loss=1.9597707986831665, val_acc= 37.91%,val_weighted_f1= 24.03,val_macro_f1= 13.95%
EarlyStopping counter: 10 out of 15
INFO - 09/14/26 01:40:02 - 0:08:53 - Epoch 131: train_loss=1.3077499866485596, train_acc= 44.99%
INFO - 09/14/26 01:40:02 - 0:08:53 - Epoch 132: train_loss=1.2969485521316528, train_acc= 45.08%
INFO - 09/14/26 01:40:03 - 0:08:53 - Epoch 133: train_loss=1.3017082214355469, train_acc= 44.86%
INFO - 09/14/26 01:40:03 - 0:08:54 - Epoch 134: train_loss=1.2976924180984497, train_acc= 45.06%
INFO - 09/14/26 01:40:03 - 0:08:54 - Epoch 135: train_loss=1.2982861995697021, train_acc= 45.04%
INFO - 09/14/26 01:40:03 - 0:08:54 - Epoch 135: val_loss=1.786176323890686, val_acc= 38.02%,val_weighted_f1= 24.39,val_macro_f1= 14.22%
EarlyStopping counter: 11 out of 15
INFO - 09/14/26 01:40:04 - 0:08:54 - Epoch 136: train_loss=1.2981164455413818, train_acc= 45.01%
INFO - 09/14/26 01:40:04 - 0:08:55 - Epoch 137: train_loss=1.2928593158721924, train_acc= 45.29%
INFO - 09/14/26 01:40:04 - 0:08:55 - Epoch 138: train_loss=1.2933299541473389, train_acc= 45.24%
INFO - 09/14/26 01:40:04 - 0:08:55 - Epoch 139: train_loss=1.2906131744384766, train_acc= 45.00%
INFO - 09/14/26 01:40:05 - 0:08:55 - Epoch 140: train_loss=1.2942534685134888, train_acc= 44.91%
INFO - 09/14/26 01:40:05 - 0:08:56 - Epoch 140: val_loss=1.6584489345550537, val_acc= 39.78%,val_weighted_f1= 29.28,val_macro_f1= 17.91%
EarlyStopping counter: 12 out of 15
INFO - 09/14/26 01:40:05 - 0:08:56 - Epoch 141: train_loss=1.2900645732879639, train_acc= 45.32%
INFO - 09/14/26 01:40:05 - 0:08:56 - Epoch 142: train_loss=1.293794870376587, train_acc= 44.86%
INFO - 09/14/26 01:40:05 - 0:08:56 - Epoch 143: train_loss=1.2870488166809082, train_acc= 44.94%
INFO - 09/14/26 01:40:06 - 0:08:57 - Epoch 144: train_loss=1.2873916625976562, train_acc= 44.95%
INFO - 09/14/26 01:40:06 - 0:08:57 - Epoch 145: train_loss=1.2829214334487915, train_acc= 45.73%
INFO - 09/14/26 01:40:06 - 0:08:57 - Epoch 145: val_loss=1.6883891820907593, val_acc= 38.69%,val_weighted_f1= 26.72,val_macro_f1= 16.07%
EarlyStopping counter: 13 out of 15
INFO - 09/14/26 01:40:06 - 0:08:57 - Epoch 146: train_loss=1.2857824563980103, train_acc= 45.17%
INFO - 09/14/26 01:40:07 - 0:08:58 - Epoch 147: train_loss=1.2853505611419678, train_acc= 45.21%
INFO - 09/14/26 01:40:07 - 0:08:58 - Epoch 148: train_loss=1.2833986282348633, train_acc= 45.52%
INFO - 09/14/26 01:40:07 - 0:08:58 - Epoch 149: train_loss=1.2852076292037964, train_acc= 45.37%
INFO - 09/14/26 01:40:08 - 0:08:58 - Epoch 150: train_loss=1.2808092832565308, train_acc= 45.32%
INFO - 09/14/26 01:40:08 - 0:08:59 - Epoch 150: val_loss=1.8196606636047363, val_acc= 38.15%,val_weighted_f1= 24.88,val_macro_f1= 14.64%
EarlyStopping counter: 14 out of 15
INFO - 09/14/26 01:40:08 - 0:08:59 - Epoch 151: train_loss=1.279754638671875, train_acc= 45.23%
INFO - 09/14/26 01:40:08 - 0:08:59 - Epoch 152: train_loss=1.278771162033081, train_acc= 45.35%
INFO - 09/14/26 01:40:08 - 0:08:59 - Epoch 153: train_loss=1.2820932865142822, train_acc= 44.77%
INFO - 09/14/26 01:40:09 - 0:09:00 - Epoch 154: train_loss=1.2808208465576172, train_acc= 45.39%
INFO - 09/14/26 01:40:09 - 0:09:00 - Epoch 155: train_loss=1.2767527103424072, train_acc= 45.03%
INFO - 09/14/26 01:40:09 - 0:09:00 - Epoch 155: val_loss=1.77483332157135, val_acc= 39.07%,val_weighted_f1= 27.57,val_macro_f1= 16.62%
EarlyStopping counter: 15 out of 15
---------Early stopping--------
INFO - 09/14/26 01:40:09 - 0:09:00 - --------------Testing--------------------
INFO - 09/14/26 01:40:09 - 0:09:00 - --------------Loading from ./checkpoints/NC_Amazon-ratings_model.pt--------------------
INFO - 09/14/26 01:40:09 - 0:09:00 - test_acc= 41.86%, weighted_f1= 32.59,macro_f1= 20.47%
INFO - 09/14/26 01:40:09 - 0:09:00 - test_acc= 41.86%, weighted_f1= 32.59,macro_f1= 20.47%
INFO - 09/14/26 01:40:09 - 0:09:00 - Best ACCs: [40.99, 42.02, 42.14, 41.12, 41.35, 40.72, 41.83, 42.5, 41.66, 41.86]
                                     Evaluation Acc is  41.62% ±  0.53%
                                     
[repro] exit_code=0
[repro] runtime_seconds=545
[repro] finished_at=2026-09-14T01:40:10+08:00
