[repro] started_at=2026-09-12T16:40:23+08:00
[repro] run_id=20260912_164023_webkb_s0_s3_Texas_pid48064
[repro] repo_commit=114b585d0d0e32afbf1d7232dd04c013fa8453e2
[repro] tracked_patch_sha256=72952adeb096a5ca61e6e115a0a29e0e484ca577aba23f57b5c11dea083afee7
[repro] main_py_sha256=dc67561acc2c8d0860a4b53c2cdbd729ddaff59fd5b61d50dd1e3a513a6e06ac
[repro] dataset=Texas data_id=7 env=dtgb cuda_visible_devices=0
[repro] data_link=/tmp/Texas -> /home/lab_user/project/lzc/repro/sgpc/data/Texas
[repro] command=python main.py 7 --split 3 --seed 0
[repro] resource_cap_ratio=85 threads=17 CPUQuota=1700% MemoryMax=55139365888 cuda_fraction=0.85
[repro] python=3.10.20 torch=2.2.1+cu121 pyg=2.8.0.post1 torch_sparse=0.6.18+pt22cu121
[repro] cuda=True gpu=NVIDIA GeForce RTX 3090
[cap] cores=17/20 CPUQuota=1700% MemoryMax=55139365888 cuda_fraction=0.85 mps=85 gpu_gov=1
Running as unit: run-p48160-i1068.scope; invocation ID: 7aecfa9093084329b850c8781862fa70
[sgpc] config data_id=7 split=3 n_splits=10 seed=0 spec=dense max_epochs=2000 pacbayes_epoch=300
Epoch 0001 | Loss: 1.6445 | Val: 0.5254 | Test: 0.6216 | Best Test: 0.6216
Epoch 0002 | Loss: 1.3654 | Val: 0.5254 | Test: 0.6216 | Best Test: 0.6216
Epoch 0003 | Loss: 1.1393 | Val: 0.5254 | Test: 0.6216 | Best Test: 0.6216
Epoch 0004 | Loss: 1.0832 | Val: 0.5254 | Test: 0.6216 | Best Test: 0.6216
Epoch 0005 | Loss: 1.0966 | Val: 0.5254 | Test: 0.6216 | Best Test: 0.6216
Epoch 0006 | Loss: 1.0217 | Val: 0.5254 | Test: 0.6216 | Best Test: 0.6216
Epoch 0007 | Loss: 0.9654 | Val: 0.5254 | Test: 0.6216 | Best Test: 0.6216
Epoch 0008 | Loss: 0.8976 | Val: 0.5424 | Test: 0.6486 | Best Test: 0.6486
Epoch 0009 | Loss: 0.8984 | Val: 0.5424 | Test: 0.6486 | Best Test: 0.6486
Epoch 0010 | Loss: 0.8228 | Val: 0.5763 | Test: 0.7027 | Best Test: 0.7027
Epoch 0011 | Loss: 0.7838 | Val: 0.6949 | Test: 0.7027 | Best Test: 0.7027
Epoch 0012 | Loss: 0.7138 | Val: 0.7288 | Test: 0.7027 | Best Test: 0.7027
Epoch 0013 | Loss: 0.6735 | Val: 0.7458 | Test: 0.7297 | Best Test: 0.7297
Epoch 0014 | Loss: 0.6250 | Val: 0.7458 | Test: 0.7838 | Best Test: 0.7838
Epoch 0015 | Loss: 0.5468 | Val: 0.7627 | Test: 0.7838 | Best Test: 0.7838
Epoch 0016 | Loss: 0.5112 | Val: 0.7797 | Test: 0.7838 | Best Test: 0.7838
Epoch 0017 | Loss: 0.4839 | Val: 0.8136 | Test: 0.7838 | Best Test: 0.7838
Epoch 0018 | Loss: 0.3848 | Val: 0.8136 | Test: 0.7838 | Best Test: 0.7838
Epoch 0019 | Loss: 0.3795 | Val: 0.8136 | Test: 0.7838 | Best Test: 0.7838
Epoch 0020 | Loss: 0.3706 | Val: 0.8136 | Test: 0.7838 | Best Test: 0.7838
Epoch 0021 | Loss: 0.3141 | Val: 0.8136 | Test: 0.8108 | Best Test: 0.8108
Epoch 0022 | Loss: 0.3234 | Val: 0.8305 | Test: 0.8108 | Best Test: 0.8108
Epoch 0023 | Loss: 0.2550 | Val: 0.8305 | Test: 0.8108 | Best Test: 0.8108
Epoch 0024 | Loss: 0.2208 | Val: 0.8305 | Test: 0.8378 | Best Test: 0.8378
Epoch 0025 | Loss: 0.2463 | Val: 0.8305 | Test: 0.8108 | Best Test: 0.8378
Epoch 0026 | Loss: 0.2062 | Val: 0.8305 | Test: 0.8649 | Best Test: 0.8649
Epoch 0027 | Loss: 0.1711 | Val: 0.8305 | Test: 0.8649 | Best Test: 0.8649
Epoch 0028 | Loss: 0.1414 | Val: 0.8305 | Test: 0.8649 | Best Test: 0.8649
Epoch 0029 | Loss: 0.1525 | Val: 0.8305 | Test: 0.8649 | Best Test: 0.8649
Epoch 0030 | Loss: 0.1572 | Val: 0.8305 | Test: 0.8649 | Best Test: 0.8649
Epoch 0031 | Loss: 0.1236 | Val: 0.8305 | Test: 0.8649 | Best Test: 0.8649
Epoch 0050 | Loss: 0.0243 | Val: 0.8136 | Test: 0.8108 | Best Test: 0.8649
Epoch 0070 | Loss: 0.0172 | Val: 0.8305 | Test: 0.8378 | Best Test: 0.8649
Epoch 0071 | Loss: 0.0127 | Val: 0.8305 | Test: 0.8649 | Best Test: 0.8649
Epoch 0072 | Loss: 0.0121 | Val: 0.8305 | Test: 0.8649 | Best Test: 0.8649
Epoch 0073 | Loss: 0.0175 | Val: 0.8305 | Test: 0.8649 | Best Test: 0.8649
Epoch 0074 | Loss: 0.0278 | Val: 0.8305 | Test: 0.8649 | Best Test: 0.8649
Epoch 0075 | Loss: 0.0178 | Val: 0.8305 | Test: 0.8649 | Best Test: 0.8649
Epoch 0076 | Loss: 0.0138 | Val: 0.8305 | Test: 0.8649 | Best Test: 0.8649
Epoch 0077 | Loss: 0.0103 | Val: 0.8305 | Test: 0.8649 | Best Test: 0.8649
Epoch 0078 | Loss: 0.0248 | Val: 0.8305 | Test: 0.8649 | Best Test: 0.8649
Epoch 0100 | Loss: 0.0084 | Val: 0.8136 | Test: 0.8378 | Best Test: 0.8649
Epoch 0116 | Loss: 0.0095 | Val: 0.8305 | Test: 0.8649 | Best Test: 0.8649
Epoch 0117 | Loss: 0.0080 | Val: 0.8305 | Test: 0.8649 | Best Test: 0.8649
Epoch 0118 | Loss: 0.0102 | Val: 0.8305 | Test: 0.8649 | Best Test: 0.8649
Epoch 0119 | Loss: 0.0110 | Val: 0.8305 | Test: 0.8649 | Best Test: 0.8649
Epoch 0120 | Loss: 0.0108 | Val: 0.8305 | Test: 0.8649 | Best Test: 0.8649
Epoch 0121 | Loss: 0.0074 | Val: 0.8305 | Test: 0.8649 | Best Test: 0.8649
Epoch 0122 | Loss: 0.0064 | Val: 0.8305 | Test: 0.8649 | Best Test: 0.8649
Epoch 0123 | Loss: 0.0069 | Val: 0.8305 | Test: 0.8649 | Best Test: 0.8649
Epoch 0124 | Loss: 0.0111 | Val: 0.8305 | Test: 0.8649 | Best Test: 0.8649
Epoch 0125 | Loss: 0.0078 | Val: 0.8305 | Test: 0.8649 | Best Test: 0.8649
Epoch 0126 | Loss: 0.0074 | Val: 0.8305 | Test: 0.8649 | Best Test: 0.8649
Epoch 0127 | Loss: 0.0064 | Val: 0.8305 | Test: 0.8649 | Best Test: 0.8649
Epoch 0128 | Loss: 0.0077 | Val: 0.8305 | Test: 0.8649 | Best Test: 0.8649
Epoch 0129 | Loss: 0.0077 | Val: 0.8305 | Test: 0.8649 | Best Test: 0.8649
Epoch 0130 | Loss: 0.0102 | Val: 0.8305 | Test: 0.8649 | Best Test: 0.8649
Epoch 0131 | Loss: 0.0164 | Val: 0.8305 | Test: 0.8649 | Best Test: 0.8649
Epoch 0132 | Loss: 0.0077 | Val: 0.8305 | Test: 0.8649 | Best Test: 0.8649
Epoch 0133 | Loss: 0.0103 | Val: 0.8305 | Test: 0.8649 | Best Test: 0.8649
Epoch 0134 | Loss: 0.0073 | Val: 0.8305 | Test: 0.8649 | Best Test: 0.8649
Epoch 0135 | Loss: 0.0132 | Val: 0.8305 | Test: 0.8649 | Best Test: 0.8649
Epoch 0136 | Loss: 0.0074 | Val: 0.8305 | Test: 0.8649 | Best Test: 0.8649
Epoch 0137 | Loss: 0.0060 | Val: 0.8305 | Test: 0.8649 | Best Test: 0.8649
Epoch 0138 | Loss: 0.0050 | Val: 0.8305 | Test: 0.8649 | Best Test: 0.8649
Epoch 0139 | Loss: 0.0114 | Val: 0.8305 | Test: 0.8649 | Best Test: 0.8649
Epoch 0140 | Loss: 0.0057 | Val: 0.8305 | Test: 0.8649 | Best Test: 0.8649
Epoch 0141 | Loss: 0.0074 | Val: 0.8305 | Test: 0.8649 | Best Test: 0.8649
Epoch 0142 | Loss: 0.0076 | Val: 0.8305 | Test: 0.8649 | Best Test: 0.8649
Epoch 0150 | Loss: 0.0085 | Val: 0.8136 | Test: 0.8649 | Best Test: 0.8649
Epoch 0165 | Loss: 0.0080 | Val: 0.8305 | Test: 0.8649 | Best Test: 0.8649
Epoch 0166 | Loss: 0.0097 | Val: 0.8305 | Test: 0.8649 | Best Test: 0.8649
Epoch 0167 | Loss: 0.0081 | Val: 0.8305 | Test: 0.8649 | Best Test: 0.8649
Epoch 0168 | Loss: 0.0091 | Val: 0.8305 | Test: 0.8649 | Best Test: 0.8649
Epoch 0169 | Loss: 0.0042 | Val: 0.8305 | Test: 0.8649 | Best Test: 0.8649
Epoch 0170 | Loss: 0.0053 | Val: 0.8305 | Test: 0.8649 | Best Test: 0.8649
Epoch 0171 | Loss: 0.0062 | Val: 0.8305 | Test: 0.8378 | Best Test: 0.8649
Epoch 0172 | Loss: 0.0078 | Val: 0.8305 | Test: 0.8378 | Best Test: 0.8649
Epoch 0173 | Loss: 0.0152 | Val: 0.8305 | Test: 0.8378 | Best Test: 0.8649
Epoch 0174 | Loss: 0.0095 | Val: 0.8305 | Test: 0.8649 | Best Test: 0.8649
Epoch 0175 | Loss: 0.0072 | Val: 0.8305 | Test: 0.8649 | Best Test: 0.8649
Epoch 0176 | Loss: 0.0102 | Val: 0.8305 | Test: 0.8649 | Best Test: 0.8649
Epoch 0177 | Loss: 0.0049 | Val: 0.8305 | Test: 0.8649 | Best Test: 0.8649
Epoch 0178 | Loss: 0.0074 | Val: 0.8305 | Test: 0.8649 | Best Test: 0.8649
Epoch 0179 | Loss: 0.0073 | Val: 0.8305 | Test: 0.8649 | Best Test: 0.8649
Epoch 0180 | Loss: 0.0053 | Val: 0.8305 | Test: 0.8649 | Best Test: 0.8649
Epoch 0181 | Loss: 0.0054 | Val: 0.8305 | Test: 0.8649 | Best Test: 0.8649
Epoch 0182 | Loss: 0.0078 | Val: 0.8305 | Test: 0.8649 | Best Test: 0.8649
Epoch 0183 | Loss: 0.0059 | Val: 0.8305 | Test: 0.8649 | Best Test: 0.8649
Epoch 0184 | Loss: 0.0073 | Val: 0.8305 | Test: 0.8649 | Best Test: 0.8649
Epoch 0185 | Loss: 0.0113 | Val: 0.8305 | Test: 0.8649 | Best Test: 0.8649
Epoch 0186 | Loss: 0.0075 | Val: 0.8305 | Test: 0.8649 | Best Test: 0.8649
Epoch 0187 | Loss: 0.0035 | Val: 0.8305 | Test: 0.8649 | Best Test: 0.8649
Epoch 0188 | Loss: 0.0092 | Val: 0.8305 | Test: 0.8649 | Best Test: 0.8649
Epoch 0189 | Loss: 0.0175 | Val: 0.8305 | Test: 0.8649 | Best Test: 0.8649
Epoch 0190 | Loss: 0.0061 | Val: 0.8305 | Test: 0.8649 | Best Test: 0.8649
Epoch 0191 | Loss: 0.0092 | Val: 0.8305 | Test: 0.8649 | Best Test: 0.8649
Epoch 0192 | Loss: 0.0073 | Val: 0.8305 | Test: 0.8649 | Best Test: 0.8649
Epoch 0193 | Loss: 0.0070 | Val: 0.8305 | Test: 0.8649 | Best Test: 0.8649
Epoch 0194 | Loss: 0.0075 | Val: 0.8305 | Test: 0.8649 | Best Test: 0.8649
Epoch 0195 | Loss: 0.0037 | Val: 0.8305 | Test: 0.8649 | Best Test: 0.8649
Epoch 0196 | Loss: 0.0127 | Val: 0.8305 | Test: 0.8649 | Best Test: 0.8649
Epoch 0197 | Loss: 0.0042 | Val: 0.8305 | Test: 0.8649 | Best Test: 0.8649
Epoch 0198 | Loss: 0.0041 | Val: 0.8305 | Test: 0.8649 | Best Test: 0.8649
Epoch 0199 | Loss: 0.0089 | Val: 0.8305 | Test: 0.8649 | Best Test: 0.8649
Epoch 0200 | Loss: 0.0048 | Val: 0.8305 | Test: 0.8649 | Best Test: 0.8649
Epoch 0201 | Loss: 0.0054 | Val: 0.8305 | Test: 0.8649 | Best Test: 0.8649
Epoch 0202 | Loss: 0.0085 | Val: 0.8305 | Test: 0.8649 | Best Test: 0.8649
Epoch 0212 | Loss: 0.0102 | Val: 0.8305 | Test: 0.8378 | Best Test: 0.8649
Epoch 0213 | Loss: 0.0039 | Val: 0.8305 | Test: 0.8378 | Best Test: 0.8649
Epoch 0214 | Loss: 0.0052 | Val: 0.8305 | Test: 0.8378 | Best Test: 0.8649
Epoch 0215 | Loss: 0.0058 | Val: 0.8305 | Test: 0.8378 | Best Test: 0.8649
Epoch 0216 | Loss: 0.0044 | Val: 0.8305 | Test: 0.8378 | Best Test: 0.8649
Epoch 0217 | Loss: 0.0073 | Val: 0.8305 | Test: 0.8378 | Best Test: 0.8649
Epoch 0218 | Loss: 0.0073 | Val: 0.8305 | Test: 0.8378 | Best Test: 0.8649
Epoch 0219 | Loss: 0.0032 | Val: 0.8305 | Test: 0.8378 | Best Test: 0.8649
Epoch 0220 | Loss: 0.0096 | Val: 0.8305 | Test: 0.8378 | Best Test: 0.8649
Epoch 0221 | Loss: 0.0049 | Val: 0.8305 | Test: 0.8378 | Best Test: 0.8649
Epoch 0222 | Loss: 0.0049 | Val: 0.8305 | Test: 0.8378 | Best Test: 0.8649
Epoch 0223 | Loss: 0.0064 | Val: 0.8305 | Test: 0.8378 | Best Test: 0.8649
Epoch 0224 | Loss: 0.0076 | Val: 0.8305 | Test: 0.8378 | Best Test: 0.8649
Epoch 0225 | Loss: 0.0064 | Val: 0.8305 | Test: 0.8378 | Best Test: 0.8649
Epoch 0226 | Loss: 0.0047 | Val: 0.8305 | Test: 0.8378 | Best Test: 0.8649
Epoch 0227 | Loss: 0.0057 | Val: 0.8305 | Test: 0.8378 | Best Test: 0.8649
Epoch 0228 | Loss: 0.0041 | Val: 0.8305 | Test: 0.8378 | Best Test: 0.8649
Epoch 0229 | Loss: 0.0088 | Val: 0.8305 | Test: 0.8378 | Best Test: 0.8649
Epoch 0230 | Loss: 0.0045 | Val: 0.8305 | Test: 0.8378 | Best Test: 0.8649
Epoch 0231 | Loss: 0.0041 | Val: 0.8305 | Test: 0.8378 | Best Test: 0.8649
Epoch 0232 | Loss: 0.0193 | Val: 0.8305 | Test: 0.8378 | Best Test: 0.8649
Epoch 0233 | Loss: 0.0061 | Val: 0.8305 | Test: 0.8378 | Best Test: 0.8649
Epoch 0234 | Loss: 0.0057 | Val: 0.8305 | Test: 0.8378 | Best Test: 0.8649
Epoch 0235 | Loss: 0.0055 | Val: 0.8305 | Test: 0.8378 | Best Test: 0.8649
Epoch 0236 | Loss: 0.0091 | Val: 0.8305 | Test: 0.8378 | Best Test: 0.8649
Epoch 0237 | Loss: 0.0074 | Val: 0.8305 | Test: 0.8378 | Best Test: 0.8649
Epoch 0238 | Loss: 0.0167 | Val: 0.8305 | Test: 0.8378 | Best Test: 0.8649
Epoch 0239 | Loss: 0.0068 | Val: 0.8305 | Test: 0.8378 | Best Test: 0.8649
Epoch 0240 | Loss: 0.0071 | Val: 0.8305 | Test: 0.8378 | Best Test: 0.8649
Epoch 0241 | Loss: 0.0042 | Val: 0.8305 | Test: 0.8378 | Best Test: 0.8649
Epoch 0242 | Loss: 0.0094 | Val: 0.8305 | Test: 0.8378 | Best Test: 0.8649
Epoch 0243 | Loss: 0.0069 | Val: 0.8305 | Test: 0.8378 | Best Test: 0.8649
Epoch 0244 | Loss: 0.0026 | Val: 0.8305 | Test: 0.8378 | Best Test: 0.8649
Epoch 0245 | Loss: 0.0027 | Val: 0.8305 | Test: 0.8378 | Best Test: 0.8649
Epoch 0246 | Loss: 0.0043 | Val: 0.8305 | Test: 0.8378 | Best Test: 0.8649
Epoch 0247 | Loss: 0.0050 | Val: 0.8305 | Test: 0.8378 | Best Test: 0.8649
Epoch 0248 | Loss: 0.0069 | Val: 0.8305 | Test: 0.8378 | Best Test: 0.8649
Epoch 0249 | Loss: 0.0061 | Val: 0.8305 | Test: 0.8378 | Best Test: 0.8649
Epoch 0250 | Loss: 0.0038 | Val: 0.8305 | Test: 0.8378 | Best Test: 0.8649
Epoch 0251 | Loss: 0.0077 | Val: 0.8305 | Test: 0.8378 | Best Test: 0.8649
Epoch 0252 | Loss: 0.0042 | Val: 0.8305 | Test: 0.8378 | Best Test: 0.8649
Epoch 0253 | Loss: 0.0050 | Val: 0.8305 | Test: 0.8378 | Best Test: 0.8649
Epoch 0254 | Loss: 0.0065 | Val: 0.8305 | Test: 0.8378 | Best Test: 0.8649
Epoch 0255 | Loss: 0.0061 | Val: 0.8305 | Test: 0.8378 | Best Test: 0.8649
Epoch 0256 | Loss: 0.0137 | Val: 0.8305 | Test: 0.8378 | Best Test: 0.8649
Epoch 0257 | Loss: 0.0066 | Val: 0.8305 | Test: 0.8378 | Best Test: 0.8649
Epoch 0258 | Loss: 0.0065 | Val: 0.8305 | Test: 0.8378 | Best Test: 0.8649
Epoch 0259 | Loss: 0.0088 | Val: 0.8305 | Test: 0.8378 | Best Test: 0.8649
Epoch 0260 | Loss: 0.0068 | Val: 0.8305 | Test: 0.8378 | Best Test: 0.8649
Epoch 0261 | Loss: 0.0071 | Val: 0.8305 | Test: 0.8378 | Best Test: 0.8649
Epoch 0262 | Loss: 0.0032 | Val: 0.8305 | Test: 0.8378 | Best Test: 0.8649
Epoch 0263 | Loss: 0.0079 | Val: 0.8305 | Test: 0.8378 | Best Test: 0.8649
Epoch 0264 | Loss: 0.0044 | Val: 0.8305 | Test: 0.8378 | Best Test: 0.8649
Epoch 0265 | Loss: 0.0047 | Val: 0.8305 | Test: 0.8378 | Best Test: 0.8649
Epoch 0266 | Loss: 0.0039 | Val: 0.8305 | Test: 0.8378 | Best Test: 0.8649
Epoch 0267 | Loss: 0.0068 | Val: 0.8305 | Test: 0.8378 | Best Test: 0.8649
Epoch 0268 | Loss: 0.0108 | Val: 0.8305 | Test: 0.8378 | Best Test: 0.8649
Epoch 0269 | Loss: 0.0080 | Val: 0.8305 | Test: 0.8378 | Best Test: 0.8649
Epoch 0270 | Loss: 0.0057 | Val: 0.8305 | Test: 0.8378 | Best Test: 0.8649
Epoch 0271 | Loss: 0.0045 | Val: 0.8305 | Test: 0.8378 | Best Test: 0.8649
Epoch 0272 | Loss: 0.0063 | Val: 0.8305 | Test: 0.8378 | Best Test: 0.8649
Epoch 0273 | Loss: 0.0034 | Val: 0.8305 | Test: 0.8378 | Best Test: 0.8649
Epoch 0274 | Loss: 0.0062 | Val: 0.8305 | Test: 0.8378 | Best Test: 0.8649
Epoch 0275 | Loss: 0.0053 | Val: 0.8305 | Test: 0.8378 | Best Test: 0.8649
Epoch 0276 | Loss: 0.0149 | Val: 0.8305 | Test: 0.8378 | Best Test: 0.8649
Epoch 0277 | Loss: 0.0067 | Val: 0.8305 | Test: 0.8378 | Best Test: 0.8649
Epoch 0278 | Loss: 0.0031 | Val: 0.8305 | Test: 0.8378 | Best Test: 0.8649
Epoch 0279 | Loss: 0.0036 | Val: 0.8305 | Test: 0.8378 | Best Test: 0.8649
Epoch 0280 | Loss: 0.0055 | Val: 0.8305 | Test: 0.8378 | Best Test: 0.8649
Epoch 0281 | Loss: 0.0074 | Val: 0.8305 | Test: 0.8378 | Best Test: 0.8649
Epoch 0282 | Loss: 0.0052 | Val: 0.8305 | Test: 0.8378 | Best Test: 0.8649
Epoch 0283 | Loss: 0.0041 | Val: 0.8305 | Test: 0.8378 | Best Test: 0.8649
Epoch 0284 | Loss: 0.0055 | Val: 0.8305 | Test: 0.8378 | Best Test: 0.8649
Epoch 0285 | Loss: 0.0048 | Val: 0.8305 | Test: 0.8378 | Best Test: 0.8649
Epoch 0286 | Loss: 0.0064 | Val: 0.8305 | Test: 0.8378 | Best Test: 0.8649
Epoch 0287 | Loss: 0.0080 | Val: 0.8305 | Test: 0.8378 | Best Test: 0.8649
Epoch 0288 | Loss: 0.0057 | Val: 0.8305 | Test: 0.8378 | Best Test: 0.8649
Epoch 0289 | Loss: 0.0050 | Val: 0.8305 | Test: 0.8378 | Best Test: 0.8649
Epoch 0290 | Loss: 0.0059 | Val: 0.8305 | Test: 0.8378 | Best Test: 0.8649
Epoch 0291 | Loss: 0.0063 | Val: 0.8305 | Test: 0.8378 | Best Test: 0.8649
Epoch 0292 | Loss: 0.0083 | Val: 0.8305 | Test: 0.8378 | Best Test: 0.8649
Epoch 0293 | Loss: 0.0038 | Val: 0.8305 | Test: 0.8378 | Best Test: 0.8649
Epoch 0294 | Loss: 0.0032 | Val: 0.8305 | Test: 0.8378 | Best Test: 0.8649
Epoch 0295 | Loss: 0.0057 | Val: 0.8305 | Test: 0.8378 | Best Test: 0.8649
Epoch 0296 | Loss: 0.0051 | Val: 0.8305 | Test: 0.8378 | Best Test: 0.8649
Epoch 0297 | Loss: 0.0058 | Val: 0.8305 | Test: 0.8378 | Best Test: 0.8649
Epoch 0298 | Loss: 0.0095 | Val: 0.8305 | Test: 0.8378 | Best Test: 0.8649
Epoch 0299 | Loss: 0.0056 | Val: 0.8305 | Test: 0.8378 | Best Test: 0.8649
Epoch 0300 | Loss: 0.0066 | Val: 0.8305 | Test: 0.8378 | Best Test: 0.8649
Epoch 0301 | Loss: 0.0207 | Val: 0.8305 | Test: 0.8378 | Best Test: 0.8649
Epoch 0302 | Loss: 0.0187 | Val: 0.8305 | Test: 0.8378 | Best Test: 0.8649
Epoch 0303 | Loss: 0.0221 | Val: 0.8305 | Test: 0.8378 | Best Test: 0.8649
Epoch 0304 | Loss: 0.0220 | Val: 0.8305 | Test: 0.8378 | Best Test: 0.8649
Epoch 0305 | Loss: 0.0202 | Val: 0.8305 | Test: 0.8378 | Best Test: 0.8649
Epoch 0306 | Loss: 0.0244 | Val: 0.8305 | Test: 0.8378 | Best Test: 0.8649
Epoch 0307 | Loss: 0.0191 | Val: 0.8305 | Test: 0.8378 | Best Test: 0.8649
Epoch 0308 | Loss: 0.0195 | Val: 0.8305 | Test: 0.8378 | Best Test: 0.8649
Epoch 0309 | Loss: 0.0207 | Val: 0.8305 | Test: 0.8378 | Best Test: 0.8649
Epoch 0310 | Loss: 0.0178 | Val: 0.8305 | Test: 0.8378 | Best Test: 0.8649
Epoch 0311 | Loss: 0.0204 | Val: 0.8305 | Test: 0.8378 | Best Test: 0.8649
Epoch 0312 | Loss: 0.0220 | Val: 0.8305 | Test: 0.8378 | Best Test: 0.8649
Epoch 0313 | Loss: 0.0201 | Val: 0.8305 | Test: 0.8378 | Best Test: 0.8649
Epoch 0314 | Loss: 0.0197 | Val: 0.8305 | Test: 0.8378 | Best Test: 0.8649
Epoch 0315 | Loss: 0.0188 | Val: 0.8305 | Test: 0.8378 | Best Test: 0.8649
Epoch 0316 | Loss: 0.0199 | Val: 0.8305 | Test: 0.8378 | Best Test: 0.8649
Epoch 0317 | Loss: 0.0218 | Val: 0.8305 | Test: 0.8378 | Best Test: 0.8649
Epoch 0318 | Loss: 0.0178 | Val: 0.8305 | Test: 0.8378 | Best Test: 0.8649
Epoch 0319 | Loss: 0.0192 | Val: 0.8305 | Test: 0.8378 | Best Test: 0.8649
Epoch 0320 | Loss: 0.0217 | Val: 0.8305 | Test: 0.8378 | Best Test: 0.8649
Epoch 0321 | Loss: 0.0206 | Val: 0.8305 | Test: 0.8378 | Best Test: 0.8649
Epoch 0322 | Loss: 0.0215 | Val: 0.8305 | Test: 0.8378 | Best Test: 0.8649
Epoch 0323 | Loss: 0.0205 | Val: 0.8305 | Test: 0.8378 | Best Test: 0.8649
Epoch 0324 | Loss: 0.0188 | Val: 0.8305 | Test: 0.8378 | Best Test: 0.8649
Epoch 0325 | Loss: 0.0209 | Val: 0.8305 | Test: 0.8378 | Best Test: 0.8649
Epoch 0326 | Loss: 0.0181 | Val: 0.8305 | Test: 0.8378 | Best Test: 0.8649
Epoch 0327 | Loss: 0.0197 | Val: 0.8305 | Test: 0.8378 | Best Test: 0.8649
Epoch 0328 | Loss: 0.0189 | Val: 0.8305 | Test: 0.8378 | Best Test: 0.8649
Epoch 0329 | Loss: 0.0202 | Val: 0.8305 | Test: 0.8378 | Best Test: 0.8649
Epoch 0330 | Loss: 0.0206 | Val: 0.8305 | Test: 0.8378 | Best Test: 0.8649
Epoch 0331 | Loss: 0.0216 | Val: 0.8305 | Test: 0.8378 | Best Test: 0.8649
Epoch 0332 | Loss: 0.0197 | Val: 0.8305 | Test: 0.8378 | Best Test: 0.8649
Epoch 0333 | Loss: 0.0245 | Val: 0.8305 | Test: 0.8378 | Best Test: 0.8649
Epoch 0334 | Loss: 0.0221 | Val: 0.8305 | Test: 0.8378 | Best Test: 0.8649
Epoch 0335 | Loss: 0.0212 | Val: 0.8305 | Test: 0.8378 | Best Test: 0.8649
Epoch 0336 | Loss: 0.0195 | Val: 0.8305 | Test: 0.8378 | Best Test: 0.8649
Epoch 0337 | Loss: 0.0207 | Val: 0.8305 | Test: 0.8378 | Best Test: 0.8649
Epoch 0338 | Loss: 0.0186 | Val: 0.8305 | Test: 0.8378 | Best Test: 0.8649
Epoch 0339 | Loss: 0.0195 | Val: 0.8305 | Test: 0.8378 | Best Test: 0.8649
Epoch 0340 | Loss: 0.0209 | Val: 0.8305 | Test: 0.8378 | Best Test: 0.8649
Epoch 0341 | Loss: 0.0247 | Val: 0.8305 | Test: 0.8378 | Best Test: 0.8649
Epoch 0342 | Loss: 0.0204 | Val: 0.8305 | Test: 0.8378 | Best Test: 0.8649
Epoch 0343 | Loss: 0.0205 | Val: 0.8305 | Test: 0.8378 | Best Test: 0.8649
Epoch 0344 | Loss: 0.0227 | Val: 0.8305 | Test: 0.8378 | Best Test: 0.8649
Epoch 0345 | Loss: 0.0276 | Val: 0.8305 | Test: 0.8378 | Best Test: 0.8649
Epoch 0346 | Loss: 0.0205 | Val: 0.8305 | Test: 0.8378 | Best Test: 0.8649
Epoch 0347 | Loss: 0.0187 | Val: 0.8305 | Test: 0.8378 | Best Test: 0.8649
Epoch 0348 | Loss: 0.0248 | Val: 0.8305 | Test: 0.8378 | Best Test: 0.8649
Epoch 0349 | Loss: 0.0271 | Val: 0.8305 | Test: 0.8378 | Best Test: 0.8649
Epoch 0350 | Loss: 0.0270 | Val: 0.8305 | Test: 0.8649 | Best Test: 0.8649
Epoch 0351 | Loss: 0.0191 | Val: 0.8305 | Test: 0.8649 | Best Test: 0.8649
Epoch 0352 | Loss: 0.0214 | Val: 0.8305 | Test: 0.8649 | Best Test: 0.8649
Epoch 0353 | Loss: 0.0225 | Val: 0.8305 | Test: 0.8649 | Best Test: 0.8649
Epoch 0354 | Loss: 0.0211 | Val: 0.8305 | Test: 0.8649 | Best Test: 0.8649
Epoch 0355 | Loss: 0.0206 | Val: 0.8305 | Test: 0.8649 | Best Test: 0.8649
Epoch 0356 | Loss: 0.0208 | Val: 0.8305 | Test: 0.8649 | Best Test: 0.8649
Epoch 0357 | Loss: 0.0227 | Val: 0.8305 | Test: 0.8649 | Best Test: 0.8649
Epoch 0358 | Loss: 0.0209 | Val: 0.8305 | Test: 0.8649 | Best Test: 0.8649
Epoch 0359 | Loss: 0.0305 | Val: 0.8305 | Test: 0.8649 | Best Test: 0.8649
Epoch 0360 | Loss: 0.0206 | Val: 0.8305 | Test: 0.8649 | Best Test: 0.8649
Epoch 0361 | Loss: 0.0210 | Val: 0.8305 | Test: 0.8649 | Best Test: 0.8649
Epoch 0362 | Loss: 0.0195 | Val: 0.8305 | Test: 0.8649 | Best Test: 0.8649
Epoch 0363 | Loss: 0.0220 | Val: 0.8305 | Test: 0.8649 | Best Test: 0.8649
Epoch 0364 | Loss: 0.0187 | Val: 0.8305 | Test: 0.8649 | Best Test: 0.8649
Epoch 0365 | Loss: 0.0220 | Val: 0.8305 | Test: 0.8649 | Best Test: 0.8649
Epoch 0366 | Loss: 0.0240 | Val: 0.8305 | Test: 0.8649 | Best Test: 0.8649
Epoch 0367 | Loss: 0.0200 | Val: 0.8305 | Test: 0.8649 | Best Test: 0.8649
Epoch 0368 | Loss: 0.0200 | Val: 0.8305 | Test: 0.8649 | Best Test: 0.8649
Epoch 0369 | Loss: 0.0246 | Val: 0.8305 | Test: 0.8649 | Best Test: 0.8649
Epoch 0370 | Loss: 0.0207 | Val: 0.8305 | Test: 0.8649 | Best Test: 0.8649
Epoch 0371 | Loss: 0.0203 | Val: 0.8305 | Test: 0.8649 | Best Test: 0.8649
Epoch 0372 | Loss: 0.0207 | Val: 0.8305 | Test: 0.8649 | Best Test: 0.8649
Epoch 0373 | Loss: 0.0218 | Val: 0.8305 | Test: 0.8649 | Best Test: 0.8649
Epoch 0374 | Loss: 0.0204 | Val: 0.8305 | Test: 0.8649 | Best Test: 0.8649
Epoch 0375 | Loss: 0.0190 | Val: 0.8305 | Test: 0.8649 | Best Test: 0.8649
Epoch 0376 | Loss: 0.0265 | Val: 0.8305 | Test: 0.8649 | Best Test: 0.8649
Epoch 0377 | Loss: 0.0252 | Val: 0.8305 | Test: 0.8649 | Best Test: 0.8649
Epoch 0378 | Loss: 0.0209 | Val: 0.8305 | Test: 0.8649 | Best Test: 0.8649
Epoch 0379 | Loss: 0.0185 | Val: 0.8305 | Test: 0.8649 | Best Test: 0.8649
Epoch 0380 | Loss: 0.0203 | Val: 0.8305 | Test: 0.8649 | Best Test: 0.8649
Epoch 0381 | Loss: 0.0225 | Val: 0.8305 | Test: 0.8649 | Best Test: 0.8649
Epoch 0382 | Loss: 0.0269 | Val: 0.8305 | Test: 0.8649 | Best Test: 0.8649
Epoch 0383 | Loss: 0.0235 | Val: 0.8305 | Test: 0.8649 | Best Test: 0.8649
Epoch 0384 | Loss: 0.0193 | Val: 0.8305 | Test: 0.8649 | Best Test: 0.8649
Epoch 0385 | Loss: 0.0203 | Val: 0.8305 | Test: 0.8649 | Best Test: 0.8649
Epoch 0386 | Loss: 0.0194 | Val: 0.8305 | Test: 0.8649 | Best Test: 0.8649
Epoch 0387 | Loss: 0.0259 | Val: 0.8305 | Test: 0.8649 | Best Test: 0.8649
Epoch 0388 | Loss: 0.0232 | Val: 0.8305 | Test: 0.8649 | Best Test: 0.8649
Epoch 0389 | Loss: 0.0247 | Val: 0.8305 | Test: 0.8649 | Best Test: 0.8649
Epoch 0390 | Loss: 0.0233 | Val: 0.8305 | Test: 0.8649 | Best Test: 0.8649
Epoch 0391 | Loss: 0.0206 | Val: 0.8305 | Test: 0.8649 | Best Test: 0.8649
Epoch 0392 | Loss: 0.0215 | Val: 0.8305 | Test: 0.8649 | Best Test: 0.8649
Epoch 0393 | Loss: 0.0214 | Val: 0.8305 | Test: 0.8649 | Best Test: 0.8649
Epoch 0394 | Loss: 0.0190 | Val: 0.8305 | Test: 0.8649 | Best Test: 0.8649
Epoch 0395 | Loss: 0.0225 | Val: 0.8305 | Test: 0.8649 | Best Test: 0.8649
Epoch 0396 | Loss: 0.0195 | Val: 0.8305 | Test: 0.8649 | Best Test: 0.8649
Epoch 0397 | Loss: 0.0249 | Val: 0.8305 | Test: 0.8649 | Best Test: 0.8649
Epoch 0398 | Loss: 0.0195 | Val: 0.8305 | Test: 0.8649 | Best Test: 0.8649
Epoch 0399 | Loss: 0.0203 | Val: 0.8305 | Test: 0.8649 | Best Test: 0.8649
Epoch 0400 | Loss: 0.0238 | Val: 0.8305 | Test: 0.8649 | Best Test: 0.8649
Epoch 0401 | Loss: 0.0196 | Val: 0.8305 | Test: 0.8649 | Best Test: 0.8649
Epoch 0402 | Loss: 0.0216 | Val: 0.8305 | Test: 0.8649 | Best Test: 0.8649
Epoch 0403 | Loss: 0.0214 | Val: 0.8305 | Test: 0.8649 | Best Test: 0.8649
Epoch 0404 | Loss: 0.0212 | Val: 0.8305 | Test: 0.8649 | Best Test: 0.8649
Epoch 0405 | Loss: 0.0186 | Val: 0.8305 | Test: 0.8649 | Best Test: 0.8649
Epoch 0406 | Loss: 0.0183 | Val: 0.8305 | Test: 0.8649 | Best Test: 0.8649
Epoch 0407 | Loss: 0.0197 | Val: 0.8305 | Test: 0.8649 | Best Test: 0.8649
Epoch 0408 | Loss: 0.0230 | Val: 0.8305 | Test: 0.8649 | Best Test: 0.8649
Epoch 0409 | Loss: 0.0202 | Val: 0.8305 | Test: 0.8649 | Best Test: 0.8649
Epoch 0410 | Loss: 0.0263 | Val: 0.8305 | Test: 0.8649 | Best Test: 0.8649
Epoch 0411 | Loss: 0.0231 | Val: 0.8305 | Test: 0.8649 | Best Test: 0.8649
Epoch 0412 | Loss: 0.0223 | Val: 0.8305 | Test: 0.8649 | Best Test: 0.8649
Epoch 0413 | Loss: 0.0214 | Val: 0.8305 | Test: 0.8649 | Best Test: 0.8649
Epoch 0414 | Loss: 0.0178 | Val: 0.8305 | Test: 0.8649 | Best Test: 0.8649
Epoch 0415 | Loss: 0.0228 | Val: 0.8305 | Test: 0.8649 | Best Test: 0.8649
Epoch 0416 | Loss: 0.0202 | Val: 0.8305 | Test: 0.8649 | Best Test: 0.8649
Epoch 0417 | Loss: 0.0225 | Val: 0.8305 | Test: 0.8649 | Best Test: 0.8649
Epoch 0418 | Loss: 0.0191 | Val: 0.8305 | Test: 0.8649 | Best Test: 0.8649
Epoch 0419 | Loss: 0.0203 | Val: 0.8305 | Test: 0.8649 | Best Test: 0.8649
Epoch 0420 | Loss: 0.0218 | Val: 0.8305 | Test: 0.8649 | Best Test: 0.8649
Epoch 0421 | Loss: 0.0206 | Val: 0.8305 | Test: 0.8649 | Best Test: 0.8649
Epoch 0422 | Loss: 0.0224 | Val: 0.8305 | Test: 0.8649 | Best Test: 0.8649
Epoch 0423 | Loss: 0.0197 | Val: 0.8305 | Test: 0.8649 | Best Test: 0.8649
Epoch 0424 | Loss: 0.0184 | Val: 0.8305 | Test: 0.8649 | Best Test: 0.8649
Epoch 0425 | Loss: 0.0199 | Val: 0.8305 | Test: 0.8649 | Best Test: 0.8649
Epoch 0426 | Loss: 0.0197 | Val: 0.8305 | Test: 0.8649 | Best Test: 0.8649
Epoch 0427 | Loss: 0.0243 | Val: 0.8305 | Test: 0.8649 | Best Test: 0.8649
Epoch 0428 | Loss: 0.0195 | Val: 0.8305 | Test: 0.8649 | Best Test: 0.8649
Epoch 0429 | Loss: 0.0196 | Val: 0.8305 | Test: 0.8649 | Best Test: 0.8649
Epoch 0430 | Loss: 0.0213 | Val: 0.8305 | Test: 0.8649 | Best Test: 0.8649
Epoch 0431 | Loss: 0.0214 | Val: 0.8305 | Test: 0.8649 | Best Test: 0.8649
Epoch 0432 | Loss: 0.0196 | Val: 0.8305 | Test: 0.8649 | Best Test: 0.8649
Epoch 0433 | Loss: 0.0197 | Val: 0.8305 | Test: 0.8649 | Best Test: 0.8649
Epoch 0434 | Loss: 0.0232 | Val: 0.8305 | Test: 0.8649 | Best Test: 0.8649
Epoch 0435 | Loss: 0.0225 | Val: 0.8305 | Test: 0.8649 | Best Test: 0.8649
Epoch 0436 | Loss: 0.0213 | Val: 0.8305 | Test: 0.8649 | Best Test: 0.8649
Epoch 0437 | Loss: 0.0182 | Val: 0.8305 | Test: 0.8649 | Best Test: 0.8649
Epoch 0438 | Loss: 0.0217 | Val: 0.8305 | Test: 0.8649 | Best Test: 0.8649
Epoch 0439 | Loss: 0.0205 | Val: 0.8305 | Test: 0.8649 | Best Test: 0.8649
Epoch 0440 | Loss: 0.0203 | Val: 0.8305 | Test: 0.8649 | Best Test: 0.8649
Epoch 0441 | Loss: 0.0226 | Val: 0.8305 | Test: 0.8649 | Best Test: 0.8649
Epoch 0442 | Loss: 0.0196 | Val: 0.8305 | Test: 0.8649 | Best Test: 0.8649
Epoch 0443 | Loss: 0.0262 | Val: 0.8305 | Test: 0.8649 | Best Test: 0.8649
Epoch 0444 | Loss: 0.0289 | Val: 0.8305 | Test: 0.8649 | Best Test: 0.8649
Epoch 0445 | Loss: 0.0215 | Val: 0.8305 | Test: 0.8649 | Best Test: 0.8649
Epoch 0446 | Loss: 0.0207 | Val: 0.8305 | Test: 0.8649 | Best Test: 0.8649
Epoch 0447 | Loss: 0.0199 | Val: 0.8305 | Test: 0.8649 | Best Test: 0.8649
Epoch 0448 | Loss: 0.0198 | Val: 0.8305 | Test: 0.8649 | Best Test: 0.8649
Epoch 0449 | Loss: 0.0228 | Val: 0.8305 | Test: 0.8649 | Best Test: 0.8649
Epoch 0450 | Loss: 0.0201 | Val: 0.8305 | Test: 0.8649 | Best Test: 0.8649
Epoch 0451 | Loss: 0.0216 | Val: 0.8305 | Test: 0.8649 | Best Test: 0.8649
Epoch 0452 | Loss: 0.0211 | Val: 0.8305 | Test: 0.8649 | Best Test: 0.8649
Epoch 0453 | Loss: 0.0218 | Val: 0.8305 | Test: 0.8649 | Best Test: 0.8649
Epoch 0454 | Loss: 0.0396 | Val: 0.8305 | Test: 0.8649 | Best Test: 0.8649
Epoch 0455 | Loss: 0.0203 | Val: 0.8305 | Test: 0.8649 | Best Test: 0.8649
Epoch 0456 | Loss: 0.0208 | Val: 0.8305 | Test: 0.8649 | Best Test: 0.8649
Epoch 0457 | Loss: 0.0200 | Val: 0.8305 | Test: 0.8649 | Best Test: 0.8649
Epoch 0458 | Loss: 0.0200 | Val: 0.8305 | Test: 0.8649 | Best Test: 0.8649
Epoch 0459 | Loss: 0.0199 | Val: 0.8305 | Test: 0.8649 | Best Test: 0.8649
Epoch 0460 | Loss: 0.0214 | Val: 0.8305 | Test: 0.8649 | Best Test: 0.8649
Epoch 0461 | Loss: 0.0206 | Val: 0.8305 | Test: 0.8649 | Best Test: 0.8649
Epoch 0462 | Loss: 0.0217 | Val: 0.8305 | Test: 0.8649 | Best Test: 0.8649
Epoch 0463 | Loss: 0.0221 | Val: 0.8305 | Test: 0.8649 | Best Test: 0.8649
Epoch 0464 | Loss: 0.0240 | Val: 0.8305 | Test: 0.8649 | Best Test: 0.8649
Epoch 0465 | Loss: 0.0227 | Val: 0.8305 | Test: 0.8649 | Best Test: 0.8649
Epoch 0466 | Loss: 0.0226 | Val: 0.8305 | Test: 0.8649 | Best Test: 0.8649
Epoch 0467 | Loss: 0.0200 | Val: 0.8305 | Test: 0.8649 | Best Test: 0.8649
Epoch 0468 | Loss: 0.0224 | Val: 0.8305 | Test: 0.8649 | Best Test: 0.8649
Epoch 0469 | Loss: 0.0206 | Val: 0.8305 | Test: 0.8649 | Best Test: 0.8649
Epoch 0470 | Loss: 0.0205 | Val: 0.8305 | Test: 0.8649 | Best Test: 0.8649
Epoch 0471 | Loss: 0.0230 | Val: 0.8305 | Test: 0.8649 | Best Test: 0.8649
Epoch 0472 | Loss: 0.0209 | Val: 0.8305 | Test: 0.8649 | Best Test: 0.8649
Epoch 0473 | Loss: 0.0194 | Val: 0.8305 | Test: 0.8649 | Best Test: 0.8649
Epoch 0474 | Loss: 0.0199 | Val: 0.8305 | Test: 0.8649 | Best Test: 0.8649
Epoch 0475 | Loss: 0.0187 | Val: 0.8305 | Test: 0.8649 | Best Test: 0.8649
Epoch 0476 | Loss: 0.0206 | Val: 0.8305 | Test: 0.8649 | Best Test: 0.8649
Epoch 0477 | Loss: 0.0187 | Val: 0.8305 | Test: 0.8649 | Best Test: 0.8649
Epoch 0478 | Loss: 0.0215 | Val: 0.8305 | Test: 0.8649 | Best Test: 0.8649
Epoch 0479 | Loss: 0.0185 | Val: 0.8305 | Test: 0.8649 | Best Test: 0.8649
Epoch 0480 | Loss: 0.0207 | Val: 0.8305 | Test: 0.8649 | Best Test: 0.8649
Epoch 0481 | Loss: 0.0189 | Val: 0.8305 | Test: 0.8649 | Best Test: 0.8649
Epoch 0482 | Loss: 0.0247 | Val: 0.8305 | Test: 0.8649 | Best Test: 0.8649
Epoch 0483 | Loss: 0.0209 | Val: 0.8305 | Test: 0.8649 | Best Test: 0.8649
Epoch 0484 | Loss: 0.0199 | Val: 0.8305 | Test: 0.8649 | Best Test: 0.8649
Epoch 0485 | Loss: 0.0197 | Val: 0.8305 | Test: 0.8649 | Best Test: 0.8649
Epoch 0486 | Loss: 0.0215 | Val: 0.8305 | Test: 0.8649 | Best Test: 0.8649
Epoch 0487 | Loss: 0.0259 | Val: 0.8305 | Test: 0.8649 | Best Test: 0.8649
Epoch 0488 | Loss: 0.0210 | Val: 0.8305 | Test: 0.8649 | Best Test: 0.8649
Epoch 0489 | Loss: 0.0219 | Val: 0.8305 | Test: 0.8649 | Best Test: 0.8649
Epoch 0490 | Loss: 0.0204 | Val: 0.8305 | Test: 0.8649 | Best Test: 0.8649
Epoch 0491 | Loss: 0.0191 | Val: 0.8305 | Test: 0.8649 | Best Test: 0.8649
Epoch 0492 | Loss: 0.0213 | Val: 0.8305 | Test: 0.8649 | Best Test: 0.8649
Epoch 0493 | Loss: 0.0212 | Val: 0.8305 | Test: 0.8649 | Best Test: 0.8649
Epoch 0494 | Loss: 0.0267 | Val: 0.8305 | Test: 0.8649 | Best Test: 0.8649
Epoch 0495 | Loss: 0.0189 | Val: 0.8305 | Test: 0.8649 | Best Test: 0.8649
Epoch 0496 | Loss: 0.0244 | Val: 0.8305 | Test: 0.8649 | Best Test: 0.8649
Epoch 0497 | Loss: 0.0244 | Val: 0.8305 | Test: 0.8649 | Best Test: 0.8649
Epoch 0498 | Loss: 0.0227 | Val: 0.8305 | Test: 0.8649 | Best Test: 0.8649
Epoch 0499 | Loss: 0.0204 | Val: 0.8305 | Test: 0.8649 | Best Test: 0.8649
Epoch 0500 | Loss: 0.0199 | Val: 0.8305 | Test: 0.8649 | Best Test: 0.8649
Epoch 0501 | Loss: 0.0217 | Val: 0.8305 | Test: 0.8649 | Best Test: 0.8649
Epoch 0502 | Loss: 0.0234 | Val: 0.8305 | Test: 0.8649 | Best Test: 0.8649
Epoch 0503 | Loss: 0.0211 | Val: 0.8305 | Test: 0.8649 | Best Test: 0.8649
Epoch 0504 | Loss: 0.0232 | Val: 0.8305 | Test: 0.8649 | Best Test: 0.8649
Epoch 0505 | Loss: 0.0272 | Val: 0.8305 | Test: 0.8649 | Best Test: 0.8649
Epoch 0506 | Loss: 0.0238 | Val: 0.8305 | Test: 0.8649 | Best Test: 0.8649
Epoch 0507 | Loss: 0.0220 | Val: 0.8305 | Test: 0.8649 | Best Test: 0.8649
Epoch 0508 | Loss: 0.0198 | Val: 0.8305 | Test: 0.8649 | Best Test: 0.8649
Epoch 0509 | Loss: 0.0195 | Val: 0.8305 | Test: 0.8649 | Best Test: 0.8649
Epoch 0510 | Loss: 0.0187 | Val: 0.8305 | Test: 0.8649 | Best Test: 0.8649
Epoch 0511 | Loss: 0.0245 | Val: 0.8305 | Test: 0.8649 | Best Test: 0.8649
Epoch 0512 | Loss: 0.0197 | Val: 0.8305 | Test: 0.8649 | Best Test: 0.8649
Epoch 0513 | Loss: 0.0194 | Val: 0.8305 | Test: 0.8649 | Best Test: 0.8649
Epoch 0514 | Loss: 0.0243 | Val: 0.8305 | Test: 0.8649 | Best Test: 0.8649
Epoch 0515 | Loss: 0.0195 | Val: 0.8305 | Test: 0.8649 | Best Test: 0.8649
Epoch 0516 | Loss: 0.0190 | Val: 0.8305 | Test: 0.8649 | Best Test: 0.8649
Epoch 0517 | Loss: 0.0229 | Val: 0.8305 | Test: 0.8649 | Best Test: 0.8649
Epoch 0518 | Loss: 0.0184 | Val: 0.8305 | Test: 0.8649 | Best Test: 0.8649
Epoch 0519 | Loss: 0.0228 | Val: 0.8305 | Test: 0.8649 | Best Test: 0.8649
Epoch 0520 | Loss: 0.0195 | Val: 0.8305 | Test: 0.8649 | Best Test: 0.8649
Epoch 0521 | Loss: 0.0227 | Val: 0.8305 | Test: 0.8649 | Best Test: 0.8649
Epoch 0522 | Loss: 0.0194 | Val: 0.8305 | Test: 0.8649 | Best Test: 0.8649
Epoch 0523 | Loss: 0.0219 | Val: 0.8305 | Test: 0.8649 | Best Test: 0.8649
Epoch 0524 | Loss: 0.0195 | Val: 0.8305 | Test: 0.8649 | Best Test: 0.8649
Epoch 0525 | Loss: 0.0233 | Val: 0.8305 | Test: 0.8649 | Best Test: 0.8649
Epoch 0526 | Loss: 0.0203 | Val: 0.8305 | Test: 0.8649 | Best Test: 0.8649
Epoch 0527 | Loss: 0.0295 | Val: 0.8305 | Test: 0.8649 | Best Test: 0.8649
Epoch 0528 | Loss: 0.0196 | Val: 0.8305 | Test: 0.8649 | Best Test: 0.8649
Epoch 0529 | Loss: 0.0223 | Val: 0.8305 | Test: 0.8649 | Best Test: 0.8649
Epoch 0530 | Loss: 0.0212 | Val: 0.8305 | Test: 0.8649 | Best Test: 0.8649
Epoch 0531 | Loss: 0.0209 | Val: 0.8305 | Test: 0.8649 | Best Test: 0.8649
Epoch 0532 | Loss: 0.0190 | Val: 0.8305 | Test: 0.8649 | Best Test: 0.8649
Epoch 0533 | Loss: 0.0196 | Val: 0.8305 | Test: 0.8649 | Best Test: 0.8649
Epoch 0534 | Loss: 0.0199 | Val: 0.8305 | Test: 0.8649 | Best Test: 0.8649
Epoch 0535 | Loss: 0.0186 | Val: 0.8305 | Test: 0.8649 | Best Test: 0.8649
Epoch 0536 | Loss: 0.0183 | Val: 0.8305 | Test: 0.8649 | Best Test: 0.8649
Epoch 0537 | Loss: 0.0188 | Val: 0.8305 | Test: 0.8649 | Best Test: 0.8649
Epoch 0538 | Loss: 0.0225 | Val: 0.8305 | Test: 0.8649 | Best Test: 0.8649
Epoch 0539 | Loss: 0.0217 | Val: 0.8305 | Test: 0.8649 | Best Test: 0.8649
Epoch 0540 | Loss: 0.0188 | Val: 0.8305 | Test: 0.8649 | Best Test: 0.8649
Epoch 0541 | Loss: 0.0229 | Val: 0.8305 | Test: 0.8649 | Best Test: 0.8649
Epoch 0542 | Loss: 0.0202 | Val: 0.8305 | Test: 0.8649 | Best Test: 0.8649
Epoch 0543 | Loss: 0.0194 | Val: 0.8305 | Test: 0.8649 | Best Test: 0.8649
Epoch 0544 | Loss: 0.0190 | Val: 0.8305 | Test: 0.8649 | Best Test: 0.8649
Epoch 0545 | Loss: 0.0193 | Val: 0.8305 | Test: 0.8649 | Best Test: 0.8649
Epoch 0546 | Loss: 0.0215 | Val: 0.8305 | Test: 0.8649 | Best Test: 0.8649
Epoch 0547 | Loss: 0.0224 | Val: 0.8305 | Test: 0.8649 | Best Test: 0.8649
Epoch 0548 | Loss: 0.0204 | Val: 0.8305 | Test: 0.8649 | Best Test: 0.8649
Epoch 0549 | Loss: 0.0225 | Val: 0.8305 | Test: 0.8649 | Best Test: 0.8649
Epoch 0550 | Loss: 0.0194 | Val: 0.8305 | Test: 0.8649 | Best Test: 0.8649
Epoch 0551 | Loss: 0.0217 | Val: 0.8305 | Test: 0.8649 | Best Test: 0.8649
Epoch 0552 | Loss: 0.0183 | Val: 0.8305 | Test: 0.8649 | Best Test: 0.8649
Epoch 0553 | Loss: 0.0201 | Val: 0.8305 | Test: 0.8649 | Best Test: 0.8649
Epoch 0554 | Loss: 0.0214 | Val: 0.8305 | Test: 0.8649 | Best Test: 0.8649
Epoch 0555 | Loss: 0.0204 | Val: 0.8305 | Test: 0.8649 | Best Test: 0.8649
Epoch 0556 | Loss: 0.0205 | Val: 0.8305 | Test: 0.8649 | Best Test: 0.8649
Epoch 0557 | Loss: 0.0215 | Val: 0.8305 | Test: 0.8649 | Best Test: 0.8649
Epoch 0558 | Loss: 0.0176 | Val: 0.8305 | Test: 0.8649 | Best Test: 0.8649
Epoch 0559 | Loss: 0.0214 | Val: 0.8305 | Test: 0.8649 | Best Test: 0.8649
Epoch 0560 | Loss: 0.0212 | Val: 0.8305 | Test: 0.8649 | Best Test: 0.8649
Epoch 0561 | Loss: 0.0194 | Val: 0.8305 | Test: 0.8649 | Best Test: 0.8649
Epoch 0562 | Loss: 0.0188 | Val: 0.8305 | Test: 0.8649 | Best Test: 0.8649
Epoch 0563 | Loss: 0.0201 | Val: 0.8305 | Test: 0.8649 | Best Test: 0.8649
Epoch 0564 | Loss: 0.0221 | Val: 0.8305 | Test: 0.8649 | Best Test: 0.8649
Epoch 0565 | Loss: 0.0245 | Val: 0.8305 | Test: 0.8649 | Best Test: 0.8649
Epoch 0566 | Loss: 0.0218 | Val: 0.8305 | Test: 0.8649 | Best Test: 0.8649
Epoch 0567 | Loss: 0.0236 | Val: 0.8305 | Test: 0.8649 | Best Test: 0.8649
Epoch 0568 | Loss: 0.0258 | Val: 0.8305 | Test: 0.8649 | Best Test: 0.8649
Epoch 0569 | Loss: 0.0234 | Val: 0.8305 | Test: 0.8649 | Best Test: 0.8649
Epoch 0570 | Loss: 0.0240 | Val: 0.8305 | Test: 0.8649 | Best Test: 0.8649
Epoch 0571 | Loss: 0.0213 | Val: 0.8305 | Test: 0.8649 | Best Test: 0.8649
Epoch 0572 | Loss: 0.0209 | Val: 0.8305 | Test: 0.8649 | Best Test: 0.8649
Epoch 0573 | Loss: 0.0219 | Val: 0.8305 | Test: 0.8649 | Best Test: 0.8649
Epoch 0574 | Loss: 0.0229 | Val: 0.8305 | Test: 0.8649 | Best Test: 0.8649
Epoch 0575 | Loss: 0.0200 | Val: 0.8305 | Test: 0.8649 | Best Test: 0.8649
Epoch 0576 | Loss: 0.0197 | Val: 0.8305 | Test: 0.8649 | Best Test: 0.8649
Epoch 0577 | Loss: 0.0227 | Val: 0.8305 | Test: 0.8649 | Best Test: 0.8649
Epoch 0578 | Loss: 0.0204 | Val: 0.8305 | Test: 0.8649 | Best Test: 0.8649
Epoch 0579 | Loss: 0.0223 | Val: 0.8305 | Test: 0.8649 | Best Test: 0.8649
Epoch 0580 | Loss: 0.0209 | Val: 0.8305 | Test: 0.8649 | Best Test: 0.8649
Epoch 0581 | Loss: 0.0202 | Val: 0.8305 | Test: 0.8649 | Best Test: 0.8649
Epoch 0582 | Loss: 0.0223 | Val: 0.8305 | Test: 0.8649 | Best Test: 0.8649
Epoch 0583 | Loss: 0.0187 | Val: 0.8305 | Test: 0.8649 | Best Test: 0.8649
Epoch 0584 | Loss: 0.0237 | Val: 0.8305 | Test: 0.8649 | Best Test: 0.8649
Epoch 0585 | Loss: 0.0252 | Val: 0.8305 | Test: 0.8649 | Best Test: 0.8649
Epoch 0586 | Loss: 0.0188 | Val: 0.8305 | Test: 0.8649 | Best Test: 0.8649
Epoch 0587 | Loss: 0.0205 | Val: 0.8305 | Test: 0.8649 | Best Test: 0.8649
Epoch 0588 | Loss: 0.0207 | Val: 0.8305 | Test: 0.8649 | Best Test: 0.8649
Epoch 0589 | Loss: 0.0193 | Val: 0.8305 | Test: 0.8649 | Best Test: 0.8649
Epoch 0590 | Loss: 0.0254 | Val: 0.8305 | Test: 0.8649 | Best Test: 0.8649
Epoch 0591 | Loss: 0.0220 | Val: 0.8305 | Test: 0.8649 | Best Test: 0.8649
Epoch 0592 | Loss: 0.0212 | Val: 0.8305 | Test: 0.8649 | Best Test: 0.8649
Epoch 0593 | Loss: 0.0191 | Val: 0.8305 | Test: 0.8649 | Best Test: 0.8649
Epoch 0594 | Loss: 0.0196 | Val: 0.8305 | Test: 0.8649 | Best Test: 0.8649
Epoch 0595 | Loss: 0.0200 | Val: 0.8305 | Test: 0.8649 | Best Test: 0.8649
Epoch 0596 | Loss: 0.0207 | Val: 0.8305 | Test: 0.8649 | Best Test: 0.8649
Epoch 0597 | Loss: 0.0185 | Val: 0.8305 | Test: 0.8649 | Best Test: 0.8649
Epoch 0598 | Loss: 0.0193 | Val: 0.8305 | Test: 0.8649 | Best Test: 0.8649
Epoch 0599 | Loss: 0.0219 | Val: 0.8305 | Test: 0.8649 | Best Test: 0.8649
Epoch 0600 | Loss: 0.0189 | Val: 0.8305 | Test: 0.8649 | Best Test: 0.8649
Epoch 0601 | Loss: 0.0195 | Val: 0.8305 | Test: 0.8649 | Best Test: 0.8649
Epoch 0602 | Loss: 0.0200 | Val: 0.8305 | Test: 0.8649 | Best Test: 0.8649
Epoch 0603 | Loss: 0.0209 | Val: 0.8305 | Test: 0.8649 | Best Test: 0.8649
Epoch 0604 | Loss: 0.0192 | Val: 0.8305 | Test: 0.8649 | Best Test: 0.8649
Epoch 0605 | Loss: 0.0211 | Val: 0.8305 | Test: 0.8649 | Best Test: 0.8649
Epoch 0606 | Loss: 0.0194 | Val: 0.8305 | Test: 0.8649 | Best Test: 0.8649
Epoch 0607 | Loss: 0.0186 | Val: 0.8305 | Test: 0.8649 | Best Test: 0.8649
Epoch 0608 | Loss: 0.0265 | Val: 0.8305 | Test: 0.8649 | Best Test: 0.8649
Epoch 0609 | Loss: 0.0228 | Val: 0.8305 | Test: 0.8649 | Best Test: 0.8649
Epoch 0610 | Loss: 0.0189 | Val: 0.8305 | Test: 0.8649 | Best Test: 0.8649
Epoch 0611 | Loss: 0.0216 | Val: 0.8305 | Test: 0.8649 | Best Test: 0.8649
Epoch 0612 | Loss: 0.0214 | Val: 0.8305 | Test: 0.8649 | Best Test: 0.8649
Epoch 0613 | Loss: 0.0187 | Val: 0.8305 | Test: 0.8649 | Best Test: 0.8649
Epoch 0614 | Loss: 0.0249 | Val: 0.8305 | Test: 0.8649 | Best Test: 0.8649
Epoch 0615 | Loss: 0.0216 | Val: 0.8305 | Test: 0.8649 | Best Test: 0.8649
Epoch 0616 | Loss: 0.0244 | Val: 0.8305 | Test: 0.8649 | Best Test: 0.8649
Epoch 0617 | Loss: 0.0198 | Val: 0.8305 | Test: 0.8649 | Best Test: 0.8649
Epoch 0618 | Loss: 0.0212 | Val: 0.8305 | Test: 0.8649 | Best Test: 0.8649
Epoch 0619 | Loss: 0.0259 | Val: 0.8305 | Test: 0.8649 | Best Test: 0.8649
Epoch 0620 | Loss: 0.0247 | Val: 0.8305 | Test: 0.8649 | Best Test: 0.8649
Epoch 0621 | Loss: 0.0185 | Val: 0.8305 | Test: 0.8649 | Best Test: 0.8649
Epoch 0622 | Loss: 0.0228 | Val: 0.8305 | Test: 0.8649 | Best Test: 0.8649
Epoch 0623 | Loss: 0.0200 | Val: 0.8305 | Test: 0.8649 | Best Test: 0.8649
Epoch 0624 | Loss: 0.0194 | Val: 0.8305 | Test: 0.8649 | Best Test: 0.8649
Epoch 0625 | Loss: 0.0196 | Val: 0.8305 | Test: 0.8649 | Best Test: 0.8649
Epoch 0626 | Loss: 0.0215 | Val: 0.8305 | Test: 0.8649 | Best Test: 0.8649
Epoch 0627 | Loss: 0.0210 | Val: 0.8305 | Test: 0.8649 | Best Test: 0.8649
Epoch 0628 | Loss: 0.0188 | Val: 0.8305 | Test: 0.8649 | Best Test: 0.8649
Epoch 0629 | Loss: 0.0185 | Val: 0.8305 | Test: 0.8649 | Best Test: 0.8649
Epoch 0630 | Loss: 0.0196 | Val: 0.8305 | Test: 0.8649 | Best Test: 0.8649
Epoch 0631 | Loss: 0.0238 | Val: 0.8305 | Test: 0.8649 | Best Test: 0.8649
Epoch 0632 | Loss: 0.0205 | Val: 0.8305 | Test: 0.8649 | Best Test: 0.8649
Epoch 0633 | Loss: 0.0234 | Val: 0.8305 | Test: 0.8649 | Best Test: 0.8649
Epoch 0634 | Loss: 0.0204 | Val: 0.8305 | Test: 0.8649 | Best Test: 0.8649
Epoch 0635 | Loss: 0.0193 | Val: 0.8305 | Test: 0.8649 | Best Test: 0.8649
Epoch 0636 | Loss: 0.0222 | Val: 0.8305 | Test: 0.8649 | Best Test: 0.8649
Epoch 0637 | Loss: 0.0209 | Val: 0.8305 | Test: 0.8649 | Best Test: 0.8649
Epoch 0638 | Loss: 0.0245 | Val: 0.8305 | Test: 0.8649 | Best Test: 0.8649
Epoch 0639 | Loss: 0.0213 | Val: 0.8305 | Test: 0.8649 | Best Test: 0.8649
Epoch 0640 | Loss: 0.0195 | Val: 0.8305 | Test: 0.8649 | Best Test: 0.8649
Epoch 0641 | Loss: 0.0192 | Val: 0.8305 | Test: 0.8649 | Best Test: 0.8649
Epoch 0642 | Loss: 0.0239 | Val: 0.8305 | Test: 0.8649 | Best Test: 0.8649
Epoch 0643 | Loss: 0.0206 | Val: 0.8305 | Test: 0.8649 | Best Test: 0.8649
Epoch 0644 | Loss: 0.0208 | Val: 0.8305 | Test: 0.8649 | Best Test: 0.8649
Epoch 0645 | Loss: 0.0215 | Val: 0.8305 | Test: 0.8649 | Best Test: 0.8649
Epoch 0646 | Loss: 0.0234 | Val: 0.8305 | Test: 0.8649 | Best Test: 0.8649
Epoch 0647 | Loss: 0.0188 | Val: 0.8305 | Test: 0.8649 | Best Test: 0.8649
Epoch 0648 | Loss: 0.0200 | Val: 0.8305 | Test: 0.8649 | Best Test: 0.8649
Epoch 0649 | Loss: 0.0313 | Val: 0.8305 | Test: 0.8649 | Best Test: 0.8649
Epoch 0650 | Loss: 0.0212 | Val: 0.8305 | Test: 0.8649 | Best Test: 0.8649
Epoch 0651 | Loss: 0.0195 | Val: 0.8305 | Test: 0.8649 | Best Test: 0.8649
Epoch 0652 | Loss: 0.0222 | Val: 0.8305 | Test: 0.8649 | Best Test: 0.8649
Epoch 0653 | Loss: 0.0231 | Val: 0.8305 | Test: 0.8649 | Best Test: 0.8649
Epoch 0654 | Loss: 0.0199 | Val: 0.8305 | Test: 0.8649 | Best Test: 0.8649
Epoch 0655 | Loss: 0.0206 | Val: 0.8305 | Test: 0.8649 | Best Test: 0.8649
Epoch 0656 | Loss: 0.0200 | Val: 0.8305 | Test: 0.8649 | Best Test: 0.8649
Epoch 0657 | Loss: 0.0218 | Val: 0.8305 | Test: 0.8649 | Best Test: 0.8649
Epoch 0658 | Loss: 0.0183 | Val: 0.8305 | Test: 0.8649 | Best Test: 0.8649
Epoch 0659 | Loss: 0.0212 | Val: 0.8305 | Test: 0.8649 | Best Test: 0.8649
Epoch 0660 | Loss: 0.0240 | Val: 0.8305 | Test: 0.8649 | Best Test: 0.8649
Epoch 0661 | Loss: 0.0196 | Val: 0.8305 | Test: 0.8649 | Best Test: 0.8649
Epoch 0662 | Loss: 0.0208 | Val: 0.8305 | Test: 0.8649 | Best Test: 0.8649
Epoch 0663 | Loss: 0.0204 | Val: 0.8305 | Test: 0.8649 | Best Test: 0.8649
Epoch 0664 | Loss: 0.0208 | Val: 0.8305 | Test: 0.8649 | Best Test: 0.8649
Epoch 0665 | Loss: 0.0227 | Val: 0.8305 | Test: 0.8649 | Best Test: 0.8649
Epoch 0666 | Loss: 0.0234 | Val: 0.8305 | Test: 0.8649 | Best Test: 0.8649
Epoch 0667 | Loss: 0.0217 | Val: 0.8305 | Test: 0.8649 | Best Test: 0.8649
Epoch 0668 | Loss: 0.0215 | Val: 0.8305 | Test: 0.8649 | Best Test: 0.8649
Epoch 0669 | Loss: 0.0284 | Val: 0.8305 | Test: 0.8649 | Best Test: 0.8649
Epoch 0670 | Loss: 0.0222 | Val: 0.8305 | Test: 0.8649 | Best Test: 0.8649
Epoch 0671 | Loss: 0.0191 | Val: 0.8305 | Test: 0.8649 | Best Test: 0.8649
Epoch 0672 | Loss: 0.0180 | Val: 0.8305 | Test: 0.8649 | Best Test: 0.8649
Epoch 0673 | Loss: 0.0188 | Val: 0.8305 | Test: 0.8649 | Best Test: 0.8649
Epoch 0674 | Loss: 0.0215 | Val: 0.8305 | Test: 0.8649 | Best Test: 0.8649
Epoch 0675 | Loss: 0.0203 | Val: 0.8305 | Test: 0.8649 | Best Test: 0.8649
Epoch 0676 | Loss: 0.0248 | Val: 0.8305 | Test: 0.8649 | Best Test: 0.8649
Epoch 0677 | Loss: 0.0206 | Val: 0.8305 | Test: 0.8649 | Best Test: 0.8649
Epoch 0678 | Loss: 0.0222 | Val: 0.8305 | Test: 0.8649 | Best Test: 0.8649
Epoch 0679 | Loss: 0.0226 | Val: 0.8305 | Test: 0.8649 | Best Test: 0.8649
Epoch 0680 | Loss: 0.0269 | Val: 0.8305 | Test: 0.8649 | Best Test: 0.8649
Epoch 0681 | Loss: 0.0207 | Val: 0.8305 | Test: 0.8649 | Best Test: 0.8649
Epoch 0682 | Loss: 0.0234 | Val: 0.8305 | Test: 0.8649 | Best Test: 0.8649
Epoch 0683 | Loss: 0.0193 | Val: 0.8305 | Test: 0.8649 | Best Test: 0.8649
Epoch 0684 | Loss: 0.0198 | Val: 0.8305 | Test: 0.8649 | Best Test: 0.8649
Epoch 0685 | Loss: 0.0282 | Val: 0.8305 | Test: 0.8649 | Best Test: 0.8649
Epoch 0686 | Loss: 0.0222 | Val: 0.8305 | Test: 0.8649 | Best Test: 0.8649
Epoch 0687 | Loss: 0.0189 | Val: 0.8305 | Test: 0.8649 | Best Test: 0.8649
Epoch 0688 | Loss: 0.0234 | Val: 0.8305 | Test: 0.8649 | Best Test: 0.8649
Epoch 0689 | Loss: 0.0266 | Val: 0.8305 | Test: 0.8649 | Best Test: 0.8649
Epoch 0690 | Loss: 0.0188 | Val: 0.8305 | Test: 0.8649 | Best Test: 0.8649
Epoch 0691 | Loss: 0.0191 | Val: 0.8305 | Test: 0.8649 | Best Test: 0.8649
Epoch 0692 | Loss: 0.0224 | Val: 0.8305 | Test: 0.8649 | Best Test: 0.8649
Epoch 0693 | Loss: 0.0173 | Val: 0.8305 | Test: 0.8649 | Best Test: 0.8649
Epoch 0694 | Loss: 0.0205 | Val: 0.8305 | Test: 0.8649 | Best Test: 0.8649
Epoch 0695 | Loss: 0.0196 | Val: 0.8305 | Test: 0.8649 | Best Test: 0.8649
Epoch 0696 | Loss: 0.0218 | Val: 0.8305 | Test: 0.8649 | Best Test: 0.8649
Epoch 0697 | Loss: 0.0196 | Val: 0.8305 | Test: 0.8649 | Best Test: 0.8649
Epoch 0698 | Loss: 0.0210 | Val: 0.8305 | Test: 0.8649 | Best Test: 0.8649
Epoch 0699 | Loss: 0.0192 | Val: 0.8305 | Test: 0.8649 | Best Test: 0.8649
Epoch 0700 | Loss: 0.0201 | Val: 0.8305 | Test: 0.8649 | Best Test: 0.8649
Epoch 0701 | Loss: 0.0199 | Val: 0.8305 | Test: 0.8649 | Best Test: 0.8649
Epoch 0702 | Loss: 0.0209 | Val: 0.8305 | Test: 0.8649 | Best Test: 0.8649
Epoch 0703 | Loss: 0.0202 | Val: 0.8305 | Test: 0.8649 | Best Test: 0.8649
Epoch 0704 | Loss: 0.0204 | Val: 0.8305 | Test: 0.8649 | Best Test: 0.8649
Epoch 0705 | Loss: 0.0185 | Val: 0.8305 | Test: 0.8649 | Best Test: 0.8649
Epoch 0706 | Loss: 0.0232 | Val: 0.8305 | Test: 0.8649 | Best Test: 0.8649
Epoch 0707 | Loss: 0.0190 | Val: 0.8305 | Test: 0.8649 | Best Test: 0.8649
Epoch 0708 | Loss: 0.0205 | Val: 0.8305 | Test: 0.8649 | Best Test: 0.8649
Epoch 0709 | Loss: 0.0197 | Val: 0.8305 | Test: 0.8649 | Best Test: 0.8649
Epoch 0710 | Loss: 0.0201 | Val: 0.8305 | Test: 0.8649 | Best Test: 0.8649
Epoch 0711 | Loss: 0.0191 | Val: 0.8305 | Test: 0.8649 | Best Test: 0.8649
Epoch 0712 | Loss: 0.0206 | Val: 0.8305 | Test: 0.8649 | Best Test: 0.8649
Epoch 0713 | Loss: 0.0191 | Val: 0.8305 | Test: 0.8649 | Best Test: 0.8649
Epoch 0714 | Loss: 0.0233 | Val: 0.8305 | Test: 0.8649 | Best Test: 0.8649
Epoch 0715 | Loss: 0.0196 | Val: 0.8305 | Test: 0.8649 | Best Test: 0.8649
Epoch 0716 | Loss: 0.0206 | Val: 0.8305 | Test: 0.8649 | Best Test: 0.8649
Epoch 0717 | Loss: 0.0272 | Val: 0.8305 | Test: 0.8649 | Best Test: 0.8649
Epoch 0718 | Loss: 0.0219 | Val: 0.8305 | Test: 0.8649 | Best Test: 0.8649
Epoch 0719 | Loss: 0.0226 | Val: 0.8305 | Test: 0.8649 | Best Test: 0.8649
Epoch 0720 | Loss: 0.0191 | Val: 0.8305 | Test: 0.8649 | Best Test: 0.8649
Epoch 0721 | Loss: 0.0223 | Val: 0.8305 | Test: 0.8649 | Best Test: 0.8649
Epoch 0722 | Loss: 0.0192 | Val: 0.8305 | Test: 0.8649 | Best Test: 0.8649
Epoch 0723 | Loss: 0.0189 | Val: 0.8305 | Test: 0.8649 | Best Test: 0.8649
Epoch 0724 | Loss: 0.0209 | Val: 0.8305 | Test: 0.8649 | Best Test: 0.8649
Epoch 0725 | Loss: 0.0221 | Val: 0.8305 | Test: 0.8649 | Best Test: 0.8649
Epoch 0726 | Loss: 0.0199 | Val: 0.8305 | Test: 0.8649 | Best Test: 0.8649
Epoch 0727 | Loss: 0.0203 | Val: 0.8305 | Test: 0.8649 | Best Test: 0.8649
Epoch 0728 | Loss: 0.0220 | Val: 0.8305 | Test: 0.8649 | Best Test: 0.8649
Epoch 0729 | Loss: 0.0231 | Val: 0.8305 | Test: 0.8649 | Best Test: 0.8649
Epoch 0730 | Loss: 0.0208 | Val: 0.8305 | Test: 0.8649 | Best Test: 0.8649
Epoch 0731 | Loss: 0.0237 | Val: 0.8305 | Test: 0.8649 | Best Test: 0.8649
Epoch 0732 | Loss: 0.0208 | Val: 0.8305 | Test: 0.8649 | Best Test: 0.8649
Epoch 0733 | Loss: 0.0201 | Val: 0.8305 | Test: 0.8649 | Best Test: 0.8649
Epoch 0734 | Loss: 0.0185 | Val: 0.8305 | Test: 0.8649 | Best Test: 0.8649
Epoch 0735 | Loss: 0.0186 | Val: 0.8305 | Test: 0.8649 | Best Test: 0.8649
Epoch 0736 | Loss: 0.0222 | Val: 0.8305 | Test: 0.8649 | Best Test: 0.8649
Epoch 0737 | Loss: 0.0215 | Val: 0.8305 | Test: 0.8649 | Best Test: 0.8649
Epoch 0738 | Loss: 0.0201 | Val: 0.8305 | Test: 0.8649 | Best Test: 0.8649
Epoch 0739 | Loss: 0.0195 | Val: 0.8305 | Test: 0.8649 | Best Test: 0.8649
Epoch 0740 | Loss: 0.0241 | Val: 0.8305 | Test: 0.8649 | Best Test: 0.8649
Epoch 0741 | Loss: 0.0206 | Val: 0.8305 | Test: 0.8649 | Best Test: 0.8649
Epoch 0742 | Loss: 0.0195 | Val: 0.8305 | Test: 0.8649 | Best Test: 0.8649
Epoch 0743 | Loss: 0.0199 | Val: 0.8305 | Test: 0.8649 | Best Test: 0.8649
Epoch 0744 | Loss: 0.0202 | Val: 0.8305 | Test: 0.8649 | Best Test: 0.8649
Epoch 0745 | Loss: 0.0216 | Val: 0.8305 | Test: 0.8649 | Best Test: 0.8649
Epoch 0746 | Loss: 0.0192 | Val: 0.8305 | Test: 0.8649 | Best Test: 0.8649
Epoch 0747 | Loss: 0.0190 | Val: 0.8305 | Test: 0.8649 | Best Test: 0.8649
Epoch 0748 | Loss: 0.0196 | Val: 0.8305 | Test: 0.8649 | Best Test: 0.8649
Epoch 0749 | Loss: 0.0212 | Val: 0.8305 | Test: 0.8649 | Best Test: 0.8649
Epoch 0750 | Loss: 0.0194 | Val: 0.8305 | Test: 0.8649 | Best Test: 0.8649
Epoch 0751 | Loss: 0.0210 | Val: 0.8305 | Test: 0.8649 | Best Test: 0.8649
Epoch 0752 | Loss: 0.0189 | Val: 0.8305 | Test: 0.8649 | Best Test: 0.8649
Epoch 0753 | Loss: 0.0207 | Val: 0.8305 | Test: 0.8649 | Best Test: 0.8649
Epoch 0754 | Loss: 0.0236 | Val: 0.8305 | Test: 0.8649 | Best Test: 0.8649
Epoch 0755 | Loss: 0.0212 | Val: 0.8305 | Test: 0.8649 | Best Test: 0.8649
Epoch 0756 | Loss: 0.0193 | Val: 0.8305 | Test: 0.8649 | Best Test: 0.8649
Epoch 0757 | Loss: 0.0200 | Val: 0.8305 | Test: 0.8649 | Best Test: 0.8649
Epoch 0758 | Loss: 0.0186 | Val: 0.8305 | Test: 0.8649 | Best Test: 0.8649
Epoch 0759 | Loss: 0.0188 | Val: 0.8305 | Test: 0.8649 | Best Test: 0.8649
Epoch 0760 | Loss: 0.0180 | Val: 0.8305 | Test: 0.8649 | Best Test: 0.8649
Epoch 0761 | Loss: 0.0256 | Val: 0.8305 | Test: 0.8649 | Best Test: 0.8649
Epoch 0762 | Loss: 0.0194 | Val: 0.8305 | Test: 0.8649 | Best Test: 0.8649
Epoch 0763 | Loss: 0.0189 | Val: 0.8305 | Test: 0.8649 | Best Test: 0.8649
Epoch 0764 | Loss: 0.0328 | Val: 0.8305 | Test: 0.8649 | Best Test: 0.8649
Epoch 0765 | Loss: 0.0180 | Val: 0.8305 | Test: 0.8649 | Best Test: 0.8649
Epoch 0766 | Loss: 0.0226 | Val: 0.8305 | Test: 0.8649 | Best Test: 0.8649
Epoch 0767 | Loss: 0.0254 | Val: 0.8305 | Test: 0.8649 | Best Test: 0.8649
Epoch 0768 | Loss: 0.0220 | Val: 0.8305 | Test: 0.8649 | Best Test: 0.8649
Epoch 0769 | Loss: 0.0195 | Val: 0.8305 | Test: 0.8649 | Best Test: 0.8649
Epoch 0770 | Loss: 0.0192 | Val: 0.8305 | Test: 0.8649 | Best Test: 0.8649
Epoch 0771 | Loss: 0.0194 | Val: 0.8305 | Test: 0.8649 | Best Test: 0.8649
Epoch 0772 | Loss: 0.0184 | Val: 0.8305 | Test: 0.8649 | Best Test: 0.8649
Epoch 0773 | Loss: 0.0214 | Val: 0.8305 | Test: 0.8649 | Best Test: 0.8649
Epoch 0774 | Loss: 0.0204 | Val: 0.8305 | Test: 0.8649 | Best Test: 0.8649
Epoch 0775 | Loss: 0.0189 | Val: 0.8305 | Test: 0.8649 | Best Test: 0.8649
Epoch 0776 | Loss: 0.0236 | Val: 0.8305 | Test: 0.8649 | Best Test: 0.8649
Epoch 0777 | Loss: 0.0188 | Val: 0.8305 | Test: 0.8649 | Best Test: 0.8649
Epoch 0778 | Loss: 0.0181 | Val: 0.8305 | Test: 0.8649 | Best Test: 0.8649
Epoch 0779 | Loss: 0.0196 | Val: 0.8305 | Test: 0.8649 | Best Test: 0.8649
Epoch 0780 | Loss: 0.0194 | Val: 0.8305 | Test: 0.8649 | Best Test: 0.8649
Epoch 0781 | Loss: 0.0202 | Val: 0.8305 | Test: 0.8649 | Best Test: 0.8649
Epoch 0782 | Loss: 0.0203 | Val: 0.8305 | Test: 0.8649 | Best Test: 0.8649
Epoch 0783 | Loss: 0.0191 | Val: 0.8305 | Test: 0.8649 | Best Test: 0.8649
Epoch 0784 | Loss: 0.0357 | Val: 0.8305 | Test: 0.8649 | Best Test: 0.8649
Epoch 0785 | Loss: 0.0186 | Val: 0.8305 | Test: 0.8649 | Best Test: 0.8649
Epoch 0786 | Loss: 0.0212 | Val: 0.8305 | Test: 0.8649 | Best Test: 0.8649
Epoch 0787 | Loss: 0.0210 | Val: 0.8305 | Test: 0.8649 | Best Test: 0.8649
Epoch 0788 | Loss: 0.0275 | Val: 0.8305 | Test: 0.8649 | Best Test: 0.8649
Epoch 0789 | Loss: 0.0202 | Val: 0.8305 | Test: 0.8649 | Best Test: 0.8649
Epoch 0790 | Loss: 0.0241 | Val: 0.8305 | Test: 0.8649 | Best Test: 0.8649
Epoch 0791 | Loss: 0.0194 | Val: 0.8305 | Test: 0.8649 | Best Test: 0.8649
Epoch 0792 | Loss: 0.0184 | Val: 0.8305 | Test: 0.8649 | Best Test: 0.8649
Epoch 0793 | Loss: 0.0195 | Val: 0.8305 | Test: 0.8649 | Best Test: 0.8649
Epoch 0794 | Loss: 0.0194 | Val: 0.8305 | Test: 0.8649 | Best Test: 0.8649
Epoch 0795 | Loss: 0.0192 | Val: 0.8305 | Test: 0.8649 | Best Test: 0.8649
Epoch 0796 | Loss: 0.0198 | Val: 0.8305 | Test: 0.8649 | Best Test: 0.8649
Epoch 0797 | Loss: 0.0290 | Val: 0.8305 | Test: 0.8649 | Best Test: 0.8649
Epoch 0798 | Loss: 0.0187 | Val: 0.8305 | Test: 0.8649 | Best Test: 0.8649
Epoch 0799 | Loss: 0.0183 | Val: 0.8305 | Test: 0.8649 | Best Test: 0.8649
Epoch 0800 | Loss: 0.0201 | Val: 0.8305 | Test: 0.8649 | Best Test: 0.8649
Epoch 0801 | Loss: 0.0248 | Val: 0.8305 | Test: 0.8649 | Best Test: 0.8649
Epoch 0802 | Loss: 0.0184 | Val: 0.8305 | Test: 0.8649 | Best Test: 0.8649
Epoch 0803 | Loss: 0.0193 | Val: 0.8305 | Test: 0.8649 | Best Test: 0.8649
Epoch 0804 | Loss: 0.0199 | Val: 0.8305 | Test: 0.8649 | Best Test: 0.8649
Epoch 0805 | Loss: 0.0198 | Val: 0.8305 | Test: 0.8649 | Best Test: 0.8649
Epoch 0806 | Loss: 0.0262 | Val: 0.8305 | Test: 0.8649 | Best Test: 0.8649
Epoch 0807 | Loss: 0.0228 | Val: 0.8305 | Test: 0.8649 | Best Test: 0.8649
Epoch 0808 | Loss: 0.0212 | Val: 0.8305 | Test: 0.8649 | Best Test: 0.8649
Epoch 0809 | Loss: 0.0209 | Val: 0.8305 | Test: 0.8649 | Best Test: 0.8649
Epoch 0810 | Loss: 0.0205 | Val: 0.8305 | Test: 0.8649 | Best Test: 0.8649
Epoch 0811 | Loss: 0.0222 | Val: 0.8305 | Test: 0.8649 | Best Test: 0.8649
Epoch 0812 | Loss: 0.0202 | Val: 0.8305 | Test: 0.8649 | Best Test: 0.8649
Epoch 0813 | Loss: 0.0189 | Val: 0.8305 | Test: 0.8649 | Best Test: 0.8649
Epoch 0814 | Loss: 0.0406 | Val: 0.8305 | Test: 0.8649 | Best Test: 0.8649
Epoch 0815 | Loss: 0.0206 | Val: 0.8305 | Test: 0.8649 | Best Test: 0.8649
Epoch 0816 | Loss: 0.0234 | Val: 0.8305 | Test: 0.8649 | Best Test: 0.8649
Epoch 0817 | Loss: 0.0189 | Val: 0.8305 | Test: 0.8649 | Best Test: 0.8649
Epoch 0818 | Loss: 0.0178 | Val: 0.8305 | Test: 0.8649 | Best Test: 0.8649
Epoch 0819 | Loss: 0.0204 | Val: 0.8305 | Test: 0.8649 | Best Test: 0.8649
Epoch 0820 | Loss: 0.0194 | Val: 0.8305 | Test: 0.8649 | Best Test: 0.8649
Epoch 0821 | Loss: 0.0191 | Val: 0.8305 | Test: 0.8649 | Best Test: 0.8649
Epoch 0822 | Loss: 0.0182 | Val: 0.8305 | Test: 0.8649 | Best Test: 0.8649
Epoch 0823 | Loss: 0.0216 | Val: 0.8305 | Test: 0.8649 | Best Test: 0.8649
Epoch 0824 | Loss: 0.0187 | Val: 0.8305 | Test: 0.8649 | Best Test: 0.8649
Epoch 0825 | Loss: 0.0200 | Val: 0.8305 | Test: 0.8649 | Best Test: 0.8649
Epoch 0826 | Loss: 0.0216 | Val: 0.8305 | Test: 0.8649 | Best Test: 0.8649
Epoch 0827 | Loss: 0.0225 | Val: 0.8305 | Test: 0.8649 | Best Test: 0.8649
Epoch 0828 | Loss: 0.0217 | Val: 0.8305 | Test: 0.8649 | Best Test: 0.8649
Epoch 0829 | Loss: 0.0216 | Val: 0.8305 | Test: 0.8649 | Best Test: 0.8649
Epoch 0830 | Loss: 0.0180 | Val: 0.8305 | Test: 0.8649 | Best Test: 0.8649
Epoch 0831 | Loss: 0.0192 | Val: 0.8305 | Test: 0.8649 | Best Test: 0.8649
Epoch 0832 | Loss: 0.0199 | Val: 0.8305 | Test: 0.8649 | Best Test: 0.8649
Epoch 0833 | Loss: 0.0223 | Val: 0.8305 | Test: 0.8649 | Best Test: 0.8649
Epoch 0834 | Loss: 0.0236 | Val: 0.8305 | Test: 0.8649 | Best Test: 0.8649
Epoch 0835 | Loss: 0.0196 | Val: 0.8305 | Test: 0.8649 | Best Test: 0.8649
Epoch 0836 | Loss: 0.0184 | Val: 0.8305 | Test: 0.8649 | Best Test: 0.8649
Epoch 0837 | Loss: 0.0193 | Val: 0.8305 | Test: 0.8649 | Best Test: 0.8649
Epoch 0838 | Loss: 0.0358 | Val: 0.8305 | Test: 0.8649 | Best Test: 0.8649
Epoch 0839 | Loss: 0.0214 | Val: 0.8305 | Test: 0.8649 | Best Test: 0.8649
Epoch 0840 | Loss: 0.0202 | Val: 0.8305 | Test: 0.8649 | Best Test: 0.8649
Epoch 0841 | Loss: 0.0188 | Val: 0.8305 | Test: 0.8649 | Best Test: 0.8649
Epoch 0842 | Loss: 0.0196 | Val: 0.8305 | Test: 0.8649 | Best Test: 0.8649
Epoch 0843 | Loss: 0.0203 | Val: 0.8305 | Test: 0.8649 | Best Test: 0.8649
Epoch 0844 | Loss: 0.0193 | Val: 0.8305 | Test: 0.8649 | Best Test: 0.8649
Epoch 0845 | Loss: 0.0191 | Val: 0.8305 | Test: 0.8649 | Best Test: 0.8649
Epoch 0846 | Loss: 0.0208 | Val: 0.8305 | Test: 0.8649 | Best Test: 0.8649
Epoch 0847 | Loss: 0.0209 | Val: 0.8305 | Test: 0.8649 | Best Test: 0.8649
Epoch 0848 | Loss: 0.0208 | Val: 0.8305 | Test: 0.8649 | Best Test: 0.8649
Epoch 0849 | Loss: 0.0199 | Val: 0.8305 | Test: 0.8649 | Best Test: 0.8649
Epoch 0850 | Loss: 0.0189 | Val: 0.8305 | Test: 0.8649 | Best Test: 0.8649
Epoch 0851 | Loss: 0.0214 | Val: 0.8305 | Test: 0.8649 | Best Test: 0.8649
Epoch 0852 | Loss: 0.0173 | Val: 0.8305 | Test: 0.8649 | Best Test: 0.8649
Epoch 0853 | Loss: 0.0217 | Val: 0.8305 | Test: 0.8649 | Best Test: 0.8649
Epoch 0854 | Loss: 0.0192 | Val: 0.8305 | Test: 0.8649 | Best Test: 0.8649
Epoch 0855 | Loss: 0.0175 | Val: 0.8305 | Test: 0.8649 | Best Test: 0.8649
Epoch 0856 | Loss: 0.0205 | Val: 0.8305 | Test: 0.8649 | Best Test: 0.8649
Epoch 0857 | Loss: 0.0200 | Val: 0.8305 | Test: 0.8649 | Best Test: 0.8649
Epoch 0858 | Loss: 0.0183 | Val: 0.8305 | Test: 0.8649 | Best Test: 0.8649
Epoch 0859 | Loss: 0.0204 | Val: 0.8305 | Test: 0.8649 | Best Test: 0.8649
Epoch 0860 | Loss: 0.0187 | Val: 0.8305 | Test: 0.8649 | Best Test: 0.8649
Epoch 0861 | Loss: 0.0192 | Val: 0.8305 | Test: 0.8649 | Best Test: 0.8649
Epoch 0862 | Loss: 0.0182 | Val: 0.8305 | Test: 0.8649 | Best Test: 0.8649
Epoch 0863 | Loss: 0.0190 | Val: 0.8305 | Test: 0.8649 | Best Test: 0.8649
Epoch 0864 | Loss: 0.0211 | Val: 0.8305 | Test: 0.8649 | Best Test: 0.8649
Epoch 0865 | Loss: 0.0240 | Val: 0.8305 | Test: 0.8649 | Best Test: 0.8649
Epoch 0866 | Loss: 0.0268 | Val: 0.8305 | Test: 0.8649 | Best Test: 0.8649
Epoch 0867 | Loss: 0.0219 | Val: 0.8305 | Test: 0.8649 | Best Test: 0.8649
Epoch 0868 | Loss: 0.0192 | Val: 0.8305 | Test: 0.8649 | Best Test: 0.8649
Epoch 0869 | Loss: 0.0183 | Val: 0.8305 | Test: 0.8649 | Best Test: 0.8649
Epoch 0870 | Loss: 0.0214 | Val: 0.8305 | Test: 0.8649 | Best Test: 0.8649
Epoch 0871 | Loss: 0.0192 | Val: 0.8305 | Test: 0.8649 | Best Test: 0.8649
Epoch 0872 | Loss: 0.0212 | Val: 0.8305 | Test: 0.8649 | Best Test: 0.8649
Epoch 0873 | Loss: 0.0183 | Val: 0.8305 | Test: 0.8649 | Best Test: 0.8649
Epoch 0874 | Loss: 0.0214 | Val: 0.8305 | Test: 0.8649 | Best Test: 0.8649
Epoch 0875 | Loss: 0.0202 | Val: 0.8305 | Test: 0.8649 | Best Test: 0.8649
Epoch 0876 | Loss: 0.0183 | Val: 0.8305 | Test: 0.8649 | Best Test: 0.8649
Epoch 0877 | Loss: 0.0183 | Val: 0.8305 | Test: 0.8649 | Best Test: 0.8649
Epoch 0878 | Loss: 0.0200 | Val: 0.8305 | Test: 0.8649 | Best Test: 0.8649
Epoch 0879 | Loss: 0.0203 | Val: 0.8305 | Test: 0.8649 | Best Test: 0.8649
Epoch 0880 | Loss: 0.0194 | Val: 0.8305 | Test: 0.8649 | Best Test: 0.8649
Epoch 0881 | Loss: 0.0207 | Val: 0.8305 | Test: 0.8649 | Best Test: 0.8649
Epoch 0882 | Loss: 0.0288 | Val: 0.8305 | Test: 0.8649 | Best Test: 0.8649
Epoch 0883 | Loss: 0.0255 | Val: 0.8305 | Test: 0.8649 | Best Test: 0.8649
Epoch 0884 | Loss: 0.0185 | Val: 0.8305 | Test: 0.8649 | Best Test: 0.8649
Epoch 0885 | Loss: 0.0182 | Val: 0.8305 | Test: 0.8649 | Best Test: 0.8649
Epoch 0886 | Loss: 0.0219 | Val: 0.8305 | Test: 0.8649 | Best Test: 0.8649
Epoch 0887 | Loss: 0.0201 | Val: 0.8305 | Test: 0.8649 | Best Test: 0.8649
Epoch 0888 | Loss: 0.0183 | Val: 0.8305 | Test: 0.8649 | Best Test: 0.8649
Epoch 0889 | Loss: 0.0182 | Val: 0.8305 | Test: 0.8649 | Best Test: 0.8649
Epoch 0890 | Loss: 0.0235 | Val: 0.8305 | Test: 0.8649 | Best Test: 0.8649
Epoch 0891 | Loss: 0.0233 | Val: 0.8305 | Test: 0.8649 | Best Test: 0.8649
Epoch 0892 | Loss: 0.0188 | Val: 0.8305 | Test: 0.8649 | Best Test: 0.8649
Epoch 0893 | Loss: 0.0197 | Val: 0.8305 | Test: 0.8649 | Best Test: 0.8649
Epoch 0894 | Loss: 0.0208 | Val: 0.8305 | Test: 0.8649 | Best Test: 0.8649
Epoch 0895 | Loss: 0.0189 | Val: 0.8305 | Test: 0.8649 | Best Test: 0.8649
Epoch 0896 | Loss: 0.0205 | Val: 0.8305 | Test: 0.8649 | Best Test: 0.8649
Epoch 0897 | Loss: 0.0186 | Val: 0.8305 | Test: 0.8649 | Best Test: 0.8649
Epoch 0898 | Loss: 0.0183 | Val: 0.8305 | Test: 0.8649 | Best Test: 0.8649
Epoch 0899 | Loss: 0.0192 | Val: 0.8305 | Test: 0.8649 | Best Test: 0.8649
Epoch 0900 | Loss: 0.0199 | Val: 0.8305 | Test: 0.8649 | Best Test: 0.8649
Epoch 0901 | Loss: 0.0183 | Val: 0.8305 | Test: 0.8649 | Best Test: 0.8649
Epoch 0902 | Loss: 0.0214 | Val: 0.8305 | Test: 0.8649 | Best Test: 0.8649
Epoch 0903 | Loss: 0.0218 | Val: 0.8305 | Test: 0.8649 | Best Test: 0.8649
Epoch 0904 | Loss: 0.0210 | Val: 0.8305 | Test: 0.8649 | Best Test: 0.8649
Epoch 0905 | Loss: 0.0184 | Val: 0.8305 | Test: 0.8649 | Best Test: 0.8649
Epoch 0906 | Loss: 0.0196 | Val: 0.8305 | Test: 0.8649 | Best Test: 0.8649
Epoch 0907 | Loss: 0.0188 | Val: 0.8305 | Test: 0.8649 | Best Test: 0.8649
Epoch 0908 | Loss: 0.0220 | Val: 0.8305 | Test: 0.8649 | Best Test: 0.8649
Epoch 0909 | Loss: 0.0179 | Val: 0.8305 | Test: 0.8649 | Best Test: 0.8649
Epoch 0910 | Loss: 0.0276 | Val: 0.8305 | Test: 0.8649 | Best Test: 0.8649
Epoch 0911 | Loss: 0.0184 | Val: 0.8305 | Test: 0.8649 | Best Test: 0.8649
Epoch 0912 | Loss: 0.0213 | Val: 0.8305 | Test: 0.8649 | Best Test: 0.8649
Epoch 0913 | Loss: 0.0183 | Val: 0.8305 | Test: 0.8649 | Best Test: 0.8649
Epoch 0914 | Loss: 0.0221 | Val: 0.8305 | Test: 0.8649 | Best Test: 0.8649
Epoch 0915 | Loss: 0.0180 | Val: 0.8305 | Test: 0.8649 | Best Test: 0.8649
Epoch 0916 | Loss: 0.0229 | Val: 0.8305 | Test: 0.8649 | Best Test: 0.8649
Epoch 0917 | Loss: 0.0192 | Val: 0.8305 | Test: 0.8649 | Best Test: 0.8649
Epoch 0918 | Loss: 0.0220 | Val: 0.8305 | Test: 0.8649 | Best Test: 0.8649
Epoch 0919 | Loss: 0.0185 | Val: 0.8305 | Test: 0.8649 | Best Test: 0.8649
Epoch 0920 | Loss: 0.0203 | Val: 0.8305 | Test: 0.8649 | Best Test: 0.8649
Epoch 0921 | Loss: 0.0328 | Val: 0.8305 | Test: 0.8649 | Best Test: 0.8649
Epoch 0922 | Loss: 0.0208 | Val: 0.8305 | Test: 0.8649 | Best Test: 0.8649
Epoch 0923 | Loss: 0.0199 | Val: 0.8305 | Test: 0.8649 | Best Test: 0.8649
Epoch 0924 | Loss: 0.0186 | Val: 0.8305 | Test: 0.8649 | Best Test: 0.8649
Epoch 0925 | Loss: 0.0188 | Val: 0.8305 | Test: 0.8649 | Best Test: 0.8649
Epoch 0926 | Loss: 0.0188 | Val: 0.8305 | Test: 0.8649 | Best Test: 0.8649
Epoch 0927 | Loss: 0.0222 | Val: 0.8475 | Test: 0.8649 | Best Test: 0.8649
Epoch 0928 | Loss: 0.0180 | Val: 0.8475 | Test: 0.8649 | Best Test: 0.8649
Epoch 0929 | Loss: 0.0212 | Val: 0.8475 | Test: 0.8649 | Best Test: 0.8649
Epoch 0930 | Loss: 0.0205 | Val: 0.8475 | Test: 0.8649 | Best Test: 0.8649
Epoch 0931 | Loss: 0.0213 | Val: 0.8475 | Test: 0.8649 | Best Test: 0.8649
Epoch 0932 | Loss: 0.0202 | Val: 0.8475 | Test: 0.8649 | Best Test: 0.8649
Epoch 0933 | Loss: 0.0179 | Val: 0.8475 | Test: 0.8649 | Best Test: 0.8649
Epoch 0934 | Loss: 0.0194 | Val: 0.8475 | Test: 0.8649 | Best Test: 0.8649
Epoch 0935 | Loss: 0.0202 | Val: 0.8475 | Test: 0.8649 | Best Test: 0.8649
Epoch 0936 | Loss: 0.0219 | Val: 0.8475 | Test: 0.8649 | Best Test: 0.8649
Epoch 0937 | Loss: 0.0214 | Val: 0.8475 | Test: 0.8649 | Best Test: 0.8649
Epoch 0938 | Loss: 0.0198 | Val: 0.8475 | Test: 0.8649 | Best Test: 0.8649
Epoch 0939 | Loss: 0.0178 | Val: 0.8475 | Test: 0.8649 | Best Test: 0.8649
Epoch 0940 | Loss: 0.0185 | Val: 0.8475 | Test: 0.8649 | Best Test: 0.8649
Epoch 0941 | Loss: 0.0199 | Val: 0.8475 | Test: 0.8649 | Best Test: 0.8649
Epoch 0942 | Loss: 0.0192 | Val: 0.8475 | Test: 0.8649 | Best Test: 0.8649
Epoch 0943 | Loss: 0.0196 | Val: 0.8475 | Test: 0.8649 | Best Test: 0.8649
Epoch 0944 | Loss: 0.0208 | Val: 0.8475 | Test: 0.8649 | Best Test: 0.8649
Epoch 0945 | Loss: 0.0214 | Val: 0.8475 | Test: 0.8649 | Best Test: 0.8649
Epoch 0946 | Loss: 0.0246 | Val: 0.8475 | Test: 0.8649 | Best Test: 0.8649
Epoch 0947 | Loss: 0.0260 | Val: 0.8475 | Test: 0.8649 | Best Test: 0.8649
Epoch 0948 | Loss: 0.0217 | Val: 0.8475 | Test: 0.8649 | Best Test: 0.8649
Epoch 0949 | Loss: 0.0212 | Val: 0.8475 | Test: 0.8649 | Best Test: 0.8649
Epoch 0950 | Loss: 0.0201 | Val: 0.8475 | Test: 0.8649 | Best Test: 0.8649
Epoch 0951 | Loss: 0.0220 | Val: 0.8475 | Test: 0.8649 | Best Test: 0.8649
Epoch 0952 | Loss: 0.0177 | Val: 0.8475 | Test: 0.8649 | Best Test: 0.8649
Epoch 0953 | Loss: 0.0177 | Val: 0.8475 | Test: 0.8649 | Best Test: 0.8649
Epoch 0954 | Loss: 0.0189 | Val: 0.8475 | Test: 0.8649 | Best Test: 0.8649
Epoch 0955 | Loss: 0.0181 | Val: 0.8475 | Test: 0.8649 | Best Test: 0.8649
Epoch 0956 | Loss: 0.0225 | Val: 0.8475 | Test: 0.8649 | Best Test: 0.8649
Epoch 0957 | Loss: 0.0192 | Val: 0.8475 | Test: 0.8649 | Best Test: 0.8649
Epoch 0958 | Loss: 0.0243 | Val: 0.8475 | Test: 0.8649 | Best Test: 0.8649
Epoch 0959 | Loss: 0.0212 | Val: 0.8475 | Test: 0.8649 | Best Test: 0.8649
Epoch 0960 | Loss: 0.0179 | Val: 0.8475 | Test: 0.8649 | Best Test: 0.8649
Epoch 0961 | Loss: 0.0220 | Val: 0.8475 | Test: 0.8649 | Best Test: 0.8649
Epoch 0962 | Loss: 0.0217 | Val: 0.8475 | Test: 0.8649 | Best Test: 0.8649
Epoch 0963 | Loss: 0.0202 | Val: 0.8475 | Test: 0.8649 | Best Test: 0.8649
Epoch 0964 | Loss: 0.0220 | Val: 0.8475 | Test: 0.8649 | Best Test: 0.8649
Epoch 0965 | Loss: 0.0204 | Val: 0.8475 | Test: 0.8649 | Best Test: 0.8649
Epoch 0966 | Loss: 0.0187 | Val: 0.8475 | Test: 0.8649 | Best Test: 0.8649
Epoch 0967 | Loss: 0.0187 | Val: 0.8475 | Test: 0.8649 | Best Test: 0.8649
Epoch 0968 | Loss: 0.0183 | Val: 0.8475 | Test: 0.8649 | Best Test: 0.8649
Epoch 0969 | Loss: 0.0194 | Val: 0.8475 | Test: 0.8649 | Best Test: 0.8649
Epoch 0970 | Loss: 0.0195 | Val: 0.8475 | Test: 0.8649 | Best Test: 0.8649
Epoch 0971 | Loss: 0.0212 | Val: 0.8475 | Test: 0.8649 | Best Test: 0.8649
Epoch 0972 | Loss: 0.0298 | Val: 0.8475 | Test: 0.8649 | Best Test: 0.8649
Epoch 0973 | Loss: 0.0192 | Val: 0.8475 | Test: 0.8649 | Best Test: 0.8649
Epoch 0974 | Loss: 0.0191 | Val: 0.8475 | Test: 0.8649 | Best Test: 0.8649
Epoch 0975 | Loss: 0.0211 | Val: 0.8475 | Test: 0.8649 | Best Test: 0.8649
Epoch 0976 | Loss: 0.0191 | Val: 0.8475 | Test: 0.8649 | Best Test: 0.8649
Epoch 0977 | Loss: 0.0208 | Val: 0.8475 | Test: 0.8649 | Best Test: 0.8649
Epoch 0978 | Loss: 0.0227 | Val: 0.8475 | Test: 0.8649 | Best Test: 0.8649
Epoch 0979 | Loss: 0.0238 | Val: 0.8475 | Test: 0.8649 | Best Test: 0.8649
Epoch 0980 | Loss: 0.0221 | Val: 0.8475 | Test: 0.8649 | Best Test: 0.8649
Epoch 0981 | Loss: 0.0199 | Val: 0.8475 | Test: 0.8649 | Best Test: 0.8649
Epoch 0982 | Loss: 0.0200 | Val: 0.8475 | Test: 0.8649 | Best Test: 0.8649
Epoch 0983 | Loss: 0.0205 | Val: 0.8475 | Test: 0.8649 | Best Test: 0.8649
Epoch 0984 | Loss: 0.0209 | Val: 0.8475 | Test: 0.8649 | Best Test: 0.8649
Epoch 0985 | Loss: 0.0206 | Val: 0.8475 | Test: 0.8649 | Best Test: 0.8649
Epoch 0986 | Loss: 0.0183 | Val: 0.8475 | Test: 0.8649 | Best Test: 0.8649
Epoch 0987 | Loss: 0.0187 | Val: 0.8475 | Test: 0.8649 | Best Test: 0.8649
Epoch 0988 | Loss: 0.0190 | Val: 0.8475 | Test: 0.8649 | Best Test: 0.8649
Epoch 0989 | Loss: 0.0198 | Val: 0.8475 | Test: 0.8649 | Best Test: 0.8649
Epoch 0990 | Loss: 0.0196 | Val: 0.8475 | Test: 0.8649 | Best Test: 0.8649
Epoch 0991 | Loss: 0.0181 | Val: 0.8475 | Test: 0.8649 | Best Test: 0.8649
Epoch 0992 | Loss: 0.0188 | Val: 0.8475 | Test: 0.8649 | Best Test: 0.8649
Epoch 0993 | Loss: 0.0204 | Val: 0.8475 | Test: 0.8649 | Best Test: 0.8649
Epoch 0994 | Loss: 0.0186 | Val: 0.8475 | Test: 0.8649 | Best Test: 0.8649
Epoch 0995 | Loss: 0.0228 | Val: 0.8475 | Test: 0.8649 | Best Test: 0.8649
Epoch 0996 | Loss: 0.0174 | Val: 0.8475 | Test: 0.8649 | Best Test: 0.8649
Epoch 0997 | Loss: 0.0226 | Val: 0.8475 | Test: 0.8649 | Best Test: 0.8649
Epoch 0998 | Loss: 0.0204 | Val: 0.8475 | Test: 0.8649 | Best Test: 0.8649
Epoch 0999 | Loss: 0.0272 | Val: 0.8475 | Test: 0.8649 | Best Test: 0.8649
Epoch 1000 | Loss: 0.0190 | Val: 0.8475 | Test: 0.8649 | Best Test: 0.8649
Epoch 1001 | Loss: 0.0195 | Val: 0.8475 | Test: 0.8649 | Best Test: 0.8649
Epoch 1002 | Loss: 0.0191 | Val: 0.8475 | Test: 0.8649 | Best Test: 0.8649
Epoch 1003 | Loss: 0.0201 | Val: 0.8475 | Test: 0.8649 | Best Test: 0.8649
Epoch 1004 | Loss: 0.0216 | Val: 0.8475 | Test: 0.8649 | Best Test: 0.8649
Epoch 1005 | Loss: 0.0198 | Val: 0.8475 | Test: 0.8649 | Best Test: 0.8649
Epoch 1006 | Loss: 0.0190 | Val: 0.8475 | Test: 0.8649 | Best Test: 0.8649
Epoch 1007 | Loss: 0.0212 | Val: 0.8475 | Test: 0.8649 | Best Test: 0.8649
Epoch 1008 | Loss: 0.0225 | Val: 0.8475 | Test: 0.8649 | Best Test: 0.8649
Epoch 1009 | Loss: 0.0259 | Val: 0.8475 | Test: 0.8649 | Best Test: 0.8649
Epoch 1010 | Loss: 0.0205 | Val: 0.8475 | Test: 0.8649 | Best Test: 0.8649
Epoch 1011 | Loss: 0.0213 | Val: 0.8475 | Test: 0.8649 | Best Test: 0.8649
Epoch 1012 | Loss: 0.0203 | Val: 0.8475 | Test: 0.8649 | Best Test: 0.8649
Epoch 1013 | Loss: 0.0191 | Val: 0.8475 | Test: 0.8649 | Best Test: 0.8649
Epoch 1014 | Loss: 0.0191 | Val: 0.8475 | Test: 0.8649 | Best Test: 0.8649
Epoch 1015 | Loss: 0.0232 | Val: 0.8475 | Test: 0.8649 | Best Test: 0.8649
Epoch 1016 | Loss: 0.0189 | Val: 0.8475 | Test: 0.8649 | Best Test: 0.8649
Epoch 1017 | Loss: 0.0186 | Val: 0.8475 | Test: 0.8649 | Best Test: 0.8649
Epoch 1018 | Loss: 0.0180 | Val: 0.8475 | Test: 0.8649 | Best Test: 0.8649
Epoch 1019 | Loss: 0.0232 | Val: 0.8475 | Test: 0.8649 | Best Test: 0.8649
Epoch 1020 | Loss: 0.0198 | Val: 0.8475 | Test: 0.8649 | Best Test: 0.8649
Epoch 1021 | Loss: 0.0202 | Val: 0.8475 | Test: 0.8649 | Best Test: 0.8649
Epoch 1022 | Loss: 0.0214 | Val: 0.8475 | Test: 0.8649 | Best Test: 0.8649
Epoch 1023 | Loss: 0.0196 | Val: 0.8475 | Test: 0.8649 | Best Test: 0.8649
Epoch 1024 | Loss: 0.0189 | Val: 0.8475 | Test: 0.8649 | Best Test: 0.8649
Epoch 1025 | Loss: 0.0178 | Val: 0.8475 | Test: 0.8649 | Best Test: 0.8649
Epoch 1026 | Loss: 0.0207 | Val: 0.8475 | Test: 0.8649 | Best Test: 0.8649
Epoch 1027 | Loss: 0.0194 | Val: 0.8475 | Test: 0.8649 | Best Test: 0.8649
Epoch 1028 | Loss: 0.0245 | Val: 0.8475 | Test: 0.8649 | Best Test: 0.8649
Epoch 1029 | Loss: 0.0216 | Val: 0.8475 | Test: 0.8649 | Best Test: 0.8649
Epoch 1030 | Loss: 0.0183 | Val: 0.8475 | Test: 0.8649 | Best Test: 0.8649
Epoch 1031 | Loss: 0.0177 | Val: 0.8475 | Test: 0.8649 | Best Test: 0.8649
Epoch 1032 | Loss: 0.0192 | Val: 0.8475 | Test: 0.8649 | Best Test: 0.8649
Epoch 1033 | Loss: 0.0181 | Val: 0.8475 | Test: 0.8649 | Best Test: 0.8649
Epoch 1034 | Loss: 0.0185 | Val: 0.8475 | Test: 0.8649 | Best Test: 0.8649
Epoch 1035 | Loss: 0.0236 | Val: 0.8475 | Test: 0.8649 | Best Test: 0.8649
Epoch 1036 | Loss: 0.0207 | Val: 0.8475 | Test: 0.8649 | Best Test: 0.8649
Epoch 1037 | Loss: 0.0276 | Val: 0.8475 | Test: 0.8649 | Best Test: 0.8649
Epoch 1038 | Loss: 0.0180 | Val: 0.8475 | Test: 0.8649 | Best Test: 0.8649
Epoch 1039 | Loss: 0.0193 | Val: 0.8475 | Test: 0.8649 | Best Test: 0.8649
Epoch 1040 | Loss: 0.0215 | Val: 0.8475 | Test: 0.8649 | Best Test: 0.8649
Epoch 1041 | Loss: 0.0209 | Val: 0.8475 | Test: 0.8649 | Best Test: 0.8649
Epoch 1042 | Loss: 0.0192 | Val: 0.8475 | Test: 0.8649 | Best Test: 0.8649
Epoch 1043 | Loss: 0.0238 | Val: 0.8475 | Test: 0.8649 | Best Test: 0.8649
Epoch 1044 | Loss: 0.0189 | Val: 0.8475 | Test: 0.8649 | Best Test: 0.8649
Epoch 1045 | Loss: 0.0209 | Val: 0.8475 | Test: 0.8649 | Best Test: 0.8649
Epoch 1046 | Loss: 0.0184 | Val: 0.8475 | Test: 0.8649 | Best Test: 0.8649
Epoch 1047 | Loss: 0.0188 | Val: 0.8475 | Test: 0.8649 | Best Test: 0.8649
Epoch 1048 | Loss: 0.0256 | Val: 0.8475 | Test: 0.8649 | Best Test: 0.8649
Epoch 1049 | Loss: 0.0201 | Val: 0.8475 | Test: 0.8649 | Best Test: 0.8649
Epoch 1050 | Loss: 0.0192 | Val: 0.8475 | Test: 0.8649 | Best Test: 0.8649
Epoch 1051 | Loss: 0.0225 | Val: 0.8475 | Test: 0.8649 | Best Test: 0.8649
Epoch 1052 | Loss: 0.0199 | Val: 0.8475 | Test: 0.8649 | Best Test: 0.8649
Epoch 1053 | Loss: 0.0184 | Val: 0.8475 | Test: 0.8649 | Best Test: 0.8649
Epoch 1054 | Loss: 0.0185 | Val: 0.8475 | Test: 0.8649 | Best Test: 0.8649
Epoch 1055 | Loss: 0.0253 | Val: 0.8475 | Test: 0.8649 | Best Test: 0.8649
Epoch 1056 | Loss: 0.0186 | Val: 0.8475 | Test: 0.8649 | Best Test: 0.8649
Epoch 1057 | Loss: 0.0197 | Val: 0.8475 | Test: 0.8649 | Best Test: 0.8649
Epoch 1058 | Loss: 0.0181 | Val: 0.8475 | Test: 0.8649 | Best Test: 0.8649
Epoch 1059 | Loss: 0.0222 | Val: 0.8475 | Test: 0.8649 | Best Test: 0.8649
Epoch 1060 | Loss: 0.0208 | Val: 0.8475 | Test: 0.8649 | Best Test: 0.8649
Epoch 1061 | Loss: 0.0186 | Val: 0.8475 | Test: 0.8649 | Best Test: 0.8649
Epoch 1062 | Loss: 0.0195 | Val: 0.8475 | Test: 0.8649 | Best Test: 0.8649
Epoch 1063 | Loss: 0.0210 | Val: 0.8475 | Test: 0.8649 | Best Test: 0.8649
Epoch 1064 | Loss: 0.0191 | Val: 0.8475 | Test: 0.8649 | Best Test: 0.8649
Epoch 1065 | Loss: 0.0193 | Val: 0.8475 | Test: 0.8649 | Best Test: 0.8649
Epoch 1066 | Loss: 0.0216 | Val: 0.8475 | Test: 0.8649 | Best Test: 0.8649
Epoch 1067 | Loss: 0.0182 | Val: 0.8475 | Test: 0.8649 | Best Test: 0.8649
Epoch 1068 | Loss: 0.0208 | Val: 0.8475 | Test: 0.8649 | Best Test: 0.8649
Epoch 1069 | Loss: 0.0231 | Val: 0.8475 | Test: 0.8649 | Best Test: 0.8649
Epoch 1070 | Loss: 0.0181 | Val: 0.8475 | Test: 0.8649 | Best Test: 0.8649
Epoch 1071 | Loss: 0.0193 | Val: 0.8475 | Test: 0.8649 | Best Test: 0.8649
Epoch 1072 | Loss: 0.0191 | Val: 0.8475 | Test: 0.8649 | Best Test: 0.8649
Epoch 1073 | Loss: 0.0210 | Val: 0.8475 | Test: 0.8649 | Best Test: 0.8649
Epoch 1074 | Loss: 0.0178 | Val: 0.8475 | Test: 0.8649 | Best Test: 0.8649
Epoch 1075 | Loss: 0.0225 | Val: 0.8475 | Test: 0.8649 | Best Test: 0.8649
Epoch 1076 | Loss: 0.0196 | Val: 0.8475 | Test: 0.8649 | Best Test: 0.8649
Epoch 1077 | Loss: 0.0190 | Val: 0.8475 | Test: 0.8649 | Best Test: 0.8649
Epoch 1078 | Loss: 0.0187 | Val: 0.8475 | Test: 0.8649 | Best Test: 0.8649
Epoch 1079 | Loss: 0.0220 | Val: 0.8475 | Test: 0.8649 | Best Test: 0.8649
Epoch 1080 | Loss: 0.0218 | Val: 0.8475 | Test: 0.8649 | Best Test: 0.8649
Epoch 1081 | Loss: 0.0211 | Val: 0.8475 | Test: 0.8649 | Best Test: 0.8649
Epoch 1082 | Loss: 0.0207 | Val: 0.8475 | Test: 0.8649 | Best Test: 0.8649
Epoch 1083 | Loss: 0.0196 | Val: 0.8475 | Test: 0.8649 | Best Test: 0.8649
Epoch 1084 | Loss: 0.0191 | Val: 0.8475 | Test: 0.8649 | Best Test: 0.8649
Epoch 1085 | Loss: 0.0203 | Val: 0.8475 | Test: 0.8649 | Best Test: 0.8649
Epoch 1086 | Loss: 0.0265 | Val: 0.8475 | Test: 0.8649 | Best Test: 0.8649
Epoch 1087 | Loss: 0.0197 | Val: 0.8475 | Test: 0.8649 | Best Test: 0.8649
Epoch 1088 | Loss: 0.0218 | Val: 0.8475 | Test: 0.8649 | Best Test: 0.8649
Epoch 1089 | Loss: 0.0179 | Val: 0.8475 | Test: 0.8649 | Best Test: 0.8649
Epoch 1090 | Loss: 0.0189 | Val: 0.8475 | Test: 0.8649 | Best Test: 0.8649
Epoch 1091 | Loss: 0.0209 | Val: 0.8475 | Test: 0.8649 | Best Test: 0.8649
Epoch 1092 | Loss: 0.0233 | Val: 0.8475 | Test: 0.8649 | Best Test: 0.8649
Epoch 1093 | Loss: 0.0197 | Val: 0.8475 | Test: 0.8649 | Best Test: 0.8649
Epoch 1094 | Loss: 0.0198 | Val: 0.8475 | Test: 0.8649 | Best Test: 0.8649
Epoch 1095 | Loss: 0.0241 | Val: 0.8475 | Test: 0.8649 | Best Test: 0.8649
Epoch 1096 | Loss: 0.0207 | Val: 0.8475 | Test: 0.8649 | Best Test: 0.8649
Epoch 1097 | Loss: 0.0186 | Val: 0.8475 | Test: 0.8649 | Best Test: 0.8649
Epoch 1098 | Loss: 0.0197 | Val: 0.8475 | Test: 0.8649 | Best Test: 0.8649
Epoch 1099 | Loss: 0.0198 | Val: 0.8475 | Test: 0.8649 | Best Test: 0.8649
Epoch 1100 | Loss: 0.0222 | Val: 0.8475 | Test: 0.8649 | Best Test: 0.8649
Epoch 1101 | Loss: 0.0186 | Val: 0.8475 | Test: 0.8649 | Best Test: 0.8649
Epoch 1102 | Loss: 0.0220 | Val: 0.8475 | Test: 0.8649 | Best Test: 0.8649
Epoch 1103 | Loss: 0.0175 | Val: 0.8475 | Test: 0.8649 | Best Test: 0.8649
Epoch 1104 | Loss: 0.0223 | Val: 0.8475 | Test: 0.8649 | Best Test: 0.8649
Epoch 1105 | Loss: 0.0222 | Val: 0.8475 | Test: 0.8649 | Best Test: 0.8649
Epoch 1106 | Loss: 0.0180 | Val: 0.8475 | Test: 0.8649 | Best Test: 0.8649
Epoch 1107 | Loss: 0.0185 | Val: 0.8475 | Test: 0.8649 | Best Test: 0.8649
Epoch 1108 | Loss: 0.0193 | Val: 0.8475 | Test: 0.8649 | Best Test: 0.8649
Epoch 1109 | Loss: 0.0190 | Val: 0.8475 | Test: 0.8649 | Best Test: 0.8649
Epoch 1110 | Loss: 0.0331 | Val: 0.8475 | Test: 0.8649 | Best Test: 0.8649
Epoch 1111 | Loss: 0.0205 | Val: 0.8475 | Test: 0.8649 | Best Test: 0.8649
Epoch 1112 | Loss: 0.0223 | Val: 0.8475 | Test: 0.8649 | Best Test: 0.8649
Epoch 1113 | Loss: 0.0202 | Val: 0.8475 | Test: 0.8649 | Best Test: 0.8649
Epoch 1114 | Loss: 0.0209 | Val: 0.8475 | Test: 0.8649 | Best Test: 0.8649
Epoch 1115 | Loss: 0.0208 | Val: 0.8475 | Test: 0.8649 | Best Test: 0.8649
Epoch 1116 | Loss: 0.0244 | Val: 0.8475 | Test: 0.8649 | Best Test: 0.8649
Epoch 1117 | Loss: 0.0202 | Val: 0.8475 | Test: 0.8649 | Best Test: 0.8649
Epoch 1118 | Loss: 0.0182 | Val: 0.8475 | Test: 0.8649 | Best Test: 0.8649
Epoch 1119 | Loss: 0.0200 | Val: 0.8475 | Test: 0.8649 | Best Test: 0.8649
Epoch 1120 | Loss: 0.0190 | Val: 0.8475 | Test: 0.8649 | Best Test: 0.8649
Epoch 1121 | Loss: 0.0183 | Val: 0.8475 | Test: 0.8649 | Best Test: 0.8649
Epoch 1122 | Loss: 0.0214 | Val: 0.8475 | Test: 0.8649 | Best Test: 0.8649
Epoch 1123 | Loss: 0.0230 | Val: 0.8475 | Test: 0.8649 | Best Test: 0.8649
Epoch 1124 | Loss: 0.0196 | Val: 0.8475 | Test: 0.8649 | Best Test: 0.8649
Epoch 1125 | Loss: 0.0215 | Val: 0.8475 | Test: 0.8649 | Best Test: 0.8649
Epoch 1126 | Loss: 0.0246 | Val: 0.8475 | Test: 0.8649 | Best Test: 0.8649
Epoch 1127 | Loss: 0.0216 | Val: 0.8475 | Test: 0.8649 | Best Test: 0.8649
Epoch 1128 | Loss: 0.0188 | Val: 0.8475 | Test: 0.8649 | Best Test: 0.8649
Epoch 1129 | Loss: 0.0213 | Val: 0.8475 | Test: 0.8649 | Best Test: 0.8649
Epoch 1130 | Loss: 0.0189 | Val: 0.8475 | Test: 0.8649 | Best Test: 0.8649
Epoch 1131 | Loss: 0.0210 | Val: 0.8475 | Test: 0.8649 | Best Test: 0.8649
Epoch 1132 | Loss: 0.0232 | Val: 0.8475 | Test: 0.8649 | Best Test: 0.8649
Epoch 1133 | Loss: 0.0245 | Val: 0.8475 | Test: 0.8649 | Best Test: 0.8649
Epoch 1134 | Loss: 0.0185 | Val: 0.8475 | Test: 0.8649 | Best Test: 0.8649
Epoch 1135 | Loss: 0.0200 | Val: 0.8475 | Test: 0.8649 | Best Test: 0.8649
Epoch 1136 | Loss: 0.0213 | Val: 0.8475 | Test: 0.8649 | Best Test: 0.8649
Epoch 1137 | Loss: 0.0199 | Val: 0.8475 | Test: 0.8649 | Best Test: 0.8649
Epoch 1138 | Loss: 0.0188 | Val: 0.8475 | Test: 0.8649 | Best Test: 0.8649
Epoch 1139 | Loss: 0.0175 | Val: 0.8475 | Test: 0.8649 | Best Test: 0.8649
Epoch 1140 | Loss: 0.0204 | Val: 0.8475 | Test: 0.8649 | Best Test: 0.8649
Epoch 1141 | Loss: 0.0176 | Val: 0.8475 | Test: 0.8649 | Best Test: 0.8649
Epoch 1142 | Loss: 0.0200 | Val: 0.8475 | Test: 0.8649 | Best Test: 0.8649
Epoch 1143 | Loss: 0.0184 | Val: 0.8475 | Test: 0.8649 | Best Test: 0.8649
Epoch 1144 | Loss: 0.0203 | Val: 0.8475 | Test: 0.8649 | Best Test: 0.8649
Epoch 1145 | Loss: 0.0191 | Val: 0.8475 | Test: 0.8649 | Best Test: 0.8649
Epoch 1146 | Loss: 0.0199 | Val: 0.8475 | Test: 0.8649 | Best Test: 0.8649
Epoch 1147 | Loss: 0.0234 | Val: 0.8475 | Test: 0.8649 | Best Test: 0.8649
Epoch 1148 | Loss: 0.0217 | Val: 0.8475 | Test: 0.8649 | Best Test: 0.8649
Epoch 1149 | Loss: 0.0222 | Val: 0.8475 | Test: 0.8649 | Best Test: 0.8649
Epoch 1150 | Loss: 0.0209 | Val: 0.8475 | Test: 0.8649 | Best Test: 0.8649
Epoch 1151 | Loss: 0.0205 | Val: 0.8475 | Test: 0.8649 | Best Test: 0.8649
Epoch 1152 | Loss: 0.0221 | Val: 0.8475 | Test: 0.8649 | Best Test: 0.8649
Epoch 1153 | Loss: 0.0196 | Val: 0.8475 | Test: 0.8649 | Best Test: 0.8649
Epoch 1154 | Loss: 0.0192 | Val: 0.8475 | Test: 0.8649 | Best Test: 0.8649
Epoch 1155 | Loss: 0.0232 | Val: 0.8475 | Test: 0.8649 | Best Test: 0.8649
Epoch 1156 | Loss: 0.0200 | Val: 0.8475 | Test: 0.8649 | Best Test: 0.8649
Epoch 1157 | Loss: 0.0188 | Val: 0.8475 | Test: 0.8649 | Best Test: 0.8649
Epoch 1158 | Loss: 0.0204 | Val: 0.8475 | Test: 0.8649 | Best Test: 0.8649
Epoch 1159 | Loss: 0.0178 | Val: 0.8475 | Test: 0.8649 | Best Test: 0.8649
Epoch 1160 | Loss: 0.0192 | Val: 0.8475 | Test: 0.8649 | Best Test: 0.8649
Epoch 1161 | Loss: 0.0196 | Val: 0.8475 | Test: 0.8649 | Best Test: 0.8649
Epoch 1162 | Loss: 0.0194 | Val: 0.8475 | Test: 0.8649 | Best Test: 0.8649
Epoch 1163 | Loss: 0.0180 | Val: 0.8475 | Test: 0.8649 | Best Test: 0.8649
Epoch 1164 | Loss: 0.0190 | Val: 0.8475 | Test: 0.8649 | Best Test: 0.8649
Epoch 1165 | Loss: 0.0177 | Val: 0.8475 | Test: 0.8649 | Best Test: 0.8649
Epoch 1166 | Loss: 0.0194 | Val: 0.8475 | Test: 0.8649 | Best Test: 0.8649
Epoch 1167 | Loss: 0.0211 | Val: 0.8475 | Test: 0.8649 | Best Test: 0.8649
Epoch 1168 | Loss: 0.0191 | Val: 0.8475 | Test: 0.8649 | Best Test: 0.8649
Epoch 1169 | Loss: 0.0189 | Val: 0.8475 | Test: 0.8649 | Best Test: 0.8649
Epoch 1170 | Loss: 0.0195 | Val: 0.8475 | Test: 0.8649 | Best Test: 0.8649
Epoch 1171 | Loss: 0.0224 | Val: 0.8475 | Test: 0.8649 | Best Test: 0.8649
Epoch 1172 | Loss: 0.0217 | Val: 0.8475 | Test: 0.8649 | Best Test: 0.8649
Epoch 1173 | Loss: 0.0193 | Val: 0.8475 | Test: 0.8649 | Best Test: 0.8649
Epoch 1174 | Loss: 0.0212 | Val: 0.8475 | Test: 0.8649 | Best Test: 0.8649
Epoch 1175 | Loss: 0.0193 | Val: 0.8475 | Test: 0.8649 | Best Test: 0.8649
Epoch 1176 | Loss: 0.0218 | Val: 0.8475 | Test: 0.8649 | Best Test: 0.8649
Epoch 1177 | Loss: 0.0210 | Val: 0.8475 | Test: 0.8649 | Best Test: 0.8649
Epoch 1178 | Loss: 0.0179 | Val: 0.8475 | Test: 0.8649 | Best Test: 0.8649
Epoch 1179 | Loss: 0.0284 | Val: 0.8475 | Test: 0.8649 | Best Test: 0.8649
Epoch 1180 | Loss: 0.0228 | Val: 0.8475 | Test: 0.8649 | Best Test: 0.8649
Epoch 1181 | Loss: 0.0206 | Val: 0.8475 | Test: 0.8649 | Best Test: 0.8649
Epoch 1182 | Loss: 0.0183 | Val: 0.8475 | Test: 0.8649 | Best Test: 0.8649
Epoch 1183 | Loss: 0.0201 | Val: 0.8475 | Test: 0.8649 | Best Test: 0.8649
Epoch 1184 | Loss: 0.0195 | Val: 0.8475 | Test: 0.8649 | Best Test: 0.8649
Epoch 1185 | Loss: 0.0356 | Val: 0.8475 | Test: 0.8649 | Best Test: 0.8649
Epoch 1186 | Loss: 0.0198 | Val: 0.8475 | Test: 0.8649 | Best Test: 0.8649
Epoch 1187 | Loss: 0.0187 | Val: 0.8475 | Test: 0.8649 | Best Test: 0.8649
Epoch 1188 | Loss: 0.0205 | Val: 0.8475 | Test: 0.8649 | Best Test: 0.8649
Epoch 1189 | Loss: 0.0206 | Val: 0.8475 | Test: 0.8649 | Best Test: 0.8649
Epoch 1190 | Loss: 0.0177 | Val: 0.8475 | Test: 0.8649 | Best Test: 0.8649
Epoch 1191 | Loss: 0.0201 | Val: 0.8475 | Test: 0.8649 | Best Test: 0.8649
Epoch 1192 | Loss: 0.0194 | Val: 0.8475 | Test: 0.8649 | Best Test: 0.8649
Epoch 1193 | Loss: 0.0249 | Val: 0.8475 | Test: 0.8649 | Best Test: 0.8649
Epoch 1194 | Loss: 0.0204 | Val: 0.8475 | Test: 0.8649 | Best Test: 0.8649
Epoch 1195 | Loss: 0.0193 | Val: 0.8475 | Test: 0.8649 | Best Test: 0.8649
Epoch 1196 | Loss: 0.0171 | Val: 0.8475 | Test: 0.8649 | Best Test: 0.8649
Epoch 1197 | Loss: 0.0190 | Val: 0.8475 | Test: 0.8649 | Best Test: 0.8649
Epoch 1198 | Loss: 0.0215 | Val: 0.8475 | Test: 0.8649 | Best Test: 0.8649
Epoch 1199 | Loss: 0.0182 | Val: 0.8475 | Test: 0.8649 | Best Test: 0.8649
Epoch 1200 | Loss: 0.0190 | Val: 0.8475 | Test: 0.8649 | Best Test: 0.8649
Epoch 1201 | Loss: 0.0211 | Val: 0.8475 | Test: 0.8649 | Best Test: 0.8649
Epoch 1202 | Loss: 0.0192 | Val: 0.8475 | Test: 0.8649 | Best Test: 0.8649
Epoch 1203 | Loss: 0.0202 | Val: 0.8475 | Test: 0.8649 | Best Test: 0.8649
Epoch 1204 | Loss: 0.0242 | Val: 0.8475 | Test: 0.8649 | Best Test: 0.8649
Epoch 1205 | Loss: 0.0205 | Val: 0.8475 | Test: 0.8649 | Best Test: 0.8649
Epoch 1206 | Loss: 0.0202 | Val: 0.8475 | Test: 0.8649 | Best Test: 0.8649
Epoch 1207 | Loss: 0.0180 | Val: 0.8475 | Test: 0.8649 | Best Test: 0.8649
Epoch 1208 | Loss: 0.0183 | Val: 0.8475 | Test: 0.8649 | Best Test: 0.8649
Epoch 1209 | Loss: 0.0216 | Val: 0.8475 | Test: 0.8649 | Best Test: 0.8649
Epoch 1210 | Loss: 0.0200 | Val: 0.8475 | Test: 0.8649 | Best Test: 0.8649
Epoch 1211 | Loss: 0.0182 | Val: 0.8475 | Test: 0.8649 | Best Test: 0.8649
Epoch 1212 | Loss: 0.0195 | Val: 0.8475 | Test: 0.8649 | Best Test: 0.8649
Epoch 1213 | Loss: 0.0204 | Val: 0.8475 | Test: 0.8649 | Best Test: 0.8649
Epoch 1214 | Loss: 0.0219 | Val: 0.8475 | Test: 0.8649 | Best Test: 0.8649
Epoch 1215 | Loss: 0.0170 | Val: 0.8475 | Test: 0.8649 | Best Test: 0.8649
Epoch 1216 | Loss: 0.0193 | Val: 0.8475 | Test: 0.8649 | Best Test: 0.8649
Epoch 1217 | Loss: 0.0215 | Val: 0.8475 | Test: 0.8649 | Best Test: 0.8649
Epoch 1218 | Loss: 0.0216 | Val: 0.8475 | Test: 0.8649 | Best Test: 0.8649
Epoch 1219 | Loss: 0.0195 | Val: 0.8475 | Test: 0.8649 | Best Test: 0.8649
Epoch 1220 | Loss: 0.0213 | Val: 0.8475 | Test: 0.8649 | Best Test: 0.8649
Epoch 1221 | Loss: 0.0215 | Val: 0.8475 | Test: 0.8649 | Best Test: 0.8649
Epoch 1222 | Loss: 0.0245 | Val: 0.8475 | Test: 0.8649 | Best Test: 0.8649
Epoch 1223 | Loss: 0.0220 | Val: 0.8475 | Test: 0.8649 | Best Test: 0.8649
Epoch 1224 | Loss: 0.0191 | Val: 0.8475 | Test: 0.8649 | Best Test: 0.8649
Epoch 1225 | Loss: 0.0186 | Val: 0.8475 | Test: 0.8649 | Best Test: 0.8649
Epoch 1226 | Loss: 0.0217 | Val: 0.8475 | Test: 0.8649 | Best Test: 0.8649
Epoch 1227 | Loss: 0.0189 | Val: 0.8475 | Test: 0.8649 | Best Test: 0.8649
Epoch 1228 | Loss: 0.0217 | Val: 0.8475 | Test: 0.8649 | Best Test: 0.8649
Epoch 1229 | Loss: 0.0192 | Val: 0.8475 | Test: 0.8649 | Best Test: 0.8649
Epoch 1230 | Loss: 0.0226 | Val: 0.8475 | Test: 0.8649 | Best Test: 0.8649
Epoch 1231 | Loss: 0.0191 | Val: 0.8475 | Test: 0.8649 | Best Test: 0.8649
Epoch 1232 | Loss: 0.0206 | Val: 0.8475 | Test: 0.8649 | Best Test: 0.8649
Epoch 1233 | Loss: 0.0184 | Val: 0.8475 | Test: 0.8649 | Best Test: 0.8649
Epoch 1234 | Loss: 0.0185 | Val: 0.8475 | Test: 0.8649 | Best Test: 0.8649
Epoch 1235 | Loss: 0.0228 | Val: 0.8475 | Test: 0.8649 | Best Test: 0.8649
Epoch 1236 | Loss: 0.0237 | Val: 0.8475 | Test: 0.8649 | Best Test: 0.8649
Epoch 1237 | Loss: 0.0191 | Val: 0.8475 | Test: 0.8649 | Best Test: 0.8649
Epoch 1238 | Loss: 0.0203 | Val: 0.8475 | Test: 0.8649 | Best Test: 0.8649
Epoch 1239 | Loss: 0.0210 | Val: 0.8475 | Test: 0.8649 | Best Test: 0.8649
Epoch 1240 | Loss: 0.0183 | Val: 0.8475 | Test: 0.8649 | Best Test: 0.8649
Epoch 1241 | Loss: 0.0220 | Val: 0.8475 | Test: 0.8649 | Best Test: 0.8649
Epoch 1242 | Loss: 0.0186 | Val: 0.8475 | Test: 0.8649 | Best Test: 0.8649
Epoch 1243 | Loss: 0.0178 | Val: 0.8475 | Test: 0.8649 | Best Test: 0.8649
Epoch 1244 | Loss: 0.0199 | Val: 0.8475 | Test: 0.8649 | Best Test: 0.8649
Epoch 1245 | Loss: 0.0189 | Val: 0.8475 | Test: 0.8649 | Best Test: 0.8649
Epoch 1246 | Loss: 0.0223 | Val: 0.8475 | Test: 0.8649 | Best Test: 0.8649
Epoch 1247 | Loss: 0.0263 | Val: 0.8475 | Test: 0.8649 | Best Test: 0.8649
Epoch 1248 | Loss: 0.0204 | Val: 0.8475 | Test: 0.8649 | Best Test: 0.8649
Epoch 1249 | Loss: 0.0180 | Val: 0.8475 | Test: 0.8649 | Best Test: 0.8649
Epoch 1250 | Loss: 0.0236 | Val: 0.8475 | Test: 0.8649 | Best Test: 0.8649
Epoch 1251 | Loss: 0.0200 | Val: 0.8475 | Test: 0.8649 | Best Test: 0.8649
Epoch 1252 | Loss: 0.0198 | Val: 0.8475 | Test: 0.8649 | Best Test: 0.8649
Epoch 1253 | Loss: 0.0199 | Val: 0.8475 | Test: 0.8649 | Best Test: 0.8649
Epoch 1254 | Loss: 0.0196 | Val: 0.8475 | Test: 0.8649 | Best Test: 0.8649
Epoch 1255 | Loss: 0.0190 | Val: 0.8475 | Test: 0.8649 | Best Test: 0.8649
Epoch 1256 | Loss: 0.0184 | Val: 0.8475 | Test: 0.8649 | Best Test: 0.8649
Epoch 1257 | Loss: 0.0189 | Val: 0.8475 | Test: 0.8649 | Best Test: 0.8649
Epoch 1258 | Loss: 0.0191 | Val: 0.8475 | Test: 0.8649 | Best Test: 0.8649
Epoch 1259 | Loss: 0.0180 | Val: 0.8475 | Test: 0.8649 | Best Test: 0.8649
Epoch 1260 | Loss: 0.0173 | Val: 0.8475 | Test: 0.8649 | Best Test: 0.8649
Epoch 1261 | Loss: 0.0179 | Val: 0.8475 | Test: 0.8649 | Best Test: 0.8649
Epoch 1262 | Loss: 0.0194 | Val: 0.8475 | Test: 0.8649 | Best Test: 0.8649
Epoch 1263 | Loss: 0.0211 | Val: 0.8475 | Test: 0.8649 | Best Test: 0.8649
Epoch 1264 | Loss: 0.0176 | Val: 0.8475 | Test: 0.8649 | Best Test: 0.8649
Epoch 1265 | Loss: 0.0204 | Val: 0.8475 | Test: 0.8649 | Best Test: 0.8649
Epoch 1266 | Loss: 0.0187 | Val: 0.8475 | Test: 0.8649 | Best Test: 0.8649
Epoch 1267 | Loss: 0.0205 | Val: 0.8475 | Test: 0.8649 | Best Test: 0.8649
Epoch 1268 | Loss: 0.0193 | Val: 0.8475 | Test: 0.8649 | Best Test: 0.8649
Epoch 1269 | Loss: 0.0182 | Val: 0.8475 | Test: 0.8649 | Best Test: 0.8649
Epoch 1270 | Loss: 0.0194 | Val: 0.8475 | Test: 0.8649 | Best Test: 0.8649
Epoch 1271 | Loss: 0.0202 | Val: 0.8475 | Test: 0.8649 | Best Test: 0.8649
Epoch 1272 | Loss: 0.0188 | Val: 0.8475 | Test: 0.8649 | Best Test: 0.8649
Epoch 1273 | Loss: 0.0222 | Val: 0.8475 | Test: 0.8649 | Best Test: 0.8649
Epoch 1274 | Loss: 0.0175 | Val: 0.8475 | Test: 0.8649 | Best Test: 0.8649
Epoch 1275 | Loss: 0.0192 | Val: 0.8475 | Test: 0.8649 | Best Test: 0.8649
Epoch 1276 | Loss: 0.0191 | Val: 0.8475 | Test: 0.8649 | Best Test: 0.8649
Epoch 1277 | Loss: 0.0195 | Val: 0.8475 | Test: 0.8649 | Best Test: 0.8649
Epoch 1278 | Loss: 0.0178 | Val: 0.8475 | Test: 0.8649 | Best Test: 0.8649
Epoch 1279 | Loss: 0.0214 | Val: 0.8475 | Test: 0.8649 | Best Test: 0.8649
Epoch 1280 | Loss: 0.0187 | Val: 0.8475 | Test: 0.8649 | Best Test: 0.8649
Epoch 1281 | Loss: 0.0186 | Val: 0.8475 | Test: 0.8649 | Best Test: 0.8649
Epoch 1282 | Loss: 0.0182 | Val: 0.8475 | Test: 0.8649 | Best Test: 0.8649
Epoch 1283 | Loss: 0.0194 | Val: 0.8475 | Test: 0.8649 | Best Test: 0.8649
Epoch 1284 | Loss: 0.0219 | Val: 0.8475 | Test: 0.8649 | Best Test: 0.8649
Epoch 1285 | Loss: 0.0194 | Val: 0.8475 | Test: 0.8649 | Best Test: 0.8649
Epoch 1286 | Loss: 0.0190 | Val: 0.8475 | Test: 0.8649 | Best Test: 0.8649
Epoch 1287 | Loss: 0.0209 | Val: 0.8475 | Test: 0.8649 | Best Test: 0.8649
Epoch 1288 | Loss: 0.0190 | Val: 0.8475 | Test: 0.8649 | Best Test: 0.8649
Epoch 1289 | Loss: 0.0211 | Val: 0.8475 | Test: 0.8649 | Best Test: 0.8649
Epoch 1290 | Loss: 0.0213 | Val: 0.8475 | Test: 0.8649 | Best Test: 0.8649
Epoch 1291 | Loss: 0.0264 | Val: 0.8475 | Test: 0.8649 | Best Test: 0.8649
Epoch 1292 | Loss: 0.0194 | Val: 0.8475 | Test: 0.8649 | Best Test: 0.8649
Epoch 1293 | Loss: 0.0186 | Val: 0.8475 | Test: 0.8649 | Best Test: 0.8649
Epoch 1294 | Loss: 0.0232 | Val: 0.8475 | Test: 0.8649 | Best Test: 0.8649
Epoch 1295 | Loss: 0.0221 | Val: 0.8475 | Test: 0.8649 | Best Test: 0.8649
Epoch 1296 | Loss: 0.0219 | Val: 0.8475 | Test: 0.8649 | Best Test: 0.8649
Epoch 1297 | Loss: 0.0209 | Val: 0.8475 | Test: 0.8649 | Best Test: 0.8649
Epoch 1298 | Loss: 0.0208 | Val: 0.8475 | Test: 0.8649 | Best Test: 0.8649
Epoch 1299 | Loss: 0.0201 | Val: 0.8475 | Test: 0.8649 | Best Test: 0.8649
Epoch 1300 | Loss: 0.0197 | Val: 0.8475 | Test: 0.8649 | Best Test: 0.8649
Epoch 1301 | Loss: 0.0180 | Val: 0.8475 | Test: 0.8649 | Best Test: 0.8649
Epoch 1302 | Loss: 0.0192 | Val: 0.8475 | Test: 0.8649 | Best Test: 0.8649
Epoch 1303 | Loss: 0.0179 | Val: 0.8475 | Test: 0.8649 | Best Test: 0.8649
Epoch 1304 | Loss: 0.0188 | Val: 0.8475 | Test: 0.8649 | Best Test: 0.8649
Epoch 1305 | Loss: 0.0217 | Val: 0.8475 | Test: 0.8649 | Best Test: 0.8649
Epoch 1306 | Loss: 0.0249 | Val: 0.8475 | Test: 0.8649 | Best Test: 0.8649
Epoch 1307 | Loss: 0.0188 | Val: 0.8475 | Test: 0.8649 | Best Test: 0.8649
Epoch 1308 | Loss: 0.0187 | Val: 0.8475 | Test: 0.8649 | Best Test: 0.8649
Epoch 1309 | Loss: 0.0205 | Val: 0.8475 | Test: 0.8649 | Best Test: 0.8649
Epoch 1310 | Loss: 0.0224 | Val: 0.8475 | Test: 0.8649 | Best Test: 0.8649
Epoch 1311 | Loss: 0.0194 | Val: 0.8475 | Test: 0.8649 | Best Test: 0.8649
Epoch 1312 | Loss: 0.0201 | Val: 0.8475 | Test: 0.8649 | Best Test: 0.8649
Epoch 1313 | Loss: 0.0208 | Val: 0.8475 | Test: 0.8649 | Best Test: 0.8649
Epoch 1314 | Loss: 0.0232 | Val: 0.8475 | Test: 0.8649 | Best Test: 0.8649
Epoch 1315 | Loss: 0.0193 | Val: 0.8475 | Test: 0.8649 | Best Test: 0.8649
Epoch 1316 | Loss: 0.0207 | Val: 0.8475 | Test: 0.8649 | Best Test: 0.8649
Epoch 1317 | Loss: 0.0234 | Val: 0.8475 | Test: 0.8649 | Best Test: 0.8649
Epoch 1318 | Loss: 0.0204 | Val: 0.8475 | Test: 0.8649 | Best Test: 0.8649
Epoch 1319 | Loss: 0.0178 | Val: 0.8475 | Test: 0.8649 | Best Test: 0.8649
Epoch 1320 | Loss: 0.0176 | Val: 0.8475 | Test: 0.8649 | Best Test: 0.8649
Epoch 1321 | Loss: 0.0314 | Val: 0.8475 | Test: 0.8649 | Best Test: 0.8649
Epoch 1322 | Loss: 0.0227 | Val: 0.8475 | Test: 0.8649 | Best Test: 0.8649
Epoch 1323 | Loss: 0.0191 | Val: 0.8475 | Test: 0.8649 | Best Test: 0.8649
Epoch 1324 | Loss: 0.0244 | Val: 0.8475 | Test: 0.8649 | Best Test: 0.8649
Epoch 1325 | Loss: 0.0194 | Val: 0.8475 | Test: 0.8649 | Best Test: 0.8649
Epoch 1326 | Loss: 0.0216 | Val: 0.8475 | Test: 0.8649 | Best Test: 0.8649
Epoch 1327 | Loss: 0.0263 | Val: 0.8475 | Test: 0.8649 | Best Test: 0.8649
Epoch 1328 | Loss: 0.0198 | Val: 0.8475 | Test: 0.8649 | Best Test: 0.8649
Epoch 1329 | Loss: 0.0192 | Val: 0.8475 | Test: 0.8649 | Best Test: 0.8649
Epoch 1330 | Loss: 0.0217 | Val: 0.8475 | Test: 0.8649 | Best Test: 0.8649
Epoch 1331 | Loss: 0.0191 | Val: 0.8475 | Test: 0.8649 | Best Test: 0.8649
Epoch 1332 | Loss: 0.0180 | Val: 0.8475 | Test: 0.8649 | Best Test: 0.8649
Epoch 1333 | Loss: 0.0239 | Val: 0.8475 | Test: 0.8649 | Best Test: 0.8649
Epoch 1334 | Loss: 0.0192 | Val: 0.8475 | Test: 0.8649 | Best Test: 0.8649
Epoch 1335 | Loss: 0.0267 | Val: 0.8475 | Test: 0.8649 | Best Test: 0.8649
Epoch 1336 | Loss: 0.0216 | Val: 0.8475 | Test: 0.8649 | Best Test: 0.8649
Epoch 1337 | Loss: 0.0185 | Val: 0.8475 | Test: 0.8649 | Best Test: 0.8649
Epoch 1338 | Loss: 0.0177 | Val: 0.8475 | Test: 0.8649 | Best Test: 0.8649
Epoch 1339 | Loss: 0.0202 | Val: 0.8475 | Test: 0.8649 | Best Test: 0.8649
Epoch 1340 | Loss: 0.0198 | Val: 0.8475 | Test: 0.8649 | Best Test: 0.8649
Epoch 1341 | Loss: 0.0208 | Val: 0.8475 | Test: 0.8649 | Best Test: 0.8649
Epoch 1342 | Loss: 0.0208 | Val: 0.8475 | Test: 0.8649 | Best Test: 0.8649
Epoch 1343 | Loss: 0.0219 | Val: 0.8475 | Test: 0.8649 | Best Test: 0.8649
Epoch 1344 | Loss: 0.0206 | Val: 0.8475 | Test: 0.8649 | Best Test: 0.8649
Epoch 1345 | Loss: 0.0209 | Val: 0.8475 | Test: 0.8649 | Best Test: 0.8649
Epoch 1346 | Loss: 0.0176 | Val: 0.8475 | Test: 0.8649 | Best Test: 0.8649
Epoch 1347 | Loss: 0.0261 | Val: 0.8475 | Test: 0.8649 | Best Test: 0.8649
Epoch 1348 | Loss: 0.0189 | Val: 0.8475 | Test: 0.8649 | Best Test: 0.8649
Epoch 1349 | Loss: 0.0198 | Val: 0.8475 | Test: 0.8649 | Best Test: 0.8649
Epoch 1350 | Loss: 0.0185 | Val: 0.8475 | Test: 0.8649 | Best Test: 0.8649
Epoch 1351 | Loss: 0.0181 | Val: 0.8475 | Test: 0.8649 | Best Test: 0.8649
Epoch 1352 | Loss: 0.0173 | Val: 0.8475 | Test: 0.8649 | Best Test: 0.8649
Epoch 1353 | Loss: 0.0204 | Val: 0.8475 | Test: 0.8649 | Best Test: 0.8649
Epoch 1354 | Loss: 0.0236 | Val: 0.8475 | Test: 0.8649 | Best Test: 0.8649
Epoch 1355 | Loss: 0.0178 | Val: 0.8475 | Test: 0.8649 | Best Test: 0.8649
Epoch 1356 | Loss: 0.0173 | Val: 0.8475 | Test: 0.8649 | Best Test: 0.8649
Epoch 1357 | Loss: 0.0220 | Val: 0.8475 | Test: 0.8649 | Best Test: 0.8649
Epoch 1358 | Loss: 0.0245 | Val: 0.8475 | Test: 0.8649 | Best Test: 0.8649
Epoch 1359 | Loss: 0.0196 | Val: 0.8475 | Test: 0.8649 | Best Test: 0.8649
Epoch 1360 | Loss: 0.0199 | Val: 0.8475 | Test: 0.8649 | Best Test: 0.8649
Epoch 1361 | Loss: 0.0211 | Val: 0.8475 | Test: 0.8649 | Best Test: 0.8649
Epoch 1362 | Loss: 0.0204 | Val: 0.8475 | Test: 0.8649 | Best Test: 0.8649
Epoch 1363 | Loss: 0.0190 | Val: 0.8475 | Test: 0.8649 | Best Test: 0.8649
Epoch 1364 | Loss: 0.0191 | Val: 0.8475 | Test: 0.8649 | Best Test: 0.8649
Epoch 1365 | Loss: 0.0186 | Val: 0.8475 | Test: 0.8649 | Best Test: 0.8649
Epoch 1366 | Loss: 0.0176 | Val: 0.8475 | Test: 0.8649 | Best Test: 0.8649
Epoch 1367 | Loss: 0.0219 | Val: 0.8475 | Test: 0.8649 | Best Test: 0.8649
Epoch 1368 | Loss: 0.0189 | Val: 0.8475 | Test: 0.8649 | Best Test: 0.8649
Epoch 1369 | Loss: 0.0203 | Val: 0.8475 | Test: 0.8649 | Best Test: 0.8649
Epoch 1370 | Loss: 0.0350 | Val: 0.8475 | Test: 0.8649 | Best Test: 0.8649
Epoch 1371 | Loss: 0.0196 | Val: 0.8475 | Test: 0.8649 | Best Test: 0.8649
Epoch 1372 | Loss: 0.0174 | Val: 0.8475 | Test: 0.8649 | Best Test: 0.8649
Epoch 1373 | Loss: 0.0181 | Val: 0.8475 | Test: 0.8649 | Best Test: 0.8649
Epoch 1374 | Loss: 0.0184 | Val: 0.8475 | Test: 0.8649 | Best Test: 0.8649
Epoch 1375 | Loss: 0.0188 | Val: 0.8475 | Test: 0.8649 | Best Test: 0.8649
Epoch 1376 | Loss: 0.0179 | Val: 0.8475 | Test: 0.8649 | Best Test: 0.8649
Epoch 1377 | Loss: 0.0238 | Val: 0.8475 | Test: 0.8649 | Best Test: 0.8649
Epoch 1378 | Loss: 0.0225 | Val: 0.8475 | Test: 0.8649 | Best Test: 0.8649
Epoch 1379 | Loss: 0.0182 | Val: 0.8475 | Test: 0.8649 | Best Test: 0.8649
Epoch 1380 | Loss: 0.0186 | Val: 0.8475 | Test: 0.8649 | Best Test: 0.8649
Epoch 1381 | Loss: 0.0211 | Val: 0.8475 | Test: 0.8649 | Best Test: 0.8649
Epoch 1382 | Loss: 0.0193 | Val: 0.8475 | Test: 0.8649 | Best Test: 0.8649
Epoch 1383 | Loss: 0.0202 | Val: 0.8475 | Test: 0.8649 | Best Test: 0.8649
Epoch 1384 | Loss: 0.0186 | Val: 0.8475 | Test: 0.8649 | Best Test: 0.8649
Epoch 1385 | Loss: 0.0182 | Val: 0.8475 | Test: 0.8649 | Best Test: 0.8649
Epoch 1386 | Loss: 0.0218 | Val: 0.8475 | Test: 0.8649 | Best Test: 0.8649
Epoch 1387 | Loss: 0.0188 | Val: 0.8475 | Test: 0.8649 | Best Test: 0.8649
Epoch 1388 | Loss: 0.0180 | Val: 0.8475 | Test: 0.8649 | Best Test: 0.8649
Epoch 1389 | Loss: 0.0193 | Val: 0.8475 | Test: 0.8649 | Best Test: 0.8649
Epoch 1390 | Loss: 0.0220 | Val: 0.8475 | Test: 0.8649 | Best Test: 0.8649
Epoch 1391 | Loss: 0.0193 | Val: 0.8475 | Test: 0.8649 | Best Test: 0.8649
Epoch 1392 | Loss: 0.0193 | Val: 0.8475 | Test: 0.8649 | Best Test: 0.8649
Epoch 1393 | Loss: 0.0196 | Val: 0.8475 | Test: 0.8649 | Best Test: 0.8649
Epoch 1394 | Loss: 0.0199 | Val: 0.8475 | Test: 0.8649 | Best Test: 0.8649
Epoch 1395 | Loss: 0.0192 | Val: 0.8475 | Test: 0.8649 | Best Test: 0.8649
Epoch 1396 | Loss: 0.0204 | Val: 0.8475 | Test: 0.8649 | Best Test: 0.8649
Epoch 1397 | Loss: 0.0238 | Val: 0.8475 | Test: 0.8649 | Best Test: 0.8649
Epoch 1398 | Loss: 0.0195 | Val: 0.8475 | Test: 0.8649 | Best Test: 0.8649
Epoch 1399 | Loss: 0.0185 | Val: 0.8475 | Test: 0.8649 | Best Test: 0.8649
Epoch 1400 | Loss: 0.0190 | Val: 0.8475 | Test: 0.8649 | Best Test: 0.8649
Epoch 1401 | Loss: 0.0207 | Val: 0.8475 | Test: 0.8649 | Best Test: 0.8649
Epoch 1402 | Loss: 0.0212 | Val: 0.8475 | Test: 0.8649 | Best Test: 0.8649
Epoch 1403 | Loss: 0.0199 | Val: 0.8475 | Test: 0.8649 | Best Test: 0.8649
Epoch 1404 | Loss: 0.0209 | Val: 0.8475 | Test: 0.8649 | Best Test: 0.8649
Epoch 1405 | Loss: 0.0176 | Val: 0.8475 | Test: 0.8649 | Best Test: 0.8649
Epoch 1406 | Loss: 0.0190 | Val: 0.8475 | Test: 0.8649 | Best Test: 0.8649
Epoch 1407 | Loss: 0.0199 | Val: 0.8475 | Test: 0.8649 | Best Test: 0.8649
Epoch 1408 | Loss: 0.0182 | Val: 0.8475 | Test: 0.8649 | Best Test: 0.8649
Epoch 1409 | Loss: 0.0289 | Val: 0.8475 | Test: 0.8649 | Best Test: 0.8649
Epoch 1410 | Loss: 0.0193 | Val: 0.8475 | Test: 0.8649 | Best Test: 0.8649
Epoch 1411 | Loss: 0.0206 | Val: 0.8475 | Test: 0.8649 | Best Test: 0.8649
Epoch 1412 | Loss: 0.0196 | Val: 0.8475 | Test: 0.8649 | Best Test: 0.8649
Epoch 1413 | Loss: 0.0206 | Val: 0.8475 | Test: 0.8649 | Best Test: 0.8649
Epoch 1414 | Loss: 0.0200 | Val: 0.8475 | Test: 0.8649 | Best Test: 0.8649
Epoch 1415 | Loss: 0.0187 | Val: 0.8475 | Test: 0.8649 | Best Test: 0.8649
Epoch 1416 | Loss: 0.0202 | Val: 0.8475 | Test: 0.8649 | Best Test: 0.8649
Epoch 1417 | Loss: 0.0211 | Val: 0.8475 | Test: 0.8649 | Best Test: 0.8649
Epoch 1418 | Loss: 0.0174 | Val: 0.8475 | Test: 0.8649 | Best Test: 0.8649
Epoch 1419 | Loss: 0.0198 | Val: 0.8475 | Test: 0.8649 | Best Test: 0.8649
Epoch 1420 | Loss: 0.0183 | Val: 0.8475 | Test: 0.8649 | Best Test: 0.8649
Epoch 1421 | Loss: 0.0195 | Val: 0.8475 | Test: 0.8649 | Best Test: 0.8649
Epoch 1422 | Loss: 0.0200 | Val: 0.8475 | Test: 0.8649 | Best Test: 0.8649
Epoch 1423 | Loss: 0.0175 | Val: 0.8475 | Test: 0.8649 | Best Test: 0.8649
Epoch 1424 | Loss: 0.0216 | Val: 0.8475 | Test: 0.8649 | Best Test: 0.8649
Epoch 1425 | Loss: 0.0191 | Val: 0.8475 | Test: 0.8649 | Best Test: 0.8649
Epoch 1426 | Loss: 0.0235 | Val: 0.8475 | Test: 0.8649 | Best Test: 0.8649
Epoch 1427 | Loss: 0.0177 | Val: 0.8475 | Test: 0.8649 | Best Test: 0.8649
Epoch 1428 | Loss: 0.0221 | Val: 0.8475 | Test: 0.8649 | Best Test: 0.8649
Epoch 1429 | Loss: 0.0236 | Val: 0.8475 | Test: 0.8649 | Best Test: 0.8649
Epoch 1430 | Loss: 0.0183 | Val: 0.8475 | Test: 0.8649 | Best Test: 0.8649
Epoch 1431 | Loss: 0.0185 | Val: 0.8475 | Test: 0.8649 | Best Test: 0.8649
Epoch 1432 | Loss: 0.0220 | Val: 0.8475 | Test: 0.8649 | Best Test: 0.8649
Epoch 1433 | Loss: 0.0204 | Val: 0.8475 | Test: 0.8649 | Best Test: 0.8649
Epoch 1434 | Loss: 0.0202 | Val: 0.8475 | Test: 0.8649 | Best Test: 0.8649
Epoch 1435 | Loss: 0.0253 | Val: 0.8475 | Test: 0.8649 | Best Test: 0.8649
Epoch 1436 | Loss: 0.0187 | Val: 0.8475 | Test: 0.8649 | Best Test: 0.8649
Epoch 1437 | Loss: 0.0211 | Val: 0.8475 | Test: 0.8649 | Best Test: 0.8649
Epoch 1438 | Loss: 0.0195 | Val: 0.8475 | Test: 0.8649 | Best Test: 0.8649
Epoch 1439 | Loss: 0.0179 | Val: 0.8475 | Test: 0.8649 | Best Test: 0.8649
Epoch 1440 | Loss: 0.0219 | Val: 0.8475 | Test: 0.8649 | Best Test: 0.8649
Epoch 1441 | Loss: 0.0188 | Val: 0.8475 | Test: 0.8649 | Best Test: 0.8649
Epoch 1442 | Loss: 0.0180 | Val: 0.8475 | Test: 0.8649 | Best Test: 0.8649
Epoch 1443 | Loss: 0.0209 | Val: 0.8475 | Test: 0.8649 | Best Test: 0.8649
Epoch 1444 | Loss: 0.0189 | Val: 0.8475 | Test: 0.8649 | Best Test: 0.8649
Epoch 1445 | Loss: 0.0220 | Val: 0.8475 | Test: 0.8649 | Best Test: 0.8649
Epoch 1446 | Loss: 0.0196 | Val: 0.8475 | Test: 0.8649 | Best Test: 0.8649
Epoch 1447 | Loss: 0.0183 | Val: 0.8475 | Test: 0.8649 | Best Test: 0.8649
Epoch 1448 | Loss: 0.0186 | Val: 0.8475 | Test: 0.8649 | Best Test: 0.8649
Epoch 1449 | Loss: 0.0222 | Val: 0.8475 | Test: 0.8649 | Best Test: 0.8649
Epoch 1450 | Loss: 0.0184 | Val: 0.8475 | Test: 0.8649 | Best Test: 0.8649
Epoch 1451 | Loss: 0.0195 | Val: 0.8475 | Test: 0.8649 | Best Test: 0.8649
Epoch 1452 | Loss: 0.0210 | Val: 0.8475 | Test: 0.8649 | Best Test: 0.8649
Epoch 1453 | Loss: 0.0184 | Val: 0.8475 | Test: 0.8649 | Best Test: 0.8649
Epoch 1454 | Loss: 0.0191 | Val: 0.8475 | Test: 0.8649 | Best Test: 0.8649
Epoch 1455 | Loss: 0.0180 | Val: 0.8475 | Test: 0.8649 | Best Test: 0.8649
Epoch 1456 | Loss: 0.0203 | Val: 0.8475 | Test: 0.8649 | Best Test: 0.8649
Epoch 1457 | Loss: 0.0187 | Val: 0.8475 | Test: 0.8649 | Best Test: 0.8649
Epoch 1458 | Loss: 0.0229 | Val: 0.8475 | Test: 0.8649 | Best Test: 0.8649
Epoch 1459 | Loss: 0.0226 | Val: 0.8475 | Test: 0.8649 | Best Test: 0.8649
Epoch 1460 | Loss: 0.0227 | Val: 0.8475 | Test: 0.8649 | Best Test: 0.8649
Epoch 1461 | Loss: 0.0205 | Val: 0.8475 | Test: 0.8649 | Best Test: 0.8649
Epoch 1462 | Loss: 0.0221 | Val: 0.8475 | Test: 0.8649 | Best Test: 0.8649
Epoch 1463 | Loss: 0.0180 | Val: 0.8475 | Test: 0.8649 | Best Test: 0.8649
Epoch 1464 | Loss: 0.0183 | Val: 0.8475 | Test: 0.8649 | Best Test: 0.8649
Epoch 1465 | Loss: 0.0186 | Val: 0.8475 | Test: 0.8649 | Best Test: 0.8649
Epoch 1466 | Loss: 0.0220 | Val: 0.8475 | Test: 0.8649 | Best Test: 0.8649
Epoch 1467 | Loss: 0.0199 | Val: 0.8475 | Test: 0.8649 | Best Test: 0.8649
Epoch 1468 | Loss: 0.0177 | Val: 0.8475 | Test: 0.8649 | Best Test: 0.8649
Epoch 1469 | Loss: 0.0204 | Val: 0.8475 | Test: 0.8649 | Best Test: 0.8649
Epoch 1470 | Loss: 0.0207 | Val: 0.8475 | Test: 0.8649 | Best Test: 0.8649
Epoch 1471 | Loss: 0.0197 | Val: 0.8475 | Test: 0.8649 | Best Test: 0.8649
Epoch 1472 | Loss: 0.0201 | Val: 0.8475 | Test: 0.8649 | Best Test: 0.8649
Epoch 1473 | Loss: 0.0203 | Val: 0.8475 | Test: 0.8649 | Best Test: 0.8649
Epoch 1474 | Loss: 0.0176 | Val: 0.8475 | Test: 0.8649 | Best Test: 0.8649
Epoch 1475 | Loss: 0.0175 | Val: 0.8475 | Test: 0.8649 | Best Test: 0.8649
Epoch 1476 | Loss: 0.0196 | Val: 0.8475 | Test: 0.8649 | Best Test: 0.8649
Epoch 1477 | Loss: 0.0192 | Val: 0.8475 | Test: 0.8649 | Best Test: 0.8649
Epoch 1478 | Loss: 0.0199 | Val: 0.8475 | Test: 0.8649 | Best Test: 0.8649
Epoch 1479 | Loss: 0.0214 | Val: 0.8475 | Test: 0.8649 | Best Test: 0.8649
Epoch 1480 | Loss: 0.0207 | Val: 0.8475 | Test: 0.8649 | Best Test: 0.8649
Epoch 1481 | Loss: 0.0181 | Val: 0.8475 | Test: 0.8649 | Best Test: 0.8649
Epoch 1482 | Loss: 0.0226 | Val: 0.8475 | Test: 0.8649 | Best Test: 0.8649
Epoch 1483 | Loss: 0.0219 | Val: 0.8475 | Test: 0.8649 | Best Test: 0.8649
Epoch 1484 | Loss: 0.0207 | Val: 0.8475 | Test: 0.8649 | Best Test: 0.8649
Epoch 1485 | Loss: 0.0202 | Val: 0.8475 | Test: 0.8649 | Best Test: 0.8649
Epoch 1486 | Loss: 0.0229 | Val: 0.8475 | Test: 0.8649 | Best Test: 0.8649
Epoch 1487 | Loss: 0.0207 | Val: 0.8475 | Test: 0.8649 | Best Test: 0.8649
Epoch 1488 | Loss: 0.0199 | Val: 0.8475 | Test: 0.8649 | Best Test: 0.8649
Epoch 1489 | Loss: 0.0191 | Val: 0.8475 | Test: 0.8649 | Best Test: 0.8649
Epoch 1490 | Loss: 0.0210 | Val: 0.8475 | Test: 0.8649 | Best Test: 0.8649
Epoch 1491 | Loss: 0.0173 | Val: 0.8475 | Test: 0.8649 | Best Test: 0.8649
Epoch 1492 | Loss: 0.0186 | Val: 0.8475 | Test: 0.8649 | Best Test: 0.8649
Epoch 1493 | Loss: 0.0176 | Val: 0.8475 | Test: 0.8649 | Best Test: 0.8649
Epoch 1494 | Loss: 0.0222 | Val: 0.8475 | Test: 0.8649 | Best Test: 0.8649
Epoch 1495 | Loss: 0.0183 | Val: 0.8475 | Test: 0.8649 | Best Test: 0.8649
Epoch 1496 | Loss: 0.0188 | Val: 0.8475 | Test: 0.8649 | Best Test: 0.8649
Epoch 1497 | Loss: 0.0206 | Val: 0.8475 | Test: 0.8649 | Best Test: 0.8649
Epoch 1498 | Loss: 0.0199 | Val: 0.8475 | Test: 0.8649 | Best Test: 0.8649
Epoch 1499 | Loss: 0.0183 | Val: 0.8475 | Test: 0.8649 | Best Test: 0.8649
Epoch 1500 | Loss: 0.0225 | Val: 0.8475 | Test: 0.8649 | Best Test: 0.8649
Epoch 1501 | Loss: 0.0203 | Val: 0.8475 | Test: 0.8649 | Best Test: 0.8649
Epoch 1502 | Loss: 0.0207 | Val: 0.8475 | Test: 0.8649 | Best Test: 0.8649
Epoch 1503 | Loss: 0.0184 | Val: 0.8475 | Test: 0.8649 | Best Test: 0.8649
Epoch 1504 | Loss: 0.0199 | Val: 0.8475 | Test: 0.8649 | Best Test: 0.8649
Epoch 1505 | Loss: 0.0193 | Val: 0.8475 | Test: 0.8649 | Best Test: 0.8649
Epoch 1506 | Loss: 0.0216 | Val: 0.8475 | Test: 0.8649 | Best Test: 0.8649
Epoch 1507 | Loss: 0.0202 | Val: 0.8475 | Test: 0.8649 | Best Test: 0.8649
Epoch 1508 | Loss: 0.0188 | Val: 0.8475 | Test: 0.8649 | Best Test: 0.8649
Epoch 1509 | Loss: 0.0190 | Val: 0.8475 | Test: 0.8649 | Best Test: 0.8649
Epoch 1510 | Loss: 0.0185 | Val: 0.8475 | Test: 0.8649 | Best Test: 0.8649
Epoch 1511 | Loss: 0.0197 | Val: 0.8475 | Test: 0.8649 | Best Test: 0.8649
Epoch 1512 | Loss: 0.0174 | Val: 0.8475 | Test: 0.8649 | Best Test: 0.8649
Epoch 1513 | Loss: 0.0184 | Val: 0.8475 | Test: 0.8649 | Best Test: 0.8649
Epoch 1514 | Loss: 0.0182 | Val: 0.8475 | Test: 0.8649 | Best Test: 0.8649
Epoch 1515 | Loss: 0.0183 | Val: 0.8475 | Test: 0.8649 | Best Test: 0.8649
Epoch 1516 | Loss: 0.0179 | Val: 0.8475 | Test: 0.8649 | Best Test: 0.8649
Epoch 1517 | Loss: 0.0182 | Val: 0.8475 | Test: 0.8649 | Best Test: 0.8649
Epoch 1518 | Loss: 0.0210 | Val: 0.8475 | Test: 0.8649 | Best Test: 0.8649
Epoch 1519 | Loss: 0.0191 | Val: 0.8475 | Test: 0.8649 | Best Test: 0.8649
Epoch 1520 | Loss: 0.0313 | Val: 0.8475 | Test: 0.8649 | Best Test: 0.8649
Epoch 1521 | Loss: 0.0238 | Val: 0.8475 | Test: 0.8649 | Best Test: 0.8649
Epoch 1522 | Loss: 0.0199 | Val: 0.8475 | Test: 0.8649 | Best Test: 0.8649
Epoch 1523 | Loss: 0.0192 | Val: 0.8475 | Test: 0.8649 | Best Test: 0.8649
Epoch 1524 | Loss: 0.0182 | Val: 0.8475 | Test: 0.8649 | Best Test: 0.8649
Epoch 1525 | Loss: 0.0175 | Val: 0.8475 | Test: 0.8649 | Best Test: 0.8649
Epoch 1526 | Loss: 0.0189 | Val: 0.8475 | Test: 0.8649 | Best Test: 0.8649
Epoch 1527 | Loss: 0.0184 | Val: 0.8475 | Test: 0.8649 | Best Test: 0.8649
Epoch 1528 | Loss: 0.0182 | Val: 0.8475 | Test: 0.8649 | Best Test: 0.8649
Epoch 1529 | Loss: 0.0213 | Val: 0.8475 | Test: 0.8649 | Best Test: 0.8649
Epoch 1530 | Loss: 0.0189 | Val: 0.8475 | Test: 0.8649 | Best Test: 0.8649
Epoch 1531 | Loss: 0.0196 | Val: 0.8475 | Test: 0.8649 | Best Test: 0.8649
Epoch 1532 | Loss: 0.0221 | Val: 0.8475 | Test: 0.8649 | Best Test: 0.8649
Epoch 1533 | Loss: 0.0202 | Val: 0.8475 | Test: 0.8649 | Best Test: 0.8649
Epoch 1534 | Loss: 0.0194 | Val: 0.8475 | Test: 0.8649 | Best Test: 0.8649
Epoch 1535 | Loss: 0.0177 | Val: 0.8475 | Test: 0.8649 | Best Test: 0.8649
Epoch 1536 | Loss: 0.0190 | Val: 0.8475 | Test: 0.8649 | Best Test: 0.8649
Epoch 1537 | Loss: 0.0198 | Val: 0.8475 | Test: 0.8649 | Best Test: 0.8649
Epoch 1538 | Loss: 0.0174 | Val: 0.8475 | Test: 0.8649 | Best Test: 0.8649
Epoch 1539 | Loss: 0.0224 | Val: 0.8475 | Test: 0.8649 | Best Test: 0.8649
Epoch 1540 | Loss: 0.0191 | Val: 0.8475 | Test: 0.8649 | Best Test: 0.8649
Epoch 1541 | Loss: 0.0187 | Val: 0.8475 | Test: 0.8649 | Best Test: 0.8649
Epoch 1542 | Loss: 0.0194 | Val: 0.8475 | Test: 0.8649 | Best Test: 0.8649
Epoch 1543 | Loss: 0.0191 | Val: 0.8475 | Test: 0.8649 | Best Test: 0.8649
Epoch 1544 | Loss: 0.0216 | Val: 0.8475 | Test: 0.8649 | Best Test: 0.8649
Epoch 1545 | Loss: 0.0202 | Val: 0.8475 | Test: 0.8649 | Best Test: 0.8649
Epoch 1546 | Loss: 0.0198 | Val: 0.8475 | Test: 0.8649 | Best Test: 0.8649
Epoch 1547 | Loss: 0.0174 | Val: 0.8475 | Test: 0.8649 | Best Test: 0.8649
Epoch 1548 | Loss: 0.0194 | Val: 0.8475 | Test: 0.8649 | Best Test: 0.8649
Epoch 1549 | Loss: 0.0182 | Val: 0.8475 | Test: 0.8649 | Best Test: 0.8649
Epoch 1550 | Loss: 0.0176 | Val: 0.8475 | Test: 0.8649 | Best Test: 0.8649
Epoch 1551 | Loss: 0.0190 | Val: 0.8475 | Test: 0.8649 | Best Test: 0.8649
Epoch 1552 | Loss: 0.0175 | Val: 0.8475 | Test: 0.8649 | Best Test: 0.8649
Epoch 1553 | Loss: 0.0271 | Val: 0.8475 | Test: 0.8649 | Best Test: 0.8649
Epoch 1554 | Loss: 0.0193 | Val: 0.8475 | Test: 0.8649 | Best Test: 0.8649
Epoch 1555 | Loss: 0.0190 | Val: 0.8475 | Test: 0.8649 | Best Test: 0.8649
Epoch 1556 | Loss: 0.0189 | Val: 0.8475 | Test: 0.8649 | Best Test: 0.8649
Epoch 1557 | Loss: 0.0183 | Val: 0.8475 | Test: 0.8649 | Best Test: 0.8649
Epoch 1558 | Loss: 0.0199 | Val: 0.8475 | Test: 0.8649 | Best Test: 0.8649
Epoch 1559 | Loss: 0.0228 | Val: 0.8475 | Test: 0.8649 | Best Test: 0.8649
Epoch 1560 | Loss: 0.0175 | Val: 0.8475 | Test: 0.8649 | Best Test: 0.8649
Epoch 1561 | Loss: 0.0191 | Val: 0.8475 | Test: 0.8649 | Best Test: 0.8649
Epoch 1562 | Loss: 0.0194 | Val: 0.8475 | Test: 0.8649 | Best Test: 0.8649
Epoch 1563 | Loss: 0.0186 | Val: 0.8475 | Test: 0.8649 | Best Test: 0.8649
Epoch 1564 | Loss: 0.0184 | Val: 0.8475 | Test: 0.8649 | Best Test: 0.8649
Epoch 1565 | Loss: 0.0202 | Val: 0.8475 | Test: 0.8649 | Best Test: 0.8649
Epoch 1566 | Loss: 0.0180 | Val: 0.8475 | Test: 0.8649 | Best Test: 0.8649
Epoch 1567 | Loss: 0.0199 | Val: 0.8475 | Test: 0.8649 | Best Test: 0.8649
Epoch 1568 | Loss: 0.0232 | Val: 0.8475 | Test: 0.8649 | Best Test: 0.8649
Epoch 1569 | Loss: 0.0203 | Val: 0.8475 | Test: 0.8649 | Best Test: 0.8649
Epoch 1570 | Loss: 0.0199 | Val: 0.8475 | Test: 0.8649 | Best Test: 0.8649
Epoch 1571 | Loss: 0.0229 | Val: 0.8475 | Test: 0.8649 | Best Test: 0.8649
Epoch 1572 | Loss: 0.0177 | Val: 0.8475 | Test: 0.8649 | Best Test: 0.8649
Epoch 1573 | Loss: 0.0203 | Val: 0.8475 | Test: 0.8649 | Best Test: 0.8649
Epoch 1574 | Loss: 0.0278 | Val: 0.8475 | Test: 0.8649 | Best Test: 0.8649
Epoch 1575 | Loss: 0.0184 | Val: 0.8475 | Test: 0.8649 | Best Test: 0.8649
Epoch 1576 | Loss: 0.0197 | Val: 0.8475 | Test: 0.8649 | Best Test: 0.8649
Epoch 1577 | Loss: 0.0235 | Val: 0.8475 | Test: 0.8649 | Best Test: 0.8649
Epoch 1578 | Loss: 0.0216 | Val: 0.8475 | Test: 0.8649 | Best Test: 0.8649
Epoch 1579 | Loss: 0.0205 | Val: 0.8475 | Test: 0.8649 | Best Test: 0.8649
Epoch 1580 | Loss: 0.0179 | Val: 0.8475 | Test: 0.8649 | Best Test: 0.8649
Epoch 1581 | Loss: 0.0181 | Val: 0.8475 | Test: 0.8649 | Best Test: 0.8649
Epoch 1582 | Loss: 0.0181 | Val: 0.8475 | Test: 0.8649 | Best Test: 0.8649
Epoch 1583 | Loss: 0.0189 | Val: 0.8475 | Test: 0.8649 | Best Test: 0.8649
Epoch 1584 | Loss: 0.0186 | Val: 0.8475 | Test: 0.8649 | Best Test: 0.8649
Epoch 1585 | Loss: 0.0193 | Val: 0.8475 | Test: 0.8649 | Best Test: 0.8649
Epoch 1586 | Loss: 0.0172 | Val: 0.8475 | Test: 0.8649 | Best Test: 0.8649
Epoch 1587 | Loss: 0.0191 | Val: 0.8475 | Test: 0.8649 | Best Test: 0.8649
Epoch 1588 | Loss: 0.0202 | Val: 0.8475 | Test: 0.8649 | Best Test: 0.8649
Epoch 1589 | Loss: 0.0194 | Val: 0.8475 | Test: 0.8649 | Best Test: 0.8649
Epoch 1590 | Loss: 0.0213 | Val: 0.8475 | Test: 0.8649 | Best Test: 0.8649
Epoch 1591 | Loss: 0.0248 | Val: 0.8475 | Test: 0.8649 | Best Test: 0.8649
Epoch 1592 | Loss: 0.0201 | Val: 0.8475 | Test: 0.8649 | Best Test: 0.8649
Epoch 1593 | Loss: 0.0189 | Val: 0.8475 | Test: 0.8649 | Best Test: 0.8649
Epoch 1594 | Loss: 0.0180 | Val: 0.8475 | Test: 0.8649 | Best Test: 0.8649
Epoch 1595 | Loss: 0.0179 | Val: 0.8475 | Test: 0.8649 | Best Test: 0.8649
Epoch 1596 | Loss: 0.0200 | Val: 0.8475 | Test: 0.8649 | Best Test: 0.8649
Epoch 1597 | Loss: 0.0192 | Val: 0.8475 | Test: 0.8649 | Best Test: 0.8649
Epoch 1598 | Loss: 0.0211 | Val: 0.8475 | Test: 0.8649 | Best Test: 0.8649
Epoch 1599 | Loss: 0.0181 | Val: 0.8475 | Test: 0.8649 | Best Test: 0.8649
Epoch 1600 | Loss: 0.0190 | Val: 0.8475 | Test: 0.8649 | Best Test: 0.8649
Epoch 1601 | Loss: 0.0189 | Val: 0.8475 | Test: 0.8649 | Best Test: 0.8649
Epoch 1602 | Loss: 0.0208 | Val: 0.8475 | Test: 0.8649 | Best Test: 0.8649
Epoch 1603 | Loss: 0.0173 | Val: 0.8475 | Test: 0.8649 | Best Test: 0.8649
Epoch 1604 | Loss: 0.0200 | Val: 0.8475 | Test: 0.8649 | Best Test: 0.8649
Epoch 1605 | Loss: 0.0181 | Val: 0.8475 | Test: 0.8649 | Best Test: 0.8649
Epoch 1606 | Loss: 0.0180 | Val: 0.8475 | Test: 0.8649 | Best Test: 0.8649
Epoch 1607 | Loss: 0.0182 | Val: 0.8475 | Test: 0.8649 | Best Test: 0.8649
Epoch 1608 | Loss: 0.0209 | Val: 0.8475 | Test: 0.8649 | Best Test: 0.8649
Epoch 1609 | Loss: 0.0188 | Val: 0.8475 | Test: 0.8649 | Best Test: 0.8649
Epoch 1610 | Loss: 0.0190 | Val: 0.8475 | Test: 0.8649 | Best Test: 0.8649
Epoch 1611 | Loss: 0.0238 | Val: 0.8475 | Test: 0.8649 | Best Test: 0.8649
Epoch 1612 | Loss: 0.0216 | Val: 0.8475 | Test: 0.8649 | Best Test: 0.8649
Epoch 1613 | Loss: 0.0168 | Val: 0.8475 | Test: 0.8649 | Best Test: 0.8649
Epoch 1614 | Loss: 0.0197 | Val: 0.8475 | Test: 0.8649 | Best Test: 0.8649
Epoch 1615 | Loss: 0.0218 | Val: 0.8475 | Test: 0.8649 | Best Test: 0.8649
Epoch 1616 | Loss: 0.0220 | Val: 0.8475 | Test: 0.8649 | Best Test: 0.8649
Epoch 1617 | Loss: 0.0184 | Val: 0.8475 | Test: 0.8649 | Best Test: 0.8649
Epoch 1618 | Loss: 0.0201 | Val: 0.8475 | Test: 0.8649 | Best Test: 0.8649
Epoch 1619 | Loss: 0.0203 | Val: 0.8475 | Test: 0.8649 | Best Test: 0.8649
Epoch 1620 | Loss: 0.0190 | Val: 0.8475 | Test: 0.8649 | Best Test: 0.8649
Epoch 1621 | Loss: 0.0190 | Val: 0.8475 | Test: 0.8649 | Best Test: 0.8649
Epoch 1622 | Loss: 0.0186 | Val: 0.8475 | Test: 0.8649 | Best Test: 0.8649
Epoch 1623 | Loss: 0.0192 | Val: 0.8475 | Test: 0.8649 | Best Test: 0.8649
Epoch 1624 | Loss: 0.0182 | Val: 0.8475 | Test: 0.8649 | Best Test: 0.8649
Epoch 1625 | Loss: 0.0177 | Val: 0.8475 | Test: 0.8649 | Best Test: 0.8649
Epoch 1626 | Loss: 0.0191 | Val: 0.8475 | Test: 0.8649 | Best Test: 0.8649
Epoch 1627 | Loss: 0.0184 | Val: 0.8475 | Test: 0.8649 | Best Test: 0.8649
Epoch 1628 | Loss: 0.0223 | Val: 0.8475 | Test: 0.8649 | Best Test: 0.8649
Epoch 1629 | Loss: 0.0178 | Val: 0.8475 | Test: 0.8649 | Best Test: 0.8649
Epoch 1630 | Loss: 0.0201 | Val: 0.8475 | Test: 0.8649 | Best Test: 0.8649
Epoch 1631 | Loss: 0.0190 | Val: 0.8475 | Test: 0.8649 | Best Test: 0.8649
Epoch 1632 | Loss: 0.0192 | Val: 0.8475 | Test: 0.8649 | Best Test: 0.8649
Epoch 1633 | Loss: 0.0197 | Val: 0.8475 | Test: 0.8649 | Best Test: 0.8649
Epoch 1634 | Loss: 0.0178 | Val: 0.8475 | Test: 0.8649 | Best Test: 0.8649
Epoch 1635 | Loss: 0.0198 | Val: 0.8475 | Test: 0.8649 | Best Test: 0.8649
Epoch 1636 | Loss: 0.0281 | Val: 0.8475 | Test: 0.8649 | Best Test: 0.8649
Epoch 1637 | Loss: 0.0199 | Val: 0.8475 | Test: 0.8649 | Best Test: 0.8649
Epoch 1638 | Loss: 0.0213 | Val: 0.8475 | Test: 0.8649 | Best Test: 0.8649
Epoch 1639 | Loss: 0.0173 | Val: 0.8475 | Test: 0.8649 | Best Test: 0.8649
Epoch 1640 | Loss: 0.0215 | Val: 0.8475 | Test: 0.8649 | Best Test: 0.8649
Epoch 1641 | Loss: 0.0184 | Val: 0.8475 | Test: 0.8649 | Best Test: 0.8649
Epoch 1642 | Loss: 0.0178 | Val: 0.8475 | Test: 0.8649 | Best Test: 0.8649
Epoch 1643 | Loss: 0.0192 | Val: 0.8475 | Test: 0.8649 | Best Test: 0.8649
Epoch 1644 | Loss: 0.0195 | Val: 0.8475 | Test: 0.8649 | Best Test: 0.8649
Epoch 1645 | Loss: 0.0193 | Val: 0.8475 | Test: 0.8649 | Best Test: 0.8649
Epoch 1646 | Loss: 0.0245 | Val: 0.8475 | Test: 0.8649 | Best Test: 0.8649
Epoch 1647 | Loss: 0.0205 | Val: 0.8475 | Test: 0.8649 | Best Test: 0.8649
Epoch 1648 | Loss: 0.0172 | Val: 0.8475 | Test: 0.8649 | Best Test: 0.8649
Epoch 1649 | Loss: 0.0207 | Val: 0.8475 | Test: 0.8649 | Best Test: 0.8649
Epoch 1650 | Loss: 0.0190 | Val: 0.8475 | Test: 0.8649 | Best Test: 0.8649
Epoch 1651 | Loss: 0.0192 | Val: 0.8475 | Test: 0.8649 | Best Test: 0.8649
Epoch 1652 | Loss: 0.0181 | Val: 0.8475 | Test: 0.8649 | Best Test: 0.8649
Epoch 1653 | Loss: 0.0188 | Val: 0.8475 | Test: 0.8649 | Best Test: 0.8649
Epoch 1654 | Loss: 0.0188 | Val: 0.8475 | Test: 0.8649 | Best Test: 0.8649
Epoch 1655 | Loss: 0.0183 | Val: 0.8475 | Test: 0.8649 | Best Test: 0.8649
Epoch 1656 | Loss: 0.0187 | Val: 0.8475 | Test: 0.8649 | Best Test: 0.8649
Epoch 1657 | Loss: 0.0186 | Val: 0.8475 | Test: 0.8649 | Best Test: 0.8649
Epoch 1658 | Loss: 0.0181 | Val: 0.8475 | Test: 0.8649 | Best Test: 0.8649
Epoch 1659 | Loss: 0.0186 | Val: 0.8475 | Test: 0.8649 | Best Test: 0.8649
Epoch 1660 | Loss: 0.0199 | Val: 0.8475 | Test: 0.8649 | Best Test: 0.8649
Epoch 1661 | Loss: 0.0176 | Val: 0.8475 | Test: 0.8649 | Best Test: 0.8649
Epoch 1662 | Loss: 0.0192 | Val: 0.8475 | Test: 0.8649 | Best Test: 0.8649
Epoch 1663 | Loss: 0.0203 | Val: 0.8475 | Test: 0.8649 | Best Test: 0.8649
Epoch 1664 | Loss: 0.0189 | Val: 0.8475 | Test: 0.8649 | Best Test: 0.8649
Epoch 1665 | Loss: 0.0196 | Val: 0.8475 | Test: 0.8649 | Best Test: 0.8649
Epoch 1666 | Loss: 0.0184 | Val: 0.8475 | Test: 0.8649 | Best Test: 0.8649
Epoch 1667 | Loss: 0.0213 | Val: 0.8475 | Test: 0.8649 | Best Test: 0.8649
Epoch 1668 | Loss: 0.0180 | Val: 0.8475 | Test: 0.8649 | Best Test: 0.8649
Epoch 1669 | Loss: 0.0180 | Val: 0.8475 | Test: 0.8649 | Best Test: 0.8649
Epoch 1670 | Loss: 0.0198 | Val: 0.8475 | Test: 0.8649 | Best Test: 0.8649
Epoch 1671 | Loss: 0.0175 | Val: 0.8475 | Test: 0.8649 | Best Test: 0.8649
Epoch 1672 | Loss: 0.0191 | Val: 0.8475 | Test: 0.8378 | Best Test: 0.8649
Epoch 1673 | Loss: 0.0255 | Val: 0.8475 | Test: 0.8378 | Best Test: 0.8649
Epoch 1674 | Loss: 0.0184 | Val: 0.8475 | Test: 0.8378 | Best Test: 0.8649
Epoch 1675 | Loss: 0.0223 | Val: 0.8475 | Test: 0.8378 | Best Test: 0.8649
Epoch 1676 | Loss: 0.0192 | Val: 0.8475 | Test: 0.8378 | Best Test: 0.8649
Epoch 1677 | Loss: 0.0186 | Val: 0.8475 | Test: 0.8378 | Best Test: 0.8649
Epoch 1678 | Loss: 0.0227 | Val: 0.8475 | Test: 0.8378 | Best Test: 0.8649
Epoch 1679 | Loss: 0.0182 | Val: 0.8475 | Test: 0.8378 | Best Test: 0.8649
Epoch 1680 | Loss: 0.0185 | Val: 0.8475 | Test: 0.8378 | Best Test: 0.8649
Epoch 1681 | Loss: 0.0180 | Val: 0.8475 | Test: 0.8378 | Best Test: 0.8649
Epoch 1682 | Loss: 0.0195 | Val: 0.8475 | Test: 0.8378 | Best Test: 0.8649
Epoch 1683 | Loss: 0.0202 | Val: 0.8644 | Test: 0.8378 | Best Test: 0.8649
Epoch 1684 | Loss: 0.0199 | Val: 0.8644 | Test: 0.8378 | Best Test: 0.8649
Epoch 1685 | Loss: 0.0181 | Val: 0.8644 | Test: 0.8378 | Best Test: 0.8649
Epoch 1686 | Loss: 0.0179 | Val: 0.8644 | Test: 0.8378 | Best Test: 0.8649
Epoch 1687 | Loss: 0.0183 | Val: 0.8644 | Test: 0.8378 | Best Test: 0.8649
Epoch 1688 | Loss: 0.0207 | Val: 0.8644 | Test: 0.8378 | Best Test: 0.8649
Epoch 1689 | Loss: 0.0188 | Val: 0.8644 | Test: 0.8378 | Best Test: 0.8649
Epoch 1690 | Loss: 0.0185 | Val: 0.8644 | Test: 0.8378 | Best Test: 0.8649
Epoch 1691 | Loss: 0.0193 | Val: 0.8644 | Test: 0.8378 | Best Test: 0.8649
Epoch 1692 | Loss: 0.0212 | Val: 0.8644 | Test: 0.8378 | Best Test: 0.8649
Epoch 1693 | Loss: 0.0173 | Val: 0.8644 | Test: 0.8378 | Best Test: 0.8649
Epoch 1694 | Loss: 0.0200 | Val: 0.8644 | Test: 0.8378 | Best Test: 0.8649
Epoch 1695 | Loss: 0.0185 | Val: 0.8644 | Test: 0.8378 | Best Test: 0.8649
Epoch 1696 | Loss: 0.0189 | Val: 0.8644 | Test: 0.8378 | Best Test: 0.8649
Epoch 1697 | Loss: 0.0197 | Val: 0.8644 | Test: 0.8378 | Best Test: 0.8649
Epoch 1698 | Loss: 0.0197 | Val: 0.8644 | Test: 0.8378 | Best Test: 0.8649
Epoch 1699 | Loss: 0.0187 | Val: 0.8644 | Test: 0.8378 | Best Test: 0.8649
Epoch 1700 | Loss: 0.0177 | Val: 0.8644 | Test: 0.8378 | Best Test: 0.8649
Epoch 1701 | Loss: 0.0206 | Val: 0.8644 | Test: 0.8378 | Best Test: 0.8649
Epoch 1702 | Loss: 0.0265 | Val: 0.8644 | Test: 0.8378 | Best Test: 0.8649
Epoch 1703 | Loss: 0.0188 | Val: 0.8644 | Test: 0.8378 | Best Test: 0.8649
Epoch 1704 | Loss: 0.0182 | Val: 0.8644 | Test: 0.8378 | Best Test: 0.8649
Epoch 1705 | Loss: 0.0188 | Val: 0.8644 | Test: 0.8378 | Best Test: 0.8649
Epoch 1706 | Loss: 0.0191 | Val: 0.8644 | Test: 0.8378 | Best Test: 0.8649
Epoch 1707 | Loss: 0.0195 | Val: 0.8644 | Test: 0.8378 | Best Test: 0.8649
Epoch 1708 | Loss: 0.0197 | Val: 0.8644 | Test: 0.8378 | Best Test: 0.8649
Epoch 1709 | Loss: 0.0197 | Val: 0.8644 | Test: 0.8378 | Best Test: 0.8649
Epoch 1710 | Loss: 0.0188 | Val: 0.8644 | Test: 0.8378 | Best Test: 0.8649
Epoch 1711 | Loss: 0.0186 | Val: 0.8644 | Test: 0.8378 | Best Test: 0.8649
Epoch 1712 | Loss: 0.0177 | Val: 0.8644 | Test: 0.8378 | Best Test: 0.8649
Epoch 1713 | Loss: 0.0189 | Val: 0.8644 | Test: 0.8378 | Best Test: 0.8649
Epoch 1714 | Loss: 0.0208 | Val: 0.8644 | Test: 0.8378 | Best Test: 0.8649
Epoch 1715 | Loss: 0.0220 | Val: 0.8644 | Test: 0.8378 | Best Test: 0.8649
Epoch 1716 | Loss: 0.0202 | Val: 0.8644 | Test: 0.8378 | Best Test: 0.8649
Epoch 1717 | Loss: 0.0191 | Val: 0.8644 | Test: 0.8378 | Best Test: 0.8649
Epoch 1718 | Loss: 0.0188 | Val: 0.8644 | Test: 0.8378 | Best Test: 0.8649
Epoch 1719 | Loss: 0.0194 | Val: 0.8644 | Test: 0.8378 | Best Test: 0.8649
Epoch 1720 | Loss: 0.0184 | Val: 0.8644 | Test: 0.8378 | Best Test: 0.8649
Epoch 1721 | Loss: 0.0170 | Val: 0.8644 | Test: 0.8378 | Best Test: 0.8649
Epoch 1722 | Loss: 0.0184 | Val: 0.8644 | Test: 0.8378 | Best Test: 0.8649
Epoch 1723 | Loss: 0.0204 | Val: 0.8644 | Test: 0.8378 | Best Test: 0.8649
Epoch 1724 | Loss: 0.0176 | Val: 0.8644 | Test: 0.8378 | Best Test: 0.8649
Epoch 1725 | Loss: 0.0210 | Val: 0.8644 | Test: 0.8378 | Best Test: 0.8649
Epoch 1726 | Loss: 0.0184 | Val: 0.8644 | Test: 0.8378 | Best Test: 0.8649
Epoch 1727 | Loss: 0.0191 | Val: 0.8644 | Test: 0.8378 | Best Test: 0.8649
Epoch 1728 | Loss: 0.0174 | Val: 0.8644 | Test: 0.8378 | Best Test: 0.8649
Epoch 1729 | Loss: 0.0198 | Val: 0.8644 | Test: 0.8378 | Best Test: 0.8649
Epoch 1730 | Loss: 0.0176 | Val: 0.8644 | Test: 0.8378 | Best Test: 0.8649
Epoch 1731 | Loss: 0.0218 | Val: 0.8644 | Test: 0.8378 | Best Test: 0.8649
Epoch 1732 | Loss: 0.0192 | Val: 0.8644 | Test: 0.8378 | Best Test: 0.8649
Epoch 1733 | Loss: 0.0204 | Val: 0.8644 | Test: 0.8378 | Best Test: 0.8649
Epoch 1734 | Loss: 0.0204 | Val: 0.8644 | Test: 0.8378 | Best Test: 0.8649
Epoch 1735 | Loss: 0.0187 | Val: 0.8644 | Test: 0.8378 | Best Test: 0.8649
Epoch 1736 | Loss: 0.0227 | Val: 0.8644 | Test: 0.8378 | Best Test: 0.8649
Epoch 1737 | Loss: 0.0209 | Val: 0.8644 | Test: 0.8378 | Best Test: 0.8649
Epoch 1738 | Loss: 0.0184 | Val: 0.8644 | Test: 0.8378 | Best Test: 0.8649
Epoch 1739 | Loss: 0.0178 | Val: 0.8644 | Test: 0.8378 | Best Test: 0.8649
Epoch 1740 | Loss: 0.0180 | Val: 0.8644 | Test: 0.8378 | Best Test: 0.8649
Epoch 1741 | Loss: 0.0175 | Val: 0.8644 | Test: 0.8378 | Best Test: 0.8649
Epoch 1742 | Loss: 0.0217 | Val: 0.8644 | Test: 0.8378 | Best Test: 0.8649
Epoch 1743 | Loss: 0.0200 | Val: 0.8644 | Test: 0.8378 | Best Test: 0.8649
Epoch 1744 | Loss: 0.0213 | Val: 0.8644 | Test: 0.8378 | Best Test: 0.8649
Epoch 1745 | Loss: 0.0171 | Val: 0.8644 | Test: 0.8378 | Best Test: 0.8649
Epoch 1746 | Loss: 0.0188 | Val: 0.8644 | Test: 0.8378 | Best Test: 0.8649
Epoch 1747 | Loss: 0.0190 | Val: 0.8644 | Test: 0.8378 | Best Test: 0.8649
Epoch 1748 | Loss: 0.0196 | Val: 0.8644 | Test: 0.8378 | Best Test: 0.8649
Epoch 1749 | Loss: 0.0193 | Val: 0.8644 | Test: 0.8378 | Best Test: 0.8649
Epoch 1750 | Loss: 0.0189 | Val: 0.8644 | Test: 0.8378 | Best Test: 0.8649
Epoch 1751 | Loss: 0.0176 | Val: 0.8644 | Test: 0.8378 | Best Test: 0.8649
Epoch 1752 | Loss: 0.0185 | Val: 0.8644 | Test: 0.8378 | Best Test: 0.8649
Epoch 1753 | Loss: 0.0175 | Val: 0.8644 | Test: 0.8378 | Best Test: 0.8649
Epoch 1754 | Loss: 0.0187 | Val: 0.8644 | Test: 0.8378 | Best Test: 0.8649
Epoch 1755 | Loss: 0.0203 | Val: 0.8644 | Test: 0.8378 | Best Test: 0.8649
Epoch 1756 | Loss: 0.0198 | Val: 0.8644 | Test: 0.8378 | Best Test: 0.8649
Epoch 1757 | Loss: 0.0204 | Val: 0.8644 | Test: 0.8378 | Best Test: 0.8649
Epoch 1758 | Loss: 0.0182 | Val: 0.8644 | Test: 0.8378 | Best Test: 0.8649
Epoch 1759 | Loss: 0.0179 | Val: 0.8644 | Test: 0.8378 | Best Test: 0.8649
Epoch 1760 | Loss: 0.0194 | Val: 0.8644 | Test: 0.8378 | Best Test: 0.8649
Epoch 1761 | Loss: 0.0173 | Val: 0.8644 | Test: 0.8378 | Best Test: 0.8649
Epoch 1762 | Loss: 0.0180 | Val: 0.8644 | Test: 0.8378 | Best Test: 0.8649
Epoch 1763 | Loss: 0.0227 | Val: 0.8644 | Test: 0.8378 | Best Test: 0.8649
Epoch 1764 | Loss: 0.0168 | Val: 0.8644 | Test: 0.8378 | Best Test: 0.8649
Epoch 1765 | Loss: 0.0201 | Val: 0.8644 | Test: 0.8378 | Best Test: 0.8649
Epoch 1766 | Loss: 0.0180 | Val: 0.8644 | Test: 0.8378 | Best Test: 0.8649
Epoch 1767 | Loss: 0.0180 | Val: 0.8644 | Test: 0.8378 | Best Test: 0.8649
Epoch 1768 | Loss: 0.0219 | Val: 0.8644 | Test: 0.8378 | Best Test: 0.8649
Epoch 1769 | Loss: 0.0182 | Val: 0.8644 | Test: 0.8378 | Best Test: 0.8649
Epoch 1770 | Loss: 0.0199 | Val: 0.8644 | Test: 0.8378 | Best Test: 0.8649
Epoch 1771 | Loss: 0.0208 | Val: 0.8644 | Test: 0.8378 | Best Test: 0.8649
Epoch 1772 | Loss: 0.0194 | Val: 0.8644 | Test: 0.8378 | Best Test: 0.8649
Epoch 1773 | Loss: 0.0222 | Val: 0.8644 | Test: 0.8378 | Best Test: 0.8649
Epoch 1774 | Loss: 0.0248 | Val: 0.8644 | Test: 0.8378 | Best Test: 0.8649
Epoch 1775 | Loss: 0.0215 | Val: 0.8644 | Test: 0.8378 | Best Test: 0.8649
Epoch 1776 | Loss: 0.0172 | Val: 0.8644 | Test: 0.8378 | Best Test: 0.8649
Epoch 1777 | Loss: 0.0244 | Val: 0.8644 | Test: 0.8378 | Best Test: 0.8649
Epoch 1778 | Loss: 0.0201 | Val: 0.8644 | Test: 0.8378 | Best Test: 0.8649
Epoch 1779 | Loss: 0.0185 | Val: 0.8644 | Test: 0.8378 | Best Test: 0.8649
Epoch 1780 | Loss: 0.0187 | Val: 0.8644 | Test: 0.8378 | Best Test: 0.8649
Epoch 1781 | Loss: 0.0205 | Val: 0.8644 | Test: 0.8378 | Best Test: 0.8649
Epoch 1782 | Loss: 0.0209 | Val: 0.8644 | Test: 0.8378 | Best Test: 0.8649
Epoch 1783 | Loss: 0.0182 | Val: 0.8644 | Test: 0.8378 | Best Test: 0.8649
Epoch 1784 | Loss: 0.0190 | Val: 0.8644 | Test: 0.8378 | Best Test: 0.8649
Epoch 1785 | Loss: 0.0189 | Val: 0.8644 | Test: 0.8378 | Best Test: 0.8649
Epoch 1786 | Loss: 0.0181 | Val: 0.8644 | Test: 0.8378 | Best Test: 0.8649
Epoch 1787 | Loss: 0.0202 | Val: 0.8644 | Test: 0.8378 | Best Test: 0.8649
Epoch 1788 | Loss: 0.0201 | Val: 0.8644 | Test: 0.8378 | Best Test: 0.8649
Epoch 1789 | Loss: 0.0177 | Val: 0.8644 | Test: 0.8378 | Best Test: 0.8649
Epoch 1790 | Loss: 0.0225 | Val: 0.8644 | Test: 0.8378 | Best Test: 0.8649
Epoch 1791 | Loss: 0.0178 | Val: 0.8644 | Test: 0.8378 | Best Test: 0.8649
Epoch 1792 | Loss: 0.0173 | Val: 0.8644 | Test: 0.8378 | Best Test: 0.8649
Epoch 1793 | Loss: 0.0183 | Val: 0.8644 | Test: 0.8378 | Best Test: 0.8649
Epoch 1794 | Loss: 0.0194 | Val: 0.8644 | Test: 0.8378 | Best Test: 0.8649
Epoch 1795 | Loss: 0.0180 | Val: 0.8644 | Test: 0.8378 | Best Test: 0.8649
Epoch 1796 | Loss: 0.0178 | Val: 0.8644 | Test: 0.8378 | Best Test: 0.8649
Epoch 1797 | Loss: 0.0201 | Val: 0.8644 | Test: 0.8378 | Best Test: 0.8649
Epoch 1798 | Loss: 0.0173 | Val: 0.8644 | Test: 0.8378 | Best Test: 0.8649
Epoch 1799 | Loss: 0.0176 | Val: 0.8644 | Test: 0.8378 | Best Test: 0.8649
Epoch 1800 | Loss: 0.0193 | Val: 0.8644 | Test: 0.8378 | Best Test: 0.8649
Epoch 1801 | Loss: 0.0222 | Val: 0.8644 | Test: 0.8378 | Best Test: 0.8649
Epoch 1802 | Loss: 0.0192 | Val: 0.8644 | Test: 0.8378 | Best Test: 0.8649
Epoch 1803 | Loss: 0.0179 | Val: 0.8644 | Test: 0.8378 | Best Test: 0.8649
Epoch 1804 | Loss: 0.0182 | Val: 0.8644 | Test: 0.8378 | Best Test: 0.8649
Epoch 1805 | Loss: 0.0175 | Val: 0.8644 | Test: 0.8378 | Best Test: 0.8649
Epoch 1806 | Loss: 0.0186 | Val: 0.8644 | Test: 0.8378 | Best Test: 0.8649
Epoch 1807 | Loss: 0.0196 | Val: 0.8644 | Test: 0.8378 | Best Test: 0.8649
Epoch 1808 | Loss: 0.0184 | Val: 0.8644 | Test: 0.8378 | Best Test: 0.8649
Epoch 1809 | Loss: 0.0183 | Val: 0.8644 | Test: 0.8378 | Best Test: 0.8649
Epoch 1810 | Loss: 0.0190 | Val: 0.8644 | Test: 0.8378 | Best Test: 0.8649
Epoch 1811 | Loss: 0.0231 | Val: 0.8644 | Test: 0.8378 | Best Test: 0.8649
Epoch 1812 | Loss: 0.0204 | Val: 0.8644 | Test: 0.8378 | Best Test: 0.8649
Epoch 1813 | Loss: 0.0173 | Val: 0.8644 | Test: 0.8378 | Best Test: 0.8649
Epoch 1814 | Loss: 0.0214 | Val: 0.8644 | Test: 0.8378 | Best Test: 0.8649
Epoch 1815 | Loss: 0.0199 | Val: 0.8644 | Test: 0.8378 | Best Test: 0.8649
Epoch 1816 | Loss: 0.0190 | Val: 0.8644 | Test: 0.8378 | Best Test: 0.8649
Epoch 1817 | Loss: 0.0166 | Val: 0.8644 | Test: 0.8378 | Best Test: 0.8649
Epoch 1818 | Loss: 0.0182 | Val: 0.8644 | Test: 0.8378 | Best Test: 0.8649
Epoch 1819 | Loss: 0.0202 | Val: 0.8644 | Test: 0.8378 | Best Test: 0.8649
Epoch 1820 | Loss: 0.0214 | Val: 0.8644 | Test: 0.8378 | Best Test: 0.8649
Epoch 1821 | Loss: 0.0212 | Val: 0.8644 | Test: 0.8378 | Best Test: 0.8649
Epoch 1822 | Loss: 0.0197 | Val: 0.8644 | Test: 0.8378 | Best Test: 0.8649
Epoch 1823 | Loss: 0.0202 | Val: 0.8644 | Test: 0.8378 | Best Test: 0.8649
Epoch 1824 | Loss: 0.0209 | Val: 0.8644 | Test: 0.8378 | Best Test: 0.8649
Epoch 1825 | Loss: 0.0189 | Val: 0.8644 | Test: 0.8378 | Best Test: 0.8649
Epoch 1826 | Loss: 0.0192 | Val: 0.8644 | Test: 0.8378 | Best Test: 0.8649
Epoch 1827 | Loss: 0.0281 | Val: 0.8644 | Test: 0.8378 | Best Test: 0.8649
Epoch 1828 | Loss: 0.0202 | Val: 0.8644 | Test: 0.8378 | Best Test: 0.8649
Epoch 1829 | Loss: 0.0181 | Val: 0.8644 | Test: 0.8378 | Best Test: 0.8649
Epoch 1830 | Loss: 0.0176 | Val: 0.8644 | Test: 0.8378 | Best Test: 0.8649
Epoch 1831 | Loss: 0.0210 | Val: 0.8644 | Test: 0.8378 | Best Test: 0.8649
Epoch 1832 | Loss: 0.0190 | Val: 0.8644 | Test: 0.8378 | Best Test: 0.8649
Epoch 1833 | Loss: 0.0233 | Val: 0.8644 | Test: 0.8378 | Best Test: 0.8649
Epoch 1834 | Loss: 0.0180 | Val: 0.8644 | Test: 0.8378 | Best Test: 0.8649
Epoch 1835 | Loss: 0.0191 | Val: 0.8644 | Test: 0.8378 | Best Test: 0.8649
Epoch 1836 | Loss: 0.0188 | Val: 0.8644 | Test: 0.8378 | Best Test: 0.8649
Epoch 1837 | Loss: 0.0185 | Val: 0.8644 | Test: 0.8378 | Best Test: 0.8649
Epoch 1838 | Loss: 0.0186 | Val: 0.8644 | Test: 0.8378 | Best Test: 0.8649
Epoch 1839 | Loss: 0.0186 | Val: 0.8644 | Test: 0.8378 | Best Test: 0.8649
Epoch 1840 | Loss: 0.0201 | Val: 0.8644 | Test: 0.8378 | Best Test: 0.8649
Epoch 1841 | Loss: 0.0207 | Val: 0.8644 | Test: 0.8378 | Best Test: 0.8649
Epoch 1842 | Loss: 0.0190 | Val: 0.8644 | Test: 0.8378 | Best Test: 0.8649
Epoch 1843 | Loss: 0.0201 | Val: 0.8644 | Test: 0.8378 | Best Test: 0.8649
Epoch 1844 | Loss: 0.0239 | Val: 0.8644 | Test: 0.8378 | Best Test: 0.8649
Epoch 1845 | Loss: 0.0182 | Val: 0.8644 | Test: 0.8378 | Best Test: 0.8649
Epoch 1846 | Loss: 0.0195 | Val: 0.8644 | Test: 0.8378 | Best Test: 0.8649
Epoch 1847 | Loss: 0.0201 | Val: 0.8644 | Test: 0.8378 | Best Test: 0.8649
Epoch 1848 | Loss: 0.0177 | Val: 0.8644 | Test: 0.8378 | Best Test: 0.8649
Epoch 1849 | Loss: 0.0186 | Val: 0.8644 | Test: 0.8378 | Best Test: 0.8649
Epoch 1850 | Loss: 0.0209 | Val: 0.8644 | Test: 0.8378 | Best Test: 0.8649
Epoch 1851 | Loss: 0.0175 | Val: 0.8644 | Test: 0.8378 | Best Test: 0.8649
Epoch 1852 | Loss: 0.0223 | Val: 0.8644 | Test: 0.8378 | Best Test: 0.8649
Epoch 1853 | Loss: 0.0183 | Val: 0.8644 | Test: 0.8378 | Best Test: 0.8649
Epoch 1854 | Loss: 0.0185 | Val: 0.8644 | Test: 0.8378 | Best Test: 0.8649
Epoch 1855 | Loss: 0.0180 | Val: 0.8644 | Test: 0.8378 | Best Test: 0.8649
Epoch 1856 | Loss: 0.0191 | Val: 0.8644 | Test: 0.8378 | Best Test: 0.8649
Epoch 1857 | Loss: 0.0170 | Val: 0.8644 | Test: 0.8378 | Best Test: 0.8649
Epoch 1858 | Loss: 0.0191 | Val: 0.8644 | Test: 0.8378 | Best Test: 0.8649
Epoch 1859 | Loss: 0.0212 | Val: 0.8644 | Test: 0.8378 | Best Test: 0.8649
Epoch 1860 | Loss: 0.0182 | Val: 0.8644 | Test: 0.8378 | Best Test: 0.8649
Epoch 1861 | Loss: 0.0178 | Val: 0.8644 | Test: 0.8378 | Best Test: 0.8649
Epoch 1862 | Loss: 0.0201 | Val: 0.8644 | Test: 0.8378 | Best Test: 0.8649
Epoch 1863 | Loss: 0.0196 | Val: 0.8644 | Test: 0.8378 | Best Test: 0.8649
Epoch 1864 | Loss: 0.0184 | Val: 0.8644 | Test: 0.8378 | Best Test: 0.8649
Epoch 1865 | Loss: 0.0177 | Val: 0.8644 | Test: 0.8378 | Best Test: 0.8649
Epoch 1866 | Loss: 0.0203 | Val: 0.8644 | Test: 0.8378 | Best Test: 0.8649
Epoch 1867 | Loss: 0.0199 | Val: 0.8644 | Test: 0.8378 | Best Test: 0.8649
Epoch 1868 | Loss: 0.0183 | Val: 0.8644 | Test: 0.8378 | Best Test: 0.8649
Epoch 1869 | Loss: 0.0206 | Val: 0.8644 | Test: 0.8378 | Best Test: 0.8649
Epoch 1870 | Loss: 0.0205 | Val: 0.8644 | Test: 0.8378 | Best Test: 0.8649
Epoch 1871 | Loss: 0.0203 | Val: 0.8644 | Test: 0.8378 | Best Test: 0.8649
Epoch 1872 | Loss: 0.0183 | Val: 0.8644 | Test: 0.8378 | Best Test: 0.8649
Epoch 1873 | Loss: 0.0201 | Val: 0.8644 | Test: 0.8378 | Best Test: 0.8649
Epoch 1874 | Loss: 0.0179 | Val: 0.8644 | Test: 0.8378 | Best Test: 0.8649
Epoch 1875 | Loss: 0.0194 | Val: 0.8644 | Test: 0.8378 | Best Test: 0.8649
Epoch 1876 | Loss: 0.0194 | Val: 0.8644 | Test: 0.8378 | Best Test: 0.8649
Epoch 1877 | Loss: 0.0192 | Val: 0.8644 | Test: 0.8378 | Best Test: 0.8649
Epoch 1878 | Loss: 0.0171 | Val: 0.8644 | Test: 0.8378 | Best Test: 0.8649
Epoch 1879 | Loss: 0.0191 | Val: 0.8644 | Test: 0.8378 | Best Test: 0.8649
Epoch 1880 | Loss: 0.0188 | Val: 0.8644 | Test: 0.8378 | Best Test: 0.8649
Epoch 1881 | Loss: 0.0187 | Val: 0.8644 | Test: 0.8378 | Best Test: 0.8649
Epoch 1882 | Loss: 0.0198 | Val: 0.8644 | Test: 0.8378 | Best Test: 0.8649
Epoch 1883 | Loss: 0.0208 | Val: 0.8644 | Test: 0.8378 | Best Test: 0.8649
Epoch 1884 | Loss: 0.0194 | Val: 0.8644 | Test: 0.8378 | Best Test: 0.8649
Epoch 1885 | Loss: 0.0180 | Val: 0.8644 | Test: 0.8378 | Best Test: 0.8649
Epoch 1886 | Loss: 0.0186 | Val: 0.8644 | Test: 0.8378 | Best Test: 0.8649
Epoch 1887 | Loss: 0.0188 | Val: 0.8644 | Test: 0.8378 | Best Test: 0.8649
Epoch 1888 | Loss: 0.0191 | Val: 0.8644 | Test: 0.8378 | Best Test: 0.8649
Epoch 1889 | Loss: 0.0218 | Val: 0.8644 | Test: 0.8378 | Best Test: 0.8649
Epoch 1890 | Loss: 0.0298 | Val: 0.8644 | Test: 0.8378 | Best Test: 0.8649
Epoch 1891 | Loss: 0.0205 | Val: 0.8644 | Test: 0.8378 | Best Test: 0.8649
Epoch 1892 | Loss: 0.0197 | Val: 0.8644 | Test: 0.8378 | Best Test: 0.8649
Epoch 1893 | Loss: 0.0188 | Val: 0.8644 | Test: 0.8378 | Best Test: 0.8649
Epoch 1894 | Loss: 0.0173 | Val: 0.8644 | Test: 0.8378 | Best Test: 0.8649
Epoch 1895 | Loss: 0.0217 | Val: 0.8644 | Test: 0.8378 | Best Test: 0.8649
Epoch 1896 | Loss: 0.0189 | Val: 0.8644 | Test: 0.8378 | Best Test: 0.8649
Epoch 1897 | Loss: 0.0181 | Val: 0.8644 | Test: 0.8378 | Best Test: 0.8649
Epoch 1898 | Loss: 0.0212 | Val: 0.8644 | Test: 0.8378 | Best Test: 0.8649
Epoch 1899 | Loss: 0.0188 | Val: 0.8644 | Test: 0.8378 | Best Test: 0.8649
Epoch 1900 | Loss: 0.0202 | Val: 0.8644 | Test: 0.8378 | Best Test: 0.8649
Epoch 1901 | Loss: 0.0191 | Val: 0.8644 | Test: 0.8378 | Best Test: 0.8649
Epoch 1902 | Loss: 0.0176 | Val: 0.8644 | Test: 0.8378 | Best Test: 0.8649
Epoch 1903 | Loss: 0.0190 | Val: 0.8644 | Test: 0.8378 | Best Test: 0.8649
Epoch 1904 | Loss: 0.0179 | Val: 0.8644 | Test: 0.8378 | Best Test: 0.8649
Epoch 1905 | Loss: 0.0180 | Val: 0.8644 | Test: 0.8378 | Best Test: 0.8649
Epoch 1906 | Loss: 0.0181 | Val: 0.8644 | Test: 0.8378 | Best Test: 0.8649
Epoch 1907 | Loss: 0.0193 | Val: 0.8644 | Test: 0.8378 | Best Test: 0.8649
Epoch 1908 | Loss: 0.0174 | Val: 0.8644 | Test: 0.8378 | Best Test: 0.8649
Epoch 1909 | Loss: 0.0178 | Val: 0.8644 | Test: 0.8378 | Best Test: 0.8649
Epoch 1910 | Loss: 0.0173 | Val: 0.8644 | Test: 0.8378 | Best Test: 0.8649
Epoch 1911 | Loss: 0.0178 | Val: 0.8644 | Test: 0.8378 | Best Test: 0.8649
Epoch 1912 | Loss: 0.0185 | Val: 0.8644 | Test: 0.8378 | Best Test: 0.8649
Epoch 1913 | Loss: 0.0189 | Val: 0.8644 | Test: 0.8378 | Best Test: 0.8649
Epoch 1914 | Loss: 0.0207 | Val: 0.8644 | Test: 0.8378 | Best Test: 0.8649
Epoch 1915 | Loss: 0.0168 | Val: 0.8644 | Test: 0.8378 | Best Test: 0.8649
Epoch 1916 | Loss: 0.0223 | Val: 0.8644 | Test: 0.8378 | Best Test: 0.8649
Epoch 1917 | Loss: 0.0228 | Val: 0.8644 | Test: 0.8378 | Best Test: 0.8649
Epoch 1918 | Loss: 0.0188 | Val: 0.8644 | Test: 0.8378 | Best Test: 0.8649
Epoch 1919 | Loss: 0.0173 | Val: 0.8644 | Test: 0.8378 | Best Test: 0.8649
Epoch 1920 | Loss: 0.0187 | Val: 0.8644 | Test: 0.8378 | Best Test: 0.8649
Epoch 1921 | Loss: 0.0195 | Val: 0.8644 | Test: 0.8378 | Best Test: 0.8649
Epoch 1922 | Loss: 0.0193 | Val: 0.8644 | Test: 0.8378 | Best Test: 0.8649
Epoch 1923 | Loss: 0.0192 | Val: 0.8644 | Test: 0.8378 | Best Test: 0.8649
Epoch 1924 | Loss: 0.0183 | Val: 0.8644 | Test: 0.8378 | Best Test: 0.8649
Epoch 1925 | Loss: 0.0190 | Val: 0.8644 | Test: 0.8378 | Best Test: 0.8649
Epoch 1926 | Loss: 0.0176 | Val: 0.8644 | Test: 0.8378 | Best Test: 0.8649
Epoch 1927 | Loss: 0.0218 | Val: 0.8644 | Test: 0.8378 | Best Test: 0.8649
Epoch 1928 | Loss: 0.0182 | Val: 0.8644 | Test: 0.8378 | Best Test: 0.8649
Epoch 1929 | Loss: 0.0220 | Val: 0.8644 | Test: 0.8378 | Best Test: 0.8649
Epoch 1930 | Loss: 0.0178 | Val: 0.8644 | Test: 0.8378 | Best Test: 0.8649
Epoch 1931 | Loss: 0.0192 | Val: 0.8644 | Test: 0.8378 | Best Test: 0.8649
Epoch 1932 | Loss: 0.0183 | Val: 0.8644 | Test: 0.8378 | Best Test: 0.8649
Epoch 1933 | Loss: 0.0176 | Val: 0.8644 | Test: 0.8378 | Best Test: 0.8649
Epoch 1934 | Loss: 0.0181 | Val: 0.8644 | Test: 0.8378 | Best Test: 0.8649
Epoch 1935 | Loss: 0.0195 | Val: 0.8644 | Test: 0.8378 | Best Test: 0.8649
Epoch 1936 | Loss: 0.0182 | Val: 0.8644 | Test: 0.8378 | Best Test: 0.8649
Epoch 1937 | Loss: 0.0180 | Val: 0.8644 | Test: 0.8378 | Best Test: 0.8649
Epoch 1938 | Loss: 0.0192 | Val: 0.8644 | Test: 0.8378 | Best Test: 0.8649
Epoch 1939 | Loss: 0.0255 | Val: 0.8644 | Test: 0.8378 | Best Test: 0.8649
Epoch 1940 | Loss: 0.0187 | Val: 0.8644 | Test: 0.8378 | Best Test: 0.8649
Epoch 1941 | Loss: 0.0200 | Val: 0.8644 | Test: 0.8378 | Best Test: 0.8649
Epoch 1942 | Loss: 0.0181 | Val: 0.8644 | Test: 0.8378 | Best Test: 0.8649
Epoch 1943 | Loss: 0.0199 | Val: 0.8644 | Test: 0.8378 | Best Test: 0.8649
Epoch 1944 | Loss: 0.0208 | Val: 0.8644 | Test: 0.8378 | Best Test: 0.8649
Epoch 1945 | Loss: 0.0175 | Val: 0.8644 | Test: 0.8378 | Best Test: 0.8649
Epoch 1946 | Loss: 0.0184 | Val: 0.8644 | Test: 0.8378 | Best Test: 0.8649
Epoch 1947 | Loss: 0.0189 | Val: 0.8644 | Test: 0.8378 | Best Test: 0.8649
Epoch 1948 | Loss: 0.0179 | Val: 0.8644 | Test: 0.8378 | Best Test: 0.8649
Epoch 1949 | Loss: 0.0173 | Val: 0.8644 | Test: 0.8378 | Best Test: 0.8649
Epoch 1950 | Loss: 0.0199 | Val: 0.8644 | Test: 0.8378 | Best Test: 0.8649
Epoch 1951 | Loss: 0.0188 | Val: 0.8644 | Test: 0.8378 | Best Test: 0.8649
Epoch 1952 | Loss: 0.0198 | Val: 0.8644 | Test: 0.8378 | Best Test: 0.8649
Epoch 1953 | Loss: 0.0175 | Val: 0.8644 | Test: 0.8378 | Best Test: 0.8649
Epoch 1954 | Loss: 0.0185 | Val: 0.8644 | Test: 0.8378 | Best Test: 0.8649
Epoch 1955 | Loss: 0.0198 | Val: 0.8644 | Test: 0.8378 | Best Test: 0.8649
Epoch 1956 | Loss: 0.0205 | Val: 0.8644 | Test: 0.8378 | Best Test: 0.8649
Epoch 1957 | Loss: 0.0184 | Val: 0.8644 | Test: 0.8378 | Best Test: 0.8649
Epoch 1958 | Loss: 0.0184 | Val: 0.8644 | Test: 0.8378 | Best Test: 0.8649
Epoch 1959 | Loss: 0.0171 | Val: 0.8644 | Test: 0.8378 | Best Test: 0.8649
Epoch 1960 | Loss: 0.0198 | Val: 0.8644 | Test: 0.8378 | Best Test: 0.8649
Epoch 1961 | Loss: 0.0179 | Val: 0.8644 | Test: 0.8378 | Best Test: 0.8649
Epoch 1962 | Loss: 0.0182 | Val: 0.8644 | Test: 0.8378 | Best Test: 0.8649
Epoch 1963 | Loss: 0.0179 | Val: 0.8644 | Test: 0.8378 | Best Test: 0.8649
Epoch 1964 | Loss: 0.0172 | Val: 0.8644 | Test: 0.8378 | Best Test: 0.8649
Epoch 1965 | Loss: 0.0245 | Val: 0.8644 | Test: 0.8378 | Best Test: 0.8649
Epoch 1966 | Loss: 0.0214 | Val: 0.8644 | Test: 0.8378 | Best Test: 0.8649
Epoch 1967 | Loss: 0.0190 | Val: 0.8644 | Test: 0.8378 | Best Test: 0.8649
Epoch 1968 | Loss: 0.0184 | Val: 0.8644 | Test: 0.8378 | Best Test: 0.8649
Epoch 1969 | Loss: 0.0174 | Val: 0.8644 | Test: 0.8378 | Best Test: 0.8649
Epoch 1970 | Loss: 0.0180 | Val: 0.8644 | Test: 0.8378 | Best Test: 0.8649
Epoch 1971 | Loss: 0.0182 | Val: 0.8644 | Test: 0.8378 | Best Test: 0.8649
Epoch 1972 | Loss: 0.0168 | Val: 0.8644 | Test: 0.8378 | Best Test: 0.8649
Epoch 1973 | Loss: 0.0181 | Val: 0.8644 | Test: 0.8378 | Best Test: 0.8649
Epoch 1974 | Loss: 0.0188 | Val: 0.8644 | Test: 0.8378 | Best Test: 0.8649
Epoch 1975 | Loss: 0.0215 | Val: 0.8644 | Test: 0.8378 | Best Test: 0.8649
Epoch 1976 | Loss: 0.0193 | Val: 0.8644 | Test: 0.8378 | Best Test: 0.8649
Epoch 1977 | Loss: 0.0211 | Val: 0.8644 | Test: 0.8378 | Best Test: 0.8649
Epoch 1978 | Loss: 0.0171 | Val: 0.8644 | Test: 0.8378 | Best Test: 0.8649
Epoch 1979 | Loss: 0.0181 | Val: 0.8644 | Test: 0.8378 | Best Test: 0.8649
Epoch 1980 | Loss: 0.0180 | Val: 0.8644 | Test: 0.8378 | Best Test: 0.8649
Epoch 1981 | Loss: 0.0185 | Val: 0.8644 | Test: 0.8378 | Best Test: 0.8649
Epoch 1982 | Loss: 0.0370 | Val: 0.8644 | Test: 0.8378 | Best Test: 0.8649
Epoch 1983 | Loss: 0.0179 | Val: 0.8644 | Test: 0.8378 | Best Test: 0.8649
Epoch 1984 | Loss: 0.0206 | Val: 0.8644 | Test: 0.8378 | Best Test: 0.8649
Epoch 1985 | Loss: 0.0185 | Val: 0.8644 | Test: 0.8378 | Best Test: 0.8649
Epoch 1986 | Loss: 0.0219 | Val: 0.8644 | Test: 0.8378 | Best Test: 0.8649
Epoch 1987 | Loss: 0.0171 | Val: 0.8644 | Test: 0.8378 | Best Test: 0.8649
Epoch 1988 | Loss: 0.0184 | Val: 0.8644 | Test: 0.8378 | Best Test: 0.8649
Epoch 1989 | Loss: 0.0176 | Val: 0.8644 | Test: 0.8378 | Best Test: 0.8649
Epoch 1990 | Loss: 0.0200 | Val: 0.8644 | Test: 0.8378 | Best Test: 0.8649
Epoch 1991 | Loss: 0.0194 | Val: 0.8644 | Test: 0.8378 | Best Test: 0.8649
Epoch 1992 | Loss: 0.0194 | Val: 0.8644 | Test: 0.8378 | Best Test: 0.8649
Epoch 1993 | Loss: 0.0166 | Val: 0.8644 | Test: 0.8378 | Best Test: 0.8649
Epoch 1994 | Loss: 0.0196 | Val: 0.8644 | Test: 0.8378 | Best Test: 0.8649
Epoch 1995 | Loss: 0.0183 | Val: 0.8644 | Test: 0.8378 | Best Test: 0.8649
Epoch 1996 | Loss: 0.0214 | Val: 0.8644 | Test: 0.8378 | Best Test: 0.8649
Epoch 1997 | Loss: 0.0226 | Val: 0.8644 | Test: 0.8378 | Best Test: 0.8649
Epoch 1998 | Loss: 0.0194 | Val: 0.8644 | Test: 0.8378 | Best Test: 0.8649
Epoch 1999 | Loss: 0.0180 | Val: 0.8644 | Test: 0.8378 | Best Test: 0.8649
Epoch 2000 | Loss: 0.0185 | Val: 0.8644 | Test: 0.8378 | Best Test: 0.8649
[sgpc] summary data_id=7 split=3 seed=0 spec=dense best_val=0.8644 val_selected_test=0.8378 val_selected_epoch=1683 oracle_best_test=0.8649 last_epoch=2000
[repro] exit_code=0
[repro] runtime_seconds=54
[repro] finished_at=2026-09-12T16:41:20+08:00
