[repro] started_at=2026-09-11T18:17:47+08:00
[repro] run_id=20260911_181747_mooc_pid742904
[repro] repo_commit=28ca94a06771c46073b650de3daa95e0939342ba
[repro] tracked_patch_sha256=9c5c573c67cf67dc7b1588abbd796fcb30acf6e937c3b9a8782fcb9438909540
[repro] patch_stat= model/utils.py                       |  99 +++++++++++++
[repro] patch_stat= scalable_tgn_link_prediction.py      | 274 ++++++++++++++++++++++++++++++++---
[repro] patch_stat= scalable_tgn_main_link_prediction.py |  64 +++++++-
[repro] patch_stat= 3 files changed, 410 insertions(+), 27 deletions(-)
[repro] dataset=mooc gpu=0 env=scadyg
[repro] eval_manifest=/home/lab_user/project/lzc/results/scadyg/protocols/mooc_full_item_v1.npz
[repro] eval_manifest_sha256=f314bf0ef2afecc8c127d89f32620f47075f438ebe21ee960b146d69cafe8da1
[repro] checkpoint_dir=/home/lab_user/project/lzc/results/scadyg/checkpoints/20260911_181747_mooc_pid742904
[repro] command=python scalable_tgn_main_link_prediction.py --dataset mooc --cuda_device 0 --eval_manifest /home/lab_user/project/lzc/results/scadyg/protocols/mooc_full_item_v1.npz --checkpoint_dir /home/lab_user/project/lzc/results/scadyg/checkpoints/20260911_181747_mooc_pid742904 --repo_commit 28ca94a06771c46073b650de3daa95e0939342ba --seed 2 --selection_metric filtered_mrr --eval_protocol both
[repro] torch=2.2.1+cu121 pyg=2.8.0.post1 dgl=2.2.1+cu121
[repro] cuda=True gpu_count=1
[repro] gpu_name=NVIDIA GeForce RTX 3090
[Fri Sep 11 18:17:53 2026|scalable_tgn_main_link_prediction.py|INFO] evaluation protocol:both, manifest_sha256:f314bf0ef2afecc8c127d89f32620f47075f438ebe21ee960b146d69cafe8da1, edge_index_sha256:e8b017550b97172caa9334cc6a5cba18bbd052f30ef93ecd2cdb17c4ff24e33c, valid_destination_count:97
0it [00:00, ?it/s]90it [00:00, 895.18it/s]100it [00:00, 895.90it/s]
0it [00:00, ?it/s]7it [00:00, 62.12it/s]14it [00:00, 44.63it/s]21it [00:00, 51.42it/s]27it [00:00, 44.00it/s]34it [00:00, 49.51it/s]40it [00:00, 43.59it/s]47it [00:00, 48.44it/s]53it [00:01, 43.23it/s]60it [00:01, 48.06it/s]66it [00:01, 43.14it/s]73it [00:01, 47.77it/s]79it [00:01, 43.13it/s]86it [00:01, 47.64it/s]93it [00:02, 43.53it/s]100it [00:02, 47.98it/s]100it [00:02, 46.53it/s]
[Fri Sep 11 18:18:16 2026|scalable_tgn_link_prediction.py|INFO] meta val epoch:0, loss:0.52097, official_mrr:0.65905, filtered_mrr:0.01701, acc:0.99441, ap:0.98949, f1:0.99441, macro_auc:0.99469, micro_auc:0.99469
[Fri Sep 11 18:18:16 2026|scalable_tgn_link_prediction.py|INFO] filtered val epoch:0, snapshot:70, positives:4118, sources:324, mean_negatives:83.555, min_negatives:51, max_negatives:96
[Fri Sep 11 18:18:16 2026|scalable_tgn_link_prediction.py|INFO] meta val epoch:0, loss:0.43558, official_mrr:0.63004, filtered_mrr:0.01600, acc:0.99502, ap:0.99157, f1:0.99502, macro_auc:0.99575, micro_auc:0.99575
[Fri Sep 11 18:18:16 2026|scalable_tgn_link_prediction.py|INFO] filtered val epoch:0, snapshot:71, positives:4118, sources:344, mean_negatives:84.298, min_negatives:43, max_negatives:96
[Fri Sep 11 18:18:16 2026|scalable_tgn_link_prediction.py|INFO] meta val epoch:0, loss:0.70276, official_mrr:0.62428, filtered_mrr:0.01951, acc:0.98907, ap:0.98451, f1:0.98907, macro_auc:0.99062, micro_auc:0.99062
[Fri Sep 11 18:18:16 2026|scalable_tgn_link_prediction.py|INFO] filtered val epoch:0, snapshot:72, positives:4118, sources:321, mean_negatives:80.469, min_negatives:29, max_negatives:96
[Fri Sep 11 18:18:16 2026|scalable_tgn_link_prediction.py|INFO] meta val epoch:0, loss:0.60232, official_mrr:0.66176, filtered_mrr:0.01660, acc:0.98956, ap:0.98823, f1:0.98956, macro_auc:0.99396, micro_auc:0.99396
[Fri Sep 11 18:18:16 2026|scalable_tgn_link_prediction.py|INFO] filtered val epoch:0, snapshot:73, positives:4118, sources:306, mean_negatives:81.326, min_negatives:54, max_negatives:96
[Fri Sep 11 18:18:17 2026|scalable_tgn_link_prediction.py|INFO] meta val epoch:0, loss:0.42642, official_mrr:0.60744, filtered_mrr:0.01738, acc:0.99490, ap:0.99176, f1:0.99490, macro_auc:0.99584, micro_auc:0.99584
[Fri Sep 11 18:18:17 2026|scalable_tgn_link_prediction.py|INFO] filtered val epoch:0, snapshot:74, positives:4118, sources:307, mean_negatives:80.789, min_negatives:45, max_negatives:96
[Fri Sep 11 18:18:17 2026|scalable_tgn_link_prediction.py|INFO] meta val epoch:0, loss:0.50947, official_mrr:0.63779, filtered_mrr:0.01542, acc:0.99417, ap:0.99005, f1:0.99417, macro_auc:0.99498, micro_auc:0.99498
[Fri Sep 11 18:18:17 2026|scalable_tgn_link_prediction.py|INFO] filtered val epoch:0, snapshot:75, positives:4118, sources:329, mean_negatives:84.600, min_negatives:57, max_negatives:96
[Fri Sep 11 18:18:17 2026|scalable_tgn_link_prediction.py|INFO] meta val epoch:0, loss:0.65783, official_mrr:0.61931, filtered_mrr:0.01717, acc:0.99223, ap:0.98729, f1:0.99223, macro_auc:0.99356, micro_auc:0.99356
[Fri Sep 11 18:18:17 2026|scalable_tgn_link_prediction.py|INFO] filtered val epoch:0, snapshot:76, positives:4118, sources:359, mean_negatives:81.110, min_negatives:36, max_negatives:96
[Fri Sep 11 18:18:17 2026|scalable_tgn_link_prediction.py|INFO] meta val epoch:0, loss:0.58101, official_mrr:0.65329, filtered_mrr:0.01608, acc:0.99369, ap:0.98872, f1:0.99369, macro_auc:0.99429, micro_auc:0.99429
[Fri Sep 11 18:18:17 2026|scalable_tgn_link_prediction.py|INFO] filtered val epoch:0, snapshot:77, positives:4118, sources:319, mean_negatives:82.029, min_negatives:53, max_negatives:96
[Fri Sep 11 18:18:17 2026|scalable_tgn_link_prediction.py|INFO] meta val epoch:0, loss:0.61924, official_mrr:0.63859, filtered_mrr:0.01568, acc:0.99284, ap:0.98800, f1:0.99284, macro_auc:0.99393, micro_auc:0.99393
[Fri Sep 11 18:18:17 2026|scalable_tgn_link_prediction.py|INFO] filtered val epoch:0, snapshot:78, positives:4118, sources:352, mean_negatives:83.768, min_negatives:51, max_negatives:96
[Fri Sep 11 18:18:17 2026|scalable_tgn_link_prediction.py|INFO] meta val epoch:0, loss:0.61321, official_mrr:0.62161, filtered_mrr:0.01537, acc:0.99235, ap:0.98824, f1:0.99235, macro_auc:0.99405, micro_auc:0.99405
[Fri Sep 11 18:18:17 2026|scalable_tgn_link_prediction.py|INFO] filtered val epoch:0, snapshot:79, positives:4118, sources:371, mean_negatives:84.239, min_negatives:63, max_negatives:96
[Fri Sep 11 18:18:18 2026|scalable_tgn_link_prediction.py|INFO] meta val epoch:0, loss:0.66201, official_mrr:0.63968, filtered_mrr:0.01632, acc:0.99102, ap:0.98641, f1:0.99101, macro_auc:0.99252, micro_auc:0.99252
[Fri Sep 11 18:18:18 2026|scalable_tgn_link_prediction.py|INFO] filtered val epoch:0, snapshot:80, positives:4118, sources:401, mean_negatives:83.221, min_negatives:39, max_negatives:96
[Fri Sep 11 18:18:18 2026|scalable_tgn_link_prediction.py|INFO] meta val epoch:0, loss:0.39120, official_mrr:0.63823, filtered_mrr:0.01633, acc:0.99502, ap:0.99242, f1:0.99502, macro_auc:0.99604, micro_auc:0.99604
[Fri Sep 11 18:18:18 2026|scalable_tgn_link_prediction.py|INFO] filtered val epoch:0, snapshot:81, positives:4118, sources:339, mean_negatives:81.805, min_negatives:44, max_negatives:96
[Fri Sep 11 18:18:18 2026|scalable_tgn_link_prediction.py|INFO] meta val epoch:0, loss:0.48494, official_mrr:0.62790, filtered_mrr:0.01673, acc:0.99454, ap:0.99062, f1:0.99454, macro_auc:0.99526, micro_auc:0.99526
[Fri Sep 11 18:18:18 2026|scalable_tgn_link_prediction.py|INFO] filtered val epoch:0, snapshot:82, positives:4118, sources:396, mean_negatives:82.735, min_negatives:34, max_negatives:96
[Fri Sep 11 18:18:18 2026|scalable_tgn_link_prediction.py|INFO] meta val epoch:0, loss:0.52269, official_mrr:0.62967, filtered_mrr:0.01511, acc:0.99369, ap:0.98990, f1:0.99369, macro_auc:0.99490, micro_auc:0.99490
[Fri Sep 11 18:18:18 2026|scalable_tgn_link_prediction.py|INFO] filtered val epoch:0, snapshot:83, positives:4118, sources:391, mean_negatives:85.125, min_negatives:64, max_negatives:96
[Fri Sep 11 18:18:18 2026|scalable_tgn_link_prediction.py|INFO] meta val epoch:0, loss:0.56085, official_mrr:0.61795, filtered_mrr:0.01638, acc:0.99223, ap:0.98892, f1:0.99223, macro_auc:0.99414, micro_auc:0.99414
[Fri Sep 11 18:18:18 2026|scalable_tgn_link_prediction.py|INFO] filtered val epoch:0, snapshot:84, positives:4118, sources:371, mean_negatives:82.074, min_negatives:46, max_negatives:96
[Fri Sep 11 18:18:18 2026|scalable_tgn_link_prediction.py|INFO] validation summary epoch:0, avg_official_mrr:0.63377, global_filtered_mrr:0.01647, avg_ap:0.98908, selection_metric:filtered_mrr, selection_score:0.01647
[Fri Sep 11 18:18:31 2026|scalable_tgn_link_prediction.py|INFO] meta val epoch:1, loss:0.52125, official_mrr:0.60926, filtered_mrr:0.01661, acc:0.99417, ap:0.98960, f1:0.99417, macro_auc:0.99475, micro_auc:0.99475
[Fri Sep 11 18:18:31 2026|scalable_tgn_link_prediction.py|INFO] filtered val epoch:1, snapshot:70, positives:4118, sources:324, mean_negatives:83.555, min_negatives:51, max_negatives:96
[Fri Sep 11 18:18:32 2026|scalable_tgn_link_prediction.py|INFO] meta val epoch:1, loss:0.43730, official_mrr:0.64428, filtered_mrr:0.01600, acc:0.99405, ap:0.99157, f1:0.99405, macro_auc:0.99575, micro_auc:0.99575
[Fri Sep 11 18:18:32 2026|scalable_tgn_link_prediction.py|INFO] filtered val epoch:1, snapshot:71, positives:4118, sources:344, mean_negatives:84.298, min_negatives:43, max_negatives:96
[Fri Sep 11 18:18:32 2026|scalable_tgn_link_prediction.py|INFO] meta val epoch:1, loss:0.70253, official_mrr:0.59200, filtered_mrr:0.01951, acc:0.98871, ap:0.98446, f1:0.98871, macro_auc:0.99054, micro_auc:0.99054
[Fri Sep 11 18:18:32 2026|scalable_tgn_link_prediction.py|INFO] filtered val epoch:1, snapshot:72, positives:4118, sources:321, mean_negatives:80.469, min_negatives:29, max_negatives:96
[Fri Sep 11 18:18:32 2026|scalable_tgn_link_prediction.py|INFO] meta val epoch:1, loss:0.60210, official_mrr:0.63540, filtered_mrr:0.01660, acc:0.98883, ap:0.98795, f1:0.98883, macro_auc:0.99336, micro_auc:0.99336
[Fri Sep 11 18:18:32 2026|scalable_tgn_link_prediction.py|INFO] filtered val epoch:1, snapshot:73, positives:4118, sources:306, mean_negatives:81.326, min_negatives:54, max_negatives:96
[Fri Sep 11 18:18:32 2026|scalable_tgn_link_prediction.py|INFO] meta val epoch:1, loss:0.42413, official_mrr:0.63876, filtered_mrr:0.01738, acc:0.99429, ap:0.99176, f1:0.99429, macro_auc:0.99585, micro_auc:0.99585
[Fri Sep 11 18:18:32 2026|scalable_tgn_link_prediction.py|INFO] filtered val epoch:1, snapshot:74, positives:4118, sources:307, mean_negatives:80.789, min_negatives:45, max_negatives:96
[Fri Sep 11 18:18:32 2026|scalable_tgn_link_prediction.py|INFO] meta val epoch:1, loss:0.50834, official_mrr:0.64291, filtered_mrr:0.01542, acc:0.99393, ap:0.99005, f1:0.99393, macro_auc:0.99498, micro_auc:0.99498
[Fri Sep 11 18:18:32 2026|scalable_tgn_link_prediction.py|INFO] filtered val epoch:1, snapshot:75, positives:4118, sources:329, mean_negatives:84.600, min_negatives:57, max_negatives:96
[Fri Sep 11 18:18:32 2026|scalable_tgn_link_prediction.py|INFO] meta val epoch:1, loss:0.65370, official_mrr:0.62331, filtered_mrr:0.01717, acc:0.99199, ap:0.98729, f1:0.99199, macro_auc:0.99356, micro_auc:0.99356
[Fri Sep 11 18:18:32 2026|scalable_tgn_link_prediction.py|INFO] filtered val epoch:1, snapshot:76, positives:4118, sources:359, mean_negatives:81.110, min_negatives:36, max_negatives:96
[Fri Sep 11 18:18:32 2026|scalable_tgn_link_prediction.py|INFO] meta val epoch:1, loss:0.57911, official_mrr:0.62147, filtered_mrr:0.01608, acc:0.99381, ap:0.98872, f1:0.99381, macro_auc:0.99429, micro_auc:0.99429
[Fri Sep 11 18:18:32 2026|scalable_tgn_link_prediction.py|INFO] filtered val epoch:1, snapshot:77, positives:4118, sources:319, mean_negatives:82.029, min_negatives:53, max_negatives:96
[Fri Sep 11 18:18:33 2026|scalable_tgn_link_prediction.py|INFO] meta val epoch:1, loss:0.61760, official_mrr:0.59910, filtered_mrr:0.01568, acc:0.99223, ap:0.98800, f1:0.99223, macro_auc:0.99393, micro_auc:0.99393
[Fri Sep 11 18:18:33 2026|scalable_tgn_link_prediction.py|INFO] filtered val epoch:1, snapshot:78, positives:4118, sources:352, mean_negatives:83.768, min_negatives:51, max_negatives:96
[Fri Sep 11 18:18:33 2026|scalable_tgn_link_prediction.py|INFO] meta val epoch:1, loss:0.61059, official_mrr:0.63589, filtered_mrr:0.01536, acc:0.99186, ap:0.98824, f1:0.99186, macro_auc:0.99405, micro_auc:0.99405
[Fri Sep 11 18:18:33 2026|scalable_tgn_link_prediction.py|INFO] filtered val epoch:1, snapshot:79, positives:4118, sources:371, mean_negatives:84.239, min_negatives:63, max_negatives:96
[Fri Sep 11 18:18:33 2026|scalable_tgn_link_prediction.py|INFO] meta val epoch:1, loss:0.65880, official_mrr:0.66647, filtered_mrr:0.01632, acc:0.99102, ap:0.98643, f1:0.99101, macro_auc:0.99257, micro_auc:0.99257
[Fri Sep 11 18:18:33 2026|scalable_tgn_link_prediction.py|INFO] filtered val epoch:1, snapshot:80, positives:4118, sources:401, mean_negatives:83.221, min_negatives:39, max_negatives:96
[Fri Sep 11 18:18:33 2026|scalable_tgn_link_prediction.py|INFO] meta val epoch:1, loss:0.39071, official_mrr:0.63858, filtered_mrr:0.01633, acc:0.99466, ap:0.99241, f1:0.99466, macro_auc:0.99602, micro_auc:0.99602
[Fri Sep 11 18:18:33 2026|scalable_tgn_link_prediction.py|INFO] filtered val epoch:1, snapshot:81, positives:4118, sources:339, mean_negatives:81.805, min_negatives:44, max_negatives:96
[Fri Sep 11 18:18:33 2026|scalable_tgn_link_prediction.py|INFO] meta val epoch:1, loss:0.48474, official_mrr:0.63226, filtered_mrr:0.01673, acc:0.99369, ap:0.99062, f1:0.99369, macro_auc:0.99526, micro_auc:0.99526
[Fri Sep 11 18:18:33 2026|scalable_tgn_link_prediction.py|INFO] filtered val epoch:1, snapshot:82, positives:4118, sources:396, mean_negatives:82.735, min_negatives:34, max_negatives:96
[Fri Sep 11 18:18:33 2026|scalable_tgn_link_prediction.py|INFO] meta val epoch:1, loss:0.52247, official_mrr:0.64889, filtered_mrr:0.01511, acc:0.99247, ap:0.98990, f1:0.99247, macro_auc:0.99490, micro_auc:0.99490
[Fri Sep 11 18:18:33 2026|scalable_tgn_link_prediction.py|INFO] filtered val epoch:1, snapshot:83, positives:4118, sources:391, mean_negatives:85.125, min_negatives:64, max_negatives:96
[Fri Sep 11 18:18:34 2026|scalable_tgn_link_prediction.py|INFO] meta val epoch:1, loss:0.56081, official_mrr:0.64004, filtered_mrr:0.01638, acc:0.99199, ap:0.98861, f1:0.99199, macro_auc:0.99342, micro_auc:0.99342
[Fri Sep 11 18:18:34 2026|scalable_tgn_link_prediction.py|INFO] filtered val epoch:1, snapshot:84, positives:4118, sources:371, mean_negatives:82.074, min_negatives:46, max_negatives:96
[Fri Sep 11 18:18:34 2026|scalable_tgn_link_prediction.py|INFO] validation summary epoch:1, avg_official_mrr:0.63124, global_filtered_mrr:0.01645, avg_ap:0.98904, selection_metric:filtered_mrr, selection_score:0.01645
[Fri Sep 11 18:18:47 2026|scalable_tgn_link_prediction.py|INFO] meta val epoch:2, loss:0.48606, official_mrr:0.67130, filtered_mrr:0.01872, acc:0.99454, ap:0.98963, f1:0.99454, macro_auc:0.99477, micro_auc:0.99477
[Fri Sep 11 18:18:47 2026|scalable_tgn_link_prediction.py|INFO] filtered val epoch:2, snapshot:70, positives:4118, sources:324, mean_negatives:83.555, min_negatives:51, max_negatives:96
[Fri Sep 11 18:18:47 2026|scalable_tgn_link_prediction.py|INFO] meta val epoch:2, loss:0.41425, official_mrr:0.66730, filtered_mrr:0.01751, acc:0.99441, ap:0.99176, f1:0.99441, macro_auc:0.99584, micro_auc:0.99584
[Fri Sep 11 18:18:47 2026|scalable_tgn_link_prediction.py|INFO] filtered val epoch:2, snapshot:71, positives:4118, sources:344, mean_negatives:84.298, min_negatives:43, max_negatives:96
[Fri Sep 11 18:18:47 2026|scalable_tgn_link_prediction.py|INFO] meta val epoch:2, loss:0.69118, official_mrr:0.64605, filtered_mrr:0.01989, acc:0.98895, ap:0.98455, f1:0.98895, macro_auc:0.99060, micro_auc:0.99060
[Fri Sep 11 18:18:47 2026|scalable_tgn_link_prediction.py|INFO] filtered val epoch:2, snapshot:72, positives:4118, sources:321, mean_negatives:80.469, min_negatives:29, max_negatives:96
[Fri Sep 11 18:18:47 2026|scalable_tgn_link_prediction.py|INFO] meta val epoch:2, loss:0.60077, official_mrr:0.67772, filtered_mrr:0.01660, acc:0.98907, ap:0.98831, f1:0.98907, macro_auc:0.99405, micro_auc:0.99405
[Fri Sep 11 18:18:47 2026|scalable_tgn_link_prediction.py|INFO] filtered val epoch:2, snapshot:73, positives:4118, sources:306, mean_negatives:81.326, min_negatives:54, max_negatives:96
[Fri Sep 11 18:18:47 2026|scalable_tgn_link_prediction.py|INFO] meta val epoch:2, loss:0.41276, official_mrr:0.64594, filtered_mrr:0.01739, acc:0.99429, ap:0.99200, f1:0.99429, macro_auc:0.99597, micro_auc:0.99597
[Fri Sep 11 18:18:47 2026|scalable_tgn_link_prediction.py|INFO] filtered val epoch:2, snapshot:74, positives:4118, sources:307, mean_negatives:80.789, min_negatives:45, max_negatives:96
[Fri Sep 11 18:18:47 2026|scalable_tgn_link_prediction.py|INFO] meta val epoch:2, loss:0.50750, official_mrr:0.64012, filtered_mrr:0.01544, acc:0.99417, ap:0.99005, f1:0.99417, macro_auc:0.99498, micro_auc:0.99498
[Fri Sep 11 18:18:47 2026|scalable_tgn_link_prediction.py|INFO] filtered val epoch:2, snapshot:75, positives:4118, sources:329, mean_negatives:84.600, min_negatives:57, max_negatives:96
[Fri Sep 11 18:18:48 2026|scalable_tgn_link_prediction.py|INFO] meta val epoch:2, loss:0.65357, official_mrr:0.66421, filtered_mrr:0.01729, acc:0.99211, ap:0.98728, f1:0.99211, macro_auc:0.99356, micro_auc:0.99356
[Fri Sep 11 18:18:48 2026|scalable_tgn_link_prediction.py|INFO] filtered val epoch:2, snapshot:76, positives:4118, sources:359, mean_negatives:81.110, min_negatives:36, max_negatives:96
[Fri Sep 11 18:18:48 2026|scalable_tgn_link_prediction.py|INFO] meta val epoch:2, loss:0.56820, official_mrr:0.62915, filtered_mrr:0.01636, acc:0.99393, ap:0.98893, f1:0.99393, macro_auc:0.99441, micro_auc:0.99441
[Fri Sep 11 18:18:48 2026|scalable_tgn_link_prediction.py|INFO] filtered val epoch:2, snapshot:77, positives:4118, sources:319, mean_negatives:82.029, min_negatives:53, max_negatives:96
[Fri Sep 11 18:18:48 2026|scalable_tgn_link_prediction.py|INFO] meta val epoch:2, loss:0.61651, official_mrr:0.63158, filtered_mrr:0.01616, acc:0.99271, ap:0.98796, f1:0.99271, macro_auc:0.99391, micro_auc:0.99391
[Fri Sep 11 18:18:48 2026|scalable_tgn_link_prediction.py|INFO] filtered val epoch:2, snapshot:78, positives:4118, sources:352, mean_negatives:83.768, min_negatives:51, max_negatives:96
[Fri Sep 11 18:18:48 2026|scalable_tgn_link_prediction.py|INFO] meta val epoch:2, loss:0.59782, official_mrr:0.63513, filtered_mrr:0.01580, acc:0.99199, ap:0.98834, f1:0.99199, macro_auc:0.99410, micro_auc:0.99410
[Fri Sep 11 18:18:48 2026|scalable_tgn_link_prediction.py|INFO] filtered val epoch:2, snapshot:79, positives:4118, sources:371, mean_negatives:84.239, min_negatives:63, max_negatives:96
[Fri Sep 11 18:18:48 2026|scalable_tgn_link_prediction.py|INFO] meta val epoch:2, loss:0.65832, official_mrr:0.61337, filtered_mrr:0.01676, acc:0.99089, ap:0.98631, f1:0.99089, macro_auc:0.99242, micro_auc:0.99242
[Fri Sep 11 18:18:48 2026|scalable_tgn_link_prediction.py|INFO] filtered val epoch:2, snapshot:80, positives:4118, sources:401, mean_negatives:83.221, min_negatives:39, max_negatives:96
[Fri Sep 11 18:18:48 2026|scalable_tgn_link_prediction.py|INFO] meta val epoch:2, loss:0.38879, official_mrr:0.61916, filtered_mrr:0.01662, acc:0.99526, ap:0.99245, f1:0.99526, macro_auc:0.99618, micro_auc:0.99618
[Fri Sep 11 18:18:48 2026|scalable_tgn_link_prediction.py|INFO] filtered val epoch:2, snapshot:81, positives:4118, sources:339, mean_negatives:81.805, min_negatives:44, max_negatives:96
[Fri Sep 11 18:18:49 2026|scalable_tgn_link_prediction.py|INFO] meta val epoch:2, loss:0.48280, official_mrr:0.61524, filtered_mrr:0.01718, acc:0.99441, ap:0.99058, f1:0.99441, macro_auc:0.99524, micro_auc:0.99524
[Fri Sep 11 18:18:49 2026|scalable_tgn_link_prediction.py|INFO] filtered val epoch:2, snapshot:82, positives:4118, sources:396, mean_negatives:82.735, min_negatives:34, max_negatives:96
[Fri Sep 11 18:18:49 2026|scalable_tgn_link_prediction.py|INFO] meta val epoch:2, loss:0.49066, official_mrr:0.63073, filtered_mrr:0.01543, acc:0.99320, ap:0.99057, f1:0.99320, macro_auc:0.99524, micro_auc:0.99524
[Fri Sep 11 18:18:49 2026|scalable_tgn_link_prediction.py|INFO] filtered val epoch:2, snapshot:83, positives:4118, sources:391, mean_negatives:85.125, min_negatives:64, max_negatives:96
[Fri Sep 11 18:18:49 2026|scalable_tgn_link_prediction.py|INFO] meta val epoch:2, loss:0.55921, official_mrr:0.66228, filtered_mrr:0.01649, acc:0.99247, ap:0.98901, f1:0.99247, macro_auc:0.99434, micro_auc:0.99434
[Fri Sep 11 18:18:49 2026|scalable_tgn_link_prediction.py|INFO] filtered val epoch:2, snapshot:84, positives:4118, sources:371, mean_negatives:82.074, min_negatives:46, max_negatives:96
[Fri Sep 11 18:18:49 2026|scalable_tgn_link_prediction.py|INFO] validation summary epoch:2, avg_official_mrr:0.64328, global_filtered_mrr:0.01691, avg_ap:0.98918, selection_metric:filtered_mrr, selection_score:0.01691
[Fri Sep 11 18:19:02 2026|scalable_tgn_link_prediction.py|INFO] meta val epoch:3, loss:0.48611, official_mrr:0.67241, filtered_mrr:0.01929, acc:0.99356, ap:0.98941, f1:0.99356, macro_auc:0.99466, micro_auc:0.99466
[Fri Sep 11 18:19:02 2026|scalable_tgn_link_prediction.py|INFO] filtered val epoch:3, snapshot:70, positives:4118, sources:324, mean_negatives:83.555, min_negatives:51, max_negatives:96
[Fri Sep 11 18:19:02 2026|scalable_tgn_link_prediction.py|INFO] meta val epoch:3, loss:0.40326, official_mrr:0.68382, filtered_mrr:0.01881, acc:0.99369, ap:0.99172, f1:0.99369, macro_auc:0.99583, micro_auc:0.99583
[Fri Sep 11 18:19:02 2026|scalable_tgn_link_prediction.py|INFO] filtered val epoch:3, snapshot:71, positives:4118, sources:344, mean_negatives:84.298, min_negatives:43, max_negatives:96
[Fri Sep 11 18:19:02 2026|scalable_tgn_link_prediction.py|INFO] meta val epoch:3, loss:0.63828, official_mrr:0.67835, filtered_mrr:0.02195, acc:0.98822, ap:0.98479, f1:0.98822, macro_auc:0.99023, micro_auc:0.99023
[Fri Sep 11 18:19:02 2026|scalable_tgn_link_prediction.py|INFO] filtered val epoch:3, snapshot:72, positives:4118, sources:321, mean_negatives:80.469, min_negatives:29, max_negatives:96
[Fri Sep 11 18:19:02 2026|scalable_tgn_link_prediction.py|INFO] meta val epoch:3, loss:0.50863, official_mrr:0.66019, filtered_mrr:0.01840, acc:0.98883, ap:0.98988, f1:0.98883, macro_auc:0.99480, micro_auc:0.99480
[Fri Sep 11 18:19:02 2026|scalable_tgn_link_prediction.py|INFO] filtered val epoch:3, snapshot:73, positives:4118, sources:306, mean_negatives:81.326, min_negatives:54, max_negatives:96
[Fri Sep 11 18:19:02 2026|scalable_tgn_link_prediction.py|INFO] meta val epoch:3, loss:0.40183, official_mrr:0.66192, filtered_mrr:0.01819, acc:0.99381, ap:0.99212, f1:0.99381, macro_auc:0.99603, micro_auc:0.99603
[Fri Sep 11 18:19:02 2026|scalable_tgn_link_prediction.py|INFO] filtered val epoch:3, snapshot:74, positives:4118, sources:307, mean_negatives:80.789, min_negatives:45, max_negatives:96
[Fri Sep 11 18:19:02 2026|scalable_tgn_link_prediction.py|INFO] meta val epoch:3, loss:0.49803, official_mrr:0.65937, filtered_mrr:0.01589, acc:0.99320, ap:0.99021, f1:0.99320, macro_auc:0.99506, micro_auc:0.99506
[Fri Sep 11 18:19:02 2026|scalable_tgn_link_prediction.py|INFO] filtered val epoch:3, snapshot:75, positives:4118, sources:329, mean_negatives:84.600, min_negatives:57, max_negatives:96
[Fri Sep 11 18:19:03 2026|scalable_tgn_link_prediction.py|INFO] meta val epoch:3, loss:0.64410, official_mrr:0.63695, filtered_mrr:0.01767, acc:0.99150, ap:0.98745, f1:0.99150, macro_auc:0.99365, micro_auc:0.99365
[Fri Sep 11 18:19:03 2026|scalable_tgn_link_prediction.py|INFO] filtered val epoch:3, snapshot:76, positives:4118, sources:359, mean_negatives:81.110, min_negatives:36, max_negatives:96
[Fri Sep 11 18:19:03 2026|scalable_tgn_link_prediction.py|INFO] meta val epoch:3, loss:0.53829, official_mrr:0.62989, filtered_mrr:0.01689, acc:0.99271, ap:0.98961, f1:0.99271, macro_auc:0.99475, micro_auc:0.99475
[Fri Sep 11 18:19:03 2026|scalable_tgn_link_prediction.py|INFO] filtered val epoch:3, snapshot:77, positives:4118, sources:319, mean_negatives:82.029, min_negatives:53, max_negatives:96
[Fri Sep 11 18:19:03 2026|scalable_tgn_link_prediction.py|INFO] meta val epoch:3, loss:0.61868, official_mrr:0.62214, filtered_mrr:0.01647, acc:0.99138, ap:0.98791, f1:0.99138, macro_auc:0.99388, micro_auc:0.99388
[Fri Sep 11 18:19:03 2026|scalable_tgn_link_prediction.py|INFO] filtered val epoch:3, snapshot:78, positives:4118, sources:352, mean_negatives:83.768, min_negatives:51, max_negatives:96
[Fri Sep 11 18:19:03 2026|scalable_tgn_link_prediction.py|INFO] meta val epoch:3, loss:0.59948, official_mrr:0.63854, filtered_mrr:0.01665, acc:0.99126, ap:0.98809, f1:0.99126, macro_auc:0.99397, micro_auc:0.99397
[Fri Sep 11 18:19:03 2026|scalable_tgn_link_prediction.py|INFO] filtered val epoch:3, snapshot:79, positives:4118, sources:371, mean_negatives:84.239, min_negatives:63, max_negatives:96
[Fri Sep 11 18:19:03 2026|scalable_tgn_link_prediction.py|INFO] meta val epoch:3, loss:0.65015, official_mrr:0.61979, filtered_mrr:0.01786, acc:0.98980, ap:0.98628, f1:0.98980, macro_auc:0.99233, micro_auc:0.99233
[Fri Sep 11 18:19:03 2026|scalable_tgn_link_prediction.py|INFO] filtered val epoch:3, snapshot:80, positives:4118, sources:401, mean_negatives:83.221, min_negatives:39, max_negatives:96
[Fri Sep 11 18:19:03 2026|scalable_tgn_link_prediction.py|INFO] meta val epoch:3, loss:0.35919, official_mrr:0.64777, filtered_mrr:0.01814, acc:0.99417, ap:0.99296, f1:0.99417, macro_auc:0.99642, micro_auc:0.99642
[Fri Sep 11 18:19:03 2026|scalable_tgn_link_prediction.py|INFO] filtered val epoch:3, snapshot:81, positives:4118, sources:339, mean_negatives:81.805, min_negatives:44, max_negatives:96
[Fri Sep 11 18:19:03 2026|scalable_tgn_link_prediction.py|INFO] meta val epoch:3, loss:0.48467, official_mrr:0.65829, filtered_mrr:0.01829, acc:0.99356, ap:0.99041, f1:0.99356, macro_auc:0.99516, micro_auc:0.99516
[Fri Sep 11 18:19:03 2026|scalable_tgn_link_prediction.py|INFO] filtered val epoch:3, snapshot:82, positives:4118, sources:396, mean_negatives:82.735, min_negatives:34, max_negatives:96
[Fri Sep 11 18:19:04 2026|scalable_tgn_link_prediction.py|INFO] meta val epoch:3, loss:0.48162, official_mrr:0.67319, filtered_mrr:0.01655, acc:0.99174, ap:0.99058, f1:0.99174, macro_auc:0.99524, micro_auc:0.99524
[Fri Sep 11 18:19:04 2026|scalable_tgn_link_prediction.py|INFO] filtered val epoch:3, snapshot:83, positives:4118, sources:391, mean_negatives:85.125, min_negatives:64, max_negatives:96
[Fri Sep 11 18:19:04 2026|scalable_tgn_link_prediction.py|INFO] meta val epoch:3, loss:0.49808, official_mrr:0.65659, filtered_mrr:0.01752, acc:0.99102, ap:0.99007, f1:0.99101, macro_auc:0.99478, micro_auc:0.99478
[Fri Sep 11 18:19:04 2026|scalable_tgn_link_prediction.py|INFO] filtered val epoch:3, snapshot:84, positives:4118, sources:371, mean_negatives:82.074, min_negatives:46, max_negatives:96
[Fri Sep 11 18:19:04 2026|scalable_tgn_link_prediction.py|INFO] validation summary epoch:3, avg_official_mrr:0.65328, global_filtered_mrr:0.01790, avg_ap:0.98943, selection_metric:filtered_mrr, selection_score:0.01790
[Fri Sep 11 18:19:17 2026|scalable_tgn_link_prediction.py|INFO] meta val epoch:4, loss:0.49532, official_mrr:0.65296, filtered_mrr:0.01770, acc:0.99405, ap:0.98969, f1:0.99405, macro_auc:0.99479, micro_auc:0.99479
[Fri Sep 11 18:19:17 2026|scalable_tgn_link_prediction.py|INFO] filtered val epoch:4, snapshot:70, positives:4118, sources:324, mean_negatives:83.555, min_negatives:51, max_negatives:96
[Fri Sep 11 18:19:17 2026|scalable_tgn_link_prediction.py|INFO] meta val epoch:4, loss:0.40121, official_mrr:0.64157, filtered_mrr:0.01647, acc:0.99405, ap:0.99214, f1:0.99405, macro_auc:0.99604, micro_auc:0.99604
[Fri Sep 11 18:19:17 2026|scalable_tgn_link_prediction.py|INFO] filtered val epoch:4, snapshot:71, positives:4118, sources:344, mean_negatives:84.298, min_negatives:43, max_negatives:96
[Fri Sep 11 18:19:17 2026|scalable_tgn_link_prediction.py|INFO] meta val epoch:4, loss:0.70146, official_mrr:0.64027, filtered_mrr:0.01951, acc:0.98895, ap:0.98444, f1:0.98895, macro_auc:0.99039, micro_auc:0.99039
[Fri Sep 11 18:19:17 2026|scalable_tgn_link_prediction.py|INFO] filtered val epoch:4, snapshot:72, positives:4118, sources:321, mean_negatives:80.469, min_negatives:29, max_negatives:96
[Fri Sep 11 18:19:17 2026|scalable_tgn_link_prediction.py|INFO] meta val epoch:4, loss:0.60215, official_mrr:0.60183, filtered_mrr:0.01665, acc:0.98932, ap:0.98823, f1:0.98932, macro_auc:0.99397, micro_auc:0.99397
[Fri Sep 11 18:19:17 2026|scalable_tgn_link_prediction.py|INFO] filtered val epoch:4, snapshot:73, positives:4118, sources:306, mean_negatives:81.326, min_negatives:54, max_negatives:96
[Fri Sep 11 18:19:17 2026|scalable_tgn_link_prediction.py|INFO] meta val epoch:4, loss:0.39792, official_mrr:0.65581, filtered_mrr:0.01772, acc:0.99490, ap:0.99222, f1:0.99490, macro_auc:0.99608, micro_auc:0.99608
[Fri Sep 11 18:19:17 2026|scalable_tgn_link_prediction.py|INFO] filtered val epoch:4, snapshot:74, positives:4118, sources:307, mean_negatives:80.789, min_negatives:45, max_negatives:96
[Fri Sep 11 18:19:17 2026|scalable_tgn_link_prediction.py|INFO] meta val epoch:4, loss:0.48683, official_mrr:0.63080, filtered_mrr:0.01589, acc:0.99381, ap:0.99044, f1:0.99381, macro_auc:0.99517, micro_auc:0.99517
[Fri Sep 11 18:19:17 2026|scalable_tgn_link_prediction.py|INFO] filtered val epoch:4, snapshot:75, positives:4118, sources:329, mean_negatives:84.600, min_negatives:57, max_negatives:96
[Fri Sep 11 18:19:18 2026|scalable_tgn_link_prediction.py|INFO] meta val epoch:4, loss:0.58742, official_mrr:0.65232, filtered_mrr:0.01812, acc:0.99199, ap:0.98856, f1:0.99199, macro_auc:0.99421, micro_auc:0.99421
[Fri Sep 11 18:19:18 2026|scalable_tgn_link_prediction.py|INFO] filtered val epoch:4, snapshot:76, positives:4118, sources:359, mean_negatives:81.110, min_negatives:36, max_negatives:96
[Fri Sep 11 18:19:18 2026|scalable_tgn_link_prediction.py|INFO] meta val epoch:4, loss:0.56787, official_mrr:0.60716, filtered_mrr:0.01662, acc:0.99247, ap:0.98888, f1:0.99247, macro_auc:0.99438, micro_auc:0.99438
[Fri Sep 11 18:19:18 2026|scalable_tgn_link_prediction.py|INFO] filtered val epoch:4, snapshot:77, positives:4118, sources:319, mean_negatives:82.029, min_negatives:53, max_negatives:96
[Fri Sep 11 18:19:18 2026|scalable_tgn_link_prediction.py|INFO] meta val epoch:4, loss:0.58349, official_mrr:0.61080, filtered_mrr:0.01619, acc:0.99174, ap:0.98867, f1:0.99174, macro_auc:0.99427, micro_auc:0.99427
[Fri Sep 11 18:19:18 2026|scalable_tgn_link_prediction.py|INFO] filtered val epoch:4, snapshot:78, positives:4118, sources:352, mean_negatives:83.768, min_negatives:51, max_negatives:96
[Fri Sep 11 18:19:18 2026|scalable_tgn_link_prediction.py|INFO] meta val epoch:4, loss:0.60658, official_mrr:0.62406, filtered_mrr:0.01583, acc:0.99199, ap:0.98811, f1:0.99199, macro_auc:0.99398, micro_auc:0.99398
[Fri Sep 11 18:19:18 2026|scalable_tgn_link_prediction.py|INFO] filtered val epoch:4, snapshot:79, positives:4118, sources:371, mean_negatives:84.239, min_negatives:63, max_negatives:96
[Fri Sep 11 18:19:18 2026|scalable_tgn_link_prediction.py|INFO] meta val epoch:4, loss:0.65890, official_mrr:0.63785, filtered_mrr:0.01693, acc:0.99004, ap:0.98622, f1:0.99004, macro_auc:0.99233, micro_auc:0.99233
[Fri Sep 11 18:19:18 2026|scalable_tgn_link_prediction.py|INFO] filtered val epoch:4, snapshot:80, positives:4118, sources:401, mean_negatives:83.221, min_negatives:39, max_negatives:96
[Fri Sep 11 18:19:18 2026|scalable_tgn_link_prediction.py|INFO] meta val epoch:4, loss:0.37413, official_mrr:0.63620, filtered_mrr:0.01660, acc:0.99478, ap:0.99269, f1:0.99478, macro_auc:0.99629, micro_auc:0.99629
[Fri Sep 11 18:19:18 2026|scalable_tgn_link_prediction.py|INFO] filtered val epoch:4, snapshot:81, positives:4118, sources:339, mean_negatives:81.805, min_negatives:44, max_negatives:96
[Fri Sep 11 18:19:19 2026|scalable_tgn_link_prediction.py|INFO] meta val epoch:4, loss:0.48070, official_mrr:0.63885, filtered_mrr:0.01675, acc:0.99393, ap:0.99062, f1:0.99393, macro_auc:0.99526, micro_auc:0.99526
[Fri Sep 11 18:19:19 2026|scalable_tgn_link_prediction.py|INFO] filtered val epoch:4, snapshot:82, positives:4118, sources:396, mean_negatives:82.735, min_negatives:34, max_negatives:96
[Fri Sep 11 18:19:19 2026|scalable_tgn_link_prediction.py|INFO] meta val epoch:4, loss:0.50840, official_mrr:0.62779, filtered_mrr:0.01512, acc:0.99284, ap:0.99014, f1:0.99284, macro_auc:0.99502, micro_auc:0.99502
[Fri Sep 11 18:19:19 2026|scalable_tgn_link_prediction.py|INFO] filtered val epoch:4, snapshot:83, positives:4118, sources:391, mean_negatives:85.125, min_negatives:64, max_negatives:96
[Fri Sep 11 18:19:19 2026|scalable_tgn_link_prediction.py|INFO] meta val epoch:4, loss:0.55790, official_mrr:0.64485, filtered_mrr:0.01638, acc:0.99247, ap:0.98895, f1:0.99247, macro_auc:0.99424, micro_auc:0.99424
[Fri Sep 11 18:19:19 2026|scalable_tgn_link_prediction.py|INFO] filtered val epoch:4, snapshot:84, positives:4118, sources:371, mean_negatives:82.074, min_negatives:46, max_negatives:96
[Fri Sep 11 18:19:19 2026|scalable_tgn_link_prediction.py|INFO] validation summary epoch:4, avg_official_mrr:0.63354, global_filtered_mrr:0.01683, avg_ap:0.98933, selection_metric:filtered_mrr, selection_score:0.01683
[Fri Sep 11 18:19:32 2026|scalable_tgn_link_prediction.py|INFO] meta val epoch:5, loss:0.51241, official_mrr:0.64761, filtered_mrr:0.01726, acc:0.99332, ap:0.98966, f1:0.99332, macro_auc:0.99477, micro_auc:0.99477
[Fri Sep 11 18:19:32 2026|scalable_tgn_link_prediction.py|INFO] filtered val epoch:5, snapshot:70, positives:4118, sources:324, mean_negatives:83.555, min_negatives:51, max_negatives:96
[Fri Sep 11 18:19:32 2026|scalable_tgn_link_prediction.py|INFO] meta val epoch:5, loss:0.43807, official_mrr:0.62117, filtered_mrr:0.01600, acc:0.99308, ap:0.99157, f1:0.99308, macro_auc:0.99575, micro_auc:0.99575
[Fri Sep 11 18:19:32 2026|scalable_tgn_link_prediction.py|INFO] filtered val epoch:5, snapshot:71, positives:4118, sources:344, mean_negatives:84.298, min_negatives:43, max_negatives:96
[Fri Sep 11 18:19:32 2026|scalable_tgn_link_prediction.py|INFO] meta val epoch:5, loss:0.70606, official_mrr:0.64616, filtered_mrr:0.01951, acc:0.98737, ap:0.98449, f1:0.98737, macro_auc:0.99053, micro_auc:0.99053
[Fri Sep 11 18:19:32 2026|scalable_tgn_link_prediction.py|INFO] filtered val epoch:5, snapshot:72, positives:4118, sources:321, mean_negatives:80.469, min_negatives:29, max_negatives:96
[Fri Sep 11 18:19:32 2026|scalable_tgn_link_prediction.py|INFO] meta val epoch:5, loss:0.60431, official_mrr:0.64967, filtered_mrr:0.01660, acc:0.98774, ap:0.98825, f1:0.98774, macro_auc:0.99399, micro_auc:0.99399
[Fri Sep 11 18:19:32 2026|scalable_tgn_link_prediction.py|INFO] filtered val epoch:5, snapshot:73, positives:4118, sources:306, mean_negatives:81.326, min_negatives:54, max_negatives:96
[Fri Sep 11 18:19:33 2026|scalable_tgn_link_prediction.py|INFO] meta val epoch:5, loss:0.41697, official_mrr:0.59338, filtered_mrr:0.01738, acc:0.99332, ap:0.99200, f1:0.99332, macro_auc:0.99597, micro_auc:0.99597
[Fri Sep 11 18:19:33 2026|scalable_tgn_link_prediction.py|INFO] filtered val epoch:5, snapshot:74, positives:4118, sources:307, mean_negatives:80.789, min_negatives:45, max_negatives:96
[Fri Sep 11 18:19:33 2026|scalable_tgn_link_prediction.py|INFO] meta val epoch:5, loss:0.52374, official_mrr:0.63967, filtered_mrr:0.01542, acc:0.99223, ap:0.98981, f1:0.99223, macro_auc:0.99485, micro_auc:0.99485
[Fri Sep 11 18:19:33 2026|scalable_tgn_link_prediction.py|INFO] filtered val epoch:5, snapshot:75, positives:4118, sources:329, mean_negatives:84.600, min_negatives:57, max_negatives:96
[Fri Sep 11 18:19:33 2026|scalable_tgn_link_prediction.py|INFO] meta val epoch:5, loss:0.65696, official_mrr:0.61746, filtered_mrr:0.01718, acc:0.99065, ap:0.98729, f1:0.99065, macro_auc:0.99356, micro_auc:0.99356
[Fri Sep 11 18:19:33 2026|scalable_tgn_link_prediction.py|INFO] filtered val epoch:5, snapshot:76, positives:4118, sources:359, mean_negatives:81.110, min_negatives:36, max_negatives:96
[Fri Sep 11 18:19:33 2026|scalable_tgn_link_prediction.py|INFO] meta val epoch:5, loss:0.58342, official_mrr:0.63302, filtered_mrr:0.01608, acc:0.99162, ap:0.98872, f1:0.99162, macro_auc:0.99429, micro_auc:0.99429
[Fri Sep 11 18:19:33 2026|scalable_tgn_link_prediction.py|INFO] filtered val epoch:5, snapshot:77, positives:4118, sources:319, mean_negatives:82.029, min_negatives:53, max_negatives:96
[Fri Sep 11 18:19:33 2026|scalable_tgn_link_prediction.py|INFO] meta val epoch:5, loss:0.62273, official_mrr:0.61023, filtered_mrr:0.01569, acc:0.99053, ap:0.98800, f1:0.99053, macro_auc:0.99393, micro_auc:0.99393
[Fri Sep 11 18:19:33 2026|scalable_tgn_link_prediction.py|INFO] filtered val epoch:5, snapshot:78, positives:4118, sources:352, mean_negatives:83.768, min_negatives:51, max_negatives:96
[Fri Sep 11 18:19:33 2026|scalable_tgn_link_prediction.py|INFO] meta val epoch:5, loss:0.61353, official_mrr:0.62312, filtered_mrr:0.01538, acc:0.99114, ap:0.98824, f1:0.99114, macro_auc:0.99405, micro_auc:0.99405
[Fri Sep 11 18:19:33 2026|scalable_tgn_link_prediction.py|INFO] filtered val epoch:5, snapshot:79, positives:4118, sources:371, mean_negatives:84.239, min_negatives:63, max_negatives:96
[Fri Sep 11 18:19:33 2026|scalable_tgn_link_prediction.py|INFO] meta val epoch:5, loss:0.66566, official_mrr:0.62542, filtered_mrr:0.01632, acc:0.98895, ap:0.98641, f1:0.98895, macro_auc:0.99250, micro_auc:0.99250
[Fri Sep 11 18:19:33 2026|scalable_tgn_link_prediction.py|INFO] filtered val epoch:5, snapshot:80, positives:4118, sources:401, mean_negatives:83.221, min_negatives:39, max_negatives:96
[Fri Sep 11 18:19:34 2026|scalable_tgn_link_prediction.py|INFO] meta val epoch:5, loss:0.39191, official_mrr:0.61601, filtered_mrr:0.01633, acc:0.99344, ap:0.99249, f1:0.99344, macro_auc:0.99619, micro_auc:0.99619
[Fri Sep 11 18:19:34 2026|scalable_tgn_link_prediction.py|INFO] filtered val epoch:5, snapshot:81, positives:4118, sources:339, mean_negatives:81.805, min_negatives:44, max_negatives:96
[Fri Sep 11 18:19:34 2026|scalable_tgn_link_prediction.py|INFO] meta val epoch:5, loss:0.48519, official_mrr:0.63561, filtered_mrr:0.01673, acc:0.99344, ap:0.99062, f1:0.99344, macro_auc:0.99526, micro_auc:0.99526
[Fri Sep 11 18:19:34 2026|scalable_tgn_link_prediction.py|INFO] filtered val epoch:5, snapshot:82, positives:4118, sources:396, mean_negatives:82.735, min_negatives:34, max_negatives:96
[Fri Sep 11 18:19:34 2026|scalable_tgn_link_prediction.py|INFO] meta val epoch:5, loss:0.52890, official_mrr:0.64037, filtered_mrr:0.01511, acc:0.99089, ap:0.98990, f1:0.99089, macro_auc:0.99490, micro_auc:0.99490
[Fri Sep 11 18:19:34 2026|scalable_tgn_link_prediction.py|INFO] filtered val epoch:5, snapshot:83, positives:4118, sources:391, mean_negatives:85.125, min_negatives:64, max_negatives:96
[Fri Sep 11 18:19:34 2026|scalable_tgn_link_prediction.py|INFO] meta val epoch:5, loss:0.56401, official_mrr:0.63484, filtered_mrr:0.01638, acc:0.99065, ap:0.98896, f1:0.99065, macro_auc:0.99425, micro_auc:0.99425
[Fri Sep 11 18:19:34 2026|scalable_tgn_link_prediction.py|INFO] filtered val epoch:5, snapshot:84, positives:4118, sources:371, mean_negatives:82.074, min_negatives:46, max_negatives:96
[Fri Sep 11 18:19:34 2026|scalable_tgn_link_prediction.py|INFO] validation summary epoch:5, avg_official_mrr:0.62892, global_filtered_mrr:0.01649, avg_ap:0.98909, selection_metric:filtered_mrr, selection_score:0.01649
[Fri Sep 11 18:19:47 2026|scalable_tgn_link_prediction.py|INFO] meta val epoch:6, loss:0.49388, official_mrr:0.65458, filtered_mrr:0.01770, acc:0.99441, ap:0.98977, f1:0.99441, macro_auc:0.99483, micro_auc:0.99483
[Fri Sep 11 18:19:47 2026|scalable_tgn_link_prediction.py|INFO] filtered val epoch:6, snapshot:70, positives:4118, sources:324, mean_negatives:83.555, min_negatives:51, max_negatives:96
[Fri Sep 11 18:19:47 2026|scalable_tgn_link_prediction.py|INFO] meta val epoch:6, loss:0.43222, official_mrr:0.63779, filtered_mrr:0.01646, acc:0.99429, ap:0.99145, f1:0.99429, macro_auc:0.99569, micro_auc:0.99569
[Fri Sep 11 18:19:47 2026|scalable_tgn_link_prediction.py|INFO] filtered val epoch:6, snapshot:71, positives:4118, sources:344, mean_negatives:84.298, min_negatives:43, max_negatives:96
[Fri Sep 11 18:19:47 2026|scalable_tgn_link_prediction.py|INFO] meta val epoch:6, loss:0.70174, official_mrr:0.63614, filtered_mrr:0.01951, acc:0.98932, ap:0.98444, f1:0.98931, macro_auc:0.99041, micro_auc:0.99041
[Fri Sep 11 18:19:47 2026|scalable_tgn_link_prediction.py|INFO] filtered val epoch:6, snapshot:72, positives:4118, sources:321, mean_negatives:80.469, min_negatives:29, max_negatives:96
[Fri Sep 11 18:19:48 2026|scalable_tgn_link_prediction.py|INFO] meta val epoch:6, loss:0.59696, official_mrr:0.65937, filtered_mrr:0.01660, acc:0.98968, ap:0.98833, f1:0.98968, macro_auc:0.99407, micro_auc:0.99407
[Fri Sep 11 18:19:48 2026|scalable_tgn_link_prediction.py|INFO] filtered val epoch:6, snapshot:73, positives:4118, sources:306, mean_negatives:81.326, min_negatives:54, max_negatives:96
[Fri Sep 11 18:19:48 2026|scalable_tgn_link_prediction.py|INFO] meta val epoch:6, loss:0.42376, official_mrr:0.65657, filtered_mrr:0.01738, acc:0.99417, ap:0.99176, f1:0.99417, macro_auc:0.99585, micro_auc:0.99585
[Fri Sep 11 18:19:48 2026|scalable_tgn_link_prediction.py|INFO] filtered val epoch:6, snapshot:74, positives:4118, sources:307, mean_negatives:80.789, min_negatives:45, max_negatives:96
[Fri Sep 11 18:19:48 2026|scalable_tgn_link_prediction.py|INFO] meta val epoch:6, loss:0.51583, official_mrr:0.63668, filtered_mrr:0.01522, acc:0.99393, ap:0.98990, f1:0.99393, macro_auc:0.99490, micro_auc:0.99490
[Fri Sep 11 18:19:48 2026|scalable_tgn_link_prediction.py|INFO] filtered val epoch:6, snapshot:75, positives:4118, sources:329, mean_negatives:84.600, min_negatives:57, max_negatives:96
[Fri Sep 11 18:19:48 2026|scalable_tgn_link_prediction.py|INFO] meta val epoch:6, loss:0.65333, official_mrr:0.66082, filtered_mrr:0.01717, acc:0.99223, ap:0.98729, f1:0.99223, macro_auc:0.99356, micro_auc:0.99356
[Fri Sep 11 18:19:48 2026|scalable_tgn_link_prediction.py|INFO] filtered val epoch:6, snapshot:76, positives:4118, sources:359, mean_negatives:81.110, min_negatives:36, max_negatives:96
[Fri Sep 11 18:19:48 2026|scalable_tgn_link_prediction.py|INFO] meta val epoch:6, loss:0.57715, official_mrr:0.62184, filtered_mrr:0.01608, acc:0.99332, ap:0.98872, f1:0.99332, macro_auc:0.99429, micro_auc:0.99429
[Fri Sep 11 18:19:48 2026|scalable_tgn_link_prediction.py|INFO] filtered val epoch:6, snapshot:77, positives:4118, sources:319, mean_negatives:82.029, min_negatives:53, max_negatives:96
[Fri Sep 11 18:19:48 2026|scalable_tgn_link_prediction.py|INFO] meta val epoch:6, loss:0.61816, official_mrr:0.61866, filtered_mrr:0.01568, acc:0.99199, ap:0.98800, f1:0.99199, macro_auc:0.99393, micro_auc:0.99393
[Fri Sep 11 18:19:48 2026|scalable_tgn_link_prediction.py|INFO] filtered val epoch:6, snapshot:78, positives:4118, sources:352, mean_negatives:83.768, min_negatives:51, max_negatives:96
[Fri Sep 11 18:19:48 2026|scalable_tgn_link_prediction.py|INFO] meta val epoch:6, loss:0.64116, official_mrr:0.63801, filtered_mrr:0.01541, acc:0.99235, ap:0.98752, f1:0.99235, macro_auc:0.99368, micro_auc:0.99368
[Fri Sep 11 18:19:48 2026|scalable_tgn_link_prediction.py|INFO] filtered val epoch:6, snapshot:79, positives:4118, sources:371, mean_negatives:84.239, min_negatives:63, max_negatives:96
[Fri Sep 11 18:19:49 2026|scalable_tgn_link_prediction.py|INFO] meta val epoch:6, loss:0.66334, official_mrr:0.62070, filtered_mrr:0.01632, acc:0.99065, ap:0.98639, f1:0.99065, macro_auc:0.99242, micro_auc:0.99242
[Fri Sep 11 18:19:49 2026|scalable_tgn_link_prediction.py|INFO] filtered val epoch:6, snapshot:80, positives:4118, sources:401, mean_negatives:83.221, min_negatives:39, max_negatives:96
[Fri Sep 11 18:19:49 2026|scalable_tgn_link_prediction.py|INFO] meta val epoch:6, loss:0.41015, official_mrr:0.63106, filtered_mrr:0.01633, acc:0.99466, ap:0.99202, f1:0.99466, macro_auc:0.99596, micro_auc:0.99596
[Fri Sep 11 18:19:49 2026|scalable_tgn_link_prediction.py|INFO] filtered val epoch:6, snapshot:81, positives:4118, sources:339, mean_negatives:81.805, min_negatives:44, max_negatives:96
[Fri Sep 11 18:19:49 2026|scalable_tgn_link_prediction.py|INFO] meta val epoch:6, loss:0.48221, official_mrr:0.61147, filtered_mrr:0.01673, acc:0.99417, ap:0.99062, f1:0.99417, macro_auc:0.99526, micro_auc:0.99526
[Fri Sep 11 18:19:49 2026|scalable_tgn_link_prediction.py|INFO] filtered val epoch:6, snapshot:82, positives:4118, sources:396, mean_negatives:82.735, min_negatives:34, max_negatives:96
[Fri Sep 11 18:19:49 2026|scalable_tgn_link_prediction.py|INFO] meta val epoch:6, loss:0.54217, official_mrr:0.62029, filtered_mrr:0.01511, acc:0.99332, ap:0.98943, f1:0.99332, macro_auc:0.99466, micro_auc:0.99466
[Fri Sep 11 18:19:49 2026|scalable_tgn_link_prediction.py|INFO] filtered val epoch:6, snapshot:83, positives:4118, sources:391, mean_negatives:85.125, min_negatives:64, max_negatives:96
[Fri Sep 11 18:19:49 2026|scalable_tgn_link_prediction.py|INFO] meta val epoch:6, loss:0.56300, official_mrr:0.61312, filtered_mrr:0.01638, acc:0.99174, ap:0.98903, f1:0.99174, macro_auc:0.99436, micro_auc:0.99436
[Fri Sep 11 18:19:49 2026|scalable_tgn_link_prediction.py|INFO] filtered val epoch:6, snapshot:84, positives:4118, sources:371, mean_negatives:82.074, min_negatives:46, max_negatives:96
[Fri Sep 11 18:19:49 2026|scalable_tgn_link_prediction.py|INFO] validation summary epoch:6, avg_official_mrr:0.63447, global_filtered_mrr:0.01654, avg_ap:0.98898, selection_metric:filtered_mrr, selection_score:0.01654
[Fri Sep 11 18:20:03 2026|scalable_tgn_link_prediction.py|INFO] meta val epoch:7, loss:0.49554, official_mrr:0.68539, filtered_mrr:0.01759, acc:0.99393, ap:0.98980, f1:0.99393, macro_auc:0.99485, micro_auc:0.99485
[Fri Sep 11 18:20:03 2026|scalable_tgn_link_prediction.py|INFO] filtered val epoch:7, snapshot:70, positives:4118, sources:324, mean_negatives:83.555, min_negatives:51, max_negatives:96
[Fri Sep 11 18:20:03 2026|scalable_tgn_link_prediction.py|INFO] meta val epoch:7, loss:0.43410, official_mrr:0.64554, filtered_mrr:0.01601, acc:0.99417, ap:0.99156, f1:0.99417, macro_auc:0.99575, micro_auc:0.99575
[Fri Sep 11 18:20:03 2026|scalable_tgn_link_prediction.py|INFO] filtered val epoch:7, snapshot:71, positives:4118, sources:344, mean_negatives:84.298, min_negatives:43, max_negatives:96
[Fri Sep 11 18:20:03 2026|scalable_tgn_link_prediction.py|INFO] meta val epoch:7, loss:0.70271, official_mrr:0.66168, filtered_mrr:0.01951, acc:0.98859, ap:0.98444, f1:0.98859, macro_auc:0.99045, micro_auc:0.99045
[Fri Sep 11 18:20:03 2026|scalable_tgn_link_prediction.py|INFO] filtered val epoch:7, snapshot:72, positives:4118, sources:321, mean_negatives:80.469, min_negatives:29, max_negatives:96
[Fri Sep 11 18:20:03 2026|scalable_tgn_link_prediction.py|INFO] meta val epoch:7, loss:0.59901, official_mrr:0.61661, filtered_mrr:0.01660, acc:0.98932, ap:0.98830, f1:0.98932, macro_auc:0.99404, micro_auc:0.99404
[Fri Sep 11 18:20:03 2026|scalable_tgn_link_prediction.py|INFO] filtered val epoch:7, snapshot:73, positives:4118, sources:306, mean_negatives:81.326, min_negatives:54, max_negatives:96
[Fri Sep 11 18:20:03 2026|scalable_tgn_link_prediction.py|INFO] meta val epoch:7, loss:0.41391, official_mrr:0.63274, filtered_mrr:0.01738, acc:0.99454, ap:0.99200, f1:0.99454, macro_auc:0.99597, micro_auc:0.99597
[Fri Sep 11 18:20:03 2026|scalable_tgn_link_prediction.py|INFO] filtered val epoch:7, snapshot:74, positives:4118, sources:307, mean_negatives:80.789, min_negatives:45, max_negatives:96
[Fri Sep 11 18:20:03 2026|scalable_tgn_link_prediction.py|INFO] meta val epoch:7, loss:0.50648, official_mrr:0.63207, filtered_mrr:0.01542, acc:0.99381, ap:0.99005, f1:0.99381, macro_auc:0.99498, micro_auc:0.99498
[Fri Sep 11 18:20:03 2026|scalable_tgn_link_prediction.py|INFO] filtered val epoch:7, snapshot:75, positives:4118, sources:329, mean_negatives:84.600, min_negatives:57, max_negatives:96
[Fri Sep 11 18:20:03 2026|scalable_tgn_link_prediction.py|INFO] meta val epoch:7, loss:0.65542, official_mrr:0.61813, filtered_mrr:0.01717, acc:0.99174, ap:0.98729, f1:0.99174, macro_auc:0.99356, micro_auc:0.99356
[Fri Sep 11 18:20:03 2026|scalable_tgn_link_prediction.py|INFO] filtered val epoch:7, snapshot:76, positives:4118, sources:359, mean_negatives:81.110, min_negatives:36, max_negatives:96
[Fri Sep 11 18:20:03 2026|scalable_tgn_link_prediction.py|INFO] meta val epoch:7, loss:0.57871, official_mrr:0.64629, filtered_mrr:0.01608, acc:0.99344, ap:0.98872, f1:0.99344, macro_auc:0.99429, micro_auc:0.99429
[Fri Sep 11 18:20:03 2026|scalable_tgn_link_prediction.py|INFO] filtered val epoch:7, snapshot:77, positives:4118, sources:319, mean_negatives:82.029, min_negatives:53, max_negatives:96
[Fri Sep 11 18:20:04 2026|scalable_tgn_link_prediction.py|INFO] meta val epoch:7, loss:0.61736, official_mrr:0.60528, filtered_mrr:0.01568, acc:0.99211, ap:0.98800, f1:0.99211, macro_auc:0.99393, micro_auc:0.99393
[Fri Sep 11 18:20:04 2026|scalable_tgn_link_prediction.py|INFO] filtered val epoch:7, snapshot:78, positives:4118, sources:352, mean_negatives:83.768, min_negatives:51, max_negatives:96
[Fri Sep 11 18:20:04 2026|scalable_tgn_link_prediction.py|INFO] meta val epoch:7, loss:0.60956, official_mrr:0.63374, filtered_mrr:0.01536, acc:0.99199, ap:0.98824, f1:0.99199, macro_auc:0.99405, micro_auc:0.99405
[Fri Sep 11 18:20:04 2026|scalable_tgn_link_prediction.py|INFO] filtered val epoch:7, snapshot:79, positives:4118, sources:371, mean_negatives:84.239, min_negatives:63, max_negatives:96
[Fri Sep 11 18:20:04 2026|scalable_tgn_link_prediction.py|INFO] meta val epoch:7, loss:0.66021, official_mrr:0.62617, filtered_mrr:0.01632, acc:0.99053, ap:0.98640, f1:0.99053, macro_auc:0.99246, micro_auc:0.99246
[Fri Sep 11 18:20:04 2026|scalable_tgn_link_prediction.py|INFO] filtered val epoch:7, snapshot:80, positives:4118, sources:401, mean_negatives:83.221, min_negatives:39, max_negatives:96
[Fri Sep 11 18:20:04 2026|scalable_tgn_link_prediction.py|INFO] meta val epoch:7, loss:0.38840, official_mrr:0.62933, filtered_mrr:0.01633, acc:0.99502, ap:0.99250, f1:0.99502, macro_auc:0.99620, micro_auc:0.99620
[Fri Sep 11 18:20:04 2026|scalable_tgn_link_prediction.py|INFO] filtered val epoch:7, snapshot:81, positives:4118, sources:339, mean_negatives:81.805, min_negatives:44, max_negatives:96
[Fri Sep 11 18:20:04 2026|scalable_tgn_link_prediction.py|INFO] meta val epoch:7, loss:0.49471, official_mrr:0.64112, filtered_mrr:0.01673, acc:0.99405, ap:0.99038, f1:0.99405, macro_auc:0.99514, micro_auc:0.99514
[Fri Sep 11 18:20:04 2026|scalable_tgn_link_prediction.py|INFO] filtered val epoch:7, snapshot:82, positives:4118, sources:396, mean_negatives:82.735, min_negatives:34, max_negatives:96
[Fri Sep 11 18:20:04 2026|scalable_tgn_link_prediction.py|INFO] meta val epoch:7, loss:0.52014, official_mrr:0.63578, filtered_mrr:0.01511, acc:0.99320, ap:0.98990, f1:0.99320, macro_auc:0.99490, micro_auc:0.99490
[Fri Sep 11 18:20:04 2026|scalable_tgn_link_prediction.py|INFO] filtered val epoch:7, snapshot:83, positives:4118, sources:391, mean_negatives:85.125, min_negatives:64, max_negatives:96
[Fri Sep 11 18:20:05 2026|scalable_tgn_link_prediction.py|INFO] meta val epoch:7, loss:0.55897, official_mrr:0.63142, filtered_mrr:0.01638, acc:0.99126, ap:0.98901, f1:0.99126, macro_auc:0.99433, micro_auc:0.99433
[Fri Sep 11 18:20:05 2026|scalable_tgn_link_prediction.py|INFO] filtered val epoch:7, snapshot:84, positives:4118, sources:371, mean_negatives:82.074, min_negatives:46, max_negatives:96
[Fri Sep 11 18:20:05 2026|scalable_tgn_link_prediction.py|INFO] validation summary epoch:7, avg_official_mrr:0.63609, global_filtered_mrr:0.01651, avg_ap:0.98911, selection_metric:filtered_mrr, selection_score:0.01651
[Fri Sep 11 18:20:18 2026|scalable_tgn_link_prediction.py|INFO] meta val epoch:8, loss:0.48637, official_mrr:0.67366, filtered_mrr:0.01850, acc:0.99356, ap:0.98968, f1:0.99356, macro_auc:0.99479, micro_auc:0.99479
[Fri Sep 11 18:20:18 2026|scalable_tgn_link_prediction.py|INFO] filtered val epoch:8, snapshot:70, positives:4118, sources:324, mean_negatives:83.555, min_negatives:51, max_negatives:96
[Fri Sep 11 18:20:18 2026|scalable_tgn_link_prediction.py|INFO] meta val epoch:8, loss:0.38045, official_mrr:0.67689, filtered_mrr:0.01755, acc:0.99356, ap:0.99250, f1:0.99356, macro_auc:0.99621, micro_auc:0.99621
[Fri Sep 11 18:20:18 2026|scalable_tgn_link_prediction.py|INFO] filtered val epoch:8, snapshot:71, positives:4118, sources:344, mean_negatives:84.298, min_negatives:43, max_negatives:96
[Fri Sep 11 18:20:18 2026|scalable_tgn_link_prediction.py|INFO] meta val epoch:8, loss:0.64671, official_mrr:0.67908, filtered_mrr:0.02104, acc:0.98871, ap:0.98527, f1:0.98871, macro_auc:0.99094, micro_auc:0.99094
[Fri Sep 11 18:20:18 2026|scalable_tgn_link_prediction.py|INFO] filtered val epoch:8, snapshot:72, positives:4118, sources:321, mean_negatives:80.469, min_negatives:29, max_negatives:96
[Fri Sep 11 18:20:18 2026|scalable_tgn_link_prediction.py|INFO] meta val epoch:8, loss:0.58772, official_mrr:0.68442, filtered_mrr:0.01707, acc:0.98907, ap:0.98843, f1:0.98907, macro_auc:0.99411, micro_auc:0.99411
[Fri Sep 11 18:20:18 2026|scalable_tgn_link_prediction.py|INFO] filtered val epoch:8, snapshot:73, positives:4118, sources:306, mean_negatives:81.326, min_negatives:54, max_negatives:96
[Fri Sep 11 18:20:18 2026|scalable_tgn_link_prediction.py|INFO] meta val epoch:8, loss:0.41239, official_mrr:0.63393, filtered_mrr:0.01772, acc:0.99429, ap:0.99198, f1:0.99429, macro_auc:0.99596, micro_auc:0.99596
[Fri Sep 11 18:20:18 2026|scalable_tgn_link_prediction.py|INFO] filtered val epoch:8, snapshot:74, positives:4118, sources:307, mean_negatives:80.789, min_negatives:45, max_negatives:96
[Fri Sep 11 18:20:18 2026|scalable_tgn_link_prediction.py|INFO] meta val epoch:8, loss:0.48590, official_mrr:0.65327, filtered_mrr:0.01589, acc:0.99393, ap:0.99044, f1:0.99393, macro_auc:0.99517, micro_auc:0.99517
[Fri Sep 11 18:20:18 2026|scalable_tgn_link_prediction.py|INFO] filtered val epoch:8, snapshot:75, positives:4118, sources:329, mean_negatives:84.600, min_negatives:57, max_negatives:96
[Fri Sep 11 18:20:18 2026|scalable_tgn_link_prediction.py|INFO] meta val epoch:8, loss:0.59114, official_mrr:0.66500, filtered_mrr:0.01811, acc:0.99174, ap:0.98856, f1:0.99174, macro_auc:0.99421, micro_auc:0.99421
[Fri Sep 11 18:20:18 2026|scalable_tgn_link_prediction.py|INFO] filtered val epoch:8, snapshot:76, positives:4118, sources:359, mean_negatives:81.110, min_negatives:36, max_negatives:96
[Fri Sep 11 18:20:19 2026|scalable_tgn_link_prediction.py|INFO] meta val epoch:8, loss:0.56807, official_mrr:0.65585, filtered_mrr:0.01664, acc:0.99332, ap:0.98888, f1:0.99332, macro_auc:0.99438, micro_auc:0.99438
[Fri Sep 11 18:20:19 2026|scalable_tgn_link_prediction.py|INFO] filtered val epoch:8, snapshot:77, positives:4118, sources:319, mean_negatives:82.029, min_negatives:53, max_negatives:96
[Fri Sep 11 18:20:19 2026|scalable_tgn_link_prediction.py|INFO] meta val epoch:8, loss:0.59542, official_mrr:0.65227, filtered_mrr:0.01619, acc:0.99223, ap:0.98843, f1:0.99223, macro_auc:0.99415, micro_auc:0.99415
[Fri Sep 11 18:20:19 2026|scalable_tgn_link_prediction.py|INFO] filtered val epoch:8, snapshot:78, positives:4118, sources:352, mean_negatives:83.768, min_negatives:51, max_negatives:96
[Fri Sep 11 18:20:19 2026|scalable_tgn_link_prediction.py|INFO] meta val epoch:8, loss:0.60716, official_mrr:0.64304, filtered_mrr:0.01583, acc:0.99174, ap:0.98811, f1:0.99174, macro_auc:0.99398, micro_auc:0.99398
[Fri Sep 11 18:20:19 2026|scalable_tgn_link_prediction.py|INFO] filtered val epoch:8, snapshot:79, positives:4118, sources:371, mean_negatives:84.239, min_negatives:63, max_negatives:96
[Fri Sep 11 18:20:19 2026|scalable_tgn_link_prediction.py|INFO] meta val epoch:8, loss:0.65893, official_mrr:0.64134, filtered_mrr:0.01692, acc:0.98980, ap:0.98625, f1:0.98980, macro_auc:0.99243, micro_auc:0.99243
[Fri Sep 11 18:20:19 2026|scalable_tgn_link_prediction.py|INFO] filtered val epoch:8, snapshot:80, positives:4118, sources:401, mean_negatives:83.221, min_negatives:39, max_negatives:96
[Fri Sep 11 18:20:19 2026|scalable_tgn_link_prediction.py|INFO] meta val epoch:8, loss:0.37671, official_mrr:0.60849, filtered_mrr:0.01687, acc:0.99454, ap:0.99268, f1:0.99454, macro_auc:0.99629, micro_auc:0.99629
[Fri Sep 11 18:20:19 2026|scalable_tgn_link_prediction.py|INFO] filtered val epoch:8, snapshot:81, positives:4118, sources:339, mean_negatives:81.805, min_negatives:44, max_negatives:96
[Fri Sep 11 18:20:19 2026|scalable_tgn_link_prediction.py|INFO] meta val epoch:8, loss:0.48413, official_mrr:0.61177, filtered_mrr:0.01743, acc:0.99369, ap:0.99051, f1:0.99369, macro_auc:0.99521, micro_auc:0.99521
[Fri Sep 11 18:20:19 2026|scalable_tgn_link_prediction.py|INFO] filtered val epoch:8, snapshot:82, positives:4118, sources:396, mean_negatives:82.735, min_negatives:34, max_negatives:96
[Fri Sep 11 18:20:19 2026|scalable_tgn_link_prediction.py|INFO] meta val epoch:8, loss:0.49920, official_mrr:0.63370, filtered_mrr:0.01530, acc:0.99235, ap:0.99035, f1:0.99235, macro_auc:0.99513, micro_auc:0.99513
[Fri Sep 11 18:20:19 2026|scalable_tgn_link_prediction.py|INFO] filtered val epoch:8, snapshot:83, positives:4118, sources:391, mean_negatives:85.125, min_negatives:64, max_negatives:96
[Fri Sep 11 18:20:20 2026|scalable_tgn_link_prediction.py|INFO] meta val epoch:8, loss:0.55939, official_mrr:0.60654, filtered_mrr:0.01638, acc:0.99114, ap:0.98899, f1:0.99114, macro_auc:0.99430, micro_auc:0.99430
[Fri Sep 11 18:20:20 2026|scalable_tgn_link_prediction.py|INFO] filtered val epoch:8, snapshot:84, positives:4118, sources:371, mean_negatives:82.074, min_negatives:46, max_negatives:96
[Fri Sep 11 18:20:20 2026|scalable_tgn_link_prediction.py|INFO] validation summary epoch:8, avg_official_mrr:0.64795, global_filtered_mrr:0.01716, avg_ap:0.98940, selection_metric:filtered_mrr, selection_score:0.01716
[Fri Sep 11 18:20:33 2026|scalable_tgn_link_prediction.py|INFO] meta val epoch:9, loss:0.49592, official_mrr:0.66623, filtered_mrr:0.01819, acc:0.99405, ap:0.98959, f1:0.99405, macro_auc:0.99474, micro_auc:0.99474
[Fri Sep 11 18:20:33 2026|scalable_tgn_link_prediction.py|INFO] filtered val epoch:9, snapshot:70, positives:4118, sources:324, mean_negatives:83.555, min_negatives:51, max_negatives:96
[Fri Sep 11 18:20:33 2026|scalable_tgn_link_prediction.py|INFO] meta val epoch:9, loss:0.43418, official_mrr:0.65145, filtered_mrr:0.01694, acc:0.99405, ap:0.99132, f1:0.99405, macro_auc:0.99562, micro_auc:0.99562
[Fri Sep 11 18:20:33 2026|scalable_tgn_link_prediction.py|INFO] filtered val epoch:9, snapshot:71, positives:4118, sources:344, mean_negatives:84.298, min_negatives:43, max_negatives:96
[Fri Sep 11 18:20:33 2026|scalable_tgn_link_prediction.py|INFO] meta val epoch:9, loss:0.69151, official_mrr:0.64283, filtered_mrr:0.01991, acc:0.98895, ap:0.98433, f1:0.98895, macro_auc:0.99012, micro_auc:0.99012
[Fri Sep 11 18:20:33 2026|scalable_tgn_link_prediction.py|INFO] filtered val epoch:9, snapshot:72, positives:4118, sources:321, mean_negatives:80.469, min_negatives:29, max_negatives:96
[Fri Sep 11 18:20:33 2026|scalable_tgn_link_prediction.py|INFO] meta val epoch:9, loss:0.59892, official_mrr:0.63322, filtered_mrr:0.01660, acc:0.98944, ap:0.98830, f1:0.98944, macro_auc:0.99404, micro_auc:0.99404
[Fri Sep 11 18:20:33 2026|scalable_tgn_link_prediction.py|INFO] filtered val epoch:9, snapshot:73, positives:4118, sources:306, mean_negatives:81.326, min_negatives:54, max_negatives:96
[Fri Sep 11 18:20:33 2026|scalable_tgn_link_prediction.py|INFO] meta val epoch:9, loss:0.41326, official_mrr:0.62802, filtered_mrr:0.01738, acc:0.99417, ap:0.99200, f1:0.99417, macro_auc:0.99597, micro_auc:0.99597
[Fri Sep 11 18:20:33 2026|scalable_tgn_link_prediction.py|INFO] filtered val epoch:9, snapshot:74, positives:4118, sources:307, mean_negatives:80.789, min_negatives:45, max_negatives:96
[Fri Sep 11 18:20:33 2026|scalable_tgn_link_prediction.py|INFO] meta val epoch:9, loss:0.50766, official_mrr:0.59767, filtered_mrr:0.01543, acc:0.99405, ap:0.99005, f1:0.99405, macro_auc:0.99498, micro_auc:0.99498
[Fri Sep 11 18:20:33 2026|scalable_tgn_link_prediction.py|INFO] filtered val epoch:9, snapshot:75, positives:4118, sources:329, mean_negatives:84.600, min_negatives:57, max_negatives:96
[Fri Sep 11 18:20:33 2026|scalable_tgn_link_prediction.py|INFO] meta val epoch:9, loss:0.65493, official_mrr:0.64294, filtered_mrr:0.01742, acc:0.99223, ap:0.98725, f1:0.99223, macro_auc:0.99354, micro_auc:0.99354
[Fri Sep 11 18:20:33 2026|scalable_tgn_link_prediction.py|INFO] filtered val epoch:9, snapshot:76, positives:4118, sources:359, mean_negatives:81.110, min_negatives:36, max_negatives:96
[Fri Sep 11 18:20:34 2026|scalable_tgn_link_prediction.py|INFO] meta val epoch:9, loss:0.54785, official_mrr:0.61886, filtered_mrr:0.01661, acc:0.99344, ap:0.98939, f1:0.99344, macro_auc:0.99464, micro_auc:0.99464
[Fri Sep 11 18:20:34 2026|scalable_tgn_link_prediction.py|INFO] filtered val epoch:9, snapshot:77, positives:4118, sources:319, mean_negatives:82.029, min_negatives:53, max_negatives:96
[Fri Sep 11 18:20:34 2026|scalable_tgn_link_prediction.py|INFO] meta val epoch:9, loss:0.61739, official_mrr:0.65521, filtered_mrr:0.01617, acc:0.99211, ap:0.98795, f1:0.99211, macro_auc:0.99390, micro_auc:0.99390
[Fri Sep 11 18:20:34 2026|scalable_tgn_link_prediction.py|INFO] filtered val epoch:9, snapshot:78, positives:4118, sources:352, mean_negatives:83.768, min_negatives:51, max_negatives:96
[Fri Sep 11 18:20:34 2026|scalable_tgn_link_prediction.py|INFO] meta val epoch:9, loss:0.61906, official_mrr:0.65454, filtered_mrr:0.01581, acc:0.99211, ap:0.98786, f1:0.99211, macro_auc:0.99386, micro_auc:0.99386
[Fri Sep 11 18:20:34 2026|scalable_tgn_link_prediction.py|INFO] filtered val epoch:9, snapshot:79, positives:4118, sources:371, mean_negatives:84.239, min_negatives:63, max_negatives:96
[Fri Sep 11 18:20:34 2026|scalable_tgn_link_prediction.py|INFO] meta val epoch:9, loss:0.65939, official_mrr:0.64695, filtered_mrr:0.01676, acc:0.99089, ap:0.98628, f1:0.99089, macro_auc:0.99240, micro_auc:0.99240
[Fri Sep 11 18:20:34 2026|scalable_tgn_link_prediction.py|INFO] filtered val epoch:9, snapshot:80, positives:4118, sources:401, mean_negatives:83.221, min_negatives:39, max_negatives:96
[Fri Sep 11 18:20:34 2026|scalable_tgn_link_prediction.py|INFO] meta val epoch:9, loss:0.38979, official_mrr:0.66503, filtered_mrr:0.01681, acc:0.99454, ap:0.99242, f1:0.99454, macro_auc:0.99615, micro_auc:0.99615
[Fri Sep 11 18:20:34 2026|scalable_tgn_link_prediction.py|INFO] filtered val epoch:9, snapshot:81, positives:4118, sources:339, mean_negatives:81.805, min_negatives:44, max_negatives:96
[Fri Sep 11 18:20:34 2026|scalable_tgn_link_prediction.py|INFO] meta val epoch:9, loss:0.49463, official_mrr:0.63405, filtered_mrr:0.01724, acc:0.99381, ap:0.99032, f1:0.99381, macro_auc:0.99511, micro_auc:0.99511
[Fri Sep 11 18:20:34 2026|scalable_tgn_link_prediction.py|INFO] filtered val epoch:9, snapshot:82, positives:4118, sources:396, mean_negatives:82.735, min_negatives:34, max_negatives:96
[Fri Sep 11 18:20:35 2026|scalable_tgn_link_prediction.py|INFO] meta val epoch:9, loss:0.49169, official_mrr:0.63841, filtered_mrr:0.01579, acc:0.99356, ap:0.99050, f1:0.99356, macro_auc:0.99520, micro_auc:0.99520
[Fri Sep 11 18:20:35 2026|scalable_tgn_link_prediction.py|INFO] filtered val epoch:9, snapshot:83, positives:4118, sources:391, mean_negatives:85.125, min_negatives:64, max_negatives:96
[Fri Sep 11 18:20:35 2026|scalable_tgn_link_prediction.py|INFO] meta val epoch:9, loss:0.51946, official_mrr:0.63492, filtered_mrr:0.01700, acc:0.99174, ap:0.98946, f1:0.99174, macro_auc:0.99405, micro_auc:0.99405
[Fri Sep 11 18:20:35 2026|scalable_tgn_link_prediction.py|INFO] filtered val epoch:9, snapshot:84, positives:4118, sources:371, mean_negatives:82.074, min_negatives:46, max_negatives:96
[Fri Sep 11 18:20:35 2026|scalable_tgn_link_prediction.py|INFO] validation summary epoch:9, avg_official_mrr:0.64069, global_filtered_mrr:0.01694, avg_ap:0.98913, selection_metric:filtered_mrr, selection_score:0.01694
[Fri Sep 11 18:20:48 2026|scalable_tgn_link_prediction.py|INFO] meta val epoch:10, loss:0.49629, official_mrr:0.67243, filtered_mrr:0.01790, acc:0.99356, ap:0.98963, f1:0.99356, macro_auc:0.99476, micro_auc:0.99476
[Fri Sep 11 18:20:48 2026|scalable_tgn_link_prediction.py|INFO] filtered val epoch:10, snapshot:70, positives:4118, sources:324, mean_negatives:83.555, min_negatives:51, max_negatives:96
[Fri Sep 11 18:20:48 2026|scalable_tgn_link_prediction.py|INFO] meta val epoch:10, loss:0.40023, official_mrr:0.66226, filtered_mrr:0.01650, acc:0.99429, ap:0.99214, f1:0.99429, macro_auc:0.99604, micro_auc:0.99604
[Fri Sep 11 18:20:48 2026|scalable_tgn_link_prediction.py|INFO] filtered val epoch:10, snapshot:71, positives:4118, sources:344, mean_negatives:84.298, min_negatives:43, max_negatives:96
[Fri Sep 11 18:20:48 2026|scalable_tgn_link_prediction.py|INFO] meta val epoch:10, loss:0.70093, official_mrr:0.61604, filtered_mrr:0.01951, acc:0.98871, ap:0.98448, f1:0.98871, macro_auc:0.99051, micro_auc:0.99051
[Fri Sep 11 18:20:48 2026|scalable_tgn_link_prediction.py|INFO] filtered val epoch:10, snapshot:72, positives:4118, sources:321, mean_negatives:80.469, min_negatives:29, max_negatives:96
[Fri Sep 11 18:20:48 2026|scalable_tgn_link_prediction.py|INFO] meta val epoch:10, loss:0.59965, official_mrr:0.62549, filtered_mrr:0.01660, acc:0.98859, ap:0.98826, f1:0.98859, macro_auc:0.99399, micro_auc:0.99399
[Fri Sep 11 18:20:48 2026|scalable_tgn_link_prediction.py|INFO] filtered val epoch:10, snapshot:73, positives:4118, sources:306, mean_negatives:81.326, min_negatives:54, max_negatives:96
[Fri Sep 11 18:20:48 2026|scalable_tgn_link_prediction.py|INFO] meta val epoch:10, loss:0.40991, official_mrr:0.64169, filtered_mrr:0.01769, acc:0.99441, ap:0.99199, f1:0.99441, macro_auc:0.99596, micro_auc:0.99596
[Fri Sep 11 18:20:48 2026|scalable_tgn_link_prediction.py|INFO] filtered val epoch:10, snapshot:74, positives:4118, sources:307, mean_negatives:80.789, min_negatives:45, max_negatives:96
[Fri Sep 11 18:20:48 2026|scalable_tgn_link_prediction.py|INFO] meta val epoch:10, loss:0.50635, official_mrr:0.64478, filtered_mrr:0.01565, acc:0.99393, ap:0.99000, f1:0.99393, macro_auc:0.99495, micro_auc:0.99495
[Fri Sep 11 18:20:48 2026|scalable_tgn_link_prediction.py|INFO] filtered val epoch:10, snapshot:75, positives:4118, sources:329, mean_negatives:84.600, min_negatives:57, max_negatives:96
[Fri Sep 11 18:20:49 2026|scalable_tgn_link_prediction.py|INFO] meta val epoch:10, loss:0.60012, official_mrr:0.62683, filtered_mrr:0.01807, acc:0.99138, ap:0.98832, f1:0.99138, macro_auc:0.99409, micro_auc:0.99409
[Fri Sep 11 18:20:49 2026|scalable_tgn_link_prediction.py|INFO] filtered val epoch:10, snapshot:76, positives:4118, sources:359, mean_negatives:81.110, min_negatives:36, max_negatives:96
[Fri Sep 11 18:20:49 2026|scalable_tgn_link_prediction.py|INFO] meta val epoch:10, loss:0.56592, official_mrr:0.68224, filtered_mrr:0.01660, acc:0.99356, ap:0.98888, f1:0.99356, macro_auc:0.99438, micro_auc:0.99438
[Fri Sep 11 18:20:49 2026|scalable_tgn_link_prediction.py|INFO] filtered val epoch:10, snapshot:77, positives:4118, sources:319, mean_negatives:82.029, min_negatives:53, max_negatives:96
[Fri Sep 11 18:20:49 2026|scalable_tgn_link_prediction.py|INFO] meta val epoch:10, loss:0.59275, official_mrr:0.63488, filtered_mrr:0.01619, acc:0.99284, ap:0.98843, f1:0.99284, macro_auc:0.99415, micro_auc:0.99415
[Fri Sep 11 18:20:49 2026|scalable_tgn_link_prediction.py|INFO] filtered val epoch:10, snapshot:78, positives:4118, sources:352, mean_negatives:83.768, min_negatives:51, max_negatives:96
[Fri Sep 11 18:20:49 2026|scalable_tgn_link_prediction.py|INFO] meta val epoch:10, loss:0.60455, official_mrr:0.63868, filtered_mrr:0.01583, acc:0.99247, ap:0.98811, f1:0.99247, macro_auc:0.99398, micro_auc:0.99398
[Fri Sep 11 18:20:49 2026|scalable_tgn_link_prediction.py|INFO] filtered val epoch:10, snapshot:79, positives:4118, sources:371, mean_negatives:84.239, min_negatives:63, max_negatives:96
[Fri Sep 11 18:20:49 2026|scalable_tgn_link_prediction.py|INFO] meta val epoch:10, loss:0.65642, official_mrr:0.62846, filtered_mrr:0.01693, acc:0.99089, ap:0.98624, f1:0.99089, macro_auc:0.99236, micro_auc:0.99236
[Fri Sep 11 18:20:49 2026|scalable_tgn_link_prediction.py|INFO] filtered val epoch:10, snapshot:80, positives:4118, sources:401, mean_negatives:83.221, min_negatives:39, max_negatives:96
[Fri Sep 11 18:20:49 2026|scalable_tgn_link_prediction.py|INFO] meta val epoch:10, loss:0.38643, official_mrr:0.65736, filtered_mrr:0.01633, acc:0.99393, ap:0.99248, f1:0.99393, macro_auc:0.99618, micro_auc:0.99618
[Fri Sep 11 18:20:49 2026|scalable_tgn_link_prediction.py|INFO] filtered val epoch:10, snapshot:81, positives:4118, sources:339, mean_negatives:81.805, min_negatives:44, max_negatives:96
[Fri Sep 11 18:20:49 2026|scalable_tgn_link_prediction.py|INFO] meta val epoch:10, loss:0.48236, official_mrr:0.64007, filtered_mrr:0.01673, acc:0.99381, ap:0.99062, f1:0.99381, macro_auc:0.99526, micro_auc:0.99526
[Fri Sep 11 18:20:49 2026|scalable_tgn_link_prediction.py|INFO] filtered val epoch:10, snapshot:82, positives:4118, sources:396, mean_negatives:82.735, min_negatives:34, max_negatives:96
[Fri Sep 11 18:20:50 2026|scalable_tgn_link_prediction.py|INFO] meta val epoch:10, loss:0.50872, official_mrr:0.65256, filtered_mrr:0.01511, acc:0.99235, ap:0.99014, f1:0.99235, macro_auc:0.99502, micro_auc:0.99502
[Fri Sep 11 18:20:50 2026|scalable_tgn_link_prediction.py|INFO] filtered val epoch:10, snapshot:83, positives:4118, sources:391, mean_negatives:85.125, min_negatives:64, max_negatives:96
[Fri Sep 11 18:20:50 2026|scalable_tgn_link_prediction.py|INFO] meta val epoch:10, loss:0.55942, official_mrr:0.64578, filtered_mrr:0.01638, acc:0.99102, ap:0.98895, f1:0.99101, macro_auc:0.99425, micro_auc:0.99425
[Fri Sep 11 18:20:50 2026|scalable_tgn_link_prediction.py|INFO] filtered val epoch:10, snapshot:84, positives:4118, sources:371, mean_negatives:82.074, min_negatives:46, max_negatives:96
[Fri Sep 11 18:20:50 2026|scalable_tgn_link_prediction.py|INFO] validation summary epoch:10, avg_official_mrr:0.64464, global_filtered_mrr:0.01680, avg_ap:0.98925, selection_metric:filtered_mrr, selection_score:0.01680
[Fri Sep 11 18:21:03 2026|scalable_tgn_link_prediction.py|INFO] meta val epoch:11, loss:0.43933, official_mrr:0.73529, filtered_mrr:0.02207, acc:0.99332, ap:0.98988, f1:0.99332, macro_auc:0.99491, micro_auc:0.99491
[Fri Sep 11 18:21:03 2026|scalable_tgn_link_prediction.py|INFO] filtered val epoch:11, snapshot:70, positives:4118, sources:324, mean_negatives:83.555, min_negatives:51, max_negatives:96
[Fri Sep 11 18:21:03 2026|scalable_tgn_link_prediction.py|INFO] meta val epoch:11, loss:0.31504, official_mrr:0.69622, filtered_mrr:0.02205, acc:0.99369, ap:0.99310, f1:0.99369, macro_auc:0.99647, micro_auc:0.99647
[Fri Sep 11 18:21:03 2026|scalable_tgn_link_prediction.py|INFO] filtered val epoch:11, snapshot:71, positives:4118, sources:344, mean_negatives:84.298, min_negatives:43, max_negatives:96
[Fri Sep 11 18:21:03 2026|scalable_tgn_link_prediction.py|INFO] meta val epoch:11, loss:0.58440, official_mrr:0.72658, filtered_mrr:0.02546, acc:0.98883, ap:0.98479, f1:0.98883, macro_auc:0.99019, micro_auc:0.99019
[Fri Sep 11 18:21:03 2026|scalable_tgn_link_prediction.py|INFO] filtered val epoch:11, snapshot:72, positives:4118, sources:321, mean_negatives:80.469, min_negatives:29, max_negatives:96
[Fri Sep 11 18:21:04 2026|scalable_tgn_link_prediction.py|INFO] meta val epoch:11, loss:0.44396, official_mrr:0.69156, filtered_mrr:0.02195, acc:0.98895, ap:0.99057, f1:0.98895, macro_auc:0.99516, micro_auc:0.99516
[Fri Sep 11 18:21:04 2026|scalable_tgn_link_prediction.py|INFO] filtered val epoch:11, snapshot:73, positives:4118, sources:306, mean_negatives:81.326, min_negatives:54, max_negatives:96
[Fri Sep 11 18:21:04 2026|scalable_tgn_link_prediction.py|INFO] meta val epoch:11, loss:0.36787, official_mrr:0.67123, filtered_mrr:0.02245, acc:0.99393, ap:0.99200, f1:0.99393, macro_auc:0.99596, micro_auc:0.99596
[Fri Sep 11 18:21:04 2026|scalable_tgn_link_prediction.py|INFO] filtered val epoch:11, snapshot:74, positives:4118, sources:307, mean_negatives:80.789, min_negatives:45, max_negatives:96
[Fri Sep 11 18:21:04 2026|scalable_tgn_link_prediction.py|INFO] meta val epoch:11, loss:0.37346, official_mrr:0.71717, filtered_mrr:0.01980, acc:0.99344, ap:0.99193, f1:0.99344, macro_auc:0.99588, micro_auc:0.99588
[Fri Sep 11 18:21:04 2026|scalable_tgn_link_prediction.py|INFO] filtered val epoch:11, snapshot:75, positives:4118, sources:329, mean_negatives:84.600, min_negatives:57, max_negatives:96
[Fri Sep 11 18:21:04 2026|scalable_tgn_link_prediction.py|INFO] meta val epoch:11, loss:0.50438, official_mrr:0.70149, filtered_mrr:0.02350, acc:0.99162, ap:0.98912, f1:0.99162, macro_auc:0.99444, micro_auc:0.99444
[Fri Sep 11 18:21:04 2026|scalable_tgn_link_prediction.py|INFO] filtered val epoch:11, snapshot:76, positives:4118, sources:359, mean_negatives:81.110, min_negatives:36, max_negatives:96
[Fri Sep 11 18:21:04 2026|scalable_tgn_link_prediction.py|INFO] meta val epoch:11, loss:0.44801, official_mrr:0.70261, filtered_mrr:0.02242, acc:0.99271, ap:0.99053, f1:0.99271, macro_auc:0.99517, micro_auc:0.99517
[Fri Sep 11 18:21:04 2026|scalable_tgn_link_prediction.py|INFO] filtered val epoch:11, snapshot:77, positives:4118, sources:319, mean_negatives:82.029, min_negatives:53, max_negatives:96
[Fri Sep 11 18:21:04 2026|scalable_tgn_link_prediction.py|INFO] meta val epoch:11, loss:0.45516, official_mrr:0.69588, filtered_mrr:0.02205, acc:0.99138, ap:0.99049, f1:0.99138, macro_auc:0.99513, micro_auc:0.99513
[Fri Sep 11 18:21:04 2026|scalable_tgn_link_prediction.py|INFO] filtered val epoch:11, snapshot:78, positives:4118, sources:352, mean_negatives:83.768, min_negatives:51, max_negatives:96
[Fri Sep 11 18:21:04 2026|scalable_tgn_link_prediction.py|INFO] meta val epoch:11, loss:0.51977, official_mrr:0.69690, filtered_mrr:0.02032, acc:0.99126, ap:0.98862, f1:0.99126, macro_auc:0.99420, micro_auc:0.99420
[Fri Sep 11 18:21:04 2026|scalable_tgn_link_prediction.py|INFO] filtered val epoch:11, snapshot:79, positives:4118, sources:371, mean_negatives:84.239, min_negatives:63, max_negatives:96
[Fri Sep 11 18:21:05 2026|scalable_tgn_link_prediction.py|INFO] meta val epoch:11, loss:0.57120, official_mrr:0.70094, filtered_mrr:0.02222, acc:0.98980, ap:0.98719, f1:0.98980, macro_auc:0.99282, micro_auc:0.99282
[Fri Sep 11 18:21:05 2026|scalable_tgn_link_prediction.py|INFO] filtered val epoch:11, snapshot:80, positives:4118, sources:401, mean_negatives:83.221, min_negatives:39, max_negatives:96
[Fri Sep 11 18:21:05 2026|scalable_tgn_link_prediction.py|INFO] meta val epoch:11, loss:0.29934, official_mrr:0.72628, filtered_mrr:0.02143, acc:0.99429, ap:0.99367, f1:0.99429, macro_auc:0.99660, micro_auc:0.99660
[Fri Sep 11 18:21:05 2026|scalable_tgn_link_prediction.py|INFO] filtered val epoch:11, snapshot:81, positives:4118, sources:339, mean_negatives:81.805, min_negatives:44, max_negatives:96
[Fri Sep 11 18:21:05 2026|scalable_tgn_link_prediction.py|INFO] meta val epoch:11, loss:0.43916, official_mrr:0.70934, filtered_mrr:0.02210, acc:0.99369, ap:0.99060, f1:0.99369, macro_auc:0.99524, micro_auc:0.99524
[Fri Sep 11 18:21:05 2026|scalable_tgn_link_prediction.py|INFO] filtered val epoch:11, snapshot:82, positives:4118, sources:396, mean_negatives:82.735, min_negatives:34, max_negatives:96
[Fri Sep 11 18:21:05 2026|scalable_tgn_link_prediction.py|INFO] meta val epoch:11, loss:0.38858, official_mrr:0.68636, filtered_mrr:0.01987, acc:0.99199, ap:0.99176, f1:0.99199, macro_auc:0.99578, micro_auc:0.99578
[Fri Sep 11 18:21:05 2026|scalable_tgn_link_prediction.py|INFO] filtered val epoch:11, snapshot:83, positives:4118, sources:391, mean_negatives:85.125, min_negatives:64, max_negatives:96
[Fri Sep 11 18:21:05 2026|scalable_tgn_link_prediction.py|INFO] meta val epoch:11, loss:0.38243, official_mrr:0.69684, filtered_mrr:0.02094, acc:0.99102, ap:0.99144, f1:0.99101, macro_auc:0.99478, micro_auc:0.99478
[Fri Sep 11 18:21:05 2026|scalable_tgn_link_prediction.py|INFO] filtered val epoch:11, snapshot:84, positives:4118, sources:371, mean_negatives:82.074, min_negatives:46, max_negatives:96
[Fri Sep 11 18:21:05 2026|scalable_tgn_link_prediction.py|INFO] validation summary epoch:11, avg_official_mrr:0.70365, global_filtered_mrr:0.02191, avg_ap:0.99038, selection_metric:filtered_mrr, selection_score:0.02191
[Fri Sep 11 18:21:18 2026|scalable_tgn_link_prediction.py|INFO] meta val epoch:12, loss:0.11504, official_mrr:0.91821, filtered_mrr:0.05767, acc:0.98895, ap:0.99223, f1:0.98895, macro_auc:0.99591, micro_auc:0.99591
[Fri Sep 11 18:21:18 2026|scalable_tgn_link_prediction.py|INFO] filtered val epoch:12, snapshot:70, positives:4118, sources:324, mean_negatives:83.555, min_negatives:51, max_negatives:96
[Fri Sep 11 18:21:18 2026|scalable_tgn_link_prediction.py|INFO] meta val epoch:12, loss:0.13526, official_mrr:0.90068, filtered_mrr:0.06174, acc:0.98992, ap:0.99275, f1:0.98992, macro_auc:0.99637, micro_auc:0.99637
[Fri Sep 11 18:21:18 2026|scalable_tgn_link_prediction.py|INFO] filtered val epoch:12, snapshot:71, positives:4118, sources:344, mean_negatives:84.298, min_negatives:43, max_negatives:96
[Fri Sep 11 18:21:18 2026|scalable_tgn_link_prediction.py|INFO] meta val epoch:12, loss:0.28257, official_mrr:0.87461, filtered_mrr:0.05524, acc:0.98385, ap:0.98030, f1:0.98385, macro_auc:0.98933, micro_auc:0.98933
[Fri Sep 11 18:21:18 2026|scalable_tgn_link_prediction.py|INFO] filtered val epoch:12, snapshot:72, positives:4118, sources:321, mean_negatives:80.469, min_negatives:29, max_negatives:96
[Fri Sep 11 18:21:19 2026|scalable_tgn_link_prediction.py|INFO] meta val epoch:12, loss:0.11723, official_mrr:0.88126, filtered_mrr:0.05423, acc:0.98895, ap:0.99308, f1:0.98895, macro_auc:0.99625, micro_auc:0.99625
[Fri Sep 11 18:21:19 2026|scalable_tgn_link_prediction.py|INFO] filtered val epoch:12, snapshot:73, positives:4118, sources:306, mean_negatives:81.326, min_negatives:54, max_negatives:96
[Fri Sep 11 18:21:19 2026|scalable_tgn_link_prediction.py|INFO] meta val epoch:12, loss:0.13410, official_mrr:0.88246, filtered_mrr:0.04934, acc:0.99441, ap:0.99190, f1:0.99441, macro_auc:0.99622, micro_auc:0.99622
[Fri Sep 11 18:21:19 2026|scalable_tgn_link_prediction.py|INFO] filtered val epoch:12, snapshot:74, positives:4118, sources:307, mean_negatives:80.789, min_negatives:45, max_negatives:96
[Fri Sep 11 18:21:19 2026|scalable_tgn_link_prediction.py|INFO] meta val epoch:12, loss:0.11048, official_mrr:0.86611, filtered_mrr:0.04825, acc:0.99332, ap:0.99341, f1:0.99332, macro_auc:0.99663, micro_auc:0.99663
[Fri Sep 11 18:21:19 2026|scalable_tgn_link_prediction.py|INFO] filtered val epoch:12, snapshot:75, positives:4118, sources:329, mean_negatives:84.600, min_negatives:57, max_negatives:96
[Fri Sep 11 18:21:19 2026|scalable_tgn_link_prediction.py|INFO] meta val epoch:12, loss:0.13830, official_mrr:0.86267, filtered_mrr:0.05494, acc:0.99077, ap:0.98998, f1:0.99077, macro_auc:0.99490, micro_auc:0.99490
[Fri Sep 11 18:21:19 2026|scalable_tgn_link_prediction.py|INFO] filtered val epoch:12, snapshot:76, positives:4118, sources:359, mean_negatives:81.110, min_negatives:36, max_negatives:96
[Fri Sep 11 18:21:19 2026|scalable_tgn_link_prediction.py|INFO] meta val epoch:12, loss:0.21398, official_mrr:0.87879, filtered_mrr:0.05935, acc:0.99271, ap:0.98785, f1:0.99271, macro_auc:0.99495, micro_auc:0.99495
[Fri Sep 11 18:21:19 2026|scalable_tgn_link_prediction.py|INFO] filtered val epoch:12, snapshot:77, positives:4118, sources:319, mean_negatives:82.029, min_negatives:53, max_negatives:96
[Fri Sep 11 18:21:19 2026|scalable_tgn_link_prediction.py|INFO] meta val epoch:12, loss:0.14749, official_mrr:0.85450, filtered_mrr:0.05401, acc:0.99174, ap:0.99101, f1:0.99174, macro_auc:0.99582, micro_auc:0.99582
[Fri Sep 11 18:21:19 2026|scalable_tgn_link_prediction.py|INFO] filtered val epoch:12, snapshot:78, positives:4118, sources:352, mean_negatives:83.768, min_negatives:51, max_negatives:96
[Fri Sep 11 18:21:19 2026|scalable_tgn_link_prediction.py|INFO] meta val epoch:12, loss:0.20689, official_mrr:0.86397, filtered_mrr:0.05380, acc:0.99065, ap:0.98721, f1:0.99065, macro_auc:0.99405, micro_auc:0.99405
[Fri Sep 11 18:21:19 2026|scalable_tgn_link_prediction.py|INFO] filtered val epoch:12, snapshot:79, positives:4118, sources:371, mean_negatives:84.239, min_negatives:63, max_negatives:96
[Fri Sep 11 18:21:20 2026|scalable_tgn_link_prediction.py|INFO] meta val epoch:12, loss:0.17646, official_mrr:0.84042, filtered_mrr:0.05730, acc:0.98810, ap:0.98662, f1:0.98810, macro_auc:0.99268, micro_auc:0.99268
[Fri Sep 11 18:21:20 2026|scalable_tgn_link_prediction.py|INFO] filtered val epoch:12, snapshot:80, positives:4118, sources:401, mean_negatives:83.221, min_negatives:39, max_negatives:96
[Fri Sep 11 18:21:20 2026|scalable_tgn_link_prediction.py|INFO] meta val epoch:12, loss:0.15704, official_mrr:0.85549, filtered_mrr:0.05644, acc:0.99126, ap:0.99206, f1:0.99126, macro_auc:0.99644, micro_auc:0.99644
[Fri Sep 11 18:21:20 2026|scalable_tgn_link_prediction.py|INFO] filtered val epoch:12, snapshot:81, positives:4118, sources:339, mean_negatives:81.805, min_negatives:44, max_negatives:96
[Fri Sep 11 18:21:20 2026|scalable_tgn_link_prediction.py|INFO] meta val epoch:12, loss:0.11571, official_mrr:0.84238, filtered_mrr:0.05426, acc:0.99162, ap:0.99280, f1:0.99162, macro_auc:0.99618, micro_auc:0.99618
[Fri Sep 11 18:21:20 2026|scalable_tgn_link_prediction.py|INFO] filtered val epoch:12, snapshot:82, positives:4118, sources:396, mean_negatives:82.735, min_negatives:34, max_negatives:96
[Fri Sep 11 18:21:20 2026|scalable_tgn_link_prediction.py|INFO] meta val epoch:12, loss:0.12064, official_mrr:0.87212, filtered_mrr:0.05006, acc:0.98907, ap:0.99257, f1:0.98907, macro_auc:0.99603, micro_auc:0.99603
[Fri Sep 11 18:21:20 2026|scalable_tgn_link_prediction.py|INFO] filtered val epoch:12, snapshot:83, positives:4118, sources:391, mean_negatives:85.125, min_negatives:64, max_negatives:96
[Fri Sep 11 18:21:20 2026|scalable_tgn_link_prediction.py|INFO] meta val epoch:12, loss:0.09150, official_mrr:0.84967, filtered_mrr:0.05072, acc:0.98409, ap:0.99318, f1:0.98409, macro_auc:0.99558, micro_auc:0.99558
[Fri Sep 11 18:21:20 2026|scalable_tgn_link_prediction.py|INFO] filtered val epoch:12, snapshot:84, positives:4118, sources:371, mean_negatives:82.074, min_negatives:46, max_negatives:96
[Fri Sep 11 18:21:20 2026|scalable_tgn_link_prediction.py|INFO] validation summary epoch:12, avg_official_mrr:0.86956, global_filtered_mrr:0.05449, avg_ap:0.99046, selection_metric:filtered_mrr, selection_score:0.05449
[Fri Sep 11 18:21:34 2026|scalable_tgn_link_prediction.py|INFO] meta val epoch:13, loss:0.21812, official_mrr:0.80566, filtered_mrr:0.02984, acc:0.99405, ap:0.99006, f1:0.99405, macro_auc:0.99514, micro_auc:0.99514
[Fri Sep 11 18:21:34 2026|scalable_tgn_link_prediction.py|INFO] filtered val epoch:13, snapshot:70, positives:4118, sources:324, mean_negatives:83.555, min_negatives:51, max_negatives:96
[Fri Sep 11 18:21:34 2026|scalable_tgn_link_prediction.py|INFO] meta val epoch:13, loss:0.20180, official_mrr:0.81371, filtered_mrr:0.03023, acc:0.99417, ap:0.99147, f1:0.99417, macro_auc:0.99587, micro_auc:0.99587
[Fri Sep 11 18:21:34 2026|scalable_tgn_link_prediction.py|INFO] filtered val epoch:13, snapshot:71, positives:4118, sources:344, mean_negatives:84.298, min_negatives:43, max_negatives:96
[Fri Sep 11 18:21:34 2026|scalable_tgn_link_prediction.py|INFO] meta val epoch:13, loss:0.40128, official_mrr:0.77191, filtered_mrr:0.03276, acc:0.98847, ap:0.98029, f1:0.98846, macro_auc:0.98908, micro_auc:0.98908
[Fri Sep 11 18:21:34 2026|scalable_tgn_link_prediction.py|INFO] filtered val epoch:13, snapshot:72, positives:4118, sources:321, mean_negatives:80.469, min_negatives:29, max_negatives:96
[Fri Sep 11 18:21:34 2026|scalable_tgn_link_prediction.py|INFO] meta val epoch:13, loss:0.26339, official_mrr:0.78301, filtered_mrr:0.02845, acc:0.98919, ap:0.98789, f1:0.98919, macro_auc:0.99409, micro_auc:0.99409
[Fri Sep 11 18:21:34 2026|scalable_tgn_link_prediction.py|INFO] filtered val epoch:13, snapshot:73, positives:4118, sources:306, mean_negatives:81.326, min_negatives:54, max_negatives:96
[Fri Sep 11 18:21:34 2026|scalable_tgn_link_prediction.py|INFO] meta val epoch:13, loss:0.17661, official_mrr:0.79463, filtered_mrr:0.03087, acc:0.99514, ap:0.99223, f1:0.99514, macro_auc:0.99650, micro_auc:0.99650
[Fri Sep 11 18:21:34 2026|scalable_tgn_link_prediction.py|INFO] filtered val epoch:13, snapshot:74, positives:4118, sources:307, mean_negatives:80.789, min_negatives:45, max_negatives:96
[Fri Sep 11 18:21:34 2026|scalable_tgn_link_prediction.py|INFO] meta val epoch:13, loss:0.27201, official_mrr:0.77062, filtered_mrr:0.02685, acc:0.99429, ap:0.98845, f1:0.99429, macro_auc:0.99487, micro_auc:0.99487
[Fri Sep 11 18:21:34 2026|scalable_tgn_link_prediction.py|INFO] filtered val epoch:13, snapshot:75, positives:4118, sources:329, mean_negatives:84.600, min_negatives:57, max_negatives:96
[Fri Sep 11 18:21:34 2026|scalable_tgn_link_prediction.py|INFO] meta val epoch:13, loss:0.32715, official_mrr:0.80000, filtered_mrr:0.03119, acc:0.99223, ap:0.98494, f1:0.99223, macro_auc:0.99339, micro_auc:0.99339
[Fri Sep 11 18:21:34 2026|scalable_tgn_link_prediction.py|INFO] filtered val epoch:13, snapshot:76, positives:4118, sources:359, mean_negatives:81.110, min_negatives:36, max_negatives:96
[Fri Sep 11 18:21:34 2026|scalable_tgn_link_prediction.py|INFO] meta val epoch:13, loss:0.35708, official_mrr:0.76160, filtered_mrr:0.02852, acc:0.99369, ap:0.98469, f1:0.99369, macro_auc:0.99336, micro_auc:0.99336
[Fri Sep 11 18:21:34 2026|scalable_tgn_link_prediction.py|INFO] filtered val epoch:13, snapshot:77, positives:4118, sources:319, mean_negatives:82.029, min_negatives:53, max_negatives:96
[Fri Sep 11 18:21:35 2026|scalable_tgn_link_prediction.py|INFO] meta val epoch:13, loss:0.31124, official_mrr:0.76274, filtered_mrr:0.02700, acc:0.99235, ap:0.98647, f1:0.99235, macro_auc:0.99399, micro_auc:0.99399
[Fri Sep 11 18:21:35 2026|scalable_tgn_link_prediction.py|INFO] filtered val epoch:13, snapshot:78, positives:4118, sources:352, mean_negatives:83.768, min_negatives:51, max_negatives:96
[Fri Sep 11 18:21:35 2026|scalable_tgn_link_prediction.py|INFO] meta val epoch:13, loss:0.30375, official_mrr:0.77471, filtered_mrr:0.02696, acc:0.99223, ap:0.98667, f1:0.99223, macro_auc:0.99381, micro_auc:0.99381
[Fri Sep 11 18:21:35 2026|scalable_tgn_link_prediction.py|INFO] filtered val epoch:13, snapshot:79, positives:4118, sources:371, mean_negatives:84.239, min_negatives:63, max_negatives:96
[Fri Sep 11 18:21:35 2026|scalable_tgn_link_prediction.py|INFO] meta val epoch:13, loss:0.28598, official_mrr:0.78639, filtered_mrr:0.02773, acc:0.99114, ap:0.98533, f1:0.99114, macro_auc:0.99240, micro_auc:0.99240
[Fri Sep 11 18:21:35 2026|scalable_tgn_link_prediction.py|INFO] filtered val epoch:13, snapshot:80, positives:4118, sources:401, mean_negatives:83.221, min_negatives:39, max_negatives:96
[Fri Sep 11 18:21:35 2026|scalable_tgn_link_prediction.py|INFO] meta val epoch:13, loss:0.27194, official_mrr:0.77092, filtered_mrr:0.02868, acc:0.99466, ap:0.98845, f1:0.99466, macro_auc:0.99479, micro_auc:0.99479
[Fri Sep 11 18:21:35 2026|scalable_tgn_link_prediction.py|INFO] filtered val epoch:13, snapshot:81, positives:4118, sources:339, mean_negatives:81.805, min_negatives:44, max_negatives:96
[Fri Sep 11 18:21:35 2026|scalable_tgn_link_prediction.py|INFO] meta val epoch:13, loss:0.20216, official_mrr:0.73990, filtered_mrr:0.02994, acc:0.99393, ap:0.99105, f1:0.99393, macro_auc:0.99575, micro_auc:0.99575
[Fri Sep 11 18:21:35 2026|scalable_tgn_link_prediction.py|INFO] filtered val epoch:13, snapshot:82, positives:4118, sources:396, mean_negatives:82.735, min_negatives:34, max_negatives:96
[Fri Sep 11 18:21:35 2026|scalable_tgn_link_prediction.py|INFO] meta val epoch:13, loss:0.27756, official_mrr:0.74731, filtered_mrr:0.02642, acc:0.99259, ap:0.98804, f1:0.99259, macro_auc:0.99451, micro_auc:0.99451
[Fri Sep 11 18:21:35 2026|scalable_tgn_link_prediction.py|INFO] filtered val epoch:13, snapshot:83, positives:4118, sources:391, mean_negatives:85.125, min_negatives:64, max_negatives:96
[Fri Sep 11 18:21:36 2026|scalable_tgn_link_prediction.py|INFO] meta val epoch:13, loss:0.28338, official_mrr:0.75863, filtered_mrr:0.02907, acc:0.99150, ap:0.98642, f1:0.99150, macro_auc:0.99286, micro_auc:0.99286
[Fri Sep 11 18:21:36 2026|scalable_tgn_link_prediction.py|INFO] filtered val epoch:13, snapshot:84, positives:4118, sources:371, mean_negatives:82.074, min_negatives:46, max_negatives:96
[Fri Sep 11 18:21:36 2026|scalable_tgn_link_prediction.py|INFO] validation summary epoch:13, avg_official_mrr:0.77612, global_filtered_mrr:0.02897, avg_ap:0.98750, selection_metric:filtered_mrr, selection_score:0.02897
[Fri Sep 11 18:21:49 2026|scalable_tgn_link_prediction.py|INFO] meta val epoch:14, loss:0.04148, official_mrr:0.92773, filtered_mrr:0.14296, acc:0.99223, ap:0.99349, f1:0.99223, macro_auc:0.99602, micro_auc:0.99602
[Fri Sep 11 18:21:49 2026|scalable_tgn_link_prediction.py|INFO] filtered val epoch:14, snapshot:70, positives:4118, sources:324, mean_negatives:83.555, min_negatives:51, max_negatives:96
[Fri Sep 11 18:21:49 2026|scalable_tgn_link_prediction.py|INFO] meta val epoch:14, loss:0.03512, official_mrr:0.94608, filtered_mrr:0.17978, acc:0.99259, ap:0.99563, f1:0.99259, macro_auc:0.99713, micro_auc:0.99713
[Fri Sep 11 18:21:49 2026|scalable_tgn_link_prediction.py|INFO] filtered val epoch:14, snapshot:71, positives:4118, sources:344, mean_negatives:84.298, min_negatives:43, max_negatives:96
[Fri Sep 11 18:21:49 2026|scalable_tgn_link_prediction.py|INFO] meta val epoch:14, loss:0.06858, official_mrr:0.92887, filtered_mrr:0.11089, acc:0.98677, ap:0.98586, f1:0.98676, macro_auc:0.99090, micro_auc:0.99090
[Fri Sep 11 18:21:49 2026|scalable_tgn_link_prediction.py|INFO] filtered val epoch:14, snapshot:72, positives:4118, sources:321, mean_negatives:80.469, min_negatives:29, max_negatives:96
[Fri Sep 11 18:21:49 2026|scalable_tgn_link_prediction.py|INFO] meta val epoch:14, loss:0.05944, official_mrr:0.91830, filtered_mrr:0.10840, acc:0.98713, ap:0.99303, f1:0.98713, macro_auc:0.99600, micro_auc:0.99600
[Fri Sep 11 18:21:49 2026|scalable_tgn_link_prediction.py|INFO] filtered val epoch:14, snapshot:73, positives:4118, sources:306, mean_negatives:81.326, min_negatives:54, max_negatives:96
[Fri Sep 11 18:21:49 2026|scalable_tgn_link_prediction.py|INFO] meta val epoch:14, loss:0.03315, official_mrr:0.92155, filtered_mrr:0.11278, acc:0.99223, ap:0.99627, f1:0.99223, macro_auc:0.99763, micro_auc:0.99763
[Fri Sep 11 18:21:49 2026|scalable_tgn_link_prediction.py|INFO] filtered val epoch:14, snapshot:74, positives:4118, sources:307, mean_negatives:80.789, min_negatives:45, max_negatives:96
[Fri Sep 11 18:21:49 2026|scalable_tgn_link_prediction.py|INFO] meta val epoch:14, loss:0.03733, official_mrr:0.91819, filtered_mrr:0.12127, acc:0.99065, ap:0.99577, f1:0.99065, macro_auc:0.99717, micro_auc:0.99717
[Fri Sep 11 18:21:49 2026|scalable_tgn_link_prediction.py|INFO] filtered val epoch:14, snapshot:75, positives:4118, sources:329, mean_negatives:84.600, min_negatives:57, max_negatives:96
[Fri Sep 11 18:21:50 2026|scalable_tgn_link_prediction.py|INFO] meta val epoch:14, loss:0.04620, official_mrr:0.91945, filtered_mrr:0.11355, acc:0.98992, ap:0.99260, f1:0.98992, macro_auc:0.99541, micro_auc:0.99541
[Fri Sep 11 18:21:50 2026|scalable_tgn_link_prediction.py|INFO] filtered val epoch:14, snapshot:76, positives:4118, sources:359, mean_negatives:81.110, min_negatives:36, max_negatives:96
[Fri Sep 11 18:21:50 2026|scalable_tgn_link_prediction.py|INFO] meta val epoch:14, loss:0.04151, official_mrr:0.91327, filtered_mrr:0.14615, acc:0.99065, ap:0.99411, f1:0.99065, macro_auc:0.99647, micro_auc:0.99647
[Fri Sep 11 18:21:50 2026|scalable_tgn_link_prediction.py|INFO] filtered val epoch:14, snapshot:77, positives:4118, sources:319, mean_negatives:82.029, min_negatives:53, max_negatives:96
[Fri Sep 11 18:21:50 2026|scalable_tgn_link_prediction.py|INFO] meta val epoch:14, loss:0.04513, official_mrr:0.91738, filtered_mrr:0.13587, acc:0.98907, ap:0.99502, f1:0.98907, macro_auc:0.99668, micro_auc:0.99668
[Fri Sep 11 18:21:50 2026|scalable_tgn_link_prediction.py|INFO] filtered val epoch:14, snapshot:78, positives:4118, sources:352, mean_negatives:83.768, min_negatives:51, max_negatives:96
[Fri Sep 11 18:21:50 2026|scalable_tgn_link_prediction.py|INFO] meta val epoch:14, loss:0.04789, official_mrr:0.90386, filtered_mrr:0.17570, acc:0.98895, ap:0.99221, f1:0.98895, macro_auc:0.99538, micro_auc:0.99538
[Fri Sep 11 18:21:50 2026|scalable_tgn_link_prediction.py|INFO] filtered val epoch:14, snapshot:79, positives:4118, sources:371, mean_negatives:84.239, min_negatives:63, max_negatives:96
[Fri Sep 11 18:21:50 2026|scalable_tgn_link_prediction.py|INFO] meta val epoch:14, loss:0.05849, official_mrr:0.89737, filtered_mrr:0.16784, acc:0.98762, ap:0.99029, f1:0.98761, macro_auc:0.99366, micro_auc:0.99366
[Fri Sep 11 18:21:50 2026|scalable_tgn_link_prediction.py|INFO] filtered val epoch:14, snapshot:80, positives:4118, sources:401, mean_negatives:83.221, min_negatives:39, max_negatives:96
[Fri Sep 11 18:21:50 2026|scalable_tgn_link_prediction.py|INFO] meta val epoch:14, loss:0.03378, official_mrr:0.90809, filtered_mrr:0.18350, acc:0.99211, ap:0.99606, f1:0.99211, macro_auc:0.99751, micro_auc:0.99751
[Fri Sep 11 18:21:50 2026|scalable_tgn_link_prediction.py|INFO] filtered val epoch:14, snapshot:81, positives:4118, sources:339, mean_negatives:81.805, min_negatives:44, max_negatives:96
[Fri Sep 11 18:21:50 2026|scalable_tgn_link_prediction.py|INFO] meta val epoch:14, loss:0.03821, official_mrr:0.88047, filtered_mrr:0.15882, acc:0.99199, ap:0.99495, f1:0.99199, macro_auc:0.99656, micro_auc:0.99656
[Fri Sep 11 18:21:50 2026|scalable_tgn_link_prediction.py|INFO] filtered val epoch:14, snapshot:82, positives:4118, sources:396, mean_negatives:82.735, min_negatives:34, max_negatives:96
[Fri Sep 11 18:21:51 2026|scalable_tgn_link_prediction.py|INFO] meta val epoch:14, loss:0.04674, official_mrr:0.91368, filtered_mrr:0.16085, acc:0.98980, ap:0.99256, f1:0.98980, macro_auc:0.99581, micro_auc:0.99581
[Fri Sep 11 18:21:51 2026|scalable_tgn_link_prediction.py|INFO] filtered val epoch:14, snapshot:83, positives:4118, sources:391, mean_negatives:85.125, min_negatives:64, max_negatives:96
[Fri Sep 11 18:21:51 2026|scalable_tgn_link_prediction.py|INFO] meta val epoch:14, loss:0.04809, official_mrr:0.89657, filtered_mrr:0.17607, acc:0.98859, ap:0.99403, f1:0.98859, macro_auc:0.99619, micro_auc:0.99619
[Fri Sep 11 18:21:51 2026|scalable_tgn_link_prediction.py|INFO] filtered val epoch:14, snapshot:84, positives:4118, sources:371, mean_negatives:82.074, min_negatives:46, max_negatives:96
[Fri Sep 11 18:21:51 2026|scalable_tgn_link_prediction.py|INFO] validation summary epoch:14, avg_official_mrr:0.91406, global_filtered_mrr:0.14630, avg_ap:0.99346, selection_metric:filtered_mrr, selection_score:0.14630
[Fri Sep 11 18:22:04 2026|scalable_tgn_link_prediction.py|INFO] meta val epoch:15, loss:0.30685, official_mrr:0.79511, filtered_mrr:0.03038, acc:0.99405, ap:0.99129, f1:0.99405, macro_auc:0.99549, micro_auc:0.99549
[Fri Sep 11 18:22:04 2026|scalable_tgn_link_prediction.py|INFO] filtered val epoch:15, snapshot:70, positives:4118, sources:324, mean_negatives:83.555, min_negatives:51, max_negatives:96
[Fri Sep 11 18:22:04 2026|scalable_tgn_link_prediction.py|INFO] meta val epoch:15, loss:0.21442, official_mrr:0.78038, filtered_mrr:0.03002, acc:0.99332, ap:0.99434, f1:0.99332, macro_auc:0.99691, micro_auc:0.99691
[Fri Sep 11 18:22:04 2026|scalable_tgn_link_prediction.py|INFO] filtered val epoch:15, snapshot:71, positives:4118, sources:344, mean_negatives:84.298, min_negatives:43, max_negatives:96
[Fri Sep 11 18:22:04 2026|scalable_tgn_link_prediction.py|INFO] meta val epoch:15, loss:0.33196, official_mrr:0.77944, filtered_mrr:0.03361, acc:0.98883, ap:0.98846, f1:0.98883, macro_auc:0.99147, micro_auc:0.99147
[Fri Sep 11 18:22:04 2026|scalable_tgn_link_prediction.py|INFO] filtered val epoch:15, snapshot:72, positives:4118, sources:321, mean_negatives:80.469, min_negatives:29, max_negatives:96
[Fri Sep 11 18:22:04 2026|scalable_tgn_link_prediction.py|INFO] meta val epoch:15, loss:0.38510, official_mrr:0.79504, filtered_mrr:0.02919, acc:0.98919, ap:0.98967, f1:0.98919, macro_auc:0.99465, micro_auc:0.99465
[Fri Sep 11 18:22:04 2026|scalable_tgn_link_prediction.py|INFO] filtered val epoch:15, snapshot:73, positives:4118, sources:306, mean_negatives:81.326, min_negatives:54, max_negatives:96
[Fri Sep 11 18:22:05 2026|scalable_tgn_link_prediction.py|INFO] meta val epoch:15, loss:0.25755, official_mrr:0.76558, filtered_mrr:0.03094, acc:0.99332, ap:0.99299, f1:0.99332, macro_auc:0.99638, micro_auc:0.99638
[Fri Sep 11 18:22:05 2026|scalable_tgn_link_prediction.py|INFO] filtered val epoch:15, snapshot:74, positives:4118, sources:307, mean_negatives:80.789, min_negatives:45, max_negatives:96
[Fri Sep 11 18:22:05 2026|scalable_tgn_link_prediction.py|INFO] meta val epoch:15, loss:0.28231, official_mrr:0.77568, filtered_mrr:0.02764, acc:0.99296, ap:0.99210, f1:0.99296, macro_auc:0.99593, micro_auc:0.99593
[Fri Sep 11 18:22:05 2026|scalable_tgn_link_prediction.py|INFO] filtered val epoch:15, snapshot:75, positives:4118, sources:329, mean_negatives:84.600, min_negatives:57, max_negatives:96
[Fri Sep 11 18:22:05 2026|scalable_tgn_link_prediction.py|INFO] meta val epoch:15, loss:0.34073, official_mrr:0.77066, filtered_mrr:0.03158, acc:0.99089, ap:0.99051, f1:0.99089, macro_auc:0.99484, micro_auc:0.99484
[Fri Sep 11 18:22:05 2026|scalable_tgn_link_prediction.py|INFO] filtered val epoch:15, snapshot:76, positives:4118, sources:359, mean_negatives:81.110, min_negatives:36, max_negatives:96
[Fri Sep 11 18:22:05 2026|scalable_tgn_link_prediction.py|INFO] meta val epoch:15, loss:0.26242, official_mrr:0.77325, filtered_mrr:0.02943, acc:0.99199, ap:0.99271, f1:0.99199, macro_auc:0.99609, micro_auc:0.99609
[Fri Sep 11 18:22:05 2026|scalable_tgn_link_prediction.py|INFO] filtered val epoch:15, snapshot:77, positives:4118, sources:319, mean_negatives:82.029, min_negatives:53, max_negatives:96
[Fri Sep 11 18:22:05 2026|scalable_tgn_link_prediction.py|INFO] meta val epoch:15, loss:0.33698, official_mrr:0.78338, filtered_mrr:0.03138, acc:0.99089, ap:0.99077, f1:0.99089, macro_auc:0.99514, micro_auc:0.99514
[Fri Sep 11 18:22:05 2026|scalable_tgn_link_prediction.py|INFO] filtered val epoch:15, snapshot:78, positives:4118, sources:352, mean_negatives:83.768, min_negatives:51, max_negatives:96
[Fri Sep 11 18:22:05 2026|scalable_tgn_link_prediction.py|INFO] meta val epoch:15, loss:0.34874, official_mrr:0.78163, filtered_mrr:0.02794, acc:0.99114, ap:0.98999, f1:0.99114, macro_auc:0.99475, micro_auc:0.99475
[Fri Sep 11 18:22:05 2026|scalable_tgn_link_prediction.py|INFO] filtered val epoch:15, snapshot:79, positives:4118, sources:371, mean_negatives:84.239, min_negatives:63, max_negatives:96
[Fri Sep 11 18:22:05 2026|scalable_tgn_link_prediction.py|INFO] meta val epoch:15, loss:0.43610, official_mrr:0.77097, filtered_mrr:0.03030, acc:0.98907, ap:0.98777, f1:0.98907, macro_auc:0.99291, micro_auc:0.99291
[Fri Sep 11 18:22:05 2026|scalable_tgn_link_prediction.py|INFO] filtered val epoch:15, snapshot:80, positives:4118, sources:401, mean_negatives:83.221, min_negatives:39, max_negatives:96
[Fri Sep 11 18:22:06 2026|scalable_tgn_link_prediction.py|INFO] meta val epoch:15, loss:0.15155, official_mrr:0.78641, filtered_mrr:0.02938, acc:0.99405, ap:0.99566, f1:0.99405, macro_auc:0.99749, micro_auc:0.99749
[Fri Sep 11 18:22:06 2026|scalable_tgn_link_prediction.py|INFO] filtered val epoch:15, snapshot:81, positives:4118, sources:339, mean_negatives:81.805, min_negatives:44, max_negatives:96
[Fri Sep 11 18:22:06 2026|scalable_tgn_link_prediction.py|INFO] meta val epoch:15, loss:0.34005, official_mrr:0.79567, filtered_mrr:0.02947, acc:0.99308, ap:0.99071, f1:0.99308, macro_auc:0.99523, micro_auc:0.99523
[Fri Sep 11 18:22:06 2026|scalable_tgn_link_prediction.py|INFO] filtered val epoch:15, snapshot:82, positives:4118, sources:396, mean_negatives:82.735, min_negatives:34, max_negatives:96
[Fri Sep 11 18:22:06 2026|scalable_tgn_link_prediction.py|INFO] meta val epoch:15, loss:0.29699, official_mrr:0.76939, filtered_mrr:0.02697, acc:0.99186, ap:0.99167, f1:0.99186, macro_auc:0.99563, micro_auc:0.99563
[Fri Sep 11 18:22:06 2026|scalable_tgn_link_prediction.py|INFO] filtered val epoch:15, snapshot:83, positives:4118, sources:391, mean_negatives:85.125, min_negatives:64, max_negatives:96
[Fri Sep 11 18:22:06 2026|scalable_tgn_link_prediction.py|INFO] meta val epoch:15, loss:0.32160, official_mrr:0.78860, filtered_mrr:0.02936, acc:0.99041, ap:0.99128, f1:0.99041, macro_auc:0.99532, micro_auc:0.99532
[Fri Sep 11 18:22:06 2026|scalable_tgn_link_prediction.py|INFO] filtered val epoch:15, snapshot:84, positives:4118, sources:371, mean_negatives:82.074, min_negatives:46, max_negatives:96
[Fri Sep 11 18:22:06 2026|scalable_tgn_link_prediction.py|INFO] validation summary epoch:15, avg_official_mrr:0.78075, global_filtered_mrr:0.02984, avg_ap:0.99133, selection_metric:filtered_mrr, selection_score:0.02984
[Fri Sep 11 18:22:19 2026|scalable_tgn_link_prediction.py|INFO] meta val epoch:16, loss:0.10203, official_mrr:0.85725, filtered_mrr:0.05053, acc:0.99369, ap:0.99097, f1:0.99369, macro_auc:0.99520, micro_auc:0.99520
[Fri Sep 11 18:22:19 2026|scalable_tgn_link_prediction.py|INFO] filtered val epoch:16, snapshot:70, positives:4118, sources:324, mean_negatives:83.555, min_negatives:51, max_negatives:96
[Fri Sep 11 18:22:19 2026|scalable_tgn_link_prediction.py|INFO] meta val epoch:16, loss:0.12214, official_mrr:0.86226, filtered_mrr:0.05312, acc:0.99393, ap:0.99186, f1:0.99393, macro_auc:0.99596, micro_auc:0.99596
[Fri Sep 11 18:22:19 2026|scalable_tgn_link_prediction.py|INFO] filtered val epoch:16, snapshot:71, positives:4118, sources:344, mean_negatives:84.298, min_negatives:43, max_negatives:96
[Fri Sep 11 18:22:19 2026|scalable_tgn_link_prediction.py|INFO] meta val epoch:16, loss:0.28726, official_mrr:0.86059, filtered_mrr:0.04685, acc:0.98871, ap:0.97779, f1:0.98871, macro_auc:0.98846, micro_auc:0.98846
[Fri Sep 11 18:22:19 2026|scalable_tgn_link_prediction.py|INFO] filtered val epoch:16, snapshot:72, positives:4118, sources:321, mean_negatives:80.469, min_negatives:29, max_negatives:96
[Fri Sep 11 18:22:19 2026|scalable_tgn_link_prediction.py|INFO] meta val epoch:16, loss:0.12659, official_mrr:0.84069, filtered_mrr:0.04555, acc:0.98883, ap:0.98760, f1:0.98883, macro_auc:0.99324, micro_auc:0.99324
[Fri Sep 11 18:22:19 2026|scalable_tgn_link_prediction.py|INFO] filtered val epoch:16, snapshot:73, positives:4118, sources:306, mean_negatives:81.326, min_negatives:54, max_negatives:96
[Fri Sep 11 18:22:20 2026|scalable_tgn_link_prediction.py|INFO] meta val epoch:16, loss:0.14603, official_mrr:0.85831, filtered_mrr:0.04049, acc:0.99393, ap:0.98812, f1:0.99393, macro_auc:0.99448, micro_auc:0.99448
[Fri Sep 11 18:22:20 2026|scalable_tgn_link_prediction.py|INFO] filtered val epoch:16, snapshot:74, positives:4118, sources:307, mean_negatives:80.789, min_negatives:45, max_negatives:96
[Fri Sep 11 18:22:20 2026|scalable_tgn_link_prediction.py|INFO] meta val epoch:16, loss:0.11265, official_mrr:0.82898, filtered_mrr:0.04029, acc:0.99369, ap:0.98987, f1:0.99369, macro_auc:0.99466, micro_auc:0.99466
[Fri Sep 11 18:22:20 2026|scalable_tgn_link_prediction.py|INFO] filtered val epoch:16, snapshot:75, positives:4118, sources:329, mean_negatives:84.600, min_negatives:57, max_negatives:96
[Fri Sep 11 18:22:20 2026|scalable_tgn_link_prediction.py|INFO] meta val epoch:16, loss:0.14562, official_mrr:0.81114, filtered_mrr:0.04246, acc:0.99077, ap:0.98729, f1:0.99077, macro_auc:0.99372, micro_auc:0.99372
[Fri Sep 11 18:22:20 2026|scalable_tgn_link_prediction.py|INFO] filtered val epoch:16, snapshot:76, positives:4118, sources:359, mean_negatives:81.110, min_negatives:36, max_negatives:96
[Fri Sep 11 18:22:20 2026|scalable_tgn_link_prediction.py|INFO] meta val epoch:16, loss:0.21957, official_mrr:0.82665, filtered_mrr:0.04748, acc:0.99308, ap:0.98553, f1:0.99308, macro_auc:0.99355, micro_auc:0.99355
[Fri Sep 11 18:22:20 2026|scalable_tgn_link_prediction.py|INFO] filtered val epoch:16, snapshot:77, positives:4118, sources:319, mean_negatives:82.029, min_negatives:53, max_negatives:96
[Fri Sep 11 18:22:20 2026|scalable_tgn_link_prediction.py|INFO] meta val epoch:16, loss:0.15368, official_mrr:0.83281, filtered_mrr:0.04443, acc:0.99199, ap:0.98902, f1:0.99199, macro_auc:0.99441, micro_auc:0.99441
[Fri Sep 11 18:22:20 2026|scalable_tgn_link_prediction.py|INFO] filtered val epoch:16, snapshot:78, positives:4118, sources:352, mean_negatives:83.768, min_negatives:51, max_negatives:96
[Fri Sep 11 18:22:20 2026|scalable_tgn_link_prediction.py|INFO] meta val epoch:16, loss:0.20256, official_mrr:0.83693, filtered_mrr:0.04695, acc:0.99150, ap:0.98649, f1:0.99150, macro_auc:0.99366, micro_auc:0.99366
[Fri Sep 11 18:22:20 2026|scalable_tgn_link_prediction.py|INFO] filtered val epoch:16, snapshot:79, positives:4118, sources:371, mean_negatives:84.239, min_negatives:63, max_negatives:96
[Fri Sep 11 18:22:20 2026|scalable_tgn_link_prediction.py|INFO] meta val epoch:16, loss:0.17762, official_mrr:0.82596, filtered_mrr:0.04617, acc:0.98883, ap:0.98561, f1:0.98883, macro_auc:0.99184, micro_auc:0.99184
[Fri Sep 11 18:22:20 2026|scalable_tgn_link_prediction.py|INFO] filtered val epoch:16, snapshot:80, positives:4118, sources:401, mean_negatives:83.221, min_negatives:39, max_negatives:96
[Fri Sep 11 18:22:21 2026|scalable_tgn_link_prediction.py|INFO] meta val epoch:16, loss:0.15246, official_mrr:0.84197, filtered_mrr:0.04726, acc:0.99393, ap:0.99076, f1:0.99393, macro_auc:0.99572, micro_auc:0.99572
[Fri Sep 11 18:22:21 2026|scalable_tgn_link_prediction.py|INFO] filtered val epoch:16, snapshot:81, positives:4118, sources:339, mean_negatives:81.805, min_negatives:44, max_negatives:96
[Fri Sep 11 18:22:21 2026|scalable_tgn_link_prediction.py|INFO] meta val epoch:16, loss:0.11079, official_mrr:0.82471, filtered_mrr:0.04424, acc:0.99332, ap:0.99257, f1:0.99332, macro_auc:0.99604, micro_auc:0.99604
[Fri Sep 11 18:22:21 2026|scalable_tgn_link_prediction.py|INFO] filtered val epoch:16, snapshot:82, positives:4118, sources:396, mean_negatives:82.735, min_negatives:34, max_negatives:96
[Fri Sep 11 18:22:21 2026|scalable_tgn_link_prediction.py|INFO] meta val epoch:16, loss:0.11740, official_mrr:0.82690, filtered_mrr:0.04234, acc:0.99162, ap:0.99126, f1:0.99162, macro_auc:0.99519, micro_auc:0.99519
[Fri Sep 11 18:22:21 2026|scalable_tgn_link_prediction.py|INFO] filtered val epoch:16, snapshot:83, positives:4118, sources:391, mean_negatives:85.125, min_negatives:64, max_negatives:96
[Fri Sep 11 18:22:21 2026|scalable_tgn_link_prediction.py|INFO] meta val epoch:16, loss:0.08909, official_mrr:0.82096, filtered_mrr:0.04219, acc:0.99041, ap:0.99140, f1:0.99041, macro_auc:0.99475, micro_auc:0.99475
[Fri Sep 11 18:22:21 2026|scalable_tgn_link_prediction.py|INFO] filtered val epoch:16, snapshot:84, positives:4118, sources:371, mean_negatives:82.074, min_negatives:46, max_negatives:96
[Fri Sep 11 18:22:21 2026|scalable_tgn_link_prediction.py|INFO] validation summary epoch:16, avg_official_mrr:0.83707, global_filtered_mrr:0.04536, avg_ap:0.98841, selection_metric:filtered_mrr, selection_score:0.04536
[Fri Sep 11 18:22:34 2026|scalable_tgn_link_prediction.py|INFO] meta val epoch:17, loss:0.10076, official_mrr:0.82443, filtered_mrr:0.04638, acc:0.99344, ap:0.99040, f1:0.99344, macro_auc:0.99494, micro_auc:0.99494
[Fri Sep 11 18:22:34 2026|scalable_tgn_link_prediction.py|INFO] filtered val epoch:17, snapshot:70, positives:4118, sources:324, mean_negatives:83.555, min_negatives:51, max_negatives:96
[Fri Sep 11 18:22:34 2026|scalable_tgn_link_prediction.py|INFO] meta val epoch:17, loss:0.13578, official_mrr:0.84385, filtered_mrr:0.04764, acc:0.99356, ap:0.98998, f1:0.99356, macro_auc:0.99501, micro_auc:0.99501
[Fri Sep 11 18:22:34 2026|scalable_tgn_link_prediction.py|INFO] filtered val epoch:17, snapshot:71, positives:4118, sources:344, mean_negatives:84.298, min_negatives:43, max_negatives:96
[Fri Sep 11 18:22:34 2026|scalable_tgn_link_prediction.py|INFO] meta val epoch:17, loss:0.29294, official_mrr:0.82825, filtered_mrr:0.04279, acc:0.98822, ap:0.97661, f1:0.98822, macro_auc:0.98779, micro_auc:0.98779
[Fri Sep 11 18:22:34 2026|scalable_tgn_link_prediction.py|INFO] filtered val epoch:17, snapshot:72, positives:4118, sources:321, mean_negatives:80.469, min_negatives:29, max_negatives:96
[Fri Sep 11 18:22:35 2026|scalable_tgn_link_prediction.py|INFO] meta val epoch:17, loss:0.13236, official_mrr:0.82326, filtered_mrr:0.04049, acc:0.98907, ap:0.98644, f1:0.98907, macro_auc:0.99286, micro_auc:0.99286
[Fri Sep 11 18:22:35 2026|scalable_tgn_link_prediction.py|INFO] filtered val epoch:17, snapshot:73, positives:4118, sources:306, mean_negatives:81.326, min_negatives:54, max_negatives:96
[Fri Sep 11 18:22:35 2026|scalable_tgn_link_prediction.py|INFO] meta val epoch:17, loss:0.14729, official_mrr:0.82720, filtered_mrr:0.03710, acc:0.99393, ap:0.98809, f1:0.99393, macro_auc:0.99433, micro_auc:0.99433
[Fri Sep 11 18:22:35 2026|scalable_tgn_link_prediction.py|INFO] filtered val epoch:17, snapshot:74, positives:4118, sources:307, mean_negatives:80.789, min_negatives:45, max_negatives:96
[Fri Sep 11 18:22:35 2026|scalable_tgn_link_prediction.py|INFO] meta val epoch:17, loss:0.12118, official_mrr:0.81697, filtered_mrr:0.03579, acc:0.99296, ap:0.98783, f1:0.99296, macro_auc:0.99366, micro_auc:0.99366
[Fri Sep 11 18:22:35 2026|scalable_tgn_link_prediction.py|INFO] filtered val epoch:17, snapshot:75, positives:4118, sources:329, mean_negatives:84.600, min_negatives:57, max_negatives:96
[Fri Sep 11 18:22:35 2026|scalable_tgn_link_prediction.py|INFO] meta val epoch:17, loss:0.15188, official_mrr:0.79838, filtered_mrr:0.03668, acc:0.99102, ap:0.98369, f1:0.99101, macro_auc:0.99184, micro_auc:0.99184
[Fri Sep 11 18:22:35 2026|scalable_tgn_link_prediction.py|INFO] filtered val epoch:17, snapshot:76, positives:4118, sources:359, mean_negatives:81.110, min_negatives:36, max_negatives:96
[Fri Sep 11 18:22:35 2026|scalable_tgn_link_prediction.py|INFO] meta val epoch:17, loss:0.22453, official_mrr:0.81594, filtered_mrr:0.03712, acc:0.99296, ap:0.98278, f1:0.99296, macro_auc:0.99228, micro_auc:0.99228
[Fri Sep 11 18:22:35 2026|scalable_tgn_link_prediction.py|INFO] filtered val epoch:17, snapshot:77, positives:4118, sources:319, mean_negatives:82.029, min_negatives:53, max_negatives:96
[Fri Sep 11 18:22:35 2026|scalable_tgn_link_prediction.py|INFO] meta val epoch:17, loss:0.15897, official_mrr:0.81425, filtered_mrr:0.03452, acc:0.99162, ap:0.98474, f1:0.99162, macro_auc:0.99252, micro_auc:0.99252
[Fri Sep 11 18:22:35 2026|scalable_tgn_link_prediction.py|INFO] filtered val epoch:17, snapshot:78, positives:4118, sources:352, mean_negatives:83.768, min_negatives:51, max_negatives:96
[Fri Sep 11 18:22:35 2026|scalable_tgn_link_prediction.py|INFO] meta val epoch:17, loss:0.20486, official_mrr:0.82412, filtered_mrr:0.03739, acc:0.99102, ap:0.98379, f1:0.99101, macro_auc:0.99211, micro_auc:0.99211
[Fri Sep 11 18:22:35 2026|scalable_tgn_link_prediction.py|INFO] filtered val epoch:17, snapshot:79, positives:4118, sources:371, mean_negatives:84.239, min_negatives:63, max_negatives:96
[Fri Sep 11 18:22:36 2026|scalable_tgn_link_prediction.py|INFO] meta val epoch:17, loss:0.17880, official_mrr:0.78523, filtered_mrr:0.03550, acc:0.98919, ap:0.98286, f1:0.98919, macro_auc:0.99100, micro_auc:0.99100
[Fri Sep 11 18:22:36 2026|scalable_tgn_link_prediction.py|INFO] filtered val epoch:17, snapshot:80, positives:4118, sources:401, mean_negatives:83.221, min_negatives:39, max_negatives:96
[Fri Sep 11 18:22:36 2026|scalable_tgn_link_prediction.py|INFO] meta val epoch:17, loss:0.14621, official_mrr:0.83066, filtered_mrr:0.03773, acc:0.99429, ap:0.98819, f1:0.99429, macro_auc:0.99442, micro_auc:0.99442
[Fri Sep 11 18:22:36 2026|scalable_tgn_link_prediction.py|INFO] filtered val epoch:17, snapshot:81, positives:4118, sources:339, mean_negatives:81.805, min_negatives:44, max_negatives:96
[Fri Sep 11 18:22:36 2026|scalable_tgn_link_prediction.py|INFO] meta val epoch:17, loss:0.10895, official_mrr:0.81195, filtered_mrr:0.03640, acc:0.99344, ap:0.99084, f1:0.99344, macro_auc:0.99525, micro_auc:0.99525
[Fri Sep 11 18:22:36 2026|scalable_tgn_link_prediction.py|INFO] filtered val epoch:17, snapshot:82, positives:4118, sources:396, mean_negatives:82.735, min_negatives:34, max_negatives:96
[Fri Sep 11 18:22:36 2026|scalable_tgn_link_prediction.py|INFO] meta val epoch:17, loss:0.11134, official_mrr:0.82980, filtered_mrr:0.03501, acc:0.99186, ap:0.98872, f1:0.99186, macro_auc:0.99407, micro_auc:0.99407
[Fri Sep 11 18:22:36 2026|scalable_tgn_link_prediction.py|INFO] filtered val epoch:17, snapshot:83, positives:4118, sources:391, mean_negatives:85.125, min_negatives:64, max_negatives:96
[Fri Sep 11 18:22:36 2026|scalable_tgn_link_prediction.py|INFO] meta val epoch:17, loss:0.09732, official_mrr:0.81442, filtered_mrr:0.03478, acc:0.99102, ap:0.98746, f1:0.99101, macro_auc:0.99339, micro_auc:0.99339
[Fri Sep 11 18:22:36 2026|scalable_tgn_link_prediction.py|INFO] filtered val epoch:17, snapshot:84, positives:4118, sources:371, mean_negatives:82.074, min_negatives:46, max_negatives:96
[Fri Sep 11 18:22:36 2026|scalable_tgn_link_prediction.py|INFO] validation summary epoch:17, avg_official_mrr:0.81925, global_filtered_mrr:0.03835, avg_ap:0.98616, selection_metric:filtered_mrr, selection_score:0.03835
[Fri Sep 11 18:22:50 2026|scalable_tgn_link_prediction.py|INFO] meta val epoch:18, loss:0.09151, official_mrr:0.88735, filtered_mrr:0.05710, acc:0.99466, ap:0.99046, f1:0.99466, macro_auc:0.99520, micro_auc:0.99520
[Fri Sep 11 18:22:50 2026|scalable_tgn_link_prediction.py|INFO] filtered val epoch:18, snapshot:70, positives:4118, sources:324, mean_negatives:83.555, min_negatives:51, max_negatives:96
[Fri Sep 11 18:22:50 2026|scalable_tgn_link_prediction.py|INFO] meta val epoch:18, loss:0.11202, official_mrr:0.89196, filtered_mrr:0.05885, acc:0.99502, ap:0.99234, f1:0.99502, macro_auc:0.99630, micro_auc:0.99630
[Fri Sep 11 18:22:50 2026|scalable_tgn_link_prediction.py|INFO] filtered val epoch:18, snapshot:71, positives:4118, sources:344, mean_negatives:84.298, min_negatives:43, max_negatives:96
[Fri Sep 11 18:22:50 2026|scalable_tgn_link_prediction.py|INFO] meta val epoch:18, loss:0.26927, official_mrr:0.91277, filtered_mrr:0.05451, acc:0.98944, ap:0.97769, f1:0.98944, macro_auc:0.98887, micro_auc:0.98887
[Fri Sep 11 18:22:50 2026|scalable_tgn_link_prediction.py|INFO] filtered val epoch:18, snapshot:72, positives:4118, sources:321, mean_negatives:80.469, min_negatives:29, max_negatives:96
[Fri Sep 11 18:22:50 2026|scalable_tgn_link_prediction.py|INFO] meta val epoch:18, loss:0.11200, official_mrr:0.86057, filtered_mrr:0.04947, acc:0.98956, ap:0.99032, f1:0.98956, macro_auc:0.99494, micro_auc:0.99494
[Fri Sep 11 18:22:50 2026|scalable_tgn_link_prediction.py|INFO] filtered val epoch:18, snapshot:73, positives:4118, sources:306, mean_negatives:81.326, min_negatives:54, max_negatives:96
[Fri Sep 11 18:22:50 2026|scalable_tgn_link_prediction.py|INFO] meta val epoch:18, loss:0.13789, official_mrr:0.86591, filtered_mrr:0.04351, acc:0.99478, ap:0.98908, f1:0.99478, macro_auc:0.99488, micro_auc:0.99488
[Fri Sep 11 18:22:50 2026|scalable_tgn_link_prediction.py|INFO] filtered val epoch:18, snapshot:74, positives:4118, sources:307, mean_negatives:80.789, min_negatives:45, max_negatives:96
[Fri Sep 11 18:22:50 2026|scalable_tgn_link_prediction.py|INFO] meta val epoch:18, loss:0.10294, official_mrr:0.85056, filtered_mrr:0.04288, acc:0.99417, ap:0.99145, f1:0.99417, macro_auc:0.99562, micro_auc:0.99562
[Fri Sep 11 18:22:50 2026|scalable_tgn_link_prediction.py|INFO] filtered val epoch:18, snapshot:75, positives:4118, sources:329, mean_negatives:84.600, min_negatives:57, max_negatives:96
[Fri Sep 11 18:22:51 2026|scalable_tgn_link_prediction.py|INFO] meta val epoch:18, loss:0.13398, official_mrr:0.82498, filtered_mrr:0.04602, acc:0.99162, ap:0.98862, f1:0.99162, macro_auc:0.99445, micro_auc:0.99445
[Fri Sep 11 18:22:51 2026|scalable_tgn_link_prediction.py|INFO] filtered val epoch:18, snapshot:76, positives:4118, sources:359, mean_negatives:81.110, min_negatives:36, max_negatives:96
[Fri Sep 11 18:22:51 2026|scalable_tgn_link_prediction.py|INFO] meta val epoch:18, loss:0.21006, official_mrr:0.83370, filtered_mrr:0.04898, acc:0.99308, ap:0.98655, f1:0.99308, macro_auc:0.99415, micro_auc:0.99415
[Fri Sep 11 18:22:51 2026|scalable_tgn_link_prediction.py|INFO] filtered val epoch:18, snapshot:77, positives:4118, sources:319, mean_negatives:82.029, min_negatives:53, max_negatives:96
[Fri Sep 11 18:22:51 2026|scalable_tgn_link_prediction.py|INFO] meta val epoch:18, loss:0.14377, official_mrr:0.87121, filtered_mrr:0.04537, acc:0.99223, ap:0.98884, f1:0.99223, macro_auc:0.99454, micro_auc:0.99454
[Fri Sep 11 18:22:51 2026|scalable_tgn_link_prediction.py|INFO] filtered val epoch:18, snapshot:78, positives:4118, sources:352, mean_negatives:83.768, min_negatives:51, max_negatives:96
[Fri Sep 11 18:22:51 2026|scalable_tgn_link_prediction.py|INFO] meta val epoch:18, loss:0.19349, official_mrr:0.85894, filtered_mrr:0.04706, acc:0.99199, ap:0.98557, f1:0.99199, macro_auc:0.99312, micro_auc:0.99312
[Fri Sep 11 18:22:51 2026|scalable_tgn_link_prediction.py|INFO] filtered val epoch:18, snapshot:79, positives:4118, sources:371, mean_negatives:84.239, min_negatives:63, max_negatives:96
[Fri Sep 11 18:22:51 2026|scalable_tgn_link_prediction.py|INFO] meta val epoch:18, loss:0.16528, official_mrr:0.84487, filtered_mrr:0.04735, acc:0.99029, ap:0.98496, f1:0.99029, macro_auc:0.99195, micro_auc:0.99195
[Fri Sep 11 18:22:51 2026|scalable_tgn_link_prediction.py|INFO] filtered val epoch:18, snapshot:80, positives:4118, sources:401, mean_negatives:83.221, min_negatives:39, max_negatives:96
[Fri Sep 11 18:22:51 2026|scalable_tgn_link_prediction.py|INFO] meta val epoch:18, loss:0.13647, official_mrr:0.86360, filtered_mrr:0.04831, acc:0.99393, ap:0.99106, f1:0.99393, macro_auc:0.99598, micro_auc:0.99598
[Fri Sep 11 18:22:51 2026|scalable_tgn_link_prediction.py|INFO] filtered val epoch:18, snapshot:81, positives:4118, sources:339, mean_negatives:81.805, min_negatives:44, max_negatives:96
[Fri Sep 11 18:22:51 2026|scalable_tgn_link_prediction.py|INFO] meta val epoch:18, loss:0.10421, official_mrr:0.83237, filtered_mrr:0.04578, acc:0.99369, ap:0.99148, f1:0.99369, macro_auc:0.99554, micro_auc:0.99554
[Fri Sep 11 18:22:51 2026|scalable_tgn_link_prediction.py|INFO] filtered val epoch:18, snapshot:82, positives:4118, sources:396, mean_negatives:82.735, min_negatives:34, max_negatives:96
[Fri Sep 11 18:22:52 2026|scalable_tgn_link_prediction.py|INFO] meta val epoch:18, loss:0.09526, official_mrr:0.82118, filtered_mrr:0.04363, acc:0.99235, ap:0.99148, f1:0.99235, macro_auc:0.99550, micro_auc:0.99550
[Fri Sep 11 18:22:52 2026|scalable_tgn_link_prediction.py|INFO] filtered val epoch:18, snapshot:83, positives:4118, sources:391, mean_negatives:85.125, min_negatives:64, max_negatives:96
[Fri Sep 11 18:22:52 2026|scalable_tgn_link_prediction.py|INFO] meta val epoch:18, loss:0.07685, official_mrr:0.83660, filtered_mrr:0.04317, acc:0.99126, ap:0.99211, f1:0.99126, macro_auc:0.99547, micro_auc:0.99547
[Fri Sep 11 18:22:52 2026|scalable_tgn_link_prediction.py|INFO] filtered val epoch:18, snapshot:84, positives:4118, sources:371, mean_negatives:82.074, min_negatives:46, max_negatives:96
[Fri Sep 11 18:22:52 2026|scalable_tgn_link_prediction.py|INFO] validation summary epoch:18, avg_official_mrr:0.85710, global_filtered_mrr:0.04813, avg_ap:0.98880, selection_metric:filtered_mrr, selection_score:0.04813
[Fri Sep 11 18:23:05 2026|scalable_tgn_link_prediction.py|INFO] meta val epoch:19, loss:0.09261, official_mrr:0.86867, filtered_mrr:0.05766, acc:0.99369, ap:0.99059, f1:0.99369, macro_auc:0.99523, micro_auc:0.99523
[Fri Sep 11 18:23:05 2026|scalable_tgn_link_prediction.py|INFO] filtered val epoch:19, snapshot:70, positives:4118, sources:324, mean_negatives:83.555, min_negatives:51, max_negatives:96
[Fri Sep 11 18:23:05 2026|scalable_tgn_link_prediction.py|INFO] meta val epoch:19, loss:0.11154, official_mrr:0.89365, filtered_mrr:0.06680, acc:0.99393, ap:0.99259, f1:0.99393, macro_auc:0.99651, micro_auc:0.99651
[Fri Sep 11 18:23:05 2026|scalable_tgn_link_prediction.py|INFO] filtered val epoch:19, snapshot:71, positives:4118, sources:344, mean_negatives:84.298, min_negatives:43, max_negatives:96
[Fri Sep 11 18:23:05 2026|scalable_tgn_link_prediction.py|INFO] meta val epoch:19, loss:0.26254, official_mrr:0.88499, filtered_mrr:0.05901, acc:0.98822, ap:0.97657, f1:0.98822, macro_auc:0.98894, micro_auc:0.98894
[Fri Sep 11 18:23:05 2026|scalable_tgn_link_prediction.py|INFO] filtered val epoch:19, snapshot:72, positives:4118, sources:321, mean_negatives:80.469, min_negatives:29, max_negatives:96
[Fri Sep 11 18:23:05 2026|scalable_tgn_link_prediction.py|INFO] meta val epoch:19, loss:0.09817, official_mrr:0.87636, filtered_mrr:0.05442, acc:0.99211, ap:0.99101, f1:0.99211, macro_auc:0.99526, micro_auc:0.99526
[Fri Sep 11 18:23:05 2026|scalable_tgn_link_prediction.py|INFO] filtered val epoch:19, snapshot:73, positives:4118, sources:306, mean_negatives:81.326, min_negatives:54, max_negatives:96
[Fri Sep 11 18:23:06 2026|scalable_tgn_link_prediction.py|INFO] meta val epoch:19, loss:0.10793, official_mrr:0.89387, filtered_mrr:0.04913, acc:0.99320, ap:0.98982, f1:0.99320, macro_auc:0.99531, micro_auc:0.99531
[Fri Sep 11 18:23:06 2026|scalable_tgn_link_prediction.py|INFO] filtered val epoch:19, snapshot:74, positives:4118, sources:307, mean_negatives:80.789, min_negatives:45, max_negatives:96
[Fri Sep 11 18:23:06 2026|scalable_tgn_link_prediction.py|INFO] meta val epoch:19, loss:0.10498, official_mrr:0.87006, filtered_mrr:0.04775, acc:0.99284, ap:0.99099, f1:0.99284, macro_auc:0.99549, micro_auc:0.99549
[Fri Sep 11 18:23:06 2026|scalable_tgn_link_prediction.py|INFO] filtered val epoch:19, snapshot:75, positives:4118, sources:329, mean_negatives:84.600, min_negatives:57, max_negatives:96
[Fri Sep 11 18:23:06 2026|scalable_tgn_link_prediction.py|INFO] meta val epoch:19, loss:0.09204, official_mrr:0.84471, filtered_mrr:0.05058, acc:0.99089, ap:0.99090, f1:0.99089, macro_auc:0.99534, micro_auc:0.99534
[Fri Sep 11 18:23:06 2026|scalable_tgn_link_prediction.py|INFO] filtered val epoch:19, snapshot:76, positives:4118, sources:359, mean_negatives:81.110, min_negatives:36, max_negatives:96
[Fri Sep 11 18:23:06 2026|scalable_tgn_link_prediction.py|INFO] meta val epoch:19, loss:0.17043, official_mrr:0.84248, filtered_mrr:0.05460, acc:0.99186, ap:0.98742, f1:0.99186, macro_auc:0.99442, micro_auc:0.99442
[Fri Sep 11 18:23:06 2026|scalable_tgn_link_prediction.py|INFO] filtered val epoch:19, snapshot:77, positives:4118, sources:319, mean_negatives:82.029, min_negatives:53, max_negatives:96
[Fri Sep 11 18:23:06 2026|scalable_tgn_link_prediction.py|INFO] meta val epoch:19, loss:0.12292, official_mrr:0.87060, filtered_mrr:0.05156, acc:0.99138, ap:0.99019, f1:0.99138, macro_auc:0.99516, micro_auc:0.99516
[Fri Sep 11 18:23:06 2026|scalable_tgn_link_prediction.py|INFO] filtered val epoch:19, snapshot:78, positives:4118, sources:352, mean_negatives:83.768, min_negatives:51, max_negatives:96
[Fri Sep 11 18:23:06 2026|scalable_tgn_link_prediction.py|INFO] meta val epoch:19, loss:0.17286, official_mrr:0.85984, filtered_mrr:0.05278, acc:0.99162, ap:0.98658, f1:0.99162, macro_auc:0.99362, micro_auc:0.99362
[Fri Sep 11 18:23:06 2026|scalable_tgn_link_prediction.py|INFO] filtered val epoch:19, snapshot:79, positives:4118, sources:371, mean_negatives:84.239, min_negatives:63, max_negatives:96
[Fri Sep 11 18:23:06 2026|scalable_tgn_link_prediction.py|INFO] meta val epoch:19, loss:0.16552, official_mrr:0.82484, filtered_mrr:0.05141, acc:0.98944, ap:0.98645, f1:0.98944, macro_auc:0.99282, micro_auc:0.99282
[Fri Sep 11 18:23:06 2026|scalable_tgn_link_prediction.py|INFO] filtered val epoch:19, snapshot:80, positives:4118, sources:401, mean_negatives:83.221, min_negatives:39, max_negatives:96
[Fri Sep 11 18:23:07 2026|scalable_tgn_link_prediction.py|INFO] meta val epoch:19, loss:0.12648, official_mrr:0.86218, filtered_mrr:0.05038, acc:0.99344, ap:0.99201, f1:0.99344, macro_auc:0.99651, micro_auc:0.99651
[Fri Sep 11 18:23:07 2026|scalable_tgn_link_prediction.py|INFO] filtered val epoch:19, snapshot:81, positives:4118, sources:339, mean_negatives:81.805, min_negatives:44, max_negatives:96
[Fri Sep 11 18:23:07 2026|scalable_tgn_link_prediction.py|INFO] meta val epoch:19, loss:0.10323, official_mrr:0.84162, filtered_mrr:0.04841, acc:0.99320, ap:0.99217, f1:0.99320, macro_auc:0.99601, micro_auc:0.99601
[Fri Sep 11 18:23:07 2026|scalable_tgn_link_prediction.py|INFO] filtered val epoch:19, snapshot:82, positives:4118, sources:396, mean_negatives:82.735, min_negatives:34, max_negatives:96
[Fri Sep 11 18:23:07 2026|scalable_tgn_link_prediction.py|INFO] meta val epoch:19, loss:0.09724, official_mrr:0.86219, filtered_mrr:0.04629, acc:0.99089, ap:0.99190, f1:0.99089, macro_auc:0.99572, micro_auc:0.99572
[Fri Sep 11 18:23:07 2026|scalable_tgn_link_prediction.py|INFO] filtered val epoch:19, snapshot:83, positives:4118, sources:391, mean_negatives:85.125, min_negatives:64, max_negatives:96
[Fri Sep 11 18:23:07 2026|scalable_tgn_link_prediction.py|INFO] meta val epoch:19, loss:0.06760, official_mrr:0.84434, filtered_mrr:0.04581, acc:0.98968, ap:0.99301, f1:0.98968, macro_auc:0.99580, micro_auc:0.99580
[Fri Sep 11 18:23:07 2026|scalable_tgn_link_prediction.py|INFO] filtered val epoch:19, snapshot:84, positives:4118, sources:371, mean_negatives:82.074, min_negatives:46, max_negatives:96
[Fri Sep 11 18:23:07 2026|scalable_tgn_link_prediction.py|INFO] validation summary epoch:19, avg_official_mrr:0.86269, global_filtered_mrr:0.05244, avg_ap:0.98948, selection_metric:filtered_mrr, selection_score:0.05244
[Fri Sep 11 18:23:20 2026|scalable_tgn_link_prediction.py|INFO] meta val epoch:20, loss:0.11667, official_mrr:0.90005, filtered_mrr:0.04888, acc:0.99344, ap:0.99107, f1:0.99344, macro_auc:0.99551, micro_auc:0.99551
[Fri Sep 11 18:23:20 2026|scalable_tgn_link_prediction.py|INFO] filtered val epoch:20, snapshot:70, positives:4118, sources:324, mean_negatives:83.555, min_negatives:51, max_negatives:96
[Fri Sep 11 18:23:20 2026|scalable_tgn_link_prediction.py|INFO] meta val epoch:20, loss:0.13623, official_mrr:0.86831, filtered_mrr:0.05078, acc:0.99332, ap:0.99202, f1:0.99332, macro_auc:0.99627, micro_auc:0.99627
[Fri Sep 11 18:23:20 2026|scalable_tgn_link_prediction.py|INFO] filtered val epoch:20, snapshot:71, positives:4118, sources:344, mean_negatives:84.298, min_negatives:43, max_negatives:96
[Fri Sep 11 18:23:21 2026|scalable_tgn_link_prediction.py|INFO] meta val epoch:20, loss:0.31308, official_mrr:0.88396, filtered_mrr:0.05179, acc:0.98810, ap:0.97936, f1:0.98810, macro_auc:0.98996, micro_auc:0.98996
[Fri Sep 11 18:23:21 2026|scalable_tgn_link_prediction.py|INFO] filtered val epoch:20, snapshot:72, positives:4118, sources:321, mean_negatives:80.469, min_negatives:29, max_negatives:96
[Fri Sep 11 18:23:21 2026|scalable_tgn_link_prediction.py|INFO] meta val epoch:20, loss:0.10942, official_mrr:0.87582, filtered_mrr:0.05275, acc:0.98834, ap:0.99258, f1:0.98834, macro_auc:0.99616, micro_auc:0.99616
[Fri Sep 11 18:23:21 2026|scalable_tgn_link_prediction.py|INFO] filtered val epoch:20, snapshot:73, positives:4118, sources:306, mean_negatives:81.326, min_negatives:54, max_negatives:96
[Fri Sep 11 18:23:21 2026|scalable_tgn_link_prediction.py|INFO] meta val epoch:20, loss:0.13604, official_mrr:0.87144, filtered_mrr:0.05042, acc:0.99296, ap:0.99158, f1:0.99296, macro_auc:0.99628, micro_auc:0.99628
[Fri Sep 11 18:23:21 2026|scalable_tgn_link_prediction.py|INFO] filtered val epoch:20, snapshot:74, positives:4118, sources:307, mean_negatives:80.789, min_negatives:45, max_negatives:96
[Fri Sep 11 18:23:21 2026|scalable_tgn_link_prediction.py|INFO] meta val epoch:20, loss:0.10239, official_mrr:0.88197, filtered_mrr:0.04851, acc:0.99259, ap:0.99359, f1:0.99259, macro_auc:0.99680, micro_auc:0.99680
[Fri Sep 11 18:23:21 2026|scalable_tgn_link_prediction.py|INFO] filtered val epoch:20, snapshot:75, positives:4118, sources:329, mean_negatives:84.600, min_negatives:57, max_negatives:96
[Fri Sep 11 18:23:21 2026|scalable_tgn_link_prediction.py|INFO] meta val epoch:20, loss:0.13231, official_mrr:0.85585, filtered_mrr:0.05607, acc:0.99089, ap:0.99058, f1:0.99089, macro_auc:0.99541, micro_auc:0.99541
[Fri Sep 11 18:23:21 2026|scalable_tgn_link_prediction.py|INFO] filtered val epoch:20, snapshot:76, positives:4118, sources:359, mean_negatives:81.110, min_negatives:36, max_negatives:96
[Fri Sep 11 18:23:21 2026|scalable_tgn_link_prediction.py|INFO] meta val epoch:20, loss:0.21010, official_mrr:0.86479, filtered_mrr:0.05881, acc:0.99162, ap:0.98768, f1:0.99162, macro_auc:0.99483, micro_auc:0.99483
[Fri Sep 11 18:23:21 2026|scalable_tgn_link_prediction.py|INFO] filtered val epoch:20, snapshot:77, positives:4118, sources:319, mean_negatives:82.029, min_negatives:53, max_negatives:96
[Fri Sep 11 18:23:21 2026|scalable_tgn_link_prediction.py|INFO] meta val epoch:20, loss:0.14159, official_mrr:0.84304, filtered_mrr:0.05366, acc:0.99174, ap:0.99084, f1:0.99174, macro_auc:0.99572, micro_auc:0.99572
[Fri Sep 11 18:23:21 2026|scalable_tgn_link_prediction.py|INFO] filtered val epoch:20, snapshot:78, positives:4118, sources:352, mean_negatives:83.768, min_negatives:51, max_negatives:96
[Fri Sep 11 18:23:21 2026|scalable_tgn_link_prediction.py|INFO] meta val epoch:20, loss:0.19247, official_mrr:0.83154, filtered_mrr:0.05315, acc:0.99114, ap:0.98695, f1:0.99114, macro_auc:0.99403, micro_auc:0.99403
[Fri Sep 11 18:23:21 2026|scalable_tgn_link_prediction.py|INFO] filtered val epoch:20, snapshot:79, positives:4118, sources:371, mean_negatives:84.239, min_negatives:63, max_negatives:96
[Fri Sep 11 18:23:22 2026|scalable_tgn_link_prediction.py|INFO] meta val epoch:20, loss:0.16659, official_mrr:0.86773, filtered_mrr:0.05659, acc:0.98907, ap:0.98616, f1:0.98907, macro_auc:0.99273, micro_auc:0.99273
[Fri Sep 11 18:23:22 2026|scalable_tgn_link_prediction.py|INFO] filtered val epoch:20, snapshot:80, positives:4118, sources:401, mean_negatives:83.221, min_negatives:39, max_negatives:96
[Fri Sep 11 18:23:22 2026|scalable_tgn_link_prediction.py|INFO] meta val epoch:20, loss:0.13424, official_mrr:0.86346, filtered_mrr:0.05778, acc:0.99344, ap:0.99208, f1:0.99344, macro_auc:0.99660, micro_auc:0.99660
[Fri Sep 11 18:23:22 2026|scalable_tgn_link_prediction.py|INFO] filtered val epoch:20, snapshot:81, positives:4118, sources:339, mean_negatives:81.805, min_negatives:44, max_negatives:96
[Fri Sep 11 18:23:22 2026|scalable_tgn_link_prediction.py|INFO] meta val epoch:20, loss:0.10367, official_mrr:0.82786, filtered_mrr:0.05519, acc:0.99344, ap:0.99146, f1:0.99344, macro_auc:0.99563, micro_auc:0.99563
[Fri Sep 11 18:23:22 2026|scalable_tgn_link_prediction.py|INFO] filtered val epoch:20, snapshot:82, positives:4118, sources:396, mean_negatives:82.735, min_negatives:34, max_negatives:96
[Fri Sep 11 18:23:22 2026|scalable_tgn_link_prediction.py|INFO] meta val epoch:20, loss:0.09737, official_mrr:0.85239, filtered_mrr:0.05147, acc:0.99138, ap:0.99170, f1:0.99138, macro_auc:0.99567, micro_auc:0.99567
[Fri Sep 11 18:23:22 2026|scalable_tgn_link_prediction.py|INFO] filtered val epoch:20, snapshot:83, positives:4118, sources:391, mean_negatives:85.125, min_negatives:64, max_negatives:96
[Fri Sep 11 18:23:22 2026|scalable_tgn_link_prediction.py|INFO] meta val epoch:20, loss:0.07743, official_mrr:0.86164, filtered_mrr:0.05201, acc:0.98992, ap:0.99315, f1:0.98992, macro_auc:0.99605, micro_auc:0.99605
[Fri Sep 11 18:23:22 2026|scalable_tgn_link_prediction.py|INFO] filtered val epoch:20, snapshot:84, positives:4118, sources:371, mean_negatives:82.074, min_negatives:46, max_negatives:96
[Fri Sep 11 18:23:22 2026|scalable_tgn_link_prediction.py|INFO] validation summary epoch:20, avg_official_mrr:0.86332, global_filtered_mrr:0.05319, avg_ap:0.99005, selection_metric:filtered_mrr, selection_score:0.05319
[Fri Sep 11 18:23:35 2026|scalable_tgn_link_prediction.py|INFO] meta val epoch:21, loss:0.09131, official_mrr:0.88632, filtered_mrr:0.05714, acc:0.99405, ap:0.99104, f1:0.99405, macro_auc:0.99544, micro_auc:0.99544
[Fri Sep 11 18:23:35 2026|scalable_tgn_link_prediction.py|INFO] filtered val epoch:21, snapshot:70, positives:4118, sources:324, mean_negatives:83.555, min_negatives:51, max_negatives:96
[Fri Sep 11 18:23:35 2026|scalable_tgn_link_prediction.py|INFO] meta val epoch:21, loss:0.12192, official_mrr:0.89278, filtered_mrr:0.05659, acc:0.99429, ap:0.99274, f1:0.99429, macro_auc:0.99665, micro_auc:0.99665
[Fri Sep 11 18:23:35 2026|scalable_tgn_link_prediction.py|INFO] filtered val epoch:21, snapshot:71, positives:4118, sources:344, mean_negatives:84.298, min_negatives:43, max_negatives:96
[Fri Sep 11 18:23:35 2026|scalable_tgn_link_prediction.py|INFO] meta val epoch:21, loss:0.26858, official_mrr:0.90083, filtered_mrr:0.05520, acc:0.98834, ap:0.97912, f1:0.98834, macro_auc:0.98995, micro_auc:0.98995
[Fri Sep 11 18:23:35 2026|scalable_tgn_link_prediction.py|INFO] filtered val epoch:21, snapshot:72, positives:4118, sources:321, mean_negatives:80.469, min_negatives:29, max_negatives:96
[Fri Sep 11 18:23:36 2026|scalable_tgn_link_prediction.py|INFO] meta val epoch:21, loss:0.11000, official_mrr:0.87418, filtered_mrr:0.05264, acc:0.99017, ap:0.99200, f1:0.99016, macro_auc:0.99592, micro_auc:0.99592
[Fri Sep 11 18:23:36 2026|scalable_tgn_link_prediction.py|INFO] filtered val epoch:21, snapshot:73, positives:4118, sources:306, mean_negatives:81.326, min_negatives:54, max_negatives:96
[Fri Sep 11 18:23:36 2026|scalable_tgn_link_prediction.py|INFO] meta val epoch:21, loss:0.12351, official_mrr:0.85966, filtered_mrr:0.04920, acc:0.99417, ap:0.99202, f1:0.99417, macro_auc:0.99638, micro_auc:0.99638
[Fri Sep 11 18:23:36 2026|scalable_tgn_link_prediction.py|INFO] filtered val epoch:21, snapshot:74, positives:4118, sources:307, mean_negatives:80.789, min_negatives:45, max_negatives:96
[Fri Sep 11 18:23:36 2026|scalable_tgn_link_prediction.py|INFO] meta val epoch:21, loss:0.10303, official_mrr:0.87649, filtered_mrr:0.04769, acc:0.99247, ap:0.99336, f1:0.99247, macro_auc:0.99662, micro_auc:0.99662
[Fri Sep 11 18:23:36 2026|scalable_tgn_link_prediction.py|INFO] filtered val epoch:21, snapshot:75, positives:4118, sources:329, mean_negatives:84.600, min_negatives:57, max_negatives:96
[Fri Sep 11 18:23:36 2026|scalable_tgn_link_prediction.py|INFO] meta val epoch:21, loss:0.13319, official_mrr:0.85362, filtered_mrr:0.05398, acc:0.99199, ap:0.98927, f1:0.99199, macro_auc:0.99469, micro_auc:0.99469
[Fri Sep 11 18:23:36 2026|scalable_tgn_link_prediction.py|INFO] filtered val epoch:21, snapshot:76, positives:4118, sources:359, mean_negatives:81.110, min_negatives:36, max_negatives:96
[Fri Sep 11 18:23:36 2026|scalable_tgn_link_prediction.py|INFO] meta val epoch:21, loss:0.21056, official_mrr:0.83788, filtered_mrr:0.05775, acc:0.99223, ap:0.98770, f1:0.99223, macro_auc:0.99485, micro_auc:0.99485
[Fri Sep 11 18:23:36 2026|scalable_tgn_link_prediction.py|INFO] filtered val epoch:21, snapshot:77, positives:4118, sources:319, mean_negatives:82.029, min_negatives:53, max_negatives:96
[Fri Sep 11 18:23:36 2026|scalable_tgn_link_prediction.py|INFO] meta val epoch:21, loss:0.14357, official_mrr:0.86151, filtered_mrr:0.05288, acc:0.99186, ap:0.99023, f1:0.99186, macro_auc:0.99539, micro_auc:0.99539
[Fri Sep 11 18:23:36 2026|scalable_tgn_link_prediction.py|INFO] filtered val epoch:21, snapshot:78, positives:4118, sources:352, mean_negatives:83.768, min_negatives:51, max_negatives:96
[Fri Sep 11 18:23:36 2026|scalable_tgn_link_prediction.py|INFO] meta val epoch:21, loss:0.18166, official_mrr:0.84254, filtered_mrr:0.05217, acc:0.99199, ap:0.98626, f1:0.99199, macro_auc:0.99337, micro_auc:0.99337
[Fri Sep 11 18:23:36 2026|scalable_tgn_link_prediction.py|INFO] filtered val epoch:21, snapshot:79, positives:4118, sources:371, mean_negatives:84.239, min_negatives:63, max_negatives:96
[Fri Sep 11 18:23:37 2026|scalable_tgn_link_prediction.py|INFO] meta val epoch:21, loss:0.16535, official_mrr:0.84155, filtered_mrr:0.05553, acc:0.98992, ap:0.98563, f1:0.98992, macro_auc:0.99246, micro_auc:0.99246
[Fri Sep 11 18:23:37 2026|scalable_tgn_link_prediction.py|INFO] filtered val epoch:21, snapshot:80, positives:4118, sources:401, mean_negatives:83.221, min_negatives:39, max_negatives:96
[Fri Sep 11 18:23:37 2026|scalable_tgn_link_prediction.py|INFO] meta val epoch:21, loss:0.13582, official_mrr:0.85131, filtered_mrr:0.05592, acc:0.99381, ap:0.99165, f1:0.99381, macro_auc:0.99625, micro_auc:0.99625
[Fri Sep 11 18:23:37 2026|scalable_tgn_link_prediction.py|INFO] filtered val epoch:21, snapshot:81, positives:4118, sources:339, mean_negatives:81.805, min_negatives:44, max_negatives:96
[Fri Sep 11 18:23:37 2026|scalable_tgn_link_prediction.py|INFO] meta val epoch:21, loss:0.10213, official_mrr:0.83300, filtered_mrr:0.05381, acc:0.99344, ap:0.99257, f1:0.99344, macro_auc:0.99623, micro_auc:0.99623
[Fri Sep 11 18:23:37 2026|scalable_tgn_link_prediction.py|INFO] filtered val epoch:21, snapshot:82, positives:4118, sources:396, mean_negatives:82.735, min_negatives:34, max_negatives:96
[Fri Sep 11 18:23:37 2026|scalable_tgn_link_prediction.py|INFO] meta val epoch:21, loss:0.09504, official_mrr:0.84548, filtered_mrr:0.04970, acc:0.99174, ap:0.99243, f1:0.99174, macro_auc:0.99602, micro_auc:0.99602
[Fri Sep 11 18:23:37 2026|scalable_tgn_link_prediction.py|INFO] filtered val epoch:21, snapshot:83, positives:4118, sources:391, mean_negatives:85.125, min_negatives:64, max_negatives:96
[Fri Sep 11 18:23:37 2026|scalable_tgn_link_prediction.py|INFO] meta val epoch:21, loss:0.07491, official_mrr:0.84070, filtered_mrr:0.05091, acc:0.99150, ap:0.99345, f1:0.99150, macro_auc:0.99621, micro_auc:0.99621
[Fri Sep 11 18:23:37 2026|scalable_tgn_link_prediction.py|INFO] filtered val epoch:21, snapshot:84, positives:4118, sources:371, mean_negatives:82.074, min_negatives:46, max_negatives:96
[Fri Sep 11 18:23:37 2026|scalable_tgn_link_prediction.py|INFO] validation summary epoch:21, avg_official_mrr:0.85986, global_filtered_mrr:0.05341, avg_ap:0.98996, selection_metric:filtered_mrr, selection_score:0.05341
[Fri Sep 11 18:23:50 2026|scalable_tgn_link_prediction.py|INFO] meta val epoch:22, loss:0.09668, official_mrr:0.90262, filtered_mrr:0.05411, acc:0.99393, ap:0.99203, f1:0.99393, macro_auc:0.99573, micro_auc:0.99573
[Fri Sep 11 18:23:50 2026|scalable_tgn_link_prediction.py|INFO] filtered val epoch:22, snapshot:70, positives:4118, sources:324, mean_negatives:83.555, min_negatives:51, max_negatives:96
[Fri Sep 11 18:23:50 2026|scalable_tgn_link_prediction.py|INFO] meta val epoch:22, loss:0.11403, official_mrr:0.88445, filtered_mrr:0.06069, acc:0.99441, ap:0.99294, f1:0.99441, macro_auc:0.99651, micro_auc:0.99651
[Fri Sep 11 18:23:50 2026|scalable_tgn_link_prediction.py|INFO] filtered val epoch:22, snapshot:71, positives:4118, sources:344, mean_negatives:84.298, min_negatives:43, max_negatives:96
[Fri Sep 11 18:23:50 2026|scalable_tgn_link_prediction.py|INFO] meta val epoch:22, loss:0.27119, official_mrr:0.88718, filtered_mrr:0.05490, acc:0.98871, ap:0.98019, f1:0.98871, macro_auc:0.98997, micro_auc:0.98997
[Fri Sep 11 18:23:50 2026|scalable_tgn_link_prediction.py|INFO] filtered val epoch:22, snapshot:72, positives:4118, sources:321, mean_negatives:80.469, min_negatives:29, max_negatives:96
[Fri Sep 11 18:23:50 2026|scalable_tgn_link_prediction.py|INFO] meta val epoch:22, loss:0.11441, official_mrr:0.86438, filtered_mrr:0.05356, acc:0.99004, ap:0.99119, f1:0.99004, macro_auc:0.99521, micro_auc:0.99521
[Fri Sep 11 18:23:50 2026|scalable_tgn_link_prediction.py|INFO] filtered val epoch:22, snapshot:73, positives:4118, sources:306, mean_negatives:81.326, min_negatives:54, max_negatives:96
[Fri Sep 11 18:23:51 2026|scalable_tgn_link_prediction.py|INFO] meta val epoch:22, loss:0.12640, official_mrr:0.86954, filtered_mrr:0.04859, acc:0.99393, ap:0.99207, f1:0.99393, macro_auc:0.99634, micro_auc:0.99634
[Fri Sep 11 18:23:51 2026|scalable_tgn_link_prediction.py|INFO] filtered val epoch:22, snapshot:74, positives:4118, sources:307, mean_negatives:80.789, min_negatives:45, max_negatives:96
[Fri Sep 11 18:23:51 2026|scalable_tgn_link_prediction.py|INFO] meta val epoch:22, loss:0.10664, official_mrr:0.88703, filtered_mrr:0.04720, acc:0.99344, ap:0.99302, f1:0.99344, macro_auc:0.99642, micro_auc:0.99642
[Fri Sep 11 18:23:51 2026|scalable_tgn_link_prediction.py|INFO] filtered val epoch:22, snapshot:75, positives:4118, sources:329, mean_negatives:84.600, min_negatives:57, max_negatives:96
[Fri Sep 11 18:23:51 2026|scalable_tgn_link_prediction.py|INFO] meta val epoch:22, loss:0.13729, official_mrr:0.82344, filtered_mrr:0.05353, acc:0.99138, ap:0.99055, f1:0.99138, macro_auc:0.99535, micro_auc:0.99535
[Fri Sep 11 18:23:51 2026|scalable_tgn_link_prediction.py|INFO] filtered val epoch:22, snapshot:76, positives:4118, sources:359, mean_negatives:81.110, min_negatives:36, max_negatives:96
[Fri Sep 11 18:23:51 2026|scalable_tgn_link_prediction.py|INFO] meta val epoch:22, loss:0.21531, official_mrr:0.88323, filtered_mrr:0.05505, acc:0.99223, ap:0.98665, f1:0.99223, macro_auc:0.99422, micro_auc:0.99422
[Fri Sep 11 18:23:51 2026|scalable_tgn_link_prediction.py|INFO] filtered val epoch:22, snapshot:77, positives:4118, sources:319, mean_negatives:82.029, min_negatives:53, max_negatives:96
[Fri Sep 11 18:23:51 2026|scalable_tgn_link_prediction.py|INFO] meta val epoch:22, loss:0.14667, official_mrr:0.85961, filtered_mrr:0.05110, acc:0.99126, ap:0.99072, f1:0.99126, macro_auc:0.99558, micro_auc:0.99558
[Fri Sep 11 18:23:51 2026|scalable_tgn_link_prediction.py|INFO] filtered val epoch:22, snapshot:78, positives:4118, sources:352, mean_negatives:83.768, min_negatives:51, max_negatives:96
[Fri Sep 11 18:23:51 2026|scalable_tgn_link_prediction.py|INFO] meta val epoch:22, loss:0.18552, official_mrr:0.87871, filtered_mrr:0.05124, acc:0.99211, ap:0.98799, f1:0.99211, macro_auc:0.99444, micro_auc:0.99444
[Fri Sep 11 18:23:51 2026|scalable_tgn_link_prediction.py|INFO] filtered val epoch:22, snapshot:79, positives:4118, sources:371, mean_negatives:84.239, min_negatives:63, max_negatives:96
[Fri Sep 11 18:23:51 2026|scalable_tgn_link_prediction.py|INFO] meta val epoch:22, loss:0.17430, official_mrr:0.85892, filtered_mrr:0.05290, acc:0.98992, ap:0.98606, f1:0.98992, macro_auc:0.99255, micro_auc:0.99255
[Fri Sep 11 18:23:51 2026|scalable_tgn_link_prediction.py|INFO] filtered val epoch:22, snapshot:80, positives:4118, sources:401, mean_negatives:83.221, min_negatives:39, max_negatives:96
[Fri Sep 11 18:23:52 2026|scalable_tgn_link_prediction.py|INFO] meta val epoch:22, loss:0.12412, official_mrr:0.84010, filtered_mrr:0.05274, acc:0.99429, ap:0.99265, f1:0.99429, macro_auc:0.99671, micro_auc:0.99671
[Fri Sep 11 18:23:52 2026|scalable_tgn_link_prediction.py|INFO] filtered val epoch:22, snapshot:81, positives:4118, sources:339, mean_negatives:81.805, min_negatives:44, max_negatives:96
[Fri Sep 11 18:23:52 2026|scalable_tgn_link_prediction.py|INFO] meta val epoch:22, loss:0.10659, official_mrr:0.84015, filtered_mrr:0.05012, acc:0.99332, ap:0.99255, f1:0.99332, macro_auc:0.99623, micro_auc:0.99623
[Fri Sep 11 18:23:52 2026|scalable_tgn_link_prediction.py|INFO] filtered val epoch:22, snapshot:82, positives:4118, sources:396, mean_negatives:82.735, min_negatives:34, max_negatives:96
[Fri Sep 11 18:23:52 2026|scalable_tgn_link_prediction.py|INFO] meta val epoch:22, loss:0.10304, official_mrr:0.85217, filtered_mrr:0.04740, acc:0.99114, ap:0.99217, f1:0.99114, macro_auc:0.99594, micro_auc:0.99594
[Fri Sep 11 18:23:52 2026|scalable_tgn_link_prediction.py|INFO] filtered val epoch:22, snapshot:83, positives:4118, sources:391, mean_negatives:85.125, min_negatives:64, max_negatives:96
[Fri Sep 11 18:23:52 2026|scalable_tgn_link_prediction.py|INFO] meta val epoch:22, loss:0.08527, official_mrr:0.81768, filtered_mrr:0.04796, acc:0.99004, ap:0.99203, f1:0.99004, macro_auc:0.99544, micro_auc:0.99544
[Fri Sep 11 18:23:52 2026|scalable_tgn_link_prediction.py|INFO] filtered val epoch:22, snapshot:84, positives:4118, sources:371, mean_negatives:82.074, min_negatives:46, max_negatives:96
[Fri Sep 11 18:23:52 2026|scalable_tgn_link_prediction.py|INFO] validation summary epoch:22, avg_official_mrr:0.86328, global_filtered_mrr:0.05207, avg_ap:0.99019, selection_metric:filtered_mrr, selection_score:0.05207
[Fri Sep 11 18:24:05 2026|scalable_tgn_link_prediction.py|INFO] meta val epoch:23, loss:0.09150, official_mrr:0.89378, filtered_mrr:0.05355, acc:0.99381, ap:0.99166, f1:0.99381, macro_auc:0.99575, micro_auc:0.99575
[Fri Sep 11 18:24:05 2026|scalable_tgn_link_prediction.py|INFO] filtered val epoch:23, snapshot:70, positives:4118, sources:324, mean_negatives:83.555, min_negatives:51, max_negatives:96
[Fri Sep 11 18:24:05 2026|scalable_tgn_link_prediction.py|INFO] meta val epoch:23, loss:0.11246, official_mrr:0.89026, filtered_mrr:0.05949, acc:0.99417, ap:0.99251, f1:0.99417, macro_auc:0.99643, micro_auc:0.99643
[Fri Sep 11 18:24:05 2026|scalable_tgn_link_prediction.py|INFO] filtered val epoch:23, snapshot:71, positives:4118, sources:344, mean_negatives:84.298, min_negatives:43, max_negatives:96
[Fri Sep 11 18:24:05 2026|scalable_tgn_link_prediction.py|INFO] meta val epoch:23, loss:0.26850, official_mrr:0.88863, filtered_mrr:0.05462, acc:0.98859, ap:0.97927, f1:0.98859, macro_auc:0.98971, micro_auc:0.98971
[Fri Sep 11 18:24:05 2026|scalable_tgn_link_prediction.py|INFO] filtered val epoch:23, snapshot:72, positives:4118, sources:321, mean_negatives:80.469, min_negatives:29, max_negatives:96
[Fri Sep 11 18:24:05 2026|scalable_tgn_link_prediction.py|INFO] meta val epoch:23, loss:0.10769, official_mrr:0.88181, filtered_mrr:0.05425, acc:0.99065, ap:0.99206, f1:0.99065, macro_auc:0.99584, micro_auc:0.99584
[Fri Sep 11 18:24:05 2026|scalable_tgn_link_prediction.py|INFO] filtered val epoch:23, snapshot:73, positives:4118, sources:306, mean_negatives:81.326, min_negatives:54, max_negatives:96
[Fri Sep 11 18:24:06 2026|scalable_tgn_link_prediction.py|INFO] meta val epoch:23, loss:0.13611, official_mrr:0.87486, filtered_mrr:0.04960, acc:0.99344, ap:0.99139, f1:0.99344, macro_auc:0.99612, micro_auc:0.99612
[Fri Sep 11 18:24:06 2026|scalable_tgn_link_prediction.py|INFO] filtered val epoch:23, snapshot:74, positives:4118, sources:307, mean_negatives:80.789, min_negatives:45, max_negatives:96
[Fri Sep 11 18:24:06 2026|scalable_tgn_link_prediction.py|INFO] meta val epoch:23, loss:0.10292, official_mrr:0.88207, filtered_mrr:0.04828, acc:0.99296, ap:0.99344, f1:0.99296, macro_auc:0.99668, micro_auc:0.99668
[Fri Sep 11 18:24:06 2026|scalable_tgn_link_prediction.py|INFO] filtered val epoch:23, snapshot:75, positives:4118, sources:329, mean_negatives:84.600, min_negatives:57, max_negatives:96
[Fri Sep 11 18:24:06 2026|scalable_tgn_link_prediction.py|INFO] meta val epoch:23, loss:0.13233, official_mrr:0.85028, filtered_mrr:0.05474, acc:0.99174, ap:0.99022, f1:0.99174, macro_auc:0.99518, micro_auc:0.99518
[Fri Sep 11 18:24:06 2026|scalable_tgn_link_prediction.py|INFO] filtered val epoch:23, snapshot:76, positives:4118, sources:359, mean_negatives:81.110, min_negatives:36, max_negatives:96
[Fri Sep 11 18:24:06 2026|scalable_tgn_link_prediction.py|INFO] meta val epoch:23, loss:0.20941, official_mrr:0.85136, filtered_mrr:0.05853, acc:0.99247, ap:0.98756, f1:0.99247, macro_auc:0.99473, micro_auc:0.99473
[Fri Sep 11 18:24:06 2026|scalable_tgn_link_prediction.py|INFO] filtered val epoch:23, snapshot:77, positives:4118, sources:319, mean_negatives:82.029, min_negatives:53, max_negatives:96
[Fri Sep 11 18:24:06 2026|scalable_tgn_link_prediction.py|INFO] meta val epoch:23, loss:0.14269, official_mrr:0.86790, filtered_mrr:0.05366, acc:0.99174, ap:0.99066, f1:0.99174, macro_auc:0.99562, micro_auc:0.99562
[Fri Sep 11 18:24:06 2026|scalable_tgn_link_prediction.py|INFO] filtered val epoch:23, snapshot:78, positives:4118, sources:352, mean_negatives:83.768, min_negatives:51, max_negatives:96
[Fri Sep 11 18:24:06 2026|scalable_tgn_link_prediction.py|INFO] meta val epoch:23, loss:0.19202, official_mrr:0.87004, filtered_mrr:0.05325, acc:0.99150, ap:0.98723, f1:0.99150, macro_auc:0.99411, micro_auc:0.99411
[Fri Sep 11 18:24:06 2026|scalable_tgn_link_prediction.py|INFO] filtered val epoch:23, snapshot:79, positives:4118, sources:371, mean_negatives:84.239, min_negatives:63, max_negatives:96
[Fri Sep 11 18:24:06 2026|scalable_tgn_link_prediction.py|INFO] meta val epoch:23, loss:0.16481, official_mrr:0.86308, filtered_mrr:0.05722, acc:0.99029, ap:0.98630, f1:0.99029, macro_auc:0.99277, micro_auc:0.99277
[Fri Sep 11 18:24:06 2026|scalable_tgn_link_prediction.py|INFO] filtered val epoch:23, snapshot:80, positives:4118, sources:401, mean_negatives:83.221, min_negatives:39, max_negatives:96
[Fri Sep 11 18:24:07 2026|scalable_tgn_link_prediction.py|INFO] meta val epoch:23, loss:0.13324, official_mrr:0.82009, filtered_mrr:0.05620, acc:0.99405, ap:0.99269, f1:0.99405, macro_auc:0.99697, micro_auc:0.99697
[Fri Sep 11 18:24:07 2026|scalable_tgn_link_prediction.py|INFO] filtered val epoch:23, snapshot:81, positives:4118, sources:339, mean_negatives:81.805, min_negatives:44, max_negatives:96
[Fri Sep 11 18:24:07 2026|scalable_tgn_link_prediction.py|INFO] meta val epoch:23, loss:0.10172, official_mrr:0.85762, filtered_mrr:0.05402, acc:0.99356, ap:0.99233, f1:0.99356, macro_auc:0.99609, micro_auc:0.99609
[Fri Sep 11 18:24:07 2026|scalable_tgn_link_prediction.py|INFO] filtered val epoch:23, snapshot:82, positives:4118, sources:396, mean_negatives:82.735, min_negatives:34, max_negatives:96
[Fri Sep 11 18:24:07 2026|scalable_tgn_link_prediction.py|INFO] meta val epoch:23, loss:0.09731, official_mrr:0.85337, filtered_mrr:0.05070, acc:0.99174, ap:0.99202, f1:0.99174, macro_auc:0.99578, micro_auc:0.99578
[Fri Sep 11 18:24:07 2026|scalable_tgn_link_prediction.py|INFO] filtered val epoch:23, snapshot:83, positives:4118, sources:391, mean_negatives:85.125, min_negatives:64, max_negatives:96
[Fri Sep 11 18:24:07 2026|scalable_tgn_link_prediction.py|INFO] meta val epoch:23, loss:0.07593, official_mrr:0.87846, filtered_mrr:0.05106, acc:0.99053, ap:0.99353, f1:0.99053, macro_auc:0.99624, micro_auc:0.99624
[Fri Sep 11 18:24:07 2026|scalable_tgn_link_prediction.py|INFO] filtered val epoch:23, snapshot:84, positives:4118, sources:371, mean_negatives:82.074, min_negatives:46, max_negatives:96
[Fri Sep 11 18:24:07 2026|scalable_tgn_link_prediction.py|INFO] validation summary epoch:23, avg_official_mrr:0.86824, global_filtered_mrr:0.05394, avg_ap:0.99019, selection_metric:filtered_mrr, selection_score:0.05394
[Fri Sep 11 18:24:20 2026|scalable_tgn_link_prediction.py|INFO] meta val epoch:24, loss:0.20744, official_mrr:0.82459, filtered_mrr:0.03050, acc:0.99417, ap:0.98937, f1:0.99417, macro_auc:0.99502, micro_auc:0.99502
[Fri Sep 11 18:24:20 2026|scalable_tgn_link_prediction.py|INFO] filtered val epoch:24, snapshot:70, positives:4118, sources:324, mean_negatives:83.555, min_negatives:51, max_negatives:96
[Fri Sep 11 18:24:20 2026|scalable_tgn_link_prediction.py|INFO] meta val epoch:24, loss:0.20332, official_mrr:0.78232, filtered_mrr:0.02942, acc:0.99417, ap:0.99092, f1:0.99417, macro_auc:0.99580, micro_auc:0.99580
[Fri Sep 11 18:24:20 2026|scalable_tgn_link_prediction.py|INFO] filtered val epoch:24, snapshot:71, positives:4118, sources:344, mean_negatives:84.298, min_negatives:43, max_negatives:96
[Fri Sep 11 18:24:20 2026|scalable_tgn_link_prediction.py|INFO] meta val epoch:24, loss:0.39680, official_mrr:0.78583, filtered_mrr:0.03222, acc:0.98871, ap:0.98039, f1:0.98871, macro_auc:0.98979, micro_auc:0.98979
[Fri Sep 11 18:24:20 2026|scalable_tgn_link_prediction.py|INFO] filtered val epoch:24, snapshot:72, positives:4118, sources:321, mean_negatives:80.469, min_negatives:29, max_negatives:96
[Fri Sep 11 18:24:20 2026|scalable_tgn_link_prediction.py|INFO] meta val epoch:24, loss:0.26869, official_mrr:0.79303, filtered_mrr:0.02781, acc:0.98944, ap:0.98761, f1:0.98944, macro_auc:0.99441, micro_auc:0.99441
[Fri Sep 11 18:24:20 2026|scalable_tgn_link_prediction.py|INFO] filtered val epoch:24, snapshot:73, positives:4118, sources:306, mean_negatives:81.326, min_negatives:54, max_negatives:96
[Fri Sep 11 18:24:20 2026|scalable_tgn_link_prediction.py|INFO] meta val epoch:24, loss:0.17914, official_mrr:0.76792, filtered_mrr:0.02950, acc:0.99490, ap:0.99180, f1:0.99490, macro_auc:0.99614, micro_auc:0.99614
[Fri Sep 11 18:24:20 2026|scalable_tgn_link_prediction.py|INFO] filtered val epoch:24, snapshot:74, positives:4118, sources:307, mean_negatives:80.789, min_negatives:45, max_negatives:96
[Fri Sep 11 18:24:21 2026|scalable_tgn_link_prediction.py|INFO] meta val epoch:24, loss:0.26194, official_mrr:0.78723, filtered_mrr:0.02615, acc:0.99344, ap:0.98885, f1:0.99344, macro_auc:0.99505, micro_auc:0.99505
[Fri Sep 11 18:24:21 2026|scalable_tgn_link_prediction.py|INFO] filtered val epoch:24, snapshot:75, positives:4118, sources:329, mean_negatives:84.600, min_negatives:57, max_negatives:96
[Fri Sep 11 18:24:21 2026|scalable_tgn_link_prediction.py|INFO] meta val epoch:24, loss:0.33971, official_mrr:0.79573, filtered_mrr:0.03080, acc:0.99186, ap:0.98445, f1:0.99186, macro_auc:0.99320, micro_auc:0.99320
[Fri Sep 11 18:24:21 2026|scalable_tgn_link_prediction.py|INFO] filtered val epoch:24, snapshot:76, positives:4118, sources:359, mean_negatives:81.110, min_negatives:36, max_negatives:96
[Fri Sep 11 18:24:21 2026|scalable_tgn_link_prediction.py|INFO] meta val epoch:24, loss:0.34686, official_mrr:0.78025, filtered_mrr:0.02864, acc:0.99308, ap:0.98469, f1:0.99308, macro_auc:0.99336, micro_auc:0.99336
[Fri Sep 11 18:24:21 2026|scalable_tgn_link_prediction.py|INFO] filtered val epoch:24, snapshot:77, positives:4118, sources:319, mean_negatives:82.029, min_negatives:53, max_negatives:96
[Fri Sep 11 18:24:21 2026|scalable_tgn_link_prediction.py|INFO] meta val epoch:24, loss:0.30231, official_mrr:0.74039, filtered_mrr:0.02712, acc:0.99271, ap:0.98645, f1:0.99271, macro_auc:0.99399, micro_auc:0.99399
[Fri Sep 11 18:24:21 2026|scalable_tgn_link_prediction.py|INFO] filtered val epoch:24, snapshot:78, positives:4118, sources:352, mean_negatives:83.768, min_negatives:51, max_negatives:96
[Fri Sep 11 18:24:21 2026|scalable_tgn_link_prediction.py|INFO] meta val epoch:24, loss:0.30342, official_mrr:0.74470, filtered_mrr:0.02682, acc:0.99223, ap:0.98653, f1:0.99223, macro_auc:0.99383, micro_auc:0.99383
[Fri Sep 11 18:24:21 2026|scalable_tgn_link_prediction.py|INFO] filtered val epoch:24, snapshot:79, positives:4118, sources:371, mean_negatives:84.239, min_negatives:63, max_negatives:96
[Fri Sep 11 18:24:21 2026|scalable_tgn_link_prediction.py|INFO] meta val epoch:24, loss:0.27914, official_mrr:0.78099, filtered_mrr:0.02782, acc:0.99089, ap:0.98482, f1:0.99089, macro_auc:0.99216, micro_auc:0.99216
[Fri Sep 11 18:24:21 2026|scalable_tgn_link_prediction.py|INFO] filtered val epoch:24, snapshot:80, positives:4118, sources:401, mean_negatives:83.221, min_negatives:39, max_negatives:96
[Fri Sep 11 18:24:21 2026|scalable_tgn_link_prediction.py|INFO] meta val epoch:24, loss:0.27040, official_mrr:0.77860, filtered_mrr:0.02892, acc:0.99454, ap:0.98852, f1:0.99454, macro_auc:0.99508, micro_auc:0.99508
[Fri Sep 11 18:24:21 2026|scalable_tgn_link_prediction.py|INFO] filtered val epoch:24, snapshot:81, positives:4118, sources:339, mean_negatives:81.805, min_negatives:44, max_negatives:96
[Fri Sep 11 18:24:22 2026|scalable_tgn_link_prediction.py|INFO] meta val epoch:24, loss:0.19277, official_mrr:0.77504, filtered_mrr:0.03016, acc:0.99381, ap:0.99079, f1:0.99381, macro_auc:0.99558, micro_auc:0.99558
[Fri Sep 11 18:24:22 2026|scalable_tgn_link_prediction.py|INFO] filtered val epoch:24, snapshot:82, positives:4118, sources:396, mean_negatives:82.735, min_negatives:34, max_negatives:96
[Fri Sep 11 18:24:22 2026|scalable_tgn_link_prediction.py|INFO] meta val epoch:24, loss:0.26640, official_mrr:0.77332, filtered_mrr:0.02664, acc:0.99320, ap:0.98791, f1:0.99320, macro_auc:0.99451, micro_auc:0.99451
[Fri Sep 11 18:24:22 2026|scalable_tgn_link_prediction.py|INFO] filtered val epoch:24, snapshot:83, positives:4118, sources:391, mean_negatives:85.125, min_negatives:64, max_negatives:96
[Fri Sep 11 18:24:22 2026|scalable_tgn_link_prediction.py|INFO] meta val epoch:24, loss:0.28318, official_mrr:0.76634, filtered_mrr:0.02888, acc:0.99162, ap:0.98677, f1:0.99162, macro_auc:0.99388, micro_auc:0.99388
[Fri Sep 11 18:24:22 2026|scalable_tgn_link_prediction.py|INFO] filtered val epoch:24, snapshot:84, positives:4118, sources:371, mean_negatives:82.074, min_negatives:46, max_negatives:96
[Fri Sep 11 18:24:22 2026|scalable_tgn_link_prediction.py|INFO] validation summary epoch:24, avg_official_mrr:0.77842, global_filtered_mrr:0.02876, avg_ap:0.98733, selection_metric:filtered_mrr, selection_score:0.02876
[Fri Sep 11 18:24:22 2026|scalable_tgn_link_prediction.py|INFO] checkpoint saved metric:ap, epoch:14, score:0.993458, path:/home/lab_user/project/lzc/results/scadyg/checkpoints/20260911_181747_mooc_pid742904/best_ap.pt
[Fri Sep 11 18:24:22 2026|scalable_tgn_link_prediction.py|INFO] checkpoint saved metric:mrr, epoch:14, score:0.914057, path:/home/lab_user/project/lzc/results/scadyg/checkpoints/20260911_181747_mooc_pid742904/best_official_mrr.pt
[Fri Sep 11 18:24:22 2026|scalable_tgn_link_prediction.py|INFO] checkpoint saved metric:filtered_mrr, epoch:14, score:0.146295, path:/home/lab_user/project/lzc/results/scadyg/checkpoints/20260911_181747_mooc_pid742904/best_filtered_mrr.pt
[Fri Sep 11 18:24:22 2026|scalable_tgn_link_prediction.py|INFO] test epoch:24, snapshot:85, loss:0.03652, official_mrr:0.90314, filtered_mrr:0.20240, acc:0.99150, ap:0.99564, f1:0.99150, macro_auc:0.99700, micro_auc:0.99700
[Fri Sep 11 18:24:22 2026|scalable_tgn_link_prediction.py|INFO] filtered test snapshot:85, positives:4118, sources:360, mean_negatives:83.669, min_negatives:54, max_negatives:96
[Fri Sep 11 18:24:22 2026|scalable_tgn_link_prediction.py|INFO] test epoch:24, snapshot:86, loss:0.05382, official_mrr:0.88278, filtered_mrr:0.18164, acc:0.98677, ap:0.99332, f1:0.98676, macro_auc:0.99521, micro_auc:0.99521
[Fri Sep 11 18:24:22 2026|scalable_tgn_link_prediction.py|INFO] filtered test snapshot:86, positives:4118, sources:359, mean_negatives:83.935, min_negatives:58, max_negatives:96
[Fri Sep 11 18:24:22 2026|scalable_tgn_link_prediction.py|INFO] test epoch:24, snapshot:87, loss:0.04010, official_mrr:0.91709, filtered_mrr:0.20134, acc:0.98968, ap:0.99492, f1:0.98968, macro_auc:0.99695, micro_auc:0.99695
[Fri Sep 11 18:24:22 2026|scalable_tgn_link_prediction.py|INFO] filtered test snapshot:87, positives:4118, sources:390, mean_negatives:84.794, min_negatives:53, max_negatives:96
[Fri Sep 11 18:24:23 2026|scalable_tgn_link_prediction.py|INFO] test epoch:24, snapshot:88, loss:0.04472, official_mrr:0.92002, filtered_mrr:0.19223, acc:0.99029, ap:0.99362, f1:0.99029, macro_auc:0.99628, micro_auc:0.99628
[Fri Sep 11 18:24:23 2026|scalable_tgn_link_prediction.py|INFO] filtered test snapshot:88, positives:4118, sources:348, mean_negatives:83.144, min_negatives:43, max_negatives:96
[Fri Sep 11 18:24:23 2026|scalable_tgn_link_prediction.py|INFO] test epoch:24, snapshot:89, loss:0.05200, official_mrr:0.89233, filtered_mrr:0.15684, acc:0.98871, ap:0.99233, f1:0.98871, macro_auc:0.99534, micro_auc:0.99534
[Fri Sep 11 18:24:23 2026|scalable_tgn_link_prediction.py|INFO] filtered test snapshot:89, positives:4118, sources:363, mean_negatives:81.235, min_negatives:40, max_negatives:96
[Fri Sep 11 18:24:23 2026|scalable_tgn_link_prediction.py|INFO] test epoch:24, snapshot:90, loss:0.03803, official_mrr:0.90889, filtered_mrr:0.18962, acc:0.99138, ap:0.99416, f1:0.99138, macro_auc:0.99639, micro_auc:0.99639
[Fri Sep 11 18:24:23 2026|scalable_tgn_link_prediction.py|INFO] filtered test snapshot:90, positives:4118, sources:343, mean_negatives:82.498, min_negatives:46, max_negatives:96
[Fri Sep 11 18:24:23 2026|scalable_tgn_link_prediction.py|INFO] test epoch:24, snapshot:91, loss:0.04509, official_mrr:0.89673, filtered_mrr:0.18797, acc:0.98847, ap:0.99403, f1:0.98846, macro_auc:0.99636, micro_auc:0.99636
[Fri Sep 11 18:24:23 2026|scalable_tgn_link_prediction.py|INFO] filtered test snapshot:91, positives:4118, sources:369, mean_negatives:81.628, min_negatives:40, max_negatives:96
[Fri Sep 11 18:24:23 2026|scalable_tgn_link_prediction.py|INFO] test epoch:24, snapshot:92, loss:0.04196, official_mrr:0.88972, filtered_mrr:0.19348, acc:0.99053, ap:0.99487, f1:0.99053, macro_auc:0.99679, micro_auc:0.99679
[Fri Sep 11 18:24:23 2026|scalable_tgn_link_prediction.py|INFO] filtered test snapshot:92, positives:4118, sources:368, mean_negatives:83.389, min_negatives:47, max_negatives:96
[Fri Sep 11 18:24:23 2026|scalable_tgn_link_prediction.py|INFO] test epoch:24, snapshot:93, loss:0.03781, official_mrr:0.90722, filtered_mrr:0.20049, acc:0.99017, ap:0.99654, f1:0.99016, macro_auc:0.99758, micro_auc:0.99758
[Fri Sep 11 18:24:23 2026|scalable_tgn_link_prediction.py|INFO] filtered test snapshot:93, positives:4118, sources:358, mean_negatives:84.213, min_negatives:60, max_negatives:96
[Fri Sep 11 18:24:23 2026|scalable_tgn_link_prediction.py|INFO] test epoch:24, snapshot:94, loss:0.32912, official_mrr:0.91790, filtered_mrr:0.23381, acc:0.94378, ap:0.95322, f1:0.94370, macro_auc:0.92916, micro_auc:0.92916
[Fri Sep 11 18:24:23 2026|scalable_tgn_link_prediction.py|INFO] filtered test snapshot:94, positives:4118, sources:372, mean_negatives:84.211, min_negatives:48, max_negatives:96
[Fri Sep 11 18:24:24 2026|scalable_tgn_link_prediction.py|INFO] test epoch:24, snapshot:95, loss:0.25001, official_mrr:0.85239, filtered_mrr:0.14622, acc:0.90068, ap:0.98517, f1:0.90003, macro_auc:0.98850, micro_auc:0.98850
[Fri Sep 11 18:24:24 2026|scalable_tgn_link_prediction.py|INFO] filtered test snapshot:95, positives:4118, sources:342, mean_negatives:81.473, min_negatives:40, max_negatives:96
[Fri Sep 11 18:24:24 2026|scalable_tgn_link_prediction.py|INFO] test epoch:24, snapshot:96, loss:0.05059, official_mrr:0.85964, filtered_mrr:0.20505, acc:0.98907, ap:0.99357, f1:0.98907, macro_auc:0.99572, micro_auc:0.99572
[Fri Sep 11 18:24:24 2026|scalable_tgn_link_prediction.py|INFO] filtered test snapshot:96, positives:4118, sources:337, mean_negatives:83.412, min_negatives:57, max_negatives:96
[Fri Sep 11 18:24:24 2026|scalable_tgn_link_prediction.py|INFO] test epoch:24, snapshot:97, loss:0.07405, official_mrr:0.89837, filtered_mrr:0.23144, acc:0.98871, ap:0.99199, f1:0.98871, macro_auc:0.99516, micro_auc:0.99516
[Fri Sep 11 18:24:24 2026|scalable_tgn_link_prediction.py|INFO] filtered test snapshot:97, positives:4118, sources:328, mean_negatives:84.034, min_negatives:60, max_negatives:96
[Fri Sep 11 18:24:24 2026|scalable_tgn_link_prediction.py|INFO] test epoch:24, snapshot:98, loss:0.04318, official_mrr:0.93328, filtered_mrr:0.30115, acc:0.98980, ap:0.99599, f1:0.98980, macro_auc:0.99709, micro_auc:0.99709
[Fri Sep 11 18:24:24 2026|scalable_tgn_link_prediction.py|INFO] filtered test snapshot:98, positives:4118, sources:321, mean_negatives:84.703, min_negatives:39, max_negatives:96
[Fri Sep 11 18:24:24 2026|scalable_tgn_link_prediction.py|INFO] test epoch:24, snapshot:99, loss:0.06295, official_mrr:0.91170, filtered_mrr:0.33299, acc:0.98648, ap:0.99402, f1:0.98647, macro_auc:0.99610, micro_auc:0.99610
[Fri Sep 11 18:24:24 2026|scalable_tgn_link_prediction.py|INFO] filtered test snapshot:99, positives:4067, sources:285, mean_negatives:82.947, min_negatives:50, max_negatives:96
[Fri Sep 11 18:24:24 2026|scalable_tgn_link_prediction.py|INFO] {'avg_mrr': 0.8994035915229106}
[Fri Sep 11 18:24:24 2026|scalable_tgn_link_prediction.py|INFO] {'avg_official_mrr': 0.8994035915229106}
[Fri Sep 11 18:24:24 2026|scalable_tgn_link_prediction.py|INFO] {'avg_filtered_mrr': 0.21034423529596694}
[Fri Sep 11 18:24:24 2026|scalable_tgn_link_prediction.py|INFO] {'filtered_positive_count': 61719}
[Fri Sep 11 18:24:24 2026|scalable_tgn_link_prediction.py|INFO] {'avg_acc': 0.9803950161214536}
[Fri Sep 11 18:24:24 2026|scalable_tgn_link_prediction.py|INFO] {'avg_auc': 0.9913053418862862}
[Fri Sep 11 18:24:24 2026|scalable_tgn_link_prediction.py|INFO] {'avg_rcall10': 0.9996353039083807}
[Fri Sep 11 18:24:24 2026|scalable_tgn_link_prediction.py|INFO] {'avg_ap': 0.9908907951505415}
[Fri Sep 11 18:24:24 2026|scalable_tgn_main_link_prediction.py|INFO] All accuracy: 0.9803950161214536
[Fri Sep 11 18:24:24 2026|scalable_tgn_main_link_prediction.py|INFO] All AUC: 0.9913053418862862
[Fri Sep 11 18:24:24 2026|scalable_tgn_main_link_prediction.py|INFO] All MRR: 0.8994035915229106
[Fri Sep 11 18:24:24 2026|scalable_tgn_main_link_prediction.py|INFO] All time: 391.34551453590393
Total number of transformer parameters is: 55364
Total number of predit_layer parameters is: 641
56005
train steps: 70, val steps 15, test steps 15 
0
1
2
3
4
5
6
7
8
9
10
11
12
13
14
15
16
17
18
19
20
21
22
23
24
25
26
27
28
29
30
31
32
33
34
35
36
37
38
39
40
41
42
43
44
45
46
47
48
49
50
51
52
53
54
55
56
57
58
59
60
61
62
63
64
65
66
67
68
69
0
1
2
3
4
5
6
7
8
9
10
11
12
13
14
0
1
2
3
4
5
6
7
8
9
10
11
12
13
14
elapsed time:7.772755146026611s
13.037229299545288
2.206833600997925
15
13.185296773910522
2.2022507190704346
15
13.112260341644287
2.1615593433380127
15
12.806581735610962
2.1338136196136475
15
12.874794244766235
2.2020187377929688
15
13.07320499420166
2.1609954833984375
15
12.984528303146362
2.163540840148926
15
13.160497426986694
2.1542394161224365
15
12.945501565933228
2.15478515625
15
12.881433248519897
2.1486003398895264
15
12.994051218032837
2.1528255939483643
15
13.188608169555664
2.1966991424560547
15
12.849263429641724
2.1850271224975586
15
13.142416954040527
2.183087110519409
15
13.076111555099487
2.1658802032470703
15
13.05419659614563
2.1577179431915283
15
12.843684434890747
2.180443286895752
15
13.043683767318726
2.191843032836914
15
13.287641286849976
2.206570625305176
15
13.128188371658325
2.1762542724609375
15
13.070290565490723
2.1454222202301025
15
12.783626079559326
2.1751997470855713
15
12.701263427734375
2.166269063949585
15
12.766554832458496
2.144832134246826
15
12.717010259628296
2.1579806804656982
15
0
1
2
3
4
5
6
7
8
9
10
11
12
13
14
388.9657635688782
[repro] finished_at=2026-09-11T18:24:25+08:00
